timestep,t,sor_iters,residual
1,0.050000,2,9.469687e-04
2,0.008336,1,9.601837e-04
3,0.014168,2,9.974012e-04
4,0.019168,1,9.880046e-04
5,0.024168,2,9.023192e-04
6,0.029168,1,9.395725e-04
7,0.034168,2,8.743178e-04
8,0.039168,2,8.757443e-04
9,0.044168,1,9.438621e-04
10,0.049168,2,9.077956e-04
11,0.054168,1,9.932888e-04
12,0.059168,2,8.816462e-04
13,0.064168,2,8.730619e-04
14,0.069168,2,8.809532e-04
15,0.074168,1,9.889029e-04
16,0.079168,2,9.294849e-04
17,0.084168,1,9.801609e-04
18,0.089168,2,9.674430e-04
19,0.094168,2,9.076646e-04
20,0.099168,2,9.174911e-04
21,0.104168,2,9.950681e-04
22,0.109168,1,9.659737e-04
23,0.114168,2,8.857472e-04
24,0.119168,2,8.946981e-04
25,0.124168,1,9.817375e-04
26,0.129168,2,8.895633e-04
27,0.134168,2,9.164230e-04
28,0.139168,1,9.815331e-04
29,0.144168,2,9.110278e-04
30,0.149168,2,9.717742e-04
31,0.154168,2,8.935025e-04
32,0.159168,1,9.657481e-04
33,0.164168,2,9.892430e-04
34,0.169168,1,9.990532e-04
35,0.174168,2,9.124282e-04
36,0.179168,2,9.886833e-04
37,0.184168,2,9.642652e-04
38,0.189168,2,9.392026e-04
39,0.194168,2,9.116571e-04
40,0.199168,2,8.883722e-04
41,0.204168,2,8.838719e-04
42,0.209168,2,9.038229e-04
43,0.214168,2,8.924294e-04
44,0.219168,2,9.438966e-04
45,0.224168,2,9.358256e-04
46,0.229168,1,9.954575e-04
47,0.234168,1,9.966377e-04
48,0.239168,2,9.924530e-04
49,0.244168,2,8.733346e-04
50,0.249168,2,9.040473e-04
51,0.254168,2,8.370267e-04
52,0.259168,2,8.421363e-04
53,0.264168,1,9.671428e-04
54,0.269168,2,9.161200e-04
55,0.274168,2,9.045199e-04
56,0.279168,2,9.530948e-04
57,0.284168,2,9.910977e-04
58,0.289168,2,9.750528e-04
59,0.294168,2,9.900264e-04
60,0.299168,1,9.971444e-04
61,0.304168,2,8.557557e-04
62,0.309168,1,9.607765e-04
63,0.314168,1,9.621941e-04
64,0.319168,2,8.853667e-04
65,0.324168,2,8.945601e-04
66,0.329168,2,8.883928e-04
67,0.334168,2,8.861751e-04
68,0.339168,2,8.595220e-04
69,0.344168,2,8.654848e-04
70,0.349168,2,9.213370e-04
71,0.354168,2,8.612692e-04
72,0.359168,1,9.268705e-04
73,0.364168,1,9.794897e-04
74,0.369168,1,9.400284e-04
75,0.374168,1,9.572596e-04
76,0.379168,2,9.368648e-04
77,0.384168,1,9.455247e-04
78,0.389168,2,9.268568e-04
79,0.394168,1,9.657449e-04
80,0.399168,1,9.121016e-04
81,0.404168,2,8.884898e-04
82,0.409168,2,9.108381e-04
83,0.414168,2,9.199853e-04
84,0.419168,2,8.904554e-04
85,0.424168,2,9.350089e-04
86,0.429168,1,9.329474e-04
87,0.434168,1,9.661849e-04
88,0.439168,1,9.829365e-04
89,0.444168,1,9.494587e-04
90,0.449168,1,9.537531e-04
91,0.454168,1,9.788847e-04
92,0.459168,1,9.501124e-04
93,0.464168,2,9.590277e-04
94,0.469168,1,9.979653e-04
95,0.474168,2,9.020487e-04
96,0.479168,2,8.763933e-04
97,0.484168,2,8.908888e-04
98,0.489168,2,8.941384e-04
99,0.494168,2,8.884562e-04
100,0.499168,2,9.885710e-04
101,0.504168,2,9.021537e-04
102,0.509168,2,8.739678e-04
103,0.514168,2,9.737953e-04
104,0.519168,2,9.834612e-04
105,0.524168,2,8.912635e-04
106,0.529168,2,9.358235e-04
107,0.534168,2,9.390112e-04
108,0.539168,2,9.369326e-04
109,0.544168,1,9.607032e-04
110,0.549168,2,9.244913e-04
111,0.554168,2,9.997105e-04
112,0.559168,1,9.755727e-04
113,0.564168,1,9.588455e-04
114,0.569168,1,9.319581e-04
115,0.574168,1,9.213109e-04
116,0.579168,2,9.596658e-04
117,0.584168,1,9.932643e-04
118,0.589168,2,9.270296e-04
119,0.594168,2,9.887480e-04
120,0.599168,1,9.660406e-04
121,0.604168,1,9.014934e-04
122,0.609168,1,9.059795e-04
123,0.614168,1,9.821940e-04
124,0.619168,2,9.157445e-04
125,0.624168,2,9.897128e-04
126,0.629168,2,8.606222e-04
127,0.634168,2,9.140065e-04
128,0.639168,2,9.205118e-04
129,0.644168,1,9.814072e-04
130,0.649168,2,9.875680e-04
131,0.654168,1,9.853574e-04
132,0.659168,2,9.363690e-04
133,0.664168,2,9.073716e-04
134,0.669168,1,9.545180e-04
135,0.674168,1,9.664443e-04
136,0.679168,2,8.605842e-04
137,0.684168,2,9.222323e-04
138,0.689168,2,8.589876e-04
139,0.694168,1,9.842576e-04
140,0.699168,1,9.820207e-04
141,0.704168,1,9.912219e-04
142,0.709168,1,9.876409e-04
143,0.714168,2,9.122814e-04
144,0.719168,1,9.967904e-04
145,0.724168,2,9.332359e-04
146,0.729168,1,9.598319e-04
147,0.734168,2,8.591887e-04
148,0.739168,2,9.516694e-04
149,0.744168,2,9.506595e-04
150,0.749168,2,9.445931e-04
151,0.754168,2,9.940093e-04
152,0.759168,1,9.952568e-04
153,0.764168,2,9.535330e-04
154,0.769168,2,9.505925e-04
155,0.774168,2,8.641534e-04
156,0.779168,2,9.819019e-04
157,0.784168,2,8.852571e-04
158,0.789168,2,8.910878e-04
159,0.794168,2,8.833473e-04
160,0.799168,2,9.468648e-04
161,0.804168,2,8.666652e-04
162,0.809168,2,9.437612e-04
163,0.814168,2,8.948009e-04
164,0.819168,2,9.448164e-04
165,0.824168,2,9.392789e-04
166,0.829168,2,9.768054e-04
167,0.834168,2,9.829240e-04
168,0.839168,2,9.814006e-04
169,0.844168,2,9.802927e-04
170,0.849168,2,9.669944e-04
171,0.854168,2,9.424427e-04
172,0.859168,1,9.570725e-04
173,0.864168,2,9.035468e-04
174,0.869168,2,9.929306e-04
175,0.874168,2,9.455363e-04
176,0.879168,2,8.899936e-04
177,0.884168,2,9.501172e-04
178,0.889168,2,9.593174e-04
179,0.894168,2,8.667047e-04
180,0.899168,2,9.593890e-04
181,0.904168,2,8.819023e-04
182,0.909168,2,9.645806e-04
183,0.914168,2,9.622871e-04
184,0.919168,2,9.543874e-04
185,0.924168,2,9.436055e-04
186,0.929168,2,9.919200e-04
187,0.934168,2,9.906514e-04
188,0.939168,2,8.517371e-04
189,0.944168,2,8.638844e-04
190,0.949168,2,9.998184e-04
191,0.954168,2,8.667176e-04
192,0.959168,2,8.719161e-04
193,0.964168,2,8.679587e-04
194,0.969168,2,8.606700e-04
195,0.974168,2,9.143283e-04
196,0.979168,2,9.980614e-04
197,0.984168,2,8.818435e-04
198,0.989168,2,9.001777e-04
199,0.994168,2,8.912660e-04
200,0.999168,1,9.383239e-04
201,1.004168,2,8.966008e-04
202,1.009168,2,9.294435e-04
203,1.014168,1,9.473989e-04
204,1.019168,1,9.396162e-04
205,1.024168,2,9.321613e-04
206,1.029168,2,9.329105e-04
207,1.034168,2,9.261051e-04
208,1.039168,1,9.617895e-04
209,1.044168,1,9.328715e-04
210,1.049168,1,9.569142e-04
211,1.054168,1,9.793522e-04
212,1.059168,2,9.237923e-04
213,1.064168,1,9.987575e-04
214,1.069168,2,9.537078e-04
215,1.074168,2,9.559611e-04
216,1.079168,2,8.625777e-04
217,1.084168,2,8.640726e-04
218,1.089168,2,9.061027e-04
219,1.094168,2,9.015459e-04
220,1.099168,2,9.145416e-04
221,1.104168,2,9.122011e-04
222,1.109168,2,9.067359e-04
223,1.114168,2,9.006873e-04
224,1.119168,2,9.979004e-04
225,1.124168,2,8.662759e-04
226,1.129168,2,8.676330e-04
227,1.134168,2,9.966332e-04
228,1.139168,1,9.890760e-04
229,1.144168,1,9.614395e-04
230,1.149168,2,9.036085e-04
231,1.154168,2,8.921501e-04
232,1.159168,2,9.260808e-04
233,1.164168,2,8.930464e-04
234,1.169168,2,8.802607e-04
235,1.174168,2,8.721856e-04
236,1.179168,2,8.667635e-04
237,1.184168,2,9.206854e-04
238,1.189168,2,9.230310e-04
239,1.194168,2,8.877355e-04
240,1.199168,2,8.661509e-04
241,1.204168,2,8.610240e-04
242,1.209168,2,9.287881e-04
243,1.214168,2,8.933502e-04
244,1.219168,1,9.833488e-04
245,1.224168,2,8.768656e-04
246,1.229168,1,9.855663e-04
247,1.234168,2,9.032337e-04
248,1.239168,2,9.768701e-04
249,1.244168,2,8.771893e-04
250,1.249168,2,9.090642e-04
251,1.254168,2,9.115235e-04
252,1.259168,2,9.053647e-04
253,1.264168,2,8.864078e-04
254,1.269168,2,8.791844e-04
255,1.274168,2,8.724271e-04
256,1.279168,2,8.654935e-04
257,1.284168,2,8.585357e-04
258,1.289168,2,8.519554e-04
259,1.294168,2,9.634997e-04
260,1.299168,2,8.667266e-04
261,1.304168,2,9.578307e-04
262,1.309168,2,8.555636e-04
263,1.314168,2,9.066090e-04
264,1.319168,2,8.556331e-04
265,1.324168,2,8.970982e-04
266,1.329168,2,9.603106e-04
267,1.334168,2,9.129565e-04
268,1.339168,2,9.232256e-04
269,1.344168,2,9.285366e-04
270,1.349168,2,9.151212e-04
271,1.354168,2,8.981701e-04
272,1.359168,2,8.893401e-04
273,1.364168,2,9.031626e-04
274,1.369168,2,9.986419e-04
275,1.374168,2,9.036401e-04
276,1.379168,2,9.891935e-04
277,1.384168,2,9.085306e-04
278,1.389168,2,9.786185e-04
279,1.394168,2,9.956227e-04
280,1.399168,2,9.974785e-04
281,1.404168,2,9.910873e-04
282,1.409168,2,9.798995e-04
283,1.414168,2,9.990923e-04
284,1.419168,2,9.644577e-04
285,1.424168,2,9.937068e-04
286,1.429168,2,9.509839e-04
287,1.434168,2,9.779208e-04
288,1.439168,2,9.727528e-04
289,1.444168,2,9.642117e-04
290,1.449168,2,9.457768e-04
291,1.454168,2,9.494294e-04
292,1.459168,2,9.463221e-04
293,1.464168,2,9.224901e-04
294,1.469168,2,9.091495e-04
295,1.474168,1,9.971113e-04
296,1.479168,2,9.609341e-04
297,1.484168,2,9.482854e-04
298,1.489168,2,9.087916e-04
299,1.494168,2,9.725226e-04
300,1.499168,1,9.992054e-04
301,1.504168,2,9.934716e-04
302,1.509168,2,9.537617e-04
303,1.514168,2,9.894552e-04
304,1.519168,2,9.764996e-04
305,1.524168,2,9.694625e-04
306,1.529168,2,9.895325e-04
307,1.534168,2,9.943326e-04
308,1.539168,2,9.889722e-04
309,1.544168,2,9.805918e-04
310,1.549168,2,9.728318e-04
311,1.554168,2,9.663988e-04
312,1.559168,1,9.856561e-04
313,1.564168,2,9.768028e-04
314,1.569168,2,9.928363e-04
315,1.574168,2,9.668513e-04
316,1.579168,1,9.891866e-04
317,1.584168,2,9.636592e-04
318,1.589168,2,9.675912e-04
319,1.594168,1,9.872700e-04
320,1.599168,1,9.813450e-04
321,1.604168,2,9.901161e-04
322,1.609168,1,9.788899e-04
323,1.614168,1,9.939547e-04
324,1.619168,2,9.974425e-04
325,1.624168,1,9.812884e-04
326,1.629168,1,9.967912e-04
327,1.634168,2,9.960168e-04
328,1.639168,2,9.808393e-04
329,1.644168,2,9.294446e-04
330,1.649168,1,9.759696e-04
331,1.654168,1,9.967887e-04
332,1.659168,1,9.894242e-04
333,1.664168,1,9.926575e-04
334,1.669168,1,9.923196e-04
335,1.674168,1,9.871275e-04
336,1.679168,2,9.328749e-04
337,1.684168,2,9.880692e-04
338,1.689168,2,9.234444e-04
339,1.694168,2,8.617068e-04
340,1.699168,2,9.374893e-04
341,1.704168,2,9.853495e-04
342,1.709168,2,9.395034e-04
343,1.714168,2,9.980399e-04
344,1.719168,1,9.918941e-04
345,1.724168,1,9.991334e-04
346,1.729168,1,9.910700e-04
347,1.734168,1,9.892592e-04
348,1.739168,1,9.923762e-04
349,1.744168,1,9.867505e-04
350,1.749168,1,9.852215e-04
351,1.754168,1,9.975644e-04
352,1.759168,1,9.910516e-04
353,1.764168,1,9.734177e-04
354,1.769168,2,9.835308e-04
355,1.774168,2,8.781751e-04
356,1.779168,1,9.857335e-04
357,1.784168,1,9.934880e-04
358,1.789168,2,9.862799e-04
359,1.794168,1,9.690115e-04
360,1.799168,2,9.869003e-04
361,1.804168,2,8.631951e-04
362,1.809168,2,9.972124e-04
363,1.814168,1,9.812143e-04
364,1.819168,2,9.851665e-04
365,1.824168,2,9.939980e-04
366,1.829168,1,9.741912e-04
367,1.834168,2,9.882456e-04
368,1.839168,1,9.865000e-04
369,1.844168,2,8.498906e-04
370,1.849168,1,9.999992e-04
371,1.854168,2,9.301678e-04
372,1.859168,2,9.377846e-04
373,1.864168,1,9.634967e-04
374,1.869168,1,9.813251e-04
375,1.874168,1,9.956894e-04
376,1.879168,2,9.912949e-04
377,1.884168,1,9.979120e-04
378,1.889168,2,9.665796e-04
379,1.894168,1,9.848435e-04
380,1.899168,1,9.956709e-04
381,1.904168,2,9.892818e-04
382,1.909168,2,9.326768e-04
383,1.914168,2,9.262824e-04
384,1.919168,2,8.509758e-04
385,1.924168,2,9.527159e-04
386,1.929168,1,9.671572e-04
387,1.934168,2,9.452320e-04
388,1.939168,1,9.783436e-04
389,1.944168,1,9.875466e-04
390,1.949168,2,9.330755e-04
391,1.954168,1,9.966718e-04
392,1.959168,2,9.984278e-04
393,1.964168,1,9.767447e-04
394,1.969168,2,9.897964e-04
395,1.974168,2,9.846058e-04
396,1.979168,1,9.718788e-04
397,1.984168,2,9.939226e-04
398,1.989168,1,9.955909e-04
399,1.994168,2,9.911181e-04
400,1.999168,1,9.991021e-04
401,2.004168,2,9.784895e-04
402,2.009168,1,9.926260e-04
403,2.014168,2,9.616165e-04
404,2.019168,1,9.918258e-04
405,2.024168,2,9.595567e-04
406,2.029168,1,9.718415e-04
407,2.034168,2,9.906418e-04
408,2.039168,2,9.378336e-04
409,2.044168,2,8.813877e-04
410,2.049168,2,9.259601e-04
411,2.054168,2,9.391532e-04
412,2.059168,2,9.378886e-04
413,2.064168,2,9.301836e-04
414,2.069168,2,8.499039e-04
415,2.074168,2,9.725403e-04
416,2.079168,1,9.925227e-04
417,2.084168,2,9.559315e-04
418,2.089168,2,9.396434e-04
419,2.094168,1,9.944841e-04
420,2.099168,2,8.724614e-04
421,2.104168,2,9.900240e-04
422,2.109168,1,9.948313e-04
423,2.114168,2,8.827467e-04
424,2.119168,2,9.739170e-04
425,2.124168,1,9.739483e-04
426,2.129168,2,8.659451e-04
427,2.134168,2,9.570874e-04
428,2.139168,2,9.313641e-04
429,2.144168,2,9.781420e-04
430,2.149168,2,9.944865e-04
431,2.154168,2,9.920269e-04
432,2.159168,2,8.923866e-04
433,2.164168,2,9.926312e-04
434,2.169168,1,9.768033e-04
435,2.174168,2,9.841366e-04
436,2.179168,1,9.681936e-04
437,2.184168,2,9.949680e-04
438,2.189168,1,9.669313e-04
439,2.194168,2,9.651571e-04
440,2.199168,2,9.940123e-04
441,2.204168,2,9.540268e-04
442,2.209168,2,8.838033e-04
443,2.214168,2,8.667555e-04
444,2.219168,2,8.663282e-04
445,2.224168,2,8.713447e-04
446,2.229168,2,8.743209e-04
447,2.234168,2,8.735892e-04
448,2.239168,2,8.701801e-04
449,2.244168,2,8.657729e-04
450,2.249168,2,8.616176e-04
451,2.254168,2,8.581901e-04
452,2.259168,2,9.998271e-04
453,2.264168,2,9.962921e-04
454,2.269168,2,8.848361e-04
455,2.274168,2,9.998132e-04
456,2.279168,2,9.449189e-04
457,2.284168,2,9.968666e-04
458,2.289168,2,9.337683e-04
459,2.294168,2,9.730558e-04
460,2.299168,2,9.552414e-04
461,2.304168,2,8.742858e-04
462,2.309168,2,9.635830e-04
463,2.314168,2,9.554647e-04
464,2.319168,2,8.730174e-04
465,2.324168,2,9.570431e-04
466,2.329168,2,8.810889e-04
467,2.334168,2,9.660451e-04
468,2.339168,2,8.840729e-04
469,2.344168,2,9.627198e-04
470,2.349168,2,8.778609e-04
471,2.354168,2,9.546356e-04
472,2.359168,2,8.701844e-04
473,2.364168,2,9.466664e-04
474,2.369168,2,8.629486e-04
475,2.374168,2,9.390107e-04
476,2.379168,2,8.558264e-04
477,2.384168,1,9.871590e-04
478,2.389168,1,9.880646e-04
479,2.394168,2,9.868443e-04
480,2.399168,1,9.953408e-04
481,2.404168,1,9.782471e-04
482,2.409168,2,9.418424e-04
483,2.414168,1,9.897996e-04
484,2.419168,1,9.636143e-04
485,2.424168,1,9.675392e-04
486,2.429168,2,9.612926e-04
487,2.434168,2,8.678609e-04
488,2.439168,1,9.893416e-04
489,2.444168,1,9.693747e-04
490,2.449168,2,9.470717e-04
491,2.454168,2,9.954145e-04
492,2.459168,2,9.798518e-04
493,2.464168,2,8.661690e-04
494,2.469168,1,9.912935e-04
495,2.474168,1,9.799615e-04
496,2.479168,2,9.858097e-04
497,2.484168,2,8.744570e-04
498,2.489168,1,9.793774e-04
499,2.494168,2,9.316782e-04
500,2.499168,2,9.757733e-04
501,2.504168,1,9.794868e-04
502,2.509168,2,9.967708e-04
503,2.514168,2,9.927691e-04
504,2.519168,2,9.961415e-04
505,2.524168,1,9.943128e-04
506,2.529168,2,9.447561e-04
507,2.534168,2,9.368373e-04
508,2.539168,2,9.469847e-04
509,2.544168,2,9.392922e-04
510,2.549168,1,9.966280e-04
511,2.554168,2,9.143593e-04
512,2.559168,2,9.320521e-04
513,2.564168,2,9.331452e-04
514,2.569168,1,9.912092e-04
515,2.574168,2,9.595057e-04
516,2.579168,2,9.375742e-04
517,2.584168,1,9.871559e-04
518,2.589168,2,9.448431e-04
519,2.594168,1,9.776074e-04
520,2.599168,2,9.525197e-04
521,2.604168,2,9.319443e-04
522,2.609168,1,9.917161e-04
523,2.614168,2,9.479953e-04
524,2.619168,1,9.867436e-04
525,2.624168,2,9.566210e-04
526,2.629168,1,9.805615e-04
527,2.634168,2,9.383932e-04
528,2.639168,1,9.789876e-04
529,2.644168,2,9.466298e-04
530,2.649168,1,9.831164e-04
531,2.654168,2,9.439059e-04
532,2.659168,1,9.767605e-04
533,2.664168,2,9.352041e-04
534,2.669168,1,9.682949e-04
535,2.674168,2,9.275427e-04
536,2.679168,1,9.614604e-04
537,2.684168,2,9.211998e-04
538,2.689168,1,9.552164e-04
539,2.694168,2,9.148108e-04
540,2.699168,1,9.994607e-04
541,2.704168,1,9.561057e-04
542,2.709168,1,9.948193e-04
543,2.714168,1,9.512349e-04
544,2.719168,1,9.821831e-04
545,2.724168,1,9.891595e-04
546,2.729168,1,9.888020e-04
547,2.734168,1,9.744911e-04
548,2.739168,2,9.925550e-04
549,2.744168,1,9.905906e-04
550,2.749168,1,9.543535e-04
551,2.754168,2,9.835698e-04
552,2.759168,2,9.347027e-04
553,2.764168,1,9.782866e-04
554,2.769168,2,9.277812e-04
555,2.774168,1,9.866176e-04
556,2.779168,2,9.407357e-04
557,2.784168,1,9.945850e-04
558,2.789168,2,9.410741e-04
559,2.794168,1,9.889581e-04
560,2.799168,2,9.322715e-04
561,2.804168,1,9.789656e-04
562,2.809168,2,9.230001e-04
563,2.814168,1,9.701967e-04
564,2.819168,2,9.154976e-04
565,2.824168,2,9.996644e-04
566,2.829168,1,9.808956e-04
567,2.834168,1,9.829575e-04
568,2.839168,1,9.721717e-04
569,2.844168,2,9.235148e-04
570,2.849168,1,9.659508e-04
571,2.854168,2,9.532796e-04
572,2.859168,2,9.965813e-04
573,2.864168,1,9.701832e-04
574,2.869168,1,9.296374e-04
575,2.874168,1,9.826601e-04
576,2.879168,2,9.921198e-04
577,2.884168,1,9.748170e-04
578,2.889168,1,9.349023e-04
579,2.894168,1,9.813713e-04
580,2.899168,2,9.840106e-04
581,2.904168,1,9.647196e-04
582,2.909168,1,9.921210e-04
583,2.914168,1,9.627715e-04
584,2.919168,2,9.461826e-04
585,2.924168,2,9.311659e-04
586,2.929168,2,9.854080e-04
587,2.934168,1,9.849886e-04
588,2.939168,2,9.308176e-04
589,2.944168,2,9.502303e-04
590,2.949168,2,9.214369e-04
591,2.954168,2,9.220600e-04
592,2.959168,2,9.181251e-04
593,2.964168,2,9.637987e-04
594,2.969168,2,9.213286e-04
595,2.974168,2,9.621512e-04
596,2.979168,2,9.161191e-04
597,2.984168,2,9.542967e-04
598,2.989168,2,9.607724e-04
599,2.994168,2,9.650246e-04
600,2.999168,2,9.136075e-04
601,3.004168,2,9.462307e-04
602,3.009168,2,9.485543e-04
603,3.014168,2,9.504797e-04
604,3.019168,2,9.508844e-04
605,3.024168,2,9.493291e-04
606,3.029168,2,9.463019e-04
607,3.034168,2,9.425191e-04
608,3.039168,2,9.385807e-04
609,3.044168,2,9.348462e-04
610,3.049168,2,9.314430e-04
611,3.054168,2,9.283364e-04
612,3.059168,2,9.254124e-04
613,3.064168,2,9.225479e-04
614,3.069168,2,9.196555e-04
615,3.074168,2,9.167131e-04
616,3.079168,2,9.137457e-04
617,3.084168,2,9.107707e-04
618,3.089168,2,9.078194e-04
619,3.094168,1,9.820219e-04
620,3.099168,2,9.087940e-04
621,3.104168,1,9.808340e-04
622,3.109168,1,9.822680e-04
623,3.114168,1,9.821230e-04
624,3.119168,1,9.803224e-04
625,3.124168,1,9.772610e-04
626,3.129168,1,9.964675e-04
627,3.134168,2,9.162210e-04
628,3.139168,1,9.776515e-04
629,3.144168,1,9.898063e-04
630,3.149168,1,9.836046e-04
631,3.154168,1,9.948865e-04
632,3.159168,2,9.063880e-04
633,3.164168,1,9.838352e-04
634,3.169168,1,9.951749e-04
635,3.174168,1,9.825470e-04
636,3.179168,1,9.853643e-04
637,3.184168,1,9.912472e-04
638,3.189168,1,9.971238e-04
639,3.194168,1,9.998289e-04
640,3.199168,1,9.991005e-04
641,3.204168,1,9.959127e-04
642,3.209168,1,9.914987e-04
643,3.214168,1,9.868245e-04
644,3.219168,1,9.824357e-04
645,3.224168,1,9.785155e-04
646,3.229168,1,9.750191e-04
647,3.234168,1,9.718059e-04
648,3.239168,1,9.687353e-04
649,3.244168,1,9.657224e-04
650,3.249168,1,9.627504e-04
651,3.254168,1,9.598335e-04
652,3.259168,1,9.570004e-04
653,3.264168,1,9.542678e-04
654,3.269168,1,9.516248e-04
655,3.274168,1,9.490346e-04
656,3.279168,1,9.464459e-04
657,3.284168,1,9.532767e-04
658,3.289168,1,9.962384e-04
659,3.294168,2,9.229815e-04
660,3.299168,1,9.701050e-04
661,3.304168,1,9.487817e-04
662,3.309168,1,9.535221e-04
663,3.314168,1,9.831826e-04
664,3.319168,1,9.711863e-04
665,3.324168,1,9.489631e-04
666,3.329168,1,9.294654e-04
667,3.334168,1,9.384627e-04
668,3.339168,1,9.676397e-04
669,3.344168,1,9.559061e-04
670,3.349168,1,9.357129e-04
671,3.354168,1,9.379974e-04
672,3.359168,1,9.614270e-04
673,3.364168,1,9.542805e-04
674,3.369168,1,9.729713e-04
675,3.374168,1,9.822040e-04
676,3.379168,1,9.523380e-04
677,3.384168,1,9.880778e-04
678,3.389168,1,9.912876e-04
679,3.394168,1,9.495003e-04
680,3.399168,1,9.759590e-04
681,3.404168,1,9.752599e-04
682,3.409168,1,9.354949e-04
683,3.414168,1,9.152611e-04
684,3.419168,1,9.240412e-04
685,3.424168,1,9.250355e-04
686,3.429168,1,9.391358e-04
687,3.434168,1,9.855260e-04
688,3.439168,1,9.838735e-04
689,3.444168,1,9.350119e-04
690,3.449168,1,9.052042e-04
691,3.454168,1,9.864963e-04
692,3.459168,1,9.830452e-04
693,3.464168,1,9.359300e-04
694,3.469168,1,9.034176e-04
695,3.474168,1,9.808826e-04
696,3.479168,1,9.744431e-04
697,3.484168,1,9.926880e-04
698,3.489168,1,9.699882e-04
699,3.494168,1,9.730124e-04
700,3.499168,1,9.466250e-04
701,3.504168,1,9.527146e-04
702,3.509168,1,9.330354e-04
703,3.514168,1,8.974970e-04
704,3.519168,1,9.657689e-04
705,3.524168,1,9.508376e-04
706,3.529168,1,9.629101e-04
707,3.534168,1,9.510011e-04
708,3.539168,1,9.218599e-04
709,3.544168,1,9.735395e-04
710,3.549168,1,9.479317e-04
711,3.554168,1,9.500216e-04
712,3.559168,1,9.998734e-04
713,3.564168,1,9.604114e-04
714,3.569168,1,9.485189e-04
715,3.574168,1,9.885364e-04
716,3.579168,1,9.457526e-04
717,3.584168,1,9.334492e-04
718,3.589168,1,9.735383e-04
719,3.594168,1,9.338566e-04
720,3.599168,2,9.855518e-04
721,3.604168,1,9.746954e-04
722,3.609168,1,9.655119e-04
723,3.614168,1,9.949149e-04
724,3.619168,1,9.402210e-04
725,3.624168,2,9.793712e-04
726,3.629168,1,9.559565e-04
727,3.634168,1,9.446039e-04
728,3.639168,1,9.739406e-04
729,3.644168,1,9.991350e-04
730,3.649168,1,9.401999e-04
731,3.654168,2,9.745642e-04
732,3.659168,1,9.424240e-04
733,3.664168,1,9.278560e-04
734,3.669168,1,9.542496e-04
735,3.674168,1,9.778347e-04
736,3.679168,1,9.957674e-04
737,3.684168,1,9.288821e-04
738,3.689168,2,9.630230e-04
739,3.694168,1,9.193480e-04
740,3.699168,2,9.727953e-04
741,3.704168,1,9.431288e-04
742,3.709168,1,9.223313e-04
743,3.714168,1,9.405329e-04
744,3.719168,1,9.570201e-04
745,3.724168,1,9.702737e-04
746,3.729168,1,9.773255e-04
747,3.734168,1,9.784391e-04
748,3.739168,1,9.753898e-04
749,3.744168,1,9.701794e-04
750,3.749168,1,9.643903e-04
751,3.754168,1,9.589817e-04
752,3.759168,1,9.543475e-04
753,3.764168,1,9.504885e-04
754,3.769168,1,9.472024e-04
755,3.774168,1,9.442419e-04
756,3.779168,1,9.414165e-04
757,3.784168,1,9.386376e-04
758,3.789168,1,9.359150e-04
759,3.794168,1,9.333222e-04
760,3.799168,1,9.309420e-04
761,3.804168,1,9.288217e-04
762,3.809168,1,9.269506e-04
763,3.814168,1,9.252587e-04
764,3.819168,1,9.236366e-04
765,3.824168,1,9.219644e-04
766,3.829168,1,9.201392e-04
767,3.834168,1,9.181000e-04
768,3.839168,1,9.158346e-04
769,3.844168,1,9.133744e-04
770,3.849168,1,9.107820e-04
771,3.854168,1,9.081342e-04
772,3.859168,1,9.055052e-04
773,3.864168,1,9.029541e-04
774,3.869168,1,9.005179e-04
775,3.874168,1,8.982098e-04
776,3.879168,1,8.960227e-04
777,3.884168,1,8.939346e-04
778,3.889168,2,9.998052e-04
779,3.894168,1,9.449212e-04
780,3.899168,2,9.910647e-04
781,3.904168,1,9.938250e-04
782,3.909168,1,9.631589e-04
783,3.914168,1,9.243759e-04
784,3.919168,2,9.979899e-04
785,3.924168,1,9.231676e-04
786,3.929168,2,9.351202e-04
787,3.934168,1,9.104235e-04
788,3.939168,1,9.000952e-04
789,3.944168,2,9.942233e-04
790,3.949168,1,9.218288e-04
791,3.954168,2,9.343585e-04
792,3.959168,1,9.060395e-04
793,3.964168,2,9.995548e-04
794,3.969168,1,9.417978e-04
795,3.974168,2,9.509410e-04
796,3.979168,1,9.221947e-04
797,3.984168,1,8.983318e-04
798,3.989168,2,9.847403e-04
799,3.994168,1,9.798160e-04
800,3.999168,1,9.399449e-04
801,4.004168,2,9.996791e-04
802,4.009168,1,9.846524e-04
803,4.014168,1,9.329737e-04
804,4.019168,2,9.892059e-04
805,4.024168,1,9.637924e-04
806,4.029168,1,9.135419e-04
807,4.034168,2,9.776994e-04
808,4.039168,1,9.488016e-04
809,4.044168,1,9.022422e-04
810,4.049168,2,9.719706e-04
811,4.054168,1,9.416036e-04
812,4.059168,1,8.964422e-04
813,4.064168,2,9.684453e-04
814,4.069168,1,9.358709e-04
815,4.074168,2,9.987170e-04
816,4.079168,1,9.775397e-04
817,4.084168,1,9.143264e-04
818,4.089168,2,9.699974e-04
819,4.094168,1,9.257306e-04
820,4.099168,2,9.877495e-04
821,4.104168,1,9.574632e-04
822,4.109168,1,8.971954e-04
823,4.114168,2,9.600136e-04
824,4.119168,1,9.111797e-04
825,4.124168,2,9.785865e-04
826,4.129168,1,9.433542e-04
827,4.134168,2,9.931542e-04
828,4.139168,1,9.539870e-04
829,4.144168,2,9.934143e-04
830,4.149168,1,9.472100e-04
831,4.154168,2,9.868430e-04
832,4.159168,1,9.363332e-04
833,4.164168,2,9.805367e-04
834,4.169168,1,9.283086e-04
835,4.174168,2,9.765280e-04
836,4.179168,1,9.234015e-04
837,4.184168,2,9.737958e-04
838,4.189168,1,9.192977e-04
839,4.194168,2,9.709050e-04
840,4.199168,1,9.143469e-04
841,4.204168,2,9.673957e-04
842,4.209168,1,9.086859e-04
843,4.214168,2,9.638301e-04
844,4.219168,1,9.034939e-04
845,4.224168,2,9.609421e-04
846,4.229168,1,8.995575e-04
847,4.234168,2,9.588711e-04
848,4.239168,1,8.965867e-04
849,4.244168,2,9.571322e-04
850,4.249168,1,8.936462e-04
851,4.254168,2,9.551134e-04
852,4.259168,1,8.899867e-04
853,4.264168,2,9.525382e-04
854,4.269168,2,9.997714e-04
855,4.274168,1,9.525230e-04
856,4.279168,2,9.808287e-04
857,4.284168,1,9.087889e-04
858,4.289168,2,9.523303e-04
859,4.294168,2,9.889700e-04
860,4.299168,1,9.283805e-04
861,4.304168,2,9.648915e-04
862,4.309168,2,9.999744e-04
863,4.314168,1,9.368558e-04
864,4.319168,2,9.649832e-04
865,4.324168,2,9.951009e-04
866,4.329168,1,9.253995e-04
867,4.334168,2,9.569049e-04
868,4.339168,2,9.861582e-04
869,4.344168,1,9.128487e-04
870,4.349168,2,9.501268e-04
871,4.354168,2,9.800297e-04
872,4.359168,1,9.051104e-04
873,4.364168,2,9.462108e-04
874,4.369168,2,9.763398e-04
875,4.374168,1,8.999461e-04
876,4.379168,2,9.432610e-04
877,4.384168,2,9.729861e-04
878,4.389168,1,8.945644e-04
879,4.394168,2,9.399858e-04
880,4.399168,2,9.692171e-04
881,4.404168,1,8.886341e-04
882,4.409168,2,9.365110e-04
883,4.414168,2,9.653649e-04
884,4.419168,2,9.987231e-04
885,4.424168,1,9.262184e-04
886,4.429168,2,9.494874e-04
887,4.434168,2,9.693743e-04
888,4.439168,2,9.944001e-04
889,4.444168,1,9.129807e-04
890,4.449168,2,9.401377e-04
891,4.454168,2,9.587180e-04
892,4.459168,2,9.830618e-04
893,4.464168,1,8.974955e-04
894,4.469168,2,9.320238e-04
895,4.474168,2,9.514836e-04
896,4.479168,2,9.762794e-04
897,4.484168,1,8.882767e-04
898,4.489168,2,9.268846e-04
899,4.494168,2,9.461969e-04
900,4.499168,2,9.705184e-04
901,4.504168,2,9.969225e-04
902,4.509168,1,9.090715e-04
903,4.514168,2,9.315701e-04
904,4.519168,2,9.442341e-04
905,4.524168,2,9.630504e-04
906,4.529168,2,9.860036e-04
907,4.534168,1,8.930724e-04
908,4.539168,2,9.236355e-04
909,4.544168,2,9.369255e-04
910,4.549168,2,9.558578e-04
911,4.554168,2,9.784894e-04
912,4.559168,2,9.983851e-04
913,4.564168,1,9.002175e-04
914,4.569168,2,9.211512e-04
915,4.574168,2,9.288387e-04
916,4.579168,2,9.432973e-04
917,4.584168,2,9.632907e-04
918,4.589168,2,9.824335e-04
919,4.594168,2,9.968743e-04
920,4.599168,1,8.909634e-04
921,4.604168,2,9.961164e-04
922,4.609168,2,9.632442e-04
923,4.614168,2,9.809514e-04
924,4.619168,2,9.912545e-04
925,4.624168,2,9.968803e-04
926,4.629168,2,9.977616e-04
927,4.634168,2,9.952405e-04
928,4.639168,2,9.908253e-04
929,4.644168,2,9.857712e-04
930,4.649168,2,9.809073e-04
931,4.654168,2,9.766659e-04
932,4.659168,2,9.731913e-04
933,4.664168,2,9.704491e-04
934,4.669168,2,9.683115e-04
935,4.674168,2,9.666172e-04
936,4.679168,2,9.652108e-04
937,4.684168,2,9.639655e-04
938,4.689168,2,9.627941e-04
939,4.694168,2,9.616511e-04
940,4.699168,2,9.605274e-04
941,4.704168,2,9.594383e-04
942,4.709168,2,9.584087e-04
943,4.714168,2,9.574590e-04
944,4.719168,2,9.565938e-04
945,4.724168,2,9.557974e-04
946,4.729168,2,9.550349e-04
947,4.734168,2,9.542582e-04
948,4.739168,2,9.534148e-04
949,4.744168,2,9.524579e-04
950,4.749168,2,9.513547e-04
951,4.754168,2,9.500933e-04
952,4.759168,2,9.486845e-04
953,4.764168,2,9.471587e-04
954,4.769168,2,9.455607e-04
955,4.774168,2,9.439423e-04
956,4.779168,2,9.423544e-04
957,4.784168,2,9.408399e-04
958,4.789168,2,9.394289e-04
959,4.794168,2,9.381363e-04
960,4.799168,2,9.369620e-04
961,4.804168,2,9.358931e-04
962,4.809168,2,9.349076e-04
963,4.814168,2,9.339781e-04
964,4.819168,2,9.330766e-04
965,4.824168,2,9.321770e-04
966,4.829168,2,9.312573e-04
967,4.834168,2,9.303031e-04
968,4.839168,2,9.293059e-04
969,4.844168,2,9.282634e-04
970,4.849168,2,9.271781e-04
971,4.854168,2,9.260567e-04
972,4.859168,2,9.249082e-04
973,4.864168,2,9.237436e-04
974,4.869168,2,9.225739e-04
975,4.874168,2,9.214098e-04
976,4.879168,2,9.202605e-04
977,4.884168,2,9.191334e-04
978,4.889168,2,9.180338e-04
979,4.894168,2,9.986301e-04
980,4.899168,2,9.631216e-04
981,4.904168,2,9.622786e-04
982,4.909168,2,9.496660e-04
983,4.914168,2,9.353289e-04
984,4.919168,2,9.223514e-04
985,4.924168,2,9.849093e-04
986,4.929168,2,9.486478e-04
987,4.934168,2,9.457097e-04
988,4.939168,2,9.336253e-04
989,4.944168,2,9.212790e-04
990,4.949168,2,9.830348e-04
991,4.954168,2,9.454292e-04
992,4.959168,2,9.408373e-04
993,4.964168,2,9.273766e-04
994,4.969168,2,9.909232e-04
995,4.974168,2,9.465942e-04
996,4.979168,2,9.387791e-04
997,4.984168,2,9.229251e-04
998,4.989168,2,9.788385e-04
999,4.994168,2,9.387154e-04
1000,4.999168,2,9.314480e-04
1001,5.004168,2,9.964714e-04
1002,5.009168,2,9.478014e-04
1003,5.014168,2,9.373211e-04
1004,5.019168,2,9.192921e-04
1005,5.024168,2,9.670598e-04
1006,5.029168,2,9.305887e-04
1007,5.034168,2,9.231120e-04
1008,5.039168,2,9.799754e-04
1009,5.044168,2,9.379198e-04
1010,5.049168,2,9.278409e-04
1011,5.054168,2,9.831958e-04
1012,5.059168,2,9.367952e-04
1013,5.064168,2,9.249050e-04
1014,5.069168,2,9.744388e-04
1015,5.074168,2,9.311525e-04
1016,5.079168,2,9.195348e-04
1017,5.084168,2,9.651071e-04
1018,5.089168,2,9.262663e-04
1019,5.094168,2,9.926814e-04
1020,5.099168,2,9.423261e-04
1021,5.104168,2,9.267782e-04
1022,5.109168,2,9.707802e-04
1023,5.114168,2,9.256033e-04
1024,5.119168,2,9.844857e-04
1025,5.124168,2,9.356213e-04
1026,5.129168,2,9.195722e-04
1027,5.134168,2,9.562996e-04
1028,5.139168,2,9.173774e-04
1029,5.144168,2,9.698956e-04
1030,5.149168,2,9.274331e-04
1031,5.154168,2,9.864256e-04
1032,5.159168,2,9.339954e-04
1033,5.164168,2,9.923343e-04
1034,5.169168,2,9.345749e-04
1035,5.174168,2,9.885921e-04
1036,5.179168,2,9.312413e-04
1037,5.184168,2,9.808427e-04
1038,5.189168,2,9.268152e-04
1039,5.194168,2,9.732267e-04
1040,5.199168,2,9.229077e-04
1041,5.204168,2,9.672590e-04
1042,5.209168,2,9.199520e-04
1043,5.214168,2,9.627997e-04
1044,5.219168,2,9.177095e-04
1045,5.224168,2,9.590940e-04
1046,5.229168,2,9.157151e-04
1047,5.234168,2,9.553992e-04
1048,5.239168,2,9.970424e-04
1049,5.244168,2,9.385103e-04
1050,5.249168,2,9.909710e-04
1051,5.254168,2,9.278544e-04
1052,5.259168,2,9.644874e-04
1053,5.264168,2,9.943534e-04
1054,5.269168,2,9.329971e-04
1055,5.274168,2,9.755503e-04
1056,5.279168,2,9.188682e-04
1057,5.284168,2,9.479708e-04
1058,5.289168,2,9.778631e-04
1059,5.294168,2,9.244911e-04
1060,5.299168,2,9.623874e-04
1061,5.304168,2,9.929215e-04
1062,5.309168,2,9.306505e-04
1063,5.314168,2,9.677631e-04
1064,5.319168,2,9.923150e-04
1065,5.324168,2,9.279015e-04
1066,5.329168,2,9.593016e-04
1067,5.334168,2,9.812263e-04
1068,5.339168,2,9.215100e-04
1069,5.344168,2,9.483318e-04
1070,5.349168,2,9.707009e-04
1071,5.354168,2,9.163778e-04
1072,5.359168,2,9.408106e-04
1073,5.364168,2,9.641747e-04
1074,5.369168,2,9.977509e-04
1075,5.374168,2,9.310140e-04
1076,5.379168,2,9.607169e-04
1077,5.384168,2,9.770116e-04
1078,5.389168,2,9.165261e-04
1079,5.394168,2,9.344664e-04
1080,5.399168,2,9.518500e-04
1081,5.404168,2,9.804174e-04
1082,5.409168,2,9.207343e-04
1083,5.414168,2,9.418884e-04
1084,5.419168,2,9.576378e-04
1085,5.424168,2,9.829022e-04
1086,5.429168,2,9.199889e-04
1087,5.434168,2,9.373014e-04
1088,5.439168,2,9.499334e-04
1089,5.444168,2,9.727115e-04
1090,5.449168,2,9.981085e-04
1091,5.454168,2,9.263726e-04
1092,5.459168,2,9.420034e-04
1093,5.464168,2,9.482050e-04
1094,5.469168,2,9.649983e-04
1095,5.474168,2,9.855951e-04
1096,5.479168,2,9.187689e-04
1097,5.484168,2,9.281041e-04
1098,5.489168,2,9.341975e-04
1099,5.494168,2,9.511405e-04
1100,5.499168,2,9.720368e-04
1101,5.504168,2,9.932458e-04
1102,5.509168,2,9.208782e-04
1103,5.514168,2,9.273111e-04
1104,5.519168,2,9.283336e-04
1105,5.524168,2,9.406184e-04
1106,5.529168,2,9.578567e-04
1107,5.534168,2,9.766809e-04
1108,5.539168,2,9.935397e-04
1109,5.544168,2,9.184137e-04
1110,5.549168,2,9.184789e-04
1111,5.554168,2,9.154175e-04
1112,5.559168,2,9.244302e-04
1113,5.564168,2,9.394871e-04
1114,5.569168,2,9.572776e-04
1115,5.574168,2,9.740897e-04
1116,5.579168,2,9.873010e-04
1117,5.584168,2,9.957273e-04
1118,5.589168,2,9.993995e-04
1119,5.594168,2,9.991020e-04
1120,5.599168,2,9.959413e-04
1121,5.604168,2,9.910357e-04
1122,5.609168,2,9.853322e-04
1123,5.614168,2,9.795288e-04
1124,5.619168,2,9.740711e-04
1125,5.624168,2,9.691915e-04
1126,5.629168,2,9.649677e-04
1127,5.634168,2,9.613785e-04
1128,5.639168,2,9.583494e-04
1129,5.644168,2,9.557814e-04
1130,5.649168,2,9.535650e-04
1131,5.654168,2,9.515866e-04
1132,5.659168,2,9.497349e-04
1133,5.664168,2,9.479109e-04
1134,5.669168,2,9.460413e-04
1135,5.674168,2,9.440889e-04
1136,5.679168,2,9.420573e-04
1137,5.684168,2,9.399864e-04
1138,5.689168,2,9.379405e-04
1139,5.694168,2,9.359926e-04
1140,5.699168,2,9.342079e-04
1141,5.704168,2,9.326306e-04
1142,5.709168,2,9.312750e-04
1143,5.714168,2,9.301228e-04
1144,5.719168,2,9.291253e-04
1145,5.724168,2,9.282105e-04
1146,5.729168,2,9.272934e-04
1147,5.734168,2,9.262878e-04
1148,5.739168,2,9.251179e-04
1149,5.744168,2,9.237278e-04
1150,5.749168,2,9.220882e-04
1151,5.754168,2,9.201984e-04
1152,5.759168,2,9.180917e-04
1153,5.764168,2,9.158153e-04
1154,5.769168,2,9.134306e-04
1155,5.774168,2,9.110048e-04
1156,5.779168,2,9.086034e-04
1157,5.784168,2,9.062839e-04
1158,5.789168,2,9.040902e-04
1159,5.794168,2,9.020502e-04
1160,5.799168,2,9.001756e-04
1161,5.804168,2,8.984625e-04
1162,5.809168,2,8.968947e-04
1163,5.814168,2,8.954445e-04
1164,5.819168,2,8.940821e-04
1165,5.824168,2,8.927765e-04
1166,5.829168,2,8.914975e-04
1167,5.834168,2,8.902184e-04
1168,5.839168,2,8.889167e-04
1169,5.844168,2,8.875758e-04
1170,5.849168,2,8.861847e-04
1171,5.854168,2,8.847379e-04
1172,5.859168,2,8.832344e-04
1173,5.864168,2,8.816775e-04
1174,5.869168,2,8.800731e-04
1175,5.874168,2,8.784294e-04
1176,5.879168,2,8.767559e-04
1177,5.884168,2,8.750630e-04
1178,5.889168,2,8.733609e-04
1179,5.894168,2,8.716600e-04
1180,5.899168,2,8.699696e-04
1181,5.904168,2,8.682985e-04
1182,5.909168,2,8.666538e-04
1183,5.914168,2,8.650414e-04
1184,5.919168,2,8.634654e-04
1185,5.924168,2,8.619278e-04
1186,5.929168,2,8.604291e-04
1187,5.934168,2,8.589677e-04
1188,5.939168,2,8.575402e-04
1189,5.944168,2,8.561420e-04
1190,5.949168,2,8.547671e-04
1191,5.954168,2,8.534090e-04
1192,5.959168,2,8.520608e-04
1193,5.964168,2,8.507160e-04
1194,5.969168,2,8.493687e-04
1195,5.974168,2,8.480138e-04
1196,5.979168,2,8.466478e-04
1197,5.984168,2,8.452685e-04
1198,5.989168,2,8.438752e-04
1199,5.994168,2,8.424688e-04
1200,5.999168,2,8.410513e-04
1201,6.004168,2,8.396260e-04
1202,6.009168,2,8.381966e-04
1203,6.014168,2,8.367674e-04
1204,6.019168,2,8.353427e-04
1205,6.024168,2,8.339267e-04
1206,6.029168,2,8.325230e-04
1207,6.034168,2,8.311345e-04
1208,6.039168,1,9.691185e-04
1209,6.044168,2,8.412367e-04
1210,6.049168,2,8.407672e-04
1211,6.054168,2,8.382264e-04
1212,6.059168,2,8.342522e-04
1213,6.064168,1,9.689577e-04
1214,6.069168,2,8.380238e-04
1215,6.074168,2,8.350421e-04
1216,6.079168,2,8.307573e-04
1217,6.084168,1,9.633307e-04
1218,6.089168,2,8.334605e-04
1219,6.094168,1,9.693072e-04
1220,6.099168,2,8.379016e-04
1221,6.104168,2,8.333579e-04
1222,6.109168,1,9.651102e-04
1223,6.114168,2,8.325180e-04
1224,6.119168,1,9.646048e-04
1225,6.124168,2,8.324243e-04
1226,6.129168,1,9.641228e-04
1227,6.134168,2,8.315051e-04
1228,6.139168,1,9.618511e-04
1229,6.144168,1,9.680226e-04
1230,6.149168,2,8.345984e-04
1231,6.154168,1,9.650439e-04
1232,6.159168,2,8.299670e-04
1233,6.164168,1,9.565056e-04
1234,6.169168,1,9.598889e-04
1235,6.174168,1,9.655826e-04
1236,6.179168,2,8.318005e-04
1237,6.184168,1,9.590162e-04
1238,6.189168,1,9.609557e-04
1239,6.194168,1,9.643743e-04
1240,6.199168,2,8.292311e-04
1241,6.204168,1,9.532010e-04
1242,6.209168,1,9.534822e-04
1243,6.214168,1,9.558356e-04
1244,6.219168,1,9.589931e-04
1245,6.224168,1,9.619561e-04
1246,6.229168,1,9.640206e-04
1247,6.234168,1,9.648495e-04
1248,6.239168,1,9.644321e-04
1249,6.244168,1,9.629777e-04
1250,6.249168,1,9.607987e-04
1251,6.254168,1,9.582163e-04
1252,6.259168,1,9.554999e-04
1253,6.264168,1,9.528406e-04
1254,6.269168,1,9.503485e-04
1255,6.274168,1,9.480672e-04
1256,6.279168,1,9.459943e-04
1257,6.284168,1,9.441011e-04
1258,6.289168,1,9.423489e-04
1259,6.294168,1,9.406989e-04
1260,6.299168,1,9.391171e-04
1261,6.304168,1,9.375756e-04
1262,6.309168,1,9.360530e-04
1263,6.314168,1,9.345344e-04
1264,6.319168,1,9.330104e-04
1265,6.324168,1,9.314764e-04
1266,6.329168,1,9.299328e-04
1267,6.334168,1,9.283845e-04
1268,6.339168,1,9.268397e-04
1269,6.344168,1,9.253082e-04
1270,6.349168,1,9.238001e-04
1271,6.354168,1,9.223230e-04
1272,6.359168,1,9.208824e-04
1273,6.364168,1,9.194783e-04
1274,6.369168,1,9.181050e-04
1275,6.374168,1,9.167530e-04
1276,6.379168,1,9.154102e-04
1277,6.384168,1,9.140624e-04
1278,6.389168,1,9.126950e-04
1279,6.394168,1,9.112979e-04
1280,6.399168,1,9.098641e-04
1281,6.404168,1,9.083908e-04
1282,6.409168,1,9.068795e-04
1283,6.414168,1,9.053359e-04
1284,6.419168,1,9.037690e-04
1285,6.424168,1,9.021900e-04
1286,6.429168,1,9.006112e-04
1287,6.434168,1,8.990444e-04
1288,6.439168,1,8.974999e-04
1289,6.444168,1,8.959855e-04
1290,6.449168,1,8.945061e-04
1291,6.454168,1,8.930635e-04
1292,6.459168,1,8.916564e-04
1293,6.464168,1,8.902814e-04
1294,6.469168,1,8.889332e-04
1295,6.474168,1,8.876054e-04
1296,6.479168,1,8.862915e-04
1297,6.484168,1,8.849852e-04
1298,6.489168,1,8.836810e-04
1299,6.494168,1,8.823745e-04
1300,6.499168,1,8.810626e-04
1301,6.504168,1,8.797431e-04
1302,6.509168,1,8.784154e-04
1303,6.514168,1,8.770794e-04
1304,6.519168,1,8.757360e-04
1305,6.524168,1,8.743866e-04
1306,6.529168,1,8.730328e-04
1307,6.534168,1,8.716767e-04
1308,6.539168,1,8.703201e-04
1309,6.544168,1,8.689652e-04
1310,6.549168,1,8.676137e-04
1311,6.554168,1,8.662675e-04
1312,6.559168,1,8.649283e-04
1313,6.564168,1,8.635972e-04
1314,6.569168,1,8.622756e-04
1315,6.574168,1,8.609641e-04
1316,6.579168,1,8.596634e-04
1317,6.584168,1,8.583738e-04
1318,6.589168,1,8.570950e-04
1319,6.594168,1,8.558266e-04
1320,6.599168,1,8.545680e-04
1321,6.604168,1,8.533182e-04
1322,6.609168,1,8.520758e-04
1323,6.614168,1,8.508398e-04
1324,6.619168,1,8.496089e-04
1325,6.624168,1,9.991258e-04
1326,6.629168,1,8.638780e-04
1327,6.634168,1,8.633471e-04
1328,6.639168,1,8.602368e-04
1329,6.644168,1,8.556163e-04
1330,6.649168,1,8.503775e-04
1331,6.654168,1,9.953243e-04
1332,6.659168,1,8.572228e-04
1333,6.664168,1,8.543939e-04
1334,6.669168,1,8.500137e-04
1335,6.674168,1,9.950414e-04
1336,6.679168,1,8.561876e-04
1337,6.684168,1,8.521914e-04
1338,6.689168,1,9.967087e-04
1339,6.694168,1,8.567188e-04
1340,6.699168,1,8.513698e-04
1341,6.704168,1,9.941678e-04
1342,6.709168,1,8.532412e-04
1343,6.714168,1,9.972262e-04
1344,6.719168,1,8.559831e-04
1345,6.724168,1,9.994558e-04
1346,6.729168,1,8.568235e-04
1347,6.734168,1,9.989080e-04
1348,6.739168,1,8.551372e-04
1349,6.744168,1,9.958755e-04
1350,6.749168,1,8.518174e-04
1351,6.754168,1,9.917495e-04
1352,6.759168,1,8.480842e-04
1353,6.764168,1,9.876914e-04
1354,6.769168,1,9.965397e-04
1355,6.774168,1,8.522362e-04
1356,6.779168,1,9.921496e-04
1357,6.784168,1,8.477561e-04
1358,6.789168,1,9.858368e-04
1359,6.794168,1,9.928130e-04
1360,6.799168,1,9.995525e-04
1361,6.804168,1,8.534715e-04
1362,6.809168,1,9.910026e-04
1363,6.814168,1,9.961974e-04
1364,6.819168,1,8.482173e-04
1365,6.824168,1,9.834213e-04
1366,6.829168,1,9.876994e-04
1367,6.834168,1,9.918131e-04
1368,6.839168,1,9.963592e-04
1369,6.844168,1,8.485421e-04
1370,6.849168,1,9.829599e-04
1371,6.854168,1,9.858531e-04
1372,6.859168,1,9.882370e-04
1373,6.864168,1,9.910560e-04
1374,6.869168,1,9.939283e-04
1375,6.874168,1,9.962986e-04
1376,6.879168,1,9.977824e-04
1377,6.884168,1,9.982371e-04
1378,6.889168,1,9.977173e-04
1379,6.894168,1,9.964016e-04
1380,6.899168,1,9.945233e-04
1381,6.904168,1,9.923163e-04
1382,6.909168,1,9.899813e-04
1383,6.914168,1,9.876675e-04
1384,6.919168,1,9.854691e-04
1385,6.924168,1,9.834322e-04
1386,6.929168,1,9.815670e-04
1387,6.934168,1,9.798608e-04
1388,6.939168,1,9.782889e-04
1389,6.944168,1,9.768234e-04
1390,6.949168,1,9.754371e-04
1391,6.954168,1,9.741063e-04
1392,6.959168,1,9.728108e-04
1393,6.964168,1,9.715345e-04
1394,6.969168,1,9.702652e-04
1395,6.974168,1,9.689944e-04
1396,6.979168,1,9.677183e-04
1397,6.984168,1,9.664373e-04
1398,6.989168,1,9.651556e-04
1399,6.994168,1,9.638806e-04
1400,6.999168,1,9.626208e-04
1401,7.004168,1,9.613848e-04
1402,7.009168,1,9.601797e-04
1403,7.014168,1,9.590091e-04
1404,7.019168,1,9.578734e-04
1405,7.024168,1,9.567685e-04
1406,7.029168,1,9.556866e-04
1407,7.034168,1,9.546169e-04
1408,7.039168,1,9.535469e-04
1409,7.044168,1,9.524632e-04
1410,7.049168,1,9.513538e-04
1411,7.054168,1,9.502087e-04
1412,7.059168,1,9.490214e-04
1413,7.064168,1,9.477893e-04
1414,7.069168,1,9.465141e-04
1415,7.074168,1,9.452011e-04
1416,7.079168,1,9.438593e-04
1417,7.084168,1,9.424996e-04
1418,7.089168,1,9.411343e-04
1419,7.094168,1,9.397757e-04
1420,7.099168,1,9.384349e-04
1421,7.104168,1,9.371213e-04
1422,7.109168,1,9.358415e-04
1423,7.114168,1,9.345994e-04
1424,7.119168,1,9.333957e-04
1425,7.124168,1,9.322288e-04
1426,7.129168,1,9.310947e-04
1427,7.134168,1,9.299881e-04
1428,7.139168,1,9.289025e-04
1429,7.144168,1,9.278312e-04
1430,7.149168,1,9.267677e-04
1431,7.154168,1,9.257064e-04
1432,7.159168,1,9.246422e-04
1433,7.164168,1,9.235716e-04
1434,7.169168,1,9.224918e-04
1435,7.174168,1,9.214014e-04
1436,7.179168,1,9.202997e-04
1437,7.184168,1,9.191863e-04
1438,7.189168,1,9.180625e-04
1439,7.194168,1,9.169301e-04
1440,7.199168,1,9.157913e-04
1441,7.204168,1,9.146482e-04
1442,7.209168,1,9.135029e-04
1443,7.214168,1,9.123576e-04
1444,7.219168,1,9.112141e-04
1445,7.224168,1,9.100743e-04
1446,7.229168,1,9.089399e-04
1447,7.234168,1,9.078125e-04
1448,7.239168,1,9.066932e-04
1449,7.244168,1,9.055833e-04
1450,7.249168,1,9.044834e-04
1451,7.254168,1,9.033941e-04
1452,7.259168,1,9.023156e-04
1453,7.264168,1,9.012478e-04
1454,7.269168,1,9.001902e-04
1455,7.274168,1,8.991421e-04
1456,7.279168,1,8.981024e-04
1457,7.284168,1,8.970701e-04
1458,7.289168,1,8.960437e-04
1459,7.294168,1,8.950219e-04
1460,7.299168,1,8.940033e-04
1461,7.304168,1,8.929867e-04
1462,7.309168,1,8.919710e-04
1463,7.314168,1,8.909551e-04
1464,7.319168,1,8.899384e-04
1465,7.324168,1,8.889205e-04
1466,7.329168,1,8.879013e-04
1467,7.334168,1,8.868809e-04
1468,7.339168,1,8.858597e-04
1469,7.344168,1,8.848383e-04
1470,7.349168,1,8.838176e-04
1471,7.354168,1,8.827984e-04
1472,7.359168,1,8.817816e-04
1473,7.364168,1,8.807681e-04
1474,7.369168,1,8.797588e-04
1475,7.374168,1,8.787544e-04
1476,7.379168,1,8.777556e-04
1477,7.384168,1,8.767628e-04
1478,7.389168,1,8.757764e-04
1479,7.394168,1,8.747964e-04
1480,7.399168,1,8.738229e-04
1481,7.404168,1,8.728556e-04
1482,7.409168,1,8.718943e-04
1483,7.414168,1,8.709385e-04
1484,7.419168,1,8.699878e-04
1485,7.424168,1,8.690415e-04
1486,7.429168,1,8.680991e-04
1487,7.434168,1,8.671601e-04
1488,7.439168,1,8.662241e-04
1489,7.444168,1,8.652906e-04
1490,7.449168,1,8.643593e-04
1491,7.454168,1,8.634299e-04
1492,7.459168,1,8.625022e-04
1493,7.464168,1,8.615763e-04
1494,7.469168,1,8.606521e-04
1495,7.474168,1,8.597298e-04
1496,7.479168,1,8.588095e-04
1497,7.484168,1,8.578913e-04
1498,7.489168,1,8.569757e-04
1499,7.494168,1,8.560629e-04
1500,7.499168,1,8.551531e-04
1501,7.504168,1,8.542467e-04
1502,7.509168,1,8.533439e-04
1503,7.514168,1,8.524450e-04
1504,7.519168,1,8.515502e-04
1505,7.524168,1,8.506596e-04
1506,7.529168,1,8.497732e-04
1507,7.534168,1,8.488912e-04
1508,7.539168,1,8.480135e-04
1509,7.544168,1,8.471401e-04
1510,7.549168,1,8.462708e-04
1511,7.554168,1,8.454055e-04
1512,7.559168,1,8.445440e-04
1513,7.564168,1,8.436862e-04
1514,7.569168,1,8.428318e-04
1515,7.574168,1,8.419806e-04
1516,7.579168,1,8.411325e-04
1517,7.584168,1,8.402874e-04
1518,7.589168,1,8.394450e-04
1519,7.594168,1,8.386053e-04
1520,7.599168,1,8.377683e-04
1521,7.604168,1,8.369339e-04
1522,7.609168,1,8.361020e-04
1523,7.614168,1,8.352728e-04
1524,7.619168,1,8.344463e-04
1525,7.624168,1,8.336226e-04
1526,7.629168,1,8.328017e-04
1527,7.634168,1,8.319837e-04
1528,7.639168,1,8.311688e-04
1529,7.644168,1,8.303571e-04
1530,7.649168,1,8.295486e-04
1531,7.654168,1,8.287434e-04
1532,7.659168,1,8.279417e-04
1533,7.664168,1,8.271433e-04
1534,7.669168,1,8.263485e-04
1535,7.674168,1,8.255570e-04
1536,7.679168,1,8.247691e-04
1537,7.684168,1,8.239846e-04
1538,7.689168,1,8.232034e-04
1539,7.694168,1,8.224256e-04
1540,7.699168,1,8.216510e-04
1541,7.704168,1,8.208797e-04
1542,7.709168,1,8.201114e-04
1543,7.714168,1,8.193462e-04
1544,7.719168,1,8.185840e-04
1545,7.724168,1,8.178247e-04
1546,7.729168,1,8.170683e-04
1547,7.734168,1,8.163146e-04
1548,7.739168,1,8.155634e-04
1549,7.744168,1,8.148150e-04
1550,7.749168,1,8.140694e-04
1551,7.754168,1,8.133268e-04
1552,7.759168,1,8.125872e-04
1553,7.764168,1,8.118507e-04
1554,7.769168,1,8.111172e-04
1555,7.774168,1,8.103866e-04
1556,7.779168,1,8.096590e-04
1557,7.784168,1,8.089342e-04
1558,7.789168,1,8.082119e-04
1559,7.794168,1,8.074923e-04
1560,7.799168,1,8.067756e-04
1561,7.804168,1,8.060619e-04
1562,7.809168,1,8.053512e-04
1563,7.814168,1,8.046437e-04
1564,7.819168,1,8.039394e-04
1565,7.824168,1,8.032381e-04
1566,7.829168,1,8.025398e-04
1567,7.834168,1,8.018445e-04
1568,7.839168,1,8.011521e-04
1569,7.844168,1,8.004626e-04
1570,7.849168,1,7.997758e-04
1571,7.854168,1,7.990919e-04
1572,7.859168,1,7.984107e-04
1573,7.864168,119,9.996419e-04
1574,7.869168,1,8.137336e-04
1575,7.874168,1,8.136080e-04
1576,7.879168,1,8.113212e-04
1577,7.884168,1,8.079332e-04
1578,7.889168,1,8.038365e-04
1579,7.894168,1,7.996498e-04
1580,7.899168,119,9.982142e-04
1581,7.904168,1,8.088510e-04
1582,7.909168,1,8.068940e-04
1583,7.914168,1,8.037222e-04
1584,7.919168,1,8.001110e-04
1585,7.924168,119,9.985315e-04
1586,7.929168,1,8.086716e-04
1587,7.934168,1,8.057765e-04
1588,7.939168,1,8.015517e-04
1589,7.944168,119,9.991036e-04
1590,7.949168,1,8.086167e-04
1591,7.954168,1,8.047979e-04
1592,7.959168,1,7.996842e-04
1593,7.964168,119,9.972484e-04
1594,7.969168,1,8.052195e-04
1595,7.974168,1,8.009881e-04
1596,7.979168,119,9.980288e-04
1597,7.984168,1,8.066997e-04
1598,7.989168,1,8.020666e-04
1599,7.994168,119,9.982812e-04
1600,7.999168,1,8.062079e-04
1601,8.004168,1,8.008302e-04
1602,8.009168,119,9.969989e-04
1603,8.014168,1,8.038474e-04
1604,8.019168,119,9.989084e-04
1605,8.024168,1,8.082749e-04
1606,8.029168,1,8.021720e-04
1607,8.034168,119,9.972694e-04
1608,8.039168,1,8.031377e-04
1609,8.044168,119,9.976917e-04
1610,8.049168,1,8.055249e-04
1611,8.054168,119,9.992939e-04
1612,8.059168,1,8.073764e-04
1613,8.064168,1,7.999200e-04
1614,8.069168,119,9.948225e-04
1615,8.074168,1,7.983817e-04
1616,8.079168,119,9.937839e-04
1617,8.084168,1,7.991412e-04
1618,8.089168,119,9.946287e-04
1619,8.094168,1,8.003947e-04
1620,8.099168,119,9.953395e-04
1621,8.104168,1,8.009461e-04
1622,8.109168,119,9.953482e-04
1623,8.114168,1,8.003611e-04
1624,8.119168,119,9.946132e-04
1625,8.124168,1,7.989064e-04
1626,8.129168,119,9.934427e-04
1627,8.134168,1,7.970841e-04
1628,8.139168,119,9.921729e-04
1629,8.144168,1,7.952814e-04
1630,8.149168,119,9.909969e-04
1631,8.154168,1,7.936625e-04
1632,8.159168,119,9.899628e-04
1633,8.164168,1,7.922315e-04
1634,8.169168,119,9.890429e-04
1635,8.174168,1,7.909323e-04
1636,8.179168,119,9.881929e-04
1637,8.184168,1,7.897080e-04
1638,8.189168,119,9.873774e-04
1639,8.194168,1,7.885159e-04
1640,8.199168,119,9.865706e-04
1641,8.204168,119,9.999434e-04
1642,8.209168,1,7.955543e-04
1643,8.214168,119,9.902903e-04
1644,8.219168,1,7.927077e-04
1645,8.224168,119,9.885617e-04
1646,8.229168,1,7.885355e-04
1647,8.234168,119,9.855053e-04
1648,8.239168,119,9.977658e-04
1649,8.244168,1,7.911063e-04
1650,8.249168,119,9.866704e-04
1651,8.254168,119,9.992947e-04
1652,8.259168,1,7.935558e-04
1653,8.264168,119,9.879407e-04
1654,8.269168,119,9.999397e-04
1655,8.274168,1,7.934609e-04
1656,8.279168,119,9.872951e-04
1657,8.284168,119,9.987508e-04
1658,8.289168,1,7.911871e-04
1659,8.294168,119,9.855372e-04
1660,8.299168,119,9.968256e-04
1661,8.304168,1,7.883521e-04
1662,8.309168,119,9.836630e-04
1663,8.314168,119,9.949731e-04
1664,8.319168,1,7.857513e-04
1665,8.324168,119,9.819991e-04
1666,8.329168,119,9.933425e-04
1667,8.334168,119,9.989543e-04
1668,8.339168,1,7.886985e-04
1669,8.344168,119,9.833636e-04
1670,8.349168,119,9.943294e-04
1671,8.354168,119,9.994567e-04
1672,8.359168,1,7.885222e-04
1673,8.364168,119,9.827016e-04
1674,8.369168,119,9.931128e-04
1675,8.374168,119,9.977547e-04
1676,8.379168,1,7.856354e-04
1677,8.384168,119,9.806277e-04
1678,8.389168,119,9.909538e-04
1679,8.394168,119,9.955557e-04
1680,8.399168,119,9.980092e-04
1681,8.404168,1,7.862581e-04
1682,8.409168,119,9.807414e-04
1683,8.414168,119,9.906972e-04
1684,8.419168,119,9.948645e-04
1685,8.424168,119,9.968590e-04
1686,8.429168,119,9.987268e-04
1687,8.434168,1,7.867456e-04
1688,8.439168,119,9.804042e-04
1689,8.444168,119,9.896236e-04
1690,8.449168,119,9.930945e-04
1691,8.454168,119,9.944809e-04
1692,8.459168,119,9.958513e-04
1693,8.464168,119,9.973395e-04
1694,8.469168,119,9.986958e-04
1695,8.474168,119,9.997475e-04
1696,8.479168,1,7.864740e-04
1697,8.484168,119,9.790612e-04
1698,8.489168,119,9.870869e-04
1699,8.494168,119,9.895013e-04
1700,8.499168,119,9.900245e-04
1701,8.504168,119,9.907620e-04
1702,8.509168,119,9.918571e-04
1703,8.514168,119,9.930431e-04
1704,8.519168,119,9.941089e-04
1705,8.524168,119,9.949326e-04
1706,8.529168,119,9.954550e-04
1707,8.534168,119,9.956644e-04
1708,8.539168,119,9.955863e-04
1709,8.544168,119,9.952715e-04
1710,8.549168,119,9.947825e-04
1711,8.554168,119,9.941817e-04
1712,8.559168,119,9.935236e-04
1713,8.564168,119,9.928500e-04
1714,8.569168,119,9.921894e-04
1715,8.574168,119,9.915583e-04
1716,8.579168,119,9.909637e-04
1717,8.584168,119,9.904060e-04
1718,8.589168,119,9.898822e-04
1719,8.594168,119,9.893880e-04
1720,8.599168,119,9.889194e-04
1721,8.604168,119,9.884724e-04
1722,8.609168,119,9.880441e-04
1723,8.614168,119,9.876322e-04
1724,8.619168,119,9.872348e-04
1725,8.624168,119,9.868500e-04
1726,8.629168,119,9.864753e-04
1727,8.634168,119,9.861079e-04
1728,8.639168,119,9.857448e-04
1729,8.644168,119,9.853831e-04
1730,8.649168,119,9.850205e-04
1731,8.654168,119,9.846556e-04
1732,8.659168,119,9.842882e-04
1733,8.664168,119,9.839192e-04
1734,8.669168,119,9.835505e-04
1735,8.674168,119,9.831846e-04
1736,8.679168,119,9.828245e-04
1737,8.684168,119,9.824732e-04
1738,8.689168,119,9.821330e-04
1739,8.694168,119,9.818058e-04
1740,8.699168,119,9.814922e-04
1741,8.704168,119,9.811921e-04
1742,8.709168,119,9.809039e-04
1743,8.714168,119,9.806252e-04
1744,8.719168,119,9.803528e-04
1745,8.724168,119,9.800829e-04
1746,8.729168,119,9.798114e-04
1747,8.734168,119,9.795345e-04
1748,8.739168,119,9.792487e-04
1749,8.744168,119,9.789513e-04
1750,8.749168,119,9.786405e-04
1751,8.754168,119,9.783156e-04
1752,8.759168,119,9.779770e-04
1753,8.764168,119,9.776261e-04
1754,8.769168,119,9.772651e-04
1755,8.774168,119,9.768969e-04
1756,8.779168,119,9.765249e-04
1757,8.784168,119,9.761526e-04
1758,8.789168,119,9.757833e-04
1759,8.794168,119,9.754201e-04
1760,8.799168,119,9.750653e-04
1761,8.804168,119,9.747210e-04
1762,8.809168,119,9.743881e-04
1763,8.814168,119,9.740673e-04
1764,8.819168,119,9.737582e-04
1765,8.824168,119,9.734602e-04
1766,8.829168,119,9.731720e-04
1767,8.834168,119,9.728921e-04
1768,8.839168,119,9.726188e-04
1769,8.844168,119,9.723505e-04
1770,8.849168,119,9.720854e-04
1771,8.854168,119,9.718220e-04
1772,8.859168,119,9.715590e-04
1773,8.864168,119,9.712953e-04
1774,8.869168,119,9.710302e-04
1775,8.874168,119,9.707631e-04
1776,8.879168,119,9.704938e-04
1777,8.884168,119,9.702220e-04
1778,8.889168,119,9.699479e-04
1779,8.894168,119,9.696717e-04
1780,8.899168,119,9.693936e-04
1781,8.904168,119,9.691139e-04
1782,8.909168,119,9.688332e-04
1783,8.914168,119,9.685517e-04
1784,8.919168,119,9.682698e-04
1785,8.924168,119,9.679880e-04
1786,8.929168,119,9.677067e-04
1787,8.934168,119,9.674263e-04
1788,8.939168,119,9.671470e-04
1789,8.944168,119,9.668692e-04
1790,8.949168,119,9.665933e-04
1791,8.954168,119,9.663196e-04
1792,8.959168,119,9.660484e-04
1793,8.964168,119,9.657798e-04
1794,8.969168,119,9.655141e-04
1795,8.974168,119,9.652514e-04
1796,8.979168,119,9.649919e-04
1797,8.984168,119,9.647356e-04
1798,8.989168,119,9.644825e-04
1799,8.994168,119,9.642324e-04
1800,8.999168,119,9.639852e-04
1801,9.004168,119,9.637407e-04
1802,9.009168,119,9.634986e-04
1803,9.014168,119,9.632586e-04
1804,9.019168,119,9.630205e-04
1805,9.024168,119,9.627839e-04
1806,9.029168,119,9.625484e-04
1807,9.034168,119,9.623138e-04
1808,9.039168,119,9.620799e-04
1809,9.044168,119,9.618463e-04
1810,9.049168,119,9.616128e-04
1811,9.054168,119,9.613794e-04
1812,9.059168,119,9.611460e-04
1813,9.064168,119,9.609125e-04
1814,9.069168,119,9.606789e-04
1815,9.074168,119,9.604454e-04
1816,9.079168,119,9.602120e-04
1817,9.084168,119,9.599790e-04
1818,9.089168,119,9.597465e-04
1819,9.094168,119,9.595147e-04
1820,9.099168,119,9.592839e-04
1821,9.104168,119,9.590542e-04
1822,9.109168,119,9.588259e-04
1823,9.114168,119,9.585992e-04
1824,9.119168,119,9.583741e-04
1825,9.124168,119,9.581508e-04
1826,9.129168,119,9.579294e-04
1827,9.134168,119,9.577099e-04
1828,9.139168,119,9.574924e-04
1829,9.144168,119,9.572767e-04
1830,9.149168,119,9.570630e-04
1831,9.154168,119,9.568510e-04
1832,9.159168,119,9.566407e-04
1833,9.164168,119,9.564320e-04
1834,9.169168,119,9.562248e-04
1835,9.174168,119,9.560189e-04
1836,9.179168,119,9.558142e-04
1837,9.184168,119,9.556106e-04
1838,9.189168,119,9.554080e-04
1839,9.194168,119,9.552063e-04
1840,9.199168,119,9.550054e-04
1841,9.204168,119,9.548053e-04
1842,9.209168,119,9.546058e-04
1843,9.214168,119,9.544069e-04
1844,9.219168,119,9.542087e-04
1845,9.224168,119,9.540111e-04
1846,9.229168,119,9.538141e-04
1847,9.234168,119,9.536178e-04
1848,9.239168,119,9.534222e-04
1849,9.244168,119,9.532274e-04
1850,9.249168,119,9.530334e-04
1851,9.254168,119,9.528402e-04
1852,9.259168,119,9.526479e-04
1853,9.264168,119,9.524567e-04
1854,9.269168,119,9.522664e-04
1855,9.274168,119,9.520773e-04
1856,9.279168,119,9.518893e-04
1857,9.284168,119,9.517025e-04
1858,9.289168,119,9.515169e-04
1859,9.294168,119,9.513326e-04
1860,9.299168,119,9.511494e-04
1861,9.304168,119,9.509675e-04
1862,9.309168,119,9.507868e-04
1863,9.314168,119,9.506073e-04
1864,9.319168,119,9.504290e-04
1865,9.324168,119,9.502518e-04
1866,9.329168,119,9.500758e-04
1867,9.334168,119,9.499007e-04
1868,9.339168,119,9.497267e-04
1869,9.344168,119,9.495536e-04
1870,9.349168,119,9.493814e-04
1871,9.354168,119,9.492102e-04
1872,9.359168,119,9.490397e-04
1873,9.364168,119,9.488700e-04
1874,9.369168,119,9.487012e-04
1875,9.374168,119,9.485330e-04
1876,9.379168,119,9.483656e-04
1877,9.384168,119,9.481990e-04
1878,9.389168,119,9.480331e-04
1879,9.394168,119,9.478679e-04
1880,9.399168,119,9.477034e-04
1881,9.404168,119,9.475398e-04
1882,9.409168,119,9.473769e-04
1883,9.414168,119,9.472147e-04
1884,9.419168,119,9.470535e-04
1885,9.424168,119,9.468930e-04
1886,9.429168,119,9.467334e-04
1887,9.434168,119,9.465747e-04
1888,9.439168,119,9.464168e-04
1889,9.444168,119,9.462599e-04
1890,9.449168,119,9.461039e-04
1891,9.454168,119,9.459488e-04
1892,9.459168,119,9.457946e-04
1893,9.464168,119,9.456413e-04
1894,9.469168,119,9.454889e-04
1895,9.474168,119,9.453374e-04
1896,9.479168,119,9.451869e-04
1897,9.484168,119,9.450372e-04
1898,9.489168,119,9.448883e-04
1899,9.494168,119,9.447403e-04
1900,9.499168,119,9.445931e-04
1901,9.504168,119,9.444467e-04
1902,9.509168,119,9.443012e-04
1903,9.514168,119,9.441563e-04
1904,9.519168,119,9.440123e-04
1905,9.524168,119,9.438689e-04
1906,9.529168,119,9.437263e-04
1907,9.534168,119,9.435845e-04
1908,9.539168,119,9.434433e-04
1909,9.544168,119,9.433028e-04
1910,9.549168,119,9.431630e-04
1911,9.554168,119,9.430240e-04
1912,9.559168,119,9.428856e-04
1913,9.564168,119,9.427479e-04
1914,9.569168,119,9.426109e-04
1915,9.574168,119,9.424746e-04
1916,9.579168,119,9.423390e-04
1917,9.584168,119,9.422042e-04
1918,9.589168,119,9.420700e-04
1919,9.594168,119,9.419366e-04
1920,9.599168,119,9.418038e-04
1921,9.604168,119,9.416719e-04
1922,9.609168,119,9.415406e-04
1923,9.614168,119,9.414101e-04
1924,9.619168,119,9.412803e-04
1925,9.624168,119,9.411512e-04
1926,9.629168,119,9.410228e-04
1927,9.634168,119,9.408952e-04
1928,9.639168,119,9.407682e-04
1929,9.644168,119,9.406420e-04
1930,9.649168,119,9.405165e-04
1931,9.654168,119,9.403917e-04
1932,9.659168,119,9.402675e-04
1933,9.664168,119,9.401440e-04
1934,9.669168,119,9.400212e-04
1935,9.674168,119,9.398991e-04
1936,9.679168,119,9.397776e-04
1937,9.684168,119,9.396567e-04
1938,9.689168,119,9.395365e-04
1939,9.694168,119,9.394169e-04
1940,9.699168,119,9.392979e-04
1941,9.704168,119,9.391796e-04
1942,9.709168,119,9.390619e-04
1943,9.714168,119,9.389447e-04
1944,9.719168,119,9.388282e-04
1945,9.724168,119,9.387124e-04
1946,9.729168,119,9.385971e-04
1947,9.734168,119,9.384824e-04
1948,9.739168,119,9.383683e-04
1949,9.744168,119,9.382548e-04
1950,9.749168,119,9.381420e-04
1951,9.754168,119,9.380297e-04
1952,9.759168,119,9.379181e-04
1953,9.764168,119,9.378070e-04
1954,9.769168,119,9.376966e-04
1955,9.774168,119,9.375867e-04
1956,9.779168,119,9.374775e-04
1957,9.784168,119,9.373688e-04
1958,9.789168,119,9.372608e-04
1959,9.794168,119,9.371533e-04
1960,9.799168,119,9.370464e-04
1961,9.804168,119,9.369401e-04
1962,9.809168,119,9.368344e-04
1963,9.814168,119,9.367292e-04
1964,9.819168,119,9.366247e-04
1965,9.824168,119,9.365207e-04
1966,9.829168,119,9.364172e-04
1967,9.834168,119,9.363143e-04
1968,9.839168,119,9.362119e-04
1969,9.844168,119,9.361101e-04
1970,9.849168,119,9.360089e-04
1971,9.854168,119,9.359081e-04
1972,9.859168,119,9.358080e-04
1973,9.864168,119,9.357083e-04
1974,9.869168,119,9.356092e-04
1975,9.874168,119,9.355106e-04
1976,9.879168,119,9.354125e-04
1977,9.884168,119,9.353150e-04
1978,9.889168,119,9.352180e-04
1979,9.894168,119,9.351215e-04
1980,9.899168,119,9.350255e-04
1981,9.904168,119,9.349300e-04
1982,9.909168,119,9.348351e-04
1983,9.914168,119,9.347406e-04
1984,9.919168,119,9.346467e-04
1985,9.924168,119,9.345532e-04
1986,9.929168,119,9.344603e-04
1987,9.934168,119,9.343679e-04
1988,9.939168,119,9.342759e-04
1989,9.944168,119,9.341845e-04
1990,9.949168,119,9.340935e-04
1991,9.954168,119,9.340031e-04
1992,9.959168,119,9.339131e-04
1993,9.964168,119,9.338236e-04
1994,9.969168,119,9.337346e-04
1995,9.974168,119,9.336461e-04
1996,9.979168,119,9.335581e-04
1997,9.984168,119,9.334705e-04
1998,9.989168,119,9.333834e-04
1999,9.994168,119,9.332968e-04
2000,9.999168,119,9.332107e-04
2001,10.004168,119,9.331250e-04
2002,10.009168,119,9.330397e-04
2003,10.014168,119,9.329550e-04
2004,10.019168,119,9.328706e-04
2005,10.024168,119,9.327868e-04
2006,10.029168,119,9.327033e-04
2007,10.034168,119,9.326204e-04
2008,10.039168,119,9.325378e-04
2009,10.044168,119,9.324557e-04
2010,10.049168,119,9.323741e-04
2011,10.054168,119,9.322929e-04
2012,10.059168,119,9.322121e-04
2013,10.064168,119,9.321318e-04
2014,10.069168,119,9.320519e-04
2015,10.074168,119,9.319724e-04
2016,10.079168,119,9.318933e-04
2017,10.084168,119,9.318147e-04
2018,10.089168,119,9.317365e-04
2019,10.094168,119,9.316587e-04
2020,10.099168,119,9.315814e-04
2021,10.104168,119,9.315044e-04
2022,10.109168,119,9.314279e-04
2023,10.114168,119,9.313518e-04
2024,10.119168,119,9.312761e-04
2025,10.124168,119,9.312008e-04
2026,10.129168,119,9.311259e-04
2027,10.134168,119,9.310514e-04
2028,10.139168,119,9.309774e-04
2029,10.144168,119,9.309037e-04
2030,10.149168,119,9.308304e-04
2031,10.154168,119,9.307575e-04
2032,10.159168,119,9.306850e-04
2033,10.164168,119,9.306129e-04
2034,10.169168,119,9.305411e-04
2035,10.174168,119,9.304698e-04
2036,10.179168,119,9.303989e-04
2037,10.184168,119,9.303283e-04
2038,10.189168,119,9.302581e-04
2039,10.194168,119,9.301883e-04
2040,10.199168,119,9.301188e-04
2041,10.204168,119,9.300498e-04
2042,10.209168,119,9.299811e-04
2043,10.214168,119,9.299127e-04
2044,10.219168,119,9.298448e-04
2045,10.224168,119,9.297772e-04
2046,10.229168,119,9.297099e-04
2047,10.234168,119,9.296431e-04
2048,10.239168,119,9.295765e-04
2049,10.244168,119,9.295104e-04
2050,10.249168,119,9.294446e-04
2051,10.254168,119,9.293792e-04
2052,10.259168,119,9.293141e-04
2053,10.264168,119,9.292493e-04
2054,10.269168,119,9.291849e-04
2055,10.274168,119,9.291209e-04
2056,10.279168,119,9.290572e-04
2057,10.284168,119,9.289939e-04
2058,10.289168,119,9.289308e-04
2059,10.294168,119,9.288682e-04
2060,10.299168,119,9.288058e-04
2061,10.304168,119,9.287438e-04
2062,10.309168,119,9.286822e-04
2063,10.314168,119,9.286208e-04
2064,10.319168,119,9.285598e-04
2065,10.324168,119,9.284992e-04
2066,10.329168,119,9.284388e-04
2067,10.334168,119,9.283788e-04
2068,10.339168,119,9.283191e-04
2069,10.344168,119,9.282597e-04
2070,10.349168,119,9.282007e-04
2071,10.354168,119,9.281419e-04
2072,10.359168,119,9.280835e-04
2073,10.364168,119,9.280254e-04
2074,10.369168,119,9.279676e-04
2075,10.374168,119,9.279101e-04
2076,10.379168,119,9.278529e-04
2077,10.384168,119,9.277960e-04
2078,10.389168,119,9.277395e-04
2079,10.394168,119,9.276832e-04
2080,10.399168,119,9.276272e-04
2081,10.404168,119,9.275716e-04
2082,10.409168,119,9.275162e-04
2083,10.414168,119,9.274612e-04
2084,10.419168,119,9.274064e-04
2085,10.424168,119,9.273519e-04
2086,10.429168,119,9.272978e-04
2087,10.434168,119,9.272439e-04
2088,10.439168,119,9.271903e-04
2089,10.444168,119,9.271370e-04
2090,10.449168,119,9.270840e-04
2091,10.454168,119,9.270312e-04
2092,10.459168,119,9.269788e-04
2093,10.464168,119,9.269266e-04
2094,10.469168,119,9.268747e-04
2095,10.474168,119,9.268231e-04
2096,10.479168,119,9.267718e-04
2097,10.484168,119,9.267207e-04
2098,10.489168,119,9.266700e-04
2099,10.494168,119,9.266194e-04
2100,10.499168,119,9.265692e-04
2101,10.504168,119,9.265192e-04
2102,10.509168,119,9.264695e-04
2103,10.514168,119,9.264201e-04
2104,10.519168,119,9.263709e-04
2105,10.524168,119,9.263220e-04
2106,10.529168,119,9.262734e-04
2107,10.534168,119,9.262250e-04
2108,10.539168,119,9.261769e-04
2109,10.544168,119,9.261290e-04
2110,10.549168,119,9.260814e-04
2111,10.554168,119,9.260341e-04
2112,10.559168,119,9.259870e-04
2113,10.564168,119,9.259402e-04
2114,10.569168,119,9.258936e-04
2115,10.574168,119,9.258473e-04
2116,10.579168,119,9.258012e-04
2117,10.584168,119,9.257554e-04
2118,10.589168,119,9.257098e-04
2119,10.594168,119,9.256644e-04
2120,10.599168,119,9.256194e-04
2121,10.604168,119,9.255745e-04
2122,10.609168,119,9.255299e-04
2123,10.614168,119,9.254855e-04
2124,10.619168,119,9.254414e-04
2125,10.624168,119,9.253975e-04
2126,10.629168,119,9.253538e-04
2127,10.634168,119,9.253104e-04
2128,10.639168,119,9.252672e-04
2129,10.644168,119,9.252243e-04
2130,10.649168,119,9.251815e-04
2131,10.654168,119,9.251390e-04
2132,10.659168,119,9.250968e-04
2133,10.664168,119,9.250547e-04
2134,10.669168,119,9.250129e-04
2135,10.674168,119,9.249713e-04
2136,10.679168,119,9.249299e-04
2137,10.684168,119,9.248888e-04
2138,10.689168,119,9.248479e-04
2139,10.694168,119,9.248072e-04
2140,10.699168,119,9.247667e-04
2141,10.704168,119,9.247264e-04
2142,10.709168,119,9.246863e-04
2143,10.714168,119,9.246465e-04
2144,10.719168,119,9.246069e-04
2145,10.724168,119,9.245675e-04
2146,10.729168,119,9.245283e-04
2147,10.734168,119,9.244893e-04
2148,10.739168,119,9.244505e-04
2149,10.744168,119,9.244120e-04
2150,10.749168,119,9.243737e-04
2151,10.754168,119,9.243355e-04
2152,10.759168,119,9.242976e-04
2153,10.764168,119,9.242599e-04
2154,10.769168,119,9.242224e-04
2155,10.774168,119,9.241850e-04
2156,10.779168,119,9.241479e-04
2157,10.784168,119,9.241109e-04
2158,10.789168,119,9.240742e-04
2159,10.794168,119,9.240376e-04
2160,10.799168,119,9.240012e-04
2161,10.804168,119,9.239651e-04
2162,10.809168,119,9.239291e-04
2163,10.814168,119,9.238934e-04
2164,10.819168,119,9.238578e-04
2165,10.824168,119,9.238224e-04
2166,10.829168,119,9.237872e-04
2167,10.834168,119,9.237522e-04
2168,10.839168,119,9.237174e-04
2169,10.844168,119,9.236828e-04
2170,10.849168,119,9.236484e-04
2171,10.854168,119,9.236141e-04
2172,10.859168,119,9.235800e-04
2173,10.864168,119,9.235461e-04
2174,10.869168,119,9.235124e-04
2175,10.874168,119,9.234789e-04
2176,10.879168,119,9.234455e-04
2177,10.884168,119,9.234124e-04
2178,10.889168,119,9.233794e-04
2179,10.894168,119,9.233466e-04
2180,10.899168,119,9.233139e-04
2181,10.904168,119,9.232815e-04
2182,10.909168,119,9.232492e-04
2183,10.914168,119,9.232171e-04
2184,10.919168,119,9.231851e-04
2185,10.924168,119,9.231533e-04
2186,10.929168,119,9.231217e-04
2187,10.934168,119,9.230903e-04
2188,10.939168,119,9.230590e-04
2189,10.944168,119,9.230279e-04
2190,10.949168,119,9.229970e-04
2191,10.954168,119,9.229663e-04
2192,10.959168,119,9.229357e-04
2193,10.964168,119,9.229052e-04
2194,10.969168,119,9.228749e-04
2195,10.974168,119,9.228448e-04
2196,10.979168,119,9.228149e-04
2197,10.984168,119,9.227851e-04
2198,10.989168,119,9.227555e-04
2199,10.994168,119,9.227260e-04
2200,10.999168,119,9.226967e-04
2201,11.004168,119,9.226675e-04
2202,11.009168,119,9.226385e-04
2203,11.014168,119,9.226097e-04
2204,11.019168,119,9.225810e-04
2205,11.024168,119,9.225525e-04
2206,11.029168,119,9.225241e-04
2207,11.034168,119,9.224958e-04
2208,11.039168,119,9.224678e-04
2209,11.044168,119,9.224398e-04
2210,11.049168,119,9.224121e-04
2211,11.054168,119,9.223844e-04
2212,11.059168,119,9.223569e-04
2213,11.064168,119,9.223296e-04
2214,11.069168,119,9.223024e-04
2215,11.074168,119,9.222754e-04
2216,11.079168,119,9.222485e-04
2217,11.084168,119,9.222217e-04
2218,11.089168,119,9.221951e-04
2219,11.094168,119,9.221687e-04
2220,11.099168,119,9.221423e-04
2221,11.104168,119,9.221161e-04
2222,11.109168,119,9.220901e-04
2223,11.114168,119,9.220642e-04
2224,11.119168,119,9.220384e-04
2225,11.124168,119,9.220128e-04
2226,11.129168,119,9.219873e-04
2227,11.134168,119,9.219619e-04
2228,11.139168,119,9.219367e-04
2229,11.144168,119,9.219116e-04
2230,11.149168,119,9.218867e-04
2231,11.154168,119,9.218619e-04
2232,11.159168,119,9.218372e-04
2233,11.164168,119,9.218126e-04
2234,11.169168,119,9.217882e-04
2235,11.174168,119,9.217639e-04
2236,11.179168,119,9.217398e-04
2237,11.184168,119,9.217157e-04
2238,11.189168,119,9.216918e-04
2239,11.194168,119,9.216680e-04
2240,11.199168,119,9.216444e-04
2241,11.204168,119,9.216209e-04
2242,11.209168,119,9.215975e-04
2243,11.214168,119,9.215742e-04
2244,11.219168,119,9.215511e-04
2245,11.224168,119,9.215280e-04
2246,11.229168,119,9.215051e-04
2247,11.234168,119,9.214824e-04
2248,11.239168,119,9.214597e-04
2249,11.244168,119,9.214372e-04
2250,11.249168,119,9.214148e-04
2251,11.254168,119,9.213925e-04
2252,11.259168,119,9.213703e-04
2253,11.264168,119,9.213482e-04
2254,11.269168,119,9.213263e-04
2255,11.274168,119,9.213045e-04
2256,11.279168,119,9.212828e-04
2257,11.284168,119,9.212612e-04
2258,11.289168,119,9.212397e-04
2259,11.294168,119,9.212183e-04
2260,11.299168,119,9.211971e-04
2261,11.304168,119,9.211760e-04
2262,11.309168,119,9.211550e-04
2263,11.314168,119,9.211340e-04
2264,11.319168,119,9.211133e-04
2265,11.324168,119,9.210926e-04
2266,11.329168,119,9.210720e-04
2267,11.334168,119,9.210515e-04
2268,11.339168,119,9.210312e-04
2269,11.344168,119,9.210109e-04
2270,11.349168,119,9.209908e-04
2271,11.354168,119,9.209708e-04
2272,11.359168,119,9.209508e-04
2273,11.364168,119,9.209310e-04
2274,11.369168,119,9.209113e-04
2275,11.374168,119,9.208917e-04
2276,11.379168,119,9.208722e-04
2277,11.384168,119,9.208528e-04
2278,11.389168,119,9.208335e-04
2279,11.394168,119,9.208143e-04
2280,11.399168,119,9.207952e-04
2281,11.404168,119,9.207762e-04
2282,11.409168,119,9.207574e-04
2283,11.414168,119,9.207386e-04
2284,11.419168,119,9.207199e-04
2285,11.424168,119,9.207013e-04
2286,11.429168,119,9.206828e-04
2287,11.434168,119,9.206644e-04
2288,11.439168,119,9.206461e-04
2289,11.444168,119,9.206280e-04
2290,11.449168,119,9.206099e-04
2291,11.454168,119,9.205919e-04
2292,11.459168,119,9.205740e-04
2293,11.464168,119,9.205562e-04
2294,11.469168,119,9.205384e-04
2295,11.474168,119,9.205208e-04
2296,11.479168,119,9.205033e-04
2297,11.484168,119,9.204859e-04
2298,11.489168,119,9.204685e-04
2299,11.494168,119,9.204513e-04
2300,11.499168,119,9.204341e-04
2301,11.504168,119,9.204171e-04
2302,11.509168,119,9.204001e-04
2303,11.514168,119,9.203832e-04
2304,11.519168,119,9.203664e-04
2305,11.524168,119,9.203497e-04
2306,11.529168,119,9.203331e-04
2307,11.534168,119,9.203166e-04
2308,11.539168,119,9.203001e-04
2309,11.544168,119,9.202838e-04
2310,11.549168,119,9.202675e-04
2311,11.554168,119,9.202514e-04
2312,11.559168,119,9.202353e-04
2313,11.564168,119,9.202193e-04
2314,11.569168,119,9.202033e-04
2315,11.574168,119,9.201875e-04
2316,11.579168,119,9.201718e-04
2317,11.584168,119,9.201561e-04
2318,11.589168,119,9.201405e-04
2319,11.594168,119,9.201250e-04
2320,11.599168,119,9.201096e-04
2321,11.604168,119,9.200943e-04
2322,11.609168,119,9.200790e-04
2323,11.614168,119,9.200638e-04
2324,11.619168,119,9.200487e-04
2325,11.624168,119,9.200337e-04
2326,11.629168,119,9.200188e-04
2327,11.634168,119,9.200039e-04
2328,11.639168,119,9.199892e-04
2329,11.644168,119,9.199745e-04
2330,11.649168,119,9.199599e-04
2331,11.654168,119,9.199453e-04
2332,11.659168,119,9.199309e-04
2333,11.664168,119,9.199165e-04
2334,11.669168,119,9.199022e-04
2335,11.674168,119,9.198879e-04
2336,11.679168,119,9.198738e-04
2337,11.684168,119,9.198597e-04
2338,11.689168,119,9.198457e-04
2339,11.694168,119,9.198317e-04
2340,11.699168,119,9.198179e-04
2341,11.704168,119,9.198041e-04
2342,11.709168,119,9.197904e-04
2343,11.714168,119,9.197768e-04
2344,11.719168,119,9.197632e-04
2345,11.724168,119,9.197497e-04
2346,11.729168,119,9.197363e-04
2347,11.734168,119,9.197229e-04
2348,11.739168,119,9.197096e-04
2349,11.744168,119,9.196964e-04
2350,11.749168,119,9.196833e-04
2351,11.754168,119,9.196702e-04
2352,11.759168,119,9.196572e-04
2353,11.764168,119,9.196443e-04
2354,11.769168,119,9.196314e-04
2355,11.774168,119,9.196186e-04
2356,11.779168,119,9.196059e-04
2357,11.784168,119,9.195932e-04
2358,11.789168,119,9.195806e-04
2359,11.794168,119,9.195681e-04
2360,11.799168,119,9.195556e-04
2361,11.804168,119,9.195432e-04
2362,11.809168,119,9.195309e-04
2363,11.814168,119,9.195187e-04
2364,11.819168,119,9.195065e-04
2365,11.824168,119,9.194943e-04
2366,11.829168,119,9.194823e-04
2367,11.834168,119,9.194702e-04
2368,11.839168,119,9.194583e-04
2369,11.844168,119,9.194464e-04
2370,11.849168,119,9.194346e-04
2371,11.854168,119,9.194229e-04
2372,11.859168,119,9.194112e-04
2373,11.864168,119,9.193995e-04
2374,11.869168,119,9.193880e-04
2375,11.874168,119,9.193765e-04
2376,11.879168,119,9.193650e-04
2377,11.884168,119,9.193536e-04
2378,11.889168,119,9.193423e-04
2379,11.894168,119,9.193310e-04
2380,11.899168,119,9.193198e-04
2381,11.904168,119,9.193087e-04
2382,11.909168,119,9.192976e-04
2383,11.914168,119,9.192866e-04
2384,11.919168,119,9.192756e-04
2385,11.924168,119,9.192647e-04
2386,11.929168,119,9.192538e-04
2387,11.934168,119,9.192430e-04
2388,11.939168,119,9.192323e-04
2389,11.944168,119,9.192216e-04
2390,11.949168,119,9.192110e-04
2391,11.954168,119,9.192004e-04
2392,11.959168,119,9.191899e-04
2393,11.964168,119,9.191795e-04
2394,11.969168,119,9.191691e-04
2395,11.974168,119,9.191587e-04
2396,11.979168,119,9.191484e-04
2397,11.984168,119,9.191382e-04
2398,11.989168,119,9.191280e-04
2399,11.994168,119,9.191179e-04
2400,11.999168,119,9.191078e-04
2401,12.004168,119,9.190978e-04
2402,12.009168,119,9.190878e-04
2403,12.014168,119,9.190779e-04
2404,12.019168,119,9.190680e-04
2405,12.024168,119,9.190582e-04
2406,12.029168,119,9.190484e-04
2407,12.034168,119,9.190387e-04
2408,12.039168,119,9.190291e-04
2409,12.044168,119,9.190194e-04
2410,12.049168,119,9.190099e-04
2411,12.054168,119,9.190004e-04
2412,12.059168,119,9.189909e-04
2413,12.064168,119,9.189815e-04
2414,12.069168,119,9.189722e-04
2415,12.074168,119,9.189629e-04
2416,12.079168,119,9.189536e-04
2417,12.084168,119,9.189444e-04
2418,12.089168,119,9.189352e-04
2419,12.094168,119,9.189261e-04
2420,12.099168,119,9.189170e-04
2421,12.104168,119,9.189080e-04
2422,12.109168,119,9.188991e-04
2423,12.114168,119,9.188901e-04
2424,12.119168,119,9.188813e-04
2425,12.124168,119,9.188724e-04
2426,12.129168,119,9.188637e-04
2427,12.134168,119,9.188549e-04
2428,12.139168,119,9.188462e-04
2429,12.144168,119,9.188376e-04
2430,12.149168,119,9.188290e-04
2431,12.154168,119,9.188204e-04
2432,12.159168,119,9.188119e-04
2433,12.164168,119,9.188035e-04
2434,12.169168,119,9.187950e-04
2435,12.174168,119,9.187867e-04
2436,12.179168,119,9.187783e-04
2437,12.184168,119,9.187701e-04
2438,12.189168,119,9.187618e-04
2439,12.194168,119,9.187536e-04
2440,12.199168,119,9.187455e-04
2441,12.204168,119,9.187374e-04
2442,12.209168,119,9.187293e-04
2443,12.214168,119,9.187213e-04
2444,12.219168,119,9.187133e-04
2445,12.224168,119,9.187053e-04
2446,12.229168,119,9.186974e-04
2447,12.234168,119,9.186896e-04
2448,12.239168,119,9.186817e-04
2449,12.244168,119,9.186740e-04
2450,12.249168,119,9.186662e-04
2451,12.254168,119,9.186585e-04
2452,12.259168,119,9.186509e-04
2453,12.264168,119,9.186433e-04
2454,12.269168,119,9.186357e-04
2455,12.274168,119,9.186282e-04
2456,12.279168,119,9.186207e-04
2457,12.284168,119,9.186132e-04
2458,12.289168,119,9.186058e-04
2459,12.294168,119,9.185984e-04
2460,12.299168,119,9.185911e-04
2461,12.304168,119,9.185838e-04
2462,12.309168,119,9.185765e-04
2463,12.314168,119,9.185693e-04
2464,12.319168,119,9.185621e-04
2465,12.324168,119,9.185550e-04
2466,12.329168,119,9.185479e-04
2467,12.334168,119,9.185408e-04
2468,12.339168,119,9.185338e-04
2469,12.344168,119,9.185268e-04
2470,12.349168,119,9.185198e-04
2471,12.354168,119,9.185129e-04
2472,12.359168,119,9.185060e-04
2473,12.364168,119,9.184991e-04
2474,12.369168,119,9.184923e-04
2475,12.374168,119,9.184855e-04
2476,12.379168,119,9.184788e-04
2477,12.384168,119,9.184721e-04
2478,12.389168,119,9.184654e-04
2479,12.394168,119,9.184588e-04
2480,12.399168,119,9.184522e-04
2481,12.404168,119,9.184456e-04
2482,12.409168,119,9.184391e-04
2483,12.414168,119,9.184326e-04
2484,12.419168,119,9.184261e-04
2485,12.424168,119,9.184197e-04
2486,12.429168,119,9.184133e-04
2487,12.434168,119,9.184069e-04
2488,12.439168,119,9.184006e-04
2489,12.444168,119,9.183943e-04
2490,12.449168,119,9.183880e-04
2491,12.454168,119,9.183818e-04
2492,12.459168,119,9.183756e-04
2493,12.464168,119,9.183694e-04
2494,12.469168,119,9.183633e-04
2495,12.474168,119,9.183572e-04
2496,12.479168,119,9.183511e-04
2497,12.484168,119,9.183451e-04
2498,12.489168,119,9.183391e-04
2499,12.494168,119,9.183331e-04
2500,12.499168,119,9.183271e-04
2501,12.504168,119,9.183212e-04
2502,12.509168,119,9.183154e-04
2503,12.514168,119,9.183095e-04
2504,12.519168,119,9.183037e-04
2505,12.524168,119,9.182979e-04
2506,12.529168,119,9.182921e-04
2507,12.534168,119,9.182864e-04
2508,12.539168,119,9.182807e-04
2509,12.544168,119,9.182750e-04
2510,12.549168,119,9.182694e-04
2511,12.554168,119,9.182638e-04
2512,12.559168,119,9.182582e-04
2513,12.564168,119,9.182527e-04
2514,12.569168,119,9.182471e-04
2515,12.574168,119,9.182416e-04
2516,12.579168,119,9.182362e-04
2517,12.584168,119,9.182308e-04
2518,12.589168,119,9.182253e-04
2519,12.594168,119,9.182200e-04
2520,12.599168,119,9.182146e-04
2521,12.604168,119,9.182093e-04
2522,12.609168,119,9.182040e-04
2523,12.614168,119,9.181987e-04
2524,12.619168,119,9.181935e-04
2525,12.624168,119,9.181883e-04
2526,12.629168,119,9.181831e-04
2527,12.634168,119,9.181779e-04
2528,12.639168,119,9.181728e-04
2529,12.644168,119,9.181677e-04
2530,12.649168,119,9.181626e-04
2531,12.654168,119,9.181576e-04
2532,12.659168,119,9.181526e-04
2533,12.664168,119,9.181476e-04
2534,12.669168,119,9.181426e-04
2535,12.674168,119,9.181377e-04
2536,12.679168,119,9.181327e-04
2537,12.684168,119,9.181279e-04
2538,12.689168,119,9.181230e-04
2539,12.694168,119,9.181181e-04
2540,12.699168,119,9.181133e-04
2541,12.704168,119,9.181085e-04
2542,12.709168,119,9.181038e-04
2543,12.714168,119,9.180990e-04
2544,12.719168,119,9.180943e-04
2545,12.724168,119,9.180896e-04
2546,12.729168,119,9.180850e-04
2547,12.734168,119,9.180803e-04
2548,12.739168,119,9.180757e-04
2549,12.744168,119,9.180711e-04
2550,12.749168,119,9.180665e-04
2551,12.754168,119,9.180620e-04
2552,12.759168,119,9.180575e-04
2553,12.764168,119,9.180530e-04
2554,12.769168,119,9.180485e-04
2555,12.774168,119,9.180441e-04
2556,12.779168,119,9.180396e-04
2557,12.784168,119,9.180352e-04
2558,12.789168,119,9.180308e-04
2559,12.794168,119,9.180265e-04
2560,12.799168,119,9.180221e-04
2561,12.804168,119,9.180178e-04
2562,12.809168,119,9.180135e-04
2563,12.814168,119,9.180093e-04
2564,12.819168,119,9.180050e-04
2565,12.824168,119,9.180008e-04
2566,12.829168,119,9.179966e-04
2567,12.834168,119,9.179924e-04
2568,12.839168,119,9.179883e-04
2569,12.844168,119,9.179841e-04
2570,12.849168,119,9.179800e-04
2571,12.854168,119,9.179759e-04
2572,12.859168,119,9.179719e-04
2573,12.864168,119,9.179678e-04
2574,12.869168,119,9.179638e-04
2575,12.874168,119,9.179598e-04
2576,12.879168,119,9.179558e-04
2577,12.884168,119,9.179518e-04
2578,12.889168,119,9.179479e-04
2579,12.894168,119,9.179440e-04
2580,12.899168,119,9.179401e-04
2581,12.904168,119,9.179362e-04
2582,12.909168,119,9.179323e-04
2583,12.914168,119,9.179285e-04
2584,12.919168,119,9.179247e-04
2585,12.924168,119,9.179209e-04
2586,12.929168,119,9.179171e-04
2587,12.934168,119,9.179133e-04
2588,12.939168,119,9.179096e-04
2589,12.944168,119,9.179059e-04
2590,12.949168,119,9.179022e-04
2591,12.954168,119,9.178985e-04
2592,12.959168,119,9.178948e-04
2593,12.964168,119,9.178912e-04
2594,12.969168,119,9.178875e-04
2595,12.974168,119,9.178839e-04
2596,12.979168,119,9.178803e-04
2597,12.984168,119,9.178768e-04
2598,12.989168,119,9.178732e-04
2599,12.994168,119,9.178697e-04
2600,12.999168,119,9.178662e-04
2601,13.004168,119,9.178627e-04
2602,13.009168,119,9.178592e-04
2603,13.014168,119,9.178557e-04
2604,13.019168,119,9.178523e-04
2605,13.024168,119,9.178489e-04
2606,13.029168,119,9.178455e-04
2607,13.034168,119,9.178421e-04
2608,13.039168,119,9.178387e-04
2609,13.044168,119,9.178354e-04
2610,13.049168,119,9.178320e-04
2611,13.054168,119,9.178287e-04
2612,13.059168,119,9.178254e-04
2613,13.064168,119,9.178221e-04
2614,13.069168,119,9.178189e-04
2615,13.074168,119,9.178156e-04
2616,13.079168,119,9.178124e-04
2617,13.084168,119,9.178092e-04
2618,13.089168,119,9.178060e-04
2619,13.094168,119,9.178028e-04
2620,13.099168,119,9.177997e-04
2621,13.104168,119,9.177965e-04
2622,13.109168,119,9.177934e-04
2623,13.114168,119,9.177903e-04
2624,13.119168,119,9.177872e-04
2625,13.124168,119,9.177841e-04
2626,13.129168,119,9.177810e-04
2627,13.134168,119,9.177780e-04
2628,13.139168,119,9.177750e-04
2629,13.144168,119,9.177719e-04
2630,13.149168,119,9.177689e-04
2631,13.154168,119,9.177660e-04
2632,13.159168,119,9.177630e-04
2633,13.164168,119,9.177600e-04
2634,13.169168,119,9.177571e-04
2635,13.174168,119,9.177542e-04
2636,13.179168,119,9.177513e-04
2637,13.184168,119,9.177484e-04
2638,13.189168,119,9.177455e-04
2639,13.194168,119,9.177426e-04
2640,13.199168,119,9.177398e-04
2641,13.204168,119,9.177370e-04
2642,13.209168,119,9.177341e-04
2643,13.214168,119,9.177313e-04
2644,13.219168,119,9.177286e-04
2645,13.224168,119,9.177258e-04
2646,13.229168,119,9.177230e-04
2647,13.234168,119,9.177203e-04
2648,13.239168,119,9.177176e-04
2649,13.244168,119,9.177148e-04
2650,13.249168,119,9.177121e-04
2651,13.254168,119,9.177095e-04
2652,13.259168,119,9.177068e-04
2653,13.264168,119,9.177041e-04
2654,13.269168,119,9.177015e-04
2655,13.274168,119,9.176989e-04
2656,13.279168,119,9.176962e-04
2657,13.284168,119,9.176936e-04
2658,13.289168,119,9.176910e-04
2659,13.294168,119,9.176885e-04
2660,13.299168,119,9.176859e-04
2661,13.304168,119,9.176834e-04
2662,13.309168,119,9.176808e-04
2663,13.314168,119,9.176783e-04
2664,13.319168,119,9.176758e-04
2665,13.324168,119,9.176733e-04
2666,13.329168,119,9.176708e-04
2667,13.334168,119,9.176684e-04
2668,13.339168,119,9.176659e-04
2669,13.344168,119,9.176635e-04
2670,13.349168,119,9.176610e-04
2671,13.354168,119,9.176586e-04
2672,13.359168,119,9.176562e-04
2673,13.364168,119,9.176538e-04
2674,13.369168,119,9.176514e-04
2675,13.374168,119,9.176491e-04
2676,13.379168,119,9.176467e-04
2677,13.384168,119,9.176444e-04
2678,13.389168,119,9.176420e-04
2679,13.394168,119,9.176397e-04
2680,13.399168,119,9.176374e-04
2681,13.404168,119,9.176351e-04
2682,13.409168,119,9.176329e-04
2683,13.414168,119,9.176306e-04
2684,13.419168,119,9.176283e-04
2685,13.424168,119,9.176261e-04
2686,13.429168,119,9.176239e-04
2687,13.434168,119,9.176216e-04
2688,13.439168,119,9.176194e-04
2689,13.444168,119,9.176172e-04
2690,13.449168,119,9.176150e-04
2691,13.454168,119,9.176129e-04
2692,13.459168,119,9.176107e-04
2693,13.464168,119,9.176086e-04
2694,13.469168,119,9.176064e-04
2695,13.474168,119,9.176043e-04
2696,13.479168,119,9.176022e-04
2697,13.484168,119,9.176001e-04
2698,13.489168,119,9.175980e-04
2699,13.494168,119,9.175959e-04
2700,13.499168,119,9.175938e-04
2701,13.504168,119,9.175918e-04
2702,13.509168,119,9.175897e-04
2703,13.514168,119,9.175877e-04
2704,13.519168,119,9.175856e-04
2705,13.524168,119,9.175836e-04
2706,13.529168,119,9.175816e-04
2707,13.534168,119,9.175796e-04
2708,13.539168,119,9.175776e-04
2709,13.544168,119,9.175757e-04
2710,13.549168,119,9.175737e-04
2711,13.554168,119,9.175717e-04
2712,13.559168,119,9.175698e-04
2713,13.564168,119,9.175679e-04
2714,13.569168,119,9.175659e-04
2715,13.574168,119,9.175640e-04
2716,13.579168,119,9.175621e-04
2717,13.584168,119,9.175602e-04
2718,13.589168,119,9.175583e-04
2719,13.594168,119,9.175565e-04
2720,13.599168,119,9.175546e-04
2721,13.604168,119,9.175528e-04
2722,13.609168,119,9.175509e-04
2723,13.614168,119,9.175491e-04
2724,13.619168,119,9.175473e-04
2725,13.624168,119,9.175454e-04
2726,13.629168,119,9.175436e-04
2727,13.634168,119,9.175418e-04
2728,13.639168,119,9.175401e-04
2729,13.644168,119,9.175383e-04
2730,13.649168,119,9.175365e-04
2731,13.654168,119,9.175348e-04
2732,13.659168,119,9.175330e-04
2733,13.664168,119,9.175313e-04
2734,13.669168,119,9.175295e-04
2735,13.674168,119,9.175278e-04
2736,13.679168,119,9.175261e-04
2737,13.684168,119,9.175244e-04
2738,13.689168,119,9.175227e-04
2739,13.694168,119,9.175210e-04
2740,13.699168,119,9.175194e-04
2741,13.704168,119,9.175177e-04
2742,13.709168,119,9.175160e-04
2743,13.714168,119,9.175144e-04
2744,13.719168,119,9.175128e-04
2745,13.724168,119,9.175111e-04
2746,13.729168,119,9.175095e-04
2747,13.734168,119,9.175079e-04
2748,13.739168,119,9.175063e-04
2749,13.744168,119,9.175047e-04
2750,13.749168,119,9.175031e-04
2751,13.754168,119,9.175015e-04
2752,13.759168,119,9.175000e-04
2753,13.764168,119,9.174984e-04
2754,13.769168,119,9.174969e-04
2755,13.774168,119,9.174953e-04
2756,13.779168,119,9.174938e-04
2757,13.784168,119,9.174922e-04
2758,13.789168,119,9.174907e-04
2759,13.794168,119,9.174892e-04
2760,13.799168,119,9.174877e-04
2761,13.804168,119,9.174862e-04
2762,13.809168,119,9.174847e-04
2763,13.814168,119,9.174832e-04
2764,13.819168,119,9.174818e-04
2765,13.824168,119,9.174803e-04
2766,13.829168,119,9.174789e-04
2767,13.834168,119,9.174774e-04
2768,13.839168,119,9.174760e-04
2769,13.844168,119,9.174745e-04
2770,13.849168,119,9.174731e-04
2771,13.854168,119,9.174717e-04
2772,13.859168,119,9.174703e-04
2773,13.864168,119,9.174689e-04
2774,13.869168,119,9.174675e-04
2775,13.874168,119,9.174661e-04
2776,13.879168,119,9.174647e-04
2777,13.884168,119,9.174634e-04
2778,13.889168,119,9.174620e-04
2779,13.894168,119,9.174606e-04
2780,13.899168,119,9.174593e-04
2781,13.904168,119,9.174580e-04
2782,13.909168,119,9.174566e-04
2783,13.914168,119,9.174553e-04
2784,13.919168,119,9.174540e-04
2785,13.924168,119,9.174527e-04
2786,13.929168,119,9.174514e-04
2787,13.934168,119,9.174501e-04
2788,13.939168,119,9.174488e-04
2789,13.944168,119,9.174475e-04
2790,13.949168,119,9.174462e-04
2791,13.954168,119,9.174449e-04
2792,13.959168,119,9.174437e-04
2793,13.964168,119,9.174424e-04
2794,13.969168,119,9.174412e-04
2795,13.974168,119,9.174399e-04
2796,13.979168,119,9.174387e-04
2797,13.984168,119,9.174375e-04
2798,13.989168,119,9.174362e-04
2799,13.994168,119,9.174350e-04
2800,13.999168,119,9.174338e-04
2801,14.004168,119,9.174326e-04
2802,14.009168,119,9.174314e-04
2803,14.014168,119,9.174302e-04
2804,14.019168,119,9.174290e-04
2805,14.024168,119,9.174279e-04
2806,14.029168,119,9.174267e-04
2807,14.034168,119,9.174255e-04
2808,14.039168,119,9.174244e-04
2809,14.044168,119,9.174232e-04
2810,14.049168,119,9.174221e-04
2811,14.054168,119,9.174209e-04
2812,14.059168,119,9.174198e-04
2813,14.064168,119,9.174187e-04
2814,14.069168,119,9.174176e-04
2815,14.074168,119,9.174165e-04
2816,14.079168,119,9.174153e-04
2817,14.084168,119,9.174142e-04
2818,14.089168,119,9.174132e-04
2819,14.094168,119,9.174121e-04
2820,14.099168,119,9.174110e-04
2821,14.104168,119,9.174099e-04
2822,14.109168,119,9.174088e-04
2823,14.114168,119,9.174078e-04
2824,14.119168,119,9.174067e-04
2825,14.124168,119,9.174057e-04
2826,14.129168,119,9.174046e-04
2827,14.134168,119,9.174036e-04
2828,14.139168,119,9.174025e-04
2829,14.144168,119,9.174015e-04
2830,14.149168,119,9.174005e-04
2831,14.154168,119,9.173995e-04
2832,14.159168,119,9.173984e-04
2833,14.164168,119,9.173974e-04
2834,14.169168,119,9.173964e-04
2835,14.174168,119,9.173954e-04
2836,14.179168,119,9.173945e-04
2837,14.184168,119,9.173935e-04
2838,14.189168,119,9.173925e-04
2839,14.194168,119,9.173915e-04
2840,14.199168,119,9.173906e-04
2841,14.204168,119,9.173896e-04
2842,14.209168,119,9.173886e-04
2843,14.214168,119,9.173877e-04
2844,14.219168,119,9.173867e-04
2845,14.224168,119,9.173858e-04
2846,14.229168,119,9.173849e-04
2847,14.234168,119,9.173839e-04
2848,14.239168,119,9.173830e-04
2849,14.244168,119,9.173821e-04
2850,14.249168,119,9.173812e-04
2851,14.254168,119,9.173803e-04
2852,14.259168,119,9.173793e-04
2853,14.264168,119,9.173785e-04
2854,14.269168,119,9.173776e-04
2855,14.274168,119,9.173767e-04
2856,14.279168,119,9.173758e-04
2857,14.284168,119,9.173749e-04
2858,14.289168,119,9.173740e-04
2859,14.294168,119,9.173732e-04
2860,14.299168,119,9.173723e-04
2861,14.304168,119,9.173714e-04
2862,14.309168,119,9.173706e-04
2863,14.314168,119,9.173697e-04
2864,14.319168,119,9.173689e-04
2865,14.324168,119,9.173680e-04
2866,14.329168,119,9.173672e-04
2867,14.334168,119,9.173664e-04
2868,14.339168,119,9.173656e-04
2869,14.344168,119,9.173647e-04
2870,14.349168,119,9.173639e-04
2871,14.354168,119,9.173631e-04
2872,14.359168,119,9.173623e-04
2873,14.364168,119,9.173615e-04
2874,14.369168,119,9.173607e-04
2875,14.374168,119,9.173599e-04
2876,14.379168,119,9.173591e-04
2877,14.384168,119,9.173583e-04
2878,14.389168,119,9.173576e-04
2879,14.394168,119,9.173568e-04
2880,14.399168,119,9.173560e-04
2881,14.404168,119,9.173552e-04
2882,14.409168,119,9.173545e-04
2883,14.414168,119,9.173537e-04
2884,14.419168,119,9.173530e-04
2885,14.424168,119,9.173522e-04
2886,14.429168,119,9.173515e-04
2887,14.434168,119,9.173507e-04
2888,14.439168,119,9.173500e-04
2889,14.444168,119,9.173493e-04
2890,14.449168,119,9.173486e-04
2891,14.454168,119,9.173478e-04
2892,14.459168,119,9.173471e-04
2893,14.464168,119,9.173464e-04
2894,14.469168,119,9.173457e-04
2895,14.474168,119,9.173450e-04
2896,14.479168,119,9.173443e-04
2897,14.484168,119,9.173436e-04
2898,14.489168,119,9.173429e-04
2899,14.494168,119,9.173422e-04
2900,14.499168,119,9.173415e-04
2901,14.504168,119,9.173408e-04
2902,14.509168,119,9.173402e-04
2903,14.514168,119,9.173395e-04
2904,14.519168,119,9.173388e-04
2905,14.524168,119,9.173382e-04
2906,14.529168,119,9.173375e-04
2907,14.534168,119,9.173368e-04
2908,14.539168,119,9.173362e-04
2909,14.544168,119,9.173355e-04
2910,14.549168,119,9.173349e-04
2911,14.554168,119,9.173342e-04
2912,14.559168,119,9.173336e-04
2913,14.564168,119,9.173330e-04
2914,14.569168,119,9.173323e-04
2915,14.574168,119,9.173317e-04
2916,14.579168,119,9.173311e-04
2917,14.584168,119,9.173305e-04
2918,14.589168,119,9.173299e-04
2919,14.594168,119,9.173292e-04
2920,14.599168,119,9.173286e-04
2921,14.604168,119,9.173280e-04
2922,14.609168,119,9.173274e-04
2923,14.614168,119,9.173268e-04
2924,14.619168,119,9.173262e-04
2925,14.624168,119,9.173257e-04
2926,14.629168,119,9.173251e-04
2927,14.634168,119,9.173245e-04
2928,14.639168,119,9.173239e-04
2929,14.644168,119,9.173233e-04
2930,14.649168,119,9.173228e-04
2931,14.654168,119,9.173222e-04
2932,14.659168,119,9.173216e-04
2933,14.664168,119,9.173211e-04
2934,14.669168,119,9.173205e-04
2935,14.674168,119,9.173200e-04
2936,14.679168,119,9.173194e-04
2937,14.684168,119,9.173189e-04
2938,14.689168,119,9.173183e-04
2939,14.694168,119,9.173178e-04
2940,14.699168,119,9.173172e-04
2941,14.704168,119,9.173167e-04
2942,14.709168,119,9.173162e-04
2943,14.714168,119,9.173157e-04
2944,14.719168,119,9.173151e-04
2945,14.724168,119,9.173146e-04
2946,14.729168,119,9.173141e-04
2947,14.734168,119,9.173136e-04
2948,14.739168,119,9.173131e-04
2949,14.744168,119,9.173126e-04
2950,14.749168,119,9.173121e-04
2951,14.754168,119,9.173116e-04
2952,14.759168,119,9.173111e-04
2953,14.764168,119,9.173106e-04
2954,14.769168,119,9.173101e-04
2955,14.774168,119,9.173096e-04
2956,14.779168,119,9.173091e-04
2957,14.784168,119,9.173086e-04
2958,14.789168,119,9.173081e-04
2959,14.794168,119,9.173077e-04
2960,14.799168,119,9.173072e-04
2961,14.804168,119,9.173067e-04
2962,14.809168,119,9.173062e-04
2963,14.814168,119,9.173058e-04
2964,14.819168,119,9.173053e-04
2965,14.824168,119,9.173049e-04
2966,14.829168,119,9.173044e-04
2967,14.834168,119,9.173040e-04
2968,14.839168,119,9.173035e-04
2969,14.844168,119,9.173031e-04
2970,14.849168,119,9.173026e-04
2971,14.854168,119,9.173022e-04
2972,14.859168,119,9.173017e-04
2973,14.864168,119,9.173013e-04
2974,14.869168,119,9.173009e-04
2975,14.874168,119,9.173004e-04
2976,14.879168,119,9.173000e-04
2977,14.884168,119,9.172996e-04
2978,14.889168,119,9.172992e-04
2979,14.894168,119,9.172988e-04
2980,14.899168,119,9.172983e-04
2981,14.904168,119,9.172979e-04
2982,14.909168,119,9.172975e-04
2983,14.914168,119,9.172971e-04
2984,14.919168,119,9.172967e-04
2985,14.924168,119,9.172963e-04
2986,14.929168,119,9.172959e-04
2987,14.934168,119,9.172955e-04
2988,14.939168,119,9.172951e-04
2989,14.944168,119,9.172947e-04
2990,14.949168,119,9.172943e-04
2991,14.954168,119,9.172940e-04
2992,14.959168,119,9.172936e-04
2993,14.964168,119,9.172932e-04
2994,14.969168,119,9.172928e-04
2995,14.974168,119,9.172924e-04
2996,14.979168,119,9.172921e-04
2997,14.984168,119,9.172917e-04
2998,14.989168,119,9.172913e-04
2999,14.994168,119,9.172910e-04
3000,14.999168,119,9.172906e-04
3001,15.004168,119,9.172902e-04
3002,15.009168,119,9.172899e-04
3003,15.014168,119,9.172895e-04
3004,15.019168,119,9.172892e-04
3005,15.024168,119,9.172888e-04
3006,15.029168,119,9.172885e-04
3007,15.034168,119,9.172881e-04
3008,15.039168,119,9.172878e-04
3009,15.044168,119,9.172875e-04
3010,15.049168,119,9.172871e-04
3011,15.054168,119,9.172868e-04
3012,15.059168,119,9.172865e-04
3013,15.064168,119,9.172861e-04
3014,15.069168,119,9.172858e-04
3015,15.074168,119,9.172855e-04
3016,15.079168,119,9.172851e-04
3017,15.084168,119,9.172848e-04
3018,15.089168,119,9.172845e-04
3019,15.094168,119,9.172842e-04
3020,15.099168,119,9.172839e-04
3021,15.104168,119,9.172836e-04
3022,15.109168,119,9.172833e-04
3023,15.114168,119,9.172830e-04
3024,15.119168,119,9.172826e-04
3025,15.124168,119,9.172823e-04
3026,15.129168,119,9.172820e-04
3027,15.134168,119,9.172817e-04
3028,15.139168,119,9.172815e-04
3029,15.144168,119,9.172812e-04
3030,15.149168,119,9.172809e-04
3031,15.154168,119,9.172806e-04
3032,15.159168,119,9.172803e-04
3033,15.164168,119,9.172800e-04
3034,15.169168,119,9.172797e-04
3035,15.174168,119,9.172794e-04
3036,15.179168,119,9.172792e-04
3037,15.184168,119,9.172789e-04
3038,15.189168,119,9.172786e-04
3039,15.194168,119,9.172783e-04
3040,15.199168,119,9.172781e-04
3041,15.204168,119,9.172778e-04
3042,15.209168,119,9.172775e-04
3043,15.214168,119,9.172773e-04
3044,15.219168,119,9.172770e-04
3045,15.224168,119,9.172768e-04
3046,15.229168,119,9.172765e-04
3047,15.234168,119,9.172762e-04
3048,15.239168,119,9.172760e-04
3049,15.244168,119,9.172757e-04
3050,15.249168,119,9.172755e-04
3051,15.254168,119,9.172752e-04
3052,15.259168,119,9.172750e-04
3053,15.264168,119,9.172748e-04
3054,15.269168,119,9.172745e-04
3055,15.274168,119,9.172743e-04
3056,15.279168,119,9.172740e-04
3057,15.284168,119,9.172738e-04
3058,15.289168,119,9.172736e-04
3059,15.294168,119,9.172733e-04
3060,15.299168,119,9.172731e-04
3061,15.304168,119,9.172729e-04
3062,15.309168,119,9.172727e-04
3063,15.314168,119,9.172724e-04
3064,15.319168,119,9.172722e-04
3065,15.324168,119,9.172720e-04
3066,15.329168,119,9.172718e-04
3067,15.334168,119,9.172716e-04
3068,15.339168,119,9.172713e-04
3069,15.344168,119,9.172711e-04
3070,15.349168,119,9.172709e-04
3071,15.354168,119,9.172707e-04
3072,15.359168,119,9.172705e-04
3073,15.364168,119,9.172703e-04
3074,15.369168,119,9.172701e-04
3075,15.374168,119,9.172699e-04
3076,15.379168,119,9.172697e-04
3077,15.384168,119,9.172695e-04
3078,15.389168,119,9.172693e-04
3079,15.394168,119,9.172691e-04
3080,15.399168,119,9.172689e-04
3081,15.404168,119,9.172687e-04
3082,15.409168,119,9.172685e-04
3083,15.414168,119,9.172683e-04
3084,15.419168,119,9.172682e-04
3085,15.424168,119,9.172680e-04
3086,15.429168,119,9.172678e-04
3087,15.434168,119,9.172676e-04
3088,15.439168,119,9.172674e-04
3089,15.444168,119,9.172672e-04
3090,15.449168,119,9.172671e-04
3091,15.454168,119,9.172669e-04
3092,15.459168,119,9.172667e-04
3093,15.464168,119,9.172666e-04
3094,15.469168,119,9.172664e-04
3095,15.474168,119,9.172662e-04
3096,15.479168,119,9.172661e-04
3097,15.484168,119,9.172659e-04
3098,15.489168,119,9.172657e-04
3099,15.494168,119,9.172656e-04
3100,15.499168,119,9.172654e-04
3101,15.504168,119,9.172652e-04
3102,15.509168,119,9.172651e-04
3103,15.514168,119,9.172649e-04
3104,15.519168,119,9.172648e-04
3105,15.524168,119,9.172646e-04
3106,15.529168,119,9.172645e-04
3107,15.534168,119,9.172643e-04
3108,15.539168,119,9.172642e-04
3109,15.544168,119,9.172640e-04
3110,15.549168,119,9.172639e-04
3111,15.554168,119,9.172638e-04
3112,15.559168,119,9.172636e-04
3113,15.564168,119,9.172635e-04
3114,15.569168,119,9.172633e-04
3115,15.574168,119,9.172632e-04
3116,15.579168,119,9.172631e-04
3117,15.584168,119,9.172629e-04
3118,15.589168,119,9.172628e-04
3119,15.594168,119,9.172627e-04
3120,15.599168,119,9.172625e-04
3121,15.604168,119,9.172624e-04
3122,15.609168,119,9.172623e-04
3123,15.614168,119,9.172622e-04
3124,15.619168,119,9.172620e-04
3125,15.624168,119,9.172619e-04
3126,15.629168,119,9.172618e-04
3127,15.634168,119,9.172617e-04
3128,15.639168,119,9.172616e-04
3129,15.644168,119,9.172614e-04
3130,15.649168,119,9.172613e-04
3131,15.654168,119,9.172612e-04
3132,15.659168,119,9.172611e-04
3133,15.664168,119,9.172610e-04
3134,15.669168,119,9.172609e-04
3135,15.674168,119,9.172608e-04
3136,15.679168,119,9.172607e-04
3137,15.684168,119,9.172606e-04
3138,15.689168,119,9.172605e-04
3139,15.694168,119,9.172604e-04
3140,15.699168,119,9.172603e-04
3141,15.704168,119,9.172602e-04
3142,15.709168,119,9.172601e-04
3143,15.714168,119,9.172600e-04
3144,15.719168,119,9.172599e-04
3145,15.724168,119,9.172598e-04
3146,15.729168,119,9.172597e-04
3147,15.734168,119,9.172596e-04
3148,15.739168,119,9.172595e-04
3149,15.744168,119,9.172594e-04
3150,15.749168,119,9.172593e-04
3151,15.754168,119,9.172592e-04
3152,15.759168,119,9.172592e-04
3153,15.764168,119,9.172591e-04
3154,15.769168,119,9.172590e-04
3155,15.774168,119,9.172589e-04
3156,15.779168,119,9.172588e-04
3157,15.784168,119,9.172587e-04
3158,15.789168,119,9.172587e-04
3159,15.794168,119,9.172586e-04
3160,15.799168,119,9.172585e-04
3161,15.804168,119,9.172584e-04
3162,15.809168,119,9.172584e-04
3163,15.814168,119,9.172583e-04
3164,15.819168,119,9.172582e-04
3165,15.824168,119,9.172582e-04
3166,15.829168,119,9.172581e-04
3167,15.834168,119,9.172580e-04
3168,15.839168,119,9.172580e-04
3169,15.844168,119,9.172579e-04
3170,15.849168,119,9.172578e-04
3171,15.854168,119,9.172578e-04
3172,15.859168,119,9.172577e-04
3173,15.864168,119,9.172577e-04
3174,15.869168,119,9.172576e-04
3175,15.874168,119,9.172575e-04
3176,15.879168,119,9.172575e-04
3177,15.884168,119,9.172574e-04
3178,15.889168,119,9.172574e-04
3179,15.894168,119,9.172573e-04
3180,15.899168,119,9.172573e-04
3181,15.904168,119,9.172572e-04
3182,15.909168,119,9.172572e-04
3183,15.914168,119,9.172571e-04
3184,15.919168,119,9.172571e-04
3185,15.924168,119,9.172570e-04
3186,15.929168,119,9.172570e-04
3187,15.934168,119,9.172569e-04
3188,15.939168,119,9.172569e-04
3189,15.944168,119,9.172569e-04
3190,15.949168,119,9.172568e-04
3191,15.954168,119,9.172568e-04
3192,15.959168,119,9.172567e-04
3193,15.964168,119,9.172567e-04
3194,15.969168,119,9.172567e-04
3195,15.974168,119,9.172566e-04
3196,15.979168,119,9.172566e-04
3197,15.984168,119,9.172566e-04
3198,15.989168,119,9.172565e-04
3199,15.994168,119,9.172565e-04
3200,15.999168,119,9.172565e-04
3201,16.004168,119,9.172564e-04
3202,16.009168,119,9.172564e-04
3203,16.014168,119,9.172564e-04
3204,16.019168,119,9.172564e-04
3205,16.024168,119,9.172563e-04
3206,16.029168,119,9.172563e-04
3207,16.034168,119,9.172563e-04
3208,16.039168,119,9.172563e-04
3209,16.044168,119,9.172562e-04
3210,16.049168,119,9.172562e-04
3211,16.054168,119,9.172562e-04
3212,16.059168,119,9.172562e-04
3213,16.064168,119,9.172562e-04
3214,16.069168,119,9.172562e-04
3215,16.074168,119,9.172561e-04
3216,16.079168,119,9.172561e-04
3217,16.084168,119,9.172561e-04
3218,16.089168,119,9.172561e-04
3219,16.094168,119,9.172561e-04
3220,16.099168,119,9.172561e-04
3221,16.104168,119,9.172561e-04
3222,16.109168,119,9.172561e-04
3223,16.114168,119,9.172561e-04
3224,16.119168,119,9.172560e-04
3225,16.124168,119,9.172560e-04
3226,16.129168,119,9.172560e-04
3227,16.134168,119,9.172560e-04
3228,16.139168,119,9.172560e-04
3229,16.144168,119,9.172560e-04
3230,16.149168,119,9.172560e-04
3231,16.154168,119,9.172560e-04
3232,16.159168,119,9.172560e-04
3233,16.164168,119,9.172560e-04
3234,16.169168,119,9.172560e-04
3235,16.174168,119,9.172560e-04
3236,16.179168,119,9.172560e-04
3237,16.184168,119,9.172560e-04
3238,16.189168,119,9.172560e-04
3239,16.194168,119,9.172561e-04
3240,16.199168,119,9.172561e-04
3241,16.204168,119,9.172561e-04
3242,16.209168,119,9.172561e-04
3243,16.214168,119,9.172561e-04
3244,16.219168,119,9.172561e-04
3245,16.224168,119,9.172561e-04
3246,16.229168,119,9.172561e-04
3247,16.234168,119,9.172561e-04
3248,16.239168,119,9.172562e-04
3249,16.244168,119,9.172562e-04
3250,16.249168,119,9.172562e-04
3251,16.254168,119,9.172562e-04
3252,16.259168,119,9.172562e-04
3253,16.264168,119,9.172562e-04
3254,16.269168,119,9.172563e-04
3255,16.274168,119,9.172563e-04
3256,16.279168,119,9.172563e-04
3257,16.284168,119,9.172563e-04
3258,16.289168,119,9.172564e-04
3259,16.294168,119,9.172564e-04
3260,16.299168,119,9.172564e-04
3261,16.304168,119,9.172564e-04
3262,16.309168,119,9.172565e-04
3263,16.314168,119,9.172565e-04
3264,16.319168,119,9.172565e-04
3265,16.324168,119,9.172565e-04
3266,16.329168,119,9.172566e-04
3267,16.334168,119,9.172566e-04
3268,16.339168,119,9.172566e-04
3269,16.344168,119,9.172567e-04
3270,16.349168,119,9.172567e-04
3271,16.354168,119,9.172567e-04
3272,16.359168,119,9.172568e-04
3273,16.364168,119,9.172568e-04
3274,16.369168,119,9.172568e-04
3275,16.374168,119,9.172569e-04
3276,16.379168,119,9.172569e-04
3277,16.384168,119,9.172569e-04
3278,16.389168,119,9.172570e-04
3279,16.394168,119,9.172570e-04
3280,16.399168,119,9.172571e-04
3281,16.404168,119,9.172571e-04
3282,16.409168,119,9.172571e-04
3283,16.414168,119,9.172572e-04
3284,16.419168,119,9.172572e-04
3285,16.424168,119,9.172573e-04
3286,16.429168,119,9.172573e-04
3287,16.434168,119,9.172574e-04
3288,16.439168,119,9.172574e-04
3289,16.444168,119,9.172575e-04
3290,16.449168,119,9.172575e-04
3291,16.454168,119,9.172575e-04
3292,16.459168,119,9.172576e-04
3293,16.464168,119,9.172576e-04
3294,16.469168,119,9.172577e-04
3295,16.474168,119,9.172577e-04
3296,16.479168,119,9.172578e-04
3297,16.484168,119,9.172579e-04
3298,16.489168,119,9.172579e-04
3299,16.494168,119,9.172580e-04
3300,16.499168,119,9.172580e-04
3301,16.504168,119,9.172581e-04
3302,16.509168,119,9.172581e-04
3303,16.514168,119,9.172582e-04
3304,16.519168,119,9.172582e-04
3305,16.524168,119,9.172583e-04
3306,16.529168,119,9.172584e-04
3307,16.534168,119,9.172584e-04
3308,16.539168,119,9.172585e-04
3309,16.544168,119,9.172585e-04
3310,16.549168,119,9.172586e-04
3311,16.554168,119,9.172587e-04
3312,16.559168,119,9.172587e-04
3313,16.564168,119,9.172588e-04
3314,16.569168,119,9.172588e-04
3315,16.574168,119,9.172589e-04
3316,16.579168,119,9.172590e-04
3317,16.584168,119,9.172590e-04
3318,16.589168,119,9.172591e-04
3319,16.594168,119,9.172592e-04
3320,16.599168,119,9.172592e-04
3321,16.604168,119,9.172593e-04
3322,16.609168,119,9.172594e-04
3323,16.614168,119,9.172594e-04
3324,16.619168,119,9.172595e-04
3325,16.624168,119,9.172596e-04
3326,16.629168,119,9.172597e-04
3327,16.634168,119,9.172597e-04
3328,16.639168,119,9.172598e-04
3329,16.644168,119,9.172599e-04
3330,16.649168,119,9.172599e-04
3331,16.654168,119,9.172600e-04
3332,16.659168,119,9.172601e-04
3333,16.664168,119,9.172602e-04
3334,16.669168,119,9.172602e-04
3335,16.674168,119,9.172603e-04
3336,16.679168,119,9.172604e-04
3337,16.684168,119,9.172605e-04
3338,16.689168,119,9.172606e-04
3339,16.694168,119,9.172606e-04
3340,16.699168,119,9.172607e-04
3341,16.704168,119,9.172608e-04
3342,16.709168,119,9.172609e-04
3343,16.714168,119,9.172610e-04
3344,16.719168,119,9.172610e-04
3345,16.724168,119,9.172611e-04
3346,16.729168,119,9.172612e-04
3347,16.734168,119,9.172613e-04
3348,16.739168,119,9.172614e-04
3349,16.744168,119,9.172615e-04
3350,16.749168,119,9.172615e-04
3351,16.754168,119,9.172616e-04
3352,16.759168,119,9.172617e-04
3353,16.764168,119,9.172618e-04
3354,16.769168,119,9.172619e-04
3355,16.774168,119,9.172620e-04
3356,16.779168,119,9.172621e-04
3357,16.784168,119,9.172621e-04
3358,16.789168,119,9.172622e-04
3359,16.794168,119,9.172623e-04
3360,16.799168,119,9.172624e-04
3361,16.804168,119,9.172625e-04
3362,16.809168,119,9.172626e-04
3363,16.814168,119,9.172627e-04
3364,16.819168,119,9.172628e-04
3365,16.824168,119,9.172629e-04
3366,16.829168,119,9.172630e-04
3367,16.834168,119,9.172631e-04
3368,16.839168,119,9.172632e-04
3369,16.844168,119,9.172633e-04
3370,16.849168,119,9.172634e-04
3371,16.854168,119,9.172634e-04
3372,16.859168,119,9.172635e-04
3373,16.864168,119,9.172636e-04
3374,16.869168,119,9.172637e-04
3375,16.874168,119,9.172638e-04
3376,16.879168,119,9.172639e-04
3377,16.884168,119,9.172640e-04
3378,16.889168,119,9.172641e-04
3379,16.894168,119,9.172642e-04
3380,16.899168,119,9.172643e-04
3381,16.904168,119,9.172644e-04
3382,16.909168,119,9.172645e-04
3383,16.914168,119,9.172646e-04
3384,16.919168,119,9.172647e-04
3385,16.924168,119,9.172648e-04
3386,16.929168,119,9.172650e-04
3387,16.934168,119,9.172651e-04
3388,16.939168,119,9.172652e-04
3389,16.944168,119,9.172653e-04
3390,16.949168,119,9.172654e-04
3391,16.954168,119,9.172655e-04
3392,16.959168,119,9.172656e-04
3393,16.964168,119,9.172657e-04
3394,16.969168,119,9.172658e-04
3395,16.974168,119,9.172659e-04
3396,16.979168,119,9.172660e-04
3397,16.984168,119,9.172661e-04
3398,16.989168,119,9.172662e-04
3399,16.994168,119,9.172663e-04
3400,16.999168,119,9.172665e-04
3401,17.004168,119,9.172666e-04
3402,17.009168,119,9.172667e-04
3403,17.014168,119,9.172668e-04
3404,17.019168,119,9.172669e-04
3405,17.024168,119,9.172670e-04
3406,17.029168,119,9.172671e-04
3407,17.034168,119,9.172672e-04
3408,17.039168,119,9.172674e-04
3409,17.044168,119,9.172675e-04
3410,17.049168,119,9.172676e-04
3411,17.054168,119,9.172677e-04
3412,17.059168,119,9.172678e-04
3413,17.064168,119,9.172679e-04
3414,17.069168,119,9.172680e-04
3415,17.074168,119,9.172682e-04
3416,17.079168,119,9.172683e-04
3417,17.084168,119,9.172684e-04
3418,17.089168,119,9.172685e-04
3419,17.094168,119,9.172686e-04
3420,17.099168,119,9.172688e-04
3421,17.104168,119,9.172689e-04
3422,17.109168,119,9.172690e-04
3423,17.114168,119,9.172691e-04
3424,17.119168,119,9.172692e-04
3425,17.124168,119,9.172694e-04
3426,17.129168,119,9.172695e-04
3427,17.134168,119,9.172696e-04
3428,17.139168,119,9.172697e-04
3429,17.144168,119,9.172698e-04
3430,17.149168,119,9.172700e-04
3431,17.154168,119,9.172701e-04
3432,17.159168,119,9.172702e-04
3433,17.164168,119,9.172703e-04
3434,17.169168,119,9.172705e-04
3435,17.174168,119,9.172706e-04
3436,17.179168,119,9.172707e-04
3437,17.184168,119,9.172708e-04
3438,17.189168,119,9.172710e-04
3439,17.194168,119,9.172711e-04
3440,17.199168,119,9.172712e-04
3441,17.204168,119,9.172713e-04
3442,17.209168,119,9.172715e-04
3443,17.214168,119,9.172716e-04
3444,17.219168,119,9.172717e-04
3445,17.224168,119,9.172719e-04
3446,17.229168,119,9.172720e-04
3447,17.234168,119,9.172721e-04
3448,17.239168,119,9.172723e-04
3449,17.244168,119,9.172724e-04
3450,17.249168,119,9.172725e-04
3451,17.254168,119,9.172726e-04
3452,17.259168,119,9.172728e-04
3453,17.264168,119,9.172729e-04
3454,17.269168,119,9.172730e-04
3455,17.274168,119,9.172732e-04
3456,17.279168,119,9.172733e-04
3457,17.284168,119,9.172734e-04
3458,17.289168,119,9.172736e-04
3459,17.294168,119,9.172737e-04
3460,17.299168,119,9.172738e-04
3461,17.304168,119,9.172740e-04
3462,17.309168,119,9.172741e-04
3463,17.314168,119,9.172743e-04
3464,17.319168,119,9.172744e-04
3465,17.324168,119,9.172745e-04
3466,17.329168,119,9.172747e-04
3467,17.334168,119,9.172748e-04
3468,17.339168,119,9.172749e-04
3469,17.344168,119,9.172751e-04
3470,17.349168,119,9.172752e-04
3471,17.354168,119,9.172754e-04
3472,17.359168,119,9.172755e-04
3473,17.364168,119,9.172756e-04
3474,17.369168,119,9.172758e-04
3475,17.374168,119,9.172759e-04
3476,17.379168,119,9.172761e-04
3477,17.384168,119,9.172762e-04
3478,17.389168,119,9.172763e-04
3479,17.394168,119,9.172765e-04
3480,17.399168,119,9.172766e-04
3481,17.404168,119,9.172768e-04
3482,17.409168,119,9.172769e-04
3483,17.414168,119,9.172770e-04
3484,17.419168,119,9.172772e-04
3485,17.424168,119,9.172773e-04
3486,17.429168,119,9.172775e-04
3487,17.434168,119,9.172776e-04
3488,17.439168,119,9.172778e-04
3489,17.444168,119,9.172779e-04
3490,17.449168,119,9.172781e-04
3491,17.454168,119,9.172782e-04
3492,17.459168,119,9.172783e-04
3493,17.464168,119,9.172785e-04
3494,17.469168,119,9.172786e-04
3495,17.474168,119,9.172788e-04
3496,17.479168,119,9.172789e-04
3497,17.484168,119,9.172791e-04
3498,17.489168,119,9.172792e-04
3499,17.494168,119,9.172794e-04
3500,17.499168,119,9.172795e-04
3501,17.504168,119,9.172797e-04
3502,17.509168,119,9.172798e-04
3503,17.514168,119,9.172800e-04
3504,17.519168,119,9.172801e-04
3505,17.524168,119,9.172803e-04
3506,17.529168,119,9.172804e-04
3507,17.534168,119,9.172806e-04
3508,17.539168,119,9.172807e-04
3509,17.544168,119,9.172809e-04
3510,17.549168,119,9.172810e-04
3511,17.554168,119,9.172812e-04
3512,17.559168,119,9.172813e-04
3513,17.564168,119,9.172815e-04
3514,17.569168,119,9.172816e-04
3515,17.574168,119,9.172818e-04
3516,17.579168,119,9.172819e-04
3517,17.584168,119,9.172821e-04
3518,17.589168,119,9.172822e-04
3519,17.594168,119,9.172824e-04
3520,17.599168,119,9.172825e-04
3521,17.604168,119,9.172827e-04
3522,17.609168,119,9.172829e-04
3523,17.614168,119,9.172830e-04
3524,17.619168,119,9.172832e-04
3525,17.624168,119,9.172833e-04
3526,17.629168,119,9.172835e-04
3527,17.634168,119,9.172836e-04
3528,17.639168,119,9.172838e-04
3529,17.644168,119,9.172840e-04
3530,17.649168,119,9.172841e-04
3531,17.654168,119,9.172843e-04
3532,17.659168,119,9.172844e-04
3533,17.664168,119,9.172846e-04
3534,17.669168,119,9.172847e-04
3535,17.674168,119,9.172849e-04
3536,17.679168,119,9.172851e-04
3537,17.684168,119,9.172852e-04
3538,17.689168,119,9.172854e-04
3539,17.694168,119,9.172855e-04
3540,17.699168,119,9.172857e-04
3541,17.704168,119,9.172859e-04
3542,17.709168,119,9.172860e-04
3543,17.714168,119,9.172862e-04
3544,17.719168,119,9.172863e-04
3545,17.724168,119,9.172865e-04
3546,17.729168,119,9.172867e-04
3547,17.734168,119,9.172868e-04
3548,17.739168,119,9.172870e-04
3549,17.744168,119,9.172871e-04
3550,17.749168,119,9.172873e-04
3551,17.754168,119,9.172875e-04
3552,17.759168,119,9.172876e-04
3553,17.764168,119,9.172878e-04
3554,17.769168,119,9.172880e-04
3555,17.774168,119,9.172881e-04
3556,17.779168,119,9.172883e-04
3557,17.784168,119,9.172885e-04
3558,17.789168,119,9.172886e-04
3559,17.794168,119,9.172888e-04
3560,17.799168,119,9.172889e-04
3561,17.804168,119,9.172891e-04
3562,17.809168,119,9.172893e-04
3563,17.814168,119,9.172894e-04
3564,17.819168,119,9.172896e-04
3565,17.824168,119,9.172898e-04
3566,17.829168,119,9.172899e-04
3567,17.834168,119,9.172901e-04
3568,17.839168,119,9.172903e-04
3569,17.844168,119,9.172904e-04
3570,17.849168,119,9.172906e-04
3571,17.854168,119,9.172908e-04
3572,17.859168,119,9.172909e-04
3573,17.864168,119,9.172911e-04
3574,17.869168,119,9.172913e-04
3575,17.874168,119,9.172915e-04
3576,17.879168,119,9.172916e-04
3577,17.884168,119,9.172918e-04
3578,17.889168,119,9.172920e-04
3579,17.894168,119,9.172921e-04
3580,17.899168,119,9.172923e-04
3581,17.904168,119,9.172925e-04
3582,17.909168,119,9.172926e-04
3583,17.914168,119,9.172928e-04
3584,17.919168,119,9.172930e-04
3585,17.924168,119,9.172932e-04
3586,17.929168,119,9.172933e-04
3587,17.934168,119,9.172935e-04
3588,17.939168,119,9.172937e-04
3589,17.944168,119,9.172938e-04
3590,17.949168,119,9.172940e-04
3591,17.954168,119,9.172942e-04
3592,17.959168,119,9.172944e-04
3593,17.964168,119,9.172945e-04
3594,17.969168,119,9.172947e-04
3595,17.974168,119,9.172949e-04
3596,17.979168,119,9.172951e-04
3597,17.984168,119,9.172952e-04
3598,17.989168,119,9.172954e-04
3599,17.994168,119,9.172956e-04
3600,17.999168,119,9.172957e-04
3601,18.004168,119,9.172959e-04
3602,18.009168,119,9.172961e-04
3603,18.014168,119,9.172963e-04
3604,18.019168,119,9.172964e-04
3605,18.024168,119,9.172966e-04
3606,18.029168,119,9.172968e-04
3607,18.034168,119,9.172970e-04
3608,18.039168,119,9.172972e-04
3609,18.044168,119,9.172973e-04
3610,18.049168,119,9.172975e-04
3611,18.054168,119,9.172977e-04
3612,18.059168,119,9.172979e-04
3613,18.064168,119,9.172980e-04
3614,18.069168,119,9.172982e-04
3615,18.074168,119,9.172984e-04
3616,18.079168,119,9.172986e-04
3617,18.084168,119,9.172987e-04
3618,18.089168,119,9.172989e-04
3619,18.094168,119,9.172991e-04
3620,18.099168,119,9.172993e-04
3621,18.104168,119,9.172995e-04
3622,18.109168,119,9.172996e-04
3623,18.114168,119,9.172998e-04
3624,18.119168,119,9.173000e-04
3625,18.124168,119,9.173002e-04
3626,18.129168,119,9.173004e-04
3627,18.134168,119,9.173005e-04
3628,18.139168,119,9.173007e-04
3629,18.144168,119,9.173009e-04
3630,18.149168,119,9.173011e-04
3631,18.154168,119,9.173013e-04
3632,18.159168,119,9.173014e-04
3633,18.164168,119,9.173016e-04
3634,18.169168,119,9.173018e-04
3635,18.174168,119,9.173020e-04
3636,18.179168,119,9.173022e-04
3637,18.184168,119,9.173023e-04
3638,18.189168,119,9.173025e-04
3639,18.194168,119,9.173027e-04
3640,18.199168,119,9.173029e-04
3641,18.204168,119,9.173031e-04
3642,18.209168,119,9.173033e-04
3643,18.214168,119,9.173034e-04
3644,18.219168,119,9.173036e-04
3645,18.224168,119,9.173038e-04
3646,18.229168,119,9.173040e-04
3647,18.234168,119,9.173042e-04
3648,18.239168,119,9.173044e-04
3649,18.244168,119,9.173045e-04
3650,18.249168,119,9.173047e-04
3651,18.254168,119,9.173049e-04
3652,18.259168,119,9.173051e-04
3653,18.264168,119,9.173053e-04
3654,18.269168,119,9.173055e-04
3655,18.274168,119,9.173057e-04
3656,18.279168,119,9.173058e-04
3657,18.284168,119,9.173060e-04
3658,18.289168,119,9.173062e-04
3659,18.294168,119,9.173064e-04
3660,18.299168,119,9.173066e-04
3661,18.304168,119,9.173068e-04
3662,18.309168,119,9.173070e-04
3663,18.314168,119,9.173071e-04
3664,18.319168,119,9.173073e-04
3665,18.324168,119,9.173075e-04
3666,18.329168,119,9.173077e-04
3667,18.334168,119,9.173079e-04
3668,18.339168,119,9.173081e-04
3669,18.344168,119,9.173083e-04
3670,18.349168,119,9.173085e-04
3671,18.354168,119,9.173086e-04
3672,18.359168,119,9.173088e-04
3673,18.364168,119,9.173090e-04
3674,18.369168,119,9.173092e-04
3675,18.374168,119,9.173094e-04
3676,18.379168,119,9.173096e-04
3677,18.384168,119,9.173098e-04
3678,18.389168,119,9.173100e-04
3679,18.394168,119,9.173102e-04
3680,18.399168,119,9.173103e-04
3681,18.404168,119,9.173105e-04
3682,18.409168,119,9.173107e-04
3683,18.414168,119,9.173109e-04
3684,18.419168,119,9.173111e-04
3685,18.424168,119,9.173113e-04
3686,18.429168,119,9.173115e-04
3687,18.434168,119,9.173117e-04
3688,18.439168,119,9.173119e-04
3689,18.444168,119,9.173121e-04
3690,18.449168,119,9.173122e-04
3691,18.454168,119,9.173124e-04
3692,18.459168,119,9.173126e-04
3693,18.464168,119,9.173128e-04
3694,18.469168,119,9.173130e-04
3695,18.474168,119,9.173132e-04
3696,18.479168,119,9.173134e-04
3697,18.484168,119,9.173136e-04
3698,18.489168,119,9.173138e-04
3699,18.494168,119,9.173140e-04
3700,18.499168,119,9.173142e-04
3701,18.504168,119,9.173144e-04
3702,18.509168,119,9.173146e-04
3703,18.514168,119,9.173147e-04
3704,18.519168,119,9.173149e-04
3705,18.524168,119,9.173151e-04
3706,18.529168,119,9.173153e-04
3707,18.534168,119,9.173155e-04
3708,18.539168,119,9.173157e-04
3709,18.544168,119,9.173159e-04
3710,18.549168,119,9.173161e-04
3711,18.554168,119,9.173163e-04
3712,18.559168,119,9.173165e-04
3713,18.564168,119,9.173167e-04
3714,18.569168,119,9.173169e-04
3715,18.574168,119,9.173171e-04
3716,18.579168,119,9.173173e-04
3717,18.584168,119,9.173175e-04
3718,18.589168,119,9.173177e-04
3719,18.594168,119,9.173179e-04
3720,18.599168,119,9.173181e-04
3721,18.604168,119,9.173183e-04
3722,18.609168,119,9.173184e-04
3723,18.614168,119,9.173186e-04
3724,18.619168,119,9.173188e-04
3725,18.624168,119,9.173190e-04
3726,18.629168,119,9.173192e-04
3727,18.634168,119,9.173194e-04
3728,18.639168,119,9.173196e-04
3729,18.644168,119,9.173198e-04
3730,18.649168,119,9.173200e-04
3731,18.654168,119,9.173202e-04
3732,18.659168,119,9.173204e-04
3733,18.664168,119,9.173206e-04
3734,18.669168,119,9.173208e-04
3735,18.674168,119,9.173210e-04
3736,18.679168,119,9.173212e-04
3737,18.684168,119,9.173214e-04
3738,18.689168,119,9.173216e-04
3739,18.694168,119,9.173218e-04
3740,18.699168,119,9.173220e-04
3741,18.704168,119,9.173222e-04
3742,18.709168,119,9.173224e-04
3743,18.714168,119,9.173226e-04
3744,18.719168,119,9.173228e-04
3745,18.724168,119,9.173230e-04
3746,18.729168,119,9.173232e-04
3747,18.734168,119,9.173234e-04
3748,18.739168,119,9.173236e-04
3749,18.744168,119,9.173238e-04
3750,18.749168,119,9.173240e-04
3751,18.754168,119,9.173242e-04
3752,18.759168,119,9.173244e-04
3753,18.764168,119,9.173246e-04
3754,18.769168,119,9.173248e-04
3755,18.774168,119,9.173250e-04
3756,18.779168,119,9.173252e-04
3757,18.784168,119,9.173254e-04
3758,18.789168,119,9.173256e-04
3759,18.794168,119,9.173258e-04
3760,18.799168,119,9.173260e-04
3761,18.804168,119,9.173262e-04
3762,18.809168,119,9.173264e-04
3763,18.814168,119,9.173266e-04
3764,18.819168,119,9.173268e-04
3765,18.824168,119,9.173270e-04
3766,18.829168,119,9.173272e-04
3767,18.834168,119,9.173274e-04
3768,18.839168,119,9.173276e-04
3769,18.844168,119,9.173278e-04
3770,18.849168,119,9.173280e-04
3771,18.854168,119,9.173282e-04
3772,18.859168,119,9.173284e-04
3773,18.864168,119,9.173286e-04
3774,18.869168,119,9.173288e-04
3775,18.874168,119,9.173290e-04
3776,18.879168,119,9.173292e-04
3777,18.884168,119,9.173294e-04
3778,18.889168,119,9.173296e-04
3779,18.894168,119,9.173298e-04
3780,18.899168,119,9.173300e-04
3781,18.904168,119,9.173302e-04
3782,18.909168,119,9.173305e-04
3783,18.914168,119,9.173307e-04
3784,18.919168,119,9.173309e-04
3785,18.924168,119,9.173311e-04
3786,18.929168,119,9.173313e-04
3787,18.934168,119,9.173315e-04
3788,18.939168,119,9.173317e-04
3789,18.944168,119,9.173319e-04
3790,18.949168,119,9.173321e-04
3791,18.954168,119,9.173323e-04
3792,18.959168,119,9.173325e-04
3793,18.964168,119,9.173327e-04
3794,18.969168,119,9.173329e-04
3795,18.974168,119,9.173331e-04
3796,18.979168,119,9.173333e-04
3797,18.984168,119,9.173335e-04
3798,18.989168,119,9.173337e-04
3799,18.994168,119,9.173339e-04
3800,18.999168,119,9.173341e-04
3801,19.004168,119,9.173343e-04
3802,19.009168,119,9.173346e-04
3803,19.014168,119,9.173348e-04
3804,19.019168,119,9.173350e-04
3805,19.024168,119,9.173352e-04
3806,19.029168,119,9.173354e-04
3807,19.034168,119,9.173356e-04
3808,19.039168,119,9.173358e-04
3809,19.044168,119,9.173360e-04
3810,19.049168,119,9.173362e-04
3811,19.054168,119,9.173364e-04
3812,19.059168,119,9.173366e-04
3813,19.064168,119,9.173368e-04
3814,19.069168,119,9.173370e-04
3815,19.074168,119,9.173372e-04
3816,19.079168,119,9.173374e-04
3817,19.084168,119,9.173377e-04
3818,19.089168,119,9.173379e-04
3819,19.094168,119,9.173381e-04
3820,19.099168,119,9.173383e-04
3821,19.104168,119,9.173385e-04
3822,19.109168,119,9.173387e-04
3823,19.114168,119,9.173389e-04
3824,19.119168,119,9.173391e-04
3825,19.124168,119,9.173393e-04
3826,19.129168,119,9.173395e-04
3827,19.134168,119,9.173397e-04
3828,19.139168,119,9.173399e-04
3829,19.144168,119,9.173402e-04
3830,19.149168,119,9.173404e-04
3831,19.154168,119,9.173406e-04
3832,19.159168,119,9.173408e-04
3833,19.164168,119,9.173410e-04
3834,19.169168,119,9.173412e-04
3835,19.174168,119,9.173414e-04
3836,19.179168,119,9.173416e-04
3837,19.184168,119,9.173418e-04
3838,19.189168,119,9.173420e-04
3839,19.194168,119,9.173422e-04
3840,19.199168,119,9.173425e-04
3841,19.204168,119,9.173427e-04
3842,19.209168,119,9.173429e-04
3843,19.214168,119,9.173431e-04
3844,19.219168,119,9.173433e-04
3845,19.224168,119,9.173435e-04
3846,19.229168,119,9.173437e-04
3847,19.234168,119,9.173439e-04
3848,19.239168,119,9.173441e-04
3849,19.244168,119,9.173444e-04
3850,19.249168,119,9.173446e-04
3851,19.254168,119,9.173448e-04
3852,19.259168,119,9.173450e-04
3853,19.264168,119,9.173452e-04
3854,19.269168,119,9.173454e-04
3855,19.274168,119,9.173456e-04
3856,19.279168,119,9.173458e-04
3857,19.284168,119,9.173460e-04
3858,19.289168,119,9.173463e-04
3859,19.294168,119,9.173465e-04
3860,19.299168,119,9.173467e-04
3861,19.304168,119,9.173469e-04
3862,19.309168,119,9.173471e-04
3863,19.314168,119,9.173473e-04
3864,19.319168,119,9.173475e-04
3865,19.324168,119,9.173477e-04
3866,19.329168,119,9.173479e-04
3867,19.334168,119,9.173482e-04
3868,19.339168,119,9.173484e-04
3869,19.344168,119,9.173486e-04
3870,19.349168,119,9.173488e-04
3871,19.354168,119,9.173490e-04
3872,19.359168,119,9.173492e-04
3873,19.364168,119,9.173494e-04
3874,19.369168,119,9.173496e-04
3875,19.374168,119,9.173499e-04
3876,19.379168,119,9.173501e-04
3877,19.384168,119,9.173503e-04
3878,19.389168,119,9.173505e-04
3879,19.394168,119,9.173507e-04
3880,19.399168,119,9.173509e-04
3881,19.404168,119,9.173511e-04
3882,19.409168,119,9.173514e-04
3883,19.414168,119,9.173516e-04
3884,19.419168,119,9.173518e-04
3885,19.424168,119,9.173520e-04
3886,19.429168,119,9.173522e-04
3887,19.434168,119,9.173524e-04
3888,19.439168,119,9.173526e-04
3889,19.444168,119,9.173529e-04
3890,19.449168,119,9.173531e-04
3891,19.454168,119,9.173533e-04
3892,19.459168,119,9.173535e-04
3893,19.464168,119,9.173537e-04
3894,19.469168,119,9.173539e-04
3895,19.474168,119,9.173541e-04
3896,19.479168,119,9.173544e-04
3897,19.484168,119,9.173546e-04
3898,19.489168,119,9.173548e-04
3899,19.494168,119,9.173550e-04
3900,19.499168,119,9.173552e-04
3901,19.504168,119,9.173554e-04
3902,19.509168,119,9.173556e-04
3903,19.514168,119,9.173559e-04
3904,19.519168,119,9.173561e-04
3905,19.524168,119,9.173563e-04
3906,19.529168,119,9.173565e-04
3907,19.534168,119,9.173567e-04
3908,19.539168,119,9.173569e-04
3909,19.544168,119,9.173572e-04
3910,19.549168,119,9.173574e-04
3911,19.554168,119,9.173576e-04
3912,19.559168,119,9.173578e-04
3913,19.564168,119,9.173580e-04
3914,19.569168,119,9.173582e-04
3915,19.574168,119,9.173585e-04
3916,19.579168,119,9.173587e-04
3917,19.584168,119,9.173589e-04
3918,19.589168,119,9.173591e-04
3919,19.594168,119,9.173593e-04
3920,19.599168,119,9.173595e-04
3921,19.604168,119,9.173598e-04
3922,19.609168,119,9.173600e-04
3923,19.614168,119,9.173602e-04
3924,19.619168,119,9.173604e-04
3925,19.624168,119,9.173606e-04
3926,19.629168,119,9.173608e-04
3927,19.634168,119,9.173611e-04
3928,19.639168,119,9.173613e-04
3929,19.644168,119,9.173615e-04
3930,19.649168,119,9.173617e-04
3931,19.654168,119,9.173619e-04
3932,19.659168,119,9.173621e-04
3933,19.664168,119,9.173624e-04
3934,19.669168,119,9.173626e-04
3935,19.674168,119,9.173628e-04
3936,19.679168,119,9.173630e-04
3937,19.684168,119,9.173632e-04
3938,19.689168,119,9.173634e-04
3939,19.694168,119,9.173637e-04
3940,19.699168,119,9.173639e-04
3941,19.704168,119,9.173641e-04
3942,19.709168,119,9.173643e-04
3943,19.714168,119,9.173645e-04
3944,19.719168,119,9.173648e-04
3945,19.724168,119,9.173650e-04
3946,19.729168,119,9.173652e-04
3947,19.734168,119,9.173654e-04
3948,19.739168,119,9.173656e-04
3949,19.744168,119,9.173658e-04
3950,19.749168,119,9.173661e-04
3951,19.754168,119,9.173663e-04
3952,19.759168,119,9.173665e-04
3953,19.764168,119,9.173667e-04
3954,19.769168,119,9.173669e-04
3955,19.774168,119,9.173672e-04
3956,19.779168,119,9.173674e-04
3957,19.784168,119,9.173676e-04
3958,19.789168,119,9.173678e-04
3959,19.794168,119,9.173680e-04
3960,19.799168,119,9.173683e-04
3961,19.804168,119,9.173685e-04
3962,19.809168,119,9.173687e-04
3963,19.814168,119,9.173689e-04
3964,19.819168,119,9.173691e-04
3965,19.824168,119,9.173694e-04
3966,19.829168,119,9.173696e-04
3967,19.834168,119,9.173698e-04
3968,19.839168,119,9.173700e-04
3969,19.844168,119,9.173702e-04
3970,19.849168,119,9.173705e-04
3971,19.854168,119,9.173707e-04
3972,19.859168,119,9.173709e-04
3973,19.864168,119,9.173711e-04
3974,19.869168,119,9.173713e-04
3975,19.874168,119,9.173716e-04
3976,19.879168,119,9.173718e-04
3977,19.884168,119,9.173720e-04
3978,19.889168,119,9.173722e-04
3979,19.894168,119,9.173724e-04
3980,19.899168,119,9.173727e-04
3981,19.904168,119,9.173729e-04
3982,19.909168,119,9.173731e-04
3983,19.914168,119,9.173733e-04
3984,19.919168,119,9.173735e-04
3985,19.924168,119,9.173738e-04
3986,19.929168,119,9.173740e-04
3987,19.934168,119,9.173742e-04
3988,19.939168,119,9.173744e-04
3989,19.944168,119,9.173747e-04
3990,19.949168,119,9.173749e-04
3991,19.954168,119,9.173751e-04
3992,19.959168,119,9.173753e-04
3993,19.964168,119,9.173755e-04
3994,19.969168,119,9.173758e-04
3995,19.974168,119,9.173760e-04
3996,19.979168,119,9.173762e-04
3997,19.984168,119,9.173764e-04
3998,19.989168,119,9.173766e-04
3999,19.994168,119,9.173769e-04
4000,19.999168,119,9.173771e-04
4001,20.004168,119,9.173773e-04
4002,20.009168,119,9.173775e-04
4003,20.014168,119,9.173778e-04
4004,20.019168,119,9.173780e-04
4005,20.024168,119,9.173782e-04
4006,20.029168,119,9.173784e-04
4007,20.034168,119,9.173786e-04
4008,20.039168,119,9.173789e-04
4009,20.044168,119,9.173791e-04
4010,20.049168,119,9.173793e-04
4011,20.054168,119,9.173795e-04
4012,20.059168,119,9.173798e-04
4013,20.064168,119,9.173800e-04
4014,20.069168,119,9.173802e-04
4015,20.074168,119,9.173804e-04
4016,20.079168,119,9.173806e-04
4017,20.084168,119,9.173809e-04
4018,20.089168,119,9.173811e-04
4019,20.094168,119,9.173813e-04
4020,20.099168,119,9.173815e-04
4021,20.104168,119,9.173818e-04
4022,20.109168,119,9.173820e-04
4023,20.114168,119,9.173822e-04
4024,20.119168,119,9.173824e-04
4025,20.124168,119,9.173827e-04
4026,20.129168,119,9.173829e-04
4027,20.134168,119,9.173831e-04
4028,20.139168,119,9.173833e-04
4029,20.144168,119,9.173836e-04
4030,20.149168,119,9.173838e-04
4031,20.154168,119,9.173840e-04
4032,20.159168,119,9.173842e-04
4033,20.164168,119,9.173844e-04
4034,20.169168,119,9.173847e-04
4035,20.174168,119,9.173849e-04
4036,20.179168,119,9.173851e-04
4037,20.184168,119,9.173853e-04
4038,20.189168,119,9.173856e-04
4039,20.194168,119,9.173858e-04
4040,20.199168,119,9.173860e-04
4041,20.204168,119,9.173862e-04
4042,20.209168,119,9.173865e-04
4043,20.214168,119,9.173867e-04
4044,20.219168,119,9.173869e-04
4045,20.224168,119,9.173871e-04
4046,20.229168,119,9.173874e-04
4047,20.234168,119,9.173876e-04
4048,20.239168,119,9.173878e-04
4049,20.244168,119,9.173880e-04
4050,20.249168,119,9.173883e-04
4051,20.254168,119,9.173885e-04
4052,20.259168,119,9.173887e-04
4053,20.264168,119,9.173889e-04
4054,20.269168,119,9.173892e-04
4055,20.274168,119,9.173894e-04
4056,20.279168,119,9.173896e-04
4057,20.284168,119,9.173898e-04
4058,20.289168,119,9.173901e-04
4059,20.294168,119,9.173903e-04
4060,20.299168,119,9.173905e-04
4061,20.304168,119,9.173907e-04
4062,20.309168,119,9.173910e-04
4063,20.314168,119,9.173912e-04
4064,20.319168,119,9.173914e-04
4065,20.324168,119,9.173916e-04
4066,20.329168,119,9.173919e-04
4067,20.334168,119,9.173921e-04
4068,20.339168,119,9.173923e-04
4069,20.344168,119,9.173925e-04
4070,20.349168,119,9.173928e-04
4071,20.354168,119,9.173930e-04
4072,20.359168,119,9.173932e-04
4073,20.364168,119,9.173934e-04
4074,20.369168,119,9.173937e-04
4075,20.374168,119,9.173939e-04
4076,20.379168,119,9.173941e-04
4077,20.384168,119,9.173943e-04
4078,20.389168,119,9.173946e-04
4079,20.394168,119,9.173948e-04
4080,20.399168,119,9.173950e-04
4081,20.404168,119,9.173952e-04
4082,20.409168,119,9.173955e-04
4083,20.414168,119,9.173957e-04
4084,20.419168,119,9.173959e-04
4085,20.424168,119,9.173961e-04
4086,20.429168,119,9.173964e-04
4087,20.434168,119,9.173966e-04
4088,20.439168,119,9.173968e-04
4089,20.444168,119,9.173971e-04
4090,20.449168,119,9.173973e-04
4091,20.454168,119,9.173975e-04
4092,20.459168,119,9.173977e-04
4093,20.464168,119,9.173980e-04
4094,20.469168,119,9.173982e-04
4095,20.474168,119,9.173984e-04
4096,20.479168,119,9.173986e-04
4097,20.484168,119,9.173989e-04
4098,20.489168,119,9.173991e-04
4099,20.494168,119,9.173993e-04
4100,20.499168,119,9.173995e-04
4101,20.504168,119,9.173998e-04
4102,20.509168,119,9.174000e-04
4103,20.514168,119,9.174002e-04
4104,20.519168,119,9.174005e-04
4105,20.524168,119,9.174007e-04
4106,20.529168,119,9.174009e-04
4107,20.534168,119,9.174011e-04
4108,20.539168,119,9.174014e-04
4109,20.544168,119,9.174016e-04
4110,20.549168,119,9.174018e-04
4111,20.554168,119,9.174020e-04
4112,20.559168,119,9.174023e-04
4113,20.564168,119,9.174025e-04
4114,20.569168,119,9.174027e-04
4115,20.574168,119,9.174030e-04
4116,20.579168,119,9.174032e-04
4117,20.584168,119,9.174034e-04
4118,20.589168,119,9.174036e-04
4119,20.594168,119,9.174039e-04
4120,20.599168,119,9.174041e-04
4121,20.604168,119,9.174043e-04
4122,20.609168,119,9.174045e-04
4123,20.614168,119,9.174048e-04
4124,20.619168,119,9.174050e-04
4125,20.624168,119,9.174052e-04
4126,20.629168,119,9.174055e-04
4127,20.634168,119,9.174057e-04
4128,20.639168,119,9.174059e-04
4129,20.644168,119,9.174061e-04
4130,20.649168,119,9.174064e-04
4131,20.654168,119,9.174066e-04
4132,20.659168,119,9.174068e-04
4133,20.664168,119,9.174071e-04
4134,20.669168,119,9.174073e-04
4135,20.674168,119,9.174075e-04
4136,20.679168,119,9.174077e-04
4137,20.684168,119,9.174080e-04
4138,20.689168,119,9.174082e-04
4139,20.694168,119,9.174084e-04
4140,20.699168,119,9.174087e-04
4141,20.704168,119,9.174089e-04
4142,20.709168,119,9.174091e-04
4143,20.714168,119,9.174093e-04
4144,20.719168,119,9.174096e-04
4145,20.724168,119,9.174098e-04
4146,20.729168,119,9.174100e-04
4147,20.734168,119,9.174103e-04
4148,20.739168,119,9.174105e-04
4149,20.744168,119,9.174107e-04
4150,20.749168,119,9.174109e-04
4151,20.754168,119,9.174112e-04
4152,20.759168,119,9.174114e-04
4153,20.764168,119,9.174116e-04
4154,20.769168,119,9.174119e-04
4155,20.774168,119,9.174121e-04
4156,20.779168,119,9.174123e-04
4157,20.784168,119,9.174125e-04
4158,20.789168,119,9.174128e-04
4159,20.794168,119,9.174130e-04
4160,20.799168,119,9.174132e-04
4161,20.804168,119,9.174135e-04
4162,20.809168,119,9.174137e-04
4163,20.814168,119,9.174139e-04
4164,20.819168,119,9.174141e-04
4165,20.824168,119,9.174144e-04
4166,20.829168,119,9.174146e-04
4167,20.834168,119,9.174148e-04
4168,20.839168,119,9.174151e-04
4169,20.844168,119,9.174153e-04
4170,20.849168,119,9.174155e-04
4171,20.854168,119,9.174158e-04
4172,20.859168,119,9.174160e-04
4173,20.864168,119,9.174162e-04
4174,20.869168,119,9.174164e-04
4175,20.874168,119,9.174167e-04
4176,20.879168,119,9.174169e-04
4177,20.884168,119,9.174171e-04
4178,20.889168,119,9.174174e-04
4179,20.894168,119,9.174176e-04
4180,20.899168,119,9.174178e-04
4181,20.904168,119,9.174181e-04
4182,20.909168,119,9.174183e-04
4183,20.914168,119,9.174185e-04
4184,20.919168,119,9.174187e-04
4185,20.924168,119,9.174190e-04
4186,20.929168,119,9.174192e-04
4187,20.934168,119,9.174194e-04
4188,20.939168,119,9.174197e-04
4189,20.944168,119,9.174199e-04
4190,20.949168,119,9.174201e-04
4191,20.954168,119,9.174204e-04
4192,20.959168,119,9.174206e-04
4193,20.964168,119,9.174208e-04
4194,20.969168,119,9.174210e-04
4195,20.974168,119,9.174213e-04
4196,20.979168,119,9.174215e-04
4197,20.984168,119,9.174217e-04
4198,20.989168,119,9.174220e-04
4199,20.994168,119,9.174222e-04
4200,20.999168,119,9.174224e-04
4201,21.004168,119,9.174227e-04
4202,21.009168,119,9.174229e-04
4203,21.014168,119,9.174231e-04
4204,21.019168,119,9.174233e-04
4205,21.024168,119,9.174236e-04
4206,21.029168,119,9.174238e-04
4207,21.034168,119,9.174240e-04
4208,21.039168,119,9.174243e-04
4209,21.044168,119,9.174245e-04
4210,21.049168,119,9.174247e-04
4211,21.054168,119,9.174250e-04
4212,21.059168,119,9.174252e-04
4213,21.064168,119,9.174254e-04
4214,21.069168,119,9.174257e-04
4215,21.074168,119,9.174259e-04
4216,21.079168,119,9.174261e-04
4217,21.084168,119,9.174263e-04
4218,21.089168,119,9.174266e-04
4219,21.094168,119,9.174268e-04
4220,21.099168,119,9.174270e-04
4221,21.104168,119,9.174273e-04
4222,21.109168,119,9.174275e-04
4223,21.114168,119,9.174277e-04
4224,21.119168,119,9.174280e-04
4225,21.124168,119,9.174282e-04
4226,21.129168,119,9.174284e-04
4227,21.134168,119,9.174287e-04
4228,21.139168,119,9.174289e-04
4229,21.144168,119,9.174291e-04
4230,21.149168,119,9.174294e-04
4231,21.154168,119,9.174296e-04
4232,21.159168,119,9.174298e-04
4233,21.164168,119,9.174300e-04
4234,21.169168,119,9.174303e-04
4235,21.174168,119,9.174305e-04
4236,21.179168,119,9.174307e-04
4237,21.184168,119,9.174310e-04
4238,21.189168,119,9.174312e-04
4239,21.194168,119,9.174314e-04
4240,21.199168,119,9.174317e-04
4241,21.204168,119,9.174319e-04
4242,21.209168,119,9.174321e-04
4243,21.214168,119,9.174324e-04
4244,21.219168,119,9.174326e-04
4245,21.224168,119,9.174328e-04
4246,21.229168,119,9.174331e-04
4247,21.234168,119,9.174333e-04
4248,21.239168,119,9.174335e-04
4249,21.244168,119,9.174338e-04
4250,21.249168,119,9.174340e-04
4251,21.254168,119,9.174342e-04
4252,21.259168,119,9.174345e-04
4253,21.264168,119,9.174347e-04
4254,21.269168,119,9.174349e-04
4255,21.274168,119,9.174351e-04
4256,21.279168,119,9.174354e-04
4257,21.284168,119,9.174356e-04
4258,21.289168,119,9.174358e-04
4259,21.294168,119,9.174361e-04
4260,21.299168,119,9.174363e-04
4261,21.304168,119,9.174365e-04
4262,21.309168,119,9.174368e-04
4263,21.314168,119,9.174370e-04
4264,21.319168,119,9.174372e-04
4265,21.324168,119,9.174375e-04
4266,21.329168,119,9.174377e-04
4267,21.334168,119,9.174379e-04
4268,21.339168,119,9.174382e-04
4269,21.344168,119,9.174384e-04
4270,21.349168,119,9.174386e-04
4271,21.354168,119,9.174389e-04
4272,21.359168,119,9.174391e-04
4273,21.364168,119,9.174393e-04
4274,21.369168,119,9.174396e-04
4275,21.374168,119,9.174398e-04
4276,21.379168,119,9.174400e-04
4277,21.384168,119,9.174403e-04
4278,21.389168,119,9.174405e-04
4279,21.394168,119,9.174407e-04
4280,21.399168,119,9.174410e-04
4281,21.404168,119,9.174412e-04
4282,21.409168,119,9.174414e-04
4283,21.414168,119,9.174417e-04
4284,21.419168,119,9.174419e-04
4285,21.424168,119,9.174421e-04
4286,21.429168,119,9.174424e-04
4287,21.434168,119,9.174426e-04
4288,21.439168,119,9.174428e-04
4289,21.444168,119,9.174431e-04
4290,21.449168,119,9.174433e-04
4291,21.454168,119,9.174435e-04
4292,21.459168,119,9.174438e-04
4293,21.464168,119,9.174440e-04
4294,21.469168,119,9.174442e-04
4295,21.474168,119,9.174445e-04
4296,21.479168,119,9.174447e-04
4297,21.484168,119,9.174449e-04
4298,21.489168,119,9.174452e-04
4299,21.494168,119,9.174454e-04
4300,21.499168,119,9.174456e-04
4301,21.504168,119,9.174459e-04
4302,21.509168,119,9.174461e-04
4303,21.514168,119,9.174463e-04
4304,21.519168,119,9.174465e-04
4305,21.524168,119,9.174468e-04
4306,21.529168,119,9.174470e-04
4307,21.534168,119,9.174472e-04
4308,21.539168,119,9.174475e-04
4309,21.544168,119,9.174477e-04
4310,21.549168,119,9.174479e-04
4311,21.554168,119,9.174482e-04
4312,21.559168,119,9.174484e-04
4313,21.564168,119,9.174487e-04
4314,21.569168,119,9.174489e-04
4315,21.574168,119,9.174491e-04
4316,21.579168,119,9.174494e-04
4317,21.584168,119,9.174496e-04
4318,21.589168,119,9.174498e-04
4319,21.594168,119,9.174501e-04
4320,21.599168,119,9.174503e-04
4321,21.604168,119,9.174505e-04
4322,21.609168,119,9.174508e-04
4323,21.614168,119,9.174510e-04
4324,21.619168,119,9.174512e-04
4325,21.624168,119,9.174515e-04
4326,21.629168,119,9.174517e-04
4327,21.634168,119,9.174519e-04
4328,21.639168,119,9.174522e-04
4329,21.644168,119,9.174524e-04
4330,21.649168,119,9.174526e-04
4331,21.654168,119,9.174529e-04
4332,21.659168,119,9.174531e-04
4333,21.664168,119,9.174533e-04
4334,21.669168,119,9.174536e-04
4335,21.674168,119,9.174538e-04
4336,21.679168,119,9.174540e-04
4337,21.684168,119,9.174543e-04
4338,21.689168,119,9.174545e-04
4339,21.694168,119,9.174547e-04
4340,21.699168,119,9.174550e-04
4341,21.704168,119,9.174552e-04
4342,21.709168,119,9.174554e-04
4343,21.714168,119,9.174557e-04
4344,21.719168,119,9.174559e-04
4345,21.724168,119,9.174561e-04
4346,21.729168,119,9.174564e-04
4347,21.734168,119,9.174566e-04
4348,21.739168,119,9.174568e-04
4349,21.744168,119,9.174571e-04
4350,21.749168,119,9.174573e-04
4351,21.754168,119,9.174575e-04
4352,21.759168,119,9.174578e-04
4353,21.764168,119,9.174580e-04
4354,21.769168,119,9.174582e-04
4355,21.774168,119,9.174585e-04
4356,21.779168,119,9.174587e-04
4357,21.784168,119,9.174589e-04
4358,21.789168,119,9.174592e-04
4359,21.794168,119,9.174594e-04
4360,21.799168,119,9.174596e-04
4361,21.804168,119,9.174599e-04
4362,21.809168,119,9.174601e-04
4363,21.814168,119,9.174604e-04
4364,21.819168,119,9.174606e-04
4365,21.824168,119,9.174608e-04
4366,21.829168,119,9.174611e-04
4367,21.834168,119,9.174613e-04
4368,21.839168,119,9.174615e-04
4369,21.844168,119,9.174618e-04
4370,21.849168,119,9.174620e-04
4371,21.854168,119,9.174622e-04
4372,21.859168,119,9.174625e-04
4373,21.864168,119,9.174627e-04
4374,21.869168,119,9.174629e-04
4375,21.874168,119,9.174632e-04
4376,21.879168,119,9.174634e-04
4377,21.884168,119,9.174636e-04
4378,21.889168,119,9.174639e-04
4379,21.894168,119,9.174641e-04
4380,21.899168,119,9.174643e-04
4381,21.904168,119,9.174646e-04
4382,21.909168,119,9.174648e-04
4383,21.914168,119,9.174650e-04
4384,21.919168,119,9.174653e-04
4385,21.924168,119,9.174655e-04
4386,21.929168,119,9.174657e-04
4387,21.934168,119,9.174660e-04
4388,21.939168,119,9.174662e-04
4389,21.944168,119,9.174665e-04
4390,21.949168,119,9.174667e-04
4391,21.954168,119,9.174669e-04
4392,21.959168,119,9.174672e-04
4393,21.964168,119,9.174674e-04
4394,21.969168,119,9.174676e-04
4395,21.974168,119,9.174679e-04
4396,21.979168,119,9.174681e-04
4397,21.984168,119,9.174683e-04
4398,21.989168,119,9.174686e-04
4399,21.994168,119,9.174688e-04
4400,21.999168,119,9.174690e-04
4401,22.004168,119,9.174693e-04
4402,22.009168,119,9.174695e-04
4403,22.014168,119,9.174697e-04
4404,22.019168,119,9.174700e-04
4405,22.024168,119,9.174702e-04
4406,22.029168,119,9.174705e-04
4407,22.034168,119,9.174707e-04
4408,22.039168,119,9.174709e-04
4409,22.044168,119,9.174712e-04
4410,22.049168,119,9.174714e-04
4411,22.054168,119,9.174716e-04
4412,22.059168,119,9.174719e-04
4413,22.064168,119,9.174721e-04
4414,22.069168,119,9.174723e-04
4415,22.074168,119,9.174726e-04
4416,22.079168,119,9.174728e-04
4417,22.084168,119,9.174730e-04
4418,22.089168,119,9.174733e-04
4419,22.094168,119,9.174735e-04
4420,22.099168,119,9.174737e-04
4421,22.104168,119,9.174740e-04
4422,22.109168,119,9.174742e-04
4423,22.114168,119,9.174745e-04
4424,22.119168,119,9.174747e-04
4425,22.124168,119,9.174749e-04
4426,22.129168,119,9.174752e-04
4427,22.134168,119,9.174754e-04
4428,22.139168,119,9.174756e-04
4429,22.144168,119,9.174759e-04
4430,22.149168,119,9.174761e-04
4431,22.154168,119,9.174763e-04
4432,22.159168,119,9.174766e-04
4433,22.164168,119,9.174768e-04
4434,22.169168,119,9.174770e-04
4435,22.174168,119,9.174773e-04
4436,22.179168,119,9.174775e-04
4437,22.184168,119,9.174778e-04
4438,22.189168,119,9.174780e-04
4439,22.194168,119,9.174782e-04
4440,22.199168,119,9.174785e-04
4441,22.204168,119,9.174787e-04
4442,22.209168,119,9.174789e-04
4443,22.214168,119,9.174792e-04
4444,22.219168,119,9.174794e-04
4445,22.224168,119,9.174796e-04
4446,22.229168,119,9.174799e-04
4447,22.234168,119,9.174801e-04
4448,22.239168,119,9.174803e-04
4449,22.244168,119,9.174806e-04
4450,22.249168,119,9.174808e-04
4451,22.254168,119,9.174811e-04
4452,22.259168,119,9.174813e-04
4453,22.264168,119,9.174815e-04
4454,22.269168,119,9.174818e-04
4455,22.274168,119,9.174820e-04
4456,22.279168,119,9.174822e-04
4457,22.284168,119,9.174825e-04
4458,22.289168,119,9.174827e-04
4459,22.294168,119,9.174829e-04
4460,22.299168,119,9.174832e-04
4461,22.304168,119,9.174834e-04
4462,22.309168,119,9.174837e-04
4463,22.314168,119,9.174839e-04
4464,22.319168,119,9.174841e-04
4465,22.324168,119,9.174844e-04
4466,22.329168,119,9.174846e-04
4467,22.334168,119,9.174848e-04
4468,22.339168,119,9.174851e-04
4469,22.344168,119,9.174853e-04
4470,22.349168,119,9.174855e-04
4471,22.354168,119,9.174858e-04
4472,22.359168,119,9.174860e-04
4473,22.364168,119,9.174862e-04
4474,22.369168,119,9.174865e-04
4475,22.374168,119,9.174867e-04
4476,22.379168,119,9.174870e-04
4477,22.384168,119,9.174872e-04
4478,22.389168,119,9.174874e-04
4479,22.394168,119,9.174877e-04
4480,22.399168,119,9.174879e-04
4481,22.404168,119,9.174881e-04
4482,22.409168,119,9.174884e-04
4483,22.414168,119,9.174886e-04
4484,22.419168,119,9.174888e-04
4485,22.424168,119,9.174891e-04
4486,22.429168,119,9.174893e-04
4487,22.434168,119,9.174896e-04
4488,22.439168,119,9.174898e-04
4489,22.444168,119,9.174900e-04
4490,22.449168,119,9.174903e-04
4491,22.454168,119,9.174905e-04
4492,22.459168,119,9.174907e-04
4493,22.464168,119,9.174910e-04
4494,22.469168,119,9.174912e-04
4495,22.474168,119,9.174914e-04
4496,22.479168,119,9.174917e-04
4497,22.484168,119,9.174919e-04
4498,22.489168,119,9.174922e-04
4499,22.494168,119,9.174924e-04
4500,22.499168,119,9.174926e-04
4501,22.504168,119,9.174929e-04
4502,22.509168,119,9.174931e-04
4503,22.514168,119,9.174933e-04
4504,22.519168,119,9.174936e-04
4505,22.524168,119,9.174938e-04
4506,22.529168,119,9.174941e-04
4507,22.534168,119,9.174943e-04
4508,22.539168,119,9.174945e-04
4509,22.544168,119,9.174948e-04
4510,22.549168,119,9.174950e-04
4511,22.554168,119,9.174952e-04
4512,22.559168,119,9.174955e-04
4513,22.564168,119,9.174957e-04
4514,22.569168,119,9.174959e-04
4515,22.574168,119,9.174962e-04
4516,22.579168,119,9.174964e-04
4517,22.584168,119,9.174967e-04
4518,22.589168,119,9.174969e-04
4519,22.594168,119,9.174971e-04
4520,22.599168,119,9.174974e-04
4521,22.604168,119,9.174976e-04
4522,22.609168,119,9.174978e-04
4523,22.614168,119,9.174981e-04
4524,22.619168,119,9.174983e-04
4525,22.624168,119,9.174986e-04
4526,22.629168,119,9.174988e-04
4527,22.634168,119,9.174990e-04
4528,22.639168,119,9.174993e-04
4529,22.644168,119,9.174995e-04
4530,22.649168,119,9.174997e-04
4531,22.654168,119,9.175000e-04
4532,22.659168,119,9.175002e-04
4533,22.664168,119,9.175004e-04
4534,22.669168,119,9.175007e-04
4535,22.674168,119,9.175009e-04
4536,22.679168,119,9.175012e-04
4537,22.684168,119,9.175014e-04
4538,22.689168,119,9.175016e-04
4539,22.694168,119,9.175019e-04
4540,22.699168,119,9.175021e-04
4541,22.704168,119,9.175023e-04
4542,22.709168,119,9.175026e-04
4543,22.714168,119,9.175028e-04
4544,22.719168,119,9.175031e-04
4545,22.724168,119,9.175033e-04
4546,22.729168,119,9.175035e-04
4547,22.734168,119,9.175038e-04
4548,22.739168,119,9.175040e-04
4549,22.744168,119,9.175042e-04
4550,22.749168,119,9.175045e-04
4551,22.754168,119,9.175047e-04
4552,22.759168,119,9.175050e-04
4553,22.764168,119,9.175052e-04
4554,22.769168,119,9.175054e-04
4555,22.774168,119,9.175057e-04
4556,22.779168,119,9.175059e-04
4557,22.784168,119,9.175061e-04
4558,22.789168,119,9.175064e-04
4559,22.794168,119,9.175066e-04
4560,22.799168,119,9.175069e-04
4561,22.804168,119,9.175071e-04
4562,22.809168,119,9.175073e-04
4563,22.814168,119,9.175076e-04
4564,22.819168,119,9.175078e-04
4565,22.824168,119,9.175080e-04
4566,22.829168,119,9.175083e-04
4567,22.834168,119,9.175085e-04
4568,22.839168,119,9.175087e-04
4569,22.844168,119,9.175090e-04
4570,22.849168,119,9.175092e-04
4571,22.854168,119,9.175095e-04
4572,22.859168,119,9.175097e-04
4573,22.864168,119,9.175099e-04
4574,22.869168,119,9.175102e-04
4575,22.874168,119,9.175104e-04
4576,22.879168,119,9.175106e-04
4577,22.884168,119,9.175109e-04
4578,22.889168,119,9.175111e-04
4579,22.894168,119,9.175114e-04
4580,22.899168,119,9.175116e-04
4581,22.904168,119,9.175118e-04
4582,22.909168,119,9.175121e-04
4583,22.914168,119,9.175123e-04
4584,22.919168,119,9.175125e-04
4585,22.924168,119,9.175128e-04
4586,22.929168,119,9.175130e-04
4587,22.934168,119,9.175133e-04
4588,22.939168,119,9.175135e-04
4589,22.944168,119,9.175137e-04
4590,22.949168,119,9.175140e-04
4591,22.954168,119,9.175142e-04
4592,22.959168,119,9.175144e-04
4593,22.964168,119,9.175147e-04
4594,22.969168,119,9.175149e-04
4595,22.974168,119,9.175152e-04
4596,22.979168,119,9.175154e-04
4597,22.984168,119,9.175156e-04
4598,22.989168,119,9.175159e-04
4599,22.994168,119,9.175161e-04
4600,22.999168,119,9.175164e-04
4601,23.004168,119,9.175166e-04
4602,23.009168,119,9.175168e-04
4603,23.014168,119,9.175171e-04
4604,23.019168,119,9.175173e-04
4605,23.024168,119,9.175175e-04
4606,23.029168,119,9.175178e-04
4607,23.034168,119,9.175180e-04
4608,23.039168,119,9.175183e-04
4609,23.044168,119,9.175185e-04
4610,23.049168,119,9.175187e-04
4611,23.054168,119,9.175190e-04
4612,23.059168,119,9.175192e-04
4613,23.064168,119,9.175194e-04
4614,23.069168,119,9.175197e-04
4615,23.074168,119,9.175199e-04
4616,23.079168,119,9.175202e-04
4617,23.084168,119,9.175204e-04
4618,23.089168,119,9.175206e-04
4619,23.094168,119,9.175209e-04
4620,23.099168,119,9.175211e-04
4621,23.104168,119,9.175213e-04
4622,23.109168,119,9.175216e-04
4623,23.114168,119,9.175218e-04
4624,23.119168,119,9.175221e-04
4625,23.124168,119,9.175223e-04
4626,23.129168,119,9.175225e-04
4627,23.134168,119,9.175228e-04
4628,23.139168,119,9.175230e-04
4629,23.144168,119,9.175232e-04
4630,23.149168,119,9.175235e-04
4631,23.154168,119,9.175237e-04
4632,23.159168,119,9.175240e-04
4633,23.164168,119,9.175242e-04
4634,23.169168,119,9.175244e-04
4635,23.174168,119,9.175247e-04
4636,23.179168,119,9.175249e-04
4637,23.184168,119,9.175252e-04
4638,23.189168,119,9.175254e-04
4639,23.194168,119,9.175256e-04
4640,23.199168,119,9.175259e-04
4641,23.204168,119,9.175261e-04
4642,23.209168,119,9.175263e-04
4643,23.214168,119,9.175266e-04
4644,23.219168,119,9.175268e-04
4645,23.224168,119,9.175271e-04
4646,23.229168,119,9.175273e-04
4647,23.234168,119,9.175275e-04
4648,23.239168,119,9.175278e-04
4649,23.244168,119,9.175280e-04
4650,23.249168,119,9.175282e-04
4651,23.254168,119,9.175285e-04
4652,23.259168,119,9.175287e-04
4653,23.264168,119,9.175290e-04
4654,23.269168,119,9.175292e-04
4655,23.274168,119,9.175294e-04
4656,23.279168,119,9.175297e-04
4657,23.284168,119,9.175299e-04
4658,23.289168,119,9.175302e-04
4659,23.294168,119,9.175304e-04
4660,23.299168,119,9.175306e-04
4661,23.304168,119,9.175309e-04
4662,23.309168,119,9.175311e-04
4663,23.314168,119,9.175313e-04
4664,23.319168,119,9.175316e-04
4665,23.324168,119,9.175318e-04
4666,23.329168,119,9.175321e-04
4667,23.334168,119,9.175323e-04
4668,23.339168,119,9.175325e-04
4669,23.344168,119,9.175328e-04
4670,23.349168,119,9.175330e-04
4671,23.354168,119,9.175332e-04
4672,23.359168,119,9.175335e-04
4673,23.364168,119,9.175337e-04
4674,23.369168,119,9.175340e-04
4675,23.374168,119,9.175342e-04
4676,23.379168,119,9.175344e-04
4677,23.384168,119,9.175347e-04
4678,23.389168,119,9.175349e-04
4679,23.394168,119,9.175352e-04
4680,23.399168,119,9.175354e-04
4681,23.404168,119,9.175356e-04
4682,23.409168,119,9.175359e-04
4683,23.414168,119,9.175361e-04
4684,23.419168,119,9.175363e-04
4685,23.424168,119,9.175366e-04
4686,23.429168,119,9.175368e-04
4687,23.434168,119,9.175371e-04
4688,23.439168,119,9.175373e-04
4689,23.444168,119,9.175375e-04
4690,23.449168,119,9.175378e-04
4691,23.454168,119,9.175380e-04
4692,23.459168,119,9.175383e-04
4693,23.464168,119,9.175385e-04
4694,23.469168,119,9.175387e-04
4695,23.474168,119,9.175390e-04
4696,23.479168,119,9.175392e-04
4697,23.484168,119,9.175394e-04
4698,23.489168,119,9.175397e-04
4699,23.494168,119,9.175399e-04
4700,23.499168,119,9.175402e-04
4701,23.504168,119,9.175404e-04
4702,23.509168,119,9.175406e-04
4703,23.514168,119,9.175409e-04
4704,23.519168,119,9.175411e-04
4705,23.524168,119,9.175414e-04
4706,23.529168,119,9.175416e-04
4707,23.534168,119,9.175418e-04
4708,23.539168,119,9.175421e-04
4709,23.544168,119,9.175423e-04
4710,23.549168,119,9.175425e-04
4711,23.554168,119,9.175428e-04
4712,23.559168,119,9.175430e-04
4713,23.564168,119,9.175433e-04
4714,23.569168,119,9.175435e-04
4715,23.574168,119,9.175437e-04
4716,23.579168,119,9.175440e-04
4717,23.584168,119,9.175442e-04
4718,23.589168,119,9.175445e-04
4719,23.594168,119,9.175447e-04
4720,23.599168,119,9.175449e-04
4721,23.604168,119,9.175452e-04
4722,23.609168,119,9.175454e-04
4723,23.614168,119,9.175456e-04
4724,23.619168,119,9.175459e-04
4725,23.624168,119,9.175461e-04
4726,23.629168,119,9.175464e-04
4727,23.634168,119,9.175466e-04
4728,23.639168,119,9.175468e-04
4729,23.644168,119,9.175471e-04
4730,23.649168,119,9.175473e-04
4731,23.654168,119,9.175476e-04
4732,23.659168,119,9.175478e-04
4733,23.664168,119,9.175480e-04
4734,23.669168,119,9.175483e-04
4735,23.674168,119,9.175485e-04
4736,23.679168,119,9.175487e-04
4737,23.684168,119,9.175490e-04
4738,23.689168,119,9.175492e-04
4739,23.694168,119,9.175495e-04
4740,23.699168,119,9.175497e-04
4741,23.704168,119,9.175499e-04
4742,23.709168,119,9.175502e-04
4743,23.714168,119,9.175504e-04
4744,23.719168,119,9.175507e-04
4745,23.724168,119,9.175509e-04
4746,23.729168,119,9.175511e-04
4747,23.734168,119,9.175514e-04
4748,23.739168,119,9.175516e-04
4749,23.744168,119,9.175519e-04
4750,23.749168,119,9.175521e-04
4751,23.754168,119,9.175523e-04
4752,23.759168,119,9.175526e-04
4753,23.764168,119,9.175528e-04
4754,23.769168,119,9.175530e-04
4755,23.774168,119,9.175533e-04
4756,23.779168,119,9.175535e-04
4757,23.784168,119,9.175538e-04
4758,23.789168,119,9.175540e-04
4759,23.794168,119,9.175542e-04
4760,23.799168,119,9.175545e-04
4761,23.804168,119,9.175547e-04
4762,23.809168,119,9.175550e-04
4763,23.814168,119,9.175552e-04
4764,23.819168,119,9.175554e-04
4765,23.824168,119,9.175557e-04
4766,23.829168,119,9.175559e-04
4767,23.834168,119,9.175562e-04
4768,23.839168,119,9.175564e-04
4769,23.844168,119,9.175566e-04
4770,23.849168,119,9.175569e-04
4771,23.854168,119,9.175571e-04
4772,23.859168,119,9.175573e-04
4773,23.864168,119,9.175576e-04
4774,23.869168,119,9.175578e-04
4775,23.874168,119,9.175581e-04
4776,23.879168,119,9.175583e-04
4777,23.884168,119,9.175585e-04
4778,23.889168,119,9.175588e-04
4779,23.894168,119,9.175590e-04
4780,23.899168,119,9.175593e-04
4781,23.904168,119,9.175595e-04
4782,23.909168,119,9.175597e-04
4783,23.914168,119,9.175600e-04
4784,23.919168,119,9.175602e-04
4785,23.924168,119,9.175605e-04
4786,23.929168,119,9.175607e-04
4787,23.934168,119,9.175609e-04
4788,23.939168,119,9.175612e-04
4789,23.944168,119,9.175614e-04
4790,23.949168,119,9.175616e-04
4791,23.954168,119,9.175619e-04
4792,23.959168,119,9.175621e-04
4793,23.964168,119,9.175624e-04
4794,23.969168,119,9.175626e-04
4795,23.974168,119,9.175628e-04
4796,23.979168,119,9.175631e-04
4797,23.984168,119,9.175633e-04
4798,23.989168,119,9.175636e-04
4799,23.994168,119,9.175638e-04
4800,23.999168,119,9.175640e-04
4801,24.004168,119,9.175643e-04
4802,24.009168,119,9.175645e-04
4803,24.014168,119,9.175648e-04
4804,24.019168,119,9.175650e-04
4805,24.024168,119,9.175652e-04
4806,24.029168,119,9.175655e-04
4807,24.034168,119,9.175657e-04
4808,24.039168,119,9.175660e-04
4809,24.044168,119,9.175662e-04
4810,24.049168,119,9.175664e-04
4811,24.054168,119,9.175667e-04
4812,24.059168,119,9.175669e-04
4813,24.064168,119,9.175671e-04
4814,24.069168,119,9.175674e-04
4815,24.074168,119,9.175676e-04
4816,24.079168,119,9.175679e-04
4817,24.084168,119,9.175681e-04
4818,24.089168,119,9.175683e-04
4819,24.094168,119,9.175686e-04
4820,24.099168,119,9.175688e-04
4821,24.104168,119,9.175691e-04
4822,24.109168,119,9.175693e-04
4823,24.114168,119,9.175695e-04
4824,24.119168,119,9.175698e-04
4825,24.124168,119,9.175700e-04
4826,24.129168,119,9.175703e-04
4827,24.134168,119,9.175705e-04
4828,24.139168,119,9.175707e-04
4829,24.144168,119,9.175710e-04
4830,24.149168,119,9.175712e-04
4831,24.154168,119,9.175715e-04
4832,24.159168,119,9.175717e-04
4833,24.164168,119,9.175719e-04
4834,24.169168,119,9.175722e-04
4835,24.174168,119,9.175724e-04
4836,24.179168,119,9.175726e-04
4837,24.184168,119,9.175729e-04
4838,24.189168,119,9.175731e-04
4839,24.194168,119,9.175734e-04
4840,24.199168,119,9.175736e-04
4841,24.204168,119,9.175738e-04
4842,24.209168,119,9.175741e-04
4843,24.214168,119,9.175743e-04
4844,24.219168,119,9.175746e-04
4845,24.224168,119,9.175748e-04
4846,24.229168,119,9.175750e-04
4847,24.234168,119,9.175753e-04
4848,24.239168,119,9.175755e-04
4849,24.244168,119,9.175758e-04
4850,24.249168,119,9.175760e-04
4851,24.254168,119,9.175762e-04
4852,24.259168,119,9.175765e-04
4853,24.264168,119,9.175767e-04
4854,24.269168,119,9.175770e-04
4855,24.274168,119,9.175772e-04
4856,24.279168,119,9.175774e-04
4857,24.284168,119,9.175777e-04
4858,24.289168,119,9.175779e-04
4859,24.294168,119,9.175781e-04
4860,24.299168,119,9.175784e-04
4861,24.304168,119,9.175786e-04
4862,24.309168,119,9.175789e-04
4863,24.314168,119,9.175791e-04
4864,24.319168,119,9.175793e-04
4865,24.324168,119,9.175796e-04
4866,24.329168,119,9.175798e-04
4867,24.334168,119,9.175801e-04
4868,24.339168,119,9.175803e-04
4869,24.344168,119,9.175805e-04
4870,24.349168,119,9.175808e-04
4871,24.354168,119,9.175810e-04
4872,24.359168,119,9.175813e-04
4873,24.364168,119,9.175815e-04
4874,24.369168,119,9.175817e-04
4875,24.374168,119,9.175820e-04
4876,24.379168,119,9.175822e-04
4877,24.384168,119,9.175825e-04
4878,24.389168,119,9.175827e-04
4879,24.394168,119,9.175829e-04
4880,24.399168,119,9.175832e-04
4881,24.404168,119,9.175834e-04
4882,24.409168,119,9.175837e-04
4883,24.414168,119,9.175839e-04
4884,24.419168,119,9.175841e-04
4885,24.424168,119,9.175844e-04
4886,24.429168,119,9.175846e-04
4887,24.434168,119,9.175849e-04
4888,24.439168,119,9.175851e-04
4889,24.444168,119,9.175853e-04
4890,24.449168,119,9.175856e-04
4891,24.454168,119,9.175858e-04
4892,24.459168,119,9.175860e-04
4893,24.464168,119,9.175863e-04
4894,24.469168,119,9.175865e-04
4895,24.474168,119,9.175868e-04
4896,24.479168,119,9.175870e-04
4897,24.484168,119,9.175872e-04
4898,24.489168,119,9.175875e-04
4899,24.494168,119,9.175877e-04
4900,24.499168,119,9.175880e-04
4901,24.504168,119,9.175882e-04
4902,24.509168,119,9.175884e-04
4903,24.514168,119,9.175887e-04
4904,24.519168,119,9.175889e-04
4905,24.524168,119,9.175892e-04
4906,24.529168,119,9.175894e-04
4907,24.534168,119,9.175896e-04
4908,24.539168,119,9.175899e-04
4909,24.544168,119,9.175901e-04
4910,24.549168,119,9.175904e-04
4911,24.554168,119,9.175906e-04
4912,24.559168,119,9.175908e-04
4913,24.564168,119,9.175911e-04
4914,24.569168,119,9.175913e-04
4915,24.574168,119,9.175916e-04
4916,24.579168,119,9.175918e-04
4917,24.584168,119,9.175920e-04
4918,24.589168,119,9.175923e-04
4919,24.594168,119,9.175925e-04
4920,24.599168,119,9.175928e-04
4921,24.604168,119,9.175930e-04
4922,24.609168,119,9.175932e-04
4923,24.614168,119,9.175935e-04
4924,24.619168,119,9.175937e-04
4925,24.624168,119,9.175940e-04
4926,24.629168,119,9.175942e-04
4927,24.634168,119,9.175944e-04
4928,24.639168,119,9.175947e-04
4929,24.644168,119,9.175949e-04
4930,24.649168,119,9.175952e-04
4931,24.654168,119,9.175954e-04
4932,24.659168,119,9.175956e-04
4933,24.664168,119,9.175959e-04
4934,24.669168,119,9.175961e-04
4935,24.674168,119,9.175963e-04
4936,24.679168,119,9.175966e-04
4937,24.684168,119,9.175968e-04
4938,24.689168,119,9.175971e-04
4939,24.694168,119,9.175973e-04
4940,24.699168,119,9.175975e-04
4941,24.704168,119,9.175978e-04
4942,24.709168,119,9.175980e-04
4943,24.714168,119,9.175983e-04
4944,24.719168,119,9.175985e-04
4945,24.724168,119,9.175987e-04
4946,24.729168,119,9.175990e-04
4947,24.734168,119,9.175992e-04
4948,24.739168,119,9.175995e-04
4949,24.744168,119,9.175997e-04
4950,24.749168,119,9.175999e-04
4951,24.754168,119,9.176002e-04
4952,24.759168,119,9.176004e-04
4953,24.764168,119,9.176007e-04
4954,24.769168,119,9.176009e-04
4955,24.774168,119,9.176011e-04
4956,24.779168,119,9.176014e-04
4957,24.784168,119,9.176016e-04
4958,24.789168,119,9.176019e-04
4959,24.794168,119,9.176021e-04
4960,24.799168,119,9.176023e-04
4961,24.804168,119,9.176026e-04
4962,24.809168,119,9.176028e-04
4963,24.814168,119,9.176031e-04
4964,24.819168,119,9.176033e-04
4965,24.824168,119,9.176035e-04
4966,24.829168,119,9.176038e-04
4967,24.834168,119,9.176040e-04
4968,24.839168,119,9.176043e-04
4969,24.844168,119,9.176045e-04
4970,24.849168,119,9.176047e-04
4971,24.854168,119,9.176050e-04
4972,24.859168,119,9.176052e-04
4973,24.864168,119,9.176055e-04
4974,24.869168,119,9.176057e-04
4975,24.874168,119,9.176059e-04
4976,24.879168,119,9.176062e-04
4977,24.884168,119,9.176064e-04
4978,24.889168,119,9.176067e-04
4979,24.894168,119,9.176069e-04
4980,24.899168,119,9.176071e-04
4981,24.904168,119,9.176074e-04
4982,24.909168,119,9.176076e-04
4983,24.914168,119,9.176079e-04
4984,24.919168,119,9.176081e-04
4985,24.924168,119,9.176083e-04
4986,24.929168,119,9.176086e-04
4987,24.934168,119,9.176088e-04
4988,24.939168,119,9.176090e-04
4989,24.944168,119,9.176093e-04
4990,24.949168,119,9.176095e-04
4991,24.954168,119,9.176098e-04
4992,24.959168,119,9.176100e-04
4993,24.964168,119,9.176102e-04
4994,24.969168,119,9.176105e-04
4995,24.974168,119,9.176107e-04
4996,24.979168,119,9.176110e-04
4997,24.984168,119,9.176112e-04
4998,24.989168,119,9.176114e-04
4999,24.994168,119,9.176117e-04
5000,24.999168,119,9.176119e-04
5001,25.004168,119,9.176122e-04
5002,25.009168,119,9.176124e-04
5003,25.014168,119,9.176126e-04
5004,25.019168,119,9.176129e-04
5005,25.024168,119,9.176131e-04
5006,25.029168,119,9.176134e-04
5007,25.034168,119,9.176136e-04
5008,25.039168,119,9.176138e-04
5009,25.044168,119,9.176141e-04
5010,25.049168,119,9.176143e-04
5011,25.054168,119,9.176146e-04
5012,25.059168,119,9.176148e-04
5013,25.064168,119,9.176150e-04
5014,25.069168,119,9.176153e-04
5015,25.074168,119,9.176155e-04
5016,25.079168,119,9.176158e-04
5017,25.084168,119,9.176160e-04
5018,25.089168,119,9.176162e-04
5019,25.094168,119,9.176165e-04
5020,25.099168,119,9.176167e-04
5021,25.104168,119,9.176170e-04
5022,25.109168,119,9.176172e-04
5023,25.114168,119,9.176174e-04
5024,25.119168,119,9.176177e-04
5025,25.124168,119,9.176179e-04
5026,25.129168,119,9.176182e-04
5027,25.134168,119,9.176184e-04
5028,25.139168,119,9.176186e-04
5029,25.144168,119,9.176189e-04
5030,25.149168,119,9.176191e-04
5031,25.154168,119,9.176194e-04
5032,25.159168,119,9.176196e-04
5033,25.164168,119,9.176198e-04
5034,25.169168,119,9.176201e-04
5035,25.174168,119,9.176203e-04
5036,25.179168,119,9.176206e-04
5037,25.184168,119,9.176208e-04
5038,25.189168,119,9.176210e-04
5039,25.194168,119,9.176213e-04
5040,25.199168,119,9.176215e-04
5041,25.204168,119,9.176218e-04
5042,25.209168,119,9.176220e-04
5043,25.214168,119,9.176222e-04
5044,25.219168,119,9.176225e-04
5045,25.224168,119,9.176227e-04
5046,25.229168,119,9.176230e-04
5047,25.234168,119,9.176232e-04
5048,25.239168,119,9.176234e-04
5049,25.244168,119,9.176237e-04
5050,25.249168,119,9.176239e-04
5051,25.254168,119,9.176242e-04
5052,25.259168,119,9.176244e-04
5053,25.264168,119,9.176246e-04
5054,25.269168,119,9.176249e-04
5055,25.274168,119,9.176251e-04
5056,25.279168,119,9.176254e-04
5057,25.284168,119,9.176256e-04
5058,25.289168,119,9.176258e-04
5059,25.294168,119,9.176261e-04
5060,25.299168,119,9.176263e-04
5061,25.304168,119,9.176266e-04
5062,25.309168,119,9.176268e-04
5063,25.314168,119,9.176270e-04
5064,25.319168,119,9.176273e-04
5065,25.324168,119,9.176275e-04
5066,25.329168,119,9.176278e-04
5067,25.334168,119,9.176280e-04
5068,25.339168,119,9.176282e-04
5069,25.344168,119,9.176285e-04
5070,25.349168,119,9.176287e-04
5071,25.354168,119,9.176290e-04
5072,25.359168,119,9.176292e-04
5073,25.364168,119,9.176294e-04
5074,25.369168,119,9.176297e-04
5075,25.374168,119,9.176299e-04
5076,25.379168,119,9.176302e-04
5077,25.384168,119,9.176304e-04
5078,25.389168,119,9.176306e-04
5079,25.394168,119,9.176309e-04
5080,25.399168,119,9.176311e-04
5081,25.404168,119,9.176314e-04
5082,25.409168,119,9.176316e-04
5083,25.414168,119,9.176318e-04
5084,25.419168,119,9.176321e-04
5085,25.424168,119,9.176323e-04
5086,25.429168,119,9.176326e-04
5087,25.434168,119,9.176328e-04
5088,25.439168,119,9.176330e-04
5089,25.444168,119,9.176333e-04
5090,25.449168,119,9.176335e-04
5091,25.454168,119,9.176338e-04
5092,25.459168,119,9.176340e-04
5093,25.464168,119,9.176342e-04
5094,25.469168,119,9.176345e-04
5095,25.474168,119,9.176347e-04
5096,25.479168,119,9.176350e-04
5097,25.484168,119,9.176352e-04
5098,25.489168,119,9.176354e-04
5099,25.494168,119,9.176357e-04
5100,25.499168,119,9.176359e-04
5101,25.504168,119,9.176362e-04
5102,25.509168,119,9.176364e-04
5103,25.514168,119,9.176366e-04
5104,25.519168,119,9.176369e-04
5105,25.524168,119,9.176371e-04
5106,25.529168,119,9.176374e-04
5107,25.534168,119,9.176376e-04
5108,25.539168,119,9.176378e-04
5109,25.544168,119,9.176381e-04
5110,25.549168,119,9.176383e-04
5111,25.554168,119,9.176386e-04
5112,25.559168,119,9.176388e-04
5113,25.564168,119,9.176390e-04
5114,25.569168,119,9.176393e-04
5115,25.574168,119,9.176395e-04
5116,25.579168,119,9.176398e-04
5117,25.584168,119,9.176400e-04
5118,25.589168,119,9.176402e-04
5119,25.594168,119,9.176405e-04
5120,25.599168,119,9.176407e-04
5121,25.604168,119,9.176410e-04
5122,25.609168,119,9.176412e-04
5123,25.614168,119,9.176414e-04
5124,25.619168,119,9.176417e-04
5125,25.624168,119,9.176419e-04
5126,25.629168,119,9.176422e-04
5127,25.634168,119,9.176424e-04
5128,25.639168,119,9.176426e-04
5129,25.644168,119,9.176429e-04
5130,25.649168,119,9.176431e-04
5131,25.654168,119,9.176434e-04
5132,25.659168,119,9.176436e-04
5133,25.664168,119,9.176438e-04
5134,25.669168,119,9.176441e-04
5135,25.674168,119,9.176443e-04
5136,25.679168,119,9.176446e-04
5137,25.684168,119,9.176448e-04
5138,25.689168,119,9.176450e-04
5139,25.694168,119,9.176453e-04
5140,25.699168,119,9.176455e-04
5141,25.704168,119,9.176458e-04
5142,25.709168,119,9.176460e-04
5143,25.714168,119,9.176462e-04
5144,25.719168,119,9.176465e-04
5145,25.724168,119,9.176467e-04
5146,25.729168,119,9.176470e-04
5147,25.734168,119,9.176472e-04
5148,25.739168,119,9.176474e-04
5149,25.744168,119,9.176477e-04
5150,25.749168,119,9.176479e-04
5151,25.754168,119,9.176482e-04
5152,25.759168,119,9.176484e-04
5153,25.764168,119,9.176486e-04
5154,25.769168,119,9.176489e-04
5155,25.774168,119,9.176491e-04
5156,25.779168,119,9.176494e-04
5157,25.784168,119,9.176496e-04
5158,25.789168,119,9.176498e-04
5159,25.794168,119,9.176501e-04
5160,25.799168,119,9.176503e-04
5161,25.804168,119,9.176506e-04
5162,25.809168,119,9.176508e-04
5163,25.814168,119,9.176510e-04
5164,25.819168,119,9.176513e-04
5165,25.824168,119,9.176515e-04
5166,25.829168,119,9.176518e-04
5167,25.834168,119,9.176520e-04
5168,25.839168,119,9.176522e-04
5169,25.844168,119,9.176525e-04
5170,25.849168,119,9.176527e-04
5171,25.854168,119,9.176530e-04
5172,25.859168,119,9.176532e-04
5173,25.864168,119,9.176534e-04
5174,25.869168,119,9.176537e-04
5175,25.874168,119,9.176539e-04
5176,25.879168,119,9.176542e-04
5177,25.884168,119,9.176544e-04
5178,25.889168,119,9.176546e-04
5179,25.894168,119,9.176549e-04
5180,25.899168,119,9.176551e-04
5181,25.904168,119,9.176554e-04
5182,25.909168,119,9.176556e-04
5183,25.914168,119,9.176558e-04
5184,25.919168,119,9.176561e-04
5185,25.924168,119,9.176563e-04
5186,25.929168,119,9.176566e-04
5187,25.934168,119,9.176568e-04
5188,25.939168,119,9.176570e-04
5189,25.944168,119,9.176573e-04
5190,25.949168,119,9.176575e-04
5191,25.954168,119,9.176578e-04
5192,25.959168,119,9.176580e-04
5193,25.964168,119,9.176582e-04
5194,25.969168,119,9.176585e-04
5195,25.974168,119,9.176587e-04
5196,25.979168,119,9.176590e-04
5197,25.984168,119,9.176592e-04
5198,25.989168,119,9.176594e-04
5199,25.994168,119,9.176597e-04
5200,25.999168,119,9.176599e-04
5201,26.004168,119,9.176602e-04
5202,26.009168,119,9.176604e-04
5203,26.014168,119,9.176606e-04
5204,26.019168,119,9.176609e-04
5205,26.024168,119,9.176611e-04
5206,26.029168,119,9.176614e-04
5207,26.034168,119,9.176616e-04
5208,26.039168,119,9.176618e-04
5209,26.044168,119,9.176621e-04
5210,26.049168,119,9.176623e-04
5211,26.054168,119,9.176626e-04
5212,26.059168,119,9.176628e-04
5213,26.064168,119,9.176630e-04
5214,26.069168,119,9.176633e-04
5215,26.074168,119,9.176635e-04
5216,26.079168,119,9.176638e-04
5217,26.084168,119,9.176640e-04
5218,26.089168,119,9.176642e-04
5219,26.094168,119,9.176645e-04
5220,26.099168,119,9.176647e-04
5221,26.104168,119,9.176650e-04
5222,26.109168,119,9.176652e-04
5223,26.114168,119,9.176654e-04
5224,26.119168,119,9.176657e-04
5225,26.124168,119,9.176659e-04
5226,26.129168,119,9.176662e-04
5227,26.134168,119,9.176664e-04
5228,26.139168,119,9.176666e-04
5229,26.144168,119,9.176669e-04
5230,26.149168,119,9.176671e-04
5231,26.154168,119,9.176674e-04
5232,26.159168,119,9.176676e-04
5233,26.164168,119,9.176678e-04
5234,26.169168,119,9.176681e-04
5235,26.174168,119,9.176683e-04
5236,26.179168,119,9.176686e-04
5237,26.184168,119,9.176688e-04
5238,26.189168,119,9.176690e-04
5239,26.194168,119,9.176693e-04
5240,26.199168,119,9.176695e-04
5241,26.204168,119,9.176698e-04
5242,26.209168,119,9.176700e-04
5243,26.214168,119,9.176702e-04
5244,26.219168,119,9.176705e-04
5245,26.224168,119,9.176707e-04
5246,26.229168,119,9.176710e-04
5247,26.234168,119,9.176712e-04
5248,26.239168,119,9.176714e-04
5249,26.244168,119,9.176717e-04
5250,26.249168,119,9.176719e-04
5251,26.254168,119,9.176722e-04
5252,26.259168,119,9.176724e-04
5253,26.264168,119,9.176726e-04
5254,26.269168,119,9.176729e-04
5255,26.274168,119,9.176731e-04
5256,26.279168,119,9.176734e-04
5257,26.284168,119,9.176736e-04
5258,26.289168,119,9.176738e-04
5259,26.294168,119,9.176741e-04
5260,26.299168,119,9.176743e-04
5261,26.304168,119,9.176746e-04
5262,26.309168,119,9.176748e-04
5263,26.314168,119,9.176750e-04
5264,26.319168,119,9.176753e-04
5265,26.324168,119,9.176755e-04
5266,26.329168,119,9.176758e-04
5267,26.334168,119,9.176760e-04
5268,26.339168,119,9.176762e-04
5269,26.344168,119,9.176765e-04
5270,26.349168,119,9.176767e-04
5271,26.354168,119,9.176770e-04
5272,26.359168,119,9.176772e-04
5273,26.364168,119,9.176774e-04
5274,26.369168,119,9.176777e-04
5275,26.374168,119,9.176779e-04
5276,26.379168,119,9.176782e-04
5277,26.384168,119,9.176784e-04
5278,26.389168,119,9.176786e-04
5279,26.394168,119,9.176789e-04
5280,26.399168,119,9.176791e-04
5281,26.404168,119,9.176794e-04
5282,26.409168,119,9.176796e-04
5283,26.414168,119,9.176798e-04
5284,26.419168,119,9.176801e-04
5285,26.424168,119,9.176803e-04
5286,26.429168,119,9.176806e-04
5287,26.434168,119,9.176808e-04
5288,26.439168,119,9.176811e-04
5289,26.444168,119,9.176813e-04
5290,26.449168,119,9.176815e-04
5291,26.454168,119,9.176818e-04
5292,26.459168,119,9.176820e-04
5293,26.464168,119,9.176823e-04
5294,26.469168,119,9.176825e-04
5295,26.474168,119,9.176827e-04
5296,26.479168,119,9.176830e-04
5297,26.484168,119,9.176832e-04
5298,26.489168,119,9.176835e-04
5299,26.494168,119,9.176837e-04
5300,26.499168,119,9.176839e-04
5301,26.504168,119,9.176842e-04
5302,26.509168,119,9.176844e-04
5303,26.514168,119,9.176847e-04
5304,26.519168,119,9.176849e-04
5305,26.524168,119,9.176851e-04
5306,26.529168,119,9.176854e-04
5307,26.534168,119,9.176856e-04
5308,26.539168,119,9.176859e-04
5309,26.544168,119,9.176861e-04
5310,26.549168,119,9.176863e-04
5311,26.554168,119,9.176866e-04
5312,26.559168,119,9.176868e-04
5313,26.564168,119,9.176871e-04
5314,26.569168,119,9.176873e-04
5315,26.574168,119,9.176875e-04
5316,26.579168,119,9.176878e-04
5317,26.584168,119,9.176880e-04
5318,26.589168,119,9.176883e-04
5319,26.594168,119,9.176885e-04
5320,26.599168,119,9.176887e-04
5321,26.604168,119,9.176890e-04
5322,26.609168,119,9.176892e-04
5323,26.614168,119,9.176895e-04
5324,26.619168,119,9.176897e-04
5325,26.624168,119,9.176899e-04
5326,26.629168,119,9.176902e-04
5327,26.634168,119,9.176904e-04
5328,26.639168,119,9.176907e-04
5329,26.644168,119,9.176909e-04
5330,26.649168,119,9.176911e-04
5331,26.654168,119,9.176914e-04
5332,26.659168,119,9.176916e-04
5333,26.664168,119,9.176919e-04
5334,26.669168,119,9.176921e-04
5335,26.674168,119,9.176923e-04
5336,26.679168,119,9.176926e-04
5337,26.684168,119,9.176928e-04
5338,26.689168,119,9.176931e-04
5339,26.694168,119,9.176933e-04
5340,26.699168,119,9.176935e-04
5341,26.704168,119,9.176938e-04
5342,26.709168,119,9.176940e-04
5343,26.714168,119,9.176943e-04
5344,26.719168,119,9.176945e-04
5345,26.724168,119,9.176947e-04
5346,26.729168,119,9.176950e-04
5347,26.734168,119,9.176952e-04
5348,26.739168,119,9.176955e-04
5349,26.744168,119,9.176957e-04
5350,26.749168,119,9.176959e-04
5351,26.754168,119,9.176962e-04
5352,26.759168,119,9.176964e-04
5353,26.764168,119,9.176967e-04
5354,26.769168,119,9.176969e-04
5355,26.774168,119,9.176971e-04
5356,26.779168,119,9.176974e-04
5357,26.784168,119,9.176976e-04
5358,26.789168,119,9.176979e-04
5359,26.794168,119,9.176981e-04
5360,26.799168,119,9.176983e-04
5361,26.804168,119,9.176986e-04
5362,26.809168,119,9.176988e-04
5363,26.814168,119,9.176991e-04
5364,26.819168,119,9.176993e-04
5365,26.824168,119,9.176995e-04
5366,26.829168,119,9.176998e-04
5367,26.834168,119,9.177000e-04
5368,26.839168,119,9.177003e-04
5369,26.844168,119,9.177005e-04
5370,26.849168,119,9.177007e-04
5371,26.854168,119,9.177010e-04
5372,26.859168,119,9.177012e-04
5373,26.864168,119,9.177015e-04
5374,26.869168,119,9.177017e-04
5375,26.874168,119,9.177019e-04
5376,26.879168,119,9.177022e-04
5377,26.884168,119,9.177024e-04
5378,26.889168,119,9.177027e-04
5379,26.894168,119,9.177029e-04
5380,26.899168,119,9.177032e-04
5381,26.904168,119,9.177034e-04
5382,26.909168,119,9.177036e-04
5383,26.914168,119,9.177039e-04
5384,26.919168,119,9.177041e-04
5385,26.924168,119,9.177044e-04
5386,26.929168,119,9.177046e-04
5387,26.934168,119,9.177048e-04
5388,26.939168,119,9.177051e-04
5389,26.944168,119,9.177053e-04
5390,26.949168,119,9.177056e-04
5391,26.954168,119,9.177058e-04
5392,26.959168,119,9.177060e-04
5393,26.964168,119,9.177063e-04
5394,26.969168,119,9.177065e-04
5395,26.974168,119,9.177068e-04
5396,26.979168,119,9.177070e-04
5397,26.984168,119,9.177072e-04
5398,26.989168,119,9.177075e-04
5399,26.994168,119,9.177077e-04
5400,26.999168,119,9.177080e-04
5401,27.004168,119,9.177082e-04
5402,27.009168,119,9.177084e-04
5403,27.014168,119,9.177087e-04
5404,27.019168,119,9.177089e-04
5405,27.024168,119,9.177092e-04
5406,27.029168,119,9.177094e-04
5407,27.034168,119,9.177096e-04
5408,27.039168,119,9.177099e-04
5409,27.044168,119,9.177101e-04
5410,27.049168,119,9.177104e-04
5411,27.054168,119,9.177106e-04
5412,27.059168,119,9.177108e-04
5413,27.064168,119,9.177111e-04
5414,27.069168,119,9.177113e-04
5415,27.074168,119,9.177116e-04
5416,27.079168,119,9.177118e-04
5417,27.084168,119,9.177120e-04
5418,27.089168,119,9.177123e-04
5419,27.094168,119,9.177125e-04
5420,27.099168,119,9.177128e-04
5421,27.104168,119,9.177130e-04
5422,27.109168,119,9.177132e-04
5423,27.114168,119,9.177135e-04
5424,27.119168,119,9.177137e-04
5425,27.124168,119,9.177140e-04
5426,27.129168,119,9.177142e-04
5427,27.134168,119,9.177144e-04
5428,27.139168,119,9.177147e-04
5429,27.144168,119,9.177149e-04
5430,27.149168,119,9.177152e-04
5431,27.154168,119,9.177154e-04
5432,27.159168,119,9.177156e-04
5433,27.164168,119,9.177159e-04
5434,27.169168,119,9.177161e-04
5435,27.174168,119,9.177164e-04
5436,27.179168,119,9.177166e-04
5437,27.184168,119,9.177168e-04
5438,27.189168,119,9.177171e-04
5439,27.194168,119,9.177173e-04
5440,27.199168,119,9.177176e-04
5441,27.204168,119,9.177178e-04
5442,27.209168,119,9.177180e-04
5443,27.214168,119,9.177183e-04
5444,27.219168,119,9.177185e-04
5445,27.224168,119,9.177188e-04
5446,27.229168,119,9.177190e-04
5447,27.234168,119,9.177192e-04
5448,27.239168,119,9.177195e-04
5449,27.244168,119,9.177197e-04
5450,27.249168,119,9.177200e-04
5451,27.254168,119,9.177202e-04
5452,27.259168,119,9.177204e-04
5453,27.264168,119,9.177207e-04
5454,27.269168,119,9.177209e-04
5455,27.274168,119,9.177212e-04
5456,27.279168,119,9.177214e-04
5457,27.284168,119,9.177216e-04
5458,27.289168,119,9.177219e-04
5459,27.294168,119,9.177221e-04
5460,27.299168,119,9.177224e-04
5461,27.304168,119,9.177226e-04
5462,27.309168,119,9.177229e-04
5463,27.314168,119,9.177231e-04
5464,27.319168,119,9.177233e-04
5465,27.324168,119,9.177236e-04
5466,27.329168,119,9.177238e-04
5467,27.334168,119,9.177241e-04
5468,27.339168,119,9.177243e-04
5469,27.344168,119,9.177245e-04
5470,27.349168,119,9.177248e-04
5471,27.354168,119,9.177250e-04
5472,27.359168,119,9.177253e-04
5473,27.364168,119,9.177255e-04
5474,27.369168,119,9.177257e-04
5475,27.374168,119,9.177260e-04
5476,27.379168,119,9.177262e-04
5477,27.384168,119,9.177265e-04
5478,27.389168,119,9.177267e-04
5479,27.394168,119,9.177269e-04
5480,27.399168,119,9.177272e-04
5481,27.404168,119,9.177274e-04
5482,27.409168,119,9.177277e-04
5483,27.414168,119,9.177279e-04
5484,27.419168,119,9.177281e-04
5485,27.424168,119,9.177284e-04
5486,27.429168,119,9.177286e-04
5487,27.434168,119,9.177289e-04
5488,27.439168,119,9.177291e-04
5489,27.444168,119,9.177293e-04
5490,27.449168,119,9.177296e-04
5491,27.454168,119,9.177298e-04
5492,27.459168,119,9.177301e-04
5493,27.464168,119,9.177303e-04
5494,27.469168,119,9.177305e-04
5495,27.474168,119,9.177308e-04
5496,27.479168,119,9.177310e-04
5497,27.484168,119,9.177313e-04
5498,27.489168,119,9.177315e-04
5499,27.494168,119,9.177317e-04
5500,27.499168,119,9.177320e-04
5501,27.504168,119,9.177322e-04
5502,27.509168,119,9.177325e-04
5503,27.514168,119,9.177327e-04
5504,27.519168,119,9.177329e-04
5505,27.524168,119,9.177332e-04
5506,27.529168,119,9.177334e-04
5507,27.534168,119,9.177337e-04
5508,27.539168,119,9.177339e-04
5509,27.544168,119,9.177341e-04
5510,27.549168,119,9.177344e-04
5511,27.554168,119,9.177346e-04
5512,27.559168,119,9.177349e-04
5513,27.564168,119,9.177351e-04
5514,27.569168,119,9.177353e-04
5515,27.574168,119,9.177356e-04
5516,27.579168,119,9.177358e-04
5517,27.584168,119,9.177361e-04
5518,27.589168,119,9.177363e-04
5519,27.594168,119,9.177365e-04
5520,27.599168,119,9.177368e-04
5521,27.604168,119,9.177370e-04
5522,27.609168,119,9.177373e-04
5523,27.614168,119,9.177375e-04
5524,27.619168,119,9.177377e-04
5525,27.624168,119,9.177380e-04
5526,27.629168,119,9.177382e-04
5527,27.634168,119,9.177385e-04
5528,27.639168,119,9.177387e-04
5529,27.644168,119,9.177389e-04
5530,27.649168,119,9.177392e-04
5531,27.654168,119,9.177394e-04
5532,27.659168,119,9.177397e-04
5533,27.664168,119,9.177399e-04
5534,27.669168,119,9.177402e-04
5535,27.674168,119,9.177404e-04
5536,27.679168,119,9.177406e-04
5537,27.684168,119,9.177409e-04
5538,27.689168,119,9.177411e-04
5539,27.694168,119,9.177414e-04
5540,27.699168,119,9.177416e-04
5541,27.704168,119,9.177418e-04
5542,27.709168,119,9.177421e-04
5543,27.714168,119,9.177423e-04
5544,27.719168,119,9.177426e-04
5545,27.724168,119,9.177428e-04
5546,27.729168,119,9.177430e-04
5547,27.734168,119,9.177433e-04
5548,27.739168,119,9.177435e-04
5549,27.744168,119,9.177438e-04
5550,27.749168,119,9.177440e-04
5551,27.754168,119,9.177442e-04
5552,27.759168,119,9.177445e-04
5553,27.764168,119,9.177447e-04
5554,27.769168,119,9.177450e-04
5555,27.774168,119,9.177452e-04
5556,27.779168,119,9.177454e-04
5557,27.784168,119,9.177457e-04
5558,27.789168,119,9.177459e-04
5559,27.794168,119,9.177462e-04
5560,27.799168,119,9.177464e-04
5561,27.804168,119,9.177466e-04
5562,27.809168,119,9.177469e-04
5563,27.814168,119,9.177471e-04
5564,27.819168,119,9.177474e-04
5565,27.824168,119,9.177476e-04
5566,27.829168,119,9.177478e-04
5567,27.834168,119,9.177481e-04
5568,27.839168,119,9.177483e-04
5569,27.844168,119,9.177486e-04
5570,27.849168,119,9.177488e-04
5571,27.854168,119,9.177490e-04
5572,27.859168,119,9.177493e-04
5573,27.864168,119,9.177495e-04
5574,27.869168,119,9.177498e-04
5575,27.874168,119,9.177500e-04
5576,27.879168,119,9.177502e-04
5577,27.884168,119,9.177505e-04
5578,27.889168,119,9.177507e-04
5579,27.894168,119,9.177510e-04
5580,27.899168,119,9.177512e-04
5581,27.904168,119,9.177514e-04
5582,27.909168,119,9.177517e-04
5583,27.914168,119,9.177519e-04
5584,27.919168,119,9.177522e-04
5585,27.924168,119,9.177524e-04
5586,27.929168,119,9.177526e-04
5587,27.934168,119,9.177529e-04
5588,27.939168,119,9.177531e-04
5589,27.944168,119,9.177534e-04
5590,27.949168,119,9.177536e-04
5591,27.954168,119,9.177538e-04
5592,27.959168,119,9.177541e-04
5593,27.964168,119,9.177543e-04
5594,27.969168,119,9.177546e-04
5595,27.974168,119,9.177548e-04
5596,27.979168,119,9.177550e-04
5597,27.984168,119,9.177553e-04
5598,27.989168,119,9.177555e-04
5599,27.994168,119,9.177558e-04
5600,27.999168,119,9.177560e-04
5601,28.004168,119,9.177562e-04
5602,28.009168,119,9.177565e-04
5603,28.014168,119,9.177567e-04
5604,28.019168,119,9.177570e-04
5605,28.024168,119,9.177572e-04
5606,28.029168,119,9.177574e-04
5607,28.034168,119,9.177577e-04
5608,28.039168,119,9.177579e-04
5609,28.044168,119,9.177582e-04
5610,28.049168,119,9.177584e-04
5611,28.054168,119,9.177587e-04
5612,28.059168,119,9.177589e-04
5613,28.064168,119,9.177591e-04
5614,28.069168,119,9.177594e-04
5615,28.074168,119,9.177596e-04
5616,28.079168,119,9.177599e-04
5617,28.084168,119,9.177601e-04
5618,28.089168,119,9.177603e-04
5619,28.094168,119,9.177606e-04
5620,28.099168,119,9.177608e-04
5621,28.104168,119,9.177611e-04
5622,28.109168,119,9.177613e-04
5623,28.114168,119,9.177615e-04
5624,28.119168,119,9.177618e-04
5625,28.124168,119,9.177620e-04
5626,28.129168,119,9.177623e-04
5627,28.134168,119,9.177625e-04
5628,28.139168,119,9.177627e-04
5629,28.144168,119,9.177630e-04
5630,28.149168,119,9.177632e-04
5631,28.154168,119,9.177635e-04
5632,28.159168,119,9.177637e-04
5633,28.164168,119,9.177639e-04
5634,28.169168,119,9.177642e-04
5635,28.174168,119,9.177644e-04
5636,28.179168,119,9.177647e-04
5637,28.184168,119,9.177649e-04
5638,28.189168,119,9.177651e-04
5639,28.194168,119,9.177654e-04
5640,28.199168,119,9.177656e-04
5641,28.204168,119,9.177659e-04
5642,28.209168,119,9.177661e-04
5643,28.214168,119,9.177663e-04
5644,28.219168,119,9.177666e-04
5645,28.224168,119,9.177668e-04
5646,28.229168,119,9.177671e-04
5647,28.234168,119,9.177673e-04
5648,28.239168,119,9.177675e-04
5649,28.244168,119,9.177678e-04
5650,28.249168,119,9.177680e-04
5651,28.254168,119,9.177683e-04
5652,28.259168,119,9.177685e-04
5653,28.264168,119,9.177687e-04
5654,28.269168,119,9.177690e-04
5655,28.274168,119,9.177692e-04
5656,28.279168,119,9.177695e-04
5657,28.284168,119,9.177697e-04
5658,28.289168,119,9.177699e-04
5659,28.294168,119,9.177702e-04
5660,28.299168,119,9.177704e-04
5661,28.304168,119,9.177707e-04
5662,28.309168,119,9.177709e-04
5663,28.314168,119,9.177711e-04
5664,28.319168,119,9.177714e-04
5665,28.324168,119,9.177716e-04
5666,28.329168,119,9.177719e-04
5667,28.334168,119,9.177721e-04
5668,28.339168,119,9.177723e-04
5669,28.344168,119,9.177726e-04
5670,28.349168,119,9.177728e-04
5671,28.354168,119,9.177731e-04
5672,28.359168,119,9.177733e-04
5673,28.364168,119,9.177735e-04
5674,28.369168,119,9.177738e-04
5675,28.374168,119,9.177740e-04
5676,28.379168,119,9.177743e-04
5677,28.384168,119,9.177745e-04
5678,28.389168,119,9.177747e-04
5679,28.394168,119,9.177750e-04
5680,28.399168,119,9.177752e-04
5681,28.404168,119,9.177755e-04
5682,28.409168,119,9.177757e-04
5683,28.414168,119,9.177759e-04
5684,28.419168,119,9.177762e-04
5685,28.424168,119,9.177764e-04
5686,28.429168,119,9.177767e-04
5687,28.434168,119,9.177769e-04
5688,28.439168,119,9.177772e-04
5689,28.444168,119,9.177774e-04
5690,28.449168,119,9.177776e-04
5691,28.454168,119,9.177779e-04
5692,28.459168,119,9.177781e-04
5693,28.464168,119,9.177784e-04
5694,28.469168,119,9.177786e-04
5695,28.474168,119,9.177788e-04
5696,28.479168,119,9.177791e-04
5697,28.484168,119,9.177793e-04
5698,28.489168,119,9.177796e-04
5699,28.494168,119,9.177798e-04
5700,28.499168,119,9.177800e-04
5701,28.504168,119,9.177803e-04
5702,28.509168,119,9.177805e-04
5703,28.514168,119,9.177808e-04
5704,28.519168,119,9.177810e-04
5705,28.524168,119,9.177812e-04
5706,28.529168,119,9.177815e-04
5707,28.534168,119,9.177817e-04
5708,28.539168,119,9.177820e-04
5709,28.544168,119,9.177822e-04
5710,28.549168,119,9.177824e-04
5711,28.554168,119,9.177827e-04
5712,28.559168,119,9.177829e-04
5713,28.564168,119,9.177832e-04
5714,28.569168,119,9.177834e-04
5715,28.574168,119,9.177836e-04
5716,28.579168,119,9.177839e-04
5717,28.584168,119,9.177841e-04
5718,28.589168,119,9.177844e-04
5719,28.594168,119,9.177846e-04
5720,28.599168,119,9.177848e-04
5721,28.604168,119,9.177851e-04
5722,28.609168,119,9.177853e-04
5723,28.614168,119,9.177856e-04
5724,28.619168,119,9.177858e-04
5725,28.624168,119,9.177860e-04
5726,28.629168,119,9.177863e-04
5727,28.634168,119,9.177865e-04
5728,28.639168,119,9.177868e-04
5729,28.644168,119,9.177870e-04
5730,28.649168,119,9.177872e-04
5731,28.654168,119,9.177875e-04
5732,28.659168,119,9.177877e-04
5733,28.664168,119,9.177880e-04
5734,28.669168,119,9.177882e-04
5735,28.674168,119,9.177884e-04
5736,28.679168,119,9.177887e-04
5737,28.684168,119,9.177889e-04
5738,28.689168,119,9.177892e-04
5739,28.694168,119,9.177894e-04
5740,28.699168,119,9.177896e-04
5741,28.704168,119,9.177899e-04
5742,28.709168,119,9.177901e-04
5743,28.714168,119,9.177904e-04
5744,28.719168,119,9.177906e-04
5745,28.724168,119,9.177908e-04
5746,28.729168,119,9.177911e-04
5747,28.734168,119,9.177913e-04
5748,28.739168,119,9.177916e-04
5749,28.744168,119,9.177918e-04
5750,28.749168,119,9.177920e-04
5751,28.754168,119,9.177923e-04
5752,28.759168,119,9.177925e-04
5753,28.764168,119,9.177928e-04
5754,28.769168,119,9.177930e-04
5755,28.774168,119,9.177932e-04
5756,28.779168,119,9.177935e-04
5757,28.784168,119,9.177937e-04
5758,28.789168,119,9.177940e-04
5759,28.794168,119,9.177942e-04
5760,28.799168,119,9.177944e-04
5761,28.804168,119,9.177947e-04
5762,28.809168,119,9.177949e-04
5763,28.814168,119,9.177952e-04
5764,28.819168,119,9.177954e-04
5765,28.824168,119,9.177956e-04
5766,28.829168,119,9.177959e-04
5767,28.834168,119,9.177961e-04
5768,28.839168,119,9.177964e-04
5769,28.844168,119,9.177966e-04
5770,28.849168,119,9.177969e-04
5771,28.854168,119,9.177971e-04
5772,28.859168,119,9.177973e-04
5773,28.864168,119,9.177976e-04
5774,28.869168,119,9.177978e-04
5775,28.874168,119,9.177981e-04
5776,28.879168,119,9.177983e-04
5777,28.884168,119,9.177985e-04
5778,28.889168,119,9.177988e-04
5779,28.894168,119,9.177990e-04
5780,28.899168,119,9.177993e-04
5781,28.904168,119,9.177995e-04
5782,28.909168,119,9.177997e-04
5783,28.914168,119,9.178000e-04
5784,28.919168,119,9.178002e-04
5785,28.924168,119,9.178005e-04
5786,28.929168,119,9.178007e-04
5787,28.934168,119,9.178009e-04
5788,28.939168,119,9.178012e-04
5789,28.944168,119,9.178014e-04
5790,28.949168,119,9.178017e-04
5791,28.954168,119,9.178019e-04
5792,28.959168,119,9.178021e-04
5793,28.964168,119,9.178024e-04
5794,28.969168,119,9.178026e-04
5795,28.974168,119,9.178029e-04
5796,28.979168,119,9.178031e-04
5797,28.984168,119,9.178033e-04
5798,28.989168,119,9.178036e-04
5799,28.994168,119,9.178038e-04
5800,28.999168,119,9.178041e-04
5801,29.004168,119,9.178043e-04
5802,29.009168,119,9.178045e-04
5803,29.014168,119,9.178048e-04
5804,29.019168,119,9.178050e-04
5805,29.024168,119,9.178053e-04
5806,29.029168,119,9.178055e-04
5807,29.034168,119,9.178057e-04
5808,29.039168,119,9.178060e-04
5809,29.044168,119,9.178062e-04
5810,29.049168,119,9.178065e-04
5811,29.054168,119,9.178067e-04
5812,29.059168,119,9.178069e-04
5813,29.064168,119,9.178072e-04
5814,29.069168,119,9.178074e-04
5815,29.074168,119,9.178077e-04
5816,29.079168,119,9.178079e-04
5817,29.084168,119,9.178081e-04
5818,29.089168,119,9.178084e-04
5819,29.094168,119,9.178086e-04
5820,29.099168,119,9.178089e-04
5821,29.104168,119,9.178091e-04
5822,29.109168,119,9.178093e-04
5823,29.114168,119,9.178096e-04
5824,29.119168,119,9.178098e-04
5825,29.124168,119,9.178101e-04
5826,29.129168,119,9.178103e-04
5827,29.134168,119,9.178105e-04
5828,29.139168,119,9.178108e-04
5829,29.144168,119,9.178110e-04
5830,29.149168,119,9.178113e-04
5831,29.154168,119,9.178115e-04
5832,29.159168,119,9.178117e-04
5833,29.164168,119,9.178120e-04
5834,29.169168,119,9.178122e-04
5835,29.174168,119,9.178125e-04
5836,29.179168,119,9.178127e-04
5837,29.184168,119,9.178129e-04
5838,29.189168,119,9.178132e-04
5839,29.194168,119,9.178134e-04
5840,29.199168,119,9.178137e-04
5841,29.204168,119,9.178139e-04
5842,29.209168,119,9.178141e-04
5843,29.214168,119,9.178144e-04
5844,29.219168,119,9.178146e-04
5845,29.224168,119,9.178149e-04
5846,29.229168,119,9.178151e-04
5847,29.234168,119,9.178153e-04
5848,29.239168,119,9.178156e-04
5849,29.244168,119,9.178158e-04
5850,29.249168,119,9.178161e-04
5851,29.254168,119,9.178163e-04
5852,29.259168,119,9.178165e-04
5853,29.264168,119,9.178168e-04
5854,29.269168,119,9.178170e-04
5855,29.274168,119,9.178173e-04
5856,29.279168,119,9.178175e-04
5857,29.284168,119,9.178177e-04
5858,29.289168,119,9.178180e-04
5859,29.294168,119,9.178182e-04
5860,29.299168,119,9.178185e-04
5861,29.304168,119,9.178187e-04
5862,29.309168,119,9.178190e-04
5863,29.314168,119,9.178192e-04
5864,29.319168,119,9.178194e-04
5865,29.324168,119,9.178197e-04
5866,29.329168,119,9.178199e-04
5867,29.334168,119,9.178202e-04
5868,29.339168,119,9.178204e-04
5869,29.344168,119,9.178206e-04
5870,29.349168,119,9.178209e-04
5871,29.354168,119,9.178211e-04
5872,29.359168,119,9.178214e-04
5873,29.364168,119,9.178216e-04
5874,29.369168,119,9.178218e-04
5875,29.374168,119,9.178221e-04
5876,29.379168,119,9.178223e-04
5877,29.384168,119,9.178226e-04
5878,29.389168,119,9.178228e-04
5879,29.394168,119,9.178230e-04
5880,29.399168,119,9.178233e-04
5881,29.404168,119,9.178235e-04
5882,29.409168,119,9.178238e-04
5883,29.414168,119,9.178240e-04
5884,29.419168,119,9.178242e-04
5885,29.424168,119,9.178245e-04
5886,29.429168,119,9.178247e-04
5887,29.434168,119,9.178250e-04
5888,29.439168,119,9.178252e-04
5889,29.444168,119,9.178254e-04
5890,29.449168,119,9.178257e-04
5891,29.454168,119,9.178259e-04
5892,29.459168,119,9.178262e-04
5893,29.464168,119,9.178264e-04
5894,29.469168,119,9.178266e-04
5895,29.474168,119,9.178269e-04
5896,29.479168,119,9.178271e-04
5897,29.484168,119,9.178274e-04
5898,29.489168,119,9.178276e-04
5899,29.494168,119,9.178278e-04
5900,29.499168,119,9.178281e-04
5901,29.504168,119,9.178283e-04
5902,29.509168,119,9.178286e-04
5903,29.514168,119,9.178288e-04
5904,29.519168,119,9.178290e-04
5905,29.524168,119,9.178293e-04
5906,29.529168,119,9.178295e-04
5907,29.534168,119,9.178298e-04
5908,29.539168,119,9.178300e-04
5909,29.544168,119,9.178302e-04
5910,29.549168,119,9.178305e-04
5911,29.554168,119,9.178307e-04
5912,29.559168,119,9.178310e-04
5913,29.564168,119,9.178312e-04
5914,29.569168,119,9.178314e-04
5915,29.574168,119,9.178317e-04
5916,29.579168,119,9.178319e-04
5917,29.584168,119,9.178322e-04
5918,29.589168,119,9.178324e-04
5919,29.594168,119,9.178326e-04
5920,29.599168,119,9.178329e-04
5921,29.604168,119,9.178331e-04
5922,29.609168,119,9.178334e-04
5923,29.614168,119,9.178336e-04
5924,29.619168,119,9.178338e-04
5925,29.624168,119,9.178341e-04
5926,29.629168,119,9.178343e-04
5927,29.634168,119,9.178346e-04
5928,29.639168,119,9.178348e-04
5929,29.644168,119,9.178350e-04
5930,29.649168,119,9.178353e-04
5931,29.654168,119,9.178355e-04
5932,29.659168,119,9.178358e-04
5933,29.664168,119,9.178360e-04
5934,29.669168,119,9.178362e-04
5935,29.674168,119,9.178365e-04
5936,29.679168,119,9.178367e-04
5937,29.684168,119,9.178370e-04
5938,29.689168,119,9.178372e-04
5939,29.694168,119,9.178374e-04
5940,29.699168,119,9.178377e-04
5941,29.704168,119,9.178379e-04
5942,29.709168,119,9.178382e-04
5943,29.714168,119,9.178384e-04
5944,29.719168,119,9.178386e-04
5945,29.724168,119,9.178389e-04
5946,29.729168,119,9.178391e-04
5947,29.734168,119,9.178394e-04
5948,29.739168,119,9.178396e-04
5949,29.744168,119,9.178398e-04
5950,29.749168,119,9.178401e-04
5951,29.754168,119,9.178403e-04
5952,29.759168,119,9.178406e-04
5953,29.764168,119,9.178408e-04
5954,29.769168,119,9.178410e-04
5955,29.774168,119,9.178413e-04
5956,29.779168,119,9.178415e-04
5957,29.784168,119,9.178418e-04
5958,29.789168,119,9.178420e-04
5959,29.794168,119,9.178422e-04
5960,29.799168,119,9.178425e-04
5961,29.804168,119,9.178427e-04
5962,29.809168,119,9.178430e-04
5963,29.814168,119,9.178432e-04
5964,29.819168,119,9.178434e-04
5965,29.824168,119,9.178437e-04
5966,29.829168,119,9.178439e-04
5967,29.834168,119,9.178442e-04
5968,29.839168,119,9.178444e-04
5969,29.844168,119,9.178447e-04
5970,29.849168,119,9.178449e-04
5971,29.854168,119,9.178451e-04
5972,29.859168,119,9.178454e-04
5973,29.864168,119,9.178456e-04
5974,29.869168,119,9.178459e-04
5975,29.874168,119,9.178461e-04
5976,29.879168,119,9.178463e-04
5977,29.884168,119,9.178466e-04
5978,29.889168,119,9.178468e-04
5979,29.894168,119,9.178471e-04
5980,29.899168,119,9.178473e-04
5981,29.904168,119,9.178475e-04
5982,29.909168,119,9.178478e-04
5983,29.914168,119,9.178480e-04
5984,29.919168,119,9.178483e-04
5985,29.924168,119,9.178485e-04
5986,29.929168,119,9.178487e-04
5987,29.934168,119,9.178490e-04
5988,29.939168,119,9.178492e-04
5989,29.944168,119,9.178495e-04
5990,29.949168,119,9.178497e-04
5991,29.954168,119,9.178499e-04
5992,29.959168,119,9.178502e-04
5993,29.964168,119,9.178504e-04
5994,29.969168,119,9.178507e-04
5995,29.974168,119,9.178509e-04
5996,29.979168,119,9.178511e-04
5997,29.984168,119,9.178514e-04
5998,29.989168,119,9.178516e-04
5999,29.994168,119,9.178519e-04
6000,29.999168,119,9.178521e-04
6001,30.004168,119,9.178523e-04
6002,30.009168,119,9.178526e-04
6003,30.014168,119,9.178528e-04
6004,30.019168,119,9.178531e-04
6005,30.024168,119,9.178533e-04
6006,30.029168,119,9.178535e-04
6007,30.034168,119,9.178538e-04
6008,30.039168,119,9.178540e-04
6009,30.044168,119,9.178543e-04
6010,30.049168,119,9.178545e-04
6011,30.054168,119,9.178547e-04
6012,30.059168,119,9.178550e-04
6013,30.064168,119,9.178552e-04
6014,30.069168,119,9.178555e-04
6015,30.074168,119,9.178557e-04
6016,30.079168,119,9.178559e-04
6017,30.084168,119,9.178562e-04
6018,30.089168,119,9.178564e-04
6019,30.094168,119,9.178567e-04
6020,30.099168,119,9.178569e-04
6021,30.104168,119,9.178571e-04
6022,30.109168,119,9.178574e-04
6023,30.114168,119,9.178576e-04
6024,30.119168,119,9.178579e-04
6025,30.124168,119,9.178581e-04
6026,30.129168,119,9.178583e-04
6027,30.134168,119,9.178586e-04
6028,30.139168,119,9.178588e-04
6029,30.144168,119,9.178591e-04
6030,30.149168,119,9.178593e-04
6031,30.154168,119,9.178595e-04
6032,30.159168,119,9.178598e-04
6033,30.164168,119,9.178600e-04
6034,30.169168,119,9.178603e-04
6035,30.174168,119,9.178605e-04
6036,30.179168,119,9.178607e-04
6037,30.184168,119,9.178610e-04
6038,30.189168,119,9.178612e-04
6039,30.194168,119,9.178615e-04
6040,30.199168,119,9.178617e-04
6041,30.204168,119,9.178619e-04
6042,30.209168,119,9.178622e-04
6043,30.214168,119,9.178624e-04
6044,30.219168,119,9.178627e-04
6045,30.224168,119,9.178629e-04
6046,30.229168,119,9.178631e-04
6047,30.234168,119,9.178634e-04
6048,30.239168,119,9.178636e-04
6049,30.244168,119,9.178639e-04
6050,30.249168,119,9.178641e-04
6051,30.254168,119,9.178643e-04
6052,30.259168,119,9.178646e-04
6053,30.264168,119,9.178648e-04
6054,30.269168,119,9.178651e-04
6055,30.274168,119,9.178653e-04
6056,30.279168,119,9.178655e-04
6057,30.284168,119,9.178658e-04
6058,30.289168,119,9.178660e-04
6059,30.294168,119,9.178663e-04
6060,30.299168,119,9.178665e-04
6061,30.304168,119,9.178667e-04
6062,30.309168,119,9.178670e-04
6063,30.314168,119,9.178672e-04
6064,30.319168,119,9.178675e-04
6065,30.324168,119,9.178677e-04
6066,30.329168,119,9.178679e-04
6067,30.334168,119,9.178682e-04
6068,30.339168,119,9.178684e-04
6069,30.344168,119,9.178687e-04
6070,30.349168,119,9.178689e-04
6071,30.354168,119,9.178691e-04
6072,30.359168,119,9.178694e-04
6073,30.364168,119,9.178696e-04
6074,30.369168,119,9.178699e-04
6075,30.374168,119,9.178701e-04
6076,30.379168,119,9.178703e-04
6077,30.384168,119,9.178706e-04
6078,30.389168,119,9.178708e-04
6079,30.394168,119,9.178711e-04
6080,30.399168,119,9.178713e-04
6081,30.404168,119,9.178715e-04
6082,30.409168,119,9.178718e-04
6083,30.414168,119,9.178720e-04
6084,30.419168,119,9.178723e-04
6085,30.424168,119,9.178725e-04
6086,30.429168,119,9.178727e-04
6087,30.434168,119,9.178730e-04
6088,30.439168,119,9.178732e-04
6089,30.444168,119,9.178735e-04
6090,30.449168,119,9.178737e-04
6091,30.454168,119,9.178739e-04
6092,30.459168,119,9.178742e-04
6093,30.464168,119,9.178744e-04
6094,30.469168,119,9.178747e-04
6095,30.474168,119,9.178749e-04
6096,30.479168,119,9.178751e-04
6097,30.484168,119,9.178754e-04
6098,30.489168,119,9.178756e-04
6099,30.494168,119,9.178759e-04
6100,30.499168,119,9.178761e-04
6101,30.504168,119,9.178763e-04
6102,30.509168,119,9.178766e-04
6103,30.514168,119,9.178768e-04
6104,30.519168,119,9.178771e-04
6105,30.524168,119,9.178773e-04
6106,30.529168,119,9.178775e-04
6107,30.534168,119,9.178778e-04
6108,30.539168,119,9.178780e-04
6109,30.544168,119,9.178783e-04
6110,30.549168,119,9.178785e-04
6111,30.554168,119,9.178787e-04
6112,30.559168,119,9.178790e-04
6113,30.564168,119,9.178792e-04
6114,30.569168,119,9.178795e-04
6115,30.574168,119,9.178797e-04
6116,30.579168,119,9.178799e-04
6117,30.584168,119,9.178802e-04
6118,30.589168,119,9.178804e-04
6119,30.594168,119,9.178807e-04
6120,30.599168,119,9.178809e-04
6121,30.604168,119,9.178811e-04
6122,30.609168,119,9.178814e-04
6123,30.614168,119,9.178816e-04
6124,30.619168,119,9.178819e-04
6125,30.624168,119,9.178821e-04
6126,30.629168,119,9.178823e-04
6127,30.634168,119,9.178826e-04
6128,30.639168,119,9.178828e-04
6129,30.644168,119,9.178831e-04
6130,30.649168,119,9.178833e-04
6131,30.654168,119,9.178835e-04
6132,30.659168,119,9.178838e-04
6133,30.664168,119,9.178840e-04
6134,30.669168,119,9.178843e-04
6135,30.674168,119,9.178845e-04
6136,30.679168,119,9.178847e-04
6137,30.684168,119,9.178850e-04
6138,30.689168,119,9.178852e-04
6139,30.694168,119,9.178855e-04
6140,30.699168,119,9.178857e-04
6141,30.704168,119,9.178859e-04
6142,30.709168,119,9.178862e-04
6143,30.714168,119,9.178864e-04
6144,30.719168,119,9.178867e-04
6145,30.724168,119,9.178869e-04
6146,30.729168,119,9.178872e-04
6147,30.734168,119,9.178874e-04
6148,30.739168,119,9.178876e-04
6149,30.744168,119,9.178879e-04
6150,30.749168,119,9.178881e-04
6151,30.754168,119,9.178884e-04
6152,30.759168,119,9.178886e-04
6153,30.764168,119,9.178888e-04
6154,30.769168,119,9.178891e-04
6155,30.774168,119,9.178893e-04
6156,30.779168,119,9.178896e-04
6157,30.784168,119,9.178898e-04
6158,30.789168,119,9.178900e-04
6159,30.794168,119,9.178903e-04
6160,30.799168,119,9.178905e-04
6161,30.804168,119,9.178908e-04
6162,30.809168,119,9.178910e-04
6163,30.814168,119,9.178912e-04
6164,30.819168,119,9.178915e-04
6165,30.824168,119,9.178917e-04
6166,30.829168,119,9.178920e-04
6167,30.834168,119,9.178922e-04
6168,30.839168,119,9.178924e-04
6169,30.844168,119,9.178927e-04
6170,30.849168,119,9.178929e-04
6171,30.854168,119,9.178932e-04
6172,30.859168,119,9.178934e-04
6173,30.864168,119,9.178936e-04
6174,30.869168,119,9.178939e-04
6175,30.874168,119,9.178941e-04
6176,30.879168,119,9.178944e-04
6177,30.884168,119,9.178946e-04
6178,30.889168,119,9.178948e-04
6179,30.894168,119,9.178951e-04
6180,30.899168,119,9.178953e-04
6181,30.904168,119,9.178956e-04
6182,30.909168,119,9.178958e-04
6183,30.914168,119,9.178960e-04
6184,30.919168,119,9.178963e-04
6185,30.924168,119,9.178965e-04
6186,30.929168,119,9.178968e-04
6187,30.934168,119,9.178970e-04
6188,30.939168,119,9.178972e-04
6189,30.944168,119,9.178975e-04
6190,30.949168,119,9.178977e-04
6191,30.954168,119,9.178980e-04
6192,30.959168,119,9.178982e-04
6193,30.964168,119,9.178984e-04
6194,30.969168,119,9.178987e-04
6195,30.974168,119,9.178989e-04
6196,30.979168,119,9.178992e-04
6197,30.984168,119,9.178994e-04
6198,30.989168,119,9.178996e-04
6199,30.994168,119,9.178999e-04
6200,30.999168,119,9.179001e-04
6201,31.004168,119,9.179004e-04
6202,31.009168,119,9.179006e-04
6203,31.014168,119,9.179008e-04
6204,31.019168,119,9.179011e-04
6205,31.024168,119,9.179013e-04
6206,31.029168,119,9.179016e-04
6207,31.034168,119,9.179018e-04
6208,31.039168,119,9.179020e-04
6209,31.044168,119,9.179023e-04
6210,31.049168,119,9.179025e-04
6211,31.054168,119,9.179028e-04
6212,31.059168,119,9.179030e-04
6213,31.064168,119,9.179032e-04
6214,31.069168,119,9.179035e-04
6215,31.074168,119,9.179037e-04
6216,31.079168,119,9.179040e-04
6217,31.084168,119,9.179042e-04
6218,31.089168,119,9.179044e-04
6219,31.094168,119,9.179047e-04
6220,31.099168,119,9.179049e-04
6221,31.104168,119,9.179052e-04
6222,31.109168,119,9.179054e-04
6223,31.114168,119,9.179056e-04
6224,31.119168,119,9.179059e-04
6225,31.124168,119,9.179061e-04
6226,31.129168,119,9.179064e-04
6227,31.134168,119,9.179066e-04
6228,31.139168,119,9.179068e-04
6229,31.144168,119,9.179071e-04
6230,31.149168,119,9.179073e-04
6231,31.154168,119,9.179076e-04
6232,31.159168,119,9.179078e-04
6233,31.164168,119,9.179080e-04
6234,31.169168,119,9.179083e-04
6235,31.174168,119,9.179085e-04
6236,31.179168,119,9.179088e-04
6237,31.184168,119,9.179090e-04
6238,31.189168,119,9.179092e-04
6239,31.194168,119,9.179095e-04
6240,31.199168,119,9.179097e-04
6241,31.204168,119,9.179100e-04
6242,31.209168,119,9.179102e-04
6243,31.214168,119,9.179104e-04
6244,31.219168,119,9.179107e-04
6245,31.224168,119,9.179109e-04
6246,31.229168,119,9.179112e-04
6247,31.234168,119,9.179114e-04
6248,31.239168,119,9.179116e-04
6249,31.244168,119,9.179119e-04
6250,31.249168,119,9.179121e-04
6251,31.254168,119,9.179124e-04
6252,31.259168,119,9.179126e-04
6253,31.264168,119,9.179128e-04
6254,31.269168,119,9.179131e-04
6255,31.274168,119,9.179133e-04
6256,31.279168,119,9.179136e-04
6257,31.284168,119,9.179138e-04
6258,31.289168,119,9.179140e-04
6259,31.294168,119,9.179143e-04
6260,31.299168,119,9.179145e-04
6261,31.304168,119,9.179148e-04
6262,31.309168,119,9.179150e-04
6263,31.314168,119,9.179152e-04
6264,31.319168,119,9.179155e-04
6265,31.324168,119,9.179157e-04
6266,31.329168,119,9.179160e-04
6267,31.334168,119,9.179162e-04
6268,31.339168,119,9.179164e-04
6269,31.344168,119,9.179167e-04
6270,31.349168,119,9.179169e-04
6271,31.354168,119,9.179172e-04
6272,31.359168,119,9.179174e-04
6273,31.364168,119,9.179176e-04
6274,31.369168,119,9.179179e-04
6275,31.374168,119,9.179181e-04
6276,31.379168,119,9.179184e-04
6277,31.384168,119,9.179186e-04
6278,31.389168,119,9.179188e-04
6279,31.394168,119,9.179191e-04
6280,31.399168,119,9.179193e-04
6281,31.404168,119,9.179196e-04
6282,31.409168,119,9.179198e-04
6283,31.414168,119,9.179200e-04
6284,31.419168,119,9.179203e-04
6285,31.424168,119,9.179205e-04
6286,31.429168,119,9.179208e-04
6287,31.434168,119,9.179210e-04
6288,31.439168,119,9.179212e-04
6289,31.444168,119,9.179215e-04
6290,31.449168,119,9.179217e-04
6291,31.454168,119,9.179220e-04
6292,31.459168,119,9.179222e-04
6293,31.464168,119,9.179224e-04
6294,31.469168,119,9.179227e-04
6295,31.474168,119,9.179229e-04
6296,31.479168,119,9.179232e-04
6297,31.484168,119,9.179234e-04
6298,31.489168,119,9.179236e-04
6299,31.494168,119,9.179239e-04
6300,31.499168,119,9.179241e-04
6301,31.504168,119,9.179244e-04
6302,31.509168,119,9.179246e-04
6303,31.514168,119,9.179248e-04
6304,31.519168,119,9.179251e-04
6305,31.524168,119,9.179253e-04
6306,31.529168,119,9.179256e-04
6307,31.534168,119,9.179258e-04
6308,31.539168,119,9.179260e-04
6309,31.544168,119,9.179263e-04
6310,31.549168,119,9.179265e-04
6311,31.554168,119,9.179268e-04
6312,31.559168,119,9.179270e-04
6313,31.564168,119,9.179272e-04
6314,31.569168,119,9.179275e-04
6315,31.574168,119,9.179277e-04
6316,31.579168,119,9.179280e-04
6317,31.584168,119,9.179282e-04
6318,31.589168,119,9.179284e-04
6319,31.594168,119,9.179287e-04
6320,31.599168,119,9.179289e-04
6321,31.604168,119,9.179292e-04
6322,31.609168,119,9.179294e-04
6323,31.614168,119,9.179296e-04
6324,31.619168,119,9.179299e-04
6325,31.624168,119,9.179301e-04
6326,31.629168,119,9.179304e-04
6327,31.634168,119,9.179306e-04
6328,31.639168,119,9.179308e-04
6329,31.644168,119,9.179311e-04
6330,31.649168,119,9.179313e-04
6331,31.654168,119,9.179316e-04
6332,31.659168,119,9.179318e-04
6333,31.664168,119,9.179320e-04
6334,31.669168,119,9.179323e-04
6335,31.674168,119,9.179325e-04
6336,31.679168,119,9.179328e-04
6337,31.684168,119,9.179330e-04
6338,31.689168,119,9.179332e-04
6339,31.694168,119,9.179335e-04
6340,31.699168,119,9.179337e-04
6341,31.704168,119,9.179340e-04
6342,31.709168,119,9.179342e-04
6343,31.714168,119,9.179344e-04
6344,31.719168,119,9.179347e-04
6345,31.724168,119,9.179349e-04
6346,31.729168,119,9.179352e-04
6347,31.734168,119,9.179354e-04
6348,31.739168,119,9.179356e-04
6349,31.744168,119,9.179359e-04
6350,31.749168,119,9.179361e-04
6351,31.754168,119,9.179364e-04
6352,31.759168,119,9.179366e-04
6353,31.764168,119,9.179368e-04
6354,31.769168,119,9.179371e-04
6355,31.774168,119,9.179373e-04
6356,31.779168,119,9.179376e-04
6357,31.784168,119,9.179378e-04
6358,31.789168,119,9.179380e-04
6359,31.794168,119,9.179383e-04
6360,31.799168,119,9.179385e-04
6361,31.804168,119,9.179388e-04
6362,31.809168,119,9.179390e-04
6363,31.814168,119,9.179392e-04
6364,31.819168,119,9.179395e-04
6365,31.824168,119,9.179397e-04
6366,31.829168,119,9.179400e-04
6367,31.834168,119,9.179402e-04
6368,31.839168,119,9.179404e-04
6369,31.844168,119,9.179407e-04
6370,31.849168,119,9.179409e-04
6371,31.854168,119,9.179412e-04
6372,31.859168,119,9.179414e-04
6373,31.864168,119,9.179416e-04
6374,31.869168,119,9.179419e-04
6375,31.874168,119,9.179421e-04
6376,31.879168,119,9.179424e-04
6377,31.884168,119,9.179426e-04
6378,31.889168,119,9.179428e-04
6379,31.894168,119,9.179431e-04
6380,31.899168,119,9.179433e-04
6381,31.904168,119,9.179436e-04
6382,31.909168,119,9.179438e-04
6383,31.914168,119,9.179440e-04
6384,31.919168,119,9.179443e-04
6385,31.924168,119,9.179445e-04
6386,31.929168,119,9.179448e-04
6387,31.934168,119,9.179450e-04
6388,31.939168,119,9.179452e-04
6389,31.944168,119,9.179455e-04
6390,31.949168,119,9.179457e-04
6391,31.954168,119,9.179460e-04
6392,31.959168,119,9.179462e-04
6393,31.964168,119,9.179464e-04
6394,31.969168,119,9.179467e-04
6395,31.974168,119,9.179469e-04
6396,31.979168,119,9.179471e-04
6397,31.984168,119,9.179474e-04
6398,31.989168,119,9.179476e-04
6399,31.994168,119,9.179479e-04
6400,31.999168,119,9.179481e-04
6401,32.004168,119,9.179483e-04
6402,32.009168,119,9.179486e-04
6403,32.014168,119,9.179488e-04
6404,32.019168,119,9.179491e-04
6405,32.024168,119,9.179493e-04
6406,32.029168,119,9.179495e-04
6407,32.034168,119,9.179498e-04
6408,32.039168,119,9.179500e-04
6409,32.044168,119,9.179503e-04
6410,32.049168,119,9.179505e-04
6411,32.054168,119,9.179507e-04
6412,32.059168,119,9.179510e-04
6413,32.064168,119,9.179512e-04
6414,32.069168,119,9.179515e-04
6415,32.074168,119,9.179517e-04
6416,32.079168,119,9.179519e-04
6417,32.084168,119,9.179522e-04
6418,32.089168,119,9.179524e-04
6419,32.094168,119,9.179527e-04
6420,32.099168,119,9.179529e-04
6421,32.104168,119,9.179531e-04
6422,32.109168,119,9.179534e-04
6423,32.114168,119,9.179536e-04
6424,32.119168,119,9.179539e-04
6425,32.124168,119,9.179541e-04
6426,32.129168,119,9.179543e-04
6427,32.134168,119,9.179546e-04
6428,32.139168,119,9.179548e-04
6429,32.144168,119,9.179551e-04
6430,32.149168,119,9.179553e-04
6431,32.154168,119,9.179555e-04
6432,32.159168,119,9.179558e-04
6433,32.164168,119,9.179560e-04
6434,32.169168,119,9.179563e-04
6435,32.174168,119,9.179565e-04
6436,32.179168,119,9.179567e-04
6437,32.184168,119,9.179570e-04
6438,32.189168,119,9.179572e-04
6439,32.194168,119,9.179575e-04
6440,32.199168,119,9.179577e-04
6441,32.204168,119,9.179579e-04
6442,32.209168,119,9.179582e-04
6443,32.214168,119,9.179584e-04
6444,32.219168,119,9.179587e-04
6445,32.224168,119,9.179589e-04
6446,32.229168,119,9.179591e-04
6447,32.234168,119,9.179594e-04
6448,32.239168,119,9.179596e-04
6449,32.244168,119,9.179599e-04
6450,32.249168,119,9.179601e-04
6451,32.254168,119,9.179603e-04
6452,32.259168,119,9.179606e-04
6453,32.264168,119,9.179608e-04
6454,32.269168,119,9.179611e-04
6455,32.274168,119,9.179613e-04
6456,32.279168,119,9.179615e-04
6457,32.284168,119,9.179618e-04
6458,32.289168,119,9.179620e-04
6459,32.294168,119,9.179623e-04
6460,32.299168,119,9.179625e-04
6461,32.304168,119,9.179627e-04
6462,32.309168,119,9.179630e-04
6463,32.314168,119,9.179632e-04
6464,32.319168,119,9.179635e-04
6465,32.324168,119,9.179637e-04
6466,32.329168,119,9.179639e-04
6467,32.334168,119,9.179642e-04
6468,32.339168,119,9.179644e-04
6469,32.344168,119,9.179647e-04
6470,32.349168,119,9.179649e-04
6471,32.354168,119,9.179651e-04
6472,32.359168,119,9.179654e-04
6473,32.364168,119,9.179656e-04
6474,32.369168,119,9.179659e-04
6475,32.374168,119,9.179661e-04
6476,32.379168,119,9.179663e-04
6477,32.384168,119,9.179666e-04
6478,32.389168,119,9.179668e-04
6479,32.394168,119,9.179671e-04
6480,32.399168,119,9.179673e-04
6481,32.404168,119,9.179675e-04
6482,32.409168,119,9.179678e-04
6483,32.414168,119,9.179680e-04
6484,32.419168,119,9.179683e-04
6485,32.424168,119,9.179685e-04
6486,32.429168,119,9.179687e-04
6487,32.434168,119,9.179690e-04
6488,32.439168,119,9.179692e-04
6489,32.444168,119,9.179695e-04
6490,32.449168,119,9.179697e-04
6491,32.454168,119,9.179699e-04
6492,32.459168,119,9.179702e-04
6493,32.464168,119,9.179704e-04
6494,32.469168,119,9.179707e-04
6495,32.474168,119,9.179709e-04
6496,32.479168,119,9.179711e-04
6497,32.484168,119,9.179714e-04
6498,32.489168,119,9.179716e-04
6499,32.494168,119,9.179719e-04
6500,32.499168,119,9.179721e-04
6501,32.504168,119,9.179723e-04
6502,32.509168,119,9.179726e-04
6503,32.514168,119,9.179728e-04
6504,32.519168,119,9.179731e-04
6505,32.524168,119,9.179733e-04
6506,32.529168,119,9.179735e-04
6507,32.534168,119,9.179738e-04
6508,32.539168,119,9.179740e-04
6509,32.544168,119,9.179743e-04
6510,32.549168,119,9.179745e-04
6511,32.554168,119,9.179747e-04
6512,32.559168,119,9.179750e-04
6513,32.564168,119,9.179752e-04
6514,32.569168,119,9.179755e-04
6515,32.574168,119,9.179757e-04
6516,32.579168,119,9.179759e-04
6517,32.584168,119,9.179762e-04
6518,32.589168,119,9.179764e-04
6519,32.594168,119,9.179767e-04
6520,32.599168,119,9.179769e-04
6521,32.604168,119,9.179771e-04
6522,32.609168,119,9.179774e-04
6523,32.614168,119,9.179776e-04
6524,32.619168,119,9.179779e-04
6525,32.624168,119,9.179781e-04
6526,32.629168,119,9.179783e-04
6527,32.634168,119,9.179786e-04
6528,32.639168,119,9.179788e-04
6529,32.644168,119,9.179791e-04
6530,32.649168,119,9.179793e-04
6531,32.654168,119,9.179795e-04
6532,32.659168,119,9.179798e-04
6533,32.664168,119,9.179800e-04
6534,32.669168,119,9.179803e-04
6535,32.674168,119,9.179805e-04
6536,32.679168,119,9.179807e-04
6537,32.684168,119,9.179810e-04
6538,32.689168,119,9.179812e-04
6539,32.694168,119,9.179815e-04
6540,32.699168,119,9.179817e-04
6541,32.704168,119,9.179819e-04
6542,32.709168,119,9.179822e-04
6543,32.714168,119,9.179824e-04
6544,32.719168,119,9.179827e-04
6545,32.724168,119,9.179829e-04
6546,32.729168,119,9.179831e-04
6547,32.734168,119,9.179834e-04
6548,32.739168,119,9.179836e-04
6549,32.744168,119,9.179839e-04
6550,32.749168,119,9.179841e-04
6551,32.754168,119,9.179843e-04
6552,32.759168,119,9.179846e-04
6553,32.764168,119,9.179848e-04
6554,32.769168,119,9.179851e-04
6555,32.774168,119,9.179853e-04
6556,32.779168,119,9.179855e-04
6557,32.784168,119,9.179858e-04
6558,32.789168,119,9.179860e-04
6559,32.794168,119,9.179862e-04
6560,32.799168,119,9.179865e-04
6561,32.804168,119,9.179867e-04
6562,32.809168,119,9.179870e-04
6563,32.814168,119,9.179872e-04
6564,32.819168,119,9.179874e-04
6565,32.824168,119,9.179877e-04
6566,32.829168,119,9.179879e-04
6567,32.834168,119,9.179882e-04
6568,32.839168,119,9.179884e-04
6569,32.844168,119,9.179886e-04
6570,32.849168,119,9.179889e-04
6571,32.854168,119,9.179891e-04
6572,32.859168,119,9.179894e-04
6573,32.864168,119,9.179896e-04
6574,32.869168,119,9.179898e-04
6575,32.874168,119,9.179901e-04
6576,32.879168,119,9.179903e-04
6577,32.884168,119,9.179906e-04
6578,32.889168,119,9.179908e-04
6579,32.894168,119,9.179910e-04
6580,32.899168,119,9.179913e-04
6581,32.904168,119,9.179915e-04
6582,32.909168,119,9.179918e-04
6583,32.914168,119,9.179920e-04
6584,32.919168,119,9.179922e-04
6585,32.924168,119,9.179925e-04
6586,32.929168,119,9.179927e-04
6587,32.934168,119,9.179930e-04
6588,32.939168,119,9.179932e-04
6589,32.944168,119,9.179934e-04
6590,32.949168,119,9.179937e-04
6591,32.954168,119,9.179939e-04
6592,32.959168,119,9.179942e-04
6593,32.964168,119,9.179944e-04
6594,32.969168,119,9.179946e-04
6595,32.974168,119,9.179949e-04
6596,32.979168,119,9.179951e-04
6597,32.984168,119,9.179954e-04
6598,32.989168,119,9.179956e-04
6599,32.994168,119,9.179958e-04
6600,32.999168,119,9.179961e-04
6601,33.004168,119,9.179963e-04
6602,33.009168,119,9.179966e-04
6603,33.014168,119,9.179968e-04
6604,33.019168,119,9.179970e-04
6605,33.024168,119,9.179973e-04
6606,33.029168,119,9.179975e-04
6607,33.034168,119,9.179978e-04
6608,33.039168,119,9.179980e-04
6609,33.044168,119,9.179982e-04
6610,33.049168,119,9.179985e-04
6611,33.054168,119,9.179987e-04
6612,33.059168,119,9.179990e-04
6613,33.064168,119,9.179992e-04
6614,33.069168,119,9.179994e-04
6615,33.074168,119,9.179997e-04
6616,33.079168,119,9.179999e-04
6617,33.084168,119,9.180002e-04
6618,33.089168,119,9.180004e-04
6619,33.094168,119,9.180006e-04
6620,33.099168,119,9.180009e-04
6621,33.104168,119,9.180011e-04
6622,33.109168,119,9.180014e-04
6623,33.114168,119,9.180016e-04
6624,33.119168,119,9.180018e-04
6625,33.124168,119,9.180021e-04
6626,33.129168,119,9.180023e-04
6627,33.134168,119,9.180026e-04
6628,33.139168,119,9.180028e-04
6629,33.144168,119,9.180030e-04
6630,33.149168,119,9.180033e-04
6631,33.154168,119,9.180035e-04
6632,33.159168,119,9.180038e-04
6633,33.164168,119,9.180040e-04
6634,33.169168,119,9.180042e-04
6635,33.174168,119,9.180045e-04
6636,33.179168,119,9.180047e-04
6637,33.184168,119,9.180050e-04
6638,33.189168,119,9.180052e-04
6639,33.194168,119,9.180054e-04
6640,33.199168,119,9.180057e-04
6641,33.204168,119,9.180059e-04
6642,33.209168,119,9.180062e-04
6643,33.214168,119,9.180064e-04
6644,33.219168,119,9.180066e-04
6645,33.224168,119,9.180069e-04
6646,33.229168,119,9.180071e-04
6647,33.234168,119,9.180074e-04
6648,33.239168,119,9.180076e-04
6649,33.244168,119,9.180078e-04
6650,33.249168,119,9.180081e-04
6651,33.254168,119,9.180083e-04
6652,33.259168,119,9.180086e-04
6653,33.264168,119,9.180088e-04
6654,33.269168,119,9.180090e-04
6655,33.274168,119,9.180093e-04
6656,33.279168,119,9.180095e-04
6657,33.284168,119,9.180097e-04
6658,33.289168,119,9.180100e-04
6659,33.294168,119,9.180102e-04
6660,33.299168,119,9.180105e-04
6661,33.304168,119,9.180107e-04
6662,33.309168,119,9.180109e-04
6663,33.314168,119,9.180112e-04
6664,33.319168,119,9.180114e-04
6665,33.324168,119,9.180117e-04
6666,33.329168,119,9.180119e-04
6667,33.334168,119,9.180121e-04
6668,33.339168,119,9.180124e-04
6669,33.344168,119,9.180126e-04
6670,33.349168,119,9.180129e-04
6671,33.354168,119,9.180131e-04
6672,33.359168,119,9.180133e-04
6673,33.364168,119,9.180136e-04
6674,33.369168,119,9.180138e-04
6675,33.374168,119,9.180141e-04
6676,33.379168,119,9.180143e-04
6677,33.384168,119,9.180145e-04
6678,33.389168,119,9.180148e-04
6679,33.394168,119,9.180150e-04
6680,33.399168,119,9.180153e-04
6681,33.404168,119,9.180155e-04
6682,33.409168,119,9.180157e-04
6683,33.414168,119,9.180160e-04
6684,33.419168,119,9.180162e-04
6685,33.424168,119,9.180165e-04
6686,33.429168,119,9.180167e-04
6687,33.434168,119,9.180169e-04
6688,33.439168,119,9.180172e-04
6689,33.444168,119,9.180174e-04
6690,33.449168,119,9.180177e-04
6691,33.454168,119,9.180179e-04
6692,33.459168,119,9.180181e-04
6693,33.464168,119,9.180184e-04
6694,33.469168,119,9.180186e-04
6695,33.474168,119,9.180189e-04
6696,33.479168,119,9.180191e-04
6697,33.484168,119,9.180193e-04
6698,33.489168,119,9.180196e-04
6699,33.494168,119,9.180198e-04
6700,33.499168,119,9.180201e-04
6701,33.504168,119,9.180203e-04
6702,33.509168,119,9.180205e-04
6703,33.514168,119,9.180208e-04
6704,33.519168,119,9.180210e-04
6705,33.524168,119,9.180213e-04
6706,33.529168,119,9.180215e-04
6707,33.534168,119,9.180217e-04
6708,33.539168,119,9.180220e-04
6709,33.544168,119,9.180222e-04
6710,33.549168,119,9.180225e-04
6711,33.554168,119,9.180227e-04
6712,33.559168,119,9.180229e-04
6713,33.564168,119,9.180232e-04
6714,33.569168,119,9.180234e-04
6715,33.574168,119,9.180237e-04
6716,33.579168,119,9.180239e-04
6717,33.584168,119,9.180241e-04
6718,33.589168,119,9.180244e-04
6719,33.594168,119,9.180246e-04
6720,33.599168,119,9.180249e-04
6721,33.604168,119,9.180251e-04
6722,33.609168,119,9.180253e-04
6723,33.614168,119,9.180256e-04
6724,33.619168,119,9.180258e-04
6725,33.624168,119,9.180261e-04
6726,33.629168,119,9.180263e-04
6727,33.634168,119,9.180265e-04
6728,33.639168,119,9.180268e-04
6729,33.644168,119,9.180270e-04
6730,33.649168,119,9.180273e-04
6731,33.654168,119,9.180275e-04
6732,33.659168,119,9.180277e-04
6733,33.664168,119,9.180280e-04
6734,33.669168,119,9.180282e-04
6735,33.674168,119,9.180284e-04
6736,33.679168,119,9.180287e-04
6737,33.684168,119,9.180289e-04
6738,33.689168,119,9.180292e-04
6739,33.694168,119,9.180294e-04
6740,33.699168,119,9.180296e-04
6741,33.704168,119,9.180299e-04
6742,33.709168,119,9.180301e-04
6743,33.714168,119,9.180304e-04
6744,33.719168,119,9.180306e-04
6745,33.724168,119,9.180308e-04
6746,33.729168,119,9.180311e-04
6747,33.734168,119,9.180313e-04
6748,33.739168,119,9.180316e-04
6749,33.744168,119,9.180318e-04
6750,33.749168,119,9.180320e-04
6751,33.754168,119,9.180323e-04
6752,33.759168,119,9.180325e-04
6753,33.764168,119,9.180328e-04
6754,33.769168,119,9.180330e-04
6755,33.774168,119,9.180332e-04
6756,33.779168,119,9.180335e-04
6757,33.784168,119,9.180337e-04
6758,33.789168,119,9.180340e-04
6759,33.794168,119,9.180342e-04
6760,33.799168,119,9.180344e-04
6761,33.804168,119,9.180347e-04
6762,33.809168,119,9.180349e-04
6763,33.814168,119,9.180352e-04
6764,33.819168,119,9.180354e-04
6765,33.824168,119,9.180356e-04
6766,33.829168,119,9.180359e-04
6767,33.834168,119,9.180361e-04
6768,33.839168,119,9.180364e-04
6769,33.844168,119,9.180366e-04
6770,33.849168,119,9.180368e-04
6771,33.854168,119,9.180371e-04
6772,33.859168,119,9.180373e-04
6773,33.864168,119,9.180376e-04
6774,33.869168,119,9.180378e-04
6775,33.874168,119,9.180380e-04
6776,33.879168,119,9.180383e-04
6777,33.884168,119,9.180385e-04
6778,33.889168,119,9.180388e-04
6779,33.894168,119,9.180390e-04
6780,33.899168,119,9.180392e-04
6781,33.904168,119,9.180395e-04
6782,33.909168,119,9.180397e-04
6783,33.914168,119,9.180400e-04
6784,33.919168,119,9.180402e-04
6785,33.924168,119,9.180404e-04
6786,33.929168,119,9.180407e-04
6787,33.934168,119,9.180409e-04
6788,33.939168,119,9.180412e-04
6789,33.944168,119,9.180414e-04
6790,33.949168,119,9.180416e-04
6791,33.954168,119,9.180419e-04
6792,33.959168,119,9.180421e-04
6793,33.964168,119,9.180424e-04
6794,33.969168,119,9.180426e-04
6795,33.974168,119,9.180428e-04
6796,33.979168,119,9.180431e-04
6797,33.984168,119,9.180433e-04
6798,33.989168,119,9.180436e-04
6799,33.994168,119,9.180438e-04
6800,33.999168,119,9.180440e-04
6801,34.004168,119,9.180443e-04
6802,34.009168,119,9.180445e-04
6803,34.014168,119,9.180447e-04
6804,34.019168,119,9.180450e-04
6805,34.024168,119,9.180452e-04
6806,34.029168,119,9.180455e-04
6807,34.034168,119,9.180457e-04
6808,34.039168,119,9.180459e-04
6809,34.044168,119,9.180462e-04
6810,34.049168,119,9.180464e-04
6811,34.054168,119,9.180467e-04
6812,34.059168,119,9.180469e-04
6813,34.064168,119,9.180471e-04
6814,34.069168,119,9.180474e-04
6815,34.074168,119,9.180476e-04
6816,34.079168,119,9.180479e-04
6817,34.084168,119,9.180481e-04
6818,34.089168,119,9.180483e-04
6819,34.094168,119,9.180486e-04
6820,34.099168,119,9.180488e-04
6821,34.104168,119,9.180491e-04
6822,34.109168,119,9.180493e-04
6823,34.114168,119,9.180495e-04
6824,34.119168,119,9.180498e-04
6825,34.124168,119,9.180500e-04
6826,34.129168,119,9.180503e-04
6827,34.134168,119,9.180505e-04
6828,34.139168,119,9.180507e-04
6829,34.144168,119,9.180510e-04
6830,34.149168,119,9.180512e-04
6831,34.154168,119,9.180515e-04
6832,34.159168,119,9.180517e-04
6833,34.164168,119,9.180519e-04
6834,34.169168,119,9.180522e-04
6835,34.174168,119,9.180524e-04
6836,34.179168,119,9.180527e-04
6837,34.184168,119,9.180529e-04
6838,34.189168,119,9.180531e-04
6839,34.194168,119,9.180534e-04
6840,34.199168,119,9.180536e-04
6841,34.204168,119,9.180539e-04
6842,34.209168,119,9.180541e-04
6843,34.214168,119,9.180543e-04
6844,34.219168,119,9.180546e-04
6845,34.224168,119,9.180548e-04
6846,34.229168,119,9.180551e-04
6847,34.234168,119,9.180553e-04
6848,34.239168,119,9.180555e-04
6849,34.244168,119,9.180558e-04
6850,34.249168,119,9.180560e-04
6851,34.254168,119,9.180563e-04
6852,34.259168,119,9.180565e-04
6853,34.264168,119,9.180567e-04
6854,34.269168,119,9.180570e-04
6855,34.274168,119,9.180572e-04
6856,34.279168,119,9.180575e-04
6857,34.284168,119,9.180577e-04
6858,34.289168,119,9.180579e-04
6859,34.294168,119,9.180582e-04
6860,34.299168,119,9.180584e-04
6861,34.304168,119,9.180586e-04
6862,34.309168,119,9.180589e-04
6863,34.314168,119,9.180591e-04
6864,34.319168,119,9.180594e-04
6865,34.324168,119,9.180596e-04
6866,34.329168,119,9.180598e-04
6867,34.334168,119,9.180601e-04
6868,34.339168,119,9.180603e-04
6869,34.344168,119,9.180606e-04
6870,34.349168,119,9.180608e-04
6871,34.354168,119,9.180610e-04
6872,34.359168,119,9.180613e-04
6873,34.364168,119,9.180615e-04
6874,34.369168,119,9.180618e-04
6875,34.374168,119,9.180620e-04
6876,34.379168,119,9.180622e-04
6877,34.384168,119,9.180625e-04
6878,34.389168,119,9.180627e-04
6879,34.394168,119,9.180630e-04
6880,34.399168,119,9.180632e-04
6881,34.404168,119,9.180634e-04
6882,34.409168,119,9.180637e-04
6883,34.414168,119,9.180639e-04
6884,34.419168,119,9.180642e-04
6885,34.424168,119,9.180644e-04
6886,34.429168,119,9.180646e-04
6887,34.434168,119,9.180649e-04
6888,34.439168,119,9.180651e-04
6889,34.444168,119,9.180654e-04
6890,34.449168,119,9.180656e-04
6891,34.454168,119,9.180658e-04
6892,34.459168,119,9.180661e-04
6893,34.464168,119,9.180663e-04
6894,34.469168,119,9.180666e-04
6895,34.474168,119,9.180668e-04
6896,34.479168,119,9.180670e-04
6897,34.484168,119,9.180673e-04
6898,34.489168,119,9.180675e-04
6899,34.494168,119,9.180678e-04
6900,34.499168,119,9.180680e-04
6901,34.504168,119,9.180682e-04
6902,34.509168,119,9.180685e-04
6903,34.514168,119,9.180687e-04
6904,34.519168,119,9.180690e-04
6905,34.524168,119,9.180692e-04
6906,34.529168,119,9.180694e-04
6907,34.534168,119,9.180697e-04
6908,34.539168,119,9.180699e-04
6909,34.544168,119,9.180702e-04
6910,34.549168,119,9.180704e-04
6911,34.554168,119,9.180706e-04
6912,34.559168,119,9.180709e-04
6913,34.564168,119,9.180711e-04
6914,34.569168,119,9.180713e-04
6915,34.574168,119,9.180716e-04
6916,34.579168,119,9.180718e-04
6917,34.584168,119,9.180721e-04
6918,34.589168,119,9.180723e-04
6919,34.594168,119,9.180725e-04
6920,34.599168,119,9.180728e-04
6921,34.604168,119,9.180730e-04
6922,34.609168,119,9.180733e-04
6923,34.614168,119,9.180735e-04
6924,34.619168,119,9.180737e-04
6925,34.624168,119,9.180740e-04
6926,34.629168,119,9.180742e-04
6927,34.634168,119,9.180745e-04
6928,34.639168,119,9.180747e-04
6929,34.644168,119,9.180749e-04
6930,34.649168,119,9.180752e-04
6931,34.654168,119,9.180754e-04
6932,34.659168,119,9.180757e-04
6933,34.664168,119,9.180759e-04
6934,34.669168,119,9.180761e-04
6935,34.674168,119,9.180764e-04
6936,34.679168,119,9.180766e-04
6937,34.684168,119,9.180769e-04
6938,34.689168,119,9.180771e-04
6939,34.694168,119,9.180773e-04
6940,34.699168,119,9.180776e-04
6941,34.704168,119,9.180778e-04
6942,34.709168,119,9.180781e-04
6943,34.714168,119,9.180783e-04
6944,34.719168,119,9.180785e-04
6945,34.724168,119,9.180788e-04
6946,34.729168,119,9.180790e-04
6947,34.734168,119,9.180793e-04
6948,34.739168,119,9.180795e-04
6949,34.744168,119,9.180797e-04
6950,34.749168,119,9.180800e-04
6951,34.754168,119,9.180802e-04
6952,34.759168,119,9.180805e-04
6953,34.764168,119,9.180807e-04
6954,34.769168,119,9.180809e-04
6955,34.774168,119,9.180812e-04
6956,34.779168,119,9.180814e-04
6957,34.784168,119,9.180817e-04
6958,34.789168,119,9.180819e-04
6959,34.794168,119,9.180821e-04
6960,34.799168,119,9.180824e-04
6961,34.804168,119,9.180826e-04
6962,34.809168,119,9.180828e-04
6963,34.814168,119,9.180831e-04
6964,34.819168,119,9.180833e-04
6965,34.824168,119,9.180836e-04
6966,34.829168,119,9.180838e-04
6967,34.834168,119,9.180840e-04
6968,34.839168,119,9.180843e-04
6969,34.844168,119,9.180845e-04
6970,34.849168,119,9.180848e-04
6971,34.854168,119,9.180850e-04
6972,34.859168,119,9.180852e-04
6973,34.864168,119,9.180855e-04
6974,34.869168,119,9.180857e-04
6975,34.874168,119,9.180860e-04
6976,34.879168,119,9.180862e-04
6977,34.884168,119,9.180864e-04
6978,34.889168,119,9.180867e-04
6979,34.894168,119,9.180869e-04
6980,34.899168,119,9.180872e-04
6981,34.904168,119,9.180874e-04
6982,34.909168,119,9.180876e-04
6983,34.914168,119,9.180879e-04
6984,34.919168,119,9.180881e-04
6985,34.924168,119,9.180884e-04
6986,34.929168,119,9.180886e-04
6987,34.934168,119,9.180888e-04
6988,34.939168,119,9.180891e-04
6989,34.944168,119,9.180893e-04
6990,34.949168,119,9.180896e-04
6991,34.954168,119,9.180898e-04
6992,34.959168,119,9.180900e-04
6993,34.964168,119,9.180903e-04
6994,34.969168,119,9.180905e-04
6995,34.974168,119,9.180908e-04
6996,34.979168,119,9.180910e-04
6997,34.984168,119,9.180912e-04
6998,34.989168,119,9.180915e-04
6999,34.994168,119,9.180917e-04
7000,34.999168,119,9.180920e-04
7001,35.004168,119,9.180922e-04
7002,35.009168,119,9.180924e-04
7003,35.014168,119,9.180927e-04
7004,35.019168,119,9.180929e-04
7005,35.024168,119,9.180931e-04
7006,35.029168,119,9.180934e-04
7007,35.034168,119,9.180936e-04
7008,35.039168,119,9.180939e-04
7009,35.044168,119,9.180941e-04
7010,35.049168,119,9.180943e-04
7011,35.054168,119,9.180946e-04
7012,35.059168,119,9.180948e-04
7013,35.064168,119,9.180951e-04
7014,35.069168,119,9.180953e-04
7015,35.074168,119,9.180955e-04
7016,35.079168,119,9.180958e-04
7017,35.084168,119,9.180960e-04
7018,35.089168,119,9.180963e-04
7019,35.094168,119,9.180965e-04
7020,35.099168,119,9.180967e-04
7021,35.104168,119,9.180970e-04
7022,35.109168,119,9.180972e-04
7023,35.114168,119,9.180975e-04
7024,35.119168,119,9.180977e-04
7025,35.124168,119,9.180979e-04
7026,35.129168,119,9.180982e-04
7027,35.134168,119,9.180984e-04
7028,35.139168,119,9.180987e-04
7029,35.144168,119,9.180989e-04
7030,35.149168,119,9.180991e-04
7031,35.154168,119,9.180994e-04
7032,35.159168,119,9.180996e-04
7033,35.164168,119,9.180999e-04
7034,35.169168,119,9.181001e-04
7035,35.174168,119,9.181003e-04
7036,35.179168,119,9.181006e-04
7037,35.184168,119,9.181008e-04
7038,35.189168,119,9.181011e-04
7039,35.194168,119,9.181013e-04
7040,35.199168,119,9.181015e-04
7041,35.204168,119,9.181018e-04
7042,35.209168,119,9.181020e-04
7043,35.214168,119,9.181023e-04
7044,35.219168,119,9.181025e-04
7045,35.224168,119,9.181027e-04
7046,35.229168,119,9.181030e-04
7047,35.234168,119,9.181032e-04
7048,35.239168,119,9.181034e-04
7049,35.244168,119,9.181037e-04
7050,35.249168,119,9.181039e-04
7051,35.254168,119,9.181042e-04
7052,35.259168,119,9.181044e-04
7053,35.264168,119,9.181046e-04
7054,35.269168,119,9.181049e-04
7055,35.274168,119,9.181051e-04
7056,35.279168,119,9.181054e-04
7057,35.284168,119,9.181056e-04
7058,35.289168,119,9.181058e-04
7059,35.294168,119,9.181061e-04
7060,35.299168,119,9.181063e-04
7061,35.304168,119,9.181066e-04
7062,35.309168,119,9.181068e-04
7063,35.314168,119,9.181070e-04
7064,35.319168,119,9.181073e-04
7065,35.324168,119,9.181075e-04
7066,35.329168,119,9.181078e-04
7067,35.334168,119,9.181080e-04
7068,35.339168,119,9.181082e-04
7069,35.344168,119,9.181085e-04
7070,35.349168,119,9.181087e-04
7071,35.354168,119,9.181090e-04
7072,35.359168,119,9.181092e-04
7073,35.364168,119,9.181094e-04
7074,35.369168,119,9.181097e-04
7075,35.374168,119,9.181099e-04
7076,35.379168,119,9.181102e-04
7077,35.384168,119,9.181104e-04
7078,35.389168,119,9.181106e-04
7079,35.394168,119,9.181109e-04
7080,35.399168,119,9.181111e-04
7081,35.404168,119,9.181114e-04
7082,35.409168,119,9.181116e-04
7083,35.414168,119,9.181118e-04
7084,35.419168,119,9.181121e-04
7085,35.424168,119,9.181123e-04
7086,35.429168,119,9.181125e-04
7087,35.434168,119,9.181128e-04
7088,35.439168,119,9.181130e-04
7089,35.444168,119,9.181133e-04
7090,35.449168,119,9.181135e-04
7091,35.454168,119,9.181137e-04
7092,35.459168,119,9.181140e-04
7093,35.464168,119,9.181142e-04
7094,35.469168,119,9.181145e-04
7095,35.474168,119,9.181147e-04
7096,35.479168,119,9.181149e-04
7097,35.484168,119,9.181152e-04
7098,35.489168,119,9.181154e-04
7099,35.494168,119,9.181157e-04
7100,35.499168,119,9.181159e-04
7101,35.504168,119,9.181161e-04
7102,35.509168,119,9.181164e-04
7103,35.514168,119,9.181166e-04
7104,35.519168,119,9.181169e-04
7105,35.524168,119,9.181171e-04
7106,35.529168,119,9.181173e-04
7107,35.534168,119,9.181176e-04
7108,35.539168,119,9.181178e-04
7109,35.544168,119,9.181181e-04
7110,35.549168,119,9.181183e-04
7111,35.554168,119,9.181185e-04
7112,35.559168,119,9.181188e-04
7113,35.564168,119,9.181190e-04
7114,35.569168,119,9.181193e-04
7115,35.574168,119,9.181195e-04
7116,35.579168,119,9.181197e-04
7117,35.584168,119,9.181200e-04
7118,35.589168,119,9.181202e-04
7119,35.594168,119,9.181205e-04
7120,35.599168,119,9.181207e-04
7121,35.604168,119,9.181209e-04
7122,35.609168,119,9.181212e-04
7123,35.614168,119,9.181214e-04
7124,35.619168,119,9.181216e-04
7125,35.624168,119,9.181219e-04
7126,35.629168,119,9.181221e-04
7127,35.634168,119,9.181224e-04
7128,35.639168,119,9.181226e-04
7129,35.644168,119,9.181228e-04
7130,35.649168,119,9.181231e-04
7131,35.654168,119,9.181233e-04
7132,35.659168,119,9.181236e-04
7133,35.664168,119,9.181238e-04
7134,35.669168,119,9.181240e-04
7135,35.674168,119,9.181243e-04
7136,35.679168,119,9.181245e-04
7137,35.684168,119,9.181248e-04
7138,35.689168,119,9.181250e-04
7139,35.694168,119,9.181252e-04
7140,35.699168,119,9.181255e-04
7141,35.704168,119,9.181257e-04
7142,35.709168,119,9.181260e-04
7143,35.714168,119,9.181262e-04
7144,35.719168,119,9.181264e-04
7145,35.724168,119,9.181267e-04
7146,35.729168,119,9.181269e-04
7147,35.734168,119,9.181272e-04
7148,35.739168,119,9.181274e-04
7149,35.744168,119,9.181276e-04
7150,35.749168,119,9.181279e-04
7151,35.754168,119,9.181281e-04
7152,35.759168,119,9.181284e-04
7153,35.764168,119,9.181286e-04
7154,35.769168,119,9.181288e-04
7155,35.774168,119,9.181291e-04
7156,35.779168,119,9.181293e-04
7157,35.784168,119,9.181296e-04
7158,35.789168,119,9.181298e-04
7159,35.794168,119,9.181300e-04
7160,35.799168,119,9.181303e-04
7161,35.804168,119,9.181305e-04
7162,35.809168,119,9.181307e-04
7163,35.814168,119,9.181310e-04
7164,35.819168,119,9.181312e-04
7165,35.824168,119,9.181315e-04
7166,35.829168,119,9.181317e-04
7167,35.834168,119,9.181319e-04
7168,35.839168,119,9.181322e-04
7169,35.844168,119,9.181324e-04
7170,35.849168,119,9.181327e-04
7171,35.854168,119,9.181329e-04
7172,35.859168,119,9.181331e-04
7173,35.864168,119,9.181334e-04
7174,35.869168,119,9.181336e-04
7175,35.874168,119,9.181339e-04
7176,35.879168,119,9.181341e-04
7177,35.884168,119,9.181343e-04
7178,35.889168,119,9.181346e-04
7179,35.894168,119,9.181348e-04
7180,35.899168,119,9.181351e-04
7181,35.904168,119,9.181353e-04
7182,35.909168,119,9.181355e-04
7183,35.914168,119,9.181358e-04
7184,35.919168,119,9.181360e-04
7185,35.924168,119,9.181363e-04
7186,35.929168,119,9.181365e-04
7187,35.934168,119,9.181367e-04
7188,35.939168,119,9.181370e-04
7189,35.944168,119,9.181372e-04
7190,35.949168,119,9.181375e-04
7191,35.954168,119,9.181377e-04
7192,35.959168,119,9.181379e-04
7193,35.964168,119,9.181382e-04
7194,35.969168,119,9.181384e-04
7195,35.974168,119,9.181386e-04
7196,35.979168,119,9.181389e-04
7197,35.984168,119,9.181391e-04
7198,35.989168,119,9.181394e-04
7199,35.994168,119,9.181396e-04
7200,35.999168,119,9.181398e-04
7201,36.004168,119,9.181401e-04
7202,36.009168,119,9.181403e-04
7203,36.014168,119,9.181406e-04
7204,36.019168,119,9.181408e-04
7205,36.024168,119,9.181410e-04
7206,36.029168,119,9.181413e-04
7207,36.034168,119,9.181415e-04
7208,36.039168,119,9.181418e-04
7209,36.044168,119,9.181420e-04
7210,36.049168,119,9.181422e-04
7211,36.054168,119,9.181425e-04
7212,36.059168,119,9.181427e-04
7213,36.064168,119,9.181430e-04
7214,36.069168,119,9.181432e-04
7215,36.074168,119,9.181434e-04
7216,36.079168,119,9.181437e-04
7217,36.084168,119,9.181439e-04
7218,36.089168,119,9.181442e-04
7219,36.094168,119,9.181444e-04
7220,36.099168,119,9.181446e-04
7221,36.104168,119,9.181449e-04
7222,36.109168,119,9.181451e-04
7223,36.114168,119,9.181454e-04
7224,36.119168,119,9.181456e-04
7225,36.124168,119,9.181458e-04
7226,36.129168,119,9.181461e-04
7227,36.134168,119,9.181463e-04
7228,36.139168,119,9.181466e-04
7229,36.144168,119,9.181468e-04
7230,36.149168,119,9.181470e-04
7231,36.154168,119,9.181473e-04
7232,36.159168,119,9.181475e-04
7233,36.164168,119,9.181477e-04
7234,36.169168,119,9.181480e-04
7235,36.174168,119,9.181482e-04
7236,36.179168,119,9.181485e-04
7237,36.184168,119,9.181487e-04
7238,36.189168,119,9.181489e-04
7239,36.194168,119,9.181492e-04
7240,36.199168,119,9.181494e-04
7241,36.204168,119,9.181497e-04
7242,36.209168,119,9.181499e-04
7243,36.214168,119,9.181501e-04
7244,36.219168,119,9.181504e-04
7245,36.224168,119,9.181506e-04
7246,36.229168,119,9.181509e-04
7247,36.234168,119,9.181511e-04
7248,36.239168,119,9.181513e-04
7249,36.244168,119,9.181516e-04
7250,36.249168,119,9.181518e-04
7251,36.254168,119,9.181521e-04
7252,36.259168,119,9.181523e-04
7253,36.264168,119,9.181525e-04
7254,36.269168,119,9.181528e-04
7255,36.274168,119,9.181530e-04
7256,36.279168,119,9.181533e-04
7257,36.284168,119,9.181535e-04
7258,36.289168,119,9.181537e-04
7259,36.294168,119,9.181540e-04
7260,36.299168,119,9.181542e-04
7261,36.304168,119,9.181545e-04
7262,36.309168,119,9.181547e-04
7263,36.314168,119,9.181549e-04
7264,36.319168,119,9.181552e-04
7265,36.324168,119,9.181554e-04
7266,36.329168,119,9.181556e-04
7267,36.334168,119,9.181559e-04
7268,36.339168,119,9.181561e-04
7269,36.344168,119,9.181564e-04
7270,36.349168,119,9.181566e-04
7271,36.354168,119,9.181568e-04
7272,36.359168,119,9.181571e-04
7273,36.364168,119,9.181573e-04
7274,36.369168,119,9.181576e-04
7275,36.374168,119,9.181578e-04
7276,36.379168,119,9.181580e-04
7277,36.384168,119,9.181583e-04
7278,36.389168,119,9.181585e-04
7279,36.394168,119,9.181588e-04
7280,36.399168,119,9.181590e-04
7281,36.404168,119,9.181592e-04
7282,36.409168,119,9.181595e-04
7283,36.414168,119,9.181597e-04
7284,36.419168,119,9.181600e-04
7285,36.424168,119,9.181602e-04
7286,36.429168,119,9.181604e-04
7287,36.434168,119,9.181607e-04
7288,36.439168,119,9.181609e-04
7289,36.444168,119,9.181612e-04
7290,36.449168,119,9.181614e-04
7291,36.454168,119,9.181616e-04
7292,36.459168,119,9.181619e-04
7293,36.464168,119,9.181621e-04
7294,36.469168,119,9.181623e-04
7295,36.474168,119,9.181626e-04
7296,36.479168,119,9.181628e-04
7297,36.484168,119,9.181631e-04
7298,36.489168,119,9.181633e-04
7299,36.494168,119,9.181635e-04
7300,36.499168,119,9.181638e-04
7301,36.504168,119,9.181640e-04
7302,36.509168,119,9.181643e-04
7303,36.514168,119,9.181645e-04
7304,36.519168,119,9.181647e-04
7305,36.524168,119,9.181650e-04
7306,36.529168,119,9.181652e-04
7307,36.534168,119,9.181655e-04
7308,36.539168,119,9.181657e-04
7309,36.544168,119,9.181659e-04
7310,36.549168,119,9.181662e-04
7311,36.554168,119,9.181664e-04
7312,36.559168,119,9.181667e-04
7313,36.564168,119,9.181669e-04
7314,36.569168,119,9.181671e-04
7315,36.574168,119,9.181674e-04
7316,36.579168,119,9.181676e-04
7317,36.584168,119,9.181679e-04
7318,36.589168,119,9.181681e-04
7319,36.594168,119,9.181683e-04
7320,36.599168,119,9.181686e-04
7321,36.604168,119,9.181688e-04
7322,36.609168,119,9.181691e-04
7323,36.614168,119,9.181693e-04
7324,36.619168,119,9.181695e-04
7325,36.624168,119,9.181698e-04
7326,36.629168,119,9.181700e-04
7327,36.634168,119,9.181702e-04
7328,36.639168,119,9.181705e-04
7329,36.644168,119,9.181707e-04
7330,36.649168,119,9.181710e-04
7331,36.654168,119,9.181712e-04
7332,36.659168,119,9.181714e-04
7333,36.664168,119,9.181717e-04
7334,36.669168,119,9.181719e-04
7335,36.674168,119,9.181722e-04
7336,36.679168,119,9.181724e-04
7337,36.684168,119,9.181726e-04
7338,36.689168,119,9.181729e-04
7339,36.694168,119,9.181731e-04
7340,36.699168,119,9.181734e-04
7341,36.704168,119,9.181736e-04
7342,36.709168,119,9.181738e-04
7343,36.714168,119,9.181741e-04
7344,36.719168,119,9.181743e-04
7345,36.724168,119,9.181746e-04
7346,36.729168,119,9.181748e-04
7347,36.734168,119,9.181750e-04
7348,36.739168,119,9.181753e-04
7349,36.744168,119,9.181755e-04
7350,36.749168,119,9.181758e-04
7351,36.754168,119,9.181760e-04
7352,36.759168,119,9.181762e-04
7353,36.764168,119,9.181765e-04
7354,36.769168,119,9.181767e-04
7355,36.774168,119,9.181769e-04
7356,36.779168,119,9.181772e-04
7357,36.784168,119,9.181774e-04
7358,36.789168,119,9.181777e-04
7359,36.794168,119,9.181779e-04
7360,36.799168,119,9.181781e-04
7361,36.804168,119,9.181784e-04
7362,36.809168,119,9.181786e-04
7363,36.814168,119,9.181789e-04
7364,36.819168,119,9.181791e-04
7365,36.824168,119,9.181793e-04
7366,36.829168,119,9.181796e-04
7367,36.834168,119,9.181798e-04
7368,36.839168,119,9.181801e-04
7369,36.844168,119,9.181803e-04
7370,36.849168,119,9.181805e-04
7371,36.854168,119,9.181808e-04
7372,36.859168,119,9.181810e-04
7373,36.864168,119,9.181813e-04
7374,36.869168,119,9.181815e-04
7375,36.874168,119,9.181817e-04
7376,36.879168,119,9.181820e-04
7377,36.884168,119,9.181822e-04
7378,36.889168,119,9.181825e-04
7379,36.894168,119,9.181827e-04
7380,36.899168,119,9.181829e-04
7381,36.904168,119,9.181832e-04
7382,36.909168,119,9.181834e-04
7383,36.914168,119,9.181836e-04
7384,36.919168,119,9.181839e-04
7385,36.924168,119,9.181841e-04
7386,36.929168,119,9.181844e-04
7387,36.934168,119,9.181846e-04
7388,36.939168,119,9.181848e-04
7389,36.944168,119,9.181851e-04
7390,36.949168,119,9.181853e-04
7391,36.954168,119,9.181856e-04
7392,36.959168,119,9.181858e-04
7393,36.964168,119,9.181860e-04
7394,36.969168,119,9.181863e-04
7395,36.974168,119,9.181865e-04
7396,36.979168,119,9.181868e-04
7397,36.984168,119,9.181870e-04
7398,36.989168,119,9.181872e-04
7399,36.994168,119,9.181875e-04
7400,36.999168,119,9.181877e-04
7401,37.004168,119,9.181880e-04
7402,37.009168,119,9.181882e-04
7403,37.014168,119,9.181884e-04
7404,37.019168,119,9.181887e-04
7405,37.024168,119,9.181889e-04
7406,37.029168,119,9.181892e-04
7407,37.034168,119,9.181894e-04
7408,37.039168,119,9.181896e-04
7409,37.044168,119,9.181899e-04
7410,37.049168,119,9.181901e-04
7411,37.054168,119,9.181903e-04
7412,37.059168,119,9.181906e-04
7413,37.064168,119,9.181908e-04
7414,37.069168,119,9.181911e-04
7415,37.074168,119,9.181913e-04
7416,37.079168,119,9.181915e-04
7417,37.084168,119,9.181918e-04
7418,37.089168,119,9.181920e-04
7419,37.094168,119,9.181923e-04
7420,37.099168,119,9.181925e-04
7421,37.104168,119,9.181927e-04
7422,37.109168,119,9.181930e-04
7423,37.114168,119,9.181932e-04
7424,37.119168,119,9.181935e-04
7425,37.124168,119,9.181937e-04
7426,37.129168,119,9.181939e-04
7427,37.134168,119,9.181942e-04
7428,37.139168,119,9.181944e-04
7429,37.144168,119,9.181947e-04
7430,37.149168,119,9.181949e-04
7431,37.154168,119,9.181951e-04
7432,37.159168,119,9.181954e-04
7433,37.164168,119,9.181956e-04
7434,37.169168,119,9.181959e-04
7435,37.174168,119,9.181961e-04
7436,37.179168,119,9.181963e-04
7437,37.184168,119,9.181966e-04
7438,37.189168,119,9.181968e-04
7439,37.194168,119,9.181970e-04
7440,37.199168,119,9.181973e-04
7441,37.204168,119,9.181975e-04
7442,37.209168,119,9.181978e-04
7443,37.214168,119,9.181980e-04
7444,37.219168,119,9.181982e-04
7445,37.224168,119,9.181985e-04
7446,37.229168,119,9.181987e-04
7447,37.234168,119,9.181990e-04
7448,37.239168,119,9.181992e-04
7449,37.244168,119,9.181994e-04
7450,37.249168,119,9.181997e-04
7451,37.254168,119,9.181999e-04
7452,37.259168,119,9.182002e-04
7453,37.264168,119,9.182004e-04
7454,37.269168,119,9.182006e-04
7455,37.274168,119,9.182009e-04
7456,37.279168,119,9.182011e-04
7457,37.284168,119,9.182014e-04
7458,37.289168,119,9.182016e-04
7459,37.294168,119,9.182018e-04
7460,37.299168,119,9.182021e-04
7461,37.304168,119,9.182023e-04
7462,37.309168,119,9.182026e-04
7463,37.314168,119,9.182028e-04
7464,37.319168,119,9.182030e-04
7465,37.324168,119,9.182033e-04
7466,37.329168,119,9.182035e-04
7467,37.334168,119,9.182037e-04
7468,37.339168,119,9.182040e-04
7469,37.344168,119,9.182042e-04
7470,37.349168,119,9.182045e-04
7471,37.354168,119,9.182047e-04
7472,37.359168,119,9.182049e-04
7473,37.364168,119,9.182052e-04
7474,37.369168,119,9.182054e-04
7475,37.374168,119,9.182057e-04
7476,37.379168,119,9.182059e-04
7477,37.384168,119,9.182061e-04
7478,37.389168,119,9.182064e-04
7479,37.394168,119,9.182066e-04
7480,37.399168,119,9.182069e-04
7481,37.404168,119,9.182071e-04
7482,37.409168,119,9.182073e-04
7483,37.414168,119,9.182076e-04
7484,37.419168,119,9.182078e-04
7485,37.424168,119,9.182081e-04
7486,37.429168,119,9.182083e-04
7487,37.434168,119,9.182085e-04
7488,37.439168,119,9.182088e-04
7489,37.444168,119,9.182090e-04
7490,37.449168,119,9.182092e-04
7491,37.454168,119,9.182095e-04
7492,37.459168,119,9.182097e-04
7493,37.464168,119,9.182100e-04
7494,37.469168,119,9.182102e-04
7495,37.474168,119,9.182104e-04
7496,37.479168,119,9.182107e-04
7497,37.484168,119,9.182109e-04
7498,37.489168,119,9.182112e-04
7499,37.494168,119,9.182114e-04
7500,37.499168,119,9.182116e-04
7501,37.504168,119,9.182119e-04
7502,37.509168,119,9.182121e-04
7503,37.514168,119,9.182124e-04
7504,37.519168,119,9.182126e-04
7505,37.524168,119,9.182128e-04
7506,37.529168,119,9.182131e-04
7507,37.534168,119,9.182133e-04
7508,37.539168,119,9.182136e-04
7509,37.544168,119,9.182138e-04
7510,37.549168,119,9.182140e-04
7511,37.554168,119,9.182143e-04
7512,37.559168,119,9.182145e-04
7513,37.564168,119,9.182148e-04
7514,37.569168,119,9.182150e-04
7515,37.574168,119,9.182152e-04
7516,37.579168,119,9.182155e-04
7517,37.584168,119,9.182157e-04
7518,37.589168,119,9.182159e-04
7519,37.594168,119,9.182162e-04
7520,37.599168,119,9.182164e-04
7521,37.604168,119,9.182167e-04
7522,37.609168,119,9.182169e-04
7523,37.614168,119,9.182171e-04
7524,37.619168,119,9.182174e-04
7525,37.624168,119,9.182176e-04
7526,37.629168,119,9.182179e-04
7527,37.634168,119,9.182181e-04
7528,37.639168,119,9.182183e-04
7529,37.644168,119,9.182186e-04
7530,37.649168,119,9.182188e-04
7531,37.654168,119,9.182191e-04
7532,37.659168,119,9.182193e-04
7533,37.664168,119,9.182195e-04
7534,37.669168,119,9.182198e-04
7535,37.674168,119,9.182200e-04
7536,37.679168,119,9.182203e-04
7537,37.684168,119,9.182205e-04
7538,37.689168,119,9.182207e-04
7539,37.694168,119,9.182210e-04
7540,37.699168,119,9.182212e-04
7541,37.704168,119,9.182214e-04
7542,37.709168,119,9.182217e-04
7543,37.714168,119,9.182219e-04
7544,37.719168,119,9.182222e-04
7545,37.724168,119,9.182224e-04
7546,37.729168,119,9.182226e-04
7547,37.734168,119,9.182229e-04
7548,37.739168,119,9.182231e-04
7549,37.744168,119,9.182234e-04
7550,37.749168,119,9.182236e-04
7551,37.754168,119,9.182238e-04
7552,37.759168,119,9.182241e-04
7553,37.764168,119,9.182243e-04
7554,37.769168,119,9.182246e-04
7555,37.774168,119,9.182248e-04
7556,37.779168,119,9.182250e-04
7557,37.784168,119,9.182253e-04
7558,37.789168,119,9.182255e-04
7559,37.794168,119,9.182258e-04
7560,37.799168,119,9.182260e-04
7561,37.804168,119,9.182262e-04
7562,37.809168,119,9.182265e-04
7563,37.814168,119,9.182267e-04
7564,37.819168,119,9.182269e-04
7565,37.824168,119,9.182272e-04
7566,37.829168,119,9.182274e-04
7567,37.834168,119,9.182277e-04
7568,37.839168,119,9.182279e-04
7569,37.844168,119,9.182281e-04
7570,37.849168,119,9.182284e-04
7571,37.854168,119,9.182286e-04
7572,37.859168,119,9.182289e-04
7573,37.864168,119,9.182291e-04
7574,37.869168,119,9.182293e-04
7575,37.874168,119,9.182296e-04
7576,37.879168,119,9.182298e-04
7577,37.884168,119,9.182301e-04
7578,37.889168,119,9.182303e-04
7579,37.894168,119,9.182305e-04
7580,37.899168,119,9.182308e-04
7581,37.904168,119,9.182310e-04
7582,37.909168,119,9.182313e-04
7583,37.914168,119,9.182315e-04
7584,37.919168,119,9.182317e-04
7585,37.924168,119,9.182320e-04
7586,37.929168,119,9.182322e-04
7587,37.934168,119,9.182325e-04
7588,37.939168,119,9.182327e-04
7589,37.944168,119,9.182329e-04
7590,37.949168,119,9.182332e-04
7591,37.954168,119,9.182334e-04
7592,37.959168,119,9.182336e-04
7593,37.964168,119,9.182339e-04
7594,37.969168,119,9.182341e-04
7595,37.974168,119,9.182344e-04
7596,37.979168,119,9.182346e-04
7597,37.984168,119,9.182348e-04
7598,37.989168,119,9.182351e-04
7599,37.994168,119,9.182353e-04
7600,37.999168,119,9.182356e-04
7601,38.004168,119,9.182358e-04
7602,38.009168,119,9.182360e-04
7603,38.014168,119,9.182363e-04
7604,38.019168,119,9.182365e-04
7605,38.024168,119,9.182368e-04
7606,38.029168,119,9.182370e-04
7607,38.034168,119,9.182372e-04
7608,38.039168,119,9.182375e-04
7609,38.044168,119,9.182377e-04
7610,38.049168,119,9.182380e-04
7611,38.054168,119,9.182382e-04
7612,38.059168,119,9.182384e-04
7613,38.064168,119,9.182387e-04
7614,38.069168,119,9.182389e-04
7615,38.074168,119,9.182391e-04
7616,38.079168,119,9.182394e-04
7617,38.084168,119,9.182396e-04
7618,38.089168,119,9.182399e-04
7619,38.094168,119,9.182401e-04
7620,38.099168,119,9.182403e-04
7621,38.104168,119,9.182406e-04
7622,38.109168,119,9.182408e-04
7623,38.114168,119,9.182411e-04
7624,38.119168,119,9.182413e-04
7625,38.124168,119,9.182415e-04
7626,38.129168,119,9.182418e-04
7627,38.134168,119,9.182420e-04
7628,38.139168,119,9.182423e-04
7629,38.144168,119,9.182425e-04
7630,38.149168,119,9.182427e-04
7631,38.154168,119,9.182430e-04
7632,38.159168,119,9.182432e-04
7633,38.164168,119,9.182435e-04
7634,38.169168,119,9.182437e-04
7635,38.174168,119,9.182439e-04
7636,38.179168,119,9.182442e-04
7637,38.184168,119,9.182444e-04
7638,38.189168,119,9.182446e-04
7639,38.194168,119,9.182449e-04
7640,38.199168,119,9.182451e-04
7641,38.204168,119,9.182454e-04
7642,38.209168,119,9.182456e-04
7643,38.214168,119,9.182458e-04
7644,38.219168,119,9.182461e-04
7645,38.224168,119,9.182463e-04
7646,38.229168,119,9.182466e-04
7647,38.234168,119,9.182468e-04
7648,38.239168,119,9.182470e-04
7649,38.244168,119,9.182473e-04
7650,38.249168,119,9.182475e-04
7651,38.254168,119,9.182478e-04
7652,38.259168,119,9.182480e-04
7653,38.264168,119,9.182482e-04
7654,38.269168,119,9.182485e-04
7655,38.274168,119,9.182487e-04
7656,38.279168,119,9.182490e-04
7657,38.284168,119,9.182492e-04
7658,38.289168,119,9.182494e-04
7659,38.294168,119,9.182497e-04
7660,38.299168,119,9.182499e-04
7661,38.304168,119,9.182501e-04
7662,38.309168,119,9.182504e-04
7663,38.314168,119,9.182506e-04
7664,38.319168,119,9.182509e-04
7665,38.324168,119,9.182511e-04
7666,38.329168,119,9.182513e-04
7667,38.334168,119,9.182516e-04
7668,38.339168,119,9.182518e-04
7669,38.344168,119,9.182521e-04
7670,38.349168,119,9.182523e-04
7671,38.354168,119,9.182525e-04
7672,38.359168,119,9.182528e-04
7673,38.364168,119,9.182530e-04
7674,38.369168,119,9.182533e-04
7675,38.374168,119,9.182535e-04
7676,38.379168,119,9.182537e-04
7677,38.384168,119,9.182540e-04
7678,38.389168,119,9.182542e-04
7679,38.394168,119,9.182545e-04
7680,38.399168,119,9.182547e-04
7681,38.404168,119,9.182549e-04
7682,38.409168,119,9.182552e-04
7683,38.414168,119,9.182554e-04
7684,38.419168,119,9.182556e-04
7685,38.424168,119,9.182559e-04
7686,38.429168,119,9.182561e-04
7687,38.434168,119,9.182564e-04
7688,38.439168,119,9.182566e-04
7689,38.444168,119,9.182568e-04
7690,38.449168,119,9.182571e-04
7691,38.454168,119,9.182573e-04
7692,38.459168,119,9.182576e-04
7693,38.464168,119,9.182578e-04
7694,38.469168,119,9.182580e-04
7695,38.474168,119,9.182583e-04
7696,38.479168,119,9.182585e-04
7697,38.484168,119,9.182588e-04
7698,38.489168,119,9.182590e-04
7699,38.494168,119,9.182592e-04
7700,38.499168,119,9.182595e-04
7701,38.504168,119,9.182597e-04
7702,38.509168,119,9.182599e-04
7703,38.514168,119,9.182602e-04
7704,38.519168,119,9.182604e-04
7705,38.524168,119,9.182607e-04
7706,38.529168,119,9.182609e-04
7707,38.534168,119,9.182611e-04
7708,38.539168,119,9.182614e-04
7709,38.544168,119,9.182616e-04
7710,38.549168,119,9.182619e-04
7711,38.554168,119,9.182621e-04
7712,38.559168,119,9.182623e-04
7713,38.564168,119,9.182626e-04
7714,38.569168,119,9.182628e-04
7715,38.574168,119,9.182631e-04
7716,38.579168,119,9.182633e-04
7717,38.584168,119,9.182635e-04
7718,38.589168,119,9.182638e-04
7719,38.594168,119,9.182640e-04
7720,38.599168,119,9.182643e-04
7721,38.604168,119,9.182645e-04
7722,38.609168,119,9.182647e-04
7723,38.614168,119,9.182650e-04
7724,38.619168,119,9.182652e-04
7725,38.624168,119,9.182654e-04
7726,38.629168,119,9.182657e-04
7727,38.634168,119,9.182659e-04
7728,38.639168,119,9.182662e-04
7729,38.644168,119,9.182664e-04
7730,38.649168,119,9.182666e-04
7731,38.654168,119,9.182669e-04
7732,38.659168,119,9.182671e-04
7733,38.664168,119,9.182674e-04
7734,38.669168,119,9.182676e-04
7735,38.674168,119,9.182678e-04
7736,38.679168,119,9.182681e-04
7737,38.684168,119,9.182683e-04
7738,38.689168,119,9.182686e-04
7739,38.694168,119,9.182688e-04
7740,38.699168,119,9.182690e-04
7741,38.704168,119,9.182693e-04
7742,38.709168,119,9.182695e-04
7743,38.714168,119,9.182698e-04
7744,38.719168,119,9.182700e-04
7745,38.724168,119,9.182702e-04
7746,38.729168,119,9.182705e-04
7747,38.734168,119,9.182707e-04
7748,38.739168,119,9.182709e-04
7749,38.744168,119,9.182712e-04
7750,38.749168,119,9.182714e-04
7751,38.754168,119,9.182717e-04
7752,38.759168,119,9.182719e-04
7753,38.764168,119,9.182721e-04
7754,38.769168,119,9.182724e-04
7755,38.774168,119,9.182726e-04
7756,38.779168,119,9.182729e-04
7757,38.784168,119,9.182731e-04
7758,38.789168,119,9.182733e-04
7759,38.794168,119,9.182736e-04
7760,38.799168,119,9.182738e-04
7761,38.804168,119,9.182741e-04
7762,38.809168,119,9.182743e-04
7763,38.814168,119,9.182745e-04
7764,38.819168,119,9.182748e-04
7765,38.824168,119,9.182750e-04
7766,38.829168,119,9.182752e-04
7767,38.834168,119,9.182755e-04
7768,38.839168,119,9.182757e-04
7769,38.844168,119,9.182760e-04
7770,38.849168,119,9.182762e-04
7771,38.854168,119,9.182764e-04
7772,38.859168,119,9.182767e-04
7773,38.864168,119,9.182769e-04
7774,38.869168,119,9.182772e-04
7775,38.874168,119,9.182774e-04
7776,38.879168,119,9.182776e-04
7777,38.884168,119,9.182779e-04
7778,38.889168,119,9.182781e-04
7779,38.894168,119,9.182784e-04
7780,38.899168,119,9.182786e-04
7781,38.904168,119,9.182788e-04
7782,38.909168,119,9.182791e-04
7783,38.914168,119,9.182793e-04
7784,38.919168,119,9.182796e-04
7785,38.924168,119,9.182798e-04
7786,38.929168,119,9.182800e-04
7787,38.934168,119,9.182803e-04
7788,38.939168,119,9.182805e-04
7789,38.944168,119,9.182807e-04
7790,38.949168,119,9.182810e-04
7791,38.954168,119,9.182812e-04
7792,38.959168,119,9.182815e-04
7793,38.964168,119,9.182817e-04
7794,38.969168,119,9.182819e-04
7795,38.974168,119,9.182822e-04
7796,38.979168,119,9.182824e-04
7797,38.984168,119,9.182827e-04
7798,38.989168,119,9.182829e-04
7799,38.994168,119,9.182831e-04
7800,38.999168,119,9.182834e-04
7801,39.004168,119,9.182836e-04
7802,39.009168,119,9.182839e-04
7803,39.014168,119,9.182841e-04
7804,39.019168,119,9.182843e-04
7805,39.024168,119,9.182846e-04
7806,39.029168,119,9.182848e-04
7807,39.034168,119,9.182850e-04
7808,39.039168,119,9.182853e-04
7809,39.044168,119,9.182855e-04
7810,39.049168,119,9.182858e-04
7811,39.054168,119,9.182860e-04
7812,39.059168,119,9.182862e-04
7813,39.064168,119,9.182865e-04
7814,39.069168,119,9.182867e-04
7815,39.074168,119,9.182870e-04
7816,39.079168,119,9.182872e-04
7817,39.084168,119,9.182874e-04
7818,39.089168,119,9.182877e-04
7819,39.094168,119,9.182879e-04
7820,39.099168,119,9.182882e-04
7821,39.104168,119,9.182884e-04
7822,39.109168,119,9.182886e-04
7823,39.114168,119,9.182889e-04
7824,39.119168,119,9.182891e-04
7825,39.124168,119,9.182894e-04
7826,39.129168,119,9.182896e-04
7827,39.134168,119,9.182898e-04
7828,39.139168,119,9.182901e-04
7829,39.144168,119,9.182903e-04
7830,39.149168,119,9.182905e-04
7831,39.154168,119,9.182908e-04
7832,39.159168,119,9.182910e-04
7833,39.164168,119,9.182913e-04
7834,39.169168,119,9.182915e-04
7835,39.174168,119,9.182917e-04
7836,39.179168,119,9.182920e-04
7837,39.184168,119,9.182922e-04
7838,39.189168,119,9.182925e-04
7839,39.194168,119,9.182927e-04
7840,39.199168,119,9.182929e-04
7841,39.204168,119,9.182932e-04
7842,39.209168,119,9.182934e-04
7843,39.214168,119,9.182937e-04
7844,39.219168,119,9.182939e-04
7845,39.224168,119,9.182941e-04
7846,39.229168,119,9.182944e-04
7847,39.234168,119,9.182946e-04
7848,39.239168,119,9.182948e-04
7849,39.244168,119,9.182951e-04
7850,39.249168,119,9.182953e-04
7851,39.254168,119,9.182956e-04
7852,39.259168,119,9.182958e-04
7853,39.264168,119,9.182960e-04
7854,39.269168,119,9.182963e-04
7855,39.274168,119,9.182965e-04
7856,39.279168,119,9.182968e-04
7857,39.284168,119,9.182970e-04
7858,39.289168,119,9.182972e-04
7859,39.294168,119,9.182975e-04
7860,39.299168,119,9.182977e-04
7861,39.304168,119,9.182980e-04
7862,39.309168,119,9.182982e-04
7863,39.314168,119,9.182984e-04
7864,39.319168,119,9.182987e-04
7865,39.324168,119,9.182989e-04
7866,39.329168,119,9.182991e-04
7867,39.334168,119,9.182994e-04
7868,39.339168,119,9.182996e-04
7869,39.344168,119,9.182999e-04
7870,39.349168,119,9.183001e-04
7871,39.354168,119,9.183003e-04
7872,39.359168,119,9.183006e-04
7873,39.364168,119,9.183008e-04
7874,39.369168,119,9.183011e-04
7875,39.374168,119,9.183013e-04
7876,39.379168,119,9.183015e-04
7877,39.384168,119,9.183018e-04
7878,39.389168,119,9.183020e-04
7879,39.394168,119,9.183023e-04
7880,39.399168,119,9.183025e-04
7881,39.404168,119,9.183027e-04
7882,39.409168,119,9.183030e-04
7883,39.414168,119,9.183032e-04
7884,39.419168,119,9.183035e-04
7885,39.424168,119,9.183037e-04
7886,39.429168,119,9.183039e-04
7887,39.434168,119,9.183042e-04
7888,39.439168,119,9.183044e-04
7889,39.444168,119,9.183046e-04
7890,39.449168,119,9.183049e-04
7891,39.454168,119,9.183051e-04
7892,39.459168,119,9.183054e-04
7893,39.464168,119,9.183056e-04
7894,39.469168,119,9.183058e-04
7895,39.474168,119,9.183061e-04
7896,39.479168,119,9.183063e-04
7897,39.484168,119,9.183066e-04
7898,39.489168,119,9.183068e-04
7899,39.494168,119,9.183070e-04
7900,39.499168,119,9.183073e-04
7901,39.504168,119,9.183075e-04
7902,39.509168,119,9.183078e-04
7903,39.514168,119,9.183080e-04
7904,39.519168,119,9.183082e-04
7905,39.524168,119,9.183085e-04
7906,39.529168,119,9.183087e-04
7907,39.534168,119,9.183089e-04
7908,39.539168,119,9.183092e-04
7909,39.544168,119,9.183094e-04
7910,39.549168,119,9.183097e-04
7911,39.554168,119,9.183099e-04
7912,39.559168,119,9.183101e-04
7913,39.564168,119,9.183104e-04
7914,39.569168,119,9.183106e-04
7915,39.574168,119,9.183109e-04
7916,39.579168,119,9.183111e-04
7917,39.584168,119,9.183113e-04
7918,39.589168,119,9.183116e-04
7919,39.594168,119,9.183118e-04
7920,39.599168,119,9.183121e-04
7921,39.604168,119,9.183123e-04
7922,39.609168,119,9.183125e-04
7923,39.614168,119,9.183128e-04
7924,39.619168,119,9.183130e-04
7925,39.624168,119,9.183132e-04
7926,39.629168,119,9.183135e-04
7927,39.634168,119,9.183137e-04
7928,39.639168,119,9.183140e-04
7929,39.644168,119,9.183142e-04
7930,39.649168,119,9.183144e-04
7931,39.654168,119,9.183147e-04
7932,39.659168,119,9.183149e-04
7933,39.664168,119,9.183152e-04
7934,39.669168,119,9.183154e-04
7935,39.674168,119,9.183156e-04
7936,39.679168,119,9.183159e-04
7937,39.684168,119,9.183161e-04
7938,39.689168,119,9.183164e-04
7939,39.694168,119,9.183166e-04
7940,39.699168,119,9.183168e-04
7941,39.704168,119,9.183171e-04
7942,39.709168,119,9.183173e-04
7943,39.714168,119,9.183175e-04
7944,39.719168,119,9.183178e-04
7945,39.724168,119,9.183180e-04
7946,39.729168,119,9.183183e-04
7947,39.734168,119,9.183185e-04
7948,39.739168,119,9.183187e-04
7949,39.744168,119,9.183190e-04
7950,39.749168,119,9.183192e-04
7951,39.754168,119,9.183195e-04
7952,39.759168,119,9.183197e-04
7953,39.764168,119,9.183199e-04
7954,39.769168,119,9.183202e-04
7955,39.774168,119,9.183204e-04
7956,39.779168,119,9.183207e-04
7957,39.784168,119,9.183209e-04
7958,39.789168,119,9.183211e-04
7959,39.794168,119,9.183214e-04
7960,39.799168,119,9.183216e-04
7961,39.804168,119,9.183218e-04
7962,39.809168,119,9.183221e-04
7963,39.814168,119,9.183223e-04
7964,39.819168,119,9.183226e-04
7965,39.824168,119,9.183228e-04
7966,39.829168,119,9.183230e-04
7967,39.834168,119,9.183233e-04
7968,39.839168,119,9.183235e-04
7969,39.844168,119,9.183238e-04
7970,39.849168,119,9.183240e-04
7971,39.854168,119,9.183242e-04
7972,39.859168,119,9.183245e-04
7973,39.864168,119,9.183247e-04
7974,39.869168,119,9.183250e-04
7975,39.874168,119,9.183252e-04
7976,39.879168,119,9.183254e-04
7977,39.884168,119,9.183257e-04
7978,39.889168,119,9.183259e-04
7979,39.894168,119,9.183261e-04
7980,39.899168,119,9.183264e-04
7981,39.904168,119,9.183266e-04
7982,39.909168,119,9.183269e-04
7983,39.914168,119,9.183271e-04
7984,39.919168,119,9.183273e-04
7985,39.924168,119,9.183276e-04
7986,39.929168,119,9.183278e-04
7987,39.934168,119,9.183281e-04
7988,39.939168,119,9.183283e-04
7989,39.944168,119,9.183285e-04
7990,39.949168,119,9.183288e-04
7991,39.954168,119,9.183290e-04
7992,39.959168,119,9.183293e-04
7993,39.964168,119,9.183295e-04
7994,39.969168,119,9.183297e-04
7995,39.974168,119,9.183300e-04
7996,39.979168,119,9.183302e-04
7997,39.984168,119,9.183304e-04
7998,39.989168,119,9.183307e-04
7999,39.994168,119,9.183309e-04
8000,39.999168,119,9.183312e-04
8001,40.004168,119,9.183314e-04
8002,40.009168,119,9.183316e-04
8003,40.014168,119,9.183319e-04
8004,40.019168,119,9.183321e-04
8005,40.024168,119,9.183324e-04
8006,40.029168,119,9.183326e-04
8007,40.034168,119,9.183328e-04
8008,40.039168,119,9.183331e-04
8009,40.044168,119,9.183333e-04
8010,40.049168,119,9.183336e-04
8011,40.054168,119,9.183338e-04
8012,40.059168,119,9.183340e-04
8013,40.064168,119,9.183343e-04
8014,40.069168,119,9.183345e-04
8015,40.074168,119,9.183347e-04
8016,40.079168,119,9.183350e-04
8017,40.084168,119,9.183352e-04
8018,40.089168,119,9.183355e-04
8019,40.094168,119,9.183357e-04
8020,40.099168,119,9.183359e-04
8021,40.104168,119,9.183362e-04
8022,40.109168,119,9.183364e-04
8023,40.114168,119,9.183367e-04
8024,40.119168,119,9.183369e-04
8025,40.124168,119,9.183371e-04
8026,40.129168,119,9.183374e-04
8027,40.134168,119,9.183376e-04
8028,40.139168,119,9.183379e-04
8029,40.144168,119,9.183381e-04
8030,40.149168,119,9.183383e-04
8031,40.154168,119,9.183386e-04
8032,40.159168,119,9.183388e-04
8033,40.164168,119,9.183390e-04
8034,40.169168,119,9.183393e-04
8035,40.174168,119,9.183395e-04
8036,40.179168,119,9.183398e-04
8037,40.184168,119,9.183400e-04
8038,40.189168,119,9.183402e-04
8039,40.194168,119,9.183405e-04
8040,40.199168,119,9.183407e-04
8041,40.204168,119,9.183410e-04
8042,40.209168,119,9.183412e-04
8043,40.214168,119,9.183414e-04
8044,40.219168,119,9.183417e-04
8045,40.224168,119,9.183419e-04
8046,40.229168,119,9.183422e-04
8047,40.234168,119,9.183424e-04
8048,40.239168,119,9.183426e-04
8049,40.244168,119,9.183429e-04
8050,40.249168,119,9.183431e-04
8051,40.254168,119,9.183433e-04
8052,40.259168,119,9.183436e-04
8053,40.264168,119,9.183438e-04
8054,40.269168,119,9.183441e-04
8055,40.274168,119,9.183443e-04
8056,40.279168,119,9.183445e-04
8057,40.284168,119,9.183448e-04
8058,40.289168,119,9.183450e-04
8059,40.294168,119,9.183453e-04
8060,40.299168,119,9.183455e-04
8061,40.304168,119,9.183457e-04
8062,40.309168,119,9.183460e-04
8063,40.314168,119,9.183462e-04
8064,40.319168,119,9.183465e-04
8065,40.324168,119,9.183467e-04
8066,40.329168,119,9.183469e-04
8067,40.334168,119,9.183472e-04
8068,40.339168,119,9.183474e-04
8069,40.344168,119,9.183476e-04
8070,40.349168,119,9.183479e-04
8071,40.354168,119,9.183481e-04
8072,40.359168,119,9.183484e-04
8073,40.364168,119,9.183486e-04
8074,40.369168,119,9.183488e-04
8075,40.374168,119,9.183491e-04
8076,40.379168,119,9.183493e-04
8077,40.384168,119,9.183496e-04
8078,40.389168,119,9.183498e-04
8079,40.394168,119,9.183500e-04
8080,40.399168,119,9.183503e-04
8081,40.404168,119,9.183505e-04
8082,40.409168,119,9.183508e-04
8083,40.414168,119,9.183510e-04
8084,40.419168,119,9.183512e-04
8085,40.424168,119,9.183515e-04
8086,40.429168,119,9.183517e-04
8087,40.434168,119,9.183519e-04
8088,40.439168,119,9.183522e-04
8089,40.444168,119,9.183524e-04
8090,40.449168,119,9.183527e-04
8091,40.454168,119,9.183529e-04
8092,40.459168,119,9.183531e-04
8093,40.464168,119,9.183534e-04
8094,40.469168,119,9.183536e-04
8095,40.474168,119,9.183539e-04
8096,40.479168,119,9.183541e-04
8097,40.484168,119,9.183543e-04
8098,40.489168,119,9.183546e-04
8099,40.494168,119,9.183548e-04
8100,40.499168,119,9.183551e-04
8101,40.504168,119,9.183553e-04
8102,40.509168,119,9.183555e-04
8103,40.514168,119,9.183558e-04
8104,40.519168,119,9.183560e-04
8105,40.524168,119,9.183562e-04
8106,40.529168,119,9.183565e-04
8107,40.534168,119,9.183567e-04
8108,40.539168,119,9.183570e-04
8109,40.544168,119,9.183572e-04
8110,40.549168,119,9.183574e-04
8111,40.554168,119,9.183577e-04
8112,40.559168,119,9.183579e-04
8113,40.564168,119,9.183582e-04
8114,40.569168,119,9.183584e-04
8115,40.574168,119,9.183586e-04
8116,40.579168,119,9.183589e-04
8117,40.584168,119,9.183591e-04
8118,40.589168,119,9.183593e-04
8119,40.594168,119,9.183596e-04
8120,40.599168,119,9.183598e-04
8121,40.604168,119,9.183601e-04
8122,40.609168,119,9.183603e-04
8123,40.614168,119,9.183605e-04
8124,40.619168,119,9.183608e-04
8125,40.624168,119,9.183610e-04
8126,40.629168,119,9.183613e-04
8127,40.634168,119,9.183615e-04
8128,40.639168,119,9.183617e-04
8129,40.644168,119,9.183620e-04
8130,40.649168,119,9.183622e-04
8131,40.654168,119,9.183625e-04
8132,40.659168,119,9.183627e-04
8133,40.664168,119,9.183629e-04
8134,40.669168,119,9.183632e-04
8135,40.674168,119,9.183634e-04
8136,40.679168,119,9.183636e-04
8137,40.684168,119,9.183639e-04
8138,40.689168,119,9.183641e-04
8139,40.694168,119,9.183644e-04
8140,40.699168,119,9.183646e-04
8141,40.704168,119,9.183648e-04
8142,40.709168,119,9.183651e-04
8143,40.714168,119,9.183653e-04
8144,40.719168,119,9.183656e-04
8145,40.724168,119,9.183658e-04
8146,40.729168,119,9.183660e-04
8147,40.734168,119,9.183663e-04
8148,40.739168,119,9.183665e-04
8149,40.744168,119,9.183668e-04
8150,40.749168,119,9.183670e-04
8151,40.754168,119,9.183672e-04
8152,40.759168,119,9.183675e-04
8153,40.764168,119,9.183677e-04
8154,40.769168,119,9.183679e-04
8155,40.774168,119,9.183682e-04
8156,40.779168,119,9.183684e-04
8157,40.784168,119,9.183687e-04
8158,40.789168,119,9.183689e-04
8159,40.794168,119,9.183691e-04
8160,40.799168,119,9.183694e-04
8161,40.804168,119,9.183696e-04
8162,40.809168,119,9.183699e-04
8163,40.814168,119,9.183701e-04
8164,40.819168,119,9.183703e-04
8165,40.824168,119,9.183706e-04
8166,40.829168,119,9.183708e-04
8167,40.834168,119,9.183710e-04
8168,40.839168,119,9.183713e-04
8169,40.844168,119,9.183715e-04
8170,40.849168,119,9.183718e-04
8171,40.854168,119,9.183720e-04
8172,40.859168,119,9.183722e-04
8173,40.864168,119,9.183725e-04
8174,40.869168,119,9.183727e-04
8175,40.874168,119,9.183730e-04
8176,40.879168,119,9.183732e-04
8177,40.884168,119,9.183734e-04
8178,40.889168,119,9.183737e-04
8179,40.894168,119,9.183739e-04
8180,40.899168,119,9.183742e-04
8181,40.904168,119,9.183744e-04
8182,40.909168,119,9.183746e-04
8183,40.914168,119,9.183749e-04
8184,40.919168,119,9.183751e-04
8185,40.924168,119,9.183753e-04
8186,40.929168,119,9.183756e-04
8187,40.934168,119,9.183758e-04
8188,40.939168,119,9.183761e-04
8189,40.944168,119,9.183763e-04
8190,40.949168,119,9.183765e-04
8191,40.954168,119,9.183768e-04
8192,40.959168,119,9.183770e-04
8193,40.964168,119,9.183773e-04
8194,40.969168,119,9.183775e-04
8195,40.974168,119,9.183777e-04
8196,40.979168,119,9.183780e-04
8197,40.984168,119,9.183782e-04
8198,40.989168,119,9.183785e-04
8199,40.994168,119,9.183787e-04
8200,40.999168,119,9.183789e-04
8201,41.004168,119,9.183792e-04
8202,41.009168,119,9.183794e-04
8203,41.014168,119,9.183796e-04
8204,41.019168,119,9.183799e-04
8205,41.024168,119,9.183801e-04
8206,41.029168,119,9.183804e-04
8207,41.034168,119,9.183806e-04
8208,41.039168,119,9.183808e-04
8209,41.044168,119,9.183811e-04
8210,41.049168,119,9.183813e-04
8211,41.054168,119,9.183816e-04
8212,41.059168,119,9.183818e-04
8213,41.064168,119,9.183820e-04
8214,41.069168,119,9.183823e-04
8215,41.074168,119,9.183825e-04
8216,41.079168,119,9.183827e-04
8217,41.084168,119,9.183830e-04
8218,41.089168,119,9.183832e-04
8219,41.094168,119,9.183835e-04
8220,41.099168,119,9.183837e-04
8221,41.104168,119,9.183839e-04
8222,41.109168,119,9.183842e-04
8223,41.114168,119,9.183844e-04
8224,41.119168,119,9.183847e-04
8225,41.124168,119,9.183849e-04
8226,41.129168,119,9.183851e-04
8227,41.134168,119,9.183854e-04
8228,41.139168,119,9.183856e-04
8229,41.144168,119,9.183859e-04
8230,41.149168,119,9.183861e-04
8231,41.154168,119,9.183863e-04
8232,41.159168,119,9.183866e-04
8233,41.164168,119,9.183868e-04
8234,41.169168,119,9.183870e-04
8235,41.174168,119,9.183873e-04
8236,41.179168,119,9.183875e-04
8237,41.184168,119,9.183878e-04
8238,41.189168,119,9.183880e-04
8239,41.194168,119,9.183882e-04
8240,41.199168,119,9.183885e-04
8241,41.204168,119,9.183887e-04
8242,41.209168,119,9.183890e-04
8243,41.214168,119,9.183892e-04
8244,41.219168,119,9.183894e-04
8245,41.224168,119,9.183897e-04
8246,41.229168,119,9.183899e-04
8247,41.234168,119,9.183901e-04
8248,41.239168,119,9.183904e-04
8249,41.244168,119,9.183906e-04
8250,41.249168,119,9.183909e-04
8251,41.254168,119,9.183911e-04
8252,41.259168,119,9.183913e-04
8253,41.264168,119,9.183916e-04
8254,41.269168,119,9.183918e-04
8255,41.274168,119,9.183921e-04
8256,41.279168,119,9.183923e-04
8257,41.284168,119,9.183925e-04
8258,41.289168,119,9.183928e-04
8259,41.294168,119,9.183930e-04
8260,41.299168,119,9.183933e-04
8261,41.304168,119,9.183935e-04
8262,41.309168,119,9.183937e-04
8263,41.314168,119,9.183940e-04
8264,41.319168,119,9.183942e-04
8265,41.324168,119,9.183944e-04
8266,41.329168,119,9.183947e-04
8267,41.334168,119,9.183949e-04
8268,41.339168,119,9.183952e-04
8269,41.344168,119,9.183954e-04
8270,41.349168,119,9.183956e-04
8271,41.354168,119,9.183959e-04
8272,41.359168,119,9.183961e-04
8273,41.364168,119,9.183964e-04
8274,41.369168,119,9.183966e-04
8275,41.374168,119,9.183968e-04
8276,41.379168,119,9.183971e-04
8277,41.384168,119,9.183973e-04
8278,41.389168,119,9.183975e-04
8279,41.394168,119,9.183978e-04
8280,41.399168,119,9.183980e-04
8281,41.404168,119,9.183983e-04
8282,41.409168,119,9.183985e-04
8283,41.414168,119,9.183987e-04
8284,41.419168,119,9.183990e-04
8285,41.424168,119,9.183992e-04
8286,41.429168,119,9.183995e-04
8287,41.434168,119,9.183997e-04
8288,41.439168,119,9.183999e-04
8289,41.444168,119,9.184002e-04
8290,41.449168,119,9.184004e-04
8291,41.454168,119,9.184007e-04
8292,41.459168,119,9.184009e-04
8293,41.464168,119,9.184011e-04
8294,41.469168,119,9.184014e-04
8295,41.474168,119,9.184016e-04
8296,41.479168,119,9.184018e-04
8297,41.484168,119,9.184021e-04
8298,41.489168,119,9.184023e-04
8299,41.494168,119,9.184026e-04
8300,41.499168,119,9.184028e-04
8301,41.504168,119,9.184030e-04
8302,41.509168,119,9.184033e-04
8303,41.514168,119,9.184035e-04
8304,41.519168,119,9.184038e-04
8305,41.524168,119,9.184040e-04
8306,41.529168,119,9.184042e-04
8307,41.534168,119,9.184045e-04
8308,41.539168,119,9.184047e-04
8309,41.544168,119,9.184049e-04
8310,41.549168,119,9.184052e-04
8311,41.554168,119,9.184054e-04
8312,41.559168,119,9.184057e-04
8313,41.564168,119,9.184059e-04
8314,41.569168,119,9.184061e-04
8315,41.574168,119,9.184064e-04
8316,41.579168,119,9.184066e-04
8317,41.584168,119,9.184069e-04
8318,41.589168,119,9.184071e-04
8319,41.594168,119,9.184073e-04
8320,41.599168,119,9.184076e-04
8321,41.604168,119,9.184078e-04
8322,41.609168,119,9.184081e-04
8323,41.614168,119,9.184083e-04
8324,41.619168,119,9.184085e-04
8325,41.624168,119,9.184088e-04
8326,41.629168,119,9.184090e-04
8327,41.634168,119,9.184092e-04
8328,41.639168,119,9.184095e-04
8329,41.644168,119,9.184097e-04
8330,41.649168,119,9.184100e-04
8331,41.654168,119,9.184102e-04
8332,41.659168,119,9.184104e-04
8333,41.664168,119,9.184107e-04
8334,41.669168,119,9.184109e-04
8335,41.674168,119,9.184112e-04
8336,41.679168,119,9.184114e-04
8337,41.684168,119,9.184116e-04
8338,41.689168,119,9.184119e-04
8339,41.694168,119,9.184121e-04
8340,41.699168,119,9.184123e-04
8341,41.704168,119,9.184126e-04
8342,41.709168,119,9.184128e-04
8343,41.714168,119,9.184131e-04
8344,41.719168,119,9.184133e-04
8345,41.724168,119,9.184135e-04
8346,41.729168,119,9.184138e-04
8347,41.734168,119,9.184140e-04
8348,41.739168,119,9.184143e-04
8349,41.744168,119,9.184145e-04
8350,41.749168,119,9.184147e-04
8351,41.754168,119,9.184150e-04
8352,41.759168,119,9.184152e-04
8353,41.764168,119,9.184154e-04
8354,41.769168,119,9.184157e-04
8355,41.774168,119,9.184159e-04
8356,41.779168,119,9.184162e-04
8357,41.784168,119,9.184164e-04
8358,41.789168,119,9.184166e-04
8359,41.794168,119,9.184169e-04
8360,41.799168,119,9.184171e-04
8361,41.804168,119,9.184174e-04
8362,41.809168,119,9.184176e-04
8363,41.814168,119,9.184178e-04
8364,41.819168,119,9.184181e-04
8365,41.824168,119,9.184183e-04
8366,41.829168,119,9.184186e-04
8367,41.834168,119,9.184188e-04
8368,41.839168,119,9.184190e-04
8369,41.844168,119,9.184193e-04
8370,41.849168,119,9.184195e-04
8371,41.854168,119,9.184197e-04
8372,41.859168,119,9.184200e-04
8373,41.864168,119,9.184202e-04
8374,41.869168,119,9.184205e-04
8375,41.874168,119,9.184207e-04
8376,41.879168,119,9.184209e-04
8377,41.884168,119,9.184212e-04
8378,41.889168,119,9.184214e-04
8379,41.894168,119,9.184217e-04
8380,41.899168,119,9.184219e-04
8381,41.904168,119,9.184221e-04
8382,41.909168,119,9.184224e-04
8383,41.914168,119,9.184226e-04
8384,41.919168,119,9.184228e-04
8385,41.924168,119,9.184231e-04
8386,41.929168,119,9.184233e-04
8387,41.934168,119,9.184236e-04
8388,41.939168,119,9.184238e-04
8389,41.944168,119,9.184240e-04
8390,41.949168,119,9.184243e-04
8391,41.954168,119,9.184245e-04
8392,41.959168,119,9.184248e-04
8393,41.964168,119,9.184250e-04
8394,41.969168,119,9.184252e-04
8395,41.974168,119,9.184255e-04
8396,41.979168,119,9.184257e-04
8397,41.984168,119,9.184259e-04
8398,41.989168,119,9.184262e-04
8399,41.994168,119,9.184264e-04
8400,41.999168,119,9.184267e-04
8401,42.004168,119,9.184269e-04
8402,42.009168,119,9.184271e-04
8403,42.014168,119,9.184274e-04
8404,42.019168,119,9.184276e-04
8405,42.024168,119,9.184279e-04
8406,42.029168,119,9.184281e-04
8407,42.034168,119,9.184283e-04
8408,42.039168,119,9.184286e-04
8409,42.044168,119,9.184288e-04
8410,42.049168,119,9.184291e-04
8411,42.054168,119,9.184293e-04
8412,42.059168,119,9.184295e-04
8413,42.064168,119,9.184298e-04
8414,42.069168,119,9.184300e-04
8415,42.074168,119,9.184302e-04
8416,42.079168,119,9.184305e-04
8417,42.084168,119,9.184307e-04
8418,42.089168,119,9.184310e-04
8419,42.094168,119,9.184312e-04
8420,42.099168,119,9.184314e-04
8421,42.104168,119,9.184317e-04
8422,42.109168,119,9.184319e-04
8423,42.114168,119,9.184322e-04
8424,42.119168,119,9.184324e-04
8425,42.124168,119,9.184326e-04
8426,42.129168,119,9.184329e-04
8427,42.134168,119,9.184331e-04
8428,42.139168,119,9.184333e-04
8429,42.144168,119,9.184336e-04
8430,42.149168,119,9.184338e-04
8431,42.154168,119,9.184341e-04
8432,42.159168,119,9.184343e-04
8433,42.164168,119,9.184345e-04
8434,42.169168,119,9.184348e-04
8435,42.174168,119,9.184350e-04
8436,42.179168,119,9.184353e-04
8437,42.184168,119,9.184355e-04
8438,42.189168,119,9.184357e-04
8439,42.194168,119,9.184360e-04
8440,42.199168,119,9.184362e-04
8441,42.204168,119,9.184364e-04
8442,42.209168,119,9.184367e-04
8443,42.214168,119,9.184369e-04
8444,42.219168,119,9.184372e-04
8445,42.224168,119,9.184374e-04
8446,42.229168,119,9.184376e-04
8447,42.234168,119,9.184379e-04
8448,42.239168,119,9.184381e-04
8449,42.244168,119,9.184384e-04
8450,42.249168,119,9.184386e-04
8451,42.254168,119,9.184388e-04
8452,42.259168,119,9.184391e-04
8453,42.264168,119,9.184393e-04
8454,42.269168,119,9.184395e-04
8455,42.274168,119,9.184398e-04
8456,42.279168,119,9.184400e-04
8457,42.284168,119,9.184403e-04
8458,42.289168,119,9.184405e-04
8459,42.294168,119,9.184407e-04
8460,42.299168,119,9.184410e-04
8461,42.304168,119,9.184412e-04
8462,42.309168,119,9.184415e-04
8463,42.314168,119,9.184417e-04
8464,42.319168,119,9.184419e-04
8465,42.324168,119,9.184422e-04
8466,42.329168,119,9.184424e-04
8467,42.334168,119,9.184426e-04
8468,42.339168,119,9.184429e-04
8469,42.344168,119,9.184431e-04
8470,42.349168,119,9.184434e-04
8471,42.354168,119,9.184436e-04
8472,42.359168,119,9.184438e-04
8473,42.364168,119,9.184441e-04
8474,42.369168,119,9.184443e-04
8475,42.374168,119,9.184446e-04
8476,42.379168,119,9.184448e-04
8477,42.384168,119,9.184450e-04
8478,42.389168,119,9.184453e-04
8479,42.394168,119,9.184455e-04
8480,42.399168,119,9.184458e-04
8481,42.404168,119,9.184460e-04
8482,42.409168,119,9.184462e-04
8483,42.414168,119,9.184465e-04
8484,42.419168,119,9.184467e-04
8485,42.424168,119,9.184469e-04
8486,42.429168,119,9.184472e-04
8487,42.434168,119,9.184474e-04
8488,42.439168,119,9.184477e-04
8489,42.444168,119,9.184479e-04
8490,42.449168,119,9.184481e-04
8491,42.454168,119,9.184484e-04
8492,42.459168,119,9.184486e-04
8493,42.464168,119,9.184489e-04
8494,42.469168,119,9.184491e-04
8495,42.474168,119,9.184493e-04
8496,42.479168,119,9.184496e-04
8497,42.484168,119,9.184498e-04
8498,42.489168,119,9.184500e-04
8499,42.494168,119,9.184503e-04
8500,42.499168,119,9.184505e-04
8501,42.504168,119,9.184508e-04
8502,42.509168,119,9.184510e-04
8503,42.514168,119,9.184512e-04
8504,42.519168,119,9.184515e-04
8505,42.524168,119,9.184517e-04
8506,42.529168,119,9.184520e-04
8507,42.534168,119,9.184522e-04
8508,42.539168,119,9.184524e-04
8509,42.544168,119,9.184527e-04
8510,42.549168,119,9.184529e-04
8511,42.554168,119,9.184531e-04
8512,42.559168,119,9.184534e-04
8513,42.564168,119,9.184536e-04
8514,42.569168,119,9.184539e-04
8515,42.574168,119,9.184541e-04
8516,42.579168,119,9.184543e-04
8517,42.584168,119,9.184546e-04
8518,42.589168,119,9.184548e-04
8519,42.594168,119,9.184551e-04
8520,42.599168,119,9.184553e-04
8521,42.604168,119,9.184555e-04
8522,42.609168,119,9.184558e-04
8523,42.614168,119,9.184560e-04
8524,42.619168,119,9.184562e-04
8525,42.624168,119,9.184565e-04
8526,42.629168,119,9.184567e-04
8527,42.634168,119,9.184570e-04
8528,42.639168,119,9.184572e-04
8529,42.644168,119,9.184574e-04
8530,42.649168,119,9.184577e-04
8531,42.654168,119,9.184579e-04
8532,42.659168,119,9.184582e-04
8533,42.664168,119,9.184584e-04
8534,42.669168,119,9.184586e-04
8535,42.674168,119,9.184589e-04
8536,42.679168,119,9.184591e-04
8537,42.684168,119,9.184593e-04
8538,42.689168,119,9.184596e-04
8539,42.694168,119,9.184598e-04
8540,42.699168,119,9.184601e-04
8541,42.704168,119,9.184603e-04
8542,42.709168,119,9.184605e-04
8543,42.714168,119,9.184608e-04
8544,42.719168,119,9.184610e-04
8545,42.724168,119,9.184613e-04
8546,42.729168,119,9.184615e-04
8547,42.734168,119,9.184617e-04
8548,42.739168,119,9.184620e-04
8549,42.744168,119,9.184622e-04
8550,42.749168,119,9.184624e-04
8551,42.754168,119,9.184627e-04
8552,42.759168,119,9.184629e-04
8553,42.764168,119,9.184632e-04
8554,42.769168,119,9.184634e-04
8555,42.774168,119,9.184636e-04
8556,42.779168,119,9.184639e-04
8557,42.784168,119,9.184641e-04
8558,42.789168,119,9.184644e-04
8559,42.794168,119,9.184646e-04
8560,42.799168,119,9.184648e-04
8561,42.804168,119,9.184651e-04
8562,42.809168,119,9.184653e-04
8563,42.814168,119,9.184655e-04
8564,42.819168,119,9.184658e-04
8565,42.824168,119,9.184660e-04
8566,42.829168,119,9.184663e-04
8567,42.834168,119,9.184665e-04
8568,42.839168,119,9.184667e-04
8569,42.844168,119,9.184670e-04
8570,42.849168,119,9.184672e-04
8571,42.854168,119,9.184675e-04
8572,42.859168,119,9.184677e-04
8573,42.864168,119,9.184679e-04
8574,42.869168,119,9.184682e-04
8575,42.874168,119,9.184684e-04
8576,42.879168,119,9.184686e-04
8577,42.884168,119,9.184689e-04
8578,42.889168,119,9.184691e-04
8579,42.894168,119,9.184694e-04
8580,42.899168,119,9.184696e-04
8581,42.904168,119,9.184698e-04
8582,42.909168,119,9.184701e-04
8583,42.914168,119,9.184703e-04
8584,42.919168,119,9.184706e-04
8585,42.924168,119,9.184708e-04
8586,42.929168,119,9.184710e-04
8587,42.934168,119,9.184713e-04
8588,42.939168,119,9.184715e-04
8589,42.944168,119,9.184717e-04
8590,42.949168,119,9.184720e-04
8591,42.954168,119,9.184722e-04
8592,42.959168,119,9.184725e-04
8593,42.964168,119,9.184727e-04
8594,42.969168,119,9.184729e-04
8595,42.974168,119,9.184732e-04
8596,42.979168,119,9.184734e-04
8597,42.984168,119,9.184737e-04
8598,42.989168,119,9.184739e-04
8599,42.994168,119,9.184741e-04
8600,42.999168,119,9.184744e-04
8601,43.004168,119,9.184746e-04
8602,43.009168,119,9.184749e-04
8603,43.014168,119,9.184751e-04
8604,43.019168,119,9.184753e-04
8605,43.024168,119,9.184756e-04
8606,43.029168,119,9.184758e-04
8607,43.034168,119,9.184760e-04
8608,43.039168,119,9.184763e-04
8609,43.044168,119,9.184765e-04
8610,43.049168,119,9.184768e-04
8611,43.054168,119,9.184770e-04
8612,43.059168,119,9.184772e-04
8613,43.064168,119,9.184775e-04
8614,43.069168,119,9.184777e-04
8615,43.074168,119,9.184780e-04
8616,43.079168,119,9.184782e-04
8617,43.084168,119,9.184784e-04
8618,43.089168,119,9.184787e-04
8619,43.094168,119,9.184789e-04
8620,43.099168,119,9.184791e-04
8621,43.104168,119,9.184794e-04
8622,43.109168,119,9.184796e-04
8623,43.114168,119,9.184799e-04
8624,43.119168,119,9.184801e-04
8625,43.124168,119,9.184803e-04
8626,43.129168,119,9.184806e-04
8627,43.134168,119,9.184808e-04
8628,43.139168,119,9.184811e-04
8629,43.144168,119,9.184813e-04
8630,43.149168,119,9.184815e-04
8631,43.154168,119,9.184818e-04
8632,43.159168,119,9.184820e-04
8633,43.164168,119,9.184822e-04
8634,43.169168,119,9.184825e-04
8635,43.174168,119,9.184827e-04
8636,43.179168,119,9.184830e-04
8637,43.184168,119,9.184832e-04
8638,43.189168,119,9.184834e-04
8639,43.194168,119,9.184837e-04
8640,43.199168,119,9.184839e-04
8641,43.204168,119,9.184842e-04
8642,43.209168,119,9.184844e-04
8643,43.214168,119,9.184846e-04
8644,43.219168,119,9.184849e-04
8645,43.224168,119,9.184851e-04
8646,43.229168,119,9.184853e-04
8647,43.234168,119,9.184856e-04
8648,43.239168,119,9.184858e-04
8649,43.244168,119,9.184861e-04
8650,43.249168,119,9.184863e-04
8651,43.254168,119,9.184865e-04
8652,43.259168,119,9.184868e-04
8653,43.264168,119,9.184870e-04
8654,43.269168,119,9.184873e-04
8655,43.274168,119,9.184875e-04
8656,43.279168,119,9.184877e-04
8657,43.284168,119,9.184880e-04
8658,43.289168,119,9.184882e-04
8659,43.294168,119,9.184884e-04
8660,43.299168,119,9.184887e-04
8661,43.304168,119,9.184889e-04
8662,43.309168,119,9.184892e-04
8663,43.314168,119,9.184894e-04
8664,43.319168,119,9.184896e-04
8665,43.324168,119,9.184899e-04
8666,43.329168,119,9.184901e-04
8667,43.334168,119,9.184903e-04
8668,43.339168,119,9.184906e-04
8669,43.344168,119,9.184908e-04
8670,43.349168,119,9.184911e-04
8671,43.354168,119,9.184913e-04
8672,43.359168,119,9.184915e-04
8673,43.364168,119,9.184918e-04
8674,43.369168,119,9.184920e-04
8675,43.374168,119,9.184923e-04
8676,43.379168,119,9.184925e-04
8677,43.384168,119,9.184927e-04
8678,43.389168,119,9.184930e-04
8679,43.394168,119,9.184932e-04
8680,43.399168,119,9.184934e-04
8681,43.404168,119,9.184937e-04
8682,43.409168,119,9.184939e-04
8683,43.414168,119,9.184942e-04
8684,43.419168,119,9.184944e-04
8685,43.424168,119,9.184946e-04
8686,43.429168,119,9.184949e-04
8687,43.434168,119,9.184951e-04
8688,43.439168,119,9.184954e-04
8689,43.444168,119,9.184956e-04
8690,43.449168,119,9.184958e-04
8691,43.454168,119,9.184961e-04
8692,43.459168,119,9.184963e-04
8693,43.464168,119,9.184965e-04
8694,43.469168,119,9.184968e-04
8695,43.474168,119,9.184970e-04
8696,43.479168,119,9.184973e-04
8697,43.484168,119,9.184975e-04
8698,43.489168,119,9.184977e-04
8699,43.494168,119,9.184980e-04
8700,43.499168,119,9.184982e-04
8701,43.504168,119,9.184985e-04
8702,43.509168,119,9.184987e-04
8703,43.514168,119,9.184989e-04
8704,43.519168,119,9.184992e-04
8705,43.524168,119,9.184994e-04
8706,43.529168,119,9.184996e-04
8707,43.534168,119,9.184999e-04
8708,43.539168,119,9.185001e-04
8709,43.544168,119,9.185004e-04
8710,43.549168,119,9.185006e-04
8711,43.554168,119,9.185008e-04
8712,43.559168,119,9.185011e-04
8713,43.564168,119,9.185013e-04
8714,43.569168,119,9.185016e-04
8715,43.574168,119,9.185018e-04
8716,43.579168,119,9.185020e-04
8717,43.584168,119,9.185023e-04
8718,43.589168,119,9.185025e-04
8719,43.594168,119,9.185027e-04
8720,43.599168,119,9.185030e-04
8721,43.604168,119,9.185032e-04
8722,43.609168,119,9.185035e-04
8723,43.614168,119,9.185037e-04
8724,43.619168,119,9.185039e-04
8725,43.624168,119,9.185042e-04
8726,43.629168,119,9.185044e-04
8727,43.634168,119,9.185047e-04
8728,43.639168,119,9.185049e-04
8729,43.644168,119,9.185051e-04
8730,43.649168,119,9.185054e-04
8731,43.654168,119,9.185056e-04
8732,43.659168,119,9.185058e-04
8733,43.664168,119,9.185061e-04
8734,43.669168,119,9.185063e-04
8735,43.674168,119,9.185066e-04
8736,43.679168,119,9.185068e-04
8737,43.684168,119,9.185070e-04
8738,43.689168,119,9.185073e-04
8739,43.694168,119,9.185075e-04
8740,43.699168,119,9.185078e-04
8741,43.704168,119,9.185080e-04
8742,43.709168,119,9.185082e-04
8743,43.714168,119,9.185085e-04
8744,43.719168,119,9.185087e-04
8745,43.724168,119,9.185089e-04
8746,43.729168,119,9.185092e-04
8747,43.734168,119,9.185094e-04
8748,43.739168,119,9.185097e-04
8749,43.744168,119,9.185099e-04
8750,43.749168,119,9.185101e-04
8751,43.754168,119,9.185104e-04
8752,43.759168,119,9.185106e-04
8753,43.764168,119,9.185109e-04
8754,43.769168,119,9.185111e-04
8755,43.774168,119,9.185113e-04
8756,43.779168,119,9.185116e-04
8757,43.784168,119,9.185118e-04
8758,43.789168,119,9.185120e-04
8759,43.794168,119,9.185123e-04
8760,43.799168,119,9.185125e-04
8761,43.804168,119,9.185128e-04
8762,43.809168,119,9.185130e-04
8763,43.814168,119,9.185132e-04
8764,43.819168,119,9.185135e-04
8765,43.824168,119,9.185137e-04
8766,43.829168,119,9.185140e-04
8767,43.834168,119,9.185142e-04
8768,43.839168,119,9.185144e-04
8769,43.844168,119,9.185147e-04
8770,43.849168,119,9.185149e-04
8771,43.854168,119,9.185151e-04
8772,43.859168,119,9.185154e-04
8773,43.864168,119,9.185156e-04
8774,43.869168,119,9.185159e-04
8775,43.874168,119,9.185161e-04
8776,43.879168,119,9.185163e-04
8777,43.884168,119,9.185166e-04
8778,43.889168,119,9.185168e-04
8779,43.894168,119,9.185170e-04
8780,43.899168,119,9.185173e-04
8781,43.904168,119,9.185175e-04
8782,43.909168,119,9.185178e-04
8783,43.914168,119,9.185180e-04
8784,43.919168,119,9.185182e-04
8785,43.924168,119,9.185185e-04
8786,43.929168,119,9.185187e-04
8787,43.934168,119,9.185190e-04
8788,43.939168,119,9.185192e-04
8789,43.944168,119,9.185194e-04
8790,43.949168,119,9.185197e-04
8791,43.954168,119,9.185199e-04
8792,43.959168,119,9.185201e-04
8793,43.964168,119,9.185204e-04
8794,43.969168,119,9.185206e-04
8795,43.974168,119,9.185209e-04
8796,43.979168,119,9.185211e-04
8797,43.984168,119,9.185213e-04
8798,43.989168,119,9.185216e-04
8799,43.994168,119,9.185218e-04
8800,43.999168,119,9.185221e-04
8801,44.004168,119,9.185223e-04
8802,44.009168,119,9.185225e-04
8803,44.014168,119,9.185228e-04
8804,44.019168,119,9.185230e-04
8805,44.024168,119,9.185232e-04
8806,44.029168,119,9.185235e-04
8807,44.034168,119,9.185237e-04
8808,44.039168,119,9.185240e-04
8809,44.044168,119,9.185242e-04
8810,44.049168,119,9.185244e-04
8811,44.054168,119,9.185247e-04
8812,44.059168,119,9.185249e-04
8813,44.064168,119,9.185252e-04
8814,44.069168,119,9.185254e-04
8815,44.074168,119,9.185256e-04
8816,44.079168,119,9.185259e-04
8817,44.084168,119,9.185261e-04
8818,44.089168,119,9.185263e-04
8819,44.094168,119,9.185266e-04
8820,44.099168,119,9.185268e-04
8821,44.104168,119,9.185271e-04
8822,44.109168,119,9.185273e-04
8823,44.114168,119,9.185275e-04
8824,44.119168,119,9.185278e-04
8825,44.124168,119,9.185280e-04
8826,44.129168,119,9.185283e-04
8827,44.134168,119,9.185285e-04
8828,44.139168,119,9.185287e-04
8829,44.144168,119,9.185290e-04
8830,44.149168,119,9.185292e-04
8831,44.154168,119,9.185294e-04
8832,44.159168,119,9.185297e-04
8833,44.164168,119,9.185299e-04
8834,44.169168,119,9.185302e-04
8835,44.174168,119,9.185304e-04
8836,44.179168,119,9.185306e-04
8837,44.184168,119,9.185309e-04
8838,44.189168,119,9.185311e-04
8839,44.194168,119,9.185313e-04
8840,44.199168,119,9.185316e-04
8841,44.204168,119,9.185318e-04
8842,44.209168,119,9.185321e-04
8843,44.214168,119,9.185323e-04
8844,44.219168,119,9.185325e-04
8845,44.224168,119,9.185328e-04
8846,44.229168,119,9.185330e-04
8847,44.234168,119,9.185333e-04
8848,44.239168,119,9.185335e-04
8849,44.244168,119,9.185337e-04
8850,44.249168,119,9.185340e-04
8851,44.254168,119,9.185342e-04
8852,44.259168,119,9.185344e-04
8853,44.264168,119,9.185347e-04
8854,44.269168,119,9.185349e-04
8855,44.274168,119,9.185352e-04
8856,44.279168,119,9.185354e-04
8857,44.284168,119,9.185356e-04
8858,44.289168,119,9.185359e-04
8859,44.294168,119,9.185361e-04
8860,44.299168,119,9.185364e-04
8861,44.304168,119,9.185366e-04
8862,44.309168,119,9.185368e-04
8863,44.314168,119,9.185371e-04
8864,44.319168,119,9.185373e-04
8865,44.324168,119,9.185375e-04
8866,44.329168,119,9.185378e-04
8867,44.334168,119,9.185380e-04
8868,44.339168,119,9.185383e-04
8869,44.344168,119,9.185385e-04
8870,44.349168,119,9.185387e-04
8871,44.354168,119,9.185390e-04
8872,44.359168,119,9.185392e-04
8873,44.364168,119,9.185395e-04
8874,44.369168,119,9.185397e-04
8875,44.374168,119,9.185399e-04
8876,44.379168,119,9.185402e-04
8877,44.384168,119,9.185404e-04
8878,44.389168,119,9.185406e-04
8879,44.394168,119,9.185409e-04
8880,44.399168,119,9.185411e-04
8881,44.404168,119,9.185414e-04
8882,44.409168,119,9.185416e-04
8883,44.414168,119,9.185418e-04
8884,44.419168,119,9.185421e-04
8885,44.424168,119,9.185423e-04
8886,44.429168,119,9.185426e-04
8887,44.434168,119,9.185428e-04
8888,44.439168,119,9.185430e-04
8889,44.444168,119,9.185433e-04
8890,44.449168,119,9.185435e-04
8891,44.454168,119,9.185437e-04
8892,44.459168,119,9.185440e-04
8893,44.464168,119,9.185442e-04
8894,44.469168,119,9.185445e-04
8895,44.474168,119,9.185447e-04
8896,44.479168,119,9.185449e-04
8897,44.484168,119,9.185452e-04
8898,44.489168,119,9.185454e-04
8899,44.494168,119,9.185456e-04
8900,44.499168,119,9.185459e-04
8901,44.504168,119,9.185461e-04
8902,44.509168,119,9.185464e-04
8903,44.514168,119,9.185466e-04
8904,44.519168,119,9.185468e-04
8905,44.524168,119,9.185471e-04
8906,44.529168,119,9.185473e-04
8907,44.534168,119,9.185476e-04
8908,44.539168,119,9.185478e-04
8909,44.544168,119,9.185480e-04
8910,44.549168,119,9.185483e-04
8911,44.554168,119,9.185485e-04
8912,44.559168,119,9.185487e-04
8913,44.564168,119,9.185490e-04
8914,44.569168,119,9.185492e-04
8915,44.574168,119,9.185495e-04
8916,44.579168,119,9.185497e-04
8917,44.584168,119,9.185499e-04
8918,44.589168,119,9.185502e-04
8919,44.594168,119,9.185504e-04
8920,44.599168,119,9.185507e-04
8921,44.604168,119,9.185509e-04
8922,44.609168,119,9.185511e-04
8923,44.614168,119,9.185514e-04
8924,44.619168,119,9.185516e-04
8925,44.624168,119,9.185518e-04
8926,44.629168,119,9.185521e-04
8927,44.634168,119,9.185523e-04
8928,44.639168,119,9.185526e-04
8929,44.644168,119,9.185528e-04
8930,44.649168,119,9.185530e-04
8931,44.654168,119,9.185533e-04
8932,44.659168,119,9.185535e-04
8933,44.664168,119,9.185537e-04
8934,44.669168,119,9.185540e-04
8935,44.674168,119,9.185542e-04
8936,44.679168,119,9.185545e-04
8937,44.684168,119,9.185547e-04
8938,44.689168,119,9.185549e-04
8939,44.694168,119,9.185552e-04
8940,44.699168,119,9.185554e-04
8941,44.704168,119,9.185557e-04
8942,44.709168,119,9.185559e-04
8943,44.714168,119,9.185561e-04
8944,44.719168,119,9.185564e-04
8945,44.724168,119,9.185566e-04
8946,44.729168,119,9.185568e-04
8947,44.734168,119,9.185571e-04
8948,44.739168,119,9.185573e-04
8949,44.744168,119,9.185576e-04
8950,44.749168,119,9.185578e-04
8951,44.754168,119,9.185580e-04
8952,44.759168,119,9.185583e-04
8953,44.764168,119,9.185585e-04
8954,44.769168,119,9.185588e-04
8955,44.774168,119,9.185590e-04
8956,44.779168,119,9.185592e-04
8957,44.784168,119,9.185595e-04
8958,44.789168,119,9.185597e-04
8959,44.794168,119,9.185599e-04
8960,44.799168,119,9.185602e-04
8961,44.804168,119,9.185604e-04
8962,44.809168,119,9.185607e-04
8963,44.814168,119,9.185609e-04
8964,44.819168,119,9.185611e-04
8965,44.824168,119,9.185614e-04
8966,44.829168,119,9.185616e-04
8967,44.834168,119,9.185618e-04
8968,44.839168,119,9.185621e-04
8969,44.844168,119,9.185623e-04
8970,44.849168,119,9.185626e-04
8971,44.854168,119,9.185628e-04
8972,44.859168,119,9.185630e-04
8973,44.864168,119,9.185633e-04
8974,44.869168,119,9.185635e-04
8975,44.874168,119,9.185638e-04
8976,44.879168,119,9.185640e-04
8977,44.884168,119,9.185642e-04
8978,44.889168,119,9.185645e-04
8979,44.894168,119,9.185647e-04
8980,44.899168,119,9.185649e-04
8981,44.904168,119,9.185652e-04
8982,44.909168,119,9.185654e-04
8983,44.914168,119,9.185657e-04
8984,44.919168,119,9.185659e-04
8985,44.924168,119,9.185661e-04
8986,44.929168,119,9.185664e-04
8987,44.934168,119,9.185666e-04
8988,44.939168,119,9.185669e-04
8989,44.944168,119,9.185671e-04
8990,44.949168,119,9.185673e-04
8991,44.954168,119,9.185676e-04
8992,44.959168,119,9.185678e-04
8993,44.964168,119,9.185680e-04
8994,44.969168,119,9.185683e-04
8995,44.974168,119,9.185685e-04
8996,44.979168,119,9.185688e-04
8997,44.984168,119,9.185690e-04
8998,44.989168,119,9.185692e-04
8999,44.994168,119,9.185695e-04
9000,44.999168,119,9.185697e-04
9001,45.004168,119,9.185699e-04
9002,45.009168,119,9.185702e-04
9003,45.014168,119,9.185704e-04
9004,45.019168,119,9.185707e-04
9005,45.024168,119,9.185709e-04
9006,45.029168,119,9.185711e-04
9007,45.034168,119,9.185714e-04
9008,45.039168,119,9.185716e-04
9009,45.044168,119,9.185719e-04
9010,45.049168,119,9.185721e-04
9011,45.054168,119,9.185723e-04
9012,45.059168,119,9.185726e-04
9013,45.064168,119,9.185728e-04
9014,45.069168,119,9.185730e-04
9015,45.074168,119,9.185733e-04
9016,45.079168,119,9.185735e-04
9017,45.084168,119,9.185738e-04
9018,45.089168,119,9.185740e-04
9019,45.094168,119,9.185742e-04
9020,45.099168,119,9.185745e-04
9021,45.104168,119,9.185747e-04
9022,45.109168,119,9.185750e-04
9023,45.114168,119,9.185752e-04
9024,45.119168,119,9.185754e-04
9025,45.124168,119,9.185757e-04
9026,45.129168,119,9.185759e-04
9027,45.134168,119,9.185761e-04
9028,45.139168,119,9.185764e-04
9029,45.144168,119,9.185766e-04
9030,45.149168,119,9.185769e-04
9031,45.154168,119,9.185771e-04
9032,45.159168,119,9.185773e-04
9033,45.164168,119,9.185776e-04
9034,45.169168,119,9.185778e-04
9035,45.174168,119,9.185780e-04
9036,45.179168,119,9.185783e-04
9037,45.184168,119,9.185785e-04
9038,45.189168,119,9.185788e-04
9039,45.194168,119,9.185790e-04
9040,45.199168,119,9.185792e-04
9041,45.204168,119,9.185795e-04
9042,45.209168,119,9.185797e-04
9043,45.214168,119,9.185800e-04
9044,45.219168,119,9.185802e-04
9045,45.224168,119,9.185804e-04
9046,45.229168,119,9.185807e-04
9047,45.234168,119,9.185809e-04
9048,45.239168,119,9.185811e-04
9049,45.244168,119,9.185814e-04
9050,45.249168,119,9.185816e-04
9051,45.254168,119,9.185819e-04
9052,45.259168,119,9.185821e-04
9053,45.264168,119,9.185823e-04
9054,45.269168,119,9.185826e-04
9055,45.274168,119,9.185828e-04
9056,45.279168,119,9.185830e-04
9057,45.284168,119,9.185833e-04
9058,45.289168,119,9.185835e-04
9059,45.294168,119,9.185838e-04
9060,45.299168,119,9.185840e-04
9061,45.304168,119,9.185842e-04
9062,45.309168,119,9.185845e-04
9063,45.314168,119,9.185847e-04
9064,45.319168,119,9.185850e-04
9065,45.324168,119,9.185852e-04
9066,45.329168,119,9.185854e-04
9067,45.334168,119,9.185857e-04
9068,45.339168,119,9.185859e-04
9069,45.344168,119,9.185861e-04
9070,45.349168,119,9.185864e-04
9071,45.354168,119,9.185866e-04
9072,45.359168,119,9.185869e-04
9073,45.364168,119,9.185871e-04
9074,45.369168,119,9.185873e-04
9075,45.374168,119,9.185876e-04
9076,45.379168,119,9.185878e-04
9077,45.384168,119,9.185880e-04
9078,45.389168,119,9.185883e-04
9079,45.394168,119,9.185885e-04
9080,45.399168,119,9.185888e-04
9081,45.404168,119,9.185890e-04
9082,45.409168,119,9.185892e-04
9083,45.414168,119,9.185895e-04
9084,45.419168,119,9.185897e-04
9085,45.424168,119,9.185900e-04
9086,45.429168,119,9.185902e-04
9087,45.434168,119,9.185904e-04
9088,45.439168,119,9.185907e-04
9089,45.444168,119,9.185909e-04
9090,45.449168,119,9.185911e-04
9091,45.454168,119,9.185914e-04
9092,45.459168,119,9.185916e-04
9093,45.464168,119,9.185919e-04
9094,45.469168,119,9.185921e-04
9095,45.474168,119,9.185923e-04
9096,45.479168,119,9.185926e-04
9097,45.484168,119,9.185928e-04
9098,45.489168,119,9.185931e-04
9099,45.494168,119,9.185933e-04
9100,45.499168,119,9.185935e-04
9101,45.504168,119,9.185938e-04
9102,45.509168,119,9.185940e-04
9103,45.514168,119,9.185942e-04
9104,45.519168,119,9.185945e-04
9105,45.524168,119,9.185947e-04
9106,45.529168,119,9.185950e-04
9107,45.534168,119,9.185952e-04
9108,45.539168,119,9.185954e-04
9109,45.544168,119,9.185957e-04
9110,45.549168,119,9.185959e-04
9111,45.554168,119,9.185961e-04
9112,45.559168,119,9.185964e-04
9113,45.564168,119,9.185966e-04
9114,45.569168,119,9.185969e-04
9115,45.574168,119,9.185971e-04
9116,45.579168,119,9.185973e-04
9117,45.584168,119,9.185976e-04
9118,45.589168,119,9.185978e-04
9119,45.594168,119,9.185981e-04
9120,45.599168,119,9.185983e-04
9121,45.604168,119,9.185985e-04
9122,45.609168,119,9.185988e-04
9123,45.614168,119,9.185990e-04
9124,45.619168,119,9.185992e-04
9125,45.624168,119,9.185995e-04
9126,45.629168,119,9.185997e-04
9127,45.634168,119,9.186000e-04
9128,45.639168,119,9.186002e-04
9129,45.644168,119,9.186004e-04
9130,45.649168,119,9.186007e-04
9131,45.654168,119,9.186009e-04
9132,45.659168,119,9.186011e-04
9133,45.664168,119,9.186014e-04
9134,45.669168,119,9.186016e-04
9135,45.674168,119,9.186019e-04
9136,45.679168,119,9.186021e-04
9137,45.684168,119,9.186023e-04
9138,45.689168,119,9.186026e-04
9139,45.694168,119,9.186028e-04
9140,45.699168,119,9.186031e-04
9141,45.704168,119,9.186033e-04
9142,45.709168,119,9.186035e-04
9143,45.714168,119,9.186038e-04
9144,45.719168,119,9.186040e-04
9145,45.724168,119,9.186042e-04
9146,45.729168,119,9.186045e-04
9147,45.734168,119,9.186047e-04
9148,45.739168,119,9.186050e-04
9149,45.744168,119,9.186052e-04
9150,45.749168,119,9.186054e-04
9151,45.754168,119,9.186057e-04
9152,45.759168,119,9.186059e-04
9153,45.764168,119,9.186061e-04
9154,45.769168,119,9.186064e-04
9155,45.774168,119,9.186066e-04
9156,45.779168,119,9.186069e-04
9157,45.784168,119,9.186071e-04
9158,45.789168,119,9.186073e-04
9159,45.794168,119,9.186076e-04
9160,45.799168,119,9.186078e-04
9161,45.804168,119,9.186081e-04
9162,45.809168,119,9.186083e-04
9163,45.814168,119,9.186085e-04
9164,45.819168,119,9.186088e-04
9165,45.824168,119,9.186090e-04
9166,45.829168,119,9.186092e-04
9167,45.834168,119,9.186095e-04
9168,45.839168,119,9.186097e-04
9169,45.844168,119,9.186100e-04
9170,45.849168,119,9.186102e-04
9171,45.854168,119,9.186104e-04
9172,45.859168,119,9.186107e-04
9173,45.864168,119,9.186109e-04
9174,45.869168,119,9.186111e-04
9175,45.874168,119,9.186114e-04
9176,45.879168,119,9.186116e-04
9177,45.884168,119,9.186119e-04
9178,45.889168,119,9.186121e-04
9179,45.894168,119,9.186123e-04
9180,45.899168,119,9.186126e-04
9181,45.904168,119,9.186128e-04
9182,45.909168,119,9.186131e-04
9183,45.914168,119,9.186133e-04
9184,45.919168,119,9.186135e-04
9185,45.924168,119,9.186138e-04
9186,45.929168,119,9.186140e-04
9187,45.934168,119,9.186142e-04
9188,45.939168,119,9.186145e-04
9189,45.944168,119,9.186147e-04
9190,45.949168,119,9.186150e-04
9191,45.954168,119,9.186152e-04
9192,45.959168,119,9.186154e-04
9193,45.964168,119,9.186157e-04
9194,45.969168,119,9.186159e-04
9195,45.974168,119,9.186161e-04
9196,45.979168,119,9.186164e-04
9197,45.984168,119,9.186166e-04
9198,45.989168,119,9.186169e-04
9199,45.994168,119,9.186171e-04
9200,45.999168,119,9.186173e-04
9201,46.004168,119,9.186176e-04
9202,46.009168,119,9.186178e-04
9203,46.014168,119,9.186181e-04
9204,46.019168,119,9.186183e-04
9205,46.024168,119,9.186185e-04
9206,46.029168,119,9.186188e-04
9207,46.034168,119,9.186190e-04
9208,46.039168,119,9.186192e-04
9209,46.044168,119,9.186195e-04
9210,46.049168,119,9.186197e-04
9211,46.054168,119,9.186200e-04
9212,46.059168,119,9.186202e-04
9213,46.064168,119,9.186204e-04
9214,46.069168,119,9.186207e-04
9215,46.074168,119,9.186209e-04
9216,46.079168,119,9.186211e-04
9217,46.084168,119,9.186214e-04
9218,46.089168,119,9.186216e-04
9219,46.094168,119,9.186219e-04
9220,46.099168,119,9.186221e-04
9221,46.104168,119,9.186223e-04
9222,46.109168,119,9.186226e-04
9223,46.114168,119,9.186228e-04
9224,46.119168,119,9.186231e-04
9225,46.124168,119,9.186233e-04
9226,46.129168,119,9.186235e-04
9227,46.134168,119,9.186238e-04
9228,46.139168,119,9.186240e-04
9229,46.144168,119,9.186242e-04
9230,46.149168,119,9.186245e-04
9231,46.154168,119,9.186247e-04
9232,46.159168,119,9.186250e-04
9233,46.164168,119,9.186252e-04
9234,46.169168,119,9.186254e-04
9235,46.174168,119,9.186257e-04
9236,46.179168,119,9.186259e-04
9237,46.184168,119,9.186261e-04
9238,46.189168,119,9.186264e-04
9239,46.194168,119,9.186266e-04
9240,46.199168,119,9.186269e-04
9241,46.204168,119,9.186271e-04
9242,46.209168,119,9.186273e-04
9243,46.214168,119,9.186276e-04
9244,46.219168,119,9.186278e-04
9245,46.224168,119,9.186281e-04
9246,46.229168,119,9.186283e-04
9247,46.234168,119,9.186285e-04
9248,46.239168,119,9.186288e-04
9249,46.244168,119,9.186290e-04
9250,46.249168,119,9.186292e-04
9251,46.254168,119,9.186295e-04
9252,46.259168,119,9.186297e-04
9253,46.264168,119,9.186300e-04
9254,46.269168,119,9.186302e-04
9255,46.274168,119,9.186304e-04
9256,46.279168,119,9.186307e-04
9257,46.284168,119,9.186309e-04
9258,46.289168,119,9.186311e-04
9259,46.294168,119,9.186314e-04
9260,46.299168,119,9.186316e-04
9261,46.304168,119,9.186319e-04
9262,46.309168,119,9.186321e-04
9263,46.314168,119,9.186323e-04
9264,46.319168,119,9.186326e-04
9265,46.324168,119,9.186328e-04
9266,46.329168,119,9.186330e-04
9267,46.334168,119,9.186333e-04
9268,46.339168,119,9.186335e-04
9269,46.344168,119,9.186338e-04
9270,46.349168,119,9.186340e-04
9271,46.354168,119,9.186342e-04
9272,46.359168,119,9.186345e-04
9273,46.364168,119,9.186347e-04
9274,46.369168,119,9.186350e-04
9275,46.374168,119,9.186352e-04
9276,46.379168,119,9.186354e-04
9277,46.384168,119,9.186357e-04
9278,46.389168,119,9.186359e-04
9279,46.394168,119,9.186361e-04
9280,46.399168,119,9.186364e-04
9281,46.404168,119,9.186366e-04
9282,46.409168,119,9.186369e-04
9283,46.414168,119,9.186371e-04
9284,46.419168,119,9.186373e-04
9285,46.424168,119,9.186376e-04
9286,46.429168,119,9.186378e-04
9287,46.434168,119,9.186380e-04
9288,46.439168,119,9.186383e-04
9289,46.444168,119,9.186385e-04
9290,46.449168,119,9.186388e-04
9291,46.454168,119,9.186390e-04
9292,46.459168,119,9.186392e-04
9293,46.464168,119,9.186395e-04
9294,46.469168,119,9.186397e-04
9295,46.474168,119,9.186400e-04
9296,46.479168,119,9.186402e-04
9297,46.484168,119,9.186404e-04
9298,46.489168,119,9.186407e-04
9299,46.494168,119,9.186409e-04
9300,46.499168,119,9.186411e-04
9301,46.504168,119,9.186414e-04
9302,46.509168,119,9.186416e-04
9303,46.514168,119,9.186419e-04
9304,46.519168,119,9.186421e-04
9305,46.524168,119,9.186423e-04
9306,46.529168,119,9.186426e-04
9307,46.534168,119,9.186428e-04
9308,46.539168,119,9.186430e-04
9309,46.544168,119,9.186433e-04
9310,46.549168,119,9.186435e-04
9311,46.554168,119,9.186438e-04
9312,46.559168,119,9.186440e-04
9313,46.564168,119,9.186442e-04
9314,46.569168,119,9.186445e-04
9315,46.574168,119,9.186447e-04
9316,46.579168,119,9.186449e-04
9317,46.584168,119,9.186452e-04
9318,46.589168,119,9.186454e-04
9319,46.594168,119,9.186457e-04
9320,46.599168,119,9.186459e-04
9321,46.604168,119,9.186461e-04
9322,46.609168,119,9.186464e-04
9323,46.614168,119,9.186466e-04
9324,46.619168,119,9.186469e-04
9325,46.624168,119,9.186471e-04
9326,46.629168,119,9.186473e-04
9327,46.634168,119,9.186476e-04
9328,46.639168,119,9.186478e-04
9329,46.644168,119,9.186480e-04
9330,46.649168,119,9.186483e-04
9331,46.654168,119,9.186485e-04
9332,46.659168,119,9.186488e-04
9333,46.664168,119,9.186490e-04
9334,46.669168,119,9.186492e-04
9335,46.674168,119,9.186495e-04
9336,46.679168,119,9.186497e-04
9337,46.684168,119,9.186499e-04
9338,46.689168,119,9.186502e-04
9339,46.694168,119,9.186504e-04
9340,46.699168,119,9.186507e-04
9341,46.704168,119,9.186509e-04
9342,46.709168,119,9.186511e-04
9343,46.714168,119,9.186514e-04
9344,46.719168,119,9.186516e-04
9345,46.724168,119,9.186519e-04
9346,46.729168,119,9.186521e-04
9347,46.734168,119,9.186523e-04
9348,46.739168,119,9.186526e-04
9349,46.744168,119,9.186528e-04
9350,46.749168,119,9.186530e-04
9351,46.754168,119,9.186533e-04
9352,46.759168,119,9.186535e-04
9353,46.764168,119,9.186538e-04
9354,46.769168,119,9.186540e-04
9355,46.774168,119,9.186542e-04
9356,46.779168,119,9.186545e-04
9357,46.784168,119,9.186547e-04
9358,46.789168,119,9.186549e-04
9359,46.794168,119,9.186552e-04
9360,46.799168,119,9.186554e-04
9361,46.804168,119,9.186557e-04
9362,46.809168,119,9.186559e-04
9363,46.814168,119,9.186561e-04
9364,46.819168,119,9.186564e-04
9365,46.824168,119,9.186566e-04
9366,46.829168,119,9.186568e-04
9367,46.834168,119,9.186571e-04
9368,46.839168,119,9.186573e-04
9369,46.844168,119,9.186576e-04
9370,46.849168,119,9.186578e-04
9371,46.854168,119,9.186580e-04
9372,46.859168,119,9.186583e-04
9373,46.864168,119,9.186585e-04
9374,46.869168,119,9.186588e-04
9375,46.874168,119,9.186590e-04
9376,46.879168,119,9.186592e-04
9377,46.884168,119,9.186595e-04
9378,46.889168,119,9.186597e-04
9379,46.894168,119,9.186599e-04
9380,46.899168,119,9.186602e-04
9381,46.904168,119,9.186604e-04
9382,46.909168,119,9.186607e-04
9383,46.914168,119,9.186609e-04
9384,46.919168,119,9.186611e-04
9385,46.924168,119,9.186614e-04
9386,46.929168,119,9.186616e-04
9387,46.934168,119,9.186618e-04
9388,46.939168,119,9.186621e-04
9389,46.944168,119,9.186623e-04
9390,46.949168,119,9.186626e-04
9391,46.954168,119,9.186628e-04
9392,46.959168,119,9.186630e-04
9393,46.964168,119,9.186633e-04
9394,46.969168,119,9.186635e-04
9395,46.974168,119,9.186637e-04
9396,46.979168,119,9.186640e-04
9397,46.984168,119,9.186642e-04
9398,46.989168,119,9.186645e-04
9399,46.994168,119,9.186647e-04
9400,46.999168,119,9.186649e-04
9401,47.004168,119,9.186652e-04
9402,47.009168,119,9.186654e-04
9403,47.014168,119,9.186657e-04
9404,47.019168,119,9.186659e-04
9405,47.024168,119,9.186661e-04
9406,47.029168,119,9.186664e-04
9407,47.034168,119,9.186666e-04
9408,47.039168,119,9.186668e-04
9409,47.044168,119,9.186671e-04
9410,47.049168,119,9.186673e-04
9411,47.054168,119,9.186676e-04
9412,47.059168,119,9.186678e-04
9413,47.064168,119,9.186680e-04
9414,47.069168,119,9.186683e-04
9415,47.074168,119,9.186685e-04
9416,47.079168,119,9.186687e-04
9417,47.084168,119,9.186690e-04
9418,47.089168,119,9.186692e-04
9419,47.094168,119,9.186695e-04
9420,47.099168,119,9.186697e-04
9421,47.104168,119,9.186699e-04
9422,47.109168,119,9.186702e-04
9423,47.114168,119,9.186704e-04
9424,47.119168,119,9.186706e-04
9425,47.124168,119,9.186709e-04
9426,47.129168,119,9.186711e-04
9427,47.134168,119,9.186714e-04
9428,47.139168,119,9.186716e-04
9429,47.144168,119,9.186718e-04
9430,47.149168,119,9.186721e-04
9431,47.154168,119,9.186723e-04
9432,47.159168,119,9.186726e-04
9433,47.164168,119,9.186728e-04
9434,47.169168,119,9.186730e-04
9435,47.174168,119,9.186733e-04
9436,47.179168,119,9.186735e-04
9437,47.184168,119,9.186737e-04
9438,47.189168,119,9.186740e-04
9439,47.194168,119,9.186742e-04
9440,47.199168,119,9.186745e-04
9441,47.204168,119,9.186747e-04
9442,47.209168,119,9.186749e-04
9443,47.214168,119,9.186752e-04
9444,47.219168,119,9.186754e-04
9445,47.224168,119,9.186756e-04
9446,47.229168,119,9.186759e-04
9447,47.234168,119,9.186761e-04
9448,47.239168,119,9.186764e-04
9449,47.244168,119,9.186766e-04
9450,47.249168,119,9.186768e-04
9451,47.254168,119,9.186771e-04
9452,47.259168,119,9.186773e-04
9453,47.264168,119,9.186775e-04
9454,47.269168,119,9.186778e-04
9455,47.274168,119,9.186780e-04
9456,47.279168,119,9.186783e-04
9457,47.284168,119,9.186785e-04
9458,47.289168,119,9.186787e-04
9459,47.294168,119,9.186790e-04
9460,47.299168,119,9.186792e-04
9461,47.304168,119,9.186795e-04
9462,47.309168,119,9.186797e-04
9463,47.314168,119,9.186799e-04
9464,47.319168,119,9.186802e-04
9465,47.324168,119,9.186804e-04
9466,47.329168,119,9.186806e-04
9467,47.334168,119,9.186809e-04
9468,47.339168,119,9.186811e-04
9469,47.344168,119,9.186814e-04
9470,47.349168,119,9.186816e-04
9471,47.354168,119,9.186818e-04
9472,47.359168,119,9.186821e-04
9473,47.364168,119,9.186823e-04
9474,47.369168,119,9.186825e-04
9475,47.374168,119,9.186828e-04
9476,47.379168,119,9.186830e-04
9477,47.384168,119,9.186833e-04
9478,47.389168,119,9.186835e-04
9479,47.394168,119,9.186837e-04
9480,47.399168,119,9.186840e-04
9481,47.404168,119,9.186842e-04
9482,47.409168,119,9.186844e-04
9483,47.414168,119,9.186847e-04
9484,47.419168,119,9.186849e-04
9485,47.424168,119,9.186852e-04
9486,47.429168,119,9.186854e-04
9487,47.434168,119,9.186856e-04
9488,47.439168,119,9.186859e-04
9489,47.444168,119,9.186861e-04
9490,47.449168,119,9.186863e-04
9491,47.454168,119,9.186866e-04
9492,47.459168,119,9.186868e-04
9493,47.464168,119,9.186871e-04
9494,47.469168,119,9.186873e-04
9495,47.474168,119,9.186875e-04
9496,47.479168,119,9.186878e-04
9497,47.484168,119,9.186880e-04
9498,47.489168,119,9.186883e-04
9499,47.494168,119,9.186885e-04
9500,47.499168,119,9.186887e-04
9501,47.504168,119,9.186890e-04
9502,47.509168,119,9.186892e-04
9503,47.514168,119,9.186894e-04
9504,47.519168,119,9.186897e-04
9505,47.524168,119,9.186899e-04
9506,47.529168,119,9.186902e-04
9507,47.534168,119,9.186904e-04
9508,47.539168,119,9.186906e-04
9509,47.544168,119,9.186909e-04
9510,47.549168,119,9.186911e-04
9511,47.554168,119,9.186913e-04
9512,47.559168,119,9.186916e-04
9513,47.564168,119,9.186918e-04
9514,47.569168,119,9.186921e-04
9515,47.574168,119,9.186923e-04
9516,47.579168,119,9.186925e-04
9517,47.584168,119,9.186928e-04
9518,47.589168,119,9.186930e-04
9519,47.594168,119,9.186932e-04
9520,47.599168,119,9.186935e-04
9521,47.604168,119,9.186937e-04
9522,47.609168,119,9.186940e-04
9523,47.614168,119,9.186942e-04
9524,47.619168,119,9.186944e-04
9525,47.624168,119,9.186947e-04
9526,47.629168,119,9.186949e-04
9527,47.634168,119,9.186952e-04
9528,47.639168,119,9.186954e-04
9529,47.644168,119,9.186956e-04
9530,47.649168,119,9.186959e-04
9531,47.654168,119,9.186961e-04
9532,47.659168,119,9.186963e-04
9533,47.664168,119,9.186966e-04
9534,47.669168,119,9.186968e-04
9535,47.674168,119,9.186971e-04
9536,47.679168,119,9.186973e-04
9537,47.684168,119,9.186975e-04
9538,47.689168,119,9.186978e-04
9539,47.694168,119,9.186980e-04
9540,47.699168,119,9.186982e-04
9541,47.704168,119,9.186985e-04
9542,47.709168,119,9.186987e-04
9543,47.714168,119,9.186990e-04
9544,47.719168,119,9.186992e-04
9545,47.724168,119,9.186994e-04
9546,47.729168,119,9.186997e-04
9547,47.734168,119,9.186999e-04
9548,47.739168,119,9.187001e-04
9549,47.744168,119,9.187004e-04
9550,47.749168,119,9.187006e-04
9551,47.754168,119,9.187009e-04
9552,47.759168,119,9.187011e-04
9553,47.764168,119,9.187013e-04
9554,47.769168,119,9.187016e-04
9555,47.774168,119,9.187018e-04
9556,47.779168,119,9.187020e-04
9557,47.784168,119,9.187023e-04
9558,47.789168,119,9.187025e-04
9559,47.794168,119,9.187028e-04
9560,47.799168,119,9.187030e-04
9561,47.804168,119,9.187032e-04
9562,47.809168,119,9.187035e-04
9563,47.814168,119,9.187037e-04
9564,47.819168,119,9.187040e-04
9565,47.824168,119,9.187042e-04
9566,47.829168,119,9.187044e-04
9567,47.834168,119,9.187047e-04
9568,47.839168,119,9.187049e-04
9569,47.844168,119,9.187051e-04
9570,47.849168,119,9.187054e-04
9571,47.854168,119,9.187056e-04
9572,47.859168,119,9.187059e-04
9573,47.864168,119,9.187061e-04
9574,47.869168,119,9.187063e-04
9575,47.874168,119,9.187066e-04
9576,47.879168,119,9.187068e-04
9577,47.884168,119,9.187070e-04
9578,47.889168,119,9.187073e-04
9579,47.894168,119,9.187075e-04
9580,47.899168,119,9.187078e-04
9581,47.904168,119,9.187080e-04
9582,47.909168,119,9.187082e-04
9583,47.914168,119,9.187085e-04
9584,47.919168,119,9.187087e-04
9585,47.924168,119,9.187089e-04
9586,47.929168,119,9.187092e-04
9587,47.934168,119,9.187094e-04
9588,47.939168,119,9.187097e-04
9589,47.944168,119,9.187099e-04
9590,47.949168,119,9.187101e-04
9591,47.954168,119,9.187104e-04
9592,47.959168,119,9.187106e-04
9593,47.964168,119,9.187108e-04
9594,47.969168,119,9.187111e-04
9595,47.974168,119,9.187113e-04
9596,47.979168,119,9.187116e-04
9597,47.984168,119,9.187118e-04
9598,47.989168,119,9.187120e-04
9599,47.994168,119,9.187123e-04
9600,47.999168,119,9.187125e-04
9601,48.004168,119,9.187127e-04
9602,48.009168,119,9.187130e-04
9603,48.014168,119,9.187132e-04
9604,48.019168,119,9.187135e-04
9605,48.024168,119,9.187137e-04
9606,48.029168,119,9.187139e-04
9607,48.034168,119,9.187142e-04
9608,48.039168,119,9.187144e-04
9609,48.044168,119,9.187147e-04
9610,48.049168,119,9.187149e-04
9611,48.054168,119,9.187151e-04
9612,48.059168,119,9.187154e-04
9613,48.064168,119,9.187156e-04
9614,48.069168,119,9.187158e-04
9615,48.074168,119,9.187161e-04
9616,48.079168,119,9.187163e-04
9617,48.084168,119,9.187166e-04
9618,48.089168,119,9.187168e-04
9619,48.094168,119,9.187170e-04
9620,48.099168,119,9.187173e-04
9621,48.104168,119,9.187175e-04
9622,48.109168,119,9.187177e-04
9623,48.114168,119,9.187180e-04
9624,48.119168,119,9.187182e-04
9625,48.124168,119,9.187185e-04
9626,48.129168,119,9.187187e-04
9627,48.134168,119,9.187189e-04
9628,48.139168,119,9.187192e-04
9629,48.144168,119,9.187194e-04
9630,48.149168,119,9.187196e-04
9631,48.154168,119,9.187199e-04
9632,48.159168,119,9.187201e-04
9633,48.164168,119,9.187204e-04
9634,48.169168,119,9.187206e-04
9635,48.174168,119,9.187208e-04
9636,48.179168,119,9.187211e-04
9637,48.184168,119,9.187213e-04
9638,48.189168,119,9.187215e-04
9639,48.194168,119,9.187218e-04
9640,48.199168,119,9.187220e-04
9641,48.204168,119,9.187223e-04
9642,48.209168,119,9.187225e-04
9643,48.214168,119,9.187227e-04
9644,48.219168,119,9.187230e-04
9645,48.224168,119,9.187232e-04
9646,48.229168,119,9.187234e-04
9647,48.234168,119,9.187237e-04
9648,48.239168,119,9.187239e-04
9649,48.244168,119,9.187242e-04
9650,48.249168,119,9.187244e-04
9651,48.254168,119,9.187246e-04
9652,48.259168,119,9.187249e-04
9653,48.264168,119,9.187251e-04
9654,48.269168,119,9.187254e-04
9655,48.274168,119,9.187256e-04
9656,48.279168,119,9.187258e-04
9657,48.284168,119,9.187261e-04
9658,48.289168,119,9.187263e-04
9659,48.294168,119,9.187265e-04
9660,48.299168,119,9.187268e-04
9661,48.304168,119,9.187270e-04
9662,48.309168,119,9.187273e-04
9663,48.314168,119,9.187275e-04
9664,48.319168,119,9.187277e-04
9665,48.324168,119,9.187280e-04
9666,48.329168,119,9.187282e-04
9667,48.334168,119,9.187284e-04
9668,48.339168,119,9.187287e-04
9669,48.344168,119,9.187289e-04
9670,48.349168,119,9.187292e-04
9671,48.354168,119,9.187294e-04
9672,48.359168,119,9.187296e-04
9673,48.364168,119,9.187299e-04
9674,48.369168,119,9.187301e-04
9675,48.374168,119,9.187303e-04
9676,48.379168,119,9.187306e-04
9677,48.384168,119,9.187308e-04
9678,48.389168,119,9.187311e-04
9679,48.394168,119,9.187313e-04
9680,48.399168,119,9.187315e-04
9681,48.404168,119,9.187318e-04
9682,48.409168,119,9.187320e-04
9683,48.414168,119,9.187322e-04
9684,48.419168,119,9.187325e-04
9685,48.424168,119,9.187327e-04
9686,48.429168,119,9.187330e-04
9687,48.434168,119,9.187332e-04
9688,48.439168,119,9.187334e-04
9689,48.444168,119,9.187337e-04
9690,48.449168,119,9.187339e-04
9691,48.454168,119,9.187341e-04
9692,48.459168,119,9.187344e-04
9693,48.464168,119,9.187346e-04
9694,48.469168,119,9.187349e-04
9695,48.474168,119,9.187351e-04
9696,48.479168,119,9.187353e-04
9697,48.484168,119,9.187356e-04
9698,48.489168,119,9.187358e-04
9699,48.494168,119,9.187360e-04
9700,48.499168,119,9.187363e-04
9701,48.504168,119,9.187365e-04
9702,48.509168,119,9.187368e-04
9703,48.514168,119,9.187370e-04
9704,48.519168,119,9.187372e-04
9705,48.524168,119,9.187375e-04
9706,48.529168,119,9.187377e-04
9707,48.534168,119,9.187380e-04
9708,48.539168,119,9.187382e-04
9709,48.544168,119,9.187384e-04
9710,48.549168,119,9.187387e-04
9711,48.554168,119,9.187389e-04
9712,48.559168,119,9.187391e-04
9713,48.564168,119,9.187394e-04
9714,48.569168,119,9.187396e-04
9715,48.574168,119,9.187399e-04
9716,48.579168,119,9.187401e-04
9717,48.584168,119,9.187403e-04
9718,48.589168,119,9.187406e-04
9719,48.594168,119,9.187408e-04
9720,48.599168,119,9.187410e-04
9721,48.604168,119,9.187413e-04
9722,48.609168,119,9.187415e-04
9723,48.614168,119,9.187418e-04
9724,48.619168,119,9.187420e-04
9725,48.624168,119,9.187422e-04
9726,48.629168,119,9.187425e-04
9727,48.634168,119,9.187427e-04
9728,48.639168,119,9.187429e-04
9729,48.644168,119,9.187432e-04
9730,48.649168,119,9.187434e-04
9731,48.654168,119,9.187437e-04
9732,48.659168,119,9.187439e-04
9733,48.664168,119,9.187441e-04
9734,48.669168,119,9.187444e-04
9735,48.674168,119,9.187446e-04
9736,48.679168,119,9.187448e-04
9737,48.684168,119,9.187451e-04
9738,48.689168,119,9.187453e-04
9739,48.694168,119,9.187456e-04
9740,48.699168,119,9.187458e-04
9741,48.704168,119,9.187460e-04
9742,48.709168,119,9.187463e-04
9743,48.714168,119,9.187465e-04
9744,48.719168,119,9.187467e-04
9745,48.724168,119,9.187470e-04
9746,48.729168,119,9.187472e-04
9747,48.734168,119,9.187475e-04
9748,48.739168,119,9.187477e-04
9749,48.744168,119,9.187479e-04
9750,48.749168,119,9.187482e-04
9751,48.754168,119,9.187484e-04
9752,48.759168,119,9.187486e-04
9753,48.764168,119,9.187489e-04
9754,48.769168,119,9.187491e-04
9755,48.774168,119,9.187494e-04
9756,48.779168,119,9.187496e-04
9757,48.784168,119,9.187498e-04
9758,48.789168,119,9.187501e-04
9759,48.794168,119,9.187503e-04
9760,48.799168,119,9.187506e-04
9761,48.804168,119,9.187508e-04
9762,48.809168,119,9.187510e-04
9763,48.814168,119,9.187513e-04
9764,48.819168,119,9.187515e-04
9765,48.824168,119,9.187517e-04
9766,48.829168,119,9.187520e-04
9767,48.834168,119,9.187522e-04
9768,48.839168,119,9.187525e-04
9769,48.844168,119,9.187527e-04
9770,48.849168,119,9.187529e-04
9771,48.854168,119,9.187532e-04
9772,48.859168,119,9.187534e-04
9773,48.864168,119,9.187536e-04
9774,48.869168,119,9.187539e-04
9775,48.874168,119,9.187541e-04
9776,48.879168,119,9.187544e-04
9777,48.884168,119,9.187546e-04
9778,48.889168,119,9.187548e-04
9779,48.894168,119,9.187551e-04
9780,48.899168,119,9.187553e-04
9781,48.904168,119,9.187555e-04
9782,48.909168,119,9.187558e-04
9783,48.914168,119,9.187560e-04
9784,48.919168,119,9.187563e-04
9785,48.924168,119,9.187565e-04
9786,48.929168,119,9.187567e-04
9787,48.934168,119,9.187570e-04
9788,48.939168,119,9.187572e-04
9789,48.944168,119,9.187574e-04
9790,48.949168,119,9.187577e-04
9791,48.954168,119,9.187579e-04
9792,48.959168,119,9.187582e-04
9793,48.964168,119,9.187584e-04
9794,48.969168,119,9.187586e-04
9795,48.974168,119,9.187589e-04
9796,48.979168,119,9.187591e-04
9797,48.984168,119,9.187593e-04
9798,48.989168,119,9.187596e-04
9799,48.994168,119,9.187598e-04
9800,48.999168,119,9.187601e-04
9801,49.004168,119,9.187603e-04
9802,49.009168,119,9.187605e-04
9803,49.014168,119,9.187608e-04
9804,49.019168,119,9.187610e-04
9805,49.024168,119,9.187612e-04
9806,49.029168,119,9.187615e-04
9807,49.034168,119,9.187617e-04
9808,49.039168,119,9.187620e-04
9809,49.044168,119,9.187622e-04
9810,49.049168,119,9.187624e-04
9811,49.054168,119,9.187627e-04
9812,49.059168,119,9.187629e-04
9813,49.064168,119,9.187631e-04
9814,49.069168,119,9.187634e-04
9815,49.074168,119,9.187636e-04
9816,49.079168,119,9.187639e-04
9817,49.084168,119,9.187641e-04
9818,49.089168,119,9.187643e-04
9819,49.094168,119,9.187646e-04
9820,49.099168,119,9.187648e-04
9821,49.104168,119,9.187650e-04
9822,49.109168,119,9.187653e-04
9823,49.114168,119,9.187655e-04
9824,49.119168,119,9.187658e-04
9825,49.124168,119,9.187660e-04
9826,49.129168,119,9.187662e-04
9827,49.134168,119,9.187665e-04
9828,49.139168,119,9.187667e-04
9829,49.144168,119,9.187669e-04
9830,49.149168,119,9.187672e-04
9831,49.154168,119,9.187674e-04
9832,49.159168,119,9.187677e-04
9833,49.164168,119,9.187679e-04
9834,49.169168,119,9.187681e-04
9835,49.174168,119,9.187684e-04
9836,49.179168,119,9.187686e-04
9837,49.184168,119,9.187688e-04
9838,49.189168,119,9.187691e-04
9839,49.194168,119,9.187693e-04
9840,49.199168,119,9.187696e-04
9841,49.204168,119,9.187698e-04
9842,49.209168,119,9.187700e-04
9843,49.214168,119,9.187703e-04
9844,49.219168,119,9.187705e-04
9845,49.224168,119,9.187708e-04
9846,49.229168,119,9.187710e-04
9847,49.234168,119,9.187712e-04
9848,49.239168,119,9.187715e-04
9849,49.244168,119,9.187717e-04
9850,49.249168,119,9.187719e-04
9851,49.254168,119,9.187722e-04
9852,49.259168,119,9.187724e-04
9853,49.264168,119,9.187727e-04
9854,49.269168,119,9.187729e-04
9855,49.274168,119,9.187731e-04
9856,49.279168,119,9.187734e-04
9857,49.284168,119,9.187736e-04
9858,49.289168,119,9.187738e-04
9859,49.294168,119,9.187741e-04
9860,49.299168,119,9.187743e-04
9861,49.304168,119,9.187746e-04
9862,49.309168,119,9.187748e-04
9863,49.314168,119,9.187750e-04
9864,49.319168,119,9.187753e-04
9865,49.324168,119,9.187755e-04
9866,49.329168,119,9.187757e-04
9867,49.334168,119,9.187760e-04
9868,49.339168,119,9.187762e-04
9869,49.344168,119,9.187765e-04
9870,49.349168,119,9.187767e-04
9871,49.354168,119,9.187769e-04
9872,49.359168,119,9.187772e-04
9873,49.364168,119,9.187774e-04
9874,49.369168,119,9.187776e-04
9875,49.374168,119,9.187779e-04
9876,49.379168,119,9.187781e-04
9877,49.384168,119,9.187784e-04
9878,49.389168,119,9.187786e-04
9879,49.394168,119,9.187788e-04
9880,49.399168,119,9.187791e-04
9881,49.404168,119,9.187793e-04
9882,49.409168,119,9.187795e-04
9883,49.414168,119,9.187798e-04
9884,49.419168,119,9.187800e-04
9885,49.424168,119,9.187803e-04
9886,49.429168,119,9.187805e-04
9887,49.434168,119,9.187807e-04
9888,49.439168,119,9.187810e-04
9889,49.444168,119,9.187812e-04
9890,49.449168,119,9.187814e-04
9891,49.454168,119,9.187817e-04
9892,49.459168,119,9.187819e-04
9893,49.464168,119,9.187822e-04
9894,49.469168,119,9.187824e-04
9895,49.474168,119,9.187826e-04
9896,49.479168,119,9.187829e-04
9897,49.484168,119,9.187831e-04
9898,49.489168,119,9.187833e-04
9899,49.494168,119,9.187836e-04
9900,49.499168,119,9.187838e-04
9901,49.504168,119,9.187841e-04
9902,49.509168,119,9.187843e-04
9903,49.514168,119,9.187845e-04
9904,49.519168,119,9.187848e-04
9905,49.524168,119,9.187850e-04
9906,49.529168,119,9.187852e-04
9907,49.534168,119,9.187855e-04
9908,49.539168,119,9.187857e-04
9909,49.544168,119,9.187860e-04
9910,49.549168,119,9.187862e-04
9911,49.554168,119,9.187864e-04
9912,49.559168,119,9.187867e-04
9913,49.564168,119,9.187869e-04
9914,49.569168,119,9.187871e-04
9915,49.574168,119,9.187874e-04
9916,49.579168,119,9.187876e-04
9917,49.584168,119,9.187879e-04
9918,49.589168,119,9.187881e-04
9919,49.594168,119,9.187883e-04
9920,49.599168,119,9.187886e-04
9921,49.604168,119,9.187888e-04
9922,49.609168,119,9.187890e-04
9923,49.614168,119,9.187893e-04
9924,49.619168,119,9.187895e-04
9925,49.624168,119,9.187898e-04
9926,49.629168,119,9.187900e-04
9927,49.634168,119,9.187902e-04
9928,49.639168,119,9.187905e-04
9929,49.644168,119,9.187907e-04
9930,49.649168,119,9.187909e-04
9931,49.654168,119,9.187912e-04
9932,49.659168,119,9.187914e-04
9933,49.664168,119,9.187917e-04
9934,49.669168,119,9.187919e-04
9935,49.674168,119,9.187921e-04
9936,49.679168,119,9.187924e-04
9937,49.684168,119,9.187926e-04
9938,49.689168,119,9.187928e-04
9939,49.694168,119,9.187931e-04
9940,49.699168,119,9.187933e-04
9941,49.704168,119,9.187936e-04
9942,49.709168,119,9.187938e-04
9943,49.714168,119,9.187940e-04
9944,49.719168,119,9.187943e-04
9945,49.724168,119,9.187945e-04
9946,49.729168,119,9.187947e-04
9947,49.734168,119,9.187950e-04
9948,49.739168,119,9.187952e-04
9949,49.744168,119,9.187955e-04
9950,49.749168,119,9.187957e-04
9951,49.754168,119,9.187959e-04
9952,49.759168,119,9.187962e-04
9953,49.764168,119,9.187964e-04
9954,49.769168,119,9.187966e-04
9955,49.774168,119,9.187969e-04
9956,49.779168,119,9.187971e-04
9957,49.784168,119,9.187974e-04
9958,49.789168,119,9.187976e-04
9959,49.794168,119,9.187978e-04
9960,49.799168,119,9.187981e-04
9961,49.804168,119,9.187983e-04
9962,49.809168,119,9.187985e-04
9963,49.814168,119,9.187988e-04
9964,49.819168,119,9.187990e-04
9965,49.824168,119,9.187993e-04
9966,49.829168,119,9.187995e-04
9967,49.834168,119,9.187997e-04
9968,49.839168,119,9.188000e-04
9969,49.844168,119,9.188002e-04
9970,49.849168,119,9.188004e-04
9971,49.854168,119,9.188007e-04
9972,49.859168,119,9.188009e-04
9973,49.864168,119,9.188012e-04
9974,49.869168,119,9.188014e-04
9975,49.874168,119,9.188016e-04
9976,49.879168,119,9.188019e-04
9977,49.884168,119,9.188021e-04
9978,49.889168,119,9.188023e-04
9979,49.894168,119,9.188026e-04
9980,49.899168,119,9.188028e-04
9981,49.904168,119,9.188031e-04
9982,49.909168,119,9.188033e-04
9983,49.914168,119,9.188035e-04
9984,49.919168,119,9.188038e-04
9985,49.924168,119,9.188040e-04
9986,49.929168,119,9.188042e-04
9987,49.934168,119,9.188045e-04
9988,49.939168,119,9.188047e-04
9989,49.944168,119,9.188050e-04
9990,49.949168,119,9.188052e-04
9991,49.954168,119,9.188054e-04
9992,49.959168,119,9.188057e-04
9993,49.964168,119,9.188059e-04
9994,49.969168,119,9.188062e-04
9995,49.974168,119,9.188064e-04
9996,49.979168,119,9.188066e-04
9997,49.984168,119,9.188069e-04
9998,49.989168,119,9.188071e-04
9999,49.994168,119,9.188073e-04
10000,49.999168,119,9.188076e-04
10001,50.004168,119,9.188078e-04
