timestep,t,sor_iters,residual
1,0.050000,0,1.580309e-05
2,1.000000,1,8.023357e-05
3,1.500000,1,9.609912e-05
4,2.000000,1,9.800652e-05
5,2.500000,1,9.807557e-05
6,3.000000,1,9.911000e-05
7,3.500000,1,9.638264e-05
8,4.000000,1,9.864503e-05
9,4.500000,1,9.974292e-05
10,5.000000,1,9.855533e-05
11,5.500000,1,9.565257e-05
12,6.000000,1,9.867614e-05
13,6.500000,1,9.902958e-05
14,7.000000,1,9.726021e-05
15,7.500000,1,9.902356e-05
16,8.000000,1,9.755223e-05
17,8.500000,1,9.909339e-05
18,9.000000,1,9.688296e-05
19,9.500000,1,9.730527e-05
20,10.000000,1,9.476572e-05
21,10.500000,1,9.509779e-05
22,11.000000,1,9.959786e-05
23,11.500000,1,9.516754e-05
24,12.000000,1,9.376299e-05
25,12.500000,1,9.672525e-05
26,13.000000,1,9.916557e-05
27,13.500000,1,9.308621e-05
28,14.000000,1,9.792827e-05
29,14.500000,1,9.554548e-05
30,15.000000,1,9.643381e-05
31,15.500000,1,9.665150e-05
32,16.000000,1,9.736207e-05
33,16.500000,1,9.770898e-05
34,17.000000,1,9.808727e-05
35,17.500000,1,9.813677e-05
36,18.000000,1,9.832730e-05
37,18.500000,1,9.834644e-05
38,19.000000,1,9.855671e-05
39,19.500000,1,9.870740e-05
40,20.000000,1,9.902041e-05
41,20.500000,1,9.936034e-05
42,21.000000,1,9.977850e-05
43,21.500000,1,9.234295e-05
44,22.000000,1,9.554110e-05
45,22.500000,1,9.383005e-05
46,23.000000,1,9.528495e-05
47,23.500000,1,9.677632e-05
48,24.000000,1,9.855569e-05
49,24.500000,1,9.239192e-05
50,25.000000,1,9.670007e-05
51,25.500000,1,9.635822e-05
52,26.000000,1,9.867475e-05
53,26.500000,1,9.293364e-05
54,27.000000,1,9.769825e-05
55,27.500000,1,9.797280e-05
56,28.000000,1,9.282074e-05
57,28.500000,1,9.829803e-05
58,29.000000,1,9.938833e-05
59,29.500000,1,9.448658e-05
60,30.000000,1,9.209760e-05
61,30.500000,1,9.532821e-05
62,31.000000,1,9.985418e-05
63,31.500000,1,9.536111e-05
64,32.000000,1,9.338819e-05
65,32.500000,1,9.736148e-05
66,33.000000,1,9.359953e-05
67,33.500000,1,9.262319e-05
68,34.000000,1,9.748792e-05
69,34.500000,1,9.436232e-05
70,35.000000,1,9.394325e-05
71,35.500000,1,9.928088e-05
72,36.000000,1,9.645342e-05
73,36.500000,1,9.623952e-05
74,37.000000,1,9.376760e-05
75,37.500000,1,9.408060e-05
76,38.000000,1,9.219698e-05
77,38.500000,1,9.355667e-05
78,39.000000,1,9.243872e-05
79,39.500000,1,9.408788e-05
80,40.000000,1,9.322366e-05
81,40.500000,1,9.542262e-05
82,41.000000,1,9.489391e-05
83,41.500000,1,9.706489e-05
84,42.000000,1,9.640892e-05
85,42.500000,1,9.857209e-05
86,43.000000,1,9.787931e-05
87,43.500000,1,9.982825e-05
88,44.000000,1,9.883102e-05
89,44.500000,1,9.325889e-05
90,45.000000,1,9.370344e-05
91,45.500000,1,9.353501e-05
92,46.000000,1,9.675191e-05
93,46.500000,1,9.707046e-05
94,47.000000,1,9.271027e-05
95,47.500000,1,9.441327e-05
96,48.000000,1,9.514862e-05
97,48.500000,1,9.910737e-05
98,49.000000,1,9.978242e-05
99,49.500000,1,9.540149e-05
100,50.000000,1,9.695216e-05
101,50.500000,1,9.732348e-05
102,51.000000,1,9.347136e-05
103,51.500000,1,9.558621e-05
104,52.000000,1,9.637610e-05
105,52.500000,1,9.286224e-05
106,53.000000,1,9.561421e-05
107,53.500000,1,9.686884e-05
108,54.000000,1,9.376167e-05
109,54.500000,1,9.659122e-05
110,55.000000,1,9.768150e-05
111,55.500000,1,9.422033e-05
112,56.000000,1,9.691807e-05
113,56.500000,1,9.778623e-05
114,57.000000,1,9.420221e-05
115,57.500000,1,9.662641e-05
116,58.000000,1,9.718679e-05
117,58.500000,1,9.328353e-05
118,59.000000,1,9.571830e-05
119,59.500000,1,9.630329e-05
120,60.000000,1,9.261053e-05
121,60.500000,1,9.510311e-05
122,61.000000,1,9.552685e-05
123,61.500000,1,9.925416e-05
124,62.000000,1,9.934144e-05
125,62.500000,1,9.435859e-05
126,63.000000,1,9.541912e-05
127,63.500000,1,9.467400e-05
128,64.000000,1,9.740206e-05
129,64.500000,1,9.682234e-05
130,65.000000,1,9.907854e-05
131,65.500000,1,9.762386e-05
132,66.000000,1,9.901118e-05
133,66.500000,1,9.710012e-05
134,67.000000,1,9.816032e-05
135,67.500000,1,9.598063e-05
136,68.000000,1,9.679293e-05
137,68.500000,1,9.445492e-05
138,69.000000,1,9.514545e-05
139,69.500000,1,9.271949e-05
140,70.000000,1,9.342780e-05
141,70.500000,1,9.917466e-05
142,71.000000,1,9.658372e-05
143,71.500000,1,9.602919e-05
144,72.000000,1,9.233555e-05
145,72.500000,1,9.174797e-05
146,73.000000,1,9.680913e-05
147,73.500000,1,9.388015e-05
148,74.000000,1,9.282497e-05
149,74.500000,1,9.673123e-05
150,75.000000,1,9.266003e-05
151,75.500000,1,9.935946e-05
152,76.000000,1,9.302634e-05
153,76.500000,1,9.812672e-05
154,77.000000,1,9.961824e-05
155,77.500000,1,9.227719e-05
156,78.000000,1,9.470723e-05
157,78.500000,1,9.605896e-05
158,79.000000,1,9.811829e-05
159,79.500000,1,9.132800e-05
160,80.000000,1,9.437474e-05
161,80.500000,1,9.443134e-05
162,81.000000,1,9.513750e-05
163,81.500000,1,9.616653e-05
164,82.000000,1,9.654750e-05
165,82.500000,1,9.755907e-05
166,83.000000,1,9.770446e-05
167,83.500000,1,9.811106e-05
168,84.000000,1,9.776982e-05
169,84.500000,1,9.768968e-05
170,85.000000,1,9.704554e-05
171,85.500000,1,9.673744e-05
172,86.000000,1,9.596413e-05
173,86.500000,1,9.557857e-05
174,87.000000,1,9.476673e-05
175,87.500000,1,9.437829e-05
176,88.000000,1,9.359270e-05
177,88.500000,1,9.326183e-05
178,89.000000,1,9.256881e-05
179,89.500000,1,9.235066e-05
180,90.000000,1,9.180229e-05
181,90.500000,1,9.172774e-05
182,91.000000,1,9.134360e-05
183,91.500000,1,9.141369e-05
184,92.000000,1,9.118401e-05
185,92.500000,1,9.138241e-05
186,93.000000,1,9.128378e-05
187,93.500000,1,9.158947e-05
188,94.000000,1,9.159465e-05
189,94.500000,1,9.198214e-05
190,95.000000,1,9.205866e-05
191,95.500000,1,9.249748e-05
192,96.000000,1,9.261447e-05
193,96.500000,1,9.306878e-05
194,97.000000,1,9.319667e-05
195,97.500000,1,9.363833e-05
196,98.000000,1,9.376037e-05
197,98.500000,1,9.417141e-05
198,99.000000,1,9.427999e-05
199,99.500000,1,9.465579e-05
200,100.000000,1,9.475669e-05
201,100.500000,1,9.510577e-05
202,101.000000,1,9.521123e-05
203,101.500000,1,9.554338e-05
204,102.000000,1,9.565924e-05
205,102.500000,1,9.598100e-05
206,103.000000,1,9.611049e-05
207,103.500000,1,9.642439e-05
208,104.000000,1,9.656415e-05
209,104.500000,1,9.686621e-05
210,105.000000,1,9.700664e-05
211,105.500000,1,9.728742e-05
212,106.000000,1,9.741446e-05
213,106.500000,1,9.766031e-05
214,107.000000,1,9.776021e-05
215,107.500000,1,9.796164e-05
216,108.000000,1,9.802613e-05
217,108.500000,1,9.817772e-05
218,109.000000,1,9.820276e-05
219,109.500000,1,9.830360e-05
220,110.000000,1,9.829018e-05
221,110.500000,1,9.834406e-05
222,111.000000,1,9.829870e-05
223,111.500000,1,9.831296e-05
224,112.000000,1,9.824261e-05
225,112.500000,1,9.822487e-05
226,113.000000,1,9.813536e-05
227,113.500000,1,9.809042e-05
228,114.000000,1,9.798468e-05
229,114.500000,1,9.791595e-05
230,115.000000,1,9.779649e-05
231,115.500000,1,9.770731e-05
232,116.000000,1,9.757448e-05
233,116.500000,1,9.746455e-05
234,117.000000,1,9.731572e-05
235,117.500000,1,9.718413e-05
236,118.000000,1,9.701678e-05
237,118.500000,1,9.686430e-05
238,119.000000,1,9.667783e-05
239,119.500000,1,9.650493e-05
240,120.000000,1,9.629886e-05
241,120.500000,1,9.610728e-05
242,121.000000,1,9.588207e-05
243,121.500000,1,9.567542e-05
244,122.000000,1,9.543234e-05
245,122.500000,1,9.521380e-05
246,123.000000,1,9.495477e-05
247,123.500000,1,9.472815e-05
248,124.000000,1,9.445557e-05
249,124.500000,1,9.422531e-05
250,125.000000,1,9.394004e-05
251,125.500000,1,9.370855e-05
252,126.000000,1,9.341159e-05
253,126.500000,1,9.318263e-05
254,127.000000,1,9.287621e-05
255,127.500000,1,9.265265e-05
256,128.000000,1,9.233708e-05
257,128.500000,1,9.211954e-05
258,129.000000,1,9.179413e-05
259,129.500000,1,9.158451e-05
260,130.000000,1,9.124951e-05
261,130.500000,1,9.954935e-05
262,131.000000,1,9.787381e-05
263,131.500000,1,9.668967e-05
264,132.000000,1,9.484836e-05
265,132.500000,1,9.274304e-05
266,133.000000,1,9.924204e-05
267,133.500000,1,9.649902e-05
268,134.000000,1,9.470855e-05
269,134.500000,1,9.262262e-05
270,135.000000,1,9.887217e-05
271,135.500000,1,9.591921e-05
272,136.000000,1,9.452396e-05
273,136.500000,1,9.206221e-05
274,137.000000,1,9.778446e-05
275,137.500000,1,9.489669e-05
276,138.000000,1,9.299243e-05
277,138.500000,1,9.861654e-05
278,139.000000,1,9.550564e-05
279,139.500000,1,9.326473e-05
280,140.000000,1,9.840072e-05
281,140.500000,1,9.498153e-05
282,141.000000,1,9.250546e-05
283,141.500000,1,9.734163e-05
284,142.000000,1,9.383557e-05
285,142.500000,1,9.938693e-05
286,143.000000,1,9.555985e-05
287,143.500000,1,9.319324e-05
288,144.000000,1,9.743348e-05
289,144.500000,1,9.321535e-05
290,145.000000,1,9.821304e-05
291,145.500000,1,9.441030e-05
292,146.000000,1,9.902178e-05
293,146.500000,1,9.442165e-05
294,147.000000,1,9.881935e-05
295,147.500000,1,9.453052e-05
296,148.000000,1,9.849603e-05
297,148.500000,1,9.343901e-05
298,149.000000,1,9.738817e-05
299,149.500000,1,9.997929e-05
300,150.000000,1,9.529767e-05
301,150.500000,1,9.862632e-05
302,151.000000,1,9.300657e-05
303,151.500000,1,9.627650e-05
304,152.000000,1,9.840044e-05
305,152.500000,1,9.350307e-05
306,153.000000,1,9.664804e-05
307,153.500000,1,9.912378e-05
308,154.000000,1,9.387657e-05
309,154.500000,1,9.685260e-05
310,155.000000,1,9.840761e-05
311,155.500000,1,9.335070e-05
312,156.000000,1,9.594060e-05
313,156.500000,1,9.795342e-05
314,157.000000,1,9.234693e-05
315,157.500000,1,9.497168e-05
316,158.000000,1,9.623989e-05
317,158.500000,1,9.780044e-05
318,159.000000,1,9.981899e-05
319,159.500000,1,9.415097e-05
320,160.000000,1,9.519167e-05
321,160.500000,1,9.532708e-05
322,161.000000,1,9.718224e-05
323,161.500000,1,9.163989e-05
324,162.000000,1,9.326598e-05
325,162.500000,1,9.378923e-05
326,163.000000,1,9.487333e-05
327,163.500000,1,9.667548e-05
328,164.000000,1,9.878959e-05
329,164.500000,1,9.251287e-05
330,165.000000,1,9.264393e-05
331,165.500000,1,9.934560e-05
332,166.000000,1,9.801169e-05
333,166.500000,1,9.982964e-05
334,167.000000,1,9.940618e-05
335,167.500000,1,9.982092e-05
336,168.000000,1,9.286527e-05
337,168.500000,1,9.226384e-05
338,169.000000,1,9.952368e-05
339,169.500000,1,9.689370e-05
340,170.000000,1,9.888849e-05
341,170.500000,1,9.879255e-05
342,171.000000,1,9.836450e-05
343,171.500000,1,9.825247e-05
344,172.000000,1,9.840628e-05
345,172.500000,1,9.858192e-05
346,173.000000,1,9.866148e-05
347,173.500000,1,9.859409e-05
348,174.000000,1,9.836888e-05
349,174.500000,1,9.802600e-05
350,175.000000,1,9.762404e-05
351,175.500000,1,9.720783e-05
352,176.000000,1,9.679891e-05
353,176.500000,1,9.640722e-05
354,177.000000,1,9.604130e-05
355,177.500000,1,9.571092e-05
356,178.000000,1,9.542242e-05
357,178.500000,1,9.517851e-05
358,179.000000,1,9.497715e-05
359,179.500000,1,9.481122e-05
360,180.000000,1,9.467209e-05
361,180.500000,1,9.455033e-05
362,181.000000,1,9.443737e-05
363,181.500000,1,9.432640e-05
364,182.000000,1,9.421345e-05
365,182.500000,1,9.409683e-05
366,183.000000,1,9.397604e-05
367,183.500000,1,9.385331e-05
368,184.000000,1,9.373027e-05
369,184.500000,1,9.989804e-05
370,185.000000,1,9.887542e-05
371,185.500000,1,9.921499e-05
372,186.000000,1,9.796265e-05
373,186.500000,1,9.666974e-05
374,187.000000,1,9.547176e-05
375,187.500000,1,9.434602e-05
376,188.000000,1,9.952236e-05
377,188.500000,1,9.774043e-05
378,189.000000,1,9.760120e-05
379,189.500000,1,9.616110e-05
380,190.000000,1,9.486316e-05
381,190.500000,1,9.986121e-05
382,191.000000,1,9.816152e-05
383,191.500000,1,9.785966e-05
384,192.000000,1,9.631851e-05
385,192.500000,1,9.492384e-05
386,193.000000,1,9.987358e-05
387,193.500000,1,9.790751e-05
388,194.000000,1,9.749415e-05
389,194.500000,1,9.597810e-05
390,195.000000,1,9.464422e-05
391,195.500000,1,9.978217e-05
392,196.000000,1,9.764426e-05
393,196.500000,1,9.726143e-05
394,197.000000,1,9.591671e-05
395,197.500000,1,9.476171e-05
396,198.000000,1,9.385631e-05
397,198.500000,1,9.963291e-05
398,199.000000,1,9.727831e-05
399,199.500000,1,9.707290e-05
400,200.000000,1,9.606373e-05
401,200.500000,1,9.521578e-05
402,201.000000,1,9.456419e-05
403,201.500000,1,9.404665e-05
404,202.000000,1,9.367782e-05
405,202.500000,1,9.346661e-05
406,203.000000,1,9.340244e-05
407,203.500000,1,9.346849e-05
408,204.000000,1,9.364451e-05
409,204.500000,1,9.390879e-05
410,205.000000,1,9.423916e-05
411,205.500000,1,9.461225e-05
412,206.000000,1,9.500532e-05
413,206.500000,1,9.539700e-05
414,207.000000,1,9.576929e-05
415,207.500000,1,9.611029e-05
416,208.000000,1,9.641327e-05
417,208.500000,1,9.668074e-05
418,209.000000,1,9.691795e-05
419,209.500000,1,9.713263e-05
420,210.000000,1,9.733430e-05
421,210.500000,1,9.753463e-05
422,211.000000,1,9.774398e-05
423,211.500000,1,9.796915e-05
424,212.000000,1,9.821474e-05
425,212.500000,1,9.848196e-05
426,213.000000,1,9.877002e-05
427,213.500000,1,9.907682e-05
428,214.000000,1,9.939847e-05
429,214.500000,1,9.973014e-05
430,215.000000,1,9.059449e-05
431,215.500000,1,9.636751e-05
432,216.000000,1,9.319791e-05
433,216.500000,1,9.235884e-05
434,217.000000,1,9.132199e-05
435,217.500000,1,9.139814e-05
436,218.000000,1,9.253788e-05
437,218.500000,1,9.476147e-05
438,219.000000,1,9.762024e-05
439,219.500000,1,9.092924e-05
440,220.000000,1,9.815732e-05
441,220.500000,1,9.849837e-05
442,221.000000,1,9.818113e-05
443,221.500000,1,9.826563e-05
444,222.000000,1,9.798849e-05
445,222.500000,1,9.818345e-05
446,223.000000,1,9.895617e-05
447,223.500000,1,9.112415e-05
448,224.000000,1,9.795808e-05
449,224.500000,1,9.902047e-05
450,225.000000,1,9.051039e-05
451,225.500000,1,9.881917e-05
452,226.000000,1,9.995135e-05
453,226.500000,1,9.197185e-05
454,227.000000,1,9.962537e-05
455,227.500000,1,9.231848e-05
456,228.000000,1,9.795852e-05
457,228.500000,1,9.628443e-05
458,229.000000,1,9.671499e-05
459,229.500000,1,9.995983e-05
460,230.000000,1,9.288414e-05
461,230.500000,1,9.454954e-05
462,231.000000,1,9.678865e-05
463,231.500000,1,9.956358e-05
464,232.000000,1,9.334471e-05
465,232.500000,1,9.917295e-05
466,233.000000,1,9.262096e-05
467,233.500000,1,9.943936e-05
468,234.000000,1,9.584893e-05
469,234.500000,1,9.970667e-05
470,235.000000,1,9.414533e-05
471,235.500000,1,9.050810e-05
472,236.000000,1,9.453044e-05
473,236.500000,1,9.839434e-05
474,237.000000,1,9.299157e-05
475,237.500000,1,9.569331e-05
476,238.000000,1,9.800378e-05
477,238.500000,1,9.255567e-05
478,239.000000,1,9.824981e-05
479,239.500000,1,9.248996e-05
480,240.000000,1,9.846360e-05
481,240.500000,1,9.559064e-05
482,241.000000,1,9.816771e-05
483,241.500000,1,9.337619e-05
484,242.000000,1,9.871030e-05
485,242.500000,1,9.292718e-05
486,243.000000,1,9.776039e-05
487,243.500000,1,9.452461e-05
488,244.000000,1,9.608014e-05
489,244.500000,1,9.803177e-05
490,245.000000,1,9.962747e-05
491,245.500000,1,9.415749e-05
492,246.000000,1,9.719131e-05
493,246.500000,1,9.860636e-05
494,247.000000,1,9.750155e-05
495,247.500000,1,9.992977e-05
496,248.000000,1,9.483475e-05
497,248.500000,1,9.424628e-05
498,249.000000,1,9.467998e-05
499,249.500000,1,9.565803e-05
500,250.000000,1,9.679381e-05
501,250.500000,1,9.788852e-05
502,251.000000,1,9.886213e-05
503,251.500000,1,9.993489e-05
504,252.000000,1,9.502570e-05
505,252.500000,1,9.353418e-05
506,253.000000,1,9.796434e-05
507,253.500000,1,9.918167e-05
508,254.000000,1,9.997603e-05
509,254.500000,1,9.485216e-05
510,255.000000,1,9.731214e-05
511,255.500000,1,9.685959e-05
512,256.000000,1,9.532050e-05
513,256.500000,1,9.663572e-05
514,257.000000,1,9.761050e-05
515,257.500000,1,9.847000e-05
516,258.000000,1,9.924969e-05
517,258.500000,1,9.990593e-05
518,259.000000,1,9.521788e-05
519,259.500000,1,9.963091e-05
520,260.000000,1,9.695378e-05
521,260.500000,1,9.754322e-05
522,261.000000,1,9.746906e-05
523,261.500000,1,9.733171e-05
524,262.000000,1,9.715835e-05
525,262.500000,1,9.691480e-05
526,263.000000,1,9.666803e-05
527,263.500000,1,9.650028e-05
528,264.000000,1,9.651873e-05
529,264.500000,1,9.683334e-05
530,265.000000,1,9.742265e-05
531,265.500000,1,9.812459e-05
532,266.000000,1,9.877478e-05
533,266.500000,1,9.928852e-05
534,267.000000,1,9.964153e-05
535,267.500000,1,9.983336e-05
536,268.000000,1,9.986957e-05
537,268.500000,1,9.976257e-05
538,269.000000,1,9.953306e-05
539,269.500000,1,9.920976e-05
540,270.000000,1,9.882988e-05
541,270.500000,1,9.843385e-05
542,271.000000,1,9.806080e-05
543,271.500000,1,9.774314e-05
544,272.000000,1,9.750415e-05
545,272.500000,1,9.735546e-05
546,273.000000,1,9.729667e-05
547,273.500000,1,9.731758e-05
548,274.000000,1,9.740028e-05
549,274.500000,1,9.752251e-05
550,275.000000,1,9.766091e-05
551,275.500000,1,9.779347e-05
552,276.000000,1,9.790224e-05
553,276.500000,1,9.797457e-05
554,277.000000,1,9.800288e-05
555,277.500000,1,9.798510e-05
556,278.000000,1,9.792429e-05
557,278.500000,1,9.782723e-05
558,279.000000,1,9.770301e-05
559,279.500000,1,9.756181e-05
560,280.000000,1,9.741406e-05
561,280.500000,1,9.726940e-05
562,281.000000,1,9.713533e-05
563,281.500000,1,9.701723e-05
564,282.000000,1,9.691757e-05
565,282.500000,1,9.683682e-05
566,283.000000,1,9.677317e-05
567,283.500000,1,9.672328e-05
568,284.000000,1,9.668288e-05
569,284.500000,1,9.664732e-05
570,285.000000,1,9.661217e-05
571,285.500000,1,9.657340e-05
572,286.000000,1,9.652800e-05
573,286.500000,1,9.647447e-05
574,287.000000,1,9.641259e-05
575,287.500000,1,9.634343e-05
576,288.000000,1,9.626874e-05
577,288.500000,1,9.619094e-05
578,289.000000,1,9.611294e-05
579,289.500000,1,9.603743e-05
580,290.000000,1,9.596683e-05
581,290.500000,1,9.590315e-05
582,291.000000,1,9.584779e-05
583,291.500000,1,9.580130e-05
584,292.000000,1,9.576332e-05
585,292.500000,1,9.573284e-05
586,293.000000,1,9.570819e-05
587,293.500000,1,9.568721e-05
588,294.000000,1,9.566786e-05
589,294.500000,1,9.564803e-05
590,295.000000,1,9.562583e-05
591,295.500000,1,9.559952e-05
592,296.000000,1,9.556787e-05
593,296.500000,1,9.996076e-05
594,297.000000,1,9.705698e-05
595,297.500000,1,9.782186e-05
596,298.000000,1,9.559270e-05
597,298.500000,1,9.588331e-05
598,299.000000,1,9.673450e-05
599,299.500000,1,9.695231e-05
600,300.000000,1,9.672842e-05
601,300.500000,1,9.636863e-05
602,301.000000,1,9.596239e-05
603,301.500000,1,9.971805e-05
604,302.000000,1,9.672286e-05
605,302.500000,1,9.726589e-05
606,303.000000,1,9.471809e-05
607,303.500000,1,9.894020e-05
608,304.000000,1,9.817672e-05
609,304.500000,1,9.911801e-05
610,305.000000,1,9.557683e-05
611,305.500000,1,9.939730e-05
612,306.000000,1,9.891216e-05
613,306.500000,1,9.941852e-05
614,307.000000,1,9.503910e-05
615,307.500000,1,9.828445e-05
616,308.000000,1,9.782633e-05
617,308.500000,1,9.814686e-05
618,309.000000,1,9.356138e-05
619,309.500000,1,9.667413e-05
620,310.000000,1,9.969304e-05
621,310.500000,1,9.716841e-05
622,311.000000,1,9.623759e-05
623,311.500000,1,9.933594e-05
624,312.000000,1,9.992301e-05
625,312.500000,1,9.745877e-05
626,313.000000,1,9.663175e-05
627,313.500000,1,9.964157e-05
628,314.000000,1,9.999861e-05
629,314.500000,1,9.725550e-05
630,315.000000,1,9.993008e-05
631,315.500000,1,9.739293e-05
632,316.000000,1,9.676341e-05
633,316.500000,1,9.842353e-05
634,317.000000,1,9.700404e-05
635,317.500000,1,9.760167e-05
636,318.000000,1,9.478699e-05
637,318.500000,1,9.881257e-05
638,319.000000,1,9.797941e-05
639,319.500000,1,9.791305e-05
640,320.000000,1,9.983529e-05
641,320.500000,1,9.891658e-05
642,321.000000,1,9.919923e-05
643,321.500000,1,9.621843e-05
644,322.000000,1,9.614428e-05
645,322.500000,1,9.589812e-05
646,323.000000,1,9.894144e-05
647,323.500000,1,9.876215e-05
648,324.000000,1,9.571845e-05
649,324.500000,1,9.820166e-05
650,325.000000,1,9.869619e-05
651,325.500000,1,9.506979e-05
652,326.000000,1,9.710882e-05
653,326.500000,1,9.744820e-05
654,327.000000,1,9.858355e-05
655,327.500000,1,9.953562e-05
656,328.000000,1,9.711703e-05
657,328.500000,1,9.949646e-05
658,329.000000,1,9.912207e-05
659,329.500000,1,9.530139e-05
660,330.000000,1,9.725172e-05
661,330.500000,1,9.730583e-05
662,331.000000,1,9.800640e-05
663,331.500000,1,9.889458e-05
664,332.000000,1,9.625241e-05
665,332.500000,1,9.849720e-05
666,333.000000,1,9.796353e-05
667,333.500000,1,9.882609e-05
668,334.000000,1,9.993246e-05
669,334.500000,1,9.714380e-05
670,335.000000,1,9.929198e-05
671,335.500000,1,9.843906e-05
672,336.000000,1,9.881953e-05
673,336.500000,1,9.981706e-05
674,337.000000,1,9.670309e-05
675,337.500000,1,9.859603e-05
676,338.000000,1,9.752670e-05
677,338.500000,1,9.767162e-05
678,339.000000,1,9.865771e-05
679,339.500000,1,9.954690e-05
680,340.000000,1,9.999118e-05
681,340.500000,1,9.637563e-05
682,341.000000,1,9.826711e-05
683,341.500000,1,9.720246e-05
684,342.000000,1,9.688435e-05
685,342.500000,1,9.789258e-05
686,343.000000,1,9.846686e-05
687,343.500000,1,9.895515e-05
688,344.000000,1,9.939633e-05
689,344.500000,1,9.696950e-05
690,345.000000,1,9.544092e-05
691,345.500000,1,9.493542e-05
692,346.000000,1,9.717149e-05
693,346.500000,1,9.874177e-05
694,347.000000,1,9.970594e-05
695,347.500000,1,9.626249e-05
696,348.000000,1,9.847252e-05
697,348.500000,1,9.732309e-05
698,349.000000,1,9.652952e-05
699,349.500000,1,9.769699e-05
700,350.000000,1,9.769288e-05
701,350.500000,1,9.824832e-05
702,351.000000,1,9.811383e-05
703,351.500000,1,9.904524e-05
704,352.000000,1,9.886505e-05
705,352.500000,1,9.962567e-05
706,353.000000,1,9.918699e-05
707,353.500000,1,9.993311e-05
708,354.000000,1,9.928452e-05
709,354.500000,1,9.991619e-05
710,355.000000,1,9.910260e-05
711,355.500000,1,9.966020e-05
712,356.000000,1,9.877273e-05
713,356.500000,1,9.928595e-05
714,357.000000,1,9.839104e-05
715,357.500000,1,9.892654e-05
716,358.000000,1,9.806711e-05
717,358.500000,1,9.867223e-05
718,359.000000,1,9.785491e-05
719,359.500000,1,9.855177e-05
720,360.000000,1,9.775554e-05
721,360.500000,1,9.853496e-05
722,361.000000,1,9.772195e-05
723,361.500000,1,9.855885e-05
724,362.000000,1,9.769284e-05
725,362.500000,1,9.855813e-05
726,363.000000,1,9.761553e-05
727,363.500000,1,9.848827e-05
728,364.000000,1,9.746326e-05
729,364.500000,1,9.833440e-05
730,365.000000,1,9.723687e-05
731,365.500000,1,9.810871e-05
732,366.000000,1,9.695693e-05
733,366.500000,1,9.784046e-05
734,367.000000,1,9.665317e-05
735,367.500000,1,9.756327e-05
736,368.000000,1,9.635439e-05
737,368.500000,1,9.730444e-05
738,369.000000,1,9.608048e-05
739,369.500000,1,9.707932e-05
740,370.000000,1,9.583981e-05
741,370.500000,1,9.689059e-05
742,371.000000,1,9.563151e-05
743,371.500000,1,9.673130e-05
744,372.000000,1,9.544704e-05
745,372.500000,1,9.659060e-05
746,373.000000,1,9.527772e-05
747,373.500000,1,9.645939e-05
748,374.000000,1,9.511797e-05
749,374.500000,1,9.633360e-05
750,375.000000,1,9.496790e-05
751,375.500000,1,9.621501e-05
752,376.000000,1,9.483193e-05
753,376.500000,1,9.610966e-05
754,377.000000,1,9.471641e-05
755,377.500000,1,9.602438e-05
756,378.000000,1,9.462688e-05
757,378.500000,1,9.596339e-05
758,379.000000,1,9.456380e-05
759,379.500000,1,9.592625e-05
760,380.000000,1,9.452368e-05
761,380.500000,1,9.590769e-05
762,381.000000,1,9.449848e-05
763,381.500000,1,9.589876e-05
764,382.000000,1,9.447809e-05
765,382.500000,1,9.588920e-05
766,383.000000,1,9.445232e-05
767,383.500000,1,9.586991e-05
768,384.000000,1,9.441353e-05
769,384.500000,1,9.583459e-05
770,385.000000,1,9.435746e-05
771,385.500000,1,9.578078e-05
772,386.000000,1,9.428347e-05
773,386.500000,1,9.570954e-05
774,387.000000,1,9.419445e-05
775,387.500000,1,9.999098e-05
776,388.000000,1,9.633941e-05
777,388.500000,1,9.279547e-05
778,389.000000,1,9.823910e-05
779,389.500000,1,9.846740e-05
780,390.000000,1,9.713725e-05
781,390.500000,1,9.870800e-05
782,391.000000,1,9.705504e-05
783,391.500000,1,9.682890e-05
784,392.000000,1,9.850667e-05
785,392.500000,1,9.764013e-05
786,393.000000,1,9.540977e-05
787,393.500000,1,9.712022e-05
788,394.000000,1,9.504809e-05
789,394.500000,1,9.584744e-05
790,395.000000,1,9.366264e-05
791,395.500000,1,9.895767e-05
792,396.000000,1,9.955476e-05
793,396.500000,1,9.825160e-05
794,397.000000,1,9.977271e-05
795,397.500000,1,9.800227e-05
796,398.000000,1,9.755840e-05
797,398.500000,1,9.890451e-05
798,399.000000,1,9.790850e-05
799,399.500000,1,9.534348e-05
800,400.000000,1,9.683977e-05
801,400.500000,1,9.456374e-05
802,401.000000,1,9.923884e-05
803,401.500000,1,9.957002e-05
804,402.000000,1,9.795700e-05
805,402.500000,1,9.915875e-05
806,403.000000,1,9.731547e-05
807,403.500000,1,9.670731e-05
808,404.000000,1,9.803562e-05
809,404.500000,1,9.714618e-05
810,405.000000,1,9.475910e-05
811,405.500000,1,9.625503e-05
812,406.000000,1,9.417989e-05
813,406.500000,1,9.882644e-05
814,407.000000,1,9.927561e-05
815,407.500000,1,9.776686e-05
816,408.000000,1,9.899706e-05
817,408.500000,1,9.735011e-05
818,409.000000,1,9.676270e-05
819,409.500000,1,9.810425e-05
820,410.000000,1,9.731435e-05
821,410.500000,1,9.495703e-05
822,411.000000,1,9.637862e-05
823,411.500000,1,9.431929e-05
824,412.000000,1,9.878332e-05
825,412.500000,1,9.917789e-05
826,413.000000,1,9.761637e-05
827,413.500000,1,9.872386e-05
828,414.000000,1,9.724162e-05
829,414.500000,1,9.660463e-05
830,415.000000,1,9.798216e-05
831,415.500000,1,9.729785e-05
832,416.000000,1,9.508100e-05
833,416.500000,1,9.643524e-05
834,417.000000,1,9.450698e-05
835,417.500000,1,9.883790e-05
836,418.000000,1,9.924089e-05
837,418.500000,1,9.769061e-05
838,419.000000,1,9.873375e-05
839,419.500000,1,9.743931e-05
840,420.000000,1,9.678133e-05
841,420.500000,1,9.818710e-05
842,421.000000,1,9.759094e-05
843,421.500000,1,9.550002e-05
844,422.000000,1,9.676336e-05
845,422.500000,1,9.495882e-05
846,423.000000,1,9.912724e-05
847,423.500000,1,9.950899e-05
848,424.000000,1,9.795054e-05
849,424.500000,1,9.891286e-05
850,425.000000,1,9.781726e-05
851,425.500000,1,9.713284e-05
852,426.000000,1,9.857003e-05
853,426.500000,1,9.805599e-05
854,427.000000,1,9.611585e-05
855,427.500000,1,9.726829e-05
856,428.000000,1,9.560207e-05
857,428.500000,1,9.959977e-05
858,429.000000,1,9.994472e-05
859,429.500000,1,9.836376e-05
860,430.000000,1,9.923374e-05
861,430.500000,1,9.829685e-05
862,431.000000,1,9.756631e-05
863,431.500000,1,9.899378e-05
864,432.000000,1,9.852867e-05
865,432.500000,1,9.670391e-05
866,433.000000,1,9.773126e-05
867,433.500000,1,9.617914e-05
868,434.000000,1,9.637056e-05
869,434.500000,1,9.474542e-05
870,435.000000,1,9.890404e-05
871,435.500000,1,9.941823e-05
872,436.000000,1,9.807977e-05
873,436.500000,1,9.912213e-05
874,437.000000,1,9.868564e-05
875,437.500000,1,9.815895e-05
876,438.000000,1,9.975065e-05
877,438.500000,1,9.948451e-05
878,439.000000,1,9.782844e-05
879,439.500000,1,9.881544e-05
880,440.000000,1,9.734746e-05
881,440.500000,1,9.740600e-05
882,441.000000,1,9.581423e-05
883,441.500000,1,9.972548e-05
884,442.000000,1,9.639905e-05
885,442.500000,1,9.346117e-05
886,443.000000,1,9.720489e-05
887,443.500000,1,9.737822e-05
888,444.000000,1,9.937593e-05
889,444.500000,1,9.957546e-05
890,445.000000,1,9.965463e-05
891,445.500000,1,9.854103e-05
892,446.000000,1,9.941885e-05
893,446.500000,1,9.876948e-05
894,447.000000,1,9.694400e-05
895,447.500000,1,9.780412e-05
896,448.000000,1,9.650591e-05
897,448.500000,1,9.660175e-05
898,449.000000,1,9.538836e-05
899,449.500000,1,9.935885e-05
900,450.000000,1,9.998532e-05
901,450.500000,1,9.883188e-05
902,451.000000,1,9.994198e-05
903,451.500000,1,9.739225e-05
904,452.000000,1,9.982788e-05
905,452.500000,1,9.987244e-05
906,453.000000,1,9.700258e-05
907,453.500000,1,9.208635e-05
908,454.000000,1,9.578903e-05
909,454.500000,1,9.538666e-05
910,455.000000,1,9.971203e-05
911,455.500000,1,9.859650e-05
912,456.000000,1,9.719799e-05
913,456.500000,0,9.994955e-05
914,457.000000,1,9.787864e-05
915,457.500000,0,9.993764e-05
916,458.000000,1,9.753230e-05
917,458.500000,1,9.910537e-05
918,459.000000,1,9.887872e-05
919,459.500000,1,9.985693e-05
920,460.000000,1,9.624781e-05
921,460.500000,0,9.683348e-05
922,461.000000,1,9.755817e-05
923,461.500000,1,9.809772e-05
924,462.000000,1,9.748301e-05
925,462.500000,1,9.853391e-05
926,463.000000,1,9.879510e-05
927,463.500000,1,9.837756e-05
928,464.000000,1,9.716380e-05
929,464.500000,1,9.820060e-05
930,465.000000,1,9.805250e-05
931,465.500000,1,9.708331e-05
932,466.000000,1,9.818439e-05
933,466.500000,1,9.768939e-05
934,467.000000,1,9.812741e-05
935,467.500000,1,9.748714e-05
936,468.000000,1,9.820777e-05
937,468.500000,1,9.772107e-05
938,469.000000,1,9.831333e-05
939,469.500000,1,9.784932e-05
940,470.000000,1,9.847224e-05
941,470.500000,1,9.805994e-05
942,471.000000,1,9.863928e-05
943,471.500000,1,9.823450e-05
944,472.000000,1,9.879400e-05
945,472.500000,1,9.839017e-05
946,473.000000,1,9.891396e-05
947,473.500000,1,9.849502e-05
948,474.000000,1,9.899247e-05
949,474.500000,1,9.855580e-05
950,475.000000,1,9.903400e-05
951,475.500000,1,9.858102e-05
952,476.000000,1,9.905321e-05
953,476.500000,1,9.859143e-05
954,477.000000,1,9.906859e-05
955,477.500000,1,9.860633e-05
956,478.000000,1,9.909738e-05
957,478.500000,1,9.864242e-05
958,479.000000,1,9.915142e-05
959,479.500000,1,9.870883e-05
960,480.000000,1,9.923529e-05
961,480.500000,1,9.880735e-05
962,481.000000,1,9.934604e-05
963,481.500000,1,9.893200e-05
964,482.000000,1,9.947426e-05
965,482.500000,1,9.907064e-05
966,483.000000,1,9.960616e-05
967,483.500000,1,9.920758e-05
968,484.000000,1,9.972625e-05
969,484.500000,1,9.932609e-05
970,485.000000,1,9.982016e-05
971,485.500000,1,9.941207e-05
972,486.000000,1,9.987707e-05
973,486.500000,1,9.945616e-05
974,487.000000,1,9.989131e-05
975,487.500000,1,9.945516e-05
976,488.000000,1,9.986300e-05
977,488.500000,1,9.941177e-05
978,489.000000,1,9.979742e-05
979,489.500000,1,9.933397e-05
980,490.000000,1,9.970371e-05
981,490.500000,1,9.923278e-05
982,491.000000,1,9.959307e-05
983,491.500000,1,9.912043e-05
984,492.000000,1,9.947694e-05
985,492.500000,1,9.900852e-05
986,493.000000,1,9.936535e-05
987,493.500000,1,9.890628e-05
988,494.000000,1,9.926579e-05
989,494.500000,1,9.882002e-05
990,495.000000,1,9.918272e-05
991,495.500000,1,9.875254e-05
992,496.000000,1,9.911754e-05
993,496.500000,1,9.870358e-05
994,497.000000,1,9.906901e-05
995,497.500000,1,9.867043e-05
996,498.000000,1,9.903402e-05
997,498.500000,1,9.864882e-05
998,499.000000,1,9.900847e-05
999,499.500000,1,9.863408e-05
1000,500.000000,1,9.898818e-05
1001,500.500000,1,9.862189e-05
1002,501.000000,1,9.896951e-05
1003,501.500000,1,9.860886e-05
1004,502.000000,1,9.894976e-05
1005,502.500000,1,9.859293e-05
1006,503.000000,1,9.892739e-05
1007,503.500000,1,9.857321e-05
1008,504.000000,1,9.890180e-05
1009,504.500000,1,9.854975e-05
1010,505.000000,1,9.887303e-05
1011,505.500000,1,9.852312e-05
1012,506.000000,1,9.884134e-05
1013,506.500000,1,9.849395e-05
1014,507.000000,1,9.880688e-05
1015,507.500000,1,9.846239e-05
1016,508.000000,1,9.876937e-05
1017,508.500000,1,9.842810e-05
1018,509.000000,1,9.872801e-05
1019,509.500000,1,9.839012e-05
1020,510.000000,1,9.868155e-05
1021,510.500000,1,9.834702e-05
1022,511.000000,1,9.862851e-05
1023,511.500000,1,9.829719e-05
1024,512.000000,1,9.856738e-05
1025,512.500000,1,9.823903e-05
1026,513.000000,1,9.849694e-05
1027,513.500000,1,9.817144e-05
1028,514.000000,1,9.841653e-05
1029,514.500000,1,9.809392e-05
1030,515.000000,1,9.832619e-05
1031,515.500000,1,9.800684e-05
1032,516.000000,1,9.822686e-05
1033,516.500000,1,9.791146e-05
1034,517.000000,1,9.812021e-05
1035,517.500000,1,9.780982e-05
1036,518.000000,1,9.800857e-05
1037,518.500000,1,9.770444e-05
1038,519.000000,1,9.789462e-05
1039,519.500000,1,9.759811e-05
1040,520.000000,1,9.778109e-05
1041,520.500000,1,9.749355e-05
1042,521.000000,1,9.767049e-05
1043,521.500000,1,9.739310e-05
1044,522.000000,1,9.756490e-05
1045,522.500000,1,9.729851e-05
1046,523.000000,1,9.746577e-05
1047,523.500000,1,9.721084e-05
1048,524.000000,1,9.737391e-05
1049,524.500000,1,9.713071e-05
1050,525.000000,1,9.728945e-05
1051,525.500000,1,9.705776e-05
1052,526.000000,1,9.721200e-05
1053,526.500000,1,9.699136e-05
1054,527.000000,1,9.714072e-05
1055,527.500000,1,9.693047e-05
1056,528.000000,1,9.707447e-05
1057,528.500000,1,9.687390e-05
1058,529.000000,1,9.701204e-05
1059,529.500000,1,9.682027e-05
1060,530.000000,1,9.695223e-05
1061,530.500000,1,9.676851e-05
1062,531.000000,1,9.689388e-05
1063,531.500000,1,9.671756e-05
1064,532.000000,1,9.683599e-05
1065,532.500000,1,9.666654e-05
1066,533.000000,1,9.677775e-05
1067,533.500000,1,9.661482e-05
1068,534.000000,1,9.999891e-05
1069,534.500000,1,9.721548e-05
1070,535.000000,1,9.552622e-05
1071,535.500000,1,9.852509e-05
1072,536.000000,1,9.856254e-05
1073,536.500000,1,9.998652e-05
1074,537.000000,1,9.813786e-05
1075,537.500000,1,9.690381e-05
1076,538.000000,0,9.876015e-05
1077,538.500000,1,9.924594e-05
1078,539.000000,1,9.797002e-05
1079,539.500000,0,9.989660e-05
1080,540.000000,1,9.800057e-05
1081,540.500000,0,9.941766e-05
1082,541.000000,1,9.931192e-05
1083,541.500000,1,9.846027e-05
1084,542.000000,1,9.969101e-05
1085,542.500000,1,9.891224e-05
1086,543.000000,1,9.813167e-05
1087,543.500000,1,9.829234e-05
1088,544.000000,1,9.778705e-05
1089,544.500000,1,9.733584e-05
1090,545.000000,1,9.670062e-05
1091,545.500000,1,9.964195e-05
1092,546.000000,1,9.990735e-05
1093,546.500000,1,9.869203e-05
1094,547.000000,1,9.937239e-05
1095,547.500000,1,9.942001e-05
1096,548.000000,1,9.890767e-05
1097,548.500000,1,9.740207e-05
1098,549.000000,0,9.909105e-05
1099,549.500000,1,9.705892e-05
1100,550.000000,0,9.822093e-05
1101,550.500000,1,9.807170e-05
1102,551.000000,1,9.714511e-05
1103,551.500000,0,9.927865e-05
1104,552.000000,1,9.791247e-05
1105,552.500000,0,9.955794e-05
1106,553.000000,1,9.960886e-05
1107,553.500000,1,9.875775e-05
1108,554.000000,1,9.990122e-05
1109,554.500000,1,9.896617e-05
1110,555.000000,1,9.811983e-05
1111,555.500000,1,9.800320e-05
1112,556.000000,1,9.738993e-05
1113,556.500000,1,9.980400e-05
1114,557.000000,1,9.972033e-05
1115,557.500000,1,9.820402e-05
1116,558.000000,0,9.984742e-05
1117,558.500000,1,9.786136e-05
1118,559.000000,0,9.901000e-05
1119,559.500000,1,9.875521e-05
1120,560.000000,1,9.750403e-05
1121,560.500000,0,9.930284e-05
1122,561.000000,1,9.983913e-05
1123,561.500000,1,9.885869e-05
1124,562.000000,1,9.941072e-05
1125,562.500000,1,9.764673e-05
1126,563.000000,1,9.698682e-05
1127,563.500000,1,9.956633e-05
1128,564.000000,1,9.946395e-05
1129,564.500000,1,9.792035e-05
1130,565.000000,0,9.951493e-05
1131,565.500000,1,9.763404e-05
1132,566.000000,0,9.882111e-05
1133,566.500000,1,9.868326e-05
1134,567.000000,1,9.753595e-05
1135,567.500000,0,9.937429e-05
1136,568.000000,1,9.995393e-05
1137,568.500000,1,9.912798e-05
1138,569.000000,1,9.974387e-05
1139,569.500000,1,9.792503e-05
1140,570.000000,1,9.734734e-05
1141,570.500000,1,9.982259e-05
1142,571.000000,1,9.963950e-05
1143,571.500000,1,9.801337e-05
1144,572.000000,0,9.950630e-05
1145,572.500000,1,9.994002e-05
1146,573.000000,1,9.883018e-05
1147,573.500000,1,9.918201e-05
1148,574.000000,1,9.731259e-05
1149,574.500000,1,9.643717e-05
1150,575.000000,1,9.893017e-05
1151,575.500000,1,9.875513e-05
1152,576.000000,1,9.981750e-05
1153,576.500000,1,9.806402e-05
1154,577.000000,1,9.664922e-05
1155,577.500000,0,9.814140e-05
1156,578.000000,1,9.831317e-05
1157,578.500000,1,9.684972e-05
1158,579.000000,0,9.840422e-05
1159,579.500000,1,9.958072e-05
1160,580.000000,1,9.944263e-05
1161,580.500000,1,9.740561e-05
1162,581.000000,0,9.845160e-05
1163,581.500000,1,9.844603e-05
1164,582.000000,1,9.702700e-05
1165,582.500000,0,9.852984e-05
1166,583.000000,1,9.920777e-05
1167,583.500000,1,9.902675e-05
1168,584.000000,1,9.977641e-05
1169,584.500000,1,9.909862e-05
1170,585.000000,1,9.833568e-05
1171,585.500000,1,9.986475e-05
1172,586.000000,1,9.884730e-05
1173,586.500000,1,9.803953e-05
1174,587.000000,1,9.768735e-05
1175,587.500000,1,9.708109e-05
1176,588.000000,1,9.927256e-05
1177,588.500000,1,9.906327e-05
1178,589.000000,1,9.752239e-05
1179,589.500000,0,9.897830e-05
1180,590.000000,1,9.964776e-05
1181,590.500000,1,9.854004e-05
1182,591.000000,1,9.878524e-05
1183,591.500000,1,9.713898e-05
1184,592.000000,1,9.621979e-05
1185,592.500000,1,9.875921e-05
1186,593.000000,1,9.863512e-05
1187,593.500000,1,9.981492e-05
1188,594.000000,1,9.805224e-05
1189,594.500000,1,9.673196e-05
1190,595.000000,0,9.820621e-05
1191,595.500000,1,9.845920e-05
1192,596.000000,1,9.701950e-05
1193,596.500000,0,9.850178e-05
1194,597.000000,1,9.958297e-05
1195,597.500000,1,9.947370e-05
1196,598.000000,1,9.745473e-05
1197,598.500000,0,9.841967e-05
1198,599.000000,1,9.844208e-05
1199,599.500000,1,9.707060e-05
1200,600.000000,0,9.850326e-05
1201,600.500000,1,9.901606e-05
1202,601.000000,1,9.884527e-05
1203,601.500000,1,9.960718e-05
1204,602.000000,1,9.892472e-05
1205,602.500000,1,9.812866e-05
1206,603.000000,1,9.959132e-05
1207,603.500000,1,9.862843e-05
1208,604.000000,1,9.782014e-05
1209,604.500000,1,9.747801e-05
1210,605.000000,1,9.686699e-05
1211,605.500000,1,9.900274e-05
1212,606.000000,1,9.876836e-05
1213,606.500000,1,9.992639e-05
1214,607.000000,1,9.802502e-05
1215,607.500000,1,9.663112e-05
1216,608.000000,0,9.796685e-05
1217,608.500000,1,9.822138e-05
1218,609.000000,1,9.674146e-05
1219,609.500000,0,9.812136e-05
1220,610.000000,1,9.914204e-05
1221,610.500000,1,9.911066e-05
1222,611.000000,1,9.998051e-05
1223,611.500000,1,9.920858e-05
1224,612.000000,1,9.838478e-05
1225,612.500000,1,9.979692e-05
1226,613.000000,1,9.883632e-05
1227,613.500000,1,9.800636e-05
1228,614.000000,1,9.757521e-05
1229,614.500000,1,9.696835e-05
1230,615.000000,1,9.897475e-05
1231,615.500000,1,9.865468e-05
1232,616.000000,1,9.973442e-05
1233,616.500000,1,9.785215e-05
1234,617.000000,1,9.647378e-05
1235,617.500000,0,9.775914e-05
1236,618.000000,1,9.795820e-05
1237,618.500000,1,9.998500e-05
1238,619.000000,1,9.829674e-05
1239,619.500000,1,9.770676e-05
1240,620.000000,1,9.741507e-05
1241,620.500000,1,9.711030e-05
1242,621.000000,1,9.924630e-05
1243,621.500000,1,9.902808e-05
1244,622.000000,1,9.747559e-05
1245,622.500000,0,9.876243e-05
1246,623.000000,1,9.935435e-05
1247,623.500000,1,9.847143e-05
1248,624.000000,1,9.851385e-05
1249,624.500000,1,9.987056e-05
1250,625.000000,1,9.922094e-05
1251,625.500000,1,9.742616e-05
1252,626.000000,0,9.846439e-05
1253,626.500000,1,9.878591e-05
1254,627.000000,1,9.796343e-05
1255,627.500000,0,9.962360e-05
1256,628.000000,1,9.957298e-05
1257,628.500000,1,9.941986e-05
1258,629.000000,1,9.740522e-05
1259,629.500000,0,9.819509e-05
1260,630.000000,1,9.819348e-05
1261,630.500000,1,9.705851e-05
1262,631.000000,0,9.846407e-05
1263,631.500000,1,9.865381e-05
1264,632.000000,1,9.858345e-05
1265,632.500000,1,9.938143e-05
1266,633.000000,1,9.868858e-05
1267,633.500000,1,9.786475e-05
1268,634.000000,0,9.970971e-05
1269,634.500000,1,9.866999e-05
1270,635.000000,1,9.776088e-05
1271,635.500000,1,9.987795e-05
1272,636.000000,1,9.809209e-05
1273,636.500000,1,9.732201e-05
1274,637.000000,0,9.916810e-05
1275,637.500000,1,9.871292e-05
1276,638.000000,1,9.800265e-05
1277,638.500000,1,9.665356e-05
1278,639.000000,0,9.789676e-05
1279,639.500000,1,9.843798e-05
1280,640.000000,1,9.744990e-05
1281,640.500000,0,9.897116e-05
1282,641.000000,1,9.968290e-05
1283,641.500000,1,9.980308e-05
1284,642.000000,1,9.788870e-05
1285,642.500000,0,9.870045e-05
1286,643.000000,1,9.876782e-05
1287,643.500000,1,9.752048e-05
1288,644.000000,0,9.877485e-05
1289,644.500000,1,9.871729e-05
1290,645.000000,1,9.852913e-05
1291,645.500000,1,9.921745e-05
1292,646.000000,1,9.832535e-05
1293,646.500000,1,9.731322e-05
1294,647.000000,0,9.894361e-05
1295,647.500000,1,9.782227e-05
1296,648.000000,0,9.919935e-05
1297,648.500000,1,9.886609e-05
1298,649.000000,1,9.768566e-05
1299,649.500000,0,9.912075e-05
1300,650.000000,1,9.758277e-05
1301,650.500000,0,9.861998e-05
1302,651.000000,1,9.829125e-05
1303,651.500000,1,9.991705e-05
1304,652.000000,1,9.948401e-05
1305,652.500000,1,9.911534e-05
1306,653.000000,1,9.880505e-05
1307,653.500000,1,9.833095e-05
1308,654.000000,1,9.728381e-05
1309,654.500000,1,9.648911e-05
1310,655.000000,1,9.838686e-05
1311,655.500000,1,9.792640e-05
1312,656.000000,0,9.990910e-05
1313,656.500000,1,9.841827e-05
1314,657.000000,0,9.955009e-05
1315,657.500000,1,9.950195e-05
1316,658.000000,1,9.838516e-05
1317,658.500000,0,9.976505e-05
1318,659.000000,1,9.774653e-05
1319,659.500000,0,9.839613e-05
1320,660.000000,1,9.781688e-05
1321,660.500000,0,9.968059e-05
1322,661.000000,1,9.858039e-05
1323,661.500000,0,9.994293e-05
1324,662.000000,1,9.973911e-05
1325,662.500000,1,9.859643e-05
1326,663.000000,0,9.994147e-05
1327,663.500000,1,9.798216e-05
1328,664.000000,0,9.864085e-05
1329,664.500000,1,9.808999e-05
1330,665.000000,0,9.993128e-05
1331,665.500000,1,9.881024e-05
1332,666.000000,1,9.717207e-05
1333,666.500000,1,9.832184e-05
1334,667.000000,1,9.985728e-05
1335,667.500000,1,9.946482e-05
1336,668.000000,1,9.784386e-05
1337,668.500000,0,9.887672e-05
1338,669.000000,1,9.911305e-05
1339,669.500000,1,9.867614e-05
1340,670.000000,1,9.854756e-05
1341,670.500000,1,9.958253e-05
1342,671.000000,1,9.863185e-05
1343,671.500000,1,9.903318e-05
1344,672.000000,1,9.951430e-05
1345,672.500000,1,9.860187e-05
1346,673.000000,1,9.970215e-05
1347,673.500000,1,9.878186e-05
1348,674.000000,1,9.823916e-05
1349,674.500000,1,9.735858e-05
1350,675.000000,1,9.682639e-05
1351,675.500000,1,9.832252e-05
1352,676.000000,1,9.761758e-05
1353,676.500000,0,9.933268e-05
1354,677.000000,1,9.766592e-05
1355,677.500000,0,9.859473e-05
1356,678.000000,1,9.842070e-05
1357,678.500000,1,9.985887e-05
1358,679.000000,1,9.860771e-05
1359,679.500000,1,9.708796e-05
1360,680.000000,0,9.797991e-05
1361,680.500000,1,9.993821e-05
1362,681.000000,1,9.748798e-05
1363,681.500000,1,9.743202e-05
1364,682.000000,1,9.765782e-05
1365,682.500000,1,9.900477e-05
1366,683.000000,1,9.892200e-05
1367,683.500000,1,9.826319e-05
1368,684.000000,1,9.981603e-05
1369,684.500000,1,9.923939e-05
1370,685.000000,1,9.884409e-05
1371,685.500000,1,9.801651e-05
1372,686.000000,1,9.751164e-05
1373,686.500000,1,9.897325e-05
1374,687.000000,1,9.821663e-05
1375,687.500000,0,9.985280e-05
1376,688.000000,1,9.811244e-05
1377,688.500000,0,9.894753e-05
1378,689.000000,1,9.869519e-05
1379,689.500000,1,9.751182e-05
1380,690.000000,0,9.869436e-05
1381,690.500000,1,9.896902e-05
1382,691.000000,1,9.867047e-05
1383,691.500000,1,9.841355e-05
1384,692.000000,1,9.944250e-05
1385,692.500000,1,9.848767e-05
1386,693.000000,0,9.999244e-05
1387,693.500000,1,9.826565e-05
1388,694.000000,0,9.907450e-05
1389,694.500000,1,9.878677e-05
1390,695.000000,1,9.998033e-05
1391,695.500000,1,9.867978e-05
1392,696.000000,1,9.713164e-05
1393,696.500000,0,9.793092e-05
1394,697.000000,1,9.969399e-05
1395,697.500000,1,9.966889e-05
1396,698.000000,1,9.855970e-05
1397,698.500000,0,9.976945e-05
1398,699.000000,1,9.985270e-05
1399,699.500000,1,9.925009e-05
1400,700.000000,1,9.877579e-05
1401,700.500000,1,9.949198e-05
1402,701.000000,1,9.823796e-05
1403,701.500000,0,9.946580e-05
1404,702.000000,1,9.967849e-05
1405,702.500000,1,9.959109e-05
1406,703.000000,1,9.951945e-05
1407,703.500000,1,9.755811e-05
1408,704.000000,1,9.692923e-05
1409,704.500000,1,9.832727e-05
1410,705.000000,1,9.750587e-05
1411,705.500000,0,9.904472e-05
1412,706.000000,1,9.950955e-05
1413,706.500000,1,9.935487e-05
1414,707.000000,1,9.952077e-05
1415,707.500000,1,9.782273e-05
1416,708.000000,1,9.721930e-05
1417,708.500000,1,9.874491e-05
1418,709.000000,1,9.795460e-05
1419,709.500000,0,9.951402e-05
1420,710.000000,1,9.995285e-05
1421,710.500000,1,9.973730e-05
1422,711.000000,1,9.983150e-05
1423,711.500000,1,9.807603e-05
1424,712.000000,1,9.745015e-05
1425,712.500000,1,9.885484e-05
1426,713.000000,1,9.798908e-05
1427,713.500000,0,9.947367e-05
1428,714.000000,1,9.986412e-05
1429,714.500000,1,9.970944e-05
1430,715.000000,1,9.978568e-05
1431,715.500000,1,9.803063e-05
1432,716.000000,1,9.742234e-05
1433,716.500000,1,9.881190e-05
1434,717.000000,1,9.795595e-05
1435,717.500000,0,9.943820e-05
1436,718.000000,1,9.985301e-05
1437,718.500000,1,9.966763e-05
1438,719.000000,1,9.973707e-05
1439,719.500000,1,9.798902e-05
1440,720.000000,1,9.736167e-05
1441,720.500000,1,9.874209e-05
1442,721.000000,1,9.788214e-05
1443,721.500000,0,9.935302e-05
1444,722.000000,1,9.975705e-05
1445,722.500000,1,9.959168e-05
1446,723.000000,1,9.967223e-05
1447,723.500000,1,9.793311e-05
1448,724.000000,1,9.735493e-05
1449,724.500000,1,9.870709e-05
1450,725.000000,1,9.783950e-05
1451,725.500000,0,9.929776e-05
1452,726.000000,1,9.968695e-05
1453,726.500000,1,9.956090e-05
1454,727.000000,1,9.963784e-05
1455,727.500000,1,9.786522e-05
1456,728.000000,1,9.730605e-05
1457,728.500000,1,9.860266e-05
1458,729.000000,1,9.769878e-05
1459,729.500000,0,9.912134e-05
1460,730.000000,1,9.947351e-05
1461,730.500000,1,9.934130e-05
1462,731.000000,1,9.940039e-05
1463,731.500000,1,9.759892e-05
1464,732.000000,1,9.704856e-05
1465,732.500000,1,9.831313e-05
1466,733.000000,1,9.740227e-05
1467,733.500000,0,9.881217e-05
1468,734.000000,1,9.916955e-05
1469,734.500000,1,9.907416e-05
1470,735.000000,1,9.915929e-05
1471,735.500000,1,9.738083e-05
1472,736.000000,1,9.688554e-05
1473,736.500000,1,9.815559e-05
1474,737.000000,1,9.726770e-05
1475,737.500000,0,9.869087e-05
1476,738.000000,1,9.907165e-05
1477,738.500000,1,9.902251e-05
1478,739.000000,1,9.913270e-05
1479,739.500000,1,9.736093e-05
1480,740.000000,1,9.690579e-05
1481,740.500000,1,9.815564e-05
1482,741.000000,1,9.726096e-05
1483,741.500000,0,9.867259e-05
1484,742.000000,1,9.904168e-05
1485,742.500000,1,9.900576e-05
1486,743.000000,1,9.911155e-05
1487,743.500000,1,9.732103e-05
1488,744.000000,1,9.687810e-05
1489,744.500000,1,9.809056e-05
1490,745.000000,1,9.993522e-05
1491,745.500000,1,9.990595e-05
1492,746.000000,1,9.929424e-05
1493,746.500000,1,9.801585e-05
1494,747.000000,0,9.907431e-05
1495,747.500000,1,9.988034e-05
1496,748.000000,1,9.984108e-05
1497,748.500000,1,9.727871e-05
1498,749.000000,0,9.724102e-05
1499,749.500000,0,9.948729e-05
1500,750.000000,1,9.928386e-05
1501,750.500000,1,9.715793e-05
1502,751.000000,0,9.721394e-05
1503,751.500000,0,9.901784e-05
1504,752.000000,1,9.945253e-05
1505,752.500000,1,9.883324e-05
1506,753.000000,1,9.790788e-05
1507,753.500000,1,9.846014e-05
1508,754.000000,1,9.715935e-05
1509,754.500000,0,9.813124e-05
1510,755.000000,1,9.786321e-05
1511,755.500000,1,9.719824e-05
1512,756.000000,0,9.855508e-05
1513,756.500000,1,9.852817e-05
1514,757.000000,1,9.873716e-05
1515,757.500000,1,9.926395e-05
1516,758.000000,1,9.834605e-05
1517,758.500000,1,9.970913e-05
1518,759.000000,1,9.959576e-05
1519,759.500000,1,9.972008e-05
1520,760.000000,1,9.839317e-05
1521,760.500000,1,9.816146e-05
1522,761.000000,1,9.903101e-05
1523,761.500000,1,9.784844e-05
1524,762.000000,0,9.900374e-05
1525,762.500000,1,9.902933e-05
1526,763.000000,1,9.884475e-05
1527,763.500000,1,9.866436e-05
1528,764.000000,1,9.935305e-05
1529,764.500000,1,9.798009e-05
1530,765.000000,0,9.900509e-05
1531,765.500000,1,9.894066e-05
1532,766.000000,1,9.887956e-05
1533,766.500000,1,9.856124e-05
1534,767.000000,1,9.903910e-05
1535,767.500000,1,9.754828e-05
1536,768.000000,0,9.847057e-05
1537,768.500000,1,9.835710e-05
1538,769.000000,1,9.824382e-05
1539,769.500000,0,9.997099e-05
1540,770.000000,1,9.858478e-05
1541,770.500000,1,9.829189e-05
1542,771.000000,0,9.991124e-05
1543,771.500000,1,9.918800e-05
1544,772.000000,1,9.789278e-05
1545,772.500000,0,9.880250e-05
1546,773.000000,1,9.866553e-05
1547,773.500000,1,9.857399e-05
1548,774.000000,1,9.872962e-05
1549,774.500000,1,9.744371e-05
1550,775.000000,0,9.881021e-05
1551,775.500000,1,9.782377e-05
1552,776.000000,0,9.905365e-05
1553,776.500000,1,9.901558e-05
1554,777.000000,1,9.785001e-05
1555,777.500000,0,9.890940e-05
1556,778.000000,1,9.960778e-05
1557,778.500000,1,9.965387e-05
1558,779.000000,1,9.987745e-05
1559,779.500000,1,9.828716e-05
1560,780.000000,0,9.947144e-05
1561,780.500000,1,9.831576e-05
1562,781.000000,0,9.937013e-05
1563,781.500000,1,9.914132e-05
1564,782.000000,1,9.773419e-05
1565,782.500000,0,9.857768e-05
1566,783.000000,1,9.903987e-05
1567,783.500000,1,9.892605e-05
1568,784.000000,1,9.899566e-05
1569,784.500000,1,9.731197e-05
1570,785.000000,0,9.840568e-05
1571,785.500000,1,9.986733e-05
1572,786.000000,1,9.774723e-05
1573,786.500000,1,9.582099e-05
1574,787.000000,1,9.890409e-05
1575,787.500000,1,9.889228e-05
1576,788.000000,1,9.796562e-05
1577,788.500000,0,9.918084e-05
1578,789.000000,1,9.985460e-05
1579,789.500000,1,9.847605e-05
1580,790.000000,0,9.950071e-05
1581,790.500000,1,9.948059e-05
1582,791.000000,1,9.946287e-05
1583,791.500000,1,9.880595e-05
1584,792.000000,1,9.879843e-05
1585,792.500000,1,9.946375e-05
1586,793.000000,1,9.963311e-05
1587,793.500000,1,9.849301e-05
1588,794.000000,0,9.974427e-05
1589,794.500000,1,9.803047e-05
1590,795.000000,0,9.865100e-05
1591,795.500000,1,9.785437e-05
1592,796.000000,0,9.920683e-05
1593,796.500000,1,9.775471e-05
1594,797.000000,0,9.852175e-05
1595,797.500000,1,9.770261e-05
1596,798.000000,0,9.903601e-05
1597,798.500000,1,9.777509e-05
1598,799.000000,0,9.869333e-05
1599,799.500000,1,9.792253e-05
1600,800.000000,0,9.930036e-05
1601,800.500000,1,9.818360e-05
1602,801.000000,0,9.921303e-05
1603,801.500000,1,9.843657e-05
1604,802.000000,0,9.981031e-05
1605,802.500000,1,9.870639e-05
1606,803.000000,0,9.974633e-05
1607,803.500000,1,9.888570e-05
1608,804.000000,1,9.738346e-05
1609,804.500000,0,9.809299e-05
1610,805.000000,1,9.840345e-05
1611,805.500000,1,9.823399e-05
1612,806.000000,0,9.984483e-05
1613,806.500000,1,9.856605e-05
1614,807.000000,1,9.684710e-05
1615,807.500000,0,9.739680e-05
1616,808.000000,1,9.897299e-05
1617,808.500000,1,9.875362e-05
1618,809.000000,1,9.744445e-05
1619,809.500000,0,9.829723e-05
1620,810.000000,1,9.861362e-05
1621,810.500000,1,9.821667e-05
1622,811.000000,0,9.965206e-05
1623,811.500000,1,9.810756e-05
1624,812.000000,1,9.955902e-05
1625,812.500000,1,9.972881e-05
1626,813.000000,1,9.838092e-05
1627,813.500000,0,9.938622e-05
1628,814.000000,1,9.913830e-05
1629,814.500000,1,9.891007e-05
1630,815.000000,1,9.839607e-05
1631,815.500000,1,9.846553e-05
1632,816.000000,1,9.911267e-05
1633,816.500000,1,9.915696e-05
1634,817.000000,1,9.791174e-05
1635,817.500000,0,9.904126e-05
1636,818.000000,1,9.719664e-05
1637,818.500000,0,9.767174e-05
1638,819.000000,1,9.952540e-05
1639,819.500000,1,9.909744e-05
1640,820.000000,1,9.939524e-05
1641,820.500000,1,9.758595e-05
1642,821.000000,1,9.733317e-05
1643,821.500000,1,9.768736e-05
1644,822.000000,1,9.872229e-05
1645,822.500000,1,9.856723e-05
1646,823.000000,1,9.749995e-05
1647,823.500000,0,9.876306e-05
1648,824.000000,1,9.726239e-05
1649,824.500000,0,9.796990e-05
1650,825.000000,1,9.995344e-05
1651,825.500000,1,9.959562e-05
1652,826.000000,1,9.999148e-05
1653,826.500000,1,9.831896e-05
1654,827.000000,1,9.814120e-05
1655,827.500000,1,9.852918e-05
1656,828.000000,1,9.958278e-05
1657,828.500000,1,9.942098e-05
1658,829.000000,1,9.830148e-05
1659,829.500000,0,9.951485e-05
1660,830.000000,1,9.788613e-05
1661,830.500000,0,9.848242e-05
1662,831.000000,1,9.759701e-05
1663,831.500000,0,9.880846e-05
1664,832.000000,1,9.983243e-05
1665,832.500000,1,9.994590e-05
1666,833.000000,1,9.999936e-05
1667,833.500000,1,9.829226e-05
1668,834.000000,0,9.928016e-05
1669,834.500000,1,9.763772e-05
1670,835.000000,0,9.824633e-05
1671,835.500000,1,9.762828e-05
1672,836.000000,0,9.901924e-05
1673,836.500000,1,9.732240e-05
1674,837.000000,0,9.786637e-05
1675,837.500000,1,9.962139e-05
1676,838.000000,1,9.932612e-05
1677,838.500000,1,9.978097e-05
1678,839.000000,1,9.793498e-05
1679,839.500000,1,9.774620e-05
1680,840.000000,1,9.801774e-05
1681,840.500000,1,9.896517e-05
1682,841.000000,1,9.873593e-05
1683,841.500000,1,9.753242e-05
1684,842.000000,0,9.866413e-05
1685,842.500000,1,9.968097e-05
1686,843.000000,1,9.983329e-05
1687,843.500000,1,9.978288e-05
1688,844.000000,1,9.779978e-05
1689,844.500000,0,9.859291e-05
1690,845.000000,1,9.943264e-05
1691,845.500000,1,9.986290e-05
1692,846.000000,1,9.991820e-05
1693,846.500000,1,9.778107e-05
1694,847.000000,0,9.850875e-05
1695,847.500000,1,9.930220e-05
1696,848.000000,1,9.981618e-05
1697,848.500000,1,9.991031e-05
1698,849.000000,1,9.773014e-05
1699,849.500000,0,9.843233e-05
1700,850.000000,1,9.922046e-05
1701,850.500000,1,9.974034e-05
1702,851.000000,1,9.983888e-05
1703,851.500000,1,9.762216e-05
1704,852.000000,0,9.830323e-05
1705,852.500000,1,9.908494e-05
1706,853.000000,1,9.958954e-05
1707,853.500000,1,9.968388e-05
1708,854.000000,1,9.745015e-05
1709,854.500000,0,9.811994e-05
1710,855.000000,1,9.890423e-05
1711,855.500000,1,9.941846e-05
1712,856.000000,1,9.952879e-05
1713,856.500000,1,9.732511e-05
1714,857.000000,0,9.801552e-05
1715,857.500000,1,9.881673e-05
1716,858.000000,1,9.936829e-05
1717,858.500000,1,9.950740e-05
1718,859.000000,1,9.734413e-05
1719,859.500000,0,9.805927e-05
1720,860.000000,1,9.886380e-05
1721,860.500000,1,9.942015e-05
1722,861.000000,1,9.955193e-05
1723,861.500000,1,9.738569e-05
1724,862.000000,0,9.809160e-05
1725,862.500000,1,9.886013e-05
1726,863.000000,1,9.937508e-05
1727,863.500000,1,9.946086e-05
1728,864.000000,1,9.725729e-05
1729,864.500000,0,9.792764e-05
1730,865.000000,1,9.864895e-05
1731,865.500000,1,9.912234e-05
1732,866.000000,1,9.917255e-05
1733,866.500000,1,9.977062e-05
1734,867.000000,1,9.907830e-05
1735,867.500000,1,9.998216e-05
1736,868.000000,1,9.773148e-05
1737,868.500000,1,9.759106e-05
1738,869.000000,1,9.776180e-05
1739,869.500000,0,9.992366e-05
1740,870.000000,1,9.978852e-05
1741,870.500000,1,9.888802e-05
1742,871.000000,1,9.885538e-05
1743,871.500000,1,9.961108e-05
1744,872.000000,1,9.786543e-05
1745,872.500000,0,9.845039e-05
1746,873.000000,1,9.991340e-05
1747,873.500000,1,9.937913e-05
1748,874.000000,1,9.992444e-05
1749,874.500000,1,9.857843e-05
1750,875.000000,1,9.615116e-05
1751,875.500000,0,9.588292e-05
1752,876.000000,0,9.756879e-05
1753,876.500000,1,9.793583e-05
1754,877.000000,1,9.595351e-05
1755,877.500000,1,9.969735e-05
1756,878.000000,1,9.733585e-05
1757,878.500000,1,9.753158e-05
1758,879.000000,1,9.771634e-05
1759,879.500000,0,9.994012e-05
1760,880.000000,1,9.997836e-05
1761,880.500000,1,9.934464e-05
1762,881.000000,1,9.945628e-05
1763,881.500000,1,9.736764e-05
1764,882.000000,1,9.687481e-05
1765,882.500000,1,9.674395e-05
1766,883.000000,0,9.865280e-05
1767,883.500000,1,9.829110e-05
1768,884.000000,1,9.731477e-05
1769,884.500000,0,9.835830e-05
1770,885.000000,1,9.989013e-05
1771,885.500000,1,9.937411e-05
1772,886.000000,1,9.772258e-05
1773,886.500000,0,9.825319e-05
1774,887.000000,1,9.991705e-05
1775,887.500000,1,9.922043e-05
1776,888.000000,1,9.999245e-05
1777,888.500000,1,9.823645e-05
1778,889.000000,1,9.739112e-05
1779,889.500000,1,9.696004e-05
1780,890.000000,0,9.856523e-05
1781,890.500000,1,9.792145e-05
1782,891.000000,1,9.672202e-05
1783,891.500000,0,9.755132e-05
1784,892.000000,1,9.889198e-05
1785,892.500000,1,9.828836e-05
1786,893.000000,0,9.980335e-05
1787,893.500000,1,9.802224e-05
1788,894.000000,0,9.839345e-05
1789,894.500000,1,9.996696e-05
1790,895.000000,1,9.904399e-05
1791,895.500000,1,9.910508e-05
1792,896.000000,1,9.946897e-05
1793,896.500000,1,9.774572e-05
1794,897.000000,0,9.831277e-05
1795,897.500000,1,9.968499e-05
1796,898.000000,1,9.908808e-05
1797,898.500000,1,9.958751e-05
1798,899.000000,1,9.824081e-05
1799,899.500000,1,9.979672e-05
1800,900.000000,1,9.785698e-05
1801,900.500000,1,9.980978e-05
1802,901.000000,1,9.901491e-05
1803,901.500000,1,9.912868e-05
1804,902.000000,1,9.979227e-05
1805,902.500000,1,9.823340e-05
1806,903.000000,0,9.900064e-05
1807,903.500000,1,9.908567e-05
1808,904.000000,1,9.879797e-05
1809,904.500000,1,9.832407e-05
1810,905.000000,1,9.901202e-05
1811,905.500000,1,9.782051e-05
1812,906.000000,1,9.849117e-05
1813,906.500000,1,9.880997e-05
1814,907.000000,1,9.969722e-05
1815,907.500000,1,9.975760e-05
1816,908.000000,1,9.839787e-05
1817,908.500000,0,9.936154e-05
1818,909.000000,1,9.983424e-05
1819,909.500000,1,9.964993e-05
1820,910.000000,1,9.914390e-05
1821,910.500000,1,9.965781e-05
1822,911.000000,1,9.833396e-05
1823,911.500000,1,9.888833e-05
1824,912.000000,1,9.901205e-05
1825,912.500000,1,9.973628e-05
1826,913.000000,1,9.968167e-05
1827,913.500000,1,9.821941e-05
1828,914.000000,0,9.907999e-05
1829,914.500000,1,9.945727e-05
1830,915.000000,1,9.924161e-05
1831,915.500000,1,9.874102e-05
1832,916.000000,1,9.920803e-05
1833,916.500000,1,9.794442e-05
1834,917.000000,1,9.848749e-05
1835,917.500000,1,9.867109e-05
1836,918.000000,1,9.946389e-05
1837,918.500000,1,9.943213e-05
1838,919.000000,1,9.803636e-05
1839,919.500000,0,9.894745e-05
1840,920.000000,1,9.937233e-05
1841,920.500000,1,9.919532e-05
1842,921.000000,1,9.873805e-05
1843,921.500000,1,9.925739e-05
1844,922.000000,1,9.800685e-05
1845,922.500000,1,9.858854e-05
1846,923.000000,1,9.876279e-05
1847,923.500000,1,9.953769e-05
1848,924.000000,1,9.952059e-05
1849,924.500000,1,9.809582e-05
1850,925.000000,0,9.898188e-05
1851,925.500000,1,9.934985e-05
1852,926.000000,1,9.914095e-05
1853,926.500000,1,9.862449e-05
1854,927.000000,1,9.909790e-05
1855,927.500000,1,9.774627e-05
1856,928.000000,1,9.828033e-05
1857,928.500000,1,9.836522e-05
1858,929.000000,1,9.905625e-05
1859,929.500000,1,9.899110e-05
1860,930.000000,1,9.751831e-05
1861,930.500000,0,9.836029e-05
1862,931.000000,1,9.868958e-05
1863,931.500000,1,9.845866e-05
1864,932.000000,0,9.995113e-05
1865,932.500000,1,9.748384e-05
1866,933.000000,1,9.853620e-05
1867,933.500000,1,9.788854e-05
1868,934.000000,0,9.945350e-05
1869,934.500000,1,9.932636e-05
1870,935.000000,1,9.848914e-05
1871,935.500000,0,9.955093e-05
1872,936.000000,1,9.850448e-05
1873,936.500000,1,9.780017e-05
1874,937.000000,0,9.888021e-05
1875,937.500000,1,9.929652e-05
1876,938.000000,1,9.982760e-05
1877,938.500000,1,9.918975e-05
1878,939.000000,1,9.764830e-05
1879,939.500000,0,9.807182e-05
1880,940.000000,1,9.830476e-05
1881,940.500000,1,9.877500e-05
1882,941.000000,1,9.808111e-05
1883,941.500000,1,9.643807e-05
1884,942.000000,0,9.677237e-05
1885,942.500000,0,9.893103e-05
1886,943.000000,1,9.938834e-05
1887,943.500000,1,9.732959e-05
1888,944.000000,1,9.787773e-05
1889,944.500000,1,9.779466e-05
1890,945.000000,1,9.757671e-05
1891,945.500000,0,9.921933e-05
1892,946.000000,1,9.857859e-05
1893,946.500000,1,9.792368e-05
1894,947.000000,0,9.907306e-05
1895,947.500000,1,9.969522e-05
1896,948.000000,1,9.845355e-05
1897,948.500000,0,9.951749e-05
1898,949.000000,1,9.996954e-05
1899,949.500000,1,9.972511e-05
1900,950.000000,1,9.903682e-05
1901,950.500000,1,9.908187e-05
1902,951.000000,1,9.749518e-05
1903,951.500000,1,9.779246e-05
1904,952.000000,1,9.757885e-05
1905,952.500000,0,9.937116e-05
1906,953.000000,1,9.895295e-05
1907,953.500000,1,9.810708e-05
1908,954.000000,0,9.914353e-05
1909,954.500000,1,9.995795e-05
1910,955.000000,1,9.878507e-05
1911,955.500000,0,9.985305e-05
1912,956.000000,1,9.746595e-05
1913,956.500000,0,9.730556e-05
1914,957.000000,0,9.901064e-05
1915,957.500000,1,9.959231e-05
1916,958.000000,1,9.959724e-05
1917,958.500000,1,9.933137e-05
1918,959.000000,1,9.734644e-05
1919,959.500000,0,9.792399e-05
1920,960.000000,1,9.977445e-05
1921,960.500000,1,9.945229e-05
1922,961.000000,1,9.781782e-05
1923,961.500000,0,9.824789e-05
1924,962.000000,1,9.943649e-05
1925,962.500000,1,9.831146e-05
1926,963.000000,0,9.922094e-05
1927,963.500000,1,9.909290e-05
1928,964.000000,1,9.835207e-05
1929,964.500000,0,9.937554e-05
1930,965.000000,1,9.910779e-05
1931,965.500000,1,9.908397e-05
1932,966.000000,1,9.806942e-05
1933,966.500000,1,9.632136e-05
1934,967.000000,0,9.654249e-05
1935,967.500000,0,9.856913e-05
1936,968.000000,1,9.870827e-05
1937,968.500000,1,9.651599e-05
1938,969.000000,1,9.981765e-05
1939,969.500000,1,9.970378e-05
1940,970.000000,1,9.770392e-05
1941,970.500000,0,9.812160e-05
1942,971.000000,1,9.913654e-05
1943,971.500000,1,9.819164e-05
1944,972.000000,0,9.931095e-05
1945,972.500000,1,9.870941e-05
1946,973.000000,1,9.833936e-05
1947,973.500000,0,9.975586e-05
1948,974.000000,1,9.784786e-05
1949,974.500000,0,9.948819e-05
1950,975.000000,1,9.835774e-05
1951,975.500000,1,9.868693e-05
1952,976.000000,1,9.844927e-05
1953,976.500000,1,9.827424e-05
1954,977.000000,1,9.951144e-05
1955,977.500000,1,9.828363e-05
1956,978.000000,0,9.925194e-05
1957,978.500000,1,9.836093e-05
1958,979.000000,1,9.776837e-05
1959,979.500000,0,9.892243e-05
1960,980.000000,1,9.824843e-05
1961,980.500000,1,9.875270e-05
1962,981.000000,1,9.824425e-05
1963,981.500000,1,9.836563e-05
1964,982.000000,1,9.785104e-05
1965,982.500000,0,9.941386e-05
1966,983.000000,1,9.856523e-05
1967,983.500000,1,9.733168e-05
1968,984.000000,0,9.803461e-05
1969,984.500000,1,9.852208e-05
1970,985.000000,1,9.982238e-05
1971,985.500000,1,9.920170e-05
1972,986.000000,1,9.945122e-05
1973,986.500000,1,9.902103e-05
1974,987.000000,1,9.914713e-05
1975,987.500000,1,9.848965e-05
1976,988.000000,0,9.994109e-05
1977,988.500000,1,9.762784e-05
1978,989.000000,0,9.771209e-05
1979,989.500000,0,9.975212e-05
1980,990.000000,1,9.787157e-05
1981,990.500000,0,9.816475e-05
1982,991.000000,1,9.739241e-05
1983,991.500000,0,9.855046e-05
1984,992.000000,1,9.845769e-05
1985,992.500000,1,9.795622e-05
1986,993.000000,0,9.916976e-05
1987,993.500000,1,9.906028e-05
1988,994.000000,1,9.912099e-05
1989,994.500000,1,9.818746e-05
1990,995.000000,1,9.645282e-05
1991,995.500000,0,9.667742e-05
1992,996.000000,0,9.868952e-05
1993,996.500000,1,9.858609e-05
1994,997.000000,1,9.625163e-05
1995,997.500000,1,9.940481e-05
1996,998.000000,1,9.907607e-05
1997,998.500000,1,9.938552e-05
1998,999.000000,1,9.931756e-05
1999,999.500000,1,9.754135e-05
2000,1000.000000,0,9.810450e-05
2001,1000.500000,1,9.957178e-05
2002,1001.000000,1,9.875332e-05
2003,1001.500000,0,9.995953e-05
2004,1002.000000,1,9.734003e-05
2005,1002.500000,0,9.695305e-05
2006,1003.000000,0,9.842945e-05
2007,1003.500000,1,9.853729e-05
2008,1004.000000,1,9.830475e-05
2009,1004.500000,0,9.974898e-05
2010,1005.000000,1,9.980545e-05
2011,1005.500000,1,9.993667e-05
2012,1006.000000,1,9.905996e-05
2013,1006.500000,1,9.728084e-05
2014,1007.000000,0,9.746703e-05
2015,1007.500000,0,9.943745e-05
2016,1008.000000,1,9.907775e-05
2017,1008.500000,1,9.652833e-05
2018,1009.000000,1,9.953690e-05
2019,1009.500000,1,9.896944e-05
2020,1010.000000,1,9.905670e-05
2021,1010.500000,1,9.881089e-05
2022,1011.000000,1,9.954663e-05
2023,1011.500000,1,9.805109e-05
2024,1012.000000,1,9.811911e-05
2025,1012.500000,1,9.751497e-05
2026,1013.000000,0,9.901174e-05
2027,1013.500000,1,9.798396e-05
2028,1014.000000,1,9.663414e-05
2029,1014.500000,0,9.723384e-05
2030,1015.000000,0,9.960842e-05
2031,1015.500000,1,9.813698e-05
2032,1016.000000,1,9.878595e-05
2033,1016.500000,1,9.626421e-05
2034,1017.000000,1,9.891580e-05
2035,1017.500000,1,9.919049e-05
2036,1018.000000,1,9.956809e-05
2037,1018.500000,1,9.839677e-05
2038,1019.000000,0,9.928820e-05
2039,1019.500000,1,9.849782e-05
2040,1020.000000,1,9.778882e-05
2041,1020.500000,0,9.883206e-05
2042,1021.000000,1,9.858214e-05
2043,1021.500000,1,9.847257e-05
2044,1022.000000,1,9.983489e-05
2045,1022.500000,1,9.819864e-05
2046,1023.000000,0,9.882450e-05
2047,1023.500000,1,9.998233e-05
2048,1024.000000,1,9.890312e-05
2049,1024.500000,0,9.993065e-05
2050,1025.000000,1,9.976506e-05
2051,1025.500000,1,9.887272e-05
2052,1026.000000,0,9.979184e-05
2053,1026.500000,1,9.884409e-05
2054,1027.000000,1,9.819612e-05
2055,1027.500000,1,9.913889e-05
2056,1028.000000,1,9.999816e-05
2057,1028.500000,1,9.794415e-05
2058,1029.000000,1,9.798134e-05
2059,1029.500000,1,9.731387e-05
2060,1030.000000,0,9.874603e-05
2061,1030.500000,1,9.763668e-05
2062,1031.000000,1,9.971245e-05
2063,1031.500000,1,9.888258e-05
2064,1032.000000,1,9.911984e-05
2065,1032.500000,1,9.890356e-05
2066,1033.000000,1,9.967628e-05
2067,1033.500000,1,9.809294e-05
2068,1034.000000,1,9.809117e-05
2069,1034.500000,1,9.729208e-05
2070,1035.000000,0,9.862492e-05
2071,1035.500000,1,9.994073e-05
2072,1036.000000,1,9.859825e-05
2073,1036.500000,0,9.957033e-05
2074,1037.000000,1,9.857815e-05
2075,1037.500000,1,9.819453e-05
2076,1038.000000,0,9.965541e-05
2077,1038.500000,1,9.994554e-05
2078,1039.000000,1,9.915074e-05
2079,1039.500000,1,9.728055e-05
2080,1040.000000,0,9.757109e-05
2081,1040.500000,0,9.977293e-05
2082,1041.000000,1,9.849393e-05
2083,1041.500000,1,9.899312e-05
2084,1042.000000,1,9.607377e-05
2085,1042.500000,1,9.841176e-05
2086,1043.000000,1,9.835808e-05
2087,1043.500000,1,9.837108e-05
2088,1044.000000,1,9.697258e-05
2089,1044.500000,0,9.766294e-05
2090,1045.000000,1,9.852858e-05
2091,1045.500000,1,9.739567e-05
2092,1046.000000,0,9.839667e-05
2093,1046.500000,1,9.828470e-05
2094,1047.000000,1,9.759002e-05
2095,1047.500000,0,9.866647e-05
2096,1048.000000,1,9.784940e-05
2097,1048.500000,0,9.958412e-05
2098,1049.000000,1,9.787424e-05
2099,1049.500000,1,9.771474e-05
2100,1050.000000,0,9.927846e-05
2101,1050.500000,1,9.811900e-05
2102,1051.000000,1,9.815082e-05
2103,1051.500000,1,9.744067e-05
2104,1052.000000,1,9.745465e-05
2105,1052.500000,1,9.989359e-05
2106,1053.000000,1,9.764124e-05
2107,1053.500000,0,9.897869e-05
2108,1054.000000,1,9.907079e-05
2109,1054.500000,1,9.947756e-05
2110,1055.000000,1,9.915322e-05
2111,1055.500000,1,9.901566e-05
2112,1056.000000,1,9.959982e-05
2113,1056.500000,1,9.784445e-05
2114,1057.000000,0,9.837602e-05
2115,1057.500000,1,9.909297e-05
2116,1058.000000,1,9.998136e-05
2117,1058.500000,1,9.936633e-05
2118,1059.000000,1,9.705585e-05
2119,1059.500000,0,9.680236e-05
2120,1060.000000,0,9.836246e-05
2121,1060.500000,1,9.928272e-05
2122,1061.000000,1,9.967371e-05
2123,1061.500000,1,9.924917e-05
2124,1062.000000,1,9.874152e-05
2125,1062.500000,1,9.855421e-05
2126,1063.000000,1,9.800951e-05
2127,1063.500000,0,9.943349e-05
2128,1064.000000,1,9.913958e-05
2129,1064.500000,1,9.872101e-05
2130,1065.000000,1,9.795725e-05
2131,1065.500000,1,9.866077e-05
2132,1066.000000,1,9.918856e-05
2133,1066.500000,1,9.753910e-05
2134,1067.000000,0,9.817932e-05
2135,1067.500000,1,9.902299e-05
2136,1068.000000,1,9.781069e-05
2137,1068.500000,0,9.870445e-05
2138,1069.000000,1,9.974208e-05
2139,1069.500000,1,9.846335e-05
2140,1070.000000,0,9.923063e-05
2141,1070.500000,1,9.787355e-05
2142,1071.000000,1,9.673370e-05
2143,1071.500000,0,9.746011e-05
2144,1072.000000,0,9.966832e-05
2145,1072.500000,1,9.837449e-05
2146,1073.000000,1,9.897327e-05
2147,1073.500000,1,9.916878e-05
2148,1074.000000,1,9.788199e-05
2149,1074.500000,0,9.887667e-05
2150,1075.000000,1,9.862401e-05
2151,1075.500000,1,9.822649e-05
2152,1076.000000,0,9.954168e-05
2153,1076.500000,1,9.900956e-05
2154,1077.000000,1,9.859632e-05
2155,1077.500000,1,9.972155e-05
2156,1078.000000,1,9.782494e-05
2157,1078.500000,0,9.822084e-05
2158,1079.000000,1,9.890623e-05
2159,1079.500000,1,9.748210e-05
2160,1080.000000,0,9.820534e-05
2161,1080.500000,1,9.933831e-05
2162,1081.000000,1,9.813842e-05
2163,1081.500000,0,9.896377e-05
2164,1082.000000,1,9.822633e-05
2165,1082.500000,1,9.692413e-05
2166,1083.000000,0,9.747205e-05
2167,1083.500000,0,9.960100e-05
2168,1084.000000,1,9.972830e-05
2169,1084.500000,1,9.943003e-05
2170,1085.000000,1,9.916512e-05
2171,1085.500000,1,9.900002e-05
2172,1086.000000,1,9.892053e-05
2173,1086.500000,1,9.810448e-05
2174,1087.000000,0,9.935710e-05
2175,1087.500000,1,9.897744e-05
2176,1088.000000,1,9.842940e-05
2177,1088.500000,0,9.961877e-05
2178,1089.000000,1,9.911269e-05
2179,1089.500000,1,9.871439e-05
2180,1090.000000,1,9.973681e-05
2181,1090.500000,1,9.773235e-05
2182,1091.000000,0,9.803617e-05
2183,1091.500000,1,9.857468e-05
2184,1092.000000,1,9.975870e-05
2185,1092.500000,1,9.850575e-05
2186,1093.000000,1,9.830485e-05
2187,1093.500000,1,9.689321e-05
2188,1094.000000,0,9.769157e-05
2189,1094.500000,1,9.831415e-05
2190,1095.000000,1,9.872786e-05
2191,1095.500000,1,9.778067e-05
2192,1096.000000,1,9.964262e-05
2193,1096.500000,1,9.803182e-05
2194,1097.000000,1,9.916054e-05
2195,1097.500000,1,9.758062e-05
2196,1098.000000,0,9.827194e-05
2197,1098.500000,1,9.896876e-05
2198,1099.000000,1,9.978431e-05
2199,1099.500000,1,9.907491e-05
2200,1100.000000,1,9.665327e-05
2201,1100.500000,0,9.631125e-05
2202,1101.000000,0,9.778412e-05
2203,1101.500000,1,9.830443e-05
2204,1102.000000,1,9.839223e-05
2205,1102.500000,1,9.779136e-05
2206,1103.000000,1,9.711274e-05
2207,1103.500000,0,9.835397e-05
2208,1104.000000,1,9.926070e-05
2209,1104.500000,1,9.783574e-05
2210,1105.000000,0,9.869529e-05
2211,1105.500000,1,9.959932e-05
2212,1106.000000,1,9.822499e-05
2213,1106.500000,0,9.894878e-05
2214,1107.000000,1,9.960630e-05
2215,1107.500000,1,9.794589e-05
2216,1108.000000,0,9.837095e-05
2217,1108.500000,1,9.871694e-05
2218,1109.000000,1,9.910322e-05
2219,1109.500000,1,9.759881e-05
2220,1110.000000,1,9.862126e-05
2221,1110.500000,1,9.622015e-05
2222,1111.000000,1,9.986359e-05
2223,1111.500000,1,9.829995e-05
2224,1112.000000,1,9.903980e-05
2225,1112.500000,1,9.856028e-05
2226,1113.000000,1,9.903403e-05
2227,1113.500000,1,9.799543e-05
2228,1114.000000,0,9.916333e-05
2229,1114.500000,1,9.757831e-05
2230,1115.000000,1,9.937901e-05
2231,1115.500000,1,9.783198e-05
2232,1116.000000,0,9.870322e-05
2233,1116.500000,1,9.988930e-05
2234,1117.000000,1,9.836337e-05
2235,1117.500000,0,9.914126e-05
2236,1118.000000,1,9.987112e-05
2237,1118.500000,1,9.833838e-05
2238,1119.000000,0,9.892643e-05
2239,1119.500000,1,9.937671e-05
2240,1120.000000,1,9.987925e-05
2241,1120.500000,1,9.845283e-05
2242,1121.000000,1,9.938265e-05
2243,1121.500000,1,9.680995e-05
2244,1122.000000,1,9.646226e-05
2245,1122.500000,0,9.815498e-05
2246,1123.000000,1,9.925847e-05
2247,1123.500000,1,9.998444e-05
2248,1124.000000,1,9.937258e-05
2249,1124.500000,1,9.751452e-05
2250,1125.000000,0,9.765599e-05
2251,1125.500000,0,9.956774e-05
2252,1126.000000,1,9.813161e-05
2253,1126.500000,0,9.966491e-05
2254,1127.000000,1,9.755917e-05
2255,1127.500000,1,9.972359e-05
2256,1128.000000,1,9.839803e-05
2257,1128.500000,0,9.909820e-05
2258,1129.000000,1,9.926079e-05
2259,1129.500000,1,9.735696e-05
2260,1130.000000,0,9.775050e-05
2261,1130.500000,1,9.840304e-05
2262,1131.000000,1,9.961120e-05
2263,1131.500000,1,9.807406e-05
2264,1132.000000,1,9.758027e-05
2265,1132.500000,1,9.915992e-05
2266,1133.000000,1,9.868650e-05
2267,1133.500000,1,9.779255e-05
2268,1134.000000,1,9.883865e-05
2269,1134.500000,1,9.807244e-05
2270,1135.000000,0,9.946400e-05
2271,1135.500000,1,9.814693e-05
2272,1136.000000,1,9.672666e-05
2273,1136.500000,0,9.722148e-05
2274,1137.000000,0,9.942130e-05
2275,1137.500000,1,9.821582e-05
2276,1138.000000,1,9.565092e-05
2277,1138.500000,1,9.917975e-05
2278,1139.000000,1,9.864618e-05
2279,1139.500000,1,9.914253e-05
2280,1140.000000,1,9.986536e-05
2281,1140.500000,1,9.976702e-05
2282,1141.000000,1,9.772874e-05
2283,1141.500000,0,9.807673e-05
2284,1142.000000,1,9.868884e-05
2285,1142.500000,1,9.982015e-05
2286,1143.000000,1,9.829414e-05
2287,1143.500000,1,9.787209e-05
2288,1144.000000,1,9.937377e-05
2289,1144.500000,1,9.889173e-05
2290,1145.000000,1,9.782133e-05
2291,1145.500000,1,9.879039e-05
2292,1146.000000,1,9.784956e-05
2293,1146.500000,0,9.910056e-05
2294,1147.000000,1,9.761375e-05
2295,1147.500000,1,9.959709e-05
2296,1148.000000,1,9.789947e-05
2297,1148.500000,0,9.865298e-05
2298,1149.000000,1,9.960361e-05
2299,1149.500000,1,9.789500e-05
2300,1150.000000,0,9.851049e-05
2301,1150.500000,1,9.895071e-05
2302,1151.000000,1,9.952480e-05
2303,1151.500000,1,9.840255e-05
2304,1152.000000,1,9.937025e-05
2305,1152.500000,1,9.685252e-05
2306,1153.000000,1,9.649461e-05
2307,1153.500000,0,9.817266e-05
2308,1154.000000,1,9.911904e-05
2309,1154.500000,1,9.969437e-05
2310,1155.000000,1,9.890898e-05
2311,1155.500000,1,9.694648e-05
2312,1156.000000,0,9.699614e-05
2313,1156.500000,0,9.881422e-05
2314,1157.000000,1,9.931163e-05
2315,1157.500000,1,9.922953e-05
2316,1158.000000,1,9.853385e-05
2317,1158.500000,1,9.761199e-05
2318,1159.000000,0,9.864927e-05
2319,1159.500000,1,9.904205e-05
2320,1160.000000,1,9.932892e-05
2321,1160.500000,1,9.820413e-05
2322,1161.000000,1,9.971526e-05
2323,1161.500000,1,9.777695e-05
2324,1162.000000,1,9.822706e-05
2325,1162.500000,1,9.869013e-05
2326,1163.000000,1,9.798724e-05
2327,1163.500000,0,9.941168e-05
2328,1164.000000,1,9.888577e-05
2329,1164.500000,1,9.821073e-05
2330,1165.000000,0,9.931406e-05
2331,1165.500000,1,9.828536e-05
2332,1166.000000,0,9.980896e-05
2333,1166.500000,1,9.983850e-05
2334,1167.000000,1,9.836088e-05
2335,1167.500000,0,9.906929e-05
2336,1168.000000,1,9.959295e-05
2337,1168.500000,1,9.769325e-05
2338,1169.000000,0,9.794719e-05
2339,1169.500000,1,9.785627e-05
2340,1170.000000,0,9.971728e-05
2341,1170.500000,1,9.811665e-05
2342,1171.000000,1,9.709888e-05
2343,1171.500000,0,9.801929e-05
2344,1172.000000,1,9.769530e-05
2345,1172.500000,1,9.835179e-05
2346,1173.000000,1,9.904853e-05
2347,1173.500000,1,9.912584e-05
2348,1174.000000,1,9.981750e-05
2349,1174.500000,1,9.787596e-05
2350,1175.000000,1,9.781862e-05
2351,1175.500000,1,9.971313e-05
2352,1176.000000,1,9.966814e-05
2353,1176.500000,1,9.861922e-05
2354,1177.000000,1,9.974851e-05
2355,1177.500000,1,9.877443e-05
2356,1178.000000,1,9.834659e-05
2357,1178.500000,1,9.754771e-05
2358,1179.000000,0,9.876047e-05
2359,1179.500000,1,9.963009e-05
2360,1180.000000,1,9.815558e-05
2361,1180.500000,0,9.892818e-05
2362,1181.000000,1,9.966452e-05
2363,1181.500000,1,9.806499e-05
2364,1182.000000,0,9.857623e-05
2365,1182.500000,1,9.891664e-05
2366,1183.000000,1,9.963397e-05
2367,1183.500000,1,9.751580e-05
2368,1184.000000,1,9.666634e-05
2369,1184.500000,1,9.767976e-05
2370,1185.000000,1,9.679812e-05
2371,1185.500000,1,9.813233e-05
2372,1186.000000,1,9.918784e-05
2373,1186.500000,1,9.895541e-05
2374,1187.000000,1,9.966181e-05
2375,1187.500000,1,9.785491e-05
2376,1188.000000,1,9.771941e-05
2377,1188.500000,1,9.948478e-05
2378,1189.000000,1,9.928994e-05
2379,1189.500000,1,9.810243e-05
2380,1190.000000,1,9.907159e-05
2381,1190.500000,1,9.795223e-05
2382,1191.000000,0,9.908379e-05
2383,1191.500000,1,9.982738e-05
2384,1192.000000,1,9.795707e-05
2385,1192.500000,0,9.846638e-05
2386,1193.000000,1,9.863103e-05
2387,1193.500000,1,9.895624e-05
2388,1194.000000,1,9.760867e-05
2389,1194.500000,1,9.836498e-05
2390,1195.000000,1,9.568601e-05
2391,1195.500000,1,9.853076e-05
2392,1196.000000,1,9.906796e-05
2393,1196.500000,1,9.813626e-05
2394,1197.000000,1,9.971915e-05
2395,1197.500000,1,9.901114e-05
2396,1198.000000,1,9.883920e-05
2397,1198.500000,1,9.834398e-05
2398,1199.000000,0,9.979922e-05
2399,1199.500000,1,9.872512e-05
2400,1200.000000,1,9.762660e-05
2401,1200.500000,0,9.837691e-05
2402,1201.000000,1,9.991656e-05
2403,1201.500000,1,9.963647e-05
2404,1202.000000,1,9.767072e-05
2405,1202.500000,0,9.815368e-05
2406,1203.000000,1,9.867295e-05
2407,1203.500000,1,9.971709e-05
2408,1204.000000,1,9.800827e-05
2409,1204.500000,1,9.741056e-05
2410,1205.000000,1,9.849047e-05
2411,1205.500000,1,9.770718e-05
2412,1206.000000,1,9.902264e-05
2413,1206.500000,1,9.745402e-05
2414,1207.000000,0,9.817203e-05
2415,1207.500000,1,9.848525e-05
2416,1208.000000,1,9.891053e-05
2417,1208.500000,1,9.776301e-05
2418,1209.000000,1,9.883701e-05
2419,1209.500000,1,9.648797e-05
2420,1210.000000,1,9.981444e-05
2421,1210.500000,1,9.784797e-05
2422,1211.000000,0,9.926132e-05
2423,1211.500000,1,9.876665e-05
2424,1212.000000,1,9.855472e-05
2425,1212.500000,1,9.753205e-05
2426,1213.000000,1,9.706652e-05
2427,1213.500000,1,9.999923e-05
2428,1214.000000,1,9.793714e-05
2429,1214.500000,0,9.930613e-05
2430,1215.000000,1,9.868123e-05
2431,1215.500000,1,9.844325e-05
2432,1216.000000,1,9.740362e-05
2433,1216.500000,1,9.678335e-05
2434,1217.000000,1,9.959117e-05
2435,1217.500000,1,9.745213e-05
2436,1218.000000,0,9.874585e-05
2437,1218.500000,1,9.997810e-05
2438,1219.000000,1,9.899191e-05
2439,1219.500000,1,9.914825e-05
2440,1220.000000,1,9.947371e-05
2441,1220.500000,1,9.906133e-05
2442,1221.000000,1,9.922543e-05
2443,1221.500000,1,9.896454e-05
2444,1222.000000,1,9.898064e-05
2445,1222.500000,1,9.805013e-05
2446,1223.000000,0,9.923377e-05
2447,1223.500000,1,9.813127e-05
2448,1224.000000,1,9.699316e-05
2449,1224.500000,0,9.770748e-05
2450,1225.000000,1,9.900308e-05
2451,1225.500000,1,9.839937e-05
2452,1226.000000,1,9.902963e-05
2453,1226.500000,1,9.731715e-05
2454,1227.000000,1,9.721007e-05
2455,1227.500000,1,9.888270e-05
2456,1228.000000,1,9.867571e-05
2457,1228.500000,1,9.734057e-05
2458,1229.000000,1,9.825204e-05
2459,1229.500000,1,9.699407e-05
2460,1230.000000,0,9.801717e-05
2461,1230.500000,1,9.855541e-05
2462,1231.000000,1,9.874573e-05
2463,1231.500000,1,9.994659e-05
2464,1232.000000,1,9.765015e-05
2465,1232.500000,0,9.773934e-05
2466,1233.000000,0,9.983370e-05
2467,1233.500000,1,9.901730e-05
2468,1234.000000,1,9.677777e-05
2469,1234.500000,1,9.918331e-05
2470,1235.000000,1,9.784862e-05
2471,1235.500000,1,9.753181e-05
2472,1236.000000,0,9.925298e-05
2473,1236.500000,1,9.747645e-05
2474,1237.000000,1,9.915599e-05
2475,1237.500000,1,9.738886e-05
2476,1238.000000,0,9.808080e-05
2477,1238.500000,1,9.854170e-05
2478,1239.000000,1,9.855091e-05
2479,1239.500000,1,9.965448e-05
2480,1240.000000,1,9.727684e-05
2481,1240.500000,0,9.728690e-05
2482,1241.000000,0,9.930816e-05
2483,1241.500000,1,9.837759e-05
2484,1242.000000,0,9.991653e-05
2485,1242.500000,1,9.872356e-05
2486,1243.000000,1,9.747350e-05
2487,1243.500000,1,9.697058e-05
2488,1244.000000,1,9.771568e-05
2489,1244.500000,1,9.683549e-05
2490,1245.000000,1,9.792431e-05
2491,1245.500000,1,9.876556e-05
2492,1246.000000,1,9.833792e-05
2493,1246.500000,1,9.874710e-05
2494,1247.000000,1,9.958170e-05
2495,1247.500000,1,9.981166e-05
2496,1248.000000,1,9.856404e-05
2497,1248.500000,0,9.958073e-05
2498,1249.000000,1,9.830468e-05
2499,1249.500000,1,9.700948e-05
2500,1250.000000,0,9.760564e-05
2501,1250.500000,0,9.980133e-05
2502,1251.000000,1,9.865065e-05
2503,1251.500000,1,9.743095e-05
2504,1252.000000,0,9.815261e-05
2505,1252.500000,1,9.741648e-05
2506,1253.000000,0,9.915448e-05
2507,1253.500000,1,9.943972e-05
2508,1254.000000,1,9.800294e-05
2509,1254.500000,0,9.871649e-05
2510,1255.000000,1,9.914380e-05
2511,1255.500000,1,9.985617e-05
2512,1256.000000,1,9.753291e-05
2513,1256.500000,1,9.648513e-05
2514,1257.000000,1,9.695810e-05
2515,1257.500000,1,9.566829e-05
2516,1258.000000,1,9.983953e-05
2517,1258.500000,1,9.837778e-05
2518,1259.000000,1,9.898908e-05
2519,1259.500000,1,9.809621e-05
2520,1260.000000,1,9.823104e-05
2521,1260.500000,1,9.975843e-05
2522,1261.000000,1,9.946756e-05
2523,1261.500000,1,9.790354e-05
2524,1262.000000,1,9.863039e-05
2525,1262.500000,1,9.706108e-05
2526,1263.000000,0,9.783272e-05
2527,1263.500000,1,9.798085e-05
2528,1264.000000,1,9.785203e-05
2529,1264.500000,1,9.874065e-05
2530,1265.000000,1,9.903349e-05
2531,1265.500000,1,9.852677e-05
2532,1266.000000,0,9.994632e-05
2533,1266.500000,1,9.755862e-05
2534,1267.000000,1,9.899480e-05
2535,1267.500000,1,9.655685e-05
2536,1268.000000,0,9.671266e-05
2537,1268.500000,0,9.893755e-05
2538,1269.000000,1,9.820003e-05
2539,1269.500000,0,9.989729e-05
2540,1270.000000,1,9.771016e-05
2541,1270.500000,1,9.926854e-05
2542,1271.000000,1,9.999743e-05
2543,1271.500000,1,9.927370e-05
2544,1272.000000,1,9.849856e-05
2545,1272.500000,1,9.726300e-05
2546,1273.000000,0,9.809676e-05
2547,1273.500000,1,9.813288e-05
2548,1274.000000,1,9.861992e-05
2549,1274.500000,1,9.972694e-05
2550,1275.000000,1,9.988601e-05
2551,1275.500000,1,9.802824e-05
2552,1276.000000,0,9.864919e-05
2553,1276.500000,1,9.889109e-05
2554,1277.000000,1,9.966649e-05
2555,1277.500000,1,9.783910e-05
2556,1278.000000,1,9.713366e-05
2557,1278.500000,1,9.782284e-05
2558,1279.000000,1,9.679413e-05
2559,1279.500000,1,9.752719e-05
2560,1280.000000,1,9.803994e-05
2561,1280.500000,1,9.735038e-05
2562,1281.000000,0,9.878845e-05
2563,1281.500000,1,9.969894e-05
2564,1282.000000,1,9.818941e-05
2565,1282.500000,0,9.893475e-05
2566,1283.000000,1,9.915204e-05
2567,1283.500000,1,9.979387e-05
2568,1284.000000,1,9.750725e-05
2569,1284.500000,1,9.644141e-05
2570,1285.000000,1,9.675783e-05
2571,1285.500000,1,9.537481e-05
2572,1286.000000,1,9.931606e-05
2573,1286.500000,1,9.770508e-05
2574,1287.000000,0,9.945078e-05
2575,1287.500000,1,9.888803e-05
2576,1288.000000,1,9.859435e-05
2577,1288.500000,1,9.742073e-05
2578,1289.000000,1,9.678385e-05
2579,1289.500000,1,9.920401e-05
2580,1290.000000,1,9.954523e-05
2581,1290.500000,1,9.822493e-05
2582,1291.000000,1,9.933805e-05
2583,1291.500000,1,9.797638e-05
2584,1292.000000,0,9.894913e-05
2585,1292.500000,1,9.912732e-05
2586,1293.000000,1,9.893077e-05
2587,1293.500000,1,9.971307e-05
2588,1294.000000,1,9.984558e-05
2589,1294.500000,1,9.905932e-05
2590,1295.000000,1,9.818192e-05
2591,1295.500000,1,9.675851e-05
2592,1296.000000,0,9.744922e-05
2593,1296.500000,0,9.999830e-05
2594,1297.000000,1,9.904389e-05
2595,1297.500000,1,9.665916e-05
2596,1298.000000,1,9.929337e-05
2597,1298.500000,1,9.802679e-05
2598,1299.000000,1,9.749384e-05
2599,1299.500000,0,9.906561e-05
2600,1300.000000,1,9.956449e-05
2601,1300.500000,1,9.963202e-05
2602,1301.000000,1,9.816980e-05
2603,1301.500000,1,9.927696e-05
2604,1302.000000,1,9.695159e-05
2605,1302.500000,1,9.999346e-05
2606,1303.000000,1,9.769364e-05
2607,1303.500000,0,9.880671e-05
2608,1304.000000,1,9.950819e-05
2609,1304.500000,1,9.807325e-05
2610,1305.000000,0,9.882356e-05
2611,1305.500000,1,9.898645e-05
2612,1306.000000,1,9.954397e-05
2613,1306.500000,1,9.987523e-05
2614,1307.000000,1,9.928411e-05
2615,1307.500000,1,9.966452e-05
2616,1308.000000,1,9.910789e-05
2617,1308.500000,1,9.877225e-05
2618,1309.000000,1,9.752798e-05
2619,1309.500000,0,9.843778e-05
2620,1310.000000,1,9.856045e-05
2621,1310.500000,1,9.911920e-05
2622,1311.000000,1,9.717880e-05
2623,1311.500000,1,9.652097e-05
2624,1312.000000,1,9.719244e-05
2625,1312.500000,1,9.616603e-05
2626,1313.000000,1,9.676783e-05
2627,1313.500000,0,9.925221e-05
2628,1314.000000,1,9.739722e-05
2629,1314.500000,1,9.909548e-05
2630,1315.000000,1,9.733179e-05
2631,1315.500000,0,9.806175e-05
2632,1316.000000,1,9.815812e-05
2633,1316.500000,1,9.777605e-05
2634,1317.000000,1,9.842916e-05
2635,1317.500000,1,9.844857e-05
2636,1318.000000,1,9.756131e-05
2637,1318.500000,0,9.867281e-05
2638,1319.000000,1,9.836097e-05
2639,1319.500000,1,9.793127e-05
2640,1320.000000,1,9.852936e-05
2641,1320.500000,1,9.848634e-05
2642,1321.000000,1,9.756957e-05
2643,1321.500000,0,9.864915e-05
2644,1322.000000,1,9.828565e-05
2645,1322.500000,1,9.781762e-05
2646,1323.000000,1,9.840675e-05
2647,1323.500000,1,9.835598e-05
2648,1324.000000,1,9.742509e-05
2649,1324.500000,0,9.849343e-05
2650,1325.000000,1,9.812579e-05
2651,1325.500000,1,9.766364e-05
2652,1326.000000,1,9.824471e-05
2653,1326.500000,1,9.818759e-05
2654,1327.000000,1,9.726330e-05
2655,1327.500000,0,9.833906e-05
2656,1328.000000,1,9.799101e-05
2657,1328.500000,0,9.998353e-05
2658,1329.000000,1,9.762363e-05
2659,1329.500000,1,9.956517e-05
2660,1330.000000,1,9.694020e-05
2661,1330.500000,0,9.684678e-05
2662,1331.000000,0,9.880749e-05
2663,1331.500000,1,9.903672e-05
2664,1332.000000,1,9.873542e-05
2665,1332.500000,1,9.744773e-05
2666,1333.000000,1,9.919332e-05
2667,1333.500000,1,9.828533e-05
2668,1334.000000,1,9.896005e-05
2669,1334.500000,1,9.937676e-05
2670,1335.000000,1,9.870447e-05
2671,1335.500000,1,9.858503e-05
2672,1336.000000,1,9.867854e-05
2673,1336.500000,1,9.822470e-05
2674,1337.000000,1,9.966558e-05
2675,1337.500000,1,9.920572e-05
2676,1338.000000,1,9.903344e-05
2677,1338.500000,1,9.816168e-05
2678,1339.000000,0,9.935329e-05
2679,1339.500000,1,9.944489e-05
2680,1340.000000,1,9.989719e-05
2681,1340.500000,1,9.776889e-05
2682,1341.000000,1,9.697233e-05
2683,1341.500000,1,9.738136e-05
2684,1342.000000,1,9.613876e-05
2685,1342.500000,1,9.993848e-05
2686,1343.000000,1,9.815829e-05
2687,1343.500000,0,9.975785e-05
2688,1344.000000,1,9.876905e-05
2689,1344.500000,1,9.808460e-05
2690,1345.000000,0,9.938889e-05
2691,1345.500000,1,9.985960e-05
2692,1346.000000,1,9.769871e-05
2693,1346.500000,0,9.850231e-05
2694,1347.000000,1,9.894248e-05
2695,1347.500000,1,9.985261e-05
2696,1348.000000,1,9.805793e-05
2697,1348.500000,1,9.730976e-05
2698,1349.000000,1,9.743011e-05
2699,1349.500000,1,9.594133e-05
2700,1350.000000,1,9.952752e-05
2701,1350.500000,1,9.755915e-05
2702,1351.000000,0,9.898105e-05
2703,1351.500000,1,9.979224e-05
2704,1352.000000,1,9.833940e-05
2705,1352.500000,0,9.909977e-05
2706,1353.000000,1,9.903193e-05
2707,1353.500000,1,9.934994e-05
2708,1354.000000,1,9.945219e-05
2709,1354.500000,1,9.862124e-05
2710,1355.000000,1,9.868397e-05
2711,1355.500000,1,9.771527e-05
2712,1356.000000,0,9.899241e-05
2713,1356.500000,1,9.900151e-05
2714,1357.000000,1,9.856498e-05
2715,1357.500000,1,9.912989e-05
2716,1358.000000,1,9.908621e-05
2717,1358.500000,1,9.814787e-05
2718,1359.000000,0,9.920939e-05
2719,1359.500000,1,9.866322e-05
2720,1360.000000,1,9.803662e-05
2721,1360.500000,1,9.841472e-05
2722,1361.000000,1,9.813828e-05
2723,1361.500000,1,9.697362e-05
2724,1362.000000,0,9.784843e-05
2725,1362.500000,1,9.975530e-05
2726,1363.000000,1,9.806584e-05
2727,1363.500000,1,9.992234e-05
2728,1364.000000,1,9.833864e-05
2729,1364.500000,1,9.814616e-05
2730,1365.000000,1,9.786194e-05
2731,1365.500000,1,9.988754e-05
2732,1366.000000,1,9.951354e-05
2733,1366.500000,1,9.935179e-05
2734,1367.000000,1,9.857064e-05
2735,1367.500000,0,9.982966e-05
2736,1368.000000,1,9.975360e-05
2737,1368.500000,1,9.729558e-05
2738,1369.000000,0,9.731490e-05
2739,1369.500000,0,9.938559e-05
2740,1370.000000,1,9.750395e-05
2741,1370.500000,0,9.799711e-05
2742,1371.000000,1,9.664775e-05
2743,1371.500000,1,9.682400e-05
2744,1372.000000,0,9.871587e-05
2745,1372.500000,1,9.730897e-05
2746,1373.000000,0,9.851881e-05
2747,1373.500000,1,9.785795e-05
2748,1374.000000,0,9.972973e-05
2749,1374.500000,1,9.818888e-05
2750,1375.000000,1,9.964254e-05
2751,1375.500000,1,9.726077e-05
2752,1376.000000,0,9.711994e-05
2753,1376.500000,0,9.887917e-05
2754,1377.000000,1,9.793119e-05
2755,1377.500000,1,9.679741e-05
2756,1378.000000,0,9.754601e-05
2757,1378.500000,0,9.990834e-05
2758,1379.000000,1,9.859128e-05
2759,1379.500000,1,9.769307e-05
2760,1380.000000,0,9.868495e-05
2761,1380.500000,1,9.731181e-05
2762,1381.000000,0,9.844058e-05
2763,1381.500000,1,9.773364e-05
2764,1382.000000,0,9.940481e-05
2765,1382.500000,1,9.772365e-05
2766,1383.000000,1,9.942293e-05
2767,1383.500000,1,9.655868e-05
2768,1384.000000,0,9.616922e-05
2769,1384.500000,0,9.781060e-05
2770,1385.000000,1,9.942507e-05
2771,1385.500000,1,9.998529e-05
2772,1386.000000,1,9.901831e-05
2773,1386.500000,1,9.614114e-05
2774,1387.000000,0,9.547103e-05
2775,1387.500000,0,9.665870e-05
2776,1388.000000,0,9.956425e-05
2777,1388.500000,1,9.848422e-05
2778,1389.000000,1,9.511922e-05
2779,1389.500000,1,9.751036e-05
2780,1390.000000,1,9.896645e-05
2781,1390.500000,1,9.828329e-05
2782,1391.000000,1,9.881021e-05
2783,1391.500000,1,9.912116e-05
2784,1392.000000,1,9.827993e-05
2785,1392.500000,0,9.956808e-05
2786,1393.000000,1,9.961429e-05
2787,1393.500000,1,9.999761e-05
2788,1394.000000,1,9.765786e-05
2789,1394.500000,1,9.666629e-05
2790,1395.000000,1,9.669791e-05
2791,1395.500000,1,9.514024e-05
2792,1396.000000,1,9.843289e-05
2793,1396.500000,1,9.924244e-05
2794,1397.000000,1,9.772761e-05
2795,1397.500000,1,9.883774e-05
2796,1398.000000,1,9.720389e-05
2797,1398.500000,0,9.797978e-05
2798,1399.000000,1,9.758857e-05
2799,1399.500000,0,9.943766e-05
2800,1400.000000,1,9.905572e-05
2801,1400.500000,1,9.919006e-05
2802,1401.000000,1,9.992289e-05
2803,1401.500000,1,9.970595e-05
2804,1402.000000,1,9.789175e-05
2805,1402.500000,0,9.828592e-05
2806,1403.000000,1,9.958092e-05
2807,1403.500000,1,9.750666e-05
2808,1404.000000,1,9.891015e-05
2809,1404.500000,1,9.687177e-05
2810,1405.000000,1,9.976389e-05
2811,1405.500000,1,9.733767e-05
2812,1406.000000,0,9.832281e-05
2813,1406.500000,1,9.851962e-05
2814,1407.000000,1,9.935210e-05
2815,1407.500000,1,9.744728e-05
2816,1408.000000,1,9.657343e-05
2817,1408.500000,1,9.635196e-05
2818,1409.000000,1,9.459425e-05
2819,1409.500000,1,9.771289e-05
2820,1410.000000,1,9.835365e-05
2821,1410.500000,1,9.971150e-05
2822,1411.000000,1,9.811853e-05
2823,1411.500000,0,9.893933e-05
2824,1412.000000,1,9.850542e-05
2825,1412.500000,1,9.812930e-05
2826,1413.000000,1,9.855601e-05
2827,1413.500000,1,9.800943e-05
2828,1414.000000,1,9.998719e-05
2829,1414.500000,1,9.923395e-05
2830,1415.000000,1,9.962203e-05
2831,1415.500000,1,9.968122e-05
2832,1416.000000,1,9.866604e-05
2833,1416.500000,0,9.978814e-05
2834,1417.000000,1,9.951078e-05
2835,1417.500000,1,9.959964e-05
2836,1418.000000,1,9.709985e-05
2837,1418.500000,1,9.595459e-05
2838,1419.000000,1,9.578224e-05
2839,1419.500000,1,9.406409e-05
2840,1420.000000,1,9.710649e-05
2841,1420.500000,1,9.774133e-05
2842,1421.000000,1,9.904211e-05
2843,1421.500000,1,9.991338e-05
2844,1422.000000,1,9.972345e-05
2845,1422.500000,1,9.985722e-05
2846,1423.000000,1,9.979171e-05
2847,1423.500000,1,9.899515e-05
2848,1424.000000,1,9.686151e-05
2849,1424.500000,0,9.709625e-05
2850,1425.000000,0,9.932758e-05
2851,1425.500000,1,9.987415e-05
2852,1426.000000,1,9.913607e-05
2853,1426.500000,1,9.744910e-05
2854,1427.000000,1,9.704901e-05
2855,1427.500000,1,9.880028e-05
2856,1428.000000,1,9.865600e-05
2857,1428.500000,1,9.933186e-05
2858,1429.000000,1,9.964587e-05
2859,1429.500000,1,9.886722e-05
2860,1430.000000,1,9.848596e-05
2861,1430.500000,1,9.809198e-05
2862,1431.000000,0,9.951771e-05
2863,1431.500000,1,9.842324e-05
2864,1432.000000,0,9.984974e-05
2865,1432.500000,1,9.906971e-05
2866,1433.000000,1,9.887073e-05
2867,1433.500000,1,9.939219e-05
2868,1434.000000,1,9.893999e-05
2869,1434.500000,1,9.687960e-05
2870,1435.000000,0,9.707319e-05
2871,1435.500000,0,9.919417e-05
2872,1436.000000,1,9.840308e-05
2873,1436.500000,1,9.730996e-05
2874,1437.000000,0,9.812310e-05
2875,1437.500000,1,9.840168e-05
2876,1438.000000,1,9.826154e-05
2877,1438.500000,1,9.794122e-05
2878,1439.000000,1,9.697972e-05
2879,1439.500000,0,9.806347e-05
2880,1440.000000,1,9.761192e-05
2881,1440.500000,0,9.949208e-05
2882,1441.000000,1,9.933140e-05
2883,1441.500000,1,9.723365e-05
2884,1442.000000,0,9.742995e-05
2885,1442.500000,0,9.957698e-05
2886,1443.000000,1,9.738030e-05
2887,1443.500000,0,9.754303e-05
2888,1444.000000,0,9.963412e-05
2889,1444.500000,1,9.984904e-05
2890,1445.000000,1,9.878606e-05
2891,1445.500000,1,9.891411e-05
2892,1446.000000,1,9.967925e-05
2893,1446.500000,1,9.880012e-05
2894,1447.000000,1,9.891750e-05
2895,1447.500000,1,9.871861e-05
2896,1448.000000,1,9.735274e-05
2897,1448.500000,0,9.819569e-05
2898,1449.000000,1,9.764765e-05
2899,1449.500000,0,9.940815e-05
2900,1450.000000,1,9.923689e-05
2901,1450.500000,1,9.978069e-05
2902,1451.000000,1,9.725706e-05
2903,1451.500000,1,9.599008e-05
2904,1452.000000,1,9.552463e-05
2905,1452.500000,1,9.356093e-05
2906,1453.000000,1,9.625798e-05
2907,1453.500000,1,9.659528e-05
2908,1454.000000,1,9.757366e-05
2909,1454.500000,1,9.820686e-05
2910,1455.000000,1,9.780476e-05
2911,1455.500000,0,9.945138e-05
2912,1456.000000,1,9.959225e-05
2913,1456.500000,1,9.999406e-05
2914,1457.000000,1,9.754617e-05
2915,1457.500000,1,9.653090e-05
2916,1458.000000,1,9.631695e-05
2917,1458.500000,1,9.457072e-05
2918,1459.000000,1,9.744337e-05
2919,1459.500000,1,9.791307e-05
2920,1460.000000,1,9.890145e-05
2921,1460.500000,1,9.947636e-05
2922,1461.000000,1,9.904408e-05
2923,1461.500000,1,9.887707e-05
2924,1462.000000,1,9.850681e-05
2925,1462.500000,0,9.997254e-05
2926,1463.000000,1,9.879234e-05
2927,1463.500000,1,9.747152e-05
2928,1464.000000,1,9.725192e-05
2929,1464.500000,0,9.882962e-05
2930,1465.000000,1,9.718971e-05
2931,1465.500000,0,9.828209e-05
2932,1466.000000,1,9.726866e-05
2933,1466.500000,0,9.872976e-05
2934,1467.000000,1,9.916164e-05
2935,1467.500000,1,9.974028e-05
2936,1468.000000,1,9.709761e-05
2937,1468.500000,1,9.568969e-05
2938,1469.000000,1,9.485586e-05
2939,1469.500000,1,9.258491e-05
2940,1470.000000,1,9.498370e-05
2941,1470.500000,1,9.503220e-05
2942,1471.000000,1,9.932754e-05
2943,1471.500000,1,9.820921e-05
2944,1472.000000,1,9.878569e-05
2945,1472.500000,1,9.741590e-05
2946,1473.000000,1,9.723020e-05
2947,1473.500000,1,9.778513e-05
2948,1474.000000,1,9.675000e-05
2949,1474.500000,1,9.665981e-05
2950,1475.000000,0,9.860096e-05
2951,1475.500000,1,9.852718e-05
2952,1476.000000,1,9.802779e-05
2953,1476.500000,1,9.841740e-05
2954,1477.000000,1,9.809284e-05
2955,1477.500000,1,9.665239e-05
2956,1478.000000,0,9.731804e-05
2957,1478.500000,0,9.982470e-05
2958,1479.000000,1,9.894377e-05
2959,1479.500000,1,9.767773e-05
2960,1480.000000,0,9.836956e-05
2961,1480.500000,1,9.867756e-05
2962,1481.000000,1,9.837412e-05
2963,1481.500000,1,9.778234e-05
2964,1482.000000,1,9.991746e-05
2965,1482.500000,1,9.890192e-05
2966,1483.000000,1,9.812267e-05
2967,1483.500000,1,9.687705e-05
2968,1484.000000,0,9.771265e-05
2969,1484.500000,1,9.957154e-05
2970,1485.000000,1,9.760800e-05
2971,1485.500000,1,9.765785e-05
2972,1486.000000,1,9.849277e-05
2973,1486.500000,1,9.765186e-05
2974,1487.000000,1,9.758754e-05
2975,1487.500000,0,9.957511e-05
2976,1488.000000,1,9.942196e-05
2977,1488.500000,1,9.877623e-05
2978,1489.000000,1,9.899637e-05
2979,1489.500000,1,9.848827e-05
2980,1490.000000,1,9.682177e-05
2981,1490.500000,0,9.729952e-05
2982,1491.000000,0,9.963568e-05
2983,1491.500000,1,9.847812e-05
2984,1492.000000,1,9.707126e-05
2985,1492.500000,0,9.763904e-05
2986,1493.000000,0,9.985791e-05
2987,1493.500000,1,9.976826e-05
2988,1494.000000,1,9.952748e-05
2989,1494.500000,1,9.799010e-05
2990,1495.000000,1,9.734736e-05
2991,1495.500000,1,9.721656e-05
2992,1496.000000,1,9.560186e-05
2993,1496.500000,1,9.852805e-05
2994,1497.000000,1,9.898408e-05
2995,1497.500000,1,9.983611e-05
2996,1498.000000,1,9.775178e-05
2997,1498.500000,0,9.817187e-05
2998,1499.000000,1,9.942882e-05
2999,1499.500000,1,9.825791e-05
3000,1500.000000,1,9.910911e-05
3001,1500.500000,1,9.659505e-05
3002,1501.000000,1,9.860941e-05
3003,1501.500000,1,9.843863e-05
3004,1502.000000,1,9.862035e-05
3005,1502.500000,1,9.852681e-05
3006,1503.000000,1,9.749304e-05
3007,1503.500000,0,9.857121e-05
3008,1504.000000,1,9.788326e-05
3009,1504.500000,0,9.954533e-05
3010,1505.000000,1,9.906416e-05
3011,1505.500000,1,9.929926e-05
3012,1506.000000,1,9.942920e-05
3013,1506.500000,1,9.842189e-05
3014,1507.000000,1,9.837750e-05
3015,1507.500000,1,9.666209e-05
3016,1508.000000,0,9.736222e-05
3017,1508.500000,1,9.894515e-05
3018,1509.000000,1,9.897849e-05
3019,1509.500000,1,9.914456e-05
3020,1510.000000,1,9.882631e-05
3021,1510.500000,1,9.782995e-05
3022,1511.000000,1,9.901108e-05
3023,1511.500000,1,9.752920e-05
3024,1512.000000,0,9.849290e-05
3025,1512.500000,1,9.781345e-05
3026,1513.000000,0,9.939901e-05
3027,1513.500000,1,9.845860e-05
3028,1514.000000,0,9.998164e-05
3029,1514.500000,1,9.996001e-05
3030,1515.000000,1,9.960394e-05
3031,1515.500000,1,9.947499e-05
3032,1516.000000,1,9.847642e-05
3033,1516.500000,1,9.962966e-05
3034,1517.000000,1,9.791463e-05
3035,1517.500000,1,9.704781e-05
3036,1518.000000,0,9.837455e-05
3037,1518.500000,1,9.765346e-05
3038,1519.000000,0,9.920594e-05
3039,1519.500000,1,9.838676e-05
3040,1520.000000,1,9.803052e-05
3041,1520.500000,1,9.833094e-05
3042,1521.000000,1,9.761285e-05
3043,1521.500000,1,9.911434e-05
3044,1522.000000,1,9.792361e-05
3045,1522.500000,1,9.760022e-05
3046,1523.000000,0,9.937535e-05
3047,1523.500000,1,9.895838e-05
3048,1524.000000,1,9.813972e-05
3049,1524.500000,1,9.817184e-05
3050,1525.000000,0,9.996962e-05
3051,1525.500000,1,9.827092e-05
3052,1526.000000,0,9.932785e-05
3053,1526.500000,1,9.804999e-05
3054,1527.000000,0,9.930682e-05
3055,1527.500000,1,9.933001e-05
3056,1528.000000,1,9.947847e-05
3057,1528.500000,1,9.935992e-05
3058,1529.000000,1,9.811260e-05
3059,1529.500000,1,9.759366e-05
3060,1530.000000,1,9.906510e-05
3061,1530.500000,1,9.862905e-05
3062,1531.000000,1,9.870071e-05
3063,1531.500000,1,9.840259e-05
3064,1532.000000,1,9.703784e-05
3065,1532.500000,0,9.785516e-05
3066,1533.000000,1,9.972671e-05
3067,1533.500000,1,9.781792e-05
3068,1534.000000,1,9.775866e-05
3069,1534.500000,1,9.833039e-05
3070,1535.000000,1,9.724841e-05
3071,1535.500000,1,9.683371e-05
3072,1536.000000,0,9.852201e-05
3073,1536.500000,1,9.798128e-05
3074,1537.000000,0,9.970559e-05
3075,1537.500000,1,9.889259e-05
3076,1538.000000,1,9.849658e-05
3077,1538.500000,1,9.865054e-05
3078,1539.000000,1,9.780603e-05
3079,1539.500000,1,9.910197e-05
3080,1540.000000,1,9.771518e-05
3081,1540.500000,1,9.709739e-05
3082,1541.000000,0,9.862579e-05
3083,1541.500000,1,9.794659e-05
3084,1542.000000,0,9.955044e-05
3085,1542.500000,1,9.867488e-05
3086,1543.000000,1,9.821581e-05
3087,1543.500000,1,9.833944e-05
3088,1544.000000,1,9.749215e-05
3089,1544.500000,1,9.880791e-05
3090,1545.000000,1,9.740347e-05
3091,1545.500000,1,9.679717e-05
3092,1546.000000,0,9.833280e-05
3093,1546.500000,1,9.767892e-05
3094,1547.000000,0,9.930194e-05
3095,1547.500000,1,9.844632e-05
3096,1548.000000,1,9.800121e-05
3097,1548.500000,1,9.815110e-05
3098,1549.000000,1,9.729588e-05
3099,1549.500000,1,9.857337e-05
3100,1550.000000,1,9.718973e-05
3101,1550.500000,1,9.659279e-05
3102,1551.000000,0,9.813392e-05
3103,1551.500000,1,9.747346e-05
3104,1552.000000,0,9.908776e-05
3105,1552.500000,1,9.822778e-05
3106,1553.000000,0,9.985866e-05
3107,1553.500000,1,9.977465e-05
3108,1554.000000,1,9.937394e-05
3109,1554.500000,1,9.919811e-05
3110,1555.000000,1,9.813606e-05
3111,1555.500000,1,9.916950e-05
3112,1556.000000,1,9.735951e-05
3113,1556.500000,1,9.632454e-05
3114,1557.000000,0,9.750190e-05
3115,1557.500000,1,9.918184e-05
3116,1558.000000,1,9.923098e-05
3117,1558.500000,1,9.935204e-05
3118,1559.000000,1,9.904570e-05
3119,1559.500000,1,9.799944e-05
3120,1560.000000,1,9.901064e-05
3121,1560.500000,1,9.730642e-05
3122,1561.000000,0,9.808673e-05
3123,1561.500000,1,9.964600e-05
3124,1562.000000,1,9.986222e-05
3125,1562.500000,1,9.992794e-05
3126,1563.000000,1,9.922924e-05
3127,1563.500000,1,9.786976e-05
3128,1564.000000,1,9.876484e-05
3129,1564.500000,1,9.681557e-05
3130,1565.000000,0,9.738870e-05
3131,1565.500000,0,9.998572e-05
3132,1566.000000,1,9.911494e-05
3133,1566.500000,1,9.747754e-05
3134,1567.000000,0,9.787548e-05
3135,1567.500000,0,9.996500e-05
3136,1568.000000,1,9.938725e-05
3137,1568.500000,1,9.878542e-05
3138,1569.000000,1,9.960567e-05
3139,1569.500000,1,9.898465e-05
3140,1570.000000,1,9.922646e-05
3141,1570.500000,1,9.759650e-05
3142,1571.000000,0,9.839742e-05
3143,1571.500000,1,9.985239e-05
3144,1572.000000,1,9.971219e-05
3145,1572.500000,1,9.958274e-05
3146,1573.000000,1,9.888497e-05
3147,1573.500000,1,9.749031e-05
3148,1574.000000,1,9.822051e-05
3149,1574.500000,1,9.986027e-05
3150,1575.000000,1,9.976273e-05
3151,1575.500000,1,9.991580e-05
3152,1576.000000,1,9.961646e-05
3153,1576.500000,1,9.819266e-05
3154,1577.000000,0,9.895971e-05
3155,1577.500000,1,9.765767e-05
3156,1578.000000,0,9.876777e-05
3157,1578.500000,1,9.768781e-05
3158,1579.000000,0,9.885967e-05
3159,1579.500000,1,9.840477e-05
3160,1580.000000,1,9.819296e-05
3161,1580.500000,1,9.775525e-05
3162,1581.000000,0,9.920151e-05
3163,1581.500000,1,9.943657e-05
3164,1582.000000,1,9.713593e-05
3165,1582.500000,0,9.768512e-05
3166,1583.000000,1,9.971966e-05
3167,1583.500000,1,9.842609e-05
3168,1584.000000,1,9.823746e-05
3169,1584.500000,1,9.839017e-05
3170,1585.000000,1,9.694227e-05
3171,1585.500000,1,9.971381e-05
3172,1586.000000,1,9.694880e-05
3173,1586.500000,0,9.763320e-05
3174,1587.000000,1,9.975803e-05
3175,1587.500000,1,9.880690e-05
3176,1588.000000,1,9.876441e-05
3177,1588.500000,1,9.885546e-05
3178,1589.000000,1,9.733204e-05
3179,1589.500000,1,9.642513e-05
3180,1590.000000,0,9.768297e-05
3181,1590.500000,1,9.922858e-05
3182,1591.000000,1,9.897332e-05
3183,1591.500000,1,9.891106e-05
3184,1592.000000,1,9.845938e-05
3185,1592.500000,0,9.986742e-05
3186,1593.000000,1,9.816589e-05
3187,1593.500000,0,9.907138e-05
3188,1594.000000,1,9.976614e-05
3189,1594.500000,1,9.861783e-05
3190,1595.000000,1,9.919181e-05
3191,1595.500000,1,9.638041e-05
3192,1596.000000,1,9.772057e-05
3193,1596.500000,1,9.697800e-05
3194,1597.000000,1,9.639843e-05
3195,1597.500000,0,9.798440e-05
3196,1598.000000,1,9.994122e-05
3197,1598.500000,1,9.781130e-05
3198,1599.000000,1,9.921807e-05
3199,1599.500000,1,9.709560e-05
3200,1600.000000,1,9.923244e-05
3201,1600.500000,1,9.914670e-05
3202,1601.000000,1,9.908583e-05
3203,1601.500000,1,9.864408e-05
3204,1602.000000,1,9.723169e-05
3205,1602.500000,0,9.797721e-05
3206,1603.000000,1,9.938922e-05
3207,1603.500000,1,9.996640e-05
3208,1604.000000,1,9.949985e-05
3209,1604.500000,1,9.742032e-05
3210,1605.000000,0,9.770771e-05
3211,1605.500000,0,9.998130e-05
3212,1606.000000,1,9.914335e-05
3213,1606.500000,1,9.751176e-05
3214,1607.000000,0,9.791367e-05
3215,1607.500000,0,9.996645e-05
3216,1608.000000,1,9.843698e-05
3217,1608.500000,0,9.996924e-05
3218,1609.000000,1,9.830475e-05
3219,1609.500000,0,9.946638e-05
3220,1610.000000,1,9.924660e-05
3221,1610.500000,1,9.863594e-05
3222,1611.000000,1,9.913340e-05
3223,1611.500000,1,9.829186e-05
3224,1612.000000,0,9.944024e-05
3225,1612.500000,1,9.988128e-05
3226,1613.000000,1,9.767954e-05
3227,1613.500000,0,9.805723e-05
3228,1614.000000,1,9.948870e-05
3229,1614.500000,1,9.758628e-05
3230,1615.000000,1,9.715544e-05
3231,1615.500000,1,9.727862e-05
3232,1616.000000,1,9.582349e-05
3233,1616.500000,1,9.844853e-05
3234,1617.000000,1,9.873676e-05
3235,1617.500000,1,9.904657e-05
3236,1618.000000,1,9.891892e-05
3237,1618.500000,1,9.771325e-05
3238,1619.000000,0,9.865020e-05
3239,1619.500000,1,9.736548e-05
3240,1620.000000,0,9.849274e-05
3241,1620.500000,1,9.733371e-05
3242,1621.000000,0,9.844944e-05
3243,1621.500000,1,9.783203e-05
3244,1622.000000,0,9.931144e-05
3245,1622.500000,1,9.850832e-05
3246,1623.000000,0,9.979184e-05
3247,1623.500000,1,9.910239e-05
3248,1624.000000,1,9.860360e-05
3249,1624.500000,1,9.775234e-05
3250,1625.000000,0,9.882551e-05
3251,1625.500000,1,9.862660e-05
3252,1626.000000,1,9.952120e-05
3253,1626.500000,1,9.876977e-05
3254,1627.000000,1,9.803186e-05
3255,1627.500000,1,9.964202e-05
3256,1628.000000,1,9.809130e-05
3257,1628.500000,0,9.900605e-05
3258,1629.000000,1,9.786492e-05
3259,1629.500000,0,9.906168e-05
3260,1630.000000,1,9.988526e-05
3261,1630.500000,1,9.865541e-05
3262,1631.000000,1,9.905675e-05
3263,1631.500000,1,9.608770e-05
3264,1632.000000,1,9.713138e-05
3265,1632.500000,1,9.615733e-05
3266,1633.000000,1,9.892073e-05
3267,1633.500000,1,9.947375e-05
3268,1634.000000,1,9.987988e-05
3269,1634.500000,1,9.976806e-05
3270,1635.000000,1,9.856302e-05
3271,1635.500000,0,9.949847e-05
3272,1636.000000,1,9.808432e-05
3273,1636.500000,0,9.910636e-05
3274,1637.000000,1,9.778196e-05
3275,1637.500000,0,9.876233e-05
3276,1638.000000,1,9.796538e-05
3277,1638.500000,0,9.928214e-05
3278,1639.000000,1,9.831837e-05
3279,1639.500000,0,9.945337e-05
3280,1640.000000,1,9.862423e-05
3281,1640.500000,0,9.987182e-05
3282,1641.000000,1,9.884079e-05
3283,1641.500000,0,9.991356e-05
3284,1642.000000,1,9.892808e-05
3285,1642.500000,1,9.819086e-05
3286,1643.000000,1,9.722729e-05
3287,1643.500000,0,9.817955e-05
3288,1644.000000,1,9.786049e-05
3289,1644.500000,1,9.857575e-05
3290,1645.000000,1,9.779229e-05
3291,1645.500000,0,9.931600e-05
3292,1646.000000,1,9.868828e-05
3293,1646.500000,1,9.737823e-05
3294,1647.000000,1,9.691015e-05
3295,1647.500000,0,9.827876e-05
3296,1648.000000,1,9.877337e-05
3297,1648.500000,1,9.812183e-05
3298,1649.000000,0,9.956574e-05
3299,1649.500000,1,9.856042e-05
3300,1650.000000,0,9.995055e-05
3301,1650.500000,1,9.870267e-05
3302,1651.000000,0,9.984940e-05
3303,1651.500000,1,9.895209e-05
3304,1652.000000,1,9.781209e-05
3305,1652.500000,1,9.986287e-05
3306,1653.000000,1,9.756736e-05
3307,1653.500000,0,9.757350e-05
3308,1654.000000,0,9.951148e-05
3309,1654.500000,1,9.934258e-05
3310,1655.000000,1,9.858744e-05
3311,1655.500000,1,9.862359e-05
3312,1656.000000,1,9.754584e-05
3313,1656.500000,1,9.893926e-05
3314,1657.000000,1,9.742291e-05
3315,1657.500000,1,9.635888e-05
3316,1658.000000,0,9.750934e-05
3317,1658.500000,1,9.878094e-05
3318,1659.000000,1,9.845211e-05
3319,1659.500000,1,9.811465e-05
3320,1660.000000,1,9.722449e-05
3321,1660.500000,0,9.826852e-05
3322,1661.000000,1,9.883008e-05
3323,1661.500000,1,9.770657e-05
3324,1662.000000,0,9.880228e-05
3325,1662.500000,1,9.781481e-05
3326,1663.000000,0,9.919216e-05
3327,1663.500000,1,9.799792e-05
3328,1664.000000,0,9.907727e-05
3329,1664.500000,1,9.829834e-05
3330,1665.000000,0,9.963246e-05
3331,1665.500000,1,9.851074e-05
3332,1666.000000,0,9.951638e-05
3333,1666.500000,1,9.847903e-05
3334,1667.000000,0,9.955250e-05
3335,1667.500000,1,9.827775e-05
3336,1668.000000,0,9.914144e-05
3337,1668.500000,1,9.792522e-05
3338,1669.000000,0,9.884914e-05
3339,1669.500000,1,9.754756e-05
3340,1670.000000,0,9.838836e-05
3341,1670.500000,1,9.990618e-05
3342,1671.000000,1,9.771867e-05
3343,1671.500000,1,9.680212e-05
3344,1672.000000,1,9.616465e-05
3345,1672.500000,1,9.400274e-05
3346,1673.000000,1,9.585254e-05
3347,1673.500000,1,9.545258e-05
3348,1674.000000,1,9.872284e-05
3349,1674.500000,1,9.977457e-05
3350,1675.000000,1,9.748602e-05
3351,1675.500000,1,9.790788e-05
3352,1676.000000,1,9.870838e-05
3353,1676.500000,1,9.778302e-05
3354,1677.000000,1,9.708693e-05
3355,1677.500000,0,9.854783e-05
3356,1678.000000,1,9.741465e-05
3357,1678.500000,0,9.861288e-05
3358,1679.000000,1,9.940266e-05
3359,1679.500000,1,9.815369e-05
3360,1680.000000,1,9.852853e-05
3361,1680.500000,1,9.552718e-05
3362,1681.000000,1,9.647566e-05
3363,1681.500000,1,9.540495e-05
3364,1682.000000,1,9.795947e-05
3365,1682.500000,1,9.832580e-05
3366,1683.000000,1,9.847061e-05
3367,1683.500000,1,9.811674e-05
3368,1684.000000,1,9.677704e-05
3369,1684.500000,0,9.756757e-05
3370,1685.000000,1,9.875789e-05
3371,1685.500000,1,9.905543e-05
3372,1686.000000,1,9.826535e-05
3373,1686.500000,1,9.949140e-05
3374,1687.000000,1,9.754046e-05
3375,1687.500000,0,9.812158e-05
3376,1688.000000,1,9.900857e-05
3377,1688.500000,1,9.864829e-05
3378,1689.000000,1,9.800113e-05
3379,1689.500000,1,9.646428e-05
3380,1690.000000,0,9.698455e-05
3381,1690.500000,0,9.928734e-05
3382,1691.000000,1,9.909755e-05
3383,1691.500000,1,9.814899e-05
3384,1692.000000,1,9.808444e-05
3385,1692.500000,0,9.981910e-05
3386,1693.000000,1,9.723787e-05
3387,1693.500000,0,9.749036e-05
3388,1694.000000,0,9.997159e-05
3389,1694.500000,1,9.818836e-05
3390,1695.000000,1,9.933718e-05
3391,1695.500000,1,9.850019e-05
3392,1696.000000,1,9.923899e-05
3393,1696.500000,1,9.827612e-05
3394,1697.000000,1,9.746214e-05
3395,1697.500000,0,9.879385e-05
3396,1698.000000,1,9.750094e-05
3397,1698.500000,0,9.854159e-05
3398,1699.000000,1,9.919648e-05
3399,1699.500000,1,9.791136e-05
3400,1700.000000,1,9.829307e-05
3401,1700.500000,1,9.522166e-05
3402,1701.000000,1,9.615582e-05
3403,1701.500000,1,9.506377e-05
3404,1702.000000,1,9.754753e-05
3405,1702.500000,1,9.789448e-05
3406,1703.000000,1,9.804868e-05
3407,1703.500000,1,9.773798e-05
3408,1704.000000,1,9.986277e-05
3409,1704.500000,1,9.845862e-05
3410,1705.000000,0,9.952178e-05
3411,1705.500000,1,9.830387e-05
3412,1706.000000,0,9.942647e-05
3413,1706.500000,1,9.998285e-05
3414,1707.000000,1,9.844270e-05
3415,1707.500000,1,9.851884e-05
3416,1708.000000,1,9.520142e-05
3417,1708.500000,1,9.575374e-05
3418,1709.000000,1,9.434000e-05
3419,1709.500000,1,9.648274e-05
3420,1710.000000,1,9.651579e-05
3421,1710.500000,1,9.635645e-05
3422,1711.000000,0,9.831260e-05
3423,1711.500000,1,9.766508e-05
3424,1712.000000,0,9.930900e-05
3425,1712.500000,1,9.807509e-05
3426,1713.000000,0,9.935927e-05
3427,1713.500000,1,9.842871e-05
3428,1714.000000,0,9.967304e-05
3429,1714.500000,1,9.813541e-05
3430,1715.000000,0,9.887415e-05
3431,1715.500000,1,9.978247e-05
3432,1716.000000,1,9.948563e-05
3433,1716.500000,1,9.884115e-05
3434,1717.000000,1,9.606484e-05
3435,1717.500000,0,9.555915e-05
3436,1718.000000,0,9.696135e-05
3437,1718.500000,1,9.827029e-05
3438,1719.000000,1,9.815348e-05
3439,1719.500000,0,9.995909e-05
3440,1720.000000,1,9.917865e-05
3441,1720.500000,1,9.840423e-05
3442,1721.000000,1,9.801384e-05
3443,1721.500000,0,9.944428e-05
3444,1722.000000,1,9.948505e-05
3445,1722.500000,1,9.721534e-05
3446,1723.000000,0,9.764254e-05
3447,1723.500000,1,9.891945e-05
3448,1724.000000,1,9.994677e-05
3449,1724.500000,1,9.953707e-05
3450,1725.000000,1,9.659596e-05
3451,1725.500000,0,9.628155e-05
3452,1726.000000,0,9.808004e-05
3453,1726.500000,1,9.805188e-05
3454,1727.000000,1,9.810479e-05
3455,1727.500000,1,9.799945e-05
3456,1728.000000,0,9.969201e-05
3457,1728.500000,1,9.972993e-05
3458,1729.000000,1,9.722857e-05
3459,1729.500000,0,9.758448e-05
3460,1730.000000,1,9.877147e-05
3461,1730.500000,1,9.985684e-05
3462,1731.000000,1,9.945434e-05
3463,1731.500000,1,9.978277e-05
3464,1732.000000,1,9.774817e-05
3465,1732.500000,0,9.821112e-05
3466,1733.000000,1,9.882890e-05
3467,1733.500000,1,9.799347e-05
3468,1734.000000,0,9.918203e-05
3469,1734.500000,1,9.770899e-05
3470,1735.000000,0,9.867562e-05
3471,1735.500000,1,9.968028e-05
3472,1736.000000,1,9.756462e-05
3473,1736.500000,1,9.661510e-05
3474,1737.000000,1,9.568046e-05
3475,1737.500000,1,9.327599e-05
3476,1738.000000,1,9.471848e-05
3477,1738.500000,1,9.394601e-05
3478,1739.000000,1,9.669861e-05
3479,1739.500000,1,9.728251e-05
3480,1740.000000,1,9.751860e-05
3481,1740.500000,0,9.981986e-05
3482,1741.000000,1,9.928263e-05
3483,1741.500000,1,9.809354e-05
3484,1742.000000,1,9.749748e-05
3485,1742.500000,0,9.879515e-05
3486,1743.000000,1,9.891653e-05
3487,1743.500000,1,9.767682e-05
3488,1744.000000,0,9.862194e-05
3489,1744.500000,1,9.939400e-05
3490,1745.000000,1,9.920551e-05
3491,1745.500000,1,9.852734e-05
3492,1746.000000,1,9.679344e-05
3493,1746.500000,0,9.714849e-05
3494,1747.000000,0,9.930133e-05
3495,1747.500000,1,9.866220e-05
3496,1748.000000,1,9.746108e-05
3497,1748.500000,1,9.709616e-05
3498,1749.000000,0,9.855996e-05
3499,1749.500000,1,9.863014e-05
3500,1750.000000,1,9.745642e-05
3501,1750.500000,0,9.846458e-05
3502,1751.000000,1,9.932142e-05
3503,1751.500000,1,9.927771e-05
3504,1752.000000,1,9.870608e-05
3505,1752.500000,1,9.705773e-05
3506,1753.000000,0,9.748589e-05
3507,1753.500000,0,9.970431e-05
3508,1754.000000,1,9.915223e-05
3509,1754.500000,1,9.804294e-05
3510,1755.000000,1,9.772711e-05
3511,1755.500000,0,9.922118e-05
3512,1756.000000,1,9.928162e-05
3513,1756.500000,1,9.807194e-05
3514,1757.000000,0,9.905273e-05
3515,1757.500000,1,9.985779e-05
3516,1758.000000,1,9.974754e-05
3517,1758.500000,1,9.908626e-05
3518,1759.000000,1,9.734921e-05
3519,1759.500000,0,9.770010e-05
3520,1760.000000,0,9.984480e-05
3521,1760.500000,1,9.915424e-05
3522,1761.000000,1,9.797064e-05
3523,1761.500000,1,9.759135e-05
3524,1762.000000,0,9.902518e-05
3525,1762.500000,1,9.900979e-05
3526,1763.000000,1,9.773922e-05
3527,1763.500000,0,9.866553e-05
3528,1764.000000,1,9.938785e-05
3529,1764.500000,1,9.921353e-05
3530,1765.000000,1,9.849608e-05
3531,1765.500000,1,9.669397e-05
3532,1766.000000,0,9.698859e-05
3533,1766.500000,0,9.908533e-05
3534,1767.000000,1,9.830890e-05
3535,1767.500000,1,9.704770e-05
3536,1768.000000,1,9.658185e-05
3537,1768.500000,0,9.795152e-05
3538,1769.000000,1,9.788928e-05
3539,1769.500000,1,9.655402e-05
3540,1770.000000,0,9.742974e-05
3541,1770.500000,1,9.809906e-05
3542,1771.000000,1,9.789618e-05
3543,1771.500000,0,9.953047e-05
3544,1772.000000,1,9.794325e-05
3545,1772.500000,0,9.889461e-05
3546,1773.000000,1,9.965185e-05
3547,1773.500000,1,9.749698e-05
3548,1774.000000,1,9.645088e-05
3549,1774.500000,1,9.531555e-05
3550,1775.000000,1,9.273032e-05
3551,1775.500000,1,9.392635e-05
3552,1776.000000,1,9.293087e-05
3553,1776.500000,1,9.539084e-05
3554,1777.000000,1,9.572721e-05
3555,1777.500000,1,9.942599e-05
3556,1778.000000,1,9.740402e-05
3557,1778.500000,0,9.872328e-05
3558,1779.000000,1,9.795545e-05
3559,1779.500000,0,9.955112e-05
3560,1780.000000,1,9.856428e-05
3561,1780.500000,0,9.974853e-05
3562,1781.000000,1,9.837547e-05
3563,1781.500000,0,9.916336e-05
3564,1782.000000,1,9.745685e-05
3565,1782.500000,0,9.792086e-05
3566,1783.000000,1,9.871932e-05
3567,1783.500000,1,9.866468e-05
3568,1784.000000,1,9.727724e-05
3569,1784.500000,1,9.670814e-05
3570,1785.000000,1,9.743140e-05
3571,1785.500000,1,9.632810e-05
3572,1786.000000,1,9.878668e-05
3573,1786.500000,1,9.887065e-05
3574,1787.000000,1,9.858045e-05
3575,1787.500000,1,9.774187e-05
3576,1788.000000,1,9.931236e-05
3577,1788.500000,1,9.732965e-05
3578,1789.000000,0,9.786453e-05
3579,1789.500000,1,9.845233e-05
3580,1790.000000,1,9.787952e-05
3581,1790.500000,0,9.922737e-05
3582,1791.000000,1,9.758725e-05
3583,1791.500000,0,9.840520e-05
3584,1792.000000,1,9.912144e-05
3585,1792.500000,1,9.988777e-05
3586,1793.000000,1,9.903561e-05
3587,1793.500000,1,9.903937e-05
3588,1794.000000,1,9.655083e-05
3589,1794.500000,0,9.661408e-05
3590,1795.000000,0,9.869165e-05
3591,1795.500000,1,9.858362e-05
3592,1796.000000,1,9.742230e-05
3593,1796.500000,1,9.697579e-05
3594,1797.000000,0,9.835560e-05
3595,1797.500000,1,9.819341e-05
3596,1798.000000,1,9.675069e-05
3597,1798.500000,0,9.753013e-05
3598,1799.000000,1,9.804876e-05
3599,1799.500000,1,9.776467e-05
3600,1800.000000,0,9.931235e-05
3601,1800.500000,1,9.756314e-05
3602,1801.000000,0,9.835962e-05
3603,1801.500000,1,9.892663e-05
3604,1802.000000,1,9.968371e-05
3605,1802.500000,1,9.879515e-05
3606,1803.000000,1,9.874312e-05
3607,1803.500000,1,9.981173e-05
3608,1804.000000,1,9.898079e-05
3609,1804.500000,1,9.782186e-05
3610,1805.000000,0,9.889241e-05
3611,1805.500000,1,9.962282e-05
3612,1806.000000,1,9.871694e-05
3613,1806.500000,0,9.987352e-05
3614,1807.000000,1,9.817215e-05
3615,1807.500000,0,9.891026e-05
3616,1808.000000,1,9.958612e-05
3617,1808.500000,1,9.708903e-05
3618,1809.000000,1,9.576356e-05
3619,1809.500000,1,9.437830e-05
3620,1810.000000,1,9.156919e-05
3621,1810.500000,1,9.247603e-05
3622,1811.000000,1,9.123686e-05
3623,1811.500000,1,9.340824e-05
3624,1812.000000,1,9.351766e-05
3625,1812.500000,1,9.694097e-05
3626,1813.000000,1,9.812601e-05
3627,1813.500000,1,9.867932e-05
3628,1814.000000,1,9.847228e-05
3629,1814.500000,1,9.709646e-05
3630,1815.000000,0,9.786587e-05
3631,1815.500000,1,9.866153e-05
3632,1816.000000,1,9.850942e-05
3633,1816.500000,1,9.721897e-05
3634,1817.000000,1,9.785513e-05
3635,1817.500000,1,9.890629e-05
3636,1818.000000,1,9.819176e-05
3637,1818.500000,1,9.715694e-05
3638,1819.000000,0,9.832946e-05
3639,1819.500000,1,9.917168e-05
3640,1820.000000,1,9.833020e-05
3641,1820.500000,0,9.954328e-05
3642,1821.000000,1,9.789917e-05
3643,1821.500000,0,9.868550e-05
3644,1822.000000,1,9.939470e-05
3645,1822.500000,1,9.992943e-05
3646,1823.000000,1,9.885832e-05
3647,1823.500000,1,9.873903e-05
3648,1824.000000,1,9.965219e-05
3649,1824.500000,1,9.865570e-05
3650,1825.000000,1,9.736493e-05
3651,1825.500000,0,9.830909e-05
3652,1826.000000,1,9.889446e-05
3653,1826.500000,1,9.789350e-05
3654,1827.000000,0,9.895967e-05
3655,1827.500000,1,9.719687e-05
3656,1828.000000,0,9.785745e-05
3657,1828.500000,1,9.845882e-05
3658,1829.000000,1,9.894202e-05
3659,1829.500000,1,9.786239e-05
3660,1830.000000,1,9.765859e-05
3661,1830.500000,1,9.858364e-05
3662,1831.000000,1,9.765526e-05
3663,1831.500000,1,9.645324e-05
3664,1832.000000,0,9.746221e-05
3665,1832.500000,1,9.814767e-05
3666,1833.000000,1,9.721671e-05
3667,1833.500000,0,9.834753e-05
3668,1834.000000,1,9.959687e-05
3669,1834.500000,1,9.969344e-05
3670,1835.000000,1,9.858228e-05
3671,1835.500000,1,9.935508e-05
3672,1836.000000,1,9.679917e-05
3673,1836.500000,0,9.683166e-05
3674,1837.000000,0,9.889096e-05
3675,1837.500000,1,9.864453e-05
3676,1838.000000,1,9.743560e-05
3677,1838.500000,1,9.686483e-05
3678,1839.000000,0,9.814580e-05
3679,1839.500000,1,9.766718e-05
3680,1840.000000,1,9.974674e-05
3681,1840.500000,1,9.940767e-05
3682,1841.000000,1,9.874104e-05
3683,1841.500000,1,9.744217e-05
3684,1842.000000,1,9.864174e-05
3685,1842.500000,1,9.979738e-05
3686,1843.000000,1,9.913877e-05
3687,1843.500000,1,9.809938e-05
3688,1844.000000,0,9.927223e-05
3689,1844.500000,1,9.737973e-05
3690,1845.000000,0,9.789669e-05
3691,1845.500000,1,9.763302e-05
3692,1846.000000,1,9.799768e-05
3693,1846.500000,1,9.708182e-05
3694,1847.000000,1,9.796666e-05
3695,1847.500000,1,9.607863e-05
3696,1848.000000,1,9.785357e-05
3697,1848.500000,1,9.737702e-05
3698,1849.000000,1,9.633312e-05
3699,1849.500000,0,9.751201e-05
3700,1850.000000,1,9.835222e-05
3701,1850.500000,1,9.766124e-05
3702,1851.000000,0,9.896126e-05
3703,1851.500000,1,9.726373e-05
3704,1852.000000,0,9.800171e-05
3705,1852.500000,1,9.859415e-05
3706,1853.000000,1,9.906229e-05
3707,1853.500000,1,9.792633e-05
3708,1854.000000,1,9.770023e-05
3709,1854.500000,1,9.849025e-05
3710,1855.000000,1,9.742220e-05
3711,1855.500000,1,9.974707e-05
3712,1856.000000,1,9.965249e-05
3713,1856.500000,1,9.895686e-05
3714,1857.000000,1,9.769650e-05
3715,1857.500000,1,9.888555e-05
3716,1858.000000,1,9.630908e-05
3717,1858.500000,0,9.632545e-05
3718,1859.000000,0,9.837178e-05
3719,1859.500000,1,9.804713e-05
3720,1860.000000,0,9.993230e-05
3721,1860.500000,1,9.815547e-05
3722,1861.000000,0,9.890095e-05
3723,1861.500000,1,9.748487e-05
3724,1862.000000,0,9.827526e-05
3725,1862.500000,1,9.810989e-05
3726,1863.000000,1,9.790748e-05
3727,1863.500000,0,9.980013e-05
3728,1864.000000,1,9.955109e-05
3729,1864.500000,1,9.744646e-05
3730,1865.000000,0,9.774022e-05
3731,1865.500000,0,9.999996e-05
3732,1866.000000,1,9.967892e-05
3733,1866.500000,1,9.867289e-05
3734,1867.000000,1,9.807438e-05
3735,1867.500000,0,9.933734e-05
3736,1868.000000,1,9.856557e-05
3737,1868.500000,1,9.646437e-05
3738,1869.000000,0,9.670252e-05
3739,1869.500000,0,9.888053e-05
3740,1870.000000,1,9.846598e-05
3741,1870.500000,1,9.746970e-05
3742,1871.000000,1,9.691354e-05
3743,1871.500000,0,9.820787e-05
3744,1872.000000,1,9.751898e-05
3745,1872.500000,1,9.933613e-05
3746,1873.000000,1,9.884385e-05
3747,1873.500000,1,9.800764e-05
3748,1874.000000,0,9.930868e-05
3749,1874.500000,1,9.744647e-05
3750,1875.000000,0,9.800051e-05
3751,1875.500000,1,9.784651e-05
3752,1876.000000,1,9.819607e-05
3753,1876.500000,1,9.720076e-05
3754,1877.000000,1,9.801976e-05
3755,1877.500000,1,9.603715e-05
3756,1878.000000,1,9.768617e-05
3757,1878.500000,1,9.706330e-05
3758,1879.000000,1,9.958902e-05
3759,1879.500000,1,9.981850e-05
3760,1880.000000,1,9.927566e-05
3761,1880.500000,1,9.807927e-05
3762,1881.000000,1,9.938780e-05
3763,1881.500000,1,9.674319e-05
3764,1882.000000,0,9.671386e-05
3765,1882.500000,0,9.872179e-05
3766,1883.000000,1,9.821211e-05
3767,1883.500000,0,9.993850e-05
3768,1884.000000,1,9.798571e-05
3769,1884.500000,0,9.857432e-05
3770,1885.000000,1,9.939052e-05
3771,1885.500000,1,9.925958e-05
3772,1886.000000,1,9.825504e-05
3773,1886.500000,1,9.882660e-05
3774,1887.000000,1,9.633432e-05
3775,1887.500000,1,9.746463e-05
3776,1888.000000,1,9.640397e-05
3777,1888.500000,1,9.848430e-05
3778,1889.000000,1,9.833022e-05
3779,1889.500000,1,9.750154e-05
3780,1890.000000,0,9.885567e-05
3781,1890.500000,1,9.973011e-05
3782,1891.000000,1,9.901421e-05
3783,1891.500000,1,9.793179e-05
3784,1892.000000,1,9.997161e-05
3785,1892.500000,1,9.829875e-05
3786,1893.000000,1,9.644800e-05
3787,1893.500000,0,9.690247e-05
3788,1894.000000,0,9.923968e-05
3789,1894.500000,1,9.878447e-05
3790,1895.000000,1,9.740885e-05
3791,1895.500000,1,9.668064e-05
3792,1896.000000,0,9.780590e-05
3793,1896.500000,1,9.714583e-05
3794,1897.000000,1,9.894987e-05
3795,1897.500000,1,9.837943e-05
3796,1898.000000,1,9.744098e-05
3797,1898.500000,0,9.864200e-05
3798,1899.000000,1,9.923255e-05
3799,1899.500000,1,9.836084e-05
3800,1900.000000,0,9.948399e-05
3801,1900.500000,1,9.746875e-05
3802,1901.000000,0,9.790297e-05
3803,1901.500000,1,9.812252e-05
3804,1902.000000,1,9.827604e-05
3805,1902.500000,1,9.687441e-05
3806,1903.000000,1,9.629338e-05
3807,1903.500000,1,9.675387e-05
3808,1904.000000,1,9.539611e-05
3809,1904.500000,1,9.733746e-05
3810,1905.000000,1,9.695873e-05
3811,1905.500000,1,9.974249e-05
3812,1906.000000,1,9.677234e-05
3813,1906.500000,0,9.719434e-05
3814,1907.000000,0,9.997003e-05
3815,1907.500000,1,9.799695e-05
3816,1908.000000,1,9.833528e-05
3817,1908.500000,1,9.716922e-05
3818,1909.000000,1,9.674549e-05
3819,1909.500000,1,9.470105e-05
3820,1910.000000,1,9.605005e-05
3821,1910.500000,1,9.512167e-05
3822,1911.000000,1,9.739548e-05
3823,1911.500000,1,9.740459e-05
3824,1912.000000,1,9.676324e-05
3825,1912.500000,0,9.825850e-05
3826,1913.000000,1,9.920558e-05
3827,1913.500000,1,9.851182e-05
3828,1914.000000,0,9.980376e-05
3829,1914.500000,1,9.787045e-05
3830,1915.000000,0,9.839258e-05
3831,1915.500000,1,9.864962e-05
3832,1916.000000,1,9.874500e-05
3833,1916.500000,1,9.722789e-05
3834,1917.000000,1,9.657882e-05
3835,1917.500000,1,9.688275e-05
3836,1918.000000,1,9.536676e-05
3837,1918.500000,1,9.714207e-05
3838,1919.000000,1,9.658909e-05
3839,1919.500000,1,9.919153e-05
3840,1920.000000,1,9.942661e-05
3841,1920.500000,1,9.885588e-05
3842,1921.000000,1,9.762145e-05
3843,1921.500000,1,9.881793e-05
3844,1922.000000,1,9.985137e-05
3845,1922.500000,1,9.905224e-05
3846,1923.000000,1,9.774076e-05
3847,1923.500000,0,9.865239e-05
3848,1924.000000,1,9.898000e-05
3849,1924.500000,1,9.767836e-05
3850,1925.000000,0,9.845794e-05
3851,1925.500000,1,9.901735e-05
3852,1926.000000,1,9.846333e-05
3853,1926.500000,0,9.973042e-05
3854,1927.000000,1,9.975253e-05
3855,1927.500000,1,9.786907e-05
3856,1928.000000,0,9.828131e-05
3857,1928.500000,1,9.866444e-05
3858,1929.000000,1,9.826986e-05
3859,1929.500000,0,9.964244e-05
3860,1930.000000,1,9.955475e-05
3861,1930.500000,1,9.727125e-05
3862,1931.000000,0,9.746206e-05
3863,1931.500000,0,9.965294e-05
3864,1932.000000,1,9.926814e-05
3865,1932.500000,1,9.880378e-05
3866,1933.000000,1,9.796230e-05
3867,1933.500000,0,9.899937e-05
3868,1934.000000,1,9.779404e-05
3869,1934.500000,1,9.750560e-05
3870,1935.000000,1,9.912862e-05
3871,1935.500000,1,9.864487e-05
3872,1936.000000,1,9.746998e-05
3873,1936.500000,0,9.849954e-05
3874,1937.000000,1,9.894127e-05
3875,1937.500000,1,9.781295e-05
3876,1938.000000,0,9.871673e-05
3877,1938.500000,1,9.933701e-05
3878,1939.000000,1,9.872997e-05
3879,1939.500000,0,9.996210e-05
3880,1940.000000,1,9.995050e-05
3881,1940.500000,1,9.811650e-05
3882,1941.000000,0,9.854020e-05
3883,1941.500000,1,9.886546e-05
3884,1942.000000,1,9.832332e-05
3885,1942.500000,0,9.957108e-05
3886,1943.000000,1,9.935122e-05
3887,1943.500000,1,9.701162e-05
3888,1944.000000,0,9.712546e-05
3889,1944.500000,0,9.922992e-05
3890,1945.000000,1,9.865189e-05
3891,1945.500000,1,9.803156e-05
3892,1946.000000,1,9.705405e-05
3893,1946.500000,0,9.796660e-05
3894,1947.000000,1,9.666557e-05
3895,1947.500000,1,9.631316e-05
3896,1948.000000,1,9.783507e-05
3897,1948.500000,1,9.729718e-05
3898,1949.000000,1,9.984534e-05
3899,1949.500000,1,9.994801e-05
3900,1950.000000,1,9.922424e-05
3901,1950.500000,1,9.778684e-05
3902,1951.000000,1,9.881166e-05
3903,1951.500000,1,9.958333e-05
3904,1952.000000,1,9.853127e-05
3905,1952.500000,1,9.693032e-05
3906,1953.000000,0,9.758363e-05
3907,1953.500000,1,9.759958e-05
3908,1954.000000,1,9.970253e-05
3909,1954.500000,1,9.769376e-05
3910,1955.000000,0,9.820499e-05
3911,1955.500000,1,9.838999e-05
3912,1956.000000,1,9.729806e-05
3913,1956.500000,0,9.815548e-05
3914,1957.000000,1,9.847047e-05
3915,1957.500000,1,9.740628e-05
3916,1958.000000,0,9.828314e-05
3917,1958.500000,1,9.808856e-05
3918,1959.000000,1,9.641422e-05
3919,1959.500000,0,9.687476e-05
3920,1960.000000,0,9.914936e-05
3921,1960.500000,1,9.852452e-05
3922,1961.000000,1,9.769501e-05
3923,1961.500000,1,9.674924e-05
3924,1962.000000,0,9.765731e-05
3925,1962.500000,1,9.647504e-05
3926,1963.000000,1,9.637109e-05
3927,1963.500000,1,9.792281e-05
3928,1964.000000,1,9.742484e-05
3929,1964.500000,1,9.999669e-05
3930,1965.000000,1,9.675812e-05
3931,1965.500000,0,9.691546e-05
3932,1966.000000,0,9.941805e-05
3933,1966.500000,1,9.912196e-05
3934,1967.000000,1,9.876227e-05
3935,1967.500000,1,9.771041e-05
3936,1968.000000,0,9.881430e-05
3937,1968.500000,1,9.747663e-05
3938,1969.000000,1,9.654219e-05
3939,1969.500000,1,9.780177e-05
3940,1970.000000,1,9.694647e-05
3941,1970.500000,1,9.916176e-05
3942,1971.000000,1,9.896517e-05
3943,1971.500000,1,9.802888e-05
3944,1972.000000,0,9.924366e-05
3945,1972.500000,1,9.972961e-05
3946,1973.000000,1,9.861891e-05
3947,1973.500000,0,9.952645e-05
3948,1974.000000,1,9.710983e-05
3949,1974.500000,0,9.716830e-05
3950,1975.000000,0,9.922337e-05
3951,1975.500000,1,9.812546e-05
3952,1976.000000,0,9.928772e-05
3953,1976.500000,1,9.790750e-05
3954,1977.000000,0,9.858363e-05
3955,1977.500000,1,9.888047e-05
3956,1978.000000,1,9.853781e-05
3957,1978.500000,1,9.665068e-05
3958,1979.000000,1,9.539276e-05
3959,1979.500000,1,9.516565e-05
3960,1980.000000,1,9.314186e-05
3961,1980.500000,1,9.432372e-05
3962,1981.000000,1,9.328945e-05
3963,1981.500000,1,9.531622e-05
3964,1982.000000,1,9.513814e-05
3965,1982.500000,1,9.792555e-05
3966,1983.000000,1,9.839365e-05
3967,1983.500000,1,9.792589e-05
3968,1984.000000,0,9.957230e-05
3969,1984.500000,1,9.784353e-05
3970,1985.000000,0,9.848706e-05
3971,1985.500000,1,9.810419e-05
3972,1986.000000,1,9.816198e-05
3973,1986.500000,1,9.688164e-05
3974,1987.000000,1,9.726746e-05
3975,1987.500000,1,9.478776e-05
3976,1988.000000,1,9.572887e-05
3977,1988.500000,1,9.448132e-05
3978,1989.000000,1,9.618080e-05
3979,1989.500000,1,9.571234e-05
3980,1990.000000,1,9.818703e-05
3981,1990.500000,1,9.832632e-05
3982,1991.000000,1,9.751569e-05
3983,1991.500000,0,9.886228e-05
3984,1992.000000,1,9.946245e-05
3985,1992.500000,1,9.845325e-05
3986,1993.000000,0,9.943987e-05
3987,1993.500000,1,9.701220e-05
3988,1994.000000,0,9.707539e-05
3989,1994.500000,0,9.913710e-05
3990,1995.000000,1,9.793948e-05
3991,1995.500000,0,9.902637e-05
3992,1996.000000,1,9.749750e-05
3993,1996.500000,0,9.804973e-05
3994,1997.000000,1,9.815635e-05
3995,1997.500000,1,9.761660e-05
3996,1998.000000,0,9.896821e-05
3997,1998.500000,1,9.791284e-05
3998,1999.000000,1,9.752336e-05
3999,1999.500000,1,9.904800e-05
4000,2000.000000,1,9.839351e-05
