timestep,t,sor_iters,residual
1,0.050000,56,6.927120e-01
2,0.008313,60,9.758952e-01
3,0.014157,46,2.806170e-01
4,0.019157,47,2.730811e-01
5,0.024157,44,1.991279e-01
6,0.029157,39,9.676314e-02
7,0.034157,34,5.306406e-02
8,0.039157,31,3.321929e-02
9,0.044157,25,2.114323e-02
10,0.049157,21,1.339477e-02
11,0.054157,17,8.537549e-03
12,0.059157,13,5.468526e-03
13,0.064157,4,3.105747e-03
14,0.069157,10,2.462484e-03
15,0.074157,1,9.865174e-04
16,0.079157,1,8.765129e-04
17,0.084157,0,9.449493e-04
18,0.089157,1,8.614596e-04
19,0.094157,0,9.870183e-04
20,0.099157,1,9.739175e-04
21,0.104157,1,8.983766e-04
22,0.109157,1,9.922474e-04
23,0.114157,1,9.079385e-04
24,0.119157,0,9.220017e-04
25,0.124157,1,9.632638e-04
26,0.129157,1,8.874492e-04
27,0.134157,1,8.902609e-04
28,0.139157,0,9.633883e-04
29,0.144157,1,9.263140e-04
30,0.149157,1,8.944198e-04
31,0.154157,1,9.747807e-04
32,0.159157,1,9.988015e-04
33,0.164157,1,9.060701e-04
34,0.169157,0,9.579603e-04
35,0.174157,1,8.620203e-04
36,0.179157,1,8.654210e-04
37,0.184157,0,9.834918e-04
38,0.189157,1,8.800844e-04
39,0.194157,1,9.351043e-04
40,0.199157,1,9.371534e-04
41,0.204157,1,8.590013e-04
42,0.209157,1,8.955092e-04
43,0.214157,1,9.510556e-04
44,0.219157,1,9.322472e-04
45,0.224157,1,9.356066e-04
46,0.229157,0,9.201843e-04
47,0.234157,1,9.705515e-04
48,0.239157,1,8.915874e-04
49,0.244157,1,8.913418e-04
50,0.249157,1,9.114855e-04
51,0.254157,1,8.815989e-04
52,0.259157,1,8.958597e-04
53,0.264157,1,9.050985e-04
54,0.269157,1,8.680128e-04
55,0.274157,1,9.181703e-04
56,0.279157,0,9.769790e-04
57,0.284157,1,9.661086e-04
58,0.289157,1,9.278004e-04
59,0.294157,1,8.965227e-04
60,0.299157,1,9.184429e-04
61,0.304157,0,9.789827e-04
62,0.309157,0,9.546538e-04
63,0.314157,1,9.374120e-04
64,0.319157,1,8.431725e-04
65,0.324157,0,9.008133e-04
66,0.329157,1,8.930226e-04
67,0.334157,1,9.963249e-04
68,0.339157,1,9.051180e-04
69,0.344157,1,9.637308e-04
70,0.349157,1,9.349383e-04
71,0.354157,0,9.520151e-04
72,0.359157,1,9.080185e-04
73,0.364157,1,9.267125e-04
74,0.369157,1,8.970313e-04
75,0.374157,1,9.129145e-04
76,0.379157,1,9.347351e-04
77,0.384157,1,8.769231e-04
78,0.389157,1,8.644509e-04
79,0.394157,0,9.638727e-04
80,0.399157,1,8.727687e-04
81,0.404157,0,9.829115e-04
82,0.409157,1,9.548870e-04
83,0.414157,0,9.831155e-04
84,0.419157,0,9.736451e-04
85,0.424157,1,9.288103e-04
86,0.429157,1,8.581335e-04
87,0.434157,0,9.678619e-04
88,0.439157,1,9.423205e-04
89,0.444157,0,9.483218e-04
90,0.449157,1,9.063230e-04
91,0.454157,1,8.988367e-04
92,0.459157,0,9.411750e-04
93,0.464157,1,9.861905e-04
94,0.469157,0,9.747800e-04
95,0.474157,1,9.178100e-04
96,0.479157,1,8.933343e-04
97,0.484157,1,9.583166e-04
98,0.489157,0,9.872334e-04
99,0.494157,1,9.935449e-04
100,0.499157,1,8.767976e-04
101,0.504157,1,9.607402e-04
102,0.509157,1,9.673406e-04
103,0.514157,0,9.476403e-04
104,0.519157,0,9.755209e-04
105,0.524157,0,9.737295e-04
106,0.529157,0,9.832503e-04
107,0.534157,0,9.891581e-04
108,0.539157,1,8.938469e-04
109,0.544157,1,9.010714e-04
110,0.549157,1,9.147501e-04
111,0.554157,0,9.701663e-04
112,0.559157,0,9.407543e-04
113,0.564157,1,9.495349e-04
114,0.569157,1,9.533711e-04
115,0.574157,0,9.682643e-04
116,0.579157,0,9.712129e-04
117,0.584157,1,9.750686e-04
118,0.589157,0,9.659859e-04
119,0.594157,1,9.277590e-04
120,0.599157,0,9.951027e-04
121,0.604157,0,9.949144e-04
122,0.609157,1,9.949816e-04
123,0.614157,1,9.910752e-04
124,0.619157,0,9.428014e-04
125,0.624157,1,9.924276e-04
126,0.629157,0,9.191946e-04
127,0.634157,1,9.973997e-04
128,0.639157,1,8.523351e-04
129,0.644157,0,9.711407e-04
130,0.649157,1,9.602986e-04
131,0.654157,1,9.818880e-04
132,0.659157,1,9.114467e-04
133,0.664157,1,9.182626e-04
134,0.669157,0,9.974453e-04
135,0.674157,0,9.700666e-04
136,0.679157,1,8.881286e-04
137,0.684157,1,9.796713e-04
138,0.689157,1,9.539049e-04
139,0.694157,1,9.854807e-04
140,0.699157,1,9.341023e-04
141,0.704157,0,8.709851e-04
142,0.709157,1,8.744610e-04
143,0.714157,1,9.286903e-04
144,0.719157,0,9.582112e-04
145,0.724157,1,9.226921e-04
146,0.729157,0,9.496841e-04
147,0.734157,1,9.119652e-04
148,0.739157,1,8.944476e-04
149,0.744157,1,9.416400e-04
150,0.749157,1,9.264608e-04
151,0.754157,1,9.852970e-04
152,0.759157,1,9.018825e-04
153,0.764157,1,9.109789e-04
154,0.769157,1,9.146644e-04
155,0.774157,1,9.173749e-04
156,0.779157,1,9.067116e-04
157,0.784157,1,9.125762e-04
158,0.789157,1,9.838041e-04
159,0.794157,1,9.751883e-04
160,0.799157,1,9.650286e-04
161,0.804157,1,9.811120e-04
162,0.809157,1,9.779401e-04
163,0.814157,1,9.821150e-04
164,0.819157,0,9.725865e-04
165,0.824157,1,8.698827e-04
166,0.829157,1,8.514784e-04
167,0.834157,1,9.988256e-04
168,0.839157,0,9.922638e-04
169,0.844157,1,9.674428e-04
170,0.849157,1,9.952440e-04
171,0.854157,0,9.933728e-04
172,0.859157,1,9.829513e-04
173,0.864157,1,8.791811e-04
174,0.869157,1,9.253039e-04
175,0.874157,1,9.197458e-04
176,0.879157,1,9.492989e-04
177,0.884157,0,9.830674e-04
178,0.889157,1,9.488970e-04
179,0.894157,0,9.301502e-04
180,0.899157,0,9.302699e-04
181,0.904157,1,8.979297e-04
182,0.909157,1,9.818560e-04
183,0.914157,1,9.745048e-04
184,0.919157,1,8.835908e-04
185,0.924157,1,9.944560e-04
186,0.929157,1,9.241095e-04
187,0.934157,1,9.144579e-04
188,0.939157,1,8.385704e-04
189,0.944157,1,9.382489e-04
190,0.949157,1,9.146672e-04
191,0.954157,1,9.200289e-04
192,0.959157,1,9.363035e-04
193,0.964157,1,9.619233e-04
194,0.969157,1,9.443769e-04
195,0.974157,1,9.525297e-04
196,0.979157,1,9.568650e-04
197,0.984157,0,8.642231e-04
198,0.989157,1,9.577086e-04
199,0.994157,1,8.805927e-04
200,0.999157,1,9.582931e-04
201,1.004157,1,9.210122e-04
202,1.009157,1,9.638991e-04
203,1.014157,0,9.684520e-04
204,1.019157,1,9.206688e-04
205,1.024157,1,8.895475e-04
206,1.029157,0,9.321225e-04
207,1.034157,0,9.254928e-04
208,1.039157,1,9.766484e-04
209,1.044157,1,9.178439e-04
210,1.049157,1,9.173327e-04
211,1.054157,1,9.117687e-04
212,1.059157,0,9.965241e-04
213,1.064157,0,9.966798e-04
214,1.069157,1,9.119820e-04
215,1.074157,1,8.994557e-04
216,1.079157,1,9.117149e-04
217,1.084157,1,9.318464e-04
218,1.089157,1,9.258644e-04
219,1.094157,0,9.291419e-04
220,1.099157,1,9.294142e-04
221,1.104157,1,9.061907e-04
222,1.109157,1,9.208597e-04
223,1.114157,1,9.200344e-04
224,1.119157,1,9.734156e-04
225,1.124157,0,9.939522e-04
226,1.129157,1,9.245121e-04
227,1.134157,1,9.064707e-04
228,1.139157,1,9.390988e-04
229,1.144157,0,9.801599e-04
230,1.149157,1,9.165837e-04
231,1.154157,0,9.674285e-04
232,1.159157,1,8.901557e-04
233,1.164157,1,9.294012e-04
234,1.169157,0,9.905470e-04
235,1.174157,1,9.312507e-04
236,1.179157,0,9.940894e-04
237,1.184157,1,8.648258e-04
238,1.189157,1,9.697658e-04
239,1.194157,1,8.991069e-04
240,1.199157,1,9.487743e-04
241,1.204157,1,8.779086e-04
242,1.209157,1,8.710925e-04
243,1.214157,1,8.684580e-04
244,1.219157,1,8.539698e-04
245,1.224157,1,9.413813e-04
246,1.229157,1,8.846203e-04
247,1.234157,1,8.715608e-04
248,1.239157,0,9.927946e-04
249,1.244157,1,8.837917e-04
250,1.249157,1,8.929509e-04
251,1.254157,1,9.360645e-04
252,1.259157,1,8.846542e-04
253,1.264157,0,9.985111e-04
254,1.269157,1,8.718947e-04
255,1.274157,1,8.557419e-04
256,1.279157,1,8.770129e-04
257,1.284157,1,9.021649e-04
258,1.289157,1,9.033292e-04
259,1.294157,1,9.083320e-04
260,1.299157,1,8.973722e-04
261,1.304157,1,9.952405e-04
262,1.309157,1,9.152490e-04
263,1.314157,1,8.615774e-04
264,1.319157,1,9.130020e-04
265,1.324157,1,9.760904e-04
266,1.329157,1,8.983081e-04
267,1.334157,1,8.641660e-04
268,1.339157,1,8.962284e-04
269,1.344157,1,9.020840e-04
270,1.349157,1,9.123977e-04
271,1.354157,1,8.991763e-04
272,1.359157,1,8.964582e-04
273,1.364157,1,9.055713e-04
274,1.369157,1,9.068193e-04
275,1.374157,1,9.008731e-04
276,1.379157,1,8.932675e-04
277,1.384157,1,8.861107e-04
278,1.389157,1,8.803611e-04
279,1.394157,1,9.892102e-04
280,1.399157,1,8.973432e-04
281,1.404157,1,9.853004e-04
282,1.409157,1,8.839401e-04
283,1.414157,1,9.778460e-04
284,1.419157,1,9.905914e-04
285,1.424157,1,9.962624e-04
286,1.429157,1,9.880450e-04
287,1.434157,1,9.854808e-04
288,1.439157,1,9.701155e-04
289,1.444157,1,9.908736e-04
290,1.449157,1,9.656674e-04
291,1.454157,1,9.731718e-04
292,1.459157,1,9.905560e-04
293,1.464157,1,9.133680e-04
294,1.469157,1,9.139774e-04
295,1.474157,1,9.108210e-04
296,1.479157,1,9.216476e-04
297,1.484157,1,9.244815e-04
298,1.489157,1,9.190186e-04
299,1.494157,1,9.144669e-04
300,1.499157,1,9.122680e-04
301,1.504157,1,9.046610e-04
302,1.509157,1,9.993468e-04
303,1.514157,1,9.220130e-04
304,1.519157,1,8.948043e-04
305,1.524157,1,9.773157e-04
306,1.529157,1,9.302743e-04
307,1.534157,1,9.858382e-04
308,1.539157,1,9.929420e-04
309,1.544157,1,9.972931e-04
310,1.549157,1,9.887743e-04
311,1.554157,1,9.809948e-04
312,1.559157,1,9.137924e-04
313,1.564157,1,8.643542e-04
314,1.569157,1,8.882025e-04
315,1.574157,1,9.635968e-04
316,1.579157,1,9.814500e-04
317,1.584157,1,9.841277e-04
318,1.589157,1,9.711542e-04
319,1.594157,1,9.670983e-04
320,1.599157,1,9.529564e-04
321,1.604157,1,9.687934e-04
322,1.609157,1,9.551934e-04
323,1.614157,1,9.503980e-04
324,1.619157,1,9.481160e-04
325,1.624157,1,9.207706e-04
326,1.629157,0,9.976691e-04
327,1.634157,1,9.627887e-04
328,1.639157,1,9.343413e-04
329,1.644157,1,9.565912e-04
330,1.649157,1,9.447493e-04
331,1.654157,1,9.728149e-04
332,1.659157,1,8.741441e-04
333,1.664157,1,9.976793e-04
334,1.669157,1,9.364519e-04
335,1.674157,1,9.896943e-04
336,1.679157,1,8.886443e-04
337,1.684157,0,9.716620e-04
338,1.689157,0,9.691906e-04
339,1.694157,1,9.644027e-04
340,1.699157,1,9.296015e-04
341,1.704157,1,9.729132e-04
342,1.709157,1,8.945470e-04
343,1.714157,1,9.887227e-04
344,1.719157,1,9.816182e-04
345,1.724157,1,9.931311e-04
346,1.729157,1,9.900587e-04
347,1.734157,0,9.760808e-04
348,1.739157,1,8.728367e-04
349,1.744157,0,9.994498e-04
350,1.749157,1,9.822372e-04
351,1.754157,0,9.790666e-04
352,1.759157,1,9.159896e-04
353,1.764157,1,9.992450e-04
354,1.769157,0,9.706473e-04
355,1.774157,1,9.064685e-04
356,1.779157,1,9.956755e-04
357,1.784157,1,9.920930e-04
358,1.789157,0,9.908129e-04
359,1.794157,1,9.508276e-04
360,1.799157,1,9.752766e-04
361,1.804157,1,9.006650e-04
362,1.809157,1,9.625015e-04
363,1.814157,0,9.731213e-04
364,1.819157,1,9.510849e-04
365,1.824157,1,9.963769e-04
366,1.829157,0,9.779450e-04
367,1.834157,0,9.722320e-04
368,1.839157,1,9.031602e-04
369,1.844157,0,9.772330e-04
370,1.849157,0,9.791990e-04
371,1.854157,1,9.015234e-04
372,1.859157,0,9.697988e-04
373,1.864157,0,9.709355e-04
374,1.869157,1,9.563262e-04
375,1.874157,1,9.882865e-04
376,1.879157,1,8.839113e-04
377,1.884157,1,9.554026e-04
378,1.889157,1,9.777104e-04
379,1.894157,0,9.719783e-04
380,1.899157,1,9.316398e-04
381,1.904157,0,9.927668e-04
382,1.909157,1,9.956383e-04
383,1.914157,0,9.789754e-04
384,1.919157,0,9.803474e-04
385,1.924157,1,9.180496e-04
386,1.929157,1,9.379086e-04
387,1.934157,1,8.707886e-04
388,1.939157,0,9.696430e-04
389,1.944157,1,9.090445e-04
390,1.949157,1,8.678788e-04
391,1.954157,0,9.799271e-04
392,1.959157,1,9.079254e-04
393,1.964157,0,9.870436e-04
394,1.969157,0,9.896579e-04
395,1.974157,1,9.964351e-04
396,1.979157,1,9.905332e-04
397,1.984157,1,9.564422e-04
398,1.989157,1,9.135917e-04
399,1.994157,1,9.645164e-04
400,1.999157,1,9.172183e-04
401,2.004157,1,9.644146e-04
402,2.009157,1,9.852885e-04
403,2.014157,0,9.961623e-04
404,2.019157,1,9.924918e-04
405,2.024157,0,9.824494e-04
406,2.029157,1,9.948070e-04
407,2.034157,0,9.825886e-04
408,2.039157,1,9.697479e-04
409,2.044157,0,9.879492e-04
410,2.049157,1,9.266891e-04
411,2.054157,1,9.083988e-04
412,2.059157,1,9.539713e-04
413,2.064157,1,9.618965e-04
414,2.069157,1,9.697863e-04
415,2.074157,0,9.755565e-04
416,2.079157,1,8.693121e-04
417,2.084157,0,9.670130e-04
418,2.089157,1,9.267155e-04
419,2.094157,1,9.577403e-04
420,2.099157,1,9.614496e-04
421,2.104157,0,9.838113e-04
422,2.109157,1,9.677015e-04
423,2.114157,1,9.808193e-04
424,2.119157,1,9.117315e-04
425,2.124157,1,9.117863e-04
426,2.129157,0,9.968045e-04
427,2.134157,1,9.551620e-04
428,2.139157,0,9.954852e-04
429,2.144157,1,9.743224e-04
430,2.149157,1,9.674034e-04
431,2.154157,1,9.344595e-04
432,2.159157,1,8.984207e-04
433,2.164157,1,9.404492e-04
434,2.169157,0,9.728448e-04
435,2.174157,1,9.463968e-04
436,2.179157,0,9.836373e-04
437,2.184157,1,9.554271e-04
438,2.189157,0,9.839532e-04
439,2.194157,1,9.476648e-04
440,2.199157,0,9.731047e-04
441,2.204157,1,9.386459e-04
442,2.209157,1,9.900119e-04
443,2.214157,0,9.903228e-04
444,2.219157,1,8.821866e-04
445,2.224157,1,9.936112e-04
446,2.229157,1,9.303507e-04
447,2.234157,1,9.948632e-04
448,2.239157,0,9.972776e-04
449,2.244157,1,9.713000e-04
450,2.249157,1,9.569551e-04
451,2.254157,0,9.800097e-04
452,2.259157,1,9.827630e-04
453,2.264157,1,9.532217e-04
454,2.269157,1,8.992218e-04
455,2.274157,1,9.309015e-04
456,2.279157,1,9.995996e-04
457,2.284157,0,9.859602e-04
458,2.289157,1,9.842961e-04
459,2.294157,0,9.977687e-04
460,2.299157,0,9.973693e-04
461,2.304157,1,9.479402e-04
462,2.309157,0,9.883046e-04
463,2.314157,1,9.793690e-04
464,2.319157,0,9.857286e-04
465,2.324157,0,9.679002e-04
466,2.329157,1,8.625907e-04
467,2.334157,0,9.976287e-04
468,2.339157,1,9.093085e-04
469,2.344157,1,9.070464e-04
470,2.349157,1,9.741583e-04
471,2.354157,1,9.996866e-04
472,2.359157,1,9.988386e-04
473,2.364157,1,9.930172e-04
474,2.369157,1,8.560071e-04
475,2.374157,1,9.532832e-04
476,2.379157,1,9.451463e-04
477,2.384157,1,8.722886e-04
478,2.389157,1,9.600388e-04
479,2.394157,0,9.839694e-04
480,2.399157,1,9.500927e-04
481,2.404157,1,9.638206e-04
482,2.409157,0,9.866878e-04
483,2.414157,0,9.990732e-04
484,2.419157,0,9.572280e-04
485,2.424157,0,9.500194e-04
486,2.429157,0,9.590674e-04
487,2.434157,0,9.710345e-04
488,2.439157,0,9.882661e-04
489,2.444157,1,8.646965e-04
490,2.449157,1,8.956382e-04
491,2.454157,1,9.966668e-04
492,2.459157,1,9.041582e-04
493,2.464157,0,9.970740e-04
494,2.469157,0,9.909373e-04
495,2.474157,1,9.662637e-04
496,2.479157,0,9.759279e-04
497,2.484157,0,9.656422e-04
498,2.489157,1,9.783380e-04
499,2.494157,1,9.426886e-04
500,2.499157,1,9.091582e-04
501,2.504157,0,9.654614e-04
502,2.509157,1,9.930306e-04
503,2.514157,1,9.405688e-04
504,2.519157,1,9.734697e-04
505,2.524157,1,8.954629e-04
506,2.529157,0,9.883727e-04
507,2.534157,1,9.342336e-04
508,2.539157,1,9.830384e-04
509,2.544157,1,9.003422e-04
510,2.549157,0,9.600219e-04
511,2.554157,1,9.206046e-04
512,2.559157,1,8.966625e-04
513,2.564157,1,9.679226e-04
514,2.569157,1,9.397690e-04
515,2.574157,0,9.949294e-04
516,2.579157,1,9.276627e-04
517,2.584157,1,9.519402e-04
518,2.589157,1,9.334644e-04
519,2.594157,0,9.864898e-04
520,2.599157,1,9.216431e-04
521,2.604157,1,9.404055e-04
522,2.609157,1,8.614238e-04
523,2.614157,0,9.863070e-04
524,2.619157,0,9.613656e-04
525,2.624157,1,9.457620e-04
526,2.629157,1,9.522247e-04
527,2.634157,1,8.685874e-04
528,2.639157,0,9.825592e-04
529,2.644157,0,9.860793e-04
530,2.649157,0,9.745902e-04
531,2.654157,1,9.076733e-04
532,2.659157,0,9.751780e-04
533,2.664157,0,9.883870e-04
534,2.669157,0,9.654608e-04
535,2.674157,1,9.310715e-04
536,2.679157,1,9.178064e-04
537,2.684157,0,9.678651e-04
538,2.689157,0,9.533413e-04
539,2.694157,1,9.288119e-04
540,2.699157,1,9.985345e-04
541,2.704157,1,8.640340e-04
542,2.709157,1,9.819908e-04
543,2.714157,1,9.253196e-04
544,2.719157,1,9.861627e-04
545,2.724157,1,9.370976e-04
546,2.729157,0,9.651417e-04
547,2.734157,0,9.854954e-04
548,2.739157,0,9.918716e-04
549,2.744157,0,9.996692e-04
550,2.749157,0,9.919832e-04
551,2.754157,0,9.929307e-04
552,2.759157,0,9.779632e-04
553,2.764157,0,9.769292e-04
554,2.769157,0,9.696490e-04
555,2.774157,0,9.713910e-04
556,2.779157,1,9.986015e-04
557,2.784157,1,9.268396e-04
558,2.789157,1,9.677174e-04
559,2.794157,0,9.676787e-04
560,2.799157,0,9.789949e-04
561,2.804157,1,9.975184e-04
562,2.809157,1,9.022940e-04
563,2.814157,1,9.320870e-04
564,2.819157,0,9.882491e-04
565,2.824157,1,9.915932e-04
566,2.829157,0,9.900791e-04
567,2.834157,0,9.999466e-04
568,2.839157,1,9.863071e-04
569,2.844157,1,9.317826e-04
570,2.849157,1,9.598685e-04
571,2.854157,0,9.682943e-04
572,2.859157,1,9.345591e-04
573,2.864157,0,9.921559e-04
574,2.869157,1,9.701616e-04
575,2.874157,0,9.646969e-04
576,2.879157,0,9.581825e-04
577,2.884157,1,9.676455e-04
578,2.889157,0,9.993758e-04
579,2.894157,1,9.966551e-04
580,2.899157,0,9.647461e-04
581,2.904157,0,9.592714e-04
582,2.909157,1,9.242375e-04
583,2.914157,0,9.568474e-04
584,2.919157,1,9.115148e-04
585,2.924157,1,9.898453e-04
586,2.929157,0,9.615670e-04
587,2.934157,0,9.434010e-04
588,2.939157,0,9.795373e-04
589,2.944157,1,9.205054e-04
590,2.949157,1,9.997433e-04
591,2.954157,0,9.703371e-04
592,2.959157,0,9.326723e-04
593,2.964157,0,9.846079e-04
594,2.969157,1,9.796739e-04
595,2.974157,0,9.521902e-04
596,2.979157,0,9.413637e-04
597,2.984157,0,9.874839e-04
598,2.989157,1,9.266777e-04
599,2.994157,1,9.898529e-04
600,2.999157,0,9.798829e-04
601,3.004157,1,9.126146e-04
602,3.009157,1,9.147553e-04
603,3.014157,1,9.060262e-04
604,3.019157,1,9.282969e-04
605,3.024157,1,9.182594e-04
606,3.029157,1,9.255249e-04
607,3.034157,1,9.081645e-04
608,3.039157,1,9.527670e-04
609,3.044157,1,9.609700e-04
610,3.049157,1,9.204623e-04
611,3.054157,1,9.539333e-04
612,3.059157,1,9.492637e-04
613,3.064157,1,9.035633e-04
614,3.069157,1,9.303053e-04
615,3.074157,1,9.445754e-04
616,3.079157,1,9.319919e-04
617,3.084157,1,9.447962e-04
618,3.089157,1,9.457691e-04
619,3.094157,1,9.479848e-04
620,3.099157,1,9.403754e-04
621,3.104157,1,9.314235e-04
622,3.109157,1,9.231797e-04
623,3.114157,1,9.318017e-04
624,3.119157,1,9.271189e-04
625,3.124157,1,9.204908e-04
626,3.129157,1,9.221762e-04
627,3.134157,1,9.104118e-04
628,3.139157,1,9.128886e-04
629,3.144157,1,9.003321e-04
630,3.149157,0,9.978874e-04
631,3.154157,1,9.061634e-04
632,3.159157,0,9.798100e-04
633,3.164157,0,9.982604e-04
634,3.169157,1,9.132701e-04
635,3.174157,1,9.025703e-04
636,3.179157,1,8.984827e-04
637,3.184157,0,9.791014e-04
638,3.189157,0,9.830531e-04
639,3.194157,1,8.974505e-04
640,3.199157,0,9.801618e-04
641,3.204157,0,9.878920e-04
642,3.209157,1,9.074795e-04
643,3.214157,0,9.831167e-04
644,3.219157,0,9.968179e-04
645,3.224157,1,8.887061e-04
646,3.229157,0,9.924988e-04
647,3.234157,1,8.909962e-04
648,3.239157,0,9.895216e-04
649,3.244157,0,9.790137e-04
650,3.249157,0,9.866546e-04
651,3.254157,0,9.888937e-04
652,3.259157,1,8.879792e-04
653,3.264157,0,9.723273e-04
654,3.269157,0,9.857480e-04
655,3.274157,0,9.993226e-04
656,3.279157,0,9.918404e-04
657,3.284157,0,9.876685e-04
658,3.289157,0,9.934927e-04
659,3.294157,0,9.818212e-04
660,3.299157,0,9.901399e-04
661,3.304157,0,9.743651e-04
662,3.309157,0,9.798271e-04
663,3.314157,0,9.674575e-04
664,3.319157,0,9.729468e-04
665,3.324157,0,9.768423e-04
666,3.329157,0,9.639369e-04
667,3.334157,0,9.969718e-04
668,3.339157,1,9.173264e-04
669,3.344157,0,9.885268e-04
670,3.349157,0,9.631794e-04
671,3.354157,0,9.914013e-04
672,3.359157,0,9.984369e-04
673,3.364157,0,9.705802e-04
674,3.369157,0,9.940240e-04
675,3.374157,1,8.859078e-04
676,3.379157,0,9.912672e-04
677,3.384157,0,9.814747e-04
678,3.389157,0,9.469255e-04
679,3.394157,0,9.920042e-04
680,3.399157,0,9.996574e-04
681,3.404157,1,9.108926e-04
682,3.409157,0,9.938249e-04
683,3.414157,0,9.840523e-04
684,3.419157,0,9.842175e-04
685,3.424157,0,9.690295e-04
686,3.429157,0,9.428559e-04
687,3.434157,0,9.948279e-04
688,3.439157,0,9.711969e-04
689,3.444157,1,9.351204e-04
690,3.449157,0,9.703495e-04
691,3.454157,0,9.656988e-04
692,3.459157,0,9.703859e-04
693,3.464157,0,9.553740e-04
694,3.469157,0,9.397675e-04
695,3.474157,0,8.991372e-04
696,3.479157,0,9.430277e-04
697,3.484157,1,9.407775e-04
698,3.489157,1,9.732183e-04
699,3.494157,1,9.733828e-04
700,3.499157,0,9.651724e-04
701,3.504157,0,9.619494e-04
702,3.509157,0,9.806213e-04
703,3.514157,0,9.721909e-04
704,3.519157,0,9.865128e-04
705,3.524157,0,9.258619e-04
706,3.529157,0,9.902409e-04
707,3.534157,0,9.507347e-04
708,3.539157,0,9.806254e-04
709,3.544157,0,9.340262e-04
710,3.549157,0,9.771728e-04
711,3.554157,0,9.392138e-04
712,3.559157,0,9.715597e-04
713,3.564157,0,9.396194e-04
714,3.569157,0,9.689515e-04
715,3.574157,0,9.217357e-04
716,3.579157,0,9.667822e-04
717,3.584157,0,9.298674e-04
718,3.589157,0,9.613019e-04
719,3.594157,0,9.134087e-04
720,3.599157,0,9.493712e-04
721,3.604157,1,9.987832e-04
722,3.609157,1,9.541411e-04
723,3.614157,1,9.903730e-04
724,3.619157,1,9.765145e-04
725,3.624157,0,9.813552e-04
726,3.629157,0,9.957963e-04
727,3.634157,1,9.707814e-04
728,3.639157,1,9.167767e-04
729,3.644157,1,9.468048e-04
730,3.649157,1,9.440544e-04
731,3.654157,1,9.483531e-04
732,3.659157,1,9.456013e-04
733,3.664157,1,9.367879e-04
734,3.669157,1,9.241385e-04
735,3.674157,1,9.278244e-04
736,3.679157,0,9.862432e-04
737,3.684157,1,9.791039e-04
738,3.689157,1,9.145823e-04
739,3.694157,1,9.340061e-04
740,3.699157,1,9.145718e-04
741,3.704157,1,9.040579e-04
742,3.709157,1,9.088545e-04
743,3.714157,1,9.240690e-04
744,3.719157,0,9.948550e-04
745,3.724157,1,9.451568e-04
746,3.729157,0,9.978186e-04
747,3.734157,0,9.252496e-04
748,3.739157,0,9.821734e-04
749,3.744157,1,9.574232e-04
750,3.749157,1,9.066542e-04
751,3.754157,1,9.241745e-04
752,3.759157,0,9.807889e-04
753,3.764157,1,9.295147e-04
754,3.769157,0,9.859274e-04
755,3.774157,1,9.389835e-04
756,3.779157,0,9.862133e-04
757,3.784157,1,9.148881e-04
758,3.789157,0,9.912220e-04
759,3.794157,1,9.417413e-04
760,3.799157,0,9.803232e-04
761,3.804157,1,9.016782e-04
762,3.809157,0,9.838588e-04
763,3.814157,1,9.930693e-04
764,3.819157,0,9.952531e-04
765,3.824157,1,9.056909e-04
766,3.829157,0,9.886988e-04
767,3.834157,0,9.368017e-04
768,3.839157,0,9.546614e-04
769,3.844157,1,9.190967e-04
770,3.849157,0,9.825405e-04
771,3.854157,1,9.915527e-04
772,3.859157,0,9.675524e-04
773,3.864157,1,8.948016e-04
774,3.869157,0,9.686805e-04
775,3.874157,1,9.113841e-04
776,3.879157,0,9.684623e-04
777,3.884157,1,8.768793e-04
778,3.889157,0,9.988863e-04
779,3.894157,1,9.677464e-04
780,3.899157,0,9.890395e-04
781,3.904157,1,8.840249e-04
782,3.909157,0,9.638781e-04
783,3.914157,1,9.378647e-04
784,3.919157,0,9.641822e-04
785,3.924157,1,9.267931e-04
786,3.929157,1,9.851475e-04
787,3.934157,0,9.305788e-04
788,3.939157,1,8.738300e-04
789,3.944157,0,9.960634e-04
790,3.949157,1,8.921718e-04
791,3.954157,0,9.574054e-04
792,3.959157,1,8.591658e-04
793,3.964157,0,9.361604e-04
794,3.969157,1,8.443754e-04
795,3.974157,1,9.980065e-04
796,3.979157,1,9.338269e-04
797,3.984157,1,8.969315e-04
798,3.989157,1,8.217427e-04
799,3.994157,0,9.270664e-04
800,3.999157,1,8.426816e-04
801,4.004157,0,9.609188e-04
802,4.009157,1,9.040695e-04
803,4.014157,0,9.634537e-04
804,4.019157,1,9.703249e-04
805,4.024157,0,9.336623e-04
806,4.029157,1,9.971947e-04
807,4.034157,0,9.863993e-04
808,4.039157,0,9.609000e-04
809,4.044157,1,8.744419e-04
810,4.049157,0,9.968683e-04
811,4.054157,1,8.811834e-04
812,4.059157,0,9.867867e-04
813,4.064157,1,9.099810e-04
814,4.069157,0,9.560315e-04
815,4.074157,1,9.174800e-04
816,4.079157,0,9.633390e-04
817,4.084157,1,8.926989e-04
818,4.089157,0,9.593895e-04
819,4.094157,1,8.593698e-04
820,4.099157,0,9.672694e-04
821,4.104157,1,8.849808e-04
822,4.109157,0,9.470488e-04
823,4.114157,1,8.389793e-04
824,4.119157,0,9.379176e-04
825,4.124157,1,8.691640e-04
826,4.129157,0,9.360093e-04
827,4.134157,1,9.974329e-04
828,4.139157,0,9.184093e-04
829,4.144157,1,9.523398e-04
830,4.149157,0,9.778743e-04
831,4.154157,0,9.462002e-04
832,4.159157,1,9.345006e-04
833,4.164157,0,9.965626e-04
834,4.169157,1,9.099446e-04
835,4.174157,0,9.724477e-04
836,4.179157,1,9.235232e-04
837,4.184157,0,9.534554e-04
838,4.189157,1,8.674143e-04
839,4.194157,0,9.788853e-04
840,4.199157,1,8.828545e-04
841,4.204157,0,9.295452e-04
842,4.209157,1,9.984810e-04
843,4.214157,0,9.294320e-04
844,4.219157,1,8.810268e-04
845,4.224157,0,9.669882e-04
846,4.229157,0,9.489355e-04
847,4.234157,1,9.367538e-04
848,4.239157,0,9.826909e-04
849,4.244157,1,9.912376e-04
850,4.249157,0,9.412489e-04
851,4.254157,1,9.659016e-04
852,4.259157,0,9.428733e-04
853,4.264157,1,8.845327e-04
854,4.269157,1,9.921552e-04
855,4.274157,1,9.141655e-04
856,4.279157,0,9.639290e-04
857,4.284157,1,8.461860e-04
858,4.289157,0,9.181207e-04
859,4.294157,0,8.940273e-04
860,4.299157,0,9.764047e-04
861,4.304157,0,9.232695e-04
862,4.309157,1,9.765321e-04
863,4.314157,0,9.443197e-04
864,4.319157,1,9.750623e-04
865,4.324157,0,9.815449e-04
866,4.329157,1,8.706688e-04
867,4.334157,1,9.783816e-04
868,4.339157,1,8.848450e-04
869,4.344157,0,9.566512e-04
870,4.349157,1,9.572358e-04
871,4.354157,1,9.668180e-04
872,4.359157,1,8.642310e-04
873,4.364157,0,9.402935e-04
874,4.369157,1,9.983258e-04
875,4.374157,0,9.322477e-04
876,4.379157,0,8.914124e-04
877,4.384157,0,9.987026e-04
878,4.389157,0,9.103338e-04
879,4.394157,1,8.960276e-04
880,4.399157,1,9.632797e-04
881,4.404157,1,8.463870e-04
882,4.409157,0,9.190982e-04
883,4.414157,1,8.910891e-04
884,4.419157,1,9.819972e-04
885,4.424157,0,9.288959e-04
886,4.429157,1,9.729688e-04
887,4.434157,1,9.938246e-04
888,4.439157,0,9.740243e-04
889,4.444157,1,8.925696e-04
890,4.449157,0,9.453639e-04
891,4.454157,1,8.744182e-04
892,4.459157,1,9.745000e-04
893,4.464157,0,9.173955e-04
894,4.469157,1,9.301666e-04
895,4.474157,0,8.896205e-04
896,4.479157,1,9.874176e-04
897,4.484157,1,9.826687e-04
898,4.489157,0,9.468173e-04
899,4.494157,1,8.915506e-04
900,4.499157,2,9.984051e-04
901,4.504157,1,8.966375e-04
902,4.509157,0,9.169194e-04
903,4.514157,1,8.820374e-04
904,4.519157,0,8.935031e-04
905,4.524157,1,9.262720e-04
906,4.529157,0,9.752400e-04
907,4.534157,1,9.525162e-04
908,4.539157,0,9.079288e-04
909,4.544157,0,8.729700e-04
910,4.549157,0,9.411176e-04
911,4.554157,0,8.425590e-04
912,4.559157,0,9.942879e-04
913,4.564157,0,9.009486e-04
914,4.569157,1,9.148517e-04
915,4.574157,0,9.817458e-04
916,4.579157,1,9.658278e-04
917,4.584157,0,9.179889e-04
918,4.589157,0,9.451102e-04
919,4.594157,1,9.702779e-04
920,4.599157,0,8.716805e-04
921,4.604157,0,9.632587e-04
922,4.609157,1,8.948943e-04
923,4.614157,0,9.108626e-04
924,4.619157,1,9.211011e-04
925,4.624157,0,9.214050e-04
926,4.629157,1,9.522540e-04
927,4.634157,1,9.690243e-04
928,4.639157,0,9.062725e-04
929,4.644157,0,9.641690e-04
930,4.649157,0,8.626904e-04
931,4.654157,0,9.987789e-04
932,4.659157,0,8.860094e-04
933,4.664157,0,9.709587e-04
934,4.669157,1,9.211183e-04
935,4.674157,0,8.949023e-04
936,4.679157,0,9.942574e-04
937,4.684157,1,9.800027e-04
938,4.689157,0,8.724797e-04
939,4.694157,1,9.028147e-04
940,4.699157,1,9.321345e-04
941,4.704157,0,8.846792e-04
942,4.709157,0,9.824862e-04
943,4.714157,1,9.672538e-04
944,4.719157,0,8.563511e-04
945,4.724157,1,8.701618e-04
946,4.729157,1,9.137383e-04
947,4.734157,0,8.696267e-04
948,4.739157,0,9.780962e-04
949,4.744157,1,9.571677e-04
950,4.749157,0,8.471689e-04
951,4.754157,0,9.936218e-04
952,4.759157,1,8.940261e-04
953,4.764157,1,9.984685e-04
954,4.769157,1,9.818560e-04
955,4.774157,0,9.325367e-04
956,4.779157,1,8.025093e-04
957,4.784157,1,9.725734e-04
958,4.789157,1,9.806754e-04
959,4.794157,1,8.647963e-04
960,4.799157,1,9.686564e-04
961,4.804157,1,9.236013e-04
962,4.809157,1,9.448152e-04
963,4.814157,1,9.844795e-04
964,4.819157,1,8.526440e-04
965,4.824157,1,9.999776e-04
966,4.829157,0,9.548204e-04
967,4.834157,1,8.577224e-04
968,4.839157,0,9.843057e-04
969,4.844157,1,9.260197e-04
970,4.849157,0,8.592175e-04
971,4.854157,0,9.633347e-04
972,4.859157,1,8.498255e-04
973,4.864157,1,9.915053e-04
974,4.869157,0,9.691768e-04
975,4.874157,0,8.386114e-04
976,4.879157,0,9.585991e-04
977,4.884157,1,8.033920e-04
978,4.889157,1,9.427484e-04
979,4.894157,0,9.957007e-04
980,4.899157,1,9.877805e-04
981,4.904157,1,9.274186e-04
982,4.909157,1,8.791387e-04
983,4.914157,0,8.700746e-04
984,4.919157,0,9.346870e-04
985,4.924157,1,9.475116e-04
986,4.929157,1,9.165933e-04
987,4.934157,1,8.370604e-04
988,4.939157,0,8.534934e-04
989,4.944157,0,9.299376e-04
990,4.949157,1,9.228425e-04
991,4.954157,1,9.295578e-04
992,4.959157,1,9.667605e-04
993,4.964157,0,9.107859e-04
994,4.969157,1,9.015948e-04
995,4.974157,0,9.202582e-04
996,4.979157,1,9.439600e-04
997,4.984157,1,9.901194e-04
998,4.989157,1,9.423551e-04
999,4.994157,1,9.729851e-04
1000,4.999157,0,8.600725e-04
1001,5.004157,0,9.927519e-04
1002,5.009157,1,8.888318e-04
1003,5.014157,1,8.983634e-04
1004,5.019157,1,9.975696e-04
1005,5.024157,1,8.953561e-04
1006,5.029157,0,9.782280e-04
1007,5.034157,1,9.706736e-04
1008,5.039157,1,9.934524e-04
1009,5.044157,0,9.693854e-04
1010,5.049157,1,9.857619e-04
1011,5.054157,0,9.351013e-04
1012,5.059157,1,9.941077e-04
1013,5.064157,0,9.536977e-04
1014,5.069157,1,9.378234e-04
1015,5.074157,1,9.707513e-04
1016,5.079157,0,8.861824e-04
1017,5.084157,1,8.631434e-04
1018,5.089157,1,9.156480e-04
1019,5.094157,1,8.717001e-04
1020,5.099157,1,9.886386e-04
1021,5.104157,1,9.815615e-04
1022,5.109157,1,9.676564e-04
1023,5.114157,1,9.367265e-04
1024,5.119157,1,9.857487e-04
1025,5.124157,0,9.598371e-04
1026,5.129157,1,9.032388e-04
1027,5.134157,1,9.645939e-04
1028,5.139157,0,9.997114e-04
1029,5.144157,0,8.536723e-04
1030,5.149157,0,9.391690e-04
1031,5.154157,1,9.467573e-04
1032,5.159157,0,8.683757e-04
1033,5.164157,0,9.986947e-04
1034,5.169157,1,9.966060e-04
1035,5.174157,1,8.879558e-04
1036,5.179157,1,8.572070e-04
1037,5.184157,1,8.866781e-04
1038,5.189157,1,9.753385e-04
1039,5.194157,1,9.805247e-04
1040,5.199157,1,8.439464e-04
1041,5.204157,0,8.996397e-04
1042,5.209157,1,8.312352e-04
1043,5.214157,1,9.379154e-04
1044,5.219157,0,9.693003e-04
1045,5.224157,1,9.931365e-04
1046,5.229157,1,9.978604e-04
1047,5.234157,1,8.202151e-04
1048,5.239157,1,8.655945e-04
1049,5.244157,1,9.182166e-04
1050,5.249157,0,9.114545e-04
1051,5.254157,1,9.851780e-04
1052,5.259157,2,9.939172e-04
1053,5.264157,1,8.775793e-04
1054,5.269157,1,9.417235e-04
1055,5.274157,0,9.574660e-04
1056,5.279157,1,9.870493e-04
1057,5.284157,1,9.857034e-04
1058,5.289157,1,8.910161e-04
1059,5.294157,1,8.667696e-04
1060,5.299157,1,9.367658e-04
1061,5.304157,0,9.061267e-04
1062,5.309157,1,9.577121e-04
1063,5.314157,1,9.738401e-04
1064,5.319157,1,9.617540e-04
1065,5.324157,1,8.535750e-04
1066,5.329157,1,9.097747e-04
1067,5.334157,0,9.181702e-04
1068,5.339157,1,9.124959e-04
1069,5.344157,0,9.932778e-04
1070,5.349157,0,9.609922e-04
1071,5.354157,1,8.874287e-04
1072,5.359157,1,9.079416e-04
1073,5.364157,0,9.828183e-04
1074,5.369157,1,9.349357e-04
1075,5.374157,2,9.368674e-04
1076,5.379157,0,9.069853e-04
1077,5.384157,1,9.317716e-04
1078,5.389157,0,9.195130e-04
1079,5.394157,1,8.723864e-04
1080,5.399157,0,9.693729e-04
1081,5.404157,1,9.671669e-04
1082,5.409157,0,8.428214e-04
1083,5.414157,0,9.509470e-04
1084,5.419157,1,8.265699e-04
1085,5.424157,0,9.039732e-04
1086,5.429157,0,9.926925e-04
1087,5.434157,1,9.013459e-04
1088,5.439157,0,9.947361e-04
1089,5.444157,0,8.270996e-04
1090,5.449157,0,9.771445e-04
1091,5.454157,1,8.641225e-04
1092,5.459157,1,7.507044e-04
1093,5.464157,1,9.301560e-04
1094,5.469157,0,9.733169e-04
1095,5.474157,1,9.718816e-04
1096,5.479157,0,9.227245e-04
1097,5.484157,0,9.582678e-04
1098,5.489157,1,8.041499e-04
1099,5.494157,0,9.842706e-04
1100,5.499157,1,9.850258e-04
1101,5.504157,1,9.778438e-04
1102,5.509157,0,9.431536e-04
1103,5.514157,1,8.538698e-04
1104,5.519157,1,9.142692e-04
1105,5.524157,0,9.805137e-04
1106,5.529157,1,9.388004e-04
1107,5.534157,0,9.320381e-04
1108,5.539157,0,9.745962e-04
1109,5.544157,1,8.285857e-04
1110,5.549157,0,9.804164e-04
1111,5.554157,1,9.905299e-04
1112,5.559157,1,9.266039e-04
1113,5.564157,1,8.301243e-04
1114,5.569157,1,8.763282e-04
1115,5.574157,0,8.473531e-04
1116,5.579157,1,9.443935e-04
1117,5.584157,0,8.687256e-04
1118,5.589157,0,9.389566e-04
1119,5.594157,1,9.236481e-04
1120,5.599157,1,9.928474e-04
1121,5.604157,0,9.295330e-04
1122,5.609157,0,9.580773e-04
1123,5.614157,1,8.488441e-04
1124,5.619157,0,9.176054e-04
1125,5.624157,1,9.872930e-04
1126,5.629157,0,9.998826e-04
1127,5.634157,0,9.998390e-04
1128,5.639157,1,8.645174e-04
1129,5.644157,0,9.440219e-04
1130,5.649157,1,9.989670e-04
1131,5.654157,0,9.165448e-04
1132,5.659157,1,8.942420e-04
1133,5.664157,1,9.585638e-04
1134,5.669157,0,9.532438e-04
1135,5.674157,1,9.241071e-04
1136,5.679157,1,7.942573e-04
1137,5.684157,0,9.959211e-04
1138,5.689157,0,9.592175e-04
1139,5.694157,0,9.587022e-04
1140,5.699157,1,8.236380e-04
1141,5.704157,0,9.669396e-04
1142,5.709157,1,9.731854e-04
1143,5.714157,1,9.769039e-04
1144,5.719157,1,9.750808e-04
1145,5.724157,1,8.670135e-04
1146,5.729157,1,8.234523e-04
1147,5.734157,0,8.821275e-04
1148,5.739157,1,8.423930e-04
1149,5.744157,1,9.785072e-04
1150,5.749157,0,9.624025e-04
1151,5.754157,0,9.786980e-04
1152,5.759157,0,9.269071e-04
1153,5.764157,0,9.829792e-04
1154,5.769157,1,9.236787e-04
1155,5.774157,1,8.442797e-04
1156,5.779157,1,9.952869e-04
1157,5.784157,0,8.572220e-04
1158,5.789157,0,9.846046e-04
1159,5.794157,1,8.641766e-04
1160,5.799157,1,9.569156e-04
1161,5.804157,0,9.739694e-04
1162,5.809157,1,9.459739e-04
1163,5.814157,0,9.630041e-04
1164,5.819157,0,9.713111e-04
1165,5.824157,0,9.297548e-04
1166,5.829157,1,8.815756e-04
1167,5.834157,0,9.874596e-04
1168,5.839157,0,9.393503e-04
1169,5.844157,1,8.654182e-04
1170,5.849157,0,9.322814e-04
1171,5.854157,0,9.918273e-04
1172,5.859157,1,8.246734e-04
1173,5.864157,1,9.825035e-04
1174,5.869157,0,9.613893e-04
1175,5.874157,1,9.106374e-04
1176,5.879157,0,9.643338e-04
1177,5.884157,0,9.164938e-04
1178,5.889157,0,9.610793e-04
1179,5.894157,1,8.422623e-04
1180,5.899157,1,9.834277e-04
1181,5.904157,1,9.601928e-04
1182,5.909157,1,8.446483e-04
1183,5.914157,0,9.354785e-04
1184,5.919157,0,8.986910e-04
1185,5.924157,1,8.203774e-04
1186,5.929157,1,8.671723e-04
1187,5.934157,1,8.002651e-04
1188,5.939157,1,9.473000e-04
1189,5.944157,1,9.825448e-04
1190,5.949157,0,9.689645e-04
1191,5.954157,1,9.582330e-04
1192,5.959157,0,9.442040e-04
1193,5.964157,1,8.200494e-04
1194,5.969157,0,9.478453e-04
1195,5.974157,1,9.819139e-04
1196,5.979157,1,8.496954e-04
1197,5.984157,1,9.360994e-04
1198,5.989157,0,9.679805e-04
1199,5.994157,1,9.148696e-04
1200,5.999157,0,8.308035e-04
1201,6.004157,0,9.378999e-04
1202,6.009157,1,7.792861e-04
1203,6.014157,0,9.813941e-04
1204,6.019157,1,9.780279e-04
1205,6.024157,1,9.228033e-04
1206,6.029157,0,9.036336e-04
1207,6.034157,0,9.726136e-04
1208,6.039157,1,8.965449e-04
1209,6.044157,0,9.805677e-04
1210,6.049157,1,9.446197e-04
1211,6.054157,1,9.812394e-04
1212,6.059157,1,9.889284e-04
1213,6.064157,0,9.544357e-04
1214,6.069157,0,9.481145e-04
1215,6.074157,1,8.916964e-04
1216,6.079157,0,9.836951e-04
1217,6.084157,1,9.407386e-04
1218,6.089157,0,9.337767e-04
1219,6.094157,1,9.783751e-04
1220,6.099157,1,8.856639e-04
1221,6.104157,0,9.328303e-04
1222,6.109157,0,9.851921e-04
1223,6.114157,1,7.648131e-04
1224,6.119157,1,9.973406e-04
1225,6.124157,0,9.657738e-04
1226,6.129157,1,9.402293e-04
1227,6.134157,1,9.398681e-04
1228,6.139157,1,7.739221e-04
1229,6.144157,1,9.498268e-04
1230,6.149157,1,8.678110e-04
1231,6.154157,0,8.908813e-04
1232,6.159157,0,9.546399e-04
1233,6.164157,0,9.891439e-04
1234,6.169157,1,9.400286e-04
1235,6.174157,0,9.469261e-04
1236,6.179157,1,9.897798e-04
1237,6.184157,1,9.661664e-04
1238,6.189157,1,7.734855e-04
1239,6.194157,0,9.778046e-04
1240,6.199157,0,9.096091e-04
1241,6.204157,1,8.052355e-04
1242,6.209157,0,8.840708e-04
1243,6.214157,1,9.592840e-04
1244,6.219157,1,9.436215e-04
1245,6.224157,1,8.798227e-04
1246,6.229157,1,8.793044e-04
1247,6.234157,1,9.421017e-04
1248,6.239157,0,9.277884e-04
1249,6.244157,0,9.475653e-04
1250,6.249157,1,9.786892e-04
1251,6.254157,0,8.865494e-04
1252,6.259157,1,9.865693e-04
1253,6.264157,0,9.324946e-04
1254,6.269157,1,8.080046e-04
1255,6.274157,1,9.834424e-04
1256,6.279157,0,9.826270e-04
1257,6.284157,0,9.768654e-04
1258,6.289157,1,9.423500e-04
1259,6.294157,1,9.374886e-04
1260,6.299157,1,9.104887e-04
1261,6.304157,0,9.043360e-04
1262,6.309157,0,8.821095e-04
1263,6.314157,1,8.542352e-04
1264,6.319157,0,8.844529e-04
1265,6.324157,1,9.442936e-04
1266,6.329157,1,9.499040e-04
1267,6.334157,2,9.098713e-04
1268,6.339157,0,9.898266e-04
1269,6.344157,1,8.922519e-04
1270,6.349157,1,8.689363e-04
1271,6.354157,1,8.461085e-04
1272,6.359157,1,9.450494e-04
1273,6.364157,0,9.373757e-04
1274,6.369157,1,9.446389e-04
1275,6.374157,0,9.971354e-04
1276,6.379157,0,9.805531e-04
1277,6.384157,1,8.959839e-04
1278,6.389157,0,8.864896e-04
1279,6.394157,0,8.831185e-04
1280,6.399157,1,9.390650e-04
1281,6.404157,0,9.333141e-04
1282,6.409157,1,8.927403e-04
1283,6.414157,1,9.765880e-04
1284,6.419157,1,9.731704e-04
1285,6.424157,1,9.002746e-04
1286,6.429157,0,9.493417e-04
1287,6.434157,1,7.666878e-04
1288,6.439157,1,9.489858e-04
1289,6.444157,1,8.214353e-04
1290,6.449157,0,9.895245e-04
1291,6.454157,1,9.637741e-04
1292,6.459157,0,9.668699e-04
1293,6.464157,0,9.657514e-04
1294,6.469157,1,7.769251e-04
1295,6.474157,0,9.282666e-04
1296,6.479157,1,7.771951e-04
1297,6.484157,1,9.772466e-04
1298,6.489157,1,8.726525e-04
1299,6.494157,1,8.527129e-04
1300,6.499157,2,9.774395e-04
1301,6.504157,1,9.803053e-04
1302,6.509157,0,9.849693e-04
1303,6.514157,0,9.587151e-04
1304,6.519157,1,8.911736e-04
1305,6.524157,1,9.750829e-04
1306,6.529157,0,9.141149e-04
1307,6.534157,0,8.678150e-04
1308,6.539157,0,9.200774e-04
1309,6.544157,1,8.838941e-04
1310,6.549157,1,8.959273e-04
1311,6.554157,0,7.756659e-04
1312,6.559157,0,8.915507e-04
1313,6.564157,1,8.040951e-04
1314,6.569157,0,8.708520e-04
1315,6.574157,1,8.716859e-04
1316,6.579157,0,9.260953e-04
1317,6.584157,1,7.877683e-04
1318,6.589157,1,9.662945e-04
1319,6.594157,0,9.676989e-04
1320,6.599157,0,9.758378e-04
1321,6.604157,0,8.751947e-04
1322,6.609157,1,8.886314e-04
1323,6.614157,0,9.635352e-04
1324,6.619157,0,9.407107e-04
1325,6.624157,1,9.294247e-04
1326,6.629157,1,9.334158e-04
1327,6.634157,0,9.188184e-04
1328,6.639157,0,9.083797e-04
1329,6.644157,1,6.270304e-04
1330,6.649157,0,8.612420e-04
1331,6.654157,1,9.785215e-04
1332,6.659157,1,9.522692e-04
1333,6.664157,0,9.809435e-04
1334,6.669157,0,9.911986e-04
1335,6.674157,1,9.129394e-04
1336,6.679157,1,9.055108e-04
1337,6.684157,0,9.477017e-04
1338,6.689157,1,8.912497e-04
1339,6.694157,0,9.391211e-04
1340,6.699157,1,7.787794e-04
1341,6.704157,1,8.963060e-04
1342,6.709157,1,8.119970e-04
1343,6.714157,1,8.170685e-04
1344,6.719157,1,9.709263e-04
1345,6.724157,0,9.461505e-04
1346,6.729157,0,8.918211e-04
1347,6.734157,0,9.883796e-04
1348,6.739157,1,9.719405e-04
1349,6.744157,1,8.539122e-04
1350,6.749157,1,9.618495e-04
1351,6.754157,0,9.444964e-04
1352,6.759157,1,7.554512e-04
1353,6.764157,0,8.112301e-04
1354,6.769157,1,7.770390e-04
1355,6.774157,1,8.671613e-04
1356,6.779157,0,9.907976e-04
1357,6.784157,0,9.534723e-04
1358,6.789157,1,7.199975e-04
1359,6.794157,0,8.796483e-04
1360,6.799157,0,7.881143e-04
1361,6.804157,1,8.316000e-04
1362,6.809157,2,9.599448e-04
1363,6.814157,0,9.432461e-04
1364,6.819157,0,8.854005e-04
1365,6.824157,1,9.252618e-04
1366,6.829157,0,8.994928e-04
1367,6.834157,0,8.768998e-04
1368,6.839157,0,9.585954e-04
1369,6.844157,0,8.758081e-04
1370,6.849157,0,9.912009e-04
1371,6.854157,1,8.940977e-04
1372,6.859157,1,8.110651e-04
1373,6.864157,0,7.886443e-04
1374,6.869157,1,8.939386e-04
1375,6.874157,1,9.841733e-04
1376,6.879157,0,9.852420e-04
1377,6.884157,0,8.246912e-04
1378,6.889157,1,8.787561e-04
1379,6.894157,0,9.370320e-04
1380,6.899157,1,8.848391e-04
1381,6.904157,0,9.895320e-04
1382,6.909157,1,8.997886e-04
1383,6.914157,1,8.476677e-04
1384,6.919157,1,8.900719e-04
1385,6.924157,1,8.198848e-04
1386,6.929157,0,8.026269e-04
1387,6.934157,0,8.608201e-04
1388,6.939157,0,8.158692e-04
1389,6.944157,1,6.538748e-04
1390,6.949157,0,9.382102e-04
1391,6.954157,1,8.904946e-04
1392,6.959157,1,8.210553e-04
1393,6.964157,0,9.001342e-04
1394,6.969157,0,9.988320e-04
1395,6.974157,0,9.074071e-04
1396,6.979157,1,7.763233e-04
1397,6.984157,0,9.421746e-04
1398,6.989157,0,9.347940e-04
1399,6.994157,1,8.283166e-04
1400,6.999157,1,8.284962e-04
1401,7.004157,1,7.137413e-04
1402,7.009157,0,9.760442e-04
1403,7.014157,1,8.768517e-04
1404,7.019157,0,9.213731e-04
1405,7.024157,0,9.282696e-04
1406,7.029157,1,6.738998e-04
1407,7.034157,0,8.936670e-04
1408,7.039157,0,9.067529e-04
1409,7.044157,0,8.686084e-04
1410,7.049157,1,8.207665e-04
1411,7.054157,1,8.026616e-04
1412,7.059157,0,9.137142e-04
1413,7.064157,1,7.796863e-04
1414,7.069157,0,9.061537e-04
1415,7.074157,1,7.698437e-04
1416,7.079157,0,9.539725e-04
1417,7.084157,1,8.048802e-04
1418,7.089157,0,9.015721e-04
1419,7.094157,0,8.865298e-04
1420,7.099157,1,7.301860e-04
1421,7.104157,0,9.735228e-04
1422,7.109157,0,7.785292e-04
1423,7.114157,0,9.222260e-04
1424,7.119157,1,8.122341e-04
1425,7.124157,0,8.807243e-04
1426,7.129157,1,7.757796e-04
1427,7.134157,4,8.905874e-04
1428,7.139157,0,8.870644e-04
1429,7.144157,1,8.065928e-04
1430,7.149157,0,8.682077e-04
1431,7.154157,0,8.328944e-04
1432,7.159157,1,6.606000e-04
1433,7.164157,0,8.883363e-04
1434,7.169157,1,9.042488e-04
1435,7.174157,1,9.192423e-04
1436,7.179157,1,9.524423e-04
1437,7.184157,0,9.468293e-04
1438,7.189157,2,9.774729e-04
1439,7.194157,2,9.925661e-04
1440,7.199157,0,9.009335e-04
1441,7.204157,1,8.665631e-04
1442,7.209157,0,9.628943e-04
1443,7.214157,0,9.358052e-04
1444,7.219157,1,7.077711e-04
1445,7.224157,0,9.498049e-04
1446,7.229157,0,8.731674e-04
1447,7.234157,1,7.770716e-04
1448,7.239157,0,8.705984e-04
1449,7.244157,0,9.280983e-04
1450,7.249157,1,8.249920e-04
1451,7.254157,1,8.654286e-04
1452,7.259157,0,8.176178e-04
1453,7.264157,0,8.590185e-04
1454,7.269157,1,8.376961e-04
1455,7.274157,0,9.111039e-04
1456,7.279157,0,9.776604e-04
1457,7.284157,1,7.283292e-04
1458,7.289157,0,9.731321e-04
1459,7.294157,7,9.941891e-04
1460,7.299157,3,9.527174e-04
1461,7.304157,1,9.688294e-04
1462,7.309157,1,7.460365e-04
1463,7.314157,0,7.334251e-04
1464,7.319157,0,9.725484e-04
1465,7.324157,1,9.258549e-04
1466,7.329157,1,9.595935e-04
1467,7.334157,0,9.772979e-04
1468,7.339157,2,9.663954e-04
1469,7.344157,3,9.260479e-04
1470,7.349157,1,9.593505e-04
1471,7.354157,0,9.673657e-04
1472,7.359157,1,8.564744e-04
1473,7.364157,1,8.746258e-04
1474,7.369157,0,9.016885e-04
1475,7.374157,0,8.951306e-04
1476,7.379157,1,8.099044e-04
1477,7.384157,0,9.217096e-04
1478,7.389157,0,9.169224e-04
1479,7.394157,1,8.009168e-04
1480,7.399157,0,8.440887e-04
1481,7.404157,0,9.660645e-04
1482,7.409157,1,6.640443e-04
1483,7.414157,0,8.970857e-04
1484,7.419157,0,9.190956e-04
1485,7.424157,0,9.591843e-04
1486,7.429157,1,8.273752e-04
1487,7.434157,0,9.174852e-04
1488,7.439157,1,6.855953e-04
1489,7.444157,0,9.271499e-04
1490,7.449157,0,8.002368e-04
1491,7.454157,1,7.311054e-04
1492,7.459157,1,9.716050e-04
1493,7.464157,0,9.766281e-04
1494,7.469157,0,9.217369e-04
1495,7.474157,1,8.641622e-04
1496,7.479157,0,9.149182e-04
1497,7.484157,1,7.687860e-04
1498,7.489157,0,8.411388e-04
1499,7.494157,0,8.826282e-04
1500,7.499157,1,8.312910e-04
1501,7.504157,0,8.585133e-04
1502,7.509157,0,8.523975e-04
1503,7.514157,0,7.813314e-04
1504,7.519157,0,8.932217e-04
1505,7.524157,0,9.222545e-04
1506,7.529157,0,8.798352e-04
1507,7.534157,1,9.241438e-04
1508,7.539157,0,9.724462e-04
1509,7.544157,1,8.832721e-04
1510,7.549157,1,9.540099e-04
1511,7.554157,0,9.959454e-04
1512,7.559157,0,8.293486e-04
1513,7.564157,1,8.642567e-04
1514,7.569157,0,9.647336e-04
1515,7.574157,0,9.402907e-04
1516,7.579157,0,8.900978e-04
1517,7.584157,0,7.713950e-04
1518,7.589157,0,9.566921e-04
1519,7.594157,0,9.350185e-04
1520,7.599157,0,8.879397e-04
1521,7.604157,1,7.628127e-04
1522,7.609157,0,7.765347e-04
1523,7.614157,0,9.845347e-04
1524,7.619157,0,9.839158e-04
1525,7.624157,1,8.665641e-04
1526,7.629157,0,9.814808e-04
1527,7.634157,0,8.902387e-04
1528,7.639157,0,8.023837e-04
1529,7.644157,1,6.414652e-04
1530,7.649157,0,9.231131e-04
1531,7.654157,1,8.702411e-04
1532,7.659157,1,8.401839e-04
1533,7.664157,2,9.607494e-04
1534,7.669157,0,9.811749e-04
1535,7.674157,1,6.803828e-04
1536,7.679157,1,7.490226e-04
1537,7.684157,2,9.163283e-04
1538,7.689157,1,9.087678e-04
1539,7.694157,0,8.386009e-04
1540,7.699157,6,9.549755e-04
1541,7.704157,2,9.730144e-04
1542,7.709157,0,8.788666e-04
1543,7.714157,0,8.928099e-04
1544,7.719157,1,7.255772e-04
1545,7.724157,0,9.607533e-04
1546,7.729157,0,9.940319e-04
1547,7.734157,1,7.398064e-04
1548,7.739157,0,9.938830e-04
1549,7.744157,0,8.888562e-04
1550,7.749157,1,8.722685e-04
1551,7.754157,0,8.309909e-04
1552,7.759157,0,8.763457e-04
1553,7.764157,1,9.766526e-04
1554,7.769157,0,8.237166e-04
1555,7.774157,1,9.175955e-04
1556,7.779157,0,9.900927e-04
1557,7.784157,0,8.613234e-04
1558,7.789157,1,7.852301e-04
1559,7.794157,5,9.562615e-04
1560,7.799157,1,8.217505e-04
1561,7.804157,0,7.967353e-04
1562,7.809157,1,8.088860e-04
1563,7.814157,0,9.959902e-04
1564,7.819157,0,7.621268e-04
1565,7.824157,1,8.908253e-04
1566,7.829157,0,9.142175e-04
1567,7.834157,0,7.697176e-04
1568,7.839157,0,9.835641e-04
1569,7.844157,1,8.376978e-04
1570,7.849157,0,8.121393e-04
1571,7.854157,0,9.622445e-04
1572,7.859157,1,7.128346e-04
1573,7.864157,3,8.948380e-04
1574,7.869157,1,8.477834e-04
1575,7.874157,0,7.596466e-04
1576,7.879157,0,8.962131e-04
1577,7.884157,1,9.273784e-04
1578,7.889157,0,8.737476e-04
1579,7.894157,0,9.946718e-04
1580,7.899157,1,8.460001e-04
1581,7.904157,1,7.499818e-04
1582,7.909157,0,9.685880e-04
1583,7.914157,1,8.545389e-04
1584,7.919157,0,8.092813e-04
1585,7.924157,0,7.984547e-04
1586,7.929157,1,7.028522e-04
1587,7.934157,0,8.239906e-04
1588,7.939157,0,7.497036e-04
1589,7.944157,0,8.986462e-04
1590,7.949157,1,8.495361e-04
1591,7.954157,0,9.678436e-04
1592,7.959157,1,7.861526e-04
1593,7.964157,0,8.155878e-04
1594,7.969157,1,9.109343e-04
1595,7.974157,0,8.828771e-04
1596,7.979157,1,6.651240e-04
1597,7.984157,0,8.240436e-04
1598,7.989157,0,7.717068e-04
1599,7.994157,1,8.653359e-04
1600,7.999157,0,9.889322e-04
1601,8.004157,0,9.249747e-04
1602,8.009157,1,7.975585e-04
1603,8.014157,1,9.390298e-04
1604,8.019157,0,8.410959e-04
1605,8.024157,1,8.043603e-04
1606,8.029157,0,8.446605e-04
1607,8.034157,0,9.322889e-04
1608,8.039157,1,7.535633e-04
1609,8.044157,0,8.062832e-04
1610,8.049157,1,7.228861e-04
1611,8.054157,0,8.622372e-04
1612,8.059157,3,9.519540e-04
1613,8.064157,0,8.689208e-04
1614,8.069157,0,9.540196e-04
1615,8.074157,1,8.806621e-04
1616,8.079157,1,8.052092e-04
1617,8.084157,2,8.783623e-04
1618,8.089157,0,9.923605e-04
1619,8.094157,0,8.185733e-04
1620,8.099157,1,6.407734e-04
1621,8.104157,0,9.037280e-04
1622,8.109157,0,9.265340e-04
1623,8.114157,0,7.825116e-04
1624,8.119157,1,8.784924e-04
1625,8.124157,0,7.879521e-04
1626,8.129157,0,9.875146e-04
1627,8.134157,1,7.486065e-04
1628,8.139157,1,8.322332e-04
1629,8.144157,2,9.335647e-04
1630,8.149157,0,9.465089e-04
1631,8.154157,0,8.806825e-04
1632,8.159157,0,8.862126e-04
1633,8.164157,1,7.571547e-04
1634,8.169157,0,8.012157e-04
1635,8.174157,0,7.321187e-04
1636,8.179157,0,8.778540e-04
1637,8.184157,0,9.536564e-04
1638,8.189157,0,8.139463e-04
1639,8.194157,1,6.180087e-04
1640,8.199157,0,8.235206e-04
1641,8.204157,0,7.155896e-04
1642,8.209157,1,6.870260e-04
1643,8.214157,0,8.346539e-04
1644,8.219157,3,9.461160e-04
1645,8.224157,0,8.382639e-04
1646,8.229157,1,8.449340e-04
1647,8.234157,1,8.648275e-04
1648,8.239157,0,9.087113e-04
1649,8.244157,1,7.421266e-04
1650,8.249157,0,8.635053e-04
1651,8.254157,1,6.468801e-04
1652,8.259157,0,9.239007e-04
1653,8.264157,0,7.611616e-04
1654,8.269157,1,7.076157e-04
1655,8.274157,4,9.071059e-04
1656,8.279157,2,9.422481e-04
1657,8.284157,2,9.719310e-04
1658,8.289157,0,9.343022e-04
1659,8.294157,0,9.279161e-04
1660,8.299157,1,7.563359e-04
1661,8.304157,0,8.045182e-04
1662,8.309157,0,7.473237e-04
1663,8.314157,0,8.274963e-04
1664,8.319157,0,9.822071e-04
1665,8.324157,0,9.995727e-04
1666,8.329157,0,9.263945e-04
1667,8.334157,1,8.493247e-04
1668,8.339157,1,8.572556e-04
1669,8.344157,0,7.813730e-04
1670,8.349157,0,9.566077e-04
1671,8.354157,0,7.801372e-04
1672,8.359157,1,7.358488e-04
1673,8.364157,0,9.494001e-04
1674,8.369157,0,8.198034e-04
1675,8.374157,0,9.194924e-04
1676,8.379157,1,8.528300e-04
1677,8.384157,0,9.053223e-04
1678,8.389157,1,7.736590e-04
1679,8.394157,0,8.474313e-04
1680,8.399157,1,7.313975e-04
1681,8.404157,1,8.815371e-04
1682,8.409157,1,8.483364e-04
1683,8.414157,0,9.194910e-04
1684,8.419157,0,9.452912e-04
1685,8.424157,5,9.153881e-04
1686,8.429157,1,9.480845e-04
1687,8.434157,0,8.445955e-04
1688,8.439157,0,9.933325e-04
1689,8.444157,0,9.062121e-04
1690,8.449157,1,7.569699e-04
1691,8.454157,0,9.969934e-04
1692,8.459157,1,9.477445e-04
1693,8.464157,1,8.721486e-04
1694,8.469157,2,9.342275e-04
1695,8.474157,0,9.842259e-04
1696,8.479157,0,8.339244e-04
1697,8.484157,1,7.033519e-04
1698,8.489157,0,7.652480e-04
1699,8.494157,1,6.672232e-04
1700,8.499157,0,7.448459e-04
1701,8.504157,1,7.713369e-04
1702,8.509157,1,8.936489e-04
1703,8.514157,0,9.585217e-04
1704,8.519157,0,9.940796e-04
1705,8.524157,1,7.892795e-04
1706,8.529157,0,8.214396e-04
1707,8.534157,1,7.627220e-04
1708,8.539157,0,7.786871e-04
1709,8.544157,1,7.307961e-04
1710,8.549157,0,8.258777e-04
1711,8.554157,1,7.910110e-04
1712,8.559157,0,9.256090e-04
1713,8.564157,0,7.975297e-04
1714,8.569157,0,9.541418e-04
1715,8.574157,0,9.196515e-04
1716,8.579157,1,9.223408e-04
1717,8.584157,0,9.484335e-04
1718,8.589157,1,8.639614e-04
1719,8.594157,0,7.561346e-04
1720,8.599157,1,8.235789e-04
1721,8.604157,1,8.413051e-04
1722,8.609157,0,9.719054e-04
1723,8.614157,0,6.798675e-04
1724,8.619157,0,9.657485e-04
1725,8.624157,1,9.543107e-04
1726,8.629157,0,8.591373e-04
1727,8.634157,1,7.014650e-04
1728,8.639157,3,9.615432e-04
1729,8.644157,2,9.829569e-04
1730,8.649157,1,9.424473e-04
1731,8.654157,0,8.421151e-04
1732,8.659157,1,7.216867e-04
1733,8.664157,2,9.889300e-04
1734,8.669157,0,9.659141e-04
1735,8.674157,1,8.027212e-04
1736,8.679157,0,7.700819e-04
1737,8.684157,0,9.569157e-04
1738,8.689157,2,8.663066e-04
1739,8.694157,0,8.252892e-04
1740,8.699157,1,7.564685e-04
1741,8.704157,1,8.755901e-04
1742,8.709157,0,9.737730e-04
1743,8.714157,1,8.148310e-04
1744,8.719157,0,9.443214e-04
1745,8.724157,0,7.853083e-04
1746,8.729157,0,7.902076e-04
1747,8.734157,1,5.943050e-04
1748,8.739157,0,8.368733e-04
1749,8.744157,2,9.088532e-04
1750,8.749157,1,6.756527e-04
1751,8.754157,0,9.550807e-04
1752,8.759157,0,8.277088e-04
1753,8.764157,1,7.184747e-04
1754,8.769157,0,7.820111e-04
1755,8.774157,1,8.203540e-04
1756,8.779157,1,8.572293e-04
1757,8.784157,0,8.420625e-04
1758,8.789157,0,9.017823e-04
1759,8.794157,0,9.775524e-04
1760,8.799157,1,8.137296e-04
1761,8.804157,0,9.845943e-04
1762,8.809157,1,9.077821e-04
1763,8.814157,0,9.248748e-04
1764,8.819157,3,9.699810e-04
1765,8.824157,1,7.631112e-04
1766,8.829157,2,9.415311e-04
1767,8.834157,3,8.780666e-04
1768,8.839157,1,9.200378e-04
1769,8.844157,1,7.974619e-04
1770,8.849157,0,9.401513e-04
1771,8.854157,1,7.866472e-04
1772,8.859157,0,9.774774e-04
1773,8.864157,1,9.320475e-04
1774,8.869157,0,8.901144e-04
1775,8.874157,1,7.351303e-04
1776,8.879157,2,9.429648e-04
1777,8.884157,0,9.535853e-04
1778,8.889157,0,8.315691e-04
1779,8.894157,2,8.904780e-04
1780,8.899157,0,8.359274e-04
1781,8.904157,1,8.391701e-04
1782,8.909157,1,8.857512e-04
1783,8.914157,0,9.609080e-04
1784,8.919157,1,8.131028e-04
1785,8.924157,0,8.280736e-04
1786,8.929157,1,6.450811e-04
1787,8.934157,0,9.438152e-04
1788,8.939157,0,6.827743e-04
1789,8.944157,1,6.142124e-04
1790,8.949157,0,9.671979e-04
1791,8.954157,4,8.979202e-04
1792,8.959157,3,9.856835e-04
1793,8.964157,1,8.791504e-04
1794,8.969157,0,8.636639e-04
1795,8.974157,1,7.814088e-04
1796,8.979157,2,9.646157e-04
1797,8.984157,1,8.220888e-04
1798,8.989157,0,8.855912e-04
1799,8.994157,1,7.965593e-04
1800,8.999157,0,7.599798e-04
1801,9.004157,0,9.765560e-04
1802,9.009157,0,9.986304e-04
1803,9.014157,0,9.399812e-04
1804,9.019157,0,8.666029e-04
1805,9.024157,0,7.622107e-04
1806,9.029157,0,8.954647e-04
1807,9.034157,1,7.312206e-04
1808,9.039157,1,8.073152e-04
1809,9.044157,0,8.949741e-04
1810,9.049157,0,9.239828e-04
1811,9.054157,0,8.559470e-04
1812,9.059157,1,8.450626e-04
1813,9.064157,0,8.113482e-04
1814,9.069157,1,7.038256e-04
1815,9.074157,0,6.660053e-04
1816,9.079157,1,8.948236e-04
1817,9.084157,1,8.014839e-04
1818,9.089157,1,7.871587e-04
1819,9.094157,0,8.948669e-04
1820,9.099157,0,8.281407e-04
1821,9.104157,1,7.097395e-04
1822,9.109157,2,9.769809e-04
1823,9.114157,1,8.165836e-04
1824,9.119157,0,9.392290e-04
1825,9.124157,0,9.862833e-04
1826,9.129157,0,8.119754e-04
1827,9.134157,1,6.902049e-04
1828,9.139157,0,7.103808e-04
1829,9.144157,1,7.467148e-04
1830,9.149157,1,8.312784e-04
1831,9.154157,0,8.693788e-04
1832,9.159157,0,9.113188e-04
1833,9.164157,1,7.315370e-04
1834,9.169157,0,7.864161e-04
1835,9.174157,1,7.515650e-04
1836,9.179157,3,9.552138e-04
1837,9.184157,1,7.511735e-04
1838,9.189157,0,9.894339e-04
1839,9.194157,2,8.404430e-04
1840,9.199157,1,9.280959e-04
1841,9.204157,0,9.278410e-04
1842,9.209157,2,9.011217e-04
1843,9.214157,0,9.259830e-04
1844,9.219157,0,8.172055e-04
1845,9.224157,1,7.473260e-04
1846,9.229157,1,8.120567e-04
1847,9.234157,2,8.531887e-04
1848,9.239157,0,9.179467e-04
1849,9.244157,0,9.293089e-04
1850,9.249157,0,9.543402e-04
1851,9.254157,0,8.104460e-04
1852,9.259157,1,8.372926e-04
1853,9.264157,1,9.200555e-04
1854,9.269157,5,8.571615e-04
1855,9.274157,2,9.769716e-04
1856,9.279157,5,8.459567e-04
1857,9.284157,1,7.859318e-04
1858,9.289157,0,6.526364e-04
1859,9.294157,1,6.781777e-04
1860,9.299157,0,9.561940e-04
1861,9.304157,0,8.932315e-04
1862,9.309157,0,9.559349e-04
1863,9.314157,0,9.467432e-04
1864,9.319157,0,9.307837e-04
1865,9.324157,1,7.726893e-04
1866,9.329157,0,9.309566e-04
1867,9.334157,1,8.627099e-04
1868,9.339157,3,9.983473e-04
1869,9.344157,0,8.707909e-04
1870,9.349157,2,9.007875e-04
1871,9.354157,1,7.638406e-04
1872,9.359157,0,9.346234e-04
1873,9.364157,0,9.358593e-04
1874,9.369157,0,9.095361e-04
1875,9.374157,5,9.530190e-04
1876,9.379157,0,7.424869e-04
1877,9.384157,1,8.349653e-04
1878,9.389157,0,7.838042e-04
1879,9.394157,1,7.075928e-04
1880,9.399157,0,9.898817e-04
1881,9.404157,4,9.679265e-04
1882,9.409157,0,7.699001e-04
1883,9.414157,1,8.075717e-04
1884,9.419157,1,8.472370e-04
1885,9.424157,1,9.143099e-04
1886,9.429157,1,8.941691e-04
1887,9.434157,0,8.744969e-04
1888,9.439157,0,8.567826e-04
1889,9.444157,1,7.874865e-04
1890,9.449157,0,6.971622e-04
1891,9.454157,0,9.706507e-04
1892,9.459157,1,7.145482e-04
1893,9.464157,0,6.855574e-04
1894,9.469157,0,7.966968e-04
1895,9.474157,0,9.581343e-04
1896,9.479157,0,9.680374e-04
1897,9.484157,1,8.147531e-04
1898,9.489157,3,9.567827e-04
1899,9.494157,1,8.419647e-04
1900,9.499157,1,9.551812e-04
1901,9.504157,0,8.952305e-04
1902,9.509157,0,9.897895e-04
1903,9.514157,0,9.930748e-04
1904,9.519157,0,9.030607e-04
1905,9.524157,0,9.647885e-04
1906,9.529157,0,9.527805e-04
1907,9.534157,1,9.136452e-04
1908,9.539157,0,9.552612e-04
1909,9.544157,1,8.179934e-04
1910,9.549157,0,9.973026e-04
1911,9.554157,0,8.278697e-04
1912,9.559157,0,7.990171e-04
1913,9.564157,1,7.755898e-04
1914,9.569157,1,7.388199e-04
1915,9.574157,1,8.839237e-04
1916,9.579157,0,9.609089e-04
1917,9.584157,0,9.709223e-04
1918,9.589157,0,8.622782e-04
1919,9.594157,1,8.754773e-04
1920,9.599157,0,7.432257e-04
1921,9.604157,1,6.357488e-04
1922,9.609157,0,9.460144e-04
1923,9.614157,0,8.003799e-04
1924,9.619157,1,8.128598e-04
1925,9.624157,3,9.735231e-04
1926,9.629157,1,8.942660e-04
1927,9.634157,1,9.048031e-04
1928,9.639157,1,9.956086e-04
1929,9.644157,0,8.090757e-04
1930,9.649157,0,9.083159e-04
1931,9.654157,0,8.990751e-04
1932,9.659157,1,6.235240e-04
1933,9.664157,0,8.770899e-04
1934,9.669157,0,9.341795e-04
1935,9.674157,0,6.917038e-04
1936,9.679157,0,9.594329e-04
1937,9.684157,1,8.037275e-04
1938,9.689157,1,8.935932e-04
1939,9.694157,1,8.540239e-04
1940,9.699157,1,9.697372e-04
1941,9.704157,1,9.653454e-04
1942,9.709157,0,7.973553e-04
1943,9.714157,3,9.228449e-04
1944,9.719157,1,8.858808e-04
1945,9.724157,1,9.736442e-04
1946,9.729157,0,8.413333e-04
1947,9.734157,0,8.335568e-04
1948,9.739157,1,8.517022e-04
1949,9.744157,0,7.978714e-04
1950,9.749157,0,7.449004e-04
1951,9.754157,1,7.107336e-04
1952,9.759157,0,9.893806e-04
1953,9.764157,0,9.008139e-04
1954,9.769157,0,8.482956e-04
1955,9.774157,1,7.039692e-04
1956,9.779157,0,8.802887e-04
1957,9.784157,0,9.918173e-04
1958,9.789157,0,8.464154e-04
1959,9.794157,3,8.037873e-04
1960,9.799157,0,9.414137e-04
1961,9.804157,1,9.673299e-04
1962,9.809157,0,8.705722e-04
1963,9.814157,0,9.820244e-04
1964,9.819157,0,7.957035e-04
1965,9.824157,1,7.448372e-04
1966,9.829157,0,8.102413e-04
1967,9.834157,1,6.705125e-04
1968,9.839157,0,9.871625e-04
1969,9.844157,1,9.085353e-04
1970,9.849157,1,7.868342e-04
1971,9.854157,0,7.636709e-04
1972,9.859157,0,8.343656e-04
1973,9.864157,0,9.564264e-04
1974,9.869157,0,9.720470e-04
1975,9.874157,0,9.397253e-04
1976,9.879157,1,6.693850e-04
1977,9.884157,1,9.324826e-04
1978,9.889157,1,7.167335e-04
1979,9.894157,0,8.077589e-04
1980,9.899157,0,9.849694e-04
1981,9.904157,0,9.554999e-04
1982,9.909157,0,9.752275e-04
1983,9.914157,0,8.299548e-04
1984,9.919157,1,6.700456e-04
1985,9.924157,0,9.721133e-04
1986,9.929157,0,8.599994e-04
1987,9.934157,3,9.002194e-04
1988,9.939157,1,8.756551e-04
1989,9.944157,0,9.852243e-04
1990,9.949157,0,8.810952e-04
1991,9.954157,1,7.126401e-04
1992,9.959157,1,8.846424e-04
1993,9.964157,1,9.515608e-04
1994,9.969157,0,9.961297e-04
1995,9.974157,1,7.282285e-04
1996,9.979157,0,7.065474e-04
1997,9.984157,0,7.529625e-04
1998,9.989157,1,8.327075e-04
1999,9.994157,0,9.690629e-04
2000,9.999157,0,7.081425e-04
2001,10.004157,1,9.696398e-04
2002,10.009157,6,9.182469e-04
2003,10.014157,1,9.421678e-04
2004,10.019157,0,8.353429e-04
2005,10.024157,1,6.914891e-04
2006,10.029157,1,9.090219e-04
2007,10.034157,1,8.937556e-04
2008,10.039157,0,9.693224e-04
2009,10.044157,0,9.228856e-04
2010,10.049157,0,8.801911e-04
2011,10.054157,0,9.005296e-04
2012,10.059157,1,7.794133e-04
2013,10.064157,0,9.273410e-04
2014,10.069157,1,7.702004e-04
2015,10.074157,3,9.025082e-04
2016,10.079157,1,7.766691e-04
2017,10.084157,0,8.045159e-04
2018,10.089157,0,9.213863e-04
2019,10.094157,0,8.696269e-04
2020,10.099157,1,8.186637e-04
2021,10.104157,1,8.256353e-04
2022,10.109157,0,9.547438e-04
2023,10.114157,2,9.045858e-04
2024,10.119157,1,7.133381e-04
2025,10.124157,1,8.591707e-04
2026,10.129157,0,9.312214e-04
2027,10.134157,0,9.623041e-04
2028,10.139157,2,9.330308e-04
2029,10.144157,0,8.562315e-04
2030,10.149157,1,7.701758e-04
2031,10.154157,0,9.539351e-04
2032,10.159157,0,9.127063e-04
2033,10.164157,1,8.030955e-04
2034,10.169157,0,9.151235e-04
2035,10.174157,1,8.536028e-04
2036,10.179157,0,8.161000e-04
2037,10.184157,1,6.094462e-04
2038,10.189157,0,9.752650e-04
2039,10.194157,4,9.112322e-04
2040,10.199157,2,9.260736e-04
2041,10.204157,1,9.504141e-04
2042,10.209157,0,7.301864e-04
2043,10.214157,1,5.394239e-04
2044,10.219157,0,9.037307e-04
2045,10.224157,0,7.099526e-04
2046,10.229157,1,5.903130e-04
2047,10.234157,0,9.084436e-04
2048,10.239157,3,9.055660e-04
2049,10.244157,1,8.522980e-04
2050,10.249157,3,9.218994e-04
2051,10.254157,1,7.801373e-04
2052,10.259157,1,9.279377e-04
2053,10.264157,0,9.877545e-04
2054,10.269157,0,9.436389e-04
2055,10.274157,0,9.539845e-04
2056,10.279157,1,8.668781e-04
2057,10.284157,0,9.605460e-04
2058,10.289157,0,9.109019e-04
2059,10.294157,0,8.221033e-04
2060,10.299157,1,7.247183e-04
2061,10.304157,0,8.296628e-04
2062,10.309157,1,9.695757e-04
2063,10.314157,0,9.556008e-04
2064,10.319157,1,7.350329e-04
2065,10.324157,0,9.189659e-04
2066,10.329157,0,8.506647e-04
2067,10.334157,1,8.198116e-04
2068,10.339157,1,9.584432e-04
2069,10.344157,0,9.535608e-04
2070,10.349157,0,9.142166e-04
2071,10.354157,0,9.502426e-04
2072,10.359157,1,8.042287e-04
2073,10.364157,1,8.285978e-04
2074,10.369157,0,7.679889e-04
2075,10.374157,0,6.918684e-04
2076,10.379157,0,8.869845e-04
2077,10.384157,1,9.215719e-04
2078,10.389157,1,9.017802e-04
2079,10.394157,0,9.855114e-04
2080,10.399157,0,9.635145e-04
2081,10.404157,1,8.089715e-04
2082,10.409157,0,7.058960e-04
2083,10.414157,0,9.782899e-04
2084,10.419157,1,7.920459e-04
2085,10.424157,1,6.601911e-04
2086,10.429157,0,9.542565e-04
2087,10.434157,0,9.741944e-04
2088,10.439157,0,9.972080e-04
2089,10.444157,0,8.358154e-04
2090,10.449157,1,6.352598e-04
2091,10.454157,0,8.717250e-04
2092,10.459157,0,7.499450e-04
2093,10.464157,1,7.854388e-04
2094,10.469157,1,8.358923e-04
2095,10.474157,0,9.937184e-04
2096,10.479157,2,9.524657e-04
2097,10.484157,1,6.579530e-04
2098,10.489157,0,9.825201e-04
2099,10.494157,5,9.893758e-04
2100,10.499157,0,7.857084e-04
2101,10.504157,1,6.924009e-04
2102,10.509157,0,9.725501e-04
2103,10.514157,4,9.745394e-04
2104,10.519157,2,9.605355e-04
2105,10.524157,1,8.956969e-04
2106,10.529157,0,8.955051e-04
2107,10.534157,0,8.875963e-04
2108,10.539157,0,9.369494e-04
2109,10.544157,0,9.335035e-04
2110,10.549157,0,7.730764e-04
2111,10.554157,0,9.339918e-04
2112,10.559157,1,7.627730e-04
2113,10.564157,1,8.401021e-04
2114,10.569157,1,8.550012e-04
2115,10.574157,0,7.831330e-04
2116,10.579157,0,8.554060e-04
2117,10.584157,0,9.724592e-04
2118,10.589157,0,8.794022e-04
2119,10.594157,1,8.766557e-04
2120,10.599157,3,9.774477e-04
2121,10.604157,0,7.591141e-04
2122,10.609157,1,7.269140e-04
2123,10.614157,0,9.889230e-04
2124,10.619157,1,9.312873e-04
2125,10.624157,1,9.678774e-04
2126,10.629157,0,7.287541e-04
2127,10.634157,1,9.394072e-04
2128,10.639157,0,9.771011e-04
2129,10.644157,0,8.715818e-04
2130,10.649157,1,8.250137e-04
2131,10.654157,0,7.975287e-04
2132,10.659157,1,8.076734e-04
2133,10.664157,0,8.485289e-04
2134,10.669157,1,7.895083e-04
2135,10.674157,0,7.714677e-04
2136,10.679157,0,8.697658e-04
2137,10.684157,2,8.899378e-04
2138,10.689157,0,9.560829e-04
2139,10.694157,2,9.752508e-04
2140,10.699157,1,7.838834e-04
2141,10.704157,0,8.559530e-04
2142,10.709157,0,9.799264e-04
2143,10.714157,0,8.705963e-04
2144,10.719157,2,9.137332e-04
2145,10.724157,0,8.282805e-04
2146,10.729157,0,9.565292e-04
2147,10.734157,3,9.995494e-04
2148,10.739157,2,8.995619e-04
2149,10.744157,1,8.728780e-04
2150,10.749157,0,9.759581e-04
2151,10.754157,0,9.844913e-04
2152,10.759157,0,8.635142e-04
2153,10.764157,1,9.840634e-04
2154,10.769157,1,9.590359e-04
2155,10.774157,4,9.129947e-04
2156,10.779157,0,9.084518e-04
2157,10.784157,3,9.185828e-04
2158,10.789157,3,8.790869e-04
2159,10.794157,1,7.558822e-04
2160,10.799157,0,8.277028e-04
2161,10.804157,0,8.913571e-04
2162,10.809157,0,9.915061e-04
2163,10.814157,0,9.471548e-04
2164,10.819157,0,9.649352e-04
2165,10.824157,0,8.496660e-04
2166,10.829157,0,8.678398e-04
2167,10.834157,0,9.224425e-04
2168,10.839157,0,9.847556e-04
2169,10.844157,1,8.402405e-04
2170,10.849157,0,8.521581e-04
2171,10.854157,1,7.228182e-04
2172,10.859157,0,9.893869e-04
2173,10.864157,1,8.478911e-04
2174,10.869157,0,7.614010e-04
2175,10.874157,1,8.349714e-04
2176,10.879157,1,9.937841e-04
2177,10.884157,0,9.786384e-04
2178,10.889157,0,9.808752e-04
2179,10.894157,2,9.210431e-04
2180,10.899157,1,7.991424e-04
2181,10.904157,3,9.469366e-04
2182,10.909157,1,6.322729e-04
2183,10.914157,0,9.781411e-04
2184,10.919157,0,7.175129e-04
2185,10.924157,0,9.933076e-04
2186,10.929157,2,9.535809e-04
2187,10.934157,1,8.508663e-04
2188,10.939157,1,8.930898e-04
2189,10.944157,0,9.928851e-04
2190,10.949157,1,9.285833e-04
2191,10.954157,0,8.477721e-04
2192,10.959157,0,9.305542e-04
2193,10.964157,0,7.525267e-04
2194,10.969157,1,8.562720e-04
2195,10.974157,0,8.420366e-04
2196,10.979157,0,9.951645e-04
2197,10.984157,0,8.907818e-04
2198,10.989157,1,6.338771e-04
2199,10.994157,0,9.483927e-04
2200,10.999157,0,8.040380e-04
2201,11.004157,1,7.941643e-04
2202,11.009157,1,9.218952e-04
2203,11.014157,1,9.383909e-04
2204,11.019157,1,9.555217e-04
2205,11.024157,0,7.157446e-04
2206,11.029157,1,9.438674e-04
2207,11.034157,0,9.037002e-04
2208,11.039157,1,6.613803e-04
2209,11.044157,1,9.629179e-04
2210,11.049157,1,8.621322e-04
2211,11.054157,0,8.924068e-04
2212,11.059157,0,9.178595e-04
2213,11.064157,0,9.302216e-04
2214,11.069157,0,9.919084e-04
2215,11.074157,1,9.256492e-04
2216,11.079157,1,9.913306e-04
2217,11.084157,0,9.543762e-04
2218,11.089157,0,9.273888e-04
2219,11.094157,1,7.337345e-04
2220,11.099157,0,9.893784e-04
2221,11.104157,0,8.835369e-04
2222,11.109157,0,8.759519e-04
2223,11.114157,1,7.233978e-04
2224,11.119157,1,7.976449e-04
2225,11.124157,1,8.521390e-04
2226,11.129157,0,8.447598e-04
2227,11.134157,1,7.262799e-04
2228,11.139157,0,9.652898e-04
2229,11.144157,0,8.295448e-04
2230,11.149157,1,7.655251e-04
2231,11.154157,0,7.939501e-04
2232,11.159157,1,7.475885e-04
2233,11.164157,4,9.072221e-04
2234,11.169157,2,9.084505e-04
2235,11.174157,1,8.868626e-04
2236,11.179157,0,8.971581e-04
2237,11.184157,0,9.725453e-04
2238,11.189157,0,8.610754e-04
2239,11.194157,1,7.677370e-04
2240,11.199157,0,8.374726e-04
2241,11.204157,0,7.519881e-04
2242,11.209157,0,8.393946e-04
2243,11.214157,0,9.878884e-04
2244,11.219157,1,7.998349e-04
2245,11.224157,2,7.474987e-04
2246,11.229157,1,6.943007e-04
2247,11.234157,0,9.134864e-04
2248,11.239157,0,8.642651e-04
2249,11.244157,0,9.302978e-04
2250,11.249157,2,9.836434e-04
2251,11.254157,1,8.870067e-04
2252,11.259157,0,7.646752e-04
2253,11.264157,1,7.761325e-04
2254,11.269157,1,9.193150e-04
2255,11.274157,0,9.766179e-04
2256,11.279157,0,7.783500e-04
2257,11.284157,0,7.723005e-04
2258,11.289157,0,8.076630e-04
2259,11.294157,0,8.482811e-04
2260,11.299157,0,8.947406e-04
2261,11.304157,0,9.459071e-04
2262,11.309157,0,9.077090e-04
2263,11.314157,1,7.486832e-04
2264,11.319157,1,9.501573e-04
2265,11.324157,1,8.243329e-04
2266,11.329157,0,9.019612e-04
2267,11.334157,0,8.992043e-04
2268,11.339157,0,9.425905e-04
2269,11.344157,0,9.929980e-04
2270,11.349157,0,8.131663e-04
2271,11.354157,1,7.207826e-04
2272,11.359157,0,7.053536e-04
2273,11.364157,0,9.675163e-04
2274,11.369157,1,7.335785e-04
2275,11.374157,1,7.912221e-04
2276,11.379157,0,8.804178e-04
2277,11.384157,0,9.930871e-04
2278,11.389157,0,9.941030e-04
2279,11.394157,0,9.759033e-04
2280,11.399157,0,9.634598e-04
2281,11.404157,0,7.831206e-04
2282,11.409157,0,8.254173e-04
2283,11.414157,0,9.764001e-04
2284,11.419157,5,9.609601e-04
2285,11.424157,0,7.661528e-04
2286,11.429157,1,7.361530e-04
2287,11.434157,0,9.058523e-04
2288,11.439157,0,7.722565e-04
2289,11.444157,0,8.457639e-04
2290,11.449157,0,9.425313e-04
2291,11.454157,0,7.821749e-04
2292,11.459157,2,8.951160e-04
2293,11.464157,1,8.766741e-04
2294,11.469157,0,8.688472e-04
2295,11.474157,0,9.794705e-04
2296,11.479157,0,8.312527e-04
2297,11.484157,1,7.034372e-04
2298,11.489157,4,9.721592e-04
2299,11.494157,2,9.666530e-04
2300,11.499157,0,9.345341e-04
2301,11.504157,0,9.720285e-04
2302,11.509157,0,9.947425e-04
2303,11.514157,0,9.909941e-04
2304,11.519157,2,6.851936e-04
2305,11.524157,1,7.497946e-04
2306,11.529157,1,8.437079e-04
2307,11.534157,3,8.143240e-04
2308,11.539157,0,9.282624e-04
2309,11.544157,2,8.706101e-04
2310,11.549157,1,7.231258e-04
2311,11.554157,0,8.573140e-04
2312,11.559157,0,9.209693e-04
2313,11.564157,0,9.449636e-04
2314,11.569157,0,9.517560e-04
2315,11.574157,0,8.778440e-04
2316,11.579157,0,8.816788e-04
2317,11.584157,0,9.036590e-04
2318,11.589157,0,9.379434e-04
2319,11.594157,0,9.824716e-04
2320,11.599157,0,9.405195e-04
2321,11.604157,0,8.442926e-04
2322,11.609157,1,7.626086e-04
2323,11.614157,0,8.475711e-04
2324,11.619157,1,6.359617e-04
2325,11.624157,0,9.370057e-04
2326,11.629157,0,9.652271e-04
2327,11.634157,1,7.381859e-04
2328,11.639157,0,7.113623e-04
2329,11.644157,0,6.760793e-04
2330,11.649157,0,8.262996e-04
2331,11.654157,1,7.202408e-04
2332,11.659157,2,9.214498e-04
2333,11.664157,1,8.257458e-04
2334,11.669157,0,8.884612e-04
2335,11.674157,0,9.045897e-04
2336,11.679157,0,9.561144e-04
2337,11.684157,1,9.201977e-04
2338,11.689157,0,8.560536e-04
2339,11.694157,0,7.927488e-04
2340,11.699157,1,7.408217e-04
2341,11.704157,0,8.005673e-04
2342,11.709157,0,9.481529e-04
2343,11.714157,0,9.985967e-04
2344,11.719157,1,8.389687e-04
2345,11.724157,4,8.614473e-04
2346,11.729157,1,8.944741e-04
2347,11.734157,2,9.265969e-04
2348,11.739157,0,9.459066e-04
2349,11.744157,0,9.534412e-04
2350,11.749157,2,7.655150e-04
2351,11.754157,1,9.693712e-04
2352,11.759157,0,9.892050e-04
2353,11.764157,0,9.639140e-04
2354,11.769157,0,8.875373e-04
2355,11.774157,1,8.559298e-04
2356,11.779157,0,9.945129e-04
2357,11.784157,0,8.658018e-04
2358,11.789157,1,8.208638e-04
2359,11.794157,0,7.892003e-04
2360,11.799157,0,9.997776e-04
2361,11.804157,0,7.952503e-04
2362,11.809157,0,9.359987e-04
2363,11.814157,1,9.606872e-04
2364,11.819157,1,8.870429e-04
2365,11.824157,0,7.622703e-04
2366,11.829157,0,9.169073e-04
2367,11.834157,2,8.427491e-04
2368,11.839157,1,7.713116e-04
2369,11.844157,1,7.370380e-04
2370,11.849157,0,9.151131e-04
2371,11.854157,0,9.788927e-04
2372,11.859157,0,9.025821e-04
2373,11.864157,0,9.101363e-04
2374,11.869157,0,9.827915e-04
2375,11.874157,1,8.001679e-04
2376,11.879157,0,7.671219e-04
2377,11.884157,0,9.916858e-04
2378,11.889157,0,9.166267e-04
2379,11.894157,3,9.653706e-04
2380,11.899157,1,8.538947e-04
2381,11.904157,0,7.693436e-04
2382,11.909157,0,8.440363e-04
2383,11.914157,0,9.553656e-04
2384,11.919157,0,8.692640e-04
2385,11.924157,0,7.329997e-04
2386,11.929157,1,6.320105e-04
2387,11.934157,0,9.501069e-04
2388,11.939157,0,6.844698e-04
2389,11.944157,0,9.284215e-04
2390,11.949157,0,8.151906e-04
2391,11.954157,1,7.923073e-04
2392,11.959157,1,8.252126e-04
2393,11.964157,0,9.252123e-04
2394,11.969157,0,8.586991e-04
2395,11.974157,0,8.726724e-04
2396,11.979157,0,9.392739e-04
2397,11.984157,0,9.733461e-04
2398,11.989157,0,9.991894e-04
2399,11.994157,1,7.705452e-04
2400,11.999157,0,8.890758e-04
2401,12.004157,1,8.372499e-04
2402,12.009157,0,7.403919e-04
2403,12.014157,1,6.734121e-04
2404,12.019157,0,9.919895e-04
2405,12.024157,0,6.751976e-04
2406,12.029157,0,6.510549e-04
2407,12.034157,0,8.458085e-04
2408,12.039157,2,9.295421e-04
2409,12.044157,1,8.227191e-04
2410,12.049157,1,9.225496e-04
2411,12.054157,1,8.987274e-04
2412,12.059157,0,8.426049e-04
2413,12.064157,0,8.816015e-04
2414,12.069157,0,9.903641e-04
2415,12.074157,2,9.631426e-04
2416,12.079157,3,8.415492e-04
2417,12.084157,1,8.748223e-04
2418,12.089157,0,9.359020e-04
2419,12.094157,0,9.728083e-04
2420,12.099157,0,8.340510e-04
2421,12.104157,0,8.312105e-04
2422,12.109157,0,8.729902e-04
2423,12.114157,0,9.177117e-04
2424,12.119157,0,9.669966e-04
2425,12.124157,0,8.589917e-04
2426,12.129157,0,8.147581e-04
2427,12.134157,0,7.278917e-04
2428,12.139157,0,8.700355e-04
2429,12.144157,1,7.299895e-04
2430,12.149157,2,9.284846e-04
2431,12.154157,1,8.577592e-04
2432,12.159157,0,8.399246e-04
2433,12.164157,0,9.289161e-04
2434,12.169157,0,9.680709e-04
2435,12.174157,0,9.439591e-04
2436,12.179157,0,9.617525e-04
2437,12.184157,0,8.213216e-04
2438,12.189157,1,7.670463e-04
2439,12.194157,3,9.498965e-04
2440,12.199157,1,7.054879e-04
2441,12.204157,0,9.576366e-04
2442,12.209157,2,8.044905e-04
2443,12.214157,0,8.213388e-04
2444,12.219157,2,7.869779e-04
2445,12.224157,1,7.391658e-04
2446,12.229157,0,9.270390e-04
2447,12.234157,0,8.454677e-04
2448,12.239157,0,8.657870e-04
2449,12.244157,0,9.332493e-04
2450,12.249157,0,9.410693e-04
2451,12.254157,1,8.746353e-04
2452,12.259157,0,8.022028e-04
2453,12.264157,1,6.856983e-04
2454,12.269157,1,8.303297e-04
2455,12.274157,4,9.326520e-04
2456,12.279157,1,8.794619e-04
2457,12.284157,3,9.800897e-04
2458,12.289157,1,8.433218e-04
2459,12.294157,1,9.442933e-04
2460,12.299157,0,9.382276e-04
2461,12.304157,0,8.698026e-04
2462,12.309157,0,8.734762e-04
2463,12.314157,0,9.254556e-04
2464,12.319157,0,9.861406e-04
2465,12.324157,0,6.937024e-04
2466,12.329157,1,7.073801e-04
2467,12.334157,3,8.103271e-04
2468,12.339157,1,6.489444e-04
2469,12.344157,0,8.699371e-04
2470,12.349157,0,8.971326e-04
2471,12.354157,2,8.021288e-04
2472,12.359157,1,8.811278e-04
2473,12.364157,3,9.385859e-04
2474,12.369157,1,6.430320e-04
2475,12.374157,0,8.938240e-04
2476,12.379157,0,8.736870e-04
2477,12.384157,0,8.542033e-04
2478,12.389157,0,8.765802e-04
2479,12.394157,0,9.215324e-04
2480,12.399157,0,9.790871e-04
2481,12.404157,0,8.389973e-04
2482,12.409157,3,8.723396e-04
2483,12.414157,0,9.977255e-04
2484,12.419157,1,9.108816e-04
2485,12.424157,0,8.827770e-04
2486,12.429157,0,9.500868e-04
2487,12.434157,0,9.946444e-04
2488,12.439157,0,8.766269e-04
2489,12.444157,1,6.410893e-04
2490,12.449157,0,9.610869e-04
2491,12.454157,6,9.450905e-04
2492,12.459157,0,6.897000e-04
2493,12.464157,0,9.340562e-04
2494,12.469157,4,9.341525e-04
2495,12.474157,2,6.335311e-04
2496,12.479157,0,8.874193e-04
2497,12.484157,0,8.477293e-04
2498,12.489157,2,7.191247e-04
2499,12.494157,0,9.506754e-04
2500,12.499157,0,8.231030e-04
2501,12.504157,0,9.973483e-04
2502,12.509157,0,9.207146e-04
2503,12.514157,2,5.651245e-04
2504,12.519157,0,9.247897e-04
2505,12.524157,2,7.009990e-04
2506,12.529157,1,7.246038e-04
2507,12.534157,0,8.052406e-04
2508,12.539157,0,8.600452e-04
2509,12.544157,0,9.605112e-04
2510,12.549157,0,9.682890e-04
2511,12.554157,0,9.884989e-04
2512,12.559157,0,9.400880e-04
2513,12.564157,0,9.351736e-04
2514,12.569157,0,9.704231e-04
2515,12.574157,2,8.203875e-04
2516,12.579157,2,8.933949e-04
2517,12.584157,1,6.606377e-04
2518,12.589157,0,8.364940e-04
2519,12.594157,0,9.988211e-04
2520,12.599157,4,9.346230e-04
2521,12.604157,3,8.320002e-04
2522,12.609157,1,7.705973e-04
2523,12.614157,0,8.713207e-04
2524,12.619157,0,9.989952e-04
2525,12.624157,2,9.783065e-04
2526,12.629157,1,8.076645e-04
2527,12.634157,0,9.121851e-04
2528,12.639157,0,8.635531e-04
2529,12.644157,0,9.374108e-04
2530,12.649157,1,9.266077e-04
2531,12.654157,0,9.077134e-04
2532,12.659157,1,9.878066e-04
2533,12.664157,0,7.599586e-04
2534,12.669157,0,9.811008e-04
2535,12.674157,1,6.204687e-04
2536,12.679157,0,7.245066e-04
2537,12.684157,0,8.119025e-04
2538,12.689157,0,9.115522e-04
2539,12.694157,0,9.871246e-04
2540,12.699157,0,8.147054e-04
2541,12.704157,0,8.839933e-04
2542,12.709157,0,9.450048e-04
2543,12.714157,0,9.880497e-04
2544,12.719157,0,9.168755e-04
2545,12.724157,0,8.923473e-04
2546,12.729157,0,9.162751e-04
2547,12.734157,0,9.499436e-04
2548,12.739157,0,9.781929e-04
2549,12.744157,0,7.965553e-04
2550,12.749157,4,9.633822e-04
2551,12.754157,2,8.731002e-04
2552,12.759157,1,7.559566e-04
2553,12.764157,0,9.764461e-04
2554,12.769157,0,8.769653e-04
2555,12.774157,2,9.684177e-04
2556,12.779157,0,7.298703e-04
2557,12.784157,1,7.265443e-04
2558,12.789157,0,9.636915e-04
2559,12.794157,0,9.671005e-04
2560,12.799157,0,9.886423e-04
2561,12.804157,1,7.832251e-04
2562,12.809157,3,9.328057e-04
2563,12.814157,1,8.919795e-04
2564,12.819157,3,9.002768e-04
2565,12.824157,0,9.998473e-04
2566,12.829157,2,8.113884e-04
2567,12.834157,1,6.370910e-04
2568,12.839157,0,8.140819e-04
2569,12.844157,0,9.426640e-04
2570,12.849157,0,9.403625e-04
2571,12.854157,0,9.021783e-04
2572,12.859157,0,9.154898e-04
2573,12.864157,0,9.642516e-04
2574,12.869157,2,8.744737e-04
2575,12.874157,1,8.888567e-04
2576,12.879157,1,8.152487e-04
2577,12.884157,0,8.749776e-04
2578,12.889157,0,9.363514e-04
2579,12.894157,0,9.227238e-04
2580,12.899157,0,9.435181e-04
2581,12.904157,0,8.823152e-04
2582,12.909157,1,7.354937e-04
2583,12.914157,3,9.683078e-04
2584,12.919157,2,9.132049e-04
2585,12.924157,1,6.722047e-04
2586,12.929157,0,9.998494e-04
2587,12.934157,0,9.702396e-04
2588,12.939157,0,7.770434e-04
2589,12.944157,0,8.355995e-04
2590,12.949157,0,9.230758e-04
2591,12.954157,0,7.046448e-04
2592,12.959157,1,8.941510e-04
2593,12.964157,1,9.917433e-04
2594,12.969157,0,6.529439e-04
2595,12.974157,0,9.548524e-04
2596,12.979157,1,8.361548e-04
2597,12.984157,3,9.827031e-04
2598,12.989157,1,6.896693e-04
2599,12.994157,0,9.752447e-04
2600,12.999157,2,8.225090e-04
2601,13.004157,0,8.231033e-04
2602,13.009157,0,9.610330e-04
2603,13.014157,2,5.442392e-04
2604,13.019157,0,9.519127e-04
2605,13.024157,2,7.051111e-04
2606,13.029157,0,9.926528e-04
2607,13.034157,0,9.559364e-04
2608,13.039157,1,8.932153e-04
2609,13.044157,0,7.780109e-04
2610,13.049157,1,7.736619e-04
2611,13.054157,0,7.577510e-04
2612,13.059157,0,9.484397e-04
2613,13.064157,1,7.817625e-04
2614,13.069157,0,9.273436e-04
2615,13.074157,0,9.590724e-04
2616,13.079157,0,8.534640e-04
2617,13.084157,0,8.865588e-04
2618,13.089157,0,9.245280e-04
2619,13.094157,0,9.582379e-04
2620,13.099157,0,9.952036e-04
2621,13.104157,1,8.853837e-04
2622,13.109157,0,9.017495e-04
2623,13.114157,0,9.205985e-04
2624,13.119157,1,7.760130e-04
2625,13.124157,0,8.333966e-04
2626,13.129157,1,8.024145e-04
2627,13.134157,1,9.079881e-04
2628,13.139157,0,8.646313e-04
2629,13.144157,0,8.121451e-04
2630,13.149157,1,7.539386e-04
2631,13.154157,0,8.172914e-04
2632,13.159157,1,6.077546e-04
2633,13.164157,0,8.365969e-04
2634,13.169157,3,9.019585e-04
2635,13.174157,1,7.889608e-04
2636,13.179157,2,9.849421e-04
2637,13.184157,0,9.991471e-04
2638,13.189157,0,9.015468e-04
2639,13.194157,2,7.537696e-04
2640,13.199157,1,8.986438e-04
2641,13.204157,1,9.134704e-04
2642,13.209157,0,9.311871e-04
2643,13.214157,0,9.180451e-04
2644,13.219157,0,9.357727e-04
2645,13.224157,0,9.895646e-04
2646,13.229157,1,9.007171e-04
2647,13.234157,0,8.709245e-04
2648,13.239157,0,8.876723e-04
2649,13.244157,0,9.624288e-04
2650,13.249157,0,8.257926e-04
2651,13.254157,0,8.288676e-04
2652,13.259157,1,6.339393e-04
2653,13.264157,0,9.182707e-04
2654,13.269157,0,8.805531e-04
2655,13.274157,1,8.687298e-04
2656,13.279157,0,9.328402e-04
2657,13.284157,1,7.808321e-04
2658,13.289157,0,9.994119e-04
2659,13.294157,0,8.155428e-04
2660,13.299157,1,7.648868e-04
2661,13.304157,1,8.125387e-04
2662,13.309157,0,7.670251e-04
2663,13.314157,0,8.193145e-04
2664,13.319157,0,9.451666e-04
2665,13.324157,1,9.839663e-04
2666,13.329157,0,8.442955e-04
2667,13.334157,0,9.128086e-04
2668,13.339157,0,9.127462e-04
2669,13.344157,0,9.708732e-04
2670,13.349157,0,9.293975e-04
2671,13.354157,0,9.669455e-04
2672,13.359157,1,8.756283e-04
2673,13.364157,0,8.464789e-04
2674,13.369157,1,6.199204e-04
2675,13.374157,0,9.377618e-04
2676,13.379157,0,9.706488e-04
2677,13.384157,1,8.204952e-04
2678,13.389157,0,8.004150e-04
2679,13.394157,0,9.146832e-04
2680,13.399157,1,9.598301e-04
2681,13.404157,1,8.910619e-04
2682,13.409157,1,8.066159e-04
2683,13.414157,0,8.329808e-04
2684,13.419157,0,9.681332e-04
2685,13.424157,0,9.052477e-04
2686,13.429157,0,9.571848e-04
2687,13.434157,0,8.688174e-04
2688,13.439157,1,7.790520e-04
2689,13.444157,0,7.814753e-04
2690,13.449157,1,7.347938e-04
2691,13.454157,0,7.580871e-04
2692,13.459157,0,9.023231e-04
2693,13.464157,0,8.184007e-04
2694,13.469157,3,8.174442e-04
2695,13.474157,0,9.328326e-04
2696,13.479157,2,9.952757e-04
2697,13.484157,1,8.160823e-04
2698,13.489157,1,9.568158e-04
2699,13.494157,0,9.595102e-04
2700,13.499157,0,9.170355e-04
2701,13.504157,0,9.589549e-04
2702,13.509157,1,8.608439e-04
2703,13.514157,0,7.894330e-04
2704,13.519157,0,9.914972e-04
2705,13.524157,0,8.706795e-04
2706,13.529157,1,8.684657e-04
2707,13.534157,3,9.542018e-04
2708,13.539157,1,9.256732e-04
2709,13.544157,4,9.251989e-04
2710,13.549157,2,7.905091e-04
2711,13.554157,0,9.500079e-04
2712,13.559157,0,9.076521e-04
2713,13.564157,2,7.893343e-04
2714,13.569157,1,8.598002e-04
2715,13.574157,0,9.996894e-04
2716,13.579157,0,8.315872e-04
2717,13.584157,0,8.475049e-04
2718,13.589157,0,9.062755e-04
2719,13.594157,0,9.692228e-04
2720,13.599157,0,9.269565e-04
2721,13.604157,1,7.871263e-04
2722,13.609157,0,7.384190e-04
2723,13.614157,0,9.952319e-04
2724,13.619157,0,7.696133e-04
2725,13.624157,0,8.811853e-04
2726,13.629157,1,8.217310e-04
2727,13.634157,0,9.648124e-04
2728,13.639157,0,9.992047e-04
2729,13.644157,0,9.908103e-04
2730,13.649157,0,9.969716e-04
2731,13.654157,2,6.737033e-04
2732,13.659157,1,9.052497e-04
2733,13.664157,1,7.980327e-04
2734,13.669157,0,8.793597e-04
2735,13.674157,0,9.744893e-04
2736,13.679157,0,8.558138e-04
2737,13.684157,3,8.919260e-04
2738,13.689157,1,8.046906e-04
2739,13.694157,0,9.542080e-04
2740,13.699157,0,8.918184e-04
2741,13.704157,0,9.024283e-04
2742,13.709157,0,9.806448e-04
2743,13.714157,0,7.297332e-04
2744,13.719157,1,7.577399e-04
2745,13.724157,0,9.417592e-04
2746,13.729157,0,8.594252e-04
2747,13.734157,0,9.648936e-04
2748,13.739157,2,8.860763e-04
2749,13.744157,0,8.065384e-04
2750,13.749157,2,8.457210e-04
2751,13.754157,1,6.835242e-04
2752,13.759157,0,8.477206e-04
2753,13.764157,0,9.904172e-04
2754,13.769157,2,8.659739e-04
2755,13.774157,1,7.377534e-04
2756,13.779157,0,9.888263e-04
2757,13.784157,2,7.493480e-04
2758,13.789157,0,8.625571e-04
2759,13.794157,0,9.209241e-04
2760,13.799157,2,4.338834e-04
2761,13.804157,0,9.292501e-04
2762,13.809157,1,8.122569e-04
2763,13.814157,1,5.660277e-04
2764,13.819157,0,8.885619e-04
2765,13.824157,0,6.090879e-04
2766,13.829157,0,8.091161e-04
2767,13.834157,0,6.517955e-04
2768,13.839157,0,7.512220e-04
2769,13.844157,0,8.574031e-04
2770,13.849157,0,9.350647e-04
2771,13.854157,0,9.977596e-04
2772,13.859157,2,7.156811e-04
2773,13.864157,1,9.213237e-04
2774,13.869157,1,7.515663e-04
2775,13.874157,0,7.896548e-04
2776,13.879157,0,8.516800e-04
2777,13.884157,0,9.488650e-04
2778,13.889157,0,8.383290e-04
2779,13.894157,0,8.517233e-04
2780,13.899157,0,9.245783e-04
2781,13.904157,0,9.861544e-04
2782,13.909157,0,8.716551e-04
2783,13.914157,0,9.161778e-04
2784,13.919157,0,9.786473e-04
2785,13.924157,2,9.608860e-04
2786,13.929157,0,8.006930e-04
2787,13.934157,3,9.370873e-04
2788,13.939157,2,9.047185e-04
2789,13.944157,0,9.952098e-04
2790,13.949157,0,9.314339e-04
2791,13.954157,2,6.946406e-04
2792,13.959157,1,5.616547e-04
2793,13.964157,0,8.040093e-04
2794,13.969157,1,6.603578e-04
2795,13.974157,0,8.147495e-04
2796,13.979157,0,8.930699e-04
2797,13.984157,0,9.029685e-04
2798,13.989157,0,9.121736e-04
2799,13.994157,0,9.830544e-04
2800,13.999157,0,9.515461e-04
2801,14.004157,0,7.416442e-04
2802,14.009157,1,7.242870e-04
2803,14.014157,1,9.665167e-04
2804,14.019157,1,8.499976e-04
2805,14.024157,1,9.526950e-04
2806,14.029157,0,7.516843e-04
2807,14.034157,0,7.842561e-04
2808,14.039157,0,8.490860e-04
2809,14.044157,0,9.104857e-04
2810,14.049157,0,9.652706e-04
2811,14.054157,0,8.897297e-04
2812,14.059157,0,6.178345e-04
2813,14.064157,1,8.415800e-04
2814,14.069157,0,8.158841e-04
2815,14.074157,0,6.996046e-04
2816,14.079157,0,7.960850e-04
2817,14.084157,0,9.546685e-04
2818,14.089157,1,9.201181e-04
2819,14.094157,1,9.900481e-04
2820,14.099157,1,7.119279e-04
2821,14.104157,0,9.318574e-04
2822,14.109157,0,9.150927e-04
2823,14.114157,0,9.253648e-04
2824,14.119157,0,9.999701e-04
2825,14.124157,2,9.494352e-04
2826,14.129157,2,9.017657e-04
2827,14.134157,1,8.651985e-04
2828,14.139157,0,8.891267e-04
2829,14.144157,0,9.167143e-04
2830,14.149157,2,7.316182e-04
2831,14.154157,1,8.119077e-04
2832,14.159157,1,8.130902e-04
2833,14.164157,2,9.202122e-04
2834,14.169157,0,7.121736e-04
2835,14.174157,0,6.367614e-04
2836,14.179157,0,8.542162e-04
2837,14.184157,2,8.242460e-04
2838,14.189157,0,9.237156e-04
2839,14.194157,2,6.973200e-04
2840,14.199157,1,5.934447e-04
2841,14.204157,0,9.540824e-04
2842,14.209157,0,8.060918e-04
2843,14.214157,0,7.058898e-04
2844,14.219157,0,7.352668e-04
2845,14.224157,0,8.096792e-04
2846,14.229157,0,8.852931e-04
2847,14.234157,0,9.585232e-04
2848,14.239157,1,9.610944e-04
2849,14.244157,0,8.944078e-04
2850,14.249157,0,7.113844e-04
2851,14.254157,0,8.153729e-04
2852,14.259157,0,9.471345e-04
2853,14.264157,2,9.557665e-04
2854,14.269157,1,8.012249e-04
2855,14.274157,1,7.787167e-04
2856,14.279157,0,9.040990e-04
2857,14.284157,0,9.886452e-04
2858,14.289157,0,9.004262e-04
2859,14.294157,0,9.166804e-04
2860,14.299157,0,9.659211e-04
2861,14.304157,2,6.988359e-04
2862,14.309157,1,8.034370e-04
2863,14.314157,0,9.294202e-04
2864,14.319157,2,7.946219e-04
2865,14.324157,0,8.544780e-04
2866,14.329157,0,9.326517e-04
2867,14.334157,2,5.295855e-04
2868,14.339157,1,4.194822e-04
2869,14.344157,0,6.484024e-04
2870,14.349157,0,9.009500e-04
2871,14.354157,1,8.288843e-04
2872,14.359157,0,8.443079e-04
2873,14.364157,0,9.224306e-04
2874,14.369157,0,9.332820e-04
2875,14.374157,0,9.098660e-04
2876,14.379157,0,9.326356e-04
2877,14.384157,0,9.606164e-04
2878,14.389157,0,9.922382e-04
2879,14.394157,0,9.168504e-04
2880,14.399157,0,8.757151e-04
2881,14.404157,0,8.832006e-04
2882,14.409157,0,9.014763e-04
2883,14.414157,0,9.273756e-04
2884,14.419157,0,9.581773e-04
2885,14.424157,0,9.920899e-04
2886,14.429157,0,9.910193e-04
2887,14.434157,0,9.220002e-04
2888,14.439157,1,7.807670e-04
2889,14.444157,0,7.119319e-04
2890,14.449157,3,9.284721e-04
2891,14.454157,1,8.607081e-04
2892,14.459157,0,9.801984e-04
2893,14.464157,1,8.818190e-04
2894,14.469157,0,8.008693e-04
2895,14.474157,1,8.626249e-04
2896,14.479157,0,8.403494e-04
2897,14.484157,0,9.347562e-04
2898,14.489157,0,8.716205e-04
2899,14.494157,0,8.929766e-04
2900,14.499157,0,9.756098e-04
2901,14.504157,0,9.317701e-04
2902,14.509157,0,9.612984e-04
2903,14.514157,0,9.981284e-04
2904,14.519157,0,9.328933e-04
2905,14.524157,0,9.533434e-04
2906,14.529157,0,9.836771e-04
2907,14.534157,0,7.792598e-04
2908,14.539157,2,8.279192e-04
2909,14.544157,0,8.919769e-04
2910,14.549157,0,8.442145e-04
2911,14.554157,4,8.145625e-04
2912,14.559157,0,5.716636e-04
2913,14.564157,0,9.597924e-04
2914,14.569157,1,8.766252e-04
2915,14.574157,1,9.030611e-04
2916,14.579157,1,9.254936e-04
2917,14.584157,0,9.977189e-04
2918,14.589157,0,8.634360e-04
2919,14.594157,0,8.796304e-04
2920,14.599157,0,9.533364e-04
2921,14.604157,0,9.219474e-04
2922,14.609157,1,7.754317e-04
2923,14.614157,0,7.710597e-04
2924,14.619157,1,8.249407e-04
2925,14.624157,0,8.237152e-04
2926,14.629157,0,9.817623e-04
2927,14.634157,0,9.909795e-04
2928,14.639157,0,9.656328e-04
2929,14.644157,1,8.514232e-04
2930,14.649157,0,8.240495e-04
2931,14.654157,1,7.567115e-04
2932,14.659157,3,9.200726e-04
2933,14.664157,1,8.378986e-04
2934,14.669157,2,9.439557e-04
2935,14.674157,0,9.123621e-04
2936,14.679157,0,9.867432e-04
2937,14.684157,0,9.639755e-04
2938,14.689157,1,8.363618e-04
2939,14.694157,0,9.995337e-04
2940,14.699157,0,9.266968e-04
2941,14.704157,2,7.437956e-04
2942,14.709157,1,9.598286e-04
2943,14.714157,1,7.749707e-04
2944,14.719157,0,9.208480e-04
2945,14.724157,0,8.521115e-04
2946,14.729157,0,8.653309e-04
2947,14.734157,0,9.336100e-04
2948,14.739157,0,8.889727e-04
2949,14.744157,1,7.648619e-04
2950,14.749157,3,9.732644e-04
2951,14.754157,2,9.136770e-04
2952,14.759157,1,7.871664e-04
2953,14.764157,0,9.797578e-04
2954,14.769157,0,8.921867e-04
2955,14.774157,0,9.379941e-04
2956,14.779157,3,7.557503e-04
2957,14.784157,0,6.939426e-04
2958,14.789157,1,8.335374e-04
2959,14.794157,1,8.515536e-04
2960,14.799157,0,9.959831e-04
2961,14.804157,0,7.694963e-04
2962,14.809157,0,7.934356e-04
2963,14.814157,0,8.689640e-04
2964,14.819157,0,9.490933e-04
2965,14.824157,0,7.194192e-04
2966,14.829157,3,8.975202e-04
2967,14.834157,1,7.757225e-04
2968,14.839157,6,9.908301e-04
2969,14.844157,3,9.706680e-04
2970,14.849157,1,7.764574e-04
2971,14.854157,0,8.644450e-04
2972,14.859157,0,9.764710e-04
2973,14.864157,2,8.925829e-04
2974,14.869157,1,8.218997e-04
2975,14.874157,0,9.500765e-04
2976,14.879157,0,8.890270e-04
2977,14.884157,0,9.668458e-04
2978,14.889157,2,7.522802e-04
2979,14.894157,1,9.428054e-04
2980,14.899157,1,8.510751e-04
2981,14.904157,0,9.027258e-04
2982,14.909157,0,9.801139e-04
2983,14.914157,0,9.061100e-04
2984,14.919157,0,9.556115e-04
2985,14.924157,2,7.284361e-04
2986,14.929157,0,8.571052e-04
2987,14.934157,2,7.360688e-04
2988,14.939157,0,9.449466e-04
2989,14.944157,0,8.399804e-04
2990,14.949157,0,9.848570e-04
2991,14.954157,2,6.523323e-04
2992,14.959157,1,6.333005e-04
2993,14.964157,0,9.878631e-04
2994,14.969157,1,7.592644e-04
2995,14.974157,0,8.678994e-04
2996,14.979157,0,9.706063e-04
2997,14.984157,0,9.699525e-04
2998,14.989157,0,9.930605e-04
2999,14.994157,2,7.896996e-04
3000,14.999157,1,5.978845e-04
3001,15.004157,0,9.549288e-04
3002,15.009157,3,7.815843e-04
3003,15.014157,1,6.767786e-04
3004,15.019157,0,8.822962e-04
3005,15.024157,2,6.665449e-04
3006,15.029157,0,9.229375e-04
3007,15.034157,0,7.915820e-04
3008,15.039157,2,4.444824e-04
3009,15.044157,0,8.354954e-04
3010,15.049157,2,6.553156e-04
3011,15.054157,1,5.107897e-04
3012,15.059157,0,8.226476e-04
3013,15.064157,0,7.988154e-04
3014,15.069157,0,9.972661e-04
3015,15.074157,0,8.511060e-04
3016,15.079157,0,9.394024e-04
3017,15.084157,0,8.125406e-04
3018,15.089157,0,8.261226e-04
3019,15.094157,0,8.541250e-04
3020,15.099157,0,8.689041e-04
3021,15.104157,0,8.792925e-04
3022,15.109157,0,8.891225e-04
3023,15.114157,0,8.998039e-04
3024,15.119157,0,9.116458e-04
3025,15.124157,0,9.245500e-04
3026,15.129157,0,9.383014e-04
3027,15.134157,0,9.526802e-04
3028,15.139157,0,9.674980e-04
3029,15.144157,0,9.826064e-04
3030,15.149157,0,9.978941e-04
3031,15.154157,0,9.886324e-04
3032,15.159157,0,7.587305e-04
3033,15.164157,0,7.051163e-04
3034,15.169157,0,6.882650e-04
3035,15.174157,0,6.826240e-04
3036,15.179157,0,6.879892e-04
3037,15.184157,0,7.022166e-04
3038,15.189157,0,7.231373e-04
3039,15.194157,0,7.488443e-04
3040,15.199157,0,7.778063e-04
3041,15.204157,0,8.088551e-04
3042,15.209157,0,8.411295e-04
3043,15.214157,0,8.740095e-04
3044,15.219157,0,9.070580e-04
3045,15.224157,0,9.399736e-04
3046,15.229157,0,9.725545e-04
3047,15.234157,0,8.952181e-04
3048,15.239157,2,9.013887e-04
3049,15.244157,0,9.062322e-04
3050,15.249157,2,7.389168e-04
3051,15.254157,1,6.689707e-04
3052,15.259157,0,9.983855e-04
3053,15.264157,1,8.419069e-04
3054,15.269157,0,7.117951e-04
3055,15.274157,0,8.014656e-04
3056,15.279157,0,9.174950e-04
3057,15.284157,0,7.676260e-04
3058,15.289157,0,9.907080e-04
3059,15.294157,0,8.738444e-04
3060,15.299157,0,9.236827e-04
3061,15.304157,2,7.838951e-04
3062,15.309157,1,7.645786e-04
3063,15.314157,1,7.204205e-04
3064,15.319157,0,7.395440e-04
3065,15.324157,0,8.400513e-04
3066,15.329157,0,9.526404e-04
3067,15.334157,2,8.930294e-04
3068,15.339157,1,7.016314e-04
3069,15.344157,0,8.786216e-04
3070,15.349157,0,9.695566e-04
3071,15.354157,0,9.631676e-04
3072,15.359157,0,9.817740e-04
3073,15.364157,0,9.865386e-04
3074,15.369157,0,9.931650e-04
3075,15.374157,0,9.075560e-04
3076,15.379157,0,8.878763e-04
3077,15.384157,0,8.836062e-04
3078,15.389157,0,8.900235e-04
3079,15.394157,0,9.049159e-04
3080,15.399157,0,9.266243e-04
3081,15.404157,0,9.537844e-04
3082,15.409157,0,9.852814e-04
3083,15.414157,0,8.647533e-04
3084,15.419157,3,9.875125e-04
3085,15.424157,1,7.777331e-04
3086,15.429157,0,8.760090e-04
3087,15.434157,0,9.372558e-04
3088,15.439157,1,7.194837e-04
3089,15.444157,0,6.391933e-04
3090,15.449157,1,7.746982e-04
3091,15.454157,1,7.287945e-04
3092,15.459157,0,8.903388e-04
3093,15.464157,0,9.010638e-04
3094,15.469157,0,9.616114e-04
3095,15.474157,2,8.999435e-04
3096,15.479157,0,9.534604e-04
3097,15.484157,0,8.656908e-04
3098,15.489157,2,6.227658e-04
3099,15.494157,1,6.008220e-04
3100,15.499157,0,7.731720e-04
3101,15.504157,0,9.448119e-04
3102,15.509157,2,8.771506e-04
3103,15.514157,1,7.668968e-04
3104,15.519157,0,8.748936e-04
3105,15.524157,0,8.679788e-04
3106,15.529157,0,9.331940e-04
3107,15.534157,1,9.785694e-04
3108,15.539157,0,9.792588e-04
3109,15.544157,1,9.027401e-04
3110,15.549157,0,8.313187e-04
3111,15.554157,0,9.717328e-04
3112,15.559157,0,7.246167e-04
3113,15.564157,0,7.154320e-04
3114,15.569157,0,7.490310e-04
3115,15.574157,0,7.930880e-04
3116,15.579157,0,8.456186e-04
3117,15.584157,0,9.028921e-04
3118,15.589157,0,9.622948e-04
3119,15.594157,2,8.359039e-04
3120,15.599157,1,7.453440e-04
3121,15.604157,1,7.956729e-04
3122,15.609157,1,8.717450e-04
3123,15.614157,0,8.315004e-04
3124,15.619157,0,9.039871e-04
3125,15.624157,0,8.940663e-04
3126,15.629157,0,9.222327e-04
3127,15.634157,0,9.977382e-04
3128,15.639157,2,8.405537e-04
3129,15.644157,2,8.112558e-04
3130,15.649157,0,9.406781e-04
3131,15.654157,2,7.700451e-04
3132,15.659157,1,7.210792e-04
3133,15.664157,0,8.278700e-04
3134,15.669157,0,9.344839e-04
3135,15.674157,0,8.879385e-04
3136,15.679157,0,9.726441e-04
3137,15.684157,2,7.527995e-04
3138,15.689157,1,8.145640e-04
3139,15.694157,1,7.029853e-04
3140,15.699157,0,8.433182e-04
3141,15.704157,0,9.231467e-04
3142,15.709157,2,7.398127e-04
3143,15.714157,0,9.162340e-04
3144,15.719157,2,7.730501e-04
3145,15.724157,1,5.789697e-04
3146,15.729157,0,9.514610e-04
3147,15.734157,0,9.104701e-04
3148,15.739157,0,8.454351e-04
3149,15.744157,0,8.809795e-04
3150,15.749157,0,9.681705e-04
3151,15.754157,2,8.920523e-04
3152,15.759157,1,6.849641e-04
3153,15.764157,1,8.808544e-04
3154,15.769157,1,7.829275e-04
3155,15.774157,0,8.118236e-04
3156,15.779157,0,8.700768e-04
3157,15.784157,0,9.766140e-04
3158,15.789157,0,9.414448e-04
3159,15.794157,0,9.805330e-04
3160,15.799157,0,9.884365e-04
3161,15.804157,0,9.165771e-04
3162,15.809157,0,9.148224e-04
3163,15.814157,0,9.234501e-04
3164,15.819157,0,9.416136e-04
3165,15.824157,0,9.673757e-04
3166,15.829157,0,9.991533e-04
3167,15.834157,3,8.809726e-04
3168,15.839157,2,9.105648e-04
3169,15.844157,4,8.207325e-04
3170,15.849157,2,7.219347e-04
3171,15.854157,0,9.958596e-04
3172,15.859157,0,8.937500e-04
3173,15.864157,0,9.524786e-04
3174,15.869157,0,8.674514e-04
3175,15.874157,0,9.146672e-04
3176,15.879157,0,9.452748e-04
3177,15.884157,0,9.751191e-04
3178,15.889157,2,8.097301e-04
3179,15.894157,1,6.258030e-04
3180,15.899157,0,9.097084e-04
3181,15.904157,0,9.476810e-04
3182,15.909157,1,8.584112e-04
3183,15.914157,1,7.259273e-04
3184,15.919157,0,7.931966e-04
3185,15.924157,0,9.562157e-04
3186,15.929157,2,7.363466e-04
3187,15.934157,1,5.336460e-04
3188,15.939157,0,8.756811e-04
3189,15.944157,0,9.676354e-04
3190,15.949157,0,7.589220e-04
3191,15.954157,0,8.396020e-04
3192,15.959157,0,9.296890e-04
3193,15.964157,1,9.962683e-04
3194,15.969157,0,9.143640e-04
3195,15.974157,0,6.210237e-04
3196,15.979157,0,7.265432e-04
3197,15.984157,0,8.941108e-04
3198,15.989157,2,5.657725e-04
3199,15.994157,0,9.710420e-04
3200,15.999157,2,5.946383e-04
3201,16.004157,0,9.731632e-04
3202,16.009157,1,8.464846e-04
3203,16.014157,0,9.438762e-04
3204,16.019157,0,9.664571e-04
3205,16.024157,0,7.061750e-04
3206,16.029157,0,7.007358e-04
3207,16.034157,0,7.374772e-04
3208,16.039157,0,7.803301e-04
3209,16.044157,0,8.256177e-04
3210,16.049157,0,8.714273e-04
3211,16.054157,0,9.168914e-04
3212,16.059157,0,9.615722e-04
3213,16.064157,1,7.726793e-04
3214,16.069157,1,8.409091e-04
3215,16.074157,0,8.579319e-04
3216,16.079157,0,8.922634e-04
3217,16.084157,0,9.942082e-04
3218,16.089157,1,6.723150e-04
3219,16.094157,0,7.029993e-04
3220,16.099157,0,6.818681e-04
3221,16.104157,0,8.347607e-04
3222,16.109157,0,9.746757e-04
3223,16.114157,2,6.977620e-04
3224,16.119157,1,7.025587e-04
3225,16.124157,0,8.080190e-04
3226,16.129157,0,9.610861e-04
3227,16.134157,0,9.888998e-04
3228,16.139157,0,8.079307e-04
3229,16.144157,0,7.839458e-04
3230,16.149157,0,7.980140e-04
3231,16.154157,0,8.216660e-04
3232,16.159157,0,8.532183e-04
3233,16.164157,0,8.901246e-04
3234,16.169157,0,9.305185e-04
3235,16.174157,0,9.731130e-04
3236,16.179157,0,6.346657e-04
3237,16.184157,1,7.280187e-04
3238,16.189157,1,6.471696e-04
3239,16.194157,0,9.180793e-04
3240,16.199157,0,8.016044e-04
3241,16.204157,0,8.996777e-04
3242,16.209157,2,8.912796e-04
3243,16.214157,1,6.441134e-04
3244,16.219157,1,8.289523e-04
3245,16.224157,2,9.650770e-04
3246,16.229157,0,8.724547e-04
3247,16.234157,0,6.557392e-04
3248,16.239157,0,8.524450e-04
3249,16.244157,2,7.851662e-04
3250,16.249157,0,9.972005e-04
3251,16.254157,2,5.735790e-04
3252,16.259157,0,9.127778e-04
3253,16.264157,0,9.882977e-04
3254,16.269157,0,8.622216e-04
3255,16.274157,0,8.400751e-04
3256,16.279157,0,9.595823e-04
3257,16.284157,0,9.969471e-04
3258,16.289157,0,8.344756e-04
3259,16.294157,0,8.783955e-04
3260,16.299157,0,9.032519e-04
3261,16.304157,0,9.277633e-04
3262,16.309157,0,9.587270e-04
3263,16.314157,0,9.952126e-04
3264,16.319157,2,9.053333e-04
3265,16.324157,1,7.727759e-04
3266,16.329157,1,6.266342e-04
3267,16.334157,0,9.553589e-04
3268,16.339157,3,9.113807e-04
3269,16.344157,1,7.928363e-04
3270,16.349157,1,8.813522e-04
3271,16.354157,0,9.004213e-04
3272,16.359157,0,9.779391e-04
3273,16.364157,2,8.770707e-04
3274,16.369157,1,5.536282e-04
3275,16.374157,0,8.724384e-04
3276,16.379157,0,9.846534e-04
3277,16.384157,2,5.655388e-04
3278,16.389157,0,9.119746e-04
3279,16.394157,2,9.639245e-04
3280,16.399157,1,5.179297e-04
3281,16.404157,0,9.490636e-04
3282,16.409157,0,9.770215e-04
3283,16.414157,0,9.561902e-04
3284,16.419157,2,5.501972e-04
3285,16.424157,0,9.892714e-04
3286,16.429157,2,8.102433e-04
3287,16.434157,1,5.158081e-04
3288,16.439157,0,9.560822e-04
3289,16.444157,0,9.907719e-04
3290,16.449157,0,8.899933e-04
3291,16.454157,0,9.931070e-04
3292,16.459157,0,9.074870e-04
3293,16.464157,0,9.412785e-04
3294,16.469157,0,9.943807e-04
3295,16.474157,0,8.274537e-04
3296,16.479157,0,8.451988e-04
3297,16.484157,0,8.798140e-04
3298,16.489157,0,9.022557e-04
3299,16.494157,0,9.211985e-04
3300,16.499157,0,9.401007e-04
3301,16.504157,0,9.601084e-04
3302,16.509157,0,9.813456e-04
3303,16.514157,0,9.923450e-04
3304,16.519157,0,7.640853e-04
3305,16.524157,0,7.109361e-04
3306,16.529157,0,6.908609e-04
3307,16.534157,0,6.794647e-04
3308,16.539157,0,6.781082e-04
3309,16.544157,0,6.853902e-04
3310,16.549157,0,6.995120e-04
3311,16.554157,0,7.187150e-04
3312,16.559157,0,7.414824e-04
3313,16.564157,0,7.665899e-04
3314,16.569157,0,7.930899e-04
3315,16.574157,0,8.202710e-04
3316,16.579157,0,8.476113e-04
3317,16.584157,0,8.747357e-04
3318,16.589157,0,9.013817e-04
3319,16.594157,0,9.273703e-04
3320,16.599157,0,9.525853e-04
3321,16.604157,0,9.769568e-04
3322,16.609157,1,8.349296e-04
3323,16.614157,1,9.417306e-04
3324,16.619157,0,8.706786e-04
3325,16.624157,0,9.650455e-04
3326,16.629157,0,9.551869e-04
3327,16.634157,1,7.554793e-04
3328,16.639157,0,8.918123e-04
3329,16.644157,2,5.506999e-04
3330,16.649157,1,4.810563e-04
3331,16.654157,0,7.778114e-04
3332,16.659157,0,8.014997e-04
3333,16.664157,0,9.943844e-04
3334,16.669157,0,8.248403e-04
3335,16.674157,0,9.084170e-04
3336,16.679157,0,9.972321e-04
3337,16.684157,0,8.604578e-04
3338,16.689157,0,9.115144e-04
3339,16.694157,0,9.645284e-04
3340,16.699157,0,9.952627e-04
3341,16.704157,0,8.014401e-04
3342,16.709157,0,8.428237e-04
3343,16.714157,0,8.882354e-04
3344,16.719157,0,9.143615e-04
3345,16.724157,0,9.335235e-04
3346,16.729157,0,9.513796e-04
3347,16.734157,0,9.701246e-04
3348,16.739157,0,9.903835e-04
3349,16.744157,0,9.885660e-04
3350,16.749157,0,9.026880e-04
3351,16.754157,0,9.004875e-04
3352,16.759157,0,9.119956e-04
3353,16.764157,0,9.182565e-04
3354,16.769157,0,9.238841e-04
3355,16.774157,0,9.300335e-04
3356,16.779157,0,9.369590e-04
3357,16.784157,0,9.445976e-04
3358,16.789157,0,9.528014e-04
3359,16.794157,0,9.614152e-04
3360,16.799157,0,9.703002e-04
3361,16.804157,0,9.793392e-04
3362,16.809157,0,9.884361e-04
3363,16.814157,0,9.975126e-04
3364,16.819157,2,9.530227e-04
3365,16.824157,2,8.973548e-04
3366,16.829157,1,6.327428e-04
3367,16.834157,0,6.907842e-04
3368,16.839157,0,9.026863e-04
3369,16.844157,4,9.774143e-04
3370,16.849157,1,8.061983e-04
3371,16.854157,3,8.411031e-04
3372,16.859157,1,8.913934e-04
3373,16.864157,1,8.896512e-04
3374,16.869157,1,9.371575e-04
3375,16.874157,0,8.856361e-04
3376,16.879157,0,9.213721e-04
3377,16.884157,0,8.767622e-04
3378,16.889157,0,8.718774e-04
3379,16.894157,0,9.237549e-04
3380,16.899157,0,9.699361e-04
3381,16.904157,2,8.196883e-04
3382,16.909157,2,7.539511e-04
3383,16.914157,0,9.922283e-04
3384,16.919157,1,7.832384e-04
3385,16.924157,0,9.479710e-04
3386,16.929157,0,9.279133e-04
3387,16.934157,2,9.049517e-04
3388,16.939157,1,6.672610e-04
3389,16.944157,0,8.441099e-04
3390,16.949157,0,9.769250e-04
3391,16.954157,3,8.574027e-04
3392,16.959157,1,7.437070e-04
3393,16.964157,2,9.559542e-04
3394,16.969157,1,8.268108e-04
3395,16.974157,0,9.226409e-04
3396,16.979157,0,7.896764e-04
3397,16.984157,0,8.150656e-04
3398,16.989157,0,8.830931e-04
3399,16.994157,0,9.546664e-04
3400,16.999157,1,9.815897e-04
3401,17.004157,0,8.103464e-04
3402,17.009157,0,9.729469e-04
3403,17.014157,2,3.842480e-04
3404,17.019157,0,8.207767e-04
3405,17.024157,1,7.803940e-04
3406,17.029157,1,4.993036e-04
3407,17.034157,0,9.020273e-04
3408,17.039157,0,7.187349e-04
3409,17.044157,0,7.558280e-04
3410,17.049157,0,8.030506e-04
3411,17.054157,0,8.724089e-04
3412,17.059157,0,9.354830e-04
3413,17.064157,0,9.942439e-04
3414,17.069157,1,8.999295e-04
3415,17.074157,0,8.201357e-04
3416,17.079157,0,6.991282e-04
3417,17.084157,0,8.319508e-04
3418,17.089157,0,9.824872e-04
3419,17.094157,1,9.164214e-04
3420,17.099157,0,7.988570e-04
3421,17.104157,1,8.100125e-04
3422,17.109157,0,6.458056e-04
3423,17.114157,0,8.236603e-04
3424,17.119157,0,9.777215e-04
3425,17.124157,1,6.249360e-04
3426,17.129157,0,6.380612e-04
3427,17.134157,0,8.937192e-04
3428,17.139157,1,6.144921e-04
3429,17.144157,0,9.926151e-04
3430,17.149157,0,9.376320e-04
3431,17.154157,0,6.638114e-04
3432,17.159157,0,7.035332e-04
3433,17.164157,0,7.470764e-04
3434,17.169157,0,7.781541e-04
3435,17.174157,0,8.040760e-04
3436,17.179157,0,8.270284e-04
3437,17.184157,0,8.477086e-04
3438,17.189157,0,8.664861e-04
3439,17.194157,0,8.836860e-04
3440,17.199157,0,8.996182e-04
3441,17.204157,0,9.145617e-04
3442,17.209157,0,9.287537e-04
3443,17.214157,0,9.423864e-04
3444,17.219157,0,9.556109e-04
3445,17.224157,0,9.685424e-04
3446,17.229157,0,9.812671e-04
3447,17.234157,0,9.938480e-04
3448,17.239157,1,9.527210e-04
3449,17.244157,1,6.832594e-04
3450,17.249157,0,7.056109e-04
3451,17.254157,0,8.022439e-04
3452,17.259157,0,8.844799e-04
3453,17.264157,0,9.523312e-04
3454,17.269157,0,9.101617e-04
3455,17.274157,0,7.053269e-04
3456,17.279157,0,7.093551e-04
3457,17.284157,0,7.415491e-04
3458,17.289157,0,7.760987e-04
3459,17.294157,0,8.125026e-04
3460,17.299157,0,8.496331e-04
3461,17.304157,0,8.867115e-04
3462,17.309157,0,9.233120e-04
3463,17.314157,0,9.592528e-04
3464,17.319157,0,9.944900e-04
3465,17.324157,3,7.710253e-04
3466,17.329157,1,8.722714e-04
3467,17.334157,3,6.276241e-04
3468,17.339157,0,9.172317e-04
3469,17.344157,2,7.884655e-04
3470,17.349157,0,7.828029e-04
3471,17.354157,0,8.497004e-04
3472,17.359157,0,9.796571e-04
3473,17.364157,2,6.507845e-04
3474,17.369157,1,6.118518e-04
3475,17.374157,0,9.645348e-04
3476,17.379157,0,9.810131e-04
3477,17.384157,0,7.707251e-04
3478,17.389157,0,7.794003e-04
3479,17.394157,0,8.475511e-04
3480,17.399157,0,9.216698e-04
3481,17.404157,0,9.982550e-04
3482,17.409157,3,6.382891e-04
3483,17.414157,1,9.087343e-04
3484,17.419157,1,8.021021e-04
3485,17.424157,0,9.635127e-04
3486,17.429157,0,9.272977e-04
3487,17.434157,0,9.618610e-04
3488,17.439157,2,9.630981e-04
3489,17.444157,1,7.934674e-04
3490,17.449157,3,8.895978e-04
3491,17.454157,0,9.971812e-04
3492,17.459157,0,9.473018e-04
3493,17.464157,1,9.397156e-04
3494,17.469157,0,8.808674e-04
3495,17.474157,1,7.522303e-04
3496,17.479157,0,7.773494e-04
3497,17.484157,0,9.869441e-04
3498,17.489157,1,6.354459e-04
3499,17.494157,0,7.889149e-04
3500,17.499157,0,7.625569e-04
3501,17.504157,0,8.425235e-04
3502,17.509157,0,9.016003e-04
3503,17.514157,0,9.481831e-04
3504,17.519157,0,9.938141e-04
3505,17.524157,0,9.542563e-04
3506,17.529157,0,6.781550e-04
3507,17.534157,0,6.869533e-04
3508,17.539157,0,7.262538e-04
3509,17.544157,0,7.744775e-04
3510,17.549157,0,8.289670e-04
3511,17.554157,0,8.851599e-04
3512,17.559157,0,9.401142e-04
3513,17.564157,0,9.923309e-04
3514,17.569157,0,8.861009e-04
3515,17.574157,0,7.946647e-04
3516,17.579157,1,8.012345e-04
3517,17.584157,0,9.059988e-04
3518,17.589157,0,9.347701e-04
3519,17.594157,0,8.978134e-04
3520,17.599157,0,9.211095e-04
3521,17.604157,0,9.713434e-04
3522,17.609157,0,7.817890e-04
3523,17.614157,1,7.337843e-04
3524,17.619157,4,9.281637e-04
3525,17.624157,2,9.083428e-04
3526,17.629157,0,9.825132e-04
3527,17.634157,0,9.158294e-04
3528,17.639157,2,8.025498e-04
3529,17.644157,1,7.098487e-04
3530,17.649157,0,9.519738e-04
3531,17.654157,0,8.861452e-04
3532,17.659157,0,9.795656e-04
3533,17.664157,2,9.523443e-04
3534,17.669157,1,7.476938e-04
3535,17.674157,1,9.517966e-04
3536,17.679157,1,8.767860e-04
3537,17.684157,0,8.941627e-04
3538,17.689157,0,9.492209e-04
3539,17.694157,0,8.596768e-04
3540,17.699157,0,8.737702e-04
3541,17.704157,0,9.213991e-04
3542,17.709157,0,9.612463e-04
3543,17.714157,0,9.992205e-04
3544,17.719157,2,8.033780e-04
3545,17.724157,2,8.705041e-04
3546,17.729157,0,7.153049e-04
3547,17.734157,0,9.009212e-04
3548,17.739157,2,9.462345e-04
3549,17.744157,1,9.145789e-04
3550,17.749157,0,9.646525e-04
3551,17.754157,2,8.405178e-04
3552,17.759157,1,6.829216e-04
3553,17.764157,0,8.615748e-04
3554,17.769157,0,9.978919e-04
3555,17.774157,0,8.576484e-04
3556,17.779157,0,8.976215e-04
3557,17.784157,0,9.649567e-04
3558,17.789157,2,7.803289e-04
3559,17.794157,1,7.408093e-04
3560,17.799157,3,7.082951e-04
3561,17.804157,0,9.341521e-04
3562,17.809157,0,8.406273e-04
3563,17.814157,0,9.398278e-04
3564,17.819157,1,6.790493e-04
3565,17.824157,1,7.116476e-04
3566,17.829157,0,9.491888e-04
3567,17.834157,0,9.483235e-04
3568,17.839157,1,9.357857e-04
3569,17.844157,0,5.770109e-04
3570,17.849157,0,9.447327e-04
3571,17.854157,2,4.800033e-04
3572,17.859157,0,9.618462e-04
3573,17.864157,1,9.910891e-04
3574,17.869157,1,3.755588e-04
3575,17.874157,0,6.146273e-04
3576,17.879157,0,8.695700e-04
3577,17.884157,0,5.899838e-04
3578,17.889157,0,9.162449e-04
3579,17.894157,0,7.453969e-04
3580,17.899157,0,8.697043e-04
3581,17.904157,0,5.716627e-04
3582,17.909157,0,5.849135e-04
3583,17.914157,0,6.200086e-04
3584,17.919157,0,6.458533e-04
3585,17.924157,0,6.685252e-04
3586,17.929157,0,6.904376e-04
3587,17.934157,0,7.124684e-04
3588,17.939157,0,7.347890e-04
3589,17.944157,0,7.573025e-04
3590,17.949157,0,7.798343e-04
3591,17.954157,0,8.022095e-04
3592,17.959157,0,8.242814e-04
3593,17.964157,0,8.459381e-04
3594,17.969157,0,8.671007e-04
3595,17.974157,0,8.877184e-04
3596,17.979157,0,9.077628e-04
3597,17.984157,0,9.272230e-04
3598,17.989157,0,9.461010e-04
3599,17.994157,0,9.644080e-04
3600,17.999157,0,9.821620e-04
3601,18.004157,0,9.993853e-04
3602,18.009157,0,9.142962e-04
3603,18.014157,1,8.335627e-04
3604,18.019157,0,7.838075e-04
3605,18.024157,1,8.134544e-04
3606,18.029157,1,9.219862e-04
3607,18.034157,0,7.194513e-04
3608,18.039157,0,9.386459e-04
3609,18.044157,0,8.049242e-04
3610,18.049157,0,9.929795e-04
3611,18.054157,2,6.055113e-04
3612,18.059157,2,6.994317e-04
3613,18.064157,0,7.925541e-04
3614,18.069157,0,7.522210e-04
3615,18.074157,0,8.991782e-04
3616,18.079157,2,7.652182e-04
3617,18.084157,1,9.078433e-04
3618,18.089157,1,7.179479e-04
3619,18.094157,0,9.017365e-04
3620,18.099157,0,8.526264e-04
3621,18.104157,0,8.675921e-04
3622,18.109157,0,9.271782e-04
3623,18.114157,0,9.869142e-04
3624,18.119157,2,8.858421e-04
3625,18.124157,1,8.991171e-04
3626,18.129157,1,9.743386e-04
3627,18.134157,1,9.227342e-04
3628,18.139157,0,9.983657e-04
3629,18.144157,0,8.391782e-04
3630,18.149157,0,8.161664e-04
3631,18.154157,0,8.530221e-04
3632,18.159157,0,8.946574e-04
3633,18.164157,0,9.413717e-04
3634,18.169157,0,9.917808e-04
3635,18.174157,2,9.622554e-04
3636,18.179157,2,7.447378e-04
3637,18.184157,1,7.022989e-04
3638,18.189157,3,6.588429e-04
3639,18.194157,0,8.086637e-04
3640,18.199157,0,9.531113e-04
3641,18.204157,2,6.491833e-04
3642,18.209157,1,7.663194e-04
3643,18.214157,0,8.168131e-04
3644,18.219157,0,9.727983e-04
3645,18.224157,2,7.818720e-04
3646,18.229157,1,5.900644e-04
3647,18.234157,0,9.435544e-04
3648,18.239157,0,8.433731e-04
3649,18.244157,0,8.436444e-04
3650,18.249157,0,9.681073e-04
3651,18.254157,2,7.271078e-04
3652,18.259157,0,9.234867e-04
3653,18.264157,2,6.668596e-04
3654,18.269157,0,9.688377e-04
3655,18.274157,0,8.167309e-04
3656,18.279157,0,9.534466e-04
3657,18.284157,1,8.347021e-04
3658,18.289157,0,7.614986e-04
3659,18.294157,1,6.211764e-04
3660,18.299157,0,9.073488e-04
3661,18.304157,0,8.975790e-04
3662,18.309157,0,7.436159e-04
3663,18.314157,0,8.088991e-04
3664,18.319157,0,8.558598e-04
3665,18.324157,0,8.902498e-04
3666,18.329157,0,9.222833e-04
3667,18.334157,0,9.540362e-04
3668,18.339157,0,9.857707e-04
3669,18.344157,1,9.314780e-04
3670,18.349157,0,8.227002e-04
3671,18.354157,0,8.532000e-04
3672,18.359157,0,9.977808e-04
3673,18.364157,1,8.766812e-04
3674,18.369157,0,7.479324e-04
3675,18.374157,1,6.780196e-04
3676,18.379157,0,9.399774e-04
3677,18.384157,0,9.313420e-04
3678,18.389157,0,8.080361e-04
3679,18.394157,0,8.695893e-04
3680,18.399157,0,9.125168e-04
3681,18.404157,0,9.419239e-04
3682,18.409157,0,9.683095e-04
3683,18.414157,0,9.941544e-04
3684,18.419157,0,9.504007e-04
3685,18.424157,0,6.547148e-04
3686,18.429157,0,6.264526e-04
3687,18.434157,0,6.278970e-04
3688,18.439157,0,6.426617e-04
3689,18.444157,0,6.687890e-04
3690,18.449157,0,7.020122e-04
3691,18.454157,0,7.387360e-04
3692,18.459157,0,7.764904e-04
3693,18.464157,0,8.137369e-04
3694,18.469157,0,8.495808e-04
3695,18.474157,0,8.835438e-04
3696,18.479157,0,9.154090e-04
3697,18.484157,0,9.451209e-04
3698,18.489157,0,9.727209e-04
3699,18.494157,0,9.983067e-04
3700,18.499157,1,6.568118e-04
3701,18.504157,1,7.360269e-04
3702,18.509157,0,7.800673e-04
3703,18.514157,0,7.994783e-04
3704,18.519157,0,8.385495e-04
3705,18.524157,0,8.770672e-04
3706,18.529157,0,9.166842e-04
3707,18.534157,0,9.569948e-04
3708,18.539157,0,9.974173e-04
3709,18.544157,0,9.686298e-04
3710,18.549157,0,9.727018e-04
3711,18.554157,0,9.849630e-04
3712,18.559157,0,9.904190e-04
3713,18.564157,0,9.955501e-04
3714,18.569157,0,6.912940e-04
3715,18.574157,0,6.857109e-04
3716,18.579157,0,6.927076e-04
3717,18.584157,0,6.957432e-04
3718,18.589157,0,6.995064e-04
3719,18.594157,0,7.052698e-04
3720,18.599157,0,7.130973e-04
3721,18.604157,0,7.226822e-04
3722,18.609157,0,7.336517e-04
3723,18.614157,0,7.456608e-04
3724,18.619157,0,7.584172e-04
3725,18.624157,0,7.716824e-04
3726,18.629157,0,7.852665e-04
3727,18.634157,0,7.990211e-04
3728,18.639157,0,8.128324e-04
3729,18.644157,0,8.266142e-04
3730,18.649157,0,8.403034e-04
3731,18.654157,0,8.538543e-04
3732,18.659157,0,8.672355e-04
3733,18.664157,0,8.804265e-04
3734,18.669157,0,8.934152e-04
3735,18.674157,0,9.061961e-04
3736,18.679157,0,9.187682e-04
3737,18.684157,0,9.311345e-04
3738,18.689157,0,9.433002e-04
3739,18.694157,0,9.552723e-04
3740,18.699157,0,9.670591e-04
3741,18.704157,0,9.786693e-04
3742,18.709157,0,9.901121e-04
3743,18.714157,2,9.752848e-04
3744,18.719157,1,8.771642e-04
3745,18.724157,1,6.282855e-04
3746,18.729157,0,8.393158e-04
3747,18.734157,2,8.860156e-04
3748,18.739157,0,9.497816e-04
3749,18.744157,0,9.827830e-04
3750,18.749157,2,6.800656e-04
3751,18.754157,1,6.827322e-04
3752,18.759157,0,6.876935e-04
3753,18.764157,0,8.230926e-04
3754,18.769157,0,9.831228e-04
3755,18.774157,2,6.917744e-04
3756,18.779157,1,6.357584e-04
3757,18.784157,0,9.487121e-04
3758,18.789157,0,8.245082e-04
3759,18.794157,0,7.128970e-04
3760,18.799157,0,7.820754e-04
3761,18.804157,0,8.737509e-04
3762,18.809157,0,9.638150e-04
3763,18.814157,2,9.723336e-04
3764,18.819157,1,6.615414e-04
3765,18.824157,1,8.761980e-04
3766,18.829157,1,7.480490e-04
3767,18.834157,0,7.573538e-04
3768,18.839157,0,8.353248e-04
3769,18.844157,0,9.356609e-04
3770,18.849157,0,7.808401e-04
3771,18.854157,0,8.387472e-04
3772,18.859157,0,9.221805e-04
3773,18.864157,0,9.888531e-04
3774,18.869157,2,7.551547e-04
3775,18.874157,0,7.784138e-04
3776,18.879157,2,8.301988e-04
3777,18.884157,0,9.765432e-04
3778,18.889157,1,8.816261e-04
3779,18.894157,0,6.190144e-04
3780,18.899157,0,8.759481e-04
3781,18.904157,0,9.534022e-04
3782,18.909157,0,7.223150e-04
3783,18.914157,0,7.927754e-04
3784,18.919157,0,8.630911e-04
3785,18.924157,0,9.236548e-04
3786,18.929157,0,9.837846e-04
3787,18.934157,2,9.393278e-04
3788,18.939157,1,8.165852e-04
3789,18.944157,1,6.365045e-04
3790,18.949157,0,7.242036e-04
3791,18.954157,0,9.059453e-04
3792,18.959157,2,9.024910e-04
3793,18.964157,0,9.174010e-04
3794,18.969157,0,9.871590e-04
3795,18.974157,2,6.659655e-04
3796,18.979157,1,6.878466e-04
3797,18.984157,0,8.417175e-04
3798,18.989157,1,9.829058e-04
3799,18.994157,0,7.674570e-04
3800,18.999157,0,7.291362e-04
3801,19.004157,0,8.013052e-04
3802,19.009157,0,8.629106e-04
3803,19.014157,0,9.143995e-04
3804,19.019157,0,9.657097e-04
3805,19.024157,0,8.070067e-04
3806,19.029157,0,7.820714e-04
3807,19.034157,0,7.941033e-04
3808,19.039157,0,8.192791e-04
3809,19.044157,0,8.528562e-04
3810,19.049157,0,8.919119e-04
3811,19.054157,0,9.341389e-04
3812,19.059157,0,9.778323e-04
3813,19.064157,2,9.995063e-04
3814,19.069157,1,6.426296e-04
3815,19.074157,0,7.974896e-04
3816,19.079157,0,9.739289e-04
3817,19.084157,1,8.818407e-04
3818,19.089157,0,9.095761e-04
3819,19.094157,0,9.139301e-04
3820,19.099157,0,9.962636e-04
3821,19.104157,0,9.757670e-04
3822,19.109157,0,9.518800e-04
3823,19.114157,2,7.838118e-04
3824,19.119157,1,7.170501e-04
3825,19.124157,0,8.045265e-04
3826,19.129157,0,9.830798e-04
3827,19.134157,3,8.874784e-04
3828,19.139157,1,9.590372e-04
3829,19.144157,2,9.131910e-04
3830,19.149157,0,9.712374e-04
3831,19.154157,0,6.680977e-04
3832,19.159157,0,7.932993e-04
3833,19.164157,0,9.549221e-04
3834,19.169157,2,9.784264e-04
3835,19.174157,0,7.720188e-04
3836,19.179157,1,7.477409e-04
3837,19.184157,0,8.291930e-04
3838,19.189157,0,9.216823e-04
3839,19.194157,0,9.849970e-04
3840,19.199157,0,9.634068e-04
3841,19.204157,0,9.566598e-04
3842,19.209157,0,9.110100e-04
3843,19.214157,0,9.567491e-04
3844,19.219157,0,9.981709e-04
3845,19.224157,2,7.595530e-04
3846,19.229157,1,5.804566e-04
3847,19.234157,0,9.848869e-04
3848,19.239157,2,9.496462e-04
3849,19.244157,1,8.891522e-04
3850,19.249157,0,9.698851e-04
3851,19.254157,0,9.303587e-04
3852,19.259157,0,9.983806e-04
3853,19.264157,1,7.343674e-04
3854,19.269157,1,5.001301e-04
3855,19.274157,0,8.525498e-04
3856,19.279157,0,9.284634e-04
3857,19.284157,0,9.121079e-04
3858,19.289157,0,8.917703e-04
3859,19.294157,0,9.217948e-04
3860,19.299157,0,9.649374e-04
3861,19.304157,2,6.363812e-04
3862,19.309157,0,9.429814e-04
3863,19.314157,2,6.730759e-04
3864,19.319157,0,9.931868e-04
3865,19.324157,1,8.375333e-04
3866,19.329157,0,8.679984e-04
3867,19.334157,0,8.760491e-04
3868,19.339157,0,9.062803e-04
3869,19.344157,0,9.675397e-04
3870,19.349157,1,8.349283e-04
3871,19.354157,0,9.909816e-04
3872,19.359157,0,8.435769e-04
3873,19.364157,0,7.874054e-04
3874,19.369157,0,9.301155e-04
3875,19.374157,2,4.308127e-04
3876,19.379157,0,8.983676e-04
3877,19.384157,2,7.569262e-04
3878,19.389157,1,4.950425e-04
3879,19.394157,0,8.984598e-04
3880,19.399157,0,8.405735e-04
3881,19.404157,0,8.091789e-04
3882,19.409157,0,8.799685e-04
3883,19.414157,0,9.647929e-04
3884,19.419157,0,5.047954e-04
3885,19.424157,0,6.911148e-04
3886,19.429157,0,9.820226e-04
3887,19.434157,0,9.533671e-04
3888,19.439157,1,6.369456e-04
3889,19.444157,0,5.190110e-04
3890,19.449157,0,7.571002e-04
3891,19.454157,1,9.121553e-04
3892,19.459157,0,6.694058e-04
3893,19.464157,0,7.008362e-04
3894,19.469157,0,7.903616e-04
3895,19.474157,0,8.866686e-04
3896,19.479157,0,9.869634e-04
3897,19.484157,1,8.498324e-04
3898,19.489157,0,5.716395e-04
3899,19.494157,0,8.794599e-04
3900,19.499157,1,8.399772e-04
3901,19.504157,0,6.716995e-04
3902,19.509157,0,8.903301e-04
3903,19.514157,1,5.762084e-04
3904,19.519157,0,5.503801e-04
3905,19.524157,0,7.956778e-04
3906,19.529157,0,9.920144e-04
3907,19.534157,0,9.355273e-04
3908,19.539157,0,4.732665e-04
3909,19.544157,0,4.461939e-04
3910,19.549157,0,5.150719e-04
3911,19.554157,0,6.011700e-04
3912,19.559157,0,6.857858e-04
3913,19.564157,0,7.625334e-04
3914,19.569157,0,8.297781e-04
3915,19.574157,0,8.877628e-04
3916,19.579157,0,9.374206e-04
3917,19.584157,0,9.798647e-04
3918,19.589157,0,9.741657e-04
3919,19.594157,0,4.250651e-04
3920,19.599157,0,6.167810e-04
3921,19.604157,0,8.482098e-04
3922,19.609157,0,7.845554e-04
3923,19.614157,0,9.067865e-04
3924,19.619157,0,8.806640e-04
3925,19.624157,0,8.830430e-04
3926,19.629157,0,9.116851e-04
3927,19.634157,0,9.405131e-04
3928,19.639157,0,9.683247e-04
3929,19.644157,0,9.939809e-04
3930,19.649157,0,7.664426e-04
3931,19.654157,0,6.660805e-04
3932,19.659157,0,6.252633e-04
3933,19.664157,0,6.125449e-04
3934,19.669157,0,6.170792e-04
3935,19.674157,0,6.303809e-04
3936,19.679157,0,6.471757e-04
3937,19.684157,0,6.645646e-04
3938,19.689157,0,6.811262e-04
3939,19.694157,0,6.962728e-04
3940,19.699157,0,7.098596e-04
3941,19.704157,0,7.219612e-04
3942,19.709157,0,7.327485e-04
3943,19.714157,0,7.424233e-04
3944,19.719157,0,7.511845e-04
3945,19.724157,0,7.592127e-04
3946,19.729157,0,7.666641e-04
3947,19.734157,0,7.736691e-04
3948,19.739157,0,7.803343e-04
3949,19.744157,0,7.867448e-04
3950,19.749157,0,7.929676e-04
3951,19.754157,0,7.990543e-04
3952,19.759157,0,8.050443e-04
3953,19.764157,0,8.109668e-04
3954,19.769157,0,8.168430e-04
3955,19.774157,0,8.226881e-04
3956,19.779157,0,8.285123e-04
3957,19.784157,0,8.343222e-04
3958,19.789157,0,8.401216e-04
3959,19.794157,0,8.459123e-04
3960,19.799157,0,8.516946e-04
3961,19.804157,0,8.574677e-04
3962,19.809157,0,8.632300e-04
3963,19.814157,0,8.689795e-04
3964,19.819157,0,8.747138e-04
3965,19.824157,0,8.804302e-04
3966,19.829157,0,8.861263e-04
3967,19.834157,0,8.917993e-04
3968,19.839157,0,8.974467e-04
3969,19.844157,0,9.030659e-04
3970,19.849157,0,9.086545e-04
3971,19.854157,0,9.142103e-04
3972,19.859157,0,9.197311e-04
3973,19.864157,0,9.252149e-04
3974,19.869157,0,9.306601e-04
3975,19.874157,0,9.360648e-04
3976,19.879157,0,9.414276e-04
3977,19.884157,0,9.467472e-04
3978,19.889157,0,9.520222e-04
3979,19.894157,0,9.572517e-04
3980,19.899157,0,9.624347e-04
3981,19.904157,0,9.675704e-04
3982,19.909157,0,9.726581e-04
3983,19.914157,0,9.776972e-04
3984,19.919157,0,9.826873e-04
3985,19.924157,0,9.876280e-04
3986,19.929157,0,9.925191e-04
3987,19.934157,0,9.973603e-04
3988,19.939157,3,8.370648e-04
3989,19.944157,1,8.283995e-04
3990,19.949157,3,9.441526e-04
3991,19.954157,1,9.008567e-04
3992,19.959157,1,8.731848e-04
3993,19.964157,0,9.327056e-04
3994,19.969157,0,9.042610e-04
3995,19.974157,0,9.152352e-04
3996,19.979157,0,9.838553e-04
3997,19.984157,0,7.933222e-04
3998,19.989157,1,6.135255e-04
3999,19.994157,1,8.511810e-04
4000,19.999157,1,8.477268e-04
4001,20.004157,0,9.382328e-04
4002,20.009157,0,9.396106e-04
4003,20.014157,0,9.909785e-04
4004,20.019157,0,8.450029e-04
4005,20.024157,1,6.111106e-04
4006,20.029157,3,9.123476e-04
4007,20.034157,1,9.163129e-04
4008,20.039157,2,9.776715e-04
4009,20.044157,0,9.084884e-04
4010,20.049157,0,8.351591e-04
4011,20.054157,0,8.439382e-04
4012,20.059157,0,8.703735e-04
4013,20.064157,0,9.221377e-04
4014,20.069157,0,9.854228e-04
4015,20.074157,3,9.896798e-04
4016,20.079157,2,8.731609e-04
4017,20.084157,0,9.604577e-04
4018,20.089157,0,9.385456e-04
4019,20.094157,2,9.081981e-04
4020,20.099157,1,7.871235e-04
4021,20.104157,0,8.807342e-04
4022,20.109157,0,9.732645e-04
4023,20.114157,2,7.233109e-04
4024,20.119157,1,6.072293e-04
4025,20.124157,0,9.261190e-04
4026,20.129157,1,8.976143e-04
4027,20.134157,0,9.550583e-04
4028,20.139157,0,9.891612e-04
4029,20.144157,0,8.022373e-04
4030,20.149157,0,7.796787e-04
4031,20.154157,0,8.065298e-04
4032,20.159157,0,8.413405e-04
4033,20.164157,0,8.823164e-04
4034,20.169157,0,9.276759e-04
4035,20.174157,0,9.762826e-04
4036,20.179157,0,7.657105e-04
4037,20.184157,1,6.514685e-04
4038,20.189157,0,8.786044e-04
4039,20.194157,0,8.758315e-04
4040,20.199157,2,6.205904e-04
4041,20.204157,0,9.954923e-04
4042,20.209157,1,7.536657e-04
4043,20.214157,1,6.663625e-04
4044,20.219157,0,7.460132e-04
4045,20.224157,0,8.340434e-04
4046,20.229157,0,9.639170e-04
4047,20.234157,2,9.050567e-04
4048,20.239157,1,8.634625e-04
4049,20.244157,1,7.533926e-04
4050,20.249157,0,9.053127e-04
4051,20.254157,2,9.917134e-04
4052,20.259157,0,9.881933e-04
4053,20.264157,2,7.493421e-04
4054,20.269157,1,6.124870e-04
4055,20.274157,0,9.621533e-04
4056,20.279157,1,5.399562e-04
4057,20.284157,0,7.076671e-04
4058,20.289157,0,7.942504e-04
4059,20.294157,0,8.910199e-04
4060,20.299157,0,9.679454e-04
4061,20.304157,0,8.042886e-04
4062,20.309157,0,8.131499e-04
4063,20.314157,0,8.797319e-04
4064,20.319157,0,9.362082e-04
4065,20.324157,0,9.830153e-04
4066,20.329157,0,8.259606e-04
4067,20.334157,0,8.435895e-04
4068,20.339157,0,8.963011e-04
4069,20.344157,0,9.331865e-04
4070,20.349157,0,9.594006e-04
4071,20.354157,0,9.793419e-04
4072,20.359157,0,9.959169e-04
4073,20.364157,0,9.088251e-04
4074,20.369157,0,9.337011e-04
4075,20.374157,0,9.837719e-04
4076,20.379157,0,8.180536e-04
4077,20.384157,0,8.115816e-04
4078,20.389157,0,8.316645e-04
4079,20.394157,0,8.423786e-04
4080,20.399157,0,8.484579e-04
4081,20.404157,0,8.526869e-04
4082,20.409157,0,8.566698e-04
4083,20.414157,0,8.611965e-04
4084,20.419157,0,8.666051e-04
4085,20.424157,0,8.729944e-04
4086,20.429157,0,8.803416e-04
4087,20.434157,0,8.885658e-04
4088,20.439157,0,8.975620e-04
4089,20.444157,0,9.072191e-04
4090,20.449157,0,9.174290e-04
4091,20.454157,0,9.280907e-04
4092,20.459157,0,9.391124e-04
4093,20.464157,0,9.504122e-04
4094,20.469157,0,9.619174e-04
4095,20.474157,0,9.735647e-04
4096,20.479157,0,9.852988e-04
4097,20.484157,0,9.970718e-04
4098,20.489157,0,9.858645e-04
4099,20.494157,0,8.591254e-04
4100,20.499157,1,6.819663e-04
4101,20.504157,0,9.089187e-04
4102,20.509157,0,8.491129e-04
4103,20.514157,1,7.581828e-04
4104,20.519157,1,9.553699e-04
4105,20.524157,1,7.771555e-04
4106,20.529157,0,9.738174e-04
4107,20.534157,0,8.808005e-04
4108,20.539157,0,8.855329e-04
4109,20.544157,0,9.452155e-04
4110,20.549157,0,8.668433e-04
4111,20.554157,1,8.483430e-04
4112,20.559157,2,9.002037e-04
4113,20.564157,1,7.845596e-04
4114,20.569157,1,7.975072e-04
4115,20.574157,0,9.214609e-04
4116,20.579157,0,9.433110e-04
4117,20.584157,2,9.745450e-04
4118,20.589157,0,8.586402e-04
4119,20.594157,0,9.048867e-04
4120,20.599157,0,9.915922e-04
4121,20.604157,2,7.804669e-04
4122,20.609157,2,8.853228e-04
4123,20.614157,0,8.501344e-04
4124,20.619157,0,7.929483e-04
4125,20.624157,0,8.873123e-04
4126,20.629157,0,9.707990e-04
4127,20.634157,2,7.229597e-04
4128,20.639157,1,7.837299e-04
4129,20.644157,0,9.158881e-04
4130,20.649157,0,8.602193e-04
4131,20.654157,0,9.312612e-04
4132,20.659157,1,8.940452e-04
4133,20.664157,0,9.473555e-04
4134,20.669157,2,8.764563e-04
4135,20.674157,1,7.556279e-04
4136,20.679157,0,7.548794e-04
4137,20.684157,0,8.322650e-04
4138,20.689157,0,9.349474e-04
4139,20.694157,0,8.743836e-04
4140,20.699157,0,9.201914e-04
4141,20.704157,0,9.685872e-04
4142,20.709157,0,8.234597e-04
4143,20.714157,0,8.495054e-04
4144,20.719157,0,8.790012e-04
4145,20.724157,0,9.007569e-04
4146,20.729157,0,9.220082e-04
4147,20.734157,0,9.447023e-04
4148,20.739157,0,9.691468e-04
4149,20.744157,0,9.951555e-04
4150,20.749157,0,7.586965e-04
4151,20.754157,1,7.725642e-04
4152,20.759157,2,8.242443e-04
4153,20.764157,1,7.013742e-04
4154,20.769157,0,9.228931e-04
4155,20.774157,0,9.148759e-04
4156,20.779157,0,9.016327e-04
4157,20.784157,1,6.272180e-04
4158,20.789157,0,9.667405e-04
4159,20.794157,3,7.915772e-04
4160,20.799157,1,9.110962e-04
4161,20.804157,1,9.461457e-04
4162,20.809157,1,8.362462e-04
4163,20.814157,0,8.582189e-04
4164,20.819157,0,8.795810e-04
4165,20.824157,0,9.564533e-04
4166,20.829157,0,9.565500e-04
4167,20.834157,0,9.946784e-04
4168,20.839157,0,9.319453e-04
4169,20.844157,0,9.394164e-04
4170,20.849157,0,9.534009e-04
4171,20.854157,0,9.745442e-04
4172,20.859157,1,7.070739e-04
4173,20.864157,0,9.843401e-04
4174,20.869157,2,9.386978e-04
4175,20.874157,1,6.693684e-04
4176,20.879157,0,7.413323e-04
4177,20.884157,0,8.865145e-04
4178,20.889157,2,8.034068e-04
4179,20.894157,0,9.156701e-04
4180,20.899157,0,8.161946e-04
4181,20.904157,2,6.267049e-04
4182,20.909157,1,7.448697e-04
4183,20.914157,0,9.828347e-04
4184,20.919157,0,7.564976e-04
4185,20.924157,0,7.847962e-04
4186,20.929157,0,8.600301e-04
4187,20.934157,0,9.395806e-04
4188,20.939157,1,8.411159e-04
4189,20.944157,0,9.909300e-04
4190,20.949157,2,8.448332e-04
4191,20.954157,0,8.105528e-04
4192,20.959157,0,8.029329e-04
4193,20.964157,0,9.624044e-04
4194,20.969157,1,8.976090e-04
4195,20.974157,0,9.106789e-04
4196,20.979157,1,8.165748e-04
4197,20.984157,0,6.912833e-04
4198,20.989157,0,9.479616e-04
4199,20.994157,1,6.463897e-04
4200,20.999157,0,7.571118e-04
4201,21.004157,0,8.959938e-04
4202,21.009157,0,7.399608e-04
4203,21.014157,0,7.645640e-04
4204,21.019157,0,7.966063e-04
4205,21.024157,0,8.244173e-04
4206,21.029157,0,8.538572e-04
4207,21.034157,0,8.852933e-04
4208,21.039157,0,9.180665e-04
4209,21.044157,0,9.514879e-04
4210,21.049157,0,9.850482e-04
4211,21.054157,2,7.740127e-04
4212,21.059157,1,7.182650e-04
4213,21.064157,0,9.397195e-04
4214,21.069157,0,6.602517e-04
4215,21.074157,0,7.345546e-04
4216,21.079157,0,8.512663e-04
4217,21.084157,0,9.742268e-04
4218,21.089157,1,8.686970e-04
4219,21.094157,1,8.205983e-04
4220,21.099157,0,9.581655e-04
4221,21.104157,0,6.740937e-04
4222,21.109157,0,7.640099e-04
4223,21.114157,0,9.084287e-04
4224,21.119157,1,7.732498e-04
4225,21.124157,0,8.570191e-04
4226,21.129157,2,7.897182e-04
4227,21.134157,0,8.317354e-04
4228,21.139157,0,7.931299e-04
4229,21.144157,0,9.841374e-04
4230,21.149157,0,9.959075e-04
4231,21.154157,0,7.398982e-04
4232,21.159157,0,8.093402e-04
4233,21.164157,0,8.524960e-04
4234,21.169157,0,8.958747e-04
4235,21.174157,0,9.451892e-04
4236,21.179157,0,9.981406e-04
4237,21.184157,1,9.738410e-04
4238,21.189157,1,7.139488e-04
4239,21.194157,0,5.816912e-04
4240,21.199157,0,7.806365e-04
4241,21.204157,0,9.760379e-04
4242,21.209157,2,7.232515e-04
4243,21.214157,1,5.979877e-04
4244,21.219157,0,9.717132e-04
4245,21.224157,0,8.420085e-04
4246,21.229157,0,9.339365e-04
4247,21.234157,1,7.900483e-04
4248,21.239157,0,7.981993e-04
4249,21.244157,0,9.965252e-04
4250,21.249157,2,3.655955e-04
4251,21.254157,0,8.549268e-04
4252,21.259157,1,6.748093e-04
4253,21.264157,1,4.391728e-04
4254,21.269157,0,7.465366e-04
4255,21.274157,0,4.945777e-04
4256,21.279157,0,6.983774e-04
4257,21.284157,0,9.199284e-04
4258,21.289157,0,7.060098e-04
4259,21.294157,0,8.495612e-04
4260,21.299157,0,6.397170e-04
4261,21.304157,0,6.385274e-04
4262,21.309157,0,6.648357e-04
4263,21.314157,0,6.846440e-04
4264,21.319157,0,6.993822e-04
4265,21.324157,0,7.114615e-04
4266,21.329157,0,7.225221e-04
4267,21.334157,0,7.334195e-04
4268,21.339157,0,7.445194e-04
4269,21.344157,0,7.559230e-04
4270,21.349157,0,7.676042e-04
4271,21.354157,0,7.794866e-04
4272,21.359157,0,7.914824e-04
4273,21.364157,0,8.035102e-04
4274,21.369157,0,8.155023e-04
4275,21.374157,0,8.274057e-04
4276,21.379157,0,8.391810e-04
4277,21.384157,0,8.508007e-04
4278,21.389157,0,8.622467e-04
4279,21.394157,0,8.735088e-04
4280,21.399157,0,8.845826e-04
4281,21.404157,0,8.954686e-04
4282,21.409157,0,9.061704e-04
4283,21.414157,0,9.166944e-04
4284,21.419157,0,9.270484e-04
4285,21.424157,0,9.372415e-04
4286,21.429157,0,9.472831e-04
4287,21.434157,0,9.571831e-04
4288,21.439157,0,9.669510e-04
4289,21.444157,0,9.765961e-04
4290,21.449157,0,9.861274e-04
4291,21.454157,0,9.955529e-04
4292,21.459157,0,8.441434e-04
4293,21.464157,0,8.494901e-04
4294,21.469157,1,6.529970e-04
4295,21.474157,0,9.646580e-04
4296,21.479157,0,9.810202e-04
4297,21.484157,0,7.985539e-04
4298,21.489157,1,6.466665e-04
4299,21.494157,0,7.248988e-04
4300,21.499157,1,7.198752e-04
4301,21.504157,1,7.792463e-04
4302,21.509157,0,9.674993e-04
4303,21.514157,0,9.169944e-04
4304,21.519157,0,9.822228e-04
4305,21.524157,0,8.212489e-04
4306,21.529157,0,7.674777e-04
4307,21.534157,0,8.886198e-04
4308,21.539157,4,9.024089e-04
4309,21.544157,3,9.305529e-04
4310,21.549157,1,7.790440e-04
4311,21.554157,0,9.249432e-04
4312,21.559157,0,8.998440e-04
4313,21.564157,0,9.274550e-04
4314,21.569157,0,7.664962e-04
4315,21.574157,1,7.907943e-04
4316,21.579157,3,9.953661e-04
4317,21.584157,1,7.227495e-04
4318,21.589157,0,8.778299e-04
4319,21.594157,0,9.965715e-04
4320,21.599157,2,8.666530e-04
4321,21.604157,0,8.025660e-04
4322,21.609157,0,9.845412e-04
4323,21.614157,2,9.570310e-04
4324,21.619157,2,9.634526e-04
4325,21.624157,1,7.688734e-04
4326,21.629157,0,7.790728e-04
4327,21.634157,0,8.578987e-04
4328,21.639157,0,9.473949e-04
4329,21.644157,0,9.975374e-04
4330,21.649157,0,8.080243e-04
4331,21.654157,0,8.324572e-04
4332,21.659157,0,8.729438e-04
4333,21.664157,0,9.156401e-04
4334,21.669157,0,9.624774e-04
4335,21.674157,0,7.407714e-04
4336,21.679157,1,8.522663e-04
4337,21.684157,1,9.836738e-04
4338,21.689157,0,9.704180e-04
4339,21.694157,2,9.451970e-04
4340,21.699157,1,7.581640e-04
4341,21.704157,0,6.788931e-04
4342,21.709157,0,9.206256e-04
4343,21.714157,1,4.593280e-04
4344,21.719157,0,8.715425e-04
4345,21.724157,0,8.562701e-04
4346,21.729157,0,6.964875e-04
4347,21.734157,0,8.339667e-04
4348,21.739157,0,9.735326e-04
4349,21.744157,1,9.281029e-04
4350,21.749157,1,7.182449e-04
4351,21.754157,0,7.631532e-04
4352,21.759157,0,8.489661e-04
4353,21.764157,0,9.364254e-04
4354,21.769157,0,8.672137e-04
4355,21.774157,0,9.409212e-04
4356,21.779157,0,8.653845e-04
4357,21.784157,0,9.180254e-04
4358,21.789157,0,9.811217e-04
4359,21.794157,2,8.709009e-04
4360,21.799157,0,7.147784e-04
4361,21.804157,0,9.776819e-04
4362,21.809157,1,6.468293e-04
4363,21.814157,0,9.036644e-04
4364,21.819157,0,9.965592e-04
4365,21.824157,0,7.488036e-04
4366,21.829157,0,7.958917e-04
4367,21.834157,0,8.666231e-04
4368,21.839157,0,9.274718e-04
4369,21.844157,0,9.863409e-04
4370,21.849157,0,7.645717e-04
4371,21.854157,1,6.913790e-04
4372,21.859157,0,9.822360e-04
4373,21.864157,4,9.305015e-04
4374,21.869157,2,9.917656e-04
4375,21.874157,1,9.094756e-04
4376,21.879157,0,9.517258e-04
4377,21.884157,2,9.254055e-04
4378,21.889157,0,9.852420e-04
4379,21.894157,0,8.536061e-04
4380,21.899157,2,7.343944e-04
4381,21.904157,1,7.495780e-04
4382,21.909157,0,8.613287e-04
4383,21.914157,0,9.351449e-04
4384,21.919157,0,9.234850e-04
4385,21.924157,0,9.667718e-04
4386,21.929157,2,6.201473e-04
4387,21.934157,1,7.970614e-04
4388,21.939157,0,9.464045e-04
4389,21.944157,0,8.876320e-04
4390,21.949157,0,9.935556e-04
4391,21.954157,1,8.870423e-04
4392,21.959157,0,9.893719e-04
4393,21.964157,0,8.778065e-04
4394,21.969157,1,7.164485e-04
4395,21.974157,0,8.113606e-04
4396,21.979157,0,9.805196e-04
4397,21.984157,0,9.485536e-04
4398,21.989157,0,9.708992e-04
4399,21.994157,0,8.861529e-04
4400,21.999157,0,9.622822e-04
4401,22.004157,0,8.921659e-04
4402,22.009157,0,9.668720e-04
4403,22.014157,0,9.876483e-04
4404,22.019157,0,7.836525e-04
4405,22.024157,0,8.505029e-04
4406,22.029157,0,8.674039e-04
4407,22.034157,0,8.793324e-04
4408,22.039157,0,8.957819e-04
4409,22.044157,0,9.170694e-04
4410,22.049157,0,9.421929e-04
4411,22.054157,0,9.700884e-04
4412,22.059157,0,9.998520e-04
4413,22.064157,2,8.169921e-04
4414,22.069157,2,7.852079e-04
4415,22.074157,1,6.828798e-04
4416,22.079157,0,8.417082e-04
4417,22.084157,0,9.777250e-04
4418,22.089157,3,9.288896e-04
4419,22.094157,1,8.325338e-04
4420,22.099157,0,9.610276e-04
4421,22.104157,0,9.608493e-04
4422,22.109157,2,7.850056e-04
4423,22.114157,1,6.291815e-04
4424,22.119157,0,9.156613e-04
4425,22.124157,0,9.181885e-04
4426,22.129157,0,9.820701e-04
4427,22.134157,2,7.088170e-04
4428,22.139157,1,6.386885e-04
4429,22.144157,1,8.108150e-04
4430,22.149157,0,9.447521e-04
4431,22.154157,0,8.061236e-04
4432,22.159157,0,8.873594e-04
4433,22.164157,0,9.751568e-04
4434,22.169157,3,7.638707e-04
4435,22.174157,2,8.524158e-04
4436,22.179157,1,7.955205e-04
4437,22.184157,0,9.531412e-04
4438,22.189157,0,9.760949e-04
4439,22.194157,2,7.204001e-04
4440,22.199157,1,6.028414e-04
4441,22.204157,1,8.686773e-04
4442,22.209157,1,9.020719e-04
4443,22.214157,0,8.766207e-04
4444,22.219157,0,9.905285e-04
4445,22.224157,0,7.993802e-04
4446,22.229157,0,8.408324e-04
4447,22.234157,0,8.820442e-04
4448,22.239157,0,9.131888e-04
4449,22.244157,0,9.408538e-04
4450,22.249157,0,9.681625e-04
4451,22.254157,0,9.963367e-04
4452,22.259157,2,7.563844e-04
4453,22.264157,1,8.479990e-04
4454,22.269157,1,7.488345e-04
4455,22.274157,0,9.815210e-04
4456,22.279157,3,7.102307e-04
4457,22.284157,1,8.579175e-04
4458,22.289157,3,9.147557e-04
4459,22.294157,1,6.969454e-04
4460,22.299157,0,7.979700e-04
4461,22.304157,0,9.586789e-04
4462,22.309157,2,7.149272e-04
4463,22.314157,0,7.630059e-04
4464,22.319157,0,8.369072e-04
4465,22.324157,0,9.978702e-04
4466,22.329157,0,9.824020e-04
4467,22.334157,0,9.742678e-04
4468,22.339157,0,8.679644e-04
4469,22.344157,0,8.929093e-04
4470,22.349157,0,9.125089e-04
4471,22.354157,0,9.325342e-04
4472,22.359157,0,9.604700e-04
4473,22.364157,0,9.959762e-04
4474,22.369157,2,6.857743e-04
4475,22.374157,1,8.275333e-04
4476,22.379157,0,9.758198e-04
4477,22.384157,2,9.310911e-04
4478,22.389157,1,6.392715e-04
4479,22.394157,0,7.007702e-04
4480,22.399157,0,8.908425e-04
4481,22.404157,0,9.674057e-04
4482,22.409157,0,8.359606e-04
4483,22.414157,0,9.134759e-04
4484,22.419157,0,9.659285e-04
4485,22.424157,2,6.133375e-04
4486,22.429157,1,6.724807e-04
4487,22.434157,1,9.173589e-04
4488,22.439157,1,8.344616e-04
4489,22.444157,0,8.840829e-04
4490,22.449157,0,9.506334e-04
4491,22.454157,0,7.740789e-04
4492,22.459157,0,7.554376e-04
4493,22.464157,0,7.899891e-04
4494,22.469157,0,8.256310e-04
4495,22.474157,0,8.611835e-04
4496,22.479157,0,8.970214e-04
4497,22.484157,0,9.335401e-04
4498,22.489157,0,9.707779e-04
4499,22.494157,2,7.046469e-04
4500,22.499157,1,9.201599e-04
4501,22.504157,0,9.976478e-04
4502,22.509157,2,8.906590e-04
4503,22.514157,0,8.391893e-04
4504,22.519157,0,8.981340e-04
4505,22.524157,2,4.372478e-04
4506,22.529157,0,8.015272e-04
4507,22.534157,1,9.293332e-04
4508,22.539157,1,5.652317e-04
4509,22.544157,0,9.204277e-04
4510,22.549157,0,7.032227e-04
4511,22.554157,0,9.075897e-04
4512,22.559157,0,7.796038e-04
4513,22.564157,0,8.668993e-04
4514,22.569157,0,9.625875e-04
4515,22.574157,0,8.641262e-04
4516,22.579157,0,9.164502e-04
4517,22.584157,0,9.697016e-04
4518,22.589157,0,7.974273e-04
4519,22.594157,0,8.229791e-04
4520,22.599157,0,8.546385e-04
4521,22.604157,0,8.765238e-04
4522,22.609157,0,8.957547e-04
4523,22.614157,0,9.151100e-04
4524,22.619157,0,9.356580e-04
4525,22.624157,0,9.576435e-04
4526,22.629157,0,9.809481e-04
4527,22.634157,1,7.694908e-04
4528,22.639157,2,7.883190e-04
4529,22.644157,0,8.656859e-04
4530,22.649157,5,8.819935e-04
4531,22.654157,0,6.968374e-04
4532,22.659157,1,6.761817e-04
4533,22.664157,0,7.105731e-04
4534,22.669157,0,7.305927e-04
4535,22.674157,0,8.895942e-04
4536,22.679157,0,7.604885e-04
4537,22.684157,1,8.226591e-04
4538,22.689157,0,8.117998e-04
4539,22.694157,0,9.960957e-04
4540,22.699157,0,6.448903e-04
4541,22.704157,1,6.977996e-04
4542,22.709157,3,8.571628e-04
4543,22.714157,1,7.266225e-04
4544,22.719157,0,9.125103e-04
4545,22.724157,0,9.021819e-04
4546,22.729157,0,9.870246e-04
4547,22.734157,2,6.832160e-04
4548,22.739157,1,7.420120e-04
4549,22.744157,1,8.321610e-04
4550,22.749157,1,8.435598e-04
4551,22.754157,0,8.688473e-04
4552,22.759157,0,8.922300e-04
4553,22.764157,0,9.750757e-04
4554,22.769157,0,8.799808e-04
4555,22.774157,0,8.789029e-04
4556,22.779157,0,9.324126e-04
4557,22.784157,0,9.795416e-04
4558,22.789157,2,7.555212e-04
4559,22.794157,2,8.368950e-04
4560,22.799157,0,9.291429e-04
4561,22.804157,0,9.272837e-04
4562,22.809157,2,7.560107e-04
4563,22.814157,1,7.143534e-04
4564,22.819157,0,8.759929e-04
4565,22.824157,0,9.953032e-04
4566,22.829157,2,8.254898e-04
4567,22.834157,1,5.618128e-04
4568,22.839157,0,9.198196e-04
4569,22.844157,1,9.181463e-04
4570,22.849157,1,6.557745e-04
4571,22.854157,0,6.898828e-04
4572,22.859157,0,7.740214e-04
4573,22.864157,0,8.834232e-04
4574,22.869157,0,9.744317e-04
4575,22.874157,0,9.455130e-04
4576,22.879157,0,7.974836e-04
4577,22.884157,0,7.702932e-04
4578,22.889157,0,7.769279e-04
4579,22.894157,0,7.850745e-04
4580,22.899157,0,7.960022e-04
4581,22.904157,0,8.093749e-04
4582,22.909157,0,8.249467e-04
4583,22.914157,0,8.424540e-04
4584,22.919157,0,8.616345e-04
4585,22.924157,0,8.822358e-04
4586,22.929157,0,9.040221e-04
4587,22.934157,0,9.267779e-04
4588,22.939157,0,9.503105e-04
4589,22.944157,0,9.744495e-04
4590,22.949157,0,9.990471e-04
4591,22.954157,1,8.478611e-04
4592,22.959157,0,7.854867e-04
4593,22.964157,0,7.582570e-04
4594,22.969157,1,6.371376e-04
4595,22.974157,0,9.489361e-04
4596,22.979157,3,9.857334e-04
4597,22.984157,1,7.407377e-04
4598,22.989157,1,8.172942e-04
4599,22.994157,2,8.571409e-04
4600,22.999157,0,8.780355e-04
4601,23.004157,0,9.687079e-04
4602,23.009157,2,9.595897e-04
4603,23.014157,0,8.741140e-04
4604,23.019157,1,8.151495e-04
4605,23.024157,0,8.606717e-04
4606,23.029157,0,8.440135e-04
4607,23.034157,0,9.225886e-04
4608,23.039157,0,9.919148e-04
4609,23.044157,0,8.569404e-04
4610,23.049157,0,8.750097e-04
4611,23.054157,1,7.579835e-04
4612,23.059157,1,8.822540e-04
4613,23.064157,0,8.235787e-04
4614,23.069157,1,8.381820e-04
4615,23.074157,0,9.027934e-04
4616,23.079157,1,8.047645e-04
4617,23.084157,2,9.776106e-04
4618,23.089157,0,9.863157e-04
4619,23.094157,0,8.881588e-04
4620,23.099157,2,7.569308e-04
4621,23.104157,1,6.766825e-04
4622,23.109157,0,9.604902e-04
4623,23.114157,1,8.371388e-04
4624,23.119157,0,7.249686e-04
4625,23.124157,0,8.255215e-04
4626,23.129157,0,9.640897e-04
4627,23.134157,0,7.809560e-04
4628,23.139157,1,7.379939e-04
4629,23.144157,2,9.504335e-04
4630,23.149157,0,9.283673e-04
4631,23.154157,0,7.937655e-04
4632,23.159157,0,9.751609e-04
4633,23.164157,2,7.721273e-04
4634,23.169157,1,8.115086e-04
4635,23.174157,0,8.926209e-04
4636,23.179157,0,9.634744e-04
4637,23.184157,2,9.027947e-04
4638,23.189157,1,7.781115e-04
4639,23.194157,0,9.477764e-04
4640,23.199157,0,8.666782e-04
4641,23.204157,0,9.429079e-04
4642,23.209157,2,7.369744e-04
4643,23.214157,1,7.683882e-04
4644,23.219157,1,7.475374e-04
4645,23.224157,0,8.601592e-04
4646,23.229157,0,8.921475e-04
4647,23.234157,0,9.781359e-04
4648,23.239157,0,8.646113e-04
4649,23.244157,0,8.482105e-04
4650,23.249157,0,8.929043e-04
4651,23.254157,0,9.354983e-04
4652,23.259157,0,9.756126e-04
4653,23.264157,2,8.781055e-04
4654,23.269157,0,6.442060e-04
4655,23.274157,0,6.667326e-04
4656,23.279157,0,8.063943e-04
4657,23.284157,0,9.797965e-04
4658,23.289157,0,8.301435e-04
4659,23.294157,1,6.924443e-04
4660,23.299157,1,8.918986e-04
4661,23.304157,3,7.917217e-04
4662,23.309157,0,8.600389e-04
4663,23.314157,0,8.396537e-04
4664,23.319157,2,6.036931e-04
4665,23.324157,1,5.382006e-04
4666,23.329157,0,9.103622e-04
4667,23.334157,1,8.809592e-04
4668,23.339157,1,6.472940e-04
4669,23.344157,0,9.943568e-04
4670,23.349157,0,6.790976e-04
4671,23.354157,0,8.610705e-04
4672,23.359157,0,7.383196e-04
4673,23.364157,0,7.804561e-04
4674,23.369157,0,8.679306e-04
4675,23.374157,0,9.340189e-04
4676,23.379157,0,9.852792e-04
4677,23.384157,0,8.846189e-04
4678,23.389157,0,9.311229e-04
4679,23.394157,0,8.264612e-04
4680,23.399157,0,8.112816e-04
4681,23.404157,0,8.304146e-04
4682,23.409157,0,8.438538e-04
4683,23.414157,0,8.554801e-04
4684,23.419157,0,8.670089e-04
4685,23.424157,0,8.793363e-04
4686,23.429157,0,8.927702e-04
4687,23.434157,0,9.073204e-04
4688,23.439157,0,9.228583e-04
4689,23.444157,0,9.392055e-04
4690,23.449157,0,9.561801e-04
4691,23.454157,0,9.736161e-04
4692,23.459157,0,9.913691e-04
4693,23.464157,2,9.659236e-04
4694,23.469157,2,9.659050e-04
4695,23.474157,1,7.513847e-04
4696,23.479157,0,8.723003e-04
4697,23.484157,0,9.903587e-04
4698,23.489157,2,9.178694e-04
4699,23.494157,1,6.928775e-04
4700,23.499157,1,7.935490e-04
4701,23.504157,0,9.033233e-04
4702,23.509157,0,8.919461e-04
4703,23.514157,0,9.224476e-04
4704,23.519157,2,9.717166e-04
4705,23.524157,0,9.073877e-04
4706,23.529157,2,8.965862e-04
4707,23.534157,1,7.844408e-04
4708,23.539157,0,8.346960e-04
4709,23.544157,0,9.455521e-04
4710,23.549157,2,8.988391e-04
4711,23.554157,0,9.259389e-04
4712,23.559157,0,9.423950e-04
4713,23.564157,2,6.194546e-04
4714,23.569157,1,7.433694e-04
4715,23.574157,0,9.815059e-04
4716,23.579157,0,7.935864e-04
4717,23.584157,0,8.115204e-04
4718,23.589157,0,8.801278e-04
4719,23.594157,0,9.547817e-04
4720,23.599157,1,7.072294e-04
4721,23.604157,0,9.004833e-04
4722,23.609157,0,9.334210e-04
4723,23.614157,2,5.479601e-04
4724,23.619157,0,8.982106e-04
4725,23.624157,0,7.741305e-04
4726,23.629157,0,9.638277e-04
4727,23.634157,1,9.654702e-04
4728,23.639157,0,7.673560e-04
4729,23.644157,1,6.128454e-04
4730,23.649157,0,9.612223e-04
4731,23.654157,0,9.042167e-04
4732,23.659157,0,6.406054e-04
4733,23.664157,0,7.408349e-04
4734,23.669157,0,8.262727e-04
4735,23.674157,0,8.940316e-04
4736,23.679157,0,9.520288e-04
4737,23.684157,0,9.857926e-04
4738,23.689157,0,6.058505e-04
4739,23.694157,0,6.351447e-04
4740,23.699157,0,6.868639e-04
4741,23.704157,0,7.402358e-04
4742,23.709157,0,7.943508e-04
4743,23.714157,0,8.472216e-04
4744,23.719157,0,8.977446e-04
4745,23.724157,0,9.455072e-04
4746,23.729157,0,9.904579e-04
4747,23.734157,1,8.584777e-04
4748,23.739157,1,6.790925e-04
4749,23.744157,0,9.388127e-04
4750,23.749157,0,9.926253e-04
4751,23.754157,0,7.195261e-04
4752,23.759157,0,7.308313e-04
4753,23.764157,0,7.551634e-04
4754,23.769157,0,7.737839e-04
4755,23.774157,0,7.916825e-04
4756,23.779157,0,8.102225e-04
4757,23.784157,0,8.296385e-04
4758,23.789157,0,8.498175e-04
4759,23.794157,0,8.705759e-04
4760,23.799157,0,8.917389e-04
4761,23.804157,0,9.131594e-04
4762,23.809157,0,9.347187e-04
4763,23.814157,0,9.563229e-04
4764,23.819157,0,9.778987e-04
4765,23.824157,0,9.993904e-04
4766,23.829157,0,9.950771e-04
4767,23.834157,0,9.895419e-04
4768,23.839157,1,8.873470e-04
4769,23.844157,0,8.036032e-04
4770,23.849157,1,5.931059e-04
4771,23.854157,0,9.511190e-04
4772,23.859157,0,9.263357e-04
4773,23.864157,1,7.636565e-04
4774,23.869157,3,9.780593e-04
4775,23.874157,1,8.267952e-04
4776,23.879157,1,9.736842e-04
4777,23.884157,0,9.064992e-04
4778,23.889157,0,9.520230e-04
4779,23.894157,0,9.955979e-04
4780,23.899157,0,8.639348e-04
4781,23.904157,0,7.667708e-04
4782,23.909157,1,6.652882e-04
4783,23.914157,0,9.680561e-04
4784,23.919157,0,9.182955e-04
4785,23.924157,0,7.604110e-04
4786,23.929157,1,8.341854e-04
4787,23.934157,2,9.974173e-04
4788,23.939157,1,8.780533e-04
4789,23.944157,0,9.563582e-04
4790,23.949157,1,8.197803e-04
4791,23.954157,0,7.541358e-04
4792,23.959157,1,9.077464e-04
4793,23.964157,2,9.976613e-04
4794,23.969157,1,6.271489e-04
4795,23.974157,0,8.900925e-04
4796,23.979157,0,8.876343e-04
4797,23.984157,0,6.695405e-04
4798,23.989157,0,6.837190e-04
4799,23.994157,0,7.466767e-04
4800,23.999157,0,8.055761e-04
4801,24.004157,0,8.622024e-04
4802,24.009157,0,9.163923e-04
4803,24.014157,0,9.683844e-04
4804,24.019157,3,7.578902e-04
4805,24.024157,2,9.682763e-04
4806,24.029157,1,6.630340e-04
4807,24.034157,0,7.225479e-04
4808,24.039157,0,9.087454e-04
4809,24.044157,3,9.525766e-04
4810,24.049157,1,7.928275e-04
4811,24.054157,0,9.194186e-04
4812,24.059157,2,7.430331e-04
4813,24.064157,1,7.406325e-04
4814,24.069157,0,9.242286e-04
4815,24.074157,0,8.227978e-04
4816,24.079157,0,8.828057e-04
4817,24.084157,0,9.747630e-04
4818,24.089157,2,6.730537e-04
4819,24.094157,0,8.158673e-04
4820,24.099157,2,7.923369e-04
4821,24.104157,0,9.002098e-04
4822,24.109157,0,9.326823e-04
4823,24.114157,2,5.022589e-04
4824,24.119157,0,9.974147e-04
4825,24.124157,1,8.767642e-04
4826,24.129157,1,6.325819e-04
4827,24.134157,0,6.806139e-04
4828,24.139157,0,7.877292e-04
4829,24.144157,0,9.338908e-04
4830,24.149157,1,9.205692e-04
4831,24.154157,0,7.908914e-04
4832,24.159157,0,9.984754e-04
4833,24.164157,1,8.201435e-04
4834,24.169157,0,7.076980e-04
4835,24.174157,0,8.480371e-04
4836,24.179157,0,8.778659e-04
4837,24.184157,0,9.133589e-04
4838,24.189157,0,9.541005e-04
4839,24.194157,0,9.851049e-04
4840,24.199157,0,7.296414e-04
4841,24.204157,0,7.489944e-04
4842,24.209157,0,7.785296e-04
4843,24.214157,0,7.987440e-04
4844,24.219157,0,8.163992e-04
4845,24.224157,0,8.335043e-04
4846,24.229157,0,8.506864e-04
4847,24.234157,0,8.680558e-04
4848,24.239157,0,8.855526e-04
4849,24.244157,0,9.030785e-04
4850,24.249157,0,9.205455e-04
4851,24.254157,0,9.378888e-04
4852,24.259157,0,9.550664e-04
4853,24.264157,0,9.720543e-04
4854,24.269157,0,9.888416e-04
4855,24.274157,1,8.462739e-04
4856,24.279157,0,7.973603e-04
4857,24.284157,0,9.742034e-04
4858,24.289157,0,9.206964e-04
4859,24.294157,1,8.153091e-04
4860,24.299157,1,9.071964e-04
4861,24.304157,0,9.620251e-04
4862,24.309157,0,8.785650e-04
4863,24.314157,0,8.846569e-04
4864,24.319157,0,9.592160e-04
4865,24.324157,0,9.392554e-04
4866,24.329157,1,7.779118e-04
4867,24.334157,3,8.302124e-04
4868,24.339157,1,7.807405e-04
4869,24.344157,0,9.567833e-04
4870,24.349157,0,9.986339e-04
4871,24.354157,1,7.234255e-04
4872,24.359157,0,8.544252e-04
4873,24.364157,0,9.731937e-04
4874,24.369157,2,7.963815e-04
4875,24.374157,2,9.629940e-04
4876,24.379157,0,9.753099e-04
4877,24.384157,0,9.131691e-04
4878,24.389157,0,9.846922e-04
4879,24.394157,0,9.996837e-04
4880,24.399157,0,9.300880e-04
4881,24.404157,0,9.812446e-04
4882,24.409157,1,8.563146e-04
4883,24.414157,0,9.824770e-04
4884,24.419157,1,7.035285e-04
4885,24.424157,0,8.907558e-04
4886,24.429157,0,9.561906e-04
4887,24.434157,1,8.031482e-04
4888,24.439157,0,8.515603e-04
4889,24.444157,3,8.500701e-04
4890,24.449157,1,8.635954e-04
4891,24.454157,0,9.204149e-04
4892,24.459157,0,7.509898e-04
4893,24.464157,0,7.560709e-04
4894,24.469157,0,8.049192e-04
4895,24.474157,0,8.554599e-04
4896,24.479157,0,9.078061e-04
4897,24.484157,0,9.607538e-04
4898,24.489157,0,6.898342e-04
4899,24.494157,1,6.278484e-04
4900,24.499157,0,9.760893e-04
4901,24.504157,0,8.924626e-04
4902,24.509157,0,9.910088e-04
4903,24.514157,2,7.858945e-04
4904,24.519157,1,7.869131e-04
4905,24.524157,1,8.905619e-04
4906,24.529157,1,7.884564e-04
4907,24.534157,0,9.264446e-04
4908,24.539157,0,9.672589e-04
4909,24.544157,0,8.706317e-04
4910,24.549157,0,8.773124e-04
4911,24.554157,0,9.447855e-04
4912,24.559157,0,9.511428e-04
4913,24.564157,0,8.036066e-04
4914,24.569157,1,6.955761e-04
4915,24.574157,0,9.490913e-04
4916,24.579157,0,8.347508e-04
4917,24.584157,1,8.792487e-04
4918,24.589157,4,9.603887e-04
4919,24.594157,2,9.168848e-04
4920,24.599157,0,8.695086e-04
4921,24.604157,0,8.549330e-04
4922,24.609157,0,9.772802e-04
4923,24.614157,0,9.850637e-04
4924,24.619157,0,8.767709e-04
4925,24.624157,0,9.327327e-04
4926,24.629157,0,9.873199e-04
4927,24.634157,0,9.754895e-04
4928,24.639157,3,7.348260e-04
4929,24.644157,1,8.096366e-04
4930,24.649157,1,8.820107e-04
4931,24.654157,5,9.906998e-04
4932,24.659157,0,6.432802e-04
4933,24.664157,1,8.691949e-04
4934,24.669157,4,9.511364e-04
4935,24.674157,1,7.622263e-04
4936,24.679157,3,7.234329e-04
4937,24.684157,0,9.351237e-04
4938,24.689157,1,9.725434e-04
4939,24.694157,0,7.793590e-04
4940,24.699157,0,9.143721e-04
4941,24.704157,0,9.289001e-04
4942,24.709157,0,9.754179e-04
4943,24.714157,0,9.557306e-04
4944,24.719157,0,9.753345e-04
4945,24.724157,0,9.212916e-04
4946,24.729157,0,9.103713e-04
4947,24.734157,0,9.146246e-04
4948,24.739157,0,9.275590e-04
4949,24.744157,0,9.474107e-04
4950,24.749157,0,9.726978e-04
4951,24.754157,1,8.471973e-04
4952,24.759157,1,8.263558e-04
4953,24.764157,1,9.183178e-04
4954,24.769157,0,8.508529e-04
4955,24.774157,1,5.505081e-04
4956,24.779157,0,7.067287e-04
4957,24.784157,0,9.595657e-04
4958,24.789157,0,9.430463e-04
4959,24.794157,1,8.051191e-04
4960,24.799157,3,7.922881e-04
4961,24.804157,1,9.264148e-04
4962,24.809157,1,9.630404e-04
4963,24.814157,1,9.637928e-04
4964,24.819157,0,9.500682e-04
4965,24.824157,0,9.639090e-04
4966,24.829157,0,9.680840e-04
4967,24.834157,0,9.689471e-04
4968,24.839157,2,9.570828e-04
4969,24.844157,2,9.396573e-04
4970,24.849157,1,9.895945e-04
4971,24.854157,0,8.912106e-04
4972,24.859157,1,6.770869e-04
4973,24.864157,2,9.600536e-04
4974,24.869157,0,9.592267e-04
4975,24.874157,0,8.484897e-04
4976,24.879157,0,9.722241e-04
4977,24.884157,1,8.169411e-04
4978,24.889157,0,8.999119e-04
4979,24.894157,1,7.174197e-04
4980,24.899157,0,9.655248e-04
4981,24.904157,0,8.920736e-04
4982,24.909157,1,7.589203e-04
4983,24.914157,2,9.970702e-04
4984,24.919157,1,7.085331e-04
4985,24.924157,0,9.557033e-04
4986,24.929157,0,9.883932e-04
4987,24.934157,4,9.329172e-04
4988,24.939157,3,6.351869e-04
4989,24.944157,0,9.129508e-04
4990,24.949157,0,9.756623e-04
4991,24.954157,2,8.499757e-04
4992,24.959157,2,8.927514e-04
4993,24.964157,1,7.088116e-04
4994,24.969157,0,5.876289e-04
4995,24.974157,0,6.801984e-04
4996,24.979157,0,7.836858e-04
4997,24.984157,0,8.832307e-04
4998,24.989157,0,9.827268e-04
4999,24.994157,0,8.467442e-04
5000,24.999157,1,8.911057e-04
5001,25.004157,2,9.945010e-04
5002,25.009157,1,7.723456e-04
5003,25.014157,1,9.024942e-04
5004,25.019157,0,9.405751e-04
5005,25.024157,0,8.491913e-04
5006,25.029157,0,8.689610e-04
5007,25.034157,0,9.330505e-04
5008,25.039157,0,9.973048e-04
5009,25.044157,1,9.255554e-04
5010,25.049157,1,8.563974e-04
5011,25.054157,0,9.848740e-04
5012,25.059157,1,8.519702e-04
5013,25.064157,1,8.384207e-04
5014,25.069157,1,9.316383e-04
5015,25.074157,2,9.686750e-04
5016,25.079157,0,8.586235e-04
5017,25.084157,1,8.361183e-04
5018,25.089157,1,8.187989e-04
5019,25.094157,1,9.029323e-04
5020,25.099157,0,9.705101e-04
5021,25.104157,0,9.549205e-04
5022,25.109157,1,8.506210e-04
5023,25.114157,0,9.758661e-04
5024,25.119157,1,9.091199e-04
5025,25.124157,1,9.472239e-04
5026,25.129157,0,9.321517e-04
5027,25.134157,1,9.064344e-04
5028,25.139157,0,8.632501e-04
5029,25.144157,0,9.678830e-04
5030,25.149157,4,9.022725e-04
5031,25.154157,0,6.301512e-04
5032,25.159157,0,8.383980e-04
5033,25.164157,1,6.403801e-04
5034,25.169157,0,8.450751e-04
5035,25.174157,0,9.623264e-04
5036,25.179157,0,7.876292e-04
5037,25.184157,0,8.219201e-04
5038,25.189157,0,8.774593e-04
5039,25.194157,0,9.264650e-04
5040,25.199157,0,9.757290e-04
5041,25.204157,0,8.888211e-04
5042,25.209157,0,5.914879e-04
5043,25.214157,0,9.202320e-04
5044,25.219157,0,8.337787e-04
5045,25.224157,1,7.280138e-04
5046,25.229157,0,9.830644e-04
5047,25.234157,0,9.895259e-04
5048,25.239157,0,9.413771e-04
5049,25.244157,0,7.485491e-04
5050,25.249157,1,6.959766e-04
5051,25.254157,0,9.587574e-04
5052,25.259157,1,7.893579e-04
5053,25.264157,3,9.864008e-04
5054,25.269157,1,7.073275e-04
5055,25.274157,0,8.567898e-04
5056,25.279157,0,9.979524e-04
5057,25.284157,2,7.820865e-04
5058,25.289157,1,7.245895e-04
5059,25.294157,0,9.376812e-04
5060,25.299157,2,8.056862e-04
5061,25.304157,1,6.558625e-04
5062,25.309157,0,7.843878e-04
5063,25.314157,0,9.643874e-04
5064,25.319157,2,7.998310e-04
5065,25.324157,1,7.579134e-04
5066,25.329157,1,7.748161e-04
5067,25.334157,0,8.078164e-04
5068,25.339157,0,8.969587e-04
5069,25.344157,0,8.925454e-04
5070,25.349157,0,9.015594e-04
5071,25.354157,0,9.599365e-04
5072,25.359157,0,8.565893e-04
5073,25.364157,0,8.571828e-04
5074,25.369157,0,8.706061e-04
5075,25.374157,0,8.856986e-04
5076,25.379157,0,9.015559e-04
5077,25.384157,0,9.188819e-04
5078,25.389157,0,9.382098e-04
5079,25.394157,0,9.597235e-04
5080,25.399157,0,9.833576e-04
5081,25.404157,1,9.924403e-04
5082,25.409157,1,7.796264e-04
5083,25.414157,1,8.109707e-04
5084,25.419157,1,8.225029e-04
5085,25.424157,0,9.621782e-04
5086,25.429157,0,9.165097e-04
5087,25.434157,1,5.881571e-04
5088,25.439157,0,8.711760e-04
5089,25.444157,3,9.573311e-04
5090,25.449157,1,8.057782e-04
5091,25.454157,1,9.722389e-04
5092,25.459157,1,8.597698e-04
5093,25.464157,0,9.247164e-04
5094,25.469157,0,8.989568e-04
5095,25.474157,0,9.179234e-04
5096,25.479157,0,9.884296e-04
5097,25.484157,1,8.041513e-04
5098,25.489157,2,9.618794e-04
5099,25.494157,0,9.770120e-04
5100,25.499157,1,9.461880e-04
5101,25.504157,1,8.351455e-04
5102,25.509157,1,8.917700e-04
5103,25.514157,0,9.842445e-04
5104,25.519157,0,8.617021e-04
5105,25.524157,1,7.131090e-04
5106,25.529157,0,9.967605e-04
5107,25.534157,0,7.789329e-04
5108,25.539157,1,9.205169e-04
5109,25.544157,3,9.353153e-04
5110,25.549157,0,7.595983e-04
5111,25.554157,0,9.161666e-04
5112,25.559157,3,8.200864e-04
5113,25.564157,2,9.072462e-04
5114,25.569157,1,7.830393e-04
5115,25.574157,0,9.129141e-04
5116,25.579157,0,7.812998e-04
5117,25.584157,0,8.308473e-04
5118,25.589157,0,9.003385e-04
5119,25.594157,0,9.657921e-04
5120,25.599157,1,7.435064e-04
5121,25.604157,0,9.885287e-04
5122,25.609157,1,8.103945e-04
5123,25.614157,0,7.582038e-04
5124,25.619157,0,9.521940e-04
5125,25.624157,1,9.686605e-04
5126,25.629157,1,8.936302e-04
5127,25.634157,0,8.833710e-04
5128,25.639157,0,9.856947e-04
5129,25.644157,1,8.613549e-04
5130,25.649157,1,8.875391e-04
5131,25.654157,1,8.819295e-04
5132,25.659157,1,9.298365e-04
5133,25.664157,1,9.604938e-04
5134,25.669157,0,9.578137e-04
5135,25.674157,0,8.189562e-04
5136,25.679157,0,7.036433e-04
5137,25.684157,1,7.113384e-04
5138,25.689157,0,9.238513e-04
5139,25.694157,0,8.774504e-04
5140,25.699157,1,7.902171e-04
5141,25.704157,0,8.707010e-04
5142,25.709157,1,7.533605e-04
5143,25.714157,0,8.141994e-04
5144,25.719157,1,8.019032e-04
5145,25.724157,0,9.525152e-04
5146,25.729157,2,9.292523e-04
5147,25.734157,0,9.774890e-04
5148,25.739157,0,9.842397e-04
5149,25.744157,1,8.928139e-04
5150,25.749157,2,9.793327e-04
5151,25.754157,1,6.871521e-04
5152,25.759157,0,6.988161e-04
5153,25.764157,0,8.114790e-04
5154,25.769157,0,9.464776e-04
5155,25.774157,0,7.452794e-04
5156,25.779157,0,7.721133e-04
5157,25.784157,0,9.856926e-04
5158,25.789157,1,8.172411e-04
5159,25.794157,1,8.851735e-04
5160,25.799157,1,9.404065e-04
5161,25.804157,0,9.751500e-04
5162,25.809157,1,9.075360e-04
5163,25.814157,0,9.583098e-04
5164,25.819157,1,7.686791e-04
5165,25.824157,0,9.628334e-04
5166,25.829157,0,9.289522e-04
5167,25.834157,2,9.021570e-04
5168,25.839157,0,7.816513e-04
5169,25.844157,0,9.325388e-04
5170,25.849157,0,7.226503e-04
5171,25.854157,1,8.450939e-04
5172,25.859157,1,7.340083e-04
5173,25.864157,0,8.817016e-04
5174,25.869157,0,8.425094e-04
5175,25.874157,0,8.570067e-04
5176,25.879157,0,9.112106e-04
5177,25.884157,0,9.669515e-04
5178,25.889157,1,8.746057e-04
5179,25.894157,0,9.582388e-04
5180,25.899157,0,8.510707e-04
5181,25.904157,0,8.349334e-04
5182,25.909157,0,9.282980e-04
5183,25.914157,0,8.134431e-04
5184,25.919157,1,8.487636e-04
5185,25.924157,1,7.435128e-04
5186,25.929157,0,9.858381e-04
5187,25.934157,0,8.247766e-04
5188,25.939157,0,8.520745e-04
5189,25.944157,0,9.316531e-04
5190,25.949157,0,8.568846e-04
5191,25.954157,0,8.150785e-04
5192,25.959157,1,7.098742e-04
5193,25.964157,0,8.491373e-04
5194,25.969157,0,7.874122e-04
5195,25.974157,0,8.666706e-04
5196,25.979157,0,9.672593e-04
5197,25.984157,0,8.423698e-04
5198,25.989157,3,9.256798e-04
5199,25.994157,1,8.247381e-04
5200,25.999157,1,9.456569e-04
5201,26.004157,0,7.181419e-04
5202,26.009157,1,6.794001e-04
5203,26.014157,0,9.509369e-04
5204,26.019157,0,9.262209e-04
5205,26.024157,0,9.890062e-04
5206,26.029157,3,9.539821e-04
5207,26.034157,1,7.985195e-04
5208,26.039157,0,7.374101e-04
5209,26.044157,0,9.200395e-04
5210,26.049157,1,8.415433e-04
5211,26.054157,0,9.960373e-04
5212,26.059157,0,9.194630e-04
5213,26.064157,0,7.888216e-04
5214,26.069157,0,7.840024e-04
5215,26.074157,0,8.136967e-04
5216,26.079157,0,8.621055e-04
5217,26.084157,0,9.194974e-04
5218,26.089157,0,9.804608e-04
5219,26.094157,1,8.802723e-04
5220,26.099157,1,6.415774e-04
5221,26.104157,1,6.465714e-04
5222,26.109157,0,9.825022e-04
5223,26.114157,0,9.656340e-04
5224,26.119157,0,7.023360e-04
5225,26.124157,0,7.642001e-04
5226,26.129157,0,8.858742e-04
5227,26.134157,0,9.952866e-04
5228,26.139157,1,7.377079e-04
5229,26.144157,0,8.694475e-04
5230,26.149157,0,9.040763e-04
5231,26.154157,0,6.472685e-04
5232,26.159157,0,6.442671e-04
5233,26.164157,0,6.982808e-04
5234,26.169157,0,7.559901e-04
5235,26.174157,0,8.180572e-04
5236,26.179157,0,8.831805e-04
5237,26.184157,0,9.500860e-04
5238,26.189157,2,8.494616e-04
5239,26.194157,3,7.237139e-04
5240,26.199157,0,8.530035e-04
5241,26.204157,0,8.313584e-04
5242,26.209157,0,9.644873e-04
5243,26.214157,0,9.329559e-04
5244,26.219157,0,8.413474e-04
5245,26.224157,0,8.809751e-04
5246,26.229157,0,9.312641e-04
5247,26.234157,0,9.792751e-04
5248,26.239157,2,8.375614e-04
5249,26.244157,0,9.337855e-04
5250,26.249157,0,9.093203e-04
5251,26.254157,0,9.843002e-04
5252,26.259157,2,5.896165e-04
5253,26.264157,1,8.766581e-04
5254,26.269157,0,9.438969e-04
5255,26.274157,0,8.772442e-04
5256,26.279157,0,9.322300e-04
5257,26.284157,1,8.720180e-04
5258,26.289157,0,8.772940e-04
5259,26.294157,0,9.804683e-04
5260,26.299157,2,5.675399e-04
5261,26.304157,0,9.513233e-04
5262,26.309157,1,7.964376e-04
5263,26.314157,0,9.674625e-04
5264,26.319157,1,6.691200e-04
5265,26.324157,0,5.424279e-04
5266,26.329157,0,7.814218e-04
5267,26.334157,0,9.794404e-04
5268,26.339157,0,8.904399e-04
5269,26.344157,0,6.534030e-04
5270,26.349157,0,6.760749e-04
5271,26.354157,0,7.277821e-04
5272,26.359157,0,7.817899e-04
5273,26.364157,0,8.369892e-04
5274,26.369157,0,8.911949e-04
5275,26.374157,0,9.428994e-04
5276,26.379157,0,9.913440e-04
5277,26.384157,1,9.298227e-04
5278,26.389157,1,8.631372e-04
5279,26.394157,0,7.116189e-04
5280,26.399157,0,8.062373e-04
5281,26.404157,0,9.242778e-04
5282,26.409157,1,8.309995e-04
5283,26.414157,0,8.516857e-04
5284,26.419157,0,7.490095e-04
5285,26.424157,0,7.874331e-04
5286,26.429157,0,8.432050e-04
5287,26.434157,0,8.955118e-04
5288,26.439157,0,9.504110e-04
5289,26.444157,2,7.095918e-04
5290,26.449157,1,7.631292e-04
5291,26.454157,1,6.291319e-04
5292,26.459157,0,9.763150e-04
5293,26.464157,0,8.117827e-04
5294,26.469157,0,9.976398e-04
5295,26.474157,0,7.638796e-04
5296,26.479157,0,7.969713e-04
5297,26.484157,0,8.653763e-04
5298,26.489157,0,9.226420e-04
5299,26.494157,0,9.722428e-04
5300,26.499157,0,9.150339e-04
5301,26.504157,0,9.758881e-04
5302,26.509157,0,8.744031e-04
5303,26.514157,0,9.003210e-04
5304,26.519157,0,9.302107e-04
5305,26.524157,0,9.497098e-04
5306,26.529157,0,9.658026e-04
5307,26.534157,0,9.808706e-04
5308,26.539157,0,9.958232e-04
5309,26.544157,3,9.910855e-04
5310,26.549157,1,8.663492e-04
5311,26.554157,3,9.555871e-04
5312,26.559157,1,9.447191e-04
5313,26.564157,1,9.608779e-04
5314,26.569157,0,9.867811e-04
5315,26.574157,0,9.510881e-04
5316,26.579157,0,9.520031e-04
5317,26.584157,2,8.623480e-04
5318,26.589157,1,7.883766e-04
5319,26.594157,0,8.076007e-04
5320,26.599157,0,9.749166e-04
5321,26.604157,2,8.715702e-04
5322,26.609157,1,8.479968e-04
5323,26.614157,2,9.540770e-04
5324,26.619157,0,9.033446e-04
5325,26.624157,0,6.843163e-04
5326,26.629157,0,8.238523e-04
5327,26.634157,0,9.456237e-04
5328,26.639157,2,6.915711e-04
5329,26.644157,0,9.984832e-04
5330,26.649157,2,5.981161e-04
5331,26.654157,0,9.753916e-04
5332,26.659157,1,9.924203e-04
5333,26.664157,0,9.985971e-04
5334,26.669157,0,7.287021e-04
5335,26.674157,0,8.053854e-04
5336,26.679157,0,9.168765e-04
5337,26.684157,1,6.742151e-04
5338,26.689157,0,8.917069e-04
5339,26.694157,0,8.883421e-04
5340,26.699157,0,8.117382e-04
5341,26.704157,0,8.671541e-04
5342,26.709157,0,9.128936e-04
5343,26.714157,0,9.589916e-04
5344,26.719157,1,7.743394e-04
5345,26.724157,0,8.569979e-04
5346,26.729157,1,7.408654e-04
5347,26.734157,0,9.940456e-04
5348,26.739157,1,6.367546e-04
5349,26.744157,0,6.633234e-04
5350,26.749157,0,8.306803e-04
5351,26.754157,0,9.657883e-04
5352,26.759157,0,9.468646e-04
5353,26.764157,0,4.790860e-04
5354,26.769157,0,4.847494e-04
5355,26.774157,0,5.501361e-04
5356,26.779157,0,6.301207e-04
5357,26.784157,0,7.089165e-04
5358,26.789157,0,7.803765e-04
5359,26.794157,0,8.430100e-04
5360,26.799157,0,8.971800e-04
5361,26.804157,0,9.438883e-04
5362,26.809157,0,9.842751e-04
5363,26.814157,1,6.248581e-04
5364,26.819157,1,4.717251e-04
5365,26.824157,0,6.896876e-04
5366,26.829157,0,9.315593e-04
5367,26.834157,0,7.300808e-04
5368,26.839157,0,9.782555e-04
5369,26.844157,0,9.111692e-04
5370,26.849157,0,9.541271e-04
5371,26.854157,0,6.014184e-04
5372,26.859157,0,6.112508e-04
5373,26.864157,0,6.446961e-04
5374,26.869157,0,6.818132e-04
5375,26.874157,0,7.208890e-04
5376,26.879157,0,7.607005e-04
5377,26.884157,0,8.005699e-04
5378,26.889157,0,8.401659e-04
5379,26.894157,0,8.793488e-04
5380,26.899157,0,9.180695e-04
5381,26.904157,0,9.563128e-04
5382,26.909157,0,9.940718e-04
5383,26.914157,3,8.907664e-04
5384,26.919157,0,6.802261e-04
5385,26.924157,1,7.997400e-04
5386,26.929157,3,8.118587e-04
5387,26.934157,1,4.948233e-04
5388,26.939157,0,9.107288e-04
5389,26.944157,3,9.209015e-04
5390,26.949157,1,5.682442e-04
5391,26.954157,0,9.820312e-04
5392,26.959157,3,7.342272e-04
5393,26.964157,1,5.918774e-04
5394,26.969157,0,8.855467e-04
5395,26.974157,0,8.819169e-04
5396,26.979157,0,9.934124e-04
5397,26.984157,2,6.660144e-04
5398,26.989157,1,7.289472e-04
5399,26.994157,1,8.804639e-04
5400,26.999157,1,9.067228e-04
5401,27.004157,0,9.499356e-04
5402,27.009157,0,9.762310e-04
5403,27.014157,0,8.167099e-04
5404,27.019157,0,8.005398e-04
5405,27.024157,0,8.339153e-04
5406,27.029157,0,8.705437e-04
5407,27.034157,0,9.095086e-04
5408,27.039157,0,9.500260e-04
5409,27.044157,0,9.917233e-04
5410,27.049157,2,8.649531e-04
5411,27.054157,2,8.122262e-04
5412,27.059157,0,9.464796e-04
5413,27.064157,0,9.556553e-04
5414,27.069157,2,7.331247e-04
5415,27.074157,1,7.768337e-04
5416,27.079157,0,9.981789e-04
5417,27.084157,0,9.035169e-04
5418,27.089157,1,6.181290e-04
5419,27.094157,0,7.062452e-04
5420,27.099157,0,9.807433e-04
5421,27.104157,2,6.388893e-04
5422,27.109157,1,6.725251e-04
5423,27.114157,0,7.726974e-04
5424,27.119157,0,9.557120e-04
5425,27.124157,2,6.885162e-04
5426,27.129157,0,9.033679e-04
5427,27.134157,2,6.174024e-04
5428,27.139157,0,9.233061e-04
5429,27.144157,0,9.541978e-04
5430,27.149157,1,7.888482e-04
5431,27.154157,0,7.363481e-04
5432,27.159157,1,7.722669e-04
5433,27.164157,0,6.608302e-04
5434,27.169157,0,8.772265e-04
5435,27.174157,1,5.123594e-04
5436,27.179157,0,8.731433e-04
5437,27.184157,1,5.844354e-04
5438,27.189157,0,9.031297e-04
5439,27.194157,0,8.889790e-04
5440,27.199157,0,5.762899e-04
5441,27.204157,0,5.635996e-04
5442,27.209157,0,5.849501e-04
5443,27.214157,0,6.051391e-04
5444,27.219157,0,6.244279e-04
5445,27.224157,0,6.425023e-04
5446,27.229157,0,6.592709e-04
5447,27.234157,0,6.748248e-04
5448,27.239157,0,6.893529e-04
5449,27.244157,0,7.030639e-04
5450,27.249157,0,7.161453e-04
5451,27.254157,0,7.287493e-04
5452,27.259157,0,7.409920e-04
5453,27.264157,0,7.529584e-04
5454,27.269157,0,7.647079e-04
5455,27.274157,0,7.762811e-04
5456,27.279157,0,7.877040e-04
5457,27.284157,0,7.989929e-04
5458,27.289157,0,8.101568e-04
5459,27.294157,0,8.212002e-04
5460,27.299157,0,8.321244e-04
5461,27.304157,0,8.429289e-04
5462,27.309157,0,8.536123e-04
5463,27.314157,0,8.641724e-04
5464,27.319157,0,8.746071e-04
5465,27.324157,0,8.849144e-04
5466,27.329157,0,8.950924e-04
5467,27.334157,0,9.051398e-04
5468,27.339157,0,9.150555e-04
5469,27.344157,0,9.248390e-04
5470,27.349157,0,9.344900e-04
5471,27.354157,0,9.440088e-04
5472,27.359157,0,9.533960e-04
5473,27.364157,0,9.626525e-04
5474,27.369157,0,9.717798e-04
5475,27.374157,0,9.807794e-04
5476,27.379157,0,9.896531e-04
5477,27.384157,0,9.984031e-04
5478,27.389157,2,9.797673e-04
5479,27.394157,1,7.565119e-04
5480,27.399157,1,7.690206e-04
5481,27.404157,0,9.992727e-04
5482,27.409157,0,9.082764e-04
5483,27.414157,0,9.614665e-04
5484,27.419157,2,7.826183e-04
5485,27.424157,0,9.569219e-04
5486,27.429157,2,7.455017e-04
5487,27.434157,1,6.235925e-04
5488,27.439157,0,7.078878e-04
5489,27.444157,0,9.065974e-04
5490,27.449157,2,6.923096e-04
5491,27.454157,0,8.019274e-04
5492,27.459157,0,8.312359e-04
5493,27.464157,2,4.585857e-04
5494,27.469157,0,9.332706e-04
5495,27.474157,1,7.972577e-04
5496,27.479157,1,6.246079e-04
5497,27.484157,0,5.767299e-04
5498,27.489157,0,6.795922e-04
5499,27.494157,0,8.095955e-04
5500,27.499157,0,9.233381e-04
5501,27.504157,0,9.665603e-04
5502,27.509157,0,7.128010e-04
5503,27.514157,0,6.771304e-04
5504,27.519157,0,6.867727e-04
5505,27.524157,0,7.075472e-04
5506,27.529157,0,7.359770e-04
5507,27.534157,0,7.688140e-04
5508,27.539157,0,8.038255e-04
5509,27.544157,0,8.395428e-04
5510,27.549157,0,8.750561e-04
5511,27.554157,0,9.098287e-04
5512,27.559157,0,9.435621e-04
5513,27.564157,0,9.761076e-04
5514,27.569157,1,8.884979e-04
5515,27.574157,1,8.374156e-04
5516,27.579157,0,9.229293e-04
5517,27.584157,0,7.954494e-04
5518,27.589157,0,8.364927e-04
5519,27.594157,0,9.246452e-04
5520,27.599157,1,7.752808e-04
5521,27.604157,0,8.688246e-04
5522,27.609157,0,8.990352e-04
5523,27.614157,2,5.857683e-04
5524,27.619157,1,7.174357e-04
5525,27.624157,0,8.160075e-04
5526,27.629157,0,9.537717e-04
5527,27.634157,0,9.906887e-04
5528,27.639157,0,8.305640e-04
5529,27.644157,0,8.167819e-04
5530,27.649157,0,8.363343e-04
5531,27.654157,0,8.637820e-04
5532,27.659157,0,8.975527e-04
5533,27.664157,0,9.353673e-04
5534,27.669157,0,9.756594e-04
5535,27.674157,0,6.960109e-04
5536,27.679157,1,6.831304e-04
5537,27.684157,1,6.725225e-04
5538,27.689157,0,9.827781e-04
5539,27.694157,0,7.759243e-04
5540,27.699157,0,8.450559e-04
5541,27.704157,0,9.594944e-04
5542,27.709157,0,7.649396e-04
5543,27.714157,1,8.145229e-04
5544,27.719157,0,7.599026e-04
5545,27.724157,1,6.617808e-04
5546,27.729157,1,7.912291e-04
5547,27.734157,1,7.226348e-04
5548,27.739157,0,7.854985e-04
5549,27.744157,0,8.778600e-04
5550,27.749157,0,9.936069e-04
5551,27.754157,0,9.363762e-04
5552,27.759157,0,9.148898e-04
5553,27.764157,0,9.146519e-04
5554,27.769157,0,9.641683e-04
5555,27.774157,2,7.971129e-04
5556,27.779157,0,7.992068e-04
5557,27.784157,0,9.267097e-04
5558,27.789157,2,7.473030e-04
5559,27.794157,1,9.427945e-04
5560,27.799157,1,8.205973e-04
5561,27.804157,0,9.304897e-04
5562,27.809157,0,8.533529e-04
5563,27.814157,0,8.490490e-04
5564,27.819157,0,8.856443e-04
5565,27.824157,0,9.262270e-04
5566,27.829157,0,9.708783e-04
5567,27.834157,1,7.827345e-04
5568,27.839157,0,7.926019e-04
5569,27.844157,2,7.493019e-04
5570,27.849157,0,9.171564e-04
5571,27.854157,0,7.916373e-04
5572,27.859157,0,9.067941e-04
5573,27.864157,1,9.195539e-04
5574,27.869157,0,6.676520e-04
5575,27.874157,0,9.671377e-04
5576,27.879157,1,7.673924e-04
5577,27.884157,0,8.046192e-04
5578,27.889157,1,6.834461e-04
5579,27.894157,0,6.084743e-04
5580,27.899157,0,8.619802e-04
5581,27.904157,0,9.750418e-04
5582,27.909157,0,5.370804e-04
5583,27.914157,0,5.461635e-04
5584,27.919157,0,6.002248e-04
5585,27.924157,0,6.615941e-04
5586,27.929157,0,7.259323e-04
5587,27.934157,0,7.891028e-04
5588,27.939157,0,8.487621e-04
5589,27.944157,0,9.039841e-04
5590,27.949157,0,9.546641e-04
5591,27.954157,1,8.852305e-04
5592,27.959157,1,7.009939e-04
5593,27.964157,0,9.937601e-04
5594,27.969157,0,9.617541e-04
5595,27.974157,0,6.272678e-04
5596,27.979157,0,6.827674e-04
5597,27.984157,0,7.713219e-04
5598,27.989157,0,8.589777e-04
5599,27.994157,0,9.447982e-04
5600,27.999157,3,7.912591e-04
5601,28.004157,0,7.291905e-04
5602,28.009157,1,6.239120e-04
5603,28.014157,0,9.814899e-04
5604,28.019157,0,7.851949e-04
5605,28.024157,0,8.489077e-04
5606,28.029157,0,9.362391e-04
5607,28.034157,3,7.376757e-04
5608,28.039157,0,9.309226e-04
5609,28.044157,3,7.264515e-04
5610,28.049157,1,8.022042e-04
5611,28.054157,0,9.159801e-04
5612,28.059157,0,9.070761e-04
5613,28.064157,0,9.503447e-04
5614,28.069157,1,9.534877e-04
5615,28.074157,0,8.544808e-04
5616,28.079157,1,9.897237e-04
5617,28.084157,0,8.657799e-04
5618,28.089157,1,5.903932e-04
5619,28.094157,0,8.982139e-04
5620,28.099157,0,9.478284e-04
5621,28.104157,0,6.588880e-04
5622,28.109157,0,7.522370e-04
5623,28.114157,0,8.324169e-04
5624,28.119157,0,8.919965e-04
5625,28.124157,0,9.449969e-04
5626,28.129157,0,9.953958e-04
5627,28.134157,3,9.228988e-04
5628,28.139157,2,9.216907e-04
5629,28.144157,1,6.034436e-04
5630,28.149157,0,9.973791e-04
5631,28.154157,0,9.396076e-04
5632,28.159157,0,8.490589e-04
5633,28.164157,0,9.941573e-04
5634,28.169157,3,9.852022e-04
5635,28.174157,1,7.246635e-04
5636,28.179157,2,9.337895e-04
5637,28.184157,1,8.573302e-04
5638,28.189157,1,8.674848e-04
5639,28.194157,0,9.375774e-04
5640,28.199157,0,8.687447e-04
5641,28.204157,0,8.661488e-04
5642,28.209157,0,9.128405e-04
5643,28.214157,0,9.578610e-04
5644,28.219157,2,9.286383e-04
5645,28.224157,1,8.848232e-04
5646,28.229157,1,8.913294e-04
5647,28.234157,0,7.481554e-04
5648,28.239157,1,6.537151e-04
5649,28.244157,1,8.980222e-04
5650,28.249157,1,7.276580e-04
5651,28.254157,0,8.301055e-04
5652,28.259157,0,9.395614e-04
5653,28.264157,0,9.707370e-04
5654,28.269157,0,9.553010e-04
5655,28.274157,0,9.517181e-04
5656,28.279157,0,9.927248e-04
5657,28.284157,2,8.119601e-04
5658,28.289157,1,7.895484e-04
5659,28.294157,1,8.103901e-04
5660,28.299157,3,9.246878e-04
5661,28.304157,1,7.051327e-04
5662,28.309157,0,9.872993e-04
5663,28.314157,2,5.553645e-04
5664,28.319157,0,9.897226e-04
5665,28.324157,2,9.318934e-04
5666,28.329157,1,4.691181e-04
5667,28.334157,0,8.667048e-04
5668,28.339157,0,8.001666e-04
5669,28.344157,0,7.702439e-04
5670,28.349157,0,8.812431e-04
5671,28.354157,0,9.683556e-04
5672,28.359157,0,8.957915e-04
5673,28.364157,0,9.902984e-04
5674,28.369157,0,6.766843e-04
5675,28.374157,0,6.960088e-04
5676,28.379157,0,7.155809e-04
5677,28.384157,0,7.225432e-04
5678,28.389157,0,7.293477e-04
5679,28.394157,0,7.398836e-04
5680,28.399157,0,7.547925e-04
5681,28.404157,0,7.735783e-04
5682,28.409157,0,7.954441e-04
5683,28.414157,0,8.195912e-04
5684,28.419157,0,8.453189e-04
5685,28.424157,0,8.720471e-04
5686,28.429157,0,8.993122e-04
5687,28.434157,0,9.267517e-04
5688,28.439157,0,9.540877e-04
5689,28.444157,0,9.811107e-04
5690,28.449157,2,7.238346e-04
5691,28.454157,1,9.690716e-04
5692,28.459157,1,5.935231e-04
5693,28.464157,0,9.979186e-04
5694,28.469157,4,7.792255e-04
5695,28.474157,1,9.453137e-04
5696,28.479157,0,9.955296e-04
5697,28.484157,3,8.410338e-04
5698,28.489157,2,7.141747e-04
5699,28.494157,1,5.929252e-04
5700,28.499157,0,9.454834e-04
5701,28.504157,1,9.006125e-04
5702,28.509157,1,7.433401e-04
5703,28.514157,0,7.768372e-04
5704,28.519157,0,8.126133e-04
5705,28.524157,0,8.901617e-04
5706,28.529157,0,9.479217e-04
5707,28.534157,0,9.944145e-04
5708,28.539157,0,8.745250e-04
5709,28.544157,0,9.140621e-04
5710,28.549157,0,8.560109e-04
5711,28.554157,0,8.343387e-04
5712,28.559157,0,8.668816e-04
5713,28.564157,0,8.894528e-04
5714,28.569157,0,9.074741e-04
5715,28.574157,0,9.235830e-04
5716,28.579157,0,9.394678e-04
5717,28.584157,0,9.559292e-04
5718,28.589157,0,9.732799e-04
5719,28.594157,0,9.915858e-04
5720,28.599157,2,9.129369e-04
5721,28.604157,0,7.739188e-04
5722,28.609157,1,6.062698e-04
5723,28.614157,0,9.010912e-04
5724,28.619157,0,9.602838e-04
5725,28.624157,0,7.816444e-04
5726,28.629157,0,9.341224e-04
5727,28.634157,4,6.872424e-04
5728,28.639157,1,8.146804e-04
5729,28.644157,3,9.164164e-04
5730,28.649157,1,7.305988e-04
5731,28.654157,0,9.733893e-04
5732,28.659157,0,9.919338e-04
5733,28.664157,2,6.641510e-04
5734,28.669157,1,8.138243e-04
5735,28.674157,1,7.942463e-04
5736,28.679157,0,9.198351e-04
5737,28.684157,0,8.226659e-04
5738,28.689157,0,8.758957e-04
5739,28.694157,0,9.339158e-04
5740,28.699157,0,9.949222e-04
5741,28.704157,0,8.838542e-04
5742,28.709157,3,9.680459e-04
5743,28.714157,1,7.214816e-04
5744,28.719157,0,8.851940e-04
5745,28.724157,0,9.229140e-04
5746,28.729157,2,8.372710e-04
5747,28.734157,1,6.602434e-04
5748,28.739157,0,8.109697e-04
5749,28.744157,0,9.028636e-04
5750,28.749157,0,9.909875e-04
5751,28.754157,2,7.002620e-04
5752,28.759157,1,7.219032e-04
5753,28.764157,0,9.625005e-04
5754,28.769157,2,7.375955e-04
5755,28.774157,0,9.298989e-04
5756,28.779157,2,6.826494e-04
5757,28.784157,0,9.906120e-04
5758,28.789157,0,7.724477e-04
5759,28.794157,0,8.995294e-04
5760,28.799157,2,6.317101e-04
5761,28.804157,1,7.428681e-04
5762,28.809157,1,6.662842e-04
5763,28.814157,0,7.330504e-04
5764,28.819157,0,7.852326e-04
5765,28.824157,0,8.621561e-04
5766,28.829157,0,9.265810e-04
5767,28.834157,0,9.808352e-04
5768,28.839157,0,8.925881e-04
5769,28.844157,0,9.187251e-04
5770,28.849157,0,9.808360e-04
5771,28.854157,0,7.808325e-04
5772,28.859157,0,7.696629e-04
5773,28.864157,0,7.893642e-04
5774,28.869157,0,8.040289e-04
5775,28.874157,0,8.159746e-04
5776,28.879157,0,8.268125e-04
5777,28.884157,0,8.375059e-04
5778,28.889157,0,8.485157e-04
5779,28.894157,0,8.600169e-04
5780,28.899157,0,8.720332e-04
5781,28.904157,0,8.845156e-04
5782,28.909157,0,8.973849e-04
5783,28.914157,0,9.105546e-04
5784,28.919157,0,9.239415e-04
5785,28.924157,0,9.374704e-04
5786,28.929157,0,9.510762e-04
5787,28.934157,0,9.647034e-04
5788,28.939157,0,9.783058e-04
5789,28.944157,0,9.918454e-04
5790,28.949157,0,8.635982e-04
5791,28.954157,3,7.925043e-04
5792,28.959157,1,9.037298e-04
5793,28.964157,4,9.400976e-04
5794,28.969157,2,6.472021e-04
5795,28.974157,0,9.975734e-04
5796,28.979157,1,8.215589e-04
5797,28.984157,1,7.078615e-04
5798,28.989157,0,7.940338e-04
5799,28.994157,0,9.815760e-04
5800,28.999157,0,7.959920e-04
5801,29.004157,1,7.551791e-04
5802,29.009157,0,6.853845e-04
5803,29.014157,1,6.289196e-04
5804,29.019157,0,9.466259e-04
5805,29.024157,1,8.652103e-04
5806,29.029157,0,9.185025e-04
5807,29.034157,0,8.485217e-04
5808,29.039157,0,8.391332e-04
5809,29.044157,0,8.871161e-04
5810,29.049157,0,9.390943e-04
5811,29.054157,0,9.948431e-04
5812,29.059157,1,9.110394e-04
5813,29.064157,1,8.459325e-04
5814,29.069157,0,7.877688e-04
5815,29.074157,0,8.547085e-04
5816,29.079157,0,9.989589e-04
5817,29.084157,1,8.277031e-04
5818,29.089157,0,9.590736e-04
5819,29.094157,0,8.633053e-04
5820,29.099157,0,9.457620e-04
5821,29.104157,0,8.525486e-04
5822,29.109157,0,8.961842e-04
5823,29.114157,0,9.653758e-04
5824,29.119157,0,9.302498e-04
5825,29.124157,0,9.804607e-04
5826,29.129157,0,9.013756e-04
5827,29.134157,0,9.166088e-04
5828,29.139157,0,9.510466e-04
5829,29.144157,0,9.729716e-04
5830,29.149157,0,9.925614e-04
5831,29.154157,0,9.944637e-04
5832,29.159157,0,9.351994e-04
5833,29.164157,0,9.208877e-04
5834,29.169157,0,9.389140e-04
5835,29.174157,0,9.545702e-04
5836,29.179157,0,9.722008e-04
5837,29.184157,0,9.920747e-04
5838,29.189157,0,8.981930e-04
5839,29.194157,1,7.502116e-04
5840,29.199157,0,8.149592e-04
5841,29.204157,1,8.330501e-04
5842,29.209157,1,8.688017e-04
5843,29.214157,0,9.993321e-04
5844,29.219157,0,7.683972e-04
5845,29.224157,0,9.485828e-04
5846,29.229157,0,9.430617e-04
5847,29.234157,2,7.356144e-04
5848,29.239157,1,6.555939e-04
5849,29.244157,0,9.552270e-04
5850,29.249157,0,9.558787e-04
5851,29.254157,1,8.083304e-04
5852,29.259157,1,7.547277e-04
5853,29.264157,0,9.494971e-04
5854,29.269157,2,9.608082e-04
5855,29.274157,1,7.134292e-04
5856,29.279157,1,7.184213e-04
5857,29.284157,0,7.412312e-04
5858,29.289157,0,8.089539e-04
5859,29.294157,0,8.834798e-04
5860,29.299157,0,9.363798e-04
5861,29.304157,0,9.781971e-04
5862,29.309157,0,8.297072e-04
5863,29.314157,0,8.892396e-04
5864,29.319157,0,9.641958e-04
5865,29.324157,0,7.912633e-04
5866,29.329157,0,8.346883e-04
5867,29.334157,0,8.882878e-04
5868,29.339157,0,9.217925e-04
5869,29.344157,0,9.467633e-04
5870,29.349157,0,9.686735e-04
5871,29.354157,0,9.900828e-04
5872,29.359157,0,9.839357e-04
5873,29.364157,0,9.108052e-04
5874,29.369157,0,9.178029e-04
5875,29.374157,0,9.390305e-04
5876,29.379157,0,9.543268e-04
5877,29.384157,0,9.694934e-04
5878,29.389157,0,9.856428e-04
5879,29.394157,0,9.343849e-04
5880,29.399157,1,7.650940e-04
5881,29.404157,0,8.364319e-04
5882,29.409157,2,9.455535e-04
5883,29.414157,2,9.851217e-04
5884,29.419157,1,8.043289e-04
5885,29.424157,0,9.748985e-04
5886,29.429157,0,8.629858e-04
5887,29.434157,0,9.307133e-04
5888,29.439157,0,9.764017e-04
5889,29.444157,1,7.686563e-04
5890,29.449157,2,9.884513e-04
5891,29.454157,1,7.073962e-04
5892,29.459157,0,9.253821e-04
5893,29.464157,0,9.386837e-04
5894,29.469157,2,8.131292e-04
5895,29.474157,1,8.546655e-04
5896,29.479157,1,7.448085e-04
5897,29.484157,0,7.790862e-04
5898,29.489157,0,9.032040e-04
5899,29.494157,0,8.720293e-04
5900,29.499157,0,9.669380e-04
5901,29.504157,5,9.795111e-04
5902,29.509157,4,9.776792e-04
5903,29.514157,2,9.462802e-04
5904,29.519157,1,8.933379e-04
5905,29.524157,4,9.746525e-04
5906,29.529157,1,7.777206e-04
5907,29.534157,0,6.912568e-04
5908,29.539157,1,9.739543e-04
5909,29.544157,0,9.654709e-04
5910,29.549157,4,9.521685e-04
5911,29.554157,2,9.045590e-04
5912,29.559157,0,8.407596e-04
5913,29.564157,0,8.960959e-04
5914,29.569157,0,9.415341e-04
5915,29.574157,0,9.949190e-04
5916,29.579157,0,8.216170e-04
5917,29.584157,1,5.674091e-04
5918,29.589157,3,8.141982e-04
5919,29.594157,2,8.884239e-04
5920,29.599157,1,6.700118e-04
5921,29.604157,0,9.807496e-04
5922,29.609157,1,8.641780e-04
5923,29.614157,0,8.983182e-04
5924,29.619157,0,9.651015e-04
5925,29.624157,0,7.852010e-04
5926,29.629157,0,7.828245e-04
5927,29.634157,0,8.203457e-04
5928,29.639157,0,8.539188e-04
5929,29.644157,0,8.890725e-04
5930,29.649157,0,9.262626e-04
5931,29.654157,0,9.651195e-04
5932,29.659157,2,8.438481e-04
5933,29.664157,1,8.184657e-04
5934,29.669157,0,9.715012e-04
5935,29.674157,0,8.795886e-04
5936,29.679157,0,9.967008e-04
5937,29.684157,2,9.227073e-04
5938,29.689157,1,9.176021e-04
5939,29.694157,1,8.929202e-04
5940,29.699157,1,9.409337e-04
5941,29.704157,0,9.384782e-04
5942,29.709157,0,9.452049e-04
5943,29.714157,0,8.412863e-04
5944,29.719157,0,8.515873e-04
5945,29.724157,0,9.199102e-04
5946,29.729157,0,9.966099e-04
5947,29.734157,2,9.759114e-04
5948,29.739157,2,8.873554e-04
5949,29.744157,1,8.536766e-04
5950,29.749157,3,9.994838e-04
5951,29.754157,1,7.101834e-04
5952,29.759157,0,9.132864e-04
5953,29.764157,2,8.893211e-04
5954,29.769157,1,8.785873e-04
5955,29.774157,1,6.739916e-04
5956,29.779157,0,7.917365e-04
5957,29.784157,0,9.672655e-04
5958,29.789157,0,9.566819e-04
5959,29.794157,0,9.552386e-04
5960,29.799157,0,9.693592e-04
5961,29.804157,2,6.439309e-04
5962,29.809157,0,9.455276e-04
5963,29.814157,2,8.797185e-04
5964,29.819157,1,8.824694e-04
5965,29.824157,0,8.484116e-04
5966,29.829157,0,8.988131e-04
5967,29.834157,0,9.995282e-04
5968,29.839157,1,9.459198e-04
5969,29.844157,0,7.614550e-04
5970,29.849157,0,7.302600e-04
5971,29.854157,0,8.617662e-04
5972,29.859157,0,9.898289e-04
5973,29.864157,2,5.161835e-04
5974,29.869157,1,7.368639e-04
5975,29.874157,0,7.953347e-04
5976,29.879157,0,8.637067e-04
5977,29.884157,0,9.590023e-04
5978,29.889157,0,9.682688e-04
5979,29.894157,0,9.767316e-04
5980,29.899157,0,7.913858e-04
5981,29.904157,0,7.869011e-04
5982,29.909157,0,7.991561e-04
5983,29.914157,0,8.150667e-04
5984,29.919157,0,8.356677e-04
5985,29.924157,0,8.593480e-04
5986,29.929157,0,8.847935e-04
5987,29.934157,0,9.111049e-04
5988,29.939157,0,9.377079e-04
5989,29.944157,0,9.642519e-04
5990,29.949157,0,9.905320e-04
5991,29.954157,3,8.438020e-04
5992,29.959157,2,8.563749e-04
5993,29.964157,1,7.933169e-04
5994,29.969157,0,9.234032e-04
5995,29.974157,2,9.535637e-04
5996,29.979157,1,5.863278e-04
5997,29.984157,0,9.924101e-04
5998,29.989157,1,8.979799e-04
5999,29.994157,1,7.593140e-04
6000,29.999157,0,7.818677e-04
6001,30.004157,0,8.472158e-04
6002,30.009157,0,9.407814e-04
6003,30.014157,0,8.290631e-04
6004,30.019157,0,8.634585e-04
6005,30.024157,0,9.411677e-04
6006,30.029157,0,9.269213e-04
6007,30.034157,0,9.517445e-04
6008,30.039157,0,9.304900e-04
6009,30.044157,0,9.289210e-04
6010,30.049157,0,9.556338e-04
6011,30.054157,0,9.777968e-04
6012,30.059157,0,9.996532e-04
6013,30.064157,2,9.244711e-04
6014,30.069157,3,8.044942e-04
6015,30.074157,1,7.890125e-04
6016,30.079157,0,9.867199e-04
6017,30.084157,0,6.875282e-04
6018,30.089157,1,5.170657e-04
6019,30.094157,0,9.168237e-04
6020,30.099157,4,8.790341e-04
6021,30.104157,2,8.204276e-04
6022,30.109157,0,9.773217e-04
6023,30.114157,0,9.936567e-04
6024,30.119157,2,8.705054e-04
6025,30.124157,1,7.027657e-04
6026,30.129157,0,8.034666e-04
6027,30.134157,0,9.382088e-04
6028,30.139157,0,9.954407e-04
6029,30.144157,2,6.010312e-04
6030,30.149157,1,5.542065e-04
6031,30.154157,0,9.868583e-04
6032,30.159157,3,9.860505e-04
6033,30.164157,1,6.533533e-04
6034,30.169157,0,9.063293e-04
6035,30.174157,2,7.188377e-04
6036,30.179157,0,8.812984e-04
6037,30.184157,0,6.758792e-04
6038,30.189157,0,8.550412e-04
6039,30.194157,0,9.996824e-04
6040,30.199157,2,6.271763e-04
6041,30.204157,1,7.150167e-04
6042,30.209157,1,8.550286e-04
6043,30.214157,0,9.562404e-04
6044,30.219157,0,7.752024e-04
6045,30.224157,0,7.892847e-04
6046,30.229157,0,8.378017e-04
6047,30.234157,0,8.884912e-04
6048,30.239157,0,9.398838e-04
6049,30.244157,0,9.909779e-04
6050,30.249157,2,6.498721e-04
6051,30.254157,2,7.885516e-04
6052,30.259157,1,6.527868e-04
6053,30.264157,0,8.276096e-04
6054,30.269157,0,9.685538e-04
6055,30.274157,0,9.068213e-04
6056,30.279157,0,9.801784e-04
6057,30.284157,0,9.155581e-04
6058,30.289157,0,9.529585e-04
6059,30.294157,0,9.972968e-04
6060,30.299157,0,9.580266e-04
6061,30.304157,0,9.930527e-04
6062,30.309157,0,8.915056e-04
6063,30.314157,0,9.046827e-04
6064,30.319157,0,9.214115e-04
6065,30.324157,0,9.278608e-04
6066,30.329157,0,9.332381e-04
6067,30.334157,0,9.400957e-04
6068,30.339157,0,9.490877e-04
6069,30.344157,0,9.601899e-04
6070,30.349157,0,9.731816e-04
6071,30.354157,0,9.877985e-04
6072,30.359157,2,8.520901e-04
6073,30.364157,1,8.299441e-04
6074,30.369157,1,8.324121e-04
6075,30.374157,0,9.462105e-04
6076,30.379157,3,8.735327e-04
6077,30.384157,2,9.327262e-04
6078,30.389157,1,7.311231e-04
6079,30.394157,0,9.738391e-04
6080,30.399157,0,9.513405e-04
6081,30.404157,2,8.541919e-04
6082,30.409157,1,7.005321e-04
6083,30.414157,3,9.521571e-04
6084,30.419157,0,9.724303e-04
6085,30.424157,0,9.164642e-04
6086,30.429157,0,9.569690e-04
6087,30.434157,0,9.287509e-04
6088,30.439157,0,9.745195e-04
6089,30.444157,0,9.464561e-04
6090,30.449157,0,9.769527e-04
6091,30.454157,0,9.402695e-04
6092,30.459157,0,9.850682e-04
6093,30.464157,0,9.926084e-04
6094,30.469157,0,9.162005e-04
6095,30.474157,0,9.461263e-04
6096,30.479157,0,9.548537e-04
6097,30.484157,0,9.650408e-04
6098,30.489157,0,9.799910e-04
6099,30.494157,0,9.993255e-04
6100,30.499157,2,9.105421e-04
6101,30.504157,2,8.369442e-04
6102,30.509157,0,9.527649e-04
6103,30.514157,1,9.150265e-04
6104,30.519157,4,9.495203e-04
6105,30.524157,1,7.887621e-04
6106,30.529157,0,9.013049e-04
6107,30.534157,0,7.486537e-04
6108,30.539157,0,9.608547e-04
6109,30.544157,0,8.920469e-04
6110,30.549157,0,9.827688e-04
6111,30.554157,2,9.054610e-04
6112,30.559157,1,7.337570e-04
6113,30.564157,0,9.167243e-04
6114,30.569157,1,9.872687e-04
6115,30.574157,0,7.510328e-04
6116,30.579157,0,9.365148e-04
6117,30.584157,0,8.172975e-04
6118,30.589157,0,9.361136e-04
6119,30.594157,0,8.705909e-04
6120,30.599157,0,9.783797e-04
6121,30.604157,0,9.930449e-04
6122,30.609157,0,9.646696e-04
6123,30.614157,0,9.974570e-04
6124,30.619157,2,8.575547e-04
6125,30.624157,2,8.929753e-04
6126,30.629157,1,8.398907e-04
6127,30.634157,4,9.088583e-04
6128,30.639157,0,8.174480e-04
6129,30.644157,1,9.566007e-04
6130,30.649157,0,9.335846e-04
6131,30.654157,0,9.478001e-04
6132,30.659157,0,8.958240e-04
6133,30.664157,0,9.083642e-04
6134,30.669157,0,9.637402e-04
6135,30.674157,5,8.264450e-04
6136,30.679157,4,7.561558e-04
6137,30.684157,2,8.504965e-04
6138,30.689157,1,9.359332e-04
6139,30.694157,4,9.562002e-04
6140,30.699157,1,7.564949e-04
6141,30.704157,0,9.657214e-04
6142,30.709157,0,8.438468e-04
6143,30.714157,1,6.203638e-04
6144,30.719157,0,9.767310e-04
6145,30.724157,3,8.796362e-04
6146,30.729157,2,8.976219e-04
6147,30.734157,1,6.925989e-04
6148,30.739157,0,8.209915e-04
6149,30.744157,0,9.671620e-04
6150,30.749157,0,9.990255e-04
6151,30.754157,0,9.075820e-04
6152,30.759157,0,9.386869e-04
6153,30.764157,0,9.980911e-04
6154,30.769157,2,8.638077e-04
6155,30.774157,1,7.272062e-04
6156,30.779157,1,8.594161e-04
6157,30.784157,4,7.629593e-04
6158,30.789157,0,9.915317e-04
6159,30.794157,2,8.285539e-04
6160,30.799157,1,6.847237e-04
6161,30.804157,0,8.832043e-04
6162,30.809157,0,9.688007e-04
6163,30.814157,2,5.735474e-04
6164,30.819157,1,6.913226e-04
6165,30.824157,0,9.717751e-04
6166,30.829157,0,9.633655e-04
6167,30.834157,1,9.307189e-04
6168,30.839157,0,7.918049e-04
6169,30.844157,2,5.842418e-04
6170,30.849157,0,8.122140e-04
6171,30.854157,0,9.846840e-04
6172,30.859157,0,7.037698e-04
6173,30.864157,0,7.776659e-04
6174,30.869157,0,8.615115e-04
6175,30.874157,0,9.357335e-04
6176,30.879157,2,5.233138e-04
6177,30.884157,0,9.954120e-04
6178,30.889157,2,7.647803e-04
6179,30.894157,1,5.487337e-04
6180,30.899157,0,9.608871e-04
6181,30.904157,1,8.972361e-04
6182,30.909157,0,8.459539e-04
6183,30.914157,0,8.599756e-04
6184,30.919157,0,9.319691e-04
6185,30.924157,0,9.965898e-04
6186,30.929157,0,8.315334e-04
6187,30.934157,0,7.750316e-04
6188,30.939157,0,7.964652e-04
6189,30.944157,0,8.257558e-04
6190,30.949157,0,8.559531e-04
6191,30.954157,0,8.847911e-04
6192,30.959157,0,9.118475e-04
6193,30.964157,0,9.371715e-04
6194,30.969157,0,9.609452e-04
6195,30.974157,0,9.833754e-04
6196,30.979157,0,9.111259e-04
6197,30.984157,0,8.753829e-04
6198,30.989157,0,8.964909e-04
6199,30.994157,0,9.161551e-04
6200,30.999157,0,9.328259e-04
6201,31.004157,0,9.470003e-04
6202,31.009157,0,9.595684e-04
6203,31.014157,0,9.711622e-04
6204,31.019157,0,9.821749e-04
6205,31.024157,0,9.928415e-04
6206,31.029157,0,8.163167e-04
6207,31.034157,0,7.905665e-04
6208,31.039157,0,8.165734e-04
6209,31.044157,0,8.395158e-04
6210,31.049157,0,8.578317e-04
6211,31.054157,0,8.725183e-04
6212,31.059157,0,8.848373e-04
6213,31.064157,0,8.956791e-04
6214,31.069157,0,9.056133e-04
6215,31.074157,0,9.149960e-04
6216,31.079157,0,9.240502e-04
6217,31.084157,0,9.329163e-04
6218,31.089157,0,9.416831e-04
6219,31.094157,0,9.504060e-04
6220,31.099157,0,9.591191e-04
6221,31.104157,0,9.678425e-04
6222,31.109157,0,9.765868e-04
6223,31.114157,0,9.853572e-04
6224,31.119157,0,9.941549e-04
6225,31.124157,1,8.909318e-04
6226,31.129157,2,8.358184e-04
6227,31.134157,0,8.533289e-04
6228,31.139157,1,7.050917e-04
6229,31.144157,1,9.248529e-04
6230,31.149157,0,8.805469e-04
6231,31.154157,1,5.736168e-04
6232,31.159157,0,8.343926e-04
6233,31.164157,1,9.707277e-04
6234,31.169157,1,7.652392e-04
6235,31.174157,0,7.700507e-04
6236,31.179157,0,8.835588e-04
6237,31.184157,0,9.047622e-04
6238,31.189157,0,9.666474e-04
6239,31.194157,2,8.845659e-04
6240,31.199157,0,9.324545e-04
6241,31.204157,2,7.622611e-04
6242,31.209157,0,8.628912e-04
6243,31.214157,2,8.492501e-04
6244,31.219157,1,9.152588e-04
6245,31.224157,0,9.432832e-04
6246,31.229157,0,9.048176e-04
6247,31.234157,0,9.342216e-04
6248,31.239157,1,8.773690e-04
6249,31.244157,1,8.901545e-04
6250,31.249157,1,9.208297e-04
6251,31.254157,0,9.205091e-04
6252,31.259157,1,7.167197e-04
6253,31.264157,0,9.311049e-04
6254,31.269157,0,8.106447e-04
6255,31.274157,1,7.149727e-04
6256,31.279157,2,9.131830e-04
6257,31.284157,1,6.202831e-04
6258,31.289157,0,9.708394e-04
6259,31.294157,1,9.645935e-04
6260,31.299157,1,9.066145e-04
6261,31.304157,0,8.502495e-04
6262,31.309157,1,7.396286e-04
6263,31.314157,2,9.193605e-04
6264,31.319157,0,9.678696e-04
6265,31.324157,0,9.379781e-04
6266,31.329157,1,7.497754e-04
6267,31.334157,2,9.810448e-04
6268,31.339157,0,8.898301e-04
6269,31.344157,0,8.547354e-04
6270,31.349157,3,9.781049e-04
6271,31.354157,1,8.202442e-04
6272,31.359157,3,8.403365e-04
6273,31.364157,1,6.741864e-04
6274,31.369157,0,8.391335e-04
6275,31.374157,0,9.454079e-04
6276,31.379157,0,9.756075e-04
6277,31.384157,0,9.823738e-04
6278,31.389157,2,8.749694e-04
6279,31.394157,1,7.916336e-04
6280,31.399157,3,8.916574e-04
6281,31.404157,1,8.441175e-04
6282,31.409157,1,9.626074e-04
6283,31.414157,0,7.560709e-04
6284,31.419157,0,8.346031e-04
6285,31.424157,0,9.493003e-04
6286,31.429157,0,7.774226e-04
6287,31.434157,2,8.491580e-04
6288,31.439157,1,9.523207e-04
6289,31.444157,0,7.546486e-04
6290,31.449157,0,8.331974e-04
6291,31.454157,0,9.436127e-04
6292,31.459157,0,9.910373e-04
6293,31.464157,1,6.807726e-04
6294,31.469157,0,9.954531e-04
6295,31.474157,4,9.348155e-04
6296,31.479157,0,6.792244e-04
6297,31.484157,1,7.559383e-04
6298,31.489157,1,9.081843e-04
6299,31.494157,0,9.992479e-04
6300,31.499157,0,8.604695e-04
6301,31.504157,0,8.964124e-04
6302,31.509157,0,9.804855e-04
6303,31.514157,0,6.522059e-04
6304,31.519157,1,7.536426e-04
6305,31.524157,4,9.640533e-04
6306,31.529157,1,8.727948e-04
6307,31.534157,1,9.169842e-04
6308,31.539157,0,8.690587e-04
6309,31.544157,0,9.248203e-04
6310,31.549157,0,9.912199e-04
6311,31.554157,2,8.336738e-04
6312,31.559157,1,8.999485e-04
6313,31.564157,1,9.197831e-04
6314,31.569157,0,9.817191e-04
6315,31.574157,3,9.170244e-04
6316,31.579157,3,9.115183e-04
6317,31.584157,1,8.174662e-04
6318,31.589157,0,9.626981e-04
6319,31.594157,0,8.147432e-04
6320,31.599157,0,8.320809e-04
6321,31.604157,0,8.916906e-04
6322,31.609157,0,9.525446e-04
6323,31.614157,2,9.311261e-04
6324,31.619157,1,6.898486e-04
6325,31.624157,0,9.064083e-04
6326,31.629157,2,8.362481e-04
6327,31.634157,1,6.575315e-04
6328,31.639157,0,8.325997e-04
6329,31.644157,0,8.898789e-04
6330,31.649157,0,9.730416e-04
6331,31.654157,2,5.139104e-04
6332,31.659157,1,7.014140e-04
6333,31.664157,1,6.861491e-04
6334,31.669157,0,8.280580e-04
6335,31.674157,0,9.423436e-04
6336,31.679157,0,8.205612e-04
6337,31.684157,0,8.205284e-04
6338,31.689157,0,8.583371e-04
6339,31.694157,0,8.935425e-04
6340,31.699157,0,9.262955e-04
6341,31.704157,0,9.578010e-04
6342,31.709157,0,9.891495e-04
6343,31.714157,2,8.080740e-04
6344,31.719157,1,8.646678e-04
6345,31.724157,3,7.238867e-04
6346,31.729157,1,6.228663e-04
6347,31.734157,0,8.793275e-04
6348,31.739157,0,9.103902e-04
6349,31.744157,0,8.689522e-04
6350,31.749157,0,8.887916e-04
6351,31.754157,0,9.187755e-04
6352,31.759157,0,9.541803e-04
6353,31.764157,0,9.926834e-04
6354,31.769157,1,7.796273e-04
6355,31.774157,1,7.044848e-04
6356,31.779157,1,8.297117e-04
6357,31.784157,0,9.459096e-04
6358,31.789157,0,8.980406e-04
6359,31.794157,0,9.443402e-04
6360,31.799157,2,7.819649e-04
6361,31.804157,2,9.273795e-04
6362,31.809157,1,7.264449e-04
6363,31.814157,0,7.795813e-04
6364,31.819157,0,8.652720e-04
6365,31.824157,0,9.666637e-04
6366,31.829157,2,9.209215e-04
6367,31.834157,1,5.568848e-04
6368,31.839157,0,9.179298e-04
6369,31.844157,1,6.360127e-04
6370,31.849157,0,9.017917e-04
6371,31.854157,0,7.012043e-04
6372,31.859157,0,7.412071e-04
6373,31.864157,0,8.124653e-04
6374,31.869157,0,8.844105e-04
6375,31.874157,0,9.579625e-04
6376,31.879157,2,9.593028e-04
6377,31.884157,1,9.132172e-04
6378,31.889157,1,7.531103e-04
6379,31.894157,0,9.501676e-04
6380,31.899157,2,8.083747e-04
6381,31.904157,0,8.846071e-04
6382,31.909157,2,8.703893e-04
6383,31.914157,0,9.485591e-04
6384,31.919157,0,9.252056e-04
6385,31.924157,0,9.275698e-04
6386,31.929157,0,9.938227e-04
6387,31.934157,0,9.981690e-04
6388,31.939157,0,9.293343e-04
6389,31.944157,0,9.407651e-04
6390,31.949157,0,9.801319e-04
6391,31.954157,2,6.498403e-04
6392,31.959157,1,7.536979e-04
6393,31.964157,1,8.018194e-04
6394,31.969157,1,9.391414e-04
6395,31.974157,0,8.876572e-04
6396,31.979157,0,9.307996e-04
6397,31.984157,0,8.821469e-04
6398,31.989157,0,8.960268e-04
6399,31.994157,0,9.467216e-04
6400,31.999157,0,9.989420e-04
6401,32.004157,2,9.174942e-04
6402,32.009157,1,7.525165e-04
6403,32.014157,3,8.336683e-04
6404,32.019157,1,8.590775e-04
6405,32.024157,0,9.935893e-04
6406,32.029157,0,9.548181e-04
6407,32.034157,1,8.576501e-04
6408,32.039157,0,7.229181e-04
6409,32.044157,1,9.528782e-04
6410,32.049157,0,7.116181e-04
6411,32.054157,0,9.076918e-04
6412,32.059157,1,5.380492e-04
6413,32.064157,0,8.743962e-04
6414,32.069157,0,9.865107e-04
6415,32.074157,0,6.055271e-04
6416,32.079157,0,6.797163e-04
6417,32.084157,0,7.638390e-04
6418,32.089157,0,8.318397e-04
6419,32.094157,0,8.941009e-04
6420,32.099157,0,9.533439e-04
6421,32.104157,2,8.598632e-04
6422,32.109157,1,6.211570e-04
6423,32.114157,0,8.765922e-04
6424,32.119157,0,9.833009e-04
6425,32.124157,1,9.590028e-04
6426,32.129157,0,8.677560e-04
6427,32.134157,0,7.847598e-04
6428,32.139157,0,9.522419e-04
6429,32.144157,0,9.929521e-04
6430,32.149157,0,9.577297e-04
6431,32.154157,0,9.957151e-04
6432,32.159157,0,8.668479e-04
6433,32.164157,0,8.359360e-04
6434,32.169157,0,8.284640e-04
6435,32.174157,0,8.231176e-04
6436,32.179157,0,8.227771e-04
6437,32.184157,0,8.274937e-04
6438,32.189157,0,8.366020e-04
6439,32.194157,0,8.492458e-04
6440,32.199157,0,8.645953e-04
6441,32.204157,0,8.819187e-04
6442,32.209157,0,9.005995e-04
6443,32.214157,0,9.201337e-04
6444,32.219157,0,9.401180e-04
6445,32.224157,0,9.602357e-04
6446,32.229157,0,9.802418e-04
6447,32.234157,0,9.999507e-04
6448,32.239157,2,7.593279e-04
6449,32.244157,1,8.402204e-04
6450,32.249157,1,6.344085e-04
6451,32.254157,0,9.444438e-04
6452,32.259157,0,9.530835e-04
6453,32.264157,0,9.128601e-04
6454,32.269157,0,9.921885e-04
6455,32.274157,0,7.289219e-04
6456,32.279157,1,6.099432e-04
6457,32.284157,1,9.105039e-04
6458,32.289157,4,7.992887e-04
6459,32.294157,0,9.876274e-04
6460,32.299157,2,8.352876e-04
6461,32.304157,1,6.205672e-04
6462,32.309157,0,9.762747e-04
6463,32.314157,0,8.572129e-04
6464,32.319157,0,7.885028e-04
6465,32.324157,0,8.387669e-04
6466,32.329157,0,9.207613e-04
6467,32.334157,0,9.988610e-04
6468,32.339157,2,9.470460e-04
6469,32.344157,1,7.791732e-04
6470,32.349157,1,8.901819e-04
6471,32.354157,1,8.840786e-04
6472,32.359157,0,9.540159e-04
6473,32.364157,0,8.206783e-04
6474,32.369157,0,8.542010e-04
6475,32.374157,0,9.394325e-04
6476,32.379157,0,6.849492e-04
6477,32.384157,0,9.942008e-04
6478,32.389157,3,8.059159e-04
6479,32.394157,1,9.130421e-04
6480,32.399157,1,8.069761e-04
6481,32.404157,0,9.411497e-04
6482,32.409157,0,8.692258e-04
6483,32.414157,0,8.848092e-04
6484,32.419157,0,9.484627e-04
6485,32.424157,5,7.849582e-04
6486,32.429157,4,8.778614e-04
6487,32.434157,1,9.018239e-04
6488,32.439157,0,7.045551e-04
6489,32.444157,1,5.784257e-04
6490,32.449157,0,9.024779e-04
6491,32.454157,0,9.599187e-04
6492,32.459157,0,8.700738e-04
6493,32.464157,0,9.411590e-04
6494,32.469157,1,9.455568e-04
6495,32.474157,0,9.139189e-04
6496,32.479157,0,6.266439e-04
6497,32.484157,0,6.722636e-04
6498,32.489157,0,7.899564e-04
6499,32.494157,0,9.154627e-04
6500,32.499157,2,8.134676e-04
6501,32.504157,1,7.938254e-04
6502,32.509157,1,8.871769e-04
6503,32.514157,1,7.084755e-04
6504,32.519157,0,8.728673e-04
6505,32.524157,0,9.171686e-04
6506,32.529157,0,8.589739e-04
6507,32.534157,0,8.707663e-04
6508,32.539157,0,9.496012e-04
6509,32.544157,0,9.092207e-04
6510,32.549157,0,8.949538e-04
6511,32.554157,1,8.542090e-04
6512,32.559157,0,8.714833e-04
6513,32.564157,0,9.326826e-04
6514,32.569157,0,8.732080e-04
6515,32.574157,0,9.078932e-04
6516,32.579157,0,9.904005e-04
6517,32.584157,2,5.022637e-04
6518,32.589157,0,9.826324e-04
6519,32.594157,2,7.058139e-04
6520,32.599157,1,6.313583e-04
6521,32.604157,0,8.476081e-04
6522,32.609157,0,9.467712e-04
6523,32.614157,0,9.459970e-04
6524,32.619157,0,9.594150e-04
6525,32.624157,1,7.768603e-04
6526,32.629157,0,8.931089e-04
6527,32.634157,2,5.871044e-04
6528,32.639157,0,9.794508e-04
6529,32.644157,0,8.715994e-04
6530,32.649157,0,9.782760e-04
6531,32.654157,1,8.449885e-04
6532,32.659157,0,8.752867e-04
6533,32.664157,2,6.639160e-04
6534,32.669157,1,9.371707e-04
6535,32.674157,0,8.720493e-04
6536,32.679157,0,9.491618e-04
6537,32.684157,0,8.480165e-04
6538,32.689157,0,8.490413e-04
6539,32.694157,0,8.839622e-04
6540,32.699157,0,9.147598e-04
6541,32.704157,0,9.437369e-04
6542,32.709157,0,9.720306e-04
6543,32.714157,0,8.336611e-04
6544,32.719157,0,8.250579e-04
6545,32.724157,0,8.394636e-04
6546,32.729157,0,8.606120e-04
6547,32.734157,0,8.853950e-04
6548,32.739157,0,9.127842e-04
6549,32.744157,0,9.419980e-04
6550,32.749157,0,9.723327e-04
6551,32.754157,0,8.482542e-04
6552,32.759157,1,7.667604e-04
6553,32.764157,4,9.966281e-04
6554,32.769157,2,8.856729e-04
6555,32.774157,0,9.766130e-04
6556,32.779157,0,9.482180e-04
6557,32.784157,0,9.865327e-04
6558,32.789157,0,9.223352e-04
6559,32.794157,0,9.385880e-04
6560,32.799157,0,9.952406e-04
6561,32.804157,3,9.307802e-04
6562,32.809157,3,8.566103e-04
6563,32.814157,2,8.685877e-04
6564,32.819157,1,8.420805e-04
6565,32.824157,0,9.476024e-04
6566,32.829157,0,9.386453e-04
6567,32.834157,0,8.800665e-04
6568,32.839157,0,9.063548e-04
6569,32.844157,0,9.545109e-04
6570,32.849157,0,8.987882e-04
6571,32.854157,1,6.588196e-04
6572,32.859157,0,8.797706e-04
6573,32.864157,1,6.412132e-04
6574,32.869157,0,9.104463e-04
6575,32.874157,1,9.067126e-04
6576,32.879157,1,7.406076e-04
6577,32.884157,0,7.829005e-04
6578,32.889157,0,8.771506e-04
6579,32.894157,0,9.922444e-04
6580,32.899157,0,9.142755e-04
6581,32.904157,0,9.122482e-04
6582,32.909157,0,9.140476e-04
6583,32.914157,0,9.525637e-04
6584,32.919157,0,9.857399e-04
6585,32.924157,2,8.810619e-04
6586,32.929157,0,9.697339e-04
6587,32.934157,2,9.385035e-04
6588,32.939157,0,9.942469e-04
6589,32.944157,2,6.688415e-04
6590,32.949157,1,5.844603e-04
6591,32.954157,0,9.008758e-04
6592,32.959157,0,9.727902e-04
6593,32.964157,0,6.665281e-04
6594,32.969157,0,7.249813e-04
6595,32.974157,0,8.112058e-04
6596,32.979157,0,8.932672e-04
6597,32.984157,0,9.700570e-04
6598,32.989157,0,9.014431e-04
6599,32.994157,1,7.045268e-04
6600,32.999157,1,6.299096e-04
6601,33.004157,0,9.690996e-04
6602,33.009157,1,6.342983e-04
6603,33.014157,0,8.757448e-04
6604,33.019157,0,8.264696e-04
6605,33.024157,0,8.773959e-04
6606,33.029157,0,9.775283e-04
6607,33.034157,0,8.070588e-04
6608,33.039157,1,7.645134e-04
6609,33.044157,0,8.250164e-04
6610,33.049157,3,9.133023e-04
6611,33.054157,0,9.111582e-04
6612,33.059157,1,8.798445e-04
6613,33.064157,0,9.355009e-04
6614,33.069157,0,9.382427e-04
6615,33.074157,0,9.965130e-04
6616,33.079157,0,9.232440e-04
6617,33.084157,0,9.605376e-04
6618,33.089157,0,9.939766e-04
6619,33.094157,2,7.962776e-04
6620,33.099157,1,8.708647e-04
6621,33.104157,0,7.456758e-04
6622,33.109157,0,9.352203e-04
6623,33.114157,4,9.163143e-04
6624,33.119157,0,6.567481e-04
6625,33.124157,1,7.825570e-04
6626,33.129157,3,8.930084e-04
6627,33.134157,0,9.810657e-04
6628,33.139157,0,9.455833e-04
6629,33.144157,2,7.105618e-04
6630,33.149157,1,6.321258e-04
6631,33.154157,0,8.674082e-04
6632,33.159157,0,9.490159e-04
6633,33.164157,1,8.596500e-04
6634,33.169157,0,8.209420e-04
6635,33.174157,0,8.437952e-04
6636,33.179157,0,8.971507e-04
6637,33.184157,0,9.535813e-04
6638,33.189157,0,9.942455e-04
6639,33.194157,0,9.717203e-04
6640,33.199157,0,9.181683e-04
6641,33.204157,0,9.338987e-04
6642,33.209157,0,9.465764e-04
6643,33.214157,0,9.577316e-04
6644,33.219157,0,9.739372e-04
6645,33.224157,0,9.950915e-04
6646,33.229157,0,9.803772e-04
6647,33.234157,0,8.356662e-04
6648,33.239157,0,8.267278e-04
6649,33.244157,0,8.187889e-04
6650,33.249157,0,8.116686e-04
6651,33.254157,0,8.106084e-04
6652,33.259157,0,8.156402e-04
6653,33.264157,0,8.259598e-04
6654,33.269157,0,8.406282e-04
6655,33.274157,0,8.587643e-04
6656,33.279157,0,8.795937e-04
6657,33.284157,0,9.024577e-04
6658,33.289157,0,9.268083e-04
6659,33.294157,0,9.521954e-04
6660,33.299157,0,9.782535e-04
6661,33.304157,2,9.267297e-04
6662,33.309157,2,9.747568e-04
6663,33.314157,1,8.180024e-04
6664,33.319157,0,8.446778e-04
6665,33.324157,0,9.316197e-04
6666,33.329157,0,8.615189e-04
6667,33.334157,0,9.223926e-04
6668,33.339157,0,9.932567e-04
6669,33.344157,2,9.198837e-04
6670,33.349157,1,7.870857e-04
6671,33.354157,0,9.299083e-04
6672,33.359157,2,7.976254e-04
6673,33.364157,1,5.034999e-04
6674,33.369157,0,8.592176e-04
6675,33.374157,0,8.846678e-04
6676,33.379157,0,8.839426e-04
6677,33.384157,0,9.674713e-04
6678,33.389157,2,9.523961e-04
6679,33.394157,0,9.786770e-04
6680,33.399157,0,8.411464e-04
6681,33.404157,2,6.732027e-04
6682,33.409157,1,7.443205e-04
6683,33.414157,1,7.252463e-04
6684,33.419157,0,8.942675e-04
6685,33.424157,0,9.800191e-04
6686,33.429157,0,9.535228e-04
6687,33.434157,0,9.741430e-04
6688,33.439157,2,6.508545e-04
6689,33.444157,1,9.459527e-04
6690,33.449157,1,8.993803e-04
6691,33.454157,1,9.248340e-04
6692,33.459157,0,8.396128e-04
6693,33.464157,0,9.032135e-04
6694,33.469157,0,7.911201e-04
6695,33.474157,0,8.051596e-04
6696,33.479157,0,8.616452e-04
6697,33.484157,0,9.225618e-04
6698,33.489157,0,9.864915e-04
6699,33.494157,0,7.697962e-04
6700,33.499157,3,8.535889e-04
6701,33.504157,1,9.356231e-04
6702,33.509157,0,8.226869e-04
6703,33.514157,1,6.903122e-04
6704,33.519157,0,8.933091e-04
6705,33.524157,0,9.930248e-04
6706,33.529157,2,8.421215e-04
6707,33.534157,1,8.566215e-04
6708,33.539157,1,8.662873e-04
6709,33.544157,0,8.265756e-04
6710,33.549157,0,9.317813e-04
6711,33.554157,2,7.093743e-04
6712,33.559157,0,8.474364e-04
6713,33.564157,2,7.016286e-04
6714,33.569157,0,9.979498e-04
6715,33.574157,0,8.128991e-04
6716,33.579157,0,9.242610e-04
6717,33.584157,1,8.781245e-04
6718,33.589157,0,9.898431e-04
6719,33.594157,1,9.406204e-04
6720,33.599157,0,7.001084e-04
6721,33.604157,0,9.740016e-04
6722,33.609157,1,6.680617e-04
6723,33.614157,0,8.250443e-04
6724,33.619157,0,8.739302e-04
6725,33.624157,0,7.603837e-04
6726,33.629157,0,7.848502e-04
6727,33.634157,0,8.248303e-04
6728,33.639157,0,8.643183e-04
6729,33.644157,0,9.078632e-04
6730,33.649157,0,9.544723e-04
6731,33.654157,1,8.506427e-04
6732,33.659157,0,7.932956e-04
6733,33.664157,1,7.205542e-04
6734,33.669157,0,5.605625e-04
6735,33.674157,0,7.518921e-04
6736,33.679157,0,9.457008e-04
6737,33.684157,1,6.491319e-04
6738,33.689157,0,8.751433e-04
6739,33.694157,0,7.245010e-04
6740,33.699157,0,8.413324e-04
6741,33.704157,0,9.589865e-04
6742,33.709157,1,6.982621e-04
6743,33.714157,0,6.860438e-04
6744,33.719157,0,9.579369e-04
6745,33.724157,0,6.927135e-04
6746,33.729157,0,7.125376e-04
6747,33.734157,0,7.395077e-04
6748,33.739157,0,7.603815e-04
6749,33.744157,0,7.823582e-04
6750,33.749157,0,8.066145e-04
6751,33.754157,0,8.326008e-04
6752,33.759157,0,8.595340e-04
6753,33.764157,0,8.867859e-04
6754,33.769157,0,9.139121e-04
6755,33.774157,0,9.406135e-04
6756,33.779157,0,9.666964e-04
6757,33.784157,0,9.920407e-04
6758,33.789157,1,9.033618e-04
6759,33.794157,0,9.697773e-04
6760,33.799157,1,9.973155e-04
6761,33.804157,0,7.130062e-04
6762,33.809157,0,9.631311e-04
6763,33.814157,1,6.337801e-04
6764,33.819157,0,8.266640e-04
6765,33.824157,0,7.359547e-04
6766,33.829157,0,8.552789e-04
6767,33.834157,0,9.512008e-04
6768,33.839157,0,9.223886e-04
6769,33.844157,0,6.328816e-04
6770,33.849157,0,6.149392e-04
6771,33.854157,0,6.337292e-04
6772,33.859157,0,6.649901e-04
6773,33.864157,0,7.040414e-04
6774,33.869157,0,7.461443e-04
6775,33.874157,0,7.881175e-04
6776,33.879157,0,8.281947e-04
6777,33.884157,0,8.655479e-04
6778,33.889157,0,8.998946e-04
6779,33.894157,0,9.312499e-04
6780,33.899157,0,9.597820e-04
6781,33.904157,0,9.857299e-04
6782,33.909157,1,7.031444e-04
6783,33.914157,1,5.744032e-04
6784,33.919157,0,8.162740e-04
6785,33.924157,0,9.029424e-04
6786,33.929157,0,6.148945e-04
6787,33.934157,0,6.534794e-04
6788,33.939157,0,7.292571e-04
6789,33.944157,0,8.114300e-04
6790,33.949157,0,8.958287e-04
6791,33.954157,0,9.796551e-04
6792,33.959157,2,8.797080e-04
6793,33.964157,1,7.655320e-04
6794,33.969157,1,7.733892e-04
6795,33.974157,1,7.424946e-04
6796,33.979157,0,7.776567e-04
6797,33.984157,0,8.382361e-04
6798,33.989157,0,9.406467e-04
6799,33.994157,0,8.198495e-04
6800,33.999157,0,8.803902e-04
6801,34.004157,0,9.611212e-04
6802,34.009157,2,8.594543e-04
6803,34.014157,0,9.252181e-04
6804,34.019157,2,7.344793e-04
6805,34.024157,1,8.532154e-04
6806,34.029157,0,9.540076e-04
6807,34.034157,2,7.268159e-04
6808,34.039157,0,9.238681e-04
6809,34.044157,2,5.372827e-04
6810,34.049157,0,9.434797e-04
6811,34.054157,1,9.090800e-04
6812,34.059157,0,9.404713e-04
6813,34.064157,0,8.433575e-04
6814,34.069157,0,8.722055e-04
6815,34.074157,0,9.394274e-04
6816,34.079157,1,7.829533e-04
6817,34.084157,0,9.036365e-04
6818,34.089157,0,8.184984e-04
6819,34.094157,0,8.514205e-04
6820,34.099157,0,9.164243e-04
6821,34.104157,0,9.892828e-04
6822,34.109157,0,9.176681e-04
6823,34.114157,0,9.874758e-04
6824,34.119157,0,9.062272e-04
6825,34.124157,0,9.503234e-04
6826,34.129157,0,9.886747e-04
6827,34.134157,0,9.950387e-04
6828,34.139157,0,9.041357e-04
6829,34.144157,0,9.225095e-04
6830,34.149157,0,9.389402e-04
6831,34.154157,0,9.570159e-04
6832,34.159157,0,9.800404e-04
6833,34.164157,2,6.946405e-04
6834,34.169157,1,7.012162e-04
6835,34.174157,0,9.999180e-04
6836,34.179157,4,8.278151e-04
6837,34.184157,1,8.518219e-04
6838,34.189157,3,7.820078e-04
6839,34.194157,1,7.241680e-04
6840,34.199157,0,8.615981e-04
6841,34.204157,0,7.935172e-04
6842,34.209157,0,8.261310e-04
6843,34.214157,0,8.942218e-04
6844,34.219157,0,9.625986e-04
6845,34.224157,2,7.781347e-04
6846,34.229157,1,6.545035e-04
6847,34.234157,1,7.442152e-04
6848,34.239157,1,7.892107e-04
6849,34.244157,0,8.159346e-04
6850,34.249157,0,8.882719e-04
6851,34.254157,0,8.611687e-04
6852,34.259157,0,8.819448e-04
6853,34.264157,0,9.556759e-04
6854,34.269157,2,6.839114e-04
6855,34.274157,1,8.154752e-04
6856,34.279157,0,9.524802e-04
6857,34.284157,0,9.654782e-04
6858,34.289157,2,7.708141e-04
6859,34.294157,0,9.771732e-04
6860,34.299157,2,6.963299e-04
6861,34.304157,1,6.866164e-04
6862,34.309157,0,7.457276e-04
6863,34.314157,0,8.867499e-04
6864,34.319157,1,9.838311e-04
6865,34.324157,0,6.722707e-04
6866,34.329157,0,8.216513e-04
6867,34.334157,0,7.204689e-04
6868,34.339157,0,8.139987e-04
6869,34.344157,0,9.102945e-04
6870,34.349157,0,9.958385e-04
6871,34.354157,2,5.986742e-04
6872,34.359157,0,9.171802e-04
6873,34.364157,2,6.758444e-04
6874,34.369157,0,9.830095e-04
6875,34.374157,1,8.841315e-04
6876,34.379157,0,8.222702e-04
6877,34.384157,0,9.584189e-04
6878,34.389157,0,9.897121e-04
6879,34.394157,0,9.924074e-04
6880,34.399157,0,7.754319e-04
6881,34.404157,0,7.384723e-04
6882,34.409157,0,7.426399e-04
6883,34.414157,0,7.563506e-04
6884,34.419157,0,7.766178e-04
6885,34.424157,0,8.007138e-04
6886,34.429157,0,8.268152e-04
6887,34.434157,0,8.537117e-04
6888,34.439157,0,8.806263e-04
6889,34.444157,0,9.070774e-04
6890,34.449157,0,9.327797e-04
6891,34.454157,0,9.575767e-04
6892,34.459157,0,9.813944e-04
6893,34.464157,3,8.762483e-04
6894,34.469157,2,7.893124e-04
6895,34.474157,1,7.288390e-04
6896,34.479157,0,9.614978e-04
6897,34.484157,3,8.505744e-04
6898,34.489157,1,6.756109e-04
6899,34.494157,0,8.547763e-04
6900,34.499157,3,8.254768e-04
6901,34.504157,1,8.255113e-04
6902,34.509157,0,8.593943e-04
6903,34.514157,2,7.347575e-04
6904,34.519157,1,5.497631e-04
6905,34.524157,0,9.898742e-04
6906,34.529157,1,8.683656e-04
6907,34.534157,1,5.600911e-04
6908,34.539157,0,8.849216e-04
6909,34.544157,0,6.215890e-04
6910,34.549157,0,8.410456e-04
6911,34.554157,0,7.461645e-04
6912,34.559157,0,8.590602e-04
6913,34.564157,0,9.886975e-04
6914,34.569157,0,8.472428e-04
6915,34.574157,0,9.061081e-04
6916,34.579157,0,9.991697e-04
6917,34.584157,0,8.011177e-04
6918,34.589157,0,8.083059e-04
6919,34.594157,0,8.633292e-04
6920,34.599157,0,8.964672e-04
6921,34.604157,0,9.164595e-04
6922,34.609157,0,9.300396e-04
6923,34.614157,0,9.411736e-04
6924,34.619157,0,9.517978e-04
6925,34.624157,0,9.627495e-04
6926,34.629157,0,9.743201e-04
6927,34.634157,0,9.865464e-04
6928,34.639157,0,9.993571e-04
6929,34.644157,0,9.122845e-04
6930,34.649157,0,9.521436e-04
6931,34.654157,0,8.203159e-04
6932,34.659157,0,7.993073e-04
6933,34.664157,0,8.202189e-04
6934,34.669157,0,8.329126e-04
6935,34.674157,0,8.422219e-04
6936,34.679157,0,8.507448e-04
6937,34.684157,0,8.598689e-04
6938,34.689157,0,8.700973e-04
6939,34.694157,0,8.814979e-04
6940,34.699157,0,8.939522e-04
6941,34.704157,0,9.072785e-04
6942,34.709157,0,9.212876e-04
6943,34.714157,0,9.358058e-04
6944,34.719157,0,9.506833e-04
6945,34.724157,0,9.657945e-04
6946,34.729157,0,9.810370e-04
6947,34.734157,0,9.963283e-04
6948,34.739157,1,9.523238e-04
6949,34.744157,0,9.379096e-04
6950,34.749157,3,9.400034e-04
6951,34.754157,0,9.039731e-04
6952,34.759157,2,9.219555e-04
6953,34.764157,1,8.823664e-04
6954,34.769157,0,9.075678e-04
6955,34.774157,1,8.681113e-04
6956,34.779157,0,8.259800e-04
6957,34.784157,2,9.645190e-04
6958,34.789157,0,9.052363e-04
6959,34.794157,0,8.441140e-04
6960,34.799157,1,8.426366e-04
6961,34.804157,0,9.054551e-04
6962,34.809157,0,9.294119e-04
6963,34.814157,0,9.904483e-04
6964,34.819157,2,7.553265e-04
6965,34.824157,1,6.683838e-04
6966,34.829157,0,9.724760e-04
6967,34.834157,1,8.707819e-04
6968,34.839157,1,8.568173e-04
6969,34.844157,0,8.689985e-04
6970,34.849157,0,9.239847e-04
6971,34.854157,0,9.355331e-04
6972,34.859157,0,9.595935e-04
6973,34.864157,1,8.944508e-04
6974,34.869157,0,9.148290e-04
6975,34.874157,0,8.936708e-04
6976,34.879157,1,6.069450e-04
6977,34.884157,0,8.525149e-04
6978,34.889157,0,7.281563e-04
6979,34.894157,1,6.559481e-04
6980,34.899157,0,9.462636e-04
6981,34.904157,0,7.071210e-04
6982,34.909157,1,6.932423e-04
6983,34.914157,1,9.924939e-04
6984,34.919157,1,8.385095e-04
6985,34.924157,0,8.588209e-04
6986,34.929157,0,9.651552e-04
6987,34.934157,0,9.126250e-04
6988,34.939157,0,8.894472e-04
6989,34.944157,0,6.622998e-04
6990,34.949157,0,7.839883e-04
6991,34.954157,1,8.797139e-04
6992,34.959157,1,9.948763e-04
6993,34.964157,0,9.874192e-04
6994,34.969157,1,7.583393e-04
6995,34.974157,0,8.009585e-04
6996,34.979157,0,8.801174e-04
6997,34.984157,1,6.939749e-04
6998,34.989157,0,8.717064e-04
6999,34.994157,0,8.162343e-04
7000,34.999157,1,6.482782e-04
7001,35.004157,0,9.685835e-04
7002,35.009157,1,9.850611e-04
7003,35.014157,0,8.126646e-04
7004,35.019157,0,8.498865e-04
7005,35.024157,0,9.631656e-04
7006,35.029157,2,7.802455e-04
7007,35.034157,2,9.294503e-04
7008,35.039157,1,7.420836e-04
7009,35.044157,0,8.949454e-04
7010,35.049157,0,9.996598e-04
7011,35.054157,0,9.153998e-04
7012,35.059157,0,9.971032e-04
7013,35.064157,1,7.742596e-04
7014,35.069157,3,9.473227e-04
7015,35.074157,0,7.075039e-04
7016,35.079157,0,8.192919e-04
7017,35.084157,0,7.875328e-04
7018,35.089157,1,7.930929e-04
7019,35.094157,1,9.521299e-04
7020,35.099157,1,8.038515e-04
7021,35.104157,0,9.816259e-04
7022,35.109157,0,9.760203e-04
7023,35.114157,0,9.783316e-04
7024,35.119157,1,9.103553e-04
7025,35.124157,1,9.771577e-04
7026,35.129157,0,9.031490e-04
7027,35.134157,2,8.114697e-04
7028,35.139157,1,6.912750e-04
7029,35.144157,0,7.950717e-04
7030,35.149157,0,9.464593e-04
7031,35.154157,0,7.435566e-04
7032,35.159157,1,9.537621e-04
7033,35.164157,1,9.402158e-04
7034,35.169157,0,9.435895e-04
7035,35.174157,0,9.577906e-04
7036,35.179157,2,9.105562e-04
7037,35.184157,1,7.101014e-04
7038,35.189157,0,9.449422e-04
7039,35.194157,0,9.019296e-04
7040,35.199157,0,9.885474e-04
7041,35.204157,0,6.141370e-04
7042,35.209157,0,8.741735e-04
7043,35.214157,3,9.443847e-04
7044,35.219157,1,7.203171e-04
7045,35.224157,0,9.834434e-04
7046,35.229157,2,9.369400e-04
7047,35.234157,1,7.199429e-04
7048,35.239157,1,9.441887e-04
7049,35.244157,1,7.726246e-04
7050,35.249157,0,8.353936e-04
7051,35.254157,0,9.159533e-04
7052,35.259157,0,8.543130e-04
7053,35.264157,0,8.568682e-04
7054,35.269157,0,9.130717e-04
7055,35.274157,0,9.627027e-04
7056,35.279157,0,9.263055e-04
7057,35.284157,0,8.444139e-04
7058,35.289157,0,9.744520e-04
7059,35.294157,1,7.541509e-04
7060,35.299157,4,9.506910e-04
7061,35.304157,1,9.191977e-04
7062,35.309157,2,9.441420e-04
7063,35.314157,1,8.185163e-04
7064,35.319157,0,8.526830e-04
7065,35.324157,0,9.774473e-04
7066,35.329157,1,8.353071e-04
7067,35.334157,1,9.752492e-04
7068,35.339157,0,8.702276e-04
7069,35.344157,1,9.016761e-04
7070,35.349157,0,8.467871e-04
7071,35.354157,0,8.442245e-04
7072,35.359157,0,8.311847e-04
7073,35.364157,1,7.561924e-04
7074,35.369157,0,8.325147e-04
7075,35.374157,0,7.969087e-04
7076,35.379157,1,7.966895e-04
7077,35.384157,0,9.851400e-04
7078,35.389157,1,7.641983e-04
7079,35.394157,0,9.598399e-04
7080,35.399157,0,9.532026e-04
7081,35.404157,1,8.698930e-04
7082,35.409157,0,8.075237e-04
7083,35.414157,0,9.560321e-04
7084,35.419157,4,9.867562e-04
7085,35.424157,3,7.937724e-04
7086,35.429157,1,7.600326e-04
7087,35.434157,0,9.600068e-04
7088,35.439157,0,9.153190e-04
7089,35.444157,0,9.742052e-04
7090,35.449157,1,8.443386e-04
7091,35.454157,0,8.750254e-04
7092,35.459157,2,6.447684e-04
7093,35.464157,1,7.252193e-04
7094,35.469157,0,9.161001e-04
7095,35.474157,0,8.973414e-04
7096,35.479157,0,9.702987e-04
7097,35.484157,2,9.576036e-04
7098,35.489157,3,9.622568e-04
7099,35.494157,1,8.587459e-04
7100,35.499157,1,8.353076e-04
7101,35.504157,0,8.121755e-04
7102,35.509157,0,8.599543e-04
7103,35.514157,0,9.626954e-04
7104,35.519157,0,9.668929e-04
7105,35.524157,0,9.929229e-04
7106,35.529157,0,9.639683e-04
7107,35.534157,0,9.500289e-04
7108,35.539157,0,9.828859e-04
7109,35.544157,0,6.960541e-04
7110,35.549157,0,7.444104e-04
7111,35.554157,0,9.480390e-04
7112,35.559157,5,8.624165e-04
7113,35.564157,3,9.444254e-04
7114,35.569157,1,9.018870e-04
7115,35.574157,1,8.156560e-04
7116,35.579157,3,9.124820e-04
7117,35.584157,0,9.426314e-04
7118,35.589157,2,7.481228e-04
7119,35.594157,1,8.425871e-04
7120,35.599157,1,7.842041e-04
7121,35.604157,0,8.962160e-04
7122,35.609157,0,9.956721e-04
7123,35.614157,0,9.442413e-04
7124,35.619157,0,9.724514e-04
7125,35.624157,0,8.761790e-04
7126,35.629157,1,7.152236e-04
7127,35.634157,3,9.440360e-04
7128,35.639157,2,9.951724e-04
7129,35.644157,1,6.853441e-04
7130,35.649157,0,7.401006e-04
7131,35.654157,0,8.565079e-04
7132,35.659157,0,9.519896e-04
7133,35.664157,0,8.364090e-04
7134,35.669157,0,9.242206e-04
7135,35.674157,0,9.831983e-04
7136,35.679157,0,7.633927e-04
7137,35.684157,0,8.555989e-04
7138,35.689157,0,9.147312e-04
7139,35.694157,0,9.527468e-04
7140,35.699157,0,9.869095e-04
7141,35.704157,0,7.895332e-04
7142,35.709157,1,8.672405e-04
7143,35.714157,2,9.589462e-04
7144,35.719157,1,8.493079e-04
7145,35.724157,1,8.699991e-04
7146,35.729157,0,9.205477e-04
7147,35.734157,0,9.215337e-04
7148,35.739157,0,9.526243e-04
7149,35.744157,0,9.880779e-04
7150,35.749157,1,8.055058e-04
7151,35.754157,0,7.600963e-04
7152,35.759157,0,6.068658e-04
7153,35.764157,0,8.832902e-04
7154,35.769157,1,8.025279e-04
7155,35.774157,1,8.031920e-04
7156,35.779157,0,8.670059e-04
7157,35.784157,0,9.263859e-04
7158,35.789157,0,9.239793e-04
7159,35.794157,0,9.402491e-04
7160,35.799157,0,9.887545e-04
7161,35.804157,0,7.914492e-04
7162,35.809157,1,8.308753e-04
7163,35.814157,0,8.762619e-04
7164,35.819157,1,5.761118e-04
7165,35.824157,0,8.490992e-04
7166,35.829157,3,8.956839e-04
7167,35.834157,1,8.627741e-04
7168,35.839157,0,9.405648e-04
7169,35.844157,0,9.978426e-04
7170,35.849157,0,9.725443e-04
7171,35.854157,1,7.657878e-04
7172,35.859157,4,8.580320e-04
7173,35.864157,3,9.692464e-04
7174,35.869157,1,7.652013e-04
7175,35.874157,0,8.349635e-04
7176,35.879157,0,9.162665e-04
7177,35.884157,0,8.577108e-04
7178,35.889157,0,8.831411e-04
7179,35.894157,0,9.508981e-04
7180,35.899157,2,8.464429e-04
7181,35.904157,2,8.671932e-04
7182,35.909157,1,6.771531e-04
7183,35.914157,0,6.892360e-04
7184,35.919157,0,7.937488e-04
7185,35.924157,0,9.084723e-04
7186,35.929157,5,9.829240e-04
7187,35.934157,3,9.778503e-04
7188,35.939157,1,8.360438e-04
7189,35.944157,0,9.291713e-04
7190,35.949157,0,9.405472e-04
7191,35.954157,0,9.948523e-04
7192,35.959157,0,8.627992e-04
7193,35.964157,1,8.001543e-04
7194,35.969157,1,9.224984e-04
7195,35.974157,0,9.266966e-04
7196,35.979157,0,9.265486e-04
7197,35.984157,2,9.330153e-04
7198,35.989157,1,7.838036e-04
7199,35.994157,1,9.115172e-04
7200,35.999157,3,8.810549e-04
7201,36.004157,0,9.827685e-04
7202,36.009157,2,6.724643e-04
7203,36.014157,0,8.618899e-04
7204,36.019157,0,7.092407e-04
7205,36.024157,0,8.355645e-04
7206,36.029157,0,9.801875e-04
7207,36.034157,0,7.696764e-04
7208,36.039157,1,8.254205e-04
7209,36.044157,0,6.973158e-04
7210,36.049157,0,8.003341e-04
7211,36.054157,0,9.701588e-04
7212,36.059157,0,6.131323e-04
7213,36.064157,1,7.371048e-04
7214,36.069157,0,6.506547e-04
7215,36.074157,1,4.760980e-04
7216,36.079157,0,7.638392e-04
7217,36.084157,0,5.826809e-04
7218,36.089157,0,7.250019e-04
7219,36.094157,0,9.488239e-04
7220,36.099157,1,7.814324e-04
7221,36.104157,0,9.568327e-04
7222,36.109157,0,9.888744e-04
7223,36.114157,0,7.155405e-04
7224,36.119157,0,6.705682e-04
7225,36.124157,0,7.099528e-04
7226,36.129157,0,7.668143e-04
7227,36.134157,0,8.330059e-04
7228,36.139157,0,9.034233e-04
7229,36.144157,0,9.754795e-04
7230,36.149157,2,9.184234e-04
7231,36.154157,3,8.249633e-04
7232,36.159157,1,7.733005e-04
7233,36.164157,0,8.280881e-04
7234,36.169157,0,9.185759e-04
7235,36.174157,0,8.587503e-04
7236,36.179157,0,9.168774e-04
7237,36.184157,0,9.809388e-04
7238,36.189157,2,8.315592e-04
7239,36.194157,1,7.832739e-04
7240,36.199157,0,8.919410e-04
7241,36.204157,0,9.279296e-04
7242,36.209157,0,9.995025e-04
7243,36.214157,1,8.010994e-04
7244,36.219157,1,7.380202e-04
7245,36.224157,0,8.205527e-04
7246,36.229157,0,9.985702e-04
7247,36.234157,2,7.666487e-04
7248,36.239157,1,6.286855e-04
7249,36.244157,0,9.163740e-04
7250,36.249157,0,8.307867e-04
7251,36.254157,0,9.029605e-04
7252,36.259157,0,9.904045e-04
7253,36.264157,1,6.591532e-04
7254,36.269157,0,9.224046e-04
7255,36.274157,2,7.018683e-04
7256,36.279157,0,9.779565e-04
7257,36.284157,0,8.765833e-04
7258,36.289157,0,9.676126e-04
7259,36.294157,0,8.836111e-04
7260,36.299157,0,9.514053e-04
7261,36.304157,0,8.404447e-04
7262,36.309157,0,7.980378e-04
7263,36.314157,0,7.794595e-04
7264,36.319157,0,7.750588e-04
7265,36.324157,0,7.819994e-04
7266,36.329157,0,7.979964e-04
7267,36.334157,0,8.209720e-04
7268,36.339157,0,8.491084e-04
7269,36.344157,0,8.808942e-04
7270,36.349157,0,9.151215e-04
7271,36.354157,0,9.508524e-04
7272,36.359157,0,9.873734e-04
7273,36.364157,1,8.690567e-04
7274,36.369157,1,7.680307e-04
7275,36.374157,1,7.422000e-04
7276,36.379157,0,7.099134e-04
7277,36.384157,0,7.724151e-04
7278,36.389157,0,8.848522e-04
7279,36.394157,0,9.979089e-04
7280,36.399157,3,9.797188e-04
7281,36.404157,1,8.376928e-04
7282,36.409157,3,7.915634e-04
7283,36.414157,1,7.001016e-04
7284,36.419157,0,9.016154e-04
7285,36.424157,0,7.694824e-04
7286,36.429157,0,7.892129e-04
7287,36.434157,0,8.670315e-04
7288,36.439157,0,9.481959e-04
7289,36.444157,2,9.771031e-04
7290,36.449157,1,6.783893e-04
7291,36.454157,1,8.781611e-04
7292,36.459157,1,8.061337e-04
7293,36.464157,0,9.058473e-04
7294,36.469157,0,9.968235e-04
7295,36.474157,0,8.752884e-04
7296,36.479157,0,9.330883e-04
7297,36.484157,2,8.081418e-04
7298,36.489157,0,8.583570e-04
7299,36.494157,2,9.390209e-04
7300,36.499157,1,9.866586e-04
7301,36.504157,1,7.919522e-04
7302,36.509157,0,8.197451e-04
7303,36.514157,0,9.191437e-04
7304,36.519157,0,8.328918e-04
7305,36.524157,0,8.875119e-04
7306,36.529157,0,9.470340e-04
7307,36.534157,2,7.878061e-04
7308,36.539157,1,8.448790e-04
7309,36.544157,0,9.389937e-04
7310,36.549157,2,8.439048e-04
7311,36.554157,1,8.029982e-04
7312,36.559157,0,7.634192e-04
7313,36.564157,0,9.505659e-04
7314,36.569157,2,7.066181e-04
7315,36.574157,1,7.536969e-04
7316,36.579157,2,7.835874e-04
7317,36.584157,0,8.866837e-04
7318,36.589157,0,6.759392e-04
7319,36.594157,0,7.719728e-04
7320,36.599157,0,8.907410e-04
7321,36.604157,2,6.218255e-04
7322,36.609157,0,9.339537e-04
7323,36.614157,2,6.483377e-04
7324,36.619157,0,9.818513e-04
7325,36.624157,1,8.673041e-04
7326,36.629157,0,9.098090e-04
7327,36.634157,0,9.298073e-04
7328,36.639157,0,6.869295e-04
7329,36.644157,0,6.870259e-04
7330,36.649157,0,7.311137e-04
7331,36.654157,0,7.839814e-04
7332,36.659157,0,8.400958e-04
7333,36.664157,0,8.965377e-04
7334,36.669157,0,9.519518e-04
7335,36.674157,1,6.721758e-04
7336,36.679157,1,7.929148e-04
7337,36.684157,0,8.340530e-04
7338,36.689157,0,8.807342e-04
7339,36.694157,0,9.827381e-04
7340,36.699157,1,7.717063e-04
7341,36.704157,0,7.787855e-04
7342,36.709157,0,7.732053e-04
7343,36.714157,0,9.141172e-04
7344,36.719157,0,9.939549e-04
7345,36.724157,0,8.498694e-04
7346,36.729157,0,9.105480e-04
7347,36.734157,0,9.523853e-04
7348,36.739157,0,9.905040e-04
7349,36.744157,2,7.534042e-04
7350,36.749157,1,6.981043e-04
7351,36.754157,1,6.944140e-04
7352,36.759157,0,7.901182e-04
7353,36.764157,0,8.771064e-04
7354,36.769157,0,8.792053e-04
7355,36.774157,0,9.194981e-04
7356,36.779157,2,8.381053e-04
7357,36.784157,0,9.919406e-04
7358,36.789157,2,7.420324e-04
7359,36.794157,1,6.147783e-04
7360,36.799157,0,8.180339e-04
7361,36.804157,2,7.992907e-04
7362,36.809157,0,8.930864e-04
7363,36.814157,0,8.273966e-04
7364,36.819157,0,9.152794e-04
7365,36.824157,0,8.423628e-04
7366,36.829157,0,9.731155e-04
7367,36.834157,0,8.533895e-04
7368,36.839157,0,9.771449e-04
7369,36.844157,0,7.582480e-04
7370,36.849157,0,8.608022e-04
7371,36.854157,0,9.073227e-04
7372,36.859157,0,9.411046e-04
7373,36.864157,0,9.771983e-04
7374,36.869157,2,6.566689e-04
7375,36.874157,1,7.265254e-04
7376,36.879157,0,8.569082e-04
7377,36.884157,2,9.522118e-04
7378,36.889157,1,6.507830e-04
7379,36.894157,0,7.173979e-04
7380,36.899157,0,8.861826e-04
7381,36.904157,0,9.050502e-04
7382,36.909157,0,7.607906e-04
7383,36.914157,0,8.146725e-04
7384,36.919157,0,8.628426e-04
7385,36.924157,0,9.123992e-04
7386,36.929157,0,9.638439e-04
7387,36.934157,2,9.201445e-04
7388,36.939157,1,6.111456e-04
7389,36.944157,1,9.197643e-04
7390,36.949157,1,8.694808e-04
7391,36.954157,0,8.753207e-04
7392,36.959157,0,7.911571e-04
7393,36.964157,0,8.317859e-04
7394,36.969157,0,8.964725e-04
7395,36.974157,0,9.581061e-04
7396,36.979157,2,7.672574e-04
7397,36.984157,0,6.853865e-04
7398,36.989157,2,8.879645e-04
7399,36.994157,1,7.663009e-04
7400,36.999157,0,7.896617e-04
7401,37.004157,0,9.378922e-04
7402,37.009157,0,8.948610e-04
7403,37.014157,0,8.499177e-04
7404,37.019157,0,8.798668e-04
7405,37.024157,0,9.194445e-04
7406,37.029157,0,9.546133e-04
7407,37.034157,0,9.907692e-04
7408,37.039157,2,7.723347e-04
7409,37.044157,1,7.943868e-04
7410,37.049157,1,6.392002e-04
7411,37.054157,0,8.654249e-04
7412,37.059157,0,7.738170e-04
7413,37.064157,0,8.630327e-04
7414,37.069157,0,9.742256e-04
7415,37.074157,0,7.691703e-04
7416,37.079157,1,6.007359e-04
7417,37.084157,1,8.826273e-04
7418,37.089157,1,9.840091e-04
7419,37.094157,1,9.837470e-04
7420,37.099157,0,6.432418e-04
7421,37.104157,0,9.294820e-04
7422,37.109157,3,7.877666e-04
7423,37.114157,1,5.389505e-04
7424,37.119157,0,8.723911e-04
7425,37.124157,0,8.677242e-04
7426,37.129157,0,8.561072e-04
7427,37.134157,0,9.317349e-04
7428,37.139157,2,8.976133e-04
7429,37.144157,0,8.712808e-04
7430,37.149157,0,9.557796e-04
7431,37.154157,2,6.439587e-04
7432,37.159157,1,7.021075e-04
7433,37.164157,0,9.002396e-04
7434,37.169157,0,8.746581e-04
7435,37.174157,0,9.643539e-04
7436,37.179157,1,8.382080e-04
7437,37.184157,0,8.653689e-04
7438,37.189157,2,5.924152e-04
7439,37.194157,0,9.412144e-04
7440,37.199157,1,7.107964e-04
7441,37.204157,0,7.787331e-04
7442,37.209157,0,9.458000e-04
7443,37.214157,1,6.172591e-04
7444,37.219157,0,5.612632e-04
7445,37.224157,0,8.518974e-04
7446,37.229157,0,8.418123e-04
7447,37.234157,0,6.047413e-04
7448,37.239157,0,5.757542e-04
7449,37.244157,0,6.087403e-04
7450,37.249157,0,6.565262e-04
7451,37.254157,0,7.105851e-04
7452,37.259157,0,7.659307e-04
7453,37.264157,0,8.199736e-04
7454,37.269157,0,8.714508e-04
7455,37.274157,0,9.198530e-04
7456,37.279157,0,9.650832e-04
7457,37.284157,1,8.844392e-04
7458,37.289157,1,7.492220e-04
7459,37.294157,0,6.983369e-04
7460,37.299157,0,8.319020e-04
7461,37.304157,1,7.642550e-04
7462,37.309157,0,8.040094e-04
7463,37.314157,0,6.427625e-04
7464,37.319157,0,6.996045e-04
7465,37.324157,0,7.827965e-04
7466,37.329157,0,8.597613e-04
7467,37.334157,0,9.352821e-04
7468,37.339157,2,7.737763e-04
7469,37.344157,1,8.521420e-04
7470,37.349157,1,6.222034e-04
7471,37.354157,0,9.792578e-04
7472,37.359157,0,8.960961e-04
7473,37.364157,0,6.637534e-04
7474,37.369157,0,7.813336e-04
7475,37.374157,0,9.161037e-04
7476,37.379157,3,8.177640e-04
7477,37.384157,1,8.756611e-04
7478,37.389157,3,8.749820e-04
7479,37.394157,1,7.402451e-04
7480,37.399157,1,8.530059e-04
7481,37.404157,0,9.108415e-04
7482,37.409157,0,9.995158e-04
7483,37.414157,2,7.425480e-04
7484,37.419157,0,7.741751e-04
7485,37.424157,2,7.050942e-04
7486,37.429157,0,9.653386e-04
7487,37.434157,0,9.292825e-04
7488,37.439157,1,7.243921e-04
7489,37.444157,0,8.501390e-04
7490,37.449157,1,9.024533e-04
7491,37.454157,0,6.269033e-04
7492,37.459157,0,8.500358e-04
7493,37.464157,1,6.210078e-04
7494,37.469157,0,9.477416e-04
7495,37.474157,1,6.920418e-04
7496,37.479157,0,5.493203e-04
7497,37.484157,0,7.017950e-04
7498,37.489157,0,8.655712e-04
7499,37.494157,0,9.442252e-04
7500,37.499157,0,9.778920e-04
7501,37.504157,0,4.706388e-04
7502,37.509157,0,5.110119e-04
7503,37.514157,0,5.941045e-04
7504,37.519157,0,6.725450e-04
7505,37.524157,0,7.447187e-04
7506,37.529157,0,8.108905e-04
7507,37.534157,0,8.713749e-04
7508,37.539157,0,9.266750e-04
7509,37.544157,0,9.774558e-04
7510,37.549157,1,9.578451e-04
7511,37.554157,1,7.263245e-04
7512,37.559157,0,8.508560e-04
7513,37.564157,0,9.609018e-04
7514,37.569157,0,6.813383e-04
7515,37.574157,0,7.297152e-04
7516,37.579157,0,8.000714e-04
7517,37.584157,0,8.652074e-04
7518,37.589157,0,9.328292e-04
7519,37.594157,2,9.513408e-04
7520,37.599157,1,7.857263e-04
7521,37.604157,1,8.469827e-04
7522,37.609157,1,8.611983e-04
7523,37.614157,0,9.759678e-04
7524,37.619157,0,7.763634e-04
7525,37.624157,0,7.910834e-04
7526,37.629157,0,8.475428e-04
7527,37.634157,0,9.128663e-04
7528,37.639157,0,9.833596e-04
7529,37.644157,0,7.338949e-04
7530,37.649157,2,9.779012e-04
7531,37.654157,1,9.440501e-04
7532,37.659157,4,9.260918e-04
7533,37.664157,1,8.522151e-04
7534,37.669157,2,9.094165e-04
7535,37.674157,1,8.807651e-04
7536,37.679157,0,6.606233e-04
7537,37.684157,0,7.158049e-04
7538,37.689157,0,8.011141e-04
7539,37.694157,0,8.911123e-04
7540,37.699157,0,9.790593e-04
7541,37.704157,0,7.795302e-04
7542,37.709157,0,8.802651e-04
7543,37.714157,1,5.354535e-04
7544,37.719157,0,6.688972e-04
7545,37.724157,0,9.213913e-04
7546,37.729157,0,7.161774e-04
7547,37.734157,0,8.890826e-04
7548,37.739157,0,7.638757e-04
7549,37.744157,0,8.864603e-04
7550,37.749157,0,9.936521e-04
7551,37.754157,0,9.048736e-04
7552,37.759157,0,9.175095e-04
7553,37.764157,0,9.487792e-04
7554,37.769157,0,9.751148e-04
7555,37.774157,0,9.999253e-04
7556,37.779157,2,7.491605e-04
7557,37.784157,0,9.220598e-04
7558,37.789157,3,8.354991e-04
7559,37.794157,1,8.598338e-04
7560,37.799157,2,8.877546e-04
7561,37.804157,0,9.582271e-04
7562,37.809157,0,8.834081e-04
7563,37.814157,2,5.638613e-04
7564,37.819157,1,7.678090e-04
7565,37.824157,0,9.523317e-04
7566,37.829157,0,7.642748e-04
7567,37.834157,0,7.798215e-04
7568,37.839157,0,8.370722e-04
7569,37.844157,0,8.953859e-04
7570,37.849157,0,9.538321e-04
7571,37.854157,1,9.223685e-04
7572,37.859157,1,8.904479e-04
7573,37.864157,1,6.467508e-04
7574,37.869157,0,8.492957e-04
7575,37.874157,0,9.628871e-04
7576,37.879157,0,9.092139e-04
7577,37.884157,0,9.003302e-04
7578,37.889157,0,9.588136e-04
7579,37.894157,0,8.728234e-04
7580,37.899157,0,8.873855e-04
7581,37.904157,0,9.145749e-04
7582,37.909157,0,9.451002e-04
7583,37.914157,0,9.773140e-04
7584,37.919157,2,8.260364e-04
7585,37.924157,2,8.665641e-04
7586,37.929157,1,9.333508e-04
7587,37.934157,3,9.556843e-04
7588,37.939157,1,7.217373e-04
7589,37.944157,0,9.085083e-04
7590,37.949157,2,9.108024e-04
7591,37.954157,1,5.402875e-04
7592,37.959157,0,9.386560e-04
7593,37.964157,0,9.734787e-04
7594,37.969157,0,8.588758e-04
7595,37.974157,0,9.783094e-04
7596,37.979157,2,7.830275e-04
7597,37.984157,0,8.108783e-04
7598,37.989157,0,8.472302e-04
7599,37.994157,2,6.279600e-04
7600,37.999157,0,9.246868e-04
7601,38.004157,1,8.756433e-04
7602,38.009157,0,9.690533e-04
7603,38.014157,0,7.464572e-04
7604,38.019157,0,8.138137e-04
7605,38.024157,0,9.441120e-04
7606,38.029157,1,6.641238e-04
7607,38.034157,0,8.612865e-04
7608,38.039157,0,8.462308e-04
7609,38.044157,0,9.829908e-04
7610,38.049157,0,9.369454e-04
7611,38.054157,0,7.901105e-04
7612,38.059157,0,8.160710e-04
7613,38.064157,0,8.587935e-04
7614,38.069157,0,9.073056e-04
7615,38.074157,0,9.638558e-04
7616,38.079157,2,7.464469e-04
7617,38.084157,1,7.709470e-04
7618,38.089157,1,8.558260e-04
7619,38.094157,1,8.040748e-04
7620,38.099157,1,7.600992e-04
7621,38.104157,0,8.469327e-04
7622,38.109157,0,8.612220e-04
7623,38.114157,0,9.310870e-04
7624,38.119157,0,9.943918e-04
7625,38.124157,0,8.267847e-04
7626,38.129157,0,8.157459e-04
7627,38.134157,0,8.692291e-04
7628,38.139157,0,9.199114e-04
7629,38.144157,0,9.644706e-04
7630,38.149157,2,8.519529e-04
7631,38.154157,0,7.118562e-04
7632,38.159157,1,7.749338e-04
7633,38.164157,0,8.852899e-04
7634,38.169157,0,7.331025e-04
7635,38.174157,0,7.603549e-04
7636,38.179157,0,8.201824e-04
7637,38.184157,0,8.723905e-04
7638,38.189157,0,9.224554e-04
7639,38.194157,0,9.717156e-04
7640,38.199157,3,9.927203e-04
7641,38.204157,0,7.484868e-04
7642,38.209157,1,7.156536e-04
7643,38.214157,1,9.010381e-04
7644,38.219157,1,7.798574e-04
7645,38.224157,0,8.641844e-04
7646,38.229157,0,9.583505e-04
7647,38.234157,0,7.842664e-04
7648,38.239157,0,7.957075e-04
7649,38.244157,0,8.473614e-04
7650,38.249157,0,8.766974e-04
7651,38.254157,0,8.950284e-04
7652,38.259157,0,9.094843e-04
7653,38.264157,0,9.234137e-04
7654,38.269157,0,9.379601e-04
7655,38.274157,0,9.533959e-04
7656,38.279157,0,9.697208e-04
7657,38.284157,0,9.868623e-04
7658,38.289157,2,7.674694e-04
7659,38.294157,0,6.918593e-04
7660,38.299157,0,8.617341e-04
7661,38.304157,2,7.504781e-04
7662,38.309157,1,8.618609e-04
7663,38.314157,0,8.931562e-04
7664,38.319157,0,8.171675e-04
7665,38.324157,0,8.728723e-04
7666,38.329157,0,9.412672e-04
7667,38.334157,1,8.021039e-04
7668,38.339157,0,8.327024e-04
7669,38.344157,2,8.049085e-04
7670,38.349157,0,8.043411e-04
7671,38.354157,0,9.386386e-04
7672,38.359157,2,5.419037e-04
7673,38.364157,0,9.873599e-04
7674,38.369157,2,7.458099e-04
7675,38.374157,1,7.747196e-04
7676,38.379157,0,8.485116e-04
7677,38.384157,0,9.840073e-04
7678,38.389157,1,9.624980e-04
7679,38.394157,0,6.726418e-04
7680,38.399157,0,8.874252e-04
7681,38.404157,0,8.947989e-04
7682,38.409157,0,7.629242e-04
7683,38.414157,0,7.912842e-04
7684,38.419157,0,8.477499e-04
7685,38.424157,0,9.006729e-04
7686,38.429157,0,9.520575e-04
7687,38.434157,2,8.233189e-04
7688,38.439157,1,8.486438e-04
7689,38.444157,1,6.677393e-04
7690,38.449157,0,8.206045e-04
7691,38.454157,0,8.812198e-04
7692,38.459157,0,9.554132e-04
7693,38.464157,0,7.423351e-04
7694,38.469157,0,7.713714e-04
7695,38.474157,0,8.324915e-04
7696,38.479157,0,8.846610e-04
7697,38.484157,0,9.329249e-04
7698,38.489157,0,9.799031e-04
7699,38.494157,2,8.998308e-04
7700,38.499157,1,9.074648e-04
7701,38.504157,0,8.917115e-04
7702,38.509157,0,7.838892e-04
7703,38.514157,0,9.048665e-04
7704,38.519157,0,7.365660e-04
7705,38.524157,1,7.256669e-04
7706,38.529157,1,9.217675e-04
7707,38.534157,3,8.855546e-04
7708,38.539157,0,9.765814e-04
7709,38.544157,0,9.832568e-04
7710,38.549157,2,6.730458e-04
7711,38.554157,0,9.444578e-04
7712,38.559157,0,9.303283e-04
7713,38.564157,2,5.321144e-04
7714,38.569157,0,9.676278e-04
7715,38.574157,1,7.592390e-04
7716,38.579157,0,9.790732e-04
7717,38.584157,0,9.050348e-04
7718,38.589157,0,9.341239e-04
7719,38.594157,0,9.450752e-04
7720,38.599157,0,9.952503e-04
7721,38.604157,0,9.791604e-04
7722,38.609157,0,9.617271e-04
7723,38.614157,0,9.695090e-04
7724,38.619157,0,9.835941e-04
7725,38.624157,0,8.819670e-04
7726,38.629157,0,8.592499e-04
7727,38.634157,0,8.561289e-04
7728,38.639157,0,8.585266e-04
7729,38.644157,0,8.670330e-04
7730,38.649157,0,8.802319e-04
7731,38.654157,0,8.968709e-04
7732,38.659157,0,9.159324e-04
7733,38.664157,0,9.366287e-04
7734,38.669157,0,9.583678e-04
7735,38.674157,0,9.807146e-04
7736,38.679157,0,9.266757e-04
7737,38.684157,0,8.879233e-04
7738,38.689157,1,8.655930e-04
7739,38.694157,1,8.700332e-04
7740,38.699157,0,7.518765e-04
7741,38.704157,0,8.016304e-04
7742,38.709157,0,8.810168e-04
7743,38.714157,0,9.622503e-04
7744,38.719157,0,9.588001e-04
7745,38.724157,1,9.071017e-04
7746,38.729157,0,8.302522e-04
7747,38.734157,1,8.097836e-04
7748,38.739157,3,9.419643e-04
7749,38.744157,1,8.102237e-04
7750,38.749157,1,9.111163e-04
7751,38.754157,0,8.777176e-04
7752,38.759157,0,9.516528e-04
7753,38.764157,0,9.517389e-04
7754,38.769157,0,9.597990e-04
7755,38.774157,0,9.892427e-04
7756,38.779157,0,9.681552e-04
7757,38.784157,0,9.829671e-04
7758,38.789157,0,9.525951e-04
7759,38.794157,0,9.742374e-04
7760,38.799157,0,9.967002e-04
7761,38.804157,2,8.657987e-04
7762,38.809157,0,8.693988e-04
7763,38.814157,3,9.882542e-04
7764,38.819157,3,8.943879e-04
7765,38.824157,1,8.124127e-04
7766,38.829157,0,9.659038e-04
7767,38.834157,0,9.188870e-04
7768,38.839157,0,9.225440e-04
7769,38.844157,0,9.880829e-04
7770,38.849157,1,8.610733e-04
7771,38.854157,1,7.278556e-04
7772,38.859157,0,9.196069e-04
7773,38.864157,1,7.469977e-04
7774,38.869157,1,9.665593e-04
7775,38.874157,0,9.596597e-04
7776,38.879157,0,9.115100e-04
7777,38.884157,0,9.822686e-04
7778,38.889157,0,7.564942e-04
7779,38.894157,3,8.389157e-04
7780,38.899157,0,9.911933e-04
7781,38.904157,3,8.951526e-04
7782,38.909157,1,8.837265e-04
7783,38.914157,0,8.922554e-04
7784,38.919157,0,9.873647e-04
7785,38.924157,0,9.686807e-04
7786,38.929157,0,8.948936e-04
7787,38.934157,0,9.121123e-04
7788,38.939157,0,9.574773e-04
7789,38.944157,2,9.912211e-04
7790,38.949157,1,7.637771e-04
7791,38.954157,2,9.614777e-04
7792,38.959157,1,7.100616e-04
7793,38.964157,0,9.547359e-04
7794,38.969157,0,9.729011e-04
7795,38.974157,2,8.916148e-04
7796,38.979157,3,9.314434e-04
7797,38.984157,1,7.942095e-04
7798,38.989157,1,9.915166e-04
7799,38.994157,0,9.940661e-04
7800,38.999157,0,9.312241e-04
7801,39.004157,0,9.480674e-04
7802,39.009157,1,9.690943e-04
7803,39.014157,1,8.086918e-04
7804,39.019157,0,9.952023e-04
7805,39.024157,1,9.323976e-04
7806,39.029157,0,8.532888e-04
7807,39.034157,0,9.886337e-04
7808,39.039157,0,8.018292e-04
7809,39.044157,1,6.374225e-04
7810,39.049157,0,9.052029e-04
7811,39.054157,3,9.340113e-04
7812,39.059157,1,7.926107e-04
7813,39.064157,3,9.820003e-04
7814,39.069157,1,8.558426e-04
7815,39.074157,3,9.783916e-04
7816,39.079157,1,7.839522e-04
7817,39.084157,2,9.980114e-04
7818,39.089157,1,7.994698e-04
7819,39.094157,0,9.769363e-04
7820,39.099157,1,7.700268e-04
7821,39.104157,0,8.956178e-04
7822,39.109157,1,9.013263e-04
7823,39.114157,0,9.817094e-04
7824,39.119157,0,9.396838e-04
7825,39.124157,0,9.560032e-04
7826,39.129157,0,8.193275e-04
7827,39.134157,0,8.755892e-04
7828,39.139157,1,8.069473e-04
7829,39.144157,1,9.435564e-04
7830,39.149157,1,8.057273e-04
7831,39.154157,0,9.250094e-04
7832,39.159157,0,9.448547e-04
7833,39.164157,0,8.799171e-04
7834,39.169157,0,8.703694e-04
7835,39.174157,0,9.234304e-04
7836,39.179157,0,9.763494e-04
7837,39.184157,2,9.945053e-04
7838,39.189157,2,9.528344e-04
7839,39.194157,0,7.908232e-04
7840,39.199157,1,9.201876e-04
7841,39.204157,1,8.974806e-04
7842,39.209157,2,9.859241e-04
7843,39.214157,0,9.463589e-04
7844,39.219157,0,9.087610e-04
7845,39.224157,1,8.202762e-04
7846,39.229157,0,9.776952e-04
7847,39.234157,0,9.267595e-04
7848,39.239157,0,8.499510e-04
7849,39.244157,1,7.695827e-04
7850,39.249157,3,9.714034e-04
7851,39.254157,0,7.969792e-04
7852,39.259157,0,9.359861e-04
7853,39.264157,2,8.708840e-04
7854,39.269157,1,7.504961e-04
7855,39.274157,0,9.276567e-04
7856,39.279157,2,9.110076e-04
7857,39.284157,0,8.131708e-04
7858,39.289157,2,8.603331e-04
7859,39.294157,2,9.038044e-04
7860,39.299157,1,7.675264e-04
7861,39.304157,0,9.462682e-04
7862,39.309157,0,8.696153e-04
7863,39.314157,0,9.329203e-04
7864,39.319157,1,8.987976e-04
7865,39.324157,1,9.728710e-04
7866,39.329157,0,9.666249e-04
7867,39.334157,0,9.570835e-04
7868,39.339157,0,9.035966e-04
7869,39.344157,0,8.347547e-04
7870,39.349157,0,8.876809e-04
7871,39.354157,0,9.894516e-04
7872,39.359157,0,9.463228e-04
7873,39.364157,2,7.911280e-04
7874,39.369157,1,7.665257e-04
7875,39.374157,0,8.075077e-04
7876,39.379157,0,8.688017e-04
7877,39.384157,0,9.797919e-04
7878,39.389157,2,9.976435e-04
7879,39.394157,1,7.433497e-04
7880,39.399157,0,9.467577e-04
7881,39.404157,0,8.813265e-04
7882,39.409157,0,9.647082e-04
7883,39.414157,1,9.075211e-04
7884,39.419157,1,9.618189e-04
7885,39.424157,0,8.771404e-04
7886,39.429157,0,9.801247e-04
7887,39.434157,0,7.486919e-04
7888,39.439157,0,9.607916e-04
7889,39.444157,1,7.055200e-04
7890,39.449157,1,8.432511e-04
7891,39.454157,1,7.657064e-04
7892,39.459157,0,9.505812e-04
7893,39.464157,0,8.229615e-04
7894,39.469157,0,8.289447e-04
7895,39.474157,0,8.740446e-04
7896,39.479157,0,9.106703e-04
7897,39.484157,0,9.456339e-04
7898,39.489157,0,9.806973e-04
7899,39.494157,1,9.891313e-04
7900,39.499157,0,8.920388e-04
7901,39.504157,0,9.585314e-04
7902,39.509157,0,9.250311e-04
7903,39.514157,1,8.608996e-04
7904,39.519157,2,9.296119e-04
7905,39.524157,1,7.287202e-04
7906,39.529157,0,7.260809e-04
7907,39.534157,0,8.770955e-04
7908,39.539157,0,7.629149e-04
7909,39.544157,0,9.981072e-04
7910,39.549157,0,8.802547e-04
7911,39.554157,0,8.408611e-04
7912,39.559157,0,8.543389e-04
7913,39.564157,0,9.193981e-04
7914,39.569157,1,9.035200e-04
7915,39.574157,2,9.989190e-04
7916,39.579157,0,9.639490e-04
7917,39.584157,0,9.142505e-04
7918,39.589157,1,6.752739e-04
7919,39.594157,0,8.371721e-04
7920,39.599157,0,9.812941e-04
7921,39.604157,0,9.427762e-04
7922,39.609157,1,8.164916e-04
7923,39.614157,3,8.990469e-04
7924,39.619157,0,7.667186e-04
7925,39.624157,0,9.324536e-04
7926,39.629157,3,9.562846e-04
7927,39.634157,0,7.608487e-04
7928,39.639157,1,8.749938e-04
7929,39.644157,1,7.713104e-04
7930,39.649157,0,9.110009e-04
7931,39.654157,0,9.595530e-04
7932,39.659157,1,9.130131e-04
7933,39.664157,0,8.546867e-04
7934,39.669157,0,9.013960e-04
7935,39.674157,0,8.211123e-04
7936,39.679157,1,8.391584e-04
7937,39.684157,0,7.480154e-04
7938,39.689157,0,9.123758e-04
7939,39.694157,2,8.835688e-04
7940,39.699157,1,7.942600e-04
7941,39.704157,0,9.430455e-04
7942,39.709157,2,8.488568e-04
7943,39.714157,1,6.108958e-04
7944,39.719157,0,9.900828e-04
7945,39.724157,1,8.758158e-04
7946,39.729157,0,9.741326e-04
7947,39.734157,0,7.347101e-04
7948,39.739157,0,7.457485e-04
7949,39.744157,0,7.996413e-04
7950,39.749157,0,8.640286e-04
7951,39.754157,0,9.342553e-04
7952,39.759157,0,9.693496e-04
7953,39.764157,1,8.356386e-04
7954,39.769157,1,9.944987e-04
7955,39.774157,0,8.362454e-04
7956,39.779157,0,9.279599e-04
7957,39.784157,0,9.833003e-04
7958,39.789157,2,8.239323e-04
7959,39.794157,2,8.515369e-04
7960,39.799157,1,7.589347e-04
7961,39.804157,0,8.101226e-04
7962,39.809157,0,9.054028e-04
7963,39.814157,0,8.109788e-04
7964,39.819157,0,8.391357e-04
7965,39.824157,0,8.942142e-04
7966,39.829157,0,9.578750e-04
7967,39.834157,1,7.749252e-04
7968,39.839157,0,9.496514e-04
7969,39.844157,1,6.365638e-04
7970,39.849157,0,9.823142e-04
7971,39.854157,4,9.681590e-04
7972,39.859157,2,8.413743e-04
7973,39.864157,1,7.226470e-04
7974,39.869157,0,8.861668e-04
7975,39.874157,2,9.515995e-04
7976,39.879157,1,8.584405e-04
7977,39.884157,1,9.069947e-04
7978,39.889157,0,9.831941e-04
7979,39.894157,1,9.140279e-04
7980,39.899157,4,9.037741e-04
7981,39.904157,2,9.625007e-04
7982,39.909157,1,9.615663e-04
7983,39.914157,0,8.339223e-04
7984,39.919157,0,9.225559e-04
7985,39.924157,0,9.729909e-04
7986,39.929157,0,8.740486e-04
7987,39.934157,0,8.813001e-04
7988,39.939157,0,9.271407e-04
7989,39.944157,0,9.764598e-04
7990,39.949157,0,9.111767e-04
7991,39.954157,1,8.665299e-04
7992,39.959157,0,8.406612e-04
7993,39.964157,1,7.652400e-04
7994,39.969157,4,9.120888e-04
7995,39.974157,1,9.296502e-04
7996,39.979157,2,9.676485e-04
7997,39.984157,0,8.945137e-04
7998,39.989157,0,8.001002e-04
7999,39.994157,0,9.985056e-04
8000,39.999157,2,6.784706e-04
8001,40.004157,1,8.604445e-04
8002,40.009157,1,7.509046e-04
8003,40.014157,0,8.274355e-04
8004,40.019157,0,9.303019e-04
8005,40.024157,0,8.524347e-04
8006,40.029157,0,8.806108e-04
8007,40.034157,0,9.483670e-04
8008,40.039157,0,9.070126e-04
8009,40.044157,0,7.195747e-04
8010,40.049157,0,9.037004e-04
8011,40.054157,1,7.436433e-04
8012,40.059157,0,9.041586e-04
8013,40.064157,0,7.868944e-04
8014,40.069157,0,8.808085e-04
8015,40.074157,0,9.897356e-04
8016,40.079157,1,9.427547e-04
8017,40.084157,2,7.989192e-04
8018,40.089157,0,9.650711e-04
8019,40.094157,0,7.053593e-04
8020,40.099157,0,7.709624e-04
8021,40.104157,0,8.402166e-04
8022,40.109157,0,9.026512e-04
8023,40.114157,0,9.666445e-04
8024,40.119157,0,9.436761e-04
8025,40.124157,0,7.928749e-04
8026,40.129157,1,8.181909e-04
8027,40.134157,0,7.792075e-04
8028,40.139157,0,9.299193e-04
8029,40.144157,2,8.429040e-04
8030,40.149157,1,6.938690e-04
8031,40.154157,0,9.936701e-04
8032,40.159157,1,7.679676e-04
8033,40.164157,0,9.562509e-04
8034,40.169157,0,8.340450e-04
8035,40.174157,0,8.408193e-04
8036,40.179157,0,8.907400e-04
8037,40.184157,0,9.393406e-04
8038,40.189157,0,9.896120e-04
8039,40.194157,1,9.288263e-04
8040,40.199157,0,8.622720e-04
8041,40.204157,0,7.276398e-04
8042,40.209157,0,9.405026e-04
8043,40.214157,0,9.743012e-04
8044,40.219157,1,8.626303e-04
8045,40.224157,0,9.451424e-04
8046,40.229157,1,8.327603e-04
8047,40.234157,2,8.057066e-04
8048,40.239157,0,8.879814e-04
8049,40.244157,0,8.257702e-04
8050,40.249157,2,7.272120e-04
8051,40.254157,1,8.464053e-04
8052,40.259157,0,8.935360e-04
8053,40.264157,1,8.180999e-04
8054,40.269157,1,9.224278e-04
8055,40.274157,0,8.828394e-04
8056,40.279157,0,9.504430e-04
8057,40.284157,0,8.435215e-04
8058,40.289157,1,6.969316e-04
8059,40.294157,0,9.542903e-04
8060,40.299157,0,7.696211e-04
8061,40.304157,2,9.699669e-04
8062,40.309157,1,7.974436e-04
8063,40.314157,0,8.722694e-04
8064,40.319157,0,9.767934e-04
8065,40.324157,2,9.808587e-04
8066,40.329157,1,6.951846e-04
8067,40.334157,0,9.642194e-04
8068,40.339157,0,8.989667e-04
8069,40.344157,0,9.785397e-04
8070,40.349157,3,9.857424e-04
8071,40.354157,3,9.007792e-04
8072,40.359157,1,6.705199e-04
8073,40.364157,0,7.596138e-04
8074,40.369157,0,8.584655e-04
8075,40.374157,0,9.815774e-04
8076,40.379157,0,7.837206e-04
8077,40.384157,1,7.178856e-04
8078,40.389157,0,9.583751e-04
8079,40.394157,0,9.643521e-04
8080,40.399157,0,8.093451e-04
8081,40.404157,0,8.413697e-04
8082,40.409157,0,8.988742e-04
8083,40.414157,0,9.495820e-04
8084,40.419157,2,9.089658e-04
8085,40.424157,1,8.163121e-04
8086,40.429157,1,7.935987e-04
8087,40.434157,1,8.010764e-04
8088,40.439157,0,8.739612e-04
8089,40.444157,0,9.356002e-04
8090,40.449157,0,9.055749e-04
8091,40.454157,0,9.147319e-04
8092,40.459157,0,9.860935e-04
8093,40.464157,2,8.181445e-04
8094,40.469157,1,8.934965e-04
8095,40.474157,0,9.382883e-04
8096,40.479157,3,6.492250e-04
8097,40.484157,1,8.157883e-04
8098,40.489157,1,8.017158e-04
8099,40.494157,0,9.049132e-04
8100,40.499157,0,9.495997e-04
8101,40.504157,0,9.865088e-04
8102,40.509157,2,7.138970e-04
8103,40.514157,0,9.212905e-04
8104,40.519157,2,8.356215e-04
8105,40.524157,1,6.411221e-04
8106,40.529157,0,8.234434e-04
8107,40.534157,0,9.767630e-04
8108,40.539157,1,9.507690e-04
8109,40.544157,0,7.590066e-04
8110,40.549157,0,9.559692e-04
8111,40.554157,0,8.248646e-04
8112,40.559157,0,9.492203e-04
8113,40.564157,0,7.718979e-04
8114,40.569157,0,8.719483e-04
8115,40.574157,0,9.548817e-04
8116,40.579157,0,9.835743e-04
8117,40.584157,0,8.126979e-04
8118,40.589157,0,8.101653e-04
8119,40.594157,0,8.198742e-04
8120,40.599157,0,8.267550e-04
8121,40.604157,0,8.376302e-04
8122,40.609157,0,8.531241e-04
8123,40.614157,0,8.723920e-04
8124,40.619157,0,8.944377e-04
8125,40.624157,0,9.184297e-04
8126,40.629157,0,9.437143e-04
8127,40.634157,0,9.697843e-04
8128,40.639157,0,9.962504e-04
8129,40.644157,2,9.807946e-04
8130,40.649157,0,6.996498e-04
8131,40.654157,1,7.256709e-04
8132,40.659157,0,9.946803e-04
8133,40.664157,0,7.596354e-04
8134,40.669157,0,8.520626e-04
8135,40.674157,0,9.561761e-04
8136,40.679157,0,7.924090e-04
8137,40.684157,2,9.717193e-04
8138,40.689157,0,7.654444e-04
8139,40.694157,1,6.105885e-04
8140,40.699157,0,8.606601e-04
8141,40.704157,0,9.682717e-04
8142,40.709157,0,7.230289e-04
8143,40.714157,0,8.275351e-04
8144,40.719157,0,9.316583e-04
8145,40.724157,4,9.999329e-04
8146,40.729157,3,8.268675e-04
8147,40.734157,1,7.190564e-04
8148,40.739157,0,8.903130e-04
8149,40.744157,3,9.564991e-04
8150,40.749157,1,8.076445e-04
8151,40.754157,0,9.782473e-04
8152,40.759157,2,7.852626e-04
8153,40.764157,0,9.767008e-04
8154,40.769157,0,9.234689e-04
8155,40.774157,1,9.710005e-04
8156,40.779157,0,7.849503e-04
8157,40.784157,1,7.757445e-04
8158,40.789157,0,8.188151e-04
8159,40.794157,0,8.355635e-04
8160,40.799157,0,8.984405e-04
8161,40.804157,0,9.640123e-04
8162,40.809157,0,9.317768e-04
8163,40.814157,0,9.876163e-04
8164,40.819157,0,8.338574e-04
8165,40.824157,0,8.734164e-04
8166,40.829157,0,9.109985e-04
8167,40.834157,0,9.393531e-04
8168,40.839157,0,9.680067e-04
8169,40.844157,0,9.984055e-04
8170,40.849157,1,8.478456e-04
8171,40.854157,1,8.519416e-04
8172,40.859157,1,8.828326e-04
8173,40.864157,0,9.837262e-04
8174,40.869157,1,9.156907e-04
8175,40.874157,0,9.359227e-04
8176,40.879157,0,8.756133e-04
8177,40.884157,1,6.911583e-04
8178,40.889157,3,7.166598e-04
8179,40.894157,1,7.280340e-04
8180,40.899157,1,7.971147e-04
8181,40.904157,0,9.168126e-04
8182,40.909157,0,8.536654e-04
8183,40.914157,0,8.880267e-04
8184,40.919157,0,9.636313e-04
8185,40.924157,0,8.804666e-04
8186,40.929157,0,7.174345e-04
8187,40.934157,1,6.394175e-04
8188,40.939157,0,9.532896e-04
8189,40.944157,0,7.821978e-04
8190,40.949157,1,6.964313e-04
8191,40.954157,0,9.774383e-04
8192,40.959157,0,8.548651e-04
8193,40.964157,0,8.597749e-04
8194,40.969157,1,7.472787e-04
8195,40.974157,1,7.458227e-04
8196,40.979157,0,8.456310e-04
8197,40.984157,0,9.345046e-04
8198,40.989157,0,8.380752e-04
8199,40.994157,0,8.870834e-04
8200,40.999157,0,9.595602e-04
8201,41.004157,0,8.799061e-04
8202,41.009157,0,8.852121e-04
8203,41.014157,0,9.067970e-04
8204,41.019157,0,9.285389e-04
8205,41.024157,0,9.507727e-04
8206,41.029157,0,9.738845e-04
8207,41.034157,0,9.978212e-04
8208,41.039157,1,8.259866e-04
8209,41.044157,0,8.155106e-04
8210,41.049157,0,8.246450e-04
8211,41.054157,1,6.638420e-04
8212,41.059157,0,9.615308e-04
8213,41.064157,0,8.311937e-04
8214,41.069157,1,7.750440e-04
8215,41.074157,3,8.991144e-04
8216,41.079157,1,7.256789e-04
8217,41.084157,0,9.498986e-04
8218,41.089157,0,9.582005e-04
8219,41.094157,1,8.656851e-04
8220,41.099157,0,9.897146e-04
8221,41.104157,2,7.351021e-04
8222,41.109157,1,5.140180e-04
8223,41.114157,0,7.807945e-04
8224,41.119157,0,9.486936e-04
8225,41.124157,0,8.109429e-04
8226,41.129157,0,8.520799e-04
8227,41.134157,0,9.328944e-04
8228,41.139157,0,9.427452e-04
8229,41.144157,0,8.691667e-04
8230,41.149157,1,8.638424e-04
8231,41.154157,0,8.173885e-04
8232,41.159157,1,7.624160e-04
8233,41.164157,1,8.650960e-04
8234,41.169157,0,8.809387e-04
8235,41.174157,0,9.871835e-04
8236,41.179157,0,9.629686e-04
8237,41.184157,0,9.877717e-04
8238,41.189157,1,9.289188e-04
8239,41.194157,1,8.115305e-04
8240,41.199157,1,9.957515e-04
8241,41.204157,0,9.569471e-04
8242,41.209157,0,8.840343e-04
8243,41.214157,0,9.633257e-04
8244,41.219157,0,8.028619e-04
8245,41.224157,1,7.267462e-04
8246,41.229157,3,8.241716e-04
8247,41.234157,1,7.879615e-04
8248,41.239157,1,8.323175e-04
8249,41.244157,0,8.983428e-04
8250,41.249157,0,8.391523e-04
8251,41.254157,0,8.677455e-04
8252,41.259157,0,9.430740e-04
8253,41.264157,3,9.373654e-04
8254,41.269157,0,7.531174e-04
8255,41.274157,1,7.796007e-04
8256,41.279157,1,8.590043e-04
8257,41.284157,1,9.026279e-04
8258,41.289157,0,9.986166e-04
8259,41.294157,0,9.098121e-04
8260,41.299157,0,9.190947e-04
8261,41.304157,0,9.837183e-04
8262,41.309157,0,8.787031e-04
8263,41.314157,1,9.053961e-04
8264,41.319157,0,8.777957e-04
8265,41.324157,0,8.891652e-04
8266,41.329157,1,8.264547e-04
8267,41.334157,1,9.877967e-04
8268,41.339157,0,9.426463e-04
8269,41.344157,0,7.988654e-04
8270,41.349157,0,7.629178e-04
8271,41.354157,0,7.898152e-04
8272,41.359157,0,8.227975e-04
8273,41.364157,0,8.612724e-04
8274,41.369157,0,9.032985e-04
8275,41.374157,0,9.478555e-04
8276,41.379157,0,9.942691e-04
8277,41.384157,1,8.404377e-04
8278,41.389157,0,9.594861e-04
8279,41.394157,1,7.746740e-04
8280,41.399157,0,8.934049e-04
8281,41.404157,0,9.406473e-04
8282,41.409157,1,8.191024e-04
8283,41.414157,3,9.309780e-04
8284,41.419157,2,9.465824e-04
8285,41.424157,1,8.933679e-04
8286,41.429157,1,9.475544e-04
8287,41.434157,0,9.741067e-04
8288,41.439157,0,9.895417e-04
8289,41.444157,1,8.099971e-04
8290,41.449157,0,8.051820e-04
8291,41.454157,0,8.196678e-04
8292,41.459157,1,8.074453e-04
8293,41.464157,0,8.485040e-04
8294,41.469157,0,9.907729e-04
8295,41.474157,0,7.954392e-04
8296,41.479157,1,7.394652e-04
8297,41.484157,4,8.566129e-04
8298,41.489157,4,8.846156e-04
8299,41.494157,1,9.239044e-04
8300,41.499157,0,9.944634e-04
8301,41.504157,2,9.718085e-04
8302,41.509157,1,7.793958e-04
8303,41.514157,1,9.082820e-04
8304,41.519157,0,9.648335e-04
8305,41.524157,0,7.594760e-04
8306,41.529157,0,7.720955e-04
8307,41.534157,0,8.354106e-04
8308,41.539157,0,8.993580e-04
8309,41.544157,0,9.624222e-04
8310,41.549157,0,8.817130e-04
8311,41.554157,0,6.793079e-04
8312,41.559157,0,9.285985e-04
8313,41.564157,0,6.867430e-04
8314,41.569157,1,6.446565e-04
8315,41.574157,0,7.271331e-04
8316,41.579157,0,9.144786e-04
8317,41.584157,0,7.061488e-04
8318,41.589157,0,9.537806e-04
8319,41.594157,0,8.648856e-04
8320,41.599157,1,7.395642e-04
8321,41.604157,0,9.599334e-04
8322,41.609157,0,9.324796e-04
8323,41.614157,2,7.583870e-04
8324,41.619157,1,6.243032e-04
8325,41.624157,0,8.957150e-04
8326,41.629157,2,9.134710e-04
8327,41.634157,1,6.665485e-04
8328,41.639157,0,7.758990e-04
8329,41.644157,0,9.181032e-04
8330,41.649157,2,8.835431e-04
8331,41.654157,1,6.657368e-04
8332,41.659157,1,8.143402e-04
8333,41.664157,0,8.736922e-04
8334,41.669157,0,9.270457e-04
8335,41.674157,0,7.724375e-04
8336,41.679157,0,7.686273e-04
8337,41.684157,0,8.060230e-04
8338,41.689157,0,8.380277e-04
8339,41.694157,0,8.682268e-04
8340,41.699157,0,8.978901e-04
8341,41.704157,0,9.275248e-04
8342,41.709157,0,9.572136e-04
8343,41.714157,0,9.869134e-04
8344,41.719157,0,9.547739e-04
8345,41.724157,0,8.957759e-04
8346,41.729157,0,8.990553e-04
8347,41.734157,1,6.997797e-04
8348,41.739157,0,8.025667e-04
8349,41.744157,1,7.138410e-04
8350,41.749157,2,9.349168e-04
8351,41.754157,0,9.903225e-04
8352,41.759157,0,8.153775e-04
8353,41.764157,0,9.822671e-04
8354,41.769157,2,8.565293e-04
8355,41.774157,2,9.602235e-04
8356,41.779157,1,7.233301e-04
8357,41.784157,0,8.460842e-04
8358,41.789157,0,9.171353e-04
8359,41.794157,0,9.275997e-04
8360,41.799157,0,9.861301e-04
8361,41.804157,1,8.460056e-04
8362,41.809157,0,9.050513e-04
8363,41.814157,0,9.610317e-04
8364,41.819157,1,8.872067e-04
8365,41.824157,0,8.010324e-04
8366,41.829157,1,7.846358e-04
8367,41.834157,1,9.239117e-04
8368,41.839157,0,9.901815e-04
8369,41.844157,0,9.233378e-04
8370,41.849157,0,9.583272e-04
8371,41.854157,0,9.168024e-04
8372,41.859157,0,8.732468e-04
8373,41.864157,0,7.750863e-04
8374,41.869157,0,9.010522e-04
8375,41.874157,1,7.705876e-04
8376,41.879157,2,9.650473e-04
8377,41.884157,1,8.288702e-04
8378,41.889157,0,8.516203e-04
8379,41.894157,0,9.334490e-04
8380,41.899157,0,8.521617e-04
8381,41.904157,0,7.379500e-04
8382,41.909157,0,7.999345e-04
8383,41.914157,0,9.156519e-04
8384,41.919157,0,9.306619e-04
8385,41.924157,1,7.767503e-04
8386,41.929157,1,9.309824e-04
8387,41.934157,0,8.976938e-04
8388,41.939157,0,9.230983e-04
8389,41.944157,0,9.306861e-04
8390,41.949157,0,9.876515e-04
8391,41.954157,2,9.767073e-04
8392,41.959157,1,9.734434e-04
8393,41.964157,1,9.181210e-04
8394,41.969157,1,8.993453e-04
8395,41.974157,1,8.778937e-04
8396,41.979157,0,9.476605e-04
8397,41.984157,0,9.782337e-04
8398,41.989157,0,8.953965e-04
8399,41.994157,0,8.880817e-04
8400,41.999157,0,9.374842e-04
8401,42.004157,0,9.844180e-04
8402,42.009157,1,9.448560e-04
8403,42.014157,0,8.990944e-04
8404,42.019157,0,8.875503e-04
8405,42.024157,0,9.265965e-04
8406,42.029157,1,7.589157e-04
8407,42.034157,2,9.374466e-04
8408,42.039157,0,8.270001e-04
8409,42.044157,5,8.899043e-04
8410,42.049157,3,9.424226e-04
8411,42.054157,1,7.835570e-04
8412,42.059157,0,8.257692e-04
8413,42.064157,0,9.566014e-04
8414,42.069157,2,8.427381e-04
8415,42.074157,1,7.008296e-04
8416,42.079157,0,8.605189e-04
8417,42.084157,0,8.878786e-04
8418,42.089157,0,9.664567e-04
8419,42.094157,2,9.268912e-04
8420,42.099157,2,9.839754e-04
8421,42.104157,1,7.992680e-04
8422,42.109157,0,9.506533e-04
8423,42.114157,0,9.712093e-04
8424,42.119157,1,9.039405e-04
8425,42.124157,2,9.498529e-04
8426,42.129157,0,9.502424e-04
8427,42.134157,0,9.554718e-04
8428,42.139157,1,9.885086e-04
8429,42.144157,0,9.835912e-04
8430,42.149157,2,9.575299e-04
8431,42.154157,1,8.432223e-04
8432,42.159157,3,8.710121e-04
8433,42.164157,1,6.538447e-04
8434,42.169157,0,8.974810e-04
8435,42.174157,0,9.458282e-04
8436,42.179157,2,8.985652e-04
8437,42.184157,3,8.995042e-04
8438,42.189157,1,7.191452e-04
8439,42.194157,0,8.947751e-04
8440,42.199157,0,9.698766e-04
8441,42.204157,0,9.309881e-04
8442,42.209157,0,9.579757e-04
8443,42.214157,1,9.215360e-04
8444,42.219157,1,9.696983e-04
8445,42.224157,0,9.807558e-04
8446,42.229157,1,9.191162e-04
8447,42.234157,1,9.507589e-04
8448,42.239157,0,9.234606e-04
8449,42.244157,0,9.716071e-04
8450,42.249157,0,9.073890e-04
8451,42.254157,0,9.565889e-04
8452,42.259157,2,9.171682e-04
8453,42.264157,2,9.396174e-04
8454,42.269157,0,8.841071e-04
8455,42.274157,0,9.835927e-04
8456,42.279157,0,6.548990e-04
8457,42.284157,1,8.337496e-04
8458,42.289157,2,9.823055e-04
8459,42.294157,1,7.323257e-04
8460,42.299157,0,8.566983e-04
8461,42.304157,0,9.953034e-04
8462,42.309157,1,8.417817e-04
8463,42.314157,1,8.803377e-04
8464,42.319157,1,7.951139e-04
8465,42.324157,0,8.294236e-04
8466,42.329157,0,9.455636e-04
8467,42.334157,1,9.764927e-04
8468,42.339157,1,8.764258e-04
8469,42.344157,1,8.149199e-04
8470,42.349157,0,9.633349e-04
8471,42.354157,0,8.745575e-04
8472,42.359157,1,6.907863e-04
8473,42.364157,0,8.971253e-04
8474,42.369157,0,6.909865e-04
8475,42.374157,1,7.402584e-04
8476,42.379157,1,8.156091e-04
8477,42.384157,0,8.709300e-04
8478,42.389157,0,9.435107e-04
8479,42.394157,2,7.753630e-04
8480,42.399157,1,7.361816e-04
8481,42.404157,4,8.346698e-04
8482,42.409157,2,8.080576e-04
8483,42.414157,0,9.585834e-04
8484,42.419157,0,8.133291e-04
8485,42.424157,0,9.011992e-04
8486,42.429157,0,9.884857e-04
8487,42.434157,2,8.877476e-04
8488,42.439157,1,8.963149e-04
8489,42.444157,1,8.080659e-04
8490,42.449157,0,9.881192e-04
8491,42.454157,0,9.860532e-04
8492,42.459157,1,8.326817e-04
8493,42.464157,0,9.418237e-04
8494,42.469157,0,9.704029e-04
8495,42.474157,1,8.262263e-04
8496,42.479157,0,9.528217e-04
8497,42.484157,0,8.531608e-04
8498,42.489157,3,9.103476e-04
8499,42.494157,1,6.730391e-04
8500,42.499157,0,9.591027e-04
8501,42.504157,0,9.170893e-04
8502,42.509157,0,8.895917e-04
8503,42.514157,0,8.151724e-04
8504,42.519157,0,9.427084e-04
8505,42.524157,0,9.542852e-04
8506,42.529157,1,8.483649e-04
8507,42.534157,1,8.908946e-04
8508,42.539157,0,9.329879e-04
8509,42.544157,0,9.586450e-04
8510,42.549157,0,9.550913e-04
8511,42.554157,1,7.279198e-04
8512,42.559157,0,8.973456e-04
8513,42.564157,0,8.730622e-04
8514,42.569157,0,8.045871e-04
8515,42.574157,1,6.755888e-04
8516,42.579157,0,9.933624e-04
8517,42.584157,3,9.821307e-04
8518,42.589157,1,7.347419e-04
8519,42.594157,1,8.227332e-04
8520,42.599157,0,9.711570e-04
8521,42.604157,0,9.158062e-04
8522,42.609157,0,9.341249e-04
8523,42.614157,0,7.499512e-04
8524,42.619157,0,9.481395e-04
8525,42.624157,0,9.298578e-04
8526,42.629157,2,8.206107e-04
8527,42.634157,1,7.727217e-04
8528,42.639157,1,9.154684e-04
8529,42.644157,0,9.907238e-04
8530,42.649157,0,9.495170e-04
8531,42.654157,0,9.595926e-04
8532,42.659157,0,9.068711e-04
8533,42.664157,1,7.834532e-04
8534,42.669157,1,9.677436e-04
8535,42.674157,1,9.464614e-04
8536,42.679157,0,9.160331e-04
8537,42.684157,0,9.335253e-04
8538,42.689157,0,8.042863e-04
8539,42.694157,1,8.032789e-04
8540,42.699157,0,8.061736e-04
8541,42.704157,0,9.889652e-04
8542,42.709157,0,9.688142e-04
8543,42.714157,1,9.810100e-04
8544,42.719157,0,8.680639e-04
8545,42.724157,0,9.821572e-04
8546,42.729157,0,8.907897e-04
8547,42.734157,1,7.566298e-04
8548,42.739157,2,9.402166e-04
8549,42.744157,0,9.970837e-04
8550,42.749157,0,9.173733e-04
8551,42.754157,1,7.593114e-04
8552,42.759157,2,9.556741e-04
8553,42.764157,0,8.769979e-04
8554,42.769157,0,8.917463e-04
8555,42.774157,0,9.957841e-04
8556,42.779157,0,8.080077e-04
8557,42.784157,1,7.788168e-04
8558,42.789157,3,9.388410e-04
8559,42.794157,1,8.596912e-04
8560,42.799157,0,6.980623e-04
8561,42.804157,1,6.874377e-04
8562,42.809157,0,9.537487e-04
8563,42.814157,0,8.176084e-04
8564,42.819157,0,8.902181e-04
8565,42.824157,0,9.994741e-04
8566,42.829157,0,9.660639e-04
8567,42.834157,1,8.714051e-04
8568,42.839157,0,7.544707e-04
8569,42.844157,1,6.698370e-04
8570,42.849157,1,7.222385e-04
8571,42.854157,0,8.724626e-04
8572,42.859157,0,8.622657e-04
8573,42.864157,0,9.051562e-04
8574,42.869157,0,9.985093e-04
8575,42.874157,1,7.917971e-04
8576,42.879157,2,9.702491e-04
8577,42.884157,0,9.792412e-04
8578,42.889157,0,6.334688e-04
8579,42.894157,1,7.358843e-04
8580,42.899157,3,8.600025e-04
8581,42.904157,1,6.533941e-04
8582,42.909157,0,9.886221e-04
8583,42.914157,3,9.462462e-04
8584,42.919157,1,6.785658e-04
8585,42.924157,0,9.488523e-04
8586,42.929157,0,9.671066e-04
8587,42.934157,2,6.247847e-04
8588,42.939157,1,7.416609e-04
8589,42.944157,1,7.934673e-04
8590,42.949157,1,8.749337e-04
8591,42.954157,0,9.005222e-04
8592,42.959157,0,9.227018e-04
8593,42.964157,0,8.878247e-04
8594,42.969157,0,8.911510e-04
8595,42.974157,0,9.452124e-04
8596,42.979157,0,9.998949e-04
8597,42.984157,1,8.810949e-04
8598,42.989157,0,8.525168e-04
8599,42.994157,1,7.011130e-04
8600,42.999157,0,9.772074e-04
8601,43.004157,0,8.664795e-04
8602,43.009157,1,7.425733e-04
8603,43.014157,0,9.688472e-04
8604,43.019157,0,7.712126e-04
8605,43.024157,1,7.377466e-04
8606,43.029157,1,7.880001e-04
8607,43.034157,0,9.098130e-04
8608,43.039157,0,8.731143e-04
8609,43.044157,0,9.205700e-04
8610,43.049157,2,8.868901e-04
8611,43.054157,0,7.598487e-04
8612,43.059157,0,9.446107e-04
8613,43.064157,0,7.840286e-04
8614,43.069157,1,8.408681e-04
8615,43.074157,1,9.504406e-04
8616,43.079157,1,9.228648e-04
8617,43.084157,0,9.583102e-04
8618,43.089157,0,9.297834e-04
8619,43.094157,0,9.188046e-04
8620,43.099157,0,9.697066e-04
8621,43.104157,1,9.181551e-04
8622,43.109157,0,9.103178e-04
8623,43.114157,1,6.814083e-04
8624,43.119157,0,8.665273e-04
8625,43.124157,0,9.306642e-04
8626,43.129157,1,6.691547e-04
8627,43.134157,0,8.691986e-04
8628,43.139157,3,8.840488e-04
8629,43.144157,2,8.309287e-04
8630,43.149157,1,5.926415e-04
8631,43.154157,0,8.813591e-04
8632,43.159157,1,9.496526e-04
8633,43.164157,1,7.037357e-04
8634,43.169157,0,7.705176e-04
8635,43.174157,0,8.664861e-04
8636,43.179157,0,9.885967e-04
8637,43.184157,0,9.719759e-04
8638,43.189157,1,8.931529e-04
8639,43.194157,0,8.508391e-04
8640,43.199157,1,9.615424e-04
8641,43.204157,0,8.551512e-04
8642,43.209157,1,9.216434e-04
8643,43.214157,2,9.930767e-04
8644,43.219157,1,7.031825e-04
8645,43.224157,0,8.436951e-04
8646,43.229157,0,9.837437e-04
8647,43.234157,0,6.260505e-04
8648,43.239157,1,7.285546e-04
8649,43.244157,0,9.825486e-04
8650,43.249157,0,8.177263e-04
8651,43.254157,0,8.926949e-04
8652,43.259157,0,9.928692e-04
8653,43.264157,2,9.569933e-04
8654,43.269157,1,7.313032e-04
8655,43.274157,1,9.209123e-04
8656,43.279157,1,9.098843e-04
8657,43.284157,0,9.071987e-04
8658,43.289157,0,9.747425e-04
8659,43.294157,0,8.072181e-04
8660,43.299157,0,8.586396e-04
8661,43.304157,0,9.459563e-04
8662,43.309157,2,9.579187e-04
8663,43.314157,0,7.246557e-04
8664,43.319157,1,9.016565e-04
8665,43.324157,1,9.904481e-04
8666,43.329157,1,8.728780e-04
8667,43.334157,1,9.959926e-04
8668,43.339157,0,7.440310e-04
8669,43.344157,0,7.660554e-04
8670,43.349157,0,8.287296e-04
8671,43.354157,0,8.867720e-04
8672,43.359157,0,9.338531e-04
8673,43.364157,0,9.726719e-04
8674,43.369157,0,9.929963e-04
8675,43.374157,0,8.517251e-04
8676,43.379157,0,8.295014e-04
8677,43.384157,0,8.564180e-04
8678,43.389157,0,8.800577e-04
8679,43.394157,0,9.029113e-04
8680,43.399157,0,9.251528e-04
8681,43.404157,0,9.472109e-04
8682,43.409157,0,9.694020e-04
8683,43.414157,0,9.919271e-04
8684,43.419157,0,9.187640e-04
8685,43.424157,0,8.755205e-04
8686,43.429157,0,8.219956e-04
8687,43.434157,0,9.344992e-04
8688,43.439157,1,6.926758e-04
8689,43.444157,0,9.679104e-04
8690,43.449157,0,8.146772e-04
8691,43.454157,1,5.995555e-04
8692,43.459157,0,7.585137e-04
8693,43.464157,0,9.398461e-04
8694,43.469157,1,7.740059e-04
8695,43.474157,0,8.984120e-04
8696,43.479157,0,8.582008e-04
8697,43.484157,0,9.023590e-04
8698,43.489157,0,9.861020e-04
8699,43.494157,2,9.600009e-04
8700,43.499157,1,6.621380e-04
8701,43.504157,0,8.658677e-04
8702,43.509157,1,7.858355e-04
8703,43.514157,0,9.515701e-04
8704,43.519157,0,8.739920e-04
8705,43.524157,0,9.177277e-04
8706,43.529157,0,8.290012e-04
8707,43.534157,0,8.059049e-04
8708,43.539157,1,6.527775e-04
8709,43.544157,0,8.826004e-04
8710,43.549157,3,9.759980e-04
8711,43.554157,1,6.169635e-04
8712,43.559157,0,8.450285e-04
8713,43.564157,0,9.565347e-04
8714,43.569157,3,8.303579e-04
8715,43.574157,1,7.480224e-04
8716,43.579157,0,9.449930e-04
8717,43.584157,0,9.904610e-04
8718,43.589157,2,8.467600e-04
8719,43.594157,1,8.836600e-04
8720,43.599157,0,9.918152e-04
8721,43.604157,2,9.203994e-04
8722,43.609157,1,7.292828e-04
8723,43.614157,0,9.160103e-04
8724,43.619157,2,7.586126e-04
8725,43.624157,0,8.633243e-04
8726,43.629157,2,8.336862e-04
8727,43.634157,0,9.662520e-04
8728,43.639157,0,9.014893e-04
8729,43.644157,2,5.042608e-04
8730,43.649157,0,9.984770e-04
8731,43.654157,1,9.319034e-04
8732,43.659157,1,5.751495e-04
8733,43.664157,0,8.755831e-04
8734,43.669157,0,8.222863e-04
8735,43.674157,0,7.017498e-04
8736,43.679157,0,7.754332e-04
8737,43.684157,0,8.470319e-04
8738,43.689157,0,9.091252e-04
8739,43.694157,0,9.677557e-04
8740,43.699157,3,8.494038e-04
8741,43.704157,2,9.569442e-04
8742,43.709157,1,8.233801e-04
8743,43.714157,0,8.817617e-04
8744,43.719157,0,9.577504e-04
8745,43.724157,0,8.616256e-04
8746,43.729157,0,8.554353e-04
8747,43.734157,0,8.917597e-04
8748,43.739157,0,9.166920e-04
8749,43.744157,0,9.371465e-04
8750,43.749157,0,9.553549e-04
8751,43.754157,0,9.725903e-04
8752,43.759157,0,9.894471e-04
8753,43.764157,0,8.153660e-04
8754,43.769157,0,7.937681e-04
8755,43.774157,0,7.988134e-04
8756,43.779157,0,8.092059e-04
8757,43.784157,0,8.224955e-04
8758,43.789157,0,8.388019e-04
8759,43.794157,0,8.580309e-04
8760,43.799157,0,8.797134e-04
8761,43.804157,0,9.032090e-04
8762,43.809157,0,9.278675e-04
8763,43.814157,0,9.531124e-04
8764,43.819157,0,9.784702e-04
8765,43.824157,1,9.405151e-04
8766,43.829157,0,7.410214e-04
8767,43.834157,0,8.509612e-04
8768,43.839157,0,9.258267e-04
8769,43.844157,0,9.665405e-04
8770,43.849157,0,9.726834e-04
8771,43.854157,0,8.064763e-04
8772,43.859157,0,7.576611e-04
8773,43.864157,0,7.613890e-04
8774,43.869157,0,7.661592e-04
8775,43.874157,0,7.761322e-04
8776,43.879157,0,7.915110e-04
8777,43.884157,0,8.118505e-04
8778,43.889157,0,8.363730e-04
8779,43.894157,0,8.642683e-04
8780,43.899157,0,8.948080e-04
8781,43.904157,0,9.273805e-04
8782,43.909157,0,9.614902e-04
8783,43.914157,0,9.967435e-04
8784,43.919157,2,9.949544e-04
8785,43.924157,1,7.883929e-04
8786,43.929157,1,7.887682e-04
8787,43.934157,0,9.682498e-04
8788,43.939157,0,7.059424e-04
8789,43.944157,1,5.798583e-04
8790,43.949157,0,9.552981e-04
8791,43.954157,3,8.525615e-04
8792,43.959157,1,7.203342e-04
8793,43.964157,0,9.752114e-04
8794,43.969157,2,7.655493e-04
8795,43.974157,0,9.470011e-04
8796,43.979157,2,7.507780e-04
8797,43.984157,0,9.343204e-04
8798,43.989157,0,8.641956e-04
8799,43.994157,0,9.867599e-04
8800,43.999157,0,8.674601e-04
8801,44.004157,0,9.126765e-04
8802,44.009157,0,9.709962e-04
8803,44.014157,1,8.485267e-04
8804,44.019157,0,7.235622e-04
8805,44.024157,1,6.744160e-04
8806,44.029157,0,8.928642e-04
8807,44.034157,0,7.534651e-04
8808,44.039157,0,8.003333e-04
8809,44.044157,0,8.573255e-04
8810,44.049157,0,9.148217e-04
8811,44.054157,0,9.774177e-04
8812,44.059157,2,8.064721e-04
8813,44.064157,1,5.002726e-04
8814,44.069157,0,8.322173e-04
8815,44.074157,1,8.170409e-04
8816,44.079157,1,7.331227e-04
8817,44.084157,0,7.667933e-04
8818,44.089157,0,8.150426e-04
8819,44.094157,0,9.081272e-04
8820,44.099157,0,9.919789e-04
8821,44.104157,2,7.995287e-04
8822,44.109157,0,9.242364e-04
8823,44.114157,0,9.878532e-04
8824,44.119157,2,7.000659e-04
8825,44.124157,1,8.713796e-04
8826,44.129157,0,8.066396e-04
8827,44.134157,0,9.096323e-04
8828,44.139157,0,8.562459e-04
8829,44.144157,0,8.828337e-04
8830,44.149157,0,9.541193e-04
8831,44.154157,0,9.691994e-04
8832,44.159157,0,9.805776e-04
8833,44.164157,0,9.168435e-04
8834,44.169157,0,9.023316e-04
8835,44.174157,0,9.229077e-04
8836,44.179157,0,9.425749e-04
8837,44.184157,0,9.642039e-04
8838,44.189157,0,9.880048e-04
8839,44.194157,2,8.081536e-04
8840,44.199157,1,8.975020e-04
8841,44.204157,4,8.837202e-04
8842,44.209157,1,8.141624e-04
8843,44.214157,1,8.998311e-04
8844,44.219157,0,7.682438e-04
8845,44.224157,0,9.179137e-04
8846,44.229157,0,9.612890e-04
8847,44.234157,0,9.554744e-04
8848,44.239157,0,9.684190e-04
8849,44.244157,2,7.835848e-04
8850,44.249157,1,9.930124e-04
8851,44.254157,1,9.437364e-04
8852,44.259157,3,7.146056e-04
8853,44.264157,0,8.618830e-04
8854,44.269157,2,8.023761e-04
8855,44.274157,0,6.418888e-04
8856,44.279157,0,7.738729e-04
8857,44.284157,0,9.500405e-04
8858,44.289157,1,8.818687e-04
8859,44.294157,0,9.069432e-04
8860,44.299157,0,9.619235e-04
8861,44.304157,0,9.523097e-04
8862,44.309157,0,9.569798e-04
8863,44.314157,0,9.447524e-04
8864,44.319157,0,9.191494e-04
8865,44.324157,0,9.378930e-04
8866,44.329157,0,9.651115e-04
8867,44.334157,0,9.910138e-04
8868,44.339157,0,9.691458e-04
8869,44.344157,0,9.796968e-04
8870,44.349157,0,9.913235e-04
8871,44.354157,0,9.333865e-04
8872,44.359157,0,9.040892e-04
8873,44.364157,0,9.030916e-04
8874,44.369157,0,9.030463e-04
8875,44.374157,0,9.063832e-04
8876,44.379157,0,9.129995e-04
8877,44.384157,0,9.224595e-04
8878,44.389157,0,9.342510e-04
8879,44.394157,0,9.478978e-04
8880,44.399157,0,9.629858e-04
8881,44.404157,0,9.791646e-04
8882,44.409157,0,9.961436e-04
8883,44.414157,2,9.883708e-04
8884,44.419157,2,8.448190e-04
8885,44.424157,2,9.124383e-04
8886,44.429157,1,9.114144e-04
8887,44.434157,0,9.602673e-04
8888,44.439157,0,8.437706e-04
8889,44.444157,0,8.419475e-04
8890,44.449157,0,8.779690e-04
8891,44.454157,0,9.173925e-04
8892,44.459157,0,9.609044e-04
8893,44.464157,0,8.134734e-04
8894,44.469157,1,7.249725e-04
8895,44.474157,0,7.900067e-04
8896,44.479157,3,8.271849e-04
8897,44.484157,1,7.072465e-04
8898,44.489157,0,8.685764e-04
8899,44.494157,0,9.600164e-04
8900,44.499157,2,8.656286e-04
8901,44.504157,0,9.310366e-04
8902,44.509157,0,9.962919e-04
8903,44.514157,2,6.249747e-04
8904,44.519157,1,7.346605e-04
8905,44.524157,0,9.198462e-04
8906,44.529157,0,8.026828e-04
8907,44.534157,0,8.450976e-04
8908,44.539157,0,9.388128e-04
8909,44.544157,1,8.902615e-04
8910,44.549157,0,7.315918e-04
8911,44.554157,0,9.879913e-04
8912,44.559157,2,8.668196e-04
8913,44.564157,1,7.242120e-04
8914,44.569157,0,9.001844e-04
8915,44.574157,0,9.931889e-04
8916,44.579157,2,7.318632e-04
8917,44.584157,1,8.694066e-04
8918,44.589157,1,9.147904e-04
8919,44.594157,0,9.928608e-04
8920,44.599157,0,9.975226e-04
8921,44.604157,0,8.123407e-04
8922,44.609157,0,7.878765e-04
8923,44.614157,0,8.127340e-04
8924,44.619157,0,8.387779e-04
8925,44.624157,0,8.661194e-04
8926,44.629157,0,8.943687e-04
8927,44.634157,0,9.234524e-04
8928,44.639157,0,9.532587e-04
8929,44.644157,0,9.836451e-04
8930,44.649157,1,8.639696e-04
8931,44.654157,0,9.869404e-04
8932,44.659157,0,9.009650e-04
8933,44.664157,0,8.724074e-04
8934,44.669157,0,9.382965e-04
8935,44.674157,1,8.322538e-04
8936,44.679157,1,8.393985e-04
8937,44.684157,1,7.010854e-04
8938,44.689157,0,8.106220e-04
8939,44.694157,0,8.424026e-04
8940,44.699157,0,9.193436e-04
8941,44.704157,0,9.924664e-04
8942,44.709157,2,9.200892e-04
8943,44.714157,0,9.754526e-04
8944,44.719157,0,8.289616e-04
8945,44.724157,2,7.823625e-04
8946,44.729157,1,8.162207e-04
8947,44.734157,1,8.530822e-04
8948,44.739157,0,7.201281e-04
8949,44.744157,0,7.710320e-04
8950,44.749157,0,8.502182e-04
8951,44.754157,0,9.299466e-04
8952,44.759157,1,9.330555e-04
8953,44.764157,1,8.463054e-04
8954,44.769157,0,9.982053e-04
8955,44.774157,0,8.164994e-04
8956,44.779157,0,9.669045e-04
8957,44.784157,2,9.499879e-04
8958,44.789157,1,8.832375e-04
8959,44.794157,0,9.602624e-04
8960,44.799157,0,8.249309e-04
8961,44.804157,0,8.461399e-04
8962,44.809157,0,9.229783e-04
8963,44.814157,1,7.178059e-04
8964,44.819157,0,7.392283e-04
8965,44.824157,0,8.299360e-04
8966,44.829157,1,7.513064e-04
8967,44.834157,0,9.740434e-04
8968,44.839157,0,9.621133e-04
8969,44.844157,0,8.813473e-04
8970,44.849157,0,9.574358e-04
8971,44.854157,2,7.768092e-04
8972,44.859157,1,7.885839e-04
8973,44.864157,0,9.747168e-04
8974,44.869157,2,9.056783e-04
8975,44.874157,0,9.742216e-04
8976,44.879157,0,9.167347e-04
8977,44.884157,2,8.084162e-04
8978,44.889157,1,8.199455e-04
8979,44.894157,1,8.610875e-04
8980,44.899157,0,9.140690e-04
8981,44.904157,0,9.802558e-04
8982,44.909157,0,9.893707e-04
8983,44.914157,0,9.630640e-04
8984,44.919157,0,9.407838e-04
8985,44.924157,0,9.631178e-04
8986,44.929157,0,9.838188e-04
8987,44.934157,1,9.301085e-04
8988,44.939157,1,9.345208e-04
8989,44.944157,1,9.645233e-04
8990,44.949157,0,9.607025e-04
8991,44.954157,1,7.915148e-04
8992,44.959157,0,8.476132e-04
8993,44.964157,1,7.844709e-04
8994,44.969157,0,8.288818e-04
8995,44.974157,0,7.835976e-04
8996,44.979157,0,8.780966e-04
8997,44.984157,0,9.036453e-04
8998,44.989157,1,8.768974e-04
8999,44.994157,2,9.203991e-04
9000,44.999157,1,7.397804e-04
9001,45.004157,0,9.609256e-04
9002,45.009157,0,8.768460e-04
9003,45.014157,1,7.696136e-04
9004,45.019157,1,8.849319e-04
9005,45.024157,1,7.184782e-04
9006,45.029157,0,8.538360e-04
9007,45.034157,0,9.918880e-04
9008,45.039157,1,8.628510e-04
9009,45.044157,1,7.563582e-04
9010,45.049157,0,9.701488e-04
9011,45.054157,0,8.984483e-04
9012,45.059157,1,9.383277e-04
9013,45.064157,0,8.355956e-04
9014,45.069157,0,8.933252e-04
9015,45.074157,0,9.976790e-04
9016,45.079157,2,9.380356e-04
9017,45.084157,1,9.611676e-04
9018,45.089157,0,7.475585e-04
9019,45.094157,0,8.707959e-04
9020,45.099157,0,9.929340e-04
9021,45.104157,2,8.176616e-04
9022,45.109157,1,6.825608e-04
9023,45.114157,0,9.781253e-04
9024,45.119157,0,7.264685e-04
9025,45.124157,0,7.516637e-04
9026,45.129157,0,8.205323e-04
9027,45.134157,0,8.901606e-04
9028,45.139157,0,9.609191e-04
9029,45.144157,3,9.491138e-04
9030,45.149157,0,8.097020e-04
9031,45.154157,1,7.381496e-04
9032,45.159157,0,9.783548e-04
9033,45.164157,0,7.257550e-04
9034,45.169157,0,8.104467e-04
9035,45.174157,0,8.819577e-04
9036,45.179157,0,9.442988e-04
9037,45.184157,3,9.397248e-04
9038,45.189157,2,8.687654e-04
9039,45.194157,1,7.569632e-04
9040,45.199157,0,7.987914e-04
9041,45.204157,0,9.103603e-04
9042,45.209157,3,9.994119e-04
9043,45.214157,1,8.667901e-04
9044,45.219157,4,8.322267e-04
9045,45.224157,2,7.192201e-04
9046,45.229157,0,6.390505e-04
9047,45.234157,0,7.689467e-04
9048,45.239157,0,9.260153e-04
9049,45.244157,1,9.689773e-04
9050,45.249157,0,9.795339e-04
9051,45.254157,0,9.844335e-04
9052,45.259157,0,9.702366e-04
9053,45.264157,0,9.603423e-04
9054,45.269157,0,9.096923e-04
9055,45.274157,0,8.852789e-04
9056,45.279157,0,9.149382e-04
9057,45.284157,0,9.498920e-04
9058,45.289157,0,9.924141e-04
9059,45.294157,2,9.360092e-04
9060,45.299157,1,9.079998e-04
9061,45.304157,1,9.071259e-04
9062,45.309157,0,8.153679e-04
9063,45.314157,0,9.168786e-04
9064,45.319157,0,7.894435e-04
9065,45.324157,1,7.844261e-04
9066,45.329157,4,8.827874e-04
9067,45.334157,1,8.503233e-04
9068,45.339157,0,9.846170e-04
9069,45.344157,2,8.671631e-04
9070,45.349157,1,6.543497e-04
9071,45.354157,1,8.843329e-04
9072,45.359157,1,8.060783e-04
9073,45.364157,0,7.699344e-04
9074,45.369157,0,8.800598e-04
9075,45.374157,0,9.900057e-04
9076,45.379157,0,7.842957e-04
9077,45.384157,0,8.623387e-04
9078,45.389157,0,9.590228e-04
9079,45.394157,0,8.105215e-04
9080,45.399157,0,8.739107e-04
9081,45.404157,0,9.469351e-04
9082,45.409157,0,9.904576e-04
9083,45.414157,0,8.679996e-04
9084,45.419157,0,9.382515e-04
9085,45.424157,0,8.536537e-04
9086,45.429157,0,8.854046e-04
9087,45.434157,0,9.334979e-04
9088,45.439157,0,9.641789e-04
9089,45.444157,0,9.890757e-04
9090,45.449157,0,9.368095e-04
9091,45.454157,0,9.580266e-04
9092,45.459157,0,9.895606e-04
9093,45.464157,1,9.494056e-04
9094,45.469157,1,9.840811e-04
9095,45.474157,0,9.550086e-04
9096,45.479157,1,7.834295e-04
9097,45.484157,1,9.157765e-04
9098,45.489157,0,8.102625e-04
9099,45.494157,0,8.819084e-04
9100,45.499157,1,8.535480e-04
9101,45.504157,0,9.151102e-04
9102,45.509157,1,7.349344e-04
9103,45.514157,0,9.264011e-04
9104,45.519157,0,9.986820e-04
9105,45.524157,2,8.624280e-04
9106,45.529157,0,9.024916e-04
9107,45.534157,2,9.577997e-04
9108,45.539157,1,8.587248e-04
9109,45.544157,0,9.722574e-04
9110,45.549157,0,9.453071e-04
9111,45.554157,1,9.341461e-04
9112,45.559157,2,8.115006e-04
9113,45.564157,0,8.467732e-04
9114,45.569157,0,9.913038e-04
9115,45.574157,1,8.889864e-04
9116,45.579157,2,8.213819e-04
9117,45.584157,1,7.697648e-04
9118,45.589157,1,8.684052e-04
9119,45.594157,0,9.369420e-04
9120,45.599157,0,8.993301e-04
9121,45.604157,0,9.465467e-04
9122,45.609157,0,7.944580e-04
9123,45.614157,0,7.718113e-04
9124,45.619157,0,8.841216e-04
9125,45.624157,2,9.920381e-04
9126,45.629157,0,7.989789e-04
9127,45.634157,1,8.058188e-04
9128,45.639157,0,9.456914e-04
9129,45.644157,0,8.786393e-04
9130,45.649157,0,9.261573e-04
9131,45.654157,0,9.170536e-04
9132,45.659157,1,9.407008e-04
9133,45.664157,0,9.138863e-04
9134,45.669157,0,8.440950e-04
9135,45.674157,1,6.828179e-04
9136,45.679157,0,6.869920e-04
9137,45.684157,0,8.141469e-04
9138,45.689157,0,9.880683e-04
9139,45.694157,1,7.534688e-04
9140,45.699157,1,8.408283e-04
9141,45.704157,0,7.936553e-04
9142,45.709157,1,7.098138e-04
9143,45.714157,3,9.448552e-04
9144,45.719157,1,8.624692e-04
9145,45.724157,1,9.763433e-04
9146,45.729157,0,9.550371e-04
9147,45.734157,0,9.311701e-04
9148,45.739157,0,9.401011e-04
9149,45.744157,0,8.418221e-04
9150,45.749157,1,7.760412e-04
9151,45.754157,3,8.864931e-04
9152,45.759157,1,8.111620e-04
9153,45.764157,3,9.551297e-04
9154,45.769157,1,7.989927e-04
9155,45.774157,3,9.434959e-04
9156,45.779157,1,8.868578e-04
9157,45.784157,1,8.963057e-04
9158,45.789157,0,8.368436e-04
9159,45.794157,0,8.849249e-04
9160,45.799157,0,9.786228e-04
9161,45.804157,0,8.734059e-04
9162,45.809157,0,8.829158e-04
9163,45.814157,0,9.458920e-04
9164,45.819157,0,9.949488e-04
9165,45.824157,0,9.146100e-04
9166,45.829157,0,9.309571e-04
9167,45.834157,0,9.890952e-04
9168,45.839157,0,9.286728e-04
9169,45.844157,0,9.388597e-04
9170,45.849157,0,9.850063e-04
9171,45.854157,0,9.283098e-04
9172,45.859157,0,9.439436e-04
9173,45.864157,0,9.714726e-04
9174,45.869157,0,9.980437e-04
9175,45.874157,0,8.936306e-04
9176,45.879157,1,6.700447e-04
9177,45.884157,0,8.566398e-04
9178,45.889157,0,9.650807e-04
9179,45.894157,3,9.712331e-04
9180,45.899157,1,7.948716e-04
9181,45.904157,1,9.378267e-04
9182,45.909157,0,9.186743e-04
9183,45.914157,0,9.970008e-04
9184,45.919157,0,9.930254e-04
9185,45.924157,5,9.847008e-04
9186,45.929157,1,9.241218e-04
9187,45.934157,4,9.598088e-04
9188,45.939157,2,9.856366e-04
9189,45.944157,1,9.485102e-04
9190,45.949157,1,9.831670e-04
9191,45.954157,0,8.284903e-04
9192,45.959157,0,7.755899e-04
9193,45.964157,0,8.460357e-04
9194,45.969157,0,9.812535e-04
9195,45.974157,0,9.177642e-04
9196,45.979157,1,7.401604e-04
9197,45.984157,3,8.239237e-04
9198,45.989157,1,7.789114e-04
9199,45.994157,1,8.796169e-04
9200,45.999157,0,9.086430e-04
9201,46.004157,0,9.988530e-04
9202,46.009157,0,9.026399e-04
9203,46.014157,0,9.649643e-04
9204,46.019157,0,9.749571e-04
9205,46.024157,1,9.669183e-04
9206,46.029157,0,8.286065e-04
9207,46.034157,0,9.195344e-04
9208,46.039157,0,9.851388e-04
9209,46.044157,2,6.080113e-04
9210,46.049157,1,7.096936e-04
9211,46.054157,0,9.126830e-04
9212,46.059157,0,7.765708e-04
9213,46.064157,0,8.650515e-04
9214,46.069157,0,9.454106e-04
9215,46.074157,3,9.737296e-04
9216,46.079157,2,9.778469e-04
9217,46.084157,1,8.341467e-04
9218,46.089157,0,8.306077e-04
9219,46.094157,0,8.811114e-04
9220,46.099157,0,9.705330e-04
9221,46.104157,2,9.616373e-04
9222,46.109157,1,6.315926e-04
9223,46.114157,0,8.906865e-04
9224,46.119157,0,8.827753e-04
9225,46.124157,2,7.524166e-04
9226,46.129157,1,6.223919e-04
9227,46.134157,0,9.754154e-04
9228,46.139157,0,9.887237e-04
9229,46.144157,2,7.582438e-04
9230,46.149157,1,9.630878e-04
9231,46.154157,1,9.139311e-04
9232,46.159157,1,9.444766e-04
9233,46.164157,0,9.250966e-04
9234,46.169157,0,9.194168e-04
9235,46.174157,0,9.789403e-04
9236,46.179157,0,7.299447e-04
9237,46.184157,0,7.060939e-04
9238,46.189157,0,7.339545e-04
9239,46.194157,0,7.667950e-04
9240,46.199157,0,8.015564e-04
9241,46.204157,0,8.375876e-04
9242,46.209157,0,8.748022e-04
9243,46.214157,0,9.130318e-04
9244,46.219157,0,9.520142e-04
9245,46.224157,0,9.914543e-04
9246,46.229157,2,7.479046e-04
9247,46.234157,2,8.054208e-04
9248,46.239157,0,8.465221e-04
9249,46.244157,0,8.781960e-04
9250,46.249157,0,9.968932e-04
9251,46.254157,0,9.591425e-04
9252,46.259157,0,9.901467e-04
9253,46.264157,0,9.200029e-04
9254,46.269157,0,9.529212e-04
9255,46.274157,0,9.781520e-04
9256,46.279157,2,7.701605e-04
9257,46.284157,1,7.579768e-04
9258,46.289157,2,9.507134e-04
9259,46.294157,1,7.544834e-04
9260,46.299157,0,8.516394e-04
9261,46.304157,0,9.542481e-04
9262,46.309157,0,8.255518e-04
9263,46.314157,0,8.662334e-04
9264,46.319157,0,9.377316e-04
9265,46.324157,0,7.452290e-04
9266,46.329157,0,9.176303e-04
9267,46.334157,1,8.587793e-04
9268,46.339157,0,8.113448e-04
9269,46.344157,0,9.591161e-04
9270,46.349157,2,9.962342e-04
9271,46.354157,1,9.132098e-04
9272,46.359157,0,8.425554e-04
9273,46.364157,0,9.792379e-04
9274,46.369157,0,9.019908e-04
9275,46.374157,0,8.418786e-04
9276,46.379157,0,9.151081e-04
9277,46.384157,0,9.903063e-04
9278,46.389157,3,9.591365e-04
9279,46.394157,2,9.776173e-04
9280,46.399157,1,9.795496e-04
9281,46.404157,3,9.470101e-04
9282,46.409157,0,9.670575e-04
9283,46.414157,2,7.840794e-04
9284,46.419157,1,5.956809e-04
9285,46.424157,0,9.269747e-04
9286,46.429157,0,8.913963e-04
9287,46.434157,0,7.799599e-04
9288,46.439157,0,8.279590e-04
9289,46.444157,0,9.030613e-04
9290,46.449157,0,9.742761e-04
9291,46.454157,3,9.895860e-04
9292,46.459157,1,7.435399e-04
9293,46.464157,1,9.749817e-04
9294,46.469157,0,9.904391e-04
9295,46.474157,2,8.950640e-04
9296,46.479157,1,6.590321e-04
9297,46.484157,0,8.828747e-04
9298,46.489157,2,6.538637e-04
9299,46.494157,0,7.356958e-04
9300,46.499157,0,9.555393e-04
9301,46.504157,2,5.708916e-04
9302,46.509157,0,9.719049e-04
9303,46.514157,2,7.110287e-04
9304,46.519157,1,5.975953e-04
9305,46.524157,0,8.092818e-04
9306,46.529157,0,9.211531e-04
9307,46.534157,1,8.912311e-04
9308,46.539157,0,5.992208e-04
9309,46.544157,0,8.495072e-04
9310,46.549157,0,8.807724e-04
9311,46.554157,0,8.140534e-04
9312,46.559157,0,8.936629e-04
9313,46.564157,0,9.639364e-04
9314,46.569157,0,9.949873e-04
9315,46.574157,0,7.759324e-04
9316,46.579157,0,7.641547e-04
9317,46.584157,0,7.711097e-04
9318,46.589157,0,7.810714e-04
9319,46.594157,0,7.977207e-04
9320,46.599157,0,8.201814e-04
9321,46.604157,0,8.468314e-04
9322,46.609157,0,8.761553e-04
9323,46.614157,0,9.069549e-04
9324,46.619157,0,9.383432e-04
9325,46.624157,0,9.696874e-04
9326,46.629157,6,9.667306e-04
9327,46.634157,0,7.648156e-04
9328,46.639157,1,9.114256e-04
9329,46.644157,0,8.972135e-04
9330,46.649157,1,7.615073e-04
9331,46.654157,0,6.499755e-04
9332,46.659157,0,9.854554e-04
9333,46.664157,1,9.916759e-04
9334,46.669157,1,7.439600e-04
9335,46.674157,3,9.929951e-04
9336,46.679157,0,8.868070e-04
9337,46.684157,0,9.472035e-04
9338,46.689157,0,8.639139e-04
9339,46.694157,0,9.519806e-04
9340,46.699157,0,8.260337e-04
9341,46.704157,3,8.442147e-04
9342,46.709157,0,7.359849e-04
9343,46.714157,0,9.560526e-04
9344,46.719157,3,9.239312e-04
9345,46.724157,2,8.082471e-04
9346,46.729157,1,6.454625e-04
9347,46.734157,0,9.789441e-04
9348,46.739157,0,8.309230e-04
9349,46.744157,0,7.846253e-04
9350,46.749157,0,8.609806e-04
9351,46.754157,0,9.585110e-04
9352,46.759157,3,9.503248e-04
9353,46.764157,2,9.134700e-04
9354,46.769157,2,9.507238e-04
9355,46.774157,1,9.345509e-04
9356,46.779157,1,8.576934e-04
9357,46.784157,0,8.751067e-04
9358,46.789157,0,9.880284e-04
9359,46.794157,0,9.230515e-04
9360,46.799157,0,9.867084e-04
9361,46.804157,0,9.979509e-04
9362,46.809157,0,9.979669e-04
9363,46.814157,0,9.822151e-04
9364,46.819157,2,7.751669e-04
9365,46.824157,0,8.356733e-04
9366,46.829157,0,7.146191e-04
9367,46.834157,1,6.785376e-04
9368,46.839157,0,9.848676e-04
9369,46.844157,0,7.565022e-04
9370,46.849157,1,6.241080e-04
9371,46.854157,0,9.613396e-04
9372,46.859157,1,9.405021e-04
9373,46.864157,1,8.015404e-04
9374,46.869157,0,7.983395e-04
9375,46.874157,0,8.889979e-04
9376,46.879157,2,9.155847e-04
9377,46.884157,0,9.921056e-04
9378,46.889157,0,9.509667e-04
9379,46.894157,2,6.969919e-04
9380,46.899157,1,9.072735e-04
9381,46.904157,0,9.312974e-04
9382,46.909157,0,8.210194e-04
9383,46.914157,0,8.798827e-04
9384,46.919157,0,9.632426e-04
9385,46.924157,0,7.474272e-04
9386,46.929157,0,9.048244e-04
9387,46.934157,1,7.477791e-04
9388,46.939157,0,8.760363e-04
9389,46.944157,0,9.942064e-04
9390,46.949157,0,8.749635e-04
9391,46.954157,0,9.631300e-04
9392,46.959157,0,9.431310e-04
9393,46.964157,0,9.956760e-04
9394,46.969157,0,8.567078e-04
9395,46.974157,0,8.983994e-04
9396,46.979157,0,9.391423e-04
9397,46.984157,0,9.700602e-04
9398,46.989157,2,6.801439e-04
9399,46.994157,1,6.397581e-04
9400,46.999157,1,7.894010e-04
9401,47.004157,1,8.310786e-04
9402,47.009157,0,8.757990e-04
9403,47.014157,0,9.590985e-04
9404,47.019157,2,9.438907e-04
9405,47.024157,0,9.095036e-04
9406,47.029157,0,7.619736e-04
9407,47.034157,0,9.912112e-04
9408,47.039157,2,5.827265e-04
9409,47.044157,0,9.654906e-04
9410,47.049157,2,7.364199e-04
9411,47.054157,1,7.383674e-04
9412,47.059157,0,9.550159e-04
9413,47.064157,0,8.052242e-04
9414,47.069157,0,8.207451e-04
9415,47.074157,0,8.775031e-04
9416,47.079157,0,9.386936e-04
9417,47.084157,1,5.530920e-04
9418,47.089157,0,9.494906e-04
9419,47.094157,2,6.162034e-04
9420,47.099157,0,9.298634e-04
9421,47.104157,1,7.880767e-04
9422,47.109157,0,8.261058e-04
9423,47.114157,0,8.537548e-04
9424,47.119157,0,9.392686e-04
9425,47.124157,0,7.772926e-04
9426,47.129157,0,7.632137e-04
9427,47.134157,0,7.992500e-04
9428,47.139157,0,8.335081e-04
9429,47.144157,0,8.655168e-04
9430,47.149157,0,8.960008e-04
9431,47.154157,0,9.256608e-04
9432,47.159157,0,9.548244e-04
9433,47.164157,0,9.835886e-04
9434,47.169157,2,7.787791e-04
9435,47.174157,1,6.905506e-04
9436,47.179157,0,7.718563e-04
9437,47.184157,0,8.402898e-04
9438,47.189157,2,7.789967e-04
9439,47.194157,1,5.774554e-04
9440,47.199157,0,9.954440e-04
9441,47.204157,1,8.211262e-04
9442,47.209157,0,9.835603e-04
9443,47.214157,0,7.846343e-04
9444,47.219157,0,8.132476e-04
9445,47.224157,0,8.840071e-04
9446,47.229157,0,9.576185e-04
9447,47.234157,1,8.684966e-04
9448,47.239157,0,9.163548e-04
9449,47.244157,0,7.604116e-04
9450,47.249157,0,8.248216e-04
9451,47.254157,0,9.699636e-04
9452,47.259157,2,8.895884e-04
9453,47.264157,0,9.848535e-04
9454,47.269157,0,9.423151e-04
9455,47.274157,2,5.053571e-04
9456,47.279157,1,5.311031e-04
9457,47.284157,0,8.882519e-04
9458,47.289157,0,8.899023e-04
9459,47.294157,0,7.840218e-04
9460,47.299157,0,8.057317e-04
9461,47.304157,0,8.653969e-04
9462,47.309157,0,9.242883e-04
9463,47.314157,0,9.811153e-04
9464,47.319157,1,8.584493e-04
9465,47.324157,0,7.541082e-04
9466,47.329157,0,9.639181e-04
9467,47.334157,0,7.188053e-04
9468,47.339157,0,9.070122e-04
9469,47.344157,0,9.958678e-04
9470,47.349157,0,8.651571e-04
9471,47.354157,0,9.122267e-04
9472,47.359157,0,9.482397e-04
9473,47.364157,0,9.750685e-04
9474,47.369157,0,9.781391e-04
9475,47.374157,0,7.623797e-04
9476,47.379157,0,7.415442e-04
9477,47.384157,0,7.315727e-04
9478,47.389157,0,7.256661e-04
9479,47.394157,0,7.279429e-04
9480,47.399157,0,7.379603e-04
9481,47.404157,0,7.542886e-04
9482,47.409157,0,7.754039e-04
9483,47.414157,0,7.999600e-04
9484,47.419157,0,8.268484e-04
9485,47.424157,0,8.551903e-04
9486,47.429157,0,8.843046e-04
9487,47.434157,0,9.136729e-04
9488,47.439157,0,9.429060e-04
9489,47.444157,0,9.717161e-04
9490,47.449157,0,9.998941e-04
9491,47.454157,1,8.986655e-04
9492,47.459157,0,9.193920e-04
9493,47.464157,2,5.790382e-04
9494,47.469157,0,9.043064e-04
9495,47.474157,0,7.215865e-04
9496,47.479157,0,8.756877e-04
9497,47.484157,1,8.115549e-04
9498,47.489157,0,8.918167e-04
9499,47.494157,0,9.592995e-04
9500,47.499157,1,9.214816e-04
9501,47.504157,0,5.379992e-04
9502,47.509157,0,8.375998e-04
9503,47.514157,1,5.616168e-04
9504,47.519157,0,9.567240e-04
9505,47.524157,1,5.569758e-04
9506,47.529157,0,7.525047e-04
9507,47.534157,0,9.071877e-04
9508,47.539157,0,7.470415e-04
9509,47.544157,0,7.919619e-04
9510,47.549157,0,8.266876e-04
9511,47.554157,0,8.519531e-04
9512,47.559157,0,8.756079e-04
9513,47.564157,0,8.989657e-04
9514,47.569157,0,9.218664e-04
9515,47.574157,0,9.439777e-04
9516,47.579157,0,9.650719e-04
9517,47.584157,0,9.850414e-04
9518,47.589157,0,8.961194e-04
9519,47.594157,0,9.076084e-04
9520,47.599157,0,9.103469e-04
9521,47.604157,0,9.100166e-04
9522,47.609157,0,9.151486e-04
9523,47.614157,0,9.259136e-04
9524,47.619157,0,9.406457e-04
9525,47.624157,0,9.576754e-04
9526,47.629157,0,9.757370e-04
9527,47.634157,0,9.939675e-04
9528,47.639157,0,6.490026e-04
9529,47.644157,0,6.712518e-04
9530,47.649157,0,6.856290e-04
9531,47.654157,0,6.900369e-04
9532,47.659157,0,6.928989e-04
9533,47.664157,0,6.963982e-04
9534,47.669157,0,7.008790e-04
9535,47.674157,0,7.062280e-04
9536,47.679157,0,7.122610e-04
9537,47.684157,0,7.188163e-04
9538,47.689157,0,7.257697e-04
9539,47.694157,0,7.330298e-04
9540,47.699157,0,7.405312e-04
9541,47.704157,0,7.482265e-04
9542,47.709157,0,7.560820e-04
9543,47.714157,0,7.640734e-04
9544,47.719157,0,7.721828e-04
9545,47.724157,0,7.803974e-04
9546,47.729157,0,7.887075e-04
9547,47.734157,0,7.971061e-04
9548,47.739157,0,8.055877e-04
9549,47.744157,0,8.141482e-04
9550,47.749157,0,8.227843e-04
9551,47.754157,0,8.314935e-04
9552,47.759157,0,8.402736e-04
9553,47.764157,0,8.491227e-04
9554,47.769157,0,8.580393e-04
9555,47.774157,0,8.670217e-04
9556,47.779157,0,8.760688e-04
9557,47.784157,0,8.851789e-04
9558,47.789157,0,8.943509e-04
9559,47.794157,0,9.035833e-04
9560,47.799157,0,9.128747e-04
9561,47.804157,0,9.222237e-04
9562,47.809157,0,9.316289e-04
9563,47.814157,0,9.410888e-04
9564,47.819157,0,9.506020e-04
9565,47.824157,0,9.601669e-04
9566,47.829157,0,9.697820e-04
9567,47.834157,0,9.794459e-04
9568,47.839157,0,9.891570e-04
9569,47.844157,0,9.989139e-04
9570,47.849157,1,8.789716e-04
9571,47.854157,0,9.646718e-04
9572,47.859157,0,8.549494e-04
9573,47.864157,0,8.277723e-04
9574,47.869157,0,9.949789e-04
9575,47.874157,1,8.125533e-04
9576,47.879157,1,7.263059e-04
9577,47.884157,0,9.703800e-04
9578,47.889157,1,9.890643e-04
9579,47.894157,0,9.266687e-04
9580,47.899157,0,9.296656e-04
9581,47.904157,0,8.500050e-04
9582,47.909157,1,6.905803e-04
9583,47.914157,0,9.009851e-04
9584,47.919157,0,7.652123e-04
9585,47.924157,1,7.549347e-04
9586,47.929157,0,7.532136e-04
9587,47.934157,0,9.174011e-04
9588,47.939157,0,8.780194e-04
9589,47.944157,0,9.909523e-04
9590,47.949157,1,7.791122e-04
9591,47.954157,0,7.964662e-04
9592,47.959157,0,9.660570e-04
9593,47.964157,0,8.001998e-04
9594,47.969157,1,7.365065e-04
9595,47.974157,0,8.258561e-04
9596,47.979157,0,9.370232e-04
9597,47.984157,2,7.627517e-04
9598,47.989157,1,6.248498e-04
9599,47.994157,0,9.688747e-04
9600,47.999157,1,8.882194e-04
9601,48.004157,0,9.546815e-04
9602,48.009157,0,9.860983e-04
9603,48.014157,1,9.674588e-04
9604,48.019157,0,9.373861e-04
9605,48.024157,0,7.881567e-04
9606,48.029157,0,8.507394e-04
9607,48.034157,0,9.707963e-04
9608,48.039157,0,8.568601e-04
9609,48.044157,0,8.644408e-04
9610,48.049157,1,6.874322e-04
9611,48.054157,0,9.920846e-04
9612,48.059157,1,9.229942e-04
9613,48.064157,1,7.346600e-04
9614,48.069157,0,7.885064e-04
9615,48.074157,0,8.544381e-04
9616,48.079157,0,9.365485e-04
9617,48.084157,0,9.940212e-04
9618,48.089157,0,8.987049e-04
9619,48.094157,0,9.682061e-04
9620,48.099157,0,9.137151e-04
9621,48.104157,0,9.348119e-04
9622,48.109157,0,9.948177e-04
9623,48.114157,0,9.568300e-04
9624,48.119157,1,8.594268e-04
9625,48.124157,2,8.546920e-04
9626,48.129157,0,9.695660e-04
9627,48.134157,0,9.429588e-04
9628,48.139157,2,8.627904e-04
9629,48.144157,2,9.698186e-04
9630,48.149157,1,7.861134e-04
9631,48.154157,0,8.563133e-04
9632,48.159157,0,9.680255e-04
9633,48.164157,0,9.174256e-04
9634,48.169157,0,9.839695e-04
9635,48.174157,0,9.453434e-04
9636,48.179157,0,9.785600e-04
9637,48.184157,0,8.308263e-04
9638,48.189157,0,9.366429e-04
9639,48.194157,0,9.232056e-04
9640,48.199157,2,8.171963e-04
9641,48.204157,1,8.481592e-04
9642,48.209157,1,7.816482e-04
9643,48.214157,0,8.886270e-04
9644,48.219157,0,9.743893e-04
9645,48.224157,0,7.832902e-04
9646,48.229157,3,9.649817e-04
9647,48.234157,0,9.987224e-04
9648,48.239157,2,8.346227e-04
9649,48.244157,1,8.303299e-04
9650,48.249157,0,8.218540e-04
9651,48.254157,0,9.044374e-04
9652,48.259157,0,7.868799e-04
9653,48.264157,0,8.003511e-04
9654,48.269157,0,8.397167e-04
9655,48.274157,0,8.767523e-04
9656,48.279157,0,9.131670e-04
9657,48.284157,0,9.495133e-04
9658,48.289157,0,9.860430e-04
9659,48.294157,2,9.342746e-04
9660,48.299157,1,8.088515e-04
9661,48.304157,0,8.966528e-04
9662,48.309157,0,8.335895e-04
9663,48.314157,0,9.226120e-04
9664,48.319157,2,7.050063e-04
9665,48.324157,1,7.605333e-04
9666,48.329157,0,9.882241e-04
9667,48.334157,2,7.503196e-04
9668,48.339157,0,8.561435e-04
9669,48.344157,0,9.932128e-04
9670,48.349157,1,8.669773e-04
9671,48.354157,0,8.248344e-04
9672,48.359157,1,7.066103e-04
9673,48.364157,0,9.846784e-04
9674,48.369157,0,8.094012e-04
9675,48.374157,0,9.102578e-04
9676,48.379157,0,9.694312e-04
9677,48.384157,0,9.195331e-04
9678,48.389157,0,9.863303e-04
9679,48.394157,0,6.839800e-04
9680,48.399157,0,7.413031e-04
9681,48.404157,0,7.837970e-04
9682,48.409157,0,8.232707e-04
9683,48.414157,0,8.650336e-04
9684,48.419157,0,9.081494e-04
9685,48.424157,0,9.511385e-04
9686,48.429157,0,9.930347e-04
9687,48.434157,0,8.871001e-04
9688,48.439157,1,7.865275e-04
9689,48.444157,2,9.480188e-04
9690,48.449157,1,8.301806e-04
9691,48.454157,1,9.422658e-04
9692,48.459157,0,9.717478e-04
9693,48.464157,0,9.504739e-04
9694,48.469157,0,9.940608e-04
9695,48.474157,0,7.910570e-04
9696,48.479157,1,6.536685e-04
9697,48.484157,0,9.775045e-04
9698,48.489157,4,9.412300e-04
9699,48.494157,0,6.896510e-04
9700,48.499157,1,6.480426e-04
9701,48.504157,0,9.523445e-04
9702,48.509157,1,7.994472e-04
9703,48.514157,0,9.537452e-04
9704,48.519157,0,8.211909e-04
9705,48.524157,0,8.353553e-04
9706,48.529157,0,9.058474e-04
9707,48.534157,0,9.794502e-04
9708,48.539157,0,9.369325e-04
9709,48.544157,0,9.118370e-04
9710,48.549157,1,8.655735e-04
9711,48.554157,0,7.247876e-04
9712,48.559157,0,7.215903e-04
9713,48.564157,0,8.658165e-04
9714,48.569157,0,7.727227e-04
9715,48.574157,2,9.867847e-04
9716,48.579157,0,9.668986e-04
9717,48.584157,0,8.543196e-04
9718,48.589157,0,8.608492e-04
9719,48.594157,0,9.135832e-04
9720,48.599157,0,9.896644e-04
9721,48.604157,0,8.516596e-04
9722,48.609157,1,7.834180e-04
9723,48.614157,2,8.936331e-04
9724,48.619157,0,9.687968e-04
9725,48.624157,0,8.126136e-04
9726,48.629157,0,9.024535e-04
9727,48.634157,2,9.100293e-04
9728,48.639157,1,8.581130e-04
9729,48.644157,1,6.797399e-04
9730,48.649157,0,7.929565e-04
9731,48.654157,0,8.396134e-04
9732,48.659157,0,9.357909e-04
9733,48.664157,0,9.471824e-04
9734,48.669157,0,9.836036e-04
9735,48.674157,2,8.844436e-04
9736,48.679157,0,8.747411e-04
9737,48.684157,1,9.717327e-04
9738,48.689157,0,9.392120e-04
9739,48.694157,2,8.906182e-04
9740,48.699157,1,6.997415e-04
9741,48.704157,0,7.181054e-04
9742,48.709157,0,8.404002e-04
9743,48.714157,0,9.661845e-04
9744,48.719157,2,8.530231e-04
9745,48.724157,1,6.410394e-04
9746,48.729157,0,9.781489e-04
9747,48.734157,1,6.832199e-04
9748,48.739157,0,8.054551e-04
9749,48.744157,0,9.344881e-04
9750,48.749157,0,8.352106e-04
9751,48.754157,0,8.553791e-04
9752,48.759157,0,9.027137e-04
9753,48.764157,0,9.381006e-04
9754,48.769157,0,9.690563e-04
9755,48.774157,0,9.988418e-04
9756,48.779157,0,9.928117e-04
9757,48.784157,0,8.972491e-04
9758,48.789157,0,8.808906e-04
9759,48.794157,0,8.938044e-04
9760,48.799157,0,9.059171e-04
9761,48.804157,0,9.194967e-04
9762,48.809157,0,9.344184e-04
9763,48.814157,0,9.503583e-04
9764,48.819157,0,9.670122e-04
9765,48.824157,0,9.841622e-04
9766,48.829157,0,9.881516e-04
9767,48.834157,0,7.502711e-04
9768,48.839157,0,9.968343e-04
9769,48.844157,0,7.417163e-04
9770,48.849157,1,7.258815e-04
9771,48.854157,0,9.920655e-04
9772,48.859157,2,8.467924e-04
9773,48.864157,1,8.392845e-04
9774,48.869157,1,8.799723e-04
9775,48.874157,0,9.926310e-04
9776,48.879157,0,9.698103e-04
9777,48.884157,0,9.870452e-04
9778,48.889157,0,9.452073e-04
9779,48.894157,0,9.182948e-04
9780,48.899157,1,7.216173e-04
9781,48.904157,0,8.213017e-04
9782,48.909157,0,8.766579e-04
9783,48.914157,1,7.737451e-04
9784,48.919157,0,8.325538e-04
9785,48.924157,0,9.753466e-04
9786,48.929157,0,8.723272e-04
9787,48.934157,2,8.850647e-04
9788,48.939157,1,8.104928e-04
9789,48.944157,1,7.339280e-04
9790,48.949157,0,7.553630e-04
9791,48.954157,0,7.929984e-04
9792,48.959157,0,8.801287e-04
9793,48.964157,0,9.650992e-04
9794,48.969157,4,9.677380e-04
9795,48.974157,0,7.438936e-04
9796,48.979157,1,8.738203e-04
9797,48.984157,1,8.705565e-04
9798,48.989157,0,9.691411e-04
9799,48.994157,0,8.095147e-04
9800,48.999157,0,8.281024e-04
9801,49.004157,0,8.965474e-04
9802,49.009157,0,9.699483e-04
9803,49.014157,0,9.339240e-04
9804,49.019157,0,7.267108e-04
9805,49.024157,1,9.200350e-04
9806,49.029157,5,9.200398e-04
9807,49.034157,2,8.745036e-04
9808,49.039157,1,9.895119e-04
9809,49.044157,4,8.732993e-04
9810,49.049157,1,7.614428e-04
9811,49.054157,2,8.674746e-04
9812,49.059157,0,8.965052e-04
9813,49.064157,0,8.765977e-04
9814,49.069157,0,9.793477e-04
9815,49.074157,0,9.371365e-04
9816,49.079157,0,9.913240e-04
9817,49.084157,2,6.892469e-04
9818,49.089157,1,7.984384e-04
9819,49.094157,0,9.326832e-04
9820,49.099157,0,9.802625e-04
9821,49.104157,2,8.426000e-04
9822,49.109157,1,8.352894e-04
9823,49.114157,1,8.214475e-04
9824,49.119157,0,9.786637e-04
9825,49.124157,0,9.953170e-04
9826,49.129157,0,8.967471e-04
9827,49.134157,0,8.921703e-04
9828,49.139157,0,9.322968e-04
9829,49.144157,0,9.774320e-04
9830,49.149157,2,8.425423e-04
9831,49.154157,2,9.069462e-04
9832,49.159157,1,6.722241e-04
9833,49.164157,0,8.424865e-04
9834,49.169157,0,8.992725e-04
9835,49.174157,0,9.036328e-04
9836,49.179157,0,9.410471e-04
9837,49.184157,0,9.941851e-04
9838,49.189157,3,8.968522e-04
9839,49.194157,2,9.118914e-04
9840,49.199157,2,9.328716e-04
9841,49.204157,2,9.589700e-04
9842,49.209157,1,6.264333e-04
9843,49.214157,0,9.194650e-04
9844,49.219157,0,8.013154e-04
9845,49.224157,0,9.276152e-04
9846,49.229157,0,6.311568e-04
9847,49.234157,0,6.937461e-04
9848,49.239157,0,7.698498e-04
9849,49.244157,0,8.274866e-04
9850,49.249157,0,8.800215e-04
9851,49.254157,0,9.318747e-04
9852,49.259157,0,9.841551e-04
9853,49.264157,0,6.624184e-04
9854,49.269157,2,9.804036e-04
9855,49.274157,1,8.436738e-04
9856,49.279157,0,9.149713e-04
9857,49.284157,0,7.981253e-04
9858,49.289157,0,9.023223e-04
9859,49.294157,2,7.935509e-04
9860,49.299157,1,6.120282e-04
9861,49.304157,0,9.455821e-04
9862,49.309157,1,6.469371e-04
9863,49.314157,0,8.820967e-04
9864,49.319157,0,9.640897e-04
9865,49.324157,0,7.413048e-04
9866,49.329157,0,7.207479e-04
9867,49.334157,0,7.529050e-04
9868,49.339157,0,7.862009e-04
9869,49.344157,0,8.214583e-04
9870,49.349157,0,8.586764e-04
9871,49.354157,0,8.976518e-04
9872,49.359157,0,9.380075e-04
9873,49.364157,0,9.793759e-04
9874,49.369157,0,7.534715e-04
9875,49.374157,1,7.520629e-04
9876,49.379157,1,9.074782e-04
9877,49.384157,3,9.924676e-04
9878,49.389157,1,5.122506e-04
9879,49.394157,0,8.662021e-04
9880,49.399157,3,6.938610e-04
9881,49.404157,0,9.088312e-04
9882,49.409157,0,9.983117e-04
9883,49.414157,2,5.728095e-04
9884,49.419157,1,7.510988e-04
9885,49.424157,0,8.945742e-04
9886,49.429157,0,9.966338e-04
9887,49.434157,2,7.143418e-04
9888,49.439157,1,6.956831e-04
9889,49.444157,0,9.309978e-04
9890,49.449157,0,9.363987e-04
9891,49.454157,2,5.580503e-04
9892,49.459157,0,9.669647e-04
9893,49.464157,2,7.638886e-04
9894,49.469157,0,7.403241e-04
9895,49.474157,0,9.894166e-04
9896,49.479157,1,6.994108e-04
9897,49.484157,0,8.517881e-04
9898,49.489157,0,8.500837e-04
9899,49.494157,0,9.403684e-04
9900,49.499157,0,8.957293e-04
9901,49.504157,0,9.348138e-04
9902,49.509157,0,9.773783e-04
9903,49.514157,0,8.795983e-04
9904,49.519157,0,9.210935e-04
9905,49.524157,0,9.524667e-04
9906,49.529157,0,9.778497e-04
9907,49.534157,0,9.525184e-04
9908,49.539157,0,9.810328e-04
9909,49.544157,0,9.930056e-04
9910,49.549157,0,9.979049e-04
9911,49.554157,0,8.045259e-04
9912,49.559157,0,8.389098e-04
9913,49.564157,0,8.619883e-04
9914,49.569157,0,8.793266e-04
9915,49.574157,0,8.983056e-04
9916,49.579157,0,9.198536e-04
9917,49.584157,0,9.435598e-04
9918,49.589157,0,9.688191e-04
9919,49.594157,0,9.950934e-04
9920,49.599157,1,8.493445e-04
9921,49.604157,0,7.965449e-04
9922,49.609157,0,7.041366e-04
9923,49.614157,2,8.875447e-04
9924,49.619157,1,9.290114e-04
9925,49.624157,1,9.747402e-04
9926,49.629157,1,9.381798e-04
9927,49.634157,2,9.583927e-04
9928,49.639157,1,8.669808e-04
9929,49.644157,1,9.577641e-04
9930,49.649157,0,9.868798e-04
9931,49.654157,0,9.184564e-04
9932,49.659157,0,9.473786e-04
9933,49.664157,0,8.301522e-04
9934,49.669157,0,6.944836e-04
9935,49.674157,0,9.897915e-04
9936,49.679157,0,9.192590e-04
9937,49.684157,1,8.847882e-04
9938,49.689157,0,7.955065e-04
9939,49.694157,0,7.800537e-04
9940,49.699157,0,9.298286e-04
9941,49.704157,1,8.909179e-04
9942,49.709157,4,9.812832e-04
9943,49.714157,1,9.190465e-04
9944,49.719157,0,9.878046e-04
9945,49.724157,0,8.781117e-04
9946,49.729157,0,9.850014e-04
9947,49.734157,4,9.945097e-04
9948,49.739157,1,9.389087e-04
9949,49.744157,3,9.310645e-04
9950,49.749157,1,8.734389e-04
9951,49.754157,1,8.229249e-04
9952,49.759157,0,9.749944e-04
9953,49.764157,0,8.856807e-04
9954,49.769157,0,8.834301e-04
9955,49.774157,0,9.468617e-04
9956,49.779157,2,9.358904e-04
9957,49.784157,1,8.820990e-04
9958,49.789157,0,9.701025e-04
9959,49.794157,2,9.321866e-04
9960,49.799157,1,6.355755e-04
9961,49.804157,0,8.655341e-04
9962,49.809157,0,9.196089e-04
9963,49.814157,2,6.551524e-04
9964,49.819157,1,8.523728e-04
9965,49.824157,1,7.383643e-04
9966,49.829157,0,9.050919e-04
9967,49.834157,0,8.503444e-04
9968,49.839157,0,8.729510e-04
9969,49.844157,0,9.503049e-04
9970,49.849157,0,7.090029e-04
9971,49.854157,1,7.990342e-04
9972,49.859157,1,8.861448e-04
9973,49.864157,1,9.357817e-04
9974,49.869157,0,9.595120e-04
9975,49.874157,0,9.197098e-04
9976,49.879157,0,9.779459e-04
9977,49.884157,0,8.156368e-04
9978,49.889157,1,5.238882e-04
9979,49.894157,3,7.386037e-04
9980,49.899157,2,8.509714e-04
9981,49.904157,0,7.017126e-04
9982,49.909157,0,7.695000e-04
9983,49.914157,0,8.771146e-04
9984,49.919157,0,9.902257e-04
9985,49.924157,2,8.037551e-04
9986,49.929157,1,7.796906e-04
9987,49.934157,0,9.326407e-04
9988,49.939157,1,8.884200e-04
9989,49.944157,0,8.941908e-04
9990,49.949157,0,7.705279e-04
9991,49.954157,0,8.543024e-04
9992,49.959157,0,9.454483e-04
9993,49.964157,2,7.116021e-04
9994,49.969157,0,9.971465e-04
9995,49.974157,0,9.490282e-04
9996,49.979157,1,8.610941e-04
9997,49.984157,0,7.104140e-04
9998,49.989157,1,6.077959e-04
9999,49.994157,0,9.159811e-04
10000,49.999157,1,5.683277e-04
10001,50.004157,0,9.586948e-04
