timestep,t,sor_iters,residual
1,0.050000,0,1.580309e-05
2,1.000000,1,7.488242e-05
3,1.500000,1,9.848662e-05
4,2.000000,1,9.548306e-05
5,2.500000,1,9.851446e-05
6,3.000000,1,9.893675e-05
7,3.500000,1,9.600751e-05
8,4.000000,1,9.356494e-05
9,4.500000,1,8.590409e-05
10,5.000000,1,9.649316e-05
11,5.500000,1,8.921996e-05
12,6.000000,1,9.884999e-05
13,6.500000,1,9.692807e-05
14,7.000000,1,8.992990e-05
15,7.500000,1,9.162322e-05
16,8.000000,1,8.856297e-05
17,8.500000,1,9.897236e-05
18,9.000000,1,9.695939e-05
19,9.500000,1,9.229177e-05
20,10.000000,1,9.842315e-05
21,10.500000,1,9.694658e-05
22,11.000000,1,9.443434e-05
23,11.500000,1,9.264308e-05
24,12.000000,1,8.923095e-05
25,12.500000,1,9.594983e-05
26,13.000000,1,9.998824e-05
27,13.500000,1,9.778819e-05
28,14.000000,1,9.395927e-05
29,14.500000,1,9.541052e-05
30,15.000000,1,9.980886e-05
31,15.500000,1,9.458430e-05
32,16.000000,1,8.966229e-05
33,16.500000,1,9.313624e-05
34,17.000000,1,9.000291e-05
35,17.500000,1,9.979747e-05
36,18.000000,1,8.533008e-05
37,18.500000,1,9.525978e-05
38,19.000000,1,9.597995e-05
39,19.500000,1,9.716922e-05
40,20.000000,1,9.693264e-05
41,20.500000,1,9.697686e-05
42,21.000000,1,9.782836e-05
43,21.500000,1,9.421023e-05
44,22.000000,1,9.176340e-05
45,22.500000,1,9.235054e-05
46,23.000000,1,9.346100e-05
47,23.500000,1,9.499269e-05
48,24.000000,1,9.663713e-05
49,24.500000,1,9.826130e-05
50,25.000000,1,9.973871e-05
51,25.500000,1,9.030445e-05
52,26.000000,1,8.865643e-05
53,26.500000,1,8.735705e-05
54,27.000000,1,8.486765e-05
55,27.500000,1,9.799449e-05
56,28.000000,1,9.993139e-05
57,28.500000,1,8.721103e-05
58,29.000000,1,7.933812e-05
59,29.500000,1,9.267282e-05
60,30.000000,1,8.690538e-05
61,30.500000,1,8.818451e-05
62,31.000000,1,9.171310e-05
63,31.500000,1,9.720575e-05
64,32.000000,1,9.428433e-05
65,32.500000,1,9.736993e-05
66,33.000000,1,9.331314e-05
67,33.500000,1,9.583200e-05
68,34.000000,1,9.170371e-05
69,34.500000,1,9.460380e-05
70,35.000000,1,9.088895e-05
71,35.500000,1,9.448690e-05
72,36.000000,1,9.118455e-05
73,36.500000,1,9.534384e-05
74,37.000000,1,9.223378e-05
75,37.500000,1,8.868971e-05
76,38.000000,1,9.261197e-05
77,38.500000,1,9.013825e-05
78,39.000000,1,8.743143e-05
79,39.500000,1,9.247139e-05
80,40.000000,1,9.057354e-05
81,40.500000,1,8.807708e-05
82,41.000000,1,9.897334e-05
83,41.500000,1,9.134900e-05
84,42.000000,1,9.288426e-05
85,42.500000,1,8.933881e-05
86,43.000000,1,8.667803e-05
87,43.500000,1,9.899922e-05
88,44.000000,1,9.122446e-05
89,44.500000,1,9.915687e-05
90,45.000000,1,9.052424e-05
91,45.500000,1,9.752367e-05
92,46.000000,1,8.923193e-05
93,46.500000,1,9.705504e-05
94,47.000000,1,8.908120e-05
95,47.500000,1,9.766386e-05
96,48.000000,1,8.977285e-05
97,48.500000,1,9.866376e-05
98,49.000000,1,9.073686e-05
99,49.500000,1,9.961045e-05
100,50.000000,1,9.159931e-05
101,50.500000,1,8.536783e-05
102,51.000000,1,9.791196e-05
103,51.500000,1,9.101753e-05
104,52.000000,1,8.590896e-05
105,52.500000,1,9.938462e-05
106,53.000000,1,8.650526e-05
107,53.500000,1,8.917761e-05
108,54.000000,1,8.812199e-05
109,54.500000,1,8.825393e-05
110,55.000000,1,8.807529e-05
111,55.500000,1,8.769344e-05
112,56.000000,1,8.720533e-05
113,56.500000,1,8.669967e-05
114,57.000000,1,8.623029e-05
115,57.500000,1,8.581277e-05
116,58.000000,1,8.543821e-05
117,58.500000,1,8.508737e-05
118,59.000000,1,9.691836e-05
119,59.500000,1,9.655515e-05
120,60.000000,1,9.331890e-05
121,60.500000,1,8.486802e-05
122,61.000000,1,9.316317e-05
123,61.500000,1,8.570250e-05
124,62.000000,1,9.690336e-05
125,62.500000,1,8.471502e-05
126,63.000000,1,9.720874e-05
127,63.500000,1,8.698973e-05
128,64.000000,1,9.750242e-05
129,64.500000,1,9.472403e-05
130,65.000000,1,8.862743e-05
131,65.500000,1,9.566297e-05
132,66.000000,1,9.520040e-05
133,66.500000,1,9.320005e-05
134,67.000000,1,8.675343e-05
135,67.500000,1,9.501131e-05
136,68.000000,1,9.560075e-05
137,68.500000,1,9.217541e-05
138,69.000000,1,8.529158e-05
139,69.500000,1,9.329410e-05
140,70.000000,1,9.348588e-05
141,70.500000,1,8.691585e-05
142,71.000000,1,9.607240e-05
143,71.500000,1,9.385125e-05
144,72.000000,1,8.831550e-05
145,72.500000,1,8.043124e-05
146,73.000000,1,9.501964e-05
147,73.500000,1,9.410322e-05
148,74.000000,1,8.312390e-05
149,74.500000,1,9.549192e-05
150,75.000000,1,8.227746e-05
151,75.500000,1,9.088369e-05
152,76.000000,1,8.525502e-05
153,76.500000,1,9.514599e-05
154,77.000000,1,8.966538e-05
155,77.500000,1,7.976389e-05
156,78.000000,1,9.302620e-05
157,78.500000,1,8.652212e-05
158,79.000000,1,9.421057e-05
159,79.500000,1,8.387879e-05
160,80.000000,1,9.473480e-05
161,80.500000,1,9.769926e-05
162,81.000000,1,9.751375e-05
163,81.500000,2,9.822531e-05
164,82.000000,1,8.260942e-05
165,82.500000,1,7.710917e-05
166,83.000000,1,9.058925e-05
167,83.500000,1,8.395869e-05
168,84.000000,1,9.774019e-05
169,84.500000,1,9.128248e-05
170,85.000000,1,7.886100e-05
171,85.500000,1,8.696594e-05
172,86.000000,1,7.851232e-05
173,86.500000,1,9.024443e-05
174,87.000000,1,8.103006e-05
175,87.500000,1,9.173840e-05
176,88.000000,1,8.110888e-05
177,88.500000,1,9.101370e-05
178,89.000000,1,8.016394e-05
179,89.500000,1,9.009504e-05
180,90.000000,1,7.948002e-05
181,90.500000,1,8.967727e-05
182,91.000000,1,7.924898e-05
183,91.500000,1,8.968964e-05
184,92.000000,1,7.937562e-05
185,92.500000,1,9.005263e-05
186,93.000000,1,7.984201e-05
187,93.500000,1,9.733731e-05
188,94.000000,1,9.370083e-05
189,94.500000,1,8.185426e-05
190,95.000000,1,9.423903e-05
191,95.500000,1,9.646851e-05
192,96.000000,1,9.613266e-05
193,96.500000,1,9.608372e-05
194,97.000000,1,9.940016e-05
195,97.500000,1,9.329229e-05
196,98.000000,1,9.970034e-05
197,98.500000,1,9.931573e-05
198,99.000000,1,8.313332e-05
199,99.500000,1,8.920527e-05
200,100.000000,1,9.920805e-05
201,100.500000,1,9.599844e-05
202,101.000000,1,9.914820e-05
203,101.500000,1,8.563200e-05
204,102.000000,1,9.867847e-05
205,102.500000,1,9.550291e-05
206,103.000000,1,7.923168e-05
207,103.500000,1,9.466520e-05
208,104.000000,1,9.782269e-05
209,104.500000,1,7.808342e-05
210,105.000000,1,9.426591e-05
211,105.500000,1,9.358611e-05
212,106.000000,1,7.885429e-05
213,106.500000,1,9.472549e-05
214,107.000000,1,9.859244e-05
215,107.500000,1,7.789691e-05
216,108.000000,1,9.362377e-05
217,108.500000,1,9.238627e-05
218,109.000000,1,7.782701e-05
219,109.500000,1,9.440413e-05
220,110.000000,1,9.808334e-05
221,110.500000,1,7.864388e-05
222,111.000000,1,9.662485e-05
223,111.500000,1,9.495878e-05
224,112.000000,1,8.091040e-05
225,112.500000,1,9.951717e-05
226,113.000000,1,7.984578e-05
227,113.500000,1,9.307333e-05
228,114.000000,1,9.296759e-05
229,114.500000,1,9.007106e-05
230,115.000000,1,9.698393e-05
231,115.500000,1,8.510402e-05
232,116.000000,1,8.624169e-05
233,116.500000,1,8.575553e-05
234,117.000000,1,9.272726e-05
235,117.500000,1,9.643422e-05
236,118.000000,1,9.977854e-05
237,118.500000,1,8.321844e-05
238,119.000000,1,8.725097e-05
239,119.500000,1,8.765187e-05
240,120.000000,1,9.177048e-05
241,120.500000,1,9.664837e-05
242,121.000000,1,9.689542e-05
243,121.500000,1,9.125897e-05
244,122.000000,1,9.552146e-05
245,122.500000,1,9.820656e-05
246,123.000000,1,9.036823e-05
247,123.500000,1,9.015154e-05
248,124.000000,1,9.123236e-05
249,124.500000,1,9.407494e-05
250,125.000000,1,9.902334e-05
251,125.500000,1,9.036364e-05
252,126.000000,1,9.139661e-05
253,126.500000,1,8.598527e-05
254,127.000000,1,9.051976e-05
255,127.500000,1,9.945061e-05
256,128.000000,1,8.460833e-05
257,128.500000,1,8.527414e-05
258,129.000000,2,9.901708e-05
259,129.500000,1,9.211556e-05
260,130.000000,1,9.542234e-05
261,130.500000,1,9.565730e-05
262,131.000000,1,9.606677e-05
263,131.500000,1,9.000083e-05
264,132.000000,1,9.378518e-05
265,132.500000,1,9.787816e-05
266,133.000000,1,8.841232e-05
267,133.500000,1,8.952552e-05
268,134.000000,1,9.344358e-05
269,134.500000,1,9.277879e-05
270,135.000000,1,9.415574e-05
271,135.500000,1,9.390249e-05
272,136.000000,1,9.453974e-05
273,136.500000,1,9.361386e-05
274,137.000000,1,9.439033e-05
275,137.500000,1,9.339339e-05
276,138.000000,1,9.430842e-05
277,138.500000,1,9.316618e-05
278,139.000000,1,9.446289e-05
279,139.500000,1,9.313902e-05
280,140.000000,1,9.499322e-05
281,140.500000,1,9.358940e-05
282,141.000000,1,9.547688e-05
283,141.500000,1,9.392820e-05
284,142.000000,1,9.605517e-05
285,142.500000,1,9.431463e-05
286,143.000000,1,9.631576e-05
287,143.500000,1,9.426198e-05
288,144.000000,1,9.477323e-05
289,144.500000,1,9.766622e-05
290,145.000000,1,9.814457e-05
291,145.500000,1,9.813746e-05
292,146.000000,1,8.577721e-05
293,146.500000,1,8.181265e-05
294,147.000000,1,9.496629e-05
295,147.500000,2,9.753806e-05
296,148.000000,1,9.950857e-05
297,148.500000,1,9.951684e-05
298,149.000000,1,9.177818e-05
299,149.500000,1,9.040494e-05
300,150.000000,1,9.142880e-05
301,150.500000,1,9.815059e-05
302,151.000000,1,8.878003e-05
303,151.500000,1,9.378467e-05
304,152.000000,1,8.196261e-05
305,152.500000,1,9.231141e-05
306,153.000000,1,8.835639e-05
307,153.500000,1,9.604023e-05
308,154.000000,1,9.561583e-05
309,154.500000,1,9.391609e-05
310,155.000000,1,9.056792e-05
311,155.500000,1,8.714594e-05
312,156.000000,1,8.892385e-05
313,156.500000,1,8.812100e-05
314,157.000000,1,9.942023e-05
315,157.500000,1,9.582840e-05
316,158.000000,1,9.831208e-05
317,158.500000,1,8.453511e-05
318,159.000000,1,9.985429e-05
319,159.500000,1,9.868267e-05
320,160.000000,1,9.838922e-05
321,160.500000,1,9.837292e-05
322,161.000000,1,9.136956e-05
323,161.500000,1,8.422137e-05
324,162.000000,1,9.068051e-05
325,162.500000,1,8.908075e-05
326,163.000000,1,8.362726e-05
327,163.500000,1,8.159871e-05
328,164.000000,1,8.214097e-05
329,164.500000,1,9.143213e-05
330,165.000000,1,8.905785e-05
331,165.500000,1,8.389487e-05
332,166.000000,2,9.936940e-05
333,166.500000,1,8.231947e-05
334,167.000000,1,9.478125e-05
335,167.500000,1,9.130227e-05
336,168.000000,1,8.473645e-05
337,168.500000,1,7.747168e-05
338,169.000000,0,9.977967e-05
339,169.500000,1,8.726123e-05
340,170.000000,1,8.934341e-05
341,170.500000,1,9.963155e-05
342,171.000000,1,9.161838e-05
343,171.500000,1,9.198916e-05
344,172.000000,1,8.932604e-05
345,172.500000,1,8.746396e-05
346,173.000000,1,9.952263e-05
347,173.500000,1,8.904484e-05
348,174.000000,1,9.221771e-05
349,174.500000,1,8.779655e-05
350,175.000000,1,8.559246e-05
351,175.500000,1,9.791616e-05
352,176.000000,1,8.836341e-05
353,176.500000,1,9.194463e-05
354,177.000000,1,8.705760e-05
355,177.500000,1,8.467031e-05
356,178.000000,1,9.733440e-05
357,178.500000,1,8.752088e-05
358,179.000000,1,9.107643e-05
359,179.500000,1,9.944250e-05
360,180.000000,1,9.227308e-05
361,180.500000,1,9.521772e-05
362,181.000000,1,8.822250e-05
363,181.500000,1,8.260941e-05
364,182.000000,1,8.331540e-05
365,182.500000,1,9.815703e-05
366,183.000000,1,8.631648e-05
367,183.500000,1,9.058151e-05
368,184.000000,1,9.414006e-05
369,184.500000,1,8.542872e-05
370,185.000000,2,9.956087e-05
371,185.500000,2,9.390704e-05
372,186.000000,1,9.504033e-05
373,186.500000,1,9.523823e-05
374,187.000000,1,9.512541e-05
375,187.500000,1,9.578899e-05
376,188.000000,1,8.735217e-05
377,188.500000,1,8.041371e-05
378,189.000000,1,8.044478e-05
379,189.500000,1,9.410883e-05
380,190.000000,1,9.890744e-05
381,190.500000,1,9.955338e-05
382,191.000000,1,9.413518e-05
383,191.500000,1,8.561934e-05
384,192.000000,1,8.339270e-05
385,192.500000,2,9.818929e-05
386,193.000000,1,9.881124e-05
387,193.500000,1,8.032664e-05
388,194.000000,0,9.673672e-05
389,194.500000,1,9.563569e-05
390,195.000000,1,9.410120e-05
391,195.500000,1,8.595998e-05
392,196.000000,1,8.043424e-05
393,196.500000,1,7.818278e-05
394,197.000000,1,8.172147e-05
395,197.500000,1,9.507137e-05
396,198.000000,1,8.377469e-05
397,198.500000,1,8.540748e-05
398,199.000000,1,8.932188e-05
399,199.500000,1,8.988053e-05
400,200.000000,1,8.521317e-05
401,200.500000,0,9.987575e-05
402,201.000000,1,9.554872e-05
403,201.500000,2,9.849314e-05
404,202.000000,1,9.899050e-05
405,202.500000,1,9.674406e-05
406,203.000000,1,9.130805e-05
407,203.500000,1,9.201448e-05
408,204.000000,2,8.406876e-05
409,204.500000,1,8.818861e-05
410,205.000000,1,9.381440e-05
411,205.500000,1,8.803352e-05
412,206.000000,1,7.826682e-05
413,206.500000,2,8.976898e-05
414,207.000000,1,9.670420e-05
415,207.500000,1,9.153558e-05
416,208.000000,1,8.148916e-05
417,208.500000,0,9.546671e-05
418,209.000000,1,9.064196e-05
419,209.500000,1,8.623175e-05
420,210.000000,1,7.980101e-05
421,210.500000,0,9.673830e-05
422,211.000000,1,8.393115e-05
423,211.500000,0,9.020913e-05
424,212.000000,1,8.657981e-05
425,212.500000,1,8.048211e-05
426,213.000000,1,7.827063e-05
427,213.500000,1,9.033935e-05
428,214.000000,1,9.410389e-05
429,214.500000,1,9.449385e-05
430,215.000000,1,8.585135e-05
431,215.500000,0,9.926137e-05
432,216.000000,1,8.893628e-05
433,216.500000,1,8.404014e-05
434,217.000000,1,8.216810e-05
435,217.500000,1,8.579595e-05
436,218.000000,1,9.527150e-05
437,218.500000,1,8.737101e-05
438,219.000000,1,8.595091e-05
439,219.500000,1,8.892842e-05
440,220.000000,1,8.942180e-05
441,220.500000,1,8.451843e-05
442,221.000000,0,9.624881e-05
443,221.500000,1,8.106766e-05
444,222.000000,0,9.028882e-05
445,222.500000,1,8.551036e-05
446,223.000000,1,9.070414e-05
447,223.500000,1,8.514433e-05
448,224.000000,2,9.117974e-05
449,224.500000,1,9.531823e-05
450,225.000000,1,9.973759e-05
451,225.500000,1,9.819118e-05
452,226.000000,1,9.594777e-05
453,226.500000,1,9.178330e-05
454,227.000000,1,9.254475e-05
455,227.500000,2,9.872316e-05
456,228.000000,1,8.599736e-05
457,228.500000,1,8.977743e-05
458,229.000000,1,8.620738e-05
459,229.500000,1,8.540393e-05
460,230.000000,1,9.476303e-05
461,230.500000,1,8.408586e-05
462,231.000000,1,8.180447e-05
463,231.500000,1,8.218753e-05
464,232.000000,1,9.518923e-05
465,232.500000,1,9.418700e-05
466,233.000000,1,9.720362e-05
467,233.500000,1,9.012597e-05
468,234.000000,1,9.222690e-05
469,234.500000,2,8.979436e-05
470,235.000000,1,9.608167e-05
471,235.500000,1,9.436015e-05
472,236.000000,1,8.347273e-05
473,236.500000,1,9.343376e-05
474,237.000000,1,9.501233e-05
475,237.500000,2,9.453059e-05
476,238.000000,1,8.749419e-05
477,238.500000,1,9.419319e-05
478,239.000000,1,9.359187e-05
479,239.500000,1,9.766131e-05
480,240.000000,1,9.345183e-05
481,240.500000,2,9.693564e-05
482,241.000000,1,9.896238e-05
483,241.500000,1,9.708300e-05
484,242.000000,1,9.353664e-05
485,242.500000,1,9.461375e-05
486,243.000000,1,9.775079e-05
487,243.500000,1,8.098198e-05
488,244.000000,0,9.448467e-05
489,244.500000,1,9.429314e-05
490,245.000000,1,9.268831e-05
491,245.500000,1,9.564868e-05
492,246.000000,2,9.937462e-05
493,246.500000,1,8.720734e-05
494,247.000000,1,9.483778e-05
495,247.500000,1,9.273744e-05
496,248.000000,1,9.312814e-05
497,248.500000,1,8.602116e-05
498,249.000000,2,9.647198e-05
499,249.500000,1,9.390888e-05
500,250.000000,1,9.836913e-05
501,250.500000,1,9.654558e-05
502,251.000000,1,9.817745e-05
503,251.500000,1,9.328892e-05
504,252.000000,2,8.619405e-05
505,252.500000,1,8.506063e-05
506,253.000000,1,8.665033e-05
507,253.500000,1,9.751035e-05
508,254.000000,1,8.763925e-05
509,254.500000,1,8.909808e-05
510,255.000000,1,8.930048e-05
511,255.500000,1,9.179288e-05
512,256.000000,1,8.807765e-05
513,256.500000,0,9.743740e-05
514,257.000000,1,8.225023e-05
515,257.500000,2,8.466039e-05
516,258.000000,1,7.879816e-05
517,258.500000,1,8.064296e-05
518,259.000000,0,9.843652e-05
519,259.500000,1,9.539005e-05
520,260.000000,1,9.523149e-05
521,260.500000,1,9.626136e-05
522,261.000000,1,8.617274e-05
523,261.500000,0,9.435117e-05
524,262.000000,1,9.898017e-05
525,262.500000,1,9.440991e-05
526,263.000000,1,8.958024e-05
527,263.500000,1,8.313348e-05
528,264.000000,0,9.846177e-05
529,264.500000,1,9.476073e-05
530,265.000000,1,8.772340e-05
531,265.500000,1,8.870161e-05
532,266.000000,1,9.601238e-05
533,266.500000,1,9.475276e-05
534,267.000000,1,9.461841e-05
535,267.500000,1,8.586671e-05
536,268.000000,1,8.186529e-05
537,268.500000,0,9.860882e-05
538,269.000000,1,9.649675e-05
539,269.500000,1,9.489588e-05
540,270.000000,1,9.494363e-05
541,270.500000,1,9.387003e-05
542,271.000000,1,9.347886e-05
543,271.500000,2,9.802058e-05
544,272.000000,1,9.768792e-05
545,272.500000,1,8.489635e-05
546,273.000000,1,8.450886e-05
547,273.500000,1,9.862185e-05
548,274.000000,1,9.639034e-05
549,274.500000,1,9.427391e-05
550,275.000000,1,9.528286e-05
551,275.500000,1,9.632731e-05
552,276.000000,1,8.828142e-05
553,276.500000,0,9.539364e-05
554,277.000000,1,9.089572e-05
555,277.500000,1,9.570335e-05
556,278.000000,1,9.248827e-05
557,278.500000,2,9.700166e-05
558,279.000000,1,9.166044e-05
559,279.500000,2,9.796694e-05
560,280.000000,1,9.109771e-05
561,280.500000,1,9.917113e-05
562,281.000000,1,9.613148e-05
563,281.500000,1,9.490977e-05
564,282.000000,1,9.215154e-05
565,282.500000,1,8.688347e-05
566,283.000000,1,8.483367e-05
567,283.500000,2,9.293462e-05
568,284.000000,1,8.928739e-05
569,284.500000,1,9.628065e-05
570,285.000000,1,9.076167e-05
571,285.500000,0,9.927157e-05
572,286.000000,1,9.894718e-05
573,286.500000,1,9.612399e-05
574,287.000000,1,9.814886e-05
575,287.500000,1,9.243633e-05
576,288.000000,2,9.152470e-05
577,288.500000,1,8.512464e-05
578,289.000000,1,9.061717e-05
579,289.500000,1,8.705904e-05
580,290.000000,0,9.786251e-05
581,290.500000,1,8.862432e-05
582,291.000000,0,9.306995e-05
583,291.500000,1,9.808588e-05
584,292.000000,1,9.196265e-05
585,292.500000,1,9.343458e-05
586,293.000000,1,8.914963e-05
587,293.500000,2,9.780365e-05
588,294.000000,1,8.448939e-05
589,294.500000,1,9.503892e-05
590,295.000000,1,9.196000e-05
591,295.500000,1,8.956529e-05
592,296.000000,1,9.309818e-05
593,296.500000,1,8.594274e-05
594,297.000000,0,9.025658e-05
595,297.500000,1,9.616675e-05
596,298.000000,1,9.363752e-05
597,298.500000,1,9.012405e-05
598,299.000000,1,9.409781e-05
599,299.500000,1,9.585816e-05
600,300.000000,1,8.615349e-05
601,300.500000,0,9.497784e-05
602,301.000000,1,8.738829e-05
603,301.500000,1,8.318542e-05
604,302.000000,0,9.409296e-05
605,302.500000,1,9.996271e-05
606,303.000000,2,9.634677e-05
607,303.500000,1,9.038998e-05
608,304.000000,1,8.332710e-05
609,304.500000,1,9.986030e-05
610,305.000000,1,9.296093e-05
611,305.500000,1,8.791194e-05
612,306.000000,1,8.217770e-05
613,306.500000,0,9.417564e-05
614,307.000000,1,8.687522e-05
615,307.500000,1,9.448319e-05
616,308.000000,2,9.858978e-05
617,308.500000,1,9.833390e-05
618,309.000000,1,8.624710e-05
619,309.500000,0,9.846189e-05
620,310.000000,1,8.594122e-05
621,310.500000,0,8.838820e-05
622,311.000000,0,9.866689e-05
623,311.500000,1,8.925986e-05
624,312.000000,1,9.149657e-05
625,312.500000,2,9.693865e-05
626,313.000000,1,8.420381e-05
627,313.500000,0,9.996065e-05
628,314.000000,1,9.129377e-05
629,314.500000,1,9.497024e-05
630,315.000000,2,9.457492e-05
631,315.500000,1,8.783524e-05
632,316.000000,1,8.443022e-05
633,316.500000,0,9.489145e-05
634,317.000000,1,9.142154e-05
635,317.500000,1,8.520554e-05
636,318.000000,0,9.898604e-05
637,318.500000,1,9.702002e-05
638,319.000000,1,9.344343e-05
639,319.500000,1,8.875952e-05
640,320.000000,1,8.957518e-05
641,320.500000,0,9.877368e-05
642,321.000000,1,8.752089e-05
643,321.500000,1,8.609526e-05
644,322.000000,1,7.515401e-05
645,322.500000,0,8.059288e-05
646,323.000000,0,9.789693e-05
647,323.500000,1,9.295708e-05
648,324.000000,1,8.876693e-05
649,324.500000,1,8.588238e-05
650,325.000000,0,9.942189e-05
651,325.500000,1,8.572400e-05
652,326.000000,2,9.820292e-05
653,326.500000,1,8.666712e-05
654,327.000000,1,9.118956e-05
655,327.500000,1,8.546745e-05
656,328.000000,0,9.364295e-05
657,328.500000,1,9.469989e-05
658,329.000000,1,8.941899e-05
659,329.500000,1,9.354960e-05
660,330.000000,2,9.491243e-05
661,330.500000,1,8.771658e-05
662,331.000000,1,8.524608e-05
663,331.500000,0,9.485076e-05
664,332.000000,1,9.018056e-05
665,332.500000,1,8.435887e-05
666,333.000000,0,9.744867e-05
667,333.500000,2,9.864834e-05
668,334.000000,1,9.805638e-05
669,334.500000,1,9.921711e-05
670,335.000000,1,8.670379e-05
671,335.500000,0,9.317459e-05
672,336.000000,1,9.656107e-05
673,336.500000,1,8.432624e-05
674,337.000000,0,9.970016e-05
675,337.500000,1,9.973592e-05
676,338.000000,1,9.912553e-05
677,338.500000,1,9.095134e-05
678,339.000000,1,9.017384e-05
679,339.500000,0,9.671747e-05
680,340.000000,1,9.567089e-05
681,340.500000,2,9.971578e-05
682,341.000000,1,8.091180e-05
683,341.500000,0,9.919154e-05
684,342.000000,1,8.681751e-05
685,342.500000,1,7.708339e-05
686,343.000000,0,8.937053e-05
687,343.500000,1,8.025217e-05
688,344.000000,0,9.578849e-05
689,344.500000,1,9.754641e-05
690,345.000000,1,9.392712e-05
691,345.500000,1,9.712708e-05
692,346.000000,1,9.262974e-05
693,346.500000,0,9.994980e-05
694,347.000000,2,9.288895e-05
695,347.500000,1,9.233370e-05
696,348.000000,1,8.857282e-05
697,348.500000,1,8.128335e-05
698,349.000000,0,8.618499e-05
699,349.500000,0,9.916373e-05
700,350.000000,1,8.948324e-05
701,350.500000,1,8.973926e-05
702,351.000000,1,8.181978e-05
703,351.500000,0,9.667308e-05
704,352.000000,1,7.929721e-05
705,352.500000,0,9.325700e-05
706,353.000000,1,9.904692e-05
707,353.500000,1,8.714182e-05
708,354.000000,1,8.539365e-05
709,354.500000,1,8.872928e-05
710,355.000000,1,8.993087e-05
711,355.500000,1,9.922718e-05
712,356.000000,1,8.507664e-05
713,356.500000,1,8.338415e-05
714,357.000000,0,9.195922e-05
715,357.500000,1,8.810325e-05
716,358.000000,1,8.819580e-05
717,358.500000,1,8.391199e-05
718,359.000000,1,8.802994e-05
719,359.500000,0,9.389933e-05
720,360.000000,1,8.503669e-05
721,360.500000,1,8.413680e-05
722,361.000000,1,9.895370e-05
723,361.500000,1,7.288357e-05
724,362.000000,0,9.456402e-05
725,362.500000,1,9.549823e-05
726,363.000000,1,9.202972e-05
727,363.500000,1,8.885982e-05
728,364.000000,1,9.365693e-05
729,364.500000,1,8.102252e-05
730,365.000000,0,8.638842e-05
731,365.500000,1,8.384329e-05
732,366.000000,1,8.546093e-05
733,366.500000,1,7.965130e-05
734,367.000000,0,9.891211e-05
735,367.500000,1,8.107908e-05
736,368.000000,0,9.873927e-05
737,368.500000,2,9.561872e-05
738,369.000000,1,9.597979e-05
739,369.500000,1,8.544038e-05
740,370.000000,1,8.198585e-05
741,370.500000,0,8.940409e-05
742,371.000000,1,8.216318e-05
743,371.500000,0,9.367637e-05
744,372.000000,1,9.949362e-05
745,372.500000,1,9.045507e-05
746,373.000000,0,9.699655e-05
747,373.500000,1,9.169818e-05
748,374.000000,1,9.134511e-05
749,374.500000,1,8.181793e-05
750,375.000000,0,9.871336e-05
751,375.500000,1,9.427856e-05
752,376.000000,0,9.962964e-05
753,376.500000,1,9.845062e-05
754,377.000000,1,9.695348e-05
755,377.500000,1,8.720182e-05
756,378.000000,1,9.888128e-05
757,378.500000,1,7.916255e-05
758,379.000000,0,8.961338e-05
759,379.500000,1,8.743730e-05
760,380.000000,1,8.562608e-05
761,380.500000,1,8.472180e-05
762,381.000000,2,9.311364e-05
763,381.500000,1,8.291689e-05
764,382.000000,0,9.415274e-05
765,382.500000,1,9.362840e-05
766,383.000000,1,9.021206e-05
767,383.500000,1,8.935865e-05
768,384.000000,1,8.401856e-05
769,384.500000,0,9.618418e-05
770,385.000000,1,8.228511e-05
771,385.500000,1,7.678662e-05
772,386.000000,0,8.655363e-05
773,386.500000,1,8.516229e-05
774,387.000000,1,8.914859e-05
775,387.500000,1,8.063201e-05
776,388.000000,0,9.876550e-05
777,388.500000,1,9.671128e-05
778,389.000000,1,8.610638e-05
779,389.500000,1,9.765857e-05
780,390.000000,1,8.315442e-05
781,390.500000,2,9.444057e-05
782,391.000000,1,7.828662e-05
783,391.500000,0,9.194714e-05
784,392.000000,1,9.902868e-05
785,392.500000,1,9.394258e-05
786,393.000000,1,9.236721e-05
787,393.500000,1,8.344144e-05
788,394.000000,0,8.634316e-05
789,394.500000,0,9.695291e-05
790,395.000000,1,9.941080e-05
791,395.500000,1,9.330910e-05
792,396.000000,1,9.224381e-05
793,396.500000,1,8.436844e-05
794,397.000000,0,8.825294e-05
795,397.500000,0,9.939568e-05
796,398.000000,1,9.752256e-05
797,398.500000,1,9.186738e-05
798,399.000000,1,9.434689e-05
799,399.500000,1,8.676504e-05
800,400.000000,1,7.929110e-05
801,400.500000,0,9.140534e-05
802,401.000000,1,9.209418e-05
803,401.500000,1,8.750401e-05
804,402.000000,0,9.873690e-05
805,402.500000,1,9.027185e-05
806,403.000000,1,8.946622e-05
807,403.500000,2,9.757500e-05
808,404.000000,1,8.733982e-05
809,404.500000,0,9.960744e-05
810,405.000000,1,9.646601e-05
811,405.500000,1,9.073419e-05
812,406.000000,1,9.624562e-05
813,406.500000,1,9.209293e-05
814,407.000000,1,7.883714e-05
815,407.500000,0,9.260323e-05
816,408.000000,1,7.045394e-05
817,408.500000,0,8.569779e-05
818,409.000000,1,8.931250e-05
819,409.500000,1,8.599960e-05
820,410.000000,0,9.621209e-05
821,410.500000,1,9.576572e-05
822,411.000000,1,8.132605e-05
823,411.500000,0,8.902289e-05
824,412.000000,1,8.561147e-05
825,412.500000,1,9.083231e-05
826,413.000000,2,9.774183e-05
827,413.500000,1,9.417742e-05
828,414.000000,1,9.784725e-05
829,414.500000,1,7.485546e-05
830,415.000000,0,8.454876e-05
831,415.500000,0,9.896794e-05
832,416.000000,1,9.068795e-05
833,416.500000,1,8.953810e-05
834,417.000000,0,9.809270e-05
835,417.500000,1,9.898766e-05
836,418.000000,1,9.008746e-05
837,418.500000,1,9.695568e-05
838,419.000000,2,9.810199e-05
839,419.500000,1,8.717121e-05
840,420.000000,0,9.816040e-05
841,420.500000,1,8.199796e-05
842,421.000000,1,7.496068e-05
843,421.500000,0,9.170773e-05
844,422.000000,1,8.125039e-05
845,422.500000,0,8.988494e-05
846,423.000000,1,8.634001e-05
847,423.500000,2,8.610383e-05
848,424.000000,1,9.070101e-05
849,424.500000,1,8.891715e-05
850,425.000000,1,9.340607e-05
851,425.500000,1,8.543809e-05
852,426.000000,1,9.317172e-05
853,426.500000,2,9.454884e-05
854,427.000000,1,8.726628e-05
855,427.500000,0,9.721120e-05
856,428.000000,1,8.275535e-05
857,428.500000,1,8.007317e-05
858,429.000000,0,9.416439e-05
859,429.500000,1,9.189014e-05
860,430.000000,2,9.027229e-05
861,430.500000,1,8.147567e-05
862,431.000000,0,9.473086e-05
863,431.500000,1,9.779225e-05
864,432.000000,1,9.165570e-05
865,432.500000,1,9.239650e-05
866,433.000000,1,8.111861e-05
867,433.500000,0,9.392513e-05
868,434.000000,2,9.370394e-05
869,434.500000,1,8.472560e-05
870,435.000000,0,9.340220e-05
871,435.500000,1,9.205036e-05
872,436.000000,1,8.107788e-05
873,436.500000,0,9.259505e-05
874,437.000000,1,8.696713e-05
875,437.500000,1,8.933200e-05
876,438.000000,1,8.913762e-05
877,438.500000,1,9.090632e-05
878,439.000000,1,8.423555e-05
879,439.500000,0,9.282065e-05
880,440.000000,1,8.956319e-05
881,440.500000,1,8.122684e-05
882,441.000000,0,8.783429e-05
883,441.500000,1,8.988377e-05
884,442.000000,1,9.120531e-05
885,442.500000,1,8.704596e-05
886,443.000000,1,9.391239e-05
887,443.500000,1,7.039083e-05
888,444.000000,0,8.702831e-05
889,444.500000,2,9.730552e-05
890,445.000000,1,7.700401e-05
891,445.500000,1,8.258630e-05
892,446.000000,0,9.518806e-05
893,446.500000,1,7.926188e-05
894,447.000000,1,8.884887e-05
895,447.500000,1,8.615823e-05
896,448.000000,0,9.134224e-05
897,448.500000,1,9.861935e-05
898,449.000000,1,9.244288e-05
899,449.500000,1,9.603269e-05
900,450.000000,1,8.926520e-05
901,450.500000,0,9.445088e-05
902,451.000000,2,9.176495e-05
903,451.500000,1,9.134347e-05
904,452.000000,1,9.378364e-05
905,452.500000,1,9.297139e-05
906,453.000000,1,7.167098e-05
907,453.500000,0,8.666467e-05
908,454.000000,1,9.497155e-05
909,454.500000,1,8.960156e-05
910,455.000000,0,9.821245e-05
911,455.500000,1,9.453552e-05
912,456.000000,1,8.821368e-05
913,456.500000,0,9.895246e-05
914,457.000000,1,9.576782e-05
915,457.500000,2,9.268292e-05
916,458.000000,1,8.235408e-05
917,458.500000,0,9.989125e-05
918,459.000000,1,8.550915e-05
919,459.500000,1,9.513376e-05
920,460.000000,1,8.475673e-05
921,460.500000,0,9.919699e-05
922,461.000000,1,9.507069e-05
923,461.500000,1,9.250122e-05
924,462.000000,1,9.855823e-05
925,462.500000,1,9.480982e-05
926,463.000000,1,8.785988e-05
927,463.500000,1,7.717056e-05
928,464.000000,0,8.080922e-05
929,464.500000,0,9.527439e-05
930,465.000000,1,9.869391e-05
931,465.500000,1,9.934236e-05
932,466.000000,1,8.831557e-05
933,466.500000,1,8.844655e-05
934,467.000000,1,9.817038e-05
935,467.500000,1,8.669867e-05
936,468.000000,1,8.231749e-05
937,468.500000,1,9.892568e-05
938,469.000000,1,6.697896e-05
939,469.500000,0,8.484706e-05
940,470.000000,1,9.295595e-05
941,470.500000,1,9.519026e-05
942,471.000000,1,8.174761e-05
943,471.500000,0,9.568072e-05
944,472.000000,1,9.453383e-05
945,472.500000,1,8.619827e-05
946,473.000000,1,9.008181e-05
947,473.500000,2,9.151624e-05
948,474.000000,1,8.613722e-05
949,474.500000,1,9.034254e-05
950,475.000000,1,8.503160e-05
951,475.500000,0,9.129092e-05
952,476.000000,1,9.888119e-05
953,476.500000,1,8.791679e-05
954,477.000000,1,9.268872e-05
955,477.500000,1,9.307672e-05
956,478.000000,1,8.289372e-05
957,478.500000,0,8.959124e-05
958,479.000000,1,9.140176e-05
959,479.500000,1,8.916257e-05
960,480.000000,1,8.561236e-05
961,480.500000,1,8.360348e-05
962,481.000000,0,8.831806e-05
963,481.500000,0,9.981248e-05
964,482.000000,1,9.873066e-05
965,482.500000,1,9.341660e-05
966,483.000000,1,9.139337e-05
967,483.500000,0,9.979531e-05
968,484.000000,1,8.262161e-05
969,484.500000,1,8.067719e-05
970,485.000000,0,9.744211e-05
971,485.500000,1,7.594172e-05
972,486.000000,0,8.342968e-05
973,486.500000,1,9.076232e-05
974,487.000000,1,8.535683e-05
975,487.500000,0,9.385562e-05
976,488.000000,2,9.878406e-05
977,488.500000,1,9.576911e-05
978,489.000000,1,9.590392e-05
979,489.500000,1,8.978718e-05
980,490.000000,0,9.511068e-05
981,490.500000,1,8.892104e-05
982,491.000000,1,8.847039e-05
983,491.500000,1,8.518934e-05
984,492.000000,1,8.034725e-05
985,492.500000,0,9.690102e-05
986,493.000000,1,8.438771e-05
987,493.500000,1,8.837459e-05
988,494.000000,1,8.233528e-05
989,494.500000,1,9.586964e-05
990,495.000000,1,8.097755e-05
991,495.500000,1,8.966358e-05
992,496.000000,1,8.465155e-05
993,496.500000,0,9.196887e-05
994,497.000000,1,8.820402e-05
995,497.500000,1,8.852894e-05
996,498.000000,2,9.830979e-05
997,498.500000,1,8.568272e-05
998,499.000000,1,8.463306e-05
999,499.500000,1,8.003305e-05
1000,500.000000,0,9.945401e-05
1001,500.500000,1,8.081753e-05
1002,501.000000,0,9.608776e-05
1003,501.500000,1,9.082702e-05
1004,502.000000,1,8.343441e-05
1005,502.500000,0,8.860304e-05
1006,503.000000,0,9.991127e-05
1007,503.500000,1,9.010908e-05
1008,504.000000,1,9.116196e-05
1009,504.500000,1,9.711134e-05
1010,505.000000,1,9.213652e-05
1011,505.500000,1,8.583513e-05
1012,506.000000,1,7.457454e-05
1013,506.500000,0,8.095885e-05
1014,507.000000,0,9.714523e-05
1015,507.500000,2,9.574814e-05
1016,508.000000,1,9.466027e-05
1017,508.500000,2,9.952584e-05
1018,509.000000,1,9.059359e-05
1019,509.500000,1,7.992982e-05
1020,510.000000,0,9.194830e-05
1021,510.500000,1,8.340840e-05
1022,511.000000,1,8.315165e-05
1023,511.500000,0,9.396465e-05
1024,512.000000,1,9.545087e-05
1025,512.500000,1,8.454049e-05
1026,513.000000,0,9.237491e-05
1027,513.500000,1,9.686454e-05
1028,514.000000,1,8.307942e-05
1029,514.500000,0,8.955844e-05
1030,515.000000,1,9.321986e-05
1031,515.500000,1,8.419498e-05
1032,516.000000,1,8.472344e-05
1033,516.500000,1,8.135060e-05
1034,517.000000,0,9.890177e-05
1035,517.500000,1,9.450072e-05
1036,518.000000,1,9.617312e-05
1037,518.500000,1,9.462722e-05
1038,519.000000,1,9.354301e-05
1039,519.500000,1,8.378016e-05
1040,520.000000,0,8.513067e-05
1041,520.500000,0,9.223595e-05
1042,521.000000,1,9.560778e-05
1043,521.500000,1,8.590008e-05
1044,522.000000,1,9.756643e-05
1045,522.500000,1,9.387952e-05
1046,523.000000,1,8.594870e-05
1047,523.500000,0,9.539544e-05
1048,524.000000,1,9.482128e-05
1049,524.500000,1,9.018515e-05
1050,525.000000,0,9.913700e-05
1051,525.500000,1,9.911258e-05
1052,526.000000,1,8.874196e-05
1053,526.500000,0,9.594071e-05
1054,527.000000,1,8.979562e-05
1055,527.500000,1,8.991635e-05
1056,528.000000,1,8.087282e-05
1057,528.500000,0,9.332249e-05
1058,529.000000,1,9.770008e-05
1059,529.500000,1,9.603229e-05
1060,530.000000,1,8.280696e-05
1061,530.500000,0,9.023387e-05
1062,531.000000,1,8.169609e-05
1063,531.500000,1,7.404215e-05
1064,532.000000,0,8.151252e-05
1065,532.500000,0,9.693471e-05
1066,533.000000,1,9.630069e-05
1067,533.500000,1,8.613613e-05
1068,534.000000,0,9.882268e-05
1069,534.500000,1,9.853032e-05
1070,535.000000,1,8.496311e-05
1071,535.500000,0,9.178881e-05
1072,536.000000,1,9.784458e-05
1073,536.500000,1,8.106789e-05
1074,537.000000,1,8.280276e-05
1075,537.500000,1,9.052400e-05
1076,538.000000,0,9.744846e-05
1077,538.500000,1,8.347683e-05
1078,539.000000,1,8.652764e-05
1079,539.500000,2,9.452331e-05
1080,540.000000,1,8.944513e-05
1081,540.500000,1,9.374560e-05
1082,541.000000,1,9.327879e-05
1083,541.500000,1,8.479432e-05
1084,542.000000,1,8.607172e-05
1085,542.500000,0,9.687517e-05
1086,543.000000,1,8.867650e-05
1087,543.500000,1,8.404354e-05
1088,544.000000,0,9.737674e-05
1089,544.500000,1,9.002236e-05
1090,545.000000,1,9.731284e-05
1091,545.500000,1,9.093025e-05
1092,546.000000,2,9.487197e-05
1093,546.500000,1,8.766947e-05
1094,547.000000,1,7.047941e-05
1095,547.500000,0,8.688492e-05
1096,548.000000,1,9.109424e-05
1097,548.500000,1,9.917152e-05
1098,549.000000,1,8.285716e-05
1099,549.500000,0,8.959304e-05
1100,550.000000,1,9.295863e-05
1101,550.500000,1,9.494466e-05
1102,551.000000,1,9.859689e-05
1103,551.500000,1,8.405408e-05
1104,552.000000,0,8.654709e-05
1105,552.500000,0,9.565582e-05
1106,553.000000,2,9.801286e-05
1107,553.500000,1,9.989426e-05
1108,554.000000,1,9.855867e-05
1109,554.500000,1,9.085187e-05
1110,555.000000,1,8.035707e-05
1111,555.500000,1,8.902768e-05
1112,556.000000,2,9.165121e-05
1113,556.500000,1,8.537491e-05
1114,557.000000,0,9.969749e-05
1115,557.500000,1,8.842917e-05
1116,558.000000,1,7.990077e-05
1117,558.500000,0,9.058481e-05
1118,559.000000,1,9.653196e-05
1119,559.500000,1,8.709556e-05
1120,560.000000,0,9.483345e-05
1121,560.500000,1,8.745735e-05
1122,561.000000,0,9.946567e-05
1123,561.500000,1,9.087726e-05
1124,562.000000,1,9.835062e-05
1125,562.500000,1,9.491370e-05
1126,563.000000,1,8.655307e-05
1127,563.500000,0,9.859754e-05
1128,564.000000,1,8.645358e-05
1129,564.500000,1,8.676027e-05
1130,565.000000,2,9.762276e-05
1131,565.500000,1,8.734129e-05
1132,566.000000,1,9.039433e-05
1133,566.500000,0,9.732087e-05
1134,567.000000,1,9.068471e-05
1135,567.500000,1,8.115604e-05
1136,568.000000,0,8.914045e-05
1137,568.500000,1,9.406967e-05
1138,569.000000,1,9.737060e-05
1139,569.500000,1,8.800983e-05
1140,570.000000,1,9.549454e-05
1141,570.500000,1,8.833615e-05
1142,571.000000,1,8.588632e-05
1143,571.500000,1,9.865236e-05
1144,572.000000,1,9.253716e-05
1145,572.500000,1,9.984766e-05
1146,573.000000,1,9.398109e-05
1147,573.500000,2,9.981301e-05
1148,574.000000,1,9.604452e-05
1149,574.500000,2,9.658376e-05
1150,575.000000,1,8.631286e-05
1151,575.500000,2,9.405089e-05
1152,576.000000,1,8.770483e-05
1153,576.500000,1,8.537383e-05
1154,577.000000,0,9.382890e-05
1155,577.500000,1,8.445011e-05
1156,578.000000,1,9.507656e-05
1157,578.500000,1,9.507699e-05
1158,579.000000,1,9.106260e-05
1159,579.500000,1,8.124548e-05
1160,580.000000,0,9.038224e-05
1161,580.500000,1,8.637373e-05
1162,581.000000,1,8.264776e-05
1163,581.500000,0,8.931499e-05
1164,582.000000,0,9.747136e-05
1165,582.500000,1,9.538567e-05
1166,583.000000,2,9.652689e-05
1167,583.500000,1,9.318528e-05
1168,584.000000,1,9.764129e-05
1169,584.500000,2,9.378536e-05
1170,585.000000,1,7.890502e-05
1171,585.500000,0,8.457944e-05
1172,586.000000,0,9.807365e-05
1173,586.500000,1,9.059863e-05
1174,587.000000,1,9.868063e-05
1175,587.500000,2,9.368860e-05
1176,588.000000,1,9.010015e-05
1177,588.500000,1,9.757015e-05
1178,589.000000,1,9.586066e-05
1179,589.500000,1,8.829063e-05
1180,590.000000,1,8.669560e-05
1181,590.500000,0,9.100981e-05
1182,591.000000,1,8.694571e-05
1183,591.500000,1,8.836271e-05
1184,592.000000,1,9.671915e-05
1185,592.500000,2,9.929802e-05
1186,593.000000,1,9.559944e-05
1187,593.500000,1,9.387321e-05
1188,594.000000,1,8.657006e-05
1189,594.500000,0,9.361272e-05
1190,595.000000,1,9.092184e-05
1191,595.500000,1,9.032910e-05
1192,596.000000,1,8.679715e-05
1193,596.500000,1,8.816237e-05
1194,597.000000,1,9.000037e-05
1195,597.500000,1,8.336873e-05
1196,598.000000,1,8.394344e-05
1197,598.500000,0,9.584383e-05
1198,599.000000,1,8.050116e-05
1199,599.500000,0,9.743251e-05
1200,600.000000,1,8.758083e-05
1201,600.500000,1,8.870323e-05
1202,601.000000,2,9.771010e-05
1203,601.500000,1,8.573088e-05
1204,602.000000,2,9.830861e-05
1205,602.500000,1,8.505432e-05
1206,603.000000,0,9.771849e-05
1207,603.500000,1,9.899355e-05
1208,604.000000,1,9.827801e-05
1209,604.500000,1,9.019925e-05
1210,605.000000,0,9.636856e-05
1211,605.500000,1,9.722853e-05
1212,606.000000,1,9.103054e-05
1213,606.500000,0,9.792020e-05
1214,607.000000,1,8.913517e-05
1215,607.500000,1,8.946202e-05
1216,608.000000,1,8.618417e-05
1217,608.500000,0,9.858257e-05
1218,609.000000,1,9.527590e-05
1219,609.500000,1,8.247703e-05
1220,610.000000,0,8.897604e-05
1221,610.500000,2,8.771085e-05
1222,611.000000,1,9.128890e-05
1223,611.500000,1,8.580645e-05
1224,612.000000,0,9.138891e-05
1225,612.500000,1,8.998236e-05
1226,613.000000,1,7.419221e-05
1227,613.500000,0,8.098578e-05
1228,614.000000,0,9.566698e-05
1229,614.500000,1,9.134873e-05
1230,615.000000,1,9.635031e-05
1231,615.500000,1,8.977471e-05
1232,616.000000,0,9.923933e-05
1233,616.500000,1,9.673236e-05
1234,617.000000,1,8.696659e-05
1235,617.500000,0,9.628566e-05
1236,618.000000,1,9.796157e-05
1237,618.500000,1,8.976234e-05
1238,619.000000,0,9.685140e-05
1239,619.500000,1,9.250789e-05
1240,620.000000,1,8.393063e-05
1241,620.500000,1,9.090506e-05
1242,621.000000,2,9.344809e-05
1243,621.500000,1,8.243972e-05
1244,622.000000,0,9.295840e-05
1245,622.500000,2,8.849857e-05
1246,623.000000,1,9.332810e-05
1247,623.500000,1,9.456334e-05
1248,624.000000,1,8.693489e-05
1249,624.500000,0,9.381331e-05
1250,625.000000,1,8.583870e-05
1251,625.500000,1,8.159855e-05
1252,626.000000,0,9.279146e-05
1253,626.500000,1,9.390017e-05
1254,627.000000,1,9.252850e-05
1255,627.500000,1,9.513390e-05
1256,628.000000,1,8.397346e-05
1257,628.500000,0,9.739385e-05
1258,629.000000,1,9.616309e-05
1259,629.500000,1,9.324454e-05
1260,630.000000,0,9.970983e-05
1261,630.500000,1,8.762581e-05
1262,631.000000,1,8.794194e-05
1263,631.500000,0,9.574459e-05
1264,632.000000,1,8.938081e-05
1265,632.500000,1,9.216209e-05
1266,633.000000,1,7.749901e-05
1267,633.500000,0,8.354243e-05
1268,634.000000,0,9.932416e-05
1269,634.500000,2,9.458364e-05
1270,635.000000,1,8.288344e-05
1271,635.500000,0,9.848219e-05
1272,636.000000,1,9.307150e-05
1273,636.500000,1,9.666075e-05
1274,637.000000,1,9.835706e-05
1275,637.500000,1,9.235524e-05
1276,638.000000,1,9.707960e-05
1277,638.500000,1,8.132316e-05
1278,639.000000,1,8.169392e-05
1279,639.500000,1,8.743257e-05
1280,640.000000,0,9.415539e-05
1281,640.500000,1,8.950673e-05
1282,641.000000,1,8.544749e-05
1283,641.500000,1,8.102141e-05
1284,642.000000,0,9.212854e-05
1285,642.500000,1,8.306190e-05
1286,643.000000,0,9.900411e-05
1287,643.500000,1,9.433115e-05
1288,644.000000,1,9.078926e-05
1289,644.500000,1,8.761608e-05
1290,645.000000,2,9.475138e-05
1291,645.500000,1,8.751369e-05
1292,646.000000,1,9.768143e-05
1293,646.500000,1,8.554926e-05
1294,647.000000,0,8.874284e-05
1295,647.500000,0,9.951808e-05
1296,648.000000,1,8.921109e-05
1297,648.500000,1,7.949542e-05
1298,649.000000,0,9.426925e-05
1299,649.500000,1,8.843311e-05
1300,650.000000,1,9.339632e-05
1301,650.500000,1,9.626358e-05
1302,651.000000,1,7.420776e-05
1303,651.500000,0,9.394364e-05
1304,652.000000,1,9.670356e-05
1305,652.500000,1,8.692149e-05
1306,653.000000,0,9.615268e-05
1307,653.500000,1,8.671456e-05
1308,654.000000,1,8.115737e-05
1309,654.500000,0,9.720629e-05
1310,655.000000,2,9.568033e-05
1311,655.500000,1,9.781515e-05
1312,656.000000,1,9.309764e-05
1313,656.500000,1,7.979199e-05
1314,657.000000,0,9.156919e-05
1315,657.500000,2,9.853236e-05
1316,658.000000,1,8.384801e-05
1317,658.500000,1,8.043895e-05
1318,659.000000,0,9.508384e-05
1319,659.500000,1,8.920647e-05
1320,660.000000,1,9.046524e-05
1321,660.500000,0,9.792489e-05
1322,661.000000,1,9.866719e-05
1323,661.500000,1,9.719803e-05
1324,662.000000,1,9.909538e-05
1325,662.500000,1,9.356721e-05
1326,663.000000,1,9.696353e-05
1327,663.500000,1,8.810766e-05
1328,664.000000,0,9.816882e-05
1329,664.500000,1,8.112402e-05
1330,665.000000,0,9.588030e-05
1331,665.500000,1,8.506454e-05
1332,666.000000,1,9.179643e-05
1333,666.500000,1,8.554808e-05
1334,667.000000,0,9.420757e-05
1335,667.500000,1,9.824439e-05
1336,668.000000,1,9.308739e-05
1337,668.500000,1,9.957060e-05
1338,669.000000,1,7.788054e-05
1339,669.500000,0,9.835615e-05
1340,670.000000,1,7.604669e-05
1341,670.500000,0,9.955247e-05
1342,671.000000,1,9.760052e-05
1343,671.500000,2,8.895613e-05
1344,672.000000,1,9.942868e-05
1345,672.500000,1,9.093425e-05
1346,673.000000,0,9.249267e-05
1347,673.500000,1,9.298049e-05
1348,674.000000,1,8.727020e-05
1349,674.500000,1,8.922191e-05
1350,675.000000,1,7.847913e-05
1351,675.500000,0,8.541850e-05
1352,676.000000,2,9.340750e-05
1353,676.500000,1,8.565678e-05
1354,677.000000,0,9.760676e-05
1355,677.500000,1,9.130312e-05
1356,678.000000,0,9.655035e-05
1357,678.500000,1,8.999772e-05
1358,679.000000,1,9.719476e-05
1359,679.500000,1,9.341057e-05
1360,680.000000,2,9.881146e-05
1361,680.500000,1,9.084440e-05
1362,681.000000,1,8.680679e-05
1363,681.500000,1,7.833177e-05
1364,682.000000,0,9.391783e-05
1365,682.500000,1,9.872356e-05
1366,683.000000,1,8.478286e-05
1367,683.500000,0,9.777148e-05
1368,684.000000,1,9.196539e-05
1369,684.500000,1,8.540260e-05
1370,685.000000,0,9.554781e-05
1371,685.500000,1,9.850358e-05
1372,686.000000,1,9.736356e-05
1373,686.500000,1,8.921792e-05
1374,687.000000,1,9.475021e-05
1375,687.500000,1,9.270340e-05
1376,688.000000,1,9.066519e-05
1377,688.500000,0,9.547798e-05
1378,689.000000,1,8.537208e-05
1379,689.500000,0,9.587548e-05
1380,690.000000,1,9.265809e-05
1381,690.500000,1,8.391485e-05
1382,691.000000,0,9.495303e-05
1383,691.500000,1,9.621091e-05
1384,692.000000,1,9.306011e-05
1385,692.500000,1,9.028480e-05
1386,693.000000,1,9.039402e-05
1387,693.500000,0,9.503564e-05
1388,694.000000,1,8.224964e-05
1389,694.500000,1,8.420586e-05
1390,695.000000,0,9.932636e-05
1391,695.500000,2,9.271935e-05
1392,696.000000,1,8.794631e-05
1393,696.500000,1,9.745643e-05
1394,697.000000,1,7.714658e-05
1395,697.500000,1,8.922313e-05
1396,698.000000,1,9.561606e-05
1397,698.500000,1,9.753747e-05
1398,699.000000,1,9.356975e-05
1399,699.500000,1,9.776485e-05
1400,700.000000,1,8.989831e-05
1401,700.500000,1,8.316745e-05
1402,701.000000,0,9.764588e-05
1403,701.500000,1,9.250977e-05
1404,702.000000,1,8.670081e-05
1405,702.500000,0,9.993402e-05
1406,703.000000,1,8.752298e-05
1407,703.500000,1,9.323432e-05
1408,704.000000,1,8.354530e-05
1409,704.500000,0,8.945158e-05
1410,705.000000,1,8.366826e-05
1411,705.500000,2,9.727926e-05
1412,706.000000,1,8.579884e-05
1413,706.500000,2,9.651000e-05
1414,707.000000,1,9.511179e-05
1415,707.500000,1,9.257520e-05
1416,708.000000,0,9.830764e-05
1417,708.500000,1,9.177289e-05
1418,709.000000,1,8.048338e-05
1419,709.500000,0,9.132189e-05
1420,710.000000,1,9.913493e-05
1421,710.500000,1,8.493934e-05
1422,711.000000,0,9.125024e-05
1423,711.500000,1,9.106275e-05
1424,712.000000,2,9.833525e-05
1425,712.500000,1,8.099474e-05
1426,713.000000,0,9.731912e-05
1427,713.500000,1,9.720448e-05
1428,714.000000,1,9.668417e-05
1429,714.500000,1,9.832552e-05
1430,715.000000,1,8.005309e-05
1431,715.500000,1,9.755421e-05
1432,716.000000,1,9.754756e-05
1433,716.500000,1,9.650850e-05
1434,717.000000,1,9.629684e-05
1435,717.500000,1,9.147063e-05
1436,718.000000,1,9.384095e-05
1437,718.500000,0,9.869868e-05
1438,719.000000,1,9.471363e-05
1439,719.500000,1,8.580177e-05
1440,720.000000,0,9.979939e-05
1441,720.500000,2,9.814127e-05
1442,721.000000,1,9.447253e-05
1443,721.500000,1,8.793278e-05
1444,722.000000,1,7.954615e-05
1445,722.500000,0,8.934718e-05
1446,723.000000,1,8.202676e-05
1447,723.500000,0,9.688909e-05
1448,724.000000,2,9.780962e-05
1449,724.500000,1,9.495204e-05
1450,725.000000,1,9.868477e-05
1451,725.500000,1,9.669251e-05
1452,726.000000,1,7.644768e-05
1453,726.500000,0,8.978384e-05
1454,727.000000,1,9.055438e-05
1455,727.500000,1,8.478344e-05
1456,728.000000,0,9.093353e-05
1457,728.500000,1,9.833866e-05
1458,729.000000,1,9.617975e-05
1459,729.500000,1,8.718540e-05
1460,730.000000,0,9.461166e-05
1461,730.500000,1,8.848944e-05
1462,731.000000,1,9.424917e-05
1463,731.500000,1,9.439133e-05
1464,732.000000,1,9.521834e-05
1465,732.500000,1,9.963463e-05
1466,733.000000,1,8.538882e-05
1467,733.500000,0,9.330942e-05
1468,734.000000,1,9.058633e-05
1469,734.500000,1,7.786708e-05
1470,735.000000,0,8.417649e-05
1471,735.500000,0,9.723788e-05
1472,736.000000,1,9.890253e-05
1473,736.500000,1,9.478381e-05
1474,737.000000,1,9.948224e-05
1475,737.500000,1,7.803095e-05
1476,738.000000,0,9.759775e-05
1477,738.500000,1,8.826966e-05
1478,739.000000,1,8.941267e-05
1479,739.500000,1,9.772734e-05
1480,740.000000,1,9.811759e-05
1481,740.500000,1,9.237005e-05
1482,741.000000,1,9.513515e-05
1483,741.500000,1,8.729479e-05
1484,742.000000,1,9.832243e-05
1485,742.500000,1,7.920857e-05
1486,743.000000,0,9.982245e-05
1487,743.500000,1,9.645905e-05
1488,744.000000,1,7.681681e-05
1489,744.500000,0,9.700139e-05
1490,745.000000,1,8.633189e-05
1491,745.500000,1,8.244798e-05
1492,746.000000,0,9.223494e-05
1493,746.500000,1,9.338484e-05
1494,747.000000,1,9.011097e-05
1495,747.500000,1,9.285010e-05
1496,748.000000,1,9.229810e-05
1497,748.500000,1,8.126187e-05
1498,749.000000,0,8.585038e-05
1499,749.500000,0,9.731563e-05
1500,750.000000,1,9.986404e-05
1501,750.500000,1,9.492216e-05
1502,751.000000,1,9.777066e-05
1503,751.500000,1,7.941545e-05
1504,752.000000,1,9.531824e-05
1505,752.500000,1,9.500305e-05
1506,753.000000,1,9.640921e-05
1507,753.500000,1,9.517665e-05
1508,754.000000,1,8.401798e-05
1509,754.500000,1,8.195956e-05
1510,755.000000,0,9.615254e-05
1511,755.500000,1,9.858882e-05
1512,756.000000,1,7.892772e-05
1513,756.500000,1,7.537679e-05
1514,757.000000,0,9.219347e-05
1515,757.500000,1,9.389498e-05
1516,758.000000,1,9.227170e-05
1517,758.500000,1,9.701049e-05
1518,759.000000,1,7.937752e-05
1519,759.500000,1,9.431939e-05
1520,760.000000,1,9.850230e-05
1521,760.500000,1,9.899922e-05
1522,761.000000,1,9.836408e-05
1523,761.500000,1,9.228869e-05
1524,762.000000,1,8.531396e-05
1525,762.500000,0,9.560517e-05
1526,763.000000,1,8.844011e-05
1527,763.500000,1,7.973613e-05
1528,764.000000,0,8.816108e-05
1529,764.500000,1,9.789763e-05
1530,765.000000,1,8.578218e-05
1531,765.500000,0,9.352054e-05
1532,766.000000,1,8.818317e-05
1533,766.500000,1,9.024638e-05
1534,767.000000,1,7.882554e-05
1535,767.500000,0,9.059612e-05
1536,768.000000,1,9.811633e-05
1537,768.500000,1,9.998838e-05
1538,769.000000,1,8.470283e-05
1539,769.500000,1,9.816909e-05
1540,770.000000,1,9.481356e-05
1541,770.500000,1,9.786569e-05
1542,771.000000,1,9.016292e-05
1543,771.500000,1,9.650045e-05
1544,772.000000,1,8.531193e-05
1545,772.500000,1,8.152770e-05
1546,773.000000,0,9.247396e-05
1547,773.500000,1,9.464566e-05
1548,774.000000,1,9.588502e-05
1549,774.500000,1,8.643435e-05
1550,775.000000,1,9.597222e-05
1551,775.500000,1,9.320962e-05
1552,776.000000,1,8.450815e-05
1553,776.500000,0,9.618189e-05
1554,777.000000,1,8.337231e-05
1555,777.500000,1,9.272659e-05
1556,778.000000,1,8.758427e-05
1557,778.500000,1,8.526209e-05
1558,779.000000,0,9.363265e-05
1559,779.500000,1,8.633233e-05
1560,780.000000,1,7.965754e-05
1561,780.500000,0,8.936127e-05
1562,781.000000,1,9.867673e-05
1563,781.500000,1,8.593484e-05
1564,782.000000,0,8.956265e-05
1565,782.500000,0,9.981115e-05
1566,783.000000,1,9.403570e-05
1567,783.500000,1,8.986354e-05
1568,784.000000,1,9.900924e-05
1569,784.500000,1,9.806141e-05
1570,785.000000,1,8.496271e-05
1571,785.500000,0,9.759029e-05
1572,786.000000,1,7.750764e-05
1573,786.500000,0,8.742904e-05
1574,787.000000,1,9.189969e-05
1575,787.500000,1,8.924368e-05
1576,788.000000,1,9.297443e-05
1577,788.500000,2,9.993642e-05
1578,789.000000,1,8.583959e-05
1579,789.500000,1,8.276533e-05
1580,790.000000,1,8.719905e-05
1581,790.500000,2,8.538252e-05
1582,791.000000,1,8.178773e-05
1583,791.500000,1,8.543883e-05
1584,792.000000,0,9.840010e-05
1585,792.500000,1,8.319552e-05
1586,793.000000,0,9.908860e-05
1587,793.500000,1,8.382337e-05
1588,794.000000,1,9.855179e-05
1589,794.500000,1,9.543796e-05
1590,795.000000,1,9.339384e-05
1591,795.500000,1,9.413897e-05
1592,796.000000,1,8.798058e-05
1593,796.500000,0,9.185397e-05
1594,797.000000,1,9.233802e-05
1595,797.500000,1,8.348924e-05
1596,798.000000,0,9.074302e-05
1597,798.500000,1,9.654258e-05
1598,799.000000,1,9.784120e-05
1599,799.500000,1,8.610393e-05
1600,800.000000,0,9.568516e-05
1601,800.500000,2,9.792998e-05
1602,801.000000,1,9.362743e-05
1603,801.500000,1,9.141297e-05
1604,802.000000,0,9.393214e-05
1605,802.500000,0,9.845732e-05
1606,803.000000,1,9.384805e-05
1607,803.500000,1,9.787380e-05
1608,804.000000,1,8.954245e-05
1609,804.500000,0,9.947675e-05
1610,805.000000,1,8.815069e-05
1611,805.500000,1,9.215552e-05
1612,806.000000,1,8.673475e-05
1613,806.500000,0,9.646046e-05
1614,807.000000,1,9.888433e-05
1615,807.500000,1,8.857011e-05
1616,808.000000,0,9.613447e-05
1617,808.500000,1,8.531736e-05
1618,809.000000,1,8.946011e-05
1619,809.500000,1,8.269962e-05
1620,810.000000,0,9.570971e-05
1621,810.500000,1,8.883487e-05
1622,811.000000,1,8.100125e-05
1623,811.500000,0,8.899646e-05
1624,812.000000,1,9.687542e-05
1625,812.500000,1,9.692486e-05
1626,813.000000,1,8.432749e-05
1627,813.500000,0,9.873847e-05
1628,814.000000,1,8.702562e-05
1629,814.500000,1,9.201337e-05
1630,815.000000,1,8.871979e-05
1631,815.500000,2,9.033993e-05
1632,816.000000,1,8.669775e-05
1633,816.500000,1,8.765976e-05
1634,817.000000,0,9.408119e-05
1635,817.500000,1,9.019394e-05
1636,818.000000,1,9.782194e-05
1637,818.500000,1,9.294961e-05
1638,819.000000,1,9.166466e-05
1639,819.500000,1,8.328568e-05
1640,820.000000,0,9.526070e-05
1641,820.500000,2,9.959507e-05
1642,821.000000,1,8.875913e-05
1643,821.500000,1,8.221139e-05
1644,822.000000,0,8.638351e-05
1645,822.500000,0,9.467216e-05
1646,823.000000,1,8.802389e-05
1647,823.500000,1,9.425152e-05
1648,824.000000,1,8.604280e-05
1649,824.500000,0,9.794005e-05
1650,825.000000,1,9.491751e-05
1651,825.500000,1,9.461739e-05
1652,826.000000,1,8.362216e-05
1653,826.500000,0,9.191626e-05
1654,827.000000,1,8.780566e-05
1655,827.500000,1,9.252564e-05
1656,828.000000,1,8.507656e-05
1657,828.500000,1,8.154632e-05
1658,829.000000,2,9.988248e-05
1659,829.500000,1,8.753649e-05
1660,830.000000,0,9.675821e-05
1661,830.500000,1,9.751259e-05
1662,831.000000,1,8.912555e-05
1663,831.500000,0,9.996065e-05
1664,832.000000,1,8.689619e-05
1665,832.500000,1,9.231211e-05
1666,833.000000,1,8.160828e-05
1667,833.500000,0,9.045959e-05
1668,834.000000,0,9.924200e-05
1669,834.500000,1,9.415033e-05
1670,835.000000,1,8.659748e-05
1671,835.500000,1,8.326476e-05
1672,836.000000,1,8.577828e-05
1673,836.500000,2,9.779514e-05
1674,837.000000,2,9.636137e-05
1675,837.500000,1,8.986457e-05
1676,838.000000,1,9.037062e-05
1677,838.500000,2,9.713785e-05
1678,839.000000,1,8.975099e-05
1679,839.500000,1,8.358155e-05
1680,840.000000,0,9.280966e-05
1681,840.500000,1,9.395524e-05
1682,841.000000,1,9.144451e-05
1683,841.500000,0,9.709972e-05
1684,842.000000,1,9.173268e-05
1685,842.500000,1,9.895573e-05
1686,843.000000,1,9.388781e-05
1687,843.500000,0,9.789345e-05
1688,844.000000,1,9.133509e-05
1689,844.500000,1,8.154709e-05
1690,845.000000,0,8.324922e-05
1691,845.500000,0,9.333974e-05
1692,846.000000,1,9.728453e-05
1693,846.500000,1,8.902825e-05
1694,847.000000,0,9.318492e-05
1695,847.500000,1,8.740885e-05
1696,848.000000,1,8.172645e-05
1697,848.500000,1,8.724474e-05
1698,849.000000,1,8.061909e-05
1699,849.500000,0,9.232646e-05
1700,850.000000,1,7.610248e-05
1701,850.500000,0,9.898300e-05
1702,851.000000,1,7.827343e-05
1703,851.500000,1,7.893323e-05
1704,852.000000,1,7.605477e-05
1705,852.500000,0,8.669916e-05
1706,853.000000,1,8.575541e-05
1707,853.500000,2,9.838527e-05
1708,854.000000,1,8.760459e-05
1709,854.500000,1,8.724957e-05
1710,855.000000,1,9.385787e-05
1711,855.500000,2,9.847352e-05
1712,856.000000,1,8.663425e-05
1713,856.500000,1,9.950642e-05
1714,857.000000,1,8.848381e-05
1715,857.500000,1,9.835762e-05
1716,858.000000,1,9.817917e-05
1717,858.500000,1,9.556373e-05
1718,859.000000,1,9.167783e-05
1719,859.500000,0,9.701048e-05
1720,860.000000,1,9.893164e-05
1721,860.500000,1,9.619501e-05
1722,861.000000,1,9.012963e-05
1723,861.500000,1,9.430905e-05
1724,862.000000,1,9.402344e-05
1725,862.500000,1,8.793036e-05
1726,863.000000,0,9.921491e-05
1727,863.500000,1,8.245970e-05
1728,864.000000,0,9.981055e-05
1729,864.500000,1,9.637737e-05
1730,865.000000,2,8.719246e-05
1731,865.500000,1,9.339609e-05
1732,866.000000,1,8.308464e-05
1733,866.500000,0,9.522876e-05
1734,867.000000,1,8.704994e-05
1735,867.500000,1,7.387534e-05
1736,868.000000,0,8.090739e-05
1737,868.500000,0,9.770917e-05
1738,869.000000,1,9.165478e-05
1739,869.500000,1,8.724751e-05
1740,870.000000,1,9.634222e-05
1741,870.500000,1,9.772057e-05
1742,871.000000,1,8.770895e-05
1743,871.500000,0,9.411476e-05
1744,872.000000,1,9.674906e-05
1745,872.500000,1,9.973364e-05
1746,873.000000,1,9.927863e-05
1747,873.500000,1,7.895597e-05
1748,874.000000,1,9.316729e-05
1749,874.500000,1,9.514782e-05
1750,875.000000,1,9.947350e-05
1751,875.500000,1,9.929217e-05
1752,876.000000,1,8.875851e-05
1753,876.500000,0,9.740050e-05
1754,877.000000,1,9.194136e-05
1755,877.500000,1,9.420448e-05
1756,878.000000,1,7.313306e-05
1757,878.500000,0,8.727070e-05
1758,879.000000,1,9.247731e-05
1759,879.500000,1,8.837241e-05
1760,880.000000,0,9.926358e-05
1761,880.500000,1,9.705684e-05
1762,881.000000,1,8.786408e-05
1763,881.500000,1,9.022109e-05
1764,882.000000,2,9.966240e-05
1765,882.500000,1,9.614616e-05
1766,883.000000,1,9.573061e-05
1767,883.500000,1,8.080590e-05
1768,884.000000,0,9.630153e-05
1769,884.500000,1,8.515453e-05
1770,885.000000,1,8.231619e-05
1771,885.500000,0,8.808098e-05
1772,886.000000,0,9.775065e-05
1773,886.500000,1,9.367537e-05
1774,887.000000,1,9.180508e-05
1775,887.500000,1,8.649215e-05
1776,888.000000,1,9.151689e-05
1777,888.500000,2,9.944540e-05
1778,889.000000,1,8.212385e-05
1779,889.500000,0,8.868482e-05
1780,890.000000,0,9.896240e-05
1781,890.500000,1,9.120643e-05
1782,891.000000,1,8.351371e-05
1783,891.500000,0,9.207355e-05
1784,892.000000,1,8.360006e-05
1785,892.500000,1,8.717911e-05
1786,893.000000,1,8.531686e-05
1787,893.500000,0,9.288340e-05
1788,894.000000,1,8.514851e-05
1789,894.500000,2,9.784780e-05
1790,895.000000,1,8.996922e-05
1791,895.500000,1,8.907250e-05
1792,896.000000,0,9.647509e-05
1793,896.500000,1,9.260836e-05
1794,897.000000,1,8.164621e-05
1795,897.500000,0,9.664652e-05
1796,898.000000,1,9.522556e-05
1797,898.500000,1,9.889101e-05
1798,899.000000,1,9.898444e-05
1799,899.500000,1,8.111464e-05
1800,900.000000,0,8.968634e-05
1801,900.500000,1,9.371394e-05
1802,901.000000,1,9.361690e-05
1803,901.500000,2,9.942021e-05
1804,902.000000,1,9.358954e-05
1805,902.500000,1,7.673289e-05
1806,903.000000,0,9.690259e-05
1807,903.500000,1,8.992209e-05
1808,904.000000,1,9.192428e-05
1809,904.500000,1,8.676576e-05
1810,905.000000,0,9.979425e-05
1811,905.500000,1,9.586877e-05
1812,906.000000,1,9.538149e-05
1813,906.500000,1,8.249714e-05
1814,907.000000,0,9.014089e-05
1815,907.500000,1,8.130233e-05
1816,908.000000,1,7.742280e-05
1817,908.500000,0,8.434196e-05
1818,909.000000,0,9.481301e-05
1819,909.500000,2,9.600058e-05
1820,910.000000,1,9.358023e-05
1821,910.500000,1,9.269607e-05
1822,911.000000,1,8.902911e-05
1823,911.500000,0,9.506982e-05
1824,912.000000,1,7.560197e-05
1825,912.500000,2,9.461161e-05
1826,913.000000,1,9.020730e-05
1827,913.500000,1,9.312839e-05
1828,914.000000,1,9.928038e-05
1829,914.500000,2,9.084462e-05
1830,915.000000,1,8.472825e-05
1831,915.500000,0,9.580016e-05
1832,916.000000,1,9.803647e-05
1833,916.500000,1,9.115335e-05
1834,917.000000,1,8.402502e-05
1835,917.500000,0,9.658814e-05
1836,918.000000,1,8.449899e-05
1837,918.500000,1,8.984181e-05
1838,919.000000,1,9.888772e-05
1839,919.500000,1,9.873839e-05
1840,920.000000,1,8.566146e-05
1841,920.500000,0,9.522985e-05
1842,921.000000,1,8.745652e-05
1843,921.500000,1,9.665632e-05
1844,922.000000,1,8.752012e-05
1845,922.500000,0,9.303686e-05
1846,923.000000,1,8.848232e-05
1847,923.500000,1,8.623000e-05
1848,924.000000,1,7.978690e-05
1849,924.500000,0,9.236709e-05
1850,925.000000,1,8.461454e-05
1851,925.500000,2,9.171315e-05
1852,926.000000,1,7.837682e-05
1853,926.500000,0,9.440858e-05
1854,927.000000,1,9.678760e-05
1855,927.500000,1,8.843408e-05
1856,928.000000,0,9.938638e-05
1857,928.500000,1,8.785615e-05
1858,929.000000,1,9.804988e-05
1859,929.500000,1,8.651142e-05
1860,930.000000,0,9.006403e-05
1861,930.500000,1,8.806447e-05
1862,931.000000,1,7.932862e-05
1863,931.500000,0,8.248231e-05
1864,932.000000,0,9.112378e-05
1865,932.500000,1,9.630428e-05
1866,933.000000,1,9.848374e-05
1867,933.500000,1,9.383916e-05
1868,934.000000,1,8.256207e-05
1869,934.500000,0,9.111389e-05
1870,935.000000,1,9.581742e-05
1871,935.500000,1,7.992890e-05
1872,936.000000,0,8.664762e-05
1873,936.500000,0,9.843891e-05
1874,937.000000,1,8.527880e-05
1875,937.500000,1,9.448086e-05
1876,938.000000,1,8.936509e-05
1877,938.500000,1,8.731174e-05
1878,939.000000,1,8.728618e-05
1879,939.500000,0,8.943647e-05
1880,940.000000,0,9.611437e-05
1881,940.500000,1,9.292300e-05
1882,941.000000,1,9.052185e-05
1883,941.500000,1,8.610405e-05
1884,942.000000,0,9.706363e-05
1885,942.500000,1,8.203302e-05
1886,943.000000,0,9.479027e-05
1887,943.500000,1,9.738020e-05
1888,944.000000,1,9.594519e-05
1889,944.500000,1,9.721760e-05
1890,945.000000,1,9.310435e-05
1891,945.500000,1,9.076364e-05
1892,946.000000,1,9.256397e-05
1893,946.500000,0,9.895052e-05
1894,947.000000,1,9.308681e-05
1895,947.500000,1,8.540585e-05
1896,948.000000,1,9.723496e-05
1897,948.500000,1,8.034764e-05
1898,949.000000,1,9.212453e-05
1899,949.500000,1,9.125379e-05
1900,950.000000,1,8.469221e-05
1901,950.500000,0,9.418084e-05
1902,951.000000,1,9.453044e-05
1903,951.500000,1,8.607436e-05
1904,952.000000,0,9.132724e-05
1905,952.500000,1,8.965542e-05
1906,953.000000,1,9.487978e-05
1907,953.500000,2,9.689829e-05
1908,954.000000,1,8.974622e-05
1909,954.500000,1,9.052395e-05
1910,955.000000,1,9.793473e-05
1911,955.500000,1,8.212511e-05
1912,956.000000,1,7.878494e-05
1913,956.500000,0,9.820008e-05
1914,957.000000,1,9.706583e-05
1915,957.500000,1,7.366094e-05
1916,958.000000,0,9.735997e-05
1917,958.500000,1,9.284774e-05
1918,959.000000,1,9.656126e-05
1919,959.500000,1,9.465656e-05
1920,960.000000,1,7.814470e-05
1921,960.500000,0,9.164009e-05
1922,961.000000,1,9.039466e-05
1923,961.500000,1,8.455412e-05
1924,962.000000,1,8.350738e-05
1925,962.500000,1,9.630769e-05
1926,963.000000,1,8.480563e-05
1927,963.500000,1,9.945784e-05
1928,964.000000,1,9.884380e-05
1929,964.500000,1,8.285454e-05
1930,965.000000,1,9.738444e-05
1931,965.500000,1,7.856362e-05
1932,966.000000,0,9.279331e-05
1933,966.500000,1,9.729070e-05
1934,967.000000,1,8.009191e-05
1935,967.500000,0,8.364064e-05
1936,968.000000,0,9.563946e-05
1937,968.500000,1,9.578528e-05
1938,969.000000,1,8.603889e-05
1939,969.500000,0,9.834141e-05
1940,970.000000,1,9.639380e-05
1941,970.500000,1,8.601362e-05
1942,971.000000,1,9.294316e-05
1943,971.500000,1,8.060355e-05
1944,972.000000,0,9.171687e-05
1945,972.500000,1,9.664044e-05
1946,973.000000,1,8.881287e-05
1947,973.500000,0,9.637949e-05
1948,974.000000,2,9.631800e-05
1949,974.500000,1,9.512369e-05
1950,975.000000,1,8.731411e-05
1951,975.500000,0,9.033568e-05
1952,976.000000,0,9.909590e-05
1953,976.500000,1,9.893629e-05
1954,977.000000,1,8.565449e-05
1955,977.500000,0,8.960231e-05
1956,978.000000,0,9.892227e-05
1957,978.500000,1,9.729062e-05
1958,979.000000,1,9.549110e-05
1959,979.500000,1,9.016426e-05
1960,980.000000,0,9.982020e-05
1961,980.500000,1,8.478496e-05
1962,981.000000,2,9.646989e-05
1963,981.500000,1,8.783670e-05
1964,982.000000,1,9.736609e-05
1965,982.500000,1,9.566141e-05
1966,983.000000,1,9.616801e-05
1967,983.500000,1,9.728428e-05
1968,984.000000,1,9.585581e-05
1969,984.500000,1,9.913070e-05
1970,985.000000,2,9.593128e-05
1971,985.500000,1,9.261625e-05
1972,986.000000,1,7.291026e-05
1973,986.500000,0,9.662223e-05
1974,987.000000,1,9.917603e-05
1975,987.500000,2,8.512566e-05
1976,988.000000,1,8.358689e-05
1977,988.500000,1,8.132891e-05
1978,989.000000,2,9.148790e-05
1979,989.500000,1,7.668211e-05
1980,990.000000,0,9.748600e-05
1981,990.500000,1,9.718993e-05
1982,991.000000,1,9.380572e-05
1983,991.500000,1,9.709866e-05
1984,992.000000,1,8.084638e-05
1985,992.500000,1,9.226209e-05
1986,993.000000,1,9.233642e-05
1987,993.500000,1,8.526663e-05
1988,994.000000,1,7.885925e-05
1989,994.500000,0,9.010456e-05
1990,995.000000,1,9.156960e-05
1991,995.500000,1,7.774440e-05
1992,996.000000,0,8.817504e-05
1993,996.500000,1,9.430459e-05
1994,997.000000,2,9.288766e-05
1995,997.500000,1,9.030468e-05
1996,998.000000,1,9.197473e-05
1997,998.500000,1,9.434204e-05
1998,999.000000,1,7.586244e-05
1999,999.500000,0,9.123267e-05
2000,1000.000000,1,9.933567e-05
2001,1000.500000,1,9.823502e-05
2002,1001.000000,1,9.039156e-05
2003,1001.500000,1,9.388977e-05
2004,1002.000000,1,9.298445e-05
2005,1002.500000,1,9.085625e-05
2006,1003.000000,1,8.507092e-05
2007,1003.500000,0,8.720602e-05
2008,1004.000000,0,9.419250e-05
2009,1004.500000,1,8.756421e-05
2010,1005.000000,1,9.306509e-05
2011,1005.500000,1,8.242514e-05
2012,1006.000000,0,8.349602e-05
2013,1006.500000,0,9.398191e-05
2014,1007.000000,1,9.695773e-05
2015,1007.500000,1,9.081746e-05
2016,1008.000000,1,7.779256e-05
2017,1008.500000,0,8.752403e-05
2018,1009.000000,1,9.496105e-05
2019,1009.500000,1,8.846483e-05
2020,1010.000000,1,7.911607e-05
2021,1010.500000,0,8.807283e-05
2022,1011.000000,0,9.949511e-05
2023,1011.500000,1,9.782523e-05
2024,1012.000000,1,9.046747e-05
2025,1012.500000,1,8.988287e-05
2026,1013.000000,1,8.280401e-05
2027,1013.500000,1,9.131836e-05
2028,1014.000000,1,8.121348e-05
2029,1014.500000,1,9.105880e-05
2030,1015.000000,1,9.520121e-05
2031,1015.500000,1,8.986044e-05
2032,1016.000000,1,9.403301e-05
2033,1016.500000,1,8.529001e-05
2034,1017.000000,0,9.922957e-05
2035,1017.500000,1,7.831128e-05
2036,1018.000000,0,9.726780e-05
2037,1018.500000,1,8.995675e-05
2038,1019.000000,1,8.628994e-05
2039,1019.500000,1,9.655315e-05
2040,1020.000000,1,8.966064e-05
2041,1020.500000,1,8.096697e-05
2042,1021.000000,0,8.997230e-05
2043,1021.500000,0,9.932478e-05
2044,1022.000000,1,9.163937e-05
2045,1022.500000,1,8.220990e-05
2046,1023.000000,0,9.836389e-05
2047,1023.500000,2,9.124218e-05
2048,1024.000000,1,9.041208e-05
2049,1024.500000,1,9.502849e-05
2050,1025.000000,1,7.610203e-05
2051,1025.500000,0,9.408195e-05
2052,1026.000000,1,9.858946e-05
2053,1026.500000,1,9.358836e-05
2054,1027.000000,1,9.987301e-05
2055,1027.500000,1,9.981359e-05
2056,1028.000000,1,8.632931e-05
2057,1028.500000,0,9.596453e-05
2058,1029.000000,2,9.478571e-05
2059,1029.500000,1,8.273181e-05
2060,1030.000000,0,9.264611e-05
2061,1030.500000,1,9.087472e-05
2062,1031.000000,2,9.022894e-05
2063,1031.500000,1,8.549499e-05
2064,1032.000000,1,9.969161e-05
2065,1032.500000,1,8.376134e-05
2066,1033.000000,2,9.425306e-05
2067,1033.500000,1,9.591946e-05
2068,1034.000000,1,8.159327e-05
2069,1034.500000,1,9.037993e-05
2070,1035.000000,1,7.404427e-05
2071,1035.500000,0,9.179396e-05
2072,1036.000000,1,9.991218e-05
2073,1036.500000,1,8.389336e-05
2074,1037.000000,0,8.877832e-05
2075,1037.500000,1,8.873164e-05
2076,1038.000000,1,7.640681e-05
2077,1038.500000,0,8.358109e-05
2078,1039.000000,0,9.673478e-05
2079,1039.500000,1,9.726972e-05
2080,1040.000000,1,8.563404e-05
2081,1040.500000,0,9.908936e-05
2082,1041.000000,1,8.941245e-05
2083,1041.500000,1,8.864203e-05
2084,1042.000000,1,8.081284e-05
2085,1042.500000,0,9.284036e-05
2086,1043.000000,1,9.977389e-05
2087,1043.500000,1,9.805986e-05
2088,1044.000000,1,8.693806e-05
2089,1044.500000,0,9.419519e-05
2090,1045.000000,1,8.146206e-05
2091,1045.500000,2,9.817426e-05
2092,1046.000000,1,7.885223e-05
2093,1046.500000,0,9.608893e-05
2094,1047.000000,1,9.568232e-05
2095,1047.500000,1,9.492179e-05
2096,1048.000000,1,9.791602e-05
2097,1048.500000,1,7.481551e-05
2098,1049.000000,0,9.362324e-05
2099,1049.500000,1,9.049028e-05
2100,1050.000000,2,9.468644e-05
2101,1050.500000,1,9.247931e-05
2102,1051.000000,1,8.230261e-05
2103,1051.500000,1,7.833803e-05
2104,1052.000000,2,9.625033e-05
2105,1052.500000,1,8.751126e-05
2106,1053.000000,1,9.035884e-05
2107,1053.500000,1,8.141247e-05
2108,1054.000000,0,8.804500e-05
2109,1054.500000,1,8.671450e-05
2110,1055.000000,1,8.522638e-05
2111,1055.500000,1,9.906351e-05
2112,1056.000000,1,8.633413e-05
2113,1056.500000,0,9.561688e-05
2114,1057.000000,1,9.128301e-05
2115,1057.500000,1,9.645247e-05
2116,1058.000000,1,9.212147e-05
2117,1058.500000,1,8.533983e-05
2118,1059.000000,1,9.861503e-05
2119,1059.500000,1,9.037122e-05
2120,1060.000000,1,7.970043e-05
2121,1060.500000,0,9.509983e-05
2122,1061.000000,1,8.209863e-05
2123,1061.500000,1,8.392782e-05
2124,1062.000000,0,9.583888e-05
2125,1062.500000,1,9.244531e-05
2126,1063.000000,1,7.929760e-05
2127,1063.500000,0,8.796580e-05
2128,1064.000000,1,9.133029e-05
2129,1064.500000,1,8.677402e-05
2130,1065.000000,2,9.353747e-05
2131,1065.500000,1,8.447578e-05
2132,1066.000000,1,8.475267e-05
2133,1066.500000,0,9.008583e-05
2134,1067.000000,0,9.910830e-05
2135,1067.500000,1,9.490004e-05
2136,1068.000000,1,8.325729e-05
2137,1068.500000,0,8.726966e-05
2138,1069.000000,0,9.641883e-05
2139,1069.500000,1,9.552718e-05
2140,1070.000000,1,8.689247e-05
2141,1070.500000,1,9.325719e-05
2142,1071.000000,1,9.887251e-05
2143,1071.500000,1,8.526169e-05
2144,1072.000000,0,9.615712e-05
2145,1072.500000,1,7.675464e-05
2146,1073.000000,0,8.625113e-05
2147,1073.500000,1,9.001043e-05
2148,1074.000000,1,8.669792e-05
2149,1074.500000,0,9.712015e-05
2150,1075.000000,1,9.693192e-05
2151,1075.500000,1,8.482735e-05
2152,1076.000000,1,9.090890e-05
2153,1076.500000,1,8.816968e-05
2154,1077.000000,1,9.367222e-05
2155,1077.500000,1,7.109233e-05
2156,1078.000000,0,8.673149e-05
2157,1078.500000,1,9.427147e-05
2158,1079.000000,1,9.175539e-05
2159,1079.500000,1,7.812846e-05
2160,1080.000000,0,8.800743e-05
2161,1080.500000,1,8.489139e-05
2162,1081.000000,1,8.168916e-05
2163,1081.500000,0,9.074989e-05
2164,1082.000000,0,9.900812e-05
2165,1082.500000,1,9.659933e-05
2166,1083.000000,1,8.826229e-05
2167,1083.500000,1,9.457579e-05
2168,1084.000000,1,8.878914e-05
2169,1084.500000,2,9.440840e-05
2170,1085.000000,1,9.221432e-05
2171,1085.500000,1,8.636470e-05
2172,1086.000000,0,9.198586e-05
2173,1086.500000,0,9.783910e-05
2174,1087.000000,1,8.019208e-05
2175,1087.500000,1,9.256897e-05
2176,1088.000000,1,7.389322e-05
2177,1088.500000,0,9.588521e-05
2178,1089.000000,1,9.149455e-05
2179,1089.500000,1,8.039036e-05
2180,1090.000000,2,9.948639e-05
2181,1090.500000,1,8.291691e-05
2182,1091.000000,1,7.783174e-05
2183,1091.500000,0,9.460293e-05
2184,1092.000000,1,9.494952e-05
2185,1092.500000,1,8.252520e-05
2186,1093.000000,1,9.343025e-05
2187,1093.500000,1,7.862705e-05
2188,1094.000000,0,8.359334e-05
2189,1094.500000,0,9.478803e-05
2190,1095.000000,1,9.838825e-05
2191,1095.500000,1,8.779249e-05
2192,1096.000000,0,9.563475e-05
2193,1096.500000,1,9.508851e-05
2194,1097.000000,1,8.385117e-05
2195,1097.500000,1,8.819545e-05
2196,1098.000000,1,9.321713e-05
2197,1098.500000,1,7.851892e-05
2198,1099.000000,0,8.704270e-05
2199,1099.500000,1,6.739497e-05
2200,1100.000000,0,7.650225e-05
2201,1100.500000,1,7.887574e-05
2202,1101.000000,1,7.638935e-05
2203,1101.500000,0,8.819100e-05
2204,1102.000000,1,8.431939e-05
2205,1102.500000,1,7.450039e-05
2206,1103.000000,0,9.293518e-05
2207,1103.500000,1,8.207848e-05
2208,1104.000000,1,8.887632e-05
2209,1104.500000,2,9.675048e-05
2210,1105.000000,1,8.948298e-05
2211,1105.500000,1,7.342702e-05
2212,1106.000000,0,9.200839e-05
2213,1106.500000,1,9.452007e-05
2214,1107.000000,1,9.201682e-05
2215,1107.500000,1,8.782665e-05
2216,1108.000000,0,9.932468e-05
2217,1108.500000,1,9.966683e-05
2218,1109.000000,1,9.042325e-05
2219,1109.500000,1,9.085451e-05
2220,1110.000000,1,8.992403e-05
2221,1110.500000,1,7.481330e-05
2222,1111.000000,0,8.460078e-05
2223,1111.500000,0,9.640335e-05
2224,1112.000000,1,8.210621e-05
2225,1112.500000,1,8.044467e-05
2226,1113.000000,0,8.824137e-05
2227,1113.500000,0,9.543156e-05
2228,1114.000000,1,9.872985e-05
2229,1114.500000,1,9.872219e-05
2230,1115.000000,1,9.217092e-05
2231,1115.500000,1,8.701042e-05
2232,1116.000000,1,8.369112e-05
2233,1116.500000,0,8.654657e-05
2234,1117.000000,0,9.498409e-05
2235,1117.500000,1,9.058724e-05
2236,1118.000000,1,9.501597e-05
2237,1118.500000,1,8.674042e-05
2238,1119.000000,0,9.691455e-05
2239,1119.500000,1,9.642790e-05
2240,1120.000000,1,8.344199e-05
2241,1120.500000,0,8.922967e-05
2242,1121.000000,1,9.043407e-05
2243,1121.500000,1,9.993011e-05
2244,1122.000000,1,9.755263e-05
2245,1122.500000,1,8.147439e-05
2246,1123.000000,1,9.959067e-05
2247,1123.500000,1,9.042671e-05
2248,1124.000000,1,9.590747e-05
2249,1124.500000,1,8.760046e-05
2250,1125.000000,1,9.683388e-05
2251,1125.500000,1,7.702485e-05
2252,1126.000000,0,8.911784e-05
2253,1126.500000,1,8.708470e-05
2254,1127.000000,1,7.587487e-05
2255,1127.500000,0,8.643557e-05
2256,1128.000000,1,9.938346e-05
2257,1128.500000,1,9.764634e-05
2258,1129.000000,1,8.987773e-05
2259,1129.500000,1,7.985430e-05
2260,1130.000000,0,9.256528e-05
2261,1130.500000,1,9.832087e-05
2262,1131.000000,1,8.542340e-05
2263,1131.500000,1,9.942462e-05
2264,1132.000000,2,8.708671e-05
2265,1132.500000,1,9.174522e-05
2266,1133.000000,1,9.297367e-05
2267,1133.500000,1,8.999548e-05
2268,1134.000000,0,9.897402e-05
2269,1134.500000,1,8.326602e-05
2270,1135.000000,1,9.078460e-05
2271,1135.500000,0,9.830307e-05
2272,1136.000000,1,9.701725e-05
2273,1136.500000,1,9.918418e-05
2274,1137.000000,1,7.827722e-05
2275,1137.500000,0,7.917981e-05
2276,1138.000000,0,9.344907e-05
2277,1138.500000,1,8.207369e-05
2278,1139.000000,1,8.400866e-05
2279,1139.500000,0,9.944339e-05
2280,1140.000000,1,9.758125e-05
2281,1140.500000,1,9.659505e-05
2282,1141.000000,1,9.726467e-05
2283,1141.500000,1,8.022124e-05
2284,1142.000000,1,9.697449e-05
2285,1142.500000,1,9.048955e-05
2286,1143.000000,1,9.208772e-05
2287,1143.500000,1,9.085207e-05
2288,1144.000000,1,9.639259e-05
2289,1144.500000,1,9.209037e-05
2290,1145.000000,1,9.072339e-05
2291,1145.500000,0,9.570843e-05
2292,1146.000000,1,8.329082e-05
2293,1146.500000,1,8.213262e-05
2294,1147.000000,0,9.966308e-05
2295,1147.500000,1,9.388639e-05
2296,1148.000000,1,8.449585e-05
2297,1148.500000,2,9.363320e-05
2298,1149.000000,1,8.569611e-05
2299,1149.500000,1,9.037885e-05
2300,1150.000000,1,7.183155e-05
2301,1150.500000,0,8.586722e-05
2302,1151.000000,1,9.776406e-05
2303,1151.500000,1,9.739487e-05
2304,1152.000000,1,8.501369e-05
2305,1152.500000,0,9.234513e-05
2306,1153.000000,1,8.134397e-05
2307,1153.500000,1,7.306439e-05
2308,1154.000000,0,7.660820e-05
2309,1154.500000,0,8.694640e-05
2310,1155.000000,1,9.856573e-05
2311,1155.500000,1,8.905154e-05
2312,1156.000000,0,9.609500e-05
2313,1156.500000,1,8.999642e-05
2314,1157.000000,0,9.714819e-05
2315,1157.500000,1,9.969856e-05
2316,1158.000000,1,8.533778e-05
2317,1158.500000,0,9.377350e-05
2318,1159.000000,2,9.117091e-05
2319,1159.500000,1,8.664467e-05
2320,1160.000000,1,9.644266e-05
2321,1160.500000,1,9.651406e-05
2322,1161.000000,1,8.704956e-05
2323,1161.500000,1,9.480392e-05
2324,1162.000000,1,9.608851e-05
2325,1162.500000,1,9.872583e-05
2326,1163.000000,1,9.598973e-05
2327,1163.500000,1,9.350115e-05
2328,1164.000000,1,9.128657e-05
2329,1164.500000,1,9.974630e-05
2330,1165.000000,1,9.876449e-05
2331,1165.500000,1,9.944016e-05
2332,1166.000000,1,9.850141e-05
2333,1166.500000,1,7.772705e-05
2334,1167.000000,0,9.574312e-05
2335,1167.500000,1,9.620872e-05
2336,1168.000000,1,9.573600e-05
2337,1168.500000,1,8.300832e-05
2338,1169.000000,0,8.355803e-05
2339,1169.500000,0,9.100496e-05
2340,1170.000000,1,8.192996e-05
2341,1170.500000,2,8.728218e-05
2342,1171.000000,1,9.294741e-05
2343,1171.500000,1,8.316160e-05
2344,1172.000000,1,7.803298e-05
2345,1172.500000,0,9.489031e-05
2346,1173.000000,1,9.225466e-05
2347,1173.500000,1,8.522607e-05
2348,1174.000000,0,9.736226e-05
2349,1174.500000,1,9.249292e-05
2350,1175.000000,1,9.726845e-05
2351,1175.500000,1,9.044961e-05
2352,1176.000000,1,9.544026e-05
2353,1176.500000,1,8.663991e-05
2354,1177.000000,0,9.765414e-05
2355,1177.500000,1,8.544382e-05
2356,1178.000000,1,9.870238e-05
2357,1178.500000,2,9.857725e-05
2358,1179.000000,1,7.115191e-05
2359,1179.500000,0,8.775602e-05
2360,1180.000000,1,9.707820e-05
2361,1180.500000,1,8.804035e-05
2362,1181.000000,0,9.666681e-05
2363,1181.500000,1,7.727106e-05
2364,1182.000000,0,9.091770e-05
2365,1182.500000,1,9.737898e-05
2366,1183.000000,2,9.943557e-05
2367,1183.500000,1,8.545404e-05
2368,1184.000000,0,9.701516e-05
2369,1184.500000,1,7.944602e-05
2370,1185.000000,1,7.936983e-05
2371,1185.500000,0,9.900752e-05
2372,1186.000000,1,8.943887e-05
2373,1186.500000,1,9.562094e-05
2374,1187.000000,1,8.809681e-05
2375,1187.500000,1,9.074875e-05
2376,1188.000000,1,7.576630e-05
2377,1188.500000,0,7.855656e-05
2378,1189.000000,0,8.996630e-05
2379,1189.500000,1,9.982617e-05
2380,1190.000000,1,9.124960e-05
2381,1190.500000,1,9.803820e-05
2382,1191.000000,1,7.591593e-05
2383,1191.500000,0,9.602781e-05
2384,1192.000000,2,9.070932e-05
2385,1192.500000,1,9.659393e-05
2386,1193.000000,1,9.849264e-05
2387,1193.500000,1,8.049061e-05
2388,1194.000000,0,8.426944e-05
2389,1194.500000,0,9.380801e-05
2390,1195.000000,1,8.818280e-05
2391,1195.500000,1,7.631502e-05
2392,1196.000000,0,8.707420e-05
2393,1196.500000,1,9.467878e-05
2394,1197.000000,1,9.416659e-05
2395,1197.500000,2,9.385484e-05
2396,1198.000000,1,8.116211e-05
2397,1198.500000,0,9.702314e-05
2398,1199.000000,1,9.306103e-05
2399,1199.500000,1,8.855643e-05
2400,1200.000000,0,9.798304e-05
2401,1200.500000,1,9.228425e-05
2402,1201.000000,1,9.330780e-05
2403,1201.500000,1,8.305619e-05
2404,1202.000000,0,9.909920e-05
2405,1202.500000,1,9.109416e-05
2406,1203.000000,1,8.138274e-05
2407,1203.500000,0,8.757599e-05
2408,1204.000000,0,9.907047e-05
2409,1204.500000,1,9.676678e-05
2410,1205.000000,1,9.742647e-05
2411,1205.500000,1,9.285553e-05
2412,1206.000000,1,8.354975e-05
2413,1206.500000,0,9.485927e-05
2414,1207.000000,1,9.892150e-05
2415,1207.500000,1,8.530636e-05
2416,1208.000000,0,9.502562e-05
2417,1208.500000,1,8.928455e-05
2418,1209.000000,1,8.718929e-05
2419,1209.500000,1,9.204156e-05
2420,1210.000000,1,7.964596e-05
2421,1210.500000,0,8.212651e-05
2422,1211.000000,0,9.112921e-05
2423,1211.500000,1,9.501773e-05
2424,1212.000000,1,8.779035e-05
2425,1212.500000,1,8.317653e-05
2426,1213.000000,0,9.310569e-05
2427,1213.500000,1,8.873402e-05
2428,1214.000000,2,8.844894e-05
2429,1214.500000,1,9.026624e-05
2430,1215.000000,1,8.726876e-05
2431,1215.500000,1,8.220041e-05
2432,1216.000000,0,9.696032e-05
2433,1216.500000,1,9.975239e-05
2434,1217.000000,1,8.330432e-05
2435,1217.500000,0,8.578052e-05
2436,1218.000000,0,9.673248e-05
2437,1218.500000,1,9.002205e-05
2438,1219.000000,2,9.982415e-05
2439,1219.500000,1,9.002822e-05
2440,1220.000000,1,9.781810e-05
2441,1220.500000,4,9.904637e-05
2442,1221.000000,2,9.996561e-05
2443,1221.500000,1,9.975306e-05
2444,1222.000000,1,7.197323e-05
2445,1222.500000,0,8.623993e-05
2446,1223.000000,1,9.083804e-05
2447,1223.500000,1,8.041946e-05
2448,1224.000000,0,9.893586e-05
2449,1224.500000,1,9.018394e-05
2450,1225.000000,1,8.951889e-05
2451,1225.500000,1,9.015835e-05
2452,1226.000000,1,8.892215e-05
2453,1226.500000,0,9.315211e-05
2454,1227.000000,1,8.143897e-05
2455,1227.500000,1,8.998130e-05
2456,1228.000000,1,7.998513e-05
2457,1228.500000,0,8.658949e-05
2458,1229.000000,1,9.247198e-05
2459,1229.500000,1,7.986753e-05
2460,1230.000000,0,9.525974e-05
2461,1230.500000,1,9.700484e-05
2462,1231.000000,1,9.778784e-05
2463,1231.500000,1,8.811545e-05
2464,1232.000000,1,9.168670e-05
2465,1232.500000,0,9.820078e-05
2466,1233.000000,1,8.074134e-05
2467,1233.500000,1,8.181021e-05
2468,1234.000000,1,9.908218e-05
2469,1234.500000,1,7.866522e-05
2470,1235.000000,1,9.830513e-05
2471,1235.500000,1,9.294948e-05
2472,1236.000000,1,7.893871e-05
2473,1236.500000,0,9.744483e-05
2474,1237.000000,1,9.338504e-05
2475,1237.500000,1,9.610774e-05
2476,1238.000000,1,8.871736e-05
2477,1238.500000,1,8.229328e-05
2478,1239.000000,1,9.691439e-05
2479,1239.500000,1,9.881715e-05
2480,1240.000000,1,9.416409e-05
2481,1240.500000,1,9.216872e-05
2482,1241.000000,1,9.971344e-05
2483,1241.500000,1,9.490301e-05
2484,1242.000000,1,8.539826e-05
2485,1242.500000,0,9.335447e-05
2486,1243.000000,1,9.367954e-05
2487,1243.500000,1,8.670948e-05
2488,1244.000000,0,9.288736e-05
2489,1244.500000,1,9.975104e-05
2490,1245.000000,1,9.518944e-05
2491,1245.500000,1,8.840900e-05
2492,1246.000000,2,9.318465e-05
2493,1246.500000,1,7.918157e-05
2494,1247.000000,0,9.499094e-05
2495,1247.500000,1,9.482840e-05
2496,1248.000000,1,8.378715e-05
2497,1248.500000,0,9.031659e-05
2498,1249.000000,1,9.374335e-05
2499,1249.500000,1,8.806305e-05
2500,1250.000000,1,8.621327e-05
2501,1250.500000,2,9.858997e-05
2502,1251.000000,1,8.648198e-05
2503,1251.500000,1,8.781754e-05
2504,1252.000000,2,8.118888e-05
2505,1252.500000,1,7.971909e-05
2506,1253.000000,1,9.397997e-05
2507,1253.500000,1,8.922788e-05
2508,1254.000000,1,8.387093e-05
2509,1254.500000,0,9.992849e-05
2510,1255.000000,1,7.770230e-05
2511,1255.500000,0,8.661921e-05
2512,1256.000000,1,8.606190e-05
2513,1256.500000,2,9.680102e-05
2514,1257.000000,1,8.747963e-05
2515,1257.500000,1,8.967312e-05
2516,1258.000000,1,7.609527e-05
2517,1258.500000,0,9.952332e-05
2518,1259.000000,1,8.590334e-05
2519,1259.500000,1,7.821644e-05
2520,1260.000000,0,9.359282e-05
2521,1260.500000,1,8.324153e-05
2522,1261.000000,1,9.313025e-05
2523,1261.500000,2,9.547824e-05
2524,1262.000000,1,9.670862e-05
2525,1262.500000,1,9.754159e-05
2526,1263.000000,1,9.094565e-05
2527,1263.500000,0,9.781547e-05
2528,1264.000000,1,8.813942e-05
2529,1264.500000,1,8.897938e-05
2530,1265.000000,0,9.957788e-05
2531,1265.500000,1,9.386852e-05
2532,1266.000000,1,8.639689e-05
2533,1266.500000,0,8.925972e-05
2534,1267.000000,0,9.866064e-05
2535,1267.500000,1,9.967431e-05
2536,1268.000000,1,9.606418e-05
2537,1268.500000,1,8.662682e-05
2538,1269.000000,0,9.790884e-05
2539,1269.500000,1,9.322690e-05
2540,1270.000000,1,7.900396e-05
2541,1270.500000,0,8.399154e-05
2542,1271.000000,0,9.556773e-05
2543,1271.500000,1,9.476073e-05
2544,1272.000000,1,9.320652e-05
2545,1272.500000,1,8.758240e-05
2546,1273.000000,0,9.761420e-05
2547,1273.500000,1,8.502463e-05
2548,1274.000000,1,9.660957e-05
2549,1274.500000,1,9.103649e-05
2550,1275.000000,1,7.875991e-05
2551,1275.500000,0,9.236466e-05
2552,1276.000000,1,8.283666e-05
2553,1276.500000,1,9.186906e-05
2554,1277.000000,1,8.294113e-05
2555,1277.500000,0,9.100055e-05
2556,1278.000000,1,8.595051e-05
2557,1278.500000,2,9.665630e-05
2558,1279.000000,1,9.090235e-05
2559,1279.500000,1,8.999219e-05
2560,1280.000000,1,8.171186e-05
2561,1280.500000,1,8.614683e-05
2562,1281.000000,0,9.792568e-05
2563,1281.500000,1,8.718360e-05
2564,1282.000000,1,7.413680e-05
2565,1282.500000,0,8.186377e-05
2566,1283.000000,1,9.385055e-05
2567,1283.500000,1,9.902330e-05
2568,1284.000000,1,8.500487e-05
2569,1284.500000,0,9.158376e-05
2570,1285.000000,0,9.975202e-05
2571,1285.500000,1,8.396320e-05
2572,1286.000000,1,7.943379e-05
2573,1286.500000,0,8.908454e-05
2574,1287.000000,1,9.427829e-05
2575,1287.500000,1,8.516489e-05
2576,1288.000000,1,7.992790e-05
2577,1288.500000,0,9.805909e-05
2578,1289.000000,2,9.815179e-05
2579,1289.500000,2,9.790570e-05
2580,1290.000000,1,8.515361e-05
2581,1290.500000,1,8.544218e-05
2582,1291.000000,2,9.991116e-05
2583,1291.500000,1,9.164243e-05
2584,1292.000000,1,8.471588e-05
2585,1292.500000,0,9.341575e-05
2586,1293.000000,2,9.218780e-05
2587,1293.500000,1,9.014590e-05
2588,1294.000000,1,8.313638e-05
2589,1294.500000,0,9.864879e-05
2590,1295.000000,1,8.701812e-05
2591,1295.500000,1,8.749493e-05
2592,1296.000000,0,9.737265e-05
2593,1296.500000,1,8.533324e-05
2594,1297.000000,0,9.910656e-05
2595,1297.500000,1,8.033966e-05
2596,1298.000000,0,9.695994e-05
2597,1298.500000,1,8.990557e-05
2598,1299.000000,1,9.283104e-05
2599,1299.500000,1,8.495515e-05
2600,1300.000000,0,9.196784e-05
2601,1300.500000,1,8.646517e-05
2602,1301.000000,1,7.641380e-05
2603,1301.500000,0,9.329725e-05
2604,1302.000000,1,8.985847e-05
2605,1302.500000,1,9.242085e-05
2606,1303.000000,2,9.382203e-05
2607,1303.500000,1,8.813965e-05
2608,1304.000000,1,6.939692e-05
2609,1304.500000,0,8.964689e-05
2610,1305.000000,2,9.828106e-05
2611,1305.500000,1,8.454276e-05
2612,1306.000000,2,9.090471e-05
2613,1306.500000,1,9.356181e-05
2614,1307.000000,2,8.731729e-05
2615,1307.500000,1,9.341797e-05
2616,1308.000000,1,9.515543e-05
2617,1308.500000,1,9.766926e-05
2618,1309.000000,1,7.367484e-05
2619,1309.500000,0,8.956785e-05
2620,1310.000000,1,9.061971e-05
2621,1310.500000,1,8.227712e-05
2622,1311.000000,0,9.059658e-05
2623,1311.500000,1,8.272082e-05
2624,1312.000000,2,9.405499e-05
2625,1312.500000,1,8.487704e-05
2626,1313.000000,1,7.968726e-05
2627,1313.500000,1,7.337969e-05
2628,1314.000000,0,8.481332e-05
2629,1314.500000,2,9.726547e-05
2630,1315.000000,2,9.429493e-05
2631,1315.500000,1,9.880417e-05
2632,1316.000000,1,9.870899e-05
2633,1316.500000,1,8.804703e-05
2634,1317.000000,0,9.230245e-05
2635,1317.500000,1,9.800252e-05
2636,1318.000000,1,9.442815e-05
2637,1318.500000,1,8.993587e-05
2638,1319.000000,1,8.844036e-05
2639,1319.500000,0,9.363278e-05
2640,1320.000000,1,8.958800e-05
2641,1320.500000,1,8.301332e-05
2642,1321.000000,1,8.892139e-05
2643,1321.500000,0,9.506314e-05
2644,1322.000000,1,9.888144e-05
2645,1322.500000,1,8.294582e-05
2646,1323.000000,1,8.355153e-05
2647,1323.500000,1,8.344167e-05
2648,1324.000000,0,8.979786e-05
2649,1324.500000,1,7.836388e-05
2650,1325.000000,0,9.803728e-05
2651,1325.500000,1,9.323302e-05
2652,1326.000000,2,9.322971e-05
2653,1326.500000,1,7.851433e-05
2654,1327.000000,0,9.356037e-05
2655,1327.500000,1,9.889701e-05
2656,1328.000000,2,9.794063e-05
2657,1328.500000,1,7.918355e-05
2658,1329.000000,0,8.224286e-05
2659,1329.500000,0,9.592736e-05
2660,1330.000000,1,9.191819e-05
2661,1330.500000,1,8.878710e-05
2662,1331.000000,1,9.429909e-05
2663,1331.500000,1,8.705294e-05
2664,1332.000000,1,9.435916e-05
2665,1332.500000,1,8.562145e-05
2666,1333.000000,1,7.814231e-05
2667,1333.500000,0,8.510289e-05
2668,1334.000000,1,9.385840e-05
2669,1334.500000,1,9.740430e-05
2670,1335.000000,1,8.630159e-05
2671,1335.500000,0,9.421719e-05
2672,1336.000000,1,7.429947e-05
2673,1336.500000,0,9.656143e-05
2674,1337.000000,1,7.401598e-05
2675,1337.500000,0,9.650186e-05
2676,1338.000000,1,9.426612e-05
2677,1338.500000,2,8.755620e-05
2678,1339.000000,2,9.309768e-05
2679,1339.500000,1,9.153409e-05
2680,1340.000000,1,8.969660e-05
2681,1340.500000,1,8.758247e-05
2682,1341.000000,2,9.421793e-05
2683,1341.500000,1,8.794041e-05
2684,1342.000000,0,9.858294e-05
2685,1342.500000,1,8.830806e-05
2686,1343.000000,1,9.036314e-05
2687,1343.500000,1,9.228204e-05
2688,1344.000000,0,9.689782e-05
2689,1344.500000,1,9.341465e-05
2690,1345.000000,1,9.436957e-05
2691,1345.500000,1,9.239255e-05
2692,1346.000000,1,8.019409e-05
2693,1346.500000,0,9.206566e-05
2694,1347.000000,1,9.608976e-05
2695,1347.500000,1,8.680133e-05
2696,1348.000000,2,9.808684e-05
2697,1348.500000,1,7.664756e-05
2698,1349.000000,1,8.858134e-05
2699,1349.500000,1,7.516117e-05
2700,1350.000000,1,9.198406e-05
2701,1350.500000,1,9.286968e-05
2702,1351.000000,1,9.145435e-05
2703,1351.500000,1,9.037279e-05
2704,1352.000000,1,8.182540e-05
2705,1352.500000,0,8.930076e-05
2706,1353.000000,0,9.803499e-05
2707,1353.500000,1,9.703385e-05
2708,1354.000000,1,9.203976e-05
2709,1354.500000,1,8.353129e-05
2710,1355.000000,0,9.969567e-05
2711,1355.500000,1,9.668687e-05
2712,1356.000000,1,8.758455e-05
2713,1356.500000,0,9.167885e-05
2714,1357.000000,1,8.960354e-05
2715,1357.500000,1,9.464481e-05
2716,1358.000000,2,9.288915e-05
2717,1358.500000,1,7.954901e-05
2718,1359.000000,1,8.889203e-05
2719,1359.500000,1,7.786333e-05
2720,1360.000000,0,8.705422e-05
2721,1360.500000,1,8.047897e-05
2722,1361.000000,2,9.546808e-05
2723,1361.500000,1,8.016049e-05
2724,1362.000000,1,7.306735e-05
2725,1362.500000,1,7.656776e-05
2726,1363.000000,0,9.199566e-05
2727,1363.500000,1,7.797368e-05
2728,1364.000000,2,8.484891e-05
2729,1364.500000,1,7.921345e-05
2730,1365.000000,0,9.529082e-05
2731,1365.500000,1,9.746525e-05
2732,1366.000000,1,9.543913e-05
2733,1366.500000,1,8.600457e-05
2734,1367.000000,0,9.983928e-05
2735,1367.500000,1,8.986622e-05
2736,1368.000000,2,9.460846e-05
2737,1368.500000,1,9.063503e-05
2738,1369.000000,1,9.295065e-05
2739,1369.500000,1,8.047335e-05
2740,1370.000000,0,8.567041e-05
2741,1370.500000,0,9.297572e-05
2742,1371.000000,1,9.796654e-05
2743,1371.500000,1,8.707259e-05
2744,1372.000000,0,9.652738e-05
2745,1372.500000,1,8.036977e-05
2746,1373.000000,0,9.713640e-05
2747,1373.500000,1,9.979720e-05
2748,1374.000000,1,9.983377e-05
2749,1374.500000,2,8.931676e-05
2750,1375.000000,1,8.445964e-05
2751,1375.500000,1,9.564617e-05
2752,1376.000000,1,8.268311e-05
2753,1376.500000,0,8.819562e-05
2754,1377.000000,1,8.893101e-05
2755,1377.500000,1,9.375764e-05
2756,1378.000000,1,8.683084e-05
2757,1378.500000,1,7.907571e-05
2758,1379.000000,0,8.772509e-05
2759,1379.500000,0,9.773269e-05
2760,1380.000000,1,8.866557e-05
2761,1380.500000,1,8.405900e-05
2762,1381.000000,0,9.568186e-05
2763,1381.500000,1,9.628255e-05
2764,1382.000000,1,9.132191e-05
2765,1382.500000,1,8.667384e-05
2766,1383.000000,0,9.932913e-05
2767,1383.500000,1,9.644293e-05
2768,1384.000000,2,9.090021e-05
2769,1384.500000,1,8.886947e-05
2770,1385.000000,1,8.543027e-05
2771,1385.500000,0,9.705038e-05
2772,1386.000000,2,8.695612e-05
2773,1386.500000,1,9.399511e-05
2774,1387.000000,1,8.685401e-05
2775,1387.500000,0,8.956219e-05
2776,1388.000000,0,9.660375e-05
2777,1388.500000,1,8.842595e-05
2778,1389.000000,2,9.101784e-05
2779,1389.500000,1,8.614141e-05
2780,1390.000000,1,8.376340e-05
2781,1390.500000,1,7.922704e-05
2782,1391.000000,0,8.921322e-05
2783,1391.500000,1,8.713904e-05
2784,1392.000000,1,8.390456e-05
2785,1392.500000,1,8.014221e-05
2786,1393.000000,0,9.240293e-05
2787,1393.500000,1,9.236996e-05
2788,1394.000000,2,8.495792e-05
2789,1394.500000,1,9.071362e-05
2790,1395.000000,1,8.876573e-05
2791,1395.500000,1,9.957257e-05
2792,1396.000000,1,7.722695e-05
2793,1396.500000,0,9.613232e-05
2794,1397.000000,1,9.511513e-05
2795,1397.500000,1,8.087038e-05
2796,1398.000000,0,8.751935e-05
2797,1398.500000,1,9.569095e-05
2798,1399.000000,1,7.598330e-05
2799,1399.500000,0,8.137424e-05
2800,1400.000000,0,9.317401e-05
2801,1400.500000,1,7.883444e-05
2802,1401.000000,2,8.462467e-05
2803,1401.500000,1,8.978897e-05
2804,1402.000000,1,8.657615e-05
2805,1402.500000,1,9.252899e-05
2806,1403.000000,1,9.613766e-05
2807,1403.500000,1,8.255795e-05
2808,1404.000000,1,8.228150e-05
2809,1404.500000,0,9.365766e-05
2810,1405.000000,1,9.726837e-05
2811,1405.500000,1,9.762773e-05
2812,1406.000000,1,7.598323e-05
2813,1406.500000,0,9.714712e-05
2814,1407.000000,1,9.583542e-05
2815,1407.500000,1,8.153817e-05
2816,1408.000000,0,8.743192e-05
2817,1408.500000,1,9.322002e-05
2818,1409.000000,2,9.778116e-05
2819,1409.500000,1,8.243300e-05
2820,1410.000000,0,9.847533e-05
2821,1410.500000,1,8.028468e-05
2822,1411.000000,1,9.278662e-05
2823,1411.500000,2,7.808272e-05
2824,1412.000000,1,7.648277e-05
2825,1412.500000,0,9.055097e-05
2826,1413.000000,1,8.179539e-05
2827,1413.500000,1,9.509976e-05
2828,1414.000000,1,8.533119e-05
2829,1414.500000,0,9.027913e-05
2830,1415.000000,1,8.634670e-05
2831,1415.500000,1,8.235050e-05
2832,1416.000000,1,8.588981e-05
2833,1416.500000,2,9.958613e-05
2834,1417.000000,1,8.061666e-05
2835,1417.500000,0,9.746893e-05
2836,1418.000000,1,9.865221e-05
2837,1418.500000,1,8.965337e-05
2838,1419.000000,1,9.400183e-05
2839,1419.500000,1,7.489169e-05
2840,1420.000000,0,9.336943e-05
2841,1420.500000,1,9.264209e-05
2842,1421.000000,2,9.425304e-05
2843,1421.500000,1,9.005088e-05
2844,1422.000000,1,7.390885e-05
2845,1422.500000,0,9.012923e-05
2846,1423.000000,1,9.836905e-05
2847,1423.500000,1,9.064511e-05
2848,1424.000000,1,9.761343e-05
2849,1424.500000,2,9.216951e-05
2850,1425.000000,1,8.074578e-05
2851,1425.500000,0,9.035277e-05
2852,1426.000000,1,8.757891e-05
2853,1426.500000,1,7.727926e-05
2854,1427.000000,0,9.122063e-05
2855,1427.500000,1,8.547483e-05
2856,1428.000000,1,9.496728e-05
2857,1428.500000,2,9.735752e-05
2858,1429.000000,1,9.667979e-05
2859,1429.500000,1,9.680509e-05
2860,1430.000000,1,9.314888e-05
2861,1430.500000,1,7.781476e-05
2862,1431.000000,0,9.706109e-05
2863,1431.500000,1,8.856076e-05
2864,1432.000000,2,9.994928e-05
2865,1432.500000,1,8.342355e-05
2866,1433.000000,0,9.546930e-05
2867,1433.500000,2,9.838720e-05
2868,1434.000000,1,9.659002e-05
2869,1434.500000,1,9.508402e-05
2870,1435.000000,2,9.640225e-05
2871,1435.500000,1,7.645932e-05
2872,1436.000000,0,9.151253e-05
2873,1436.500000,1,8.505859e-05
2874,1437.000000,2,9.006668e-05
2875,1437.500000,1,7.941545e-05
2876,1438.000000,0,9.622935e-05
2877,1438.500000,1,9.207814e-05
2878,1439.000000,1,8.420356e-05
2879,1439.500000,1,8.536746e-05
2880,1440.000000,2,9.546639e-05
2881,1440.500000,1,9.828854e-05
2882,1441.000000,1,7.980954e-05
2883,1441.500000,2,9.909927e-05
2884,1442.000000,1,8.781693e-05
2885,1442.500000,0,9.649901e-05
2886,1443.000000,1,9.201116e-05
2887,1443.500000,1,9.924714e-05
2888,1444.000000,1,8.749480e-05
2889,1444.500000,1,8.806441e-05
2890,1445.000000,1,9.741554e-05
2891,1445.500000,1,9.789005e-05
2892,1446.000000,1,9.822875e-05
2893,1446.500000,1,8.982494e-05
2894,1447.000000,1,9.895060e-05
2895,1447.500000,1,9.108373e-05
2896,1448.000000,1,9.764490e-05
2897,1448.500000,1,7.878277e-05
2898,1449.000000,0,9.339927e-05
2899,1449.500000,1,8.921371e-05
2900,1450.000000,1,8.158141e-05
2901,1450.500000,0,9.250318e-05
2902,1451.000000,1,9.196481e-05
2903,1451.500000,1,7.570981e-05
2904,1452.000000,0,8.860823e-05
2905,1452.500000,1,8.708917e-05
2906,1453.000000,1,8.129809e-05
2907,1453.500000,0,9.346724e-05
2908,1454.000000,1,9.051913e-05
2909,1454.500000,1,8.825849e-05
2910,1455.000000,2,8.796614e-05
2911,1455.500000,1,9.736962e-05
2912,1456.000000,1,7.729077e-05
2913,1456.500000,2,9.870988e-05
2914,1457.000000,2,8.917025e-05
2915,1457.500000,2,9.927171e-05
2916,1458.000000,1,9.238531e-05
2917,1458.500000,1,8.296603e-05
2918,1459.000000,2,9.966667e-05
2919,1459.500000,1,8.585758e-05
2920,1460.000000,0,9.448423e-05
2921,1460.500000,1,9.512336e-05
2922,1461.000000,1,9.988789e-05
2923,1461.500000,1,9.142890e-05
2924,1462.000000,1,8.490725e-05
2925,1462.500000,0,8.834837e-05
2926,1463.000000,0,9.393783e-05
2927,1463.500000,1,8.748295e-05
2928,1464.000000,1,8.080156e-05
2929,1464.500000,0,8.923781e-05
2930,1465.000000,1,8.843617e-05
2931,1465.500000,1,9.245892e-05
2932,1466.000000,1,8.207624e-05
2933,1466.500000,0,9.439320e-05
2934,1467.000000,1,7.958135e-05
2935,1467.500000,2,9.475497e-05
2936,1468.000000,2,8.538408e-05
2937,1468.500000,1,9.165599e-05
2938,1469.000000,1,9.257755e-05
2939,1469.500000,1,8.892771e-05
2940,1470.000000,1,9.948234e-05
2941,1470.500000,1,9.428055e-05
2942,1471.000000,1,9.569252e-05
2943,1471.500000,1,8.569503e-05
2944,1472.000000,0,9.355959e-05
2945,1472.500000,1,8.808330e-05
2946,1473.000000,1,7.909105e-05
2947,1473.500000,0,8.690955e-05
2948,1474.000000,0,9.824858e-05
2949,1474.500000,1,8.740442e-05
2950,1475.000000,1,9.915829e-05
2951,1475.500000,1,9.215852e-05
2952,1476.000000,1,9.981152e-05
2953,1476.500000,1,8.389587e-05
2954,1477.000000,1,7.410322e-05
2955,1477.500000,0,8.948343e-05
2956,1478.000000,1,7.639302e-05
2957,1478.500000,2,9.370055e-05
2958,1479.000000,1,8.628818e-05
2959,1479.500000,1,7.034597e-05
2960,1480.000000,1,7.235147e-05
2961,1480.500000,0,9.095419e-05
2962,1481.000000,1,7.035551e-05
2963,1481.500000,2,8.727168e-05
2964,1482.000000,1,8.876642e-05
2965,1482.500000,1,7.234729e-05
2966,1483.000000,1,7.321935e-05
2967,1483.500000,0,9.348251e-05
2968,1484.000000,1,8.449705e-05
2969,1484.500000,2,8.302168e-05
2970,1485.000000,1,8.461024e-05
2971,1485.500000,1,9.645122e-05
2972,1486.000000,1,8.843145e-05
2973,1486.500000,0,9.681646e-05
2974,1487.000000,1,9.464756e-05
2975,1487.500000,1,9.575310e-05
2976,1488.000000,1,8.976167e-05
2977,1488.500000,1,7.654363e-05
2978,1489.000000,0,7.986553e-05
2979,1489.500000,0,9.506585e-05
2980,1490.000000,1,9.727869e-05
2981,1490.500000,1,9.760488e-05
2982,1491.000000,2,9.727789e-05
2983,1491.500000,1,9.348787e-05
2984,1492.000000,1,6.866078e-05
2985,1492.500000,0,8.364542e-05
2986,1493.000000,2,9.399845e-05
2987,1493.500000,2,9.669203e-05
2988,1494.000000,2,8.821555e-05
2989,1494.500000,1,8.469760e-05
2990,1495.000000,1,9.231415e-05
2991,1495.500000,1,7.151882e-05
2992,1496.000000,0,8.489060e-05
2993,1496.500000,0,9.792169e-05
2994,1497.000000,1,9.976912e-05
2995,1497.500000,1,8.996704e-05
2996,1498.000000,0,9.630796e-05
2997,1498.500000,1,9.931586e-05
2998,1499.000000,1,9.041284e-05
2999,1499.500000,0,9.866058e-05
3000,1500.000000,1,9.296101e-05
3001,1500.500000,1,8.949167e-05
3002,1501.000000,1,8.417326e-05
3003,1501.500000,1,8.645537e-05
3004,1502.000000,1,7.922994e-05
3005,1502.500000,0,8.199104e-05
3006,1503.000000,0,8.796218e-05
3007,1503.500000,0,9.543506e-05
3008,1504.000000,1,8.667006e-05
3009,1504.500000,1,8.567641e-05
3010,1505.000000,1,7.649424e-05
3011,1505.500000,0,8.430122e-05
3012,1506.000000,0,9.993525e-05
3013,1506.500000,1,8.928610e-05
3014,1507.000000,1,8.616990e-05
3015,1507.500000,1,9.222187e-05
3016,1508.000000,1,7.762270e-05
3017,1508.500000,0,9.515450e-05
3018,1509.000000,1,9.232506e-05
3019,1509.500000,2,8.933724e-05
3020,1510.000000,1,9.097431e-05
3021,1510.500000,1,9.629966e-05
3022,1511.000000,1,8.242097e-05
3023,1511.500000,1,8.928362e-05
3024,1512.000000,1,9.909676e-05
3025,1512.500000,1,9.424935e-05
3026,1513.000000,1,9.284995e-05
3027,1513.500000,0,9.946597e-05
3028,1514.000000,1,9.842933e-05
3029,1514.500000,1,8.438847e-05
3030,1515.000000,1,9.091749e-05
3031,1515.500000,0,9.802945e-05
3032,1516.000000,1,9.259944e-05
3033,1516.500000,1,8.831986e-05
3034,1517.000000,1,8.306270e-05
3035,1517.500000,1,8.981237e-05
3036,1518.000000,0,9.829861e-05
3037,1518.500000,1,7.791701e-05
3038,1519.000000,2,8.787145e-05
3039,1519.500000,1,8.609539e-05
3040,1520.000000,1,8.573383e-05
3041,1520.500000,1,8.519353e-05
3042,1521.000000,1,9.212524e-05
3043,1521.500000,1,9.300011e-05
3044,1522.000000,1,9.872599e-05
3045,1522.500000,1,8.949299e-05
3046,1523.000000,1,9.213854e-05
3047,1523.500000,1,9.427660e-05
3048,1524.000000,1,9.118323e-05
3049,1524.500000,0,9.712050e-05
3050,1525.000000,1,8.012482e-05
3051,1525.500000,0,8.688774e-05
3052,1526.000000,1,9.885078e-05
3053,1526.500000,1,8.782613e-05
3054,1527.000000,1,8.085216e-05
3055,1527.500000,0,9.951825e-05
3056,1528.000000,1,7.443543e-05
3057,1528.500000,2,8.289240e-05
3058,1529.000000,1,8.492460e-05
3059,1529.500000,1,8.841884e-05
3060,1530.000000,1,7.814796e-05
3061,1530.500000,1,8.529224e-05
3062,1531.000000,1,8.503957e-05
3063,1531.500000,1,8.933261e-05
3064,1532.000000,1,9.461554e-05
3065,1532.500000,2,8.959561e-05
3066,1533.000000,1,8.615849e-05
3067,1533.500000,0,9.742636e-05
3068,1534.000000,1,9.561230e-05
3069,1534.500000,1,7.963842e-05
3070,1535.000000,0,8.383806e-05
3071,1535.500000,0,9.586638e-05
3072,1536.000000,1,9.622114e-05
3073,1536.500000,1,8.856450e-05
3074,1537.000000,0,9.954280e-05
3075,1537.500000,1,8.930843e-05
3076,1538.000000,0,9.841643e-05
3077,1538.500000,1,8.758094e-05
3078,1539.000000,2,8.718086e-05
3079,1539.500000,1,7.746689e-05
3080,1540.000000,0,9.595524e-05
3081,1540.500000,1,9.504011e-05
3082,1541.000000,1,9.065723e-05
3083,1541.500000,1,8.378420e-05
3084,1542.000000,0,9.662864e-05
3085,1542.500000,1,7.996587e-05
3086,1543.000000,1,8.807657e-05
3087,1543.500000,1,9.928356e-05
3088,1544.000000,1,9.748584e-05
3089,1544.500000,1,9.159949e-05
3090,1545.000000,1,8.921348e-05
3091,1545.500000,1,8.069271e-05
3092,1546.000000,0,9.195221e-05
3093,1546.500000,1,7.750599e-05
3094,1547.000000,1,9.396984e-05
3095,1547.500000,1,8.852075e-05
3096,1548.000000,1,7.764831e-05
3097,1548.500000,0,9.374036e-05
3098,1549.000000,1,7.646177e-05
3099,1549.500000,2,9.904039e-05
3100,1550.000000,1,8.862001e-05
3101,1550.500000,1,7.919509e-05
3102,1551.000000,1,7.880201e-05
3103,1551.500000,1,8.210635e-05
3104,1552.000000,0,9.409370e-05
3105,1552.500000,1,7.604819e-05
3106,1553.000000,0,9.977458e-05
3107,1553.500000,2,9.728748e-05
3108,1554.000000,1,8.417335e-05
3109,1554.500000,1,9.800093e-05
3110,1555.000000,1,8.929849e-05
3111,1555.500000,2,9.272277e-05
3112,1556.000000,1,9.120590e-05
3113,1556.500000,1,8.830188e-05
3114,1557.000000,1,9.178627e-05
3115,1557.500000,1,9.366001e-05
3116,1558.000000,1,8.439248e-05
3117,1558.500000,1,9.701765e-05
3118,1559.000000,1,9.662749e-05
3119,1559.500000,1,8.735440e-05
3120,1560.000000,1,9.737957e-05
3121,1560.500000,1,9.713589e-05
3122,1561.000000,1,8.808019e-05
3123,1561.500000,1,8.656043e-05
3124,1562.000000,0,9.675532e-05
3125,1562.500000,1,8.661018e-05
3126,1563.000000,1,8.889830e-05
3127,1563.500000,1,8.951285e-05
3128,1564.000000,0,9.742041e-05
3129,1564.500000,1,8.874276e-05
3130,1565.000000,1,8.930937e-05
3131,1565.500000,2,9.587708e-05
3132,1566.000000,1,7.777206e-05
3133,1566.500000,0,8.997708e-05
3134,1567.000000,2,8.700959e-05
3135,1567.500000,1,8.875856e-05
3136,1568.000000,1,8.938446e-05
3137,1568.500000,0,9.849492e-05
3138,1569.000000,1,9.286564e-05
3139,1569.500000,1,8.961220e-05
3140,1570.000000,0,9.754465e-05
3141,1570.500000,1,6.955455e-05
3142,1571.000000,1,8.329898e-05
3143,1571.500000,2,9.835754e-05
3144,1572.000000,1,9.874174e-05
3145,1572.500000,1,8.103129e-05
3146,1573.000000,0,9.576143e-05
3147,1573.500000,2,9.513703e-05
3148,1574.000000,1,9.100676e-05
3149,1574.500000,1,9.038505e-05
3150,1575.000000,1,9.079243e-05
3151,1575.500000,1,8.227119e-05
3152,1576.000000,1,8.325807e-05
3153,1576.500000,1,7.851595e-05
3154,1577.000000,0,9.403803e-05
3155,1577.500000,1,7.159890e-05
3156,1578.000000,0,8.230532e-05
3157,1578.500000,1,9.347193e-05
3158,1579.000000,1,8.286111e-05
3159,1579.500000,0,8.694781e-05
3160,1580.000000,0,9.656031e-05
3161,1580.500000,1,9.439605e-05
3162,1581.000000,1,9.849380e-05
3163,1581.500000,1,9.341336e-05
3164,1582.000000,2,9.882838e-05
3165,1582.500000,1,8.894069e-05
3166,1583.000000,0,9.961358e-05
3167,1583.500000,1,8.266221e-05
3168,1584.000000,0,9.888972e-05
3169,1584.500000,1,9.359561e-05
3170,1585.000000,1,8.377945e-05
3171,1585.500000,0,9.829460e-05
3172,1586.000000,1,9.616820e-05
3173,1586.500000,1,8.066877e-05
3174,1587.000000,1,8.162692e-05
3175,1587.500000,1,9.810005e-05
3176,1588.000000,2,8.453969e-05
3177,1588.500000,1,7.889480e-05
3178,1589.000000,1,8.070275e-05
3179,1589.500000,1,6.953718e-05
3180,1590.000000,0,8.164766e-05
3181,1590.500000,1,7.314691e-05
3182,1591.000000,2,8.506870e-05
3183,1591.500000,1,8.765115e-05
3184,1592.000000,1,7.104349e-05
3185,1592.500000,0,9.926851e-05
3186,1593.000000,1,8.030851e-05
3187,1593.500000,2,9.558809e-05
3188,1594.000000,1,7.588437e-05
3189,1594.500000,2,9.447178e-05
3190,1595.000000,1,8.792878e-05
3191,1595.500000,1,8.755672e-05
3192,1596.000000,1,8.144719e-05
3193,1596.500000,0,8.762375e-05
3194,1597.000000,0,9.937326e-05
3195,1597.500000,1,9.823489e-05
3196,1598.000000,1,9.897084e-05
3197,1598.500000,1,9.841238e-05
3198,1599.000000,1,9.803555e-05
3199,1599.500000,1,9.941226e-05
3200,1600.000000,1,8.274657e-05
3201,1600.500000,0,9.449836e-05
3202,1601.000000,1,9.775716e-05
3203,1601.500000,1,9.501828e-05
3204,1602.000000,1,8.607934e-05
3205,1602.500000,0,9.510725e-05
3206,1603.000000,1,8.061994e-05
3207,1603.500000,2,9.199966e-05
3208,1604.000000,1,8.210321e-05
3209,1604.500000,1,5.876616e-05
3210,1605.000000,0,7.485700e-05
3211,1605.500000,0,9.784166e-05
3212,1606.000000,1,8.045118e-05
3213,1606.500000,1,8.101786e-05
3214,1607.000000,2,8.913010e-05
3215,1607.500000,1,8.227750e-05
3216,1608.000000,3,9.901300e-05
3217,1608.500000,1,7.176263e-05
3218,1609.000000,0,8.795351e-05
3219,1609.500000,3,8.883292e-05
3220,1610.000000,2,7.910971e-05
3221,1610.500000,1,8.811215e-05
3222,1611.000000,1,7.801918e-05
3223,1611.500000,1,8.623522e-05
3224,1612.000000,1,9.164880e-05
3225,1612.500000,1,9.979173e-05
3226,1613.000000,1,8.922379e-05
3227,1613.500000,1,9.522930e-05
3228,1614.000000,1,9.568891e-05
3229,1614.500000,1,9.678129e-05
3230,1615.000000,1,9.695889e-05
3231,1615.500000,1,8.050779e-05
3232,1616.000000,0,9.452275e-05
3233,1616.500000,2,9.050756e-05
3234,1617.000000,1,9.672363e-05
3235,1617.500000,1,9.488175e-05
3236,1618.000000,1,8.222334e-05
3237,1618.500000,0,8.935378e-05
3238,1619.000000,0,9.807950e-05
3239,1619.500000,1,8.868871e-05
3240,1620.000000,1,7.930697e-05
3241,1620.500000,0,9.156819e-05
3242,1621.000000,1,8.292206e-05
3243,1621.500000,2,9.962718e-05
3244,1622.000000,1,9.617609e-05
3245,1622.500000,1,7.533169e-05
3246,1623.000000,1,7.723680e-05
3247,1623.500000,0,9.134774e-05
3248,1624.000000,1,7.903769e-05
3249,1624.500000,1,9.966397e-05
3250,1625.000000,1,9.167555e-05
3251,1625.500000,1,9.427848e-05
3252,1626.000000,1,8.491267e-05
3253,1626.500000,1,8.740375e-05
3254,1627.000000,1,7.619998e-05
3255,1627.500000,0,9.286317e-05
3256,1628.000000,1,9.849382e-05
3257,1628.500000,1,9.486727e-05
3258,1629.000000,1,8.451613e-05
3259,1629.500000,0,9.419083e-05
3260,1630.000000,1,9.034901e-05
3261,1630.500000,1,9.119928e-05
3262,1631.000000,1,8.348394e-05
3263,1631.500000,0,9.227905e-05
3264,1632.000000,1,8.768486e-05
3265,1632.500000,1,7.892475e-05
3266,1633.000000,0,8.436485e-05
3267,1633.500000,0,9.417461e-05
3268,1634.000000,1,9.024198e-05
3269,1634.500000,1,9.310703e-05
3270,1635.000000,1,8.784369e-05
3271,1635.500000,1,7.686395e-05
3272,1636.000000,0,9.095591e-05
3273,1636.500000,2,9.287864e-05
3274,1637.000000,2,8.690313e-05
3275,1637.500000,1,7.603971e-05
3276,1638.000000,0,7.938250e-05
3277,1638.500000,0,8.731423e-05
3278,1639.000000,0,9.801251e-05
3279,1639.500000,1,9.916848e-05
3280,1640.000000,1,8.100359e-05
3281,1640.500000,0,8.893177e-05
3282,1641.000000,1,9.672327e-05
3283,1641.500000,1,8.103639e-05
3284,1642.000000,0,9.246170e-05
3285,1642.500000,1,9.466370e-05
3286,1643.000000,1,8.975467e-05
3287,1643.500000,2,9.670824e-05
3288,1644.000000,1,9.420193e-05
3289,1644.500000,1,8.104107e-05
3290,1645.000000,0,9.852808e-05
3291,1645.500000,1,7.580123e-05
3292,1646.000000,1,8.844586e-05
3293,1646.500000,1,9.957600e-05
3294,1647.000000,1,9.260554e-05
3295,1647.500000,1,9.163181e-05
3296,1648.000000,1,9.149536e-05
3297,1648.500000,1,8.512728e-05
3298,1649.000000,0,9.856882e-05
3299,1649.500000,1,9.810013e-05
3300,1650.000000,1,7.607126e-05
3301,1650.500000,0,9.647601e-05
3302,1651.000000,2,9.207292e-05
3303,1651.500000,2,9.891598e-05
3304,1652.000000,1,9.403490e-05
3305,1652.500000,1,8.685314e-05
3306,1653.000000,1,9.790481e-05
3307,1653.500000,2,8.938606e-05
3308,1654.000000,1,8.847604e-05
3309,1654.500000,1,9.358428e-05
3310,1655.000000,1,8.176920e-05
3311,1655.500000,0,8.645297e-05
3312,1656.000000,0,9.457045e-05
3313,1656.500000,1,8.945877e-05
3314,1657.000000,1,9.611474e-05
3315,1657.500000,1,9.311271e-05
3316,1658.000000,1,9.943757e-05
3317,1658.500000,2,9.578311e-05
3318,1659.000000,1,9.413812e-05
3319,1659.500000,1,7.203695e-05
3320,1660.000000,0,9.112035e-05
3321,1660.500000,1,9.433712e-05
3322,1661.000000,2,9.803231e-05
3323,1661.500000,1,8.613424e-05
3324,1662.000000,1,7.084033e-05
3325,1662.500000,0,8.330385e-05
3326,1663.000000,1,8.934887e-05
3327,1663.500000,1,8.784984e-05
3328,1664.000000,1,8.442118e-05
3329,1664.500000,1,9.409831e-05
3330,1665.000000,1,7.345283e-05
3331,1665.500000,0,9.249170e-05
3332,1666.000000,2,8.314258e-05
3333,1666.500000,2,7.609202e-05
3334,1667.000000,1,7.131944e-05
3335,1667.500000,0,8.510942e-05
3336,1668.000000,0,9.972760e-05
3337,1668.500000,1,7.123995e-05
3338,1669.000000,1,7.794840e-05
3339,1669.500000,0,9.281907e-05
3340,1670.000000,1,9.279314e-05
3341,1670.500000,1,7.748639e-05
3342,1671.000000,0,8.175402e-05
3343,1671.500000,0,9.477663e-05
3344,1672.000000,1,8.041284e-05
3345,1672.500000,1,8.524749e-05
3346,1673.000000,0,9.992723e-05
3347,1673.500000,1,9.273888e-05
3348,1674.000000,1,8.921242e-05
3349,1674.500000,1,8.491047e-05
3350,1675.000000,1,7.361906e-05
3351,1675.500000,0,8.122115e-05
3352,1676.000000,0,9.733444e-05
3353,1676.500000,1,8.551982e-05
3354,1677.000000,1,8.145824e-05
3355,1677.500000,1,7.224436e-05
3356,1678.000000,0,8.855482e-05
3357,1678.500000,3,9.933106e-05
3358,1679.000000,2,9.693504e-05
3359,1679.500000,2,8.570005e-05
3360,1680.000000,1,8.188341e-05
3361,1680.500000,1,7.216804e-05
3362,1681.000000,0,9.003784e-05
3363,1681.500000,1,8.586041e-05
3364,1682.000000,1,8.250509e-05
3365,1682.500000,0,9.771411e-05
3366,1683.000000,1,8.479884e-05
3367,1683.500000,1,8.218450e-05
3368,1684.000000,0,9.800527e-05
3369,1684.500000,1,9.706273e-05
3370,1685.000000,1,9.310534e-05
3371,1685.500000,1,8.405409e-05
3372,1686.000000,0,9.777023e-05
3373,1686.500000,1,9.033418e-05
3374,1687.000000,1,8.185920e-05
3375,1687.500000,0,9.060483e-05
3376,1688.000000,1,8.357808e-05
3377,1688.500000,2,9.157092e-05
3378,1689.000000,1,9.212873e-05
3379,1689.500000,1,9.465748e-05
3380,1690.000000,0,9.880115e-05
3381,1690.500000,1,9.892398e-05
3382,1691.000000,1,9.155911e-05
3383,1691.500000,0,9.776413e-05
3384,1692.000000,1,8.905124e-05
3385,1692.500000,1,9.328234e-05
3386,1693.000000,1,9.601301e-05
3387,1693.500000,1,8.580445e-05
3388,1694.000000,0,8.863827e-05
3389,1694.500000,0,9.762368e-05
3390,1695.000000,1,8.901607e-05
3391,1695.500000,2,9.703297e-05
3392,1696.000000,1,8.797902e-05
3393,1696.500000,1,8.703013e-05
3394,1697.000000,0,9.665927e-05
3395,1697.500000,1,8.392604e-05
3396,1698.000000,0,9.838992e-05
3397,1698.500000,1,8.234374e-05
3398,1699.000000,2,9.736175e-05
3399,1699.500000,2,8.503781e-05
3400,1700.000000,1,9.491024e-05
3401,1700.500000,1,9.114960e-05
3402,1701.000000,1,9.570841e-05
3403,1701.500000,1,9.869888e-05
3404,1702.000000,1,9.441419e-05
3405,1702.500000,1,8.899893e-05
3406,1703.000000,1,8.497504e-05
3407,1703.500000,0,8.886419e-05
3408,1704.000000,0,9.742647e-05
3409,1704.500000,1,8.695220e-05
3410,1705.000000,1,8.133924e-05
3411,1705.500000,2,9.633465e-05
3412,1706.000000,1,8.844869e-05
3413,1706.500000,1,9.124643e-05
3414,1707.000000,2,9.683133e-05
3415,1707.500000,1,9.209063e-05
3416,1708.000000,1,8.360757e-05
3417,1708.500000,2,9.435996e-05
3418,1709.000000,1,8.224551e-05
3419,1709.500000,1,7.690902e-05
3420,1710.000000,0,9.537183e-05
3421,1710.500000,1,9.154250e-05
3422,1711.000000,2,8.814660e-05
3423,1711.500000,1,9.670438e-05
3424,1712.000000,1,7.663339e-05
3425,1712.500000,0,9.787412e-05
3426,1713.000000,2,8.685832e-05
3427,1713.500000,2,8.996546e-05
3428,1714.000000,1,9.466622e-05
3429,1714.500000,1,8.332037e-05
3430,1715.000000,2,9.995368e-05
3431,1715.500000,1,9.327350e-05
3432,1716.000000,1,9.028307e-05
3433,1716.500000,1,9.098923e-05
3434,1717.000000,1,8.289059e-05
3435,1717.500000,1,8.383503e-05
3436,1718.000000,0,9.688706e-05
3437,1718.500000,1,9.846343e-05
3438,1719.000000,1,8.684842e-05
3439,1719.500000,1,8.987692e-05
3440,1720.000000,1,8.885054e-05
3441,1720.500000,1,9.407789e-05
3442,1721.000000,1,9.185068e-05
3443,1721.500000,1,8.812298e-05
3444,1722.000000,1,7.844520e-05
3445,1722.500000,0,8.780734e-05
3446,1723.000000,0,9.803538e-05
3447,1723.500000,1,9.994192e-05
3448,1724.000000,1,9.027268e-05
3449,1724.500000,1,8.008834e-05
3450,1725.000000,0,8.880357e-05
3451,1725.500000,0,9.987530e-05
3452,1726.000000,1,9.734994e-05
3453,1726.500000,1,8.809443e-05
3454,1727.000000,2,9.168632e-05
3455,1727.500000,1,8.271944e-05
3456,1728.000000,1,8.364655e-05
3457,1728.500000,1,7.332954e-05
3458,1729.000000,0,8.486293e-05
3459,1729.500000,1,8.356325e-05
3460,1730.000000,2,8.702810e-05
3461,1730.500000,2,9.003943e-05
3462,1731.000000,1,9.043137e-05
3463,1731.500000,1,8.356638e-05
3464,1732.000000,1,8.823327e-05
3465,1732.500000,1,9.620503e-05
3466,1733.000000,1,8.709363e-05
3467,1733.500000,1,8.541180e-05
3468,1734.000000,0,9.768204e-05
3469,1734.500000,2,9.177909e-05
3470,1735.000000,1,9.415540e-05
3471,1735.500000,1,9.287645e-05
3472,1736.000000,1,8.613004e-05
3473,1736.500000,0,9.782654e-05
3474,1737.000000,1,7.899083e-05
3475,1737.500000,1,8.447649e-05
3476,1738.000000,0,9.988068e-05
3477,1738.500000,2,9.784255e-05
3478,1739.000000,1,9.297016e-05
3479,1739.500000,1,9.712670e-05
3480,1740.000000,1,8.417406e-05
3481,1740.500000,2,9.839068e-05
3482,1741.000000,1,7.678847e-05
3483,1741.500000,0,9.908979e-05
3484,1742.000000,1,8.378396e-05
3485,1742.500000,2,9.310100e-05
3486,1743.000000,1,9.488901e-05
3487,1743.500000,1,9.669728e-05
3488,1744.000000,1,7.997630e-05
3489,1744.500000,2,9.334962e-05
3490,1745.000000,1,8.593446e-05
3491,1745.500000,0,9.671877e-05
3492,1746.000000,1,8.263107e-05
3493,1746.500000,0,9.511559e-05
3494,1747.000000,1,9.075538e-05
3495,1747.500000,1,8.258456e-05
3496,1748.000000,0,9.060756e-05
3497,1748.500000,1,9.313855e-05
3498,1749.000000,1,9.082821e-05
3499,1749.500000,1,9.799459e-05
3500,1750.000000,1,7.067807e-05
3501,1750.500000,0,8.556223e-05
3502,1751.000000,1,8.491644e-05
3503,1751.500000,2,8.781729e-05
3504,1752.000000,1,8.156236e-05
3505,1752.500000,1,6.357813e-05
3506,1753.000000,0,7.802144e-05
3507,1753.500000,0,9.723976e-05
3508,1754.000000,1,9.260434e-05
3509,1754.500000,1,8.489684e-05
3510,1755.000000,1,8.824877e-05
3511,1755.500000,2,9.682009e-05
3512,1756.000000,1,8.220659e-05
3513,1756.500000,0,9.991725e-05
3514,1757.000000,1,7.894212e-05
3515,1757.500000,2,9.934673e-05
3516,1758.000000,1,9.239114e-05
3517,1758.500000,1,9.168985e-05
3518,1759.000000,1,7.510936e-05
3519,1759.500000,0,9.953297e-05
3520,1760.000000,1,8.672829e-05
3521,1760.500000,2,8.248511e-05
3522,1761.000000,1,8.856458e-05
3523,1761.500000,1,9.414041e-05
3524,1762.000000,1,8.760539e-05
3525,1762.500000,0,9.863729e-05
3526,1763.000000,1,9.415157e-05
3527,1763.500000,1,9.050109e-05
3528,1764.000000,1,8.744272e-05
3529,1764.500000,1,8.353868e-05
3530,1765.000000,0,9.655268e-05
3531,1765.500000,1,6.978311e-05
3532,1766.000000,0,7.785834e-05
3533,1766.500000,3,9.601947e-05
3534,1767.000000,2,8.491820e-05
3535,1767.500000,1,7.196156e-05
3536,1768.000000,0,9.057764e-05
3537,1768.500000,1,6.764134e-05
3538,1769.000000,0,9.794704e-05
3539,1769.500000,2,8.736136e-05
3540,1770.000000,2,9.997470e-05
3541,1770.500000,1,8.936406e-05
3542,1771.000000,1,8.510452e-05
3543,1771.500000,2,9.313352e-05
3544,1772.000000,1,8.773263e-05
3545,1772.500000,0,9.956324e-05
3546,1773.000000,1,8.695850e-05
3547,1773.500000,1,8.650301e-05
3548,1774.000000,1,8.964241e-05
3549,1774.500000,2,9.283288e-05
3550,1775.000000,1,8.646341e-05
3551,1775.500000,1,9.827861e-05
3552,1776.000000,1,8.091215e-05
3553,1776.500000,0,9.574116e-05
3554,1777.000000,1,8.484167e-05
3555,1777.500000,1,7.324586e-05
3556,1778.000000,0,8.369921e-05
3557,1778.500000,1,7.585238e-05
3558,1779.000000,1,9.134549e-05
3559,1779.500000,1,8.018048e-05
3560,1780.000000,1,8.811090e-05
3561,1780.500000,1,9.228053e-05
3562,1781.000000,1,9.880209e-05
3563,1781.500000,1,9.403197e-05
3564,1782.000000,1,8.084349e-05
3565,1782.500000,1,7.448240e-05
3566,1783.000000,0,8.721375e-05
3567,1783.500000,1,7.767605e-05
3568,1784.000000,0,9.766803e-05
3569,1784.500000,1,7.435871e-05
3570,1785.000000,0,8.947429e-05
3571,1785.500000,1,9.267171e-05
3572,1786.000000,1,7.885250e-05
3573,1786.500000,0,8.608394e-05
3574,1787.000000,1,9.484057e-05
3575,1787.500000,1,8.458918e-05
3576,1788.000000,0,9.945722e-05
3577,1788.500000,1,9.948195e-05
3578,1789.000000,1,9.477780e-05
3579,1789.500000,1,9.741924e-05
3580,1790.000000,1,7.654933e-05
3581,1790.500000,0,9.788662e-05
3582,1791.000000,2,9.079117e-05
3583,1791.500000,1,8.424125e-05
3584,1792.000000,1,8.170047e-05
3585,1792.500000,1,7.948789e-05
3586,1793.000000,1,8.237868e-05
3587,1793.500000,1,8.776604e-05
3588,1794.000000,1,9.457640e-05
3589,1794.500000,1,8.689488e-05
3590,1795.000000,1,8.911801e-05
3591,1795.500000,0,9.968650e-05
3592,1796.000000,1,9.570034e-05
3593,1796.500000,1,9.526104e-05
3594,1797.000000,0,9.920725e-05
3595,1797.500000,1,9.276546e-05
3596,1798.000000,2,9.980129e-05
3597,1798.500000,1,9.651951e-05
3598,1799.000000,1,9.829237e-05
3599,1799.500000,1,8.116699e-05
3600,1800.000000,0,9.862062e-05
3601,1800.500000,1,9.447089e-05
3602,1801.000000,2,9.656061e-05
3603,1801.500000,1,8.746953e-05
3604,1802.000000,1,7.772868e-05
3605,1802.500000,0,9.525289e-05
3606,1803.000000,1,7.959365e-05
3607,1803.500000,2,8.807516e-05
3608,1804.000000,1,9.635746e-05
3609,1804.500000,1,9.215128e-05
3610,1805.000000,0,9.928463e-05
3611,1805.500000,1,9.165670e-05
3612,1806.000000,1,8.849093e-05
3613,1806.500000,0,9.684938e-05
3614,1807.000000,1,8.473260e-05
3615,1807.500000,2,9.105075e-05
3616,1808.000000,1,8.850944e-05
3617,1808.500000,2,9.604051e-05
3618,1809.000000,1,8.718108e-05
3619,1809.500000,1,7.385521e-05
3620,1810.000000,0,8.822964e-05
3621,1810.500000,1,9.506887e-05
3622,1811.000000,1,8.629035e-05
3623,1811.500000,0,9.922293e-05
3624,1812.000000,2,9.800444e-05
3625,1812.500000,1,8.234179e-05
3626,1813.000000,1,7.523505e-05
3627,1813.500000,0,9.069680e-05
3628,1814.000000,2,9.561130e-05
3629,1814.500000,1,8.494271e-05
3630,1815.000000,1,9.222580e-05
3631,1815.500000,1,9.759913e-05
3632,1816.000000,1,8.368529e-05
3633,1816.500000,0,8.888397e-05
3634,1817.000000,1,8.529653e-05
3635,1817.500000,2,8.318754e-05
3636,1818.000000,1,8.627742e-05
3637,1818.500000,1,8.910256e-05
3638,1819.000000,1,8.364411e-05
3639,1819.500000,1,9.773660e-05
3640,1820.000000,1,9.780506e-05
3641,1820.500000,1,9.578972e-05
3642,1821.000000,1,9.993360e-05
3643,1821.500000,1,9.868891e-05
3644,1822.000000,1,8.226631e-05
3645,1822.500000,1,9.762352e-05
3646,1823.000000,1,9.164323e-05
3647,1823.500000,1,9.254527e-05
3648,1824.000000,1,9.440724e-05
3649,1824.500000,1,9.029491e-05
3650,1825.000000,1,9.837082e-05
3651,1825.500000,2,9.603632e-05
3652,1826.000000,1,8.137285e-05
3653,1826.500000,0,9.232042e-05
3654,1827.000000,1,7.290989e-05
3655,1827.500000,2,7.704971e-05
3656,1828.000000,1,9.493321e-05
3657,1828.500000,1,7.669672e-05
3658,1829.000000,1,8.242081e-05
3659,1829.500000,1,8.973730e-05
3660,1830.000000,1,9.547812e-05
3661,1830.500000,1,9.213491e-05
3662,1831.000000,1,8.399507e-05
3663,1831.500000,1,8.333994e-05
3664,1832.000000,1,8.634245e-05
3665,1832.500000,0,9.266090e-05
3666,1833.000000,1,8.052873e-05
3667,1833.500000,0,9.995391e-05
3668,1834.000000,1,9.832655e-05
3669,1834.500000,2,9.660803e-05
3670,1835.000000,1,9.167207e-05
3671,1835.500000,1,8.847865e-05
3672,1836.000000,1,8.798289e-05
3673,1836.500000,1,7.370616e-05
3674,1837.000000,0,9.299505e-05
3675,1837.500000,1,8.822969e-05
3676,1838.000000,1,8.506145e-05
3677,1838.500000,0,9.441863e-05
3678,1839.000000,1,8.675264e-05
3679,1839.500000,2,9.281082e-05
3680,1840.000000,1,9.433346e-05
3681,1840.500000,1,8.830484e-05
3682,1841.000000,1,8.720663e-05
3683,1841.500000,1,9.960406e-05
3684,1842.000000,1,9.635361e-05
3685,1842.500000,1,9.596381e-05
3686,1843.000000,1,7.419811e-05
3687,1843.500000,0,7.290344e-05
3688,1844.000000,0,8.371342e-05
3689,1844.500000,0,9.976546e-05
3690,1845.000000,1,8.615663e-05
3691,1845.500000,1,8.491937e-05
3692,1846.000000,1,7.367588e-05
3693,1846.500000,0,8.830502e-05
3694,1847.000000,1,9.330239e-05
3695,1847.500000,1,9.157229e-05
3696,1848.000000,1,7.752722e-05
3697,1848.500000,0,9.031493e-05
3698,1849.000000,1,7.965319e-05
3699,1849.500000,2,8.665974e-05
3700,1850.000000,1,7.663291e-05
3701,1850.500000,0,9.569296e-05
3702,1851.000000,1,8.283342e-05
3703,1851.500000,1,7.540756e-05
3704,1852.000000,2,9.366711e-05
3705,1852.500000,1,9.335330e-05
3706,1853.000000,1,9.438033e-05
3707,1853.500000,1,9.955667e-05
3708,1854.000000,1,8.602294e-05
3709,1854.500000,1,9.736057e-05
3710,1855.000000,1,9.630722e-05
3711,1855.500000,1,8.733817e-05
3712,1856.000000,1,9.946641e-05
3713,1856.500000,1,8.225527e-05
3714,1857.000000,1,8.571851e-05
3715,1857.500000,1,8.244202e-05
3716,1858.000000,0,9.790658e-05
3717,1858.500000,1,9.461967e-05
3718,1859.000000,2,9.904752e-05
3719,1859.500000,1,8.580158e-05
3720,1860.000000,1,9.489398e-05
3721,1860.500000,1,8.015450e-05
3722,1861.000000,0,9.649932e-05
3723,1861.500000,1,8.328122e-05
3724,1862.000000,2,9.934131e-05
3725,1862.500000,1,9.764946e-05
3726,1863.000000,1,7.174875e-05
3727,1863.500000,4,9.055537e-05
3728,1864.000000,2,9.307510e-05
3729,1864.500000,1,9.133458e-05
3730,1865.000000,2,9.840152e-05
3731,1865.500000,1,7.635732e-05
3732,1866.000000,0,9.721399e-05
3733,1866.500000,1,7.837747e-05
3734,1867.000000,2,9.031796e-05
3735,1867.500000,1,8.063926e-05
3736,1868.000000,0,9.674998e-05
3737,1868.500000,1,9.363259e-05
3738,1869.000000,1,9.607793e-05
3739,1869.500000,1,8.733540e-05
3740,1870.000000,1,7.830962e-05
3741,1870.500000,0,9.356990e-05
3742,1871.000000,1,8.852965e-05
3743,1871.500000,2,9.819094e-05
3744,1872.000000,2,9.097843e-05
3745,1872.500000,1,8.399546e-05
3746,1873.000000,1,8.802760e-05
3747,1873.500000,0,9.418517e-05
3748,1874.000000,0,9.915822e-05
3749,1874.500000,1,9.558940e-05
3750,1875.000000,1,9.725586e-05
3751,1875.500000,1,9.838509e-05
3752,1876.000000,1,9.324871e-05
3753,1876.500000,0,9.718023e-05
3754,1877.000000,1,9.375695e-05
3755,1877.500000,1,8.715702e-05
3756,1878.000000,2,8.764045e-05
3757,1878.500000,1,7.088398e-05
3758,1879.000000,0,8.170257e-05
3759,1879.500000,0,9.734727e-05
3760,1880.000000,1,9.245262e-05
3761,1880.500000,1,8.619743e-05
3762,1881.000000,1,8.573079e-05
3763,1881.500000,2,9.203845e-05
3764,1882.000000,1,8.454146e-05
3765,1882.500000,1,6.546595e-05
3766,1883.000000,0,7.342333e-05
3767,1883.500000,0,8.594708e-05
3768,1884.000000,2,9.972239e-05
3769,1884.500000,2,8.083966e-05
3770,1885.000000,1,8.688234e-05
3771,1885.500000,1,7.828244e-05
3772,1886.000000,1,8.008982e-05
3773,1886.500000,1,8.770292e-05
3774,1887.000000,1,9.436316e-05
3775,1887.500000,1,8.674360e-05
3776,1888.000000,1,8.878197e-05
3777,1888.500000,1,8.687419e-05
3778,1889.000000,1,9.245701e-05
3779,1889.500000,0,9.979353e-05
3780,1890.000000,1,8.391605e-05
3781,1890.500000,1,8.926751e-05
3782,1891.000000,1,8.360425e-05
3783,1891.500000,0,9.664625e-05
3784,1892.000000,1,9.916426e-05
3785,1892.500000,1,8.471818e-05
3786,1893.000000,0,9.904077e-05
3787,1893.500000,1,7.833892e-05
3788,1894.000000,0,9.069283e-05
3789,1894.500000,1,7.764892e-05
3790,1895.000000,2,9.026756e-05
3791,1895.500000,1,7.213932e-05
3792,1896.000000,0,8.822143e-05
3793,1896.500000,1,9.479086e-05
3794,1897.000000,1,8.001608e-05
3795,1897.500000,0,9.812698e-05
3796,1898.000000,1,8.093245e-05
3797,1898.500000,2,8.470265e-05
3798,1899.000000,1,7.683610e-05
3799,1899.500000,0,9.214067e-05
3800,1900.000000,1,7.778986e-05
3801,1900.500000,1,7.484650e-05
3802,1901.000000,0,8.714586e-05
3803,1901.500000,1,8.379483e-05
3804,1902.000000,2,8.469391e-05
3805,1902.500000,1,9.396830e-05
3806,1903.000000,1,9.353916e-05
3807,1903.500000,1,7.686612e-05
3808,1904.000000,0,8.502365e-05
3809,1904.500000,1,8.115086e-05
3810,1905.000000,2,8.757759e-05
3811,1905.500000,1,7.642892e-05
3812,1906.000000,0,9.401282e-05
3813,1906.500000,1,7.420269e-05
3814,1907.000000,2,9.788717e-05
3815,1907.500000,2,7.623749e-05
3816,1908.000000,1,9.867712e-05
3817,1908.500000,1,7.782212e-05
3818,1909.000000,1,8.734344e-05
3819,1909.500000,1,9.427809e-05
3820,1910.000000,1,8.394602e-05
3821,1910.500000,2,9.386308e-05
3822,1911.000000,1,8.627632e-05
3823,1911.500000,1,9.395664e-05
3824,1912.000000,2,9.913407e-05
3825,1912.500000,1,9.177719e-05
3826,1913.000000,1,9.204710e-05
3827,1913.500000,1,8.462153e-05
3828,1914.000000,0,9.062784e-05
3829,1914.500000,1,9.601677e-05
3830,1915.000000,1,8.218773e-05
3831,1915.500000,0,9.960953e-05
3832,1916.000000,1,8.243345e-05
3833,1916.500000,2,8.161560e-05
3834,1917.000000,1,7.685340e-05
3835,1917.500000,0,8.899342e-05
3836,1918.000000,1,8.763977e-05
3837,1918.500000,2,9.481335e-05
3838,1919.000000,1,7.790349e-05
3839,1919.500000,0,9.317957e-05
3840,1920.000000,1,7.606537e-05
3841,1920.500000,1,8.979941e-05
3842,1921.000000,2,9.477544e-05
3843,1921.500000,1,8.102091e-05
3844,1922.000000,0,9.051089e-05
3845,1922.500000,1,8.081695e-05
3846,1923.000000,2,9.637567e-05
3847,1923.500000,1,7.732651e-05
3848,1924.000000,0,9.647363e-05
3849,1924.500000,1,8.274971e-05
3850,1925.000000,1,8.042484e-05
3851,1925.500000,0,9.632259e-05
3852,1926.000000,1,8.057002e-05
3853,1926.500000,2,8.447900e-05
3854,1927.000000,1,9.281183e-05
3855,1927.500000,1,8.943564e-05
3856,1928.000000,2,9.075711e-05
3857,1928.500000,1,9.125916e-05
3858,1929.000000,1,9.229047e-05
3859,1929.500000,2,9.596684e-05
3860,1930.000000,1,9.795779e-05
3861,1930.500000,1,8.924448e-05
3862,1931.000000,0,9.901138e-05
3863,1931.500000,1,7.267995e-05
3864,1932.000000,0,8.195139e-05
3865,1932.500000,1,7.207102e-05
3866,1933.000000,2,8.159475e-05
3867,1933.500000,1,7.150686e-05
3868,1934.000000,0,9.208017e-05
3869,1934.500000,1,7.469048e-05
3870,1935.000000,1,7.090242e-05
3871,1935.500000,0,9.368570e-05
3872,1936.000000,1,7.397584e-05
3873,1936.500000,2,9.859248e-05
3874,1937.000000,1,7.654556e-05
3875,1937.500000,1,6.449485e-05
3876,1938.000000,0,6.908482e-05
3877,1938.500000,0,8.009151e-05
3878,1939.000000,0,9.429186e-05
3879,1939.500000,1,8.253458e-05
3880,1940.000000,4,9.677863e-05
3881,1940.500000,1,8.179854e-05
3882,1941.000000,0,9.355673e-05
3883,1941.500000,1,8.466062e-05
3884,1942.000000,1,9.941127e-05
3885,1942.500000,2,9.781549e-05
3886,1943.000000,1,7.951741e-05
3887,1943.500000,0,9.342577e-05
3888,1944.000000,1,9.543276e-05
3889,1944.500000,1,9.262417e-05
3890,1945.000000,1,8.242246e-05
3891,1945.500000,0,8.897164e-05
3892,1946.000000,1,9.480054e-05
3893,1946.500000,0,9.855257e-05
3894,1947.000000,1,7.804789e-05
3895,1947.500000,1,7.838784e-05
3896,1948.000000,0,9.733033e-05
3897,1948.500000,1,7.101685e-05
3898,1949.000000,0,9.898818e-05
3899,1949.500000,4,9.047919e-05
3900,1950.000000,1,8.242353e-05
3901,1950.500000,2,7.720345e-05
3902,1951.000000,1,8.133117e-05
3903,1951.500000,0,9.870977e-05
3904,1952.000000,1,8.263125e-05
3905,1952.500000,1,9.513032e-05
3906,1953.000000,1,7.478604e-05
3907,1953.500000,0,9.799997e-05
3908,1954.000000,2,9.650599e-05
3909,1954.500000,2,9.546452e-05
3910,1955.000000,1,8.632352e-05
3911,1955.500000,1,8.553681e-05
3912,1956.000000,0,9.534570e-05
3913,1956.500000,1,8.788645e-05
3914,1957.000000,1,7.507316e-05
3915,1957.500000,0,7.802302e-05
3916,1958.000000,0,8.936201e-05
3917,1958.500000,1,9.002435e-05
3918,1959.000000,1,9.929904e-05
3919,1959.500000,1,8.750432e-05
3920,1960.000000,0,9.700800e-05
3921,1960.500000,1,7.217709e-05
3922,1961.000000,0,8.840462e-05
3923,1961.500000,1,7.903387e-05
3924,1962.000000,1,9.363330e-05
3925,1962.500000,0,9.914164e-05
3926,1963.000000,1,7.130106e-05
3927,1963.500000,0,8.906848e-05
3928,1964.000000,2,9.195929e-05
3929,1964.500000,2,8.203963e-05
3930,1965.000000,1,8.601615e-05
3931,1965.500000,1,8.594580e-05
3932,1966.000000,1,8.935942e-05
3933,1966.500000,1,9.514098e-05
3934,1967.000000,1,8.198537e-05
3935,1967.500000,2,9.357378e-05
3936,1968.000000,1,9.081945e-05
3937,1968.500000,1,8.077680e-05
3938,1969.000000,0,9.229608e-05
3939,1969.500000,1,8.123380e-05
3940,1970.000000,2,9.322188e-05
3941,1970.500000,2,8.688963e-05
3942,1971.000000,1,9.474799e-05
3943,1971.500000,1,9.764655e-05
3944,1972.000000,1,9.406098e-05
3945,1972.500000,1,8.471300e-05
3946,1973.000000,2,9.851700e-05
3947,1973.500000,1,8.641211e-05
3948,1974.000000,1,9.952400e-05
3949,1974.500000,1,8.892011e-05
3950,1975.000000,1,8.307265e-05
3951,1975.500000,0,9.602300e-05
3952,1976.000000,1,7.178714e-05
3953,1976.500000,0,7.946862e-05
3954,1977.000000,1,8.100869e-05
3955,1977.500000,2,7.529005e-05
3956,1978.000000,0,9.269646e-05
3957,1978.500000,1,8.151608e-05
3958,1979.000000,1,9.776371e-05
3959,1979.500000,1,8.269593e-05
3960,1980.000000,1,9.693414e-05
3961,1980.500000,1,8.507559e-05
3962,1981.000000,1,9.684869e-05
3963,1981.500000,1,9.379334e-05
3964,1982.000000,2,9.706427e-05
3965,1982.500000,1,8.083777e-05
3966,1983.000000,0,9.637164e-05
3967,1983.500000,1,8.581208e-05
3968,1984.000000,2,9.544748e-05
3969,1984.500000,1,8.792760e-05
3970,1985.000000,1,8.047243e-05
3971,1985.500000,0,9.797636e-05
3972,1986.000000,1,8.278921e-05
3973,1986.500000,1,8.386884e-05
3974,1987.000000,1,9.965868e-05
3975,1987.500000,1,9.394626e-05
3976,1988.000000,1,8.234447e-05
3977,1988.500000,1,9.834694e-05
3978,1989.000000,1,8.122922e-05
3979,1989.500000,1,9.837634e-05
3980,1990.000000,1,6.939575e-05
3981,1990.500000,0,8.851865e-05
3982,1991.000000,1,8.880469e-05
3983,1991.500000,1,8.474271e-05
3984,1992.000000,0,9.708922e-05
3985,1992.500000,1,9.155648e-05
3986,1993.000000,2,9.985691e-05
3987,1993.500000,2,9.030641e-05
3988,1994.000000,2,7.451325e-05
3989,1994.500000,0,9.885253e-05
3990,1995.000000,2,6.880589e-05
3991,1995.500000,1,8.381529e-05
3992,1996.000000,1,7.491129e-05
3993,1996.500000,1,7.321580e-05
3994,1997.000000,0,9.838176e-05
3995,1997.500000,1,9.512991e-05
3996,1998.000000,1,9.727291e-05
3997,1998.500000,1,9.980736e-05
3998,1999.000000,1,8.525133e-05
3999,1999.500000,1,9.147899e-05
4000,2000.000000,1,9.463523e-05
