timestep,t,sor_iters,residual
1,0.050000,1000,4.804583e-03
2,0.093136,1000,2.048204e-03
3,0.136687,1000,1.218554e-03
4,0.180316,895,9.982526e-04
5,0.220428,750,9.968913e-04
6,0.257609,621,9.975771e-04
7,0.292996,491,9.957754e-04
8,0.326862,354,9.975105e-04
9,0.359415,215,9.965613e-04
10,0.390819,107,9.991295e-04
11,0.421206,90,9.921098e-04
12,0.450687,119,9.959654e-04
13,0.479355,167,9.978241e-04
14,0.507287,166,9.988435e-04
15,0.534549,149,9.960069e-04
16,0.561199,132,9.962782e-04
17,0.587287,120,9.966500e-04
18,0.612856,110,9.960811e-04
19,0.637945,100,9.986986e-04
20,0.662588,92,9.994179e-04
21,0.686815,85,9.999706e-04
22,0.710654,80,9.950833e-04
23,0.734130,75,9.930019e-04
24,0.757264,71,9.927694e-04
25,0.780078,68,9.902911e-04
26,0.802589,65,9.914236e-04
27,0.824815,63,9.898553e-04
28,0.846771,61,9.904686e-04
29,0.868471,59,9.982180e-04
30,0.889929,59,9.876518e-04
31,0.911156,57,9.940199e-04
32,0.932163,57,9.912301e-04
33,0.952962,56,9.962448e-04
34,0.973562,56,9.963707e-04
35,0.993973,56,9.934489e-04
36,1.014201,56,9.907822e-04
37,1.034257,56,9.903481e-04
38,1.054146,56,9.926142e-04
39,1.073876,56,9.971038e-04
40,1.093454,57,9.892976e-04
41,1.112886,56,9.989499e-04
42,1.132178,57,9.980479e-04
43,1.151336,57,9.987110e-04
44,1.170364,58,9.898607e-04
45,1.189267,57,9.982099e-04
46,1.208051,58,9.978747e-04
47,1.226720,58,9.990673e-04
48,1.245278,59,9.911321e-04
49,1.263729,58,9.984892e-04
50,1.282078,59,9.976121e-04
51,1.300327,59,9.977691e-04
52,1.318481,60,9.892699e-04
53,1.336542,59,9.946072e-04
54,1.354515,60,9.924092e-04
55,1.372402,60,9.911649e-04
56,1.390205,60,9.919552e-04
57,1.407929,60,9.942401e-04
58,1.425576,60,9.971409e-04
59,1.443147,61,9.901283e-04
60,1.460647,60,9.935188e-04
61,1.478077,60,9.986558e-04
62,1.495439,61,9.933987e-04
63,1.512736,60,9.970413e-04
64,1.529971,61,9.921381e-04
65,1.547144,60,9.961096e-04
66,1.564259,61,9.914667e-04
67,1.581316,60,9.952152e-04
68,1.598319,60,9.993533e-04
69,1.615269,61,9.928467e-04
70,1.632167,60,9.939521e-04
71,1.649015,60,9.956938e-04
72,1.665816,60,9.963490e-04
73,1.682570,60,9.956176e-04
74,1.699279,60,9.936872e-04
75,1.715945,59,9.995867e-04
76,1.732568,60,9.957946e-04
77,1.749152,59,9.981004e-04
78,1.765696,59,9.997244e-04
79,1.782203,59,9.993012e-04
80,1.798673,59,9.968987e-04
81,1.815108,59,9.930072e-04
82,1.831510,58,9.966127e-04
83,1.847878,58,9.995323e-04
84,1.864215,58,9.999260e-04
85,1.880522,58,9.977391e-04
86,1.896799,58,9.934962e-04
87,1.913048,57,9.961661e-04
88,1.929271,57,9.979676e-04
89,1.945467,57,9.972472e-04
90,1.961638,57,9.940454e-04
91,1.977785,56,9.971399e-04
92,1.993909,56,9.989179e-04
93,2.010011,56,9.978345e-04
94,2.026092,56,9.940230e-04
95,2.042152,55,9.963042e-04
96,2.058194,55,9.972838e-04
97,2.074216,55,9.955158e-04
98,2.090221,54,9.993343e-04
99,2.106210,55,9.930431e-04
100,2.122182,53,9.996796e-04
101,2.138139,54,9.972690e-04
102,2.154082,53,9.990307e-04
103,2.170011,53,9.988016e-04
104,2.185927,53,9.955758e-04
105,2.201831,52,9.979245e-04
106,2.217724,52,9.985479e-04
107,2.233514,57,9.963490e-04
108,2.249226,61,9.981720e-04
109,2.264876,58,9.968592e-04
110,2.280462,52,9.951642e-04
111,2.295987,47,9.970991e-04
112,2.311450,45,9.965809e-04
113,2.326853,44,9.941259e-04
114,2.342197,43,9.944972e-04
115,2.357482,42,9.985576e-04
116,2.372709,42,9.954902e-04
117,2.387879,40,9.992503e-04
118,2.402993,40,9.952759e-04
119,2.418052,39,9.918921e-04
120,2.433056,38,9.939499e-04
121,2.448006,38,9.951157e-04
122,2.462904,38,9.961735e-04
123,2.477750,38,9.986351e-04
124,2.492546,39,9.937765e-04
125,2.507291,38,9.989015e-04
126,2.521988,39,9.973514e-04
127,2.536637,39,9.947723e-04
128,2.551239,39,9.917262e-04
129,2.565796,38,9.968405e-04
130,2.580307,39,9.926802e-04
131,2.594774,38,9.944463e-04
132,2.609198,38,9.955660e-04
133,2.623580,38,9.945985e-04
134,2.637921,38,9.914566e-04
135,2.652221,37,9.957034e-04
136,2.666483,37,9.992933e-04
137,2.680705,38,9.912277e-04
138,2.694890,36,9.989906e-04
139,2.709039,37,9.983150e-04
140,2.723152,37,9.947457e-04
141,2.737230,36,9.994099e-04
142,2.751273,37,9.945941e-04
143,2.765284,36,9.969292e-04
144,2.779262,36,9.994114e-04
145,2.793209,37,9.909378e-04
146,2.807125,35,9.993461e-04
147,2.821010,36,9.991962e-04
148,2.834867,36,9.960052e-04
149,2.848695,36,9.912735e-04
150,2.862496,35,9.952175e-04
151,2.876270,35,9.989393e-04
152,2.890017,36,9.906700e-04
153,2.903739,34,9.994149e-04
154,2.917436,35,9.986804e-04
155,2.931110,35,9.945792e-04
156,2.944759,34,9.988630e-04
157,2.958387,35,9.923711e-04
158,2.971992,34,9.932858e-04
159,2.985575,34,9.938898e-04
160,2.999138,34,9.926883e-04
161,3.012681,34,9.897272e-04
162,3.026204,33,9.958145e-04
163,3.039709,34,9.902931e-04
164,3.053195,33,9.925796e-04
165,3.066663,33,9.942283e-04
166,3.080114,33,9.936889e-04
167,3.093549,33,9.910739e-04
168,3.106968,32,9.977785e-04
169,3.120371,33,9.916277e-04
170,3.133759,32,9.938215e-04
171,3.147133,32,9.950058e-04
172,3.160493,32,9.937363e-04
173,3.173840,32,9.903608e-04
174,3.187173,31,9.972130e-04
175,3.200495,32,9.899854e-04
176,3.213804,31,9.924569e-04
177,3.227102,31,9.937576e-04
178,3.240390,31,9.925146e-04
179,3.253666,31,9.892838e-04
180,3.266933,30,9.975423e-04
181,3.280190,31,9.898117e-04
182,3.293439,30,9.935994e-04
183,3.306678,30,9.957136e-04
184,3.319909,30,9.950111e-04
185,3.333133,30,9.923688e-04
186,3.346349,30,9.885163e-04
187,3.359558,29,9.983540e-04
188,3.372760,30,9.894460e-04
189,3.385957,29,9.952977e-04
190,3.399147,29,9.987998e-04
191,3.412333,29,9.995180e-04
192,3.425513,29,9.988069e-04
193,3.438688,29,9.974977e-04
194,3.451860,29,9.960156e-04
195,3.465027,29,9.946129e-04
196,3.478191,29,9.934898e-04
197,3.491352,29,9.928873e-04
198,3.504510,29,9.930327e-04
199,3.517665,29,9.941856e-04
200,3.530819,29,9.966338e-04
201,3.543970,30,9.854900e-04
202,3.557121,29,9.961200e-04
203,3.570270,30,9.922677e-04
204,3.583418,30,9.942092e-04
205,3.596566,31,9.873792e-04
206,3.609672,40,9.989972e-04
207,3.622331,204,9.979396e-04
208,3.634765,162,9.982986e-04
209,3.646989,110,9.980524e-04
210,3.659022,73,9.992185e-04
211,3.670846,67,9.949459e-04
212,3.682488,52,9.992357e-04
213,3.693954,47,9.967796e-04
214,3.705234,46,9.958804e-04
215,3.716352,42,9.876427e-04
216,3.727303,41,9.844634e-04
217,3.738091,40,9.894375e-04
218,3.748734,38,9.967266e-04
219,3.759216,40,9.897106e-04
220,3.769557,39,9.893665e-04
221,3.779760,39,9.881849e-04
222,3.789818,41,9.830848e-04
223,3.799751,39,9.975168e-04
224,3.809548,42,9.948684e-04
225,3.819220,42,9.906873e-04
226,3.828774,41,9.996027e-04
227,3.838202,44,9.874530e-04
228,3.847525,40,9.978356e-04
229,3.856723,44,9.907445e-04
230,3.865819,41,9.925106e-04
231,3.874805,42,9.897033e-04
232,3.883688,41,9.922056e-04
233,3.892473,40,9.914677e-04
234,3.901154,41,9.886209e-04
235,3.909749,38,9.937962e-04
236,3.918239,40,9.998693e-04
237,3.926651,38,9.843346e-04
238,3.934962,39,9.991794e-04
239,3.943196,37,9.997077e-04
240,3.951339,39,9.923067e-04
241,3.959405,36,9.997399e-04
242,3.967389,38,9.881529e-04
243,3.975296,36,9.952329e-04
244,3.983127,36,9.918037e-04
245,3.990887,35,9.880790e-04
246,3.998577,34,9.864277e-04
247,4.006211,30,9.887778e-04
248,4.013777,31,9.843117e-04
249,4.021279,30,9.886400e-04
250,4.028708,32,9.977311e-04
251,4.036050,44,9.944974e-04
252,4.043373,22,9.899508e-04
253,4.050681,23,9.860599e-04
254,4.057842,37,9.944847e-04
255,4.064987,25,9.953878e-04
256,4.072135,22,9.976324e-04
257,4.079232,29,9.817356e-04
258,4.086184,36,9.903333e-04
259,4.093138,30,9.981608e-04
260,4.100103,33,9.975559e-04
261,4.107047,43,9.942239e-04
262,4.113917,37,9.913906e-04
263,4.120744,36,9.891229e-04
264,4.127521,35,9.964318e-04
265,4.134238,36,9.968642e-04
266,4.140909,39,9.919263e-04
267,4.147535,39,9.928659e-04
268,4.154121,37,9.920764e-04
269,4.160668,34,9.909083e-04
270,4.167178,31,9.973124e-04
271,4.173652,30,9.937950e-04
272,4.180092,28,9.979599e-04
273,4.186499,28,9.870856e-04
274,4.192874,26,9.989415e-04
275,4.199218,27,9.870392e-04
276,4.205534,25,9.964027e-04
277,4.211822,26,9.850258e-04
278,4.218085,25,9.837367e-04
279,4.224323,24,9.985082e-04
280,4.230538,25,9.949324e-04
281,4.236732,25,9.881139e-04
282,4.242907,24,9.972342e-04
283,4.249063,25,9.923515e-04
284,4.255202,25,9.850717e-04
285,4.261325,24,9.917836e-04
286,4.267433,24,9.980163e-04
287,4.273527,25,9.853250e-04
288,4.279608,23,9.977809e-04
289,4.285676,24,9.924890e-04
290,4.291729,23,9.904633e-04
291,4.297770,23,9.858793e-04
292,4.303799,22,9.958993e-04
293,4.309818,23,9.859346e-04
294,4.315826,22,9.893927e-04
295,4.321824,22,9.882071e-04
296,4.327813,22,9.821755e-04
297,4.333793,21,9.915088e-04
298,4.339760,21,9.893912e-04
299,4.345716,21,9.817726e-04
300,4.351663,20,9.976250e-04
301,4.357600,21,9.774630e-04
302,4.363528,20,9.893907e-04
303,4.369447,20,9.923568e-04
304,4.375358,20,9.899145e-04
305,4.381261,20,9.842362e-04
306,4.387156,20,9.764185e-04
307,4.393044,20,9.667939e-04
308,4.398925,19,9.987892e-04
309,4.404799,20,9.643466e-04
310,4.410667,19,9.916943e-04
311,4.416528,20,9.544562e-04
312,4.422383,19,9.862968e-04
313,4.428233,19,9.993756e-04
314,4.434076,20,9.506125e-04
315,4.439914,19,9.848940e-04
316,4.445747,20,9.446287e-04
317,4.451575,19,9.840533e-04
318,4.457398,20,9.441548e-04
319,4.463215,19,9.900160e-04
320,4.469028,20,9.515557e-04
321,4.474836,20,9.404051e-04
322,4.480640,20,9.402210e-04
323,4.486439,20,9.450101e-04
324,4.492233,20,9.518084e-04
325,4.498023,20,9.593173e-04
326,4.503809,20,9.665969e-04
327,4.509590,20,9.720785e-04
328,4.515367,20,9.783456e-04
329,4.521141,20,9.860895e-04
330,4.526910,20,9.939036e-04
331,4.532675,21,9.407335e-04
332,4.538436,20,9.852347e-04
333,4.544193,21,9.467434e-04
334,4.549947,20,9.990542e-04
335,4.555696,21,9.570248e-04
336,4.561442,21,9.448042e-04
337,4.567183,21,9.457397e-04
338,4.572921,21,9.507214e-04
339,4.578655,21,9.577196e-04
340,4.584384,21,9.653222e-04
341,4.590110,21,9.731626e-04
342,4.595833,21,9.809611e-04
343,4.601551,21,9.886786e-04
344,4.607266,21,9.964781e-04
345,4.612977,22,9.343140e-04
346,4.618684,21,9.847747e-04
347,4.624388,22,9.355402e-04
348,4.630088,21,9.947386e-04
349,4.635785,22,9.453786e-04
350,4.641478,22,9.342942e-04
351,4.647168,22,9.351709e-04
352,4.652854,22,9.401751e-04
353,4.658537,22,9.460546e-04
354,4.664216,22,9.517843e-04
355,4.669892,22,9.557879e-04
356,4.675565,22,9.589314e-04
357,4.681235,22,9.608145e-04
358,4.686901,22,9.628482e-04
359,4.692564,22,9.642130e-04
360,4.698224,22,9.658464e-04
361,4.703882,22,9.674978e-04
362,4.709537,22,9.688382e-04
363,4.715189,22,9.697994e-04
364,4.720839,22,9.704460e-04
365,4.726487,22,9.706383e-04
366,4.732132,22,9.700474e-04
367,4.737775,22,9.707075e-04
368,4.743413,22,9.825115e-04
369,4.749048,22,9.877698e-04
370,4.754680,22,9.895719e-04
371,4.760309,22,9.900702e-04
372,4.765935,22,9.905320e-04
373,4.771559,22,9.903183e-04
374,4.777180,22,9.896816e-04
375,4.782798,22,9.887443e-04
376,4.788415,22,9.871692e-04
377,4.794028,22,9.863731e-04
378,4.799640,22,9.865832e-04
379,4.805249,22,9.852978e-04
380,4.810856,22,9.832297e-04
381,4.816461,22,9.822905e-04
382,4.822064,22,9.822597e-04
383,4.827665,22,9.832608e-04
384,4.833264,22,9.843686e-04
385,4.838861,22,9.852453e-04
386,4.844456,22,9.847051e-04
387,4.850049,22,9.842266e-04
388,4.855641,22,9.840161e-04
389,4.861230,22,9.838302e-04
390,4.866818,22,9.826806e-04
391,4.872405,22,9.818848e-04
392,4.877989,22,9.817291e-04
393,4.883573,22,9.818667e-04
394,4.889154,22,9.825499e-04
395,4.894734,22,9.839522e-04
396,4.900313,22,9.846449e-04
397,4.905890,22,9.838855e-04
398,4.911465,22,9.829129e-04
399,4.917040,22,9.818110e-04
400,4.922612,22,9.795015e-04
401,4.928184,22,9.761929e-04
402,4.933754,22,9.750242e-04
403,4.939323,22,9.744092e-04
404,4.944890,22,9.739013e-04
405,4.950457,22,9.739381e-04
406,4.956022,22,9.720384e-04
407,4.961586,22,9.688259e-04
408,4.967148,22,9.667773e-04
409,4.972710,22,9.653505e-04
410,4.978270,22,9.641105e-04
411,4.983829,22,9.612763e-04
412,4.989387,22,9.584947e-04
413,4.994944,22,9.560120e-04
414,5.000500,22,9.542564e-04
415,5.006055,22,9.529659e-04
416,5.011609,21,9.995105e-04
417,5.017161,22,9.737254e-04
418,5.022713,22,9.578915e-04
419,5.028264,21,9.943620e-04
420,5.033814,22,9.673133e-04
421,5.039362,21,9.969016e-04
422,5.044910,22,9.648198e-04
423,5.050457,21,9.941094e-04
424,5.056003,22,9.610759e-04
425,5.061548,21,9.944012e-04
426,5.067093,22,9.591858e-04
427,5.072636,21,9.950277e-04
428,5.078178,22,9.558098e-04
429,5.083720,21,9.940780e-04
430,5.089261,22,9.560196e-04
431,5.094800,21,9.986916e-04
432,5.100339,22,9.566061e-04
433,5.105877,22,9.410452e-04
434,5.111415,21,9.987658e-04
435,5.116951,22,9.549104e-04
436,5.122487,22,9.434718e-04
437,5.128021,22,9.399561e-04
438,5.133555,22,9.400696e-04
439,5.139088,22,9.397380e-04
440,5.144621,22,9.423082e-04
441,5.150152,22,9.453816e-04
442,5.155683,22,9.491308e-04
443,5.161212,22,9.532027e-04
444,5.166741,22,9.575871e-04
445,5.172269,22,9.620754e-04
446,5.177797,22,9.667750e-04
447,5.183323,22,9.700294e-04
448,5.188849,22,9.741234e-04
449,5.194373,22,9.771376e-04
450,5.199897,22,9.807350e-04
451,5.205420,22,9.855780e-04
452,5.210942,22,9.908478e-04
453,5.216464,22,9.964176e-04
454,5.221984,23,9.248342e-04
455,5.227504,22,9.860895e-04
456,5.233022,23,9.226847e-04
457,5.238540,22,9.929460e-04
458,5.244057,23,9.297260e-04
459,5.249573,23,9.221757e-04
460,5.255088,23,9.206565e-04
461,5.260602,23,9.226397e-04
462,5.266115,23,9.266666e-04
463,5.271628,23,9.317665e-04
464,5.277139,23,9.374226e-04
465,5.282649,23,9.420434e-04
466,5.288159,23,9.468671e-04
467,5.293667,23,9.516886e-04
468,5.299174,23,9.551815e-04
469,5.304681,23,9.586946e-04
470,5.310186,23,9.623432e-04
471,5.315690,23,9.648453e-04
472,5.321194,23,9.685335e-04
473,5.326696,23,9.724193e-04
474,5.332197,23,9.764601e-04
475,5.337697,23,9.805167e-04
476,5.343195,23,9.834246e-04
477,5.348693,23,9.860782e-04
478,5.354190,23,9.890757e-04
479,5.359685,23,9.914899e-04
480,5.365179,23,9.942553e-04
481,5.370672,23,9.972632e-04
482,5.376164,23,9.991059e-04
483,5.381654,24,9.326845e-04
484,5.387143,23,9.872401e-04
485,5.392631,24,9.310811e-04
486,5.398118,23,9.894823e-04
487,5.403603,24,9.357933e-04
488,5.409087,23,9.936296e-04
489,5.414570,24,9.412621e-04
490,5.420051,23,9.978251e-04
491,5.425531,24,9.454648e-04
492,5.431009,24,9.355788e-04
493,5.436486,23,9.981610e-04
494,5.441961,24,9.487545e-04
495,5.447435,24,9.398869e-04
496,5.452908,24,9.386403e-04
497,5.458379,24,9.390994e-04
498,5.463848,24,9.400138e-04
499,5.469316,24,9.403713e-04
500,5.474782,24,9.416323e-04
501,5.480246,24,9.425469e-04
502,5.485709,24,9.435426e-04
503,5.491171,24,9.448331e-04
504,5.496630,24,9.456364e-04
505,5.502088,24,9.464353e-04
506,5.507544,24,9.474987e-04
507,5.512998,24,9.484664e-04
508,5.518451,24,9.492149e-04
509,5.523902,24,9.499393e-04
510,5.529350,24,9.499279e-04
511,5.534797,24,9.500010e-04
512,5.540243,24,9.501604e-04
513,5.545686,24,9.497452e-04
514,5.551127,24,9.496211e-04
515,5.556567,24,9.495399e-04
516,5.562004,24,9.488684e-04
517,5.567440,24,9.491213e-04
518,5.572873,24,9.495874e-04
519,5.578305,24,9.499236e-04
520,5.583734,24,9.501510e-04
521,5.589162,24,9.501904e-04
522,5.594587,24,9.491971e-04
523,5.600010,24,9.484737e-04
524,5.605432,24,9.470072e-04
525,5.610851,24,9.462073e-04
526,5.616268,24,9.457872e-04
527,5.621683,24,9.448676e-04
528,5.627095,24,9.445863e-04
529,5.632506,24,9.445694e-04
530,5.637914,24,9.444591e-04
531,5.643320,24,9.441670e-04
532,5.648724,24,9.439187e-04
533,5.654126,24,9.430945e-04
534,5.659526,24,9.426253e-04
535,5.664923,24,9.418761e-04
536,5.670318,24,9.413068e-04
537,5.675711,24,9.406159e-04
538,5.681101,24,9.398915e-04
539,5.686490,24,9.388127e-04
540,5.691876,24,9.381584e-04
541,5.697260,24,9.380171e-04
542,5.702642,24,9.378073e-04
543,5.708021,24,9.373187e-04
544,5.713398,24,9.367753e-04
545,5.718773,23,9.987095e-04
546,5.724146,24,9.527411e-04
547,5.729517,24,9.373360e-04
548,5.734885,23,9.966756e-04
549,5.740251,24,9.502646e-04
550,5.745615,23,9.981212e-04
551,5.750977,24,9.490166e-04
552,5.756337,23,9.970884e-04
553,5.761694,24,9.480663e-04
554,5.767049,23,9.962306e-04
555,5.772403,24,9.467064e-04
556,5.777754,23,9.943919e-04
557,5.783103,24,9.445244e-04
558,5.788450,23,9.929310e-04
559,5.793795,24,9.432146e-04
560,5.799138,23,9.922107e-04
561,5.804479,24,9.425822e-04
562,5.809818,23,9.911304e-04
563,5.815156,24,9.415399e-04
564,5.820491,23,9.910963e-04
565,5.825824,24,9.417066e-04
566,5.831156,23,9.914829e-04
567,5.836486,24,9.418994e-04
568,5.841814,23,9.911523e-04
569,5.847140,24,9.409185e-04
570,5.852464,23,9.903859e-04
571,5.857787,24,9.401484e-04
572,5.863109,23,9.902860e-04
573,5.868428,24,9.402218e-04
574,5.873746,23,9.903084e-04
575,5.879063,24,9.404637e-04
576,5.884378,23,9.914681e-04
577,5.889692,24,9.415260e-04
578,5.895004,23,9.923064e-04
579,5.900315,24,9.422241e-04
580,5.905624,23,9.926023e-04
581,5.910932,24,9.418482e-04
582,5.916239,23,9.925401e-04
583,5.921545,24,9.423326e-04
584,5.926849,23,9.940497e-04
585,5.932153,24,9.440206e-04
586,5.937455,23,9.950276e-04
587,5.942756,24,9.448075e-04
588,5.948057,23,9.966697e-04
589,5.953356,24,9.465122e-04
590,5.958654,23,9.983107e-04
591,5.963952,24,9.481625e-04
592,5.969248,23,9.998782e-04
593,5.974544,24,9.491051e-04
594,5.979839,24,9.336728e-04
595,5.985133,23,9.982749e-04
596,5.990426,24,9.513820e-04
597,5.995719,24,9.371870e-04
598,6.001011,24,9.341338e-04
599,6.006303,24,9.352950e-04
600,6.011593,24,9.370468e-04
601,6.016884,24,9.386334e-04
602,6.022174,24,9.396084e-04
603,6.027463,24,9.408093e-04
604,6.032752,24,9.416150e-04
605,6.038040,24,9.427020e-04
606,6.043328,24,9.436006e-04
607,6.048616,24,9.449604e-04
608,6.053903,24,9.466708e-04
609,6.059190,24,9.484185e-04
610,6.064477,24,9.497307e-04
611,6.069763,24,9.507958e-04
612,6.075049,24,9.519527e-04
613,6.080335,24,9.531431e-04
614,6.085620,24,9.539389e-04
615,6.090906,24,9.551382e-04
616,6.096191,24,9.561904e-04
617,6.101476,24,9.575211e-04
618,6.106761,24,9.586343e-04
619,6.112045,24,9.598287e-04
620,6.117330,24,9.613595e-04
621,6.122614,24,9.630331e-04
622,6.127899,24,9.644058e-04
623,6.133183,24,9.655014e-04
624,6.138467,24,9.666344e-04
625,6.143751,24,9.679735e-04
626,6.149034,24,9.690452e-04
627,6.154318,24,9.704961e-04
628,6.159602,24,9.713889e-04
629,6.164885,24,9.726732e-04
630,6.170168,24,9.735992e-04
631,6.175452,24,9.746057e-04
632,6.180735,24,9.759187e-04
633,6.186018,24,9.776062e-04
634,6.191301,24,9.791252e-04
635,6.196584,24,9.802869e-04
636,6.201866,24,9.813044e-04
637,6.207149,24,9.821778e-04
638,6.212431,24,9.829420e-04
639,6.217713,24,9.840614e-04
640,6.222995,24,9.847449e-04
641,6.228277,24,9.858065e-04
642,6.233559,24,9.870665e-04
643,6.238840,24,9.878327e-04
644,6.244121,24,9.889498e-04
645,6.249402,24,9.901548e-04
646,6.254683,24,9.913465e-04
647,6.259963,24,9.921931e-04
648,6.265243,24,9.930460e-04
649,6.270523,24,9.934994e-04
650,6.275803,24,9.940892e-04
651,6.281082,24,9.949716e-04
652,6.286360,24,9.956243e-04
653,6.291639,24,9.963900e-04
654,6.296917,24,9.972574e-04
655,6.302194,24,9.975072e-04
656,6.307471,24,9.979783e-04
657,6.312748,24,9.986195e-04
658,6.318024,24,9.994287e-04
659,6.323299,25,9.407525e-04
660,6.328574,24,9.819767e-04
661,6.333848,24,9.967755e-04
662,6.339122,25,9.413672e-04
663,6.344395,24,9.831252e-04
664,6.349668,24,9.976584e-04
665,6.354940,25,9.419937e-04
666,6.360211,24,9.841054e-04
667,6.365481,24,9.987506e-04
668,6.370751,25,9.432518e-04
669,6.376020,24,9.854403e-04
670,6.381288,25,9.402930e-04
671,6.386555,24,9.862265e-04
672,6.391822,25,9.411763e-04
673,6.397087,24,9.864427e-04
674,6.402352,25,9.411704e-04
675,6.407616,24,9.860635e-04
676,6.412879,25,9.407665e-04
677,6.418141,24,9.858835e-04
678,6.423402,25,9.405509e-04
679,6.428663,24,9.862790e-04
680,6.433922,25,9.406573e-04
681,6.439180,24,9.861507e-04
682,6.444437,25,9.408663e-04
683,6.449694,24,9.866020e-04
684,6.454949,25,9.410041e-04
685,6.460203,24,9.865037e-04
686,6.465456,25,9.406748e-04
687,6.470708,24,9.858586e-04
688,6.475959,25,9.399982e-04
689,6.481209,24,9.851480e-04
690,6.486458,24,9.999187e-04
691,6.491706,25,9.431527e-04
692,6.496953,24,9.849434e-04
693,6.502198,24,9.989810e-04
694,6.507443,25,9.424056e-04
695,6.512687,24,9.847245e-04
696,6.517929,24,9.993342e-04
697,6.523170,25,9.423079e-04
698,6.528411,24,9.840308e-04
699,6.533650,24,9.982059e-04
700,6.538888,25,9.407751e-04
701,6.544125,24,9.828864e-04
702,6.549361,24,9.969409e-04
703,6.554597,25,9.399732e-04
704,6.559831,24,9.824550e-04
705,6.565064,24,9.969503e-04
706,6.570296,25,9.398963e-04
707,6.575527,24,9.824375e-04
708,6.580758,24,9.972436e-04
709,6.585987,25,9.401027e-04
710,6.591216,24,9.821239e-04
711,6.596443,24,9.967001e-04
712,6.601670,25,9.392829e-04
713,6.606896,24,9.816963e-04
714,6.612122,24,9.965074e-04
715,6.617346,25,9.392264e-04
716,6.622570,24,9.817500e-04
717,6.627793,24,9.967071e-04
718,6.633016,25,9.393975e-04
719,6.638237,24,9.820329e-04
720,6.643459,24,9.972999e-04
721,6.648679,25,9.402128e-04
722,6.653900,24,9.828336e-04
723,6.659119,24,9.973703e-04
724,6.664339,25,9.401461e-04
725,6.669558,24,9.825952e-04
726,6.674776,24,9.977788e-04
727,6.679994,25,9.404650e-04
728,6.685212,24,9.832624e-04
729,6.690430,24,9.987604e-04
730,6.695648,25,9.417828e-04
731,6.700865,24,9.846184e-04
732,6.706082,25,9.380420e-04
733,6.711299,24,9.848869e-04
734,6.716516,25,9.392238e-04
735,6.721734,24,9.860110e-04
736,6.726951,25,9.399405e-04
737,6.732168,24,9.866084e-04
738,6.737385,25,9.408261e-04
739,6.742603,24,9.878051e-04
740,6.747821,25,9.418731e-04
741,6.753039,24,9.889157e-04
742,6.758257,25,9.435145e-04
743,6.763476,24,9.904657e-04
744,6.768695,25,9.445906e-04
745,6.773914,24,9.914067e-04
746,6.779134,25,9.456404e-04
747,6.784354,24,9.925434e-04
748,6.789575,25,9.466163e-04
749,6.794796,24,9.934211e-04
750,6.800018,25,9.475787e-04
751,6.805241,24,9.946228e-04
752,6.810464,25,9.490779e-04
753,6.815688,24,9.960564e-04
754,6.820913,25,9.505567e-04
755,6.826138,24,9.980156e-04
756,6.831365,25,9.525636e-04
757,6.836592,24,9.997684e-04
758,6.841819,25,9.540052e-04
759,6.847048,25,9.392498e-04
760,6.852278,24,9.980556e-04
761,6.857508,25,9.557809e-04
762,6.862740,25,9.421997e-04
763,6.867972,25,9.388358e-04
764,6.873206,25,9.393788e-04
765,6.878440,25,9.411302e-04
766,6.883676,25,9.426694e-04
767,6.888913,25,9.441416e-04
768,6.894150,25,9.455557e-04
769,6.899389,25,9.466870e-04
770,6.904629,25,9.476743e-04
771,6.909870,25,9.486582e-04
772,6.915112,25,9.493997e-04
773,6.920355,25,9.504876e-04
774,6.925600,25,9.514505e-04
775,6.930845,25,9.524422e-04
776,6.936092,25,9.533658e-04
777,6.941340,25,9.546062e-04
778,6.946589,25,9.557735e-04
779,6.951840,25,9.567073e-04
780,6.957091,25,9.577976e-04
781,6.962344,25,9.590223e-04
782,6.967598,25,9.602788e-04
783,6.972853,25,9.613493e-04
784,6.978110,25,9.623486e-04
785,6.983368,25,9.633381e-04
786,6.988626,25,9.643724e-04
787,6.993887,25,9.654438e-04
788,6.999148,25,9.665324e-04
789,7.004411,25,9.674292e-04
790,7.009674,25,9.686355e-04
791,7.014939,25,9.699172e-04
792,7.020206,25,9.710417e-04
793,7.025473,25,9.723064e-04
794,7.030742,25,9.736624e-04
795,7.036011,25,9.749223e-04
796,7.041282,25,9.759366e-04
797,7.046555,25,9.768564e-04
798,7.051828,25,9.779576e-04
799,7.057102,25,9.789903e-04
800,7.062378,25,9.802167e-04
801,7.067655,25,9.812636e-04
802,7.072932,25,9.820981e-04
803,7.078211,25,9.831522e-04
804,7.083491,25,9.842522e-04
805,7.088772,25,9.853589e-04
806,7.094054,25,9.866054e-04
807,7.099337,25,9.878430e-04
808,7.104622,25,9.889075e-04
809,7.109907,25,9.899049e-04
810,7.115193,25,9.908334e-04
811,7.120480,25,9.919885e-04
812,7.125768,25,9.928609e-04
813,7.131057,25,9.938909e-04
814,7.136347,25,9.947866e-04
815,7.141637,25,9.955636e-04
816,7.146929,25,9.964695e-04
817,7.152221,25,9.974840e-04
818,7.157514,25,9.984916e-04
819,7.162808,25,9.995815e-04
820,7.168103,26,9.440982e-04
821,7.173399,25,9.817931e-04
822,7.178695,25,9.978680e-04
823,7.183992,26,9.466100e-04
824,7.189290,25,9.857105e-04
825,7.194588,26,9.446019e-04
826,7.199887,25,9.870204e-04
827,7.205186,26,9.466554e-04
828,7.210487,25,9.889695e-04
829,7.215787,26,9.485943e-04
830,7.221089,25,9.908420e-04
831,7.226390,26,9.502775e-04
832,7.231692,25,9.926198e-04
833,7.236995,26,9.519156e-04
834,7.242298,25,9.941180e-04
835,7.247602,26,9.532739e-04
836,7.252906,25,9.955225e-04
837,7.258210,26,9.545131e-04
838,7.263515,25,9.965922e-04
839,7.268820,26,9.554585e-04
840,7.274125,25,9.974916e-04
841,7.279430,26,9.562716e-04
842,7.284736,25,9.986087e-04
843,7.290042,26,9.572725e-04
844,7.295348,25,9.996347e-04
845,7.300654,26,9.583695e-04
846,7.305961,26,9.436742e-04
847,7.311267,25,9.976267e-04
848,7.316574,26,9.592638e-04
849,7.321881,26,9.453452e-04
850,7.327187,25,9.993977e-04
851,7.332494,26,9.608111e-04
852,7.337801,26,9.466285e-04
853,7.343107,26,9.431663e-04
854,7.348414,26,9.430436e-04
855,7.353721,26,9.439025e-04
856,7.359027,26,9.446472e-04
857,7.364333,26,9.453396e-04
858,7.369640,26,9.459599e-04
859,7.374946,26,9.463464e-04
860,7.380251,26,9.465951e-04
861,7.385557,26,9.467038e-04
862,7.390863,26,9.470061e-04
863,7.396168,26,9.471162e-04
864,7.401473,26,9.473104e-04
865,7.406777,26,9.475255e-04
866,7.412082,26,9.475759e-04
867,7.417386,26,9.477145e-04
868,7.422689,26,9.480126e-04
869,7.427993,26,9.479527e-04
870,7.433296,26,9.480283e-04
871,7.438598,26,9.481605e-04
872,7.443901,26,9.482367e-04
873,7.449202,26,9.481239e-04
874,7.454504,26,9.480173e-04
875,7.459805,26,9.480934e-04
876,7.465105,26,9.480242e-04
877,7.470405,26,9.481253e-04
878,7.475705,26,9.481757e-04
879,7.481004,26,9.481883e-04
880,7.486303,26,9.483498e-04
881,7.491601,26,9.484127e-04
882,7.496898,26,9.482609e-04
883,7.502195,26,9.482103e-04
884,7.507492,26,9.481458e-04
885,7.512788,26,9.481344e-04
886,7.518083,26,9.479360e-04
887,7.523378,26,9.477949e-04
888,7.528673,26,9.478312e-04
889,7.533967,26,9.477146e-04
890,7.539260,26,9.476883e-04
891,7.544553,26,9.475801e-04
892,7.549845,26,9.474596e-04
893,7.555136,26,9.474738e-04
894,7.560427,26,9.473017e-04
895,7.565718,26,9.470398e-04
896,7.571008,26,9.469686e-04
897,7.576297,26,9.468960e-04
898,7.581586,26,9.468823e-04
899,7.586874,26,9.465926e-04
900,7.592162,26,9.463983e-04
901,7.597449,26,9.463127e-04
902,7.602736,26,9.461344e-04
903,7.608022,26,9.460092e-04
904,7.613308,26,9.458576e-04
905,7.618593,26,9.457400e-04
906,7.623877,26,9.457246e-04
907,7.629161,26,9.455577e-04
908,7.634445,26,9.452432e-04
909,7.639728,26,9.451228e-04
910,7.645010,26,9.449186e-04
911,7.650293,26,9.448212e-04
912,7.655574,26,9.445001e-04
913,7.660855,26,9.443381e-04
914,7.666136,26,9.442488e-04
915,7.671416,26,9.441391e-04
916,7.676696,26,9.441456e-04
917,7.681976,26,9.439907e-04
918,7.687255,26,9.437900e-04
919,7.692534,26,9.436715e-04
920,7.697812,26,9.434349e-04
921,7.703090,26,9.431324e-04
922,7.708368,26,9.430148e-04
923,7.713645,26,9.428147e-04
924,7.718923,26,9.427957e-04
925,7.724199,26,9.425523e-04
926,7.729476,26,9.424196e-04
927,7.734752,26,9.423120e-04
928,7.740028,26,9.422425e-04
929,7.745304,26,9.422729e-04
930,7.750580,26,9.421552e-04
931,7.755855,26,9.419585e-04
932,7.761130,26,9.418565e-04
933,7.766406,26,9.416966e-04
934,7.771681,26,9.414756e-04
935,7.776955,26,9.413791e-04
936,7.782230,26,9.411856e-04
937,7.787505,26,9.410891e-04
938,7.792779,26,9.408355e-04
939,7.798054,25,9.999928e-04
940,7.803329,26,9.597734e-04
941,7.808603,26,9.439799e-04
942,7.813878,25,9.992818e-04
943,7.819152,26,9.585276e-04
944,7.824427,26,9.428686e-04
945,7.829701,25,9.983184e-04
946,7.834976,26,9.576734e-04
947,7.840251,26,9.420710e-04
948,7.845525,25,9.977595e-04
949,7.850800,26,9.571985e-04
950,7.856075,26,9.418538e-04
951,7.861351,25,9.974989e-04
952,7.866626,26,9.570694e-04
953,7.871901,26,9.418415e-04
954,7.877177,25,9.977611e-04
955,7.882453,26,9.574603e-04
956,7.887729,26,9.420764e-04
957,7.893006,25,9.979431e-04
958,7.898282,26,9.574319e-04
959,7.903559,26,9.420098e-04
960,7.908836,25,9.978469e-04
961,7.914114,26,9.574080e-04
962,7.919391,26,9.420145e-04
963,7.924669,25,9.980503e-04
964,7.929948,26,9.574616e-04
965,7.935227,26,9.421221e-04
966,7.940506,25,9.982731e-04
967,7.945785,26,9.578927e-04
968,7.951065,26,9.426662e-04
969,7.956345,25,9.987487e-04
970,7.961625,26,9.583763e-04
971,7.966906,26,9.429725e-04
972,7.972187,25,9.990896e-04
973,7.977469,26,9.585972e-04
974,7.982751,26,9.432753e-04
975,7.988034,25,9.993815e-04
976,7.993317,26,9.589626e-04
977,7.998600,26,9.434568e-04
978,8.003884,25,9.997120e-04
979,8.009168,26,9.595488e-04
980,8.014453,26,9.442746e-04
981,8.019738,26,9.412586e-04
982,8.025024,26,9.413082e-04
983,8.030310,26,9.419853e-04
984,8.035597,26,9.426385e-04
985,8.040884,26,9.431862e-04
986,8.046171,26,9.434732e-04
987,8.051459,26,9.438445e-04
988,8.056748,26,9.441372e-04
989,8.062037,26,9.445210e-04
990,8.067326,26,9.448269e-04
991,8.072616,26,9.450386e-04
992,8.077907,26,9.454275e-04
993,8.083198,26,9.456910e-04
994,8.088489,26,9.460588e-04
995,8.093781,26,9.464237e-04
996,8.099073,26,9.466621e-04
997,8.104366,26,9.469368e-04
998,8.109660,26,9.472071e-04
999,8.114954,26,9.473843e-04
1000,8.120248,26,9.476940e-04
1001,8.125543,26,9.479791e-04
1002,8.130838,26,9.483702e-04
1003,8.136134,26,9.487781e-04
1004,8.141430,26,9.490724e-04
1005,8.146727,26,9.494225e-04
1006,8.152024,26,9.497036e-04
1007,8.157322,26,9.501609e-04
1008,8.162620,26,9.506464e-04
1009,8.167918,26,9.509543e-04
1010,8.173217,26,9.513080e-04
1011,8.178517,26,9.516775e-04
1012,8.183817,26,9.518805e-04
1013,8.189117,26,9.521430e-04
1014,8.194418,26,9.524160e-04
1015,8.199719,26,9.528509e-04
1016,8.205021,26,9.534135e-04
1017,8.210323,26,9.538525e-04
1018,8.215625,26,9.543080e-04
1019,8.220928,26,9.546734e-04
1020,8.226231,26,9.550947e-04
1021,8.231534,26,9.554979e-04
1022,8.236838,26,9.557863e-04
1023,8.242143,26,9.560611e-04
1024,8.247447,26,9.564388e-04
1025,8.252752,26,9.566567e-04
1026,8.258058,26,9.569118e-04
1027,8.263363,26,9.572642e-04
1028,8.268669,26,9.577426e-04
1029,8.273976,26,9.583404e-04
1030,8.279282,26,9.587528e-04
1031,8.284589,26,9.591197e-04
1032,8.289897,26,9.595104e-04
1033,8.295204,26,9.598135e-04
1034,8.300512,26,9.601425e-04
1035,8.305820,26,9.604533e-04
1036,8.311128,26,9.607263e-04
1037,8.316437,26,9.611109e-04
1038,8.321746,26,9.614197e-04
1039,8.327055,26,9.616094e-04
1040,8.332364,26,9.619481e-04
1041,8.337674,26,9.623247e-04
1042,8.342984,26,9.628245e-04
1043,8.348294,26,9.632209e-04
1044,8.353604,26,9.636448e-04
1045,8.358914,26,9.640389e-04
1046,8.364225,26,9.642365e-04
1047,8.369535,26,9.645038e-04
1048,8.374846,26,9.648156e-04
1049,8.380157,26,9.649881e-04
1050,8.385468,26,9.652985e-04
1051,8.390780,26,9.655886e-04
1052,8.396091,26,9.658580e-04
1053,8.401402,26,9.661530e-04
1054,8.406714,26,9.664517e-04
1055,8.412026,26,9.668753e-04
1056,8.417338,26,9.672560e-04
1057,8.422650,26,9.676162e-04
1058,8.427962,26,9.679206e-04
1059,8.433274,26,9.680610e-04
1060,8.438586,26,9.682874e-04
1061,8.443898,26,9.685476e-04
1062,8.449211,26,9.686513e-04
1063,8.454523,26,9.689121e-04
1064,8.459835,26,9.692347e-04
1065,8.465148,26,9.694383e-04
1066,8.470460,26,9.696727e-04
1067,8.475773,26,9.699372e-04
1068,8.481085,26,9.702849e-04
1069,8.486398,26,9.706382e-04
1070,8.491710,26,9.708303e-04
1071,8.497023,26,9.709823e-04
1072,8.502335,26,9.710847e-04
1073,8.507648,26,9.712552e-04
1074,8.512960,26,9.715043e-04
1075,8.518273,26,9.716855e-04
1076,8.523585,26,9.718271e-04
1077,8.528898,26,9.721085e-04
1078,8.534210,26,9.722782e-04
1079,8.539523,26,9.724224e-04
1080,8.544835,26,9.726251e-04
1081,8.550147,26,9.728600e-04
1082,8.555460,26,9.731505e-04
1083,8.560772,26,9.732991e-04
1084,8.566084,26,9.734150e-04
1085,8.571396,26,9.735055e-04
1086,8.576708,26,9.735366e-04
1087,8.582020,26,9.736650e-04
1088,8.587332,26,9.738589e-04
1089,8.592644,26,9.739231e-04
1090,8.597956,26,9.741210e-04
1091,8.603268,26,9.743121e-04
1092,8.608580,26,9.744143e-04
1093,8.613891,26,9.745967e-04
1094,8.619203,26,9.747146e-04
1095,8.624515,26,9.749338e-04
1096,8.629826,26,9.750561e-04
1097,8.635138,26,9.751189e-04
1098,8.640449,26,9.752589e-04
1099,8.645760,26,9.752002e-04
1100,8.651072,26,9.751964e-04
1101,8.656383,26,9.753227e-04
1102,8.661694,26,9.754097e-04
1103,8.667005,26,9.755169e-04
1104,8.672316,26,9.756877e-04
1105,8.677627,26,9.758279e-04
1106,8.682938,26,9.759629e-04
1107,8.688249,26,9.760830e-04
1108,8.693559,26,9.762028e-04
1109,8.698870,26,9.765116e-04
1110,8.704181,26,9.765356e-04
1111,8.709492,26,9.765742e-04
1112,8.714802,26,9.765628e-04
1113,8.720113,26,9.765774e-04
1114,8.725423,26,9.766522e-04
1115,8.730734,26,9.767726e-04
1116,8.736044,26,9.768706e-04
1117,8.741355,26,9.769889e-04
1118,8.746665,26,9.770601e-04
1119,8.751976,26,9.770809e-04
1120,8.757286,26,9.771975e-04
1121,8.762597,26,9.772520e-04
1122,8.767907,26,9.773968e-04
1123,8.773218,26,9.774665e-04
1124,8.778528,26,9.774311e-04
1125,8.783838,26,9.774537e-04
1126,8.789149,26,9.773853e-04
1127,8.794459,26,9.774903e-04
1128,8.799770,26,9.776581e-04
1129,8.805080,26,9.777320e-04
1130,8.810391,26,9.777917e-04
1131,8.815701,26,9.778698e-04
1132,8.821012,26,9.778850e-04
1133,8.826323,26,9.779641e-04
1134,8.831633,26,9.780600e-04
1135,8.836944,26,9.781403e-04
1136,8.842255,26,9.783137e-04
1137,8.847566,26,9.783594e-04
1138,8.852877,26,9.784032e-04
1139,8.858188,26,9.783569e-04
1140,8.863499,26,9.784050e-04
1141,8.868810,26,9.784946e-04
1142,8.874121,26,9.786252e-04
1143,8.879432,26,9.787142e-04
1144,8.884744,26,9.788464e-04
1145,8.890055,26,9.789497e-04
1146,8.895367,26,9.789569e-04
1147,8.900679,26,9.790354e-04
1148,8.905991,26,9.790978e-04
1149,8.911303,26,9.792470e-04
1150,8.916615,26,9.793916e-04
1151,8.921927,26,9.794742e-04
1152,8.927239,26,9.796571e-04
1153,8.932552,26,9.796516e-04
1154,8.937865,26,9.797737e-04
1155,8.943177,26,9.798476e-04
1156,8.948490,26,9.799289e-04
1157,8.953803,26,9.800595e-04
1158,8.959117,26,9.803043e-04
1159,8.964430,26,9.804701e-04
1160,8.969744,26,9.804830e-04
1161,8.975057,26,9.805994e-04
1162,8.980371,26,9.806854e-04
1163,8.985686,26,9.809100e-04
1164,8.991000,26,9.810724e-04
1165,8.996314,26,9.812012e-04
1166,9.001629,26,9.813371e-04
1167,9.006944,26,9.814661e-04
1168,9.012259,26,9.816533e-04
1169,9.017574,26,9.818206e-04
1170,9.022890,26,9.819368e-04
1171,9.028205,26,9.820935e-04
1172,9.033521,26,9.823145e-04
1173,9.038837,26,9.824877e-04
1174,9.044154,26,9.826140e-04
1175,9.049470,26,9.827824e-04
1176,9.054787,26,9.829624e-04
1177,9.060104,26,9.832630e-04
1178,9.065421,26,9.834175e-04
1179,9.070738,26,9.836391e-04
1180,9.076056,26,9.837701e-04
1181,9.081374,26,9.839468e-04
1182,9.086692,26,9.842083e-04
1183,9.092010,26,9.844756e-04
1184,9.097329,26,9.846846e-04
1185,9.102648,26,9.849123e-04
1186,9.107967,26,9.852441e-04
1187,9.113286,26,9.854899e-04
1188,9.118605,26,9.857197e-04
1189,9.123925,26,9.859392e-04
1190,9.129245,26,9.862216e-04
1191,9.134565,26,9.865282e-04
1192,9.139886,26,9.867801e-04
1193,9.145206,26,9.870109e-04
1194,9.150527,26,9.871964e-04
1195,9.155848,26,9.874613e-04
1196,9.161170,26,9.877983e-04
1197,9.166491,26,9.881147e-04
1198,9.171813,26,9.883999e-04
1199,9.177135,26,9.886912e-04
1200,9.182458,26,9.890572e-04
1201,9.187780,26,9.893546e-04
1202,9.193103,26,9.896406e-04
1203,9.198426,26,9.899634e-04
1204,9.203749,26,9.903156e-04
1205,9.209073,26,9.906787e-04
1206,9.214397,26,9.909201e-04
1207,9.219721,26,9.912041e-04
1208,9.225045,26,9.913657e-04
1209,9.230369,26,9.916677e-04
1210,9.235694,26,9.920423e-04
1211,9.241019,26,9.924514e-04
1212,9.246344,26,9.928145e-04
1213,9.251670,26,9.931268e-04
1214,9.256995,26,9.934999e-04
1215,9.262321,26,9.938599e-04
1216,9.267647,26,9.941687e-04
1217,9.272973,26,9.945105e-04
1218,9.278300,26,9.949150e-04
1219,9.283626,26,9.952637e-04
1220,9.288953,26,9.955644e-04
1221,9.294280,26,9.959222e-04
1222,9.299608,26,9.961806e-04
1223,9.304935,26,9.965486e-04
1224,9.310263,26,9.969572e-04
1225,9.315591,26,9.973504e-04
1226,9.320919,26,9.976820e-04
1227,9.326247,26,9.980095e-04
1228,9.331576,26,9.984503e-04
1229,9.336905,26,9.988209e-04
1230,9.342233,26,9.992482e-04
1231,9.347562,26,9.995701e-04
1232,9.352892,26,9.999418e-04
1233,9.358221,27,9.448651e-04
1234,9.363551,26,9.804076e-04
1235,9.368881,26,9.981416e-04
1236,9.374210,27,9.469182e-04
1237,9.379541,26,9.831434e-04
1238,9.384871,27,9.446688e-04
1239,9.390201,26,9.845855e-04
1240,9.395532,27,9.463320e-04
1241,9.400863,26,9.861097e-04
1242,9.406194,27,9.476457e-04
1243,9.411525,26,9.874127e-04
1244,9.416856,27,9.487355e-04
1245,9.422187,26,9.883830e-04
1246,9.427519,27,9.495010e-04
1247,9.432850,26,9.892313e-04
1248,9.438182,27,9.501889e-04
1249,9.443514,26,9.900350e-04
1250,9.448846,27,9.509000e-04
1251,9.454178,26,9.907927e-04
1252,9.459511,27,9.515953e-04
1253,9.464843,26,9.916760e-04
1254,9.470176,27,9.523272e-04
1255,9.475508,26,9.924767e-04
1256,9.480841,27,9.531166e-04
1257,9.486174,26,9.932757e-04
1258,9.491507,27,9.537148e-04
1259,9.496840,26,9.940254e-04
1260,9.502173,27,9.543826e-04
1261,9.507507,26,9.948314e-04
1262,9.512840,27,9.550086e-04
1263,9.518174,26,9.955786e-04
1264,9.523507,27,9.556760e-04
1265,9.528841,26,9.962834e-04
1266,9.534175,27,9.563374e-04
1267,9.539509,26,9.971464e-04
1268,9.544843,27,9.570070e-04
1269,9.550177,26,9.978869e-04
1270,9.555511,27,9.576133e-04
1271,9.560845,26,9.975967e-04
1272,9.566180,27,9.567942e-04
1273,9.571514,26,9.971017e-04
1274,9.576849,27,9.570091e-04
1275,9.582183,26,9.973375e-04
1276,9.587518,27,9.571332e-04
1277,9.592853,26,9.973114e-04
1278,9.598187,27,9.571165e-04
1279,9.603522,26,9.972264e-04
1280,9.608857,27,9.570214e-04
1281,9.614192,26,9.972916e-04
1282,9.619527,27,9.571894e-04
1283,9.624862,26,9.973643e-04
1284,9.630197,27,9.572691e-04
1285,9.635533,26,9.973791e-04
1286,9.640868,27,9.572590e-04
1287,9.646203,26,9.972359e-04
1288,9.651539,27,9.570598e-04
1289,9.656874,26,9.970484e-04
1290,9.662210,27,9.568399e-04
1291,9.667545,26,9.967795e-04
1292,9.672881,27,9.567254e-04
1293,9.678217,26,9.965336e-04
1294,9.683552,27,9.565472e-04
1295,9.688888,26,9.963958e-04
1296,9.694224,27,9.563923e-04
1297,9.699560,26,9.960328e-04
1298,9.704896,27,9.559951e-04
1299,9.710232,26,9.956560e-04
1300,9.715568,27,9.557128e-04
1301,9.720904,26,9.952695e-04
1302,9.726240,27,9.553837e-04
1303,9.731576,26,9.949299e-04
1304,9.736913,27,9.550446e-04
1305,9.742249,26,9.943973e-04
1306,9.747585,27,9.546048e-04
1307,9.752922,26,9.938632e-04
1308,9.758258,27,9.540698e-04
1309,9.763595,26,9.933783e-04
1310,9.768931,27,9.536713e-04
1311,9.774268,26,9.928298e-04
1312,9.779604,27,9.532062e-04
1313,9.784941,26,9.922820e-04
1314,9.790278,27,9.526821e-04
1315,9.795615,26,9.917065e-04
1316,9.800952,27,9.522346e-04
1317,9.806288,26,9.912370e-04
1318,9.811625,27,9.516699e-04
1319,9.816962,26,9.904094e-04
1320,9.822300,27,9.509912e-04
1321,9.827637,26,9.896481e-04
1322,9.832974,27,9.503519e-04
1323,9.838311,26,9.891039e-04
1324,9.843649,27,9.498232e-04
1325,9.848986,26,9.883445e-04
1326,9.854323,27,9.491163e-04
1327,9.859661,26,9.875770e-04
1328,9.864999,27,9.484490e-04
1329,9.870336,26,9.868539e-04
1330,9.875674,27,9.478542e-04
1331,9.881012,26,9.861489e-04
1332,9.886349,27,9.471411e-04
1333,9.891687,26,9.852941e-04
1334,9.897025,27,9.463417e-04
1335,9.902363,26,9.843932e-04
1336,9.907702,27,9.456556e-04
1337,9.913040,26,9.837422e-04
1338,9.918378,27,9.450291e-04
1339,9.923716,26,9.828865e-04
1340,9.929055,26,9.996290e-04
1341,9.934393,27,9.469805e-04
1342,9.939732,26,9.809424e-04
1343,9.945071,26,9.973865e-04
1344,9.950409,27,9.451701e-04
1345,9.955748,26,9.794086e-04
1346,9.961087,26,9.959084e-04
1347,9.966426,26,9.988059e-04
1348,9.971765,26,9.982270e-04
1349,9.977104,26,9.970826e-04
1350,9.982444,26,9.960451e-04
1351,9.987783,26,9.952840e-04
1352,9.993123,26,9.946005e-04
1353,9.998462,26,9.940743e-04
1354,10.003802,26,9.936061e-04
1355,10.009142,26,9.931439e-04
1356,10.014481,26,9.926547e-04
1357,10.019821,26,9.922240e-04
1358,10.025161,26,9.918292e-04
1359,10.030502,26,9.914608e-04
1360,10.035842,26,9.909305e-04
1361,10.041182,26,9.904659e-04
1362,10.046523,26,9.900799e-04
1363,10.051863,26,9.895895e-04
1364,10.057204,26,9.892230e-04
1365,10.062545,26,9.887783e-04
1366,10.067886,26,9.883525e-04
1367,10.073227,26,9.879435e-04
1368,10.078568,26,9.875499e-04
1369,10.083909,26,9.870815e-04
1370,10.089250,26,9.857917e-04
1371,10.094592,26,9.851253e-04
1372,10.099933,26,9.848060e-04
1373,10.105275,26,9.844641e-04
1374,10.110617,26,9.840579e-04
1375,10.115959,26,9.835656e-04
1376,10.121301,26,9.830751e-04
1377,10.126643,26,9.826389e-04
1378,10.131985,26,9.822017e-04
1379,10.137327,26,9.818085e-04
1380,10.142670,26,9.814638e-04
1381,10.148013,26,9.811782e-04
1382,10.153355,26,9.809510e-04
1383,10.158698,26,9.806277e-04
1384,10.164041,26,9.804057e-04
1385,10.169384,26,9.800967e-04
1386,10.174728,26,9.798016e-04
1387,10.180071,26,9.794462e-04
1388,10.185415,26,9.790737e-04
1389,10.190758,26,9.785513e-04
1390,10.196102,26,9.781255e-04
1391,10.201446,26,9.777476e-04
1392,10.206790,26,9.773400e-04
1393,10.212134,26,9.769812e-04
1394,10.217478,26,9.765542e-04
1395,10.222823,26,9.761923e-04
1396,10.228167,26,9.758315e-04
1397,10.233512,26,9.755423e-04
1398,10.238857,26,9.752029e-04
1399,10.244202,26,9.748444e-04
1400,10.249547,26,9.745413e-04
1401,10.254892,26,9.742166e-04
1402,10.260237,26,9.739162e-04
1403,10.265583,26,9.735925e-04
1404,10.270928,26,9.732762e-04
1405,10.276274,26,9.730130e-04
1406,10.281620,26,9.727239e-04
1407,10.286966,26,9.724243e-04
1408,10.292312,26,9.721308e-04
1409,10.297658,26,9.718011e-04
1410,10.303005,26,9.715919e-04
1411,10.308351,26,9.714331e-04
1412,10.313698,26,9.711907e-04
1413,10.319044,26,9.709253e-04
1414,10.324391,26,9.705877e-04
1415,10.329738,26,9.703146e-04
1416,10.335085,26,9.700999e-04
1417,10.340433,26,9.699594e-04
1418,10.345780,26,9.696404e-04
1419,10.351128,26,9.693352e-04
1420,10.356475,26,9.690548e-04
1421,10.361823,26,9.688268e-04
1422,10.367171,26,9.686345e-04
1423,10.372519,26,9.684697e-04
1424,10.377867,26,9.683203e-04
1425,10.383215,26,9.681400e-04
1426,10.388564,26,9.680020e-04
1427,10.393912,26,9.678131e-04
1428,10.399261,26,9.676057e-04
1429,10.404610,26,9.675109e-04
1430,10.409959,26,9.676195e-04
1431,10.415308,26,9.674870e-04
1432,10.420657,26,9.673300e-04
1433,10.426006,26,9.670974e-04
1434,10.431355,26,9.669512e-04
1435,10.436705,26,9.668282e-04
1436,10.442054,26,9.667541e-04
1437,10.447404,26,9.666521e-04
1438,10.452754,26,9.665461e-04
1439,10.458104,26,9.664317e-04
1440,10.463454,26,9.663308e-04
1441,10.468804,26,9.663001e-04
1442,10.474155,26,9.662702e-04
1443,10.479505,26,9.661582e-04
1444,10.484855,26,9.660416e-04
1445,10.490206,26,9.659253e-04
1446,10.495557,26,9.658459e-04
1447,10.500908,26,9.657816e-04
1448,10.506259,26,9.657408e-04
1449,10.511610,26,9.657474e-04
1450,10.516961,26,9.656627e-04
1451,10.522312,26,9.656549e-04
1452,10.527664,26,9.656366e-04
1453,10.533015,26,9.656062e-04
1454,10.538367,26,9.656394e-04
1455,10.543719,26,9.656419e-04
1456,10.549070,26,9.656249e-04
1457,10.554422,26,9.656053e-04
1458,10.559774,26,9.655047e-04
1459,10.565126,26,9.655254e-04
1460,10.570479,26,9.655612e-04
1461,10.575831,26,9.656496e-04
1462,10.581183,26,9.656704e-04
1463,10.586536,26,9.656390e-04
1464,10.591889,26,9.656902e-04
1465,10.597241,26,9.657002e-04
1466,10.602594,26,9.657721e-04
1467,10.607947,26,9.658934e-04
1468,10.613300,26,9.659631e-04
1469,10.618653,26,9.659667e-04
1470,10.624006,26,9.659965e-04
1471,10.629359,26,9.660476e-04
1472,10.634713,26,9.661804e-04
1473,10.640066,26,9.662911e-04
1474,10.645420,26,9.663985e-04
1475,10.650773,26,9.664549e-04
1476,10.656127,26,9.665597e-04
1477,10.661481,26,9.666471e-04
1478,10.666835,26,9.667797e-04
1479,10.672189,26,9.669705e-04
1480,10.677543,26,9.670842e-04
1481,10.682897,26,9.672285e-04
1482,10.688251,26,9.673850e-04
1483,10.693606,26,9.675614e-04
1484,10.698960,26,9.677138e-04
1485,10.704315,26,9.678595e-04
1486,10.709669,26,9.679839e-04
1487,10.715024,26,9.681767e-04
1488,10.720378,26,9.683522e-04
1489,10.725733,26,9.685537e-04
1490,10.731088,26,9.687185e-04
1491,10.736443,26,9.689560e-04
1492,10.741798,26,9.691298e-04
1493,10.747153,26,9.692889e-04
1494,10.752508,26,9.695743e-04
1495,10.757864,26,9.698595e-04
1496,10.763219,26,9.701147e-04
1497,10.768574,26,9.703853e-04
1498,10.773930,26,9.706129e-04
1499,10.779286,26,9.708446e-04
1500,10.784641,26,9.711008e-04
1501,10.789997,26,9.714699e-04
1502,10.795353,26,9.717689e-04
1503,10.800709,26,9.720337e-04
1504,10.806064,26,9.722938e-04
1505,10.811420,26,9.725612e-04
1506,10.816777,26,9.728139e-04
1507,10.822133,26,9.731108e-04
1508,10.827489,26,9.734399e-04
1509,10.832845,26,9.737953e-04
1510,10.838202,26,9.741324e-04
1511,10.843558,26,9.744785e-04
1512,10.848915,26,9.748029e-04
1513,10.854271,26,9.751281e-04
1514,10.859628,26,9.755067e-04
1515,10.864984,26,9.758440e-04
1516,10.870341,26,9.761937e-04
1517,10.875698,26,9.765597e-04
1518,10.881055,26,9.768824e-04
1519,10.886412,26,9.772308e-04
1520,10.891769,26,9.776273e-04
1521,10.897126,26,9.779992e-04
1522,10.902483,26,9.783592e-04
1523,10.907841,26,9.786800e-04
1524,10.913198,26,9.790483e-04
1525,10.918555,26,9.794710e-04
1526,10.923913,26,9.799157e-04
1527,10.929270,26,9.802728e-04
1528,10.934628,26,9.806430e-04
1529,10.939986,26,9.810621e-04
1530,10.945344,26,9.814490e-04
1531,10.950701,26,9.818693e-04
1532,10.956059,26,9.822693e-04
1533,10.961417,26,9.826467e-04
1534,10.966775,26,9.830921e-04
1535,10.972133,26,9.836095e-04
1536,10.977491,26,9.840376e-04
1537,10.982850,26,9.844494e-04
1538,10.988208,26,9.848928e-04
1539,10.993566,26,9.853178e-04
1540,10.998925,26,9.858116e-04
1541,11.004283,26,9.863109e-04
1542,11.009642,26,9.867446e-04
1543,11.015001,26,9.871959e-04
1544,11.020359,26,9.877092e-04
1545,11.025718,26,9.881702e-04
1546,11.031077,26,9.885860e-04
1547,11.036436,26,9.889758e-04
1548,11.041795,26,9.894360e-04
1549,11.047154,26,9.899022e-04
1550,11.052513,26,9.904399e-04
1551,11.057872,26,9.909259e-04
1552,11.063231,26,9.913756e-04
1553,11.068591,26,9.919048e-04
1554,11.073950,26,9.923927e-04
1555,11.079310,26,9.929153e-04
1556,11.084669,26,9.934175e-04
1557,11.090029,26,9.938534e-04
1558,11.095389,26,9.943150e-04
1559,11.100748,26,9.948075e-04
1560,11.106108,26,9.953229e-04
1561,11.111468,26,9.958492e-04
1562,11.116828,26,9.962504e-04
1563,11.122188,26,9.966521e-04
1564,11.127548,26,9.970933e-04
1565,11.132909,26,9.976085e-04
1566,11.138269,26,9.981403e-04
1567,11.143629,26,9.986806e-04
1568,11.148990,26,9.991786e-04
1569,11.154350,26,9.995776e-04
1570,11.159711,26,9.999986e-04
1571,11.165072,27,9.521308e-04
1572,11.170432,26,9.791203e-04
1573,11.175793,26,9.978785e-04
1574,11.181154,27,9.548432e-04
1575,11.186515,26,9.823647e-04
1576,11.191876,27,9.517992e-04
1577,11.197237,26,9.837260e-04
1578,11.202599,27,9.536498e-04
1579,11.207960,26,9.853449e-04
1580,11.213321,27,9.549086e-04
1581,11.218683,26,9.864338e-04
1582,11.224044,27,9.557379e-04
1583,11.229406,26,9.872502e-04
1584,11.234768,27,9.565265e-04
1585,11.240130,26,9.880932e-04
1586,11.245491,27,9.572390e-04
1587,11.250853,26,9.888265e-04
1588,11.256215,27,9.578659e-04
1589,11.261577,26,9.887749e-04
1590,11.266940,27,9.575603e-04
1591,11.272302,26,9.888597e-04
1592,11.277664,27,9.579945e-04
1593,11.283027,26,9.892764e-04
1594,11.288389,27,9.583015e-04
1595,11.293752,26,9.895068e-04
1596,11.299115,27,9.585201e-04
1597,11.304477,26,9.897651e-04
1598,11.309840,27,9.588071e-04
1599,11.315203,26,9.901165e-04
1600,11.320566,27,9.591141e-04
1601,11.325929,26,9.902901e-04
1602,11.331293,27,9.592468e-04
1603,11.336656,26,9.904137e-04
1604,11.342019,27,9.592753e-04
1605,11.347383,26,9.904191e-04
1606,11.352746,27,9.592525e-04
1607,11.358110,26,9.903575e-04
1608,11.363474,27,9.591783e-04
1609,11.368838,26,9.902671e-04
1610,11.374201,27,9.591377e-04
1611,11.379565,26,9.902407e-04
1612,11.384929,27,9.590942e-04
1613,11.390294,26,9.901407e-04
1614,11.395658,27,9.590118e-04
1615,11.401022,26,9.899306e-04
1616,11.406387,27,9.586719e-04
1617,11.411751,26,9.896449e-04
1618,11.417116,27,9.583970e-04
1619,11.422480,26,9.892692e-04
1620,11.427845,27,9.580356e-04
1621,11.433210,26,9.889305e-04
1622,11.438575,27,9.576281e-04
1623,11.443940,26,9.884395e-04
1624,11.449305,27,9.571935e-04
1625,11.454670,26,9.879809e-04
1626,11.460036,27,9.567136e-04
1627,11.465401,26,9.875089e-04
1628,11.470767,27,9.562638e-04
1629,11.476132,26,9.870532e-04
1630,11.481498,27,9.557099e-04
1631,11.486864,26,9.863876e-04
1632,11.492229,27,9.550551e-04
1633,11.497595,26,9.856608e-04
1634,11.502961,27,9.542689e-04
1635,11.508328,26,9.848581e-04
1636,11.513694,27,9.535429e-04
1637,11.519060,26,9.841822e-04
1638,11.524426,27,9.527665e-04
1639,11.529793,26,9.832707e-04
1640,11.535159,27,9.519861e-04
1641,11.540526,26,9.825422e-04
1642,11.545893,27,9.515263e-04
1643,11.551259,26,9.822243e-04
1644,11.556626,27,9.508416e-04
1645,11.561993,26,9.815420e-04
1646,11.567360,26,9.992309e-04
1647,11.572728,27,9.533234e-04
1648,11.578095,26,9.794060e-04
1649,11.583462,26,9.965205e-04
1650,11.588830,27,9.509946e-04
1651,11.594197,26,9.775348e-04
1652,11.599565,26,9.947966e-04
1653,11.604932,26,9.983703e-04
1654,11.610300,26,9.977191e-04
1655,11.615668,26,9.963378e-04
1656,11.621036,26,9.950641e-04
1657,11.626404,26,9.941127e-04
1658,11.631772,26,9.933723e-04
1659,11.637140,26,9.927294e-04
1660,11.642508,26,9.921263e-04
1661,11.647877,26,9.914912e-04
1662,11.653245,26,9.907718e-04
1663,11.658614,26,9.900761e-04
1664,11.663982,26,9.894423e-04
1665,11.669351,26,9.888116e-04
1666,11.674720,26,9.881146e-04
1667,11.680089,26,9.874562e-04
1668,11.685458,26,9.867605e-04
1669,11.690827,26,9.860770e-04
1670,11.696196,26,9.853986e-04
1671,11.701565,26,9.847601e-04
1672,11.706934,26,9.840526e-04
1673,11.712304,26,9.833398e-04
1674,11.717673,26,9.826307e-04
1675,11.723043,26,9.819460e-04
1676,11.728412,26,9.812554e-04
1677,11.733782,26,9.805311e-04
1678,11.739152,26,9.798035e-04
1679,11.744521,26,9.790104e-04
1680,11.749891,26,9.781946e-04
1681,11.755261,26,9.773924e-04
1682,11.760631,26,9.765923e-04
1683,11.766001,26,9.757680e-04
1684,11.771372,26,9.749734e-04
1685,11.776742,26,9.741927e-04
1686,11.782112,26,9.734377e-04
1687,11.787483,26,9.726291e-04
1688,11.792853,26,9.718411e-04
1689,11.798224,26,9.710760e-04
1690,11.803595,26,9.703188e-04
1691,11.808965,26,9.695142e-04
1692,11.814336,26,9.687769e-04
1693,11.819707,26,9.679787e-04
1694,11.825078,26,9.671400e-04
1695,11.830449,26,9.663366e-04
1696,11.835820,26,9.655416e-04
1697,11.841192,26,9.646842e-04
1698,11.846563,26,9.638216e-04
1699,11.851934,26,9.629990e-04
1700,11.857306,26,9.621455e-04
1701,11.862677,26,9.613423e-04
1702,11.868049,26,9.605241e-04
1703,11.873420,26,9.597413e-04
1704,11.878792,26,9.589434e-04
1705,11.884164,26,9.581602e-04
1706,11.889536,26,9.573651e-04
1707,11.894908,26,9.565744e-04
1708,11.900280,26,9.558235e-04
1709,11.905652,26,9.551016e-04
1710,11.911024,26,9.543280e-04
1711,11.916396,26,9.534876e-04
1712,11.921768,26,9.526885e-04
1713,11.927141,26,9.519107e-04
1714,11.932513,26,9.511026e-04
1715,11.937886,26,9.502747e-04
1716,11.943258,25,9.991736e-04
1717,11.948631,26,9.704612e-04
1718,11.954004,26,9.512511e-04
1719,11.959376,25,9.950289e-04
1720,11.964749,26,9.663143e-04
1721,11.970122,25,9.966979e-04
1722,11.975495,26,9.644799e-04
1723,11.980868,25,9.941378e-04
1724,11.986241,26,9.619443e-04
1725,11.991615,25,9.912410e-04
1726,11.996988,26,9.599705e-04
1727,12.002361,25,9.895895e-04
1728,12.007734,26,9.584841e-04
1729,12.013108,25,9.880067e-04
1730,12.018481,26,9.570905e-04
1731,12.023855,25,9.865073e-04
1732,12.029229,26,9.557510e-04
1733,12.034602,25,9.851611e-04
1734,12.039976,26,9.545302e-04
1735,12.045350,25,9.837958e-04
1736,12.050724,26,9.533101e-04
1737,12.056098,25,9.824375e-04
1738,12.061472,26,9.521411e-04
1739,12.066846,25,9.812860e-04
1740,12.072220,25,9.992950e-04
1741,12.077595,26,9.547182e-04
1742,12.082969,25,9.788870e-04
1743,12.088343,25,9.960373e-04
1744,12.093718,25,9.997166e-04
1745,12.099092,25,9.992009e-04
1746,12.104467,25,9.977771e-04
1747,12.109841,25,9.964005e-04
1748,12.115216,25,9.952755e-04
1749,12.120591,25,9.944355e-04
1750,12.125966,25,9.937515e-04
1751,12.131341,25,9.931333e-04
1752,12.136716,25,9.928729e-04
1753,12.142091,25,9.925634e-04
1754,12.147466,25,9.920808e-04
1755,12.152841,25,9.915897e-04
1756,12.158216,25,9.911248e-04
1757,12.163591,25,9.906632e-04
1758,12.168967,25,9.902782e-04
1759,12.174342,25,9.898230e-04
1760,12.179718,25,9.893151e-04
1761,12.185093,25,9.888547e-04
1762,12.190469,25,9.884378e-04
1763,12.195844,25,9.880941e-04
1764,12.201220,25,9.878369e-04
1765,12.206596,25,9.876612e-04
1766,12.211972,25,9.873854e-04
1767,12.217348,25,9.870723e-04
1768,12.222724,25,9.867827e-04
1769,12.228100,25,9.865002e-04
1770,12.233476,25,9.862550e-04
1771,12.238852,25,9.861289e-04
1772,12.244228,25,9.859254e-04
1773,12.249605,25,9.856565e-04
1774,12.254981,25,9.853794e-04
1775,12.260357,25,9.851978e-04
1776,12.265734,25,9.850275e-04
1777,12.271111,25,9.849802e-04
1778,12.276487,25,9.849572e-04
1779,12.281864,25,9.849399e-04
1780,12.287241,25,9.848890e-04
1781,12.292617,25,9.848671e-04
1782,12.297994,25,9.848129e-04
1783,12.303371,25,9.848067e-04
1784,12.308748,25,9.848828e-04
1785,12.314126,25,9.849209e-04
1786,12.319503,25,9.849481e-04
1787,12.324880,25,9.850163e-04
1788,12.330257,25,9.850574e-04
1789,12.335635,25,9.851052e-04
1790,12.341012,25,9.852771e-04
1791,12.346390,25,9.854649e-04
1792,12.351767,25,9.855987e-04
1793,12.357145,25,9.857772e-04
1794,12.362522,25,9.859356e-04
1795,12.367900,25,9.861139e-04
1796,12.373278,25,9.863869e-04
1797,12.378656,25,9.866533e-04
1798,12.384034,25,9.868714e-04
1799,12.389412,25,9.871532e-04
1800,12.394790,25,9.875040e-04
1801,12.400168,25,9.878778e-04
1802,12.405546,25,9.882484e-04
1803,12.410925,25,9.885804e-04
1804,12.416303,25,9.889094e-04
1805,12.421682,25,9.892464e-04
1806,12.427060,25,9.895912e-04
1807,12.432439,25,9.899754e-04
1808,12.437817,25,9.903905e-04
1809,12.443196,25,9.908341e-04
1810,12.448575,25,9.912569e-04
1811,12.453954,25,9.917122e-04
1812,12.459333,25,9.921630e-04
1813,12.464712,25,9.926886e-04
1814,12.470091,25,9.932532e-04
1815,12.475470,25,9.938591e-04
1816,12.480849,25,9.944222e-04
1817,12.486228,25,9.949584e-04
1818,12.491608,25,9.955148e-04
1819,12.496987,25,9.960694e-04
1820,12.502366,25,9.966484e-04
1821,12.507746,25,9.972529e-04
1822,12.513126,25,9.978319e-04
1823,12.518505,25,9.984131e-04
1824,12.523885,25,9.989776e-04
1825,12.529265,25,9.996332e-04
1826,12.534645,26,9.534362e-04
1827,12.540025,25,9.785023e-04
1828,12.545405,25,9.967204e-04
1829,12.550785,26,9.561525e-04
1830,12.556165,25,9.827014e-04
1831,12.561545,26,9.530802e-04
1832,12.566925,25,9.843685e-04
1833,12.572306,26,9.556004e-04
1834,12.577686,25,9.868903e-04
1835,12.583067,26,9.575895e-04
1836,12.588447,25,9.886780e-04
1837,12.593828,26,9.590459e-04
1838,12.599209,25,9.902856e-04
1839,12.604589,26,9.605360e-04
1840,12.609970,25,9.919352e-04
1841,12.615351,26,9.619888e-04
1842,12.620732,25,9.935561e-04
1843,12.626113,26,9.634539e-04
1844,12.631494,25,9.952619e-04
1845,12.636875,26,9.650739e-04
1846,12.642257,25,9.971354e-04
1847,12.647638,26,9.667695e-04
1848,12.653019,25,9.990225e-04
1849,12.658401,26,9.684559e-04
1850,12.663782,26,9.523995e-04
1851,12.669164,25,9.955811e-04
1852,12.674546,26,9.685934e-04
1853,12.679927,26,9.532813e-04
1854,12.685309,25,9.966479e-04
1855,12.690691,26,9.707410e-04
1856,12.696073,26,9.551416e-04
1857,12.701455,25,9.981802e-04
1858,12.706837,26,9.723971e-04
1859,12.712219,26,9.566664e-04
1860,12.717601,25,9.994485e-04
1861,12.722984,26,9.738211e-04
1862,12.728366,26,9.580225e-04
1863,12.733749,26,9.531584e-04
1864,12.739131,26,9.531489e-04
1865,12.744514,26,9.543564e-04
1866,12.749896,26,9.554988e-04
1867,12.755279,26,9.563535e-04
1868,12.760662,26,9.570023e-04
1869,12.766044,26,9.575660e-04
1870,12.771427,26,9.581101e-04
1871,12.776810,26,9.585504e-04
1872,12.782193,26,9.589724e-04
1873,12.787576,26,9.593282e-04
1874,12.792959,26,9.596936e-04
1875,12.798343,26,9.600838e-04
1876,12.803726,26,9.604933e-04
1877,12.809109,26,9.608936e-04
1878,12.814493,26,9.612317e-04
1879,12.819876,26,9.615632e-04
1880,12.825260,26,9.619048e-04
1881,12.830643,26,9.622595e-04
1882,12.836027,26,9.625946e-04
1883,12.841411,26,9.629121e-04
1884,12.846795,26,9.632281e-04
1885,12.852179,26,9.636185e-04
1886,12.857562,26,9.640282e-04
1887,12.862946,26,9.644125e-04
1888,12.868331,26,9.647829e-04
1889,12.873715,26,9.651352e-04
1890,12.879099,26,9.654832e-04
1891,12.884483,26,9.658812e-04
1892,12.889867,26,9.662829e-04
1893,12.895252,26,9.666781e-04
1894,12.900636,26,9.670508e-04
1895,12.906021,26,9.673997e-04
1896,12.911405,26,9.677059e-04
1897,12.916790,26,9.680426e-04
1898,12.922175,26,9.684457e-04
1899,12.927560,26,9.688417e-04
1900,12.932944,26,9.691518e-04
1901,12.938329,26,9.694660e-04
1902,12.943714,26,9.698179e-04
1903,12.949099,26,9.701874e-04
1904,12.954484,26,9.705904e-04
1905,12.959869,26,9.709703e-04
1906,12.965255,26,9.712496e-04
1907,12.970640,26,9.715443e-04
1908,12.976025,26,9.718908e-04
1909,12.981411,26,9.722241e-04
1910,12.986796,26,9.725705e-04
1911,12.992182,26,9.730035e-04
1912,12.997567,26,9.733838e-04
1913,13.002953,26,9.736612e-04
1914,13.008339,26,9.739113e-04
1915,13.013724,26,9.741938e-04
1916,13.019110,26,9.744847e-04
1917,13.024496,26,9.748098e-04
1918,13.029882,26,9.751710e-04
1919,13.035268,26,9.754443e-04
1920,13.040654,26,9.757037e-04
1921,13.046040,26,9.759949e-04
1922,13.051426,26,9.762043e-04
1923,13.056813,26,9.764288e-04
1924,13.062199,26,9.767448e-04
1925,13.067585,26,9.770365e-04
1926,13.072972,26,9.773042e-04
1927,13.078358,26,9.783296e-04
1928,13.083745,26,9.786738e-04
1929,13.089131,26,9.789711e-04
1930,13.094518,26,9.792431e-04
1931,13.099905,26,9.795377e-04
1932,13.105292,26,9.797476e-04
1933,13.110679,26,9.799342e-04
1934,13.116065,26,9.801551e-04
1935,13.121452,26,9.803940e-04
1936,13.126839,26,9.806344e-04
1937,13.132227,26,9.808356e-04
1938,13.137614,26,9.809834e-04
1939,13.143001,26,9.811037e-04
1940,13.148388,26,9.812629e-04
1941,13.153775,26,9.814036e-04
1942,13.159163,26,9.815638e-04
1943,13.164550,26,9.817294e-04
1944,13.169938,26,9.818728e-04
1945,13.175325,26,9.820181e-04
1946,13.180713,26,9.820084e-04
1947,13.186101,26,9.819592e-04
1948,13.191488,26,9.819396e-04
1949,13.196876,26,9.819804e-04
1950,13.202264,26,9.820380e-04
1951,13.207652,26,9.821080e-04
1952,13.213040,26,9.821382e-04
1953,13.218428,26,9.820765e-04
1954,13.223816,26,9.820256e-04
1955,13.229204,26,9.819466e-04
1956,13.234592,26,9.819041e-04
1957,13.239980,26,9.818609e-04
1958,13.245369,26,9.818401e-04
1959,13.250757,26,9.818088e-04
1960,13.256146,26,9.816707e-04
1961,13.261534,26,9.814870e-04
1962,13.266923,26,9.813539e-04
1963,13.272311,26,9.811301e-04
1964,13.277700,26,9.809686e-04
1965,13.283088,26,9.808319e-04
1966,13.288477,26,9.807128e-04
1967,13.293866,26,9.805271e-04
1968,13.299255,26,9.802562e-04
1969,13.304644,26,9.800307e-04
1970,13.310033,26,9.798359e-04
1971,13.315422,26,9.796139e-04
1972,13.320811,26,9.793688e-04
1973,13.326200,26,9.791264e-04
1974,13.331589,26,9.788864e-04
1975,13.336979,26,9.786344e-04
1976,13.342368,26,9.782616e-04
1977,13.347757,26,9.779122e-04
1978,13.353147,26,9.776187e-04
1979,13.358536,26,9.773228e-04
1980,13.363926,26,9.770032e-04
1981,13.369316,26,9.766614e-04
1982,13.374705,26,9.763338e-04
1983,13.380095,26,9.759887e-04
1984,13.385485,26,9.756819e-04
1985,13.390875,26,9.753254e-04
1986,13.396265,26,9.749554e-04
1987,13.401655,26,9.745694e-04
1988,13.407045,26,9.741394e-04
1989,13.412435,26,9.737161e-04
1990,13.417825,26,9.732868e-04
1991,13.423215,26,9.731250e-04
1992,13.428605,26,9.728173e-04
1993,13.433996,26,9.724045e-04
1994,13.439386,26,9.720214e-04
1995,13.444776,26,9.716039e-04
1996,13.450167,26,9.711323e-04
1997,13.455558,26,9.706074e-04
1998,13.460948,26,9.701533e-04
1999,13.466339,26,9.697564e-04
2000,13.471730,26,9.693765e-04
2001,13.477120,26,9.689866e-04
2002,13.482511,26,9.684087e-04
2003,13.487902,26,9.677646e-04
2004,13.493293,26,9.674004e-04
2005,13.498684,26,9.669931e-04
2006,13.504075,26,9.662595e-04
2007,13.509466,26,9.656973e-04
2008,13.514857,26,9.652539e-04
2009,13.520249,26,9.648387e-04
2010,13.525640,26,9.644374e-04
2011,13.531031,26,9.640466e-04
2012,13.536423,26,9.636306e-04
2013,13.541814,26,9.632055e-04
2014,13.547206,26,9.627994e-04
2015,13.552597,26,9.624124e-04
2016,13.557989,26,9.619654e-04
2017,13.563381,26,9.615530e-04
2018,13.568772,26,9.611820e-04
2019,13.574164,26,9.608868e-04
2020,13.579556,26,9.605804e-04
2021,13.584948,26,9.602525e-04
2022,13.590340,26,9.598924e-04
2023,13.595732,26,9.595256e-04
2024,13.601124,26,9.591863e-04
2025,13.606516,26,9.588582e-04
2026,13.611909,26,9.584728e-04
2027,13.617301,26,9.580916e-04
2028,13.622693,26,9.576955e-04
2029,13.628086,26,9.573272e-04
2030,13.633478,26,9.569806e-04
2031,13.638871,26,9.567046e-04
2032,13.644263,26,9.564536e-04
2033,13.649656,26,9.561792e-04
2034,13.655049,26,9.559111e-04
2035,13.660441,26,9.556271e-04
2036,13.665834,25,9.999801e-04
2037,13.671227,26,9.780875e-04
2038,13.676620,26,9.598117e-04
2039,13.682013,25,9.982095e-04
2040,13.687406,26,9.753190e-04
2041,13.692799,26,9.575611e-04
2042,13.698192,25,9.967203e-04
2043,13.703586,26,9.738522e-04
2044,13.708979,26,9.564395e-04
2045,13.714372,25,9.960950e-04
2046,13.719766,26,9.731083e-04
2047,13.725159,26,9.558148e-04
2048,13.730552,25,9.957899e-04
2049,13.735946,26,9.724743e-04
2050,13.741340,26,9.553124e-04
2051,13.746733,25,9.956085e-04
2052,13.752127,26,9.720220e-04
2053,13.757521,26,9.549743e-04
2054,13.762915,25,9.956051e-04
2055,13.768309,26,9.716900e-04
2056,13.773703,26,9.546902e-04
2057,13.779097,25,9.955474e-04
2058,13.784491,26,9.712363e-04
2059,13.789885,26,9.543408e-04
2060,13.795279,25,9.955255e-04
2061,13.800673,26,9.708051e-04
2062,13.806068,26,9.539342e-04
2063,13.811462,25,9.953625e-04
2064,13.816856,26,9.703251e-04
2065,13.822251,26,9.536056e-04
2066,13.827646,25,9.954386e-04
2067,13.833040,26,9.700422e-04
2068,13.838435,26,9.533682e-04
2069,13.843830,25,9.955627e-04
2070,13.849224,26,9.699153e-04
2071,13.854619,26,9.534815e-04
2072,13.860014,25,9.960273e-04
2073,13.865409,26,9.699286e-04
2074,13.870804,26,9.535998e-04
2075,13.876199,25,9.964271e-04
2076,13.881594,26,9.698678e-04
2077,13.886989,26,9.534910e-04
2078,13.892385,25,9.967171e-04
2079,13.897780,26,9.697952e-04
2080,13.903175,26,9.528303e-04
2081,13.908571,25,9.938894e-04
2082,13.913966,26,9.671056e-04
2083,13.919362,25,9.983293e-04
2084,13.924757,26,9.671160e-04
2085,13.930153,25,9.970852e-04
2086,13.935549,26,9.657026e-04
2087,13.940944,25,9.956328e-04
2088,13.946340,26,9.644596e-04
2089,13.951736,25,9.943398e-04
2090,13.957132,26,9.634029e-04
2091,13.962528,25,9.931864e-04
2092,13.967924,26,9.623744e-04
2093,13.973320,25,9.918809e-04
2094,13.978716,26,9.612458e-04
2095,13.984112,25,9.905898e-04
2096,13.989509,26,9.602054e-04
2097,13.994905,25,9.893850e-04
2098,14.000301,26,9.593112e-04
2099,14.005698,25,9.882395e-04
2100,14.011094,26,9.583679e-04
2101,14.016491,25,9.870069e-04
2102,14.021887,26,9.573531e-04
2103,14.027284,25,9.856685e-04
2104,14.032681,26,9.563077e-04
2105,14.038078,25,9.842732e-04
2106,14.043474,26,9.551436e-04
2107,14.048871,25,9.827696e-04
2108,14.054268,25,9.996773e-04
2109,14.059665,26,9.589853e-04
2110,14.065062,25,9.808572e-04
2111,14.070459,25,9.965567e-04
2112,14.075857,26,9.564758e-04
2113,14.081254,25,9.782178e-04
2114,14.086651,25,9.941887e-04
2115,14.092048,25,9.993575e-04
2116,14.097446,25,9.994751e-04
2117,14.102843,25,9.982033e-04
2118,14.108241,25,9.967373e-04
2119,14.113638,25,9.954607e-04
2120,14.119036,25,9.944062e-04
2121,14.124434,25,9.935837e-04
2122,14.129831,25,9.929326e-04
2123,14.135229,25,9.923495e-04
2124,14.140627,25,9.918073e-04
2125,14.146025,25,9.912386e-04
2126,14.151423,25,9.907103e-04
2127,14.156821,25,9.901777e-04
2128,14.162219,25,9.897256e-04
2129,14.167617,25,9.893336e-04
2130,14.173015,25,9.889134e-04
2131,14.178413,25,9.884690e-04
2132,14.183812,25,9.880400e-04
2133,14.189210,25,9.876343e-04
2134,14.194608,25,9.872266e-04
2135,14.200007,25,9.868504e-04
2136,14.205405,25,9.864611e-04
2137,14.210804,25,9.860505e-04
2138,14.216202,25,9.856523e-04
2139,14.221601,25,9.852541e-04
2140,14.227000,25,9.848908e-04
2141,14.232399,25,9.845926e-04
2142,14.237797,25,9.843337e-04
2143,14.243196,25,9.840280e-04
2144,14.248595,25,9.837102e-04
2145,14.253994,25,9.834281e-04
2146,14.259393,25,9.831639e-04
2147,14.264792,25,9.829599e-04
2148,14.270192,25,9.828092e-04
2149,14.275591,25,9.826013e-04
2150,14.280990,25,9.823620e-04
2151,14.286389,25,9.821349e-04
2152,14.291789,25,9.818820e-04
2153,14.297188,25,9.816727e-04
2154,14.302588,25,9.815684e-04
2155,14.307987,25,9.814462e-04
2156,14.313387,25,9.812900e-04
2157,14.318786,25,9.810935e-04
2158,14.324186,25,9.809328e-04
2159,14.329586,25,9.808282e-04
2160,14.334986,25,9.807976e-04
2161,14.340385,25,9.807485e-04
2162,14.345785,25,9.806676e-04
2163,14.351185,25,9.805696e-04
2164,14.356585,25,9.804811e-04
2165,14.361985,25,9.804023e-04
2166,14.367386,25,9.803869e-04
2167,14.372786,25,9.809939e-04
2168,14.378186,25,9.814448e-04
2169,14.383586,25,9.814281e-04
2170,14.388987,25,9.814343e-04
2171,14.394387,25,9.814884e-04
2172,14.399787,25,9.816112e-04
2173,14.405188,25,9.817330e-04
2174,14.410589,25,9.817937e-04
2175,14.415989,25,9.818545e-04
2176,14.421390,25,9.818931e-04
2177,14.426791,25,9.819513e-04
2178,14.432191,25,9.820360e-04
2179,14.437592,25,9.821395e-04
2180,14.442993,25,9.822204e-04
2181,14.448394,25,9.822769e-04
2182,14.453795,25,9.823348e-04
2183,14.459196,25,9.824229e-04
2184,14.464597,25,9.825018e-04
2185,14.469998,25,9.825891e-04
2186,14.475399,25,9.826942e-04
2187,14.480800,25,9.827724e-04
2188,14.486202,25,9.828384e-04
2189,14.491603,25,9.829080e-04
2190,14.497005,25,9.829902e-04
2191,14.502406,25,9.831231e-04
2192,14.507807,25,9.832441e-04
2193,14.513209,25,9.833493e-04
2194,14.518611,25,9.834707e-04
2195,14.524012,25,9.835987e-04
2196,14.529414,25,9.837184e-04
2197,14.534816,25,9.838593e-04
2198,14.540218,25,9.839659e-04
2199,14.545619,25,9.841164e-04
2200,14.551021,25,9.842090e-04
2201,14.556423,25,9.843203e-04
2202,14.561825,25,9.844378e-04
2203,14.567227,25,9.846096e-04
2204,14.572629,25,9.847503e-04
2205,14.578032,25,9.848807e-04
2206,14.583434,25,9.849853e-04
2207,14.588836,25,9.851223e-04
2208,14.594238,25,9.853073e-04
2209,14.599641,25,9.855102e-04
2210,14.605043,25,9.857006e-04
2211,14.610446,25,9.858688e-04
2212,14.615848,25,9.859998e-04
2213,14.621251,25,9.861437e-04
2214,14.626653,25,9.864679e-04
2215,14.632056,25,9.869120e-04
2216,14.637459,25,9.871345e-04
2217,14.642862,25,9.873425e-04
2218,14.648264,25,9.875141e-04
2219,14.653667,25,9.876993e-04
2220,14.659070,25,9.878969e-04
2221,14.664473,25,9.881320e-04
2222,14.669876,25,9.883955e-04
2223,14.675279,25,9.886652e-04
2224,14.680682,25,9.887520e-04
2225,14.686086,25,9.889882e-04
2226,14.691489,25,9.892615e-04
2227,14.696892,25,9.895402e-04
2228,14.702295,25,9.898382e-04
2229,14.707699,25,9.901344e-04
2230,14.713102,25,9.904360e-04
2231,14.718506,25,9.907381e-04
2232,14.723909,25,9.910215e-04
2233,14.729313,25,9.913304e-04
2234,14.734716,25,9.916722e-04
2235,14.740120,25,9.920073e-04
2236,14.745524,25,9.923292e-04
2237,14.750928,25,9.926825e-04
2238,14.756332,25,9.930468e-04
2239,14.761735,25,9.934279e-04
2240,14.767139,25,9.938478e-04
2241,14.772543,25,9.942582e-04
2242,14.777947,25,9.946633e-04
2243,14.783351,25,9.950804e-04
2244,14.788756,25,9.955013e-04
2245,14.794160,25,9.959181e-04
2246,14.799564,25,9.963729e-04
2247,14.804968,25,9.968262e-04
2248,14.810373,25,9.972990e-04
2249,14.815777,25,9.977735e-04
2250,14.821182,25,9.982672e-04
2251,14.826586,25,9.987671e-04
2252,14.831991,25,9.992444e-04
2253,14.837395,25,9.997342e-04
2254,14.842800,26,9.624078e-04
2255,14.848204,25,9.763910e-04
2256,14.853609,25,9.939947e-04
2257,14.859014,26,9.643203e-04
2258,14.864419,25,9.805533e-04
2259,14.869824,25,9.978954e-04
2260,14.875229,26,9.672657e-04
2261,14.880634,25,9.829264e-04
2262,14.886039,25,9.999385e-04
2263,14.891444,26,9.690092e-04
2264,14.896849,25,9.850291e-04
2265,14.902254,26,9.632602e-04
2266,14.907659,25,9.853190e-04
2267,14.913065,26,9.650899e-04
2268,14.918470,25,9.874823e-04
2269,14.923875,26,9.667026e-04
2270,14.929281,25,9.890028e-04
2271,14.934686,26,9.679401e-04
2272,14.940092,25,9.904502e-04
2273,14.945497,26,9.691762e-04
2274,14.950903,25,9.918701e-04
2275,14.956309,26,9.703589e-04
2276,14.961715,25,9.932475e-04
2277,14.967120,26,9.714789e-04
2278,14.972526,25,9.945419e-04
2279,14.977932,26,9.725197e-04
2280,14.983338,25,9.958017e-04
2281,14.988744,26,9.735708e-04
2282,14.994150,25,9.970548e-04
2283,14.999556,26,9.745936e-04
2284,15.004962,25,9.983083e-04
2285,15.010368,26,9.756367e-04
2286,15.015775,25,9.995036e-04
2287,15.021181,26,9.766044e-04
2288,15.026587,26,9.602024e-04
2289,15.031994,25,9.950114e-04
2290,15.037400,26,9.776267e-04
2291,15.042807,26,9.629038e-04
2292,15.048213,25,9.980241e-04
2293,15.053620,26,9.799504e-04
2294,15.059026,26,9.648489e-04
2295,15.064433,25,9.999889e-04
2296,15.069840,26,9.814832e-04
2297,15.075246,26,9.662874e-04
2298,15.080653,26,9.601966e-04
2299,15.086060,26,9.597226e-04
2300,15.091467,26,9.609769e-04
2301,15.096874,26,9.623240e-04
2302,15.102281,26,9.632827e-04
2303,15.107688,26,9.640147e-04
2304,15.113095,26,9.646191e-04
2305,15.118503,26,9.651835e-04
2306,15.123910,26,9.657089e-04
2307,15.129317,26,9.661736e-04
2308,15.134724,26,9.665742e-04
2309,15.140132,26,9.669296e-04
2310,15.145539,26,9.672465e-04
2311,15.150947,26,9.675384e-04
2312,15.156354,26,9.678560e-04
2313,15.161762,26,9.668948e-04
2314,15.167169,26,9.666028e-04
2315,15.172577,26,9.666118e-04
2316,15.177985,26,9.666211e-04
2317,15.183392,26,9.666614e-04
2318,15.188800,26,9.666843e-04
2319,15.194208,26,9.667006e-04
2320,15.199616,26,9.666736e-04
2321,15.205024,26,9.666340e-04
2322,15.210432,26,9.665601e-04
2323,15.215840,26,9.664525e-04
2324,15.221248,26,9.663261e-04
2325,15.226656,26,9.661778e-04
2326,15.232065,26,9.660460e-04
2327,15.237473,26,9.659092e-04
2328,15.242881,26,9.657758e-04
2329,15.248290,26,9.656063e-04
2330,15.253698,26,9.654036e-04
2331,15.259106,26,9.651810e-04
2332,15.264515,26,9.650024e-04
2333,15.269923,26,9.648489e-04
2334,15.275332,26,9.646452e-04
2335,15.280741,26,9.644415e-04
2336,15.286149,26,9.642204e-04
2337,15.291558,26,9.639942e-04
2338,15.296967,26,9.637607e-04
2339,15.302376,26,9.634904e-04
2340,15.307785,26,9.632330e-04
2341,15.313194,26,9.629846e-04
2342,15.318603,26,9.627253e-04
2343,15.324012,26,9.624336e-04
2344,15.329421,26,9.621194e-04
2345,15.334830,26,9.617975e-04
2346,15.340239,26,9.614801e-04
2347,15.345648,26,9.611785e-04
2348,15.351058,26,9.608858e-04
2349,15.356467,26,9.605723e-04
2350,15.361876,26,9.602705e-04
2351,15.367286,25,9.996460e-04
2352,15.372695,26,9.831325e-04
2353,15.378105,26,9.659441e-04
2354,15.383514,25,9.973565e-04
2355,15.388924,26,9.798364e-04
2356,15.394334,26,9.632210e-04
2357,15.399743,25,9.951146e-04
2358,15.405153,26,9.782485e-04
2359,15.410563,26,9.618031e-04
2360,15.415973,25,9.935579e-04
2361,15.421383,26,9.769948e-04
2362,15.426793,25,9.993956e-04
2363,15.432203,26,9.773383e-04
2364,15.437613,25,9.978113e-04
2365,15.443023,26,9.758237e-04
2366,15.448433,25,9.964387e-04
2367,15.453843,26,9.748200e-04
2368,15.459254,25,9.954135e-04
2369,15.464664,26,9.739638e-04
2370,15.470074,25,9.944796e-04
2371,15.475485,26,9.732620e-04
2372,15.480895,25,9.937877e-04
2373,15.486306,26,9.727337e-04
2374,15.491716,25,9.930845e-04
2375,15.497127,26,9.720987e-04
2376,15.502538,25,9.922619e-04
2377,15.507948,26,9.713343e-04
2378,15.513359,25,9.914145e-04
2379,15.518770,26,9.706145e-04
2380,15.524181,25,9.905880e-04
2381,15.529592,26,9.699087e-04
2382,15.535003,25,9.897895e-04
2383,15.540413,26,9.692028e-04
2384,15.545825,25,9.889646e-04
2385,15.551236,26,9.684208e-04
2386,15.556647,25,9.880460e-04
2387,15.562058,26,9.676018e-04
2388,15.567469,25,9.872318e-04
2389,15.572880,26,9.670237e-04
2390,15.578292,25,9.866189e-04
2391,15.583703,26,9.664303e-04
2392,15.589115,25,9.858614e-04
2393,15.594526,26,9.656961e-04
2394,15.599938,25,9.850218e-04
2395,15.605349,26,9.649062e-04
2396,15.610761,25,9.841522e-04
2397,15.616172,26,9.640912e-04
2398,15.621584,25,9.832551e-04
2399,15.626996,26,9.632905e-04
2400,15.632408,25,9.824004e-04
2401,15.637819,25,9.999067e-04
2402,15.643231,26,9.688619e-04
2403,15.648643,25,9.814802e-04
2404,15.654055,25,9.972618e-04
2405,15.659467,26,9.665000e-04
2406,15.664879,25,9.795456e-04
2407,15.670291,25,9.957468e-04
2408,15.675704,26,9.652635e-04
2409,15.681116,25,9.782650e-04
2410,15.686528,25,9.951205e-04
2411,15.691940,26,9.646413e-04
2412,15.697353,25,9.778290e-04
2413,15.702765,25,9.940669e-04
2414,15.708178,26,9.635667e-04
2415,15.713590,25,9.767196e-04
2416,15.719003,25,9.928722e-04
2417,15.724415,25,9.996523e-04
2418,15.729828,26,9.632856e-04
2419,15.735241,25,9.744793e-04
2420,15.740653,25,9.903998e-04
2421,15.746066,25,9.974121e-04
2422,15.751479,25,9.984937e-04
2423,15.756892,25,9.976308e-04
2424,15.762305,25,9.964283e-04
2425,15.767718,25,9.953721e-04
2426,15.773131,25,9.945322e-04
2427,15.778544,25,9.938828e-04
2428,15.783957,25,9.933327e-04
2429,15.789370,25,9.928271e-04
2430,15.794783,25,9.923596e-04
2431,15.800197,25,9.919009e-04
2432,15.805610,25,9.914643e-04
2433,15.811023,25,9.910648e-04
2434,15.816437,25,9.906929e-04
2435,15.821850,25,9.903106e-04
2436,15.827264,25,9.899228e-04
2437,15.832677,25,9.895452e-04
2438,15.838091,25,9.891976e-04
2439,15.843504,25,9.888691e-04
2440,15.848918,25,9.884965e-04
2441,15.854332,25,9.881062e-04
2442,15.859745,25,9.876650e-04
2443,15.865159,25,9.872089e-04
2444,15.870573,25,9.867427e-04
2445,15.875987,25,9.862695e-04
2446,15.881401,25,9.857908e-04
2447,15.886815,25,9.853180e-04
2448,15.892229,25,9.848743e-04
2449,15.897643,25,9.844138e-04
2450,15.903057,25,9.839807e-04
2451,15.908471,25,9.835622e-04
2452,15.913886,25,9.831249e-04
2453,15.919300,25,9.827066e-04
2454,15.924714,25,9.823453e-04
2455,15.930128,25,9.820363e-04
2456,15.935543,25,9.816723e-04
2457,15.940957,25,9.813004e-04
2458,15.946372,25,9.808851e-04
2459,15.951786,25,9.804582e-04
2460,15.957201,25,9.800074e-04
2461,15.962616,25,9.795652e-04
2462,15.968030,25,9.791355e-04
2463,15.973445,25,9.786722e-04
2464,15.978860,25,9.782486e-04
2465,15.984275,25,9.778203e-04
2466,15.989689,25,9.773982e-04
2467,15.995104,25,9.769811e-04
2468,16.000519,25,9.765728e-04
2469,16.005934,25,9.761988e-04
2470,16.011349,25,9.759201e-04
2471,16.016764,25,9.756874e-04
2472,16.022180,25,9.753865e-04
2473,16.027595,25,9.750406e-04
2474,16.033010,25,9.746662e-04
2475,16.038425,25,9.742978e-04
2476,16.043841,25,9.739192e-04
2477,16.049256,25,9.735091e-04
2478,16.054671,25,9.731384e-04
2479,16.060087,25,9.727608e-04
2480,16.065502,25,9.723897e-04
2481,16.070918,25,9.720244e-04
2482,16.076333,25,9.716970e-04
2483,16.081749,25,9.713455e-04
2484,16.087165,25,9.709965e-04
2485,16.092580,25,9.707828e-04
2486,16.097996,25,9.705998e-04
2487,16.103412,25,9.703955e-04
2488,16.108828,25,9.704610e-04
2489,16.114244,25,9.702002e-04
2490,16.119660,25,9.699080e-04
2491,16.125076,25,9.695904e-04
2492,16.130492,25,9.693005e-04
2493,16.135908,25,9.690207e-04
2494,16.141324,25,9.687554e-04
2495,16.146740,25,9.684728e-04
2496,16.152156,25,9.681153e-04
2497,16.157573,25,9.678477e-04
2498,16.162989,25,9.675816e-04
2499,16.168405,25,9.674113e-04
2500,16.173822,25,9.672652e-04
2501,16.179238,25,9.671112e-04
2502,16.184655,25,9.669804e-04
2503,16.190071,25,9.668471e-04
2504,16.195488,25,9.666579e-04
2505,16.200904,25,9.664601e-04
2506,16.206321,25,9.662701e-04
2507,16.211738,25,9.660818e-04
2508,16.217155,25,9.659109e-04
2509,16.222571,25,9.657540e-04
2510,16.227988,25,9.656125e-04
2511,16.233405,25,9.654353e-04
2512,16.238822,25,9.653263e-04
2513,16.244239,25,9.652309e-04
2514,16.249656,25,9.651451e-04
2515,16.255073,25,9.650600e-04
2516,16.260490,25,9.649748e-04
2517,16.265908,25,9.649212e-04
2518,16.271325,25,9.648742e-04
2519,16.276742,25,9.648310e-04
2520,16.282159,25,9.647604e-04
2521,16.287577,25,9.646904e-04
2522,16.292994,25,9.646447e-04
2523,16.298411,25,9.646225e-04
2524,16.303829,25,9.646190e-04
2525,16.309246,25,9.646119e-04
2526,16.314664,25,9.646129e-04
2527,16.320082,25,9.645623e-04
2528,16.325499,25,9.645453e-04
2529,16.330917,25,9.645480e-04
2530,16.336335,25,9.645443e-04
2531,16.341753,25,9.645529e-04
2532,16.347170,25,9.646089e-04
2533,16.352588,25,9.646721e-04
2534,16.358006,25,9.647150e-04
2535,16.363424,25,9.647883e-04
2536,16.368842,25,9.648502e-04
2537,16.374260,25,9.649120e-04
2538,16.379678,25,9.649577e-04
2539,16.385096,25,9.650273e-04
2540,16.390515,25,9.650912e-04
2541,16.395933,25,9.651377e-04
2542,16.401351,25,9.652142e-04
2543,16.406770,25,9.652880e-04
2544,16.412188,25,9.653716e-04
2545,16.417606,25,9.654485e-04
2546,16.423025,25,9.655745e-04
2547,16.428443,25,9.657096e-04
2548,16.433862,25,9.658305e-04
2549,16.439280,25,9.659533e-04
2550,16.444699,25,9.660795e-04
2551,16.450118,25,9.662008e-04
2552,16.455536,25,9.663092e-04
2553,16.460955,25,9.664328e-04
2554,16.466374,25,9.665324e-04
2555,16.471793,25,9.666591e-04
2556,16.477212,25,9.667831e-04
2557,16.482631,25,9.669013e-04
2558,16.488050,25,9.670123e-04
2559,16.493469,25,9.671369e-04
2560,16.498888,25,9.673057e-04
2561,16.504307,25,9.674964e-04
2562,16.509726,25,9.676651e-04
2563,16.515145,25,9.678235e-04
2564,16.520564,25,9.681377e-04
2565,16.525984,25,9.683208e-04
2566,16.531403,25,9.684988e-04
2567,16.536822,25,9.686755e-04
2568,16.542242,25,9.688283e-04
2569,16.547661,25,9.689794e-04
2570,16.553081,25,9.691110e-04
2571,16.558500,25,9.692561e-04
2572,16.563920,25,9.694101e-04
2573,16.569340,25,9.696015e-04
2574,16.574759,25,9.697939e-04
2575,16.580179,25,9.699641e-04
2576,16.585599,25,9.701524e-04
2577,16.591019,25,9.703187e-04
2578,16.596438,25,9.704724e-04
2579,16.601858,25,9.706362e-04
2580,16.607278,25,9.708140e-04
2581,16.612698,25,9.709716e-04
2582,16.618118,25,9.711328e-04
2583,16.623538,25,9.712830e-04
2584,16.628959,25,9.714166e-04
2585,16.634379,25,9.715768e-04
2586,16.639799,25,9.717506e-04
2587,16.645219,25,9.719214e-04
2588,16.650639,25,9.720758e-04
2589,16.656060,25,9.722274e-04
2590,16.661480,25,9.723835e-04
2591,16.666901,25,9.725569e-04
2592,16.672321,25,9.727214e-04
2593,16.677741,25,9.728753e-04
2594,16.683162,25,9.730167e-04
2595,16.688583,25,9.731450e-04
2596,16.694003,25,9.732939e-04
2597,16.699424,25,9.734437e-04
2598,16.704845,25,9.736064e-04
2599,16.710265,25,9.737688e-04
2600,16.715686,25,9.739235e-04
2601,16.721107,25,9.740701e-04
2602,16.726528,25,9.742164e-04
2603,16.731949,25,9.743624e-04
2604,16.737370,25,9.745123e-04
2605,16.742791,25,9.746839e-04
2606,16.748212,25,9.748458e-04
2607,16.753633,25,9.749959e-04
2608,16.759054,25,9.751359e-04
2609,16.764475,25,9.752882e-04
2610,16.769897,25,9.754316e-04
2611,16.775318,25,9.755834e-04
2612,16.780739,25,9.757494e-04
2613,16.786161,25,9.758913e-04
2614,16.791582,25,9.760450e-04
2615,16.797004,25,9.762177e-04
2616,16.802425,25,9.763754e-04
2617,16.807847,25,9.765341e-04
2618,16.813268,25,9.766971e-04
2619,16.818690,25,9.768700e-04
2620,16.824111,25,9.770456e-04
2621,16.829533,25,9.772150e-04
2622,16.834955,25,9.773970e-04
2623,16.840377,25,9.775715e-04
2624,16.845799,25,9.777289e-04
2625,16.851220,25,9.770394e-04
2626,16.856642,25,9.767709e-04
2627,16.862064,25,9.767686e-04
2628,16.867486,25,9.767750e-04
2629,16.872908,25,9.767972e-04
2630,16.878331,25,9.768074e-04
2631,16.883753,25,9.768084e-04
2632,16.889175,25,9.768068e-04
2633,16.894597,25,9.768153e-04
2634,16.900019,25,9.768270e-04
2635,16.905442,25,9.768608e-04
2636,16.910864,25,9.768656e-04
2637,16.916287,25,9.768344e-04
2638,16.921709,25,9.768042e-04
2639,16.927132,25,9.767705e-04
2640,16.932554,25,9.767414e-04
2641,16.937977,25,9.767516e-04
2642,16.943399,25,9.767482e-04
2643,16.948822,25,9.767252e-04
2644,16.954245,25,9.767158e-04
2645,16.959667,25,9.767069e-04
2646,16.965090,25,9.766968e-04
2647,16.970513,25,9.766950e-04
2648,16.975936,25,9.766993e-04
2649,16.981359,25,9.766975e-04
2650,16.986782,25,9.766879e-04
2651,16.992205,25,9.766813e-04
2652,16.997628,25,9.766800e-04
2653,17.003051,25,9.766576e-04
2654,17.008474,25,9.766374e-04
2655,17.013898,25,9.766160e-04
2656,17.019321,25,9.765993e-04
2657,17.024744,25,9.766033e-04
2658,17.030167,25,9.766031e-04
2659,17.035591,25,9.765973e-04
2660,17.041014,25,9.765953e-04
2661,17.046438,25,9.765857e-04
2662,17.051861,25,9.765798e-04
2663,17.057285,25,9.765693e-04
2664,17.062708,25,9.765746e-04
2665,17.068132,25,9.765742e-04
2666,17.073556,25,9.765761e-04
2667,17.078980,25,9.765937e-04
2668,17.084403,25,9.766095e-04
2669,17.089827,25,9.766086e-04
2670,17.095251,25,9.766188e-04
2671,17.100675,25,9.766313e-04
2672,17.106099,25,9.766274e-04
2673,17.111523,25,9.766477e-04
2674,17.116947,25,9.766537e-04
2675,17.122371,25,9.766575e-04
2676,17.127795,25,9.766612e-04
2677,17.133219,25,9.766779e-04
2678,17.138644,25,9.766911e-04
2679,17.144068,25,9.766974e-04
2680,17.149492,25,9.767282e-04
2681,17.154917,25,9.767544e-04
2682,17.160341,25,9.767766e-04
2683,17.165766,25,9.767986e-04
2684,17.171190,25,9.768079e-04
2685,17.176615,25,9.768207e-04
2686,17.182039,25,9.768421e-04
2687,17.187464,25,9.768857e-04
2688,17.192888,25,9.769577e-04
2689,17.198313,25,9.769796e-04
2690,17.203738,25,9.769809e-04
2691,17.209163,25,9.769850e-04
2692,17.214588,25,9.770004e-04
2693,17.220013,25,9.770180e-04
2694,17.225437,25,9.770185e-04
2695,17.230862,25,9.770388e-04
2696,17.236288,25,9.770756e-04
2697,17.241713,25,9.771038e-04
2698,17.247138,25,9.771141e-04
2699,17.252563,25,9.771272e-04
2700,17.257988,25,9.771623e-04
2701,17.263413,25,9.772012e-04
2702,17.268839,25,9.772301e-04
2703,17.274264,25,9.772501e-04
2704,17.279689,25,9.772772e-04
2705,17.285115,25,9.772957e-04
2706,17.290540,25,9.773057e-04
2707,17.295966,25,9.773255e-04
2708,17.301391,25,9.773362e-04
2709,17.306817,25,9.773417e-04
2710,17.312243,25,9.773434e-04
2711,17.317668,25,9.773591e-04
2712,17.323094,25,9.773762e-04
2713,17.328520,25,9.773940e-04
2714,17.333946,25,9.774065e-04
2715,17.339372,25,9.774276e-04
2716,17.344798,25,9.774274e-04
2717,17.350224,25,9.774220e-04
2718,17.355650,25,9.774312e-04
2719,17.361076,25,9.774379e-04
2720,17.366502,25,9.774644e-04
2721,17.371928,25,9.774866e-04
2722,17.377354,25,9.774928e-04
2723,17.382781,25,9.775003e-04
2724,17.388207,25,9.774884e-04
2725,17.393633,25,9.774940e-04
2726,17.399060,25,9.774907e-04
2727,17.404486,25,9.774918e-04
2728,17.409912,25,9.774859e-04
2729,17.415339,25,9.774735e-04
2730,17.420766,25,9.774555e-04
2731,17.426192,25,9.774427e-04
2732,17.431619,25,9.774311e-04
2733,17.437045,25,9.773989e-04
2734,17.442472,25,9.773652e-04
2735,17.447899,25,9.773206e-04
2736,17.453326,25,9.772804e-04
2737,17.458753,25,9.772678e-04
2738,17.464180,25,9.772727e-04
2739,17.469607,25,9.772950e-04
2740,17.475034,25,9.772928e-04
2741,17.480461,25,9.772850e-04
2742,17.485888,25,9.772508e-04
2743,17.491315,25,9.772088e-04
2744,17.496742,25,9.771584e-04
2745,17.502169,25,9.771046e-04
2746,17.507596,25,9.773745e-04
2747,17.513024,25,9.774634e-04
2748,17.518451,25,9.774535e-04
2749,17.523879,25,9.774287e-04
2750,17.529306,25,9.773895e-04
2751,17.534733,25,9.773575e-04
2752,17.540161,25,9.773274e-04
2753,17.545589,25,9.772841e-04
2754,17.551016,25,9.772397e-04
2755,17.556444,25,9.772594e-04
2756,17.561872,25,9.772726e-04
2757,17.567299,25,9.772714e-04
2758,17.572727,25,9.772431e-04
2759,17.578155,25,9.772073e-04
2760,17.583583,25,9.771464e-04
2761,17.589011,25,9.770649e-04
2762,17.594439,25,9.769742e-04
2763,17.599867,25,9.768937e-04
2764,17.605295,25,9.767901e-04
2765,17.610723,25,9.766584e-04
2766,17.616151,25,9.765521e-04
2767,17.621579,25,9.764478e-04
2768,17.627007,25,9.763410e-04
2769,17.632436,25,9.762155e-04
2770,17.637864,25,9.760942e-04
2771,17.643292,25,9.760048e-04
2772,17.648721,25,9.759602e-04
2773,17.654149,25,9.759121e-04
2774,17.659578,25,9.758351e-04
2775,17.665006,25,9.757182e-04
2776,17.670435,25,9.755746e-04
2777,17.675863,25,9.754138e-04
2778,17.681292,25,9.752512e-04
2779,17.686721,25,9.750894e-04
2780,17.692149,25,9.749077e-04
2781,17.697578,25,9.747283e-04
2782,17.703007,25,9.745581e-04
2783,17.708436,25,9.743795e-04
2784,17.713865,25,9.741973e-04
2785,17.719294,25,9.739909e-04
2786,17.724723,25,9.737917e-04
2787,17.730152,25,9.735911e-04
2788,17.735581,25,9.734696e-04
2789,17.741010,25,9.733756e-04
2790,17.746439,25,9.732417e-04
2791,17.751868,25,9.730837e-04
2792,17.757297,25,9.728910e-04
2793,17.762727,25,9.726873e-04
2794,17.768156,25,9.724714e-04
2795,17.773585,25,9.722336e-04
2796,17.779015,25,9.719929e-04
2797,17.784444,25,9.717539e-04
2798,17.789874,25,9.715159e-04
2799,17.795303,25,9.712712e-04
2800,17.800733,25,9.710239e-04
2801,17.806162,25,9.707835e-04
2802,17.811592,25,9.705369e-04
2803,17.817022,25,9.702868e-04
2804,17.822452,25,9.700912e-04
2805,17.827881,25,9.699400e-04
2806,17.833311,25,9.697680e-04
2807,17.838741,25,9.695688e-04
2808,17.844171,25,9.693360e-04
2809,17.849601,25,9.690998e-04
2810,17.855031,25,9.688418e-04
2811,17.860461,25,9.685957e-04
2812,17.865891,25,9.683476e-04
2813,17.871321,25,9.680782e-04
2814,17.876751,25,9.677949e-04
2815,17.882181,25,9.675011e-04
2816,17.887612,25,9.672094e-04
2817,17.893042,24,9.999250e-04
2818,17.898472,25,9.915546e-04
2819,17.903902,25,9.755738e-04
2820,17.909333,24,9.989408e-04
2821,17.914763,25,9.883059e-04
2822,17.920194,25,9.726210e-04
2823,17.925624,24,9.967075e-04
2824,17.931055,25,9.867044e-04
2825,17.936485,25,9.713460e-04
2826,17.941916,24,9.955310e-04
2827,17.947347,25,9.857178e-04
2828,17.952777,25,9.704367e-04
2829,17.958208,24,9.945576e-04
2830,17.963639,25,9.848525e-04
2831,17.969070,25,9.696288e-04
2832,17.974501,24,9.937198e-04
2833,17.979932,25,9.841429e-04
2834,17.985363,25,9.689722e-04
2835,17.990794,24,9.929751e-04
2836,17.996225,25,9.834567e-04
2837,18.001656,25,9.683523e-04
2838,18.007087,24,9.923237e-04
2839,18.012518,25,9.828973e-04
2840,18.017949,24,9.999975e-04
2841,18.023380,25,9.843719e-04
2842,18.028812,24,9.988085e-04
2843,18.034243,25,9.827280e-04
2844,18.039674,24,9.972921e-04
2845,18.045106,25,9.815503e-04
2846,18.050537,24,9.963093e-04
2847,18.055969,25,9.807725e-04
2848,18.061400,24,9.956110e-04
2849,18.066832,25,9.802087e-04
2850,18.072263,24,9.950479e-04
2851,18.077695,25,9.796989e-04
2852,18.083126,24,9.945012e-04
2853,18.088558,25,9.792783e-04
2854,18.093990,24,9.941741e-04
2855,18.099422,25,9.790012e-04
2856,18.104854,24,9.938023e-04
2857,18.110285,25,9.786169e-04
2858,18.115717,24,9.933153e-04
2859,18.121149,25,9.781047e-04
2860,18.126581,24,9.927234e-04
2861,18.132013,25,9.775031e-04
2862,18.137445,24,9.920700e-04
2863,18.142877,25,9.769037e-04
2864,18.148310,24,9.914811e-04
2865,18.153742,25,9.763945e-04
2866,18.159174,24,9.909234e-04
2867,18.164606,25,9.758420e-04
2868,18.170038,24,9.903540e-04
2869,18.175471,25,9.754451e-04
2870,18.180903,24,9.900826e-04
2871,18.186336,25,9.751932e-04
2872,18.191768,24,9.897075e-04
2873,18.197201,25,9.747593e-04
2874,18.202633,24,9.891897e-04
2875,18.208066,25,9.742419e-04
2876,18.213498,24,9.886429e-04
2877,18.218931,25,9.737247e-04
2878,18.224364,24,9.881137e-04
2879,18.229796,25,9.732382e-04
2880,18.235229,24,9.876291e-04
2881,18.240662,25,9.727707e-04
2882,18.246095,24,9.871475e-04
2883,18.251528,25,9.723493e-04
2884,18.256961,24,9.867758e-04
2885,18.262394,25,9.720498e-04
2886,18.267827,24,9.864905e-04
2887,18.273260,25,9.718168e-04
2888,18.278693,24,9.861519e-04
2889,18.284126,25,9.714021e-04
2890,18.289559,24,9.856732e-04
2891,18.294992,25,9.709189e-04
2892,18.300425,24,9.852294e-04
2893,18.305859,25,9.707956e-04
2894,18.311292,24,9.852457e-04
2895,18.316725,25,9.703982e-04
2896,18.322159,24,9.848529e-04
2897,18.327592,25,9.700028e-04
2898,18.333025,24,9.844711e-04
2899,18.338459,25,9.696644e-04
2900,18.343893,24,9.842507e-04
2901,18.349326,25,9.695486e-04
2902,18.354760,24,9.841829e-04
2903,18.360193,25,9.693996e-04
2904,18.365627,24,9.839389e-04
2905,18.371061,25,9.690824e-04
2906,18.376495,24,9.836213e-04
2907,18.381928,25,9.687420e-04
2908,18.387362,24,9.833079e-04
2909,18.392796,25,9.684384e-04
2910,18.398230,24,9.830369e-04
2911,18.403664,24,9.999733e-04
2912,18.409098,25,9.763933e-04
2913,18.414532,24,9.840905e-04
2914,18.419966,24,9.984001e-04
2915,18.425400,25,9.745638e-04
2916,18.430834,24,9.828325e-04
2917,18.436269,24,9.976610e-04
2918,18.441703,25,9.741110e-04
2919,18.447137,24,9.825140e-04
2920,18.452571,24,9.973121e-04
2921,18.458006,25,9.737065e-04
2922,18.463440,24,9.821813e-04
2923,18.468875,24,9.969791e-04
2924,18.474309,25,9.733968e-04
2925,18.479744,24,9.819777e-04
2926,18.485178,24,9.967614e-04
2927,18.490613,25,9.731256e-04
2928,18.496047,24,9.817717e-04
2929,18.501482,24,9.965339e-04
2930,18.506917,25,9.728970e-04
2931,18.512351,24,9.817592e-04
2932,18.517786,24,9.966366e-04
2933,18.523221,25,9.729950e-04
2934,18.528656,24,9.818416e-04
2935,18.534091,24,9.965769e-04
2936,18.539526,25,9.727998e-04
2937,18.544961,24,9.816976e-04
2938,18.550396,24,9.964174e-04
2939,18.555831,25,9.726097e-04
2940,18.561266,24,9.816274e-04
2941,18.566701,24,9.963116e-04
2942,18.572136,25,9.724223e-04
2943,18.577571,24,9.815350e-04
2944,18.583006,24,9.962022e-04
2945,18.588442,25,9.722900e-04
2946,18.593877,24,9.816321e-04
2947,18.599312,24,9.964191e-04
2948,18.604748,25,9.724956e-04
2949,18.610183,24,9.820454e-04
2950,18.615619,24,9.968817e-04
2951,18.621054,25,9.727084e-04
2952,18.626490,24,9.822749e-04
2953,18.631925,24,9.969029e-04
2954,18.637361,25,9.727127e-04
2955,18.642796,24,9.824318e-04
2956,18.648232,24,9.970234e-04
2957,18.653668,25,9.726326e-04
2958,18.659104,24,9.825114e-04
2959,18.664539,24,9.971215e-04
2960,18.669975,25,9.727079e-04
2961,18.675411,24,9.828092e-04
2962,18.680847,24,9.974715e-04
2963,18.686283,25,9.729611e-04
2964,18.691719,24,9.831096e-04
2965,18.697155,24,9.976778e-04
2966,18.702591,25,9.730476e-04
2967,18.708027,24,9.832811e-04
2968,18.713463,24,9.978152e-04
2969,18.718900,25,9.730956e-04
2970,18.724336,24,9.834414e-04
2971,18.729772,24,9.979361e-04
2972,18.735208,25,9.731276e-04
2973,18.740645,24,9.836059e-04
2974,18.746081,24,9.981291e-04
2975,18.751517,25,9.732939e-04
2976,18.756954,24,9.838750e-04
2977,18.762390,24,9.983614e-04
2978,18.767827,25,9.734170e-04
2979,18.773264,24,9.840150e-04
2980,18.778700,24,9.984143e-04
2981,18.784137,25,9.733839e-04
2982,18.789574,24,9.840416e-04
2983,18.795010,24,9.984184e-04
2984,18.800447,25,9.733497e-04
2985,18.805884,24,9.840866e-04
2986,18.811321,24,9.984498e-04
2987,18.816758,25,9.733654e-04
2988,18.822194,24,9.841831e-04
2989,18.827631,24,9.985576e-04
2990,18.833068,25,9.734861e-04
2991,18.838506,24,9.843611e-04
2992,18.843943,24,9.987141e-04
2993,18.849380,25,9.735859e-04
2994,18.854817,24,9.844059e-04
2995,18.860254,24,9.986658e-04
2996,18.865691,25,9.734996e-04
2997,18.871129,24,9.843052e-04
2998,18.876566,24,9.985361e-04
2999,18.882003,25,9.733769e-04
3000,18.887441,24,9.841813e-04
3001,18.892878,24,9.983978e-04
3002,18.898316,25,9.732708e-04
3003,18.903753,24,9.838561e-04
3004,18.909191,24,9.980044e-04
3005,18.914628,25,9.730596e-04
3006,18.920066,24,9.838009e-04
3007,18.925504,24,9.980218e-04
3008,18.930941,25,9.730537e-04
3009,18.936379,24,9.836764e-04
3010,18.941817,24,9.978283e-04
3011,18.947255,25,9.728909e-04
3012,18.952692,24,9.834514e-04
3013,18.958130,24,9.975967e-04
3014,18.963568,25,9.727220e-04
3015,18.969006,24,9.832260e-04
3016,18.974444,24,9.973519e-04
3017,18.979882,25,9.725421e-04
3018,18.985321,24,9.829865e-04
3019,18.990759,24,9.971163e-04
3020,18.996197,25,9.724401e-04
3021,19.001635,24,9.828789e-04
3022,19.007073,24,9.970155e-04
3023,19.012512,25,9.724063e-04
3024,19.017950,24,9.827198e-04
3025,19.023388,24,9.967876e-04
3026,19.028827,25,9.721897e-04
3027,19.034265,24,9.824226e-04
3028,19.039704,24,9.964957e-04
3029,19.045142,25,9.720080e-04
3030,19.050581,24,9.822184e-04
3031,19.056020,24,9.962919e-04
3032,19.061458,25,9.718632e-04
3033,19.066897,24,9.820148e-04
3034,19.072336,24,9.960996e-04
3035,19.077775,25,9.717647e-04
3036,19.083213,24,9.819355e-04
3037,19.088652,24,9.960652e-04
3038,19.094091,25,9.718093e-04
3039,19.099530,24,9.819357e-04
3040,19.104969,24,9.960420e-04
3041,19.110408,25,9.717924e-04
3042,19.115847,24,9.819173e-04
3043,19.121287,24,9.960130e-04
3044,19.126726,25,9.717777e-04
3045,19.132165,24,9.819297e-04
3046,19.137604,24,9.960668e-04
3047,19.143044,25,9.718623e-04
3048,19.148483,24,9.820732e-04
3049,19.153922,24,9.962030e-04
3050,19.159362,25,9.719724e-04
3051,19.164801,24,9.822631e-04
3052,19.170241,24,9.964315e-04
3053,19.175680,25,9.722025e-04
3054,19.181120,24,9.826358e-04
3055,19.186559,24,9.968268e-04
3056,19.191999,25,9.725307e-04
3057,19.197439,24,9.830947e-04
3058,19.202879,24,9.972987e-04
3059,19.208318,25,9.728982e-04
3060,19.213758,24,9.836265e-04
3061,19.219198,24,9.978377e-04
3062,19.224638,25,9.733087e-04
3063,19.230078,24,9.842288e-04
3064,19.235518,24,9.979214e-04
3065,19.240958,25,9.726961e-04
3066,19.246398,24,9.831830e-04
3067,19.251839,24,9.972108e-04
3068,19.257279,25,9.727741e-04
3069,19.262719,24,9.833018e-04
3070,19.268159,24,9.973536e-04
3071,19.273600,25,9.729236e-04
3072,19.279040,24,9.834805e-04
3073,19.284480,24,9.975270e-04
3074,19.289921,25,9.730793e-04
3075,19.295361,24,9.836720e-04
3076,19.300802,24,9.976998e-04
3077,19.306242,25,9.732076e-04
3078,19.311683,24,9.837713e-04
3079,19.317124,24,9.977729e-04
3080,19.322564,25,9.732658e-04
3081,19.328005,24,9.838810e-04
3082,19.333446,24,9.978757e-04
3083,19.338887,25,9.733493e-04
3084,19.344328,24,9.840202e-04
3085,19.349769,24,9.980602e-04
3086,19.355210,25,9.735651e-04
3087,19.360651,24,9.842537e-04
3088,19.366092,24,9.982484e-04
3089,19.371533,25,9.737173e-04
3090,19.376974,24,9.844151e-04
3091,19.382415,24,9.984090e-04
3092,19.387856,25,9.738817e-04
3093,19.393298,24,9.846157e-04
3094,19.398739,24,9.986512e-04
3095,19.404180,25,9.740668e-04
3096,19.409622,24,9.847836e-04
3097,19.415063,24,9.987189e-04
3098,19.420504,25,9.740960e-04
3099,19.425946,24,9.848575e-04
3100,19.431388,24,9.988248e-04
3101,19.436829,25,9.742597e-04
3102,19.442271,24,9.850738e-04
3103,19.447712,24,9.990432e-04
3104,19.453154,25,9.744548e-04
3105,19.458596,24,9.852456e-04
3106,19.464038,24,9.991818e-04
3107,19.469480,25,9.745865e-04
3108,19.474922,24,9.853943e-04
3109,19.480364,24,9.993837e-04
3110,19.485806,25,9.748262e-04
3111,19.491248,24,9.856202e-04
3112,19.496690,24,9.995212e-04
3113,19.502132,25,9.748630e-04
3114,19.507574,24,9.856010e-04
3115,19.513016,24,9.994873e-04
3116,19.518458,25,9.749107e-04
3117,19.523901,24,9.857092e-04
3118,19.529343,24,9.996210e-04
3119,19.534785,25,9.750301e-04
3120,19.540228,24,9.858276e-04
3121,19.545670,24,9.997565e-04
3122,19.551113,25,9.751907e-04
3123,19.556555,24,9.859535e-04
3124,19.561998,24,9.998477e-04
3125,19.567440,25,9.753075e-04
3126,19.572883,24,9.860853e-04
3127,19.578326,25,9.670659e-04
3128,19.583768,24,9.837600e-04
3129,19.589211,25,9.673565e-04
3130,19.594654,24,9.847113e-04
3131,19.600097,25,9.682074e-04
3132,19.605540,24,9.852736e-04
3133,19.610983,25,9.685885e-04
3134,19.616426,24,9.854929e-04
3135,19.621869,25,9.687711e-04
3136,19.627312,24,9.855900e-04
3137,19.632755,25,9.688310e-04
3138,19.638198,24,9.856035e-04
3139,19.643641,25,9.688869e-04
3140,19.649084,24,9.856206e-04
3141,19.654527,25,9.689061e-04
3142,19.659971,24,9.855604e-04
3143,19.665414,25,9.688498e-04
3144,19.670857,24,9.855427e-04
3145,19.676301,25,9.688677e-04
3146,19.681744,24,9.854369e-04
3147,19.687188,25,9.687430e-04
3148,19.692631,24,9.852973e-04
3149,19.698075,25,9.687317e-04
3150,19.703519,24,9.853035e-04
3151,19.708962,25,9.687336e-04
3152,19.714406,24,9.852835e-04
3153,19.719850,25,9.687310e-04
3154,19.725293,24,9.852234e-04
3155,19.730737,25,9.687110e-04
3156,19.736181,24,9.852102e-04
3157,19.741625,25,9.687742e-04
3158,19.747069,24,9.852248e-04
3159,19.752513,25,9.687975e-04
3160,19.757957,24,9.851661e-04
3161,19.763401,25,9.687887e-04
3162,19.768845,24,9.851293e-04
3163,19.774289,25,9.687237e-04
3164,19.779733,24,9.849337e-04
3165,19.785177,25,9.685528e-04
3166,19.790622,24,9.847290e-04
3167,19.796066,25,9.684179e-04
3168,19.801510,24,9.845602e-04
3169,19.806954,25,9.683121e-04
3170,19.812399,24,9.844057e-04
3171,19.817843,25,9.681982e-04
3172,19.823288,24,9.842638e-04
3173,19.828732,25,9.682009e-04
3174,19.834177,24,9.842670e-04
3175,19.839621,25,9.682309e-04
3176,19.845066,24,9.841802e-04
3177,19.850511,25,9.681557e-04
3178,19.855955,24,9.840276e-04
3179,19.861400,25,9.680781e-04
3180,19.866845,24,9.848032e-04
3181,19.872289,25,9.686637e-04
3182,19.877734,24,9.847686e-04
3183,19.883179,25,9.685698e-04
3184,19.888624,24,9.846659e-04
3185,19.894069,25,9.684818e-04
3186,19.899514,24,9.845814e-04
3187,19.904959,25,9.684479e-04
3188,19.910404,24,9.845613e-04
3189,19.915849,25,9.684460e-04
3190,19.921294,24,9.845235e-04
3191,19.926739,25,9.684933e-04
3192,19.932185,24,9.845322e-04
3193,19.937630,25,9.684676e-04
3194,19.943075,24,9.844039e-04
3195,19.948520,25,9.683527e-04
3196,19.953966,24,9.843086e-04
3197,19.959411,25,9.683139e-04
3198,19.964856,24,9.841349e-04
3199,19.970302,25,9.680844e-04
3200,19.975747,24,9.838135e-04
3201,19.981193,24,9.998414e-04
3202,19.986638,25,9.764319e-04
3203,19.992084,24,9.853884e-04
3204,19.997530,24,9.985884e-04
3205,20.002975,25,9.748030e-04
3206,20.008421,24,9.839512e-04
3207,20.013867,24,9.975267e-04
3208,20.019312,25,9.741168e-04
3209,20.024758,24,9.833713e-04
3210,20.030204,24,9.970516e-04
3211,20.035650,25,9.737856e-04
3212,20.041096,24,9.829924e-04
3213,20.046542,24,9.967466e-04
3214,20.051988,25,9.735870e-04
3215,20.057434,24,9.826270e-04
3216,20.062880,24,9.962704e-04
3217,20.068326,25,9.731558e-04
3218,20.073772,24,9.820839e-04
3219,20.079218,24,9.957772e-04
3220,20.084664,25,9.728449e-04
3221,20.090110,24,9.816643e-04
3222,20.095557,24,9.953178e-04
3223,20.101003,25,9.724324e-04
3224,20.106449,24,9.811200e-04
3225,20.111896,24,9.948196e-04
3226,20.117342,25,9.721394e-04
3227,20.122788,24,9.807628e-04
3228,20.128235,24,9.944506e-04
3229,20.133681,25,9.718444e-04
3230,20.139128,24,9.802906e-04
3231,20.144574,24,9.939132e-04
3232,20.150021,25,9.713597e-04
3233,20.155468,24,9.796270e-04
3234,20.160914,24,9.932414e-04
3235,20.166361,25,9.708355e-04
3236,20.171808,24,9.790384e-04
3237,20.177255,24,9.927007e-04
3238,20.182701,25,9.704198e-04
3239,20.188148,24,9.784573e-04
3240,20.193595,24,9.920702e-04
3241,20.199042,25,9.699511e-04
3242,20.204489,24,9.779946e-04
3243,20.209936,24,9.917421e-04
3244,20.215383,25,9.697670e-04
3245,20.220830,24,9.776467e-04
3246,20.226277,24,9.912921e-04
3247,20.231724,24,9.998329e-04
3248,20.237171,25,9.718965e-04
3249,20.242618,24,9.765638e-04
3250,20.248066,24,9.893612e-04
3251,20.253513,24,9.979479e-04
3252,20.258960,25,9.704509e-04
3253,20.264407,24,9.753005e-04
3254,20.269855,24,9.882962e-04
3255,20.275302,24,9.970184e-04
3256,20.280750,24,9.998620e-04
3257,20.286197,24,9.997562e-04
3258,20.291645,24,9.988443e-04
3259,20.297092,24,9.979588e-04
3260,20.302540,24,9.972733e-04
3261,20.307987,24,9.967622e-04
3262,20.313435,24,9.963692e-04
3263,20.318882,24,9.960463e-04
3264,20.324330,24,9.957827e-04
3265,20.329778,24,9.955587e-04
3266,20.335226,24,9.953563e-04
3267,20.340673,24,9.951767e-04
3268,20.346121,24,9.949828e-04
3269,20.351569,24,9.948034e-04
3270,20.357017,24,9.946476e-04
3271,20.362465,24,9.945028e-04
3272,20.367913,24,9.943858e-04
3273,20.373361,24,9.942871e-04
3274,20.378809,24,9.942128e-04
3275,20.384257,24,9.941860e-04
3276,20.389705,24,9.941534e-04
3277,20.395153,24,9.940671e-04
3278,20.400601,24,9.939492e-04
3279,20.406049,24,9.937939e-04
3280,20.411498,24,9.936103e-04
3281,20.416946,24,9.934480e-04
3282,20.422394,24,9.933138e-04
3283,20.427843,24,9.931370e-04
3284,20.433291,24,9.929451e-04
3285,20.438739,24,9.927504e-04
3286,20.444188,24,9.925677e-04
3287,20.449636,24,9.924131e-04
3288,20.455085,24,9.922901e-04
3289,20.460533,24,9.921952e-04
3290,20.465982,24,9.921091e-04
3291,20.471431,24,9.919869e-04
3292,20.476879,24,9.918514e-04
3293,20.482328,24,9.918172e-04
3294,20.487777,24,9.917529e-04
3295,20.493225,24,9.916521e-04
3296,20.498674,24,9.915418e-04
3297,20.504123,24,9.914519e-04
3298,20.509572,24,9.913559e-04
3299,20.515021,24,9.912722e-04
3300,20.520470,24,9.917112e-04
3301,20.525918,24,9.915435e-04
3302,20.531367,24,9.913901e-04
3303,20.536816,24,9.912763e-04
3304,20.542266,24,9.912193e-04
3305,20.547715,24,9.911914e-04
3306,20.553164,24,9.911606e-04
3307,20.558613,24,9.911147e-04
3308,20.564062,24,9.910762e-04
3309,20.569511,24,9.910925e-04
3310,20.574961,24,9.911116e-04
3311,20.580410,24,9.911202e-04
3312,20.585859,24,9.911273e-04
3313,20.591309,24,9.911189e-04
3314,20.596758,24,9.910943e-04
3315,20.602207,24,9.910444e-04
3316,20.607657,24,9.909971e-04
3317,20.613106,24,9.909258e-04
3318,20.618556,24,9.908396e-04
3319,20.624006,24,9.907822e-04
3320,20.629455,24,9.907579e-04
3321,20.634905,24,9.907397e-04
3322,20.640354,24,9.907183e-04
3323,20.645804,24,9.907026e-04
3324,20.651254,24,9.907018e-04
3325,20.656704,24,9.907328e-04
3326,20.662154,24,9.908255e-04
3327,20.667603,24,9.909418e-04
3328,20.673053,24,9.910441e-04
3329,20.678503,24,9.911059e-04
3330,20.683953,24,9.911269e-04
3331,20.689403,24,9.911305e-04
3332,20.694853,24,9.911365e-04
3333,20.700303,24,9.911536e-04
3334,20.705753,24,9.911684e-04
3335,20.711204,24,9.911694e-04
3336,20.716654,24,9.911573e-04
3337,20.722104,24,9.911483e-04
3338,20.727554,24,9.911508e-04
3339,20.733004,24,9.911578e-04
3340,20.738455,24,9.911767e-04
3341,20.743905,24,9.912286e-04
3342,20.749355,24,9.915078e-04
3343,20.754806,24,9.918508e-04
3344,20.760256,24,9.920413e-04
3345,20.765707,24,9.921790e-04
3346,20.771157,24,9.922744e-04
3347,20.776608,24,9.923469e-04
3348,20.782059,24,9.924163e-04
3349,20.787509,24,9.925029e-04
3350,20.792960,24,9.926133e-04
3351,20.798411,24,9.926983e-04
3352,20.803861,24,9.927259e-04
3353,20.809312,24,9.927303e-04
3354,20.814763,24,9.927469e-04
3355,20.820214,24,9.927811e-04
3356,20.825665,24,9.928475e-04
3357,20.831116,24,9.929616e-04
3358,20.836567,24,9.931136e-04
3359,20.842018,24,9.933007e-04
3360,20.847469,24,9.935018e-04
3361,20.852920,24,9.936735e-04
3362,20.858371,24,9.938121e-04
3363,20.863822,24,9.939398e-04
3364,20.869273,24,9.921328e-04
3365,20.874724,24,9.920418e-04
3366,20.880175,24,9.919479e-04
3367,20.885627,24,9.918126e-04
3368,20.891078,24,9.916465e-04
3369,20.896529,24,9.914290e-04
3370,20.901981,24,9.903610e-04
3371,20.907432,24,9.900327e-04
3372,20.912884,24,9.899371e-04
3373,20.918335,24,9.898673e-04
3374,20.923787,24,9.897902e-04
3375,20.929238,24,9.896974e-04
3376,20.934690,24,9.896454e-04
3377,20.940142,24,9.896145e-04
3378,20.945593,24,9.895604e-04
3379,20.951045,24,9.894813e-04
3380,20.956497,24,9.893963e-04
3381,20.961949,24,9.892776e-04
3382,20.967401,24,9.891596e-04
3383,20.972852,24,9.890042e-04
3384,20.978304,24,9.887879e-04
3385,20.983756,24,9.885423e-04
3386,20.989208,24,9.882870e-04
3387,20.994660,24,9.880527e-04
3388,21.000112,24,9.877101e-04
3389,21.005564,24,9.873764e-04
3390,21.011017,24,9.871354e-04
3391,21.016469,24,9.869144e-04
3392,21.021921,24,9.867149e-04
3393,21.027373,24,9.865683e-04
3394,21.032826,24,9.864591e-04
3395,21.038278,24,9.863581e-04
3396,21.043730,24,9.862107e-04
3397,21.049183,24,9.860068e-04
3398,21.054635,24,9.857733e-04
3399,21.060088,24,9.855184e-04
3400,21.065540,24,9.852194e-04
3401,21.070993,24,9.849102e-04
3402,21.076445,24,9.846550e-04
3403,21.081898,24,9.843983e-04
3404,21.087351,24,9.840990e-04
3405,21.092803,24,9.837849e-04
3406,21.098256,24,9.834711e-04
3407,21.103709,24,9.831689e-04
3408,21.109162,24,9.828828e-04
3409,21.114615,24,9.826706e-04
3410,21.120068,24,9.825270e-04
3411,21.125521,24,9.823775e-04
3412,21.130974,24,9.821805e-04
3413,21.136427,24,9.819439e-04
3414,21.141880,24,9.816860e-04
3415,21.147333,24,9.814132e-04
3416,21.152786,24,9.811109e-04
3417,21.158239,24,9.808466e-04
3418,21.163692,24,9.806140e-04
3419,21.169146,24,9.803735e-04
3420,21.174599,24,9.801317e-04
3421,21.180052,24,9.798845e-04
3422,21.185506,24,9.796306e-04
3423,21.190959,24,9.793455e-04
3424,21.196413,24,9.791223e-04
3425,21.201866,24,9.789568e-04
3426,21.207320,24,9.788410e-04
3427,21.212773,24,9.787211e-04
3428,21.218227,24,9.785997e-04
3429,21.223681,24,9.784607e-04
3430,21.229134,24,9.783166e-04
3431,21.234588,24,9.781453e-04
3432,21.240042,24,9.779669e-04
3433,21.245496,24,9.778095e-04
3434,21.250950,24,9.776586e-04
3435,21.256404,24,9.775076e-04
3436,21.261858,24,9.773649e-04
3437,21.267312,24,9.772424e-04
3438,21.272766,24,9.771477e-04
3439,21.278220,24,9.770324e-04
3440,21.283674,24,9.769160e-04
3441,21.289128,24,9.768121e-04
3442,21.294582,24,9.767620e-04
3443,21.300036,24,9.767481e-04
3444,21.305491,24,9.767394e-04
3445,21.310945,24,9.767446e-04
3446,21.316399,24,9.767332e-04
3447,21.321854,24,9.767037e-04
3448,21.327308,24,9.766714e-04
3449,21.332763,24,9.766476e-04
3450,21.338217,24,9.766342e-04
3451,21.343672,24,9.766296e-04
3452,21.349126,24,9.766498e-04
3453,21.354581,24,9.766769e-04
3454,21.360036,24,9.767215e-04
3455,21.365491,24,9.767768e-04
3456,21.370945,24,9.767897e-04
3457,21.376400,24,9.768208e-04
3458,21.381855,24,9.768999e-04
3459,21.387310,24,9.770310e-04
3460,21.392765,24,9.771670e-04
3461,21.398220,24,9.773085e-04
3462,21.403675,24,9.774382e-04
3463,21.409130,24,9.775577e-04
3464,21.414585,24,9.776920e-04
3465,21.420040,24,9.778447e-04
3466,21.425495,24,9.780272e-04
3467,21.430951,24,9.782067e-04
3468,21.436406,24,9.775374e-04
3469,21.441861,24,9.770601e-04
3470,21.447316,24,9.770577e-04
3471,21.452772,24,9.771363e-04
3472,21.458227,24,9.773328e-04
3473,21.463683,24,9.773275e-04
3474,21.469138,24,9.773491e-04
3475,21.474594,24,9.774397e-04
3476,21.480049,24,9.774908e-04
3477,21.485505,24,9.775135e-04
3478,21.490961,24,9.774986e-04
3479,21.496416,24,9.774598e-04
3480,21.501872,24,9.774355e-04
3481,21.507328,24,9.774132e-04
3482,21.512784,24,9.774046e-04
3483,21.518240,24,9.774584e-04
3484,21.523696,24,9.774818e-04
3485,21.529151,24,9.774954e-04
3486,21.534607,24,9.774973e-04
3487,21.540063,24,9.775058e-04
3488,21.545520,24,9.775112e-04
3489,21.550976,24,9.774981e-04
3490,21.556432,24,9.774913e-04
3491,21.561888,24,9.774938e-04
3492,21.567344,24,9.774474e-04
3493,21.572801,24,9.773650e-04
3494,21.578257,24,9.772900e-04
3495,21.583713,24,9.772213e-04
3496,21.589170,24,9.771796e-04
3497,21.594626,24,9.771682e-04
3498,21.600082,24,9.771905e-04
3499,21.605539,24,9.772173e-04
3500,21.610995,24,9.772327e-04
3501,21.616452,24,9.772211e-04
3502,21.621909,24,9.772054e-04
3503,21.627365,24,9.771832e-04
3504,21.632822,24,9.771617e-04
3505,21.638279,24,9.771270e-04
3506,21.643736,24,9.771125e-04
3507,21.649192,24,9.771705e-04
3508,21.654649,24,9.771711e-04
3509,21.660106,24,9.771089e-04
3510,21.665563,24,9.770269e-04
3511,21.671020,24,9.769456e-04
3512,21.676477,24,9.768880e-04
3513,21.681934,24,9.768611e-04
3514,21.687391,24,9.768520e-04
3515,21.692848,24,9.768462e-04
3516,21.698305,24,9.768294e-04
3517,21.703763,24,9.767996e-04
3518,21.709220,24,9.767652e-04
3519,21.714677,24,9.767370e-04
3520,21.720134,24,9.767258e-04
3521,21.725592,24,9.767114e-04
3522,21.731049,24,9.766857e-04
3523,21.736507,24,9.766674e-04
3524,21.741964,24,9.766587e-04
3525,21.747422,24,9.766253e-04
3526,21.752879,24,9.765908e-04
3527,21.758337,24,9.765449e-04
3528,21.763794,24,9.764956e-04
3529,21.769252,24,9.764452e-04
3530,21.774710,24,9.763950e-04
3531,21.780167,24,9.763528e-04
3532,21.785625,24,9.763150e-04
3533,21.791083,24,9.762823e-04
3534,21.796541,24,9.762954e-04
3535,21.801999,24,9.762685e-04
3536,21.807457,24,9.762415e-04
3537,21.812915,24,9.762220e-04
3538,21.818373,24,9.761983e-04
3539,21.823831,24,9.761770e-04
3540,21.829289,24,9.761546e-04
3541,21.834747,24,9.761271e-04
3542,21.840205,24,9.761246e-04
3543,21.845663,24,9.761170e-04
3544,21.851121,24,9.760766e-04
3545,21.856580,24,9.760039e-04
3546,21.862038,24,9.759256e-04
3547,21.867496,24,9.758654e-04
3548,21.872955,24,9.758216e-04
3549,21.878413,24,9.757901e-04
3550,21.883871,24,9.757540e-04
3551,21.889330,24,9.757158e-04
3552,21.894788,24,9.756852e-04
3553,21.900247,24,9.756639e-04
3554,21.905705,24,9.757397e-04
3555,21.911164,24,9.757405e-04
3556,21.916623,24,9.757245e-04
3557,21.922081,24,9.756785e-04
3558,21.927540,24,9.756545e-04
3559,21.932999,24,9.756647e-04
3560,21.938458,24,9.756777e-04
3561,21.943916,24,9.756619e-04
3562,21.949375,24,9.756157e-04
3563,21.954834,24,9.755544e-04
3564,21.960293,24,9.754925e-04
3565,21.965752,24,9.754295e-04
3566,21.971211,24,9.753767e-04
3567,21.976670,24,9.753285e-04
3568,21.982129,24,9.753011e-04
3569,21.987588,24,9.752737e-04
3570,21.993048,24,9.752490e-04
3571,21.998507,24,9.752252e-04
3572,22.003966,24,9.751792e-04
3573,22.009425,24,9.751126e-04
3574,22.014885,24,9.750578e-04
3575,22.020344,24,9.750215e-04
3576,22.025803,24,9.750277e-04
3577,22.031263,24,9.750294e-04
3578,22.036722,24,9.750125e-04
3579,22.042181,24,9.749863e-04
3580,22.047641,24,9.749213e-04
3581,22.053101,24,9.748375e-04
3582,22.058560,24,9.747568e-04
3583,22.064020,24,9.746948e-04
3584,22.069479,24,9.746487e-04
3585,22.074939,24,9.745956e-04
3586,22.080399,24,9.745338e-04
3587,22.085858,24,9.744750e-04
3588,22.091318,24,9.753301e-04
3589,22.096778,24,9.754021e-04
3590,22.102238,24,9.754257e-04
3591,22.107698,24,9.754610e-04
3592,22.113158,24,9.754979e-04
3593,22.118618,24,9.755420e-04
3594,22.124078,24,9.756036e-04
3595,22.129538,24,9.756697e-04
3596,22.134998,24,9.757219e-04
3597,22.140458,24,9.757401e-04
3598,22.145918,24,9.757270e-04
3599,22.151378,24,9.757051e-04
3600,22.156838,24,9.756833e-04
3601,22.162299,24,9.756606e-04
3602,22.167759,24,9.756258e-04
3603,22.173219,24,9.755940e-04
3604,22.178679,24,9.755619e-04
3605,22.184140,24,9.755118e-04
3606,22.189600,24,9.754631e-04
3607,22.195061,24,9.754126e-04
3608,22.200521,24,9.753741e-04
3609,22.205982,24,9.753425e-04
3610,22.211442,24,9.753128e-04
3611,22.216903,24,9.753049e-04
3612,22.222363,24,9.753135e-04
3613,22.227824,24,9.753185e-04
3614,22.233285,24,9.753016e-04
3615,22.238745,24,9.752495e-04
3616,22.244206,24,9.751678e-04
3617,22.249667,24,9.750710e-04
3618,22.255128,24,9.749612e-04
3619,22.260588,24,9.748602e-04
3620,22.266049,24,9.747733e-04
3621,22.271510,24,9.746787e-04
3622,22.276971,24,9.745842e-04
3623,22.282432,24,9.744615e-04
3624,22.287893,24,9.743509e-04
3625,22.293354,24,9.742559e-04
3626,22.298815,24,9.741745e-04
3627,22.304276,24,9.740912e-04
3628,22.309738,24,9.740128e-04
3629,22.315199,24,9.739931e-04
3630,22.320660,24,9.739781e-04
3631,22.326121,24,9.739312e-04
3632,22.331582,24,9.738522e-04
3633,22.337044,24,9.737286e-04
3634,22.342505,24,9.735731e-04
3635,22.347966,24,9.734237e-04
3636,22.353428,24,9.732913e-04
3637,22.358889,24,9.730802e-04
3638,22.364351,24,9.729124e-04
3639,22.369812,24,9.727567e-04
3640,22.375274,24,9.726056e-04
3641,22.380735,24,9.724709e-04
3642,22.386197,24,9.724044e-04
3643,22.391659,24,9.724284e-04
3644,22.397120,24,9.723456e-04
3645,22.402582,24,9.722695e-04
3646,22.408044,24,9.721984e-04
3647,22.413506,24,9.721652e-04
3648,22.418967,24,9.721291e-04
3649,22.424429,24,9.720467e-04
3650,22.429891,24,9.719381e-04
3651,22.435353,24,9.718255e-04
3652,22.440815,24,9.717053e-04
3653,22.446277,24,9.715702e-04
3654,22.451739,24,9.713924e-04
3655,22.457201,23,9.998683e-04
3656,22.462663,24,9.954606e-04
3657,22.468125,24,9.836436e-04
3658,22.473587,24,9.736412e-04
3659,22.479050,23,9.973069e-04
3660,22.484512,24,9.920779e-04
3661,22.489974,24,9.807986e-04
3662,22.495436,23,9.998792e-04
3663,22.500899,24,9.918392e-04
3664,22.506361,24,9.795318e-04
3665,22.511823,23,9.985075e-04
3666,22.517286,24,9.908772e-04
3667,22.522748,24,9.789176e-04
3668,22.528211,23,9.980456e-04
3669,22.533673,24,9.905642e-04
3670,22.539136,24,9.786061e-04
3671,22.544598,23,9.976290e-04
3672,22.550061,24,9.901696e-04
3673,22.555523,24,9.782719e-04
3674,22.560986,23,9.973260e-04
3675,22.566449,24,9.899784e-04
3676,22.571912,24,9.781332e-04
3677,22.577374,23,9.971617e-04
3678,22.582837,24,9.898165e-04
3679,22.588300,24,9.779279e-04
3680,22.593763,23,9.968774e-04
3681,22.599226,24,9.895397e-04
3682,22.604689,24,9.777572e-04
3683,22.610152,23,9.968120e-04
3684,22.615615,24,9.895573e-04
3685,22.621078,24,9.777506e-04
3686,22.626541,23,9.966927e-04
3687,22.632004,24,9.892734e-04
3688,22.637467,24,9.773782e-04
3689,22.642930,23,9.963044e-04
3690,22.648393,24,9.889296e-04
3691,22.653857,24,9.771476e-04
3692,22.659320,23,9.961810e-04
3693,22.664783,24,9.888239e-04
3694,22.670247,24,9.770533e-04
3695,22.675710,23,9.961117e-04
3696,22.681173,24,9.886849e-04
3697,22.686637,24,9.769606e-04
3698,22.692100,23,9.960887e-04
3699,22.697564,24,9.886663e-04
3700,22.703027,24,9.770280e-04
3701,22.708491,23,9.962705e-04
3702,22.713955,24,9.887839e-04
3703,22.719418,24,9.770631e-04
3704,22.724882,23,9.962482e-04
3705,22.730346,24,9.885453e-04
3706,22.735809,24,9.768321e-04
3707,22.741273,23,9.961594e-04
3708,22.746737,24,9.884321e-04
3709,22.752201,24,9.768082e-04
3710,22.757665,23,9.963078e-04
3711,22.763129,24,9.884895e-04
3712,22.768593,24,9.769127e-04
3713,22.774057,23,9.964223e-04
3714,22.779521,24,9.884654e-04
3715,22.784985,24,9.769039e-04
3716,22.790449,23,9.966508e-04
3717,22.795913,24,9.886163e-04
3718,22.801377,24,9.771710e-04
3719,22.806841,23,9.971775e-04
3720,22.812305,24,9.889247e-04
3721,22.817770,24,9.774146e-04
3722,22.823234,23,9.975155e-04
3723,22.828698,24,9.889944e-04
3724,22.834163,24,9.774943e-04
3725,22.839627,23,9.978611e-04
3726,22.845092,24,9.891426e-04
3727,22.850556,24,9.777361e-04
3728,22.856020,23,9.984323e-04
3729,22.861485,24,9.895101e-04
3730,22.866950,24,9.781803e-04
3731,22.872414,23,9.991648e-04
3732,22.877879,24,9.902948e-04
3733,22.883344,24,9.793138e-04
3734,22.888808,24,9.706862e-04
3735,22.894273,23,9.976799e-04
3736,22.899738,24,9.909516e-04
3737,22.905203,24,9.809931e-04
3738,22.910667,24,9.726432e-04
3739,22.916132,23,9.998588e-04
3740,22.921597,24,9.923195e-04
3741,22.927062,24,9.821628e-04
3742,22.932527,24,9.736469e-04
3743,22.937992,24,9.699533e-04
3744,22.943457,24,9.694967e-04
3745,22.948922,24,9.703488e-04
3746,22.954388,24,9.714540e-04
3747,22.959853,24,9.724279e-04
3748,22.965318,24,9.731957e-04
3749,22.970783,24,9.738077e-04
3750,22.976249,24,9.743181e-04
3751,22.981714,24,9.747712e-04
3752,22.987179,24,9.751294e-04
3753,22.992645,24,9.754941e-04
3754,22.998110,24,9.758498e-04
3755,23.003575,24,9.761760e-04
3756,23.009041,24,9.764664e-04
3757,23.014506,24,9.767319e-04
3758,23.019972,24,9.770082e-04
3759,23.025438,24,9.773215e-04
3760,23.030903,24,9.776467e-04
3761,23.036369,24,9.781547e-04
3762,23.041835,24,9.786458e-04
3763,23.047300,24,9.790117e-04
3764,23.052766,24,9.794290e-04
3765,23.058232,24,9.798720e-04
3766,23.063698,24,9.803401e-04
3767,23.069164,24,9.808164e-04
3768,23.074630,24,9.812626e-04
3769,23.080096,24,9.816998e-04
3770,23.085562,24,9.821651e-04
3771,23.091028,24,9.826847e-04
3772,23.096494,24,9.832213e-04
3773,23.101960,24,9.836962e-04
3774,23.107426,24,9.808509e-04
3775,23.112892,24,9.813858e-04
3776,23.118359,24,9.818809e-04
3777,23.123825,24,9.811792e-04
3778,23.129291,24,9.784275e-04
3779,23.134758,24,9.783697e-04
3780,23.140224,24,9.782918e-04
3781,23.145690,24,9.782174e-04
3782,23.151157,24,9.781343e-04
3783,23.156623,24,9.780245e-04
3784,23.162090,24,9.778575e-04
3785,23.167556,24,9.776640e-04
3786,23.173023,24,9.774561e-04
3787,23.178490,24,9.772296e-04
3788,23.183956,24,9.770127e-04
3789,23.189423,24,9.768130e-04
3790,23.194890,24,9.765742e-04
3791,23.200357,24,9.762679e-04
3792,23.205823,24,9.759131e-04
3793,23.211290,24,9.755358e-04
3794,23.216757,24,9.751443e-04
3795,23.222224,24,9.747390e-04
3796,23.227691,24,9.743527e-04
3797,23.233158,24,9.739552e-04
3798,23.238625,24,9.735303e-04
3799,23.244092,24,9.730847e-04
3800,23.249560,24,9.726326e-04
3801,23.255027,24,9.721771e-04
3802,23.260494,24,9.717261e-04
3803,23.265961,24,9.712942e-04
3804,23.271429,24,9.708697e-04
3805,23.276896,24,9.704207e-04
3806,23.282363,24,9.699887e-04
3807,23.287831,24,9.695894e-04
3808,23.293298,24,9.691825e-04
3809,23.298766,24,9.687471e-04
3810,23.304233,24,9.682812e-04
3811,23.309701,23,9.998910e-04
3812,23.315169,24,9.904697e-04
3813,23.320636,24,9.796381e-04
3814,23.326104,24,9.697344e-04
3815,23.331572,23,9.957854e-04
3816,23.337040,24,9.856577e-04
3817,23.342507,24,9.751982e-04
3818,23.347975,23,9.970232e-04
3819,23.353443,24,9.845711e-04
3820,23.358911,24,9.729269e-04
3821,23.364379,23,9.940019e-04
3822,23.369847,24,9.821976e-04
3823,23.375315,24,9.708977e-04
3824,23.380783,23,9.918628e-04
3825,23.386252,24,9.808549e-04
3826,23.391720,23,9.996762e-04
3827,23.397188,24,9.841980e-04
3828,23.402656,23,9.992555e-04
3829,23.408125,24,9.825574e-04
3830,23.413593,23,9.970692e-04
3831,23.419062,24,9.808197e-04
3832,23.424530,23,9.954596e-04
3833,23.429999,24,9.797139e-04
3834,23.435467,23,9.943747e-04
3835,23.440936,24,9.789474e-04
3836,23.446404,23,9.945492e-04
3837,23.451873,24,9.790454e-04
3838,23.457342,23,9.938371e-04
3839,23.462811,24,9.785875e-04
3840,23.468279,23,9.933373e-04
3841,23.473748,24,9.783173e-04
3842,23.479217,23,9.930273e-04
3843,23.484686,24,9.781215e-04
3844,23.490155,23,9.926972e-04
3845,23.495624,24,9.778204e-04
3846,23.501093,23,9.922802e-04
3847,23.506562,24,9.774601e-04
3848,23.512031,23,9.919075e-04
3849,23.517501,24,9.769906e-04
3850,23.522970,23,9.913156e-04
3851,23.528439,24,9.767171e-04
3852,23.533908,23,9.911311e-04
3853,23.539378,24,9.765655e-04
3854,23.544847,23,9.910908e-04
3855,23.550317,24,9.765423e-04
3856,23.555786,23,9.911715e-04
3857,23.561256,24,9.766270e-04
3858,23.566725,23,9.913834e-04
3859,23.572195,24,9.768298e-04
3860,23.577665,23,9.917330e-04
3861,23.583134,24,9.770793e-04
3862,23.588604,23,9.920850e-04
3863,23.594074,24,9.772941e-04
3864,23.599544,23,9.924176e-04
3865,23.605014,24,9.774609e-04
3866,23.610484,23,9.927030e-04
3867,23.615954,24,9.775937e-04
3868,23.621424,23,9.930844e-04
3869,23.626894,24,9.778859e-04
3870,23.632364,23,9.936193e-04
3871,23.637834,24,9.782709e-04
3872,23.643304,23,9.942601e-04
3873,23.648775,24,9.787199e-04
3874,23.654245,23,9.949951e-04
3875,23.659715,24,9.792990e-04
3876,23.665186,23,9.959123e-04
3877,23.670656,24,9.800049e-04
3878,23.676127,23,9.969119e-04
3879,23.681597,24,9.803302e-04
3880,23.687068,23,9.951697e-04
3881,23.692538,24,9.791529e-04
3882,23.698009,23,9.952591e-04
3883,23.703480,24,9.791463e-04
3884,23.708950,23,9.952991e-04
3885,23.714421,24,9.791272e-04
3886,23.719892,23,9.953355e-04
3887,23.725363,24,9.791130e-04
3888,23.730834,23,9.953881e-04
3889,23.736305,24,9.791444e-04
3890,23.741776,23,9.954710e-04
3891,23.747247,24,9.792036e-04
3892,23.752718,23,9.956194e-04
3893,23.758189,24,9.793968e-04
3894,23.763660,23,9.962388e-04
3895,23.769131,24,9.799435e-04
3896,23.774603,23,9.965381e-04
3897,23.780074,24,9.799594e-04
3898,23.785545,23,9.965474e-04
3899,23.791017,24,9.799267e-04
3900,23.796488,23,9.964833e-04
3901,23.801960,24,9.798110e-04
3902,23.807431,23,9.963264e-04
3903,23.812903,24,9.796746e-04
3904,23.818374,23,9.962395e-04
3905,23.823846,24,9.796493e-04
3906,23.829318,23,9.962320e-04
3907,23.834789,24,9.797042e-04
3908,23.840261,23,9.963298e-04
3909,23.845733,24,9.798752e-04
3910,23.851205,23,9.964448e-04
3911,23.856677,24,9.799345e-04
3912,23.862149,23,9.963862e-04
3913,23.867621,24,9.798326e-04
3914,23.873093,23,9.962138e-04
3915,23.878565,24,9.796794e-04
3916,23.884037,23,9.960305e-04
3917,23.889509,24,9.795390e-04
3918,23.894981,23,9.958563e-04
3919,23.900453,24,9.794086e-04
3920,23.905926,23,9.957809e-04
3921,23.911398,24,9.794096e-04
3922,23.916870,23,9.957321e-04
3923,23.922343,24,9.793762e-04
3924,23.927815,23,9.956669e-04
3925,23.933288,24,9.793780e-04
3926,23.938760,23,9.956456e-04
3927,23.944233,24,9.794145e-04
3928,23.949705,23,9.956305e-04
3929,23.955178,24,9.794182e-04
3930,23.960651,23,9.955633e-04
3931,23.966124,24,9.793657e-04
3932,23.971596,23,9.954521e-04
3933,23.977069,24,9.792869e-04
3934,23.982542,23,9.953161e-04
3935,23.988015,24,9.791893e-04
3936,23.993488,23,9.951671e-04
3937,23.998961,24,9.790812e-04
3938,24.004434,23,9.950287e-04
3939,24.009907,24,9.790105e-04
3940,24.015380,23,9.949355e-04
3941,24.020853,24,9.789817e-04
3942,24.026326,23,9.949041e-04
3943,24.031800,24,9.790444e-04
3944,24.037273,23,9.949425e-04
3945,24.042746,24,9.791369e-04
3946,24.048220,23,9.949495e-04
3947,24.053693,24,9.791073e-04
3948,24.059166,23,9.948442e-04
3949,24.064640,24,9.790376e-04
3950,24.070113,23,9.947034e-04
3951,24.075587,24,9.789412e-04
3952,24.081060,23,9.945718e-04
3953,24.086534,24,9.788726e-04
3954,24.092008,23,9.944698e-04
3955,24.097481,24,9.788944e-04
3956,24.102955,23,9.944545e-04
3957,24.108429,24,9.788364e-04
3958,24.113903,23,9.943635e-04
3959,24.119377,24,9.788418e-04
3960,24.124851,23,9.943420e-04
3961,24.130324,24,9.788521e-04
3962,24.135798,23,9.942698e-04
3963,24.141272,24,9.788333e-04
3964,24.146747,23,9.941905e-04
3965,24.152221,24,9.787999e-04
3966,24.157695,23,9.940722e-04
3967,24.163169,24,9.787322e-04
3968,24.168643,23,9.939300e-04
3969,24.174117,24,9.786347e-04
3970,24.179592,23,9.937694e-04
3971,24.185066,24,9.785619e-04
3972,24.190540,23,9.936308e-04
3973,24.196015,24,9.784624e-04
3974,24.201489,23,9.934370e-04
3975,24.206964,24,9.783336e-04
3976,24.212438,23,9.932623e-04
3977,24.217913,24,9.782656e-04
3978,24.223387,23,9.931255e-04
3979,24.228862,24,9.782187e-04
3980,24.234337,23,9.930224e-04
3981,24.239811,24,9.781886e-04
3982,24.245286,23,9.928988e-04
3983,24.250761,24,9.781205e-04
3984,24.256236,23,9.927377e-04
3985,24.261711,24,9.780208e-04
3986,24.267186,23,9.925337e-04
3987,24.272661,24,9.778790e-04
3988,24.278136,23,9.924092e-04
3989,24.283611,24,9.778613e-04
3990,24.289086,23,9.922204e-04
3991,24.294561,24,9.776645e-04
3992,24.300036,23,9.919209e-04
3993,24.305511,24,9.774794e-04
3994,24.310986,23,9.917263e-04
3995,24.316462,24,9.774363e-04
3996,24.321937,23,9.924410e-04
3997,24.327412,24,9.786789e-04
3998,24.332887,23,9.934625e-04
3999,24.338363,24,9.788331e-04
4000,24.343838,23,9.935941e-04
4001,24.349314,24,9.789214e-04
4002,24.354789,23,9.936443e-04
4003,24.360265,24,9.789544e-04
4004,24.365740,23,9.937117e-04
4005,24.371216,24,9.790694e-04
4006,24.376692,23,9.937724e-04
4007,24.382167,24,9.790402e-04
4008,24.387643,23,9.936625e-04
4009,24.393119,24,9.789374e-04
4010,24.398595,23,9.935542e-04
4011,24.404071,24,9.789026e-04
4012,24.409546,23,9.935459e-04
4013,24.415022,24,9.789834e-04
4014,24.420498,23,9.935709e-04
4015,24.425974,24,9.790099e-04
4016,24.431450,23,9.935042e-04
4017,24.436926,24,9.789458e-04
4018,24.442403,23,9.933492e-04
4019,24.447879,24,9.788373e-04
4020,24.453355,23,9.932010e-04
4021,24.458831,24,9.787622e-04
4022,24.464307,23,9.930596e-04
4023,24.469784,24,9.786729e-04
4024,24.475260,23,9.928459e-04
4025,24.480736,24,9.784691e-04
4026,24.486213,23,9.925397e-04
4027,24.491689,24,9.782429e-04
4028,24.497166,23,9.922535e-04
4029,24.502642,24,9.780662e-04
4030,24.508119,23,9.920356e-04
4031,24.513595,24,9.779847e-04
4032,24.519072,23,9.918568e-04
4033,24.524549,24,9.778642e-04
4034,24.530025,23,9.916135e-04
4035,24.535502,24,9.776911e-04
4036,24.540979,23,9.913396e-04
4037,24.546456,24,9.775204e-04
4038,24.551932,23,9.911435e-04
4039,24.557409,24,9.773763e-04
4040,24.562886,23,9.908403e-04
4041,24.568363,24,9.771496e-04
4042,24.573840,23,9.904763e-04
4043,24.579317,24,9.768528e-04
4044,24.584794,23,9.900933e-04
4045,24.590271,24,9.765927e-04
4046,24.595748,23,9.897632e-04
4047,24.601226,24,9.763519e-04
4048,24.606703,23,9.894276e-04
4049,24.612180,24,9.761535e-04
4050,24.617657,23,9.892046e-04
4051,24.623135,24,9.760573e-04
4052,24.628612,23,9.890147e-04
4053,24.634089,24,9.759208e-04
4054,24.639567,23,9.887338e-04
4055,24.645044,24,9.757068e-04
4056,24.650522,23,9.884571e-04
4057,24.655999,24,9.755149e-04
4058,24.661477,23,9.881583e-04
4059,24.666954,24,9.752668e-04
4060,24.672432,23,9.878346e-04
4061,24.677910,24,9.750211e-04
4062,24.683387,23,9.874986e-04
4063,24.688865,24,9.747346e-04
4064,24.694343,23,9.871564e-04
4065,24.699821,24,9.744981e-04
4066,24.705299,23,9.869188e-04
4067,24.710777,24,9.744202e-04
4068,24.716255,23,9.868682e-04
4069,24.721732,24,9.744370e-04
4070,24.727210,23,9.867741e-04
4071,24.732689,24,9.743163e-04
4072,24.738167,23,9.865719e-04
4073,24.743645,23,9.999093e-04
4074,24.749123,24,9.840858e-04
4075,24.754601,23,9.907511e-04
4076,24.760079,24,9.745024e-04
4077,24.765558,23,9.848987e-04
4078,24.771036,23,9.978599e-04
4079,24.776514,24,9.823118e-04
4080,24.781993,23,9.892579e-04
4081,24.787471,23,9.989668e-04
4082,24.792949,24,9.818340e-04
4083,24.798428,23,9.883222e-04
4084,24.803906,23,9.981374e-04
4085,24.809385,24,9.812799e-04
4086,24.814864,23,9.880349e-04
4087,24.820342,23,9.980444e-04
4088,24.825821,24,9.812714e-04
4089,24.831300,23,9.880537e-04
4090,24.836778,23,9.980457e-04
4091,24.842257,24,9.812466e-04
4092,24.847736,23,9.880548e-04
4093,24.853215,23,9.980292e-04
4094,24.858694,24,9.812027e-04
4095,24.864173,23,9.880625e-04
4096,24.869651,23,9.980392e-04
4097,24.875130,24,9.811681e-04
4098,24.880610,23,9.881158e-04
4099,24.886089,23,9.980527e-04
4100,24.891568,24,9.810051e-04
4101,24.897047,23,9.879841e-04
4102,24.902526,23,9.980099e-04
4103,24.908005,24,9.811359e-04
4104,24.913485,23,9.883420e-04
4105,24.918964,23,9.984671e-04
4106,24.924443,24,9.815128e-04
4107,24.929923,23,9.888073e-04
4108,24.935402,23,9.988421e-04
4109,24.940881,24,9.817228e-04
4110,24.946361,23,9.892229e-04
4111,24.951840,23,9.992816e-04
4112,24.957320,24,9.820123e-04
4113,24.962800,23,9.897599e-04
4114,24.968279,23,9.998426e-04
4115,24.973759,24,9.823593e-04
4116,24.979239,23,9.910451e-04
4117,24.984718,24,9.750332e-04
4118,24.990198,23,9.885542e-04
4119,24.995678,24,9.748776e-04
4120,25.001158,23,9.901859e-04
4121,25.006638,24,9.766337e-04
4122,25.012118,23,9.921492e-04
4123,25.017598,24,9.781162e-04
4124,25.023078,23,9.937171e-04
4125,25.028558,24,9.791670e-04
4126,25.034038,23,9.949263e-04
4127,25.039518,24,9.799569e-04
4128,25.044998,23,9.960072e-04
4129,25.050478,24,9.806484e-04
4130,25.055959,23,9.970470e-04
4131,25.061439,24,9.813247e-04
4132,25.066919,23,9.981256e-04
4133,25.072400,24,9.820407e-04
4134,25.077880,23,9.993090e-04
4135,25.083360,24,9.828669e-04
4136,25.088841,24,9.706034e-04
4137,25.094321,23,9.916792e-04
4138,25.099802,24,9.798056e-04
4139,25.105283,24,9.714475e-04
4140,25.110763,23,9.951135e-04
4141,25.116244,24,9.830304e-04
4142,25.121725,24,9.745935e-04
4143,25.127205,23,9.986978e-04
4144,25.132686,24,9.855453e-04
4145,25.138167,24,9.768452e-04
4146,25.143648,24,9.692274e-04
4147,25.149129,23,9.981398e-04
4148,25.154610,24,9.869510e-04
4149,25.160091,24,9.802596e-04
4150,25.165572,24,9.731764e-04
4151,25.171053,24,9.694863e-04
4152,25.176534,24,9.688942e-04
4153,25.182015,24,9.699708e-04
4154,25.187496,24,9.715075e-04
4155,25.192977,24,9.731064e-04
4156,25.198459,24,9.745272e-04
4157,25.203940,24,9.757612e-04
4158,25.209421,24,9.768550e-04
4159,25.214903,24,9.778976e-04
4160,25.220384,24,9.788930e-04
4161,25.225866,24,9.798353e-04
4162,25.231347,24,9.807354e-04
4163,25.236829,24,9.816225e-04
4164,25.242310,24,9.825062e-04
4165,25.247792,24,9.795694e-04
4166,25.253273,24,9.792818e-04
4167,25.258755,24,9.795099e-04
4168,25.264237,24,9.797189e-04
4169,25.269719,24,9.799146e-04
4170,25.275201,24,9.801118e-04
4171,25.280682,24,9.802903e-04
4172,25.286164,24,9.804740e-04
4173,25.291646,24,9.806459e-04
4174,25.297128,24,9.807999e-04
4175,25.302610,24,9.808971e-04
4176,25.308092,24,9.809697e-04
4177,25.313575,24,9.810477e-04
4178,25.319057,24,9.811549e-04
4179,25.324539,24,9.812671e-04
4180,25.330021,24,9.813385e-04
4181,25.335503,24,9.813485e-04
4182,25.340986,24,9.813061e-04
4183,25.346468,24,9.812165e-04
4184,25.351951,24,9.785406e-04
4185,25.357433,24,9.771518e-04
4186,25.362915,24,9.771374e-04
4187,25.368398,24,9.770936e-04
4188,25.373881,24,9.770160e-04
4189,25.379363,24,9.769124e-04
4190,25.384846,24,9.767763e-04
4191,25.390329,24,9.766206e-04
4192,25.395811,24,9.764442e-04
4193,25.401294,24,9.762405e-04
4194,25.406777,24,9.760376e-04
4195,25.412260,24,9.758164e-04
4196,25.417743,24,9.756190e-04
4197,25.423226,24,9.753958e-04
4198,25.428709,24,9.751254e-04
4199,25.434192,24,9.748047e-04
4200,25.439675,24,9.744520e-04
4201,25.445158,24,9.740805e-04
4202,25.450641,24,9.736683e-04
4203,25.456124,24,9.732887e-04
4204,25.461608,24,9.729006e-04
4205,25.467091,24,9.725176e-04
4206,25.472574,24,9.721144e-04
4207,25.478058,24,9.716953e-04
4208,25.483541,24,9.712815e-04
4209,25.489025,24,9.708722e-04
4210,25.494508,24,9.704620e-04
4211,25.499992,24,9.700492e-04
4212,25.505476,24,9.696477e-04
4213,25.510959,24,9.692571e-04
4214,25.516443,24,9.689092e-04
4215,25.521927,24,9.685810e-04
4216,25.527410,24,9.682570e-04
4217,25.532894,24,9.679177e-04
4218,25.538378,24,9.675684e-04
4219,25.543862,23,9.999256e-04
4220,25.549346,24,9.884493e-04
4221,25.554830,24,9.801691e-04
4222,25.560314,24,9.711461e-04
4223,25.565798,23,9.974490e-04
4224,25.571283,24,9.844484e-04
4225,25.576767,24,9.761375e-04
4226,25.582251,23,9.995616e-04
4227,25.587735,24,9.843428e-04
4228,25.593220,24,9.746231e-04
4229,25.598704,23,9.974177e-04
4230,25.604189,24,9.826870e-04
4231,25.609673,24,9.734019e-04
4232,25.615158,23,9.964402e-04
4233,25.620642,24,9.822741e-04
4234,25.626127,24,9.732299e-04
4235,25.631612,23,9.961776e-04
4236,25.637096,24,9.821181e-04
4237,25.642581,24,9.733284e-04
4238,25.648066,23,9.966143e-04
4239,25.653551,24,9.807599e-04
4240,25.659036,24,9.711861e-04
4241,25.664521,23,9.929036e-04
4242,25.670006,24,9.794680e-04
4243,25.675491,24,9.700893e-04
4244,25.680976,23,9.914848e-04
4245,25.686461,24,9.785081e-04
4246,25.691946,23,9.988969e-04
4247,25.697432,24,9.823729e-04
4248,25.702917,23,9.991575e-04
4249,25.708402,24,9.813385e-04
4250,25.713888,23,9.974237e-04
4251,25.719373,24,9.799198e-04
4252,25.724859,23,9.961222e-04
4253,25.730344,24,9.790634e-04
4254,25.735830,23,9.952804e-04
4255,25.741316,24,9.785016e-04
4256,25.746801,23,9.946581e-04
4257,25.752287,24,9.781183e-04
4258,25.757773,23,9.942096e-04
4259,25.763259,24,9.778701e-04
4260,25.768745,23,9.938979e-04
4261,25.774231,24,9.777208e-04
4262,25.779717,23,9.936448e-04
4263,25.785203,24,9.775700e-04
4264,25.790689,23,9.934110e-04
4265,25.796175,24,9.774453e-04
4266,25.801661,23,9.932245e-04
4267,25.807147,24,9.774056e-04
4268,25.812634,23,9.931579e-04
4269,25.818120,24,9.773797e-04
4270,25.823606,23,9.929387e-04
4271,25.829093,24,9.772665e-04
4272,25.834579,23,9.928422e-04
4273,25.840066,24,9.772013e-04
4274,25.845552,23,9.927300e-04
4275,25.851039,24,9.771288e-04
4276,25.856526,23,9.926367e-04
4277,25.862013,24,9.770669e-04
4278,25.867499,23,9.925683e-04
4279,25.872986,24,9.770663e-04
4280,25.878473,23,9.925894e-04
4281,25.883960,24,9.771318e-04
4282,25.889447,23,9.926861e-04
4283,25.894934,24,9.773058e-04
4284,25.900421,23,9.929099e-04
4285,25.905908,24,9.775498e-04
4286,25.911395,23,9.931266e-04
4287,25.916883,24,9.777327e-04
4288,25.922370,23,9.932764e-04
4289,25.927857,24,9.778555e-04
4290,25.933345,23,9.933722e-04
4291,25.938832,24,9.779191e-04
4292,25.944320,23,9.935042e-04
4293,25.949807,24,9.780682e-04
4294,25.955295,23,9.936477e-04
4295,25.960782,24,9.781801e-04
4296,25.966270,23,9.937987e-04
4297,25.971758,24,9.783427e-04
4298,25.977245,23,9.939853e-04
4299,25.982733,24,9.785242e-04
4300,25.988221,23,9.942530e-04
4301,25.993709,24,9.788595e-04
4302,25.999197,23,9.946113e-04
4303,26.004685,24,9.791635e-04
4304,26.010173,23,9.948874e-04
4305,26.015661,24,9.793777e-04
4306,26.021149,23,9.950853e-04
4307,26.026638,24,9.795398e-04
4308,26.032126,23,9.952722e-04
4309,26.037614,24,9.797119e-04
4310,26.043103,23,9.954701e-04
4311,26.048591,24,9.798764e-04
4312,26.054079,23,9.956567e-04
4313,26.059568,24,9.800521e-04
4314,26.065056,23,9.958653e-04
4315,26.070545,24,9.802538e-04
4316,26.076034,23,9.961177e-04
4317,26.081522,24,9.805693e-04
4318,26.087011,23,9.964883e-04
4319,26.092500,24,9.809103e-04
4320,26.097989,23,9.968032e-04
4321,26.103478,24,9.812061e-04
4322,26.108967,23,9.971598e-04
4323,26.114456,24,9.814460e-04
4324,26.119945,23,9.973483e-04
4325,26.125434,24,9.816045e-04
4326,26.130923,23,9.975210e-04
4327,26.136412,24,9.817751e-04
4328,26.141901,23,9.977020e-04
4329,26.147391,24,9.819478e-04
4330,26.152880,23,9.978883e-04
4331,26.158369,24,9.821401e-04
4332,26.163859,23,9.980831e-04
4333,26.169348,24,9.823727e-04
4334,26.174838,23,9.983434e-04
4335,26.180327,24,9.826277e-04
4336,26.185817,23,9.985247e-04
4337,26.191306,24,9.827871e-04
4338,26.196796,23,9.986428e-04
4339,26.202286,24,9.829001e-04
4340,26.207776,23,9.987348e-04
4341,26.213265,24,9.830152e-04
4342,26.218755,23,9.988079e-04
4343,26.224245,24,9.831041e-04
4344,26.229735,23,9.988638e-04
4345,26.235225,24,9.831954e-04
4346,26.240715,23,9.989311e-04
4347,26.246205,24,9.832978e-04
4348,26.251696,23,9.990053e-04
4349,26.257186,24,9.834324e-04
4350,26.262676,23,9.991350e-04
4351,26.268166,24,9.836131e-04
4352,26.273657,23,9.992664e-04
4353,26.279147,24,9.837474e-04
4354,26.284638,23,9.993282e-04
4355,26.290128,24,9.838337e-04
4356,26.295619,23,9.993704e-04
4357,26.301109,24,9.839055e-04
4358,26.306600,23,9.993858e-04
4359,26.312090,24,9.839636e-04
4360,26.317581,23,9.994001e-04
4361,26.323072,24,9.840200e-04
4362,26.328563,24,9.726408e-04
4363,26.334054,23,9.916555e-04
4364,26.339545,24,9.807927e-04
4365,26.345035,24,9.724884e-04
4366,26.350526,23,9.933294e-04
4367,26.356017,24,9.829045e-04
4368,26.361509,24,9.744023e-04
4369,26.367000,23,9.948778e-04
4370,26.372491,24,9.840345e-04
4371,26.377982,24,9.752202e-04
4372,26.383473,23,9.954730e-04
4373,26.388965,24,9.844329e-04
4374,26.394456,24,9.754964e-04
4375,26.399947,23,9.956819e-04
4376,26.405439,24,9.845722e-04
4377,26.410930,24,9.755829e-04
4378,26.416422,23,9.957455e-04
4379,26.421913,24,9.846596e-04
4380,26.427405,24,9.756970e-04
4381,26.432897,23,9.958389e-04
4382,26.438388,24,9.847693e-04
4383,26.443880,24,9.757945e-04
4384,26.449372,23,9.959119e-04
4385,26.454864,24,9.849385e-04
4386,26.460356,24,9.759742e-04
4387,26.465848,23,9.960151e-04
4388,26.471340,24,9.850789e-04
4389,26.476832,24,9.760832e-04
4390,26.482324,23,9.960333e-04
4391,26.487816,24,9.851587e-04
4392,26.493308,24,9.761565e-04
4393,26.498800,23,9.960149e-04
4394,26.504293,24,9.852129e-04
4395,26.509785,24,9.761710e-04
4396,26.515277,23,9.958911e-04
4397,26.520770,24,9.851628e-04
4398,26.526262,24,9.762279e-04
4399,26.531754,23,9.959202e-04
4400,26.537247,24,9.852348e-04
4401,26.542740,24,9.761861e-04
4402,26.548232,23,9.958314e-04
4403,26.553725,24,9.852799e-04
4404,26.559218,24,9.762460e-04
4405,26.564710,23,9.957876e-04
4406,26.570203,24,9.853119e-04
4407,26.575696,24,9.762456e-04
4408,26.581189,23,9.956768e-04
4409,26.586682,24,9.853077e-04
4410,26.592175,24,9.762483e-04
4411,26.597668,23,9.956123e-04
4412,26.603161,24,9.853099e-04
4413,26.608654,24,9.762357e-04
4414,26.614147,23,9.955397e-04
4415,26.619640,24,9.853143e-04
4416,26.625133,24,9.762633e-04
4417,26.630627,23,9.955462e-04
4418,26.636120,24,9.854077e-04
4419,26.641613,24,9.763788e-04
4420,26.647107,23,9.956465e-04
4421,26.652600,24,9.855981e-04
4422,26.658094,24,9.765844e-04
4423,26.663587,23,9.958421e-04
4424,26.669081,24,9.857823e-04
4425,26.674574,24,9.767553e-04
4426,26.680068,23,9.960251e-04
4427,26.685562,24,9.859702e-04
4428,26.691056,24,9.769547e-04
4429,26.696549,23,9.962752e-04
4430,26.702043,24,9.862136e-04
4431,26.707537,24,9.772053e-04
4432,26.713031,23,9.965920e-04
4433,26.718525,24,9.864844e-04
4434,26.724019,24,9.775110e-04
4435,26.729513,23,9.970251e-04
4436,26.735007,24,9.868752e-04
4437,26.740502,24,9.779164e-04
4438,26.745996,23,9.975842e-04
4439,26.751490,24,9.873731e-04
4440,26.756984,24,9.784925e-04
4441,26.762479,23,9.983498e-04
4442,26.767973,24,9.879781e-04
4443,26.773467,24,9.790795e-04
4444,26.778962,23,9.991208e-04
4445,26.784456,24,9.887076e-04
4446,26.789951,24,9.798806e-04
4447,26.795446,24,9.719776e-04
4448,26.800940,23,9.960842e-04
4449,26.806435,24,9.883300e-04
4450,26.811930,24,9.813032e-04
4451,26.817425,24,9.739455e-04
4452,26.822919,23,9.980756e-04
4453,26.828414,24,9.899064e-04
4454,26.833909,24,9.827058e-04
4455,26.839404,24,9.752659e-04
4456,26.844899,24,9.708922e-04
4457,26.850394,23,9.989367e-04
4458,26.855889,24,9.920052e-04
4459,26.861385,24,9.854543e-04
4460,26.866880,24,9.780524e-04
4461,26.872375,24,9.734832e-04
4462,26.877870,24,9.720261e-04
4463,26.883366,24,9.724655e-04
4464,26.888861,24,9.736451e-04
4465,26.894356,24,9.749106e-04
4466,26.899852,24,9.760215e-04
4467,26.905347,24,9.784713e-04
4468,26.910843,24,9.796210e-04
4469,26.916339,24,9.803630e-04
4470,26.921834,24,9.810457e-04
4471,26.927330,24,9.817010e-04
4472,26.932826,24,9.823318e-04
4473,26.938322,24,9.829630e-04
4474,26.943817,24,9.836037e-04
4475,26.949313,24,9.833589e-04
4476,26.954809,24,9.827175e-04
4477,26.960305,24,9.831206e-04
4478,26.965801,24,9.835289e-04
4479,26.971297,24,9.839295e-04
4480,26.976793,24,9.843253e-04
4481,26.982290,24,9.847176e-04
4482,26.987786,24,9.850988e-04
4483,26.993282,24,9.854658e-04
4484,26.998778,24,9.858217e-04
4485,27.004275,24,9.861760e-04
4486,27.009771,24,9.865447e-04
4487,27.015267,24,9.869238e-04
4488,27.020764,24,9.873277e-04
4489,27.026261,24,9.877398e-04
4490,27.031757,24,9.881475e-04
4491,27.037254,24,9.885420e-04
4492,27.042750,24,9.889177e-04
4493,27.048247,24,9.893065e-04
4494,27.053744,24,9.897008e-04
4495,27.059241,24,9.900838e-04
4496,27.064738,24,9.904485e-04
4497,27.070234,24,9.907945e-04
4498,27.075731,24,9.911230e-04
4499,27.081228,24,9.914348e-04
4500,27.086725,24,9.917320e-04
4501,27.092223,24,9.920187e-04
4502,27.097720,24,9.923030e-04
4503,27.103217,24,9.925759e-04
4504,27.108714,24,9.928531e-04
4505,27.114211,24,9.934070e-04
4506,27.119709,24,9.948712e-04
4507,27.125206,24,9.958807e-04
4508,27.130704,24,9.963484e-04
4509,27.136201,24,9.968047e-04
4510,27.141698,24,9.972464e-04
4511,27.147196,24,9.977328e-04
4512,27.152694,24,9.982228e-04
4513,27.158191,24,9.986784e-04
4514,27.163689,24,9.990915e-04
4515,27.169187,24,9.994582e-04
4516,27.174685,24,9.997788e-04
4517,27.180182,25,9.667367e-04
4518,27.185680,24,9.796877e-04
4519,27.191178,24,9.873016e-04
4520,27.196676,24,9.957072e-04
4521,27.202174,25,9.675698e-04
4522,27.207672,24,9.830941e-04
4523,27.213171,24,9.910161e-04
4524,27.218669,24,9.988856e-04
4525,27.224167,25,9.698537e-04
4526,27.229665,24,9.849104e-04
4527,27.235164,24,9.922889e-04
4528,27.240662,24,9.997414e-04
4529,27.246161,25,9.702973e-04
4530,27.251659,24,9.853461e-04
4531,27.257158,24,9.926304e-04
4532,27.262656,25,9.659069e-04
4533,27.268155,24,9.840028e-04
4534,27.273653,24,9.929824e-04
4535,27.279152,25,9.667721e-04
4536,27.284651,24,9.849623e-04
4537,27.290150,24,9.938968e-04
4538,27.295649,25,9.673172e-04
4539,27.301148,24,9.853145e-04
4540,27.306647,24,9.939172e-04
4541,27.312146,25,9.671124e-04
4542,27.317645,24,9.850428e-04
4543,27.323144,24,9.936761e-04
4544,27.328643,25,9.671541e-04
4545,27.334142,24,9.846088e-04
4546,27.339641,24,9.906420e-04
4547,27.345141,24,9.986296e-04
4548,27.350640,25,9.698280e-04
4549,27.356140,24,9.839608e-04
4550,27.361639,24,9.910602e-04
4551,27.367139,24,9.983145e-04
4552,27.372638,25,9.692261e-04
4553,27.378138,24,9.836672e-04
4554,27.383638,24,9.909475e-04
4555,27.389137,24,9.983498e-04
4556,27.394637,25,9.692026e-04
4557,27.400137,24,9.838952e-04
4558,27.405637,24,9.912761e-04
4559,27.411137,24,9.961627e-04
4560,27.416637,25,9.673731e-04
4561,27.422137,24,9.808258e-04
4562,27.427637,24,9.877687e-04
4563,27.433137,24,9.947973e-04
4564,27.438637,24,9.990059e-04
4565,27.444138,25,9.679391e-04
4566,27.449638,24,9.790210e-04
4567,27.455138,24,9.852715e-04
4568,27.460639,24,9.922405e-04
4569,27.466139,24,9.965947e-04
4570,27.471640,24,9.980301e-04
4571,27.477140,24,9.976547e-04
4572,27.482641,24,9.965726e-04
4573,27.488141,24,9.954098e-04
4574,27.493642,24,9.943866e-04
4575,27.499143,24,9.935389e-04
4576,27.504644,24,9.928274e-04
4577,27.510145,24,9.922223e-04
4578,27.515646,24,9.916980e-04
4579,27.521147,24,9.912416e-04
4580,27.526648,24,9.908387e-04
4581,27.532149,24,9.904802e-04
4582,27.537650,24,9.901784e-04
4583,27.543151,24,9.898884e-04
4584,27.548652,24,9.896107e-04
4585,27.554154,24,9.892068e-04
4586,27.559655,24,9.887835e-04
4587,27.565156,24,9.883807e-04
4588,27.570658,24,9.880056e-04
4589,27.576159,24,9.876563e-04
4590,27.581661,24,9.873353e-04
4591,27.587163,24,9.870361e-04
4592,27.592664,24,9.867445e-04
4593,27.598166,24,9.864595e-04
4594,27.603668,24,9.861754e-04
4595,27.609170,24,9.858909e-04
4596,27.614671,24,9.856014e-04
4597,27.620173,24,9.853061e-04
4598,27.625675,24,9.850281e-04
4599,27.631177,24,9.847981e-04
4600,27.636680,24,9.845829e-04
4601,27.642182,24,9.843707e-04
4602,27.647684,24,9.841763e-04
4603,27.653186,24,9.839906e-04
4604,27.658689,24,9.838067e-04
4605,27.664191,24,9.836368e-04
4606,27.669693,24,9.834707e-04
4607,27.675196,24,9.833000e-04
4608,27.680699,24,9.831238e-04
4609,27.686201,24,9.829508e-04
4610,27.691704,24,9.827886e-04
4611,27.697207,24,9.826343e-04
4612,27.702709,24,9.824868e-04
4613,27.708212,24,9.823502e-04
4614,27.713715,24,9.822190e-04
4615,27.719218,24,9.821430e-04
4616,27.724721,24,9.820821e-04
4617,27.730224,24,9.817872e-04
4618,27.735727,24,9.817477e-04
4619,27.741230,24,9.817801e-04
4620,27.746733,24,9.817579e-04
4621,27.752237,24,9.816918e-04
4622,27.757740,24,9.816295e-04
4623,27.763243,24,9.813178e-04
4624,27.768747,24,9.811836e-04
4625,27.774250,24,9.811712e-04
4626,27.779754,24,9.811740e-04
4627,27.785258,24,9.811830e-04
4628,27.790761,24,9.811878e-04
4629,27.796265,24,9.811918e-04
4630,27.801769,24,9.811869e-04
4631,27.807273,24,9.812182e-04
4632,27.812776,24,9.812980e-04
4633,27.818280,24,9.813701e-04
4634,27.823784,24,9.814256e-04
4635,27.829288,24,9.814596e-04
4636,27.834792,24,9.814836e-04
4637,27.840297,24,9.815195e-04
4638,27.845801,24,9.815490e-04
4639,27.851305,24,9.815837e-04
4640,27.856809,24,9.816179e-04
4641,27.862314,24,9.816503e-04
4642,27.867818,24,9.816850e-04
4643,27.873323,24,9.817252e-04
4644,27.878827,24,9.816652e-04
4645,27.884332,24,9.817264e-04
4646,27.889837,24,9.817779e-04
4647,27.895341,24,9.818832e-04
4648,27.900846,24,9.820319e-04
4649,27.906351,24,9.821406e-04
4650,27.911856,24,9.822414e-04
4651,27.917361,24,9.823362e-04
4652,27.922866,24,9.823978e-04
4653,27.928371,24,9.824398e-04
4654,27.933876,24,9.824556e-04
4655,27.939381,24,9.824495e-04
4656,27.944886,24,9.824457e-04
4657,27.950392,24,9.824360e-04
4658,27.955897,24,9.824414e-04
4659,27.961402,24,9.824491e-04
4660,27.966908,24,9.824599e-04
4661,27.972413,24,9.824730e-04
4662,27.977919,24,9.824777e-04
4663,27.983424,24,9.825037e-04
4664,27.988930,24,9.825305e-04
4665,27.994436,24,9.825700e-04
4666,27.999942,24,9.826088e-04
4667,28.005447,24,9.826269e-04
4668,28.010953,24,9.826192e-04
4669,28.016459,24,9.826053e-04
4670,28.021965,24,9.825811e-04
4671,28.027471,24,9.825201e-04
4672,28.032978,24,9.824676e-04
4673,28.038484,24,9.824106e-04
4674,28.043990,24,9.823646e-04
4675,28.049496,24,9.823444e-04
4676,28.055003,24,9.823107e-04
4677,28.060509,24,9.822719e-04
4678,28.066015,24,9.822370e-04
4679,28.071522,24,9.822208e-04
4680,28.077028,24,9.822086e-04
4681,28.082535,24,9.821935e-04
4682,28.088042,24,9.832459e-04
4683,28.093548,24,9.836977e-04
4684,28.099055,24,9.838686e-04
4685,28.104562,24,9.839842e-04
4686,28.110069,24,9.840299e-04
4687,28.115576,24,9.840610e-04
4688,28.121083,24,9.840754e-04
4689,28.126590,24,9.840898e-04
4690,28.132097,24,9.840981e-04
4691,28.137604,24,9.841264e-04
4692,28.143111,24,9.841593e-04
4693,28.148619,24,9.841913e-04
4694,28.154126,24,9.842422e-04
4695,28.159633,24,9.842886e-04
4696,28.165141,24,9.842995e-04
4697,28.170648,24,9.842659e-04
4698,28.176156,24,9.842233e-04
4699,28.181664,24,9.841673e-04
4700,28.187171,24,9.840959e-04
4701,28.192679,24,9.840251e-04
4702,28.198187,24,9.839471e-04
4703,28.203695,24,9.838625e-04
4704,28.209202,24,9.837617e-04
4705,28.214710,24,9.836570e-04
4706,28.220218,24,9.835429e-04
4707,28.225726,24,9.834329e-04
4708,28.231235,24,9.833258e-04
4709,28.236743,24,9.832206e-04
4710,28.242251,24,9.831254e-04
4711,28.247759,24,9.830219e-04
4712,28.253267,24,9.829099e-04
4713,28.258776,24,9.827942e-04
4714,28.264284,24,9.826920e-04
4715,28.269793,24,9.825911e-04
4716,28.275301,24,9.825487e-04
4717,28.280810,24,9.826958e-04
4718,28.286319,24,9.825674e-04
4719,28.291827,24,9.824292e-04
4720,28.297336,24,9.822889e-04
4721,28.302845,24,9.821565e-04
4722,28.308354,24,9.820280e-04
4723,28.313863,24,9.819032e-04
4724,28.319372,24,9.817935e-04
4725,28.324881,24,9.816950e-04
4726,28.330390,24,9.816173e-04
4727,28.335899,24,9.815385e-04
4728,28.341408,24,9.812363e-04
4729,28.346917,24,9.809993e-04
4730,28.352427,24,9.808875e-04
4731,28.357936,24,9.807770e-04
4732,28.363445,24,9.806699e-04
4733,28.368955,24,9.805669e-04
4734,28.374464,24,9.804633e-04
4735,28.379974,24,9.803535e-04
4736,28.385484,24,9.802437e-04
4737,28.390993,24,9.801428e-04
4738,28.396503,24,9.800448e-04
4739,28.402013,24,9.799601e-04
4740,28.407523,24,9.798982e-04
4741,28.413033,24,9.798593e-04
4742,28.418542,24,9.798419e-04
4743,28.424052,24,9.798335e-04
4744,28.429563,24,9.798196e-04
4745,28.435073,24,9.798074e-04
4746,28.440583,24,9.797965e-04
4747,28.446093,24,9.797969e-04
4748,28.451603,24,9.794158e-04
4749,28.457114,24,9.793977e-04
4750,28.462624,24,9.794164e-04
4751,28.468135,24,9.794497e-04
4752,28.473645,24,9.794889e-04
4753,28.479156,24,9.795416e-04
4754,28.484666,24,9.795907e-04
4755,28.490177,24,9.796301e-04
4756,28.495688,24,9.796838e-04
4757,28.501198,24,9.808509e-04
4758,28.506709,24,9.827788e-04
4759,28.512220,24,9.830384e-04
4760,28.517731,24,9.833143e-04
4761,28.523242,24,9.836164e-04
4762,28.528753,24,9.839389e-04
4763,28.534264,24,9.842995e-04
4764,28.539775,24,9.846771e-04
4765,28.545286,24,9.850878e-04
4766,28.550798,24,9.855253e-04
4767,28.556309,24,9.859821e-04
4768,28.561820,24,9.864507e-04
4769,28.567332,24,9.869289e-04
4770,28.572843,24,9.874248e-04
4771,28.578355,24,9.879453e-04
4772,28.583866,24,9.884946e-04
4773,28.589378,24,9.890715e-04
4774,28.594890,24,9.897638e-04
4775,28.600401,24,9.904492e-04
4776,28.605913,24,9.911040e-04
4777,28.611425,24,9.917756e-04
4778,28.616937,24,9.924568e-04
4779,28.622449,24,9.931507e-04
4780,28.627961,24,9.938620e-04
4781,28.633473,24,9.945855e-04
4782,28.638985,24,9.953286e-04
4783,28.644497,24,9.960773e-04
4784,28.650010,24,9.968468e-04
4785,28.655522,24,9.976281e-04
4786,28.661034,24,9.984211e-04
4787,28.666547,24,9.992344e-04
4788,28.672059,25,9.676136e-04
4789,28.677572,24,9.801685e-04
4790,28.683084,24,9.885127e-04
4791,28.688597,24,9.973740e-04
4792,28.694109,25,9.700130e-04
4793,28.699622,24,9.866270e-04
4794,28.705135,24,9.955466e-04
4795,28.710648,25,9.696365e-04
4796,28.716161,24,9.891328e-04
4797,28.721674,24,9.992989e-04
4798,28.727187,25,9.728448e-04
4799,28.732700,24,9.930294e-04
4800,28.738213,25,9.671338e-04
4801,28.743726,24,9.911868e-04
4802,28.749239,25,9.674276e-04
4803,28.754752,24,9.940969e-04
4804,28.760266,25,9.703120e-04
4805,28.765779,24,9.972895e-04
4806,28.771293,25,9.724307e-04
4807,28.776806,24,9.998095e-04
4808,28.782320,25,9.742135e-04
4809,28.787833,25,9.636645e-04
4810,28.793347,24,9.948225e-04
4811,28.798861,25,9.725003e-04
4812,28.804374,25,9.652088e-04
4813,28.809888,24,9.988877e-04
4814,28.815402,25,9.760963e-04
4815,28.820916,25,9.686273e-04
4816,28.826430,25,9.623357e-04
4817,28.831944,25,9.592623e-04
4818,28.837458,24,9.999977e-04
4819,28.842972,25,9.794184e-04
4820,28.848487,25,9.736330e-04
4821,28.854001,25,9.676765e-04
4822,28.859515,25,9.643438e-04
4823,28.865029,25,9.635665e-04
4824,28.870544,25,9.642743e-04
4825,28.876058,25,9.630171e-04
4826,28.881573,25,9.626665e-04
4827,28.887088,25,9.631554e-04
4828,28.892602,25,9.634610e-04
4829,28.898117,25,9.635760e-04
4830,28.903632,25,9.635281e-04
4831,28.909147,25,9.633473e-04
4832,28.914661,25,9.630920e-04
4833,28.920176,25,9.628045e-04
4834,28.925691,25,9.625134e-04
4835,28.931207,25,9.622137e-04
4836,28.936722,25,9.618922e-04
4837,28.942237,25,9.615293e-04
4838,28.947752,25,9.611149e-04
4839,28.953267,25,9.606751e-04
4840,28.958783,25,9.602143e-04
4841,28.964298,24,9.999052e-04
4842,28.969814,25,9.788319e-04
4843,28.975329,25,9.709211e-04
4844,28.980845,25,9.628481e-04
4845,28.986360,24,9.969321e-04
4846,28.991876,25,9.746625e-04
4847,28.997392,25,9.664622e-04
4848,29.002908,24,9.975205e-04
4849,29.008424,25,9.735988e-04
4850,29.013939,25,9.637488e-04
4851,29.019455,24,9.936189e-04
4852,29.024971,25,9.706415e-04
4853,29.030488,24,9.988709e-04
4854,29.036004,25,9.731471e-04
4855,29.041520,24,9.981671e-04
4856,29.047036,25,9.717544e-04
4857,29.052553,24,9.958923e-04
4858,29.058069,25,9.699381e-04
4859,29.063586,24,9.938396e-04
4860,29.069102,25,9.685073e-04
4861,29.074619,24,9.921258e-04
4862,29.080135,25,9.673140e-04
4863,29.085652,24,9.905269e-04
4864,29.091169,25,9.661451e-04
4865,29.096686,24,9.889297e-04
4866,29.102203,24,9.999122e-04
4867,29.107719,25,9.731452e-04
4868,29.113236,24,9.907721e-04
4869,29.118754,24,9.985288e-04
4870,29.124271,25,9.708627e-04
4871,29.129788,24,9.874605e-04
4872,29.135305,24,9.953722e-04
4873,29.140822,25,9.685630e-04
4874,29.146340,24,9.848092e-04
4875,29.151857,24,9.929482e-04
4876,29.157375,24,9.998238e-04
4877,29.162892,25,9.706093e-04
4878,29.168410,24,9.831265e-04
4879,29.173928,24,9.897160e-04
4880,29.179445,24,9.961392e-04
4881,29.184963,24,9.997991e-04
4882,29.190481,25,9.689068e-04
4883,29.195999,24,9.791179e-04
4884,29.201517,24,9.854345e-04
4885,29.207035,24,9.920875e-04
4886,29.212553,24,9.960982e-04
4887,29.218071,24,9.973510e-04
4888,29.223590,24,9.969052e-04
4889,29.229108,24,9.957900e-04
4890,29.234626,24,9.945625e-04
4891,29.240145,24,9.933929e-04
4892,29.245663,24,9.923912e-04
4893,29.251182,24,9.915716e-04
4894,29.256701,24,9.908985e-04
4895,29.262219,24,9.903463e-04
4896,29.267738,24,9.898526e-04
4897,29.273257,24,9.893883e-04
4898,29.278776,24,9.889337e-04
4899,29.284295,24,9.884976e-04
4900,29.289814,24,9.880967e-04
4901,29.295333,24,9.877338e-04
4902,29.300852,24,9.874436e-04
4903,29.306371,24,9.872075e-04
4904,29.311890,24,9.870320e-04
4905,29.317410,24,9.868129e-04
4906,29.322929,24,9.865662e-04
4907,29.328449,24,9.862866e-04
4908,29.333968,24,9.859884e-04
4909,29.339488,24,9.856783e-04
4910,29.345007,24,9.853688e-04
4911,29.350527,24,9.850836e-04
4912,29.356047,24,9.848216e-04
4913,29.361567,24,9.845943e-04
4914,29.367087,24,9.844024e-04
4915,29.372607,24,9.842311e-04
4916,29.378127,24,9.840859e-04
4917,29.383647,24,9.839756e-04
4918,29.389167,24,9.838989e-04
4919,29.394687,24,9.838250e-04
4920,29.400208,24,9.837549e-04
4921,29.405728,24,9.836779e-04
4922,29.411248,24,9.836385e-04
4923,29.416769,24,9.832780e-04
4924,29.422290,24,9.831272e-04
4925,29.427810,24,9.831041e-04
4926,29.433331,24,9.830496e-04
4927,29.438852,24,9.830088e-04
4928,29.444373,24,9.829825e-04
4929,29.449893,24,9.829786e-04
4930,29.455414,24,9.829836e-04
4931,29.460935,24,9.829899e-04
4932,29.466457,24,9.830045e-04
4933,29.471978,24,9.830137e-04
4934,29.477499,24,9.830174e-04
4935,29.483020,24,9.829994e-04
4936,29.488542,24,9.829820e-04
4937,29.494063,24,9.829578e-04
4938,29.499585,24,9.843112e-04
4939,29.505106,24,9.847266e-04
4940,29.510628,24,9.848516e-04
4941,29.516150,24,9.849625e-04
4942,29.521671,24,9.850603e-04
4943,29.527193,24,9.851427e-04
4944,29.532715,24,9.852109e-04
4945,29.538237,24,9.852731e-04
4946,29.543759,24,9.853300e-04
4947,29.549281,24,9.853904e-04
4948,29.554803,24,9.854630e-04
4949,29.560326,24,9.855112e-04
4950,29.565848,24,9.855309e-04
4951,29.571370,24,9.855209e-04
4952,29.576893,24,9.854832e-04
4953,29.582415,24,9.854267e-04
4954,29.587938,24,9.854005e-04
4955,29.593460,24,9.853154e-04
4956,29.598983,24,9.852107e-04
4957,29.604506,24,9.850958e-04
4958,29.610029,24,9.849702e-04
4959,29.615552,24,9.848319e-04
4960,29.621075,24,9.846807e-04
4961,29.626598,24,9.845166e-04
4962,29.632121,24,9.843443e-04
4963,29.637644,24,9.841659e-04
4964,29.643167,24,9.839841e-04
4965,29.648690,24,9.837857e-04
4966,29.654214,24,9.835688e-04
4967,29.659737,24,9.833442e-04
4968,29.665261,24,9.831090e-04
4969,29.670784,24,9.828651e-04
4970,29.676308,24,9.826004e-04
4971,29.681832,24,9.823296e-04
4972,29.687355,24,9.820536e-04
4973,29.692879,24,9.817767e-04
4974,29.698403,24,9.815015e-04
4975,29.703927,24,9.812309e-04
4976,29.709451,24,9.809519e-04
4977,29.714975,24,9.806875e-04
4978,29.720499,24,9.804380e-04
4979,29.726024,24,9.801898e-04
4980,29.731548,24,9.799488e-04
4981,29.737072,24,9.796953e-04
4982,29.742597,24,9.794356e-04
4983,29.748121,24,9.791634e-04
4984,29.753646,24,9.788977e-04
4985,29.759170,24,9.786374e-04
4986,29.764695,24,9.783806e-04
4987,29.770220,24,9.781277e-04
4988,29.775744,24,9.778943e-04
4989,29.781269,24,9.776690e-04
4990,29.786794,24,9.774552e-04
4991,29.792319,24,9.772420e-04
4992,29.797844,24,9.770514e-04
4993,29.803370,24,9.768899e-04
4994,29.808895,24,9.767572e-04
4995,29.814420,24,9.766319e-04
4996,29.819945,24,9.765086e-04
4997,29.825471,24,9.759396e-04
4998,29.830996,24,9.757459e-04
4999,29.836522,24,9.756350e-04
5000,29.842047,24,9.755384e-04
5001,29.847573,24,9.754603e-04
5002,29.853099,24,9.754002e-04
5003,29.858625,24,9.753563e-04
5004,29.864150,24,9.757342e-04
5005,29.869676,24,9.791971e-04
5006,29.875202,24,9.793879e-04
5007,29.880728,24,9.796053e-04
5008,29.886254,24,9.798780e-04
5009,29.891781,24,9.802103e-04
5010,29.897307,24,9.805876e-04
5011,29.902833,24,9.810251e-04
5012,29.908360,24,9.815175e-04
5013,29.913886,24,9.820671e-04
5014,29.919413,24,9.826655e-04
5015,29.924939,24,9.832956e-04
5016,29.930466,24,9.839668e-04
5017,29.935992,24,9.846644e-04
5018,29.941519,24,9.853919e-04
5019,29.947046,24,9.861548e-04
5020,29.952573,24,9.869508e-04
5021,29.958100,24,9.877859e-04
5022,29.963627,24,9.886574e-04
5023,29.969154,24,9.895948e-04
5024,29.974681,24,9.905978e-04
5025,29.980208,24,9.917256e-04
5026,29.985736,24,9.928466e-04
5027,29.991263,24,9.939664e-04
5028,29.996791,24,9.951321e-04
5029,30.002318,24,9.963269e-04
5030,30.007846,24,9.975592e-04
5031,30.013373,24,9.988213e-04
5032,30.018901,25,9.639049e-04
5033,30.024429,24,9.812220e-04
5034,30.029956,24,9.902418e-04
5035,30.035484,24,9.992665e-04
5036,30.041012,25,9.674578e-04
5037,30.046540,24,9.889948e-04
5038,30.052068,24,9.986077e-04
5039,30.057597,25,9.679596e-04
5040,30.063125,24,9.933627e-04
5041,30.068653,25,9.637508e-04
5042,30.074181,24,9.936442e-04
5043,30.079710,25,9.654547e-04
5044,30.085238,24,9.976623e-04
5045,30.090767,25,9.687337e-04
5046,30.096296,25,9.590134e-04
5047,30.101824,24,9.958354e-04
5048,30.107353,25,9.691048e-04
5049,30.112882,25,9.622445e-04
5050,30.118411,25,9.570974e-04
5051,30.123940,25,9.556146e-04
5052,30.129469,25,9.564822e-04
5053,30.134998,25,9.583741e-04
5054,30.140527,25,9.606587e-04
5055,30.146056,25,9.629052e-04
5056,30.151585,25,9.649569e-04
5057,30.157115,25,9.667905e-04
5058,30.162644,25,9.684403e-04
5059,30.168174,25,9.699644e-04
5060,30.173703,25,9.713533e-04
5061,30.179233,25,9.689466e-04
5062,30.184762,25,9.677884e-04
5063,30.190292,25,9.677973e-04
5064,30.195822,25,9.676816e-04
5065,30.201352,25,9.674744e-04
5066,30.206882,25,9.672137e-04
5067,30.212412,25,9.669343e-04
5068,30.217942,25,9.666547e-04
5069,30.223472,25,9.663943e-04
5070,30.229002,25,9.660761e-04
5071,30.234533,25,9.649730e-04
5072,30.240063,25,9.644831e-04
5073,30.245593,25,9.640015e-04
5074,30.251124,25,9.635383e-04
5075,30.256654,25,9.631249e-04
5076,30.262185,25,9.627465e-04
5077,30.267716,25,9.623309e-04
5078,30.273247,25,9.618087e-04
5079,30.278777,25,9.610984e-04
5080,30.284308,25,9.601960e-04
5081,30.289839,25,9.591844e-04
5082,30.295370,25,9.581023e-04
5083,30.300902,25,9.570163e-04
5084,30.306433,25,9.559941e-04
5085,30.311964,25,9.550404e-04
5086,30.317495,25,9.541482e-04
5087,30.323027,25,9.533102e-04
5088,30.328558,24,9.990891e-04
5089,30.334090,25,9.704807e-04
5090,30.339621,25,9.622390e-04
5091,30.345153,25,9.543600e-04
5092,30.350685,24,9.948302e-04
5093,30.356217,25,9.655071e-04
5094,30.361748,25,9.569651e-04
5095,30.367280,24,9.943017e-04
5096,30.372812,25,9.636647e-04
5097,30.378344,24,9.986384e-04
5098,30.383877,25,9.652586e-04
5099,30.389409,24,9.975194e-04
5100,30.394941,25,9.634605e-04
5101,30.400474,24,9.952503e-04
5102,30.406006,25,9.616280e-04
5103,30.411539,24,9.934800e-04
5104,30.417071,25,9.603278e-04
5105,30.422604,24,9.919947e-04
5106,30.428137,25,9.591299e-04
5107,30.433669,24,9.908788e-04
5108,30.439202,25,9.583090e-04
5109,30.444735,24,9.901190e-04
5110,30.450268,25,9.577797e-04
5111,30.455801,24,9.896990e-04
5112,30.461334,25,9.574978e-04
5113,30.466868,24,9.895060e-04
5114,30.472401,25,9.573373e-04
5115,30.477934,24,9.894954e-04
5116,30.483468,25,9.567838e-04
5117,30.489001,24,9.864660e-04
5118,30.494535,24,9.971790e-04
5119,30.500069,25,9.620709e-04
5120,30.505602,24,9.884459e-04
5121,30.511136,24,9.960160e-04
5122,30.516670,25,9.596751e-04
5123,30.522204,24,9.853955e-04
5124,30.527738,24,9.932337e-04
5125,30.533272,24,9.995181e-04
5126,30.538806,25,9.608356e-04
5127,30.544341,24,9.839584e-04
5128,30.549875,24,9.906867e-04
5129,30.555409,24,9.965963e-04
5130,30.560944,24,9.997267e-04
5131,30.566478,25,9.591224e-04
5132,30.572013,24,9.802845e-04
5133,30.577548,24,9.864064e-04
5134,30.583082,24,9.921221e-04
5135,30.588617,24,9.952507e-04
5136,30.594152,24,9.960107e-04
5137,30.599687,24,9.953557e-04
5138,30.605222,24,9.940689e-04
5139,30.610757,24,9.926137e-04
5140,30.616293,24,9.912184e-04
5141,30.621828,24,9.899357e-04
5142,30.627363,24,9.887474e-04
5143,30.632899,24,9.876024e-04
5144,30.638434,24,9.864871e-04
5145,30.643970,24,9.854083e-04
5146,30.649505,24,9.843672e-04
5147,30.655041,24,9.833792e-04
5148,30.660577,24,9.824549e-04
5149,30.666113,24,9.815888e-04
5150,30.671649,24,9.807155e-04
5151,30.677185,24,9.797946e-04
5152,30.682721,24,9.788115e-04
5153,30.688257,24,9.777759e-04
5154,30.693793,24,9.767378e-04
5155,30.699330,24,9.756728e-04
5156,30.704866,24,9.745442e-04
5157,30.710402,24,9.734952e-04
5158,30.715939,24,9.724644e-04
5159,30.721476,24,9.714435e-04
5160,30.727012,24,9.704625e-04
5161,30.732549,24,9.695247e-04
5162,30.738086,24,9.686071e-04
5163,30.743623,24,9.693202e-04
5164,30.749160,24,9.692936e-04
5165,30.754697,24,9.685594e-04
5166,30.760234,24,9.678421e-04
5167,30.765771,24,9.671083e-04
5168,30.771309,24,9.663556e-04
5169,30.776846,24,9.656208e-04
5170,30.782384,24,9.649184e-04
5171,30.787921,24,9.642407e-04
5172,30.793459,24,9.635806e-04
5173,30.798997,24,9.628773e-04
5174,30.804534,24,9.622481e-04
5175,30.810072,24,9.616629e-04
5176,30.815610,24,9.610650e-04
5177,30.821148,23,9.997982e-04
5178,30.826686,24,9.802507e-04
5179,30.832224,24,9.717950e-04
5180,30.837763,24,9.637079e-04
5181,30.843301,23,9.970017e-04
5182,30.848839,24,9.761203e-04
5183,30.854378,24,9.671458e-04
5184,30.859916,23,9.972435e-04
5185,30.865455,24,9.747128e-04
5186,30.870994,24,9.645541e-04
5187,30.876532,23,9.939479e-04
5188,30.882071,24,9.720304e-04
5189,30.887610,23,9.997602e-04
5190,30.893149,24,9.750538e-04
5191,30.898688,23,9.999900e-04
5192,30.904227,24,9.741797e-04
5193,30.909767,23,9.983006e-04
5194,30.915306,24,9.725536e-04
5195,30.920845,23,9.965734e-04
5196,30.926385,24,9.711117e-04
5197,30.931924,23,9.955308e-04
5198,30.937464,24,9.704253e-04
5199,30.943003,23,9.947683e-04
5200,30.948543,24,9.696984e-04
5201,30.954083,23,9.941701e-04
5202,30.959623,24,9.692960e-04
5203,30.965163,23,9.938864e-04
5204,30.970703,24,9.690810e-04
5205,30.976243,23,9.937338e-04
5206,30.981783,24,9.685236e-04
5207,30.987324,23,9.926138e-04
5208,30.992864,24,9.678968e-04
5209,30.998405,23,9.945783e-04
5210,31.003945,24,9.725980e-04
5211,31.009486,23,9.999415e-04
5212,31.015026,24,9.732801e-04
5213,31.020567,24,9.619395e-04
5214,31.026108,23,9.938999e-04
5215,31.031649,24,9.708011e-04
5216,31.037190,24,9.629191e-04
5217,31.042731,23,9.981353e-04
5218,31.048272,24,9.746629e-04
5219,31.053813,24,9.671277e-04
5220,31.059355,24,9.614204e-04
5221,31.064896,24,9.590932e-04
5222,31.070437,24,9.593437e-04
5223,31.075979,24,9.610338e-04
5224,31.081520,24,9.633558e-04
5225,31.087062,24,9.658907e-04
5226,31.092604,24,9.684933e-04
5227,31.098146,24,9.711310e-04
5228,31.103688,24,9.737740e-04
5229,31.109230,24,9.764279e-04
5230,31.114772,24,9.791275e-04
5231,31.120314,24,9.817446e-04
5232,31.125856,24,9.843445e-04
5233,31.131398,24,9.869767e-04
5234,31.136940,24,9.896539e-04
5235,31.142483,24,9.924418e-04
5236,31.148025,24,9.953927e-04
5237,31.153568,24,9.985447e-04
5238,31.159111,25,9.534776e-04
5239,31.164653,24,9.874341e-04
5240,31.170196,24,9.982215e-04
5241,31.175739,25,9.567632e-04
5242,31.181282,24,9.989723e-04
5243,31.186825,25,9.577951e-04
5244,31.192368,25,9.504082e-04
5245,31.197911,25,9.469881e-04
5246,31.203454,25,9.477388e-04
5247,31.208998,25,9.510647e-04
5248,31.214541,25,9.555671e-04
5249,31.220085,25,9.604066e-04
5250,31.225628,25,9.652031e-04
5251,31.231172,25,9.698054e-04
5252,31.236715,25,9.741954e-04
5253,31.242259,25,9.783936e-04
5254,31.247803,25,9.824256e-04
5255,31.253347,25,9.845724e-04
5256,31.258891,25,9.814224e-04
5257,31.264435,25,9.827524e-04
5258,31.269979,25,9.838598e-04
5259,31.275523,25,9.848293e-04
5260,31.281068,25,9.857066e-04
5261,31.286612,25,9.865264e-04
5262,31.292156,25,9.872925e-04
5263,31.297701,25,9.879257e-04
5264,31.303245,25,9.885075e-04
5265,31.308790,25,9.891831e-04
5266,31.314335,25,9.893101e-04
5267,31.319880,25,9.892086e-04
5268,31.325425,25,9.888608e-04
5269,31.330969,25,9.882891e-04
5270,31.336514,25,9.875334e-04
5271,31.342060,25,9.866098e-04
5272,31.347605,25,9.855245e-04
5273,31.353150,25,9.843030e-04
5274,31.358695,25,9.829555e-04
5275,31.364241,25,9.814842e-04
5276,31.369786,25,9.798863e-04
5277,31.375332,25,9.781869e-04
5278,31.380877,25,9.763958e-04
5279,31.386423,25,9.745162e-04
5280,31.391969,25,9.725508e-04
5281,31.397515,25,9.705099e-04
5282,31.403061,25,9.684111e-04
5283,31.408607,25,9.662671e-04
5284,31.414153,25,9.640632e-04
5285,31.419699,25,9.618019e-04
5286,31.425245,25,9.595073e-04
5287,31.430791,25,9.571968e-04
5288,31.436338,25,9.548910e-04
5289,31.441884,25,9.526017e-04
5290,31.447431,25,9.503274e-04
5291,31.452977,25,9.480657e-04
5292,31.458524,25,9.458207e-04
5293,31.464071,25,9.435989e-04
5294,31.469617,24,9.988933e-04
5295,31.475164,25,9.562276e-04
5296,31.480711,25,9.473719e-04
5297,31.486258,24,9.941921e-04
5298,31.491805,25,9.504995e-04
5299,31.497353,24,9.935903e-04
5300,31.502900,25,9.484385e-04
5301,31.508447,24,9.882706e-04
5302,31.513995,24,9.952392e-04
5303,31.519542,24,9.992336e-04
5304,31.525090,24,9.999166e-04
5305,31.530637,24,9.983603e-04
5306,31.536185,24,9.957140e-04
5307,31.541733,24,9.927583e-04
5308,31.547281,24,9.897491e-04
5309,31.552829,24,9.868737e-04
5310,31.558377,24,9.842432e-04
5311,31.563925,24,9.819095e-04
5312,31.569473,24,9.798976e-04
5313,31.575021,24,9.782266e-04
5314,31.580569,24,9.768322e-04
5315,31.586118,24,9.756291e-04
5316,31.591666,24,9.745130e-04
5317,31.597215,24,9.733929e-04
5318,31.602763,24,9.722248e-04
5319,31.608312,24,9.710172e-04
5320,31.613861,24,9.697742e-04
5321,31.619410,24,9.684231e-04
5322,31.624959,24,9.671995e-04
5323,31.630508,24,9.660603e-04
5324,31.636057,24,9.649846e-04
5325,31.641606,24,9.643298e-04
5326,31.647155,24,9.637229e-04
5327,31.652704,24,9.628694e-04
5328,31.658254,24,9.620608e-04
5329,31.663803,24,9.605377e-04
5330,31.669353,24,9.576016e-04
5331,31.674902,24,9.554636e-04
5332,31.680452,24,9.546224e-04
5333,31.686002,24,9.537736e-04
5334,31.691551,24,9.529566e-04
5335,31.697101,24,9.521438e-04
5336,31.702651,24,9.513693e-04
5337,31.708201,23,9.996675e-04
5338,31.713752,24,9.685829e-04
5339,31.719302,24,9.606075e-04
5340,31.724852,24,9.531808e-04
5341,31.730402,23,9.967831e-04
5342,31.735953,24,9.653144e-04
5343,31.741503,24,9.600497e-04
5344,31.747054,24,9.527654e-04
5345,31.752605,23,9.984259e-04
5346,31.758155,24,9.647263e-04
5347,31.763706,24,9.568364e-04
5348,31.769257,24,9.502126e-04
5349,31.774808,23,9.964154e-04
5350,31.780359,24,9.631901e-04
5351,31.785910,24,9.555130e-04
5352,31.791461,23,9.987325e-04
5353,31.797013,24,9.634584e-04
5354,31.802564,24,9.543830e-04
5355,31.808115,23,9.967963e-04
5356,31.813667,24,9.611963e-04
5357,31.819218,24,9.520459e-04
5358,31.824770,23,9.946406e-04
5359,31.830322,24,9.591679e-04
5360,31.835874,24,9.503616e-04
5361,31.841425,23,9.935246e-04
5362,31.846977,24,9.582543e-04
5363,31.852529,24,9.498041e-04
5364,31.858082,23,9.935704e-04
5365,31.863634,24,9.586518e-04
5366,31.869186,24,9.553135e-04
5367,31.874738,24,9.490142e-04
5368,31.880291,23,9.985487e-04
5369,31.885843,24,9.628497e-04
5370,31.891396,24,9.566938e-04
5371,31.896949,24,9.518737e-04
5372,31.902501,24,9.499548e-04
5373,31.908054,24,9.502713e-04
5374,31.913607,24,9.519327e-04
5375,31.919160,24,9.543222e-04
5376,31.924713,24,9.571144e-04
5377,31.930266,24,9.601846e-04
5378,31.935819,24,9.634703e-04
5379,31.941373,24,9.669147e-04
5380,31.946926,24,9.704569e-04
5381,31.952480,24,9.740605e-04
5382,31.958033,24,9.777650e-04
5383,31.963587,24,9.815984e-04
5384,31.969140,24,9.857026e-04
5385,31.974694,24,9.902219e-04
5386,31.980248,24,9.952144e-04
5387,31.985802,25,9.407467e-04
5388,31.991356,24,9.905838e-04
5389,31.996910,25,9.396643e-04
5390,32.002464,25,9.344933e-04
5391,32.008018,25,9.338264e-04
5392,32.013573,25,9.374476e-04
5393,32.019127,25,9.437207e-04
5394,32.024682,25,9.513538e-04
5395,32.030236,25,9.595135e-04
5396,32.035791,25,9.677481e-04
5397,32.041346,25,9.758169e-04
5398,32.046900,25,9.832857e-04
5399,32.052455,25,9.908322e-04
5400,32.058010,25,9.985193e-04
5401,32.063565,26,9.339757e-04
5402,32.069120,26,9.255203e-04
5403,32.074676,26,9.231683e-04
5404,32.080231,26,9.263887e-04
5405,32.085786,26,9.330668e-04
5406,32.091342,26,9.380495e-04
5407,32.096897,26,9.415260e-04
5408,32.102453,26,9.476414e-04
5409,32.108009,26,9.531470e-04
5410,32.113565,26,9.577882e-04
5411,32.119120,26,9.614754e-04
5412,32.124676,26,9.654676e-04
5413,32.130232,26,9.687903e-04
5414,32.135789,26,9.711418e-04
5415,32.141345,26,9.733005e-04
5416,32.146901,26,9.751632e-04
5417,32.152457,26,9.767181e-04
5418,32.158014,26,9.778388e-04
5419,32.163570,26,9.784292e-04
5420,32.169127,26,9.784723e-04
5421,32.174684,26,9.769167e-04
5422,32.180241,26,9.751677e-04
5423,32.185797,26,9.735573e-04
5424,32.191354,26,9.716491e-04
5425,32.196912,26,9.695047e-04
5426,32.202469,26,9.671770e-04
5427,32.208026,26,9.647042e-04
5428,32.213583,26,9.620963e-04
5429,32.219141,26,9.593620e-04
5430,32.224698,26,9.564990e-04
5431,32.230256,26,9.535135e-04
5432,32.235813,26,9.504066e-04
5433,32.241371,26,9.471825e-04
5434,32.246929,26,9.438468e-04
5435,32.252487,26,9.407414e-04
5436,32.258045,26,9.382540e-04
5437,32.263603,26,9.359990e-04
5438,32.269161,26,9.324009e-04
5439,32.274719,26,9.287036e-04
5440,32.280277,26,9.249273e-04
5441,32.285836,25,9.985569e-04
5442,32.291394,26,9.308072e-04
5443,32.296953,25,9.959539e-04
5444,32.302512,25,9.995431e-04
5445,32.308070,25,9.995510e-04
5446,32.313629,25,9.963574e-04
5447,32.319188,25,9.910845e-04
5448,32.324747,25,9.847951e-04
5449,32.330306,25,9.782339e-04
5450,32.335865,25,9.635614e-04
5451,32.341425,25,9.579138e-04
5452,32.346984,25,9.532650e-04
5453,32.352543,25,9.492127e-04
5454,32.358103,25,9.455224e-04
5455,32.363663,25,9.423992e-04
5456,32.369222,25,9.390752e-04
5457,32.374782,25,9.356279e-04
5458,32.380342,25,9.321229e-04
5459,32.385902,24,9.954951e-04
5460,32.391462,25,9.404383e-04
5461,32.397022,24,9.953933e-04
5462,32.402582,25,9.378772e-04
5463,32.408143,24,9.872127e-04
5464,32.413703,24,9.913006e-04
5465,32.419264,24,9.929060e-04
5466,32.424824,24,9.923009e-04
5467,32.430385,24,9.891789e-04
5468,32.435946,24,9.852573e-04
5469,32.441507,24,9.812195e-04
5470,32.447068,24,9.773483e-04
5471,32.452629,24,9.738565e-04
5472,32.458190,24,9.708775e-04
5473,32.463751,24,9.684539e-04
5474,32.469312,24,9.664470e-04
5475,32.474874,24,9.648745e-04
5476,32.480435,24,9.637314e-04
5477,32.485997,24,9.627953e-04
5478,32.491558,24,9.619938e-04
5479,32.497120,24,9.613059e-04
5480,32.502682,24,9.607429e-04
5481,32.508244,24,9.603180e-04
5482,32.513806,24,9.600973e-04
5483,32.519368,24,9.602070e-04
5484,32.524930,24,9.645787e-04
5485,32.530492,24,9.676497e-04
5486,32.536055,24,9.686011e-04
5487,32.541617,24,9.698170e-04
5488,32.547180,24,9.716374e-04
5489,32.552742,24,9.721518e-04
5490,32.558305,24,9.724327e-04
5491,32.563868,24,9.748219e-04
5492,32.569431,24,9.827826e-04
5493,32.574994,24,9.853904e-04
5494,32.580557,24,9.870903e-04
5495,32.586120,24,9.896997e-04
5496,32.591683,24,9.930660e-04
5497,32.597247,24,9.968143e-04
5498,32.602810,25,9.351292e-04
5499,32.608374,24,9.907464e-04
5500,32.613937,25,9.322281e-04
5501,32.619501,24,9.975101e-04
5502,32.625065,25,9.398620e-04
5503,32.630629,25,9.371658e-04
5504,32.636193,25,9.377579e-04
5505,32.641757,25,9.417450e-04
5506,32.647321,25,9.478845e-04
5507,32.652885,25,9.552992e-04
5508,32.658449,25,9.634769e-04
5509,32.664014,25,9.721242e-04
5510,32.669578,25,9.810894e-04
5511,32.675143,25,9.906413e-04
5512,32.680708,26,9.229895e-04
5513,32.686273,25,9.982057e-04
5514,32.691838,26,9.305197e-04
5515,32.697403,26,9.310812e-04
5516,32.702968,26,9.347631e-04
5517,32.708533,26,9.428351e-04
5518,32.714098,26,9.543261e-04
5519,32.719663,26,9.671607e-04
5520,32.725229,26,9.805870e-04
5521,32.730794,26,9.941608e-04
5522,32.736360,27,9.193178e-04
5523,32.741926,27,9.182412e-04
5524,32.747492,27,9.216817e-04
5525,32.753058,27,9.244220e-04
5526,32.758624,27,9.311013e-04
5527,32.764190,27,9.388494e-04
5528,32.769756,27,9.468149e-04
5529,32.775322,27,9.543616e-04
5530,32.780889,27,9.610481e-04
5531,32.786455,27,9.666809e-04
5532,32.792022,27,9.712988e-04
5533,32.797588,27,9.750679e-04
5534,32.803155,27,9.781738e-04
5535,32.808722,27,9.807612e-04
5536,32.814289,27,9.828965e-04
5537,32.819856,27,9.845916e-04
5538,32.825423,27,9.865586e-04
5539,32.830991,27,9.874772e-04
5540,32.836558,27,9.876212e-04
5541,32.842125,27,9.872246e-04
5542,32.847693,27,9.862686e-04
5543,32.853261,27,9.847662e-04
5544,32.858828,27,9.827440e-04
5545,32.864396,27,9.803599e-04
5546,32.869964,27,9.774777e-04
5547,32.875532,27,9.741707e-04
5548,32.881100,27,9.706988e-04
5549,32.886668,27,9.669635e-04
5550,32.892237,27,9.629175e-04
5551,32.897805,27,9.586286e-04
5552,32.903374,27,9.541215e-04
5553,32.908942,27,9.503458e-04
5554,32.914511,27,9.460869e-04
5555,32.920080,27,9.410210e-04
5556,32.925649,27,9.358774e-04
5557,32.931218,27,9.307320e-04
5558,32.936787,27,9.256309e-04
5559,32.942356,27,9.203263e-04
5560,32.947926,27,9.155231e-04
5561,32.953495,27,9.109113e-04
5562,32.959065,26,9.981423e-04
5563,32.964634,26,9.994027e-04
5564,32.970204,26,9.991412e-04
5565,32.975774,26,9.956874e-04
5566,32.981344,26,9.900595e-04
5567,32.986914,26,9.832910e-04
5568,32.992484,26,9.765103e-04
5569,32.998054,26,9.699918e-04
5570,33.003625,26,9.642081e-04
5571,33.009195,26,9.592652e-04
5572,33.014766,26,9.550280e-04
5573,33.020336,26,9.512248e-04
5574,33.025907,26,9.483457e-04
5575,33.031478,26,9.452611e-04
5576,33.037049,26,9.416967e-04
5577,33.042620,26,9.380836e-04
5578,33.048191,26,9.344901e-04
5579,33.053763,26,9.309935e-04
5580,33.059334,26,9.276752e-04
5581,33.064906,26,9.245950e-04
5582,33.070477,26,9.218008e-04
5583,33.076049,25,9.990382e-04
5584,33.081621,26,9.297581e-04
5585,33.087193,26,9.232184e-04
5586,33.092765,25,9.945091e-04
5587,33.098337,26,9.255640e-04
5588,33.103909,25,9.940427e-04
5589,33.109482,26,9.247463e-04
5590,33.115054,25,9.918456e-04
5591,33.120627,25,9.982630e-04
5592,33.126199,26,9.278591e-04
5593,33.131772,26,9.252511e-04
5594,33.137345,26,9.235762e-04
5595,33.142918,26,9.213511e-04
5596,33.148491,26,9.219987e-04
5597,33.154064,26,9.250602e-04
5598,33.159638,26,9.297562e-04
5599,33.165211,26,9.353654e-04
5600,33.170785,26,9.413951e-04
5601,33.176358,26,9.476666e-04
5602,33.181932,26,9.542823e-04
5603,33.187506,26,9.614896e-04
5604,33.193080,26,9.695538e-04
5605,33.198654,26,9.786732e-04
5606,33.204228,26,9.889536e-04
5607,33.209802,26,9.973263e-04
5608,33.215377,27,9.223344e-04
5609,33.220951,27,9.229392e-04
5610,33.226526,27,9.289621e-04
5611,33.232100,27,9.399167e-04
5612,33.237675,27,9.543939e-04
5613,33.243250,27,9.711008e-04
5614,33.248825,27,9.889220e-04
5615,33.254400,28,9.150727e-04
5616,33.259975,28,9.192922e-04
5617,33.265551,28,9.275577e-04
5618,33.271126,28,9.372355e-04
5619,33.276702,28,9.470225e-04
5620,33.282277,28,9.576051e-04
5621,33.287853,28,9.686949e-04
5622,33.293429,28,9.789804e-04
5623,33.299005,28,9.876404e-04
5624,33.304581,28,9.951682e-04
5625,33.310157,29,9.005539e-04
5626,33.315734,28,9.993996e-04
5627,33.321310,29,9.025347e-04
5628,33.326887,29,9.001514e-04
5629,33.332463,29,8.997689e-04
5630,33.338040,29,9.008952e-04
5631,33.343617,29,9.025875e-04
5632,33.349194,29,9.044951e-04
5633,33.354771,29,9.055404e-04
5634,33.360348,29,9.053293e-04
5635,33.365926,29,9.037907e-04
5636,33.371503,29,9.016815e-04
5637,33.377080,29,8.988106e-04
5638,33.382658,29,8.953721e-04
5639,33.388236,28,9.972062e-04
5640,33.393814,28,9.990014e-04
5641,33.399392,28,9.970633e-04
5642,33.404970,28,9.920293e-04
5643,33.410548,28,9.846402e-04
5644,33.416126,28,9.758337e-04
5645,33.421705,28,9.664250e-04
5646,33.427283,28,9.569884e-04
5647,33.432862,28,9.477682e-04
5648,33.438441,28,9.388030e-04
5649,33.444020,28,9.302250e-04
5650,33.449599,28,9.217338e-04
5651,33.455178,28,9.132318e-04
5652,33.460757,27,9.980690e-04
5653,33.466336,27,9.953576e-04
5654,33.471916,27,9.895144e-04
5655,33.477495,27,9.809607e-04
5656,33.483075,27,9.710537e-04
5657,33.488655,27,9.599003e-04
5658,33.494235,27,9.488915e-04
5659,33.499815,27,9.390177e-04
5660,33.505395,27,9.303693e-04
5661,33.510975,27,9.229109e-04
5662,33.516556,26,9.958300e-04
5663,33.522136,26,9.983276e-04
5664,33.527717,26,9.979473e-04
5665,33.533297,26,9.948609e-04
5666,33.538878,26,9.898829e-04
5667,33.544459,26,9.842156e-04
5668,33.550040,26,9.791925e-04
5669,33.555622,26,9.770796e-04
5670,33.561203,26,9.759717e-04
5671,33.566785,26,9.853036e-04
5672,33.572366,26,9.898185e-04
5673,33.577948,26,9.963841e-04
5674,33.583530,27,9.314629e-04
5675,33.589112,27,9.272288e-04
5676,33.594694,27,9.287290e-04
5677,33.600276,27,9.359551e-04
5678,33.605858,27,9.478002e-04
5679,33.611441,27,9.629875e-04
5680,33.617023,27,9.703416e-04
5681,33.622606,27,9.895645e-04
5682,33.628189,28,9.274316e-04
5683,33.633772,28,9.345888e-04
5684,33.639355,28,9.469673e-04
5685,33.644938,28,9.645199e-04
5686,33.650521,28,9.872388e-04
5687,33.656104,29,9.209060e-04
5688,33.661688,29,9.331199e-04
5689,33.667272,29,9.508226e-04
5690,33.672855,29,9.751984e-04
5691,33.678439,29,9.939327e-04
5692,33.684023,30,9.155758e-04
5693,33.689607,30,9.205679e-04
5694,33.695192,30,9.273728e-04
5695,33.700776,30,9.359732e-04
5696,33.706361,30,9.451996e-04
5697,33.711945,30,9.541426e-04
5698,33.717530,30,9.621493e-04
5699,33.723115,30,9.689228e-04
5700,33.728700,30,9.744520e-04
5701,33.734285,30,9.788698e-04
5702,33.739870,30,9.823180e-04
5703,33.745455,30,9.848854e-04
5704,33.751041,30,9.865911e-04
5705,33.756627,30,9.874125e-04
5706,33.762212,30,9.873075e-04
5707,33.767798,30,9.862543e-04
5708,33.773384,30,9.842388e-04
5709,33.778970,30,9.812643e-04
5710,33.784557,30,9.773629e-04
5711,33.790143,30,9.725766e-04
5712,33.795729,30,9.669600e-04
5713,33.801316,30,9.605866e-04
5714,33.806903,30,9.535247e-04
5715,33.812490,30,9.459439e-04
5716,33.818077,30,9.379151e-04
5717,33.823664,30,9.294839e-04
5718,33.829251,30,9.207304e-04
5719,33.834838,30,9.122665e-04
5720,33.840426,30,9.036288e-04
5721,33.846014,29,9.837029e-04
5722,33.851601,29,9.758041e-04
5723,33.857189,29,9.674716e-04
5724,33.862777,29,9.570443e-04
5725,33.868366,29,9.456662e-04
5726,33.873954,29,9.346049e-04
5727,33.879542,29,9.247892e-04
5728,33.885131,29,9.167585e-04
5729,33.890720,28,9.907746e-04
5730,33.896309,28,9.943878e-04
5731,33.901898,28,9.969421e-04
5732,33.907487,28,9.992764e-04
5733,33.913076,29,9.287664e-04
5734,33.918665,28,9.981581e-04
5735,33.924255,29,9.342892e-04
5736,33.929845,29,9.383603e-04
5737,33.935435,29,9.482289e-04
5738,33.941025,29,9.491861e-04
5739,33.946615,29,9.704312e-04
5740,33.952205,30,9.262943e-04
5741,33.957795,30,9.448788e-04
5742,33.963386,30,9.627263e-04
5743,33.968976,30,9.840950e-04
5744,33.974567,31,9.201339e-04
5745,33.980158,31,9.298900e-04
5746,33.985749,31,9.428852e-04
5747,33.991340,31,9.586520e-04
5748,33.996932,31,9.752839e-04
5749,34.002523,31,9.914274e-04
5750,34.008115,32,9.115350e-04
5751,34.013707,32,9.122091e-04
5752,34.019299,32,9.135723e-04
5753,34.024891,32,9.174453e-04
5754,34.030483,32,9.209330e-04
5755,34.036075,32,9.230754e-04
5756,34.041668,32,9.233871e-04
5757,34.047260,32,9.217102e-04
5758,34.052853,32,9.183668e-04
5759,34.058446,32,9.134436e-04
5760,34.064039,32,9.072254e-04
5761,34.069632,32,9.003069e-04
5762,34.075226,31,9.911249e-04
5763,34.080819,31,9.852677e-04
5764,34.086413,31,9.761165e-04
5765,34.092006,31,9.636794e-04
5766,34.097600,31,9.497417e-04
5767,34.103194,31,9.357630e-04
5768,34.108789,31,9.227552e-04
5769,34.114383,31,9.113322e-04
5770,34.119977,30,9.857253e-04
5771,34.125572,30,9.828198e-04
5772,34.131167,30,9.809912e-04
5773,34.136762,30,9.814631e-04
5774,34.142357,30,9.895526e-04
5775,34.147952,31,9.286204e-04
5776,34.153548,31,9.371947e-04
5777,34.159143,31,9.523666e-04
5778,34.164739,31,9.742272e-04
5779,34.170335,32,9.195081e-04
5780,34.175931,32,9.342824e-04
5781,34.181527,32,9.534484e-04
5782,34.187123,32,9.675449e-04
5783,34.192719,32,9.927093e-04
5784,34.198316,33,9.209247e-04
5785,34.203913,33,9.321700e-04
5786,34.209510,33,9.453150e-04
5787,34.215107,33,9.588836e-04
5788,34.220704,33,9.713889e-04
5789,34.226301,33,9.819489e-04
5790,34.231899,33,9.901035e-04
5791,34.237496,33,9.954982e-04
5792,34.243094,33,9.972911e-04
5793,34.248692,33,9.956378e-04
5794,34.254290,33,9.903064e-04
5795,34.259889,33,9.818667e-04
5796,34.265487,33,9.705309e-04
5797,34.271086,33,9.569743e-04
5798,34.276685,33,9.422276e-04
5799,34.282284,33,9.275035e-04
5800,34.287883,33,9.111487e-04
5801,34.293482,33,9.027363e-04
5802,34.299081,32,9.977659e-04
5803,34.304681,33,9.120344e-04
5804,34.310281,33,9.198894e-04
5805,34.315881,33,9.364157e-04
5806,34.321481,33,9.615432e-04
5807,34.327081,33,9.939043e-04
5808,34.332682,34,9.237566e-04
5809,34.338282,34,9.489608e-04
5810,34.343883,34,9.803987e-04
5811,34.349484,35,9.037022e-04
5812,34.355085,35,9.260414e-04
5813,34.360687,35,9.525395e-04
5814,34.366288,35,9.805013e-04
5815,34.371890,36,8.952943e-04
5816,34.377492,36,9.101559e-04
5817,34.383094,36,9.242999e-04
5818,34.388696,36,9.371221e-04
5819,34.394298,36,9.448218e-04
5820,34.399901,36,9.460609e-04
5821,34.405504,36,9.404567e-04
5822,34.411107,36,9.281450e-04
5823,34.416710,36,9.099583e-04
5824,34.422313,35,9.874321e-04
5825,34.427917,35,9.631524e-04
5826,34.433521,35,9.334940e-04
5827,34.439125,35,9.020496e-04
5828,34.444729,34,9.724163e-04
5829,34.450334,34,9.516504e-04
5830,34.455938,34,9.368356e-04
5831,34.461543,34,9.323938e-04
5832,34.467148,34,9.372572e-04
5833,34.472754,34,9.528945e-04
5834,34.478359,35,8.998721e-04
5835,34.483965,35,9.893517e-04
5836,34.489571,36,9.169959e-04
5837,34.495177,36,9.552689e-04
5838,34.500784,36,9.973131e-04
5839,34.506390,37,9.242290e-04
5840,34.511997,37,9.482241e-04
5841,34.517604,37,9.657195e-04
5842,34.523212,37,9.729810e-04
5843,34.528820,37,9.662522e-04
5844,34.534428,37,9.456477e-04
5845,34.540036,37,9.142376e-04
5846,34.545644,37,8.768295e-04
5847,34.551253,36,9.621062e-04
5848,34.556862,36,9.306332e-04
5849,34.562471,36,9.070398e-04
5850,34.568081,36,8.968492e-04
5851,34.573691,36,9.028295e-04
5852,34.579301,36,9.240075e-04
5853,34.584911,36,9.554462e-04
5854,34.590522,36,9.914231e-04
5855,34.596133,37,9.743382e-04
5856,34.601744,38,9.663904e-04
5857,34.607355,38,9.791878e-04
5858,34.612967,38,9.820752e-04
5859,34.618579,38,9.749262e-04
5860,34.624192,37,9.825427e-04
5861,34.629804,36,9.949374e-04
5862,34.635417,36,9.790267e-04
5863,34.641031,35,9.871454e-04
5864,34.646644,35,9.658943e-04
5865,34.652258,34,9.775528e-04
5866,34.657872,34,9.572440e-04
5867,34.663487,33,9.809934e-04
5868,34.669101,33,9.647010e-04
5869,34.674716,33,9.436634e-04
5870,34.680332,32,9.844084e-04
5871,34.685947,32,9.730314e-04
5872,34.691563,32,9.591965e-04
5873,34.697179,32,9.445667e-04
5874,34.702795,32,9.314764e-04
5875,34.708412,32,9.212195e-04
5876,34.714029,32,9.139518e-04
5877,34.719646,32,9.101280e-04
5878,34.725264,32,9.096160e-04
5879,34.730881,32,9.118384e-04
5880,34.736499,32,9.171326e-04
5881,34.742118,32,9.247778e-04
5882,34.747736,32,9.340948e-04
5883,34.753355,32,9.441531e-04
5884,34.758974,32,9.578720e-04
5885,34.764593,32,9.731670e-04
5886,34.770213,32,9.886923e-04
5887,34.775833,33,8.714383e-04
5888,34.781453,33,8.778850e-04
5889,34.787074,33,8.863444e-04
5890,34.792694,33,8.961803e-04
5891,34.798315,33,9.059925e-04
5892,34.803937,33,9.149573e-04
5893,34.809558,33,9.164028e-04
5894,34.815180,33,9.128399e-04
5895,34.820802,33,9.077117e-04
5896,34.826424,33,9.001478e-04
5897,34.832047,33,8.899566e-04
5898,34.837670,33,8.769706e-04
5899,34.843293,32,9.964663e-04
5900,34.848917,32,9.769806e-04
5901,34.854540,32,9.528442e-04
5902,34.860164,32,9.255362e-04
5903,34.865789,32,8.957226e-04
5904,34.871413,32,8.650721e-04
5905,34.877038,31,9.635343e-04
5906,34.882663,31,9.308210e-04
5907,34.888289,31,8.976005e-04
5908,34.893915,30,9.979303e-04
5909,34.899541,30,9.630368e-04
5910,34.905167,30,9.274474e-04
5911,34.910794,30,8.944176e-04
5912,34.916420,29,9.879158e-04
5913,34.922048,29,9.555760e-04
5914,34.927675,29,9.234809e-04
5915,34.933303,29,8.921383e-04
5916,34.938931,28,9.803101e-04
5917,34.944560,28,9.523644e-04
5918,34.950188,28,9.218974e-04
5919,34.955817,28,8.914198e-04
5920,34.961447,27,9.824639e-04
5921,34.967076,27,9.570369e-04
5922,34.972706,27,9.319307e-04
5923,34.978337,27,9.078537e-04
5924,34.983967,27,8.860897e-04
5925,34.989598,26,9.934435e-04
5926,34.995230,26,9.826004e-04
5927,35.000861,26,9.721354e-04
5928,35.006493,26,9.627744e-04
5929,35.012125,26,9.554195e-04
5930,35.017758,26,9.510824e-04
5931,35.023391,26,9.501214e-04
5932,35.029024,26,9.523824e-04
5933,35.034657,26,9.574429e-04
5934,35.040291,26,9.635754e-04
5935,35.045925,26,9.725964e-04
5936,35.051560,26,9.843815e-04
5937,35.057195,26,9.981501e-04
5938,35.062830,27,8.927653e-04
5939,35.068465,27,8.841225e-04
5940,35.074101,27,8.970271e-04
5941,35.079737,27,9.156180e-04
5942,35.085374,27,9.362492e-04
5943,35.091011,27,9.599206e-04
5944,35.096648,27,9.932815e-04
5945,35.102286,28,8.940206e-04
5946,35.107924,28,9.171280e-04
5947,35.113562,28,9.551919e-04
5948,35.119200,28,9.783527e-04
5949,35.124839,29,8.791607e-04
5950,35.130479,29,8.929543e-04
5951,35.136119,29,9.090099e-04
5952,35.141759,29,9.267846e-04
5953,35.147399,29,9.451901e-04
5954,35.153040,29,9.633065e-04
5955,35.158681,29,9.805955e-04
5956,35.164323,29,9.980551e-04
5957,35.169965,30,8.978715e-04
5958,35.175607,30,9.038236e-04
5959,35.181250,30,9.100894e-04
5960,35.186893,30,9.330323e-04
5961,35.192536,30,9.412028e-04
5962,35.198180,30,9.461194e-04
5963,35.203824,30,9.493408e-04
5964,35.209469,30,9.508585e-04
5965,35.215114,30,9.508907e-04
5966,35.220759,30,9.495058e-04
5967,35.226405,30,9.466874e-04
5968,35.232051,30,9.424095e-04
5969,35.237697,30,9.366899e-04
5970,35.243344,30,9.295897e-04
5971,35.248992,30,9.213164e-04
5972,35.254639,30,9.121291e-04
5973,35.260288,30,9.023926e-04
5974,35.265936,30,8.925194e-04
5975,35.271585,29,9.883985e-04
5976,35.277234,29,9.819523e-04
5977,35.282884,29,9.774236e-04
5978,35.288534,29,9.743176e-04
5979,35.294184,29,9.714527e-04
5980,35.299835,29,9.692377e-04
5981,35.305487,29,9.752470e-04
5982,35.311138,29,9.845622e-04
5983,35.316790,29,9.974581e-04
5984,35.322443,30,9.028590e-04
5985,35.328096,30,9.117510e-04
5986,35.333749,30,9.267239e-04
5987,35.339403,30,9.459396e-04
5988,35.345057,30,9.595132e-04
5989,35.350711,30,9.829718e-04
5990,35.356366,31,8.929914e-04
5991,35.362021,31,9.067817e-04
5992,35.367677,31,9.232845e-04
5993,35.373333,31,9.384037e-04
5994,35.378990,31,9.542160e-04
5995,35.384647,31,9.680361e-04
5996,35.390304,31,9.804749e-04
5997,35.395962,31,9.917121e-04
5998,35.401620,32,8.897148e-04
5999,35.407279,32,8.913660e-04
6000,35.412937,32,8.947851e-04
6001,35.418597,32,8.980810e-04
6002,35.424257,32,8.998194e-04
6003,35.429917,32,8.993251e-04
6004,35.435577,32,8.964814e-04
6005,35.441238,31,9.929235e-04
6006,35.446900,31,9.896876e-04
6007,35.452562,31,9.811630e-04
6008,35.458224,31,9.695552e-04
6009,35.463887,31,9.566326e-04
6010,35.469550,31,9.434731e-04
6011,35.475213,31,9.307182e-04
6012,35.480877,31,9.188341e-04
6013,35.486541,31,9.082550e-04
6014,35.492206,30,9.914096e-04
6015,35.497871,30,9.889198e-04
6016,35.503536,30,9.852175e-04
6017,35.509202,30,9.819159e-04
6018,35.514869,30,9.802242e-04
6019,35.520535,30,9.803152e-04
6020,35.526203,30,9.816202e-04
6021,35.531870,30,9.833467e-04
6022,35.537538,30,9.849611e-04
6023,35.543206,30,9.855580e-04
6024,35.548875,30,9.848712e-04
6025,35.554544,30,9.827247e-04
6026,35.560214,30,9.790199e-04
6027,35.565884,30,9.737639e-04
6028,35.571554,30,9.670574e-04
6029,35.577225,30,9.588715e-04
6030,35.582896,30,9.493366e-04
6031,35.588568,30,9.388080e-04
6032,35.594240,30,9.293004e-04
6033,35.599912,29,9.912669e-04
6034,35.605585,29,9.879821e-04
6035,35.611258,29,9.847284e-04
6036,35.616931,29,9.818028e-04
6037,35.622605,29,9.802768e-04
6038,35.628280,29,9.804261e-04
6039,35.633954,29,9.815751e-04
6040,35.639629,29,9.828708e-04
6041,35.645305,29,9.837850e-04
6042,35.650981,29,9.841224e-04
6043,35.656657,29,9.838135e-04
6044,35.662334,29,9.829453e-04
6045,35.668011,29,9.816719e-04
6046,35.673688,29,9.804854e-04
6047,35.679366,29,9.794269e-04
6048,35.685044,29,9.776884e-04
6049,35.690723,29,9.758457e-04
6050,35.696402,29,9.929863e-04
6051,35.702081,30,8.933336e-04
6052,35.707761,30,8.901702e-04
6053,35.713441,30,8.922538e-04
6054,35.719121,30,8.998726e-04
6055,35.724802,30,9.083189e-04
6056,35.730483,30,9.153035e-04
6057,35.736165,30,9.225366e-04
6058,35.741847,30,9.299890e-04
6059,35.747529,30,9.378818e-04
6060,35.753212,30,9.466331e-04
6061,35.758895,30,9.556314e-04
6062,35.764579,30,9.655505e-04
6063,35.770263,30,9.634469e-04
6064,35.775947,30,9.753726e-04
6065,35.781631,30,9.924258e-04
6066,35.787316,31,8.944005e-04
6067,35.793002,31,9.030815e-04
6068,35.798688,31,9.147359e-04
6069,35.804374,31,9.272762e-04
6070,35.810060,31,9.392621e-04
6071,35.815747,31,9.500569e-04
6072,35.821434,31,9.593203e-04
6073,35.827122,31,9.668195e-04
6074,35.832810,31,9.730378e-04
6075,35.838498,31,9.769436e-04
6076,35.844187,31,9.791581e-04
6077,35.849876,31,9.796426e-04
6078,35.855566,31,9.788559e-04
6079,35.861256,31,9.777996e-04
6080,35.866946,31,9.771404e-04
6081,35.872637,31,9.779421e-04
6082,35.878328,31,9.815555e-04
6083,35.884019,31,9.895803e-04
6084,35.889711,32,8.743262e-04
6085,35.895403,32,9.346866e-04
6086,35.901096,32,9.855386e-04
6087,35.906789,33,9.084975e-04
6088,35.912482,33,9.688811e-04
6089,35.918176,34,9.104253e-04
6090,35.923870,35,8.771505e-04
6091,35.929565,35,9.365389e-04
6092,35.935260,36,8.649283e-04
6093,35.940955,36,9.185534e-04
6094,35.946651,36,9.760089e-04
6095,35.952347,37,8.980749e-04
6096,35.958044,37,9.481170e-04
6097,35.963741,37,9.982162e-04
6098,35.969438,38,9.236114e-04
6099,35.975136,38,9.592954e-04
6100,35.980834,38,9.890688e-04
6101,35.986533,39,9.132843e-04
6102,35.992232,39,9.186512e-04
6103,35.997931,39,9.132871e-04
6104,36.003631,38,9.885331e-04
6105,36.009331,38,9.638058e-04
6106,36.015032,38,9.279038e-04
6107,36.020733,37,9.886436e-04
6108,36.026435,37,9.433887e-04
6109,36.032137,37,9.000927e-04
6110,36.037839,36,9.668763e-04
6111,36.043542,36,9.351261e-04
6112,36.049245,36,9.140687e-04
6113,36.054949,35,9.894356e-04
6114,36.060653,35,9.743828e-04
6115,36.066358,35,9.609391e-04
6116,36.072063,35,9.462014e-04
6117,36.077769,35,9.288273e-04
6118,36.083475,34,9.999750e-04
6119,36.089181,35,9.502666e-04
6120,36.094888,36,9.055762e-04
6121,36.100595,36,9.226780e-04
6122,36.106303,36,9.625123e-04
6123,36.112012,37,8.922221e-04
6124,36.117720,37,9.646268e-04
6125,36.123430,38,9.245382e-04
6126,36.129140,39,9.111862e-04
6127,36.134850,39,9.992415e-04
6128,36.140560,41,9.583325e-04
6129,36.146272,42,9.913613e-04
6130,36.151983,44,9.914992e-04
6131,36.157695,45,9.926296e-04
6132,36.163408,44,9.966655e-04
6133,36.169121,43,9.835287e-04
6134,36.174835,41,9.879349e-04
6135,36.180549,40,9.571022e-04
6136,36.186264,38,9.922843e-04
6137,36.191979,37,9.777422e-04
6138,36.197694,36,9.778588e-04
6139,36.203410,36,8.729419e-04
6140,36.209127,35,9.173824e-04
6141,36.214844,35,8.756451e-04
6142,36.220562,34,9.900574e-04
6143,36.226280,35,9.276411e-04
6144,36.231999,35,9.815955e-04
6145,36.237718,36,9.925090e-04
6146,36.243438,38,9.819348e-04
6147,36.249159,37,9.998628e-04
6148,36.254880,36,9.988633e-04
6149,36.260601,35,9.844457e-04
6150,36.266323,34,9.644337e-04
6151,36.272046,33,9.483711e-04
6152,36.277769,32,9.466281e-04
6153,36.283492,31,9.697058e-04
6154,36.289216,31,9.292507e-04
6155,36.294941,30,9.921461e-04
6156,36.300666,30,9.687161e-04
6157,36.306392,30,9.481209e-04
6158,36.312118,30,9.317580e-04
6159,36.317845,30,9.205654e-04
6160,36.323573,30,9.142464e-04
6161,36.329300,30,9.048873e-04
6162,36.335029,30,9.126145e-04
6163,36.340758,30,9.194076e-04
6164,36.346487,30,9.278327e-04
6165,36.352217,30,9.387302e-04
6166,36.357948,30,9.502552e-04
6167,36.363679,30,9.584581e-04
6168,36.369411,30,9.632158e-04
6169,36.375143,30,9.748944e-04
6170,36.380875,30,9.860347e-04
6171,36.386609,30,9.969847e-04
6172,36.392342,31,8.618740e-04
6173,36.398077,31,8.678916e-04
6174,36.403811,31,8.747381e-04
6175,36.409547,31,8.817161e-04
6176,36.415283,31,8.885384e-04
6177,36.421019,31,8.952432e-04
6178,36.426756,31,9.018179e-04
6179,36.432493,31,9.081337e-04
6180,36.438231,31,9.124414e-04
6181,36.443970,31,9.092391e-04
6182,36.449709,31,9.040345e-04
6183,36.455448,31,8.971314e-04
6184,36.461188,31,8.885910e-04
6185,36.466929,31,8.786899e-04
6186,36.472670,30,9.988520e-04
6187,36.478412,30,9.850893e-04
6188,36.484154,30,9.701206e-04
6189,36.489897,30,9.530687e-04
6190,36.495640,30,9.349139e-04
6191,36.501384,30,9.156379e-04
6192,36.507128,30,8.958071e-04
6193,36.512873,29,9.973240e-04
6194,36.518618,29,9.756239e-04
6195,36.524364,29,9.537114e-04
6196,36.530111,29,9.332063e-04
6197,36.535858,29,9.626896e-04
6198,36.541605,29,9.350614e-04
6199,36.547354,29,9.083899e-04
6200,36.553102,28,9.938549e-04
6201,36.558851,28,9.659391e-04
6202,36.564601,28,9.408611e-04
6203,36.570351,28,9.137835e-04
6204,36.576102,27,9.972283e-04
6205,36.581854,27,9.687124e-04
6206,36.587606,27,9.398104e-04
6207,36.593358,27,9.113322e-04
6208,36.599111,27,8.834551e-04
6209,36.604865,26,9.725349e-04
6210,36.610619,26,9.488077e-04
6211,36.616373,26,9.260365e-04
6212,36.622129,26,9.052507e-04
6213,36.627884,26,8.865821e-04
6214,36.633641,26,8.700139e-04
6215,36.639398,25,9.944516e-04
6216,36.645155,25,9.853557e-04
6217,36.650913,25,9.770603e-04
6218,36.656672,25,9.701394e-04
6219,36.662431,25,9.633296e-04
6220,36.668190,25,9.581233e-04
6221,36.673950,25,9.348774e-04
6222,36.679711,25,9.251830e-04
6223,36.685472,25,9.183929e-04
6224,36.691234,25,9.130067e-04
6225,36.696997,25,9.091047e-04
6226,36.702760,25,9.071529e-04
6227,36.708523,25,9.073048e-04
6228,36.714287,25,9.104580e-04
6229,36.720052,25,9.181884e-04
6230,36.725817,25,9.307011e-04
6231,36.731583,25,9.414784e-04
6232,36.737349,25,9.530990e-04
6233,36.743116,25,9.657634e-04
6234,36.748883,25,9.792758e-04
6235,36.754651,25,9.934655e-04
6236,36.760420,26,8.951259e-04
6237,36.766189,26,9.005635e-04
6238,36.771959,26,9.067676e-04
6239,36.777729,26,9.138987e-04
6240,36.783500,26,9.220349e-04
6241,36.789271,26,9.312172e-04
6242,36.795043,26,9.413634e-04
6243,36.800816,26,9.520426e-04
6244,36.806589,26,9.629987e-04
6245,36.812363,26,9.738625e-04
6246,36.818137,26,9.793591e-04
6247,36.823912,26,9.905593e-04
6248,36.829687,27,8.710277e-04
6249,36.835463,27,8.729411e-04
6250,36.841240,27,8.753053e-04
6251,36.847017,27,9.009818e-04
6252,36.852795,27,9.146523e-04
6253,36.858573,27,9.242634e-04
6254,36.864352,27,9.346220e-04
6255,36.870131,27,9.452543e-04
6256,36.875911,27,9.557586e-04
6257,36.881692,27,9.658380e-04
6258,36.887473,27,9.755416e-04
6259,36.893255,27,9.846577e-04
6260,36.899037,27,9.932226e-04
6261,36.904820,28,8.770851e-04
6262,36.910604,28,8.793866e-04
6263,36.916388,28,8.815184e-04
6264,36.922173,28,8.873214e-04
6265,36.927958,28,9.031203e-04
6266,36.933744,28,9.076507e-04
6267,36.939531,28,9.120598e-04
6268,36.945318,28,9.172676e-04
6269,36.951106,28,9.251540e-04
6270,36.956894,28,9.347939e-04
6271,36.962683,28,9.400786e-04
6272,36.968472,28,9.447394e-04
6273,36.974263,28,9.487269e-04
6274,36.980053,28,9.520478e-04
6275,36.985845,28,9.547462e-04
6276,36.991637,28,9.568994e-04
6277,36.997429,28,9.586007e-04
6278,37.003223,28,9.599508e-04
6279,37.009017,28,9.610530e-04
6280,37.014811,28,9.619879e-04
6281,37.020606,28,9.628099e-04
6282,37.026402,28,9.635044e-04
6283,37.032198,28,9.640015e-04
6284,37.037995,28,9.643269e-04
6285,37.043793,28,9.642570e-04
6286,37.049591,28,9.636079e-04
6287,37.055390,28,9.621814e-04
6288,37.061190,28,9.597979e-04
6289,37.066990,28,9.563124e-04
6290,37.072791,28,9.516459e-04
6291,37.078592,28,9.456906e-04
6292,37.084394,28,9.387648e-04
6293,37.090197,28,9.310013e-04
6294,37.096001,28,9.227116e-04
6295,37.101805,28,9.142957e-04
6296,37.107610,28,9.062567e-04
6297,37.113415,28,8.991090e-04
6298,37.119221,28,8.932142e-04
6299,37.125028,28,8.888569e-04
6300,37.130835,28,8.890851e-04
6301,37.136644,28,8.936950e-04
6302,37.142452,28,8.972276e-04
6303,37.148262,28,9.018306e-04
6304,37.154072,28,9.089944e-04
6305,37.159883,28,9.183863e-04
6306,37.165695,28,9.281893e-04
6307,37.171507,28,9.380723e-04
6308,37.177320,28,9.475951e-04
6309,37.183134,28,9.569279e-04
6310,37.188948,28,9.658874e-04
6311,37.194763,28,9.745742e-04
6312,37.200579,28,9.831675e-04
6313,37.206395,28,9.918650e-04
6314,37.212213,29,8.652993e-04
6315,37.218030,29,8.679239e-04
6316,37.223849,29,8.725952e-04
6317,37.229669,29,8.796075e-04
6318,37.235489,29,8.880066e-04
6319,37.241309,29,8.969170e-04
6320,37.247131,29,9.049108e-04
6321,37.252953,29,9.111918e-04
6322,37.258776,29,9.522784e-04
6323,37.264600,29,9.462243e-04
6324,37.270425,29,9.329210e-04
6325,37.276250,29,9.129872e-04
6326,37.282076,29,8.879758e-04
6327,37.287903,28,9.813859e-04
6328,37.293730,28,9.561427e-04
6329,37.299558,28,9.315134e-04
6330,37.305387,28,9.083412e-04
6331,37.311217,28,8.875972e-04
6332,37.317048,28,8.700564e-04
6333,37.322879,27,9.917314e-04
6334,37.328711,27,9.805474e-04
6335,37.334544,27,9.715562e-04
6336,37.340378,27,9.635769e-04
6337,37.346212,27,9.558231e-04
6338,37.352047,27,9.481470e-04
6339,37.357883,27,9.405780e-04
6340,37.363720,27,9.332046e-04
6341,37.369558,27,9.261714e-04
6342,37.375396,27,8.872433e-04
6343,37.381235,27,8.679025e-04
6344,37.387075,26,9.968970e-04
6345,37.392916,26,9.995477e-04
6346,37.398757,27,8.678531e-04
6347,37.404600,27,8.652226e-04
6348,37.410443,27,8.625581e-04
6349,37.416287,27,8.604843e-04
6350,37.422132,27,8.592625e-04
6351,37.427977,27,8.588861e-04
6352,37.433824,27,8.875410e-04
6353,37.439671,27,8.980620e-04
6354,37.445519,27,9.058294e-04
6355,37.451368,27,9.144275e-04
6356,37.457218,27,9.401486e-04
6357,37.463068,27,9.551137e-04
6358,37.468920,27,9.668054e-04
6359,37.474772,27,9.808799e-04
6360,37.480625,27,9.949136e-04
6361,37.486479,28,8.519829e-04
6362,37.492333,28,8.628520e-04
6363,37.498189,28,8.788082e-04
6364,37.504045,28,8.898837e-04
6365,37.509902,28,9.030578e-04
6366,37.515760,28,9.182200e-04
6367,37.521619,28,9.352245e-04
6368,37.527479,28,9.539662e-04
6369,37.533339,28,9.743857e-04
6370,37.539200,28,9.964526e-04
6371,37.545063,29,8.630150e-04
6372,37.550926,29,8.770173e-04
6373,37.556789,29,8.920176e-04
6374,37.562654,29,9.080935e-04
6375,37.568520,29,9.317216e-04
6376,37.574386,29,9.560158e-04
6377,37.580253,29,9.804134e-04
6378,37.586121,30,8.729742e-04
6379,37.591990,30,8.903676e-04
6380,37.597860,30,9.075467e-04
6381,37.603731,30,9.247265e-04
6382,37.609603,30,9.414834e-04
6383,37.615475,30,9.572793e-04
6384,37.621348,30,9.716117e-04
6385,37.627222,30,9.840712e-04
6386,37.633098,30,9.943899e-04
6387,37.638974,31,8.944147e-04
6388,37.644850,31,8.946305e-04
6389,37.650728,31,8.937541e-04
6390,37.656607,30,9.999012e-04
6391,37.662486,31,8.966952e-04
6392,37.668367,30,9.984129e-04
6393,37.674248,30,9.983228e-04
6394,37.680130,30,9.961811e-04
6395,37.686014,30,9.918605e-04
6396,37.691898,30,9.856327e-04
6397,37.697783,30,9.780165e-04
6398,37.703669,30,9.695974e-04
6399,37.709556,30,9.609540e-04
6400,37.715443,30,9.526009e-04
6401,37.721332,30,9.449746e-04
6402,37.727222,30,9.384326e-04
6403,37.733113,30,9.332531e-04
6404,37.739004,30,9.296515e-04
6405,37.744897,30,9.277787e-04
6406,37.750790,30,9.276071e-04
6407,37.756685,30,9.291879e-04
6408,37.762580,30,9.325223e-04
6409,37.768477,30,9.374780e-04
6410,37.774374,30,9.439078e-04
6411,37.780273,30,9.514194e-04
6412,37.786172,30,9.596457e-04
6413,37.792072,30,9.679541e-04
6414,37.797974,30,9.760865e-04
6415,37.803876,30,9.837406e-04
6416,37.809780,30,9.905600e-04
6417,37.815684,30,9.962145e-04
6418,37.821590,31,9.297472e-04
6419,37.827496,30,9.952011e-04
6420,37.833404,30,9.970854e-04
6421,37.839312,30,9.893948e-04
6422,37.845222,30,9.861438e-04
6423,37.851132,30,9.825782e-04
6424,37.857044,30,9.760615e-04
6425,37.862957,30,9.668352e-04
6426,37.868870,30,9.552709e-04
6427,37.874785,30,9.416455e-04
6428,37.880701,30,9.251476e-04
6429,37.886618,29,9.921885e-04
6430,37.892536,29,9.788749e-04
6431,37.898455,29,9.533249e-04
6432,37.904376,29,9.218849e-04
6433,37.910297,28,9.974424e-04
6434,37.916219,28,9.649505e-04
6435,37.922143,28,9.308752e-04
6436,37.928068,28,8.968944e-04
6437,37.933993,28,8.639231e-04
6438,37.939920,27,9.683097e-04
6439,37.945848,27,9.414787e-04
6440,37.951777,27,9.153281e-04
6441,37.957707,27,8.899783e-04
6442,37.963639,27,8.656249e-04
6443,37.969571,27,8.426086e-04
6444,37.975505,26,9.790464e-04
6445,37.981440,26,9.595047e-04
6446,37.987376,26,9.400137e-04
6447,37.993313,26,9.209833e-04
6448,37.999251,26,9.025243e-04
6449,38.005191,26,8.848537e-04
6450,38.011131,26,8.681581e-04
6451,38.017073,26,8.522001e-04
6452,38.023016,26,8.370058e-04
6453,38.028960,25,9.979569e-04
6454,38.034905,25,9.847476e-04
6455,38.040852,25,9.705806e-04
6456,38.046799,25,9.560387e-04
6457,38.052748,25,9.414357e-04
6458,38.058698,25,9.271548e-04
6459,38.064649,25,9.136347e-04
6460,38.070601,25,9.006318e-04
6461,38.076555,25,8.878744e-04
6462,38.082510,25,8.760611e-04
6463,38.088466,25,8.648125e-04
6464,38.094423,25,8.541077e-04
6465,38.100381,25,8.691610e-04
6466,38.106341,25,8.951571e-04
6467,38.112301,25,8.727524e-04
6468,38.118263,25,8.571504e-04
6469,38.124227,25,8.486318e-04
6470,38.130191,25,8.408439e-04
6471,38.136157,25,8.339164e-04
6472,38.142123,25,8.278972e-04
6473,38.148091,24,9.969495e-04
6474,38.154061,24,9.936482e-04
6475,38.160031,24,9.930304e-04
6476,38.166003,24,9.895281e-04
6477,38.171976,24,9.863661e-04
6478,38.177950,24,9.841159e-04
6479,38.183925,24,9.827152e-04
6480,38.189902,24,9.823522e-04
6481,38.195880,24,9.831266e-04
6482,38.201859,24,9.851383e-04
6483,38.207839,24,9.882524e-04
6484,38.213821,24,9.929856e-04
6485,38.219804,25,8.362399e-04
6486,38.225788,25,8.956271e-04
6487,38.231773,25,9.186284e-04
6488,38.237759,25,9.457308e-04
6489,38.243747,25,9.747670e-04
6490,38.249736,26,8.184733e-04
6491,38.255727,26,8.433920e-04
6492,38.261718,26,8.710130e-04
6493,38.267711,26,9.002671e-04
6494,38.273705,26,9.299788e-04
6495,38.279700,26,9.591786e-04
6496,38.285697,26,9.870730e-04
6497,38.291695,27,8.233732e-04
6498,38.297694,27,8.386435e-04
6499,38.303694,27,8.518915e-04
6500,38.309696,27,8.630270e-04
6501,38.315699,27,8.722610e-04
6502,38.321703,27,8.800241e-04
6503,38.327709,27,8.867684e-04
6504,38.333715,27,8.929426e-04
6505,38.339723,27,8.989040e-04
6506,38.345733,27,9.048765e-04
6507,38.351743,27,9.109047e-04
6508,38.357755,27,9.168660e-04
6509,38.363768,27,9.224980e-04
6510,38.369783,27,9.274339e-04
6511,38.375799,27,9.312659e-04
6512,38.381816,27,9.335436e-04
6513,38.387834,27,9.338157e-04
6514,38.393854,27,9.317441e-04
6515,38.399875,27,9.270202e-04
6516,38.405897,27,9.194323e-04
6517,38.411920,27,9.088642e-04
6518,38.417945,27,8.953014e-04
6519,38.423971,27,8.788194e-04
6520,38.429999,27,8.595965e-04
6521,38.436028,27,8.378817e-04
6522,38.442058,27,8.139954e-04
6523,38.448089,26,9.798273e-04
6524,38.454122,26,9.488274e-04
6525,38.460156,26,9.156316e-04
6526,38.466192,26,8.814533e-04
6527,38.472229,26,8.472153e-04
6528,38.478267,26,8.137082e-04
6529,38.484307,25,9.986287e-04
6530,38.490348,25,9.632315e-04
6531,38.496390,25,9.290812e-04
6532,38.502434,25,8.973733e-04
6533,38.508479,25,8.688063e-04
6534,38.514525,25,8.437699e-04
6535,38.520573,25,8.224666e-04
6536,38.526622,25,8.048620e-04
6537,38.532673,25,7.907468e-04
6538,38.538725,24,9.993790e-04
6539,38.544778,24,9.871924e-04
6540,38.550833,24,9.764107e-04
6541,38.556890,24,9.678171e-04
6542,38.562947,24,9.615271e-04
6543,38.569006,24,9.569740e-04
6544,38.575067,24,9.537140e-04
6545,38.581129,24,9.516602e-04
6546,38.587192,24,9.506132e-04
6547,38.593257,24,9.502640e-04
6548,38.599324,24,9.503389e-04
6549,38.605391,24,9.508984e-04
6550,38.611461,24,9.519674e-04
6551,38.617531,24,9.534374e-04
6552,38.623603,24,9.553175e-04
6553,38.629677,24,9.576351e-04
6554,38.635752,25,8.326782e-04
6555,38.641829,25,8.587642e-04
6556,38.647907,25,8.573131e-04
6557,38.653986,25,8.597445e-04
6558,38.660067,25,8.646520e-04
6559,38.666150,25,8.717871e-04
6560,38.672234,25,8.805069e-04
6561,38.678320,25,8.895184e-04
6562,38.684407,25,8.974146e-04
6563,38.690495,25,9.029128e-04
6564,38.696585,25,9.051134e-04
6565,38.702677,25,9.036243e-04
6566,38.708770,25,8.985735e-04
6567,38.714865,25,8.905374e-04
6568,38.720961,25,8.803977e-04
6569,38.727059,25,8.692018e-04
6570,38.733158,25,8.579904e-04
6571,38.739259,25,8.476689e-04
6572,38.745362,25,8.390013e-04
6573,38.751466,25,8.325823e-04
6574,38.757571,25,8.281002e-04
6575,38.763678,25,8.258535e-04
6576,38.769787,25,8.257353e-04
6577,38.775897,25,8.276274e-04
6578,38.782009,25,8.322831e-04
6579,38.788122,25,8.404047e-04
6580,38.794237,25,8.503094e-04
6581,38.800354,25,8.612563e-04
6582,38.806472,25,8.727380e-04
6583,38.812592,25,8.843880e-04
6584,38.818713,25,8.963738e-04
6585,38.824836,25,9.029715e-04
6586,38.830961,25,8.122443e-04
6587,38.837087,25,8.210687e-04
6588,38.843215,25,8.305538e-04
6589,38.849344,25,8.407831e-04
6590,38.855476,25,8.765933e-04
6591,38.861608,25,9.279065e-04
6592,38.867743,25,9.569707e-04
6593,38.873879,26,8.070839e-04
6594,38.880017,26,8.252039e-04
6595,38.886156,26,8.637782e-04
6596,38.892297,26,8.846923e-04
6597,38.898440,26,9.046264e-04
6598,38.904584,26,9.232964e-04
6599,38.910730,26,9.406635e-04
6600,38.916878,26,9.569422e-04
6601,38.923028,26,9.725442e-04
6602,38.929179,26,9.879821e-04
6603,38.935332,27,8.060204e-04
6604,38.941486,27,8.204841e-04
6605,38.947643,27,8.375299e-04
6606,38.953801,27,8.565465e-04
6607,38.959961,27,8.765314e-04
6608,38.966122,27,9.062597e-04
6609,38.972286,27,9.306144e-04
6610,38.978451,27,9.454151e-04
6611,38.984618,27,9.566162e-04
6612,38.990786,27,9.630378e-04
6613,38.996957,27,9.641077e-04
6614,39.003129,27,9.597764e-04
6615,39.009303,27,9.504390e-04
6616,39.015479,27,9.365604e-04
6617,39.021656,27,9.199102e-04
6618,39.027836,27,9.007533e-04
6619,39.034017,27,8.790448e-04
6620,39.040200,27,8.570665e-04
6621,39.046385,26,9.912325e-04
6622,39.052572,26,9.739101e-04
6623,39.058761,26,9.573182e-04
6624,39.064951,26,9.427363e-04
6625,39.071144,26,9.307441e-04
6626,39.077338,26,9.218549e-04
6627,39.083535,26,9.152414e-04
6628,39.089733,26,9.111459e-04
6629,39.095933,26,9.093458e-04
6630,39.102135,26,9.097099e-04
6631,39.108339,26,9.122186e-04
6632,39.114545,26,9.170056e-04
6633,39.120754,26,9.416594e-04
6634,39.126964,26,9.975453e-04
6635,39.133176,27,8.385385e-04
6636,39.139390,27,8.483933e-04
6637,39.145606,27,8.583231e-04
6638,39.151824,27,8.663217e-04
6639,39.158044,27,8.708907e-04
6640,39.164266,27,8.711114e-04
6641,39.170490,27,8.665650e-04
6642,39.176716,27,8.572916e-04
6643,39.182944,27,8.437915e-04
6644,39.189175,26,9.871205e-04
6645,39.195407,26,9.715608e-04
6646,39.201642,26,9.530090e-04
6647,39.207879,26,9.332654e-04
6648,39.214117,26,9.138519e-04
6649,39.220358,26,8.960444e-04
6650,39.226601,26,8.807859e-04
6651,39.232847,26,8.686478e-04
6652,39.239094,26,8.598265e-04
6653,39.245344,26,8.541503e-04
6654,39.251596,26,8.512068e-04
6655,39.257849,26,8.504228e-04
6656,39.264106,26,8.510133e-04
6657,39.270364,26,8.533349e-04
6658,39.276625,26,8.571193e-04
6659,39.282888,26,8.594633e-04
6660,39.289153,26,8.668967e-04
6661,39.295420,26,8.812175e-04
6662,39.301690,26,8.836864e-04
6663,39.307961,26,8.853687e-04
6664,39.314236,26,8.868308e-04
6665,39.320512,26,8.888907e-04
6666,39.326791,26,8.925832e-04
6667,39.333072,26,8.990269e-04
6668,39.339355,26,9.092223e-04
6669,39.345641,26,9.237912e-04
6670,39.351929,26,9.426940e-04
6671,39.358219,26,9.651398e-04
6672,39.364512,26,9.893854e-04
6673,39.370807,27,8.767188e-04
6674,39.377104,27,8.848771e-04
6675,39.383404,27,8.831455e-04
6676,39.389706,27,8.893280e-04
6677,39.396011,27,8.879917e-04
6678,39.402318,26,9.924786e-04
6679,39.408627,26,9.713351e-04
6680,39.414939,26,9.425053e-04
6681,39.421254,26,9.296425e-04
6682,39.427570,26,8.875667e-04
6683,39.433890,26,8.514920e-04
6684,39.440211,26,8.324804e-04
6685,39.446536,26,8.389064e-04
6686,39.452862,26,8.723919e-04
6687,39.459191,26,9.270854e-04
6688,39.465523,26,9.926104e-04
6689,39.471857,27,9.437064e-04
6690,39.478194,28,9.229089e-04
6691,39.484533,28,9.621232e-04
6692,39.490875,28,9.837090e-04
6693,39.497220,28,9.787135e-04
6694,39.503567,28,9.547883e-04
6695,39.509916,28,9.161331e-04
6696,39.516269,27,9.600301e-04
6697,39.522623,27,9.165836e-04
6698,39.528981,27,8.740400e-04
6699,39.535341,26,9.793437e-04
6700,39.541703,26,9.556548e-04
6701,39.548068,26,9.378805e-04
6702,39.554436,26,9.262602e-04
6703,39.560807,26,9.199211e-04
6704,39.567180,26,9.177583e-04
6705,39.573555,26,9.186096e-04
6706,39.579934,26,9.214521e-04
6707,39.586315,26,9.255307e-04
6708,39.592699,26,9.302773e-04
6709,39.599085,26,9.354174e-04
6710,39.605474,26,9.408532e-04
6711,39.611866,26,9.404013e-04
6712,39.618261,26,9.431100e-04
6713,39.624658,26,9.469646e-04
6714,39.631058,26,9.519213e-04
6715,39.637461,26,9.590226e-04
6716,39.643866,26,9.649471e-04
6717,39.650274,26,9.702810e-04
6718,39.656685,26,9.759379e-04
6719,39.663099,26,9.824946e-04
6720,39.669516,26,9.898100e-04
6721,39.675935,26,9.974681e-04
6722,39.682357,27,8.921133e-04
6723,39.688782,27,8.991562e-04
6724,39.695210,27,9.047813e-04
6725,39.701640,27,9.079577e-04
6726,39.708074,27,9.073132e-04
6727,39.714510,26,9.922374e-04
6728,39.720949,26,9.826019e-04
6729,39.727391,26,9.664900e-04
6730,39.733836,26,9.443319e-04
6731,39.740284,26,9.164850e-04
6732,39.746735,25,9.923263e-04
6733,39.753189,25,9.592444e-04
6734,39.759645,25,9.223523e-04
6735,39.766105,25,8.837743e-04
6736,39.772568,24,9.859230e-04
6737,39.779033,24,9.514277e-04
6738,39.785502,24,9.171468e-04
6739,39.791973,24,8.851131e-04
6740,39.798448,24,8.559186e-04
6741,39.804925,24,8.299074e-04
6742,39.811406,23,9.825542e-04
6743,39.817890,23,9.704160e-04
6744,39.824376,23,9.515307e-04
6745,39.830866,23,9.340280e-04
6746,39.837359,23,9.177950e-04
6747,39.843855,23,9.028838e-04
6748,39.850354,23,8.893914e-04
6749,39.856856,23,8.775436e-04
6750,39.863362,23,8.673457e-04
6751,39.869870,23,8.587804e-04
6752,39.876382,23,8.177851e-04
6753,39.882896,22,9.850553e-04
6754,39.889414,22,9.817185e-04
6755,39.895935,22,9.763528e-04
6756,39.902460,22,9.701724e-04
6757,39.908987,22,9.634165e-04
6758,39.915518,22,9.567061e-04
6759,39.922052,22,9.506919e-04
6760,39.928589,22,9.459490e-04
6761,39.935129,22,9.429754e-04
6762,39.941673,22,9.420606e-04
6763,39.948220,22,9.434095e-04
6764,39.954770,22,9.471552e-04
6765,39.961323,22,9.533551e-04
6766,39.967880,22,9.619928e-04
6767,39.974440,22,9.729607e-04
6768,39.981003,22,9.860237e-04
6769,39.987569,23,8.314538e-04
6770,39.994139,23,8.451412e-04
6771,40.000712,23,8.606032e-04
6772,40.007289,23,8.762173e-04
6773,40.013869,23,8.914998e-04
6774,40.020452,23,9.060128e-04
6775,40.027039,23,9.188825e-04
6776,40.033629,23,9.310563e-04
6777,40.040222,23,9.432019e-04
6778,40.046819,23,9.530803e-04
6779,40.053419,23,9.617700e-04
6780,40.060022,23,9.701232e-04
6781,40.066629,23,9.796496e-04
6782,40.073240,23,9.944298e-04
6783,40.079853,24,8.817946e-04
6784,40.086471,24,8.849421e-04
6785,40.093091,24,8.880311e-04
6786,40.099716,24,8.941267e-04
6787,40.106343,24,9.018175e-04
6788,40.112974,24,9.105159e-04
6789,40.119609,24,9.192986e-04
6790,40.126247,24,9.269215e-04
6791,40.132889,24,9.319298e-04
6792,40.139534,24,9.327543e-04
6793,40.146183,24,9.279040e-04
6794,40.152835,24,9.161568e-04
6795,40.159491,24,8.967898e-04
6796,40.166150,23,9.753349e-04
6797,40.172813,23,9.482974e-04
6798,40.179480,23,9.150479e-04
6799,40.186150,23,8.783883e-04
6800,40.192824,23,8.410812e-04
6801,40.199501,22,9.763704e-04
6802,40.206182,22,9.557050e-04
6803,40.212866,22,9.401652e-04
6804,40.219555,22,9.324340e-04
6805,40.226247,22,9.319763e-04
6806,40.232942,22,9.403508e-04
6807,40.239641,22,9.543219e-04
6808,40.246344,22,9.713621e-04
6809,40.253051,22,9.889648e-04
6810,40.259761,23,8.287936e-04
6811,40.266475,23,8.311904e-04
6812,40.273193,22,9.828595e-04
6813,40.279914,22,9.913438e-04
6814,40.286640,23,8.434100e-04
6815,40.293368,23,8.582511e-04
6816,40.300101,23,8.744359e-04
6817,40.306837,23,8.889090e-04
6818,40.313577,23,8.981794e-04
6819,40.320321,23,8.993890e-04
6820,40.327069,23,8.906561e-04
6821,40.333820,23,8.715711e-04
6822,40.340576,22,9.976986e-04
6823,40.347334,22,9.716805e-04
6824,40.354097,22,9.438640e-04
6825,40.360864,22,9.194101e-04
6826,40.367634,22,9.023032e-04
6827,40.374408,22,8.958267e-04
6828,40.381186,22,9.008471e-04
6829,40.387968,22,9.143205e-04
6830,40.394753,22,9.338955e-04
6831,40.401543,22,9.582040e-04
6832,40.408336,22,9.854426e-04
6833,40.415133,23,8.455201e-04
6834,40.421934,23,8.737908e-04
6835,40.428739,23,9.002752e-04
6836,40.435547,23,9.244138e-04
6837,40.442360,23,9.456639e-04
6838,40.449176,23,9.634109e-04
6839,40.455996,23,9.815996e-04
6840,40.462820,23,9.984190e-04
6841,40.469648,24,8.856220e-04
6842,40.476480,24,8.895658e-04
6843,40.483316,24,8.901353e-04
6844,40.490156,24,8.936806e-04
6845,40.496999,24,8.969499e-04
6846,40.503847,24,8.991932e-04
6847,40.510698,24,8.993679e-04
6848,40.517554,24,8.961861e-04
6849,40.524413,24,8.884007e-04
6850,40.531277,23,9.895544e-04
6851,40.538144,23,9.736633e-04
6852,40.545016,23,9.516584e-04
6853,40.551891,23,9.739190e-04
6854,40.558770,23,9.785938e-04
6855,40.565654,23,9.631985e-04
6856,40.572541,23,8.924520e-04
6857,40.579433,22,9.021131e-04
6858,40.586329,22,9.074833e-04
6859,40.593228,22,9.245114e-04
6860,40.600132,22,9.555068e-04
6861,40.607040,22,9.977685e-04
6862,40.613952,23,8.948512e-04
6863,40.620868,23,9.495770e-04
6864,40.627788,24,8.899711e-04
6865,40.634712,24,9.341505e-04
6866,40.641641,24,9.670317e-04
6867,40.648573,24,9.879250e-04
6868,40.655510,24,9.967247e-04
6869,40.662451,25,9.144951e-04
6870,40.669396,25,9.093924e-04
6871,40.676345,24,9.841824e-04
6872,40.683298,24,9.626330e-04
6873,40.690256,24,9.379828e-04
6874,40.697218,24,9.128161e-04
6875,40.704184,24,8.883193e-04
6876,40.711154,24,8.654882e-04
6877,40.718128,23,9.970546e-04
6878,40.725106,23,9.824730e-04
6879,40.732089,23,9.676072e-04
6880,40.739076,23,9.539526e-04
6881,40.746067,23,9.406671e-04
6882,40.753063,23,9.273915e-04
6883,40.760062,23,9.139514e-04
6884,40.767066,23,9.002118e-04
6885,40.774074,23,8.861478e-04
6886,40.781086,23,8.718610e-04
6887,40.788103,23,8.575312e-04
6888,40.795124,23,8.434297e-04
6889,40.802149,22,9.909500e-04
6890,40.809178,22,9.759528e-04
6891,40.816212,22,9.606124e-04
6892,40.823250,22,9.567309e-04
6893,40.830292,23,8.688029e-04
6894,40.837339,23,8.571999e-04
6895,40.844390,22,9.981167e-04
6896,40.851445,22,9.833745e-04
6897,40.858505,22,9.644720e-04
6898,40.865569,22,9.449053e-04
6899,40.872637,22,9.278442e-04
6900,40.879710,22,9.134476e-04
6901,40.886787,22,9.028528e-04
6902,40.893868,22,8.967605e-04
6903,40.900954,22,8.956054e-04
6904,40.908044,22,8.993618e-04
6905,40.915138,22,9.078485e-04
6906,40.922237,22,9.207233e-04
6907,40.929341,22,9.374709e-04
6908,40.936448,22,9.575285e-04
6909,40.943561,22,9.802094e-04
6910,40.950677,23,8.494357e-04
6911,40.957798,23,8.717889e-04
6912,40.964924,23,8.939973e-04
6913,40.972054,23,9.199052e-04
6914,40.979188,23,9.438693e-04
6915,40.986327,23,9.623784e-04
6916,40.993471,23,9.779176e-04
6917,41.000619,23,9.900686e-04
6918,41.007771,23,9.985519e-04
6919,41.014928,24,8.715804e-04
6920,41.022090,24,8.712258e-04
6921,41.029256,23,9.973427e-04
6922,41.036426,23,9.919404e-04
6923,41.043602,23,9.819925e-04
6924,41.050781,23,9.694346e-04
6925,41.057966,23,9.542692e-04
6926,41.065155,23,9.368494e-04
6927,41.072348,23,9.172279e-04
6928,41.079546,23,9.126447e-04
6929,41.086749,23,9.422575e-04
6930,41.093956,23,9.175131e-04
6931,41.101168,23,8.901769e-04
6932,41.108385,22,9.955517e-04
6933,41.115606,22,9.611066e-04
6934,41.122832,22,9.227671e-04
6935,41.130063,22,8.833740e-04
6936,41.137298,21,9.809553e-04
6937,41.144538,21,9.370800e-04
6938,41.151783,21,8.911144e-04
6939,41.159033,20,9.924767e-04
6940,41.166287,20,9.482292e-04
6941,41.173546,20,9.039442e-04
6942,41.180809,20,8.657068e-04
6943,41.188078,19,9.839410e-04
6944,41.195351,19,9.577732e-04
6945,41.202629,19,9.432284e-04
6946,41.209912,19,9.377132e-04
6947,41.217199,19,9.312165e-04
6948,41.224492,19,9.293376e-04
6949,41.231789,19,9.309679e-04
6950,41.239091,19,9.347291e-04
6951,41.246398,19,9.395261e-04
6952,41.253709,19,9.444817e-04
6953,41.261026,19,9.488282e-04
6954,41.268347,19,9.521209e-04
6955,41.275673,19,9.536281e-04
6956,41.283004,19,9.530008e-04
6957,41.290340,19,9.505419e-04
6958,41.297681,19,9.462758e-04
6959,41.305027,19,9.404050e-04
6960,41.312378,19,9.330103e-04
6961,41.319733,19,9.245820e-04
6962,41.327094,19,9.153555e-04
6963,41.334459,19,9.056980e-04
6964,41.341829,19,8.951967e-04
6965,41.349204,19,8.830074e-04
6966,41.356585,19,8.746576e-04
6967,41.363970,19,8.673642e-04
6968,41.371360,19,8.611393e-04
6969,41.378755,19,8.578611e-04
6970,41.386155,19,8.541057e-04
6971,41.393560,19,8.518188e-04
6972,41.400970,19,8.512067e-04
6973,41.408385,19,8.520762e-04
6974,41.415805,19,8.543619e-04
6975,41.423230,19,8.577554e-04
6976,41.430660,19,8.622903e-04
6977,41.438095,19,8.676885e-04
6978,41.445535,19,8.738767e-04
6979,41.452980,19,8.805779e-04
6980,41.460430,19,8.876616e-04
6981,41.467885,19,8.949623e-04
6982,41.475345,19,9.023607e-04
6983,41.482810,19,9.097982e-04
6984,41.490281,19,9.170249e-04
6985,41.497756,19,9.240010e-04
6986,41.505236,19,9.297510e-04
6987,41.512722,19,9.362174e-04
6988,41.520213,19,9.424984e-04
6989,41.527708,19,9.484874e-04
6990,41.535209,19,9.540589e-04
6991,41.542715,19,9.593776e-04
6992,41.550226,19,9.647219e-04
6993,41.557742,19,9.700193e-04
6994,41.565263,19,9.750740e-04
6995,41.572790,19,9.800024e-04
6996,41.580321,19,9.609052e-04
6997,41.587858,19,9.602314e-04
6998,41.595400,19,9.588912e-04
6999,41.602947,19,9.576666e-04
7000,41.610499,19,9.561347e-04
7001,41.618056,19,9.543553e-04
7002,41.625619,19,9.522872e-04
7003,41.633187,19,9.501667e-04
7004,41.640760,19,9.478659e-04
7005,41.648338,19,9.454979e-04
7006,41.655921,19,9.430740e-04
7007,41.663509,19,9.406398e-04
7008,41.671103,19,9.381824e-04
7009,41.678702,19,9.364533e-04
7010,41.686306,19,9.347725e-04
7011,41.693915,19,9.325734e-04
7012,41.701530,19,9.305867e-04
7013,41.709150,19,9.288072e-04
7014,41.716775,19,9.273392e-04
7015,41.724405,19,9.261387e-04
7016,41.732041,19,9.252438e-04
7017,41.739682,19,9.246229e-04
7018,41.747328,19,9.284670e-04
7019,41.754980,19,9.286298e-04
7020,41.762636,19,9.286222e-04
7021,41.770299,19,9.287597e-04
7022,41.777966,19,9.291056e-04
7023,41.785639,19,9.296706e-04
7024,41.793317,19,9.304097e-04
7025,41.801000,19,9.314421e-04
7026,41.808689,19,9.326970e-04
7027,41.816383,19,9.341598e-04
7028,41.824082,19,9.358522e-04
7029,41.831787,19,9.378068e-04
7030,41.839497,19,9.399549e-04
7031,41.847213,19,9.423822e-04
7032,41.854933,19,9.450397e-04
7033,41.862660,19,9.479291e-04
7034,41.870391,19,9.510566e-04
7035,41.878128,19,9.543839e-04
7036,41.885871,19,9.580029e-04
7037,41.893619,19,9.618779e-04
7038,41.901372,19,9.660282e-04
7039,41.909131,20,9.273104e-04
7040,41.916895,20,9.682164e-04
7041,41.924665,20,9.887605e-04
7042,41.932440,21,8.446884e-04
7043,41.940220,21,8.640242e-04
7044,41.948006,21,8.816573e-04
7045,41.955798,21,9.006954e-04
7046,41.963595,21,9.196698e-04
7047,41.971397,21,9.384308e-04
7048,41.979205,21,8.949925e-04
7049,41.987019,19,9.239663e-04
7050,41.994838,19,9.514620e-04
7051,42.002662,19,9.748895e-04
7052,42.010493,19,9.993186e-04
7053,42.018328,20,8.562215e-04
7054,42.026170,20,8.760605e-04
7055,42.034016,20,8.925554e-04
7056,42.041869,20,9.101092e-04
7057,42.049727,20,9.327697e-04
7058,42.057591,20,9.881397e-04
7059,42.065460,21,8.419070e-04
7060,42.073335,21,8.541020e-04
7061,42.081215,21,8.627456e-04
7062,42.089102,21,8.709773e-04
7063,42.096993,21,8.782959e-04
7064,42.104891,21,8.841594e-04
7065,42.112794,21,8.885500e-04
7066,42.120703,21,8.914349e-04
7067,42.128617,21,8.928686e-04
7068,42.136537,21,8.929105e-04
7069,42.144463,21,8.916808e-04
7070,42.152395,21,8.893164e-04
7071,42.160332,21,8.867974e-04
7072,42.168275,21,8.830195e-04
7073,42.176223,21,8.785148e-04
7074,42.184178,21,8.738128e-04
7075,42.192138,21,8.692439e-04
7076,42.200104,21,8.651864e-04
7077,42.208076,21,8.806025e-04
7078,42.216053,21,8.976031e-04
7079,42.224036,21,8.994613e-04
7080,42.232025,21,9.005381e-04
7081,42.240020,21,9.017793e-04
7082,42.248021,21,9.033098e-04
7083,42.256027,21,9.053224e-04
7084,42.264040,21,8.994525e-04
7085,42.272058,21,8.908581e-04
7086,42.280082,21,8.900976e-04
7087,42.288112,21,8.903466e-04
7088,42.296147,21,8.918572e-04
7089,42.304189,21,8.947794e-04
7090,42.312237,21,9.153411e-04
7091,42.320290,21,9.239132e-04
7092,42.328349,21,9.310398e-04
7093,42.336415,21,9.393276e-04
7094,42.344486,21,9.485736e-04
7095,42.352563,21,9.585513e-04
7096,42.360646,21,9.689906e-04
7097,42.368735,21,9.796251e-04
7098,42.376830,21,9.902057e-04
7099,42.384931,22,8.357133e-04
7100,42.393038,22,8.720914e-04
7101,42.401151,22,8.929301e-04
7102,42.409270,22,9.066892e-04
7103,42.417396,22,9.195451e-04
7104,42.425527,22,9.313045e-04
7105,42.433664,22,9.418053e-04
7106,42.441807,22,9.509390e-04
7107,42.449957,22,9.586832e-04
7108,42.458112,22,9.650424e-04
7109,42.466274,22,9.700585e-04
7110,42.474441,22,9.738865e-04
7111,42.482615,22,9.767088e-04
7112,42.490795,22,9.787131e-04
7113,42.498981,22,9.802146e-04
7114,42.507174,22,9.814637e-04
7115,42.515372,22,9.827296e-04
7116,42.523577,22,9.842142e-04
7117,42.531787,22,9.861408e-04
7118,42.540004,22,9.886257e-04
7119,42.548228,22,9.917222e-04
7120,42.556457,22,9.954129e-04
7121,42.564693,22,9.996073e-04
7122,42.572935,23,8.377443e-04
7123,42.581183,23,8.413039e-04
7124,42.589438,23,8.442431e-04
7125,42.597699,23,8.460134e-04
7126,42.605966,23,8.453204e-04
7127,42.614239,23,8.461557e-04
7128,42.622519,23,8.461222e-04
7129,42.630805,23,8.449961e-04
7130,42.639098,23,8.425980e-04
7131,42.647396,23,8.387540e-04
7132,42.655702,22,9.983166e-04
7133,42.664013,22,9.908173e-04
7134,42.672331,22,9.791276e-04
7135,42.680656,22,9.657968e-04
7136,42.688987,22,9.501583e-04
7137,42.697324,22,9.321860e-04
7138,42.705668,22,9.119868e-04
7139,42.714018,22,8.897087e-04
7140,42.722375,22,8.655415e-04
7141,42.730738,22,8.537755e-04
7142,42.739108,21,9.931571e-04
7143,42.747484,21,9.631113e-04
7144,42.755867,21,9.289344e-04
7145,42.764256,21,8.949249e-04
7146,42.772652,21,8.604495e-04
7147,42.781055,20,9.898284e-04
7148,42.789464,20,9.517487e-04
7149,42.797879,20,9.104274e-04
7150,42.806302,20,8.718407e-04
7151,42.814731,20,8.348718e-04
7152,42.823166,19,9.624325e-04
7153,42.831609,19,9.265499e-04
7154,42.840057,19,8.881277e-04
7155,42.848513,19,8.549236e-04
7156,42.856975,18,9.985625e-04
7157,42.865445,18,9.720000e-04
7158,42.873920,18,9.433442e-04
7159,42.882403,18,9.197666e-04
7160,42.890892,18,9.043662e-04
7161,42.899388,18,8.931429e-04
7162,42.907891,18,9.039744e-04
7163,42.916401,18,9.050046e-04
7164,42.924917,18,9.083888e-04
7165,42.933441,18,9.187101e-04
7166,42.941971,18,9.354061e-04
7167,42.950508,18,9.579306e-04
7168,42.959052,18,9.848167e-04
7169,42.967603,19,8.609460e-04
7170,42.976160,19,8.858329e-04
7171,42.984725,19,9.115280e-04
7172,42.993296,19,9.349186e-04
7173,43.001850,19,9.057133e-04
7174,43.010390,19,8.673736e-04
7175,43.018922,19,8.490724e-04
7176,43.027444,19,8.504251e-04
7177,43.035957,19,8.632484e-04
7178,43.044460,19,8.795991e-04
7179,43.052954,19,8.940627e-04
7180,43.061439,19,9.034380e-04
7181,43.069914,19,9.072542e-04
7182,43.078380,19,9.062984e-04
7183,43.086836,19,9.029217e-04
7184,43.095282,19,9.000910e-04
7185,43.103719,19,9.005723e-04
7186,43.112146,19,9.058324e-04
7187,43.120564,19,9.162831e-04
7188,43.128973,19,9.310441e-04
7189,43.137372,19,9.486009e-04
7190,43.145761,19,9.667542e-04
7191,43.154141,19,9.834041e-04
7192,43.162511,19,9.968122e-04
7193,43.170873,20,8.671836e-04
7194,43.179224,20,8.709762e-04
7195,43.187567,20,8.671012e-04
7196,43.195900,19,9.959577e-04
7197,43.204224,19,9.883783e-04
7198,43.212539,19,9.749993e-04
7199,43.220845,19,9.616181e-04
7200,43.229142,19,9.477523e-04
7201,43.237429,19,9.341911e-04
7202,43.245708,19,9.211685e-04
7203,43.253977,19,9.096242e-04
7204,43.262238,19,9.000112e-04
7205,43.270489,19,8.920904e-04
7206,43.278732,19,8.857340e-04
7207,43.286965,19,8.808199e-04
7208,43.295190,19,8.772271e-04
7209,43.303406,19,8.748404e-04
7210,43.311612,19,8.735623e-04
7211,43.319811,19,8.733349e-04
7212,43.328000,19,8.740723e-04
7213,43.336180,19,8.757526e-04
7214,43.344352,19,8.781956e-04
7215,43.352515,19,8.810360e-04
7216,43.360669,19,8.846033e-04
7217,43.368814,19,8.969586e-04
7218,43.376951,19,9.074694e-04
7219,43.385079,19,9.177616e-04
7220,43.393198,19,9.291722e-04
7221,43.401308,19,9.414913e-04
7222,43.409410,19,9.542775e-04
7223,43.417503,19,9.670142e-04
7224,43.425588,19,9.790737e-04
7225,43.433663,19,9.898718e-04
7226,43.441731,19,9.988827e-04
7227,43.449789,20,8.549819e-04
7228,43.457839,20,8.570083e-04
7229,43.465881,20,9.455268e-04
7230,43.473914,20,9.860806e-04
7231,43.481938,21,8.476136e-04
7232,43.489953,21,8.569219e-04
7233,43.497961,21,8.655125e-04
7234,43.505959,21,8.764681e-04
7235,43.513949,21,8.889030e-04
7236,43.521931,21,9.027249e-04
7237,43.529904,21,9.175108e-04
7238,43.537869,21,9.338876e-04
7239,43.545825,21,8.357925e-04
7240,43.553773,19,9.451340e-04
7241,43.561712,19,9.717452e-04
7242,43.569643,19,9.950339e-04
7243,43.577566,20,8.460611e-04
7244,43.585480,20,8.663843e-04
7245,43.593385,20,8.835725e-04
7246,43.601283,20,9.017853e-04
7247,43.609171,20,9.193983e-04
7248,43.617052,20,9.539162e-04
7249,43.624924,20,9.980053e-04
7250,43.632787,21,8.466776e-04
7251,43.640643,21,8.594926e-04
7252,43.648490,21,8.709212e-04
7253,43.656328,21,8.793257e-04
7254,43.664158,21,8.859281e-04
7255,43.671980,21,8.906929e-04
7256,43.679794,21,8.935885e-04
7257,43.687599,21,8.946336e-04
7258,43.695396,21,8.938788e-04
7259,43.703185,21,8.914092e-04
7260,43.710965,21,8.873644e-04
7261,43.718737,21,8.819059e-04
7262,43.726501,21,8.752259e-04
7263,43.734257,21,8.675423e-04
7264,43.742004,21,8.591141e-04
7265,43.749743,21,8.502313e-04
7266,43.757474,21,8.412103e-04
7267,43.765197,20,9.983989e-04
7268,43.772911,20,9.908867e-04
7269,43.780618,20,9.809135e-04
7270,43.788316,20,9.741702e-04
7271,43.796006,21,8.357884e-04
7272,43.803688,21,8.566804e-04
7273,43.811361,21,8.408263e-04
7274,43.819027,20,9.836635e-04
7275,43.826684,20,9.742468e-04
7276,43.834334,20,9.613014e-04
7277,43.841975,20,9.505727e-04
7278,43.849608,20,9.407418e-04
7279,43.857233,20,9.320645e-04
7280,43.864850,20,9.311419e-04
7281,43.872459,20,9.267921e-04
7282,43.880060,20,9.236467e-04
7283,43.887653,20,9.221635e-04
7284,43.895238,20,9.223472e-04
7285,43.902815,20,9.240522e-04
7286,43.910384,20,9.268055e-04
7287,43.917945,20,9.305281e-04
7288,43.925498,20,9.349829e-04
7289,43.933043,20,9.399281e-04
7290,43.940580,20,9.451567e-04
7291,43.948109,20,9.504975e-04
7292,43.955630,20,9.558323e-04
7293,43.963143,20,9.610827e-04
7294,43.970648,20,9.662533e-04
7295,43.978146,20,9.714157e-04
7296,43.985635,20,9.767160e-04
7297,43.993117,20,9.823751e-04
7298,44.000591,20,9.886792e-04
7299,44.008057,21,8.574286e-04
7300,44.015515,21,8.621921e-04
7301,44.022965,21,8.637317e-04
7302,44.030408,21,8.656683e-04
7303,44.037842,21,8.674544e-04
7304,44.045269,21,8.688441e-04
7305,44.052688,21,8.703715e-04
7306,44.060100,21,8.605555e-04
7307,44.067503,21,8.441204e-04
7308,44.074899,21,8.516989e-04
7309,44.082287,21,8.607621e-04
7310,44.089668,21,8.715281e-04
7311,44.097041,21,8.841548e-04
7312,44.104406,21,8.987580e-04
7313,44.111763,21,9.152853e-04
7314,44.119113,21,9.335873e-04
7315,44.126455,21,9.534112e-04
7316,44.133789,21,9.744248e-04
7317,44.141116,21,9.967170e-04
7318,44.148435,22,8.482772e-04
7319,44.155747,22,8.672965e-04
7320,44.163051,22,8.847242e-04
7321,44.170347,22,9.020766e-04
7322,44.177636,22,9.182357e-04
7323,44.184917,22,9.328568e-04
7324,44.192191,22,9.456206e-04
7325,44.199457,22,9.562425e-04
7326,44.206716,22,9.644740e-04
7327,44.213967,22,9.698796e-04
7328,44.221211,22,9.723458e-04
7329,44.228447,22,9.719212e-04
7330,44.235676,22,9.596292e-04
7331,44.242897,22,9.345870e-04
7332,44.250111,22,9.172409e-04
7333,44.257317,22,8.965514e-04
7334,44.264516,22,8.727282e-04
7335,44.271708,22,8.460474e-04
7336,44.278892,21,9.742561e-04
7337,44.286069,21,9.384214e-04
7338,44.293239,21,8.977902e-04
7339,44.300401,21,8.570229e-04
7340,44.307556,20,9.737352e-04
7341,44.314703,20,9.262722e-04
7342,44.321843,20,8.724801e-04
7343,44.328976,19,9.867185e-04
7344,44.336102,19,9.360787e-04
7345,44.343220,19,8.830040e-04
7346,44.350331,19,8.371354e-04
7347,44.357435,18,9.554658e-04
7348,44.364531,18,9.184224e-04
7349,44.371620,18,8.810299e-04
7350,44.378702,18,8.546576e-04
7351,44.385777,18,8.357562e-04
7352,44.392845,17,9.912992e-04
7353,44.399905,17,9.895964e-04
7354,44.406959,17,9.852219e-04
7355,44.414005,17,9.901301e-04
7356,44.421044,17,9.992360e-04
7357,44.428076,18,8.415232e-04
7358,44.435100,18,8.552824e-04
7359,44.442118,18,8.648717e-04
7360,44.449128,18,8.776022e-04
7361,44.456132,18,8.901712e-04
7362,44.463128,18,9.022098e-04
7363,44.470118,18,9.134527e-04
7364,44.477100,18,9.236941e-04
7365,44.484075,18,9.327966e-04
7366,44.491043,18,9.407002e-04
7367,44.498004,18,9.473692e-04
7368,44.504959,18,9.527948e-04
7369,44.511906,18,9.566806e-04
7370,44.518846,18,9.598266e-04
7371,44.525779,17,9.877929e-04
7372,44.532705,17,9.931364e-04
7373,44.539625,18,8.661945e-04
7374,44.546537,18,8.837002e-04
7375,44.553443,18,8.942564e-04
7376,44.560341,18,9.070011e-04
7377,44.567233,18,9.185884e-04
7378,44.574118,18,9.289061e-04
7379,44.580995,18,9.379076e-04
7380,44.587866,18,9.455285e-04
7381,44.594731,18,9.517047e-04
7382,44.601588,18,9.564114e-04
7383,44.608438,18,9.594464e-04
7384,44.615282,18,9.610187e-04
7385,44.622119,18,9.616593e-04
7386,44.628949,18,9.609018e-04
7387,44.635772,18,9.587698e-04
7388,44.642589,18,9.555248e-04
7389,44.649398,18,9.508761e-04
7390,44.656201,18,9.450818e-04
7391,44.662997,18,9.382318e-04
7392,44.669787,18,9.304235e-04
7393,44.676570,18,9.217301e-04
7394,44.683346,18,9.122386e-04
7395,44.690115,18,9.020297e-04
7396,44.696878,18,8.911733e-04
7397,44.703633,18,8.797290e-04
7398,44.710383,18,8.677652e-04
7399,44.717125,18,8.553365e-04
7400,44.723861,18,8.425077e-04
7401,44.730591,17,9.945260e-04
7402,44.737313,17,9.846971e-04
7403,44.744029,17,9.630707e-04
7404,44.750739,17,9.464012e-04
7405,44.757442,17,9.295280e-04
7406,44.764138,17,9.124071e-04
7407,44.770827,17,8.950881e-04
7408,44.777511,17,8.776494e-04
7409,44.784187,17,8.601592e-04
7410,44.790857,17,8.426866e-04
7411,44.797520,16,9.912562e-04
7412,44.804177,16,9.796196e-04
7413,44.810828,16,9.527198e-04
7414,44.817472,16,9.323391e-04
7415,44.824109,16,9.122363e-04
7416,44.830740,16,8.923200e-04
7417,44.837364,16,8.725629e-04
7418,44.843982,16,8.530486e-04
7419,44.850593,16,8.338542e-04
7420,44.857198,15,9.827685e-04
7421,44.863797,15,9.727563e-04
7422,44.870389,15,9.416707e-04
7423,44.876975,15,9.209268e-04
7424,44.883554,15,9.010183e-04
7425,44.890127,15,9.003348e-04
7426,44.896693,15,8.847657e-04
7427,44.903254,15,8.644900e-04
7428,44.909807,15,8.448293e-04
7429,44.916355,15,8.258603e-04
7430,44.922896,14,9.824633e-04
7431,44.929430,14,9.767333e-04
7432,44.935959,14,9.448938e-04
7433,44.942481,14,9.259240e-04
7434,44.948996,14,9.082272e-04
7435,44.955506,14,8.912951e-04
7436,44.962009,14,8.750744e-04
7437,44.968506,14,8.595287e-04
7438,44.974996,14,8.447069e-04
7439,44.981481,14,8.306055e-04
7440,44.987959,14,8.173035e-04
7441,44.994430,13,9.959844e-04
7442,45.000896,13,9.986852e-04
7443,45.007355,13,9.734343e-04
7444,45.013809,13,9.613901e-04
7445,45.020255,13,9.507373e-04
7446,45.026696,13,9.406909e-04
7447,45.033131,13,9.312034e-04
7448,45.039559,13,9.221966e-04
7449,45.045981,13,9.133730e-04
7450,45.052398,13,9.048375e-04
7451,45.058808,13,8.963977e-04
7452,45.065211,13,8.897526e-04
7453,45.071609,13,8.837261e-04
7454,45.078001,13,8.782256e-04
7455,45.084386,13,8.731893e-04
7456,45.090766,13,8.685566e-04
7457,45.097139,13,8.642904e-04
7458,45.103506,13,8.605400e-04
7459,45.109867,13,8.570631e-04
7460,45.116222,13,8.539264e-04
7461,45.122571,13,8.513736e-04
7462,45.128914,13,8.489508e-04
7463,45.135252,13,8.467820e-04
7464,45.141583,13,8.448473e-04
7465,45.147908,13,8.431304e-04
7466,45.154227,13,8.417118e-04
7467,45.160540,13,8.404779e-04
7468,45.166847,13,8.396307e-04
7469,45.173148,13,8.389486e-04
7470,45.179443,13,8.385209e-04
7471,45.185732,13,8.382707e-04
7472,45.192015,13,8.382077e-04
7473,45.198293,13,8.382822e-04
7474,45.204564,13,8.385869e-04
7475,45.210830,13,8.389724e-04
7476,45.217089,13,8.394412e-04
7477,45.223343,13,8.400095e-04
7478,45.229591,13,8.407176e-04
7479,45.235833,13,8.415433e-04
7480,45.242069,13,8.425359e-04
7481,45.248299,13,8.435636e-04
7482,45.254524,13,8.445903e-04
7483,45.260742,13,8.457190e-04
7484,45.266955,13,8.477041e-04
7485,45.273162,13,8.488305e-04
7486,45.279364,13,8.499873e-04
7487,45.285559,13,8.511325e-04
7488,45.291749,13,8.523322e-04
7489,45.297932,13,8.441105e-04
7490,45.304111,13,8.410003e-04
7491,45.310283,13,8.418369e-04
7492,45.316450,13,8.426450e-04
7493,45.322610,13,8.434862e-04
7494,45.328766,13,8.443573e-04
7495,45.334915,13,8.452839e-04
7496,45.341059,13,8.462099e-04
7497,45.347197,13,8.471307e-04
7498,45.353329,13,8.480646e-04
7499,45.359456,13,8.490643e-04
7500,45.365577,13,8.501508e-04
7501,45.371693,13,8.512448e-04
7502,45.377802,13,8.522472e-04
7503,45.383906,13,8.534479e-04
7504,45.390005,13,8.547061e-04
7505,45.396098,13,8.560069e-04
7506,45.402185,13,8.573145e-04
7507,45.408267,13,8.586620e-04
7508,45.414343,13,8.599720e-04
7509,45.420413,13,8.613661e-04
7510,45.426478,13,8.627688e-04
7511,45.432538,13,8.642016e-04
7512,45.438592,13,8.656724e-04
7513,45.444640,13,8.671606e-04
7514,45.450683,13,8.686530e-04
7515,45.456720,13,8.701829e-04
7516,45.462752,13,8.717462e-04
7517,45.468778,13,8.732291e-04
7518,45.474799,13,8.748104e-04
7519,45.480814,13,8.763360e-04
7520,45.486824,13,8.778469e-04
7521,45.492828,13,8.793799e-04
7522,45.498827,13,8.809737e-04
7523,45.504821,13,8.825427e-04
7524,45.510809,13,8.841392e-04
7525,45.516791,13,8.857366e-04
7526,45.522769,13,8.871345e-04
7527,45.528740,13,8.886095e-04
7528,45.534707,13,8.902404e-04
7529,45.540668,13,8.918696e-04
7530,45.546624,13,8.957264e-04
7531,45.552574,13,9.089133e-04
7532,45.558519,13,9.089303e-04
7533,45.564458,13,9.089504e-04
7534,45.570393,13,9.091604e-04
7535,45.576322,13,9.095117e-04
7536,45.582245,13,9.099096e-04
7537,45.588163,13,9.104247e-04
7538,45.594076,13,9.109715e-04
7539,45.599984,13,9.114350e-04
7540,45.605886,13,9.120098e-04
7541,45.611783,13,9.125605e-04
7542,45.617675,13,9.131536e-04
7543,45.623561,13,9.138521e-04
7544,45.629442,13,9.146403e-04
7545,45.635318,13,9.155165e-04
7546,45.641188,13,9.165501e-04
7547,45.647054,13,9.177520e-04
7548,45.652914,13,9.190469e-04
7549,45.658768,13,9.205079e-04
7550,45.664618,13,9.220719e-04
7551,45.670462,13,9.238309e-04
7552,45.676301,13,9.256905e-04
7553,45.682134,13,9.276973e-04
7554,45.687963,13,9.298245e-04
7555,45.693786,13,9.320455e-04
7556,45.699604,13,9.344057e-04
7557,45.705417,13,9.368175e-04
7558,45.711224,13,9.392795e-04
7559,45.717026,13,9.418285e-04
7560,45.722823,13,9.444376e-04
7561,45.728615,13,9.470571e-04
7562,45.734402,13,9.496871e-04
7563,45.740184,13,9.523596e-04
7564,45.745960,13,9.550067e-04
7565,45.751731,13,9.576739e-04
7566,45.757497,13,9.603822e-04
7567,45.763258,13,9.630927e-04
7568,45.769014,13,9.657886e-04
7569,45.774765,13,9.685427e-04
7570,45.780510,13,9.712859e-04
7571,45.786250,13,9.740772e-04
7572,45.791986,13,9.769415e-04
7573,45.797716,13,9.798006e-04
7574,45.803441,13,9.827152e-04
7575,45.809161,13,9.856891e-04
7576,45.814876,13,9.887281e-04
7577,45.820586,13,9.918548e-04
7578,45.826291,13,9.950355e-04
7579,45.831990,13,9.983452e-04
7580,45.837685,14,8.044919e-04
7581,45.843375,14,8.109280e-04
7582,45.849059,14,8.065825e-04
7583,45.854739,14,8.082433e-04
7584,45.860414,14,8.103220e-04
7585,45.866083,14,8.127093e-04
7586,45.871748,14,8.154568e-04
7587,45.877408,14,8.184961e-04
7588,45.883063,14,8.217709e-04
7589,45.888712,14,8.252258e-04
7590,45.894357,14,8.288294e-04
7591,45.899997,14,8.324767e-04
7592,45.905632,14,8.360235e-04
7593,45.911262,14,8.396062e-04
7594,45.916887,14,8.432148e-04
7595,45.922507,14,8.469245e-04
7596,45.928123,14,8.507266e-04
7597,45.933733,14,8.546249e-04
7598,45.939339,14,8.586182e-04
7599,45.944939,14,8.627451e-04
7600,45.950535,14,8.669733e-04
7601,45.956126,14,8.712872e-04
7602,45.961712,14,8.756747e-04
7603,45.967294,14,8.801404e-04
7604,45.972870,14,8.846432e-04
7605,45.978442,14,8.892083e-04
7606,45.984009,14,8.938209e-04
7607,45.989571,14,8.984715e-04
7608,45.995128,14,9.031378e-04
7609,46.000681,14,9.078474e-04
7610,46.006228,14,9.126065e-04
7611,46.011771,14,9.174191e-04
7612,46.017310,14,9.222749e-04
7613,46.022843,14,9.271754e-04
7614,46.028372,14,9.321395e-04
7615,46.033896,14,9.371870e-04
7616,46.039415,14,9.423017e-04
7617,46.044930,14,9.474972e-04
7618,46.050440,14,9.527607e-04
7619,46.055945,14,9.581059e-04
7620,46.061446,14,9.635532e-04
7621,46.066942,14,9.690724e-04
7622,46.072433,14,9.746831e-04
7623,46.077920,14,9.803862e-04
7624,46.083402,14,9.861901e-04
7625,46.088879,14,9.920909e-04
7626,46.094352,14,9.980911e-04
7627,46.099820,15,8.247312e-04
7628,46.105284,15,8.344307e-04
7629,46.110743,15,8.319272e-04
7630,46.116197,15,8.359876e-04
7631,46.121647,15,8.404516e-04
7632,46.127093,15,8.452083e-04
7633,46.132533,15,8.502758e-04
7634,46.137970,15,8.556155e-04
7635,46.143401,15,8.611625e-04
7636,46.148828,15,8.668860e-04
7637,46.154251,15,8.727276e-04
7638,46.159669,15,8.786660e-04
7639,46.165083,15,8.846909e-04
7640,46.170492,15,8.908095e-04
7641,46.175897,15,8.970413e-04
7642,46.181297,15,9.033966e-04
7643,46.186692,15,9.098841e-04
7644,46.192084,15,9.165130e-04
7645,46.197471,15,9.232749e-04
7646,46.202853,15,9.301424e-04
7647,46.208231,15,9.371392e-04
7648,46.213605,15,9.442536e-04
7649,46.218974,15,9.514674e-04
7650,46.224339,15,9.587535e-04
7651,46.229699,15,9.661121e-04
7652,46.235055,15,9.735437e-04
7653,46.240407,15,9.810436e-04
7654,46.245754,15,9.886086e-04
7655,46.251097,15,9.962370e-04
7656,46.256435,16,8.358047e-04
7657,46.261770,16,8.809222e-04
7658,46.267100,16,9.279598e-04
7659,46.272425,16,9.421712e-04
7660,46.277746,16,9.567233e-04
7661,46.283064,16,9.719010e-04
7662,46.288376,16,9.875734e-04
7663,46.293685,17,8.406325e-04
7664,46.298989,17,8.570513e-04
7665,46.304289,17,8.656277e-04
7666,46.309584,17,8.787551e-04
7667,46.314876,17,8.922688e-04
7668,46.320163,17,9.061230e-04
7669,46.325446,17,9.202919e-04
7670,46.330725,17,9.347289e-04
7671,46.335999,17,9.493844e-04
7672,46.341270,17,9.642015e-04
7673,46.346536,17,9.791577e-04
7674,46.351798,17,9.942183e-04
7675,46.357056,18,8.489856e-04
7676,46.362309,18,8.635062e-04
7677,46.367559,18,8.719222e-04
7678,46.372804,18,8.836862e-04
7679,46.378045,18,8.956499e-04
7680,46.383282,18,9.077850e-04
7681,46.388515,18,9.200564e-04
7682,46.393744,18,9.324060e-04
7683,46.398969,18,9.447762e-04
7684,46.404190,18,9.571183e-04
7685,46.409406,18,9.693979e-04
7686,46.414619,18,9.815949e-04
7687,46.419827,18,9.937003e-04
7688,46.425032,19,8.479030e-04
7689,46.430232,19,8.588473e-04
7690,46.435428,19,8.652247e-04
7691,46.440621,18,9.796389e-04
7692,46.445809,18,8.715561e-04
7693,46.450993,18,8.806490e-04
7694,46.456173,18,8.937543e-04
7695,46.461350,18,9.066873e-04
7696,46.466522,18,9.194405e-04
7697,46.471690,18,9.319499e-04
7698,46.476854,18,9.441900e-04
7699,46.482015,18,9.561529e-04
7700,46.487171,18,9.678404e-04
7701,46.492324,18,9.792483e-04
7702,46.497472,18,9.903582e-04
7703,46.502617,19,8.455436e-04
7704,46.507757,19,8.550879e-04
7705,46.512894,19,8.599332e-04
7706,46.518027,19,8.668437e-04
7707,46.523156,19,8.735892e-04
7708,46.528281,19,8.801735e-04
7709,46.533402,19,8.865875e-04
7710,46.538520,19,8.928068e-04
7711,46.543633,19,8.988044e-04
7712,46.548743,19,9.045619e-04
7713,46.553848,19,9.100726e-04
7714,46.558950,19,9.273484e-04
7715,46.564049,19,9.455084e-04
7716,46.569143,19,9.500457e-04
7717,46.574233,19,9.541818e-04
7718,46.579320,19,9.579562e-04
7719,46.584403,19,9.613550e-04
7720,46.589482,19,9.643757e-04
7721,46.594558,19,9.670152e-04
7722,46.599629,19,9.692731e-04
7723,46.604697,19,9.711509e-04
7724,46.609761,19,9.726568e-04
7725,46.614821,19,9.738006e-04
7726,46.619878,19,9.745963e-04
7727,46.624931,19,9.750618e-04
7728,46.629980,19,9.752188e-04
7729,46.635025,19,9.750928e-04
7730,46.640067,19,9.747128e-04
7731,46.645105,19,9.741078e-04
7732,46.650140,19,9.731526e-04
7733,46.655170,19,9.721162e-04
7734,46.660197,19,9.710225e-04
7735,46.665221,19,9.698320e-04
7736,46.670240,19,9.685773e-04
7737,46.675257,19,9.672900e-04
7738,46.680269,19,9.660001e-04
7739,46.685278,19,9.647359e-04
7740,46.690283,19,9.635226e-04
7741,46.695285,19,9.623846e-04
7742,46.700283,19,9.613436e-04
7743,46.705277,19,9.604167e-04
7744,46.710268,19,9.596193e-04
7745,46.715255,19,9.589639e-04
7746,46.720239,19,9.584594e-04
7747,46.725219,19,9.581128e-04
7748,46.730195,19,9.525518e-04
7749,46.735168,19,8.834462e-04
7750,46.740138,19,8.717278e-04
7751,46.745103,19,8.599695e-04
7752,46.750066,19,8.479851e-04
7753,46.755025,19,8.358580e-04
7754,46.759980,18,9.869431e-04
7755,46.764932,18,9.767694e-04
7756,46.769880,18,9.581612e-04
7757,46.774825,18,9.434325e-04
7758,46.779766,18,9.286387e-04
7759,46.784704,18,9.137578e-04
7760,46.789639,18,8.988228e-04
7761,46.794570,18,8.838837e-04
7762,46.799497,18,8.689906e-04
7763,46.804422,18,8.541869e-04
7764,46.809342,18,8.395052e-04
7765,46.814260,17,9.892530e-04
7766,46.819173,17,9.786030e-04
7767,46.824084,17,9.559852e-04
7768,46.828991,17,9.393427e-04
7769,46.833895,17,9.229367e-04
7770,46.838795,17,9.066748e-04
7771,46.843692,17,8.905648e-04
7772,46.848585,17,8.746327e-04
7773,46.853475,17,8.589121e-04
7774,46.858362,17,8.434355e-04
7775,46.863246,16,9.952173e-04
7776,46.868126,16,9.864843e-04
7777,46.873003,16,9.613002e-04
7778,46.877876,16,9.443755e-04
7779,46.882746,16,9.278846e-04
7780,46.887613,16,9.116454e-04
7781,46.892477,16,8.956400e-04
7782,46.897337,16,8.798750e-04
7783,46.902194,16,8.643789e-04
7784,46.907048,16,8.491752e-04
7785,46.911898,16,8.342881e-04
7786,46.916745,15,9.898437e-04
7787,46.921589,15,9.843813e-04
7788,46.926430,15,9.583323e-04
7789,46.931267,15,9.427012e-04
7790,46.936101,15,9.276054e-04
7791,46.940932,15,9.126665e-04
7792,46.945760,15,8.979768e-04
7793,46.950585,15,8.835299e-04
7794,46.955406,15,8.693462e-04
7795,46.960224,15,8.554509e-04
7796,46.965039,15,8.418668e-04
7797,46.969851,15,8.286060e-04
7798,46.974659,14,9.957378e-04
7799,46.979465,14,9.941160e-04
7800,46.984267,14,9.693877e-04
7801,46.989066,14,9.558094e-04
7802,46.993862,14,9.429537e-04
7803,46.998655,14,9.303619e-04
7804,47.003445,14,9.180179e-04
7805,47.008231,14,9.058974e-04
7806,47.013015,14,8.940304e-04
7807,47.017795,14,8.824460e-04
7808,47.022572,14,8.711879e-04
7809,47.027346,14,8.602720e-04
7810,47.032117,14,8.497309e-04
7811,47.036885,14,8.395558e-04
7812,47.041650,14,8.297376e-04
7813,47.046412,14,8.202649e-04
7814,47.051171,14,8.111185e-04
7815,47.055927,14,8.022989e-04
7816,47.060679,13,9.921969e-04
7817,47.065429,13,9.940368e-04
7818,47.070176,13,9.771103e-04
7819,47.074919,13,9.690142e-04
7820,47.079660,13,9.615683e-04
7821,47.084397,13,9.543377e-04
7822,47.089132,13,9.472493e-04
7823,47.093863,13,9.402793e-04
7824,47.098592,13,9.334557e-04
7825,47.103317,13,9.268044e-04
7826,47.108040,13,9.203909e-04
7827,47.112759,13,9.141991e-04
7828,47.117476,13,9.082768e-04
7829,47.122190,13,9.026153e-04
7830,47.126900,13,8.972095e-04
7831,47.131608,13,8.920376e-04
7832,47.136313,13,8.870752e-04
7833,47.141015,13,8.823150e-04
7834,47.145714,13,8.777443e-04
7835,47.150410,13,8.733510e-04
7836,47.155103,13,8.691230e-04
7837,47.159793,13,8.650731e-04
7838,47.164481,13,8.611932e-04
7839,47.169165,13,8.574924e-04
7840,47.173847,13,8.539594e-04
7841,47.178525,13,8.505933e-04
7842,47.183201,13,8.473912e-04
7843,47.187874,13,8.443548e-04
7844,47.192544,13,8.414609e-04
7845,47.197211,13,8.387282e-04
7846,47.201876,13,8.361504e-04
7847,47.206537,13,8.337146e-04
7848,47.211196,13,8.314237e-04
7849,47.215852,13,8.292582e-04
7850,47.220505,13,8.272122e-04
7851,47.225155,13,8.252934e-04
7852,47.229803,13,8.234931e-04
7853,47.234447,13,8.217893e-04
7854,47.239089,13,8.201977e-04
7855,47.243728,13,8.186941e-04
7856,47.248364,13,8.172805e-04
7857,47.252998,13,8.159418e-04
7858,47.257628,13,8.146645e-04
7859,47.262256,13,8.134425e-04
7860,47.266882,13,8.122787e-04
7861,47.271504,13,8.111711e-04
7862,47.276124,13,8.101063e-04
7863,47.280741,13,8.090771e-04
7864,47.285355,13,8.080857e-04
7865,47.289966,13,8.071316e-04
7866,47.294575,13,8.062120e-04
7867,47.299181,13,8.053117e-04
7868,47.303784,13,8.044452e-04
7869,47.308385,13,8.036078e-04
7870,47.312983,13,8.027916e-04
7871,47.317578,13,8.020218e-04
7872,47.322171,13,8.012618e-04
7873,47.326760,13,8.005404e-04
7874,47.331348,13,7.998408e-04
7875,47.335932,13,7.991600e-04
7876,47.340514,13,7.985081e-04
7877,47.345093,13,7.978758e-04
7878,47.349670,13,7.972673e-04
7879,47.354244,13,7.966916e-04
7880,47.358815,13,7.961288e-04
7881,47.363384,13,7.955830e-04
7882,47.367950,13,7.950566e-04
7883,47.372513,13,7.945352e-04
7884,47.377074,13,7.940346e-04
7885,47.381632,13,7.934537e-04
7886,47.386187,13,7.929550e-04
7887,47.390740,13,7.924867e-04
7888,47.395291,13,7.920178e-04
7889,47.399839,13,7.915593e-04
7890,47.404384,13,7.910963e-04
7891,47.408926,13,7.906381e-04
7892,47.413467,13,7.901675e-04
7893,47.418004,13,7.897137e-04
7894,47.422539,13,7.892578e-04
7895,47.427071,13,7.888106e-04
7896,47.431601,13,7.883684e-04
7897,47.436129,13,7.879299e-04
7898,47.440653,13,7.874925e-04
7899,47.445176,13,7.870495e-04
7900,47.449695,13,7.866095e-04
7901,47.454213,13,7.861724e-04
7902,47.458727,13,7.857293e-04
7903,47.463240,13,7.852939e-04
7904,47.467749,13,7.848615e-04
7905,47.472257,13,7.844203e-04
7906,47.476761,13,7.839781e-04
7907,47.481263,13,7.835341e-04
7908,47.485763,13,7.830806e-04
7909,47.490261,13,7.826279e-04
7910,47.494755,13,7.821716e-04
7911,47.499248,13,7.817216e-04
7912,47.503738,13,7.812657e-04
7913,47.508225,13,7.808129e-04
7914,47.512710,13,7.803604e-04
7915,47.517193,13,7.799072e-04
7916,47.521673,13,7.794507e-04
7917,47.526151,13,7.789917e-04
7918,47.530626,13,7.785363e-04
7919,47.535099,13,7.780764e-04
7920,47.539569,13,7.776237e-04
7921,47.544037,13,7.771587e-04
7922,47.548503,13,7.766965e-04
7923,47.552966,13,7.762319e-04
7924,47.557427,13,7.757543e-04
7925,47.561886,13,7.752817e-04
7926,47.566342,13,7.747987e-04
7927,47.570796,13,7.743232e-04
7928,47.575247,13,7.738447e-04
7929,47.579696,13,7.733695e-04
7930,47.584143,13,7.728869e-04
7931,47.588587,13,7.724023e-04
7932,47.593029,13,7.719151e-04
7933,47.597469,13,7.714238e-04
7934,47.601906,13,7.709271e-04
7935,47.606341,13,7.704328e-04
7936,47.610774,13,7.699365e-04
7937,47.615204,12,9.996781e-04
7938,47.619632,13,7.737325e-04
7939,47.624058,13,7.724417e-04
7940,47.628481,12,9.989371e-04
7941,47.632902,13,7.735196e-04
7942,47.637321,13,7.719669e-04
7943,47.641737,12,9.975825e-04
7944,47.646151,13,7.725420e-04
7945,47.650563,12,9.997407e-04
7946,47.654973,13,7.721170e-04
7947,47.659380,12,9.987595e-04
7948,47.663785,12,9.998909e-04
7949,47.668188,12,9.967310e-04
7950,47.672589,12,9.966471e-04
7951,47.676987,12,9.966034e-04
7952,47.681383,12,9.964615e-04
7953,47.685777,12,9.962050e-04
7954,47.690169,12,9.958129e-04
7955,47.694558,12,9.952823e-04
7956,47.698945,12,9.946527e-04
7957,47.703330,12,9.939308e-04
7958,47.707713,12,9.931728e-04
7959,47.712094,12,9.923870e-04
7960,47.716472,12,9.915908e-04
7961,47.720848,12,9.908000e-04
7962,47.725222,12,9.900098e-04
7963,47.729594,12,9.892211e-04
7964,47.733963,12,9.883982e-04
7965,47.738331,12,9.875976e-04
7966,47.742696,12,9.867691e-04
7967,47.747059,12,9.859291e-04
7968,47.751420,12,9.850823e-04
7969,47.755778,12,9.842217e-04
7970,47.760135,12,9.833700e-04
7971,47.764489,12,9.825254e-04
7972,47.768841,12,9.816835e-04
7973,47.773192,12,9.808541e-04
7974,47.777540,12,9.800275e-04
7975,47.781885,12,9.792118e-04
7976,47.786229,12,9.784122e-04
7977,47.790571,12,9.776316e-04
7978,47.794910,12,9.768638e-04
7979,47.799247,12,9.761050e-04
7980,47.803583,12,9.753611e-04
7981,47.807916,12,9.746167e-04
7982,47.812247,12,9.738845e-04
7983,47.816576,12,9.731554e-04
7984,47.820903,12,9.724316e-04
7985,47.825227,12,9.717131e-04
7986,47.829550,12,9.709947e-04
7987,47.833871,12,9.702809e-04
7988,47.838189,12,9.695760e-04
7989,47.842506,12,9.688646e-04
7990,47.846820,12,9.681478e-04
7991,47.851132,12,9.674204e-04
7992,47.855443,12,9.666808e-04
7993,47.859751,12,9.659455e-04
7994,47.864057,12,9.652046e-04
7995,47.868361,12,9.644542e-04
7996,47.872663,12,9.636961e-04
7997,47.876963,12,9.629357e-04
7998,47.881262,12,9.621714e-04
7999,47.885558,12,9.614027e-04
8000,47.889852,12,9.606320e-04
8001,47.894144,12,9.598554e-04
8002,47.898434,12,9.590815e-04
8003,47.902722,12,9.583071e-04
8004,47.907008,12,9.575306e-04
8005,47.911292,12,9.567633e-04
8006,47.915574,12,9.560038e-04
8007,47.919854,12,9.552354e-04
8008,47.924132,12,9.544790e-04
8009,47.928408,12,9.537140e-04
8010,47.932682,12,9.529579e-04
8011,47.936954,12,9.522128e-04
8012,47.941224,12,9.514813e-04
8013,47.945493,12,9.507452e-04
8014,47.949759,12,9.500115e-04
8015,47.954023,12,9.492921e-04
8016,47.958285,12,9.485718e-04
8017,47.962546,12,9.478418e-04
8018,47.966804,12,9.471162e-04
8019,47.971061,12,9.463949e-04
8020,47.975316,12,9.456548e-04
8021,47.979568,12,9.449187e-04
8022,47.983819,12,9.441698e-04
8023,47.988068,12,9.434393e-04
8024,47.992315,12,9.426904e-04
8025,47.996560,12,9.419407e-04
8026,48.000803,12,9.411902e-04
8027,48.005044,12,9.404212e-04
8028,48.009284,12,9.396551e-04
8029,48.013521,12,9.388923e-04
8030,48.017757,12,9.381276e-04
8031,48.021990,12,9.373585e-04
8032,48.026222,12,9.365923e-04
8033,48.030452,12,9.358261e-04
8034,48.034680,12,9.350639e-04
8035,48.038906,12,9.342963e-04
8036,48.043130,12,9.335328e-04
8037,48.047353,12,9.325827e-04
8038,48.051574,12,9.318113e-04
8039,48.055792,12,9.310428e-04
8040,48.060009,12,9.302783e-04
8041,48.064224,12,9.295237e-04
8042,48.068438,12,9.287562e-04
8043,48.072649,12,9.279851e-04
8044,48.076859,12,9.272239e-04
8045,48.081066,12,9.264554e-04
8046,48.085272,12,9.256949e-04
8047,48.089476,12,9.249403e-04
8048,48.093679,12,9.241872e-04
8049,48.097879,12,9.234348e-04
8050,48.102078,12,9.226859e-04
8051,48.106275,12,9.219390e-04
8052,48.110470,12,9.211991e-04
8053,48.114663,12,9.204578e-04
8054,48.118855,12,9.197168e-04
8055,48.123044,12,9.189773e-04
8056,48.127232,12,9.182432e-04
8057,48.131418,12,9.168170e-04
8058,48.135603,12,9.114729e-04
8059,48.139785,12,9.111235e-04
8060,48.143966,12,9.108740e-04
8061,48.148145,12,9.105279e-04
8062,48.152323,12,9.101244e-04
8063,48.156498,12,9.096594e-04
8064,48.160672,12,9.091409e-04
8065,48.164844,12,9.085655e-04
8066,48.169015,12,9.079320e-04
8067,48.173183,12,9.072432e-04
8068,48.177350,12,9.064885e-04
8069,48.181515,12,9.057134e-04
8070,48.185679,12,9.049056e-04
8071,48.189841,12,9.040825e-04
8072,48.194001,12,9.032471e-04
8073,48.198159,12,9.024009e-04
8074,48.202315,12,9.015556e-04
8075,48.206470,12,9.007085e-04
8076,48.210623,12,8.998765e-04
8077,48.214775,12,8.990570e-04
8078,48.218925,12,8.982519e-04
8079,48.223073,12,8.974500e-04
8080,48.227219,12,8.966576e-04
8081,48.231364,12,8.958824e-04
8082,48.235507,12,8.951144e-04
8083,48.239648,12,8.943647e-04
8084,48.243788,12,8.936211e-04
8085,48.247926,12,8.928957e-04
8086,48.252062,12,8.921789e-04
8087,48.256197,12,8.914709e-04
8088,48.260330,12,8.907693e-04
8089,48.264461,12,8.900652e-04
8090,48.268591,12,8.893561e-04
8091,48.272719,12,8.886435e-04
8092,48.276846,12,8.879266e-04
8093,48.280970,12,8.872011e-04
8094,48.285094,12,8.864664e-04
8095,48.289215,12,8.857243e-04
8096,48.293335,12,8.849668e-04
8097,48.297453,12,8.842021e-04
8098,48.301570,12,8.834106e-04
8099,48.305685,12,8.826042e-04
8100,48.309798,12,8.817842e-04
8101,48.313910,12,8.809459e-04
8102,48.318020,12,8.800843e-04
8103,48.322129,12,8.792283e-04
8104,48.326236,12,8.783629e-04
8105,48.330341,12,8.774871e-04
8106,48.334445,12,8.765582e-04
8107,48.338547,12,8.756714e-04
8108,48.342648,12,8.747707e-04
8109,48.346747,12,8.738655e-04
8110,48.350845,12,8.729574e-04
8111,48.354940,12,8.720472e-04
8112,48.359035,12,8.711369e-04
8113,48.363128,12,8.702295e-04
8114,48.367219,12,8.693231e-04
8115,48.371308,12,8.684213e-04
8116,48.375397,12,8.675220e-04
8117,48.379483,12,8.666215e-04
8118,48.383568,12,8.657258e-04
8119,48.387651,12,8.648330e-04
8120,48.391733,12,8.639485e-04
8121,48.395814,12,8.630732e-04
8122,48.399893,12,8.621944e-04
8123,48.403970,12,8.613195e-04
8124,48.408046,12,8.604491e-04
8125,48.412120,12,8.595780e-04
8126,48.416193,12,8.587094e-04
8127,48.420264,12,8.578417e-04
8128,48.424333,12,8.569720e-04
8129,48.428402,12,8.561027e-04
8130,48.432468,12,8.552309e-04
8131,48.436533,12,8.543574e-04
8132,48.440597,12,8.534884e-04
8133,48.444659,12,8.526116e-04
8134,48.448720,12,8.517317e-04
8135,48.452779,12,8.508538e-04
8136,48.456837,12,8.499696e-04
8137,48.460893,12,8.490778e-04
8138,48.464948,12,8.481803e-04
8139,48.469001,12,8.472803e-04
8140,48.473053,12,8.463812e-04
8141,48.477103,12,8.454811e-04
8142,48.481152,12,8.445774e-04
8143,48.485199,12,8.436584e-04
8144,48.489245,12,8.427338e-04
8145,48.493289,12,8.418220e-04
8146,48.497332,12,8.409136e-04
8147,48.501374,12,8.400123e-04
8148,48.505414,12,8.391083e-04
8149,48.509453,12,8.382039e-04
8150,48.513490,12,8.373022e-04
8151,48.517526,12,8.364058e-04
8152,48.521560,12,8.355067e-04
8153,48.525593,12,8.346113e-04
8154,48.529624,12,8.337187e-04
8155,48.533654,12,8.328194e-04
8156,48.537683,12,8.319216e-04
8157,48.541710,12,8.310173e-04
8158,48.545736,12,8.301188e-04
8159,48.549760,12,8.292216e-04
8160,48.553783,12,8.283241e-04
8161,48.557805,12,8.274271e-04
8162,48.561825,12,8.265309e-04
8163,48.565843,12,8.256349e-04
8164,48.569861,12,8.247394e-04
8165,48.573877,12,8.238381e-04
8166,48.577891,12,8.229406e-04
8167,48.581904,12,8.220393e-04
8168,48.585916,12,8.211376e-04
8169,48.589927,12,8.202323e-04
8170,48.593936,12,8.193338e-04
8171,48.597943,12,8.183267e-04
8172,48.601950,12,8.174052e-04
8173,48.605955,12,8.164926e-04
8174,48.609958,12,8.155826e-04
8175,48.613960,12,8.146622e-04
8176,48.617961,12,8.137402e-04
8177,48.621961,12,8.128057e-04
8178,48.625959,12,8.118817e-04
8179,48.629955,12,8.109573e-04
8180,48.633951,12,8.100308e-04
8181,48.637945,12,8.091033e-04
8182,48.641938,12,8.081761e-04
8183,48.645929,12,8.072511e-04
8184,48.649919,12,8.063253e-04
8185,48.653908,12,8.053937e-04
8186,48.657895,12,8.044658e-04
8187,48.661881,12,8.035486e-04
8188,48.665866,12,8.026293e-04
8189,48.669849,12,8.017120e-04
8190,48.673831,12,8.008006e-04
8191,48.677812,12,7.998878e-04
8192,48.681792,12,7.989774e-04
8193,48.685770,12,7.980722e-04
8194,48.689747,12,7.971676e-04
8195,48.693722,12,7.962597e-04
8196,48.697697,12,7.953542e-04
8197,48.701670,12,7.944442e-04
8198,48.705641,12,7.935389e-04
8199,48.709612,12,7.926351e-04
8200,48.713581,12,7.917327e-04
8201,48.717549,12,7.906153e-04
8202,48.721515,12,7.890399e-04
8203,48.725480,12,7.881645e-04
8204,48.729444,12,7.872976e-04
8205,48.733407,12,7.864162e-04
8206,48.737368,12,7.855306e-04
8207,48.741329,12,7.846498e-04
8208,48.745287,12,7.837647e-04
8209,48.749245,12,7.828782e-04
8210,48.753201,12,7.819886e-04
8211,48.757157,12,7.810958e-04
8212,48.761110,12,7.801992e-04
8213,48.765063,12,7.793050e-04
8214,48.769014,12,7.784121e-04
8215,48.772965,12,7.775123e-04
8216,48.776914,12,7.766135e-04
8217,48.780861,12,7.757092e-04
8218,48.784808,12,7.748097e-04
8219,48.788753,12,7.739103e-04
8220,48.792697,12,7.730144e-04
8221,48.796639,12,7.721207e-04
8222,48.800581,12,7.712323e-04
8223,48.804521,12,7.703418e-04
8224,48.808460,12,7.694528e-04
8225,48.812398,12,7.685678e-04
8226,48.816335,12,7.676852e-04
8227,48.820270,12,7.668076e-04
8228,48.824204,12,7.659324e-04
8229,48.828137,12,7.650599e-04
8230,48.832069,12,7.641878e-04
8231,48.836000,12,7.633179e-04
8232,48.839929,12,7.624517e-04
8233,48.843857,12,7.615043e-04
8234,48.847784,11,9.990453e-04
8235,48.851710,12,7.662296e-04
8236,48.855635,12,7.641429e-04
8237,48.859558,11,9.965577e-04
8238,48.863481,12,7.647120e-04
8239,48.867402,11,9.996735e-04
8240,48.871322,12,7.638299e-04
8241,48.875240,11,9.977765e-04
8242,48.879158,11,9.988708e-04
8243,48.883074,11,9.928745e-04
8244,48.886990,11,9.919589e-04
8245,48.890904,11,9.912511e-04
8246,48.894817,11,9.904864e-04
8247,48.898729,11,9.896352e-04
8248,48.902639,11,9.886923e-04
8249,48.906549,11,9.876582e-04
8250,48.910457,11,9.865396e-04
8251,48.914364,11,9.853522e-04
8252,48.918270,11,9.841159e-04
8253,48.922175,11,9.828434e-04
8254,48.926079,11,9.815619e-04
8255,48.929981,11,9.802790e-04
8256,48.933883,11,9.789959e-04
8257,48.937783,11,9.777234e-04
8258,48.941682,11,9.764531e-04
8259,48.945581,11,9.751905e-04
8260,48.949478,11,9.739336e-04
8261,48.953373,11,9.726783e-04
8262,48.957268,11,9.714312e-04
8263,48.961162,11,9.701889e-04
8264,48.965054,11,9.689504e-04
8265,48.968946,11,9.677178e-04
8266,48.972836,11,9.664944e-04
8267,48.976725,11,9.652772e-04
8268,48.980613,11,9.640670e-04
8269,48.984500,11,9.628718e-04
8270,48.988386,11,9.616833e-04
8271,48.992271,11,9.605034e-04
8272,48.996155,11,9.593269e-04
8273,49.000037,11,9.581575e-04
8274,49.003919,11,9.569907e-04
8275,49.007799,11,9.558422e-04
8276,49.011679,11,9.546859e-04
8277,49.015557,11,9.535343e-04
8278,49.019434,11,9.523834e-04
8279,49.023310,11,9.512386e-04
8280,49.027185,11,9.501007e-04
8281,49.031059,11,9.489733e-04
8282,49.034932,11,9.478506e-04
8283,49.038804,11,9.467308e-04
8284,49.042675,11,9.456189e-04
8285,49.046545,11,9.445106e-04
8286,49.050413,11,9.434050e-04
8287,49.054281,11,9.423046e-04
8288,49.058148,11,9.412027e-04
8289,49.062013,11,9.401024e-04
8290,49.065878,11,9.390046e-04
8291,49.069741,11,9.379052e-04
8292,49.073603,11,9.367236e-04
8293,49.077465,11,9.355744e-04
8294,49.081325,11,9.344660e-04
8295,49.085184,11,9.333289e-04
8296,49.089043,11,9.322262e-04
8297,49.092900,11,9.311103e-04
8298,49.096756,11,9.299931e-04
8299,49.100611,11,9.288743e-04
8300,49.104465,11,9.277582e-04
8301,49.108318,11,9.266410e-04
8302,49.112170,11,9.255308e-04
8303,49.116021,11,9.244162e-04
8304,49.119872,11,9.233107e-04
8305,49.123721,11,9.222021e-04
8306,49.127569,11,9.211034e-04
8307,49.131416,11,9.200089e-04
8308,49.135262,11,9.189199e-04
8309,49.139107,11,9.178341e-04
8310,49.142951,11,9.167553e-04
8311,49.146794,11,9.156798e-04
8312,49.150636,11,9.146148e-04
8313,49.154477,11,9.135461e-04
8314,49.158317,11,9.124818e-04
8315,49.162156,11,9.114175e-04
8316,49.165994,11,9.103623e-04
8317,49.169831,11,9.093150e-04
8318,49.173667,11,9.082710e-04
8319,49.177502,11,9.072238e-04
8320,49.181336,11,9.061772e-04
8321,49.185170,11,9.051348e-04
8322,49.189002,11,9.040951e-04
8323,49.192833,11,9.030569e-04
8324,49.196663,11,9.020221e-04
8325,49.200493,11,9.009899e-04
8326,49.204321,11,8.999594e-04
8327,49.208148,11,8.989276e-04
8328,49.211975,11,8.979006e-04
8329,49.215800,11,8.968781e-04
8330,49.219625,11,8.958573e-04
8331,49.223448,11,8.948435e-04
8332,49.227271,11,8.938309e-04
8333,49.231092,11,8.928153e-04
8334,49.234913,11,8.918074e-04
8335,49.238733,11,8.907994e-04
8336,49.242552,11,8.897938e-04
8337,49.246369,11,8.887928e-04
8338,49.250186,11,8.877973e-04
8339,49.254002,11,8.868119e-04
8340,49.257817,11,8.858238e-04
8341,49.261632,11,8.848383e-04
8342,49.265445,11,8.838589e-04
8343,49.269257,11,8.828834e-04
8344,49.273068,11,8.819106e-04
8345,49.276879,11,8.809492e-04
8346,49.280688,11,8.799912e-04
8347,49.284497,11,8.790388e-04
8348,49.288305,11,8.780913e-04
8349,49.292111,11,8.770324e-04
8350,49.295917,11,8.760858e-04
8351,49.299722,11,8.751557e-04
8352,49.303526,11,8.742337e-04
8353,49.307329,11,8.733170e-04
8354,49.311131,11,8.724004e-04
8355,49.314933,11,8.714894e-04
8356,49.318733,11,8.705840e-04
8357,49.322533,11,8.689375e-04
8358,49.326331,11,8.657789e-04
8359,49.330129,11,8.648262e-04
8360,49.333926,11,8.639882e-04
8361,49.337722,11,8.631296e-04
8362,49.341517,11,8.622742e-04
8363,49.345311,11,8.614265e-04
8364,49.349104,11,8.605913e-04
8365,49.352897,11,8.597659e-04
8366,49.356688,11,8.589511e-04
8367,49.360479,11,8.581508e-04
8368,49.364269,11,8.573598e-04
8369,49.368058,11,8.565800e-04
8370,49.371846,11,8.558101e-04
8371,49.375633,11,8.550514e-04
8372,49.379419,11,8.543016e-04
8373,49.383205,11,8.535632e-04
8374,49.386989,11,8.528369e-04
8375,49.390773,11,8.521242e-04
8376,49.394556,11,8.514205e-04
8377,49.398338,11,8.507301e-04
8378,49.402119,11,8.500455e-04
8379,49.405899,11,8.493736e-04
8380,49.409679,11,8.487132e-04
8381,49.413457,11,8.480624e-04
8382,49.417235,11,8.474261e-04
8383,49.421012,11,8.468015e-04
8384,49.424788,11,8.461835e-04
8385,49.428563,11,8.455763e-04
8386,49.432338,11,8.449822e-04
8387,49.436111,11,8.444016e-04
8388,49.439884,11,8.438312e-04
8389,49.443656,11,8.432670e-04
8390,49.447427,11,8.427148e-04
8391,49.451197,11,8.421746e-04
8392,49.454966,11,8.416445e-04
8393,49.458735,11,8.411293e-04
8394,49.462503,11,8.406206e-04
8395,49.466270,11,8.401219e-04
8396,49.470036,11,8.396381e-04
8397,49.473801,11,8.391646e-04
8398,49.477565,11,8.387010e-04
8399,49.481329,11,8.382187e-04
8400,49.485092,11,8.377747e-04
8401,49.488854,11,8.373441e-04
8402,49.492615,11,8.369242e-04
8403,49.496376,11,8.364370e-04
8404,49.500135,11,8.360107e-04
8405,49.503894,11,8.356246e-04
8406,49.507652,11,8.352429e-04
8407,49.511409,11,8.348719e-04
8408,49.515166,11,8.345128e-04
8409,49.518921,11,8.341619e-04
8410,49.522676,11,8.338221e-04
8411,49.526430,11,8.334902e-04
8412,49.530183,11,8.331730e-04
8413,49.533936,11,8.328653e-04
8414,49.537687,11,8.325677e-04
8415,49.541438,11,8.322827e-04
8416,49.545188,11,8.320089e-04
8417,49.548938,11,8.317472e-04
8418,49.552686,11,8.314946e-04
8419,49.556434,11,8.312519e-04
8420,49.560181,11,8.310241e-04
8421,49.563927,11,8.308080e-04
8422,49.567673,11,8.306023e-04
8423,49.571417,11,8.304070e-04
8424,49.575161,11,8.302228e-04
8425,49.578904,11,8.300534e-04
8426,49.582647,11,8.298939e-04
8427,49.586388,11,8.297524e-04
8428,49.590129,11,8.296134e-04
8429,49.593869,11,8.294876e-04
8430,49.597609,11,8.293744e-04
8431,49.601347,11,8.292708e-04
8432,49.605085,11,8.291773e-04
8433,49.608822,11,8.290961e-04
8434,49.612559,11,8.290229e-04
8435,49.616294,11,8.289654e-04
8436,49.620029,11,8.289189e-04
8437,49.623763,11,8.288834e-04
8438,49.627496,11,8.589261e-04
8439,49.631229,11,8.810772e-04
8440,49.634961,11,8.817677e-04
8441,49.638692,11,8.818578e-04
8442,49.642422,11,8.823260e-04
8443,49.646152,11,8.828301e-04
8444,49.649881,11,8.833449e-04
8445,49.653609,11,8.838673e-04
8446,49.657337,11,8.844012e-04
8447,49.661063,11,8.849554e-04
8448,49.664789,11,8.855234e-04
8449,49.668515,11,8.861022e-04
8450,49.672239,11,8.866972e-04
8451,49.675963,11,8.872987e-04
8452,49.679686,11,8.879141e-04
8453,49.683409,11,8.885427e-04
8454,49.687130,11,8.891832e-04
8455,49.690851,11,8.897873e-04
8456,49.694572,11,8.904334e-04
8457,49.698291,11,8.911123e-04
8458,49.702010,11,8.918068e-04
8459,49.705728,11,8.925160e-04
8460,49.709445,11,8.932408e-04
8461,49.713162,11,8.939812e-04
8462,49.716878,11,8.947384e-04
8463,49.720594,11,8.955147e-04
8464,49.724308,11,8.963070e-04
8465,49.728022,11,8.971151e-04
8466,49.731735,11,8.979410e-04
8467,49.735448,11,8.987889e-04
8468,49.739160,11,8.996561e-04
8469,49.742871,11,9.005437e-04
8470,49.746581,11,9.014503e-04
8471,49.750291,11,9.023786e-04
8472,49.754000,11,9.033307e-04
8473,49.757709,11,9.043052e-04
8474,49.761416,11,9.052968e-04
8475,49.765123,11,9.063095e-04
8476,49.768830,11,9.073466e-04
8477,49.772535,11,9.084035e-04
8478,49.776240,11,9.094857e-04
8479,49.779945,11,9.105902e-04
8480,49.783648,11,9.117140e-04
8481,49.787351,11,9.128642e-04
8482,49.791054,11,9.140360e-04
8483,49.794755,11,9.152314e-04
8484,49.798456,11,9.164509e-04
8485,49.802157,11,9.176931e-04
8486,49.805856,11,9.189602e-04
8487,49.809555,11,9.202475e-04
8488,49.813254,11,9.215598e-04
8489,49.816951,11,9.228972e-04
8490,49.820648,11,9.242563e-04
8491,49.824345,11,9.256396e-04
8492,49.828040,11,9.270484e-04
8493,49.831735,11,9.284810e-04
8494,49.835430,11,9.299382e-04
8495,49.839123,11,9.314222e-04
8496,49.842817,11,9.329337e-04
8497,49.846509,11,9.344675e-04
8498,49.850201,11,9.360271e-04
8499,49.853892,11,9.375827e-04
8500,49.857582,11,9.391981e-04
8501,49.861272,11,9.408371e-04
8502,49.864962,11,9.425022e-04
8503,49.868650,11,9.441936e-04
8504,49.872338,11,9.459180e-04
8505,49.876025,11,9.476240e-04
8506,49.879712,11,9.493941e-04
8507,49.883398,11,9.511967e-04
8508,49.887084,11,9.530278e-04
8509,49.890768,11,9.548871e-04
8510,49.894453,11,9.567734e-04
8511,49.898136,11,9.586888e-04
8512,49.901819,11,9.606337e-04
8513,49.905501,11,9.626086e-04
8514,49.909183,11,9.646111e-04
8515,49.912864,11,9.666427e-04
8516,49.916544,11,9.687051e-04
8517,49.920224,11,9.707973e-04
8518,49.923903,11,9.729199e-04
8519,49.927582,11,9.750780e-04
8520,49.931260,11,9.772623e-04
8521,49.934937,11,9.794778e-04
8522,49.938614,11,9.817238e-04
8523,49.942290,11,9.839999e-04
8524,49.945966,11,9.863093e-04
8525,49.949641,11,9.886488e-04
8526,49.953315,11,9.910199e-04
8527,49.956989,11,9.934209e-04
8528,49.960662,11,9.958557e-04
8529,49.964334,11,9.983216e-04
8530,49.968006,12,8.104500e-04
8531,49.971677,12,8.355997e-04
8532,49.975348,12,8.133614e-04
8533,49.979018,12,8.130879e-04
8534,49.982688,12,8.146052e-04
8535,49.986357,12,8.163495e-04
8536,49.990025,12,8.182979e-04
8537,49.993693,12,8.204277e-04
8538,49.997360,12,8.227258e-04
8539,50.001027,12,8.251671e-04
8540,50.004693,12,8.277230e-04
8541,50.008358,12,8.303474e-04
8542,50.012023,12,8.330120e-04
8543,50.015687,12,8.356999e-04
8544,50.019351,12,8.383984e-04
8545,50.023014,12,8.411068e-04
8546,50.026676,12,8.467033e-04
8547,50.030338,12,8.525922e-04
8548,50.034000,12,8.558125e-04
8549,50.037660,12,8.589089e-04
8550,50.041321,12,8.620295e-04
8551,50.044980,12,8.651220e-04
8552,50.048639,12,8.681663e-04
8553,50.052298,12,8.711874e-04
8554,50.055956,12,8.741752e-04
8555,50.059613,12,8.771268e-04
8556,50.063270,12,8.800463e-04
8557,50.066926,12,8.829383e-04
8558,50.070582,12,8.858111e-04
8559,50.074237,12,8.886732e-04
8560,50.077892,12,8.915345e-04
8561,50.081546,12,8.944020e-04
8562,50.085199,12,8.972822e-04
8563,50.088852,12,9.001797e-04
8564,50.092504,12,9.030972e-04
8565,50.096156,12,9.060598e-04
8566,50.099807,12,9.090758e-04
8567,50.103458,12,9.120629e-04
8568,50.107108,12,9.150699e-04
8569,50.110758,12,9.181012e-04
8570,50.114407,12,9.211574e-04
8571,50.118056,12,9.242388e-04
8572,50.121703,12,9.273477e-04
8573,50.125351,12,9.304856e-04
8574,50.128998,12,9.336537e-04
8575,50.132644,12,9.368518e-04
8576,50.136290,12,9.400837e-04
8577,50.139935,12,9.433497e-04
8578,50.143580,12,9.466506e-04
8579,50.147224,12,9.499879e-04
8580,50.150868,12,9.533618e-04
8581,50.154511,12,9.567725e-04
8582,50.158154,12,9.602210e-04
8583,50.161796,12,9.637081e-04
8584,50.165437,12,9.672347e-04
8585,50.169078,12,9.708005e-04
8586,50.172719,12,9.744069e-04
8587,50.176359,12,9.780537e-04
8588,50.179998,12,9.817419e-04
8589,50.183637,12,9.854719e-04
8590,50.187276,12,9.892456e-04
8591,50.190913,12,9.930618e-04
8592,50.194551,12,9.969206e-04
8593,50.198188,13,8.255378e-04
8594,50.201824,13,8.494529e-04
8595,50.205460,13,8.306695e-04
8596,50.209095,13,8.323470e-04
8597,50.212730,13,8.352651e-04
8598,50.216364,13,8.383628e-04
8599,50.219998,13,8.416297e-04
8600,50.223631,13,8.450541e-04
8601,50.227264,13,8.486216e-04
8602,50.230896,13,8.523082e-04
8603,50.234528,13,8.560860e-04
8604,50.238159,13,8.599290e-04
8605,50.241790,13,8.638184e-04
8606,50.245420,13,8.677450e-04
8607,50.249050,13,8.717056e-04
8608,50.252679,13,8.757030e-04
8609,50.256308,13,8.797420e-04
8610,50.259936,13,8.838268e-04
8611,50.263564,13,8.879602e-04
8612,50.267191,13,8.916808e-04
8613,50.270818,13,8.959038e-04
8614,50.274444,13,9.002033e-04
8615,50.278070,13,9.045502e-04
8616,50.281696,13,9.089417e-04
8617,50.285320,13,9.133776e-04
8618,50.288945,13,9.178584e-04
8619,50.292568,13,9.223841e-04
8620,50.296192,13,9.269559e-04
8621,50.299815,13,9.323621e-04
8622,50.303437,13,9.379270e-04
8623,50.307059,13,9.427023e-04
8624,50.310680,13,9.475239e-04
8625,50.314301,13,9.524228e-04
8626,50.317922,13,9.573907e-04
8627,50.321542,13,9.624255e-04
8628,50.325161,13,9.675284e-04
8629,50.328780,13,9.727015e-04
8630,50.332399,13,9.779392e-04
8631,50.336017,13,9.832421e-04
8632,50.339635,13,9.587455e-04
8633,50.343252,13,9.318161e-04
8634,50.346868,13,9.316806e-04
8635,50.350485,13,9.319477e-04
8636,50.354100,13,9.319539e-04
8637,50.357716,13,9.319019e-04
8638,50.361330,13,9.318018e-04
8639,50.364945,13,9.316552e-04
8640,50.368559,13,9.314940e-04
8641,50.372172,13,9.312498e-04
8642,50.375785,13,9.309568e-04
8643,50.379398,13,9.306188e-04
8644,50.383010,13,9.302355e-04
8645,50.386621,13,9.298072e-04
8646,50.390232,13,9.293338e-04
8647,50.393843,13,9.288168e-04
8648,50.397453,13,9.282568e-04
8649,50.401063,13,9.276539e-04
8650,50.404672,13,9.270094e-04
8651,50.408281,13,9.263253e-04
8652,50.411890,13,9.256014e-04
8653,50.415497,13,9.248375e-04
8654,50.419105,13,9.240355e-04
8655,50.422712,13,9.231964e-04
8656,50.426319,13,9.223212e-04
8657,50.429925,13,9.214115e-04
8658,50.433531,13,9.204688e-04
8659,50.437136,13,9.194945e-04
8660,50.440741,13,9.184900e-04
8661,50.444345,13,9.174573e-04
8662,50.447949,13,9.163987e-04
8663,50.451553,13,9.153160e-04
8664,50.455156,13,9.142103e-04
8665,50.458758,13,9.130832e-04
8666,50.462360,13,9.119370e-04
8667,50.465962,13,9.107732e-04
8668,50.469564,13,9.095924e-04
8669,50.473164,13,9.083976e-04
8670,50.476765,13,9.071894e-04
8671,50.480365,13,9.059690e-04
8672,50.483965,13,9.047374e-04
8673,50.487564,13,9.034954e-04
8674,50.491163,13,9.022448e-04
8675,50.494761,13,9.009855e-04
8676,50.498359,13,8.997196e-04
8677,50.501956,13,8.984476e-04
8678,50.505553,13,8.971700e-04
8679,50.509150,13,8.958877e-04
8680,50.512746,13,8.946016e-04
8681,50.516342,13,8.933120e-04
8682,50.519937,13,8.920202e-04
8683,50.523532,13,8.907266e-04
8684,50.527127,13,8.894323e-04
8685,50.530721,13,8.881373e-04
8686,50.534315,13,8.868426e-04
8687,50.537908,13,8.855489e-04
8688,50.541501,13,8.842417e-04
8689,50.545093,13,8.829548e-04
8690,50.548685,13,8.816683e-04
8691,50.552277,13,8.803856e-04
8692,50.555868,13,8.791075e-04
8693,50.559459,13,8.778347e-04
8694,50.563049,13,8.765671e-04
8695,50.566639,13,8.753070e-04
8696,50.570229,13,8.746221e-04
8697,50.573818,13,8.740653e-04
8698,50.577407,13,8.728162e-04
8699,50.580995,13,8.715570e-04
8700,50.584583,13,8.703019e-04
8701,50.588171,13,8.690618e-04
8702,50.591758,13,8.678382e-04
8703,50.595345,13,8.666255e-04
8704,50.598931,13,8.654237e-04
8705,50.602517,13,8.642332e-04
8706,50.606103,13,8.630547e-04
8707,50.609688,13,8.618882e-04
8708,50.613273,13,8.607337e-04
8709,50.616857,13,8.595920e-04
8710,50.620441,13,8.584628e-04
8711,50.624025,13,8.573466e-04
8712,50.627608,13,8.562439e-04
8713,50.631191,13,8.551543e-04
8714,50.634773,13,8.540799e-04
8715,50.638355,13,8.530212e-04
8716,50.641937,13,8.519750e-04
8717,50.645518,13,8.509423e-04
8718,50.649099,13,8.499231e-04
8719,50.652680,13,8.489175e-04
8720,50.656260,13,8.479251e-04
8721,50.659839,13,8.469463e-04
8722,50.663419,13,8.455068e-04
8723,50.666998,13,8.441346e-04
8724,50.670576,13,8.431426e-04
8725,50.674154,13,8.421682e-04
8726,50.677732,13,8.412021e-04
8727,50.681310,13,8.402472e-04
8728,50.684887,13,8.393037e-04
8729,50.688464,13,8.383710e-04
8730,50.692040,13,8.374490e-04
8731,50.695616,13,8.365377e-04
8732,50.699191,13,8.356363e-04
8733,50.702767,13,8.347477e-04
8734,50.706341,13,8.338672e-04
8735,50.709916,13,8.545343e-04
8736,50.713490,13,8.684660e-04
8737,50.717064,13,8.705346e-04
8738,50.720637,13,8.724066e-04
8739,50.724210,13,8.743278e-04
8740,50.727783,13,8.761971e-04
8741,50.731355,13,8.780103e-04
8742,50.734927,13,8.797694e-04
8743,50.738498,13,8.814750e-04
8744,50.742070,13,8.831276e-04
8745,50.745640,13,8.847282e-04
8746,50.749211,13,8.862772e-04
8747,50.752781,13,8.877745e-04
8748,50.756351,13,8.892215e-04
8749,50.759920,13,8.906175e-04
8750,50.763489,13,8.919621e-04
8751,50.767058,13,8.932552e-04
8752,50.770626,13,8.944958e-04
8753,50.774194,13,8.956842e-04
8754,50.777762,13,8.968191e-04
8755,50.781329,13,8.978998e-04
8756,50.784896,13,8.989262e-04
8757,50.788462,13,8.998975e-04
8758,50.792028,13,9.008131e-04
8759,50.795594,13,9.016726e-04
8760,50.799160,13,9.024751e-04
8761,50.802725,13,9.032205e-04
8762,50.806290,13,9.039080e-04
8763,50.809854,13,9.045375e-04
8764,50.813418,13,9.051082e-04
8765,50.816982,13,9.056199e-04
8766,50.820545,13,9.060728e-04
8767,50.824108,13,9.064664e-04
8768,50.827671,13,9.068007e-04
8769,50.831233,13,9.070757e-04
8770,50.834795,13,9.072915e-04
8771,50.838357,13,9.074484e-04
8772,50.841918,13,9.075465e-04
8773,50.845480,13,9.074476e-04
8774,50.849040,13,9.079501e-04
8775,50.852601,13,9.082928e-04
8776,50.856161,13,9.084499e-04
8777,50.859720,13,9.085670e-04
8778,50.863280,13,9.085943e-04
8779,50.866839,13,9.085315e-04
8780,50.870397,13,9.083801e-04
8781,50.873956,13,9.081406e-04
8782,50.877514,13,9.078139e-04
8783,50.881071,13,9.074023e-04
8784,50.884629,13,9.069090e-04
8785,50.888186,13,9.063379e-04
8786,50.891742,13,9.056931e-04
8787,50.895299,13,9.049781e-04
8788,50.898855,13,9.041960e-04
8789,50.902410,13,9.033495e-04
8790,50.905966,13,9.024408e-04
8791,50.909521,13,9.014719e-04
8792,50.913075,13,9.004449e-04
8793,50.916630,13,8.993609e-04
8794,50.920184,13,8.982214e-04
8795,50.923738,13,8.970279e-04
8796,50.927291,13,8.957853e-04
8797,50.930844,13,8.944903e-04
8798,50.934397,13,8.931447e-04
8799,50.937950,13,8.917497e-04
8800,50.941502,13,8.901757e-04
8801,50.945054,13,8.886464e-04
8802,50.948605,13,8.871088e-04
8803,50.952156,13,8.855258e-04
8804,50.955707,13,8.838974e-04
8805,50.959258,13,8.822247e-04
8806,50.962808,13,8.805086e-04
8807,50.966358,13,8.787498e-04
8808,50.969908,13,8.769492e-04
8809,50.973457,13,8.751085e-04
8810,50.977006,13,8.732287e-04
8811,50.980555,13,8.713106e-04
8812,50.984103,13,8.693525e-04
8813,50.987651,13,8.673573e-04
8814,50.991199,13,8.653267e-04
8815,50.994747,13,8.632621e-04
8816,50.998294,13,8.611642e-04
8817,51.001841,13,8.590347e-04
8818,51.005387,13,8.568760e-04
8819,51.008934,13,8.546883e-04
8820,51.012480,13,8.524737e-04
8821,51.016025,13,8.502339e-04
8822,51.019571,13,8.479706e-04
8823,51.023116,13,8.456854e-04
8824,51.026661,13,8.433799e-04
8825,51.030205,13,8.410558e-04
8826,51.033749,13,8.387149e-04
8827,51.037293,13,8.363589e-04
8828,51.040837,13,8.339893e-04
8829,51.044380,13,8.316077e-04
8830,51.047923,13,8.292157e-04
8831,51.051466,13,8.268153e-04
8832,51.055008,12,9.972978e-04
8833,51.058550,13,8.467056e-04
8834,51.062092,13,8.410903e-04
8835,51.065634,12,9.909831e-04
8836,51.069175,13,8.397753e-04
8837,51.072716,13,8.337370e-04
8838,51.076256,12,9.823836e-04
8839,51.079797,13,8.322330e-04
8840,51.083337,12,9.992131e-04
8841,51.086877,13,8.272276e-04
8842,51.090416,12,9.930336e-04
8843,51.093955,12,9.944286e-04
8844,51.097494,12,9.684060e-04
8845,51.101033,12,9.630644e-04
8846,51.104571,12,9.603002e-04
8847,51.108109,12,9.306917e-04
8848,51.111647,12,8.899522e-04
8849,51.115185,12,8.894504e-04
8850,51.118722,12,8.897036e-04
8851,51.122259,12,8.894957e-04
8852,51.125796,12,8.891674e-04
8853,51.129332,12,8.887647e-04
8854,51.132868,12,8.883016e-04
8855,51.136404,12,8.877930e-04
8856,51.139940,12,8.872801e-04
8857,51.143475,12,8.867198e-04
8858,51.147010,12,8.861370e-04
8859,51.150545,12,8.855311e-04
8860,51.154079,12,8.849226e-04
8861,51.157613,12,8.843210e-04
8862,51.161147,12,8.837234e-04
8863,51.164681,12,8.831378e-04
8864,51.168214,12,8.825708e-04
8865,51.171747,12,8.820293e-04
8866,51.175280,12,8.815210e-04
8867,51.178813,12,8.810530e-04
8868,51.182345,12,8.806312e-04
8869,51.185877,12,9.207333e-04
8870,51.189409,12,9.271233e-04
8871,51.192940,12,9.183252e-04
8872,51.196472,12,9.191364e-04
8873,51.200003,12,9.206162e-04
8874,51.203533,12,9.221605e-04
8875,51.207064,12,9.238782e-04
8876,51.210594,12,9.257881e-04
8877,51.214124,12,9.278956e-04
8878,51.217653,12,9.300862e-04
8879,51.221183,12,9.317304e-04
8880,51.224712,12,9.334577e-04
8881,51.228241,12,9.354304e-04
8882,51.231769,12,9.376531e-04
8883,51.235298,12,9.401318e-04
8884,51.238826,12,9.428724e-04
8885,51.242354,12,9.458844e-04
8886,51.245881,12,9.491674e-04
8887,51.249409,12,9.527275e-04
8888,51.252936,12,9.565695e-04
8889,51.256462,12,9.606960e-04
8890,51.259989,12,9.651097e-04
8891,51.263515,12,9.698128e-04
8892,51.267041,12,9.748072e-04
8893,51.270567,12,9.800945e-04
8894,51.274093,12,9.856752e-04
8895,51.277618,12,9.915508e-04
8896,51.281143,12,9.977199e-04
8897,51.284668,13,8.316441e-04
8898,51.288192,13,8.564817e-04
8899,51.291716,13,8.419628e-04
8900,51.295241,13,8.467377e-04
8901,51.298764,13,8.528163e-04
8902,51.302288,13,8.592303e-04
8903,51.305811,13,8.659672e-04
8904,51.309334,13,8.730128e-04
8905,51.312857,13,8.803521e-04
8906,51.316379,13,8.879641e-04
8907,51.319902,13,8.958246e-04
8908,51.323424,13,9.039114e-04
8909,51.326946,13,9.122063e-04
8910,51.330467,13,9.206981e-04
8911,51.333989,13,9.293815e-04
8912,51.337510,13,9.382545e-04
8913,51.341031,13,9.473159e-04
8914,51.344551,13,9.565640e-04
8915,51.348071,13,9.659962e-04
8916,51.351592,13,9.756086e-04
8917,51.355112,13,9.853969e-04
8918,51.358631,13,9.953556e-04
8919,51.362151,14,8.357648e-04
8920,51.365670,14,8.596498e-04
8921,51.369189,14,8.518903e-04
8922,51.372707,14,8.598365e-04
8923,51.376226,14,8.685462e-04
8924,51.379744,14,8.774509e-04
8925,51.383262,14,8.865436e-04
8926,51.386780,14,8.958124e-04
8927,51.390297,14,9.052425e-04
8928,51.393815,14,9.148137e-04
8929,51.397332,14,9.245049e-04
8930,51.400849,14,9.342975e-04
8931,51.404365,14,9.441780e-04
8932,51.407882,14,9.541386e-04
8933,51.411398,14,9.641757e-04
8934,51.414914,14,9.742874e-04
8935,51.418429,14,9.844726e-04
8936,51.421945,14,9.947298e-04
8937,51.425460,15,8.368169e-04
8938,51.428975,15,8.568255e-04
8939,51.432490,15,8.531329e-04
8940,51.436004,15,8.613349e-04
8941,51.439519,15,8.699498e-04
8942,51.443033,15,8.786727e-04
8943,51.446547,15,8.874994e-04
8944,51.450060,15,8.964213e-04
8945,51.453574,15,9.054259e-04
8946,51.457087,15,9.144990e-04
8947,51.460600,15,9.236247e-04
8948,51.464113,15,9.327900e-04
8949,51.467625,15,9.419881e-04
8950,51.471137,15,9.512161e-04
8951,51.474649,15,9.605029e-04
8952,51.478161,15,9.698036e-04
8953,51.481673,15,9.791167e-04
8954,51.485184,15,9.884565e-04
8955,51.488696,15,9.978237e-04
8956,51.492207,16,8.392471e-04
8957,51.495717,16,8.553065e-04
8958,51.499228,16,8.540398e-04
8959,51.502738,16,8.615332e-04
8960,51.506248,16,8.692498e-04
8961,51.509758,16,8.770337e-04
8962,51.513268,16,8.873975e-04
8963,51.516778,16,8.956780e-04
8964,51.520287,16,9.036643e-04
8965,51.523796,16,9.117271e-04
8966,51.527305,16,9.198294e-04
8967,51.530813,16,9.279610e-04
8968,51.534322,16,9.361171e-04
8969,51.537830,16,9.442960e-04
8970,51.541338,16,9.524974e-04
8971,51.544846,16,9.607213e-04
8972,51.548353,16,9.689675e-04
8973,51.551861,16,9.772353e-04
8974,51.555368,16,9.855231e-04
8975,51.558875,16,9.938306e-04
8976,51.562382,17,8.353181e-04
8977,51.565888,17,8.480339e-04
8978,51.569395,17,8.484725e-04
8979,51.572901,17,8.551833e-04
8980,51.576407,17,8.620322e-04
8981,51.579912,17,8.689414e-04
8982,51.583418,17,8.759084e-04
8983,51.586923,17,8.829255e-04
8984,51.590428,17,8.899814e-04
8985,51.593933,17,8.979141e-04
8986,51.597438,17,9.054183e-04
8987,51.600942,17,9.125134e-04
8988,51.604447,17,8.950960e-04
8989,51.607951,17,8.840760e-04
8990,51.611455,17,8.860197e-04
8991,51.614958,17,8.878118e-04
8992,51.618462,17,8.893899e-04
8993,51.621965,17,8.907773e-04
8994,51.625468,17,8.919755e-04
8995,51.628971,17,8.929850e-04
8996,51.632474,17,8.938065e-04
8997,51.635976,17,8.944414e-04
8998,51.639479,17,8.948915e-04
8999,51.642981,17,8.951592e-04
9000,51.646483,17,8.952473e-04
9001,51.649984,17,8.951589e-04
9002,51.653486,17,8.948970e-04
9003,51.656987,17,8.944644e-04
9004,51.660489,17,8.938638e-04
9005,51.663989,17,8.930975e-04
9006,51.667490,17,8.921676e-04
9007,51.670991,17,8.910766e-04
9008,51.674491,17,8.898268e-04
9009,51.677991,17,8.884204e-04
9010,51.681491,17,8.868603e-04
9011,51.684991,17,8.851467e-04
9012,51.688491,17,8.832888e-04
9013,51.691990,17,8.807778e-04
9014,51.695490,17,8.782480e-04
9015,51.698989,17,8.759254e-04
9016,51.702487,17,8.734695e-04
9017,51.705986,17,8.708821e-04
9018,51.709485,17,8.681679e-04
9019,51.712983,17,8.653306e-04
9020,51.716481,17,8.623739e-04
9021,51.719979,17,8.593027e-04
9022,51.723477,17,8.561198e-04
9023,51.726974,17,8.528296e-04
9024,51.730472,17,8.494362e-04
9025,51.733969,17,8.459380e-04
9026,51.737466,17,8.423506e-04
9027,51.740963,17,8.386755e-04
9028,51.744460,17,8.349128e-04
9029,51.747956,16,9.976128e-04
9030,51.751452,17,8.347729e-04
9031,51.754948,16,9.959928e-04
9032,51.758444,16,9.923397e-04
9033,51.761940,16,9.793459e-04
9034,51.765436,16,9.741662e-04
9035,51.768931,16,9.691173e-04
9036,51.772426,16,9.639694e-04
9037,51.775922,16,9.587305e-04
9038,51.779416,16,9.534103e-04
9039,51.782911,16,9.480202e-04
9040,51.786406,16,9.425727e-04
9041,51.789900,16,9.370783e-04
9042,51.793394,16,9.315455e-04
9043,51.796888,16,9.259805e-04
9044,51.800382,16,9.203877e-04
9045,51.803876,16,9.147704e-04
9046,51.807369,16,9.091318e-04
9047,51.810863,16,9.034748e-04
9048,51.814356,16,8.978030e-04
9049,51.817849,16,8.921201e-04
9050,51.821342,16,8.864298e-04
9051,51.824834,16,8.807356e-04
9052,51.828327,16,8.750203e-04
9053,51.831819,16,8.692274e-04
9054,51.835311,16,8.635387e-04
9055,51.838803,16,8.578580e-04
9056,51.842295,16,8.521861e-04
9057,51.845787,16,8.465253e-04
9058,51.849278,16,8.408780e-04
9059,51.852770,16,8.352466e-04
9060,51.856261,15,9.966326e-04
9061,51.859752,16,8.345364e-04
9062,51.863243,15,9.941078e-04
9063,51.866733,15,9.890907e-04
9064,51.870224,15,9.716004e-04
9065,51.873714,15,9.647037e-04
9066,51.877205,15,9.582623e-04
9067,51.880695,15,9.518297e-04
9068,51.884185,15,9.454107e-04
9069,51.887674,15,9.390119e-04
9070,51.891164,15,9.326437e-04
9071,51.894653,15,9.263168e-04
9072,51.898143,15,9.200410e-04
9073,51.901632,15,9.138238e-04
9074,51.905121,15,9.076692e-04
9075,51.908609,15,9.015792e-04
9076,51.912098,15,8.955540e-04
9077,51.915586,15,8.895933e-04
9078,51.919075,15,8.836924e-04
9079,51.922563,15,8.778625e-04
9080,51.926051,15,8.720977e-04
9081,51.929539,15,8.663988e-04
9082,51.933027,15,8.607666e-04
9083,51.936514,15,8.552042e-04
9084,51.940002,15,8.497098e-04
9085,51.943489,15,8.442844e-04
9086,51.946976,15,8.389279e-04
9087,51.950463,15,8.336400e-04
9088,51.953950,14,9.963634e-04
9089,51.957436,15,8.373137e-04
9090,51.960923,14,9.986203e-04
9091,51.964409,14,9.948775e-04
9092,51.967896,14,9.746391e-04
9093,51.971382,14,9.681282e-04
9094,51.974868,14,9.624859e-04
9095,51.978353,14,9.568927e-04
9096,51.981839,14,9.513467e-04
9097,51.985324,14,9.458509e-04
9098,51.988810,14,9.404144e-04
9099,51.992295,14,9.667987e-04
9100,51.995780,14,9.809079e-04
9101,51.999265,14,9.782815e-04
9102,52.002750,14,9.754805e-04
9103,52.006235,14,9.727309e-04
9104,52.009719,14,9.699329e-04
9105,52.013203,14,9.670829e-04
9106,52.016688,14,9.641803e-04
9107,52.020172,14,9.612264e-04
9108,52.023656,14,9.582206e-04
9109,52.027140,14,9.551535e-04
9110,52.030623,14,9.520364e-04
9111,52.034107,14,9.488696e-04
9112,52.037590,14,9.456539e-04
9113,52.041073,14,9.424204e-04
9114,52.044557,14,9.391471e-04
9115,52.048040,14,9.358349e-04
9116,52.051522,14,9.324851e-04
9117,52.055005,14,9.290993e-04
9118,52.058488,14,9.256805e-04
9119,52.061970,14,9.222318e-04
9120,52.065453,14,9.187545e-04
9121,52.068935,14,9.152476e-04
9122,52.072417,14,9.117178e-04
9123,52.075899,14,9.081691e-04
9124,52.079381,14,9.046061e-04
9125,52.082862,14,9.010327e-04
9126,52.086344,14,8.974533e-04
9127,52.089825,14,8.938718e-04
9128,52.093306,14,8.902916e-04
9129,52.096788,14,8.867169e-04
9130,52.100269,14,8.831516e-04
9131,52.103750,14,8.795995e-04
9132,52.107230,14,8.760646e-04
9133,52.110711,14,8.725510e-04
9134,52.114192,14,8.702692e-04
9135,52.117672,14,8.725037e-04
9136,52.121152,14,8.698022e-04
9137,52.124632,14,8.671014e-04
9138,52.128112,14,8.645510e-04
9139,52.131592,14,8.621195e-04
9140,52.135072,14,8.598118e-04
9141,52.138552,14,8.576313e-04
9142,52.142031,14,8.556104e-04
9143,52.145511,14,8.537363e-04
9144,52.148990,14,8.520109e-04
9145,52.152469,14,8.504511e-04
9146,52.155948,14,8.490666e-04
9147,52.159427,14,8.449704e-04
9148,52.162906,14,8.416573e-04
9149,52.166385,14,8.397027e-04
9150,52.169863,14,8.385998e-04
9151,52.173342,14,8.377380e-04
9152,52.176820,14,8.371336e-04
9153,52.180298,13,9.916199e-04
9154,52.183776,13,9.567818e-04
9155,52.187254,13,9.429386e-04
9156,52.190732,13,9.474107e-04
9157,52.194210,13,9.532844e-04
9158,52.197687,13,9.610269e-04
9159,52.201165,13,9.665835e-04
9160,52.204642,13,9.722679e-04
9161,52.208119,13,9.781633e-04
9162,52.211597,13,9.842762e-04
9163,52.215074,13,9.906337e-04
9164,52.218551,13,9.972614e-04
9165,52.222027,14,8.322503e-04
9166,52.225504,14,8.498844e-04
9167,52.228981,14,8.431074e-04
9168,52.232457,14,8.488697e-04
9169,52.235933,14,8.553985e-04
9170,52.239410,14,8.622792e-04
9171,52.242886,14,8.695097e-04
9172,52.246362,14,8.770845e-04
9173,52.249838,14,8.849920e-04
9174,52.253313,14,8.932153e-04
9175,52.256789,14,9.017365e-04
9176,52.260265,14,9.105423e-04
9177,52.263740,14,9.196250e-04
9178,52.267215,14,9.289331e-04
9179,52.270691,14,9.380393e-04
9180,52.274166,14,9.473445e-04
9181,52.277641,14,9.569851e-04
9182,52.281116,14,9.669606e-04
9183,52.284590,14,9.772547e-04
9184,52.288065,14,9.878858e-04
9185,52.291540,14,9.988423e-04
9186,52.295014,15,8.392432e-04
9187,52.298488,15,8.586723e-04
9188,52.301963,15,8.581058e-04
9189,52.305437,15,8.677750e-04
9190,52.308911,15,8.780412e-04
9191,52.312385,15,8.885919e-04
9192,52.315858,15,8.994369e-04
9193,52.319332,15,9.068582e-04
9194,52.322806,15,9.113332e-04
9195,52.326279,15,9.232203e-04
9196,52.329753,15,9.353522e-04
9197,52.333226,15,9.476810e-04
9198,52.336699,15,9.601990e-04
9199,52.340172,15,9.729099e-04
9200,52.343645,15,9.858072e-04
9201,52.347118,15,9.988888e-04
9202,52.350590,16,8.424649e-04
9203,52.354063,16,8.610450e-04
9204,52.357536,16,8.640508e-04
9205,52.361008,16,8.751711e-04
9206,52.364480,16,8.866260e-04
9207,52.367952,16,8.982661e-04
9208,52.371424,16,9.100821e-04
9209,52.374896,16,9.220582e-04
9210,52.378368,16,9.341747e-04
9211,52.381840,16,9.464109e-04
9212,52.385312,16,9.615512e-04
9213,52.388783,16,9.749868e-04
9214,52.392255,16,9.875741e-04
9215,52.395726,17,8.332702e-04
9216,52.399197,17,8.501376e-04
9217,52.402668,17,8.553388e-04
9218,52.406139,17,8.659159e-04
9219,52.409610,17,8.766910e-04
9220,52.413081,17,8.875869e-04
9221,52.416552,17,8.985910e-04
9222,52.420022,17,9.096878e-04
9223,52.423493,17,9.208582e-04
9224,52.426963,17,9.320852e-04
9225,52.430433,17,9.433571e-04
9226,52.433904,17,9.546683e-04
9227,52.437374,17,9.660167e-04
9228,52.440843,17,9.774071e-04
9229,52.444313,17,9.888389e-04
9230,52.447783,18,8.336344e-04
9231,52.451253,18,8.470921e-04
9232,52.454722,18,8.522243e-04
9233,52.458192,18,8.616908e-04
9234,52.461661,18,8.712648e-04
9235,52.465130,18,8.809033e-04
9236,52.468599,18,8.905985e-04
9237,52.472068,18,9.003384e-04
9238,52.475537,18,9.101090e-04
9239,52.479006,18,9.198991e-04
9240,52.482474,18,9.297021e-04
9241,52.485943,18,9.395161e-04
9242,52.489411,18,9.353661e-04
9243,52.492880,18,9.291679e-04
9244,52.496348,18,9.339017e-04
9245,52.499816,18,9.384121e-04
9246,52.503284,18,9.426487e-04
9247,52.506752,18,9.462337e-04
9248,52.510220,18,9.494863e-04
9249,52.513687,18,9.528751e-04
9250,52.517155,18,9.559911e-04
9251,52.520623,18,9.588306e-04
9252,52.524090,18,9.613920e-04
9253,52.527557,18,9.636780e-04
9254,52.531024,18,9.656873e-04
9255,52.534491,18,9.673810e-04
9256,52.537958,18,9.687777e-04
9257,52.541425,18,9.699615e-04
9258,52.544892,18,9.708726e-04
9259,52.548358,18,9.715118e-04
9260,52.551825,18,9.718804e-04
9261,52.555291,18,9.719803e-04
9262,52.558757,18,9.718133e-04
9263,52.562224,18,9.713820e-04
9264,52.565690,18,9.706890e-04
9265,52.569156,18,9.697375e-04
9266,52.572621,18,9.685310e-04
9267,52.576087,18,9.670728e-04
9268,52.579553,18,9.653670e-04
9269,52.583018,18,9.634175e-04
9270,52.586483,18,9.612288e-04
9271,52.589949,18,9.588054e-04
9272,52.593414,18,9.561520e-04
9273,52.596879,18,9.532736e-04
9274,52.600344,18,9.501755e-04
9275,52.603809,18,9.468630e-04
9276,52.607273,18,9.433418e-04
9277,52.610738,18,9.396176e-04
9278,52.614202,18,9.356963e-04
9279,52.617667,18,9.315813e-04
9280,52.621131,18,9.272813e-04
9281,52.624595,18,9.228024e-04
9282,52.628059,18,9.181507e-04
9283,52.631523,18,9.133325e-04
9284,52.634987,18,9.083539e-04
9285,52.638450,18,9.032213e-04
9286,52.641914,18,8.979412e-04
9287,52.645377,18,8.925198e-04
9288,52.648840,18,8.869639e-04
9289,52.652304,18,8.812798e-04
9290,52.655767,18,8.754742e-04
9291,52.659230,18,8.695536e-04
9292,52.662692,18,8.635246e-04
9293,52.666155,18,8.573936e-04
9294,52.669618,18,8.511689e-04
9295,52.673080,18,8.448550e-04
9296,52.676543,18,8.384584e-04
9297,52.680005,17,9.989049e-04
9298,52.683467,17,9.974533e-04
9299,52.686929,17,9.837615e-04
9300,52.690391,17,9.757874e-04
9301,52.693852,17,9.677914e-04
9302,52.697314,17,9.597088e-04
9303,52.700776,17,9.515480e-04
9304,52.704237,17,9.433225e-04
9305,52.707698,17,9.350497e-04
9306,52.711159,17,9.267468e-04
9307,52.714620,17,9.184265e-04
9308,52.718081,17,9.100978e-04
9309,52.721542,17,9.017665e-04
9310,52.725003,17,8.934366e-04
9311,52.728463,17,8.851109e-04
9312,52.731924,17,8.767931e-04
9313,52.735384,17,8.684875e-04
9314,52.738844,17,8.601993e-04
9315,52.742304,17,8.519344e-04
9316,52.745764,17,8.436991e-04
9317,52.749224,17,8.354991e-04
9318,52.752683,16,9.939205e-04
9319,52.756143,16,9.929978e-04
9320,52.759602,16,9.754020e-04
9321,52.763061,16,9.657778e-04
9322,52.766521,16,9.563233e-04
9323,52.769980,16,9.468974e-04
9324,52.773438,16,9.375055e-04
9325,52.776897,16,9.281641e-04
9326,52.780356,16,9.188861e-04
9327,52.783814,16,9.096890e-04
9328,52.787273,16,9.005863e-04
9329,52.790731,16,8.915869e-04
9330,52.794189,16,8.826954e-04
9331,52.797647,16,8.739130e-04
9332,52.801105,16,8.652404e-04
9333,52.804562,16,8.566788e-04
9334,52.808020,16,8.482277e-04
9335,52.811477,16,8.398892e-04
9336,52.814935,16,8.316664e-04
9337,52.818392,15,9.904039e-04
9338,52.821849,15,9.926295e-04
9339,52.825306,15,9.727562e-04
9340,52.828763,15,9.634186e-04
9341,52.832219,15,9.544525e-04
9342,52.835676,15,9.455972e-04
9343,52.839132,15,9.368556e-04
9344,52.842589,15,9.282343e-04
9345,52.846045,15,9.197485e-04
9346,52.849501,15,9.114165e-04
9347,52.852957,15,9.032541e-04
9348,52.856412,15,8.952656e-04
9349,52.859868,15,8.874672e-04
9350,52.863323,15,8.798525e-04
9351,52.866779,15,8.724228e-04
9352,52.870234,15,8.651764e-04
9353,52.873689,15,8.589348e-04
9354,52.877144,15,8.934229e-04
9355,52.880599,15,8.883807e-04
9356,52.884053,15,8.809133e-04
9357,52.887508,15,8.759309e-04
9358,52.890962,15,8.710423e-04
9359,52.894416,15,8.662569e-04
9360,52.897871,15,8.615823e-04
9361,52.901325,15,8.570288e-04
9362,52.904778,15,8.526067e-04
9363,52.908232,15,8.483260e-04
9364,52.911686,15,8.441966e-04
9365,52.915139,15,8.402293e-04
9366,52.918592,15,8.364350e-04
9367,52.922046,15,8.328256e-04
9368,52.925499,14,9.986429e-04
9369,52.928952,15,8.358332e-04
9370,52.932404,15,8.305772e-04
9371,52.935857,14,9.861246e-04
9372,52.939309,14,9.958328e-04
9373,52.942762,14,9.804525e-04
9374,52.946214,14,9.773104e-04
9375,52.949666,14,9.749040e-04
9376,52.953118,14,9.728493e-04
9377,52.956570,14,9.711698e-04
9378,52.960022,14,9.698858e-04
9379,52.963473,14,9.690208e-04
9380,52.966925,14,9.686024e-04
9381,52.970376,14,9.686628e-04
9382,52.973827,14,9.692235e-04
9383,52.977278,14,9.703005e-04
9384,52.980729,14,9.719069e-04
9385,52.984180,14,9.740541e-04
9386,52.987630,14,9.767490e-04
9387,52.991081,14,9.365859e-04
9388,52.994531,14,9.089377e-04
9389,52.997982,14,9.182774e-04
9390,53.001432,14,9.282603e-04
9391,53.004882,14,9.384290e-04
9392,53.008331,14,9.489638e-04
9393,53.011781,14,9.598690e-04
9394,53.015231,14,9.711489e-04
9395,53.018680,14,9.828068e-04
9396,53.022130,14,9.948440e-04
9397,53.025579,15,8.356010e-04
9398,53.029028,15,8.545759e-04
9399,53.032477,15,8.559982e-04
9400,53.035926,15,8.667690e-04
9401,53.039374,15,8.781623e-04
9402,53.042823,15,8.876180e-04
9403,53.046271,15,8.944376e-04
9404,53.049720,15,9.071093e-04
9405,53.053168,15,9.201176e-04
9406,53.056616,15,9.333911e-04
9407,53.060064,15,9.465219e-04
9408,53.063512,15,9.599003e-04
9409,53.066959,15,9.736243e-04
9410,53.070407,15,9.876873e-04
9411,53.073855,16,8.333362e-04
9412,53.077302,16,8.520699e-04
9413,53.080749,16,8.578348e-04
9414,53.084196,16,8.711060e-04
9415,53.087643,16,8.839927e-04
9416,53.091090,16,8.971831e-04
9417,53.094537,16,9.106657e-04
9418,53.097984,16,9.244121e-04
9419,53.101430,16,9.383936e-04
9420,53.104877,16,9.525843e-04
9421,53.108323,16,9.669638e-04
9422,53.111769,16,9.831918e-04
9423,53.115215,17,8.333631e-04
9424,53.118661,17,8.507025e-04
9425,53.122107,17,8.575195e-04
9426,53.125553,17,8.699811e-04
9427,53.128999,17,8.827231e-04
9428,53.132444,17,8.956634e-04
9429,53.135890,17,9.087842e-04
9430,53.139335,17,9.220632e-04
9431,53.142780,17,9.354757e-04
9432,53.146225,17,9.489978e-04
9433,53.149671,17,9.626196e-04
9434,53.153115,17,9.763271e-04
9435,53.156560,17,9.901156e-04
9436,53.160005,18,8.368086e-04
9437,53.163450,18,8.520010e-04
9438,53.166894,18,8.592244e-04
9439,53.170339,18,8.707312e-04
9440,53.173783,18,8.823937e-04
9441,53.177228,18,8.941649e-04
9442,53.180672,18,9.060312e-04
9443,53.184116,18,9.179744e-04
9444,53.187560,18,9.299770e-04
9445,53.191004,18,9.419562e-04
9446,53.194448,18,9.534073e-04
9447,53.197892,18,9.654717e-04
9448,53.201336,18,9.775656e-04
9449,53.204780,18,9.896845e-04
9450,53.208223,19,8.352630e-04
9451,53.211667,19,8.479655e-04
9452,53.215110,19,8.549154e-04
9453,53.218554,19,8.648964e-04
9454,53.221997,19,8.699061e-04
9455,53.225440,19,8.668798e-04
9456,53.228884,19,8.727240e-04
9457,53.232327,19,8.783561e-04
9458,53.235770,19,8.837265e-04
9459,53.239213,19,8.888311e-04
9460,53.242656,19,8.936603e-04
9461,53.246099,19,8.982083e-04
9462,53.249542,19,9.024708e-04
9463,53.252985,19,9.064447e-04
9464,53.256427,19,9.101275e-04
9465,53.259870,19,9.135164e-04
9466,53.263313,19,9.166090e-04
9467,53.266756,19,9.194033e-04
9468,53.270198,19,9.218977e-04
9469,53.273641,19,9.240919e-04
9470,53.277083,19,9.259847e-04
9471,53.280526,19,9.275798e-04
9472,53.283968,19,9.288770e-04
9473,53.287411,19,9.298783e-04
9474,53.290853,19,9.305831e-04
9475,53.294296,19,9.309854e-04
9476,53.297738,19,9.311112e-04
9477,53.301180,19,9.309489e-04
9478,53.304623,19,9.305002e-04
9479,53.308065,19,9.297672e-04
9480,53.311507,19,9.287523e-04
9481,53.314950,19,9.274581e-04
9482,53.318392,19,9.258879e-04
9483,53.321834,19,9.240451e-04
9484,53.325277,19,9.219326e-04
9485,53.328719,19,9.195555e-04
9486,53.332161,19,9.169188e-04
9487,53.335604,19,9.140269e-04
9488,53.339046,19,9.108829e-04
9489,53.342488,19,9.074958e-04
9490,53.345931,19,9.038700e-04
9491,53.349373,19,9.000106e-04
9492,53.352815,19,8.959244e-04
9493,53.356258,19,8.916172e-04
9494,53.359700,19,8.870955e-04
9495,53.363143,19,8.823660e-04
9496,53.366585,19,8.774351e-04
9497,53.370028,19,8.723096e-04
9498,53.373470,19,8.669965e-04
9499,53.376913,19,8.615024e-04
9500,53.380355,19,8.558346e-04
9501,53.383798,19,8.500001e-04
9502,53.387241,19,8.440061e-04
9503,53.390683,19,8.378596e-04
9504,53.394126,18,9.976434e-04
9505,53.397569,18,9.944596e-04
9506,53.401012,18,9.826158e-04
9507,53.404455,18,9.746860e-04
9508,53.407898,18,9.666202e-04
9509,53.411341,18,9.583888e-04
9510,53.414784,18,9.500018e-04
9511,53.418227,18,9.414731e-04
9512,53.421670,18,9.328186e-04
9513,53.425114,18,9.240539e-04
9514,53.428557,18,9.151949e-04
9515,53.432001,18,9.062562e-04
9516,53.435444,18,8.972501e-04
9517,53.438888,18,8.881880e-04
9518,53.442332,18,8.790798e-04
9519,53.445776,18,8.699344e-04
9520,53.449220,18,8.607599e-04
9521,53.452664,18,8.515783e-04
9522,53.456108,18,8.424531e-04
9523,53.459552,18,8.333298e-04
9524,53.462996,17,9.892045e-04
9525,53.466441,17,9.844697e-04
9526,53.469885,17,9.679649e-04
9527,53.473330,17,9.570641e-04
9528,53.476775,17,9.462121e-04
9529,53.480220,17,9.353426e-04
9530,53.483665,17,9.244639e-04
9531,53.487110,17,9.136010e-04
9532,53.490555,17,9.027592e-04
9533,53.494001,17,8.919412e-04
9534,53.497446,17,8.811793e-04
9535,53.500892,17,8.704898e-04
9536,53.504338,17,8.598877e-04
9537,53.507784,17,8.493864e-04
9538,53.511230,17,8.389957e-04
9539,53.514676,16,9.955152e-04
9540,53.518123,16,9.919453e-04
9541,53.521570,16,9.723908e-04
9542,53.525016,16,9.606205e-04
9543,53.528463,16,9.491114e-04
9544,53.531910,16,9.377289e-04
9545,53.535358,16,9.264761e-04
9546,53.538805,16,9.153603e-04
9547,53.542253,16,9.043942e-04
9548,53.545701,16,8.868510e-04
9549,53.549149,16,8.722375e-04
9550,53.552597,16,8.619248e-04
9551,53.556045,16,8.518872e-04
9552,53.559494,16,8.421157e-04
9553,53.562942,16,8.326336e-04
9554,53.566391,15,9.912241e-04
9555,53.569840,15,9.916518e-04
9556,53.573290,15,9.718678e-04
9557,53.576739,15,9.620945e-04
9558,53.580189,15,9.532409e-04
9559,53.583639,15,9.465463e-04
9560,53.587089,15,9.373967e-04
9561,53.590539,15,9.286419e-04
9562,53.593990,15,9.235324e-04
9563,53.597441,15,9.554950e-04
9564,53.600892,15,9.490156e-04
9565,53.604343,15,9.423392e-04
9566,53.607794,15,9.361343e-04
9567,53.611246,15,9.302818e-04
9568,53.614698,15,9.248035e-04
9569,53.618150,15,9.197223e-04
9570,53.621603,15,9.150590e-04
9571,53.625055,15,9.108457e-04
9572,53.628508,15,9.071007e-04
9573,53.631961,15,9.038488e-04
9574,53.635415,15,9.011070e-04
9575,53.638869,15,8.988985e-04
9576,53.642322,15,8.972424e-04
9577,53.645777,15,8.961607e-04
9578,53.649231,15,8.956660e-04
9579,53.652686,15,8.957702e-04
9580,53.656141,15,8.964908e-04
9581,53.659596,14,9.882046e-04
9582,53.663051,14,9.971185e-04
9583,53.666507,14,9.955275e-04
9584,53.669963,15,8.326093e-04
9585,53.673420,15,8.499917e-04
9586,53.676876,15,8.511217e-04
9587,53.680333,15,8.610086e-04
9588,53.683790,15,8.715354e-04
9589,53.687248,15,8.825153e-04
9590,53.690706,15,8.943904e-04
9591,53.694164,15,9.074880e-04
9592,53.697622,15,9.199107e-04
9593,53.701081,15,9.327762e-04
9594,53.704540,15,9.460941e-04
9595,53.707999,15,9.579827e-04
9596,53.711458,15,9.663899e-04
9597,53.714918,15,9.810733e-04
9598,53.718378,15,9.961660e-04
9599,53.721839,16,8.393265e-04
9600,53.725300,16,8.587279e-04
9601,53.728761,16,8.650990e-04
9602,53.732222,16,8.784752e-04
9603,53.735684,16,8.919320e-04
9604,53.739146,16,9.056979e-04
9605,53.742608,16,9.198899e-04
9606,53.746071,16,9.345219e-04
9607,53.749534,16,9.495173e-04
9608,53.752998,16,9.691503e-04
9609,53.756461,16,9.852652e-04
9610,53.759925,17,8.324248e-04
9611,53.763390,17,8.507616e-04
9612,53.766854,17,8.591207e-04
9613,53.770319,17,8.729491e-04
9614,53.773785,17,8.871083e-04
9615,53.777251,17,9.015216e-04
9616,53.780717,17,9.161744e-04
9617,53.784183,17,9.310479e-04
9618,53.787650,17,9.461200e-04
9619,53.791117,17,9.613692e-04
9620,53.794584,17,9.767768e-04
9621,53.798052,17,9.923285e-04
9622,53.801520,18,8.390053e-04
9623,53.804989,18,8.557297e-04
9624,53.808458,18,8.645844e-04
9625,53.811927,18,8.773888e-04
9626,53.815397,18,8.906664e-04
9627,53.818867,18,9.040841e-04
9628,53.822337,18,9.176193e-04
9629,53.825808,18,9.312498e-04
9630,53.829279,18,9.449634e-04
9631,53.832750,18,9.587438e-04
9632,53.836222,18,9.725794e-04
9633,53.839694,18,9.864627e-04
9634,53.843167,19,8.331325e-04
9635,53.846640,19,8.473346e-04
9636,53.850113,19,8.559263e-04
9637,53.853587,19,8.674742e-04
9638,53.857061,19,8.791027e-04
9639,53.860536,19,8.907883e-04
9640,53.864010,19,9.025241e-04
9641,53.867486,19,9.142993e-04
9642,53.870961,19,9.230520e-04
9643,53.874437,19,9.237784e-04
9644,53.877914,19,9.312231e-04
9645,53.881390,19,9.383862e-04
9646,53.884868,19,9.452338e-04
9647,53.888345,19,9.517674e-04
9648,53.891823,19,9.579822e-04
9649,53.895301,19,9.638734e-04
9650,53.898780,19,9.694356e-04
9651,53.902259,19,9.746649e-04
9652,53.905739,19,9.795562e-04
9653,53.909219,19,9.841058e-04
9654,53.912699,19,9.883107e-04
9655,53.916180,19,9.921686e-04
9656,53.919661,19,9.956784e-04
9657,53.923142,19,9.988388e-04
9658,53.926624,20,8.343565e-04
9659,53.930107,20,8.383215e-04
9660,53.933589,20,8.377986e-04
9661,53.937072,20,8.391646e-04
9662,53.940556,20,8.402759e-04
9663,53.944040,20,8.411223e-04
9664,53.947524,20,8.416996e-04
9665,53.951009,20,8.420012e-04
9666,53.954494,20,8.420205e-04
9667,53.957979,20,8.417527e-04
9668,53.961465,20,8.411971e-04
9669,53.964952,20,8.403535e-04
9670,53.968439,20,8.392243e-04
9671,53.971926,20,8.378138e-04
9672,53.975413,20,8.361256e-04
9673,53.978901,20,8.341643e-04
9674,53.982390,19,9.989518e-04
9675,53.985878,19,9.990905e-04
9676,53.989368,19,9.929990e-04
9677,53.992857,19,9.894396e-04
9678,53.996347,19,9.855788e-04
9679,53.999838,19,9.814048e-04
9680,54.003329,19,9.769277e-04
9681,54.006820,19,9.721606e-04
9682,54.010312,19,9.671192e-04
9683,54.013804,19,9.618331e-04
9684,54.017296,19,9.562766e-04
9685,54.020789,19,9.504780e-04
9686,54.024283,19,9.444454e-04
9687,54.027776,19,9.381863e-04
9688,54.031271,19,9.317081e-04
9689,54.034765,19,9.250187e-04
9690,54.038260,19,9.181266e-04
9691,54.041756,19,9.110405e-04
9692,54.045251,19,9.037689e-04
9693,54.048748,19,8.963205e-04
9694,54.052244,19,8.887052e-04
9695,54.055741,19,8.809309e-04
9696,54.059239,19,8.730066e-04
9697,54.062737,19,8.649409e-04
9698,54.066235,19,8.567425e-04
9699,54.069734,19,8.484202e-04
9700,54.073233,19,8.399833e-04
9701,54.076733,18,9.991000e-04
9702,54.080233,18,9.931512e-04
9703,54.083733,18,9.786990e-04
9704,54.087234,18,9.681778e-04
9705,54.090735,18,9.575895e-04
9706,54.094237,18,9.469083e-04
9707,54.097739,18,9.361469e-04
9708,54.101242,18,9.253216e-04
9709,54.104744,18,9.144509e-04
9710,54.108248,18,9.035522e-04
9711,54.111752,18,8.926405e-04
9712,54.115256,18,8.817278e-04
9713,54.118760,18,8.708247e-04
9714,54.122265,18,8.599403e-04
9715,54.125771,18,8.490830e-04
9716,54.129277,18,8.382615e-04
9717,54.132783,17,9.954046e-04
9718,54.136289,17,9.833877e-04
9719,54.139797,17,9.563036e-04
9720,54.143304,17,9.433393e-04
9721,54.146812,17,9.305785e-04
9722,54.150320,17,9.179098e-04
9723,54.153829,17,9.053633e-04
9724,54.157338,17,8.929587e-04
9725,54.160848,17,8.807194e-04
9726,54.164358,17,8.686552e-04
9727,54.167868,17,8.568160e-04
9728,54.171379,17,8.452055e-04
9729,54.174890,17,8.367913e-04
9730,54.178402,16,9.969997e-04
9731,54.181914,16,9.914589e-04
9732,54.185426,16,9.710601e-04
9733,54.188939,16,9.582006e-04
9734,54.192452,16,9.458119e-04
9735,54.195966,16,9.337902e-04
9736,54.199480,16,9.221587e-04
9737,54.202994,16,9.109451e-04
9738,54.206509,16,9.001829e-04
9739,54.210025,16,8.899056e-04
9740,54.213540,16,8.801441e-04
9741,54.217056,16,8.709235e-04
9742,54.220573,16,8.622652e-04
9743,54.224090,16,8.541870e-04
9744,54.227607,16,8.467067e-04
9745,54.231125,16,8.398410e-04
9746,54.234643,16,8.657434e-04
9747,54.238161,16,8.659222e-04
9748,54.241680,16,8.608647e-04
9749,54.245200,16,8.563245e-04
9750,54.248719,16,8.523013e-04
9751,54.252240,16,8.493079e-04
9752,54.255760,16,8.466065e-04
9753,54.259281,16,8.442906e-04
9754,54.262802,15,9.691145e-04
9755,54.266324,15,9.069703e-04
9756,54.269846,15,9.050414e-04
9757,54.273369,15,9.132293e-04
9758,54.276892,15,9.218369e-04
9759,54.280415,15,9.309067e-04
9760,54.283939,15,9.404566e-04
9761,54.287463,15,9.505068e-04
9762,54.290987,15,9.610805e-04
9763,54.294512,15,9.722015e-04
9764,54.298037,15,9.838885e-04
9765,54.301563,15,9.961501e-04
9766,54.305089,16,8.345893e-04
9767,54.308615,16,8.514914e-04
9768,54.312142,16,8.566360e-04
9769,54.315670,16,8.685104e-04
9770,54.319197,16,8.809960e-04
9771,54.322725,16,8.939779e-04
9772,54.326254,16,9.074410e-04
9773,54.329782,16,9.213855e-04
9774,54.333311,16,9.407388e-04
9775,54.336841,16,9.556500e-04
9776,54.340371,16,9.709125e-04
9777,54.343901,16,9.865916e-04
9778,54.347432,17,8.318474e-04
9779,54.350963,17,8.495647e-04
9780,54.354494,17,8.581026e-04
9781,54.358026,17,8.719098e-04
9782,54.361558,17,8.862007e-04
9783,54.365091,17,9.008910e-04
9784,54.368624,17,9.136581e-04
9785,54.372157,17,9.288953e-04
9786,54.375691,17,9.442546e-04
9787,54.379225,17,9.583666e-04
9788,54.382760,17,9.726666e-04
9789,54.386294,17,9.892633e-04
9790,54.389830,18,8.365908e-04
9791,54.393365,18,8.542596e-04
9792,54.396901,18,8.647137e-04
9793,54.400437,18,8.791859e-04
9794,54.403974,18,8.939106e-04
9795,54.407511,18,9.088410e-04
9796,54.411049,18,9.239579e-04
9797,54.414586,18,9.392378e-04
9798,54.418125,18,9.546557e-04
9799,54.421663,18,9.701902e-04
9800,54.425202,18,9.858270e-04
9801,54.428741,19,8.336595e-04
9802,54.432281,19,8.493424e-04
9803,54.435821,19,8.596243e-04
9804,54.439361,19,8.728278e-04
9805,54.442902,19,8.861563e-04
9806,54.446443,19,8.995808e-04
9807,54.449984,19,9.130493e-04
9808,54.453526,19,9.266217e-04
9809,54.457068,19,9.402478e-04
9810,54.460611,19,9.539076e-04
9811,54.464154,19,9.675933e-04
9812,54.467697,19,9.777714e-04
9813,54.471240,19,9.830517e-04
9814,54.474784,19,9.923728e-04
9815,54.478329,20,8.339394e-04
9816,54.481873,20,8.428960e-04
9817,54.485418,20,8.475382e-04
9818,54.488963,20,8.539937e-04
9819,54.492509,20,8.601918e-04
9820,54.496055,20,8.661138e-04
9821,54.499602,20,8.717468e-04
9822,54.503148,20,8.770744e-04
9823,54.506695,20,8.820835e-04
9824,54.510243,20,8.867710e-04
9825,54.513790,20,8.911292e-04
9826,54.517338,20,8.951431e-04
9827,54.520887,20,8.988237e-04
9828,54.524436,20,9.021714e-04
9829,54.527985,20,9.051863e-04
9830,54.531534,20,9.078687e-04
9831,54.535084,20,9.102182e-04
9832,54.538634,20,9.122342e-04
9833,54.542184,20,9.139171e-04
9834,54.545735,20,9.152680e-04
9835,54.549286,20,9.162889e-04
9836,54.552838,20,9.169829e-04
9837,54.556390,20,9.173548e-04
9838,54.559942,20,9.174062e-04
9839,54.563494,20,9.171425e-04
9840,54.567047,20,9.165684e-04
9841,54.570600,20,9.156885e-04
9842,54.574154,20,9.125893e-04
9843,54.577707,20,9.102223e-04
9844,54.581261,20,9.081022e-04
9845,54.584816,20,9.056748e-04
9846,54.588371,20,9.029452e-04
9847,54.591926,20,8.999197e-04
9848,54.595481,20,8.966048e-04
9849,54.599037,20,8.930072e-04
9850,54.602593,20,8.891339e-04
9851,54.606149,20,8.849923e-04
9852,54.609706,20,8.805899e-04
9853,54.613263,20,8.759344e-04
9854,54.616820,20,8.710338e-04
9855,54.620378,20,8.658964e-04
9856,54.623936,20,8.605307e-04
9857,54.627494,20,8.549453e-04
9858,54.631053,20,8.491492e-04
9859,54.634612,20,8.431514e-04
9860,54.638171,20,8.369611e-04
9861,54.641730,19,9.976408e-04
9862,54.645290,19,9.928870e-04
9863,54.648850,19,9.820599e-04
9864,54.652411,19,9.738631e-04
9865,54.655972,19,9.654858e-04
9866,54.659533,19,9.569229e-04
9867,54.663094,19,9.481899e-04
9868,54.666656,19,9.393045e-04
9869,54.670218,19,9.302871e-04
9870,54.673780,19,9.211570e-04
9871,54.677343,19,9.039540e-04
9872,54.680906,19,8.925975e-04
9873,54.684469,19,8.829007e-04
9874,54.688033,19,8.731356e-04
9875,54.691596,19,8.633142e-04
9876,54.695161,19,8.534504e-04
9877,54.698725,19,8.435571e-04
9878,54.702290,19,8.336477e-04
9879,54.705855,18,9.902369e-04
9880,54.709420,18,9.826140e-04
9881,54.712986,18,9.669455e-04
9882,54.716552,18,9.551884e-04
9883,54.720118,18,9.450878e-04
9884,54.723685,18,9.367274e-04
9885,54.727251,18,9.248750e-04
9886,54.730819,18,9.130870e-04
9887,54.734386,18,9.014051e-04
9888,54.737954,18,8.898522e-04
9889,54.741522,18,8.784845e-04
9890,54.745090,18,8.673140e-04
9891,54.748659,18,8.562753e-04
9892,54.752227,18,8.454308e-04
9893,54.755797,18,8.348045e-04
9894,54.759366,17,9.923202e-04
9895,54.762936,17,9.859306e-04
9896,54.766506,17,9.689368e-04
9897,54.770076,17,9.575143e-04
9898,54.773647,17,9.465407e-04
9899,54.777218,17,9.358819e-04
9900,54.780789,17,9.256106e-04
9901,54.784360,17,9.157546e-04
9902,54.787932,17,9.063361e-04
9903,54.791504,17,8.973927e-04
9904,54.795076,17,8.889497e-04
9905,54.798649,17,8.810325e-04
9906,54.802222,17,8.736581e-04
9907,54.805795,17,8.668428e-04
9908,54.809368,17,8.606015e-04
9909,54.812942,17,8.549496e-04
9910,54.816516,17,8.499045e-04
9911,54.820090,17,8.485030e-04
9912,54.823665,17,8.709725e-04
9913,54.827240,17,8.473591e-04
9914,54.830815,16,9.316689e-04
9915,54.834390,16,9.430282e-04
9916,54.837966,16,9.413933e-04
9917,54.841542,16,9.465411e-04
9918,54.845118,16,9.521369e-04
9919,54.848694,16,9.581285e-04
9920,54.852271,16,9.645417e-04
9921,54.855848,16,9.714058e-04
9922,54.859425,16,9.787527e-04
9923,54.863003,16,9.866110e-04
9924,54.866580,16,9.967631e-04
9925,54.870158,17,8.363977e-04
9926,54.873737,17,8.487700e-04
9927,54.877315,17,8.522335e-04
9928,54.880894,17,8.610389e-04
9929,54.884473,17,8.704138e-04
9930,54.888053,17,8.803118e-04
9931,54.891632,17,8.907485e-04
9932,54.895212,17,9.016523e-04
9933,54.898793,17,9.129578e-04
9934,54.902373,17,9.244558e-04
9935,54.905954,17,9.366753e-04
9936,54.909535,17,9.493213e-04
9937,54.913116,17,9.623793e-04
9938,54.916697,17,9.788115e-04
9939,54.920279,17,9.937605e-04
9940,54.923861,18,8.372126e-04
9941,54.927444,18,8.524949e-04
9942,54.931026,18,8.611121e-04
9943,54.934609,18,8.737593e-04
9944,54.938192,18,8.868174e-04
9945,54.941775,18,9.002394e-04
9946,54.945359,18,9.140010e-04
9947,54.948943,18,9.280778e-04
9948,54.952527,18,9.424403e-04
9949,54.956111,18,9.570618e-04
9950,54.959696,18,9.719240e-04
9951,54.963281,18,9.870145e-04
9952,54.966866,19,8.338962e-04
9953,54.970451,19,8.492303e-04
9954,54.974037,19,8.594375e-04
9955,54.977622,19,8.725918e-04
9956,54.981209,19,8.859707e-04
9957,54.984795,19,8.995230e-04
9958,54.988382,19,9.132329e-04
9959,54.991968,19,9.270834e-04
9960,54.995556,19,9.410533e-04
9961,54.999143,19,9.551265e-04
9962,55.002731,19,9.682875e-04
9963,55.006318,19,9.824162e-04
9964,55.009907,19,9.968554e-04
9965,55.013495,20,8.420432e-04
9966,55.017084,20,8.559692e-04
9967,55.020672,20,8.630480e-04
9968,55.024262,20,8.702339e-04
9969,55.027851,20,8.787182e-04
9970,55.031441,20,8.869634e-04
9971,55.035030,20,8.949446e-04
9972,55.038620,20,9.026402e-04
9973,55.042211,20,9.100294e-04
9974,55.045801,20,9.170972e-04
9975,55.049392,20,9.238349e-04
9976,55.052983,20,9.302384e-04
9977,55.056575,20,9.363058e-04
9978,55.060166,20,9.420340e-04
9979,55.063758,20,9.474198e-04
9980,55.067350,20,9.524593e-04
9981,55.070942,20,9.571481e-04
9982,55.074535,20,9.614823e-04
9983,55.078128,20,9.654588e-04
9984,55.081721,20,9.690754e-04
9985,55.085314,20,9.723313e-04
9986,55.088907,20,9.752265e-04
9987,55.092501,20,9.777629e-04
9988,55.096095,20,9.799421e-04
9989,55.099689,20,9.817675e-04
9990,55.103284,20,9.832430e-04
9991,55.106879,20,9.843704e-04
9992,55.110474,20,9.851538e-04
9993,55.114069,20,9.855977e-04
9994,55.117664,20,9.857074e-04
9995,55.121260,20,9.854887e-04
9996,55.124856,20,9.849484e-04
9997,55.128452,20,9.840940e-04
9998,55.132048,20,9.829337e-04
9999,55.135645,20,9.814764e-04
10000,55.139242,20,9.797104e-04
10001,55.142839,20,9.770180e-04
10002,55.146436,20,9.747003e-04
10003,55.150034,20,9.721277e-04
10004,55.153631,20,9.692628e-04
10005,55.157230,20,9.661903e-04
10006,55.160828,20,9.629075e-04
10007,55.164426,20,9.599980e-04
10008,55.168025,20,9.565195e-04
10009,55.171624,20,9.467095e-04
10010,55.175223,20,9.416780e-04
10011,55.178823,20,9.373055e-04
10012,55.182422,20,9.327987e-04
10013,55.186022,20,9.281766e-04
10014,55.189622,20,9.234742e-04
10015,55.193223,20,9.187301e-04
10016,55.196824,20,9.138701e-04
10017,55.200424,20,9.089684e-04
10018,55.204025,20,9.040444e-04
10019,55.207627,20,8.991211e-04
10020,55.211228,20,8.942282e-04
10021,55.214830,20,8.893549e-04
10022,55.218432,20,8.845389e-04
10023,55.222034,20,8.798005e-04
10024,55.225637,20,8.771283e-04
10025,55.229240,20,8.738556e-04
10026,55.232843,20,8.693194e-04
10027,55.236446,20,8.649399e-04
10028,55.240049,20,8.607399e-04
10029,55.243653,20,8.567389e-04
10030,55.247257,20,8.529568e-04
10031,55.250861,20,8.494135e-04
10032,55.254465,20,8.460696e-04
10033,55.258070,20,8.429674e-04
10034,55.261675,20,8.402648e-04
10035,55.265280,20,8.378727e-04
10036,55.268885,20,8.358117e-04
10037,55.272491,20,8.340969e-04
10038,55.276096,20,8.327453e-04
10039,55.279702,19,9.998775e-04
10040,55.283309,20,8.334873e-04
10041,55.286915,20,8.329681e-04
10042,55.290522,19,9.928021e-04
10043,55.294129,19,9.921513e-04
10044,55.297736,19,9.881067e-04
10045,55.301343,19,9.867850e-04
10046,55.304951,19,9.856859e-04
10047,55.308559,19,9.848019e-04
10048,55.312167,19,9.841313e-04
10049,55.315775,19,9.836751e-04
10050,55.319383,19,9.834340e-04
10051,55.322992,19,9.834073e-04
10052,55.326601,19,9.835912e-04
10053,55.330210,19,9.839797e-04
10054,55.333820,19,9.845646e-04
10055,55.337430,19,9.853378e-04
10056,55.341039,19,9.862918e-04
10057,55.344650,19,9.874172e-04
10058,55.348260,19,9.887315e-04
10059,55.351871,19,9.901939e-04
10060,55.355481,19,9.924359e-04
10061,55.359093,19,9.548208e-04
10062,55.362704,19,9.555447e-04
10063,55.366315,19,9.617927e-04
10064,55.369927,19,9.752771e-04
10065,55.373539,19,9.802556e-04
10066,55.377151,19,9.855085e-04
10067,55.380764,19,9.913951e-04
10068,55.384377,19,9.960432e-04
10069,55.387989,20,8.324729e-04
10070,55.391603,20,8.376485e-04
10071,55.395216,20,8.394899e-04
10072,55.398830,20,8.430641e-04
10073,55.402443,20,8.466464e-04
10074,55.406058,20,8.502398e-04
10075,55.409672,20,8.538455e-04
10076,55.413286,20,8.574613e-04
10077,55.416901,20,8.610850e-04
10078,55.420516,20,8.647199e-04
10079,55.424131,20,8.683684e-04
10080,55.427747,20,8.720363e-04
10081,55.431363,20,8.757350e-04
10082,55.434979,20,8.794736e-04
10083,55.438595,20,8.832610e-04
10084,55.442211,20,8.871050e-04
10085,55.445828,20,8.910139e-04
10086,55.449445,20,8.949930e-04
10087,55.453062,20,8.989777e-04
10088,55.456679,20,9.029212e-04
10089,55.460297,20,9.069965e-04
10090,55.463915,20,9.112160e-04
10091,55.467533,20,9.155864e-04
10092,55.471151,20,9.201139e-04
10093,55.474769,20,9.248041e-04
10094,55.478388,20,9.296479e-04
10095,55.482007,20,9.346234e-04
10096,55.485626,20,9.397324e-04
10097,55.489246,20,9.451178e-04
10098,55.492865,20,9.506853e-04
10099,55.496485,20,9.564370e-04
10100,55.500106,20,9.623759e-04
10101,55.503726,20,9.685049e-04
10102,55.507347,20,9.748264e-04
10103,55.510967,20,9.813438e-04
10104,55.514588,20,9.880296e-04
10105,55.518210,20,9.949416e-04
10106,55.521831,21,8.342127e-04
10107,55.525453,21,8.414128e-04
10108,55.529075,21,8.462691e-04
10109,55.532698,21,8.522789e-04
10110,55.536320,21,8.562302e-04
10111,55.539943,21,8.602587e-04
10112,55.543566,21,8.641761e-04
10113,55.547189,21,8.679633e-04
10114,55.550812,21,8.716035e-04
10115,55.554436,21,8.750829e-04
10116,55.558060,21,8.783920e-04
10117,55.561684,21,8.815271e-04
10118,55.565309,21,8.844760e-04
10119,55.568933,21,8.872354e-04
10120,55.572558,21,8.898010e-04
10121,55.576183,21,8.921281e-04
10122,55.579809,21,8.940618e-04
10123,55.583434,21,8.960596e-04
10124,55.587060,21,8.978427e-04
10125,55.590686,21,8.994080e-04
10126,55.594313,21,9.007530e-04
10127,55.597939,21,9.018763e-04
10128,55.601566,21,9.027772e-04
10129,55.605193,21,9.034556e-04
10130,55.608821,21,9.039115e-04
10131,55.612448,21,9.041446e-04
10132,55.616076,21,9.041791e-04
10133,55.619704,21,9.040243e-04
10134,55.623332,21,8.993513e-04
10135,55.626961,21,8.984942e-04
10136,55.630590,21,8.974996e-04
10137,55.634219,21,8.962979e-04
10138,55.637848,21,8.949021e-04
10139,55.641478,21,8.936048e-04
10140,55.645107,21,8.966447e-04
10141,55.648737,21,8.946197e-04
10142,55.652368,21,8.923983e-04
10143,55.655998,21,8.900024e-04
10144,55.659629,21,8.880123e-04
10145,55.663260,21,8.858158e-04
10146,55.666891,21,8.830121e-04
10147,55.670523,21,8.801010e-04
10148,55.674155,21,8.771010e-04
10149,55.677787,21,8.740309e-04
10150,55.681419,21,8.709098e-04
10151,55.685051,21,8.677574e-04
10152,55.688684,21,8.623537e-04
10153,55.692317,21,8.486386e-04
10154,55.695950,21,8.473016e-04
10155,55.699584,21,8.450085e-04
10156,55.703218,21,8.426163e-04
10157,55.706852,21,8.405407e-04
10158,55.710486,21,8.383871e-04
10159,55.714121,21,8.365296e-04
10160,55.717755,21,8.348023e-04
10161,55.721390,21,8.332304e-04
10162,55.725026,20,9.998648e-04
10163,55.728661,21,8.321790e-04
10164,55.732297,20,9.988702e-04
10165,55.735933,20,9.982619e-04
10166,55.739570,20,9.960617e-04
10167,55.743206,20,9.958344e-04
10168,55.746843,20,9.959547e-04
10169,55.750480,20,9.963984e-04
10170,55.754118,20,9.971553e-04
10171,55.757755,20,9.983365e-04
10172,55.761393,20,9.999659e-04
10173,55.765031,21,8.336160e-04
10174,55.768670,21,8.366873e-04
10175,55.772308,21,8.380792e-04
10176,55.775947,21,8.409935e-04
10177,55.779586,21,8.442643e-04
10178,55.783226,21,8.452952e-04
10179,55.786866,21,8.472128e-04
10180,55.790506,21,8.492623e-04
10181,55.794146,21,8.514245e-04
10182,55.797786,21,8.536838e-04
10183,55.801427,21,8.560269e-04
10184,55.805068,21,8.584418e-04
10185,55.808710,21,8.609455e-04
10186,55.812351,21,8.634706e-04
10187,55.815993,21,8.666928e-04
10188,55.819635,21,8.696232e-04
10189,55.823278,21,8.721673e-04
10190,55.826920,21,8.746667e-04
10191,55.830563,21,8.777000e-04
10192,55.834206,21,8.806677e-04
10193,55.837850,21,8.831157e-04
10194,55.841493,21,8.855368e-04
10195,55.845137,21,8.878940e-04
10196,55.848782,21,8.901927e-04
10197,55.852426,21,8.917406e-04
10198,55.856071,21,8.661387e-04
10199,55.859716,21,8.702207e-04
10200,55.863362,21,8.726782e-04
10201,55.867007,21,8.734651e-04
10202,55.870653,21,8.768677e-04
10203,55.874299,21,8.800930e-04
10204,55.877946,21,8.866619e-04
10205,55.881592,21,8.910227e-04
10206,55.885239,21,8.936606e-04
10207,55.888887,21,8.961005e-04
10208,55.892534,21,8.983601e-04
10209,55.896182,21,9.004517e-04
10210,55.899830,21,9.026131e-04
10211,55.903478,21,9.046106e-04
10212,55.907127,21,9.062963e-04
10213,55.910776,21,9.078518e-04
10214,55.914425,21,9.092900e-04
10215,55.918075,21,9.106238e-04
10216,55.921724,21,9.118660e-04
10217,55.925374,21,9.130272e-04
10218,55.929025,21,9.141264e-04
10219,55.932675,21,9.151787e-04
10220,55.936326,21,9.172276e-04
10221,55.939977,21,9.194180e-04
10222,55.943629,21,9.203819e-04
10223,55.947280,21,9.208005e-04
10224,55.950932,21,9.211306e-04
10225,55.954584,21,9.220173e-04
10226,55.958237,21,9.229989e-04
10227,55.961890,21,9.239967e-04
10228,55.965543,21,9.251101e-04
10229,55.969196,21,9.264427e-04
10230,55.972850,21,9.279075e-04
10231,55.976504,21,9.295179e-04
10232,55.980158,21,9.312883e-04
10233,55.983813,21,9.332351e-04
10234,55.987467,21,9.353739e-04
10235,55.991122,21,9.377169e-04
10236,55.994778,21,9.402756e-04
10237,55.998433,21,9.430629e-04
10238,56.002089,21,9.460867e-04
10239,56.005745,21,9.493541e-04
10240,56.009402,21,9.528719e-04
10241,56.013059,21,9.568262e-04
10242,56.016716,21,9.590400e-04
10243,56.020373,21,9.607602e-04
10244,56.024031,21,9.624848e-04
10245,56.027689,21,9.640814e-04
10246,56.031347,21,9.656120e-04
10247,56.035005,21,9.670693e-04
10248,56.038664,21,9.684446e-04
10249,56.042323,21,9.669826e-04
10250,56.045982,21,9.673645e-04
10251,56.049642,21,9.683459e-04
10252,56.053302,21,9.692280e-04
10253,56.056962,21,9.699972e-04
10254,56.060623,21,9.706494e-04
10255,56.064283,21,9.711804e-04
10256,56.067944,21,9.715871e-04
10257,56.071606,21,9.718672e-04
10258,56.075267,21,9.720192e-04
10259,56.078929,21,9.720427e-04
10260,56.082592,21,9.719379e-04
10261,56.086254,21,9.717060e-04
10262,56.089917,21,9.713491e-04
10263,56.093580,21,9.708702e-04
10264,56.097243,21,9.704991e-04
10265,56.100907,21,9.708168e-04
10266,56.104571,21,9.700226e-04
10267,56.108235,21,9.691375e-04
10268,56.111900,21,9.681666e-04
10269,56.115565,21,9.671462e-04
10270,56.119230,21,9.661095e-04
10271,56.122895,21,9.654486e-04
10272,56.126561,21,9.610009e-04
10273,56.130227,21,9.400123e-04
10274,56.133893,21,9.403431e-04
10275,56.137560,21,9.441243e-04
10276,56.141227,21,9.447469e-04
10277,56.144894,21,9.449662e-04
10278,56.148562,21,9.451156e-04
10279,56.152229,21,9.452378e-04
10280,56.155897,21,9.453631e-04
10281,56.159566,21,9.455251e-04
10282,56.163235,21,9.457332e-04
10283,56.166904,21,9.459893e-04
10284,56.170573,21,9.462490e-04
10285,56.174242,21,9.467707e-04
10286,56.177912,21,9.474468e-04
10287,56.181582,21,9.483017e-04
10288,56.185253,21,9.493594e-04
10289,56.188924,21,9.506437e-04
10290,56.192595,21,9.521772e-04
10291,56.196266,21,9.539817e-04
10292,56.199938,21,9.560772e-04
10293,56.203610,21,9.584680e-04
10294,56.207282,21,9.610716e-04
10295,56.210955,21,9.640364e-04
10296,56.214627,21,9.674074e-04
10297,56.218301,21,9.712010e-04
10298,56.221974,21,9.754290e-04
10299,56.225648,21,9.801074e-04
10300,56.229322,21,9.852473e-04
10301,56.232996,21,9.908541e-04
10302,56.236671,21,9.969346e-04
10303,56.240346,22,8.354267e-04
10304,56.244021,22,8.394446e-04
10305,56.247697,22,8.424197e-04
10306,56.251373,22,8.460042e-04
10307,56.255049,22,8.496039e-04
10308,56.258725,22,8.532035e-04
10309,56.262402,22,8.573171e-04
10310,56.266079,22,8.625012e-04
10311,56.269757,22,8.665644e-04
10312,56.273434,22,8.699533e-04
10313,56.277112,22,8.731582e-04
10314,56.280791,22,8.762470e-04
10315,56.284469,22,8.792325e-04
10316,56.288148,22,8.821799e-04
10317,56.291827,22,8.850615e-04
10318,56.295507,22,8.876587e-04
10319,56.299187,22,8.901024e-04
10320,56.302867,22,8.923826e-04
10321,56.306547,22,8.944234e-04
10322,56.310228,22,8.964344e-04
10323,56.313909,22,8.982151e-04
10324,56.317590,22,8.998092e-04
10325,56.321272,22,8.849694e-04
10326,56.324954,22,8.796721e-04
10327,56.328636,22,8.822845e-04
10328,56.332318,22,8.846043e-04
10329,56.336001,22,8.866307e-04
10330,56.339684,22,8.883754e-04
10331,56.343368,22,8.898477e-04
10332,56.347051,22,8.910575e-04
10333,56.350735,22,8.920153e-04
10334,56.354420,22,8.961142e-04
10335,56.358104,22,8.969276e-04
10336,56.361789,22,8.970684e-04
10337,56.365475,22,8.969762e-04
10338,56.369160,22,8.966683e-04
10339,56.372846,22,8.913138e-04
10340,56.376532,22,8.888680e-04
10341,56.380218,22,8.877612e-04
10342,56.383905,22,8.865055e-04
10343,56.387592,22,8.851212e-04
10344,56.391280,22,8.836300e-04
10345,56.394967,22,8.833748e-04
10346,56.398655,22,8.828075e-04
10347,56.402343,22,8.810892e-04
10348,56.406032,22,8.794382e-04
10349,56.409721,22,8.775349e-04
10350,56.413410,22,8.757667e-04
10351,56.417099,22,8.739951e-04
10352,56.420789,22,8.722334e-04
10353,56.424479,22,8.705910e-04
10354,56.428169,22,8.692532e-04
10355,56.431860,22,8.680555e-04
10356,56.435551,22,8.669034e-04
10357,56.439242,22,8.659621e-04
10358,56.442933,22,8.650871e-04
10359,56.446625,22,8.624961e-04
10360,56.450317,22,8.622390e-04
10361,56.454010,22,8.622750e-04
10362,56.457702,22,8.626182e-04
10363,56.461395,22,8.639789e-04
10364,56.465088,22,8.652252e-04
10365,56.468782,22,8.646900e-04
10366,56.472476,22,8.642239e-04
10367,56.476170,22,8.638273e-04
10368,56.479864,22,8.634966e-04
10369,56.483559,22,8.632279e-04
10370,56.487254,22,8.630168e-04
10371,56.490949,22,8.628588e-04
10372,56.494645,22,8.627861e-04
10373,56.498341,22,8.627286e-04
10374,56.502037,22,8.627019e-04
10375,56.505733,22,8.627107e-04
10376,56.509430,22,8.627451e-04
10377,56.513127,22,8.628114e-04
10378,56.516824,22,8.629084e-04
10379,56.520522,22,8.630319e-04
10380,56.524220,22,8.641191e-04
10381,56.527918,22,8.649779e-04
10382,56.531617,22,8.661349e-04
10383,56.535315,22,8.663771e-04
10384,56.539014,22,8.664651e-04
10385,56.542714,22,8.667841e-04
10386,56.546413,22,8.671378e-04
10387,56.550113,22,8.675304e-04
10388,56.553814,22,8.416382e-04
10389,56.557514,22,8.409294e-04
10390,56.561215,22,8.435305e-04
10391,56.564916,22,8.460958e-04
10392,56.568617,22,8.486303e-04
10393,56.572319,22,8.511604e-04
10394,56.576021,22,8.536930e-04
10395,56.579723,22,8.562420e-04
10396,56.583425,22,8.595949e-04
10397,56.587128,22,8.654465e-04
10398,56.590831,22,8.678965e-04
10399,56.594535,22,8.703821e-04
10400,56.598238,22,8.729317e-04
10401,56.601942,22,8.755629e-04
10402,56.605646,22,8.782967e-04
10403,56.609351,22,8.811543e-04
10404,56.613055,22,8.841559e-04
10405,56.616760,22,8.874834e-04
10406,56.620466,22,8.909143e-04
10407,56.624171,22,8.944765e-04
10408,56.627877,22,8.982572e-04
10409,56.631583,22,9.022546e-04
10410,56.635290,22,9.063783e-04
10411,56.638996,22,9.107903e-04
10412,56.642703,22,9.155266e-04
10413,56.646411,22,9.206065e-04
10414,56.650118,22,9.261353e-04
10415,56.653826,22,9.320515e-04
10416,56.657534,22,9.382202e-04
10417,56.661242,22,9.447415e-04
10418,56.664951,22,9.533632e-04
10419,56.668660,22,9.593264e-04
10420,56.672369,22,9.641482e-04
10421,56.676078,22,9.689077e-04
10422,56.679788,22,9.735857e-04
10423,56.683498,22,9.786013e-04
10424,56.687208,22,9.832943e-04
10425,56.690919,22,9.876061e-04
10426,56.694629,22,9.917577e-04
10427,56.698340,22,9.957320e-04
10428,56.702052,23,8.349526e-04
10429,56.705763,23,8.385921e-04
10430,56.709475,23,8.409863e-04
10431,56.713187,23,8.434601e-04
10432,56.716899,23,8.457437e-04
10433,56.720612,23,8.478179e-04
10434,56.724325,23,8.496647e-04
10435,56.728038,23,8.512653e-04
10436,56.731751,23,8.526101e-04
10437,56.735465,23,8.537067e-04
10438,56.739179,23,8.545518e-04
10439,56.742893,23,8.551485e-04
10440,56.746608,23,8.554947e-04
10441,56.750322,23,8.555902e-04
10442,56.754037,23,8.554361e-04
10443,56.757752,23,8.550324e-04
10444,56.761468,23,8.410466e-04
10445,56.765183,22,9.997716e-04
10446,56.768899,23,8.343929e-04
10447,56.772616,23,8.343273e-04
10448,56.776332,22,9.995595e-04
10449,56.780049,22,9.992976e-04
10450,56.783766,22,9.982419e-04
10451,56.787483,22,9.970223e-04
10452,56.791200,22,9.954617e-04
10453,56.794918,22,9.935973e-04
10454,56.798636,22,9.917261e-04
10455,56.802354,22,9.927225e-04
10456,56.806072,22,9.899726e-04
10457,56.809791,22,9.869990e-04
10458,56.813510,22,9.838400e-04
10459,56.817229,22,9.805262e-04
10460,56.820948,22,9.770892e-04
10461,56.824667,22,9.735608e-04
10462,56.828387,22,9.699720e-04
10463,56.832107,22,9.660654e-04
10464,56.835827,22,9.611265e-04
10465,56.839548,22,9.574658e-04
10466,56.843269,22,9.538736e-04
10467,56.846989,22,9.432905e-04
10468,56.850711,22,9.408778e-04
10469,56.854432,22,9.371035e-04
10470,56.858154,22,9.335867e-04
10471,56.861875,22,9.303277e-04
10472,56.865597,22,9.273743e-04
10473,56.869320,22,9.247542e-04
10474,56.873042,22,9.224919e-04
10475,56.876765,22,9.206096e-04
10476,56.880488,22,9.191327e-04
10477,56.884211,22,9.181105e-04
10478,56.887934,22,9.202957e-04
10479,56.891657,22,9.187592e-04
10480,56.895381,22,9.172051e-04
10481,56.899105,22,9.157739e-04
10482,56.902829,22,9.145019e-04
10483,56.906554,22,9.133860e-04
10484,56.910278,22,9.124227e-04
10485,56.914003,22,9.120626e-04
10486,56.917728,22,9.122227e-04
10487,56.921453,22,9.115662e-04
10488,56.925178,22,9.112037e-04
10489,56.928904,22,9.109714e-04
10490,56.932630,22,9.108498e-04
10491,56.936356,22,9.108336e-04
10492,56.940082,22,9.109175e-04
10493,56.943808,22,9.110970e-04
10494,56.947535,22,9.113665e-04
10495,56.951261,22,9.127421e-04
10496,56.954988,22,9.134582e-04
10497,56.958715,22,9.140225e-04
10498,56.962443,22,9.146725e-04
10499,56.966170,22,9.153706e-04
10500,56.969898,22,8.838341e-04
10501,56.973626,22,8.856126e-04
10502,56.977354,22,8.890786e-04
10503,56.981082,22,8.925068e-04
10504,56.984810,22,8.959058e-04
10505,56.988539,22,8.992829e-04
10506,56.992268,22,9.026408e-04
10507,56.995996,22,9.059801e-04
10508,56.999726,22,9.093080e-04
10509,57.003455,22,9.126326e-04
10510,57.007184,22,9.167924e-04
10511,57.010914,22,9.235687e-04
10512,57.014644,22,9.266196e-04
10513,57.018374,22,9.296763e-04
10514,57.022104,22,9.327640e-04
10515,57.025834,22,9.359070e-04
10516,57.029565,22,9.391395e-04
10517,57.033295,22,9.424760e-04
10518,57.037026,22,9.459357e-04
10519,57.040757,22,9.495487e-04
10520,57.044488,22,9.533367e-04
10521,57.048220,22,9.572821e-04
10522,57.051951,22,9.613152e-04
10523,57.055683,22,9.656399e-04
10524,57.059415,22,9.702896e-04
10525,57.063147,22,9.752762e-04
10526,57.066879,22,9.801026e-04
10527,57.070611,22,9.841231e-04
10528,57.074343,22,9.900232e-04
10529,57.078076,22,9.967794e-04
10530,57.081809,23,8.361965e-04
10531,57.085542,23,8.424047e-04
10532,57.089275,23,8.496640e-04
10533,57.093008,23,8.549942e-04
10534,57.096741,23,8.590005e-04
10535,57.100475,23,8.629440e-04
10536,57.104208,23,8.667630e-04
10537,57.107942,23,8.704692e-04
10538,57.111676,23,8.739589e-04
10539,57.115410,23,8.766237e-04
10540,57.119144,23,8.805420e-04
10541,57.122879,23,8.860965e-04
10542,57.126613,23,8.889453e-04
10543,57.130348,23,8.915655e-04
10544,57.134083,23,8.939225e-04
10545,57.137818,23,8.960110e-04
10546,57.141553,23,8.978202e-04
10547,57.145288,23,8.993534e-04
10548,57.149023,23,9.006150e-04
10549,57.152759,23,9.016100e-04
10550,57.156494,23,9.023445e-04
10551,57.160230,23,9.028242e-04
10552,57.163966,23,9.030531e-04
10553,57.167702,23,9.030337e-04
10554,57.171438,23,9.027682e-04
10555,57.175174,23,9.022570e-04
10556,57.178910,23,8.860566e-04
10557,57.182647,23,8.792526e-04
10558,57.186383,23,8.797686e-04
10559,57.190120,23,8.798212e-04
10560,57.193857,23,8.795784e-04
10561,57.197594,23,8.790576e-04
10562,57.201331,23,8.782752e-04
10563,57.205068,23,8.770035e-04
10564,57.208805,23,8.751471e-04
10565,57.212542,23,8.736116e-04
10566,57.216280,23,8.718803e-04
10567,57.220018,23,8.699720e-04
10568,57.223755,23,8.699344e-04
10569,57.227493,23,8.685617e-04
10570,57.231231,23,8.660427e-04
10571,57.234969,23,8.634065e-04
10572,57.238707,23,8.606814e-04
10573,57.242445,23,8.578955e-04
10574,57.246184,23,8.550842e-04
10575,57.249922,23,8.522758e-04
10576,57.253661,23,8.494994e-04
10577,57.257399,23,8.467816e-04
10578,57.261138,23,8.441497e-04
10579,57.264877,23,8.416308e-04
10580,57.268616,23,8.392636e-04
10581,57.272355,23,8.369908e-04
10582,57.276094,23,8.348793e-04
10583,57.279833,23,8.330244e-04
10584,57.283572,22,9.985567e-04
10585,57.287312,22,9.993355e-04
10586,57.291051,23,8.331629e-04
10587,57.294791,22,9.986409e-04
10588,57.298530,22,9.972195e-04
10589,57.302270,22,9.971294e-04
10590,57.306010,22,9.914688e-04
10591,57.309750,22,9.844520e-04
10592,57.313490,22,9.823734e-04
10593,57.317230,22,9.803664e-04
10594,57.320970,22,9.784226e-04
10595,57.324710,22,9.765349e-04
10596,57.328450,22,9.746946e-04
10597,57.332190,22,9.728928e-04
10598,57.335931,22,9.711205e-04
10599,57.339671,22,9.693780e-04
10600,57.343412,22,9.676570e-04
10601,57.347153,22,9.659475e-04
10602,57.350893,22,9.642439e-04
10603,57.354634,22,9.625282e-04
10604,57.358375,22,9.608104e-04
10605,57.362116,22,9.590774e-04
10606,57.365857,22,9.573224e-04
10607,57.369598,22,9.555400e-04
10608,57.373339,22,9.537258e-04
10609,57.377080,22,9.518752e-04
10610,57.380821,22,9.500253e-04
10611,57.384563,22,9.481524e-04
10612,57.388304,22,9.445412e-04
10613,57.392046,22,9.102075e-04
10614,57.395787,22,9.117586e-04
10615,57.399529,22,9.122515e-04
10616,57.403270,22,9.125335e-04
10617,57.407012,22,9.127005e-04
10618,57.410754,22,9.127652e-04
10619,57.414496,22,9.127437e-04
10620,57.418237,22,9.126111e-04
10621,57.421979,22,9.124472e-04
10622,57.425721,22,9.122680e-04
10623,57.429463,22,9.121523e-04
10624,57.433205,22,9.166666e-04
10625,57.436948,22,9.161662e-04
10626,57.440690,22,9.156707e-04
10627,57.444432,22,9.152143e-04
10628,57.448174,22,9.148303e-04
10629,57.451917,22,9.146149e-04
10630,57.455659,22,9.151467e-04
10631,57.459402,22,9.151789e-04
10632,57.463144,22,9.154147e-04
10633,57.466887,22,9.158809e-04
10634,57.470629,22,9.166136e-04
10635,57.474372,22,9.175044e-04
10636,57.478115,22,9.186988e-04
10637,57.481858,22,9.203200e-04
10638,57.485600,22,9.223871e-04
10639,57.489343,22,9.249254e-04
10640,57.493086,22,9.279448e-04
10641,57.496829,22,9.314587e-04
10642,57.500572,22,9.354790e-04
10643,57.504315,22,9.399733e-04
10644,57.508058,22,9.450201e-04
10645,57.511801,22,9.505934e-04
10646,57.515544,22,9.566889e-04
10647,57.519287,22,9.645159e-04
10648,57.523031,22,9.757848e-04
10649,57.526774,22,9.839770e-04
10650,57.530517,22,9.921024e-04
10651,57.534261,22,9.972851e-04
10652,57.538004,23,8.350906e-04
10653,57.541747,23,8.393341e-04
10654,57.545491,23,8.423955e-04
10655,57.549234,23,8.461001e-04
10656,57.552978,23,8.500378e-04
10657,57.556721,23,8.539707e-04
10658,57.560465,23,8.578258e-04
10659,57.564208,23,8.612873e-04
10660,57.567952,23,8.650377e-04
10661,57.571696,23,8.687327e-04
10662,57.575439,23,8.547994e-04
10663,57.579183,23,8.512251e-04
10664,57.582927,23,8.566282e-04
10665,57.586670,23,8.618156e-04
10666,57.590414,23,8.667842e-04
10667,57.594158,23,8.715368e-04
10668,57.597902,23,8.760702e-04
10669,57.601646,23,8.803822e-04
10670,57.605389,23,8.844720e-04
10671,57.609133,23,8.883396e-04
10672,57.612877,23,8.921621e-04
10673,57.616621,23,8.956378e-04
10674,57.620365,23,8.988804e-04
10675,57.624109,23,9.032445e-04
10676,57.627853,23,9.075373e-04
10677,57.631597,23,9.099314e-04
10678,57.635341,23,9.120393e-04
10679,57.639085,23,9.140610e-04
10680,57.642829,23,9.160791e-04
10681,57.646573,23,9.181785e-04
10682,57.650317,23,9.198259e-04
10683,57.654061,23,9.213927e-04
10684,57.657805,23,9.228731e-04
10685,57.661549,23,9.247514e-04
10686,57.665293,23,9.267966e-04
10687,57.669036,23,9.284773e-04
10688,57.672780,23,9.337346e-04
10689,57.676524,23,9.343934e-04
10690,57.680268,23,9.348478e-04
10691,57.684012,23,9.351079e-04
10692,57.687756,23,9.351628e-04
10693,57.691500,23,9.350051e-04
10694,57.695244,23,9.346311e-04
10695,57.698988,23,9.340406e-04
10696,57.702732,23,9.332342e-04
10697,57.706476,23,9.322131e-04
10698,57.710220,23,9.309781e-04
10699,57.713964,23,9.295276e-04
10700,57.717708,23,9.278606e-04
10701,57.721451,23,9.259751e-04
10702,57.725195,23,9.238684e-04
10703,57.728939,23,9.215376e-04
10704,57.732683,23,9.189771e-04
10705,57.736427,23,9.161827e-04
10706,57.740170,23,9.131469e-04
10707,57.743914,23,9.098678e-04
10708,57.747658,23,9.063439e-04
10709,57.751401,23,9.025670e-04
10710,57.755145,23,8.985300e-04
10711,57.758889,23,8.942304e-04
10712,57.762632,23,8.896672e-04
10713,57.766376,23,8.848351e-04
10714,57.770119,23,8.797332e-04
10715,57.773863,23,8.747286e-04
10716,57.777606,23,8.703775e-04
10717,57.781350,23,8.642864e-04
10718,57.785093,23,8.552507e-04
10719,57.788836,23,8.471649e-04
10720,57.792580,23,8.403661e-04
10721,57.796323,23,8.333561e-04
10722,57.800066,22,9.914869e-04
10723,57.803809,22,9.835693e-04
10724,57.807552,22,9.738296e-04
10725,57.811295,22,9.645828e-04
10726,57.815038,22,9.556384e-04
10727,57.818781,22,9.461463e-04
10728,57.822524,22,9.363295e-04
10729,57.826267,22,9.263944e-04
10730,57.830010,22,9.163770e-04
10731,57.833753,22,9.063079e-04
10732,57.837495,22,8.765935e-04
10733,57.841238,22,8.558593e-04
10734,57.844980,22,8.477853e-04
10735,57.848723,22,8.396984e-04
10736,57.852465,21,9.983212e-04
10737,57.856208,21,9.901839e-04
10738,57.859950,21,9.796799e-04
10739,57.863692,21,9.704884e-04
10740,57.867434,21,9.614921e-04
10741,57.871176,21,9.539286e-04
10742,57.874918,21,9.512138e-04
10743,57.878660,21,9.444814e-04
10744,57.882402,21,9.366407e-04
10745,57.886144,21,9.297169e-04
10746,57.889886,21,9.256230e-04
10747,57.893627,21,9.196125e-04
10748,57.897369,21,9.142499e-04
10749,57.901110,21,9.111290e-04
10750,57.904852,21,9.142367e-04
10751,57.908593,21,9.111856e-04
10752,57.912334,21,9.089337e-04
10753,57.916075,21,9.073791e-04
10754,57.919816,21,9.068149e-04
10755,57.923557,21,9.070922e-04
10756,57.927298,21,9.081236e-04
10757,57.931038,21,9.102106e-04
10758,57.934779,21,9.135601e-04
10759,57.938519,21,9.184208e-04
10760,57.942259,21,9.239593e-04
10761,57.946000,21,9.306487e-04
10762,57.949740,21,9.384914e-04
10763,57.953480,21,9.124688e-04
10764,57.957219,21,9.048421e-04
10765,57.960959,21,9.207103e-04
10766,57.964699,21,9.374359e-04
10767,57.968438,21,9.548389e-04
10768,57.972177,21,9.728815e-04
10769,57.975916,21,9.916819e-04
10770,57.979655,22,8.429743e-04
10771,57.983394,22,8.595265e-04
10772,57.987133,22,8.760816e-04
10773,57.990871,22,8.939732e-04
10774,57.994610,22,9.094123e-04
10775,57.998348,22,9.264944e-04
10776,58.002086,22,9.440680e-04
10777,58.005824,22,9.609172e-04
10778,58.009561,22,9.786278e-04
10779,58.013299,22,9.935604e-04
10780,58.017036,23,8.403157e-04
10781,58.020773,23,8.523160e-04
10782,58.024510,23,8.638839e-04
10783,58.028247,23,8.756680e-04
10784,58.031983,23,8.874285e-04
10785,58.035719,23,9.012746e-04
10786,58.039455,23,9.154289e-04
10787,58.043191,23,9.259511e-04
10788,58.046927,23,9.360882e-04
10789,58.050662,23,9.458730e-04
10790,58.054398,23,9.552346e-04
10791,58.058132,23,9.643060e-04
10792,58.061867,23,9.729189e-04
10793,58.065602,23,9.810794e-04
10794,58.069336,23,9.887667e-04
10795,58.073070,23,9.959512e-04
10796,58.076803,24,8.349853e-04
10797,58.080537,24,8.399804e-04
10798,58.084270,24,8.441660e-04
10799,58.088003,24,8.481664e-04
10800,58.091735,24,8.517468e-04
10801,58.095467,24,8.548840e-04
10802,58.099199,24,8.575499e-04
10803,58.102931,24,8.597216e-04
10804,58.106662,24,8.613758e-04
10805,58.110393,24,8.607756e-04
10806,58.114124,24,8.611321e-04
10807,58.117854,24,8.613430e-04
10808,58.121584,24,8.610588e-04
10809,58.125314,24,8.602855e-04
10810,58.129043,24,8.590180e-04
10811,58.132772,24,8.572637e-04
10812,58.136500,24,8.550245e-04
10813,58.140229,24,8.523007e-04
10814,58.143956,24,8.490991e-04
10815,58.147684,24,8.454259e-04
10816,58.151411,24,8.412877e-04
10817,58.155137,24,8.366936e-04
10818,58.158863,23,9.976796e-04
10819,58.162589,23,9.921196e-04
10820,58.166314,23,9.847724e-04
10821,58.170039,23,9.772235e-04
10822,58.173763,23,9.691234e-04
10823,58.177487,23,9.604979e-04
10824,58.181210,23,9.513851e-04
10825,58.184933,23,9.418306e-04
10826,58.188655,23,9.318761e-04
10827,58.192377,23,9.215529e-04
10828,58.196098,23,9.108812e-04
10829,58.199819,23,8.998795e-04
10830,58.203540,23,8.885660e-04
10831,58.207259,23,8.769613e-04
10832,58.210978,23,8.650905e-04
10833,58.214697,23,8.529823e-04
10834,58.218415,23,8.406688e-04
10835,58.222132,22,9.907206e-04
10836,58.225849,22,9.764855e-04
10837,58.229565,22,9.607777e-04
10838,58.233281,22,9.454371e-04
10839,58.236996,22,9.300163e-04
10840,58.240710,22,9.144138e-04
10841,58.244423,22,8.987702e-04
10842,58.248136,22,8.831470e-04
10843,58.251848,22,8.676345e-04
10844,58.255560,22,8.522960e-04
10845,58.259271,21,9.994812e-04
10846,58.262981,21,9.828852e-04
10847,58.266690,21,9.648641e-04
10848,58.270399,21,9.566054e-04
10849,58.274106,21,9.412753e-04
10850,58.277813,21,9.255145e-04
10851,58.281519,21,9.101193e-04
10852,58.285225,21,8.951952e-04
10853,58.288929,21,8.808325e-04
10854,58.292633,21,8.670599e-04
10855,58.296336,21,8.540020e-04
10856,58.300038,21,8.417981e-04
10857,58.303739,20,9.895132e-04
10858,58.307439,20,9.789072e-04
10859,58.311138,20,9.663511e-04
10860,58.314836,20,9.217934e-04
10861,58.318534,20,8.636438e-04
10862,58.322230,20,8.645123e-04
10863,58.325925,20,8.681536e-04
10864,58.329620,20,8.715831e-04
10865,58.333313,20,8.766695e-04
10866,58.337005,20,8.447766e-04
10867,58.340696,20,8.484879e-04
10868,58.344387,20,8.621198e-04
10869,58.348076,20,8.771183e-04
10870,58.351763,20,8.944990e-04
10871,58.355450,20,9.200088e-04
10872,58.359136,20,9.382006e-04
10873,58.362820,20,9.572083e-04
10874,58.366504,20,9.769927e-04
10875,58.370186,20,9.983614e-04
10876,58.373866,21,8.664842e-04
10877,58.377546,21,8.826030e-04
10878,58.381224,21,8.979521e-04
10879,58.384901,21,9.173859e-04
10880,58.388577,21,9.442521e-04
10881,58.392251,21,9.615371e-04
10882,58.395924,21,9.789569e-04
10883,58.399596,21,9.963560e-04
10884,58.403266,22,8.554517e-04
10885,58.406935,22,8.683640e-04
10886,58.410602,22,8.804604e-04
10887,58.414268,22,8.937521e-04
10888,58.417933,22,9.076549e-04
10889,58.421596,22,9.215837e-04
10890,58.425257,22,9.353711e-04
10891,58.428917,22,9.488952e-04
10892,58.432575,22,9.624768e-04
10893,58.436232,22,9.761341e-04
10894,58.439887,22,9.887351e-04
10895,58.443541,23,8.448129e-04
10896,58.447192,23,8.533505e-04
10897,58.450843,23,8.610952e-04
10898,58.454491,23,8.694477e-04
10899,58.458138,23,8.777384e-04
10900,58.461783,23,8.858038e-04
10901,58.465426,23,8.914494e-04
10902,58.469068,23,8.983506e-04
10903,58.472708,23,9.047642e-04
10904,58.476345,23,9.106424e-04
10905,58.479982,23,9.160251e-04
10906,58.483616,23,9.209652e-04
10907,58.487248,23,9.255726e-04
10908,58.490879,23,9.300590e-04
10909,58.494507,23,9.341909e-04
10910,58.498134,23,9.376391e-04
10911,58.501759,23,9.406916e-04
10912,58.505381,23,9.433827e-04
10913,58.509002,23,9.456977e-04
10914,58.512621,23,9.476409e-04
10915,58.516238,23,9.492232e-04
10916,58.519852,23,9.504586e-04
10917,58.523465,23,9.513640e-04
10918,58.527076,23,9.519261e-04
10919,58.530684,23,9.522717e-04
10920,58.534291,23,9.523763e-04
10921,58.537895,23,9.519937e-04
10922,58.541497,23,9.499926e-04
10923,58.545097,23,9.458901e-04
10924,58.548695,23,9.431078e-04
10925,58.552291,23,9.399716e-04
10926,58.555885,23,9.364970e-04
10927,58.559476,23,9.327041e-04
10928,58.563066,23,9.286157e-04
10929,58.566653,23,9.242492e-04
10930,58.570238,23,9.196276e-04
10931,58.573821,23,9.147871e-04
10932,58.577402,23,9.097743e-04
10933,58.580980,23,9.045765e-04
10934,58.584556,23,8.992202e-04
10935,58.588131,23,8.937387e-04
10936,58.591703,23,8.881558e-04
10937,58.595272,23,8.824961e-04
10938,58.598840,23,8.767860e-04
10939,58.602406,23,8.711088e-04
10940,58.605969,23,8.654248e-04
10941,58.609530,23,8.596892e-04
10942,58.613089,23,8.539905e-04
10943,58.616646,23,8.483997e-04
10944,58.620201,23,8.447792e-04
10945,58.623753,23,8.428200e-04
10946,58.627304,22,9.982694e-04
10947,58.630853,22,9.932754e-04
10948,58.634399,22,9.874331e-04
10949,58.637943,22,9.818829e-04
10950,58.641486,22,9.763566e-04
10951,58.645026,22,9.709703e-04
10952,58.648565,22,9.656254e-04
10953,58.652101,22,9.605651e-04
10954,58.655636,22,9.558765e-04
10955,58.659169,22,9.516244e-04
10956,58.662699,22,9.246840e-04
10957,58.666228,22,9.070667e-04
10958,58.669756,22,9.070218e-04
10959,58.673281,22,9.073293e-04
10960,58.676805,22,9.079992e-04
10961,58.680327,22,9.090054e-04
10962,58.683847,22,9.104361e-04
10963,58.687366,22,9.123039e-04
10964,58.690883,22,9.149477e-04
10965,58.694399,22,9.181821e-04
10966,58.697913,22,9.214606e-04
10967,58.701426,22,9.251897e-04
10968,58.704937,22,9.293504e-04
10969,58.708447,22,9.339044e-04
10970,58.711955,22,9.388638e-04
10971,58.715463,22,9.441878e-04
10972,58.718969,22,9.498543e-04
10973,58.722474,22,9.635170e-04
10974,58.725978,22,9.727511e-04
10975,58.729480,22,9.782666e-04
10976,58.732982,22,9.837903e-04
10977,58.736483,22,9.893162e-04
10978,58.739983,22,9.948120e-04
10979,58.743482,23,8.570700e-04
10980,58.746980,23,8.595944e-04
10981,58.750477,23,8.624493e-04
10982,58.753974,23,8.650444e-04
10983,58.757470,23,8.680118e-04
10984,58.760966,23,8.712437e-04
10985,58.764461,23,8.746413e-04
10986,58.767955,23,8.781196e-04
10987,58.771450,23,8.815985e-04
10988,58.774943,23,8.849990e-04
10989,58.778437,23,8.882484e-04
10990,58.781930,23,8.901100e-04
10991,58.785423,23,8.914373e-04
10992,58.788916,23,8.936214e-04
10993,58.792409,23,8.954696e-04
10994,58.795902,23,8.969490e-04
10995,58.799395,23,8.980409e-04
10996,58.802888,23,8.987346e-04
10997,58.806381,23,8.990271e-04
10998,58.809874,23,8.988973e-04
10999,58.813368,23,8.983478e-04
11000,58.816862,23,8.977568e-04
11001,58.820356,23,8.963906e-04
11002,58.823851,23,8.946342e-04
11003,58.827346,23,8.924018e-04
11004,58.830841,23,8.896765e-04
11005,58.834338,23,8.865025e-04
11006,58.837835,23,8.828789e-04
11007,58.841332,23,8.788066e-04
11008,58.844831,23,8.742867e-04
11009,58.848330,23,8.693269e-04
11010,58.851830,23,8.640401e-04
11011,58.855330,23,8.597736e-04
11012,58.858832,23,8.548663e-04
11013,58.862335,23,8.483859e-04
11014,58.865838,22,9.933026e-04
11015,58.869343,22,9.874815e-04
11016,58.872849,22,9.791812e-04
11017,58.876356,22,9.708702e-04
11018,58.879864,22,9.618607e-04
11019,58.883373,22,9.522441e-04
11020,58.886884,22,9.420922e-04
11021,58.890395,22,9.314600e-04
11022,58.893908,22,9.203924e-04
11023,58.897423,22,9.089387e-04
11024,58.900939,22,8.986669e-04
11025,58.904456,22,8.897042e-04
11026,58.907975,22,8.773664e-04
11027,58.911495,22,8.649088e-04
11028,58.915017,22,8.521768e-04
11029,58.918540,21,9.995585e-04
11030,58.922065,21,9.867423e-04
11031,58.925591,21,9.712898e-04
11032,58.929120,21,9.567336e-04
11033,58.932649,21,9.392638e-04
11034,58.936181,21,9.130991e-04
11035,58.939714,21,8.989094e-04
11036,58.943248,21,8.877735e-04
11037,58.946785,21,8.749471e-04
11038,58.950323,21,8.618650e-04
11039,58.953863,21,8.492762e-04
11040,58.957405,21,8.374400e-04
11041,58.960949,21,8.360818e-04
11042,58.964494,20,9.900397e-04
11043,58.968042,20,9.798729e-04
11044,58.971591,20,9.561425e-04
11045,58.975142,20,9.440722e-04
11046,58.978695,20,9.355985e-04
11047,58.982250,20,9.283840e-04
11048,58.985806,20,9.225385e-04
11049,58.989365,20,9.181373e-04
11050,58.992926,20,9.152334e-04
11051,58.996488,20,8.736391e-04
11052,59.000053,19,9.867194e-04
11053,59.003619,20,8.276395e-04
11054,59.007187,20,8.341223e-04
11055,59.010758,20,8.455051e-04
11056,59.014330,20,8.593876e-04
11057,59.017904,20,8.736484e-04
11058,59.021480,20,8.901045e-04
11059,59.025059,20,9.077694e-04
11060,59.028639,20,9.265719e-04
11061,59.032221,20,9.463661e-04
11062,59.035805,20,9.672220e-04
11063,59.039391,20,9.891780e-04
11064,59.042979,21,8.390845e-04
11065,59.046569,21,8.672046e-04
11066,59.050161,21,8.929029e-04
11067,59.053755,21,9.128557e-04
11068,59.057351,21,9.338949e-04
11069,59.060949,21,9.579287e-04
11070,59.064549,21,9.772973e-04
11071,59.068151,21,9.966309e-04
11072,59.071755,22,8.419291e-04
11073,59.075361,22,8.585074e-04
11074,59.078968,22,8.734436e-04
11075,59.082578,22,8.888304e-04
11076,59.086190,22,9.040121e-04
11077,59.089803,22,9.189708e-04
11078,59.093419,22,9.336912e-04
11079,59.097036,22,9.479137e-04
11080,59.100655,22,9.617239e-04
11081,59.104277,22,9.755522e-04
11082,59.107900,22,9.889280e-04
11083,59.111525,23,8.307460e-04
11084,59.115151,23,8.415449e-04
11085,59.118780,23,8.509674e-04
11086,59.122411,23,8.604922e-04
11087,59.126043,23,8.696358e-04
11088,59.129677,23,8.785561e-04
11089,59.133313,23,8.866568e-04
11090,59.136951,23,8.942565e-04
11091,59.140591,23,9.013558e-04
11092,59.144232,23,9.079300e-04
11093,59.147875,23,9.139596e-04
11094,59.151520,23,9.194573e-04
11095,59.155167,23,9.245352e-04
11096,59.158816,23,9.271869e-04
11097,59.162466,23,9.304610e-04
11098,59.166118,23,9.332410e-04
11099,59.169771,23,9.354353e-04
11100,59.173427,23,9.370667e-04
11101,59.177084,23,9.381446e-04
11102,59.180742,23,9.386619e-04
11103,59.184403,23,9.386449e-04
11104,59.188065,23,9.381127e-04
11105,59.191728,23,9.370815e-04
11106,59.195394,23,9.355683e-04
11107,59.199060,23,9.335869e-04
11108,59.202729,23,9.311504e-04
11109,59.206399,23,9.282891e-04
11110,59.210070,23,9.251088e-04
11111,59.213743,23,9.216645e-04
11112,59.217418,23,9.177110e-04
11113,59.221094,23,9.134409e-04
11114,59.224772,23,9.075778e-04
11115,59.228451,23,8.982661e-04
11116,59.232132,23,8.919874e-04
11117,59.235814,23,8.854242e-04
11118,59.239497,23,8.786073e-04
11119,59.243182,23,8.715681e-04
11120,59.246869,23,8.643434e-04
11121,59.250557,23,8.569660e-04
11122,59.254246,23,8.494916e-04
11123,59.257936,23,8.419499e-04
11124,59.261628,23,8.343759e-04
11125,59.265322,22,9.973795e-04
11126,59.269016,22,9.878332e-04
11127,59.272712,22,9.784966e-04
11128,59.276409,22,9.699120e-04
11129,59.280108,22,9.614979e-04
11130,59.283808,22,9.544112e-04
11131,59.287509,22,9.544472e-04
11132,59.291211,22,9.468457e-04
11133,59.294915,22,9.396326e-04
11134,59.298619,22,9.328809e-04
11135,59.302325,22,9.266255e-04
11136,59.306033,22,9.207543e-04
11137,59.309741,22,9.155023e-04
11138,59.313450,22,9.109427e-04
11139,59.317161,22,9.070568e-04
11140,59.320873,22,8.594322e-04
11141,59.324586,22,8.495089e-04
11142,59.328300,22,8.522621e-04
11143,59.332015,22,8.557228e-04
11144,59.335731,22,8.599036e-04
11145,59.339448,22,8.648305e-04
11146,59.343167,22,8.705151e-04
11147,59.346886,22,8.769611e-04
11148,59.350606,22,8.841629e-04
11149,59.354328,22,8.921136e-04
11150,59.358050,22,9.007953e-04
11151,59.361773,22,9.198486e-04
11152,59.365498,22,9.309823e-04
11153,59.369223,22,9.412055e-04
11154,59.372949,22,9.516834e-04
11155,59.376676,22,9.629442e-04
11156,59.380404,22,9.739196e-04
11157,59.384133,22,9.869239e-04
11158,59.387863,22,9.982957e-04
11159,59.391594,23,8.377985e-04
11160,59.395325,23,8.463112e-04
11161,59.399058,23,8.537495e-04
11162,59.402791,23,8.615334e-04
11163,59.406525,23,8.692295e-04
11164,59.410260,23,8.768339e-04
11165,59.413995,23,8.842776e-04
11166,59.417732,23,8.914914e-04
11167,59.421469,23,8.984134e-04
11168,59.425207,23,9.049929e-04
11169,59.428946,23,9.113866e-04
11170,59.432685,23,9.173742e-04
11171,59.436425,23,9.227523e-04
11172,59.440166,23,9.276141e-04
11173,59.443908,23,9.319481e-04
11174,59.447650,23,9.357510e-04
11175,59.451393,23,9.390202e-04
11176,59.455136,23,9.417024e-04
11177,59.458881,23,9.437918e-04
11178,59.462625,23,9.452795e-04
11179,59.466371,23,9.461587e-04
11180,59.470117,23,9.451680e-04
11181,59.473863,23,9.430256e-04
11182,59.477611,23,9.416453e-04
11183,59.481358,23,9.396334e-04
11184,59.485107,23,9.369816e-04
11185,59.488856,23,9.337110e-04
11186,59.492605,23,9.298276e-04
11187,59.496355,23,9.253420e-04
11188,59.500106,23,9.202666e-04
11189,59.503857,23,9.149922e-04
11190,59.507608,23,9.133111e-04
11191,59.511360,23,9.072030e-04
11192,59.515112,23,9.003149e-04
11193,59.518865,23,8.928845e-04
11194,59.522618,23,8.849125e-04
11195,59.526372,23,8.764073e-04
11196,59.530126,23,8.673932e-04
11197,59.533881,23,8.579113e-04
11198,59.537636,23,8.480182e-04
11199,59.541391,23,8.377203e-04
11200,59.545147,22,9.895267e-04
11201,59.548903,22,9.779737e-04
11202,59.552659,22,9.644688e-04
11203,59.556416,22,9.516262e-04
11204,59.560173,22,9.386613e-04
11205,59.563930,22,9.256557e-04
11206,59.567688,22,9.127138e-04
11207,59.571446,22,8.952825e-04
11208,59.575204,22,8.794435e-04
11209,59.578963,22,8.678551e-04
11210,59.582722,22,8.567598e-04
11211,59.586481,22,8.462364e-04
11212,59.590240,21,9.996997e-04
11213,59.594000,21,9.902796e-04
11214,59.597759,21,9.795162e-04
11215,59.601519,21,9.795666e-04
11216,59.605279,21,9.760545e-04
11217,59.609040,21,9.696605e-04
11218,59.612800,21,9.643526e-04
11219,59.616561,21,9.602244e-04
11220,59.620322,21,9.573611e-04
11221,59.624083,21,9.578034e-04
11222,59.627844,21,9.605511e-04
11223,59.631605,21,9.246000e-04
11224,59.635366,21,8.847966e-04
11225,59.639128,21,8.969375e-04
11226,59.642889,21,9.094059e-04
11227,59.646651,21,9.235069e-04
11228,59.650412,21,9.394598e-04
11229,59.654174,21,9.621096e-04
11230,59.657935,21,9.821767e-04
11231,59.661697,22,8.403472e-04
11232,59.665459,22,8.681950e-04
11233,59.669221,22,8.866122e-04
11234,59.672982,22,9.047446e-04
11235,59.676744,22,9.233541e-04
11236,59.680506,22,9.423068e-04
11237,59.684267,22,9.614502e-04
11238,59.688029,22,9.806280e-04
11239,59.691790,22,9.997003e-04
11240,59.695552,23,8.540778e-04
11241,59.699313,23,8.711487e-04
11242,59.703074,23,8.834249e-04
11243,59.706835,23,8.961697e-04
11244,59.710596,23,9.086363e-04
11245,59.714357,23,9.207711e-04
11246,59.718118,23,9.273325e-04
11247,59.721878,23,9.375505e-04
11248,59.725639,23,9.491357e-04
11249,59.729399,23,9.599889e-04
11250,59.733159,23,9.702226e-04
11251,59.736919,23,9.798028e-04
11252,59.740678,23,9.886927e-04
11253,59.744438,23,9.968652e-04
11254,59.748197,24,8.428338e-04
11255,59.751956,24,8.480501e-04
11256,59.755714,24,8.518668e-04
11257,59.759473,24,8.556092e-04
11258,59.763231,24,8.588380e-04
11259,59.766988,24,8.615141e-04
11260,59.770746,24,8.635851e-04
11261,59.774503,24,8.650009e-04
11262,59.778260,24,8.657273e-04
11263,59.782016,24,8.657563e-04
11264,59.785772,24,8.650985e-04
11265,59.789528,24,8.617943e-04
11266,59.793283,24,8.593016e-04
11267,59.797038,24,8.567907e-04
11268,59.800792,24,8.536490e-04
11269,59.804546,24,8.498909e-04
11270,59.808300,24,8.455237e-04
11271,59.812053,24,8.405558e-04
11272,59.815805,23,9.967054e-04
11273,59.819558,23,9.907518e-04
11274,59.823309,23,9.825374e-04
11275,59.827060,23,9.742452e-04
11276,59.830811,23,9.652170e-04
11277,59.834561,23,9.555088e-04
11278,59.838311,23,9.451969e-04
11279,59.842060,23,9.343712e-04
11280,59.845808,23,9.231125e-04
11281,59.849556,23,9.114775e-04
11282,59.853303,23,8.995072e-04
11283,59.857050,23,8.872696e-04
11284,59.860796,23,8.747907e-04
11285,59.864541,23,8.621203e-04
11286,59.868286,23,8.493176e-04
11287,59.872030,22,9.979299e-04
11288,59.875773,22,9.840314e-04
11289,59.879516,22,9.683162e-04
11290,59.883258,22,9.535059e-04
11291,59.886999,22,9.388170e-04
11292,59.890739,22,9.243679e-04
11293,59.894479,22,9.102323e-04
11294,59.898218,22,8.965856e-04
11295,59.901956,22,8.835929e-04
11296,59.905693,22,8.735919e-04
11297,59.909430,22,8.708098e-04
11298,59.913166,22,8.606207e-04
11299,59.916900,22,8.515871e-04
11300,59.920634,22,8.434629e-04
11301,59.924367,21,9.962776e-04
11302,59.928100,21,9.912426e-04
11303,59.931831,21,9.867097e-04
11304,59.935561,21,9.119856e-04
11305,59.939291,21,9.003841e-04
11306,59.943020,21,9.064151e-04
11307,59.946747,21,9.138572e-04
11308,59.950474,21,9.228168e-04
11309,59.954199,21,9.333660e-04
11310,59.957924,21,9.507037e-04
11311,59.961648,21,9.754090e-04
11312,59.965370,21,9.908526e-04
11313,59.969092,22,8.446385e-04
11314,59.972812,22,8.580213e-04
11315,59.976531,22,8.710029e-04
11316,59.980250,22,8.854075e-04
11317,59.983967,22,9.003104e-04
11318,59.987683,22,9.155549e-04
11319,59.991398,22,9.309645e-04
11320,59.995111,22,9.463585e-04
11321,59.998824,22,9.617436e-04
11322,60.002535,22,9.795389e-04
11323,60.006246,22,9.951971e-04
11324,60.009955,23,8.466511e-04
11325,60.013662,23,8.570316e-04
11326,60.017369,23,8.662896e-04
11327,60.021074,23,8.761689e-04
11328,60.024778,23,8.859909e-04
11329,60.028481,23,8.956188e-04
11330,60.032182,23,9.049039e-04
11331,60.035882,23,9.137024e-04
11332,60.039581,23,9.219122e-04
11333,60.043278,23,9.294783e-04
11334,60.046974,23,9.363868e-04
11335,60.050669,23,9.432490e-04
11336,60.054362,23,9.511038e-04
11337,60.058054,23,9.559749e-04
11338,60.061745,23,9.534050e-04
11339,60.065434,23,9.548314e-04
11340,60.069122,23,9.585753e-04
11341,60.072808,23,9.610298e-04
11342,60.076493,23,9.613140e-04
11343,60.080176,23,9.623833e-04
11344,60.083858,23,9.627634e-04
11345,60.087538,23,9.624573e-04
11346,60.091217,23,9.614219e-04
11347,60.094894,23,9.597527e-04
11348,60.098570,23,9.575181e-04
11349,60.102244,23,9.546887e-04
11350,60.105917,23,9.512928e-04
11351,60.109588,23,9.473605e-04
11352,60.113258,23,9.429258e-04
11353,60.116926,23,9.380616e-04
11354,60.120592,23,9.327696e-04
11355,60.124257,23,9.270857e-04
11356,60.127920,23,9.210566e-04
11357,60.131582,23,9.147250e-04
11358,60.135242,23,9.081362e-04
11359,60.138901,23,9.013442e-04
11360,60.142557,23,8.943847e-04
11361,60.146213,23,8.873547e-04
11362,60.149866,23,8.803404e-04
11363,60.153518,23,8.733990e-04
11364,60.157169,23,8.665722e-04
11365,60.160817,23,8.599100e-04
11366,60.164464,23,8.534712e-04
11367,60.168110,23,8.473260e-04
11368,60.171753,23,8.415282e-04
11369,60.175395,23,8.361388e-04
11370,60.179036,22,9.946302e-04
11371,60.182675,22,9.910232e-04
11372,60.186312,22,9.861001e-04
11373,60.189947,22,9.813478e-04
11374,60.193581,22,9.769539e-04
11375,60.197213,22,9.730957e-04
11376,60.200844,22,9.699010e-04
11377,60.204473,22,9.738751e-04
11378,60.208100,22,9.751502e-04
11379,60.211726,22,9.744923e-04
11380,60.215350,22,9.736907e-04
11381,60.218972,22,9.762291e-04
11382,60.222593,22,9.779719e-04
11383,60.226212,22,9.805919e-04
11384,60.229830,22,9.265000e-04
11385,60.233446,22,9.358321e-04
11386,60.237061,22,9.457867e-04
11387,60.240673,22,9.563442e-04
11388,60.244285,22,9.721028e-04
11389,60.247895,22,9.898615e-04
11390,60.251503,23,8.383830e-04
11391,60.255110,23,8.490127e-04
11392,60.258715,23,8.590079e-04
11393,60.262319,23,8.700045e-04
11394,60.265921,23,8.812935e-04
11395,60.269522,23,8.927232e-04
11396,60.273122,23,9.041465e-04
11397,60.276720,23,9.154369e-04
11398,60.280317,23,9.265024e-04
11399,60.283912,23,9.374532e-04
11400,60.287506,23,9.479660e-04
11401,60.291099,23,9.580366e-04
11402,60.294690,23,9.676940e-04
11403,60.298280,23,9.788164e-04
11404,60.301869,23,9.873927e-04
11405,60.305457,23,9.959757e-04
11406,60.309043,24,8.406512e-04
11407,60.312628,24,8.459035e-04
11408,60.316212,24,8.500507e-04
11409,60.319795,24,8.544203e-04
11410,60.323377,24,8.585188e-04
11411,60.326957,24,8.624109e-04
11412,60.330537,24,8.680040e-04
11413,60.334116,24,8.708758e-04
11414,60.337693,24,8.731982e-04
11415,60.341270,24,8.749448e-04
11416,60.344846,24,8.761032e-04
11417,60.348420,24,8.766598e-04
11418,60.351994,24,8.758573e-04
11419,60.355567,24,8.699284e-04
11420,60.359140,24,8.688828e-04
11421,60.362711,24,8.672156e-04
11422,60.366282,24,8.648945e-04
11423,60.369852,24,8.619223e-04
11424,60.373421,24,8.583052e-04
11425,60.376990,24,8.540534e-04
11426,60.380558,24,8.491877e-04
11427,60.384125,24,8.437083e-04
11428,60.387692,23,9.969062e-04
11429,60.391259,23,9.903728e-04
11430,60.394824,23,9.817709e-04
11431,60.398390,23,9.729160e-04
11432,60.401955,23,9.632668e-04
11433,60.405520,23,9.529000e-04
11434,60.409084,23,9.418937e-04
11435,60.412648,23,9.303184e-04
11436,60.416212,23,9.182386e-04
11437,60.419775,23,9.057155e-04
11438,60.423338,23,8.928085e-04
11439,60.426902,23,8.795594e-04
11440,60.430465,23,8.660566e-04
11441,60.434027,23,8.523448e-04
11442,60.437590,22,9.978991e-04
11443,60.441153,22,9.830077e-04
11444,60.444716,22,9.661400e-04
11445,60.448279,22,9.499357e-04
11446,60.451842,22,9.336177e-04
11447,60.455405,22,9.173518e-04
11448,60.458968,22,9.012750e-04
11449,60.462531,22,8.855160e-04
11450,60.466094,22,8.701985e-04
11451,60.469658,22,8.556591e-04
11452,60.473222,22,8.420973e-04
11453,60.476786,21,9.878757e-04
11454,60.480351,21,9.754657e-04
11455,60.483916,21,9.619418e-04
11456,60.487481,21,9.506843e-04
11457,60.491047,21,9.418865e-04
11458,60.494613,21,9.447159e-04
11459,60.498180,21,9.374660e-04
11460,60.501747,21,9.319653e-04
11461,60.505315,21,9.283866e-04
11462,60.508883,21,9.268715e-04
11463,60.512452,21,8.977653e-04
11464,60.516022,21,8.407258e-04
11465,60.519592,21,8.542040e-04
11466,60.523163,21,8.796270e-04
11467,60.526734,21,8.840639e-04
11468,60.530306,21,9.003533e-04
11469,60.533879,21,9.231847e-04
11470,60.537453,21,9.481702e-04
11471,60.541028,21,9.751236e-04
11472,60.544603,21,9.999146e-04
11473,60.548179,22,8.561920e-04
11474,60.551756,22,8.772285e-04
11475,60.555334,22,8.972374e-04
11476,60.558913,22,9.180217e-04
11477,60.562493,22,9.388651e-04
11478,60.566074,22,9.596266e-04
11479,60.569655,22,9.805821e-04
11480,60.573238,23,8.354311e-04
11481,60.576822,23,8.518943e-04
11482,60.580406,23,8.670554e-04
11483,60.583992,23,8.839062e-04
11484,60.587579,23,8.993570e-04
11485,60.591166,23,9.138347e-04
11486,60.594755,23,9.275119e-04
11487,60.598345,23,9.401310e-04
11488,60.601936,23,9.520244e-04
11489,60.605529,23,9.638225e-04
11490,60.609122,23,9.750477e-04
11491,60.612716,23,9.855361e-04
11492,60.616312,23,9.954426e-04
11493,60.619909,24,8.376554e-04
11494,60.623507,24,8.450103e-04
11495,60.627106,24,8.509968e-04
11496,60.630706,24,8.569661e-04
11497,60.634308,24,8.622173e-04
11498,60.637911,24,8.669597e-04
11499,60.641515,24,8.713746e-04
11500,60.645120,24,8.752373e-04
11501,60.648726,24,8.785487e-04
11502,60.652334,24,8.813076e-04
11503,60.655943,24,8.836807e-04
11504,60.659554,24,8.850980e-04
11505,60.663165,24,8.853831e-04
11506,60.666778,24,8.850424e-04
11507,60.670392,24,8.840881e-04
11508,60.674007,24,8.825352e-04
11509,60.677624,24,8.804013e-04
11510,60.681242,24,8.777066e-04
11511,60.684861,24,8.744587e-04
11512,60.688482,24,8.707154e-04
11513,60.692104,24,8.664880e-04
11514,60.695727,24,8.618069e-04
11515,60.699351,24,8.567043e-04
11516,60.702977,24,8.512139e-04
11517,60.706604,24,8.453600e-04
11518,60.710232,24,8.391987e-04
11519,60.713862,24,8.327653e-04
11520,60.717493,23,9.921991e-04
11521,60.721125,23,9.847112e-04
11522,60.724759,23,9.757727e-04
11523,60.728394,23,9.673048e-04
11524,60.732030,23,9.587321e-04
11525,60.735667,23,9.500761e-04
11526,60.739306,23,9.415489e-04
11527,60.742946,23,9.331409e-04
11528,60.746587,23,9.249198e-04
11529,60.750230,23,9.169529e-04
11530,60.753874,23,9.093051e-04
11531,60.757519,23,9.020407e-04
11532,60.761165,23,8.952240e-04
11533,60.764813,23,8.889192e-04
11534,60.768462,23,8.823474e-04
11535,60.772112,23,8.768574e-04
11536,60.775764,23,8.783343e-04
11537,60.779417,23,8.743721e-04
11538,60.783071,23,8.712316e-04
11539,60.786726,23,8.689236e-04
11540,60.790382,23,8.495144e-04
11541,60.794040,22,9.869316e-04
11542,60.797699,23,8.321037e-04
11543,60.801359,23,8.393596e-04
11544,60.805020,23,8.467818e-04
11545,60.808683,23,8.544810e-04
11546,60.812347,23,8.633809e-04
11547,60.816012,23,8.723097e-04
11548,60.819678,23,8.812307e-04
11549,60.823345,23,8.902943e-04
11550,60.827013,23,8.995401e-04
11551,60.830683,23,9.088921e-04
11552,60.834354,23,9.182776e-04
11553,60.838026,23,9.276265e-04
11554,60.841699,23,9.368612e-04
11555,60.845373,23,9.459274e-04
11556,60.849048,23,9.547616e-04
11557,60.852724,23,9.632883e-04
11558,60.856402,23,9.714477e-04
11559,60.860080,23,9.791743e-04
11560,60.863760,23,9.877172e-04
11561,60.867441,23,9.945468e-04
11562,60.871123,24,8.333159e-04
11563,60.874805,24,8.379300e-04
11564,60.878489,24,8.413041e-04
11565,60.882174,24,8.446817e-04
11566,60.885860,24,8.475980e-04
11567,60.889547,24,8.500007e-04
11568,60.893235,24,8.516151e-04
11569,60.896924,24,8.460909e-04
11570,60.900614,24,8.480390e-04
11571,60.904305,24,8.486483e-04
11572,60.907997,24,8.482384e-04
11573,60.911690,24,8.471055e-04
11574,60.915383,24,8.452542e-04
11575,60.919078,24,8.426921e-04
11576,60.922774,24,8.394271e-04
11577,60.926470,24,8.354684e-04
11578,60.930168,23,9.964337e-04
11579,60.933866,23,9.908976e-04
11580,60.937566,23,9.832326e-04
11581,60.941266,23,9.754033e-04
11582,60.944967,23,9.667954e-04
11583,60.948669,23,9.576220e-04
11584,60.952371,23,9.479404e-04
11585,60.956075,23,9.373437e-04
11586,60.959779,23,9.262212e-04
11587,60.963485,23,9.146151e-04
11588,60.967191,23,9.026125e-04
11589,60.970897,23,8.902660e-04
11590,60.974605,23,8.776344e-04
11591,60.978313,23,8.647898e-04
11592,60.982022,23,8.518135e-04
11593,60.985732,23,8.387952e-04
11594,60.989443,22,9.899070e-04
11595,60.993154,22,9.586983e-04
11596,60.996866,22,9.423936e-04
11597,61.000579,22,9.289528e-04
11598,61.004293,22,9.160269e-04
11599,61.008007,22,9.042661e-04
11600,61.011722,22,8.957602e-04
11601,61.015437,22,8.853613e-04
11602,61.019154,22,8.761119e-04
11603,61.022870,22,8.681537e-04
11604,61.026588,22,8.616866e-04
11605,61.030306,22,8.568494e-04
11606,61.034025,22,8.537477e-04
11607,61.037744,22,8.524879e-04
11608,61.041464,22,8.531592e-04
11609,61.045185,22,8.564146e-04
11610,61.048906,22,8.721759e-04
11611,61.052627,22,8.790110e-04
11612,61.056350,22,8.878487e-04
11613,61.060072,22,9.063117e-04
11614,61.063796,22,8.488671e-04
11615,61.067520,22,8.714534e-04
11616,61.071244,22,8.956924e-04
11617,61.074969,22,9.207000e-04
11618,61.078694,22,9.461866e-04
11619,61.082420,22,9.720726e-04
11620,61.086146,22,9.983459e-04
11621,61.089873,23,8.577858e-04
11622,61.093600,23,8.797767e-04
11623,61.097328,23,9.008114e-04
11624,61.101056,23,9.225521e-04
11625,61.104784,23,9.442005e-04
11626,61.108513,23,9.655797e-04
11627,61.112243,23,9.866437e-04
11628,61.115972,24,8.432826e-04
11629,61.119703,24,8.597336e-04
11630,61.123433,24,8.750409e-04
11631,61.127164,24,8.902955e-04
11632,61.130895,24,9.050754e-04
11633,61.134627,24,9.202483e-04
11634,61.138359,24,9.342761e-04
11635,61.142091,24,9.460948e-04
11636,61.145823,24,9.570984e-04
11637,61.149556,24,9.672907e-04
11638,61.153289,24,9.766276e-04
11639,61.157022,24,9.850737e-04
11640,61.160756,24,9.925956e-04
11641,61.164490,24,9.991778e-04
11642,61.168224,25,8.417448e-04
11643,61.171959,25,8.453201e-04
11644,61.175693,25,8.474290e-04
11645,61.179428,25,8.485337e-04
11646,61.183163,25,8.497549e-04
11647,61.186898,25,8.502975e-04
11648,61.190634,25,8.501193e-04
11649,61.194370,25,8.491693e-04
11650,61.198105,25,8.474905e-04
11651,61.201841,25,8.450455e-04
11652,61.205578,25,8.418948e-04
11653,61.209314,25,8.380785e-04
11654,61.213050,24,9.961837e-04
11655,61.216787,24,9.908807e-04
11656,61.220523,24,9.839957e-04
11657,61.224260,24,9.766653e-04
11658,61.227997,24,9.684932e-04
11659,61.231734,24,9.596341e-04
11660,61.235471,24,9.501397e-04
11661,61.239208,24,9.400884e-04
11662,61.242945,24,9.295650e-04
11663,61.246682,24,9.186336e-04
11664,61.250420,24,9.073476e-04
11665,61.254157,24,8.957587e-04
11666,61.257894,24,8.843040e-04
11667,61.261631,24,8.727189e-04
11668,61.265369,24,8.605915e-04
11669,61.269106,24,8.484361e-04
11670,61.272843,23,9.997371e-04
11671,61.276580,23,9.864168e-04
11672,61.280317,23,9.721832e-04
11673,61.284055,23,9.587650e-04
11674,61.287792,23,9.474607e-04
11675,61.291529,23,9.359356e-04
11676,61.295265,23,9.244092e-04
11677,61.299002,23,9.136492e-04
11678,61.302739,23,9.037805e-04
11679,61.306475,23,8.949037e-04
11680,61.310212,23,8.871076e-04
11681,61.313948,23,8.852452e-04
11682,61.317684,23,8.870194e-04
11683,61.321421,23,8.875169e-04
11684,61.325156,23,8.692794e-04
11685,61.328892,22,9.930892e-04
11686,61.332628,23,8.396970e-04
11687,61.336363,23,8.469920e-04
11688,61.340098,23,8.545885e-04
11689,61.343833,23,8.635015e-04
11690,61.347568,23,8.731430e-04
11691,61.351302,23,8.833769e-04
11692,61.355037,23,8.943228e-04
11693,61.358771,23,9.057492e-04
11694,61.362504,23,9.175151e-04
11695,61.366238,23,9.215242e-04
11696,61.369971,23,9.305577e-04
11697,61.373704,23,9.433780e-04
11698,61.377437,23,9.560219e-04
11699,61.381169,23,9.683893e-04
11700,61.384901,23,9.803886e-04
11701,61.388633,23,9.926505e-04
11702,61.392364,24,8.412736e-04
11703,61.396095,24,8.496624e-04
11704,61.399826,24,8.577688e-04
11705,61.403556,24,8.656701e-04
11706,61.407286,24,8.720912e-04
11707,61.411016,24,8.780662e-04
11708,61.414745,24,8.834826e-04
11709,61.418473,24,8.883503e-04
11710,61.422202,24,8.926398e-04
11711,61.425930,24,8.958572e-04
11712,61.429657,24,8.982810e-04
11713,61.433384,24,8.999279e-04
11714,61.437111,24,9.008223e-04
11715,61.440837,24,9.009792e-04
11716,61.444562,24,9.004127e-04
11717,61.448288,24,8.991360e-04
11718,61.452012,24,8.971645e-04
11719,61.455736,24,8.945187e-04
11720,61.459460,24,8.829524e-04
11721,61.463183,24,8.766246e-04
11722,61.466906,24,8.729172e-04
11723,61.470628,24,8.686701e-04
11724,61.474349,24,8.639346e-04
11725,61.478070,24,8.587607e-04
11726,61.481790,24,8.537227e-04
11727,61.485510,24,8.492990e-04
11728,61.489229,24,8.431009e-04
11729,61.492947,23,9.985390e-04
11730,61.496665,23,9.919192e-04
11731,61.500383,23,9.839012e-04
11732,61.504099,23,9.757957e-04
11733,61.507815,23,9.673956e-04
11734,61.511530,23,9.589658e-04
11735,61.515245,23,9.506478e-04
11736,61.518959,23,9.426137e-04
11737,61.522672,23,9.350194e-04
11738,61.526385,23,9.279941e-04
11739,61.530097,23,9.216524e-04
11740,61.533808,23,9.162408e-04
11741,61.537518,23,9.115410e-04
11742,61.541228,23,9.077860e-04
11743,61.544937,23,9.050686e-04
11744,61.548645,23,9.034533e-04
11745,61.552352,23,9.031056e-04
11746,61.556059,23,9.041285e-04
11747,61.559764,23,9.065767e-04
11748,61.563469,23,9.104864e-04
11749,61.567173,23,9.158718e-04
11750,61.570877,23,9.265417e-04
11751,61.574579,23,9.421191e-04
11752,61.578281,23,9.569974e-04
11753,61.581982,23,9.685251e-04
11754,61.585681,23,9.309913e-04
11755,61.589380,23,9.466357e-04
11756,61.593079,23,9.651137e-04
11757,61.596776,23,9.836605e-04
11758,61.600472,24,8.412213e-04
11759,61.604167,24,8.557784e-04
11760,61.607862,24,8.697186e-04
11761,61.611555,24,8.840056e-04
11762,61.615248,24,8.982510e-04
11763,61.618940,24,9.123501e-04
11764,61.622630,24,9.261681e-04
11765,61.626320,24,9.395719e-04
11766,61.630008,24,9.524577e-04
11767,61.633696,24,9.647558e-04
11768,61.637383,24,9.764230e-04
11769,61.641068,24,9.874250e-04
11770,61.644753,24,9.977291e-04
11771,61.648437,25,8.430241e-04
11772,61.652119,25,8.498501e-04
11773,61.655800,25,8.560641e-04
11774,61.659481,25,8.622972e-04
11775,61.663160,25,8.675371e-04
11776,61.666838,25,8.717987e-04
11777,61.670515,25,8.753463e-04
11778,61.674191,25,8.780721e-04
11779,61.677866,25,8.799189e-04
11780,61.681540,25,8.808681e-04
11781,61.685213,25,8.809256e-04
11782,61.688884,25,8.801145e-04
11783,61.692555,25,8.784589e-04
11784,61.696224,25,8.759764e-04
11785,61.699892,25,8.726806e-04
11786,61.703559,25,8.685841e-04
11787,61.707224,25,8.637002e-04
11788,61.710889,25,8.580499e-04
11789,61.714552,25,8.516564e-04
11790,61.718214,25,8.456243e-04
11791,61.721875,25,8.388525e-04
11792,61.725535,24,9.932525e-04
11793,61.729193,24,9.835080e-04
11794,61.732851,24,9.721124e-04
11795,61.736507,24,9.601889e-04
11796,61.740161,24,9.474326e-04
11797,61.743815,24,9.339380e-04
11798,61.747467,24,9.198425e-04
11799,61.751118,24,9.053051e-04
11800,61.754768,24,8.904271e-04
11801,61.758417,24,8.753132e-04
11802,61.762064,24,8.600398e-04
11803,61.765710,24,8.438221e-04
11804,61.769355,23,9.903793e-04
11805,61.772998,23,9.728105e-04
11806,61.776640,23,9.542810e-04
11807,61.780281,23,9.364019e-04
11808,61.783921,23,9.188140e-04
11809,61.787559,23,9.016896e-04
11810,61.791196,23,8.852331e-04
11811,61.794832,23,8.568399e-04
11812,61.798466,23,8.418666e-04
11813,61.802099,22,9.927464e-04
11814,61.805731,22,9.804716e-04
11815,61.809362,22,9.683326e-04
11816,61.812991,22,9.585994e-04
11817,61.816619,22,9.528926e-04
11818,61.820245,22,9.524117e-04
11819,61.823871,22,9.508793e-04
11820,61.827495,22,9.539016e-04
11821,61.831118,22,9.670793e-04
11822,61.834739,22,9.605869e-04
11823,61.838360,22,9.041151e-04
11824,61.841979,22,9.203539e-04
11825,61.845596,22,9.377017e-04
11826,61.849213,22,9.559498e-04
11827,61.852828,22,9.749048e-04
11828,61.856442,22,9.944253e-04
11829,61.860055,23,8.483929e-04
11830,61.863666,23,8.649075e-04
11831,61.867276,23,8.809131e-04
11832,61.870885,23,8.974350e-04
11833,61.874493,23,9.140837e-04
11834,61.878100,23,9.307442e-04
11835,61.881705,23,9.472514e-04
11836,61.885309,23,9.631264e-04
11837,61.888912,23,9.783272e-04
11838,61.892514,23,9.919402e-04
11839,61.896115,24,8.409875e-04
11840,61.899714,24,8.517143e-04
11841,61.903312,24,8.611208e-04
11842,61.906910,24,8.713993e-04
11843,61.910506,24,8.799022e-04
11844,61.914101,24,8.884600e-04
11845,61.917695,24,8.951309e-04
11846,61.921287,24,9.010059e-04
11847,61.924879,24,9.060037e-04
11848,61.928470,24,9.100817e-04
11849,61.932059,24,9.132241e-04
11850,61.935648,24,9.154682e-04
11851,61.939236,24,9.167889e-04
11852,61.942822,24,9.171582e-04
11853,61.946408,24,9.166165e-04
11854,61.949993,24,9.153635e-04
11855,61.953576,24,9.150394e-04
11856,61.957159,24,9.117391e-04
11857,61.960741,24,9.075734e-04
11858,61.964322,24,9.028623e-04
11859,61.967902,24,8.977966e-04
11860,61.971482,24,8.913239e-04
11861,61.975060,24,8.841474e-04
11862,61.978638,24,8.762900e-04
11863,61.982215,24,8.637981e-04
11864,61.985791,24,8.537722e-04
11865,61.989366,24,8.444598e-04
11866,61.992941,23,9.980162e-04
11867,61.996515,23,9.868272e-04
11868,62.000088,23,9.738486e-04
11869,62.003660,23,9.609494e-04
11870,62.007232,23,9.476228e-04
11871,62.010804,23,9.339965e-04
11872,62.014374,23,9.202200e-04
11873,62.017945,23,9.064468e-04
11874,62.021514,23,8.928213e-04
11875,62.025083,23,8.794776e-04
11876,62.028652,23,8.665411e-04
11877,62.032220,23,8.541340e-04
11878,62.035787,23,8.423796e-04
11879,62.039355,22,9.944929e-04
11880,62.042921,22,9.838393e-04
11881,62.046488,22,9.726281e-04
11882,62.050054,22,9.634442e-04
11883,62.053619,22,9.556934e-04
11884,62.057185,22,9.498094e-04
11885,62.060750,22,9.506408e-04
11886,62.064315,22,9.503301e-04
11887,62.067879,22,9.519288e-04
11888,62.071444,22,9.554411e-04
11889,62.075008,22,9.608248e-04
11890,62.078572,22,9.724495e-04
11891,62.082136,22,9.536298e-04
11892,62.085699,22,9.240571e-04
11893,62.089263,22,9.432436e-04
11894,62.092827,22,9.631966e-04
11895,62.096390,22,9.839195e-04
11896,62.099954,23,8.401675e-04
11897,62.103517,23,8.575942e-04
11898,62.107081,23,8.743349e-04
11899,62.110644,23,8.918333e-04
11900,62.114208,23,9.093630e-04
11901,62.117772,23,9.267917e-04
11902,62.121335,23,9.439348e-04
11903,62.124900,23,9.623333e-04
11904,62.128464,23,9.797455e-04
11905,62.132028,23,9.951573e-04
11906,62.135593,24,8.440497e-04
11907,62.139157,24,8.553254e-04
11908,62.142723,24,8.652199e-04
11909,62.146288,24,8.748766e-04
11910,62.149854,24,8.843138e-04
11911,62.153420,24,8.924510e-04
11912,62.156986,24,8.998261e-04
11913,62.160553,24,9.068894e-04
11914,62.164120,24,9.124947e-04
11915,62.167687,24,9.169766e-04
11916,62.171255,24,9.206078e-04
11917,62.174823,24,9.233704e-04
11918,62.178392,24,9.252556e-04
11919,62.181962,24,9.262602e-04
11920,62.185531,24,9.263831e-04
11921,62.189102,24,9.256290e-04
11922,62.192673,24,9.240056e-04
11923,62.196244,24,9.212376e-04
11924,62.199816,24,9.084406e-04
11925,62.203389,24,9.048451e-04
11926,62.206962,24,9.004417e-04
11927,62.210536,24,8.952614e-04
11928,62.214110,24,8.893480e-04
11929,62.217686,24,8.827491e-04
11930,62.221261,24,8.755177e-04
11931,62.224838,24,8.677115e-04
11932,62.228415,24,8.593928e-04
11933,62.231993,24,8.506300e-04
11934,62.235572,24,8.424153e-04
11935,62.239151,23,9.994903e-04
11936,62.242732,23,9.887998e-04
11937,62.246313,23,9.767800e-04
11938,62.249894,23,9.651541e-04
11939,62.253477,23,9.527018e-04
11940,62.257061,23,9.380131e-04
11941,62.260645,23,9.257489e-04
11942,62.264230,23,9.138226e-04
11943,62.267816,23,9.023864e-04
11944,62.271403,23,8.916196e-04
11945,62.274990,23,8.816437e-04
11946,62.278579,23,8.725993e-04
11947,62.282169,23,8.645469e-04
11948,62.285759,23,8.577775e-04
11949,62.289350,23,8.523558e-04
11950,62.292943,23,8.483916e-04
11951,62.296536,23,8.479305e-04
11952,62.300130,23,8.509618e-04
11953,62.303725,23,8.539433e-04
11954,62.307321,23,8.584218e-04
11955,62.310918,23,8.644053e-04
11956,62.314516,23,8.718868e-04
11957,62.318115,23,8.808554e-04
11958,62.321715,23,8.927019e-04
11959,62.325316,23,8.596584e-04
11960,62.328917,23,8.686938e-04
11961,62.332520,23,8.882647e-04
11962,62.336124,23,9.081826e-04
11963,62.339729,23,9.283167e-04
11964,62.343335,23,9.485583e-04
11965,62.346942,23,9.687390e-04
11966,62.350550,23,9.887305e-04
11967,62.354159,24,8.401343e-04
11968,62.357769,24,8.562575e-04
11969,62.361380,24,8.713001e-04
11970,62.364992,24,8.862726e-04
11971,62.368605,24,9.006917e-04
11972,62.372219,24,9.144473e-04
11973,62.375835,24,9.274892e-04
11974,62.379451,24,9.396639e-04
11975,62.383068,24,9.508730e-04
11976,62.386687,24,9.614004e-04
11977,62.390306,24,9.708065e-04
11978,62.393926,24,9.789042e-04
11979,62.397548,24,9.859792e-04
11980,62.401170,24,9.921030e-04
11981,62.404794,24,9.974509e-04
11982,62.408419,25,8.341261e-04
11983,62.412044,25,8.363201e-04
11984,62.415671,25,8.370452e-04
11985,62.419299,25,8.372370e-04
11986,62.422928,25,8.365568e-04
11987,62.426557,25,8.349833e-04
11988,62.430188,24,9.990687e-04
11989,62.433820,24,9.955200e-04
11990,62.437453,24,9.900171e-04
11991,62.441087,24,9.837885e-04
11992,62.444722,24,9.764586e-04
11993,62.448359,24,9.680787e-04
11994,62.451996,24,9.587110e-04
11995,62.455634,24,9.483796e-04
11996,62.459273,24,9.372206e-04
11997,62.462913,24,9.252513e-04
11998,62.466554,24,9.125274e-04
11999,62.470197,24,8.991085e-04
12000,62.473840,24,8.850625e-04
12001,62.477484,24,8.704669e-04
12002,62.481129,24,8.554062e-04
12003,62.484776,24,8.399665e-04
12004,62.488423,23,9.898030e-04
12005,62.492071,23,9.716121e-04
12006,62.495720,23,9.521131e-04
12007,62.499371,23,9.332562e-04
12008,62.503022,23,9.146184e-04
12009,62.506674,23,8.963832e-04
12010,62.510327,23,8.786825e-04
12011,62.513981,23,8.619100e-04
12012,62.517636,23,8.461767e-04
12013,62.521292,23,8.345014e-04
12014,62.524949,22,9.889710e-04
12015,62.528607,22,9.774610e-04
12016,62.532266,22,9.691944e-04
12017,62.535926,22,9.632944e-04
12018,62.539586,22,9.598496e-04
12019,62.543248,22,9.589123e-04
12020,62.546911,22,9.605176e-04
12021,62.550574,22,9.646721e-04
12022,62.554238,22,9.713340e-04
12023,62.557904,22,9.803765e-04
12024,62.561570,22,9.368128e-04
12025,62.565237,22,9.370585e-04
12026,62.568905,22,9.611435e-04
12027,62.572574,22,9.861206e-04
12028,62.576243,23,8.428594e-04
12029,62.579914,23,8.646088e-04
12030,62.583585,23,8.855026e-04
12031,62.587257,23,9.069513e-04
12032,62.590930,23,9.156456e-04
12033,62.594604,23,9.342652e-04
12034,62.598279,23,9.562447e-04
12035,62.601954,23,9.772337e-04
12036,62.605631,23,9.973498e-04
12037,62.609308,24,8.474668e-04
12038,62.612986,24,8.625075e-04
12039,62.616665,24,8.766994e-04
12040,62.620344,24,8.911441e-04
12041,62.624024,24,9.032933e-04
12042,62.627705,24,9.140444e-04
12043,62.631387,24,9.253251e-04
12044,62.635070,24,9.338413e-04
12045,62.638753,24,9.412224e-04
12046,62.642437,24,9.477597e-04
12047,62.646122,24,9.522061e-04
12048,62.649808,24,9.554092e-04
12049,62.653494,24,9.576276e-04
12050,62.657181,24,9.586773e-04
12051,62.660869,24,9.585676e-04
12052,62.664557,24,9.573129e-04
12053,62.668246,24,9.549336e-04
12054,62.671936,24,9.514547e-04
12055,62.675626,24,9.469015e-04
12056,62.679317,24,9.413334e-04
12057,62.683009,24,9.353944e-04
12058,62.686702,24,9.282817e-04
12059,62.690395,24,9.197934e-04
12060,62.694088,24,9.104868e-04
12061,62.697783,24,9.004166e-04
12062,62.701478,24,8.897580e-04
12063,62.705173,24,8.785707e-04
12064,62.708869,24,8.669152e-04
12065,62.712566,24,8.549187e-04
12066,62.716264,24,8.426950e-04
12067,62.719962,23,9.953508e-04
12068,62.723660,23,9.814372e-04
12069,62.727359,23,9.663309e-04
12070,62.731059,23,9.519791e-04
12071,62.734759,23,9.380737e-04
12072,62.738460,23,9.231278e-04
12073,62.742162,23,9.096645e-04
12074,62.745863,23,8.986077e-04
12075,62.749566,23,8.886026e-04
12076,62.753269,23,8.800617e-04
12077,62.756972,23,8.730590e-04
12078,62.760676,23,8.703944e-04
12079,62.764381,23,8.696837e-04
12080,62.768086,23,8.710353e-04
12081,62.771791,23,8.744464e-04
12082,62.775497,23,8.798989e-04
12083,62.779203,23,8.873583e-04
12084,62.782910,23,8.966847e-04
12085,62.786618,23,9.077788e-04
12086,62.790325,23,9.204929e-04
12087,62.794034,23,8.864440e-04
12088,62.797742,23,8.985820e-04
12089,62.801451,23,9.225290e-04
12090,62.805161,23,9.465568e-04
12091,62.808871,23,9.705662e-04
12092,62.812581,23,9.943479e-04
12093,62.816292,24,8.507755e-04
12094,62.820003,24,8.695403e-04
12095,62.823714,24,8.870122e-04
12096,62.827426,24,9.043339e-04
12097,62.831138,24,9.210261e-04
12098,62.834851,24,9.371319e-04
12099,62.838564,24,9.522204e-04
12100,62.842277,24,9.663759e-04
12101,62.845991,24,9.794409e-04
12102,62.849704,24,9.916000e-04
12103,62.853419,25,8.376338e-04
12104,62.857133,25,8.453156e-04
12105,62.860848,25,8.515711e-04
12106,62.864563,25,8.573365e-04
12107,62.868279,25,8.622494e-04
12108,62.871995,25,8.662834e-04
12109,62.875711,25,8.694084e-04
12110,62.879427,25,8.709507e-04
12111,62.883144,25,8.713730e-04
12112,62.886860,25,8.706577e-04
12113,62.890578,25,8.688174e-04
12114,62.894295,25,8.658813e-04
12115,62.898013,25,8.618846e-04
12116,62.901730,25,8.568658e-04
12117,62.905448,25,8.508586e-04
12118,62.909167,25,8.443873e-04
12119,62.912885,25,8.387284e-04
12120,62.916604,24,9.932518e-04
12121,62.920323,24,9.831691e-04
12122,62.924042,24,9.711348e-04
12123,62.927761,24,9.585154e-04
12124,62.931481,24,9.449972e-04
12125,62.935200,24,9.307161e-04
12126,62.938920,24,9.158604e-04
12127,62.942640,24,8.979147e-04
12128,62.946360,24,8.770780e-04
12129,62.950080,24,8.614733e-04
12130,62.953801,24,8.461567e-04
12131,62.957521,23,9.948776e-04
12132,62.961242,23,9.786121e-04
12133,62.964963,23,9.618672e-04
12134,62.968684,23,9.466348e-04
12135,62.972405,23,9.294900e-04
12136,62.976126,23,9.024633e-04
12137,62.979847,23,8.917419e-04
12138,62.983568,23,8.845453e-04
12139,62.987289,23,8.820576e-04
12140,62.991011,23,8.830442e-04
12141,62.994732,23,8.849995e-04
12142,62.998454,23,8.878785e-04
12143,63.002175,23,8.922135e-04
12144,63.005897,23,9.007838e-04
12145,63.009619,23,9.115322e-04
12146,63.013340,23,9.245231e-04
12147,63.017062,23,9.412490e-04
12148,63.020784,23,9.245517e-04
12149,63.024506,23,9.187957e-04
12150,63.028227,23,9.472404e-04
12151,63.031949,23,9.742043e-04
12152,63.035671,24,8.375551e-04
12153,63.039392,24,8.595901e-04
12154,63.043114,24,8.807001e-04
12155,63.046836,24,9.018187e-04
12156,63.050558,24,9.224508e-04
12157,63.054279,24,9.425074e-04
12158,63.058001,24,9.630314e-04
12159,63.061722,24,9.812431e-04
12160,63.065444,24,9.983944e-04
12161,63.069165,25,8.479129e-04
12162,63.072886,25,8.601299e-04
12163,63.076608,25,8.711615e-04
12164,63.080329,25,8.811813e-04
12165,63.084050,25,8.903239e-04
12166,63.087771,25,8.985999e-04
12167,63.091492,25,9.059078e-04
12168,63.095212,25,9.121404e-04
12169,63.098933,25,9.172186e-04
12170,63.102654,25,9.204512e-04
12171,63.106374,25,9.221368e-04
12172,63.110094,25,9.231627e-04
12173,63.113814,25,9.230224e-04
12174,63.117534,25,9.217234e-04
12175,63.121254,25,9.192774e-04
12176,63.124974,25,9.157033e-04
12177,63.128693,25,9.110292e-04
12178,63.132413,25,9.052940e-04
12179,63.136132,25,8.985479e-04
12180,63.139851,25,8.908515e-04
12181,63.143569,25,8.822747e-04
12182,63.147288,25,8.728934e-04
12183,63.151006,25,8.627909e-04
12184,63.154724,25,8.521064e-04
12185,63.158442,25,8.408611e-04
12186,63.162160,24,9.921050e-04
12187,63.165878,24,9.783650e-04
12188,63.169595,24,9.634518e-04
12189,63.173312,24,9.486944e-04
12190,63.177029,24,9.338025e-04
12191,63.180745,24,9.189533e-04
12192,63.184461,24,9.043545e-04
12193,63.188177,24,8.902226e-04
12194,63.191893,24,8.767616e-04
12195,63.195608,24,8.641479e-04
12196,63.199323,24,8.520314e-04
12197,63.203038,24,8.402731e-04
12198,63.206753,23,9.969033e-04
12199,63.210467,23,9.912550e-04
12200,63.214181,23,9.864542e-04
12201,63.217895,23,9.842049e-04
12202,63.221608,23,9.839886e-04
12203,63.225321,23,9.858376e-04
12204,63.229033,23,9.897671e-04
12205,63.232746,23,9.957566e-04
12206,63.236458,24,8.395369e-04
12207,63.240169,24,8.474534e-04
12208,63.243880,24,8.386687e-04
12209,63.247591,23,9.816779e-04
12210,63.251302,24,8.403840e-04
12211,63.255012,24,8.600341e-04
12212,63.258722,24,8.783395e-04
12213,63.262431,24,8.969334e-04
12214,63.266140,24,9.152172e-04
12215,63.269848,24,9.330279e-04
12216,63.273556,24,9.503913e-04
12217,63.277264,24,9.669333e-04
12218,63.280971,24,9.825754e-04
12219,63.284678,24,9.972651e-04
12220,63.288385,25,8.470667e-04
12221,63.292091,25,8.576703e-04
12222,63.295796,25,8.688588e-04
12223,63.299501,25,8.773745e-04
12224,63.303206,25,8.849389e-04
12225,63.306910,25,8.909370e-04
12226,63.310614,25,8.851788e-04
12227,63.314317,25,8.896666e-04
12228,63.318020,25,8.928976e-04
12229,63.321722,25,8.949180e-04
12230,63.325424,25,8.957909e-04
12231,63.329125,25,8.954909e-04
12232,63.332826,25,8.937117e-04
12233,63.336526,25,8.908251e-04
12234,63.340226,25,8.868409e-04
12235,63.343925,25,8.817733e-04
12236,63.347624,25,8.724931e-04
12237,63.351322,25,8.594134e-04
12238,63.355020,25,8.518394e-04
12239,63.358717,25,8.433506e-04
12240,63.362414,24,9.949228e-04
12241,63.366110,24,9.838092e-04
12242,63.369805,24,9.716832e-04
12243,63.373500,24,9.588822e-04
12244,63.377194,24,9.448324e-04
12245,63.380888,24,9.326068e-04
12246,63.384581,24,9.178287e-04
12247,63.388274,24,9.024518e-04
12248,63.391965,24,8.880654e-04
12249,63.395657,24,8.734954e-04
12250,63.399348,24,8.585295e-04
12251,63.403038,24,8.440244e-04
12252,63.406727,23,9.906079e-04
12253,63.410416,23,9.763184e-04
12254,63.414104,23,9.620654e-04
12255,63.417792,23,9.473326e-04
12256,63.421479,23,9.394157e-04
12257,63.425165,23,9.331290e-04
12258,63.428851,23,9.291263e-04
12259,63.432536,23,9.277179e-04
12260,63.436221,23,9.288338e-04
12261,63.439904,23,9.325656e-04
12262,63.443588,23,9.388385e-04
12263,63.447270,23,9.475171e-04
12264,63.450952,23,9.584189e-04
12265,63.454633,23,9.714098e-04
12266,63.458313,23,9.862944e-04
12267,63.461993,24,8.402263e-04
12268,63.465672,23,9.679144e-04
12269,63.469350,23,9.878880e-04
12270,63.473028,24,8.505416e-04
12271,63.476705,24,8.750066e-04
12272,63.480381,24,8.971930e-04
12273,63.484056,24,9.194953e-04
12274,63.487731,24,9.414037e-04
12275,63.491405,24,9.624007e-04
12276,63.495078,24,9.824362e-04
12277,63.498751,25,8.400821e-04
12278,63.502423,25,8.540373e-04
12279,63.506094,25,8.665455e-04
12280,63.509764,25,8.789183e-04
12281,63.513434,25,8.904794e-04
12282,63.517102,25,9.006509e-04
12283,63.520771,25,9.097879e-04
12284,63.524438,25,9.179106e-04
12285,63.528104,25,9.250484e-04
12286,63.531770,25,9.309864e-04
12287,63.535435,25,9.357122e-04
12288,63.539099,25,9.392540e-04
12289,63.542763,25,9.415802e-04
12290,63.546426,25,9.427382e-04
12291,63.550088,25,9.425917e-04
12292,63.553749,25,9.410188e-04
12293,63.557409,25,9.382667e-04
12294,63.561069,25,9.343530e-04
12295,63.564727,25,9.293109e-04
12296,63.568385,25,9.230892e-04
12297,63.572043,25,9.152817e-04
12298,63.575699,25,9.073625e-04
12299,63.579355,25,8.984589e-04
12300,63.583009,25,8.887642e-04
12301,63.586663,25,8.784507e-04
12302,63.590317,25,8.675555e-04
12303,63.593969,25,8.559410e-04
12304,63.597621,25,8.440134e-04
12305,63.601271,24,9.901170e-04
12306,63.604921,24,9.735539e-04
12307,63.608571,24,9.585215e-04
12308,63.612219,24,9.439245e-04
12309,63.615866,24,9.295024e-04
12310,63.619513,24,9.154774e-04
12311,63.623159,24,9.021121e-04
12312,63.626804,24,8.896771e-04
12313,63.630449,24,8.754932e-04
12314,63.634092,24,8.661157e-04
12315,63.637735,24,8.598192e-04
12316,63.641377,24,8.544432e-04
12317,63.645018,24,8.510928e-04
12318,63.648658,24,8.496380e-04
12319,63.652298,24,8.504050e-04
12320,63.655936,24,8.535631e-04
12321,63.659574,24,8.578889e-04
12322,63.663211,24,8.640403e-04
12323,63.666848,24,8.745631e-04
12324,63.670483,24,8.848989e-04
12325,63.674118,24,8.961941e-04
12326,63.677752,24,9.086568e-04
12327,63.681385,24,8.838193e-04
12328,63.685017,24,8.962822e-04
12329,63.688649,24,9.164370e-04
12330,63.692279,24,9.372203e-04
12331,63.695909,24,9.591361e-04
12332,63.699539,24,9.793922e-04
12333,63.703167,24,9.990718e-04
12334,63.706795,25,8.528608e-04
12335,63.710422,25,8.672915e-04
12336,63.714048,25,8.722584e-04
12337,63.717673,25,8.848021e-04
12338,63.721298,25,8.978459e-04
12339,63.724922,25,9.103574e-04
12340,63.728545,25,9.213863e-04
12341,63.732167,25,9.313256e-04
12342,63.735789,25,9.400988e-04
12343,63.739410,25,9.476759e-04
12344,63.743030,25,9.541179e-04
12345,63.746650,25,9.596345e-04
12346,63.750269,25,9.638871e-04
12347,63.753887,25,9.668894e-04
12348,63.757504,25,9.689693e-04
12349,63.761121,25,9.702426e-04
12350,63.764737,25,9.696221e-04
12351,63.768353,25,9.675567e-04
12352,63.771967,25,9.652040e-04
12353,63.775581,25,9.609400e-04
12354,63.779195,25,9.554303e-04
12355,63.782808,25,9.488141e-04
12356,63.786420,25,9.411923e-04
12357,63.790031,25,9.326913e-04
12358,63.793642,25,9.233428e-04
12359,63.797252,25,9.132229e-04
12360,63.800862,25,9.024245e-04
12361,63.804471,25,8.910370e-04
12362,63.808080,25,8.791648e-04
12363,63.811688,25,8.669091e-04
12364,63.815295,25,8.544111e-04
12365,63.818902,25,8.417962e-04
12366,63.822508,24,9.920248e-04
12367,63.826114,24,9.779467e-04
12368,63.829719,24,9.632298e-04
12369,63.833323,24,9.492995e-04
12370,63.836928,24,9.358962e-04
12371,63.840531,24,9.188455e-04
12372,63.844134,24,9.085820e-04
12373,63.847737,24,9.000900e-04
12374,63.851339,24,8.932130e-04
12375,63.854941,24,8.880706e-04
12376,63.858542,24,8.847341e-04
12377,63.862143,24,8.832347e-04
12378,63.865744,24,8.835800e-04
12379,63.869344,24,8.857441e-04
12380,63.872943,24,8.898052e-04
12381,63.876542,24,8.921356e-04
12382,63.880141,24,8.987749e-04
12383,63.883740,24,9.071372e-04
12384,63.887338,24,9.168561e-04
12385,63.890935,24,9.277692e-04
12386,63.894533,24,8.959971e-04
12387,63.898130,24,9.141031e-04
12388,63.901727,24,9.327667e-04
12389,63.905323,24,9.513449e-04
12390,63.908919,24,9.709264e-04
12391,63.912515,24,9.897508e-04
12392,63.916111,25,8.428904e-04
12393,63.919706,25,8.568326e-04
12394,63.923301,25,8.694849e-04
12395,63.926896,25,8.817562e-04
12396,63.930491,25,8.935365e-04
12397,63.934086,25,9.044661e-04
12398,63.937680,25,9.139858e-04
12399,63.941274,25,9.223904e-04
12400,63.944868,25,9.296130e-04
12401,63.948462,25,9.356063e-04
12402,63.952056,25,9.403686e-04
12403,63.955649,25,9.439557e-04
12404,63.959243,25,9.463379e-04
12405,63.962836,25,9.474864e-04
12406,63.966429,25,9.473804e-04
12407,63.970022,25,9.459986e-04
12408,63.973615,25,9.433455e-04
12409,63.977208,25,9.395942e-04
12410,63.980801,25,9.345691e-04
12411,63.984394,25,9.280444e-04
12412,63.987987,25,9.205076e-04
12413,63.991580,25,9.119198e-04
12414,63.995173,25,9.023388e-04
12415,63.998766,25,8.919202e-04
12416,64.002359,25,8.819336e-04
12417,64.005952,25,8.697698e-04
12418,64.009545,25,8.569323e-04
12419,64.013139,25,8.435315e-04
12420,64.016732,24,9.937364e-04
12421,64.020325,24,9.776316e-04
12422,64.023919,24,9.603771e-04
12423,64.027512,24,9.455133e-04
12424,64.031106,24,9.291673e-04
12425,64.034700,24,9.127603e-04
12426,64.038294,24,8.914629e-04
12427,64.041888,24,8.766219e-04
12428,64.045482,24,8.583270e-04
12429,64.049077,24,8.458638e-04
12430,64.052671,24,8.373570e-04
12431,64.056266,23,9.964592e-04
12432,64.059861,23,9.927127e-04
12433,64.063456,23,9.907220e-04
12434,64.067052,23,9.764473e-04
12435,64.070648,23,9.797446e-04
12436,64.074244,23,9.883074e-04
12437,64.077840,23,9.997880e-04
12438,64.081437,24,8.457016e-04
12439,64.085033,24,8.596513e-04
12440,64.088631,24,8.750175e-04
12441,64.092228,24,8.927639e-04
12442,64.095826,24,9.128526e-04
12443,64.099424,24,9.338274e-04
12444,64.103022,24,9.136152e-04
12445,64.106621,24,9.381999e-04
12446,64.110220,24,9.662159e-04
12447,64.113820,24,9.961846e-04
12448,64.117419,25,8.547334e-04
12449,64.121020,25,8.775943e-04
12450,64.124620,25,8.986595e-04
12451,64.128221,25,9.190376e-04
12452,64.131823,25,9.385356e-04
12453,64.135424,25,9.573258e-04
12454,64.139027,25,9.750041e-04
12455,64.142629,25,9.910374e-04
12456,64.146232,26,8.385680e-04
12457,64.149836,26,8.491852e-04
12458,64.153440,26,8.582718e-04
12459,64.157044,26,8.667028e-04
12460,64.160649,26,8.741048e-04
12461,64.164254,26,8.804750e-04
12462,64.167860,26,8.857422e-04
12463,64.171466,26,8.898432e-04
12464,64.175073,26,8.927417e-04
12465,64.178680,26,8.943734e-04
12466,64.182288,26,8.948954e-04
12467,64.185896,26,8.943212e-04
12468,64.189505,26,8.924927e-04
12469,64.193114,26,8.894412e-04
12470,64.196724,26,8.854061e-04
12471,64.200334,26,8.803787e-04
12472,64.203945,26,8.744693e-04
12473,64.207556,26,8.675727e-04
12474,64.211168,26,8.593884e-04
12475,64.214781,26,8.503650e-04
12476,64.218393,26,8.411218e-04
12477,64.222007,25,9.961339e-04
12478,64.225621,25,9.843513e-04
12479,64.229236,25,9.713673e-04
12480,64.232851,25,9.582409e-04
12481,64.236466,25,9.447963e-04
12482,64.240083,25,9.312024e-04
12483,64.243700,25,9.176431e-04
12484,64.247317,25,9.017456e-04
12485,64.250935,25,8.866901e-04
12486,64.254554,25,8.762065e-04
12487,64.258173,25,8.664831e-04
12488,64.261792,25,8.576051e-04
12489,64.265413,25,8.499249e-04
12490,64.269034,25,8.435431e-04
12491,64.272655,25,8.385565e-04
12492,64.276277,25,8.349888e-04
12493,64.279900,24,9.990401e-04
12494,64.283523,24,9.990484e-04
12495,64.287147,24,9.999413e-04
12496,64.290772,25,8.362561e-04
12497,64.294397,25,8.398684e-04
12498,64.298022,25,8.441907e-04
12499,64.301648,25,8.501005e-04
12500,64.305275,25,8.571347e-04
12501,64.308903,24,9.962132e-04
12502,64.312531,25,8.439652e-04
12503,64.316160,25,8.573978e-04
12504,64.319789,25,8.705905e-04
12505,64.323419,25,8.839888e-04
12506,64.327049,25,8.973388e-04
12507,64.330680,25,9.112399e-04
12508,64.334312,25,9.236499e-04
12509,64.337944,25,9.358888e-04
12510,64.341577,25,9.469310e-04
12511,64.345211,25,9.567278e-04
12512,64.348845,25,9.654204e-04
12513,64.352479,25,9.729359e-04
12514,64.356115,25,9.792243e-04
12515,64.359750,25,9.842483e-04
12516,64.363387,25,9.879785e-04
12517,64.367024,25,9.904799e-04
12518,64.370662,25,9.916922e-04
12519,64.374300,25,9.921208e-04
12520,64.377939,25,9.920695e-04
12521,64.381578,25,9.896064e-04
12522,64.385218,25,9.858226e-04
12523,64.388859,25,9.807165e-04
12524,64.392500,25,9.743256e-04
12525,64.396142,25,9.666251e-04
12526,64.399784,25,9.576924e-04
12527,64.403427,25,9.477158e-04
12528,64.407071,25,9.330418e-04
12529,64.410715,25,9.153386e-04
12530,64.414359,25,9.034619e-04
12531,64.418005,25,8.910108e-04
12532,64.421650,25,8.781255e-04
12533,64.425297,25,8.638366e-04
12534,64.428944,25,8.487280e-04
12535,64.432591,25,8.350752e-04
12536,64.436239,24,9.848779e-04
12537,64.439888,24,9.701033e-04
12538,64.443537,24,9.567838e-04
12539,64.447187,24,9.393906e-04
12540,64.450837,24,9.240086e-04
12541,64.454488,24,9.154400e-04
12542,64.458139,24,9.098812e-04
12543,64.461791,24,8.993509e-04
12544,64.465443,24,8.979696e-04
12545,64.469096,24,8.996731e-04
12546,64.472750,24,9.040783e-04
12547,64.476403,24,9.111454e-04
12548,64.480058,24,9.216932e-04
12549,64.483713,24,9.339011e-04
12550,64.487368,24,9.484111e-04
12551,64.491024,24,9.650690e-04
12552,64.494681,24,9.837791e-04
12553,64.498338,25,8.387201e-04
12554,64.501995,25,8.565628e-04
12555,64.505653,25,8.750157e-04
12556,64.509312,25,8.737429e-04
12557,64.512971,25,8.824845e-04
12558,64.516630,25,9.081415e-04
12559,64.520290,25,9.335806e-04
12560,64.523951,25,9.586694e-04
12561,64.527612,25,9.833369e-04
12562,64.531273,26,8.423629e-04
12563,64.534935,26,8.612700e-04
12564,64.538597,26,8.784071e-04
12565,64.542260,26,8.941863e-04
12566,64.545923,26,9.088128e-04
12567,64.549586,26,9.221572e-04
12568,64.553250,26,9.340978e-04
12569,64.556915,26,9.445553e-04
12570,64.560580,26,9.534826e-04
12571,64.564245,26,9.609341e-04
12572,64.567911,26,9.670380e-04
12573,64.571577,26,9.717891e-04
12574,64.575243,26,9.751822e-04
12575,64.578910,26,9.772007e-04
12576,64.582577,26,9.778388e-04
12577,64.586245,26,9.770870e-04
12578,64.589913,26,9.749561e-04
12579,64.593582,26,9.714726e-04
12580,64.597251,26,9.666756e-04
12581,64.600920,26,9.605622e-04
12582,64.604590,26,9.532893e-04
12583,64.608259,26,9.449332e-04
12584,64.611930,26,9.355708e-04
12585,64.615601,26,9.252879e-04
12586,64.619272,26,9.141883e-04
12587,64.622943,26,9.023653e-04
12588,64.626615,26,8.899290e-04
12589,64.630287,26,8.770086e-04
12590,64.633959,26,8.637405e-04
12591,64.637632,26,8.502716e-04
12592,64.641305,26,8.367592e-04
12593,64.644978,25,9.799736e-04
12594,64.648652,25,9.644721e-04
12595,64.652326,25,9.507741e-04
12596,64.656000,25,9.382930e-04
12597,64.659675,25,9.269199e-04
12598,64.663350,25,9.168597e-04
12599,64.667025,25,9.083224e-04
12600,64.670700,25,9.014898e-04
12601,64.674376,25,8.964887e-04
12602,64.678052,25,8.933848e-04
12603,64.681728,25,8.921904e-04
12604,64.685405,25,8.929777e-04
12605,64.689082,25,8.955748e-04
12606,64.692759,25,8.999723e-04
12607,64.696436,25,9.065257e-04
12608,64.700113,25,9.139695e-04
12609,64.703791,25,9.227446e-04
12610,64.707469,25,9.233425e-04
12611,64.711147,25,9.102455e-04
12612,64.714825,25,9.288003e-04
12613,64.718504,25,9.459830e-04
12614,64.722183,25,9.618419e-04
12615,64.725862,25,9.775535e-04
12616,64.729541,25,9.937848e-04
12617,64.733220,26,8.462173e-04
12618,64.736900,26,8.588174e-04
12619,64.740580,26,8.619009e-04
12620,64.744260,26,8.724515e-04
12621,64.747940,26,8.827687e-04
12622,64.751620,26,8.913900e-04
12623,64.755300,26,8.988666e-04
12624,64.758981,26,9.050990e-04
12625,64.762662,26,9.103349e-04
12626,64.766342,26,9.151628e-04
12627,64.770023,26,9.179708e-04
12628,64.773704,26,9.141644e-04
12629,64.777386,26,9.123758e-04
12630,64.781067,26,9.114736e-04
12631,64.784749,26,9.094446e-04
12632,64.788430,26,9.062816e-04
12633,64.792112,26,9.023474e-04
12634,64.795794,26,8.971960e-04
12635,64.799475,26,8.905890e-04
12636,64.803157,26,8.829643e-04
12637,64.806839,26,8.745868e-04
12638,64.810522,26,8.653752e-04
12639,64.814204,26,8.553781e-04
12640,64.817886,26,8.448006e-04
12641,64.821568,25,9.939970e-04
12642,64.825251,25,9.813144e-04
12643,64.828933,25,9.678273e-04
12644,64.832616,25,9.545493e-04
12645,64.836298,25,9.405678e-04
12646,64.839981,25,9.203222e-04
12647,64.843663,25,9.096353e-04
12648,64.847346,25,9.002701e-04
12649,64.851029,25,8.926662e-04
12650,64.854711,25,8.868480e-04
12651,64.858394,25,8.826246e-04
12652,64.862077,25,8.823501e-04
12653,64.865759,25,8.829484e-04
12654,64.869442,25,8.846473e-04
12655,64.873125,25,8.883616e-04
12656,64.876807,25,8.941342e-04
12657,64.880490,25,8.964685e-04
12658,64.884173,25,9.037538e-04
12659,64.887855,25,9.153666e-04
12660,64.891538,25,9.284025e-04
12661,64.895220,25,9.436975e-04
12662,64.898903,25,9.588530e-04
12663,64.902585,25,9.748130e-04
12664,64.906267,25,9.587442e-04
12665,64.909950,25,9.786890e-04
12666,64.913632,26,8.394164e-04
12667,64.917314,26,8.562937e-04
12668,64.920996,26,8.725267e-04
12669,64.924678,26,8.891722e-04
12670,64.928360,26,9.048941e-04
12671,64.932042,26,9.196081e-04
12672,64.935724,26,9.341092e-04
12673,64.939405,26,9.464971e-04
12674,64.943087,26,9.574618e-04
12675,64.946768,26,9.675050e-04
12676,64.950449,26,9.761618e-04
12677,64.954130,26,9.834205e-04
12678,64.957812,26,9.893251e-04
12679,64.961492,26,9.939589e-04
12680,64.965173,26,9.951769e-04
12681,64.968854,26,9.956516e-04
12682,64.972534,26,9.974885e-04
12683,64.976215,26,9.974130e-04
12684,64.979895,26,9.950206e-04
12685,64.983575,26,9.912837e-04
12686,64.987255,26,9.859464e-04
12687,64.990934,26,9.794580e-04
12688,64.994614,26,9.719701e-04
12689,64.998293,26,9.634070e-04
12690,65.001972,26,9.539287e-04
12691,65.005651,26,9.436416e-04
12692,65.009330,26,9.326870e-04
12693,65.013009,26,9.211700e-04
12694,65.016687,26,9.092452e-04
12695,65.020365,26,8.971460e-04
12696,65.024043,26,8.853981e-04
12697,65.027721,26,8.713787e-04
12698,65.031398,26,8.541514e-04
12699,65.035076,26,8.437720e-04
12700,65.038753,25,9.970338e-04
12701,65.042429,25,9.894177e-04
12702,65.046106,25,9.813347e-04
12703,65.049782,25,9.749453e-04
12704,65.053458,25,9.700693e-04
12705,65.057134,25,9.668332e-04
12706,65.060810,25,9.562838e-04
12707,65.064485,25,9.559122e-04
12708,65.068160,25,9.592514e-04
12709,65.071835,25,9.645069e-04
12710,65.075509,25,9.724642e-04
12711,65.079183,25,9.820959e-04
12712,65.082857,25,9.924258e-04
12713,65.086531,26,8.409243e-04
12714,65.090204,26,8.509046e-04
12715,65.093877,26,8.614485e-04
12716,65.097550,26,8.587341e-04
12717,65.101222,26,8.598462e-04
12718,65.104895,26,8.762605e-04
12719,65.108566,26,8.925009e-04
12720,65.112238,26,9.084244e-04
12721,65.115909,26,9.245752e-04
12722,65.119580,26,9.386615e-04
12723,65.123250,26,9.514969e-04
12724,65.126920,26,9.636789e-04
12725,65.130590,26,9.748307e-04
12726,65.134260,26,9.852594e-04
12727,65.137929,26,9.937763e-04
12728,65.141597,27,8.382364e-04
12729,65.145266,27,8.424028e-04
12730,65.148934,27,8.450196e-04
12731,65.152601,27,8.467705e-04
12732,65.156269,27,8.475262e-04
12733,65.159936,27,8.472027e-04
12734,65.163602,27,8.456596e-04
12735,65.167268,27,8.428463e-04
12736,65.170934,27,8.392139e-04
12737,65.174599,26,9.953902e-04
12738,65.178264,26,9.880716e-04
12739,65.181929,26,9.788218e-04
12740,65.185593,26,9.692843e-04
12741,65.189257,26,9.563112e-04
12742,65.192920,26,9.430252e-04
12743,65.196583,26,9.291318e-04
12744,65.200246,26,9.144715e-04
12745,65.203908,26,8.992078e-04
12746,65.207570,26,8.834824e-04
12747,65.211231,26,8.674514e-04
12748,65.214892,26,8.512585e-04
12749,65.218552,25,9.869510e-04
12750,65.222213,25,9.691524e-04
12751,65.225872,25,9.521275e-04
12752,65.229531,25,9.363508e-04
12753,65.233190,25,9.217943e-04
12754,65.236848,25,9.087458e-04
12755,65.240506,25,8.975233e-04
12756,65.244163,25,8.886183e-04
12757,65.247820,25,8.819268e-04
12758,65.251477,25,8.776186e-04
12759,65.255133,25,8.757318e-04
12760,65.258788,25,8.762014e-04
12761,65.262443,25,8.788666e-04
12762,65.266098,25,8.838962e-04
12763,65.269752,25,8.909986e-04
12764,65.273406,25,8.999929e-04
12765,65.277059,25,9.107404e-04
12766,65.280712,25,9.230032e-04
12767,65.284364,25,9.365430e-04
12768,65.288016,25,9.305002e-04
12769,65.291667,25,9.322423e-04
12770,65.295318,25,9.534470e-04
12771,65.298968,25,9.744299e-04
12772,65.302618,25,9.905929e-04
12773,65.306267,26,8.464976e-04
12774,65.309916,26,8.619021e-04
12775,65.313565,26,8.762372e-04
12776,65.317213,26,8.900243e-04
12777,65.320860,26,9.028893e-04
12778,65.324507,26,9.153405e-04
12779,65.328153,26,9.246348e-04
12780,65.331799,26,9.333331e-04
12781,65.335445,26,9.405918e-04
12782,65.339090,26,9.462512e-04
12783,65.342734,26,9.504154e-04
12784,65.346378,26,9.531319e-04
12785,65.350022,26,9.544147e-04
12786,65.353665,26,9.542821e-04
12787,65.357307,26,9.532424e-04
12788,65.360949,26,9.514522e-04
12789,65.364590,26,9.476075e-04
12790,65.368231,26,9.425821e-04
12791,65.371872,26,9.299352e-04
12792,65.375512,26,9.210336e-04
12793,65.379151,26,9.141133e-04
12794,65.382790,26,9.058702e-04
12795,65.386429,26,8.938737e-04
12796,65.390067,26,8.823781e-04
12797,65.393704,26,8.725605e-04
12798,65.397341,26,8.626697e-04
12799,65.400977,26,8.518711e-04
12800,65.404613,25,9.933890e-04
12801,65.408249,25,9.850312e-04
12802,65.411884,25,9.771914e-04
12803,65.415518,25,9.708215e-04
12804,65.419152,25,9.664318e-04
12805,65.422786,25,9.635693e-04
12806,65.426419,25,9.614787e-04
12807,65.430051,25,9.620169e-04
12808,65.433683,25,9.638932e-04
12809,65.437315,25,9.677484e-04
12810,65.440946,25,9.737654e-04
12811,65.444576,25,9.816833e-04
12812,65.448206,25,9.912996e-04
12813,65.451836,26,8.412749e-04
12814,65.455465,26,8.509924e-04
12815,65.459094,26,8.626955e-04
12816,65.462722,26,8.749319e-04
12817,65.466350,26,8.882455e-04
12818,65.469977,26,9.023101e-04
12819,65.473603,26,9.168343e-04
12820,65.477230,26,9.073291e-04
12821,65.480856,26,9.234279e-04
12822,65.484481,26,9.418593e-04
12823,65.488106,26,9.594262e-04
12824,65.491730,26,9.757461e-04
12825,65.495354,26,9.910451e-04
12826,65.498978,27,8.423766e-04
12827,65.502601,27,8.524318e-04
12828,65.506224,27,8.612291e-04
12829,65.509846,27,8.691819e-04
12830,65.513468,27,8.760245e-04
12831,65.517089,27,8.816205e-04
12832,65.520710,27,8.862380e-04
12833,65.524330,27,8.891457e-04
12834,65.527950,27,8.905160e-04
12835,65.531570,27,8.904485e-04
12836,65.535189,27,8.889458e-04
12837,65.538808,27,8.860191e-04
12838,65.542426,27,8.817199e-04
12839,65.546045,27,8.760433e-04
12840,65.549662,27,8.689992e-04
12841,65.553279,27,8.606648e-04
12842,65.556896,27,8.511040e-04
12843,65.560513,27,8.403958e-04
12844,65.564129,26,9.891402e-04
12845,65.567744,26,9.744650e-04
12846,65.571360,26,9.583565e-04
12847,65.574975,26,9.414613e-04
12848,65.578589,26,9.237317e-04
12849,65.582203,26,9.053949e-04
12850,65.585817,26,8.801228e-04
12851,65.589431,26,8.583707e-04
12852,65.593044,26,8.408520e-04
12853,65.596657,25,9.850867e-04
12854,65.600269,25,9.672764e-04
12855,65.603882,25,9.507056e-04
12856,65.607494,25,9.356887e-04
12857,65.611105,25,9.221762e-04
12858,65.614716,25,9.105597e-04
12859,65.618327,25,9.006504e-04
12860,65.621938,25,8.942248e-04
12861,65.625548,25,8.905590e-04
12862,65.629158,25,8.896997e-04
12863,65.632768,25,8.915821e-04
12864,65.636378,25,8.961150e-04
12865,65.639987,25,9.031260e-04
12866,65.643596,25,9.124032e-04
12867,65.647204,25,9.224897e-04
12868,65.650813,25,9.347369e-04
12869,65.654421,25,9.492005e-04
12870,65.658029,25,9.649278e-04
12871,65.661637,25,9.513225e-04
12872,65.665244,25,9.669360e-04
12873,65.668852,25,9.921855e-04
12874,65.672459,26,8.494232e-04
12875,65.676066,26,8.618582e-04
12876,65.679672,26,8.793241e-04
12877,65.683279,26,8.965707e-04
12878,65.686885,26,9.127802e-04
12879,65.690491,26,9.276176e-04
12880,65.694097,26,9.408197e-04
12881,65.697703,26,9.523088e-04
12882,65.701308,26,9.619850e-04
12883,65.704914,26,9.699089e-04
12884,65.708519,26,9.761295e-04
12885,65.712124,26,9.810520e-04
12886,65.715729,26,9.843546e-04
12887,65.719334,26,9.859489e-04
12888,65.722939,26,9.859339e-04
12889,65.726543,26,9.843023e-04
12890,65.730148,26,9.811672e-04
12891,65.733752,26,9.767463e-04
12892,65.737356,26,9.705724e-04
12893,65.740961,26,9.627912e-04
12894,65.744565,26,9.537333e-04
12895,65.748169,26,9.435238e-04
12896,65.751773,26,9.323062e-04
12897,65.755377,26,9.155263e-04
12898,65.758980,26,9.029005e-04
12899,65.762584,26,8.902450e-04
12900,65.766188,26,8.702390e-04
12901,65.769792,26,8.536677e-04
12902,65.773395,26,8.420860e-04
12903,65.776999,25,9.923594e-04
12904,65.780603,25,9.826985e-04
12905,65.784206,25,9.726773e-04
12906,65.787810,25,9.639597e-04
12907,65.791413,25,9.568458e-04
12908,65.795017,25,9.515851e-04
12909,65.798621,25,9.484308e-04
12910,65.802224,25,9.475821e-04
12911,65.805828,25,9.491421e-04
12912,65.809432,25,9.531138e-04
12913,65.813035,25,9.594195e-04
12914,65.816639,25,9.678993e-04
12915,65.820243,25,9.783775e-04
12916,65.823847,25,9.907402e-04
12917,65.827451,26,8.416538e-04
12918,65.831055,26,8.536792e-04
12919,65.834659,26,8.665271e-04
12920,65.838263,26,8.806110e-04
12921,65.841868,26,8.910086e-04
12922,65.845472,26,8.844046e-04
12923,65.849076,26,9.042171e-04
12924,65.852681,26,9.233087e-04
12925,65.856286,26,9.416007e-04
12926,65.859891,26,9.589093e-04
12927,65.863495,26,9.750896e-04
12928,65.867101,26,9.900138e-04
12929,65.870706,27,8.407198e-04
12930,65.874311,27,8.509532e-04
12931,65.877917,27,8.597475e-04
12932,65.881522,27,8.665450e-04
12933,65.885128,27,8.720831e-04
12934,65.888734,27,8.762554e-04
12935,65.892340,27,8.790169e-04
12936,65.895946,27,8.803509e-04
12937,65.899553,27,8.802291e-04
12938,65.903159,27,8.778007e-04
12939,65.906766,27,8.746096e-04
12940,65.910373,27,8.689507e-04
12941,65.913980,27,8.633372e-04
12942,65.917588,27,8.564505e-04
12943,65.921195,27,8.483646e-04
12944,65.924803,27,8.391596e-04
12945,65.928411,26,9.901940e-04
12946,65.932019,26,9.777267e-04
12947,65.935628,26,9.639384e-04
12948,65.939237,26,9.496001e-04
12949,65.942845,26,9.319685e-04
12950,65.946455,26,9.077473e-04
12951,65.950064,26,8.932108e-04
12952,65.953674,26,8.794258e-04
12953,65.957283,26,8.664754e-04
12954,65.960894,26,8.558973e-04
12955,65.964504,26,8.462133e-04
12956,65.968115,25,9.951761e-04
12957,65.971725,25,9.853214e-04
12958,65.975337,25,9.815604e-04
12959,65.978948,25,9.802592e-04
12960,65.982560,25,9.813601e-04
12961,65.986172,25,9.848511e-04
12962,65.989784,25,9.907258e-04
12963,65.993396,25,9.991378e-04
12964,65.997009,26,8.457166e-04
12965,66.000622,26,8.557589e-04
12966,66.004235,26,8.671924e-04
12967,66.007849,26,8.804093e-04
12968,66.011463,26,8.950464e-04
12969,66.015077,26,9.106269e-04
12970,66.018692,26,9.267673e-04
12971,66.022306,26,9.333398e-04
12972,66.025921,26,9.346725e-04
12973,66.029537,26,9.553119e-04
12974,66.033153,26,9.751137e-04
12975,66.036769,26,9.936960e-04
12976,66.040385,27,8.463656e-04
12977,66.044001,27,8.592780e-04
12978,66.047618,27,8.708903e-04
12979,66.051236,27,8.815647e-04
12980,66.054853,27,8.909995e-04
12981,66.058471,27,8.990284e-04
12982,66.062089,27,9.054886e-04
12983,66.065708,27,9.102576e-04
12984,66.069327,27,9.133003e-04
12985,66.072946,27,9.146833e-04
12986,66.076565,27,9.144487e-04
12987,66.080185,27,9.126020e-04
12988,66.083805,27,9.091495e-04
12989,66.087426,27,9.041067e-04
12990,66.091046,27,8.975016e-04
12991,66.094667,27,8.893764e-04
12992,66.098289,27,8.797923e-04
12993,66.101911,27,8.688394e-04
12994,66.105533,27,8.566325e-04
12995,66.109155,27,8.433075e-04
12996,66.112778,26,9.903243e-04
12997,66.116401,26,9.729842e-04
12998,66.120024,26,9.462579e-04
12999,66.123648,26,9.229676e-04
13000,66.127272,26,9.044163e-04
13001,66.130896,26,8.862236e-04
13002,66.134521,26,8.687789e-04
13003,66.138146,26,8.524649e-04
13004,66.141772,26,8.376294e-04
13005,66.145397,25,9.857111e-04
13006,66.149023,25,9.732759e-04
13007,66.152650,25,9.628636e-04
13008,66.156276,25,9.553815e-04
13009,66.159903,25,9.507482e-04
13010,66.163531,25,9.491513e-04
13011,66.167158,25,9.506719e-04
13012,66.170786,25,9.553396e-04
13013,66.174415,25,9.630634e-04
13014,66.178043,25,9.689033e-04
13015,66.181672,25,9.790669e-04
13016,66.185302,25,9.952963e-04
13017,66.188931,26,8.481791e-04
13018,66.192561,26,8.639405e-04
13019,66.196192,26,8.812113e-04
13020,66.199822,26,8.859083e-04
13021,66.203453,26,8.894501e-04
13022,66.207084,26,9.137029e-04
13023,66.210716,26,9.369125e-04
13024,66.214348,26,9.584817e-04
13025,66.217980,26,9.792492e-04
13026,66.221612,26,9.985241e-04
13027,66.225245,27,8.508896e-04
13028,66.228878,27,8.634516e-04
13029,66.232511,27,8.744828e-04
13030,66.236145,27,8.844106e-04
13031,66.239779,27,8.937663e-04
13032,66.243413,27,9.016788e-04
13033,66.247048,27,9.069387e-04
13034,66.250683,27,9.108929e-04
13035,66.254318,27,9.094730e-04
13036,66.257953,27,9.086022e-04
13037,66.261589,27,9.088539e-04
13038,66.265225,27,9.077716e-04
13039,66.268861,27,9.051799e-04
13040,66.272498,27,9.012604e-04
13041,66.276135,27,8.959265e-04
13042,66.279772,27,8.893067e-04
13043,66.283410,27,8.815264e-04
13044,66.287047,27,8.728948e-04
13045,66.290685,27,8.633336e-04
13046,66.294324,27,8.436762e-04
13047,66.297962,26,9.924286e-04
13048,66.301601,26,9.815221e-04
13049,66.305240,26,9.706217e-04
13050,66.308879,26,9.605300e-04
13051,66.312519,26,9.513099e-04
13052,66.316159,26,9.432988e-04
13053,66.319799,26,9.371028e-04
13054,66.323439,26,9.321373e-04
13055,66.327079,26,9.291214e-04
13056,66.330720,26,9.281818e-04
13057,66.334361,26,9.293555e-04
13058,66.338003,26,9.326016e-04
13059,66.341644,26,9.378305e-04
13060,66.345286,26,9.449212e-04
13061,66.348928,26,9.537173e-04
13062,66.352570,26,9.640366e-04
13063,66.356212,26,9.756722e-04
13064,66.359855,26,9.883972e-04
13065,66.363498,27,8.402535e-04
13066,66.367141,27,8.516880e-04
13067,66.370784,27,8.631703e-04
13068,66.374428,27,8.681180e-04
13069,66.378072,27,8.663023e-04
13070,66.381715,27,8.814090e-04
13071,66.385359,27,8.957681e-04
13072,66.389004,27,9.091106e-04
13073,66.392648,27,9.212332e-04
13074,66.396293,27,9.319929e-04
13075,66.399938,27,9.412810e-04
13076,66.403583,27,9.490073e-04
13077,66.407228,27,9.550939e-04
13078,66.410873,27,9.594676e-04
13079,66.414519,27,9.620659e-04
13080,66.418165,27,9.628471e-04
13081,66.421811,27,9.618576e-04
13082,66.425457,27,9.593627e-04
13083,66.429103,27,9.553438e-04
13084,66.432749,27,9.494549e-04
13085,66.436396,27,9.418342e-04
13086,66.440042,27,9.324940e-04
13087,66.443689,27,9.214750e-04
13088,66.447336,27,9.088610e-04
13089,66.450983,27,8.947757e-04
13090,66.454630,27,8.793952e-04
13091,66.458278,27,8.629555e-04
13092,66.461925,27,8.456181e-04
13093,66.465573,26,9.739292e-04
13094,66.469221,26,9.514310e-04
13095,66.472868,26,9.303698e-04
13096,66.476516,26,9.100013e-04
13097,66.480164,26,8.905339e-04
13098,66.483812,26,8.734616e-04
13099,66.487461,26,8.572786e-04
13100,66.491109,26,8.434732e-04
13101,66.494757,25,9.938766e-04
13102,66.498406,25,9.853052e-04
13103,66.502055,25,9.799846e-04
13104,66.505703,25,9.787322e-04
13105,66.509352,25,9.815605e-04
13106,66.513001,25,9.896159e-04
13107,66.516650,26,8.416547e-04
13108,66.520299,26,8.535201e-04
13109,66.523948,26,8.696572e-04
13110,66.527597,26,8.863752e-04
13111,66.531246,26,9.042926e-04
13112,66.534895,26,9.129834e-04
13113,66.538545,26,9.342086e-04
13114,66.542194,26,9.590382e-04
13115,66.545843,26,9.842217e-04
13116,66.549493,26,9.831254e-04
13117,66.553142,27,8.492400e-04
13118,66.556792,27,8.724027e-04
13119,66.560441,27,8.942490e-04
13120,66.564090,27,9.151094e-04
13121,66.567740,27,9.346158e-04
13122,66.571389,27,9.525142e-04
13123,66.575039,27,9.686941e-04
13124,66.578689,27,9.828085e-04
13125,66.582338,27,9.946883e-04
13126,66.585988,28,8.436646e-04
13127,66.589637,28,8.492640e-04
13128,66.593287,28,8.532545e-04
13129,66.596936,28,8.562364e-04
13130,66.600586,28,8.581459e-04
13131,66.604235,28,8.586021e-04
13132,66.607885,28,8.576993e-04
13133,66.611534,28,8.553439e-04
13134,66.615183,28,8.515128e-04
13135,66.618833,28,8.462547e-04
13136,66.622482,27,9.997687e-04
13137,66.626131,27,9.911582e-04
13138,66.629781,27,9.808277e-04
13139,66.633430,27,9.621414e-04
13140,66.637079,27,9.451510e-04
13141,66.640728,27,9.320833e-04
13142,66.644377,27,9.188663e-04
13143,66.648026,27,9.058084e-04
13144,66.651675,27,8.931940e-04
13145,66.655323,27,8.813103e-04
13146,66.658972,27,8.703582e-04
13147,66.662621,27,8.606911e-04
13148,66.666269,27,8.521934e-04
13149,66.669918,27,8.451936e-04
13150,66.673566,27,8.398410e-04
13151,66.677215,26,9.965549e-04
13152,66.680863,26,9.954954e-04
13153,66.684511,26,9.960961e-04
13154,66.688159,26,9.987779e-04
13155,66.691807,27,8.421787e-04
13156,66.695454,27,8.464436e-04
13157,66.699102,27,8.520800e-04
13158,66.702750,27,8.596632e-04
13159,66.706397,27,8.688968e-04
13160,66.710044,27,8.787258e-04
13161,66.713691,27,8.891782e-04
13162,66.717338,27,8.926460e-04
13163,66.720985,27,8.896399e-04
13164,66.724632,27,9.037657e-04
13165,66.728278,27,9.172005e-04
13166,66.731925,27,9.297838e-04
13167,66.735571,27,9.413535e-04
13168,66.739217,27,9.517535e-04
13169,66.742863,27,9.607364e-04
13170,66.746509,27,9.682456e-04
13171,66.750155,27,9.742067e-04
13172,66.753800,27,9.784980e-04
13173,66.757445,27,9.809650e-04
13174,66.761091,27,9.820788e-04
13175,66.764736,27,9.816626e-04
13176,66.768380,27,9.797534e-04
13177,66.772025,27,9.763703e-04
13178,66.775669,27,9.719870e-04
13179,66.779313,27,9.661888e-04
13180,66.782957,27,9.588399e-04
13181,66.786601,27,9.502622e-04
13182,66.790245,27,9.405961e-04
13183,66.793888,27,9.300072e-04
13184,66.797531,27,9.186916e-04
13185,66.801174,27,8.951667e-04
13186,66.804817,27,8.746830e-04
13187,66.808460,27,8.607141e-04
13188,66.812102,27,8.505323e-04
13189,66.815744,27,8.416334e-04
13190,66.819386,26,9.944487e-04
13191,66.823027,26,9.879965e-04
13192,66.826669,26,9.885431e-04
13193,66.830310,26,9.857992e-04
13194,66.833951,26,9.851419e-04
13195,66.837591,26,9.868708e-04
13196,66.841232,26,9.899559e-04
13197,66.844872,26,9.935447e-04
13198,66.848512,27,8.422936e-04
13199,66.852152,27,8.516348e-04
13200,66.855791,27,8.627594e-04
13201,66.859430,27,8.758633e-04
13202,66.863069,27,8.905349e-04
13203,66.866708,27,9.064286e-04
13204,66.870346,27,9.238882e-04
13205,66.873984,27,9.412014e-04
13206,66.877622,27,9.586234e-04
13207,66.881259,27,9.764321e-04
13208,66.884897,27,9.910730e-04
13209,66.888534,27,9.907175e-04
13210,66.892170,28,8.474252e-04
13211,66.895807,28,8.619422e-04
13212,66.899443,28,8.753981e-04
13213,66.903079,28,8.879448e-04
13214,66.906714,28,8.990426e-04
13215,66.910349,28,9.089890e-04
13216,66.913984,28,9.175332e-04
13217,66.917619,28,9.243836e-04
13218,66.921253,28,9.294819e-04
13219,66.924887,28,9.329960e-04
13220,66.928521,28,9.335340e-04
13221,66.932155,28,9.334157e-04
13222,66.935788,28,9.318212e-04
13223,66.939420,28,9.287329e-04
13224,66.943053,28,9.241749e-04
13225,66.946685,28,9.181957e-04
13226,66.950317,28,9.113377e-04
13227,66.953948,28,9.038642e-04
13228,66.957580,28,8.943016e-04
13229,66.961210,28,8.838116e-04
13230,66.964841,28,8.661109e-04
13231,66.968471,28,8.504047e-04
13232,66.972101,28,8.386390e-04
13233,66.975731,27,9.876830e-04
13234,66.979360,27,9.751769e-04
13235,66.982989,27,9.632469e-04
13236,66.986617,27,9.524409e-04
13237,66.990246,27,9.428925e-04
13238,66.993873,27,9.349051e-04
13239,66.997501,27,9.287875e-04
13240,67.001128,27,9.247583e-04
13241,67.004755,27,9.229646e-04
13242,67.008382,27,9.234849e-04
13243,67.012008,27,9.263090e-04
13244,67.015634,27,9.313611e-04
13245,67.019259,27,9.385244e-04
13246,67.022884,27,9.476483e-04
13247,67.026509,27,9.585436e-04
13248,67.030133,27,9.711626e-04
13249,67.033757,27,9.860498e-04
13250,67.037381,28,8.388638e-04
13251,67.041005,28,8.512236e-04
13252,67.044628,28,8.639887e-04
13253,67.048250,28,8.771583e-04
13254,67.051873,28,8.821099e-04
13255,67.055495,28,8.891643e-04
13256,67.059116,28,9.042683e-04
13257,67.062737,28,9.173812e-04
13258,67.066358,28,9.284259e-04
13259,67.069979,28,9.371095e-04
13260,67.073599,28,9.476657e-04
13261,67.077219,28,9.565810e-04
13262,67.080838,28,9.637778e-04
13263,67.084457,28,9.691914e-04
13264,67.088076,28,9.727756e-04
13265,67.091694,28,9.745052e-04
13266,67.095313,28,9.743964e-04
13267,67.098930,28,9.725088e-04
13268,67.102547,28,9.689674e-04
13269,67.106164,28,9.637821e-04
13270,67.109781,28,9.572197e-04
13271,67.113397,28,9.486840e-04
13272,67.117013,28,9.386340e-04
13273,67.120629,28,9.271694e-04
13274,67.124244,28,9.144170e-04
13275,67.127859,28,8.925842e-04
13276,67.131473,28,8.748231e-04
13277,67.135087,28,8.595282e-04
13278,67.138701,28,8.441058e-04
13279,67.142314,27,9.900911e-04
13280,67.145927,27,9.724878e-04
13281,67.149540,27,9.553260e-04
13282,67.153152,27,9.391568e-04
13283,67.156764,27,9.241556e-04
13284,67.160376,27,9.106482e-04
13285,67.163987,27,8.989584e-04
13286,67.167598,27,8.893736e-04
13287,67.171209,27,8.820206e-04
13288,67.174819,27,8.770665e-04
13289,67.178429,27,8.745420e-04
13290,67.182038,27,8.744280e-04
13291,67.185647,27,8.765387e-04
13292,67.189256,27,8.807666e-04
13293,67.192865,27,8.871745e-04
13294,67.196473,27,8.955820e-04
13295,67.200081,27,9.049050e-04
13296,67.203689,27,9.154060e-04
13297,67.207296,27,9.268167e-04
13298,67.210903,27,9.388273e-04
13299,67.214509,27,9.481798e-04
13300,67.218116,27,9.419538e-04
13301,67.221722,27,9.578768e-04
13302,67.225327,27,9.729163e-04
13303,67.228933,27,9.869303e-04
13304,67.232538,27,9.995988e-04
13305,67.236142,28,8.489642e-04
13306,67.239747,28,8.557530e-04
13307,67.243351,28,8.610822e-04
13308,67.246955,28,8.652317e-04
13309,67.250558,28,8.679902e-04
13310,67.254161,28,8.692294e-04
13311,67.257764,28,8.727760e-04
13312,67.261367,28,8.721394e-04
13313,67.264969,28,8.695604e-04
13314,67.268571,28,8.655375e-04
13315,67.272173,28,8.601453e-04
13316,67.275775,28,8.534893e-04
13317,67.279376,28,8.456786e-04
13318,67.282977,27,9.961834e-04
13319,67.286578,27,9.829566e-04
13320,67.290178,27,9.589860e-04
13321,67.293778,27,9.467823e-04
13322,67.297378,27,9.345603e-04
13323,67.300978,27,9.227843e-04
13324,67.304577,27,9.119582e-04
13325,67.308177,27,9.025506e-04
13326,67.311776,27,8.949911e-04
13327,67.315374,27,8.897385e-04
13328,67.318973,27,8.868266e-04
13329,67.322571,27,8.850092e-04
13330,67.326169,27,8.815819e-04
13331,67.329767,27,8.875453e-04
13332,67.333364,27,8.964749e-04
13333,67.336962,27,9.080320e-04
13334,67.340559,27,9.220379e-04
13335,67.344156,27,9.390681e-04
13336,67.347753,27,9.583162e-04
13337,67.351349,27,9.835230e-04
13338,67.354946,28,8.514569e-04
13339,67.358542,28,8.691657e-04
13340,67.362138,28,8.874958e-04
13341,67.365734,28,9.064401e-04
13342,67.369329,28,9.256066e-04
13343,67.372925,28,9.446694e-04
13344,67.376520,28,9.593973e-04
13345,67.380115,28,9.666362e-04
13346,67.383710,28,9.861386e-04
13347,67.387305,29,8.426547e-04
13348,67.390899,29,8.555066e-04
13349,67.394494,29,8.672498e-04
13350,67.398088,29,8.778718e-04
13351,67.401682,29,8.871576e-04
13352,67.405276,29,8.949496e-04
13353,67.408870,29,9.010656e-04
13354,67.412464,29,9.053936e-04
13355,67.416057,29,9.079031e-04
13356,67.419651,29,9.086930e-04
13357,67.423244,29,9.078461e-04
13358,67.426837,29,9.053978e-04
13359,67.430431,29,9.013732e-04
13360,67.434024,29,8.957999e-04
13361,67.437616,29,8.888965e-04
13362,67.441209,29,8.803991e-04
13363,67.444802,29,8.700589e-04
13364,67.448395,29,8.503517e-04
13365,67.451987,29,8.380446e-04
13366,67.455580,28,9.851099e-04
13367,67.459172,28,9.695978e-04
13368,67.462764,28,9.534628e-04
13369,67.466356,28,9.371345e-04
13370,67.469949,28,9.208213e-04
13371,67.473541,28,9.048759e-04
13372,67.477133,28,8.897460e-04
13373,67.480725,28,8.756210e-04
13374,67.484317,28,8.628128e-04
13375,67.487908,28,8.515122e-04
13376,67.491500,28,8.418816e-04
13377,67.495092,27,9.963587e-04
13378,67.498684,27,9.900149e-04
13379,67.502275,27,9.857530e-04
13380,67.505867,27,9.836196e-04
13381,67.509459,27,9.826889e-04
13382,67.513050,27,9.842395e-04
13383,67.516642,27,9.881174e-04
13384,67.520233,27,9.937587e-04
13385,67.523825,28,8.385547e-04
13386,67.527416,28,8.456632e-04
13387,67.531008,28,8.531399e-04
13388,67.534599,28,8.613667e-04
13389,67.538191,28,8.554739e-04
13390,67.541782,28,8.638840e-04
13391,67.545374,28,8.754824e-04
13392,67.548965,28,8.863224e-04
13393,67.552557,28,8.961713e-04
13394,67.556149,28,9.049037e-04
13395,67.559740,28,9.123468e-04
13396,67.563332,28,9.183034e-04
13397,67.566923,28,9.227370e-04
13398,67.570515,28,9.255712e-04
13399,67.574107,28,9.231701e-04
13400,67.577699,28,9.212743e-04
13401,67.581290,28,9.199912e-04
13402,67.584882,28,9.173987e-04
13403,67.588474,28,9.131384e-04
13404,67.592066,28,9.074170e-04
13405,67.595658,28,9.002935e-04
13406,67.599250,28,8.918544e-04
13407,67.602842,28,8.768487e-04
13408,67.606434,28,8.577693e-04
13409,67.610027,28,8.462452e-04
13410,67.613619,27,9.957593e-04
13411,67.617211,27,9.825972e-04
13412,67.620804,27,9.693952e-04
13413,67.624397,27,9.569719e-04
13414,67.627989,27,9.455322e-04
13415,67.631582,27,9.339634e-04
13416,67.635175,27,9.173093e-04
13417,67.638768,27,9.125308e-04
13418,67.642361,27,9.102549e-04
13419,67.645954,27,9.107373e-04
13420,67.649547,27,9.138541e-04
13421,67.653140,27,9.195734e-04
13422,67.656734,27,9.278619e-04
13423,67.660328,27,9.385604e-04
13424,67.663921,27,9.514662e-04
13425,67.667515,27,9.674962e-04
13426,67.671109,27,9.843874e-04
13427,67.674703,28,8.404470e-04
13428,67.678297,28,8.556630e-04
13429,67.681891,28,8.714740e-04
13430,67.685486,28,8.878568e-04
13431,67.689080,28,9.056376e-04
13432,67.692675,28,9.224602e-04
13433,67.696270,28,9.234211e-04
13434,67.699865,28,9.390824e-04
13435,67.703460,28,9.557266e-04
13436,67.707055,28,9.709131e-04
13437,67.710651,28,9.844363e-04
13438,67.714246,28,9.961617e-04
13439,67.717842,29,8.431677e-04
13440,67.721438,29,8.490187e-04
13441,67.725034,29,8.532192e-04
13442,67.728630,29,8.559555e-04
13443,67.732226,29,8.571120e-04
13444,67.735823,29,8.567018e-04
13445,67.739419,29,8.547114e-04
13446,67.743016,29,8.511103e-04
13447,67.746613,29,8.459122e-04
13448,67.750210,29,8.391908e-04
13449,67.753807,28,9.907925e-04
13450,67.757405,28,9.756841e-04
13451,67.761003,28,9.532713e-04
13452,67.764600,28,9.394355e-04
13453,67.768198,28,9.248916e-04
13454,67.771797,28,9.101800e-04
13455,67.775395,28,8.954517e-04
13456,67.778993,28,8.811340e-04
13457,67.782592,28,8.675823e-04
13458,67.786191,28,8.551051e-04
13459,67.789790,28,8.440036e-04
13460,67.793389,27,9.966545e-04
13461,67.796989,27,9.884276e-04
13462,67.800588,27,9.823113e-04
13463,67.804188,27,9.787823e-04
13464,67.807788,27,9.778593e-04
13465,67.811388,27,9.796309e-04
13466,67.814989,27,9.841283e-04
13467,67.818589,27,9.848734e-04
13468,67.822190,27,9.953240e-04
13469,67.825791,28,8.444478e-04
13470,67.829392,28,8.558295e-04
13471,67.832993,28,8.684763e-04
13472,67.836595,28,8.823057e-04
13473,67.840196,28,8.968885e-04
13474,67.843798,28,9.118248e-04
13475,67.847400,28,9.267122e-04
13476,67.851002,28,9.307283e-04
13477,67.854605,28,9.396993e-04
13478,67.858207,28,9.556117e-04
13479,67.861810,28,9.700666e-04
13480,67.865413,28,9.828732e-04
13481,67.869016,28,9.938606e-04
13482,67.872620,29,8.406775e-04
13483,67.876223,29,8.458665e-04
13484,67.879827,29,8.492907e-04
13485,67.883431,29,8.511721e-04
13486,67.887035,29,8.513514e-04
13487,67.890640,29,8.498643e-04
13488,67.894244,29,8.466635e-04
13489,67.897849,29,8.418278e-04
13490,67.901454,28,9.963264e-04
13491,67.905059,28,9.868185e-04
13492,67.908664,28,9.735099e-04
13493,67.912270,28,9.496257e-04
13494,67.915875,28,9.294714e-04
13495,67.919481,28,9.122742e-04
13496,67.923087,28,8.942120e-04
13497,67.926693,28,8.756851e-04
13498,67.930300,28,8.570878e-04
13499,67.933906,27,9.997557e-04
13500,67.937513,27,9.796096e-04
13501,67.941120,27,9.601394e-04
13502,67.944727,27,9.422510e-04
13503,67.948334,27,9.263247e-04
13504,67.951942,27,9.130931e-04
13505,67.955550,27,9.027401e-04
13506,67.959158,27,8.958946e-04
13507,67.962766,27,8.921501e-04
13508,67.966374,27,8.919204e-04
13509,67.969982,27,8.951309e-04
13510,67.973591,27,9.025974e-04
13511,67.977199,27,9.120729e-04
13512,67.980808,27,9.241134e-04
13513,67.984418,27,9.384401e-04
13514,67.988027,27,9.546286e-04
13515,67.991636,27,9.722450e-04
13516,67.995246,27,9.908507e-04
13517,67.998856,28,8.479669e-04
13518,68.002465,28,8.631083e-04
13519,68.006076,28,8.624592e-04
13520,68.009686,28,8.787853e-04
13521,68.013296,28,8.970592e-04
13522,68.016907,28,9.140914e-04
13523,68.020518,28,9.295367e-04
13524,68.024128,28,9.432262e-04
13525,68.027740,28,9.547274e-04
13526,68.031351,28,9.640672e-04
13527,68.034962,28,9.711908e-04
13528,68.038574,28,9.760821e-04
13529,68.042185,28,9.787846e-04
13530,68.045797,28,9.794820e-04
13531,68.049409,28,9.782539e-04
13532,68.053021,28,9.750615e-04
13533,68.056633,28,9.625734e-04
13534,68.060246,28,9.567621e-04
13535,68.063858,28,9.380225e-04
13536,68.067471,28,9.243107e-04
13537,68.071084,28,9.140329e-04
13538,68.074697,28,9.032027e-04
13539,68.078310,28,8.921366e-04
13540,68.081923,28,8.811745e-04
13541,68.085536,28,8.706782e-04
13542,68.089150,28,8.610153e-04
13543,68.092763,28,8.525375e-04
13544,68.096377,28,8.455796e-04
13545,68.099991,28,8.405169e-04
13546,68.103605,27,9.968811e-04
13547,68.107219,27,9.972785e-04
13548,68.110833,28,8.405248e-04
13549,68.114447,28,8.444631e-04
13550,68.118062,28,8.507328e-04
13551,68.121676,28,8.599069e-04
13552,68.125291,28,8.716869e-04
13553,68.128906,28,8.848314e-04
13554,68.132520,28,8.996157e-04
13555,68.136135,28,9.155327e-04
13556,68.139750,28,9.322583e-04
13557,68.143366,28,9.494497e-04
13558,68.146981,28,9.668117e-04
13559,68.150596,28,9.840560e-04
13560,68.154211,28,9.995183e-04
13561,68.157827,29,8.425239e-04
13562,68.161442,29,8.528567e-04
13563,68.165058,29,8.660427e-04
13564,68.168674,29,8.778146e-04
13565,68.172290,29,8.882292e-04
13566,68.175905,29,8.970396e-04
13567,68.179521,29,9.039993e-04
13568,68.183137,29,9.089257e-04
13569,68.186753,29,9.117507e-04
13570,68.190370,29,9.125085e-04
13571,68.193986,29,9.112409e-04
13572,68.197602,29,9.081298e-04
13573,68.201218,29,9.032879e-04
13574,68.204835,29,8.966912e-04
13575,68.208451,29,8.884389e-04
13576,68.212067,29,8.751739e-04
13577,68.215684,29,8.544603e-04
13578,68.219301,29,8.414956e-04
13579,68.222917,28,9.859753e-04
13580,68.226534,28,9.695182e-04
13581,68.230150,28,9.523418e-04
13582,68.233767,28,9.356577e-04
13583,68.237384,28,9.195057e-04
13584,68.241001,28,9.043311e-04
13585,68.244617,28,8.906581e-04
13586,68.248234,28,8.789374e-04
13587,68.251851,28,8.695416e-04
13588,68.255468,28,8.626969e-04
13589,68.259085,28,8.589207e-04
13590,68.262701,28,8.578948e-04
13591,68.266318,28,8.599276e-04
13592,68.269935,28,8.651676e-04
13593,68.273552,28,8.737056e-04
13594,68.277169,28,8.826324e-04
13595,68.280786,28,8.941890e-04
13596,68.284403,28,9.085736e-04
13597,68.288019,28,9.193287e-04
13598,68.291636,28,9.360273e-04
13599,68.295253,28,9.544540e-04
13600,68.298870,28,9.731570e-04
13601,68.302487,28,9.917591e-04
13602,68.306103,29,8.478402e-04
13603,68.309720,29,8.476852e-04
13604,68.313337,29,8.632563e-04
13605,68.316954,29,8.780442e-04
13606,68.320570,29,8.911239e-04
13607,68.324187,29,9.025278e-04
13608,68.327803,29,9.119915e-04
13609,68.331420,29,9.193073e-04
13610,68.335036,29,9.243644e-04
13611,68.338653,29,9.271331e-04
13612,68.342269,29,9.276209e-04
13613,68.345886,29,9.260443e-04
13614,68.349502,29,9.225460e-04
13615,68.353118,29,9.171575e-04
13616,68.356734,29,9.099089e-04
13617,68.360350,29,8.967087e-04
13618,68.363966,29,8.767012e-04
13619,68.367582,29,8.638533e-04
13620,68.371198,29,8.498970e-04
13621,68.374814,28,9.931033e-04
13622,68.378430,28,9.752762e-04
13623,68.382045,28,9.568608e-04
13624,68.385661,28,9.384674e-04
13625,68.389276,28,9.204280e-04
13626,68.392892,28,9.032511e-04
13627,68.396507,28,8.874803e-04
13628,68.400122,28,8.736164e-04
13629,68.403738,28,8.620695e-04
13630,68.407353,28,8.531779e-04
13631,68.410968,28,8.473347e-04
13632,68.414582,28,8.443021e-04
13633,68.418197,28,8.445571e-04
13634,68.421812,28,8.480090e-04
13635,68.425426,28,8.535458e-04
13636,68.429041,28,8.616100e-04
13637,68.432655,28,8.719015e-04
13638,68.436269,28,8.840706e-04
13639,68.439883,28,8.977284e-04
13640,68.443497,28,9.124641e-04
13641,68.447111,28,9.278638e-04
13642,68.450725,28,9.435232e-04
13643,68.454338,28,9.586705e-04
13644,68.457952,28,9.569948e-04
13645,68.461565,28,9.735644e-04
13646,68.465178,28,9.905122e-04
13647,68.468791,29,8.468943e-04
13648,68.472404,29,8.569835e-04
13649,68.476017,29,8.653186e-04
13650,68.479630,29,8.721075e-04
13651,68.483242,29,8.771456e-04
13652,68.486854,29,8.802330e-04
13653,68.490467,29,8.812254e-04
13654,68.494079,29,8.802168e-04
13655,68.497691,29,8.773570e-04
13656,68.501302,29,8.726633e-04
13657,68.504914,29,8.662503e-04
13658,68.508525,29,8.468613e-04
13659,68.512137,28,9.892070e-04
13660,68.515748,28,9.708104e-04
13661,68.519359,28,9.575492e-04
13662,68.522969,28,9.442256e-04
13663,68.526580,28,9.300869e-04
13664,68.530191,28,9.157097e-04
13665,68.533801,28,9.019492e-04
13666,68.537411,28,8.903520e-04
13667,68.541021,28,8.803925e-04
13668,68.544631,28,8.716313e-04
13669,68.548240,28,8.650877e-04
13670,68.551850,28,8.612077e-04
13671,68.555459,28,8.600849e-04
13672,68.559068,28,8.620466e-04
13673,68.562677,28,8.663809e-04
13674,68.566285,28,8.737368e-04
13675,68.569894,28,8.840361e-04
13676,68.573502,28,8.971823e-04
13677,68.577110,28,9.122425e-04
13678,68.580718,28,9.286296e-04
13679,68.584326,28,9.462160e-04
13680,68.587933,28,9.645403e-04
13681,68.591540,28,9.831545e-04
13682,68.595147,29,8.440318e-04
13683,68.598754,29,8.577576e-04
13684,68.602361,29,8.688296e-04
13685,68.605967,29,8.700548e-04
13686,68.609574,29,8.850168e-04
13687,68.613180,29,8.985425e-04
13688,68.616786,29,9.102719e-04
13689,68.620391,29,9.199344e-04
13690,68.623997,29,9.273683e-04
13691,68.627602,29,9.329165e-04
13692,68.631207,29,9.350163e-04
13693,68.634812,29,9.351874e-04
13694,68.638416,29,9.337965e-04
13695,68.642021,29,9.303064e-04
13696,68.645625,29,9.248756e-04
13697,68.649229,29,9.175639e-04
13698,68.652832,29,8.993771e-04
13699,68.656436,29,8.826810e-04
13700,68.660039,29,8.703733e-04
13701,68.663642,29,8.569393e-04
13702,68.667245,29,8.430416e-04
13703,68.670847,28,9.835060e-04
13704,68.674450,28,9.676801e-04
13705,68.678052,28,9.530108e-04
13706,68.681653,28,9.397252e-04
13707,68.685255,28,9.282052e-04
13708,68.688856,28,9.191423e-04
13709,68.692458,28,9.127773e-04
13710,68.696058,28,9.095261e-04
13711,68.699659,28,9.091043e-04
13712,68.703260,28,9.127189e-04
13713,68.706860,28,9.206169e-04
13714,68.710460,28,9.335800e-04
13715,68.714059,28,9.469002e-04
13716,68.717659,28,9.630183e-04
13717,68.721258,28,9.815508e-04
13718,68.724857,29,8.429382e-04
13719,68.728456,29,8.597900e-04
13720,68.732054,29,8.777554e-04
13721,68.735652,29,8.934794e-04
13722,68.739250,29,9.117681e-04
13723,68.742848,29,9.315559e-04
13724,68.746446,29,9.507249e-04
13725,68.750043,29,9.575170e-04
13726,68.753640,29,9.746912e-04
13727,68.757237,29,9.925594e-04
13728,68.760833,30,8.470398e-04
13729,68.764429,30,8.575045e-04
13730,68.768025,30,8.662354e-04
13731,68.771621,30,8.732810e-04
13732,68.775217,30,8.784666e-04
13733,68.778812,30,8.816620e-04
13734,68.782407,30,8.827781e-04
13735,68.786002,30,8.819053e-04
13736,68.789596,30,8.791635e-04
13737,68.793190,30,8.746398e-04
13738,68.796784,30,8.595312e-04
13739,68.800378,30,8.489681e-04
13740,68.803972,29,9.998867e-04
13741,68.807565,29,9.875518e-04
13742,68.811158,29,9.738890e-04
13743,68.814750,29,9.591227e-04
13744,68.818343,29,9.444056e-04
13745,68.821935,29,9.288046e-04
13746,68.825527,29,9.135113e-04
13747,68.829119,29,8.989586e-04
13748,68.832710,29,8.855318e-04
13749,68.836301,29,8.735635e-04
13750,68.839892,29,8.633048e-04
13751,68.843483,29,8.550262e-04
13752,68.847074,29,8.489259e-04
13753,68.850664,29,8.456426e-04
13754,68.854254,29,8.448328e-04
13755,68.857843,29,8.458001e-04
13756,68.861433,29,8.489709e-04
13757,68.865022,29,8.542136e-04
13758,68.868611,29,8.615514e-04
13759,68.872200,29,8.700662e-04
13760,68.875788,29,8.797794e-04
13761,68.879376,29,8.903655e-04
13762,68.882964,29,9.014623e-04
13763,68.886552,29,9.121978e-04
13764,68.890139,29,9.237403e-04
13765,68.893727,29,9.232397e-04
13766,68.897313,29,9.336921e-04
13767,68.900900,29,9.465902e-04
13768,68.904487,29,9.570291e-04
13769,68.908073,29,9.660295e-04
13770,68.911659,29,9.731105e-04
13771,68.915245,29,9.769482e-04
13772,68.918830,29,9.794453e-04
13773,68.922415,29,9.804142e-04
13774,68.926001,29,9.790312e-04
13775,68.929585,29,9.756295e-04
13776,68.933170,29,9.703431e-04
13777,68.936754,29,9.588485e-04
13778,68.940338,29,9.387626e-04
13779,68.943922,29,9.275913e-04
13780,68.947506,29,9.153306e-04
13781,68.951089,29,9.007444e-04
13782,68.954673,29,8.839370e-04
13783,68.958256,29,8.707965e-04
13784,68.961838,29,8.579190e-04
13785,68.965421,29,8.457157e-04
13786,68.969003,28,9.931809e-04
13787,68.972585,28,9.819715e-04
13788,68.976167,28,9.711974e-04
13789,68.979749,28,9.647349e-04
13790,68.983330,28,9.609551e-04
13791,68.986912,28,9.599366e-04
13792,68.990493,28,9.622445e-04
13793,68.994074,28,9.688416e-04
13794,68.997654,28,9.769515e-04
13795,69.001235,28,9.876784e-04
13796,69.004815,29,8.408499e-04
13797,69.008395,29,8.524893e-04
13798,69.011975,29,8.657217e-04
13799,69.015554,29,8.803950e-04
13800,69.019134,29,8.961264e-04
13801,69.022713,29,9.121432e-04
13802,69.026292,29,9.280509e-04
13803,69.029871,29,9.434587e-04
13804,69.033450,29,9.580455e-04
13805,69.037028,29,9.580251e-04
13806,69.040607,29,9.729136e-04
13807,69.044185,29,9.862128e-04
13808,69.047763,29,9.975132e-04
13809,69.051341,30,8.451737e-04
13810,69.054918,30,8.501432e-04
13811,69.058496,30,8.535170e-04
13812,69.062073,30,8.550408e-04
13813,69.065650,30,8.561434e-04
13814,69.069227,30,8.538728e-04
13815,69.072804,30,8.495342e-04
13816,69.076381,30,8.431167e-04
13817,69.079957,29,9.806902e-04
13818,69.083533,29,9.703023e-04
13819,69.087110,29,9.583663e-04
13820,69.090686,29,9.455357e-04
13821,69.094261,29,9.312480e-04
13822,69.097837,29,9.171274e-04
13823,69.101413,29,9.034731e-04
13824,69.104988,29,8.905294e-04
13825,69.108564,29,8.788924e-04
13826,69.112139,29,8.686364e-04
13827,69.115714,29,8.606370e-04
13828,69.119289,29,8.546247e-04
13829,69.122864,29,8.511718e-04
13830,69.126438,29,8.504868e-04
13831,69.130013,29,8.528855e-04
13832,69.133587,29,8.587700e-04
13833,69.137162,29,8.666638e-04
13834,69.140736,29,8.756280e-04
13835,69.144310,29,8.886549e-04
13836,69.147884,29,9.033908e-04
13837,69.151458,29,9.199697e-04
13838,69.155031,29,9.379213e-04
13839,69.158605,29,9.567905e-04
13840,69.162179,29,9.760147e-04
13841,69.165752,29,9.906374e-04
13842,69.169325,30,8.531602e-04
13843,69.172899,30,8.669940e-04
13844,69.176472,30,8.714988e-04
13845,69.180045,30,8.851692e-04
13846,69.183618,30,8.991136e-04
13847,69.187191,30,9.115121e-04
13848,69.190764,30,9.219708e-04
13849,69.194337,30,9.302484e-04
13850,69.197909,30,9.365345e-04
13851,69.201482,30,9.400670e-04
13852,69.205054,30,9.412533e-04
13853,69.208627,30,9.401268e-04
13854,69.212199,30,9.368394e-04
13855,69.215772,30,9.288248e-04
13856,69.219344,30,9.123183e-04
13857,69.222916,30,9.029850e-04
13858,69.226488,30,8.922219e-04
13859,69.230060,30,8.802246e-04
13860,69.233632,30,8.671327e-04
13861,69.237204,30,8.531889e-04
13862,69.240776,29,9.882599e-04
13863,69.244348,29,9.719429e-04
13864,69.247920,29,9.554783e-04
13865,69.251492,29,9.393917e-04
13866,69.255064,29,9.241090e-04
13867,69.258636,29,9.103354e-04
13868,69.262207,29,9.003210e-04
13869,69.265779,29,8.915926e-04
13870,69.269351,29,8.855794e-04
13871,69.272922,29,8.822525e-04
13872,69.276494,29,8.811417e-04
13873,69.280065,29,8.830741e-04
13874,69.283637,29,8.876684e-04
13875,69.287209,29,8.945709e-04
13876,69.290780,29,9.035886e-04
13877,69.294352,29,9.143681e-04
13878,69.297923,29,9.258851e-04
13879,69.301495,29,9.387226e-04
13880,69.305066,29,9.523529e-04
13881,69.308638,29,9.656432e-04
13882,69.312209,29,9.802247e-04
13883,69.315781,29,9.833649e-04
13884,69.319352,29,9.956220e-04
13885,69.322924,30,8.541936e-04
13886,69.326495,30,8.633538e-04
13887,69.330067,30,8.713192e-04
13888,69.333638,30,8.782723e-04
13889,69.337210,30,8.837391e-04
13890,69.340781,30,8.874452e-04
13891,69.344353,30,8.891582e-04
13892,69.347924,30,8.888483e-04
13893,69.351496,30,8.867664e-04
13894,69.355067,30,8.729172e-04
13895,69.358639,30,8.638371e-04
13896,69.362211,30,8.567319e-04
13897,69.365782,30,8.488708e-04
13898,69.369354,29,9.958685e-04
13899,69.372926,29,9.818822e-04
13900,69.376497,29,9.719642e-04
13901,69.380069,29,9.636513e-04
13902,69.383641,29,9.549089e-04
13903,69.387213,29,9.525845e-04
13904,69.390785,29,9.475341e-04
13905,69.394357,29,9.446005e-04
13906,69.397929,29,9.439685e-04
13907,69.401501,29,9.457602e-04
13908,69.405073,29,9.503773e-04
13909,69.408645,29,9.576582e-04
13910,69.412217,29,9.663930e-04
13911,69.415789,29,9.766142e-04
13912,69.419361,29,9.892872e-04
13913,69.422934,30,8.468705e-04
13914,69.426506,30,8.587701e-04
13915,69.430078,30,8.718658e-04
13916,69.433651,30,8.859817e-04
13917,69.437223,30,9.006023e-04
13918,69.440796,30,9.152144e-04
13919,69.444369,30,9.296257e-04
13920,69.447941,30,9.429341e-04
13921,69.451514,30,9.544021e-04
13922,69.455087,30,9.554378e-04
13923,69.458660,30,9.667016e-04
13924,69.462233,30,9.760519e-04
13925,69.465806,30,9.833099e-04
13926,69.469379,30,9.883208e-04
13927,69.472952,30,9.909713e-04
13928,69.476525,30,9.911835e-04
13929,69.480098,30,9.889437e-04
13930,69.483672,30,9.842802e-04
13931,69.487245,30,9.774096e-04
13932,69.490818,30,9.597838e-04
13933,69.494392,30,9.437895e-04
13934,69.497966,30,9.298675e-04
13935,69.501539,30,9.146102e-04
13936,69.505113,30,8.989655e-04
13937,69.508687,30,8.825139e-04
13938,69.512261,30,8.656967e-04
13939,69.515835,30,8.487093e-04
13940,69.519409,29,9.871615e-04
13941,69.522983,29,9.690654e-04
13942,69.526557,29,9.521569e-04
13943,69.530131,29,9.370317e-04
13944,69.533706,29,9.241104e-04
13945,69.537280,29,9.139146e-04
13946,69.540855,29,9.074927e-04
13947,69.544429,29,9.045113e-04
13948,69.548004,29,9.046154e-04
13949,69.551579,29,9.082607e-04
13950,69.555154,29,9.152343e-04
13951,69.558729,29,9.253224e-04
13952,69.562304,29,9.380206e-04
13953,69.565879,29,9.527919e-04
13954,69.569454,29,9.692154e-04
13955,69.573029,29,9.855880e-04
13956,69.576605,30,8.422662e-04
13957,69.580180,30,8.569723e-04
13958,69.583755,30,8.716661e-04
13959,69.587331,30,8.861656e-04
13960,69.590907,30,8.898345e-04
13961,69.594482,30,9.068170e-04
13962,69.598058,30,9.203285e-04
13963,69.601634,30,9.317247e-04
13964,69.605210,30,9.407977e-04
13965,69.608786,30,9.474361e-04
13966,69.612362,30,9.515465e-04
13967,69.615939,30,9.532293e-04
13968,69.619515,30,9.524870e-04
13969,69.623091,30,9.496338e-04
13970,69.626668,30,9.307121e-04
13971,69.630245,30,9.230071e-04
13972,69.633821,30,9.153573e-04
13973,69.637398,30,9.055517e-04
13974,69.640975,30,8.947904e-04
13975,69.644552,30,8.832919e-04
13976,69.648129,30,8.713734e-04
13977,69.651706,30,8.594030e-04
13978,69.655283,30,8.479260e-04
13979,69.658860,29,9.911035e-04
13980,69.662438,29,9.787763e-04
13981,69.666015,29,9.681853e-04
13982,69.669592,29,9.621351e-04
13983,69.673170,29,9.587490e-04
13984,69.676748,29,9.593169e-04
13985,69.680325,29,9.625704e-04
13986,69.683903,29,9.681630e-04
13987,69.687481,29,9.768756e-04
13988,69.691059,29,9.884992e-04
13989,69.694637,30,8.460467e-04
13990,69.698215,30,8.579066e-04
13991,69.701793,30,8.720760e-04
13992,69.705371,30,8.877768e-04
13993,69.708950,30,9.043221e-04
13994,69.712528,30,9.211825e-04
13995,69.716107,30,9.378468e-04
13996,69.719685,30,9.537766e-04
13997,69.723264,30,9.660948e-04
13998,69.726842,30,9.720252e-04
13999,69.730421,30,9.863884e-04
14000,69.734000,30,9.987539e-04
14001,69.737579,31,8.500698e-04
14002,69.741158,31,8.553877e-04
14003,69.744737,31,8.589197e-04
14004,69.748316,31,8.606430e-04
14005,69.751895,31,8.606049e-04
14006,69.755474,31,8.587130e-04
14007,69.759053,31,8.467489e-04
14008,69.762633,30,9.947331e-04
14009,69.766212,30,9.861289e-04
14010,69.769792,30,9.756063e-04
14011,69.773371,30,9.605450e-04
14012,69.776951,30,9.467742e-04
14013,69.780530,30,9.330649e-04
14014,69.784110,30,9.190699e-04
14015,69.787690,30,9.051397e-04
14016,69.791269,30,8.917320e-04
14017,69.794849,30,8.792094e-04
14018,69.798429,30,8.679257e-04
14019,69.802009,30,8.582266e-04
14020,69.805589,30,8.505372e-04
14021,69.809169,30,8.478804e-04
14022,69.812749,30,8.467947e-04
14023,69.816329,30,8.459158e-04
14024,69.819909,30,8.476248e-04
14025,69.823490,30,8.518009e-04
14026,69.827070,30,8.582473e-04
14027,69.830650,30,8.667458e-04
14028,69.834231,30,8.768779e-04
14029,69.837811,30,8.880980e-04
14030,69.841391,30,9.000604e-04
14031,69.844972,30,9.123136e-04
14032,69.848552,30,9.245427e-04
14033,69.852133,30,9.363679e-04
14034,69.855713,30,9.474459e-04
14035,69.859294,30,9.471306e-04
14036,69.862874,30,9.574994e-04
14037,69.866455,30,9.672076e-04
14038,69.870036,30,9.749423e-04
14039,69.873616,30,9.820889e-04
14040,69.877197,30,9.872656e-04
14041,69.880778,30,9.890328e-04
14042,69.884359,30,9.885461e-04
14043,69.887939,30,9.849869e-04
14044,69.891520,30,9.671552e-04
14045,69.895101,30,9.578998e-04
14046,69.898682,30,9.498109e-04
14047,69.902262,30,9.406743e-04
14048,69.905843,30,9.313155e-04
14049,69.909424,30,9.219098e-04
14050,69.913005,30,9.115474e-04
14051,69.916586,30,8.988571e-04
14052,69.920167,30,8.903652e-04
14053,69.923748,30,8.832170e-04
14054,69.927328,30,8.779869e-04
14055,69.930909,30,8.744796e-04
14056,69.934490,30,8.732755e-04
14057,69.938071,30,8.738506e-04
14058,69.941652,30,8.782789e-04
14059,69.945233,30,8.850286e-04
14060,69.948813,30,8.943526e-04
14061,69.952394,30,9.061611e-04
14062,69.955975,30,9.201708e-04
14063,69.959556,30,9.359921e-04
14064,69.963137,30,9.531696e-04
14065,69.966717,30,9.694505e-04
14066,69.970298,30,9.863917e-04
14067,69.973879,31,8.476698e-04
14068,69.977460,31,8.617245e-04
14069,69.981040,31,8.753922e-04
14070,69.984621,31,8.884824e-04
14071,69.988202,31,9.005744e-04
14072,69.991782,31,9.033595e-04
14073,69.995363,31,9.138675e-04
14074,69.998943,31,9.224951e-04
14075,70.002524,31,9.287004e-04
14076,70.006104,31,9.323876e-04
14077,70.009685,31,9.335192e-04
14078,70.013265,31,9.322005e-04
14079,70.016846,31,9.284495e-04
14080,70.020426,31,9.181949e-04
14081,70.024006,31,9.016221e-04
14082,70.027586,31,8.931394e-04
14083,70.031167,31,8.820629e-04
14084,70.034747,31,8.678593e-04
14085,70.038327,31,8.524672e-04
14086,70.041907,30,9.918115e-04
14087,70.045487,30,9.717720e-04
14088,70.049067,30,9.511793e-04
14089,70.052647,30,9.305981e-04
14090,70.056226,30,9.106261e-04
14091,70.059806,30,8.919226e-04
14092,70.063386,30,8.752159e-04
14093,70.066965,30,8.613760e-04
14094,70.070545,30,8.513509e-04
14095,70.074125,29,9.995816e-04
14096,70.077704,29,9.954549e-04
14097,70.081283,29,9.972783e-04
14098,70.084863,30,8.494709e-04
14099,70.088442,30,8.572294e-04
14100,70.092021,30,8.684070e-04
14101,70.095600,30,8.830129e-04
14102,70.099179,30,9.006576e-04
14103,70.102758,30,9.202889e-04
14104,70.106337,30,9.412100e-04
14105,70.109915,30,9.626897e-04
14106,70.113494,30,9.841144e-04
14107,70.117073,31,8.491359e-04
14108,70.120651,31,8.593153e-04
14109,70.124229,31,8.706152e-04
14110,70.127808,31,8.869500e-04
14111,70.131386,31,9.019705e-04
14112,70.134964,31,9.145586e-04
14113,70.138542,31,9.249882e-04
14114,70.142120,31,9.316194e-04
14115,70.145698,31,9.366242e-04
14116,70.149275,31,9.380983e-04
14117,70.152853,31,9.293805e-04
14118,70.156430,31,9.275999e-04
14119,70.160008,31,9.224795e-04
14120,70.163585,31,9.186460e-04
14121,70.167162,31,9.136428e-04
14122,70.170739,31,9.072867e-04
14123,70.174316,31,8.999519e-04
14124,70.177893,31,8.919206e-04
14125,70.181469,31,8.836847e-04
14126,70.185046,31,8.754923e-04
14127,70.188622,31,8.676282e-04
14128,70.192199,31,8.603938e-04
14129,70.195775,31,8.542261e-04
14130,70.199351,31,8.495550e-04
14131,70.202927,31,8.457500e-04
14132,70.206503,31,8.435152e-04
14133,70.210078,30,9.997705e-04
14134,70.213654,31,8.451062e-04
14135,70.217229,31,8.473756e-04
14136,70.220804,31,8.507210e-04
14137,70.224380,31,8.552706e-04
14138,70.227955,31,8.608744e-04
14139,70.231529,31,8.673298e-04
14140,70.235104,31,8.736189e-04
14141,70.238679,31,8.798020e-04
14142,70.242253,31,8.910575e-04
14143,70.245827,31,8.970833e-04
14144,70.249402,31,9.003870e-04
14145,70.252976,31,8.985083e-04
14146,70.256549,31,9.037976e-04
14147,70.260123,31,9.075289e-04
14148,70.263697,31,9.081404e-04
14149,70.267270,31,9.083517e-04
14150,70.270843,31,9.069016e-04
14151,70.274416,31,9.034380e-04
14152,70.277989,31,8.935143e-04
14153,70.281562,31,8.771876e-04
14154,70.285134,31,8.680268e-04
14155,70.288707,31,8.581681e-04
14156,70.292279,31,8.479521e-04
14157,70.295851,30,9.912900e-04
14158,70.299423,30,9.809106e-04
14159,70.302995,30,9.700787e-04
14160,70.306567,30,9.601065e-04
14161,70.310138,30,9.515782e-04
14162,70.313709,30,9.449223e-04
14163,70.317280,30,9.407811e-04
14164,70.320851,30,9.396060e-04
14165,70.324422,30,9.422668e-04
14166,70.327993,30,9.480681e-04
14167,70.331563,30,9.567571e-04
14168,70.335133,30,9.686009e-04
14169,70.338703,30,9.833653e-04
14170,70.342273,31,8.476792e-04
14171,70.345843,31,8.587976e-04
14172,70.349412,31,8.746024e-04
14173,70.352982,31,8.934130e-04
14174,70.356551,31,9.134188e-04
14175,70.360120,31,9.338474e-04
14176,70.363688,31,9.538492e-04
14177,70.367257,31,9.728956e-04
14178,70.370825,31,9.906342e-04
14179,70.374394,32,8.481828e-04
14180,70.377962,32,8.564244e-04
14181,70.381529,32,8.620849e-04
14182,70.385097,32,8.714484e-04
14183,70.388665,32,8.789326e-04
14184,70.392232,32,8.841894e-04
14185,70.395799,32,8.869267e-04
14186,70.399366,32,8.869555e-04
14187,70.402932,32,8.842450e-04
14188,70.406499,32,8.709256e-04
14189,70.410065,32,8.603064e-04
14190,70.413631,32,8.496167e-04
14191,70.417197,31,9.945490e-04
14192,70.420763,31,9.781784e-04
14193,70.424328,31,9.598701e-04
14194,70.427894,31,9.399722e-04
14195,70.431459,31,9.188803e-04
14196,70.435024,31,8.971726e-04
14197,70.438588,31,8.754772e-04
14198,70.442153,31,8.544956e-04
14199,70.445717,30,9.876878e-04
14200,70.449281,30,9.672944e-04
14201,70.452845,30,9.504964e-04
14202,70.456409,30,9.360772e-04
14203,70.459972,30,9.307224e-04
14204,70.463536,30,9.241648e-04
14205,70.467099,30,9.225673e-04
14206,70.470662,30,9.257721e-04
14207,70.474224,30,9.335704e-04
14208,70.477787,30,9.455232e-04
14209,70.481349,30,9.610118e-04
14210,70.484911,30,9.788288e-04
14211,70.488473,30,9.992441e-04
14212,70.492035,31,8.642320e-04
14213,70.495596,31,8.821369e-04
14214,70.499157,31,9.003502e-04
14215,70.502718,31,9.185781e-04
14216,70.506279,31,9.294997e-04
14217,70.509840,31,9.460649e-04
14218,70.513400,31,9.637164e-04
14219,70.516960,31,9.793782e-04
14220,70.520520,31,9.928025e-04
14221,70.524080,32,8.479608e-04
14222,70.527640,32,8.522252e-04
14223,70.531199,32,8.498393e-04
14224,70.534758,32,8.471799e-04
14225,70.538317,32,8.483688e-04
14226,70.541876,32,8.486424e-04
14227,70.545434,32,8.467023e-04
14228,70.548993,31,9.986852e-04
14229,70.552551,31,9.957774e-04
14230,70.556109,31,9.913302e-04
14231,70.559666,31,9.856885e-04
14232,70.563224,31,9.793898e-04
14233,70.566781,31,9.730358e-04
14234,70.570338,31,9.665181e-04
14235,70.573895,31,9.607228e-04
14236,70.577452,31,9.564710e-04
14237,70.581008,31,9.527666e-04
14238,70.584564,31,9.503966e-04
14239,70.588121,31,9.494540e-04
14240,70.591676,31,9.500063e-04
14241,70.595232,31,9.520080e-04
14242,70.598787,31,9.553481e-04
14243,70.602343,31,9.598623e-04
14244,70.605898,31,9.653405e-04
14245,70.609452,31,9.715376e-04
14246,70.613007,31,9.781710e-04
14247,70.616561,31,9.850962e-04
14248,70.620116,31,9.917922e-04
14249,70.623670,31,9.967724e-04
14250,70.627223,32,8.439133e-04
14251,70.630777,32,8.443169e-04
14252,70.634330,32,8.429473e-04
14253,70.637884,32,8.456363e-04
14254,70.641437,32,8.470373e-04
14255,70.644989,32,8.470159e-04
14256,70.648542,32,8.453293e-04
14257,70.652094,32,8.417607e-04
14258,70.655646,31,9.875428e-04
14259,70.659198,31,9.718684e-04
14260,70.662750,31,9.607540e-04
14261,70.666302,31,9.480701e-04
14262,70.669853,31,9.341592e-04
14263,70.673404,31,9.194493e-04
14264,70.676955,31,9.045651e-04
14265,70.680506,31,8.897386e-04
14266,70.684057,31,8.755046e-04
14267,70.687607,31,8.624159e-04
14268,70.691158,31,8.509414e-04
14269,70.694708,31,8.415165e-04
14270,70.698258,30,9.946124e-04
14271,70.701807,30,9.909888e-04
14272,70.705357,30,9.973035e-04
14273,70.708906,30,9.959924e-04
14274,70.712455,31,8.409717e-04
14275,70.716004,31,8.482253e-04
14276,70.719553,31,8.588217e-04
14277,70.723101,31,8.717331e-04
14278,70.726650,31,8.869479e-04
14279,70.730198,31,9.038471e-04
14280,70.733746,31,9.217731e-04
14281,70.737294,31,9.400496e-04
14282,70.740841,31,9.581880e-04
14283,70.744389,31,9.757677e-04
14284,70.747936,31,9.922791e-04
14285,70.751483,32,8.533033e-04
14286,70.755030,32,8.620300e-04
14287,70.758577,32,8.669446e-04
14288,70.762124,32,8.768452e-04
14289,70.765670,32,8.851854e-04
14290,70.769217,32,8.908452e-04
14291,70.772763,32,8.938586e-04
14292,70.776309,32,8.951496e-04
14293,70.779854,32,8.856772e-04
14294,70.783400,32,8.780027e-04
14295,70.786946,32,8.715451e-04
14296,70.790491,32,8.636707e-04
14297,70.794036,31,9.957367e-04
14298,70.797581,31,9.834127e-04
14299,70.801126,31,9.674410e-04
14300,70.804671,31,9.530085e-04
14301,70.808215,31,9.391965e-04
14302,70.811759,31,9.239097e-04
14303,70.815304,31,9.092652e-04
14304,70.818848,31,8.959126e-04
14305,70.822392,31,8.848865e-04
14306,70.825936,31,8.759452e-04
14307,70.829479,31,8.691851e-04
14308,70.833023,31,8.652245e-04
14309,70.836566,31,8.642909e-04
14310,70.840109,31,8.664781e-04
14311,70.843652,31,8.716132e-04
14312,70.847195,31,8.796052e-04
14313,70.850738,31,8.910784e-04
14314,70.854281,31,9.040297e-04
14315,70.857823,31,9.181458e-04
14316,70.861366,31,9.334157e-04
14317,70.864908,31,9.492999e-04
14318,70.868450,31,9.655989e-04
14319,70.871992,31,9.812022e-04
14320,70.875534,31,9.957034e-04
14321,70.879076,32,8.557040e-04
14322,70.882618,32,8.599219e-04
14323,70.886159,32,8.650127e-04
14324,70.889701,32,8.719565e-04
14325,70.893242,32,8.770281e-04
14326,70.896783,32,8.799982e-04
14327,70.900324,32,8.779722e-04
14328,70.903865,32,8.660806e-04
14329,70.907406,32,8.604915e-04
14330,70.910947,32,8.531156e-04
14331,70.914488,31,9.956164e-04
14332,70.918028,31,9.845009e-04
14333,70.921569,31,9.714594e-04
14334,70.925109,31,9.569813e-04
14335,70.928649,31,9.468683e-04
14336,70.932189,31,9.325033e-04
14337,70.935730,31,9.172354e-04
14338,70.939270,31,9.030936e-04
14339,70.942809,31,8.907706e-04
14340,70.946349,31,8.808047e-04
14341,70.949889,31,8.725048e-04
14342,70.953429,31,8.667421e-04
14343,70.956968,31,8.637324e-04
14344,70.960508,31,8.636180e-04
14345,70.964047,31,8.664387e-04
14346,70.967586,31,8.721030e-04
14347,70.971126,31,8.789300e-04
14348,70.974665,31,8.886199e-04
14349,70.978204,31,9.023164e-04
14350,70.981743,31,9.173940e-04
14351,70.985282,31,9.335497e-04
14352,70.988821,31,9.502393e-04
14353,70.992359,31,9.731095e-04
14354,70.995898,31,9.920752e-04
14355,70.999437,32,8.563731e-04
14356,71.002975,32,8.589176e-04
14357,71.006514,32,8.690452e-04
14358,71.010052,32,8.786353e-04
14359,71.013591,32,8.866125e-04
14360,71.017129,32,8.925613e-04
14361,71.020668,32,8.961678e-04
14362,71.024206,32,8.851527e-04
14363,71.027744,32,8.824266e-04
14364,71.031282,32,8.782104e-04
14365,71.034820,32,8.726127e-04
14366,71.038358,32,8.657806e-04
14367,71.041896,32,8.578681e-04
14368,71.045434,31,9.996810e-04
14369,71.048972,31,9.896912e-04
14370,71.052510,31,9.790253e-04
14371,71.056048,31,9.681512e-04
14372,71.059586,31,9.542464e-04
14373,71.063123,31,9.450655e-04
14374,71.066661,31,9.387525e-04
14375,71.070199,31,9.325987e-04
14376,71.073736,31,9.299358e-04
14377,71.077274,31,9.299676e-04
14378,71.080812,31,9.325721e-04
14379,71.084349,31,9.376536e-04
14380,71.087887,31,9.448981e-04
14381,71.091424,31,9.540734e-04
14382,71.094961,31,9.648403e-04
14383,71.098499,31,9.768894e-04
14384,71.102036,31,9.897317e-04
14385,71.105574,32,8.460804e-04
14386,71.109111,32,8.554327e-04
14387,71.112648,32,8.646512e-04
14388,71.116186,32,8.734074e-04
14389,71.119723,32,8.826580e-04
14390,71.123260,32,8.864878e-04
14391,71.126797,32,8.906766e-04
14392,71.130334,32,8.949344e-04
14393,71.133872,32,8.968567e-04
14394,71.137409,32,8.963034e-04
14395,71.140946,32,8.915088e-04
14396,71.144483,32,8.724124e-04
14397,71.148020,32,8.632849e-04
14398,71.151557,32,8.523828e-04
14399,71.155094,31,9.944671e-04
14400,71.158632,31,9.786282e-04
14401,71.162169,31,9.614809e-04
14402,71.165706,31,9.434611e-04
14403,71.169243,31,9.250286e-04
14404,71.172780,31,9.068337e-04
14405,71.176317,31,8.895727e-04
14406,71.179854,31,8.740870e-04
14407,71.183391,31,8.615453e-04
14408,71.186928,31,8.521472e-04
14409,71.190465,30,9.943189e-04
14410,71.194002,30,9.927262e-04
14411,71.197539,30,9.957705e-04
14412,71.201076,31,8.537221e-04
14413,71.204613,31,8.615868e-04
14414,71.208150,31,8.732161e-04
14415,71.211687,31,8.887989e-04
14416,71.215224,31,9.081165e-04
14417,71.218761,31,9.288266e-04
14418,71.222298,31,9.509736e-04
14419,71.225835,31,9.734352e-04
14420,71.229372,31,9.929316e-04
14421,71.232909,32,8.574809e-04
14422,71.236446,32,8.727914e-04
14423,71.239983,32,8.869002e-04
14424,71.243520,32,8.934628e-04
14425,71.247057,32,9.047584e-04
14426,71.250594,32,9.152902e-04
14427,71.254131,32,9.229308e-04
14428,71.257668,32,9.274082e-04
14429,71.261205,32,9.237106e-04
14430,71.264742,32,9.128323e-04
14431,71.268279,32,9.065436e-04
14432,71.271816,32,8.979288e-04
14433,71.275353,32,8.872600e-04
14434,71.278890,32,8.747942e-04
14435,71.282427,32,8.609082e-04
14436,71.285964,32,8.457009e-04
14437,71.289501,31,9.834569e-04
14438,71.293038,31,9.658892e-04
14439,71.296576,31,9.516465e-04
14440,71.300113,31,9.335500e-04
14441,71.303650,31,9.176821e-04
14442,71.307187,31,9.010277e-04
14443,71.310724,31,8.881315e-04
14444,71.314261,31,8.803997e-04
14445,71.317798,31,8.765907e-04
14446,71.321335,31,8.769853e-04
14447,71.324873,31,8.814976e-04
14448,71.328410,31,8.888968e-04
14449,71.331947,31,9.002209e-04
14450,71.335484,31,9.150548e-04
14451,71.339021,31,9.321601e-04
14452,71.342559,31,9.508544e-04
14453,71.346096,31,9.704391e-04
14454,71.349633,31,9.902459e-04
14455,71.353170,32,8.519935e-04
14456,71.356707,32,8.661699e-04
14457,71.360245,32,8.786743e-04
14458,71.363782,32,8.839524e-04
14459,71.367319,32,8.965119e-04
14460,71.370857,32,9.069264e-04
14461,71.374394,32,9.148353e-04
14462,71.377931,32,9.199162e-04
14463,71.381469,32,9.083888e-04
14464,71.385006,32,9.066171e-04
14465,71.388543,32,9.023333e-04
14466,71.392081,32,8.967903e-04
14467,71.395618,32,8.884953e-04
14468,71.399155,32,8.790227e-04
14469,71.402693,32,8.705389e-04
14470,71.406230,32,8.612809e-04
14471,71.409768,32,8.516509e-04
14472,71.413305,31,9.932196e-04
14473,71.416842,31,9.828513e-04
14474,71.420380,31,9.740913e-04
14475,71.423917,31,9.659124e-04
14476,71.427455,31,9.593390e-04
14477,71.430992,31,9.551038e-04
14478,71.434530,31,9.538219e-04
14479,71.438067,31,9.557489e-04
14480,71.441605,31,9.608319e-04
14481,71.445142,31,9.688067e-04
14482,71.448680,31,9.792667e-04
14483,71.452217,31,9.948421e-04
14484,71.455755,32,8.555809e-04
14485,71.459292,32,8.663764e-04
14486,71.462830,32,8.779793e-04
14487,71.466368,32,8.900934e-04
14488,71.469905,32,9.013766e-04
14489,71.473443,32,9.117195e-04
14490,71.476980,32,9.236895e-04
14491,71.480518,32,9.250304e-04
14492,71.484055,32,9.319602e-04
14493,71.487593,32,9.387010e-04
14494,71.491131,32,9.431299e-04
14495,71.494668,32,9.451876e-04
14496,71.498206,32,9.312676e-04
14497,71.501743,32,9.261587e-04
14498,71.505281,32,9.197305e-04
14499,71.508819,32,9.116231e-04
14500,71.512356,32,9.026229e-04
14501,71.515894,32,8.928732e-04
14502,71.519431,32,8.826390e-04
14503,71.522969,32,8.722206e-04
14504,71.526507,32,8.619532e-04
14505,71.530044,31,9.985886e-04
14506,71.533582,31,9.889881e-04
14507,71.537119,31,9.820191e-04
14508,71.540657,31,9.761805e-04
14509,71.544195,31,9.728259e-04
14510,71.547732,31,9.725431e-04
14511,71.551270,31,9.757422e-04
14512,71.554807,31,9.825693e-04
14513,71.558345,31,9.929543e-04
14514,71.561883,32,8.571665e-04
14515,71.565420,32,8.682491e-04
14516,71.568958,32,8.818621e-04
14517,71.572495,32,8.974326e-04
14518,71.576033,32,9.141101e-04
14519,71.579570,32,9.303797e-04
14520,71.583108,32,9.465351e-04
14521,71.586646,32,9.619994e-04
14522,71.590183,32,9.758611e-04
14523,71.593721,32,9.878986e-04
14524,71.597258,32,9.930479e-04
14525,71.600796,33,8.510296e-04
14526,71.604333,33,8.553437e-04
14527,71.607871,33,8.576322e-04
14528,71.611408,33,8.559629e-04
14529,71.614945,32,9.958333e-04
14530,71.618483,32,9.900197e-04
14531,71.622020,32,9.809801e-04
14532,71.625558,32,9.692192e-04
14533,71.629095,32,9.551475e-04
14534,71.632632,32,9.373712e-04
14535,71.636170,32,9.200050e-04
14536,71.639707,32,9.036783e-04
14537,71.643244,32,8.876462e-04
14538,71.646782,32,8.724974e-04
14539,71.650319,32,8.591047e-04
14540,71.653856,31,9.957621e-04
14541,71.657393,31,9.864560e-04
14542,71.660931,31,9.807021e-04
14543,71.664468,31,9.789375e-04
14544,71.668005,31,9.851375e-04
14545,71.671542,31,9.964520e-04
14546,71.675079,32,8.594419e-04
14547,71.678616,32,8.710691e-04
14548,71.682153,32,8.863254e-04
14549,71.685690,32,9.044552e-04
14550,71.689227,32,9.248628e-04
14551,71.692764,32,9.465390e-04
14552,71.696301,32,9.685089e-04
14553,71.699838,32,9.900654e-04
14554,71.703375,33,8.569601e-04
14555,71.706912,33,8.706585e-04
14556,71.710449,33,8.838327e-04
14557,71.713985,33,8.904618e-04
14558,71.717522,33,9.027095e-04
14559,71.721059,33,9.122773e-04
14560,71.724595,33,9.183883e-04
14561,71.728132,33,9.169723e-04
14562,71.731669,33,9.155351e-04
14563,71.735205,33,9.140579e-04
14564,71.738742,33,9.101970e-04
14565,71.742278,33,9.043040e-04
14566,71.745814,33,8.970530e-04
14567,71.749351,33,8.883087e-04
14568,71.752887,33,8.782319e-04
14569,71.756423,33,8.672721e-04
14570,71.759960,33,8.559244e-04
14571,71.763496,32,9.974863e-04
14572,71.767032,32,9.855843e-04
14573,71.770568,32,9.734790e-04
14574,71.774104,32,9.622412e-04
14575,71.777640,32,9.523168e-04
14576,71.781176,32,9.442016e-04
14577,71.784712,32,9.383233e-04
14578,71.788248,32,9.347906e-04
14579,71.791783,32,9.313884e-04
14580,71.795319,32,9.328562e-04
14581,71.798855,32,9.372181e-04
14582,71.802390,32,9.433248e-04
14583,71.805926,32,9.505863e-04
14584,71.809461,32,9.599741e-04
14585,71.812997,32,9.700575e-04
14586,71.816532,32,9.803555e-04
14587,71.820067,32,9.903672e-04
14588,71.823603,32,9.991036e-04
14589,71.827138,33,8.465476e-04
14590,71.830673,33,8.505514e-04
14591,71.834208,33,8.557801e-04
14592,71.837743,33,8.598357e-04
14593,71.841278,33,8.560755e-04
14594,71.844812,33,8.495784e-04
14595,71.848347,33,8.466890e-04
14596,71.851882,32,9.962523e-04
14597,71.855416,32,9.904727e-04
14598,71.858951,32,9.830517e-04
14599,71.862485,32,9.745418e-04
14600,71.866020,32,9.653086e-04
14601,71.869554,32,9.558534e-04
14602,71.873088,32,9.467311e-04
14603,71.876622,32,9.385402e-04
14604,71.880156,32,9.314805e-04
14605,71.883690,32,9.249393e-04
14606,71.887224,32,9.230724e-04
14607,71.890758,32,9.237227e-04
14608,71.894292,32,9.270348e-04
14609,71.897825,32,9.327062e-04
14610,71.901359,32,9.411564e-04
14611,71.904892,32,9.520318e-04
14612,71.908425,32,9.649057e-04
14613,71.911959,32,9.796286e-04
14614,71.915492,32,9.952677e-04
14615,71.919025,33,8.536884e-04
14616,71.922558,33,8.657230e-04
14617,71.926091,33,8.777541e-04
14618,71.929624,33,8.892979e-04
14619,71.933156,33,8.997542e-04
14620,71.936689,33,9.085850e-04
14621,71.940221,33,9.125108e-04
14622,71.943754,33,9.144506e-04
14623,71.947286,33,9.164982e-04
14624,71.950818,33,9.168044e-04
14625,71.954350,33,9.083815e-04
14626,71.957882,33,8.974957e-04
14627,71.961414,33,8.889451e-04
14628,71.964946,33,8.782286e-04
14629,71.968478,33,8.659528e-04
14630,71.972009,33,8.524957e-04
14631,71.975541,32,9.939282e-04
14632,71.979072,32,9.763332e-04
14633,71.982603,32,9.583563e-04
14634,71.986134,32,9.406603e-04
14635,71.989665,32,9.238767e-04
14636,71.993196,32,9.097424e-04
14637,71.996727,32,8.960477e-04
14638,72.000258,32,8.869626e-04
14639,72.003788,32,8.822141e-04
14640,72.007319,32,8.813585e-04
14641,72.010849,32,8.884554e-04
14642,72.014379,32,8.974930e-04
14643,72.017909,32,9.094153e-04
14644,72.021439,32,9.248969e-04
14645,72.024969,32,9.505308e-04
14646,72.028499,32,9.739077e-04
14647,72.032028,32,9.963851e-04
14648,72.035558,33,8.592392e-04
14649,72.039087,33,8.746366e-04
14650,72.042616,33,8.926698e-04
14651,72.046146,33,9.099140e-04
14652,72.049675,33,9.257261e-04
14653,72.053203,33,9.364134e-04
14654,72.056732,33,9.463286e-04
14655,72.060261,33,9.561966e-04
14656,72.063789,33,9.631990e-04
14657,72.067318,33,9.572069e-04
14658,72.070846,33,9.549670e-04
14659,72.074374,33,9.515648e-04
14660,72.077902,33,9.455939e-04
14661,72.081430,33,9.375142e-04
14662,72.084958,33,9.276483e-04
14663,72.088485,33,9.162969e-04
14664,72.092013,33,9.037118e-04
14665,72.095540,33,8.903299e-04
14666,72.099067,33,8.762644e-04
14667,72.102594,33,8.601268e-04
14668,72.106121,33,8.472943e-04
14669,72.109648,32,9.866597e-04
14670,72.113175,32,9.750144e-04
14671,72.116701,32,9.660604e-04
14672,72.120228,32,9.604123e-04
14673,72.123754,32,9.581573e-04
14674,72.127280,32,9.596169e-04
14675,72.130806,32,9.652380e-04
14676,72.134332,32,9.732571e-04
14677,72.137857,32,9.840964e-04
14678,72.141383,32,9.972206e-04
14679,72.144908,33,8.542641e-04
14680,72.148434,33,8.653500e-04
14681,72.151959,33,8.761523e-04
14682,72.155484,33,8.866193e-04
14683,72.159009,33,8.985660e-04
14684,72.162533,33,9.096829e-04
14685,72.166058,33,9.144008e-04
14686,72.169582,33,9.230228e-04
14687,72.173107,33,9.306616e-04
14688,72.176631,33,9.314314e-04
14689,72.180155,33,9.249023e-04
14690,72.183679,33,9.232758e-04
14691,72.187202,33,9.192799e-04
14692,72.190726,33,9.120996e-04
14693,72.194249,33,9.033130e-04
14694,72.197772,33,8.947677e-04
14695,72.201296,33,8.852915e-04
14696,72.204819,33,8.753296e-04
14697,72.208341,33,8.653295e-04
14698,72.211864,33,8.557809e-04
14699,72.215387,33,8.477977e-04
14700,72.218909,32,9.988867e-04
14701,72.222431,32,9.929484e-04
14702,72.225953,32,9.895804e-04
14703,72.229475,32,9.893835e-04
14704,72.232997,32,9.919570e-04
14705,72.236519,32,9.993108e-04
14706,72.240040,33,8.512233e-04
14707,72.243561,33,8.602718e-04
14708,72.247083,33,8.715272e-04
14709,72.250604,33,8.836965e-04
14710,72.254125,33,8.955792e-04
14711,72.257645,33,9.106674e-04
14712,72.261166,33,9.258354e-04
14713,72.264686,33,9.405163e-04
14714,72.268207,33,9.540825e-04
14715,72.271727,33,9.657727e-04
14716,72.275247,33,9.743072e-04
14717,72.278766,33,9.802305e-04
14718,72.282286,33,9.879705e-04
14719,72.285806,33,9.926114e-04
14720,72.289325,33,9.829797e-04
14721,72.292844,33,9.814687e-04
14722,72.296363,33,9.782116e-04
14723,72.299882,33,9.731535e-04
14724,72.303401,33,9.667397e-04
14725,72.306920,33,9.592847e-04
14726,72.310438,33,9.510050e-04
14727,72.313956,33,9.411330e-04
14728,72.317475,33,9.302953e-04
14729,72.320993,33,9.206529e-04
14730,72.324511,33,9.106252e-04
14731,72.328028,33,9.034017e-04
14732,72.331546,33,8.977531e-04
14733,72.335063,33,8.942112e-04
14734,72.338580,33,8.932194e-04
14735,72.342098,33,8.939773e-04
14736,72.345615,33,8.969190e-04
14737,72.349131,33,9.053468e-04
14738,72.352648,33,9.163989e-04
14739,72.356164,33,9.295946e-04
14740,72.359681,33,9.442570e-04
14741,72.363197,33,9.600093e-04
14742,72.366713,33,9.762135e-04
14743,72.370229,33,9.922392e-04
14744,72.373745,34,8.585029e-04
14745,72.377260,34,8.676803e-04
14746,72.380776,34,8.764113e-04
14747,72.384291,34,8.843453e-04
14748,72.387806,34,8.867025e-04
14749,72.391321,34,8.927527e-04
14750,72.394836,34,8.962865e-04
14751,72.398351,34,8.875193e-04
14752,72.401865,34,8.813750e-04
14753,72.405380,34,8.735112e-04
14754,72.408894,34,8.652651e-04
14755,72.412408,34,8.557055e-04
14756,72.415922,33,9.960941e-04
14757,72.419436,33,9.828387e-04
14758,72.422949,33,9.683018e-04
14759,72.426463,33,9.521000e-04
14760,72.429976,33,9.362789e-04
14761,72.433489,33,9.214185e-04
14762,72.437002,33,9.070850e-04
14763,72.440515,33,8.944025e-04
14764,72.444028,33,8.841693e-04
14765,72.447541,33,8.772685e-04
14766,72.451053,33,8.730959e-04
14767,72.454565,33,8.721921e-04
14768,72.458077,33,8.744574e-04
14769,72.461589,33,8.791305e-04
14770,72.465101,33,8.842637e-04
14771,72.468613,33,8.951429e-04
14772,72.472125,33,9.080315e-04
14773,72.475636,33,9.223249e-04
14774,72.479147,33,9.373790e-04
14775,72.482658,33,9.525707e-04
14776,72.486169,33,9.673108e-04
14777,72.489680,33,9.816151e-04
14778,72.493191,33,9.932330e-04
14779,72.496702,33,9.988972e-04
14780,72.500212,34,8.551836e-04
14781,72.503722,34,8.608377e-04
14782,72.507232,34,8.548837e-04
14783,72.510742,34,8.562533e-04
14784,72.514252,34,8.551338e-04
14785,72.517762,34,8.527364e-04
14786,72.521272,34,8.485196e-04
14787,72.524781,33,9.933919e-04
14788,72.528290,33,9.869486e-04
14789,72.531799,33,9.794221e-04
14790,72.535308,33,9.710247e-04
14791,72.538817,33,9.621937e-04
14792,72.542326,33,9.537837e-04
14793,72.545835,33,9.448715e-04
14794,72.549343,33,9.341324e-04
14795,72.552851,33,9.281718e-04
14796,72.556360,33,9.243566e-04
14797,72.559868,33,9.230392e-04
14798,72.563376,33,9.241890e-04
14799,72.566883,33,9.280837e-04
14800,72.570391,33,9.339014e-04
14801,72.573898,33,9.419959e-04
14802,72.577406,33,9.532417e-04
14803,72.580913,33,9.659854e-04
14804,72.584420,33,9.795536e-04
14805,72.587927,33,9.934551e-04
14806,72.591434,34,8.569828e-04
14807,72.594941,34,8.652092e-04
14808,72.598447,34,8.728800e-04
14809,72.601954,34,8.785158e-04
14810,72.605460,34,8.808213e-04
14811,72.608966,34,8.834282e-04
14812,72.612473,34,8.801289e-04
14813,72.615978,34,8.735622e-04
14814,72.619484,34,8.699335e-04
14815,72.622990,34,8.641047e-04
14816,72.626496,34,8.565913e-04
14817,72.630001,33,9.970334e-04
14818,72.633506,33,9.870195e-04
14819,72.637012,33,9.760705e-04
14820,72.640517,33,9.615807e-04
14821,72.644022,33,9.500231e-04
14822,72.647527,33,9.396169e-04
14823,72.651031,33,9.304721e-04
14824,72.654536,33,9.228007e-04
14825,72.658040,33,9.175617e-04
14826,72.661545,33,9.151221e-04
14827,72.665049,33,9.156211e-04
14828,72.668553,33,9.192829e-04
14829,72.672057,33,9.262652e-04
14830,72.675561,33,9.363221e-04
14831,72.679065,33,9.490145e-04
14832,72.682569,33,9.637574e-04
14833,72.686072,33,9.798809e-04
14834,72.689576,33,9.966935e-04
14835,72.693079,34,8.579888e-04
14836,72.696582,34,8.689053e-04
14837,72.700086,34,8.799281e-04
14838,72.703589,34,8.901956e-04
14839,72.707092,34,8.993025e-04
14840,72.710594,34,9.041788e-04
14841,72.714097,34,9.088773e-04
14842,72.717600,34,9.109405e-04
14843,72.721102,34,9.033654e-04
14844,72.724605,34,9.013054e-04
14845,72.728107,34,8.966899e-04
14846,72.731609,34,8.899399e-04
14847,72.735111,34,8.819587e-04
14848,72.738613,34,8.732381e-04
14849,72.742115,34,8.640172e-04
14850,72.745617,34,8.546193e-04
14851,72.749119,33,9.859497e-04
14852,72.752620,33,9.738404e-04
14853,72.756122,33,9.627210e-04
14854,72.759623,33,9.518241e-04
14855,72.763124,33,9.423504e-04
14856,72.766626,33,9.350044e-04
14857,72.770127,33,9.304647e-04
14858,72.773628,33,9.291235e-04
14859,72.777129,33,9.317825e-04
14860,72.780630,33,9.382229e-04
14861,72.784130,33,9.463365e-04
14862,72.787631,33,9.598167e-04
14863,72.791132,33,9.766764e-04
14864,72.794632,33,9.954003e-04
14865,72.798132,34,8.640420e-04
14866,72.801633,34,8.785993e-04
14867,72.805133,34,8.932050e-04
14868,72.808633,34,9.074123e-04
14869,72.812133,34,9.206610e-04
14870,72.815633,34,9.317409e-04
14871,72.819133,34,9.381859e-04
14872,72.822633,34,9.457377e-04
14873,72.826132,34,9.433281e-04
14874,72.829632,34,9.451429e-04
14875,72.833132,34,9.436088e-04
14876,72.836631,34,9.372142e-04
14877,72.840130,34,9.309305e-04
14878,72.843630,34,9.229799e-04
14879,72.847129,34,9.136680e-04
14880,72.850628,34,9.030374e-04
14881,72.854127,34,8.909278e-04
14882,72.857626,34,8.796755e-04
14883,72.861125,34,8.689834e-04
14884,72.864624,34,8.581221e-04
14885,72.868123,33,9.904077e-04
14886,72.871621,33,9.812752e-04
14887,72.875120,33,9.745725e-04
14888,72.878619,33,9.706299e-04
14889,72.882117,33,9.670282e-04
14890,72.885615,33,9.658074e-04
14891,72.889114,33,9.710830e-04
14892,72.892612,33,9.794709e-04
14893,72.896110,33,9.905533e-04
14894,72.899608,34,8.589917e-04
14895,72.903106,34,8.683240e-04
14896,72.906604,34,8.789998e-04
14897,72.910102,34,8.905932e-04
14898,72.913600,34,9.021927e-04
14899,72.917098,34,9.134330e-04
14900,72.920595,34,9.237551e-04
14901,72.924093,34,9.283657e-04
14902,72.927591,34,9.288863e-04
14903,72.931088,34,9.305881e-04
14904,72.934586,34,9.345589e-04
14905,72.938083,34,9.362723e-04
14906,72.941580,34,9.356217e-04
14907,72.945077,34,9.337176e-04
14908,72.948575,34,9.304807e-04
14909,72.952072,34,9.260969e-04
14910,72.955569,34,9.209061e-04
14911,72.959066,34,9.153158e-04
14912,72.962563,34,9.095302e-04
14913,72.966060,34,9.041960e-04
14914,72.969556,34,8.984924e-04
14915,72.973053,34,8.931084e-04
14916,72.976550,34,8.852204e-04
14917,72.980046,34,8.817994e-04
14918,72.983543,34,8.798587e-04
14919,72.987040,34,8.786041e-04
14920,72.990536,34,8.812444e-04
14921,72.994032,34,8.856726e-04
14922,72.997529,34,8.917054e-04
14923,73.001025,34,8.989931e-04
14924,73.004521,34,9.078583e-04
14925,73.008017,34,9.173749e-04
14926,73.011514,34,9.265172e-04
14927,73.015010,34,9.301723e-04
14928,73.018506,34,9.380659e-04
14929,73.022002,34,9.451235e-04
14930,73.025498,34,9.507827e-04
14931,73.028993,34,9.506022e-04
14932,73.032489,34,9.433871e-04
14933,73.035985,34,9.443621e-04
14934,73.039481,34,9.430465e-04
14935,73.042976,34,9.401266e-04
14936,73.046472,34,9.358580e-04
14937,73.049967,34,9.308635e-04
14938,73.053463,34,9.258272e-04
14939,73.056958,34,9.209721e-04
14940,73.060454,34,9.167527e-04
14941,73.063949,34,9.130613e-04
14942,73.067444,34,9.090418e-04
14943,73.070940,34,9.081080e-04
14944,73.074435,34,9.088262e-04
14945,73.077930,34,9.110759e-04
14946,73.081425,34,9.150091e-04
14947,73.084920,34,9.206279e-04
14948,73.088415,34,9.279241e-04
14949,73.091910,34,9.368576e-04
14950,73.095405,34,9.474510e-04
14951,73.098900,34,9.596454e-04
14952,73.102395,34,9.729199e-04
14953,73.105889,34,9.872021e-04
14954,73.109384,35,8.525481e-04
14955,73.112879,35,8.598961e-04
14956,73.116373,35,8.658164e-04
14957,73.119868,35,8.736044e-04
14958,73.123362,35,8.803586e-04
14959,73.126857,35,8.852848e-04
14960,73.130351,35,8.862256e-04
14961,73.133846,35,8.838474e-04
14962,73.137340,35,8.754205e-04
14963,73.140834,35,8.685792e-04
14964,73.144329,35,8.597866e-04
14965,73.147823,35,8.516730e-04
14966,73.151317,34,9.903657e-04
14967,73.154811,34,9.780946e-04
14968,73.158305,34,9.652443e-04
14969,73.161799,34,9.521755e-04
14970,73.165293,34,9.392805e-04
14971,73.168787,34,9.275772e-04
14972,73.172281,34,9.167609e-04
14973,73.175774,34,9.075804e-04
14974,73.179268,34,9.008907e-04
14975,73.182762,34,8.971251e-04
14976,73.186255,34,8.971101e-04
14977,73.189749,34,9.009864e-04
14978,73.193243,34,9.084563e-04
14979,73.196736,34,9.196001e-04
14980,73.200230,34,9.339749e-04
14981,73.203723,34,9.506194e-04
14982,73.207216,34,9.681205e-04
14983,73.210710,34,9.911919e-04
14984,73.214203,35,8.575825e-04
14985,73.217696,35,8.723758e-04
14986,73.221189,35,8.866739e-04
14987,73.224682,35,8.998210e-04
14988,73.228175,35,9.111055e-04
14989,73.231668,35,9.194388e-04
14990,73.235161,35,9.234682e-04
14991,73.238654,35,9.275092e-04
14992,73.242147,35,9.179878e-04
14993,73.245640,35,9.145330e-04
14994,73.249132,35,9.072506e-04
14995,73.252625,35,8.967493e-04
14996,73.256118,35,8.856806e-04
14997,73.259610,35,8.731831e-04
14998,73.263103,35,8.596828e-04
14999,73.266595,34,9.880436e-04
15000,73.270087,34,9.705395e-04
15001,73.273580,34,9.533761e-04
15002,73.277072,34,9.375761e-04
15003,73.280564,34,9.236712e-04
15004,73.284057,34,9.122598e-04
15005,73.287549,34,9.039497e-04
15006,73.291041,34,8.992917e-04
15007,73.294533,34,8.986710e-04
15008,73.298025,34,9.022557e-04
15009,73.301517,34,9.100343e-04
15010,73.305008,34,9.217611e-04
15011,73.308500,34,9.371627e-04
15012,73.311992,34,9.566785e-04
15013,73.315484,34,9.768522e-04
15014,73.318975,34,9.982029e-04
15015,73.322467,35,8.719397e-04
15016,73.325958,35,8.868376e-04
15017,73.329450,35,9.016213e-04
15018,73.332941,35,9.144424e-04
15019,73.336433,35,9.254147e-04
15020,73.339924,35,9.375062e-04
15021,73.343415,35,9.454667e-04
15022,73.346906,35,9.449570e-04
15023,73.350398,35,9.449666e-04
15024,73.353889,35,9.451928e-04
15025,73.357380,35,9.431752e-04
15026,73.360871,35,9.390065e-04
15027,73.364362,35,9.323909e-04
15028,73.367852,35,9.244058e-04
15029,73.371343,35,9.159588e-04
15030,73.374834,35,9.070529e-04
15031,73.378325,35,8.977320e-04
15032,73.381815,35,8.884186e-04
15033,73.385306,35,8.760203e-04
15034,73.388796,35,8.631764e-04
15035,73.392287,35,8.567696e-04
15036,73.395777,34,9.947532e-04
15037,73.399267,34,9.922384e-04
15038,73.402758,34,9.921708e-04
15039,73.406248,34,9.944622e-04
15040,73.409738,34,9.990415e-04
15041,73.413228,35,8.627304e-04
15042,73.416718,35,8.671972e-04
15043,73.420208,35,8.731818e-04
15044,73.423698,35,8.805318e-04
15045,73.427188,35,8.889287e-04
15046,73.430678,35,8.988393e-04
15047,73.434167,35,9.055973e-04
15048,73.437657,35,9.138009e-04
15049,73.441146,35,9.239088e-04
15050,73.444636,35,9.329614e-04
15051,73.448126,35,9.404038e-04
15052,73.451615,35,9.383353e-04
15053,73.455104,35,9.365061e-04
15054,73.458594,35,9.377002e-04
15055,73.462083,35,9.377777e-04
15056,73.465572,35,9.367316e-04
15057,73.469061,35,9.349117e-04
15058,73.472550,35,9.315475e-04
15059,73.476039,35,9.262336e-04
15060,73.479528,35,9.211952e-04
15061,73.483017,35,9.167807e-04
15062,73.486506,35,9.113452e-04
15063,73.489994,35,9.080139e-04
15064,73.493483,35,9.058502e-04
15065,73.496971,35,9.045640e-04
15066,73.500460,35,9.046103e-04
15067,73.503948,35,9.051697e-04
15068,73.507437,35,9.023411e-04
15069,73.510925,35,9.059992e-04
15070,73.514413,35,9.118323e-04
15071,73.517901,35,9.143841e-04
15072,73.521390,35,9.182281e-04
15073,73.524878,35,9.233692e-04
15074,73.528366,35,9.280821e-04
15075,73.531853,35,9.321109e-04
15076,73.535341,35,9.310277e-04
15077,73.538829,35,9.329979e-04
15078,73.542317,35,9.364633e-04
15079,73.545804,35,9.388016e-04
15080,73.549292,35,9.394116e-04
15081,73.552779,35,9.376835e-04
15082,73.556267,35,9.241144e-04
15083,73.559754,35,9.200509e-04
15084,73.563241,35,9.155317e-04
15085,73.566729,35,9.108053e-04
15086,73.570216,35,9.061370e-04
15087,73.573703,35,9.019238e-04
15088,73.577190,35,8.977849e-04
15089,73.580677,35,8.943770e-04
15090,73.584163,35,8.919423e-04
15091,73.587650,35,8.907869e-04
15092,73.591137,35,8.912308e-04
15093,73.594623,35,8.933302e-04
15094,73.598110,35,8.972247e-04
15095,73.601596,35,9.028946e-04
15096,73.605083,35,9.083823e-04
15097,73.608569,35,9.160071e-04
15098,73.612055,35,9.252904e-04
15099,73.615541,35,9.355833e-04
15100,73.619027,35,9.457215e-04
15101,73.622513,35,9.508551e-04
15102,73.625999,35,9.562493e-04
15103,73.629485,35,9.627903e-04
15104,73.632971,35,9.677818e-04
15105,73.636456,35,9.683702e-04
15106,73.639942,35,9.675357e-04
15107,73.643427,35,9.688377e-04
15108,73.646913,35,9.686139e-04
15109,73.650398,35,9.635036e-04
15110,73.653883,35,9.571017e-04
15111,73.657369,35,9.411139e-04
15112,73.660854,35,9.329275e-04
15113,73.664339,35,9.247971e-04
15114,73.667824,35,9.170373e-04
15115,73.671309,35,9.098267e-04
15116,73.674793,35,9.032719e-04
15117,73.678278,35,8.977863e-04
15118,73.681763,35,8.930207e-04
15119,73.685247,35,8.892717e-04
15120,73.688732,35,8.871259e-04
15121,73.692216,35,8.869348e-04
15122,73.695700,35,8.890318e-04
15123,73.699184,35,8.936072e-04
15124,73.702669,35,9.007076e-04
15125,73.706153,35,9.102744e-04
15126,73.709637,35,9.219228e-04
15127,73.713120,35,9.350668e-04
15128,73.716604,35,9.495864e-04
15129,73.720088,35,9.634395e-04
15130,73.723572,35,9.801412e-04
15131,73.727055,35,9.973600e-04
15132,73.730538,36,8.671867e-04
15133,73.734022,36,8.764201e-04
15134,73.737505,36,8.809192e-04
15135,73.740988,36,8.814021e-04
15136,73.744471,36,8.884821e-04
15137,73.747954,36,8.949933e-04
15138,73.751437,36,8.979614e-04
15139,73.754920,36,8.934373e-04
15140,73.758403,36,8.917565e-04
15141,73.761886,36,8.879500e-04
15142,73.765368,36,8.832207e-04
15143,73.768851,36,8.780331e-04
15144,73.772333,36,8.722729e-04
15145,73.775815,35,9.984972e-04
15146,73.779297,35,9.866591e-04
15147,73.782780,35,9.752361e-04
15148,73.786262,35,9.648040e-04
15149,73.789743,35,9.540654e-04
15150,73.793225,35,9.438764e-04
15151,73.796707,35,9.354556e-04
15152,73.800189,35,9.296265e-04
15153,73.803670,35,9.268035e-04
15154,73.807152,35,9.272266e-04
15155,73.810633,35,9.309430e-04
15156,73.814114,35,9.377827e-04
15157,73.817596,35,9.474002e-04
15158,73.821077,35,9.591821e-04
15159,73.824558,35,9.726200e-04
15160,73.828038,35,9.870216e-04
15161,73.831519,36,8.634008e-04
15162,73.835000,36,8.713136e-04
15163,73.838481,36,8.808882e-04
15164,73.841961,36,8.881653e-04
15165,73.845441,36,8.868404e-04
15166,73.848922,36,8.904621e-04
15167,73.852402,36,8.910428e-04
15168,73.855882,36,8.928179e-04
15169,73.859362,36,8.929095e-04
15170,73.862842,36,8.912278e-04
15171,73.866322,36,8.880207e-04
15172,73.869801,36,8.826946e-04
15173,73.873281,36,8.780201e-04
15174,73.876761,36,8.727971e-04
15175,73.880240,35,9.951397e-04
15176,73.883719,35,9.869477e-04
15177,73.887198,35,9.788634e-04
15178,73.890678,35,9.708201e-04
15179,73.894157,35,9.635058e-04
15180,73.897635,35,9.574587e-04
15181,73.901114,35,9.534289e-04
15182,73.904593,35,9.515383e-04
15183,73.908071,35,9.480629e-04
15184,73.911550,35,9.501843e-04
15185,73.915028,35,9.554553e-04
15186,73.918507,35,9.618515e-04
15187,73.921985,35,9.686086e-04
15188,73.925463,35,9.786523e-04
15189,73.928941,35,9.896861e-04
15190,73.932419,36,8.705001e-04
15191,73.935896,36,8.776654e-04
15192,73.939374,36,8.838950e-04
15193,73.942851,36,8.898236e-04
15194,73.946329,36,8.917460e-04
15195,73.949806,36,8.967445e-04
15196,73.953283,36,9.025870e-04
15197,73.956760,36,9.072242e-04
15198,73.960237,36,9.074078e-04
15199,73.963714,36,9.060297e-04
15200,73.967191,36,9.062785e-04
15201,73.970668,36,9.060885e-04
15202,73.974144,36,9.058900e-04
15203,73.977621,36,9.054543e-04
15204,73.981097,36,9.045533e-04
15205,73.984573,36,9.029331e-04
15206,73.988050,36,9.004854e-04
15207,73.991526,36,8.973451e-04
15208,73.995002,36,8.937991e-04
15209,73.998477,35,9.973216e-04
15210,74.001953,35,9.974992e-04
15211,74.005429,35,9.986555e-04
15212,74.008904,36,8.941247e-04
15213,74.012380,36,8.945915e-04
15214,74.015855,36,8.961389e-04
15215,74.019330,36,8.988618e-04
15216,74.022805,36,9.030273e-04
15217,74.026280,36,9.086663e-04
15218,74.029755,36,9.152719e-04
15219,74.033230,36,9.206208e-04
15220,74.036704,36,9.261391e-04
15221,74.040179,36,9.322619e-04
15222,74.043653,36,9.371344e-04
15223,74.047128,36,9.408811e-04
15224,74.050602,36,9.418033e-04
15225,74.054076,36,9.420890e-04
15226,74.057550,36,9.412520e-04
15227,74.061024,36,9.402561e-04
15228,74.064498,36,9.377092e-04
15229,74.067972,36,9.329819e-04
15230,74.071445,36,9.217249e-04
15231,74.074919,36,9.152323e-04
15232,74.078392,36,9.090866e-04
15233,74.081866,36,9.033660e-04
15234,74.085339,36,8.980062e-04
15235,74.088812,36,8.930257e-04
15236,74.092285,36,8.883576e-04
15237,74.095758,35,9.993257e-04
15238,74.099230,35,9.976841e-04
15239,74.102703,35,9.969933e-04
15240,74.106176,35,9.973984e-04
15241,74.109648,35,9.990642e-04
15242,74.113121,36,8.828459e-04
15243,74.116593,36,8.817037e-04
15244,74.120065,36,8.822900e-04
15245,74.123537,36,8.835689e-04
15246,74.127009,36,8.882387e-04
15247,74.130481,36,8.949032e-04
15248,74.133953,36,9.029092e-04
15249,74.137424,36,9.118813e-04
15250,74.140896,36,9.225788e-04
15251,74.144367,36,9.308942e-04
15252,74.147839,36,9.381247e-04
15253,74.151310,36,9.438437e-04
15254,74.154781,36,9.480976e-04
15255,74.158252,36,9.488145e-04
15256,74.161723,36,9.480811e-04
15257,74.165194,36,9.457773e-04
15258,74.168665,36,9.445400e-04
15259,74.172135,36,9.421686e-04
15260,74.175606,36,9.351856e-04
15261,74.179076,36,9.284428e-04
15262,74.182547,36,9.237527e-04
15263,74.186017,36,9.202159e-04
15264,74.189487,36,9.170889e-04
15265,74.192957,36,9.156800e-04
15266,74.196427,36,9.158955e-04
15267,74.199897,36,9.176458e-04
15268,74.203367,36,9.216433e-04
15269,74.206836,36,9.257827e-04
15270,74.210306,36,9.300925e-04
15271,74.213775,36,9.345431e-04
15272,74.217245,36,9.388768e-04
15273,74.220714,36,9.414370e-04
15274,74.224183,36,9.443219e-04
15275,74.227652,36,9.472125e-04
15276,74.231121,36,9.498501e-04
15277,74.234590,36,9.524749e-04
15278,74.238059,36,9.548793e-04
15279,74.241527,36,9.571145e-04
15280,74.244996,36,9.596896e-04
15281,74.248464,36,9.612338e-04
15282,74.251933,36,9.650585e-04
15283,74.255401,36,9.696974e-04
15284,74.258869,36,9.746868e-04
15285,74.262337,36,9.802068e-04
15286,74.265805,36,9.874407e-04
15287,74.269273,37,8.883900e-04
15288,74.272741,37,8.961424e-04
15289,74.276209,37,9.066569e-04
15290,74.279677,37,9.184109e-04
15291,74.283144,37,9.309466e-04
15292,74.286612,37,9.440321e-04
15293,74.290079,37,9.558341e-04
15294,74.293546,37,9.663813e-04
15295,74.297013,37,9.748275e-04
15296,74.300480,37,9.813199e-04
15297,74.303947,37,9.859260e-04
15298,74.307414,37,9.888906e-04
15299,74.310881,37,9.906620e-04
15300,74.314348,37,9.921922e-04
15301,74.317814,37,9.942976e-04
15302,74.321281,37,9.972489e-04
15303,74.324747,38,8.792360e-04
15304,74.328213,38,8.787220e-04
15305,74.331680,38,8.784844e-04
15306,74.335146,38,8.780946e-04
15307,74.338612,37,9.933315e-04
15308,74.342078,37,9.908198e-04
15309,74.345544,37,9.893486e-04
15310,74.349009,37,9.865204e-04
15311,74.352475,37,9.821168e-04
15312,74.355941,37,9.783265e-04
15313,74.359406,37,9.721808e-04
15314,74.362872,37,9.653227e-04
15315,74.366337,37,9.586074e-04
15316,74.369802,37,9.519858e-04
15317,74.373267,37,9.444679e-04
15318,74.376732,37,9.369326e-04
15319,74.380197,37,9.345927e-04
15320,74.383662,37,9.342977e-04
15321,74.387127,37,9.355151e-04
15322,74.390592,37,9.379782e-04
15323,74.394056,37,9.414240e-04
15324,74.397521,37,9.461604e-04
15325,74.400985,37,9.520432e-04
15326,74.404450,37,9.563292e-04
15327,74.407914,37,9.614085e-04
15328,74.411378,37,9.667993e-04
15329,74.414842,37,9.714689e-04
15330,74.418307,37,9.753589e-04
15331,74.421770,37,9.785120e-04
15332,74.425234,37,9.775573e-04
15333,74.428698,37,9.759414e-04
15334,74.432162,37,9.752596e-04
15335,74.435626,37,9.753607e-04
15336,74.439089,37,9.745221e-04
15337,74.442553,37,9.733588e-04
15338,74.446016,37,9.716595e-04
15339,74.449480,37,9.695521e-04
15340,74.452943,37,9.670978e-04
15341,74.456406,37,9.669851e-04
15342,74.459869,37,9.719744e-04
15343,74.463332,37,9.705043e-04
15344,74.466795,37,9.691181e-04
15345,74.470258,37,9.682838e-04
15346,74.473721,37,9.668123e-04
15347,74.477184,37,9.644884e-04
15348,74.480646,37,9.645907e-04
15349,74.484109,37,9.661495e-04
15350,74.487572,37,9.688753e-04
15351,74.491034,37,9.719495e-04
15352,74.494497,37,9.747603e-04
15353,74.497959,37,9.787060e-04
15354,74.501421,37,9.819487e-04
15355,74.504883,37,9.855472e-04
15356,74.508346,37,9.886841e-04
15357,74.511808,37,9.908453e-04
15358,74.515270,37,9.921820e-04
15359,74.518732,37,9.924724e-04
15360,74.522194,37,9.917436e-04
15361,74.525655,37,9.876539e-04
15362,74.529117,37,9.843305e-04
15363,74.532579,37,9.783386e-04
15364,74.536041,37,9.719654e-04
15365,74.539502,37,9.644365e-04
15366,74.542964,37,9.556820e-04
15367,74.546425,37,9.462494e-04
15368,74.549887,37,9.361177e-04
15369,74.553348,37,9.166166e-04
15370,74.556809,37,9.056720e-04
15371,74.560271,37,8.969241e-04
15372,74.563732,37,8.901900e-04
15373,74.567193,37,8.859725e-04
15374,74.570654,37,8.845281e-04
15375,74.574115,37,8.859674e-04
15376,74.577576,37,8.902487e-04
15377,74.581037,37,8.971414e-04
15378,74.584498,37,9.062664e-04
15379,74.587958,37,9.186915e-04
15380,74.591419,37,9.295428e-04
15381,74.594880,37,9.421214e-04
15382,74.598341,37,9.590208e-04
15383,74.601801,37,9.769085e-04
15384,74.605262,38,8.561447e-04
15385,74.608722,38,8.724182e-04
15386,74.612183,38,8.880853e-04
15387,74.615643,38,9.046216e-04
15388,74.619103,38,9.208729e-04
15389,74.622564,38,9.331557e-04
15390,74.626024,38,9.421072e-04
15391,74.629484,38,9.475315e-04
15392,74.632944,38,9.496437e-04
15393,74.636404,38,9.468709e-04
15394,74.639864,38,9.365106e-04
15395,74.643324,38,9.233739e-04
15396,74.646784,38,9.095189e-04
15397,74.650244,38,8.932688e-04
15398,74.653704,38,8.754879e-04
15399,74.657164,38,8.599728e-04
15400,74.660624,37,9.857830e-04
15401,74.664083,37,9.715583e-04
15402,74.667543,37,9.573174e-04
15403,74.671003,37,9.442412e-04
15404,74.674462,37,9.331091e-04
15405,74.677922,37,9.237422e-04
15406,74.681381,37,9.175916e-04
15407,74.684841,37,9.143212e-04
15408,74.688300,37,9.138614e-04
15409,74.691760,37,9.156064e-04
15410,74.695219,37,9.190546e-04
15411,74.698679,37,9.244434e-04
15412,74.702138,37,9.297244e-04
15413,74.705597,37,9.349011e-04
15414,74.709057,37,9.349786e-04
15415,74.712516,37,9.364406e-04
15416,74.715975,37,9.409371e-04
15417,74.719434,37,9.453993e-04
15418,74.722893,37,9.496261e-04
15419,74.726352,37,9.562790e-04
15420,74.729811,37,9.626682e-04
15421,74.733271,37,9.645044e-04
15422,74.736730,37,9.687849e-04
15423,74.740189,37,9.724517e-04
15424,74.743648,37,9.758766e-04
15425,74.747107,37,9.794988e-04
15426,74.750565,37,9.837128e-04
15427,74.754024,37,9.887454e-04
15428,74.757483,37,9.948275e-04
15429,74.760942,37,9.992565e-04
15430,74.764401,38,8.635977e-04
15431,74.767860,38,8.725105e-04
15432,74.771318,38,8.816428e-04
15433,74.774777,38,8.924320e-04
15434,74.778236,38,9.058765e-04
15435,74.781695,38,9.191275e-04
15436,74.785153,38,9.313462e-04
15437,74.788612,38,9.427011e-04
15438,74.792071,38,9.538601e-04
15439,74.795529,38,9.638268e-04
15440,74.798988,38,9.717647e-04
15441,74.802446,38,9.778904e-04
15442,74.805905,38,9.817992e-04
15443,74.809363,38,9.805920e-04
15444,74.812822,38,9.771204e-04
15445,74.816280,38,9.736522e-04
15446,74.819739,38,9.678907e-04
15447,74.823197,38,9.609204e-04
15448,74.826656,38,9.509967e-04
15449,74.830114,38,9.394432e-04
15450,74.833573,38,9.266515e-04
15451,74.837031,37,9.949449e-04
15452,74.840489,37,9.887523e-04
15453,74.843948,37,9.810290e-04
15454,74.847406,37,9.775540e-04
15455,74.850864,37,9.802621e-04
15456,74.854323,37,9.766947e-04
15457,74.857781,37,9.771716e-04
15458,74.861239,37,9.974668e-04
15459,74.864697,38,8.997312e-04
15460,74.868155,38,9.023137e-04
15461,74.871614,38,9.072985e-04
15462,74.875072,38,9.107294e-04
15463,74.878530,38,9.130253e-04
15464,74.881988,38,9.177208e-04
15465,74.885446,38,9.207912e-04
15466,74.888904,38,9.218739e-04
15467,74.892362,38,9.209721e-04
15468,74.895820,38,9.187326e-04
15469,74.899278,38,9.155470e-04
15470,74.902736,38,9.103368e-04
15471,74.906194,38,8.996118e-04
15472,74.909652,38,8.873584e-04
15473,74.913110,38,8.758806e-04
15474,74.916568,38,8.633715e-04
15475,74.920026,37,9.861329e-04
15476,74.923483,37,9.742730e-04
15477,74.926941,37,9.619419e-04
15478,74.930399,37,9.497582e-04
15479,74.933857,37,9.388177e-04
15480,74.937315,37,9.294043e-04
15481,74.940772,37,9.215852e-04
15482,74.944230,37,9.156614e-04
15483,74.947688,37,9.115015e-04
15484,74.951145,37,9.090385e-04
15485,74.954603,37,9.083886e-04
15486,74.958061,37,9.095867e-04
15487,74.961518,37,9.121913e-04
15488,74.964976,37,9.153403e-04
15489,74.968434,37,9.213559e-04
15490,74.971891,37,9.298961e-04
15491,74.975349,37,9.397316e-04
15492,74.978806,37,9.504831e-04
15493,74.982264,37,9.591690e-04
15494,74.985721,37,9.690372e-04
15495,74.989179,37,9.807512e-04
15496,74.992636,37,9.895614e-04
15497,74.996094,37,9.941611e-04
15498,74.999551,37,9.980339e-04
15499,75.003009,38,8.808568e-04
15500,75.006466,37,9.990120e-04
15501,75.009924,37,9.983586e-04
15502,75.013381,37,9.941320e-04
15503,75.016838,37,9.863402e-04
15504,75.020296,37,9.796119e-04
15505,75.023753,37,9.717308e-04
15506,75.027211,37,9.635480e-04
15507,75.030668,37,9.557428e-04
15508,75.034125,37,9.489574e-04
15509,75.037582,37,9.431387e-04
15510,75.041040,37,9.386882e-04
15511,75.044497,37,9.388301e-04
15512,75.047954,37,9.393275e-04
15513,75.051412,37,9.399543e-04
15514,75.054869,37,9.434671e-04
15515,75.058326,37,9.491952e-04
15516,75.061783,37,9.568444e-04
15517,75.065241,37,9.658661e-04
15518,75.068698,37,9.754777e-04
15519,75.072155,37,9.842839e-04
15520,75.075612,37,9.940699e-04
15521,75.079069,38,8.913505e-04
15522,75.082526,38,8.944124e-04
15523,75.085984,38,8.976540e-04
15524,75.089441,38,8.995241e-04
15525,75.092898,38,9.001480e-04
15526,75.096355,38,9.020723e-04
15527,75.099812,38,9.031624e-04
15528,75.103269,38,9.032607e-04
15529,75.106726,38,9.011471e-04
15530,75.110183,38,8.970559e-04
15531,75.113640,38,8.933441e-04
15532,75.117097,37,9.961319e-04
15533,75.120555,37,9.914950e-04
15534,75.124012,37,9.858414e-04
15535,75.127469,37,9.790825e-04
15536,75.130926,37,9.712925e-04
15537,75.134383,37,9.625006e-04
15538,75.137839,37,9.528103e-04
15539,75.141296,37,9.426851e-04
15540,75.144753,37,9.319456e-04
15541,75.148210,37,9.217991e-04
15542,75.151667,37,9.135559e-04
15543,75.155124,37,9.072189e-04
15544,75.158581,37,9.029936e-04
15545,75.162038,36,9.985597e-04
15546,75.165495,37,9.048329e-04
15547,75.168952,37,9.048962e-04
15548,75.172408,37,9.065450e-04
15549,75.175865,37,9.098520e-04
15550,75.179322,37,9.140010e-04
15551,75.182779,37,9.187816e-04
15552,75.186236,37,9.237615e-04
15553,75.189692,37,9.284548e-04
15554,75.193149,37,9.310144e-04
15555,75.196606,37,9.344184e-04
15556,75.200063,37,9.360363e-04
15557,75.203519,37,9.377964e-04
15558,75.206976,37,9.390479e-04
15559,75.210433,37,9.409844e-04
15560,75.213889,37,9.410944e-04
15561,75.217346,37,9.403267e-04
15562,75.220802,37,9.374005e-04
15563,75.224259,37,9.333675e-04
15564,75.227716,37,9.312632e-04
15565,75.231172,37,9.287412e-04
15566,75.234629,37,9.254097e-04
15567,75.238085,37,9.199632e-04
15568,75.241542,37,9.159094e-04
15569,75.244998,37,9.118485e-04
15570,75.248455,36,9.994934e-04
15571,75.251911,37,9.126434e-04
15572,75.255368,37,9.116839e-04
15573,75.258824,37,9.121069e-04
15574,75.262280,37,9.121094e-04
15575,75.265737,37,9.137292e-04
15576,75.269193,37,9.181488e-04
15577,75.272649,37,9.228200e-04
15578,75.276106,37,9.278670e-04
15579,75.279562,37,9.333426e-04
15580,75.283018,37,9.391150e-04
15581,75.286474,37,9.451183e-04
15582,75.289931,37,9.499721e-04
15583,75.293387,37,9.536731e-04
15584,75.296843,37,9.558314e-04
15585,75.300299,37,9.567875e-04
15586,75.303755,37,9.560096e-04
15587,75.307211,37,9.535029e-04
15588,75.310668,37,9.512310e-04
15589,75.314124,37,9.473397e-04
15590,75.317580,37,9.419400e-04
15591,75.321036,37,9.360268e-04
15592,75.324492,37,9.305367e-04
15593,75.327948,37,9.235901e-04
15594,75.331404,37,9.160206e-04
15595,75.334859,37,9.056020e-04
15596,75.338315,37,8.982967e-04
15597,75.341771,37,8.929920e-04
15598,75.345227,37,8.884111e-04
15599,75.348683,37,8.865037e-04
15600,75.352139,37,8.843102e-04
15601,75.355595,37,8.887109e-04
15602,75.359050,37,8.883471e-04
15603,75.362506,37,8.891801e-04
15604,75.365962,37,8.908692e-04
15605,75.369417,37,8.933820e-04
15606,75.372873,37,8.963632e-04
15607,75.376329,37,8.997017e-04
15608,75.379784,37,9.035822e-04
15609,75.383240,37,9.080674e-04
15610,75.386695,37,9.118402e-04
15611,75.390151,37,9.151398e-04
15612,75.393607,37,9.180197e-04
15613,75.397062,37,9.187493e-04
15614,75.400517,37,9.202731e-04
15615,75.403973,37,9.226887e-04
15616,75.407428,37,9.251162e-04
15617,75.410884,37,9.275814e-04
15618,75.414339,37,9.299403e-04
15619,75.417794,37,9.300617e-04
15620,75.421250,37,9.319655e-04
15621,75.424705,37,9.344532e-04
15622,75.428160,37,9.365601e-04
15623,75.431615,37,9.386669e-04
15624,75.435071,37,9.404223e-04
15625,75.438526,37,9.419006e-04
15626,75.441981,37,9.434159e-04
15627,75.445436,37,9.426938e-04
15628,75.448891,37,9.404526e-04
15629,75.452346,37,9.391427e-04
15630,75.455801,37,9.357068e-04
15631,75.459256,37,9.312012e-04
15632,75.462711,37,9.273678e-04
15633,75.466166,37,9.298543e-04
15634,75.469621,37,9.320890e-04
15635,75.473076,37,9.392268e-04
15636,75.476531,37,9.495857e-04
15637,75.479986,37,9.600700e-04
15638,75.483440,37,9.708067e-04
15639,75.486895,37,9.795176e-04
15640,75.490350,37,9.849960e-04
15641,75.493804,37,9.868696e-04
15642,75.497259,37,9.852782e-04
15643,75.500714,37,9.828020e-04
15644,75.504168,37,9.793520e-04
15645,75.507623,37,9.751942e-04
15646,75.511077,37,9.704743e-04
15647,75.514532,37,9.648245e-04
15648,75.517986,37,9.579348e-04
15649,75.521441,37,9.513674e-04
15650,75.524895,37,9.457927e-04
15651,75.528350,37,9.390739e-04
15652,75.531804,37,9.346396e-04
15653,75.535258,37,9.309870e-04
15654,75.538713,37,9.283928e-04
15655,75.542167,37,9.267990e-04
15656,75.545621,37,9.245624e-04
15657,75.549075,37,9.233627e-04
15658,75.552529,37,9.216156e-04
15659,75.555983,37,9.169637e-04
15660,75.559437,37,9.131258e-04
15661,75.562892,37,9.109426e-04
15662,75.566346,37,9.087629e-04
15663,75.569799,37,9.067695e-04
15664,75.573253,37,9.050741e-04
15665,75.576707,37,9.035572e-04
15666,75.580161,37,9.032747e-04
15667,75.583615,37,9.038031e-04
15668,75.587069,37,9.050020e-04
15669,75.590523,37,9.068888e-04
15670,75.593976,37,9.096039e-04
15671,75.597430,37,9.132116e-04
15672,75.600884,37,9.173349e-04
15673,75.604338,37,9.219009e-04
15674,75.607791,37,9.265705e-04
15675,75.611245,37,9.313396e-04
15676,75.614698,37,9.357795e-04
15677,75.618152,37,9.410147e-04
15678,75.621606,37,9.461540e-04
15679,75.625059,37,9.508415e-04
15680,75.628513,37,9.547707e-04
15681,75.631966,37,9.577236e-04
15682,75.635419,37,9.596447e-04
15683,75.638873,37,9.598158e-04
15684,75.642326,37,9.642197e-04
15685,75.645780,37,9.621741e-04
15686,75.649233,37,9.584558e-04
15687,75.652686,37,9.533981e-04
15688,75.656140,37,9.471690e-04
15689,75.659593,37,9.398144e-04
15690,75.663046,37,9.296344e-04
15691,75.666499,37,9.152256e-04
15692,75.669953,37,9.048913e-04
15693,75.673406,37,8.941152e-04
15694,75.676859,37,8.837344e-04
15695,75.680312,37,8.727702e-04
15696,75.683765,36,9.982726e-04
15697,75.687219,36,9.885587e-04
15698,75.690672,36,9.782258e-04
15699,75.694125,36,9.680902e-04
15700,75.697578,36,9.583932e-04
15701,75.701031,36,9.505315e-04
15702,75.704484,36,9.449214e-04
15703,75.707937,36,9.413290e-04
15704,75.711390,36,9.400838e-04
15705,75.714843,36,9.412013e-04
15706,75.718296,36,9.446232e-04
15707,75.721749,36,9.499685e-04
15708,75.725202,36,9.579136e-04
15709,75.728655,36,9.681381e-04
15710,75.732108,36,9.793351e-04
15711,75.735561,36,9.925815e-04
15712,75.739014,37,8.576355e-04
15713,75.742467,37,8.699144e-04
15714,75.745920,37,8.825582e-04
15715,75.749373,37,8.938000e-04
15716,75.752826,37,9.066750e-04
15717,75.756279,37,9.185661e-04
15718,75.759732,37,9.281681e-04
15719,75.763184,37,9.361954e-04
15720,75.766637,37,9.425092e-04
15721,75.770090,37,9.424238e-04
15722,75.773543,37,9.444315e-04
15723,75.776996,37,9.445261e-04
15724,75.780448,37,9.425642e-04
15725,75.783901,37,9.346365e-04
15726,75.787354,37,9.291774e-04
15727,75.790807,37,9.225084e-04
15728,75.794259,37,9.149422e-04
15729,75.797712,37,9.068861e-04
15730,75.801165,37,8.996231e-04
15731,75.804617,37,8.943414e-04
15732,75.808070,37,8.888793e-04
15733,75.811523,37,8.863704e-04
15734,75.814975,37,8.835574e-04
15735,75.818428,37,8.828372e-04
15736,75.821881,37,8.863829e-04
15737,75.825333,37,8.905406e-04
15738,75.828786,37,8.970955e-04
15739,75.832238,37,9.060265e-04
15740,75.835691,37,9.173209e-04
15741,75.839143,37,9.309162e-04
15742,75.842596,37,9.466684e-04
15743,75.846048,37,9.652331e-04
15744,75.849500,37,9.884414e-04
15745,75.852953,38,8.677603e-04
15746,75.856405,38,8.850864e-04
15747,75.859858,38,9.049660e-04
15748,75.863310,38,9.263085e-04
15749,75.866762,38,9.459288e-04
15750,75.870214,38,9.616392e-04
15751,75.873667,38,9.765689e-04
15752,75.877119,38,9.900501e-04
15753,75.880571,39,8.787215e-04
15754,75.884023,39,8.842365e-04
15755,75.887475,39,8.888563e-04
15756,75.890928,39,8.926177e-04
15757,75.894380,39,8.956262e-04
15758,75.897832,39,8.974160e-04
15759,75.901284,39,8.981129e-04
15760,75.904736,39,8.972940e-04
15761,75.908188,39,8.948449e-04
15762,75.911640,38,9.982569e-04
15763,75.915092,38,9.936691e-04
15764,75.918544,38,9.868500e-04
15765,75.921995,38,9.784760e-04
15766,75.925447,38,9.687909e-04
15767,75.928899,38,9.576472e-04
15768,75.932351,38,9.452478e-04
15769,75.935803,38,9.330639e-04
15770,75.939254,38,9.204468e-04
15771,75.942706,38,9.082102e-04
15772,75.946158,38,8.962713e-04
15773,75.949609,37,9.944717e-04
15774,75.953061,37,9.864147e-04
15775,75.956512,37,9.788427e-04
15776,75.959964,37,9.716089e-04
15777,75.963416,37,9.633066e-04
15778,75.966867,37,9.543775e-04
15779,75.970318,37,9.442806e-04
15780,75.973770,37,9.369089e-04
15781,75.977221,37,9.305448e-04
15782,75.980672,37,9.250920e-04
15783,75.984124,37,9.205862e-04
15784,75.987575,37,9.164759e-04
15785,75.991026,37,9.142112e-04
15786,75.994477,37,9.131924e-04
15787,75.997929,37,9.131768e-04
15788,76.001380,37,9.156719e-04
15789,76.004831,37,9.185734e-04
15790,76.008282,37,9.202656e-04
15791,76.011733,37,9.224578e-04
15792,76.015184,37,9.253744e-04
15793,76.018635,37,9.289666e-04
15794,76.022085,37,9.331469e-04
15795,76.025536,37,9.380694e-04
15796,76.028987,37,9.435978e-04
15797,76.032438,37,9.498188e-04
15798,76.035888,37,9.556096e-04
15799,76.039339,37,9.613192e-04
15800,76.042790,37,9.669661e-04
15801,76.046240,37,9.729821e-04
15802,76.049691,37,9.795727e-04
15803,76.053141,37,9.834237e-04
15804,76.056592,37,9.884043e-04
15805,76.060042,37,9.926469e-04
15806,76.063492,37,9.956426e-04
15807,76.066943,37,9.972055e-04
15808,76.070393,37,9.964558e-04
15809,76.073843,37,9.954156e-04
15810,76.077293,37,9.875731e-04
15811,76.080743,37,9.824797e-04
15812,76.084193,37,9.767259e-04
15813,76.087643,37,9.711620e-04
15814,76.091093,37,9.637389e-04
15815,76.094543,37,9.563408e-04
15816,76.097993,37,9.496230e-04
15817,76.101442,37,9.432728e-04
15818,76.104892,37,9.389415e-04
15819,76.108342,37,9.360913e-04
15820,76.111791,37,9.349860e-04
15821,76.115241,37,9.356895e-04
15822,76.118690,37,9.386211e-04
15823,76.122140,37,9.427709e-04
15824,76.125589,37,9.477965e-04
15825,76.129038,37,9.531657e-04
15826,76.132488,37,9.603502e-04
15827,76.135937,37,9.684654e-04
15828,76.139386,37,9.769641e-04
15829,76.142835,37,9.854556e-04
15830,76.146284,37,9.934300e-04
15831,76.149733,38,8.468161e-04
15832,76.153182,38,8.521767e-04
15833,76.156631,38,8.573568e-04
15834,76.160080,38,8.614413e-04
15835,76.163528,38,8.637630e-04
15836,76.166977,38,8.647014e-04
15837,76.170426,38,8.636128e-04
15838,76.173874,38,8.615281e-04
15839,76.177323,38,8.578850e-04
15840,76.180771,38,8.527981e-04
15841,76.184220,37,9.944759e-04
15842,76.187668,37,9.845722e-04
15843,76.191116,37,9.733927e-04
15844,76.194564,37,9.591014e-04
15845,76.198013,37,9.484299e-04
15846,76.201461,37,9.367601e-04
15847,76.204909,37,9.261694e-04
15848,76.208357,37,9.185576e-04
15849,76.211805,37,9.119970e-04
15850,76.215253,37,9.086884e-04
15851,76.218700,37,9.093468e-04
15852,76.222148,37,9.133849e-04
15853,76.225596,37,9.205628e-04
15854,76.229043,37,9.306911e-04
15855,76.232491,37,9.486659e-04
15856,76.235939,37,9.653073e-04
15857,76.239386,37,9.839516e-04
15858,76.242834,38,8.559097e-04
15859,76.246281,38,8.752150e-04
15860,76.249728,38,9.199920e-04
15861,76.253175,38,9.494098e-04
15862,76.256623,38,9.759179e-04
15863,76.260070,39,8.628742e-04
15864,76.263517,39,8.832254e-04
15865,76.266964,39,9.002041e-04
15866,76.270411,39,9.135166e-04
15867,76.273858,39,9.228839e-04
15868,76.277305,39,9.267036e-04
15869,76.280751,39,9.230173e-04
15870,76.284198,39,9.113953e-04
15871,76.287645,39,8.941892e-04
15872,76.291091,39,8.732978e-04
15873,76.294538,38,9.970863e-04
15874,76.297984,38,9.732712e-04
15875,76.301431,38,9.478839e-04
15876,76.304877,38,9.216770e-04
15877,76.308323,38,8.911352e-04
15878,76.311770,38,8.603919e-04
15879,76.315216,37,9.951989e-04
15880,76.318662,37,9.682850e-04
15881,76.322108,37,9.434002e-04
15882,76.325554,37,9.209199e-04
15883,76.329000,37,9.037068e-04
15884,76.332446,37,8.912398e-04
15885,76.335891,37,8.836695e-04
15886,76.339337,37,8.804344e-04
15887,76.342783,37,8.811036e-04
15888,76.346228,37,8.889587e-04
15889,76.349674,37,8.964097e-04
15890,76.353119,37,9.045537e-04
15891,76.356565,37,9.141353e-04
15892,76.360010,37,9.230838e-04
15893,76.363456,37,9.321957e-04
15894,76.366901,37,9.410960e-04
15895,76.370346,37,9.509661e-04
15896,76.373791,37,9.613901e-04
15897,76.377236,37,9.714210e-04
15898,76.380681,37,9.810160e-04
15899,76.384126,37,9.923360e-04
15900,76.387571,38,8.409898e-04
15901,76.391016,38,8.449079e-04
15902,76.394460,38,8.476327e-04
15903,76.397905,38,8.505099e-04
15904,76.401349,38,8.514238e-04
15905,76.404794,38,8.502775e-04
15906,76.408238,38,8.468419e-04
15907,76.411683,38,8.420943e-04
15908,76.415127,37,9.961509e-04
15909,76.418571,37,9.818768e-04
15910,76.422015,37,9.704770e-04
15911,76.425459,37,9.555653e-04
15912,76.428903,37,9.449944e-04
15913,76.432347,37,9.352698e-04
15914,76.435791,37,9.270923e-04
15915,76.439235,37,9.208290e-04
15916,76.442679,37,9.170716e-04
15917,76.446122,37,9.159993e-04
15918,76.449566,37,9.176627e-04
15919,76.453009,37,9.232279e-04
15920,76.456453,37,9.314092e-04
15921,76.459896,37,9.436342e-04
15922,76.463340,37,9.556674e-04
15923,76.466783,37,9.689426e-04
15924,76.470226,37,9.834424e-04
15925,76.473669,37,9.937160e-04
15926,76.477112,38,8.562956e-04
15927,76.480555,38,8.703342e-04
15928,76.483998,38,8.825110e-04
15929,76.487440,38,8.915780e-04
15930,76.490883,38,8.993783e-04
15931,76.494325,38,9.050488e-04
15932,76.497768,38,9.084257e-04
15933,76.501210,38,9.098772e-04
15934,76.504653,38,9.103248e-04
15935,76.508095,38,9.089561e-04
15936,76.511537,38,9.058964e-04
15937,76.514979,38,9.011935e-04
15938,76.518421,38,8.956806e-04
15939,76.521863,38,8.887081e-04
15940,76.525305,38,8.800695e-04
15941,76.528747,38,8.660740e-04
15942,76.532188,38,8.537149e-04
15943,76.535630,37,9.963681e-04
15944,76.539071,37,9.831593e-04
15945,76.542513,37,9.711141e-04
15946,76.545954,37,9.599363e-04
15947,76.549395,37,9.475511e-04
15948,76.552836,37,9.410095e-04
15949,76.556277,37,9.385863e-04
15950,76.559718,37,9.389489e-04
15951,76.563159,37,9.443507e-04
15952,76.566600,37,9.500506e-04
15953,76.570041,37,9.577232e-04
15954,76.573482,37,9.672755e-04
15955,76.576922,37,9.782694e-04
15956,76.580363,37,9.899818e-04
15957,76.583803,38,8.601524e-04
15958,76.587244,38,8.702522e-04
15959,76.590684,38,8.798259e-04
15960,76.594124,38,8.873363e-04
15961,76.597564,38,8.959011e-04
15962,76.601004,38,9.039964e-04
15963,76.604444,38,9.106024e-04
15964,76.607884,38,9.164520e-04
15965,76.611324,38,9.210893e-04
15966,76.614764,38,9.254152e-04
15967,76.618204,38,9.272201e-04
15968,76.621643,38,9.275452e-04
15969,76.625083,38,9.260481e-04
15970,76.628523,38,9.225073e-04
15971,76.631962,38,9.182907e-04
15972,76.635401,38,9.122325e-04
15973,76.638841,38,9.014198e-04
15974,76.642280,38,8.916143e-04
15975,76.645719,38,8.778547e-04
15976,76.649158,38,8.665376e-04
15977,76.652598,38,8.560475e-04
15978,76.656037,37,9.879118e-04
15979,76.659476,37,9.772430e-04
15980,76.662915,37,9.679746e-04
15981,76.666354,37,9.609756e-04
15982,76.669792,37,9.563406e-04
15983,76.673231,37,9.542986e-04
15984,76.676670,37,9.544901e-04
15985,76.680109,37,9.564355e-04
15986,76.683547,37,9.610145e-04
15987,76.686986,37,9.664486e-04
15988,76.690424,37,9.726910e-04
15989,76.693863,37,9.769086e-04
15990,76.697301,37,9.836060e-04
15991,76.700740,37,9.923361e-04
15992,76.704178,38,8.599411e-04
15993,76.707616,38,8.646211e-04
15994,76.711054,38,8.690051e-04
15995,76.714493,38,8.731695e-04
15996,76.717931,38,8.760724e-04
15997,76.721369,38,8.784626e-04
15998,76.724807,38,8.795586e-04
15999,76.728245,38,8.790282e-04
16000,76.731683,38,8.774569e-04
16001,76.735121,38,8.752101e-04
16002,76.738558,38,8.709345e-04
16003,76.741996,38,8.656893e-04
16004,76.745434,38,8.524105e-04
16005,76.748872,37,9.896652e-04
16006,76.752309,37,9.818757e-04
16007,76.755747,37,9.745730e-04
16008,76.759184,37,9.667985e-04
16009,76.762622,37,9.607554e-04
16010,76.766059,37,9.577471e-04
16011,76.769497,37,9.576816e-04
16012,76.772934,37,9.582881e-04
16013,76.776371,37,9.610409e-04
16014,76.779809,37,9.660456e-04
16015,76.783246,37,9.724321e-04
16016,76.786683,37,9.823579e-04
16017,76.790120,37,9.950902e-04
16018,76.793557,38,8.575660e-04
16019,76.796994,38,8.703334e-04
16020,76.800431,38,8.867515e-04
16021,76.803868,38,9.077046e-04
16022,76.807305,38,9.288886e-04
16023,76.810741,38,9.497828e-04
16024,76.814178,38,9.739148e-04
16025,76.817615,38,9.965316e-04
16026,76.821051,39,8.703479e-04
16027,76.824488,39,8.842472e-04
16028,76.827925,39,8.957813e-04
16029,76.831361,39,9.044107e-04
16030,76.834797,39,9.080925e-04
16031,76.838234,39,9.069394e-04
16032,76.841670,39,9.015232e-04
16033,76.845106,39,8.901411e-04
16034,76.848543,39,8.760928e-04
16035,76.851979,39,8.604328e-04
16036,76.855415,38,9.829027e-04
16037,76.858851,38,9.600570e-04
16038,76.862287,38,9.351391e-04
16039,76.865723,38,9.110696e-04
16040,76.869159,38,8.881836e-04
16041,76.872595,38,8.667634e-04
16042,76.876031,37,9.959108e-04
16043,76.879466,37,9.784259e-04
16044,76.882902,37,9.637657e-04
16045,76.886338,37,9.523728e-04
16046,76.889773,37,9.450090e-04
16047,76.893209,37,9.418785e-04
16048,76.896645,37,9.427047e-04
16049,76.900080,37,9.475838e-04
16050,76.903515,37,9.566122e-04
16051,76.906951,37,9.690276e-04
16052,76.910386,37,9.846158e-04
16053,76.913821,38,8.481801e-04
16054,76.917256,38,8.651570e-04
16055,76.920691,38,8.864645e-04
16056,76.924127,38,9.106630e-04
16057,76.927562,38,9.379656e-04
16058,76.930997,38,9.606648e-04
16059,76.934431,38,9.813209e-04
16060,76.937866,38,9.997956e-04
16061,76.941301,39,8.822695e-04
16062,76.944736,39,8.918379e-04
16063,76.948170,39,8.975875e-04
16064,76.951605,39,8.976011e-04
16065,76.955039,39,8.934952e-04
16066,76.958474,39,8.877000e-04
16067,76.961908,39,8.784427e-04
16068,76.965343,38,9.889590e-04
16069,76.968777,38,9.821787e-04
16070,76.972211,38,9.735698e-04
16071,76.975645,38,9.653107e-04
16072,76.979079,38,9.581974e-04
16073,76.982514,38,9.522617e-04
16074,76.985947,38,9.526187e-04
16075,76.989381,38,9.528485e-04
16076,76.992815,38,9.549109e-04
16077,76.996249,38,9.587781e-04
16078,76.999683,38,9.652581e-04
16079,77.003116,38,9.731971e-04
16080,77.006550,38,9.820550e-04
16081,77.009984,38,9.922399e-04
16082,77.013417,39,8.862513e-04
16083,77.016851,39,8.898546e-04
16084,77.020284,39,8.938352e-04
16085,77.023717,39,8.976957e-04
16086,77.027151,39,9.010026e-04
16087,77.030584,39,9.028641e-04
16088,77.034017,39,9.030269e-04
16089,77.037450,39,9.009821e-04
16090,77.040883,39,8.963651e-04
16091,77.044316,39,8.890547e-04
16092,77.047749,39,8.788596e-04
16093,77.051182,39,8.659764e-04
16094,77.054615,38,9.888052e-04
16095,77.058047,38,9.709424e-04
16096,77.061480,38,9.555346e-04
16097,77.064913,38,9.403728e-04
16098,77.068345,38,9.259474e-04
16099,77.071778,38,9.125226e-04
16100,77.075211,38,9.026240e-04
16101,77.078643,38,8.957455e-04
16102,77.082076,38,8.904901e-04
16103,77.085508,38,8.873488e-04
16104,77.088940,38,8.862670e-04
16105,77.092373,38,8.867657e-04
16106,77.095805,38,8.886224e-04
16107,77.099237,38,8.919744e-04
16108,77.102669,38,8.960503e-04
16109,77.106101,38,9.005103e-04
16110,77.109533,38,9.051706e-04
16111,77.112966,38,9.096658e-04
16112,77.116398,38,9.134366e-04
16113,77.119830,38,9.172796e-04
16114,77.123261,38,9.197618e-04
16115,77.126693,38,9.237416e-04
16116,77.130125,38,9.267211e-04
16117,77.133557,38,9.281736e-04
16118,77.136989,38,9.266407e-04
16119,77.140421,38,9.279781e-04
16120,77.143852,38,9.279556e-04
16121,77.147284,38,9.265229e-04
16122,77.150716,38,9.232390e-04
16123,77.154147,38,9.186675e-04
16124,77.157579,38,9.137747e-04
16125,77.161010,38,9.078627e-04
16126,77.164442,38,9.016326e-04
16127,77.167873,38,8.954698e-04
16128,77.171305,38,8.898829e-04
16129,77.174736,38,8.859194e-04
16130,77.178168,38,8.821413e-04
16131,77.181599,38,8.817183e-04
16132,77.185030,38,8.820175e-04
16133,77.188462,38,8.844480e-04
16134,77.191893,38,8.892652e-04
16135,77.195324,38,8.967079e-04
16136,77.198755,38,9.079537e-04
16137,77.202187,38,9.200723e-04
16138,77.205618,38,9.348999e-04
16139,77.209049,38,9.502613e-04
16140,77.212480,38,9.653576e-04
16141,77.215911,38,9.821462e-04
16142,77.219342,38,9.976883e-04
16143,77.222773,39,8.765102e-04
16144,77.226204,39,8.819491e-04
16145,77.229635,39,8.852457e-04
16146,77.233066,39,8.850806e-04
16147,77.236497,39,8.831065e-04
16148,77.239927,39,8.786336e-04
16149,77.243358,39,8.707634e-04
16150,77.246789,38,9.900450e-04
16151,77.250220,38,9.762286e-04
16152,77.253650,38,9.601915e-04
16153,77.257081,38,9.421760e-04
16154,77.260512,38,9.238861e-04
16155,77.263942,38,9.063161e-04
16156,77.267373,38,8.911397e-04
16157,77.270804,38,8.788491e-04
16158,77.274234,38,8.698135e-04
16159,77.277665,38,8.646999e-04
16160,77.281095,38,8.639641e-04
16161,77.284525,38,8.678709e-04
16162,77.287956,38,8.750334e-04
16163,77.291386,38,8.861322e-04
16164,77.294817,38,8.975589e-04
16165,77.298247,38,9.101966e-04
16166,77.301677,38,9.232345e-04
16167,77.305108,38,9.358557e-04
16168,77.308538,38,9.473681e-04
16169,77.311968,38,9.577099e-04
16170,77.315398,38,9.648789e-04
16171,77.318828,38,9.691900e-04
16172,77.322258,38,9.704046e-04
16173,77.325688,38,9.682060e-04
16174,77.329118,38,9.625844e-04
16175,77.332548,38,9.564869e-04
16176,77.335978,38,9.481904e-04
16177,77.339408,38,9.387132e-04
16178,77.342838,38,9.328183e-04
16179,77.346268,38,9.266707e-04
16180,77.349698,38,9.215284e-04
16181,77.353128,38,9.190050e-04
16182,77.356558,38,9.163014e-04
16183,77.359987,38,9.154735e-04
16184,77.363417,38,9.155931e-04
16185,77.366847,38,9.151138e-04
16186,77.370276,38,9.114087e-04
16187,77.373706,38,9.072698e-04
16188,77.377135,38,9.040320e-04
16189,77.380565,38,9.002594e-04
16190,77.383994,38,8.959232e-04
16191,77.387424,38,8.929435e-04
16192,77.390853,38,8.910167e-04
16193,77.394283,38,9.024845e-04
16194,77.397712,38,9.163431e-04
16195,77.401141,38,9.292653e-04
16196,77.404570,38,9.441190e-04
16197,77.408000,38,9.595552e-04
16198,77.411429,38,9.746174e-04
16199,77.414858,38,9.889101e-04
16200,77.418287,39,8.558182e-04
16201,77.421716,39,8.614264e-04
16202,77.425145,39,8.710406e-04
16203,77.428574,39,8.808733e-04
16204,77.432003,39,8.892917e-04
16205,77.435432,39,8.983249e-04
16206,77.438861,39,9.066577e-04
16207,77.442290,39,9.139501e-04
16208,77.445719,39,9.199078e-04
16209,77.449147,39,9.240380e-04
16210,77.452576,39,9.256248e-04
16211,77.456005,39,9.236852e-04
16212,77.459433,39,9.183488e-04
16213,77.462862,39,9.083644e-04
16214,77.466291,39,8.936245e-04
16215,77.469719,39,8.741443e-04
16216,77.473148,38,9.937849e-04
16217,77.476576,38,9.659575e-04
16218,77.480005,38,9.358763e-04
16219,77.483433,38,9.061204e-04
16220,77.486861,38,8.759934e-04
16221,77.490290,38,8.481870e-04
16222,77.493718,37,9.783131e-04
16223,77.497146,37,9.627832e-04
16224,77.500575,37,9.521857e-04
16225,77.504003,37,9.484050e-04
16226,77.507431,37,9.482703e-04
16227,77.510859,37,9.511130e-04
16228,77.514287,37,9.564490e-04
16229,77.517716,37,9.637014e-04
16230,77.521144,37,9.724994e-04
16231,77.524572,37,9.707717e-04
16232,77.528000,37,9.796746e-04
16233,77.531428,37,9.937985e-04
16234,77.534856,38,8.617466e-04
16235,77.538284,38,8.678058e-04
16236,77.541712,38,8.743213e-04
16237,77.545140,38,8.812813e-04
16238,77.548568,38,8.875823e-04
16239,77.551996,38,8.938645e-04
16240,77.555424,38,9.009157e-04
16241,77.558851,38,9.070835e-04
16242,77.562279,38,9.115223e-04
16243,77.565707,38,9.147362e-04
16244,77.569135,38,9.166173e-04
16245,77.572563,38,9.159746e-04
16246,77.575991,38,9.137710e-04
16247,77.579418,38,9.094330e-04
16248,77.582846,38,9.049770e-04
16249,77.586274,38,8.989814e-04
16250,77.589702,38,8.921049e-04
16251,77.593130,38,8.798416e-04
16252,77.596557,38,8.719900e-04
16253,77.599985,38,8.642080e-04
16254,77.603413,38,8.567290e-04
16255,77.606840,38,8.514747e-04
16256,77.610268,38,8.471904e-04
16257,77.613696,37,9.977088e-04
16258,77.617124,37,9.984144e-04
16259,77.620551,38,8.487543e-04
16260,77.623979,38,8.518991e-04
16261,77.627407,38,8.573617e-04
16262,77.630834,38,8.640906e-04
16263,77.634262,38,8.721854e-04
16264,77.637690,38,8.827106e-04
16265,77.641117,38,8.913590e-04
16266,77.644545,38,9.031277e-04
16267,77.647973,38,9.176497e-04
16268,77.651400,38,9.316665e-04
16269,77.654828,38,9.461246e-04
16270,77.658255,38,9.601273e-04
16271,77.661683,38,9.731052e-04
16272,77.665111,38,9.837123e-04
16273,77.668538,38,9.907501e-04
16274,77.671966,38,9.943064e-04
16275,77.675394,38,9.953329e-04
16276,77.678821,38,9.943876e-04
16277,77.682249,38,9.922135e-04
16278,77.685677,38,9.871762e-04
16279,77.689104,38,9.804616e-04
16280,77.692532,38,9.709123e-04
16281,77.695960,38,9.564118e-04
16282,77.699387,38,9.460751e-04
16283,77.702815,38,9.377527e-04
16284,77.706243,38,9.285052e-04
16285,77.709670,38,9.189895e-04
16286,77.713098,38,9.101175e-04
16287,77.716526,38,9.034911e-04
16288,77.719954,38,8.993502e-04
16289,77.723381,38,8.980919e-04
16290,77.726809,38,9.002641e-04
16291,77.730237,38,9.044650e-04
16292,77.733664,38,9.127096e-04
16293,77.737092,38,9.245735e-04
16294,77.740520,38,9.391435e-04
16295,77.743948,38,9.555003e-04
16296,77.747375,38,9.729951e-04
16297,77.750803,38,9.917562e-04
16298,77.754231,39,8.853839e-04
16299,77.757659,39,8.979692e-04
16300,77.761087,39,9.126887e-04
16301,77.764514,39,9.262257e-04
16302,77.767942,39,9.371519e-04
16303,77.771370,39,9.451051e-04
16304,77.774798,39,9.499179e-04
16305,77.778226,39,9.500924e-04
16306,77.781654,39,9.453479e-04
16307,77.785082,39,9.364011e-04
16308,77.788510,39,9.237539e-04
16309,77.791938,39,9.080303e-04
16310,77.795366,39,8.898607e-04
16311,77.798794,38,9.813242e-04
16312,77.802222,38,9.587990e-04
16313,77.805650,38,9.340524e-04
16314,77.809078,38,9.078185e-04
16315,77.812506,38,8.812561e-04
16316,77.815934,37,9.829062e-04
16317,77.819362,37,9.576730e-04
16318,77.822790,37,9.319318e-04
16319,77.826218,37,9.094511e-04
16320,77.829646,37,8.905006e-04
16321,77.833074,37,8.741106e-04
16322,77.836502,37,8.616148e-04
16323,77.839930,37,8.519692e-04
16324,77.843359,36,9.965524e-04
16325,77.846787,36,9.948919e-04
16326,77.850215,36,9.965780e-04
16327,77.853643,37,8.634278e-04
16328,77.857072,37,8.969852e-04
16329,77.860500,37,9.048232e-04
16330,77.863928,37,9.140155e-04
16331,77.867356,37,9.229372e-04
16332,77.870785,37,9.330330e-04
16333,77.874213,37,9.410415e-04
16334,77.877641,37,9.514800e-04
16335,77.881070,37,9.609403e-04
16336,77.884498,37,9.697116e-04
16337,77.887927,37,9.786950e-04
16338,77.891355,37,9.874984e-04
16339,77.894784,37,9.957313e-04
16340,77.898212,38,8.521227e-04
16341,77.901640,38,8.566371e-04
16342,77.905069,38,8.621659e-04
16343,77.908497,38,8.674341e-04
16344,77.911926,38,8.726051e-04
16345,77.915355,38,8.770975e-04
16346,77.918783,38,8.811360e-04
16347,77.922212,38,8.849213e-04
16348,77.925640,38,8.884641e-04
16349,77.929069,38,8.916216e-04
16350,77.932498,38,8.943621e-04
16351,77.935926,38,8.965801e-04
16352,77.939355,38,8.983432e-04
16353,77.942784,38,8.991936e-04
16354,77.946212,38,8.991168e-04
16355,77.949641,38,8.970183e-04
16356,77.953070,38,8.954573e-04
16357,77.956499,38,8.934114e-04
16358,77.959927,38,8.904303e-04
16359,77.963356,38,8.862545e-04
16360,77.966785,38,8.810291e-04
16361,77.970214,38,8.748970e-04
16362,77.973643,37,9.974731e-04
16363,77.977072,37,9.900564e-04
16364,77.980501,37,9.808526e-04
16365,77.983930,37,9.680609e-04
16366,77.987359,37,9.567153e-04
16367,77.990788,37,9.446871e-04
16368,77.994217,37,9.332694e-04
16369,77.997646,37,9.212197e-04
16370,78.001075,37,9.099207e-04
16371,78.004504,37,8.994797e-04
16372,78.007933,37,8.911554e-04
16373,78.011362,37,8.828660e-04
16374,78.014791,36,9.997883e-04
16375,78.018220,36,9.961725e-04
16376,78.021649,36,9.928972e-04
16377,78.025079,36,9.904536e-04
16378,78.028508,36,9.887219e-04
16379,78.031937,36,9.877552e-04
16380,78.035366,36,9.869361e-04
16381,78.038796,36,9.878568e-04
16382,78.042225,36,9.902656e-04
16383,78.045654,36,9.921419e-04
16384,78.049084,36,9.962451e-04
16385,78.052513,37,8.656355e-04
16386,78.055943,37,8.685816e-04
16387,78.059372,37,8.801734e-04
16388,78.062802,37,8.954335e-04
16389,78.066231,37,9.065181e-04
16390,78.069660,37,9.185961e-04
16391,78.073090,37,9.308523e-04
16392,78.076520,37,9.406099e-04
16393,78.079949,37,9.508053e-04
16394,78.083379,37,9.583927e-04
16395,78.086808,37,9.671277e-04
16396,78.090238,37,9.740049e-04
16397,78.093668,37,9.827116e-04
16398,78.097097,37,9.878346e-04
16399,78.100527,37,9.921921e-04
16400,78.103957,37,9.953894e-04
16401,78.107386,37,9.972676e-04
16402,78.110816,37,9.976708e-04
16403,78.114246,37,9.966904e-04
16404,78.117676,37,9.948002e-04
16405,78.121105,37,9.924437e-04
16406,78.124535,37,9.894039e-04
16407,78.127965,37,9.862635e-04
16408,78.131395,37,9.828746e-04
16409,78.134825,37,9.799836e-04
16410,78.138254,37,9.765054e-04
16411,78.141684,37,9.726836e-04
16412,78.145114,37,9.687505e-04
16413,78.148544,37,9.644423e-04
16414,78.151974,37,9.603721e-04
16415,78.155404,37,9.560989e-04
16416,78.158834,37,9.517835e-04
16417,78.162264,37,9.475995e-04
16418,78.165694,37,9.436795e-04
16419,78.169124,37,9.404445e-04
16420,78.172554,37,9.375494e-04
16421,78.175984,37,9.349413e-04
16422,78.179414,37,9.322697e-04
16423,78.182844,37,9.319876e-04
16424,78.186274,37,9.293328e-04
16425,78.189704,37,9.280817e-04
16426,78.193134,37,9.252671e-04
16427,78.196564,37,9.218670e-04
16428,78.199994,37,9.193799e-04
16429,78.203424,37,9.175437e-04
16430,78.206854,37,9.155308e-04
16431,78.210284,37,9.130119e-04
16432,78.213714,37,9.099451e-04
16433,78.217144,37,9.062311e-04
16434,78.220574,37,9.018524e-04
16435,78.224005,37,8.969193e-04
16436,78.227435,37,9.133397e-04
16437,78.230865,37,9.123656e-04
16438,78.234295,37,9.117019e-04
16439,78.237725,37,9.124584e-04
16440,78.241155,37,9.148286e-04
16441,78.244586,37,9.193879e-04
16442,78.248016,37,9.258456e-04
16443,78.251446,37,9.329510e-04
16444,78.254876,37,9.391107e-04
16445,78.258307,37,9.450216e-04
16446,78.261737,37,9.503747e-04
16447,78.265167,37,9.553772e-04
16448,78.268597,37,9.600461e-04
16449,78.272028,37,9.650743e-04
16450,78.275458,37,9.717459e-04
16451,78.278888,37,9.769862e-04
16452,78.282319,37,9.857837e-04
16453,78.285749,37,9.932720e-04
16454,78.289180,38,8.799215e-04
16455,78.292610,38,8.822332e-04
16456,78.296041,38,8.862488e-04
16457,78.299471,38,8.909529e-04
16458,78.302902,38,8.961786e-04
16459,78.306332,38,9.018685e-04
16460,78.309763,38,9.090429e-04
16461,78.313193,38,9.141003e-04
16462,78.316624,38,9.166639e-04
16463,78.320054,38,9.175908e-04
16464,78.323485,38,9.177690e-04
16465,78.326916,38,9.163745e-04
16466,78.330346,38,9.133873e-04
16467,78.333777,38,9.069171e-04
16468,78.337208,38,9.014986e-04
16469,78.340639,38,8.962723e-04
16470,78.344070,38,8.910241e-04
16471,78.347500,38,8.862575e-04
16472,78.350931,38,8.819823e-04
16473,78.354362,38,8.775590e-04
16474,78.357793,38,8.733541e-04
16475,78.361224,38,8.694637e-04
16476,78.364655,37,9.971287e-04
16477,78.368086,37,9.975470e-04
16478,78.371518,37,9.975794e-04
16479,78.374949,37,9.972355e-04
16480,78.378380,37,9.967145e-04
16481,78.381811,37,9.963661e-04
16482,78.385243,37,9.964838e-04
16483,78.388674,37,9.974578e-04
16484,78.392105,37,9.989876e-04
16485,78.395537,38,8.646107e-04
16486,78.398968,37,9.983834e-04
16487,78.402400,38,8.634402e-04
16488,78.405831,37,9.987296e-04
16489,78.409263,38,8.628003e-04
16490,78.412695,37,9.976620e-04
16491,78.416126,37,9.971564e-04
16492,78.419558,37,9.946732e-04
16493,78.422990,37,9.911866e-04
16494,78.426422,37,9.858745e-04
16495,78.429854,37,9.791112e-04
16496,78.433286,37,9.710953e-04
16497,78.436718,37,9.628639e-04
16498,78.440150,37,9.528703e-04
16499,78.443582,37,9.424410e-04
16500,78.447014,37,9.313408e-04
16501,78.450447,37,9.200875e-04
16502,78.453879,37,9.087449e-04
16503,78.457311,37,8.930235e-04
16504,78.460744,37,8.833873e-04
16505,78.464176,37,8.737842e-04
16506,78.467609,37,8.650139e-04
16507,78.471042,36,9.978089e-04
16508,78.474474,36,9.920111e-04
16509,78.477907,36,9.897249e-04
16510,78.481340,36,9.884877e-04
16511,78.484773,36,9.875280e-04
16512,78.488206,36,9.874205e-04
16513,78.491639,36,9.887994e-04
16514,78.495072,36,9.904706e-04
16515,78.498505,36,9.932209e-04
16516,78.501938,36,9.986052e-04
16517,78.505371,37,8.567410e-04
16518,78.508805,37,8.628700e-04
16519,78.512238,37,8.682166e-04
16520,78.515671,37,8.750362e-04
16521,78.519105,37,8.812941e-04
16522,78.522539,37,8.872679e-04
16523,78.525972,37,8.950933e-04
16524,78.529406,37,9.024072e-04
16525,78.532840,37,9.089324e-04
16526,78.536273,37,9.144755e-04
16527,78.539707,37,9.191888e-04
16528,78.543141,37,9.220882e-04
16529,78.546575,37,9.245859e-04
16530,78.550009,37,9.258821e-04
16531,78.553443,37,9.263405e-04
16532,78.556877,37,9.267658e-04
16533,78.560312,37,9.295672e-04
16534,78.563746,37,9.267355e-04
16535,78.567180,37,9.249063e-04
16536,78.570615,37,9.252099e-04
16537,78.574049,37,9.269172e-04
16538,78.577483,37,9.269099e-04
16539,78.580918,37,9.273800e-04
16540,78.584353,37,9.285839e-04
16541,78.587787,37,9.313902e-04
16542,78.591222,37,9.350513e-04
16543,78.594657,37,9.399011e-04
16544,78.598092,37,9.458894e-04
16545,78.601527,37,9.528350e-04
16546,78.604962,37,9.608833e-04
16547,78.608397,37,9.705645e-04
16548,78.611832,37,9.809594e-04
16549,78.615267,37,9.914784e-04
16550,78.618702,38,8.681121e-04
16551,78.622137,38,8.770397e-04
16552,78.625572,38,8.847594e-04
16553,78.629008,38,8.920306e-04
16554,78.632443,38,8.978053e-04
16555,78.635879,38,9.025801e-04
16556,78.639314,38,9.072641e-04
16557,78.642750,38,9.101642e-04
16558,78.646185,38,9.111904e-04
16559,78.649621,38,9.102028e-04
16560,78.653057,38,9.077941e-04
16561,78.656492,38,9.023425e-04
16562,78.659928,38,8.943732e-04
16563,78.663364,38,8.844589e-04
16564,78.666800,38,8.710172e-04
16565,78.670236,37,9.941594e-04
16566,78.673672,37,9.807039e-04
16567,78.677108,37,9.673196e-04
16568,78.680544,37,9.544816e-04
16569,78.683980,37,9.364813e-04
16570,78.687416,37,9.228324e-04
16571,78.690852,37,9.100983e-04
16572,78.694289,37,8.987804e-04
16573,78.697725,37,8.899703e-04
16574,78.701161,37,8.831795e-04
16575,78.704598,37,8.791146e-04
16576,78.708034,37,8.764860e-04
16577,78.711471,37,8.754198e-04
16578,78.714907,37,8.759874e-04
16579,78.718344,37,8.780481e-04
16580,78.721780,37,8.812225e-04
16581,78.725217,37,8.853591e-04
16582,78.728654,37,8.903184e-04
16583,78.732090,37,8.973055e-04
16584,78.735527,37,9.054704e-04
16585,78.738964,37,9.140904e-04
16586,78.742401,37,9.226528e-04
16587,78.745838,37,9.310674e-04
16588,78.749275,37,9.369147e-04
16589,78.752712,37,9.448105e-04
16590,78.756149,37,9.509612e-04
16591,78.759586,37,9.553416e-04
16592,78.763023,37,9.585683e-04
16593,78.766460,37,9.614354e-04
16594,78.769897,37,9.592905e-04
16595,78.773334,37,9.549757e-04
16596,78.776772,37,9.490742e-04
16597,78.780209,37,9.423153e-04
16598,78.783646,37,9.351243e-04
16599,78.787083,37,9.277892e-04
16600,78.790521,37,9.237231e-04
16601,78.793958,37,9.224615e-04
16602,78.797396,37,9.157254e-04
16603,78.800833,37,9.111602e-04
16604,78.804271,37,9.052247e-04
16605,78.807708,37,8.990581e-04
16606,78.811146,37,8.936420e-04
16607,78.814584,37,8.918118e-04
16608,78.818021,37,8.920121e-04
16609,78.821459,37,8.935027e-04
16610,78.824897,37,8.959691e-04
16611,78.828335,37,8.994088e-04
16612,78.831773,37,9.045381e-04
16613,78.835211,37,9.091667e-04
16614,78.838648,37,9.149352e-04
16615,78.842086,37,9.215142e-04
16616,78.845524,37,9.287044e-04
16617,78.848963,37,9.385610e-04
16618,78.852401,37,9.536749e-04
16619,78.855839,37,9.643702e-04
16620,78.859277,37,9.755391e-04
16621,78.862715,37,9.830202e-04
16622,78.866153,37,9.944056e-04
16623,78.869592,38,8.586851e-04
16624,78.873030,38,8.655621e-04
16625,78.876468,38,8.711282e-04
16626,78.879907,38,8.774491e-04
16627,78.883345,38,8.803164e-04
16628,78.886784,38,8.823999e-04
16629,78.890222,38,8.820487e-04
16630,78.893661,38,8.801705e-04
16631,78.897100,38,8.767336e-04
16632,78.900538,38,8.720981e-04
16633,78.903977,38,8.698538e-04
16634,78.907416,38,8.666813e-04
16635,78.910854,38,8.595801e-04
16636,78.914293,37,9.946686e-04
16637,78.917732,37,9.862553e-04
16638,78.921171,37,9.776752e-04
16639,78.924610,37,9.680420e-04
16640,78.928049,37,9.582208e-04
16641,78.931488,37,9.489500e-04
16642,78.934927,37,9.381610e-04
16643,78.938366,37,9.266760e-04
16644,78.941805,37,9.174795e-04
16645,78.945244,37,9.094189e-04
16646,78.948684,37,9.031673e-04
16647,78.952123,37,9.033344e-04
16648,78.955562,37,8.995900e-04
16649,78.959001,37,8.979066e-04
16650,78.962441,37,8.982309e-04
16651,78.965880,37,9.003531e-04
16652,78.969320,37,9.032520e-04
16653,78.972759,37,9.085432e-04
16654,78.976199,37,9.164633e-04
16655,78.979638,37,9.214090e-04
16656,78.983078,37,9.297629e-04
16657,78.986517,37,9.422764e-04
16658,78.989957,37,9.535304e-04
16659,78.993397,37,9.634370e-04
16660,78.996836,37,9.729348e-04
16661,79.000276,37,9.819025e-04
16662,79.003716,37,9.899419e-04
16663,79.007156,37,9.967112e-04
16664,79.010596,38,8.430426e-04
16665,79.014036,38,8.469172e-04
16666,79.017476,38,8.498664e-04
16667,79.020916,38,8.527511e-04
16668,79.024356,38,8.526443e-04
16669,79.027796,38,8.514225e-04
16670,79.031236,38,8.496835e-04
16671,79.034676,38,8.471492e-04
16672,79.038116,38,8.438401e-04
16673,79.041556,38,8.399783e-04
16674,79.044996,37,9.950936e-04
16675,79.048436,37,9.896552e-04
16676,79.051877,37,9.833425e-04
16677,79.055317,37,9.760647e-04
16678,79.058757,37,9.692407e-04
16679,79.062197,37,9.615321e-04
16680,79.065638,37,9.562860e-04
16681,79.069078,37,9.515530e-04
16682,79.072519,37,9.478123e-04
16683,79.075959,37,9.456644e-04
16684,79.079399,37,9.450177e-04
16685,79.082840,37,9.451723e-04
16686,79.086280,37,9.465248e-04
16687,79.089721,37,9.486114e-04
16688,79.093161,37,9.519335e-04
16689,79.096602,37,9.558275e-04
16690,79.100043,37,9.602182e-04
16691,79.103483,37,9.621642e-04
16692,79.106924,37,9.679605e-04
16693,79.110364,37,9.711492e-04
16694,79.113805,37,9.770796e-04
16695,79.117246,37,9.814105e-04
16696,79.120686,37,9.854809e-04
16697,79.124127,37,9.886373e-04
16698,79.127568,37,9.909040e-04
16699,79.131009,37,9.925321e-04
16700,79.134449,37,9.930734e-04
16701,79.137890,37,9.934336e-04
16702,79.141331,37,9.941894e-04
16703,79.144772,37,9.930038e-04
16704,79.148212,37,9.925332e-04
16705,79.151653,37,9.905681e-04
16706,79.155094,37,9.874430e-04
16707,79.158535,37,9.847129e-04
16708,79.161976,37,9.834727e-04
16709,79.165417,37,9.800910e-04
16710,79.168857,37,9.769347e-04
16711,79.172298,37,9.740674e-04
16712,79.175739,37,9.712158e-04
16713,79.179180,37,9.686039e-04
16714,79.182621,37,9.669695e-04
16715,79.186062,37,9.626861e-04
16716,79.189503,37,9.612479e-04
16717,79.192944,37,9.606133e-04
16718,79.196384,37,9.601223e-04
16719,79.199825,37,9.616283e-04
16720,79.203266,37,9.642692e-04
16721,79.206707,37,9.679013e-04
16722,79.210148,37,9.716280e-04
16723,79.213589,37,9.763057e-04
16724,79.217030,37,9.812279e-04
16725,79.220471,37,9.875727e-04
16726,79.223912,37,9.951128e-04
16727,79.227353,38,8.530383e-04
16728,79.230794,38,8.566642e-04
16729,79.234234,38,8.598458e-04
16730,79.237675,38,8.662706e-04
16731,79.241116,38,8.725909e-04
16732,79.244557,38,8.785531e-04
16733,79.247998,38,8.836146e-04
16734,79.251439,38,8.871975e-04
16735,79.254880,38,8.897805e-04
16736,79.258321,38,8.913895e-04
16737,79.261762,38,8.909741e-04
16738,79.265202,38,8.897792e-04
16739,79.268643,38,8.886558e-04
16740,79.272084,38,8.837653e-04
16741,79.275525,38,8.777258e-04
16742,79.278966,38,8.712133e-04
16743,79.282407,38,8.643316e-04
16744,79.285848,38,8.558560e-04
16745,79.289289,37,9.997096e-04
16746,79.292729,37,9.918584e-04
16747,79.296170,37,9.837304e-04
16748,79.299611,37,9.747171e-04
16749,79.303052,37,9.678106e-04
16750,79.306493,37,9.614121e-04
16751,79.309933,37,9.553803e-04
16752,79.313374,37,9.498387e-04
16753,79.316815,37,9.493742e-04
16754,79.320256,37,9.487252e-04
16755,79.323697,37,9.468240e-04
16756,79.327137,37,9.456922e-04
16757,79.330578,37,9.456768e-04
16758,79.334019,37,9.465567e-04
16759,79.337460,37,9.484607e-04
16760,79.340900,37,9.512662e-04
16761,79.344341,37,9.548308e-04
16762,79.347782,37,9.590673e-04
16763,79.351222,37,9.641662e-04
16764,79.354663,37,9.700152e-04
16765,79.358104,37,9.758462e-04
16766,79.361544,37,9.816437e-04
16767,79.364985,37,9.864016e-04
16768,79.368425,37,9.926498e-04
16769,79.371866,38,8.625771e-04
16770,79.375307,38,8.651680e-04
16771,79.378747,38,8.666774e-04
16772,79.382188,38,8.673834e-04
16773,79.385628,38,8.669861e-04
16774,79.389069,37,9.997393e-04
16775,79.392509,37,9.968639e-04
16776,79.395950,37,9.915340e-04
16777,79.399390,37,9.840326e-04
16778,79.402831,37,9.764365e-04
16779,79.406271,37,9.699583e-04
16780,79.409711,37,9.581642e-04
16781,79.413152,37,9.464195e-04
16782,79.416592,37,9.364519e-04
16783,79.420033,37,9.245799e-04
16784,79.423473,37,9.123574e-04
16785,79.426913,37,9.008628e-04
16786,79.430354,37,8.914635e-04
16787,79.433794,37,8.842830e-04
16788,79.437234,37,8.780393e-04
16789,79.440674,37,8.738386e-04
16790,79.444115,37,8.724816e-04
16791,79.447555,37,8.739362e-04
16792,79.450995,37,8.796073e-04
16793,79.454435,37,8.874847e-04
16794,79.457875,37,8.947514e-04
16795,79.461315,37,9.047177e-04
16796,79.464756,37,9.158023e-04
16797,79.468196,37,9.304031e-04
16798,79.471636,37,9.564909e-04
16799,79.475076,37,9.737547e-04
16800,79.478516,37,9.907136e-04
16801,79.481956,38,8.581712e-04
16802,79.485396,38,8.712639e-04
16803,79.488836,38,8.841843e-04
16804,79.492276,38,8.970979e-04
16805,79.495716,38,9.097859e-04
16806,79.499156,38,9.222577e-04
16807,79.502596,38,9.341355e-04
16808,79.506036,38,9.447323e-04
16809,79.509476,38,9.534789e-04
16810,79.512916,38,9.601849e-04
16811,79.516355,38,9.639819e-04
16812,79.519795,38,9.649491e-04
16813,79.523235,38,9.635205e-04
16814,79.526675,38,9.597294e-04
16815,79.530115,38,9.545048e-04
16816,79.533555,38,9.483645e-04
16817,79.536994,38,9.415720e-04
16818,79.540434,38,9.344709e-04
16819,79.543874,38,9.270050e-04
16820,79.547314,38,9.198812e-04
16821,79.550753,38,9.130772e-04
16822,79.554193,38,9.068709e-04
16823,79.557633,38,9.009520e-04
16824,79.561072,38,8.953339e-04
16825,79.564512,38,8.902135e-04
16826,79.567952,38,8.853887e-04
16827,79.571391,38,8.809227e-04
16828,79.574831,38,8.774187e-04
16829,79.578271,37,9.935810e-04
16830,79.581710,37,9.898953e-04
16831,79.585150,37,9.858027e-04
16832,79.588590,37,9.816205e-04
16833,79.592029,37,9.762942e-04
16834,79.595469,37,9.704401e-04
16835,79.598908,37,9.641954e-04
16836,79.602348,37,9.563714e-04
16837,79.605787,37,9.471662e-04
16838,79.609227,37,9.372361e-04
16839,79.612666,37,9.273742e-04
16840,79.616106,37,9.161560e-04
16841,79.619545,37,9.049320e-04
16842,79.622985,37,8.938285e-04
16843,79.626424,37,8.831628e-04
16844,79.629864,36,9.923479e-04
16845,79.633303,36,9.845803e-04
16846,79.636742,36,9.769084e-04
16847,79.640182,36,9.690072e-04
16848,79.643621,36,9.611774e-04
16849,79.647061,36,9.539129e-04
16850,79.650500,36,9.475480e-04
16851,79.653939,36,9.417115e-04
16852,79.657378,36,9.374405e-04
16853,79.660818,36,9.360317e-04
16854,79.664257,36,9.399363e-04
16855,79.667696,36,9.408225e-04
16856,79.671135,36,9.427792e-04
16857,79.674575,36,9.472073e-04
16858,79.678014,36,9.531884e-04
16859,79.681453,36,9.622136e-04
16860,79.684892,36,9.681545e-04
16861,79.688331,36,9.750284e-04
16862,79.691770,36,9.828730e-04
16863,79.695209,36,9.926336e-04
16864,79.698648,37,8.528601e-04
16865,79.702087,37,8.577857e-04
16866,79.705526,37,8.639722e-04
16867,79.708965,37,8.705616e-04
16868,79.712404,37,8.776248e-04
16869,79.715843,37,8.874020e-04
16870,79.719282,37,8.969643e-04
16871,79.722721,37,9.066878e-04
16872,79.726159,37,9.158987e-04
16873,79.729598,37,9.252102e-04
16874,79.733037,37,9.340810e-04
16875,79.736476,37,9.427815e-04
16876,79.739914,37,9.540454e-04
16877,79.743353,37,9.660150e-04
16878,79.746792,37,9.738473e-04
16879,79.750230,37,9.811036e-04
16880,79.753669,37,9.876936e-04
16881,79.757107,37,9.933830e-04
16882,79.760546,37,9.985466e-04
16883,79.763984,38,8.543917e-04
16884,79.767422,38,8.548667e-04
16885,79.770861,38,8.548461e-04
16886,79.774299,38,8.538554e-04
16887,79.777737,37,9.985855e-04
16888,79.781176,37,9.958233e-04
16889,79.784614,37,9.912473e-04
16890,79.788052,37,9.851805e-04
16891,79.791490,37,9.780218e-04
16892,79.794928,37,9.693891e-04
16893,79.798366,37,9.591896e-04
16894,79.801804,37,9.479213e-04
16895,79.805242,37,9.357677e-04
16896,79.808680,37,9.230371e-04
16897,79.812118,37,9.099255e-04
16898,79.815555,37,8.966886e-04
16899,79.818993,37,8.834901e-04
16900,79.822431,37,8.709361e-04
16901,79.825868,37,8.593124e-04
16902,79.829306,37,8.483614e-04
16903,79.832743,36,9.927992e-04
16904,79.836181,36,9.824743e-04
16905,79.839618,36,9.724688e-04
16906,79.843055,36,9.633237e-04
16907,79.846493,36,9.555912e-04
16908,79.849930,36,9.483811e-04
16909,79.853367,36,9.429512e-04
16910,79.856804,36,9.400393e-04
16911,79.860241,36,9.379017e-04
16912,79.863678,36,9.373946e-04
16913,79.867115,36,9.374603e-04
16914,79.870552,36,9.379834e-04
16915,79.873989,36,9.396370e-04
16916,79.877425,36,9.426588e-04
16917,79.880862,36,9.472139e-04
16918,79.884299,36,9.528873e-04
16919,79.887735,36,9.595512e-04
16920,79.891172,36,9.675383e-04
16921,79.894608,36,9.769442e-04
16922,79.898044,36,9.874291e-04
16923,79.901481,36,9.986238e-04
16924,79.904917,37,8.614614e-04
16925,79.908353,37,8.703755e-04
16926,79.911789,37,8.826708e-04
16927,79.915225,37,8.940604e-04
16928,79.918661,37,9.039996e-04
16929,79.922097,37,9.125807e-04
16930,79.925532,37,9.198194e-04
16931,79.928968,37,9.263208e-04
16932,79.932404,37,9.294621e-04
16933,79.935839,37,9.325383e-04
16934,79.939275,37,9.342170e-04
16935,79.942710,37,9.345666e-04
16936,79.946145,37,9.335622e-04
16937,79.949580,37,9.310901e-04
16938,79.953016,37,9.290753e-04
16939,79.956451,37,9.266017e-04
16940,79.959886,37,9.234080e-04
16941,79.963321,37,9.201580e-04
16942,79.966755,37,9.178359e-04
16943,79.970190,37,9.167090e-04
16944,79.973625,37,9.170273e-04
16945,79.977059,37,9.187872e-04
16946,79.980494,37,9.213523e-04
16947,79.983928,37,9.249730e-04
16948,79.987363,37,9.304863e-04
16949,79.990797,37,9.356404e-04
16950,79.994231,37,9.413864e-04
16951,79.997665,37,9.475374e-04
16952,80.001099,37,9.552366e-04
16953,80.004533,37,9.625695e-04
16954,80.007967,37,9.695097e-04
16955,80.011401,37,9.769038e-04
16956,80.014835,37,9.831700e-04
16957,80.018268,37,9.895728e-04
16958,80.021702,37,9.967100e-04
16959,80.025135,38,8.831144e-04
16960,80.028569,38,8.859183e-04
16961,80.032002,38,8.889852e-04
16962,80.035435,38,8.927537e-04
16963,80.038868,38,8.971072e-04
16964,80.042301,38,9.023977e-04
16965,80.045734,38,9.078953e-04
16966,80.049167,38,9.136666e-04
16967,80.052600,38,9.194701e-04
16968,80.056032,38,9.260419e-04
16969,80.059465,38,9.315852e-04
16970,80.062897,38,9.363037e-04
16971,80.066330,38,9.397651e-04
16972,80.069762,38,9.420327e-04
16973,80.073194,38,9.430295e-04
16974,80.076626,38,9.428598e-04
16975,80.080058,38,9.421793e-04
16976,80.083490,38,9.404343e-04
16977,80.086922,38,9.379925e-04
16978,80.090354,38,9.347946e-04
16979,80.093785,38,9.307315e-04
16980,80.097217,38,9.257017e-04
16981,80.100648,38,9.196890e-04
16982,80.104079,38,9.126564e-04
16983,80.107510,38,9.047856e-04
16984,80.110942,38,8.956935e-04
16985,80.114373,37,9.969849e-04
16986,80.117803,37,9.907894e-04
16987,80.121234,37,9.831828e-04
16988,80.124665,37,9.736107e-04
16989,80.128096,37,9.620308e-04
16990,80.131526,37,9.489819e-04
16991,80.134956,37,9.356580e-04
16992,80.138387,37,9.213112e-04
16993,80.141817,37,9.069484e-04
16994,80.145247,37,8.931095e-04
16995,80.148677,37,8.798252e-04
16996,80.152107,37,8.680209e-04
16997,80.155536,36,9.965474e-04
16998,80.158966,36,9.896705e-04
16999,80.162396,36,9.838919e-04
17000,80.165825,36,9.786952e-04
17001,80.169254,36,9.753998e-04
17002,80.172683,36,9.744864e-04
17003,80.176113,36,9.727717e-04
17004,80.179542,36,9.722300e-04
17005,80.182970,36,9.726993e-04
17006,80.186399,36,9.747545e-04
17007,80.189828,36,9.799295e-04
17008,80.193256,36,9.898631e-04
17009,80.196685,36,9.952586e-04
17010,80.200113,37,8.453241e-04
17011,80.203541,37,8.499368e-04
17012,80.206969,37,8.546567e-04
17013,80.210397,37,8.615387e-04
17014,80.213825,37,8.660280e-04
17015,80.217253,37,8.718730e-04
17016,80.220681,37,8.777699e-04
17017,80.224108,37,8.843693e-04
17018,80.227536,37,8.893089e-04
17019,80.230963,37,8.931782e-04
17020,80.234390,37,8.967887e-04
17021,80.237818,37,9.006794e-04
17022,80.241245,37,9.037884e-04
17023,80.244672,37,9.066322e-04
17024,80.248098,37,9.088054e-04
17025,80.251525,37,9.098152e-04
17026,80.254952,37,9.110180e-04
17027,80.258378,37,9.104953e-04
17028,80.261805,37,9.092617e-04
17029,80.265231,37,9.076581e-04
17030,80.268657,37,9.058004e-04
17031,80.272084,37,9.039003e-04
17032,80.275510,37,9.019744e-04
17033,80.278936,37,8.993057e-04
17034,80.282361,37,8.972426e-04
17035,80.285787,37,8.947723e-04
17036,80.289213,37,8.929425e-04
17037,80.292638,37,8.921616e-04
17038,80.296064,37,8.916924e-04
17039,80.299489,37,8.908259e-04
17040,80.302915,37,8.899189e-04
17041,80.306340,37,8.891725e-04
17042,80.309765,37,8.887787e-04
17043,80.313190,37,8.890233e-04
17044,80.316615,37,8.904579e-04
17045,80.320040,37,8.915357e-04
17046,80.323465,37,8.931952e-04
17047,80.326890,37,8.964166e-04
17048,80.330314,37,8.998298e-04
17049,80.333739,37,9.037428e-04
17050,80.337163,37,9.083636e-04
17051,80.340588,37,9.143315e-04
17052,80.344012,37,9.214757e-04
17053,80.347437,37,9.302551e-04
17054,80.350861,37,9.398184e-04
17055,80.354285,37,9.527780e-04
17056,80.357709,37,9.639712e-04
17057,80.361133,37,9.746480e-04
17058,80.364557,37,9.855543e-04
17059,80.367981,37,9.967034e-04
17060,80.371405,38,8.812705e-04
17061,80.374829,38,8.880256e-04
17062,80.378252,38,8.957407e-04
17063,80.381676,38,9.034895e-04
17064,80.385100,38,9.112715e-04
17065,80.388523,38,9.182426e-04
17066,80.391947,38,9.239909e-04
17067,80.395370,38,9.277787e-04
17068,80.398794,38,9.303873e-04
17069,80.402217,38,9.307037e-04
17070,80.405640,38,9.295515e-04
17071,80.409064,38,9.274488e-04
17072,80.412487,38,9.240523e-04
17073,80.415910,38,9.209595e-04
17074,80.419333,38,9.163806e-04
17075,80.422756,38,9.103465e-04
17076,80.426179,38,9.027462e-04
17077,80.429602,38,8.937632e-04
17078,80.433025,38,8.837218e-04
17079,80.436448,38,8.722149e-04
17080,80.439871,37,9.957820e-04
17081,80.443294,37,9.833289e-04
17082,80.446717,37,9.692182e-04
17083,80.450140,37,9.535805e-04
17084,80.453563,37,9.369680e-04
17085,80.456985,37,9.198096e-04
17086,80.460408,37,9.033569e-04
17087,80.463831,37,8.875846e-04
17088,80.467253,37,8.715622e-04
17089,80.470676,37,8.570916e-04
17090,80.474099,36,9.963345e-04
17091,80.477521,36,9.847295e-04
17092,80.480944,36,9.730700e-04
17093,80.484367,36,9.618830e-04
17094,80.487789,36,9.516474e-04
17095,80.491212,36,9.431544e-04
17096,80.494634,36,9.356846e-04
17097,80.498057,36,9.291099e-04
17098,80.501479,36,9.252924e-04
17099,80.504902,36,9.219722e-04
17100,80.508324,36,9.208174e-04
17101,80.511747,36,9.189273e-04
17102,80.515169,36,9.180600e-04
17103,80.518592,36,9.174835e-04
17104,80.522014,36,9.185898e-04
17105,80.525437,36,9.209773e-04
17106,80.528859,36,9.235228e-04
17107,80.532282,36,9.337964e-04
17108,80.535704,36,9.398623e-04
17109,80.539127,36,9.449457e-04
17110,80.542549,36,9.506608e-04
17111,80.545971,36,9.551012e-04
17112,80.549394,36,9.661543e-04
17113,80.552816,36,9.739473e-04
17114,80.556239,36,9.819094e-04
17115,80.559661,36,9.912994e-04
17116,80.563084,36,9.987868e-04
17117,80.566506,37,8.660585e-04
17118,80.569929,37,8.710364e-04
17119,80.573351,37,8.757493e-04
17120,80.576774,37,8.798521e-04
17121,80.580196,37,8.842389e-04
17122,80.583619,37,8.891248e-04
17123,80.587041,37,8.943871e-04
17124,80.590464,37,8.998424e-04
17125,80.593886,37,9.075037e-04
17126,80.597309,37,9.146197e-04
17127,80.600731,37,9.202369e-04
17128,80.604154,37,9.268345e-04
17129,80.607576,37,9.320025e-04
17130,80.610999,37,9.358434e-04
17131,80.614422,37,9.399452e-04
17132,80.617844,37,9.431155e-04
17133,80.621267,37,9.451700e-04
17134,80.624690,37,9.464652e-04
17135,80.628112,37,9.470952e-04
17136,80.631535,37,9.475117e-04
17137,80.634958,37,9.477526e-04
17138,80.638381,37,9.479030e-04
17139,80.641803,37,9.479583e-04
17140,80.645226,37,9.486374e-04
17141,80.648649,37,9.487563e-04
17142,80.652072,37,9.482338e-04
17143,80.655495,37,9.475118e-04
17144,80.658918,37,9.459481e-04
17145,80.662341,37,9.462366e-04
17146,80.665764,37,9.447615e-04
17147,80.669187,37,9.420151e-04
17148,80.672610,37,9.386685e-04
17149,80.676033,37,9.346857e-04
17150,80.679457,37,9.295292e-04
17151,80.682880,37,9.235676e-04
17152,80.686303,37,9.175040e-04
17153,80.689727,37,9.098495e-04
17154,80.693150,37,9.020085e-04
17155,80.696573,37,8.939587e-04
17156,80.699997,37,8.857098e-04
17157,80.703420,37,8.779922e-04
17158,80.706844,37,8.698874e-04
17159,80.710268,37,8.617286e-04
17160,80.713691,37,8.535997e-04
17161,80.717115,37,8.457112e-04
17162,80.720539,36,9.921758e-04
17163,80.723963,36,9.851763e-04
17164,80.727387,36,9.775788e-04
17165,80.730811,36,9.701770e-04
17166,80.734235,36,9.632946e-04
17167,80.737659,36,9.549954e-04
17168,80.741083,36,9.490329e-04
17169,80.744508,36,9.467509e-04
17170,80.747932,36,9.477930e-04
17171,80.751356,36,9.466479e-04
17172,80.754781,36,9.474049e-04
17173,80.758206,36,9.497962e-04
17174,80.761630,36,9.530950e-04
17175,80.765055,36,9.554030e-04
17176,80.768480,36,9.580079e-04
17177,80.771905,36,9.618649e-04
17178,80.775330,36,9.674200e-04
17179,80.778755,36,9.727593e-04
17180,80.782180,36,9.775320e-04
17181,80.785605,36,9.822736e-04
17182,80.789030,36,9.871637e-04
17183,80.792456,36,9.915955e-04
17184,80.795881,36,9.968961e-04
17185,80.799307,37,8.535335e-04
17186,80.802732,37,8.556965e-04
17187,80.806158,37,8.586724e-04
17188,80.809584,37,8.614400e-04
17189,80.813010,37,8.643206e-04
17190,80.816436,37,8.676149e-04
17191,80.819862,37,8.705678e-04
17192,80.823288,37,8.729306e-04
17193,80.826714,37,8.747562e-04
17194,80.830141,37,8.770363e-04
17195,80.833567,37,8.770457e-04
17196,80.836994,37,8.772611e-04
17197,80.840420,37,8.791307e-04
17198,80.843847,37,8.802230e-04
17199,80.847274,37,8.785565e-04
17200,80.850701,37,8.765471e-04
17201,80.854128,37,8.741577e-04
17202,80.857555,37,8.716034e-04
17203,80.860982,37,8.684362e-04
17204,80.864410,37,8.650092e-04
17205,80.867837,37,8.616134e-04
17206,80.871265,37,8.590704e-04
17207,80.874693,37,8.550072e-04
17208,80.878121,37,8.509088e-04
17209,80.881549,36,9.969433e-04
17210,80.884977,36,9.931479e-04
17211,80.888405,36,9.889425e-04
17212,80.891833,36,9.851097e-04
17213,80.895262,36,9.813637e-04
17214,80.898690,36,9.778177e-04
17215,80.902119,36,9.748341e-04
17216,80.905548,36,9.727295e-04
17217,80.908976,36,9.725572e-04
17218,80.912405,36,9.713281e-04
17219,80.915835,36,9.709385e-04
17220,80.919264,36,9.715563e-04
17221,80.922693,36,9.728478e-04
17222,80.926123,36,9.752657e-04
17223,80.929552,36,9.787522e-04
17224,80.932982,36,9.819956e-04
17225,80.936412,36,9.841962e-04
17226,80.939842,36,9.885762e-04
17227,80.943272,36,9.930996e-04
17228,80.946703,36,9.979155e-04
17229,80.950133,37,8.488911e-04
17230,80.953564,37,8.507477e-04
17231,80.956994,37,8.523334e-04
17232,80.960425,37,8.535566e-04
17233,80.963856,37,8.548488e-04
17234,80.967287,37,8.557669e-04
17235,80.970718,37,8.563756e-04
17236,80.974150,37,8.566269e-04
17237,80.977581,37,8.583866e-04
17238,80.981013,37,8.589433e-04
17239,80.984445,37,8.582116e-04
17240,80.987876,37,8.566573e-04
17241,80.991308,37,8.545184e-04
17242,80.994741,37,8.517093e-04
17243,80.998173,36,9.990836e-04
17244,81.001605,36,9.976974e-04
17245,81.005038,36,9.954815e-04
17246,81.008471,36,9.913086e-04
17247,81.011904,36,9.858381e-04
17248,81.015337,36,9.909350e-04
17249,81.018770,36,9.891709e-04
17250,81.022203,36,9.849298e-04
17251,81.025637,36,9.797592e-04
17252,81.029070,36,9.756087e-04
17253,81.032504,36,9.731628e-04
17254,81.035938,36,9.691471e-04
17255,81.039372,36,9.653218e-04
17256,81.042806,36,9.613229e-04
17257,81.046241,36,9.574513e-04
17258,81.049675,36,9.534776e-04
17259,81.053110,36,9.494685e-04
17260,81.056544,36,9.454652e-04
17261,81.059979,36,9.432745e-04
17262,81.063414,36,9.409449e-04
17263,81.066850,36,9.398149e-04
17264,81.070285,36,9.381520e-04
17265,81.073721,36,9.375407e-04
17266,81.077156,36,9.371873e-04
17267,81.080592,36,9.368786e-04
17268,81.084028,36,9.374205e-04
17269,81.087464,36,9.383681e-04
17270,81.090900,36,9.400895e-04
17271,81.094337,36,9.415454e-04
17272,81.097773,36,9.432106e-04
17273,81.101210,36,9.448195e-04
17274,81.104647,36,9.496196e-04
17275,81.108084,36,9.560531e-04
17276,81.111521,36,9.616214e-04
17277,81.114958,36,9.676781e-04
17278,81.118396,36,9.727360e-04
17279,81.121833,36,9.765979e-04
17280,81.125271,36,9.818680e-04
17281,81.128709,36,9.883353e-04
17282,81.132147,36,9.937718e-04
17283,81.135585,37,8.409482e-04
17284,81.139024,37,8.455220e-04
17285,81.142462,37,8.500756e-04
17286,81.145901,37,8.549447e-04
17287,81.149340,37,8.601367e-04
17288,81.152779,37,8.646649e-04
17289,81.156218,37,8.693979e-04
17290,81.159657,37,8.735626e-04
17291,81.163096,37,8.783976e-04
17292,81.166536,37,8.830424e-04
17293,81.169976,37,8.888215e-04
17294,81.173416,37,8.941034e-04
17295,81.176856,37,9.000383e-04
17296,81.180296,37,9.045185e-04
17297,81.183736,37,9.075527e-04
17298,81.187177,37,9.092447e-04
17299,81.190617,37,9.097182e-04
17300,81.194058,37,9.091776e-04
17301,81.197499,37,9.084519e-04
17302,81.200940,37,9.065022e-04
17303,81.204381,37,9.037905e-04
17304,81.207823,37,9.004918e-04
17305,81.211264,37,8.964861e-04
17306,81.214706,37,8.921189e-04
17307,81.218148,37,8.873359e-04
17308,81.221590,37,8.819041e-04
17309,81.225032,37,8.760390e-04
17310,81.228474,37,8.701203e-04
17311,81.231917,37,8.634047e-04
17312,81.235360,37,8.563738e-04
17313,81.238802,37,8.497594e-04
17314,81.242245,36,9.928755e-04
17315,81.245688,36,9.867557e-04
17316,81.249132,36,9.803064e-04
17317,81.252575,36,9.745362e-04
17318,81.256019,36,9.686304e-04
17319,81.259463,36,9.669687e-04
17320,81.262906,36,9.635166e-04
17321,81.266351,36,9.601902e-04
17322,81.269795,36,9.581926e-04
17323,81.273239,36,9.570204e-04
17324,81.276684,36,9.568919e-04
17325,81.280128,36,9.577350e-04
17326,81.283573,36,9.630772e-04
17327,81.287018,36,9.682883e-04
17328,81.290463,36,9.722861e-04
17329,81.293909,36,9.749020e-04
17330,81.297354,36,9.793960e-04
17331,81.300800,36,9.846738e-04
17332,81.304246,36,9.900564e-04
17333,81.307692,36,9.960561e-04
17334,81.311138,37,8.507995e-04
17335,81.314584,37,8.543610e-04
17336,81.318031,37,8.585548e-04
17337,81.321477,37,8.631770e-04
17338,81.324924,37,8.662552e-04
17339,81.328371,37,8.690995e-04
17340,81.331818,37,8.719558e-04
17341,81.335265,37,8.742071e-04
17342,81.338713,37,8.758611e-04
17343,81.342160,37,8.766151e-04
17344,81.345608,37,8.773737e-04
17345,81.349056,37,8.777460e-04
17346,81.352504,37,8.790744e-04
17347,81.355952,37,8.807013e-04
17348,81.359401,37,8.805430e-04
17349,81.362849,37,8.799823e-04
17350,81.366298,37,8.792803e-04
17351,81.369747,37,8.799047e-04
17352,81.373196,37,8.806159e-04
17353,81.376645,37,8.808109e-04
17354,81.380094,37,8.813542e-04
17355,81.383544,37,8.830780e-04
17356,81.386994,37,8.843686e-04
17357,81.390443,37,8.858711e-04
17358,81.393893,37,8.884120e-04
17359,81.397344,37,8.906124e-04
17360,81.400794,37,8.927674e-04
17361,81.404244,37,8.950689e-04
17362,81.407695,37,8.979917e-04
17363,81.411146,37,9.014715e-04
17364,81.414597,37,9.053004e-04
17365,81.418048,37,9.082690e-04
17366,81.421499,37,9.119331e-04
17367,81.424951,37,9.154271e-04
17368,81.428402,37,9.182304e-04
17369,81.431854,37,9.209234e-04
17370,81.435306,37,9.234396e-04
17371,81.438758,37,9.257610e-04
17372,81.442210,37,9.271023e-04
17373,81.445663,37,9.271609e-04
17374,81.449116,37,9.269261e-04
17375,81.452568,37,9.263463e-04
17376,81.456021,37,9.258434e-04
17377,81.459474,37,9.272421e-04
17378,81.462928,37,9.379593e-04
17379,81.466381,37,9.384484e-04
17380,81.469835,37,9.386268e-04
17381,81.473288,37,9.384664e-04
17382,81.476742,37,9.382490e-04
17383,81.480197,37,9.386625e-04
17384,81.483651,37,9.383043e-04
17385,81.487105,37,9.377178e-04
17386,81.490560,37,9.362729e-04
17387,81.494015,37,9.344410e-04
17388,81.497470,37,9.327466e-04
17389,81.500925,37,9.309686e-04
17390,81.504380,37,9.288595e-04
17391,81.507835,37,9.266159e-04
17392,81.511291,37,9.248724e-04
17393,81.514747,37,9.229559e-04
17394,81.518203,37,9.205209e-04
17395,81.521659,37,9.176959e-04
17396,81.525115,37,9.145424e-04
17397,81.528572,37,9.102685e-04
17398,81.532028,37,9.061843e-04
17399,81.535485,37,9.009607e-04
17400,81.538942,37,8.953786e-04
17401,81.542399,37,8.889586e-04
17402,81.545856,37,8.816774e-04
17403,81.549314,37,8.750726e-04
17404,81.552771,37,8.688517e-04
17405,81.556229,37,8.623300e-04
17406,81.559687,37,8.566690e-04
17407,81.563145,37,8.519083e-04
17408,81.566604,37,8.472720e-04
17409,81.570062,36,9.992144e-04
17410,81.573521,36,9.954022e-04
17411,81.576980,36,9.918875e-04
17412,81.580438,36,9.911115e-04
17413,81.583898,36,9.880980e-04
17414,81.587357,36,9.867143e-04
17415,81.590816,36,9.849046e-04
17416,81.594276,36,9.831525e-04
17417,81.597736,36,9.820516e-04
17418,81.601196,36,9.814055e-04
17419,81.604656,36,9.815359e-04
17420,81.608116,36,9.832382e-04
17421,81.611577,36,9.855552e-04
17422,81.615037,36,9.868218e-04
17423,81.618498,36,9.876782e-04
17424,81.621959,36,9.884094e-04
17425,81.625420,36,9.897753e-04
17426,81.628881,36,9.908220e-04
17427,81.632343,36,9.917207e-04
17428,81.635805,36,9.959393e-04
17429,81.639266,36,9.980870e-04
17430,81.642728,36,9.988222e-04
17431,81.646190,36,9.991692e-04
17432,81.649653,36,9.992050e-04
17433,81.653115,36,9.992176e-04
17434,81.656578,36,9.992562e-04
17435,81.660040,36,9.986705e-04
17436,81.663503,36,9.970225e-04
17437,81.666966,36,9.948833e-04
17438,81.670430,36,9.920306e-04
17439,81.673893,36,9.895974e-04
17440,81.677357,36,9.878295e-04
17441,81.680820,36,9.856320e-04
17442,81.684284,36,9.839283e-04
17443,81.687748,36,9.819762e-04
17444,81.691212,36,9.800182e-04
17445,81.694677,36,9.781139e-04
17446,81.698141,36,9.758244e-04
17447,81.701606,36,9.741338e-04
17448,81.705071,36,9.741950e-04
17449,81.708535,36,9.805249e-04
17450,81.712001,36,9.830018e-04
17451,81.715466,36,9.838328e-04
17452,81.718931,36,9.850565e-04
17453,81.722397,36,9.870446e-04
17454,81.725862,36,9.902409e-04
17455,81.729328,36,9.914659e-04
17456,81.732794,36,9.926114e-04
17457,81.736260,36,9.951369e-04
17458,81.739727,36,9.977232e-04
17459,81.743193,37,8.483639e-04
17460,81.746660,37,8.498249e-04
17461,81.750126,37,8.519726e-04
17462,81.753593,37,8.551518e-04
17463,81.757060,37,8.590413e-04
17464,81.760527,37,8.637447e-04
17465,81.763995,37,8.681820e-04
17466,81.767462,37,8.731180e-04
17467,81.770930,37,8.783667e-04
17468,81.774397,37,8.826206e-04
17469,81.777865,37,8.859583e-04
17470,81.781333,37,8.892304e-04
17471,81.784801,37,8.920416e-04
17472,81.788269,37,8.945482e-04
17473,81.791738,37,8.972139e-04
17474,81.795206,37,8.991863e-04
17475,81.798675,37,9.010449e-04
17476,81.802144,37,9.020431e-04
17477,81.805613,37,9.024926e-04
17478,81.809082,37,9.028702e-04
17479,81.812551,37,9.025013e-04
17480,81.816020,37,9.016409e-04
17481,81.819489,37,9.008634e-04
17482,81.822959,37,9.003468e-04
17483,81.826428,37,8.996258e-04
17484,81.829898,37,8.986860e-04
17485,81.833368,37,8.978369e-04
17486,81.836838,37,8.973028e-04
17487,81.840308,37,8.967263e-04
17488,81.843778,37,8.959033e-04
17489,81.847249,37,8.960450e-04
17490,81.850719,37,8.955833e-04
17491,81.854190,37,8.960740e-04
17492,81.857660,37,8.961166e-04
17493,81.861131,37,8.964009e-04
17494,81.864602,37,8.973024e-04
17495,81.868073,37,8.978724e-04
17496,81.871544,37,8.985571e-04
17497,81.875015,37,8.992759e-04
17498,81.878487,37,9.001871e-04
17499,81.881958,37,9.016925e-04
17500,81.885430,37,9.018580e-04
17501,81.888901,37,9.012773e-04
17502,81.892373,37,9.001133e-04
17503,81.895845,37,8.979414e-04
17504,81.899317,37,8.967327e-04
17505,81.902789,37,8.942170e-04
17506,81.906261,37,8.918817e-04
17507,81.909733,37,8.879888e-04
17508,81.913205,37,8.834007e-04
17509,81.916678,37,8.785118e-04
17510,81.920150,37,8.737002e-04
17511,81.923623,37,8.685325e-04
17512,81.927096,37,8.631465e-04
17513,81.930568,37,8.575850e-04
17514,81.934041,36,9.957768e-04
17515,81.937514,36,9.914913e-04
17516,81.940987,36,9.901783e-04
17517,81.944460,36,9.853775e-04
17518,81.947934,36,9.798970e-04
17519,81.951407,36,9.738946e-04
17520,81.954880,36,9.695740e-04
17521,81.958354,36,9.633186e-04
17522,81.961828,36,9.558037e-04
17523,81.965301,36,9.481417e-04
17524,81.968775,36,9.406426e-04
17525,81.972249,36,9.330924e-04
17526,81.975723,36,9.265046e-04
17527,81.979197,36,9.201139e-04
17528,81.982671,36,9.138376e-04
17529,81.986145,36,9.083011e-04
17530,81.989619,36,9.036147e-04
17531,81.993094,36,8.992956e-04
17532,81.996568,36,8.944582e-04
17533,82.000043,36,8.895687e-04
17534,82.003517,36,8.852095e-04
17535,82.006992,36,8.835197e-04
17536,82.010467,36,8.814214e-04
17537,82.013942,36,8.785133e-04
17538,82.017416,36,8.762194e-04
17539,82.020891,36,8.762386e-04
17540,82.024367,36,8.760635e-04
17541,82.027842,36,8.754769e-04
17542,82.031317,36,8.752970e-04
17543,82.034792,36,8.749150e-04
17544,82.038268,36,8.755141e-04
17545,82.041743,36,8.768194e-04
17546,82.045219,36,8.780771e-04
17547,82.048694,36,8.809780e-04
17548,82.052170,36,8.830479e-04
17549,82.055646,36,8.850179e-04
17550,82.059121,36,8.870469e-04
17551,82.062597,36,8.892547e-04
17552,82.066073,36,8.923918e-04
17553,82.069549,36,8.954044e-04
17554,82.073025,36,9.003437e-04
17555,82.076502,36,9.059189e-04
17556,82.079978,36,9.106741e-04
17557,82.083454,36,9.153418e-04
17558,82.086930,36,9.197117e-04
17559,82.090407,36,9.252321e-04
17560,82.093883,36,9.304903e-04
17561,82.097360,36,9.350688e-04
17562,82.100837,36,9.406916e-04
17563,82.104313,36,9.464381e-04
17564,82.107790,36,9.521298e-04
17565,82.111267,36,9.581088e-04
17566,82.114744,36,9.634612e-04
17567,82.118221,36,9.693670e-04
17568,82.121698,36,9.748560e-04
17569,82.125175,36,9.834710e-04
17570,82.128653,36,9.895767e-04
17571,82.132130,36,9.953837e-04
17572,82.135607,37,8.500296e-04
17573,82.139085,37,8.538681e-04
17574,82.142562,37,8.591665e-04
17575,82.146040,37,8.621172e-04
17576,82.149517,37,8.651999e-04
17577,82.152995,37,8.683141e-04
17578,82.156473,37,8.713036e-04
17579,82.159951,37,8.745578e-04
17580,82.163428,37,8.779370e-04
17581,82.166906,37,8.803822e-04
17582,82.170384,37,8.826613e-04
17583,82.173862,37,8.860998e-04
17584,82.177341,37,8.885096e-04
17585,82.180819,37,8.907514e-04
17586,82.184297,37,8.928177e-04
17587,82.187775,37,8.943558e-04
17588,82.191254,37,8.952243e-04
17589,82.194732,37,8.954143e-04
17590,82.198211,37,8.950308e-04
17591,82.201689,37,8.941595e-04
17592,82.205168,37,8.927221e-04
17593,82.208647,37,8.907033e-04
17594,82.212126,37,8.883201e-04
17595,82.215604,37,8.860489e-04
17596,82.219083,37,8.833182e-04
17597,82.222562,37,8.796262e-04
17598,82.226041,37,8.747071e-04
17599,82.229521,37,8.692038e-04
17600,82.233000,37,8.634984e-04
17601,82.236479,37,8.574515e-04
17602,82.239958,37,8.506735e-04
17603,82.243438,36,9.959409e-04
17604,82.246917,36,9.894368e-04
17605,82.250397,36,9.831512e-04
17606,82.253876,36,9.761106e-04
17607,82.257356,36,9.687543e-04
17608,82.260836,36,9.618052e-04
17609,82.264316,36,9.551347e-04
17610,82.267795,36,9.484790e-04
17611,82.271275,36,9.423991e-04
17612,82.274755,36,9.372120e-04
17613,82.278235,36,9.333352e-04
17614,82.281716,36,9.294173e-04
17615,82.285196,36,9.268654e-04
17616,82.288676,36,9.225929e-04
17617,82.292157,36,9.184199e-04
17618,82.295637,36,9.142620e-04
17619,82.299117,36,9.111544e-04
17620,82.302598,36,9.076037e-04
17621,82.306079,36,9.037751e-04
17622,82.309559,36,8.997419e-04
17623,82.313040,36,8.958230e-04
17624,82.316521,36,8.920284e-04
17625,82.320002,36,8.885464e-04
17626,82.323483,36,8.858476e-04
17627,82.326964,36,8.825620e-04
17628,82.330445,36,8.789182e-04
17629,82.333926,36,8.761132e-04
17630,82.337408,36,8.738312e-04
17631,82.340889,36,8.710294e-04
17632,82.344371,36,8.707084e-04
17633,82.347852,36,8.701453e-04
17634,82.351334,36,8.703851e-04
17635,82.354815,36,8.709981e-04
17636,82.358297,36,8.705296e-04
17637,82.361779,36,8.715761e-04
17638,82.365261,36,8.715592e-04
17639,82.368743,36,8.716420e-04
17640,82.372225,36,8.719034e-04
17641,82.375707,36,8.722754e-04
17642,82.379189,36,8.732549e-04
17643,82.382671,36,8.736119e-04
17644,82.386154,36,8.756335e-04
17645,82.389636,36,8.784681e-04
17646,82.393119,36,8.801871e-04
17647,82.396601,36,8.839391e-04
17648,82.400084,36,8.873428e-04
17649,82.403566,36,8.914659e-04
17650,82.407049,36,8.962217e-04
17651,82.410532,36,8.999295e-04
17652,82.414015,36,9.047404e-04
17653,82.417498,36,9.106788e-04
17654,82.420981,36,9.160517e-04
17655,82.424464,36,9.234629e-04
17656,82.427948,36,9.309526e-04
17657,82.431431,36,9.377990e-04
17658,82.434914,36,9.450150e-04
17659,82.438398,36,9.515433e-04
17660,82.441881,36,9.593991e-04
17661,82.445365,36,9.670492e-04
17662,82.448849,36,9.753164e-04
17663,82.452332,36,9.834907e-04
17664,82.455816,36,9.920078e-04
17665,82.459300,37,8.452006e-04
17666,82.462784,37,8.532459e-04
17667,82.466268,37,8.616398e-04
17668,82.469752,37,8.701228e-04
17669,82.473237,37,8.788534e-04
17670,82.476721,37,8.898964e-04
17671,82.480205,37,8.990625e-04
17672,82.483690,37,9.080555e-04
17673,82.487174,37,9.172693e-04
17674,82.490659,37,9.257748e-04
17675,82.494144,37,9.335381e-04
17676,82.497629,37,9.409562e-04
17677,82.501113,37,9.479102e-04
17678,82.504598,37,9.548144e-04
17679,82.508083,37,9.598245e-04
17680,82.511568,37,9.636702e-04
17681,82.515054,37,9.679963e-04
17682,82.518539,37,9.694985e-04
17683,82.522024,37,9.694606e-04
17684,82.525510,37,9.682902e-04
17685,82.528995,37,9.654457e-04
17686,82.532481,37,9.615068e-04
17687,82.535966,37,9.578062e-04
17688,82.539452,37,9.531368e-04
17689,82.542938,37,9.476517e-04
17690,82.546424,37,9.404041e-04
17691,82.549910,37,9.324843e-04
17692,82.553396,37,9.233291e-04
17693,82.556882,37,9.137243e-04
17694,82.560368,37,9.037367e-04
17695,82.563855,37,8.935104e-04
17696,82.567341,37,8.830678e-04
17697,82.570828,37,8.724899e-04
17698,82.574314,37,8.622754e-04
17699,82.577801,36,9.931952e-04
17700,82.581288,36,9.833361e-04
17701,82.584774,36,9.749054e-04
17702,82.588261,36,9.652237e-04
17703,82.591748,36,9.542660e-04
17704,82.595235,36,9.432816e-04
17705,82.598723,36,9.326072e-04
17706,82.602210,36,9.226744e-04
17707,82.605697,36,9.132223e-04
17708,82.609185,36,9.043552e-04
17709,82.612672,36,8.963331e-04
17710,82.616160,36,8.891476e-04
17711,82.619647,36,8.830501e-04
17712,82.623135,36,8.794619e-04
17713,82.626623,36,8.764452e-04
17714,82.630111,36,8.746217e-04
17715,82.633599,36,8.723321e-04
17716,82.637087,36,8.709666e-04
17717,82.640575,36,8.704675e-04
17718,82.644064,36,8.702456e-04
17719,82.647552,36,8.724531e-04
17720,82.651040,36,8.734797e-04
17721,82.654529,36,8.749441e-04
17722,82.658017,36,8.772557e-04
17723,82.661506,36,8.797947e-04
17724,82.664995,36,8.826844e-04
17725,82.668484,36,8.859967e-04
17726,82.671973,36,8.896624e-04
17727,82.675462,36,8.939647e-04
17728,82.678951,36,8.987832e-04
17729,82.682440,36,9.045807e-04
17730,82.685929,36,9.088528e-04
17731,82.689418,36,9.132408e-04
17732,82.692908,36,9.172281e-04
17733,82.696397,36,9.199126e-04
17734,82.699887,36,9.223088e-04
17735,82.703376,36,9.244822e-04
17736,82.706866,36,9.268548e-04
17737,82.710356,36,9.282756e-04
17738,82.713846,36,9.302309e-04
17739,82.717336,36,9.312523e-04
17740,82.720826,36,9.318388e-04
17741,82.724316,36,9.320362e-04
17742,82.727806,36,9.340581e-04
17743,82.731296,36,9.350310e-04
17744,82.734787,36,9.345037e-04
17745,82.738277,36,9.333631e-04
17746,82.741768,36,9.322207e-04
17747,82.745258,36,9.313920e-04
17748,82.748749,36,9.298498e-04
17749,82.752239,36,9.271896e-04
17750,82.755730,36,9.247588e-04
17751,82.759221,36,9.218179e-04
17752,82.762712,36,9.188528e-04
17753,82.766203,36,9.166716e-04
17754,82.769694,36,9.150509e-04
17755,82.773185,36,9.129492e-04
17756,82.776676,36,9.121122e-04
17757,82.780168,36,9.101696e-04
17758,82.783659,36,9.090772e-04
17759,82.787151,36,9.078228e-04
17760,82.790642,36,9.071284e-04
17761,82.794134,36,9.065977e-04
17762,82.797625,36,9.071172e-04
17763,82.801117,36,9.068472e-04
17764,82.804609,36,9.065194e-04
17765,82.808101,36,9.058136e-04
17766,82.811593,36,9.058397e-04
17767,82.815085,36,9.061316e-04
17768,82.818577,36,9.053472e-04
17769,82.822069,36,9.070330e-04
17770,82.825561,36,9.105626e-04
17771,82.829053,36,9.124053e-04
17772,82.832545,36,9.136519e-04
17773,82.836038,36,9.139520e-04
17774,82.839530,36,9.154117e-04
17775,82.843023,36,9.169760e-04
17776,82.846515,36,9.188889e-04
17777,82.850008,36,9.221575e-04
17778,82.853501,36,9.242085e-04
17779,82.856993,36,9.258723e-04
17780,82.860486,36,9.286892e-04
17781,82.863979,36,9.302529e-04
17782,82.867472,36,9.316615e-04
17783,82.870965,36,9.333300e-04
17784,82.874458,36,9.355988e-04
17785,82.877951,36,9.371242e-04
17786,82.881444,36,9.385335e-04
17787,82.884937,36,9.399395e-04
17788,82.888431,36,9.412406e-04
17789,82.891924,36,9.423481e-04
17790,82.895417,36,9.432183e-04
17791,82.898911,36,9.438816e-04
17792,82.902404,36,9.438498e-04
17793,82.905898,36,9.441149e-04
17794,82.909391,36,9.451843e-04
17795,82.912885,36,9.484408e-04
17796,82.916378,36,9.486707e-04
17797,82.919872,36,9.481330e-04
17798,82.923366,36,9.483038e-04
17799,82.926859,36,9.476398e-04
17800,82.930353,36,9.467296e-04
17801,82.933847,36,9.461382e-04
17802,82.937341,36,9.453765e-04
17803,82.940835,36,9.439441e-04
17804,82.944329,36,9.424101e-04
17805,82.947823,36,9.443842e-04
17806,82.951317,36,9.445495e-04
17807,82.954811,36,9.433092e-04
17808,82.958305,36,9.415713e-04
17809,82.961799,36,9.401015e-04
17810,82.965293,36,9.387097e-04
17811,82.968787,36,9.381731e-04
17812,82.972282,36,9.368836e-04
17813,82.975776,36,9.348257e-04
17814,82.979270,36,9.328506e-04
17815,82.982764,36,9.336549e-04
17816,82.986259,36,9.321462e-04
17817,82.989753,36,9.307199e-04
17818,82.993247,36,9.290899e-04
17819,82.996742,36,9.274315e-04
17820,83.000236,36,9.261957e-04
17821,83.003731,36,9.240048e-04
17822,83.007225,36,9.219279e-04
17823,83.010719,36,9.202208e-04
17824,83.014214,36,9.180297e-04
17825,83.017708,36,9.162793e-04
17826,83.021203,36,9.152315e-04
17827,83.024697,36,9.136815e-04
17828,83.028192,36,9.118665e-04
17829,83.031686,36,9.099355e-04
17830,83.035181,36,9.087462e-04
17831,83.038675,36,9.093437e-04
17832,83.042170,36,9.088765e-04
17833,83.045665,36,9.079073e-04
17834,83.049159,36,9.068991e-04
17835,83.052654,36,9.058378e-04
17836,83.056148,36,9.046337e-04
17837,83.059643,36,9.041383e-04
17838,83.063137,36,9.032250e-04
17839,83.066632,36,9.036470e-04
17840,83.070126,36,9.039483e-04
17841,83.073621,36,9.034975e-04
17842,83.077116,36,9.039387e-04
17843,83.080610,36,9.033937e-04
17844,83.084105,36,9.035913e-04
17845,83.087599,36,9.043753e-04
17846,83.091094,36,9.047502e-04
17847,83.094588,36,9.050689e-04
17848,83.098083,36,9.048438e-04
17849,83.101577,36,9.054592e-04
17850,83.105072,36,9.064265e-04
17851,83.108566,36,9.077548e-04
17852,83.112061,36,9.092354e-04
17853,83.115555,36,9.115820e-04
17854,83.119050,36,9.137580e-04
17855,83.122544,36,9.153335e-04
17856,83.126038,36,9.168393e-04
17857,83.129533,36,9.182951e-04
17858,83.133027,36,9.196638e-04
17859,83.136521,36,9.205635e-04
17860,83.140016,36,9.217279e-04
17861,83.143510,36,9.231554e-04
17862,83.147004,36,9.246472e-04
17863,83.150498,36,9.249816e-04
17864,83.153993,36,9.254070e-04
17865,83.157487,36,9.256822e-04
17866,83.160981,36,9.251896e-04
17867,83.164475,36,9.241807e-04
17868,83.167969,36,9.228498e-04
17869,83.171463,36,9.206990e-04
17870,83.174957,36,9.183786e-04
17871,83.178451,36,9.153662e-04
17872,83.181945,36,9.120259e-04
17873,83.185439,36,9.088850e-04
17874,83.188933,36,9.062929e-04
17875,83.192426,36,9.036592e-04
17876,83.195920,36,9.012252e-04
17877,83.199414,36,9.005532e-04
17878,83.202907,36,8.991169e-04
17879,83.206401,36,8.972854e-04
17880,83.209895,36,8.961269e-04
17881,83.213388,36,8.961063e-04
17882,83.216882,36,8.954609e-04
17883,83.220375,36,8.948229e-04
17884,83.223868,36,8.938097e-04
17885,83.227362,36,8.934546e-04
17886,83.230855,36,8.927508e-04
17887,83.234348,36,8.924418e-04
17888,83.237841,36,8.925133e-04
17889,83.241334,36,8.927447e-04
17890,83.244827,36,8.929621e-04
17891,83.248320,36,8.932184e-04
17892,83.251813,36,8.930565e-04
17893,83.255305,36,8.939543e-04
17894,83.258798,36,8.961846e-04
17895,83.262291,36,8.981624e-04
17896,83.265783,36,8.986708e-04
17897,83.269276,36,8.992062e-04
17898,83.272768,36,9.006161e-04
17899,83.276260,36,9.005375e-04
17900,83.279753,36,8.998997e-04
17901,83.283245,36,8.996195e-04
17902,83.286737,36,9.000785e-04
17903,83.290229,36,8.997439e-04
17904,83.293721,36,8.992983e-04
17905,83.297213,36,8.990697e-04
17906,83.300704,36,8.989224e-04
17907,83.304196,36,8.977578e-04
17908,83.307688,36,8.973664e-04
17909,83.311179,36,8.983594e-04
17910,83.314670,36,8.990645e-04
17911,83.318162,36,8.998677e-04
17912,83.321653,36,9.005409e-04
17913,83.325144,36,9.017905e-04
17914,83.328635,36,9.018071e-04
17915,83.332126,36,9.019268e-04
17916,83.335617,36,9.020766e-04
17917,83.339107,36,9.023906e-04
17918,83.342598,36,9.028597e-04
17919,83.346089,36,9.030004e-04
17920,83.349579,36,9.031922e-04
17921,83.353069,36,9.030870e-04
17922,83.356559,36,9.030535e-04
17923,83.360050,36,9.037766e-04
17924,83.363539,36,9.057699e-04
17925,83.367029,36,9.067125e-04
17926,83.370519,36,9.066620e-04
17927,83.374009,36,9.069152e-04
17928,83.377498,36,9.072796e-04
17929,83.380988,36,9.077725e-04
17930,83.384477,36,9.089684e-04
17931,83.387966,36,9.104599e-04
17932,83.391455,36,9.119623e-04
17933,83.394944,36,9.135996e-04
17934,83.398433,36,9.153679e-04
17935,83.401922,36,9.176726e-04
17936,83.405410,36,9.191285e-04
17937,83.408899,36,9.214230e-04
17938,83.412387,36,9.246003e-04
17939,83.415875,36,9.263818e-04
17940,83.419363,36,9.283379e-04
17941,83.422851,36,9.297952e-04
17942,83.426339,36,9.310845e-04
17943,83.429827,36,9.321185e-04
17944,83.433314,36,9.345155e-04
17945,83.436802,36,9.360018e-04
17946,83.440289,36,9.355785e-04
17947,83.443776,36,9.358805e-04
17948,83.447263,36,9.360025e-04
17949,83.450750,36,9.357389e-04
17950,83.454236,36,9.354570e-04
17951,83.457723,36,9.345918e-04
17952,83.461209,36,9.335200e-04
17953,83.464696,36,9.320160e-04
17954,83.468182,36,9.302075e-04
17955,83.471668,36,9.280758e-04
17956,83.475154,36,9.258299e-04
17957,83.478639,36,9.238053e-04
17958,83.482125,36,9.216293e-04
17959,83.485610,36,9.195320e-04
17960,83.489095,36,9.167162e-04
17961,83.492580,36,9.138869e-04
17962,83.496065,36,9.107781e-04
17963,83.499550,36,9.083573e-04
17964,83.503034,36,9.063709e-04
17965,83.506519,36,9.033203e-04
17966,83.510003,36,9.010489e-04
17967,83.513487,36,8.987862e-04
17968,83.516971,36,8.962300e-04
17969,83.520455,36,8.937933e-04
17970,83.523938,36,8.925006e-04
17971,83.527422,36,8.897955e-04
17972,83.530905,36,8.876837e-04
17973,83.534388,36,8.856985e-04
17974,83.537870,36,8.849428e-04
17975,83.541353,36,8.834065e-04
17976,83.544836,36,8.830452e-04
17977,83.548318,36,8.825020e-04
17978,83.551800,36,8.812017e-04
17979,83.555282,36,8.796763e-04
17980,83.558763,36,8.790706e-04
17981,83.562245,36,8.784734e-04
17982,83.565726,36,8.780350e-04
17983,83.569207,36,8.787860e-04
17984,83.572688,36,8.793133e-04
17985,83.576169,36,8.790142e-04
17986,83.579649,36,8.788830e-04
17987,83.583130,36,8.800053e-04
17988,83.586610,36,8.817987e-04
17989,83.590089,36,8.834917e-04
17990,83.593569,36,8.844869e-04
17991,83.597049,36,8.863661e-04
17992,83.600528,36,8.879874e-04
17993,83.604007,36,8.903682e-04
17994,83.607486,36,8.917652e-04
17995,83.610964,36,8.930380e-04
17996,83.614442,36,8.942748e-04
17997,83.617921,36,8.954401e-04
17998,83.621398,36,8.963729e-04
17999,83.624876,36,8.969872e-04
18000,83.628354,36,8.975004e-04
18001,83.631831,36,8.978406e-04
18002,83.635308,36,8.981122e-04
18003,83.638784,36,8.983106e-04
18004,83.642261,36,8.978088e-04
18005,83.645737,36,8.970961e-04
18006,83.649213,36,8.978523e-04
18007,83.652689,36,8.982936e-04
18008,83.656164,36,8.997588e-04
18009,83.659640,36,8.980347e-04
18010,83.663115,36,8.985751e-04
18011,83.666589,36,8.966540e-04
18012,83.670064,36,8.943964e-04
18013,83.673538,36,8.921883e-04
18014,83.677012,36,8.900178e-04
18015,83.680486,36,8.879964e-04
18016,83.683959,36,8.866507e-04
18017,83.687433,36,8.852113e-04
18018,83.690906,36,8.834296e-04
18019,83.694378,36,8.821863e-04
18020,83.697851,36,8.818360e-04
18021,83.701323,36,8.838257e-04
18022,83.704795,36,8.838091e-04
18023,83.708267,36,8.833055e-04
18024,83.711738,36,8.844406e-04
18025,83.715209,36,8.841837e-04
18026,83.718680,36,8.839381e-04
18027,83.722150,36,8.844831e-04
18028,83.725621,36,8.846379e-04
18029,83.729091,36,8.850670e-04
18030,83.732560,36,8.849014e-04
18031,83.736030,36,8.847923e-04
18032,83.739499,36,8.847370e-04
18033,83.742968,36,8.840849e-04
18034,83.746436,36,8.832529e-04
18035,83.749905,36,8.824278e-04
18036,83.753373,36,8.813357e-04
18037,83.756840,36,8.802932e-04
18038,83.760308,36,8.795440e-04
18039,83.763775,36,8.779493e-04
18040,83.767242,36,8.763846e-04
18041,83.770708,36,8.745023e-04
18042,83.774175,36,8.720918e-04
18043,83.777641,36,8.694702e-04
18044,83.781106,36,8.664462e-04
18045,83.784572,36,8.640643e-04
18046,83.788037,36,8.610720e-04
18047,83.791502,36,8.576882e-04
18048,83.794966,36,8.539071e-04
18049,83.798430,36,8.506012e-04
18050,83.801894,36,8.473480e-04
18051,83.805358,36,8.451248e-04
18052,83.808821,35,9.998363e-04
18053,83.812284,35,9.985528e-04
18054,83.815746,35,9.976019e-04
18055,83.819209,35,9.973391e-04
18056,83.822671,35,9.973768e-04
18057,83.826132,35,9.998507e-04
18058,83.829594,36,8.464527e-04
18059,83.833055,36,8.474604e-04
18060,83.836516,36,8.484762e-04
18061,83.839976,36,8.497200e-04
18062,83.843436,36,8.519104e-04
18063,83.846896,36,8.559460e-04
18064,83.850355,36,8.603177e-04
18065,83.853815,36,8.640516e-04
18066,83.857273,36,8.679493e-04
18067,83.860732,36,8.722513e-04
18068,83.864190,36,8.763138e-04
18069,83.867648,36,8.821219e-04
18070,83.871106,36,8.879509e-04
18071,83.874563,36,8.924990e-04
18072,83.878020,36,8.982480e-04
18073,83.881476,36,9.048526e-04
18074,83.884933,36,9.109387e-04
18075,83.888389,36,9.169872e-04
18076,83.891844,36,9.239615e-04
18077,83.895299,36,9.309494e-04
18078,83.898754,36,9.367599e-04
18079,83.902209,36,9.423136e-04
18080,83.905663,36,9.474519e-04
18081,83.909117,36,9.524699e-04
18082,83.912571,36,9.571175e-04
18083,83.916024,36,9.607031e-04
18084,83.919477,36,9.634709e-04
18085,83.922930,36,9.654299e-04
18086,83.926382,36,9.666024e-04
18087,83.929834,36,9.671622e-04
18088,83.933286,36,9.671359e-04
18089,83.936738,36,9.663479e-04
18090,83.940189,36,9.660176e-04
18091,83.943639,36,9.673110e-04
18092,83.947090,36,9.658353e-04
18093,83.950540,36,9.627627e-04
18094,83.953990,36,9.597765e-04
18095,83.957439,36,9.561978e-04
18096,83.960888,36,9.517518e-04
18097,83.964337,36,9.459633e-04
18098,83.967785,36,9.399794e-04
18099,83.971234,36,9.336529e-04
18100,83.974681,36,9.280475e-04
18101,83.978129,36,9.221961e-04
18102,83.981576,36,9.167303e-04
18103,83.985023,36,9.119369e-04
18104,83.988470,36,9.075149e-04
18105,83.991916,36,9.025111e-04
18106,83.995362,36,8.976836e-04
18107,83.998807,36,8.929782e-04
18108,84.002253,36,8.888114e-04
18109,84.005698,36,8.840214e-04
18110,84.009142,36,8.788880e-04
18111,84.012587,36,8.735656e-04
18112,84.016031,36,8.681185e-04
18113,84.019475,36,8.622979e-04
18114,84.022918,36,8.563709e-04
18115,84.026361,36,8.508080e-04
18116,84.029804,36,8.453078e-04
18117,84.033247,36,8.401733e-04
18118,84.036689,35,9.938579e-04
18119,84.040131,35,9.871027e-04
18120,84.043573,35,9.806630e-04
18121,84.047014,35,9.741572e-04
18122,84.050455,35,9.682128e-04
18123,84.053896,35,9.624691e-04
18124,84.057337,35,9.561680e-04
18125,84.060777,35,9.503715e-04
18126,84.064217,35,9.446458e-04
18127,84.067657,35,9.389084e-04
18128,84.071096,35,9.341035e-04
18129,84.074535,35,9.312486e-04
18130,84.077974,35,9.275583e-04
18131,84.081413,35,9.243782e-04
18132,84.084851,35,9.216499e-04
18133,84.088289,35,9.204857e-04
18134,84.091727,35,9.181491e-04
18135,84.095165,35,9.171836e-04
18136,84.098602,35,9.167102e-04
18137,84.102039,35,9.185697e-04
18138,84.105476,35,9.198298e-04
18139,84.108913,35,9.215392e-04
18140,84.112349,35,9.238408e-04
18141,84.115785,35,9.277576e-04
18142,84.119221,35,9.318155e-04
18143,84.122657,35,9.359075e-04
18144,84.126092,35,9.409369e-04
18145,84.129527,35,9.475080e-04
18146,84.132962,35,9.546530e-04
18147,84.136397,35,9.603260e-04
18148,84.139832,35,9.659320e-04
18149,84.143266,35,9.716425e-04
18150,84.146700,35,9.782650e-04
18151,84.150134,35,9.854003e-04
18152,84.153568,35,9.963267e-04
18153,84.157001,36,8.403988e-04
18154,84.160435,36,8.471079e-04
18155,84.163868,36,8.538643e-04
18156,84.167301,36,8.600133e-04
18157,84.170734,36,8.673917e-04
18158,84.174166,36,8.744394e-04
18159,84.177599,36,8.824721e-04
18160,84.181031,36,8.892487e-04
18161,84.184463,36,8.959010e-04
18162,84.187895,36,9.038269e-04
18163,84.191327,36,9.109328e-04
18164,84.194759,36,9.172048e-04
18165,84.198191,36,9.231853e-04
18166,84.201622,36,9.278697e-04
18167,84.205053,36,9.321156e-04
18168,84.208485,36,9.357978e-04
18169,84.211916,36,9.386678e-04
18170,84.215347,36,9.412018e-04
18171,84.218777,36,9.437035e-04
18172,84.222208,36,9.471926e-04
18173,84.225639,36,9.484660e-04
18174,84.229069,36,9.496915e-04
18175,84.232500,36,9.503134e-04
18176,84.235930,36,9.504261e-04
18177,84.239360,36,9.496313e-04
18178,84.242791,36,9.476027e-04
18179,84.246221,36,9.448547e-04
18180,84.249651,36,9.423440e-04
18181,84.253081,36,9.387716e-04
18182,84.256511,36,9.347576e-04
18183,84.259941,36,9.302611e-04
18184,84.263371,36,9.253287e-04
18185,84.266800,36,9.195587e-04
18186,84.270230,36,9.136266e-04
18187,84.273660,36,9.074628e-04
18188,84.277090,36,9.008112e-04
18189,84.280519,36,8.937707e-04
18190,84.283949,36,8.864543e-04
18191,84.287379,36,8.792347e-04
18192,84.290809,36,8.712618e-04
18193,84.294238,36,8.633588e-04
18194,84.297668,36,8.550279e-04
18195,84.301098,36,8.463741e-04
18196,84.304528,35,9.962499e-04
18197,84.307957,35,9.863826e-04
18198,84.311387,35,9.762028e-04
18199,84.314817,35,9.658709e-04
18200,84.318247,35,9.551457e-04
18201,84.321677,35,9.446816e-04
18202,84.325107,35,9.352226e-04
18203,84.328537,35,9.256637e-04
18204,84.331967,35,9.164704e-04
18205,84.335398,35,9.083857e-04
18206,84.338828,35,9.007382e-04
18207,84.342258,35,8.929704e-04
18208,84.345689,35,8.871940e-04
18209,84.349119,35,8.826104e-04
18210,84.352550,35,8.797034e-04
18211,84.355981,35,8.773149e-04
18212,84.359412,35,8.755843e-04
18213,84.362843,35,8.741670e-04
18214,84.366274,35,8.730893e-04
18215,84.369705,35,8.722439e-04
18216,84.373136,35,8.743205e-04
18217,84.376568,35,8.771847e-04
18218,84.380000,35,8.797171e-04
18219,84.383431,35,8.820656e-04
18220,84.386863,35,8.848891e-04
18221,84.390295,35,8.886379e-04
18222,84.393728,35,8.936266e-04
18223,84.397160,35,9.007181e-04
18224,84.400593,35,9.060537e-04
18225,84.404026,35,9.122788e-04
18226,84.407458,35,9.208471e-04
18227,84.410892,35,9.271010e-04
18228,84.414325,35,9.334483e-04
18229,84.417758,35,9.397019e-04
18230,84.421192,35,9.480463e-04
18231,84.424626,35,9.557619e-04
18232,84.428060,35,9.635754e-04
18233,84.431495,35,9.709381e-04
18234,84.434929,35,9.787044e-04
18235,84.438364,35,9.860533e-04
18236,84.441799,35,9.926038e-04
18237,84.445234,35,9.997082e-04
18238,84.448669,36,8.431705e-04
18239,84.452105,36,8.499585e-04
18240,84.455541,36,8.553090e-04
18241,84.458977,36,8.605920e-04
18242,84.462414,36,8.654760e-04
18243,84.465850,36,8.704424e-04
18244,84.469287,36,8.754546e-04
18245,84.472725,36,8.797303e-04
18246,84.476162,36,8.832581e-04
18247,84.479600,36,8.859681e-04
18248,84.483038,36,8.907371e-04
18249,84.486476,36,8.941613e-04
18250,84.489915,36,8.976823e-04
18251,84.493353,36,8.998412e-04
18252,84.496793,36,9.008365e-04
18253,84.500232,36,9.013657e-04
18254,84.503672,36,9.016529e-04
18255,84.507112,36,9.011174e-04
18256,84.510552,36,9.002231e-04
18257,84.513993,36,8.998732e-04
18258,84.517434,36,8.990535e-04
18259,84.520875,36,8.974079e-04
18260,84.524316,36,8.954271e-04
18261,84.527758,36,8.933506e-04
18262,84.531201,36,8.909991e-04
18263,84.534643,36,8.882857e-04
18264,84.538086,36,8.853793e-04
18265,84.541529,36,8.822831e-04
18266,84.544973,36,8.789738e-04
18267,84.548417,36,8.762804e-04
18268,84.551861,36,8.727007e-04
18269,84.555305,36,8.684252e-04
18270,84.558750,36,8.641083e-04
18271,84.562196,36,8.595880e-04
18272,84.565641,36,8.556874e-04
18273,84.569087,36,8.515247e-04
18274,84.572533,36,8.463995e-04
18275,84.575980,36,8.411120e-04
18276,84.579427,35,9.959684e-04
18277,84.582875,35,9.898051e-04
18278,84.586322,35,9.834768e-04
18279,84.589771,35,9.770228e-04
18280,84.593219,35,9.703040e-04
18281,84.596668,35,9.643083e-04
18282,84.600117,35,9.586813e-04
18283,84.603567,35,9.525680e-04
18284,84.607017,35,9.477110e-04
18285,84.610467,35,9.416361e-04
18286,84.613918,35,9.371419e-04
18287,84.617369,35,9.336693e-04
18288,84.620821,35,9.302007e-04
18289,84.624273,35,9.286970e-04
18290,84.627725,35,9.264249e-04
18291,84.631178,35,9.247821e-04
18292,84.634631,35,9.241545e-04
18293,84.638084,35,9.234259e-04
18294,84.641538,35,9.232959e-04
18295,84.644992,35,9.254276e-04
18296,84.648447,35,9.287659e-04
18297,84.651902,35,9.312871e-04
18298,84.655358,35,9.340221e-04
18299,84.658814,35,9.368866e-04
18300,84.662270,35,9.406818e-04
18301,84.665726,35,9.455419e-04
18302,84.669183,35,9.511987e-04
18303,84.672641,35,9.577308e-04
18304,84.676099,35,9.636800e-04
18305,84.679557,35,9.684455e-04
18306,84.683016,35,9.729088e-04
18307,84.686475,35,9.785072e-04
18308,84.689934,35,9.843008e-04
18309,84.693394,35,9.912691e-04
18310,84.696854,35,9.990792e-04
18311,84.700315,36,8.440128e-04
18312,84.703776,36,8.483491e-04
18313,84.707238,36,8.530186e-04
18314,84.710699,36,8.585558e-04
18315,84.714162,36,8.621733e-04
18316,84.717624,36,8.654822e-04
18317,84.721087,36,8.685481e-04
18318,84.724551,36,8.713469e-04
18319,84.728015,36,8.739404e-04
18320,84.731479,36,8.763400e-04
18321,84.734944,36,8.785370e-04
18322,84.738409,36,8.806305e-04
18323,84.741874,36,8.824292e-04
18324,84.745340,36,8.843715e-04
18325,84.748806,36,8.859091e-04
18326,84.752273,36,8.877855e-04
18327,84.755740,36,8.897618e-04
18328,84.759208,36,8.932795e-04
18329,84.762676,36,8.949801e-04
18330,84.766144,36,8.976568e-04
18331,84.769612,36,8.980528e-04
18332,84.773082,36,8.976634e-04
18333,84.776551,36,8.973593e-04
18334,84.780021,36,8.956630e-04
18335,84.783491,36,8.935764e-04
18336,84.786962,36,8.913886e-04
18337,84.790433,36,8.891640e-04
18338,84.793904,36,8.867339e-04
18339,84.797376,36,8.843597e-04
18340,84.800848,36,8.821894e-04
18341,84.804321,36,8.794929e-04
18342,84.807793,36,8.775268e-04
18343,84.811267,36,8.759387e-04
18344,84.814741,36,8.744775e-04
18345,84.818215,36,8.731406e-04
18346,84.821689,36,8.720500e-04
18347,84.825164,36,8.714480e-04
18348,84.828639,36,8.702806e-04
18349,84.832115,36,8.698545e-04
18350,84.835591,36,8.693268e-04
18351,84.839067,36,8.688083e-04
18352,84.842544,36,8.672358e-04
18353,84.846021,36,8.654704e-04
18354,84.849498,36,8.636114e-04
18355,84.852976,36,8.618781e-04
18356,84.856454,36,8.608950e-04
18357,84.859933,36,8.593286e-04
18358,84.863412,36,8.579009e-04
18359,84.866891,36,8.576307e-04
18360,84.870370,36,8.587109e-04
18361,84.873850,36,8.594054e-04
18362,84.877331,36,8.593083e-04
18363,84.880811,36,8.592016e-04
18364,84.884292,36,8.593848e-04
18365,84.887774,36,8.596601e-04
18366,84.891255,36,8.609379e-04
18367,84.894738,36,8.617000e-04
18368,84.898220,36,8.615594e-04
18369,84.901703,36,8.616936e-04
18370,84.905186,36,8.616321e-04
18371,84.908669,36,8.614584e-04
18372,84.912153,36,8.612341e-04
18373,84.915637,36,8.611784e-04
18374,84.919121,36,8.609200e-04
18375,84.922606,36,8.604158e-04
18376,84.926091,36,8.597820e-04
18377,84.929577,36,8.591306e-04
18378,84.933062,36,8.576773e-04
18379,84.936548,36,8.561676e-04
18380,84.940035,36,8.540542e-04
18381,84.943521,36,8.520951e-04
18382,84.947008,36,8.496676e-04
18383,84.950495,35,9.995526e-04
18384,84.953983,35,9.973085e-04
18385,84.957471,35,9.939897e-04
18386,84.960959,35,9.909924e-04
18387,84.964448,35,9.875752e-04
18388,84.967936,35,9.843335e-04
18389,84.971425,35,9.841271e-04
18390,84.974915,35,9.805574e-04
18391,84.978404,35,9.796246e-04
18392,84.981894,35,9.783363e-04
18393,84.985384,35,9.768054e-04
18394,84.988875,35,9.765494e-04
18395,84.992366,35,9.752933e-04
18396,84.995857,35,9.755835e-04
18397,84.999348,35,9.771517e-04
18398,85.002840,35,9.792149e-04
18399,85.006332,35,9.811017e-04
18400,85.009824,35,9.832598e-04
18401,85.013316,35,9.851431e-04
18402,85.016809,35,9.876505e-04
18403,85.020302,35,9.903988e-04
18404,85.023795,35,9.931297e-04
18405,85.027288,35,9.951940e-04
18406,85.030782,35,9.981038e-04
18407,85.034276,36,8.398409e-04
18408,85.037770,36,8.443864e-04
18409,85.041264,36,8.488595e-04
18410,85.044759,36,8.548283e-04
18411,85.048254,36,8.604586e-04
18412,85.051749,36,8.659712e-04
18413,85.055244,36,8.713080e-04
18414,85.058739,36,8.764613e-04
18415,85.062235,36,8.808615e-04
18416,85.065731,36,8.845855e-04
18417,85.069227,36,8.879186e-04
18418,85.072724,36,8.912078e-04
18419,85.076220,36,8.945283e-04
18420,85.079717,36,8.974917e-04
18421,85.083214,36,8.999535e-04
18422,85.086711,36,9.015270e-04
18423,85.090209,36,9.028768e-04
18424,85.093706,36,9.038577e-04
18425,85.097204,36,9.042240e-04
18426,85.100702,36,9.041369e-04
18427,85.104200,36,9.039172e-04
18428,85.107698,36,9.038605e-04
18429,85.111197,36,9.032359e-04
18430,85.114696,36,9.042348e-04
18431,85.118194,36,9.026487e-04
18432,85.121693,36,8.998363e-04
18433,85.125193,36,8.960047e-04
18434,85.128692,36,8.915063e-04
18435,85.132191,36,8.869185e-04
18436,85.135691,36,8.825909e-04
18437,85.139191,36,8.776625e-04
18438,85.142691,36,8.728629e-04
18439,85.146191,36,8.672551e-04
18440,85.149691,36,8.633260e-04
18441,85.153192,36,8.577557e-04
18442,85.156692,36,8.526546e-04
18443,85.160193,36,8.493479e-04
18444,85.163694,36,8.460547e-04
18445,85.167194,36,8.430715e-04
18446,85.170696,36,8.396813e-04
18447,85.174197,36,8.363251e-04
18448,85.177698,35,9.975599e-04
18449,85.181199,35,9.944654e-04
18450,85.184701,35,9.915049e-04
18451,85.188202,35,9.885592e-04
18452,85.191704,35,9.856816e-04
18453,85.195206,35,9.829987e-04
18454,85.198708,35,9.806029e-04
18455,85.202210,35,9.782331e-04
18456,85.205712,35,9.761283e-04
18457,85.209214,35,9.743297e-04
18458,85.212716,35,9.737362e-04
18459,85.216218,35,9.729998e-04
18460,85.219721,35,9.716651e-04
18461,85.223223,35,9.706434e-04
18462,85.226726,35,9.700264e-04
18463,85.230228,35,9.704743e-04
18464,85.233731,35,9.692508e-04
18465,85.237234,35,9.681416e-04
18466,85.240736,35,9.675073e-04
18467,85.244239,35,9.663493e-04
18468,85.247742,35,9.652639e-04
18469,85.251245,35,9.643684e-04
18470,85.254748,35,9.635726e-04
18471,85.258250,35,9.625449e-04
18472,85.261753,35,9.621422e-04
18473,85.265256,35,9.608923e-04
18474,85.268759,35,9.593235e-04
18475,85.272262,35,9.589274e-04
18476,85.275765,35,9.610182e-04
18477,85.279268,35,9.601431e-04
18478,85.282771,35,9.601329e-04
18479,85.286274,35,9.583166e-04
18480,85.289777,35,9.583837e-04
18481,85.293280,35,9.582888e-04
18482,85.296783,35,9.589992e-04
18483,85.300286,35,9.587579e-04
18484,85.303789,35,9.590128e-04
18485,85.307292,35,9.594040e-04
18486,85.310795,35,9.589240e-04
18487,85.314298,35,9.591705e-04
18488,85.317800,35,9.591995e-04
18489,85.321303,35,9.608074e-04
18490,85.324806,35,9.622005e-04
18491,85.328308,35,9.641762e-04
18492,85.331811,35,9.672366e-04
18493,85.335313,35,9.687301e-04
18494,85.338816,35,9.705839e-04
18495,85.342318,35,9.724092e-04
18496,85.345820,35,9.753592e-04
18497,85.349322,35,9.772767e-04
18498,85.352825,35,9.793645e-04
18499,85.356326,35,9.815223e-04
18500,85.359828,35,9.840218e-04
18501,85.363330,35,9.859382e-04
18502,85.366832,35,9.879387e-04
18503,85.370333,35,9.918206e-04
18504,85.373835,35,9.981307e-04
18505,85.377336,36,8.406308e-04
18506,85.380837,36,8.433651e-04
18507,85.384338,36,8.466931e-04
18508,85.387839,36,8.500183e-04
18509,85.391340,36,8.528830e-04
18510,85.394840,36,8.552952e-04
18511,85.398341,36,8.574837e-04
18512,85.401841,36,8.593338e-04
18513,85.405341,36,8.607921e-04
18514,85.408841,36,8.614041e-04
18515,85.412341,36,8.626119e-04
18516,85.415840,36,8.636661e-04
18517,85.419339,36,8.648377e-04
18518,85.422839,36,8.657890e-04
18519,85.426337,36,8.663328e-04
18520,85.429836,36,8.662045e-04
18521,85.433335,36,8.659956e-04
18522,85.436833,36,8.676412e-04
18523,85.440331,36,8.680817e-04
18524,85.443829,36,8.679421e-04
18525,85.447326,36,8.682101e-04
18526,85.450824,36,8.675036e-04
18527,85.454321,36,8.666845e-04
18528,85.457817,36,8.655467e-04
18529,85.461314,36,8.646911e-04
18530,85.464810,36,8.635108e-04
18531,85.468306,36,8.621301e-04
18532,85.471802,36,8.621135e-04
18533,85.475297,36,8.603451e-04
18534,85.478792,36,8.600850e-04
18535,85.482287,36,8.607500e-04
18536,85.485781,36,8.600214e-04
18537,85.489275,36,8.587964e-04
18538,85.492769,36,8.569513e-04
18539,85.496263,36,8.554452e-04
18540,85.499756,36,8.548045e-04
18541,85.503248,36,8.541011e-04
18542,85.506741,36,8.526248e-04
18543,85.510233,36,8.509676e-04
18544,85.513724,36,8.491324e-04
18545,85.517215,36,8.468537e-04
18546,85.520706,36,8.442732e-04
18547,85.524197,36,8.420170e-04
18548,85.527687,36,8.398123e-04
18549,85.531176,35,9.965501e-04
18550,85.534665,35,9.933630e-04
18551,85.538154,35,9.896517e-04
18552,85.541642,35,9.855888e-04
18553,85.545130,35,9.813684e-04
18554,85.548617,35,9.767753e-04
18555,85.552104,35,9.719484e-04
18556,85.555590,35,9.668204e-04
18557,85.559076,35,9.615140e-04
18558,85.562561,35,9.559065e-04
18559,85.566046,35,9.504173e-04
18560,85.569530,35,9.446522e-04
18561,85.573014,35,9.395449e-04
18562,85.576497,35,9.347027e-04
18563,85.579980,35,9.293235e-04
18564,85.583462,35,9.234529e-04
18565,85.586943,35,9.184633e-04
18566,85.590424,35,9.143693e-04
18567,85.593904,35,9.114162e-04
18568,85.597384,35,9.077952e-04
18569,85.600863,35,9.040124e-04
18570,85.604341,35,9.012199e-04
18571,85.607819,35,9.004959e-04
18572,85.611296,35,8.991096e-04
18573,85.614772,35,8.974171e-04
18574,85.618248,35,8.955297e-04
18575,85.621723,35,8.951665e-04
18576,85.625197,35,8.972901e-04
18577,85.628671,35,8.994811e-04
18578,85.632143,35,9.005067e-04
18579,85.635616,35,9.016553e-04
18580,85.639087,35,9.038845e-04
18581,85.642557,35,9.077850e-04
18582,85.646027,35,9.109386e-04
18583,85.649496,35,9.150293e-04
18584,85.652964,35,9.193002e-04
18585,85.656432,35,9.246348e-04
18586,85.659898,35,9.293272e-04
18587,85.663364,35,9.349247e-04
18588,85.666829,35,9.399220e-04
18589,85.670293,35,9.449024e-04
18590,85.673756,35,9.498975e-04
18591,85.677218,35,9.548025e-04
18592,85.680679,35,9.597701e-04
18593,85.684139,35,9.649087e-04
18594,85.687598,35,9.698949e-04
18595,85.691057,35,9.755959e-04
18596,85.694514,35,9.801064e-04
18597,85.697970,35,9.845110e-04
18598,85.701426,35,9.887843e-04
18599,85.704880,35,9.928324e-04
18600,85.708333,35,9.981008e-04
18601,85.711786,36,8.427776e-04
18602,85.715237,36,8.451547e-04
18603,85.718687,36,8.470164e-04
18604,85.722136,36,8.485501e-04
18605,85.725584,36,8.504111e-04
18606,85.729031,36,8.510568e-04
18607,85.732476,36,8.512261e-04
18608,85.735921,36,8.506623e-04
18609,85.739364,36,8.498162e-04
18610,85.742806,36,8.480327e-04
18611,85.746247,36,8.460660e-04
18612,85.749687,36,8.437116e-04
18613,85.753125,36,8.406087e-04
18614,85.756562,35,9.979173e-04
18615,85.759998,35,9.948449e-04
18616,85.763433,35,9.927229e-04
18617,85.766866,35,9.922242e-04
18618,85.770298,35,9.918338e-04
18619,85.773729,35,9.892328e-04
18620,85.777158,35,9.857266e-04
18621,85.780587,35,9.823511e-04
18622,85.784013,35,9.786602e-04
18623,85.787438,35,9.749704e-04
18624,85.790862,35,9.712649e-04
18625,85.794285,35,9.674712e-04
18626,85.797706,35,9.635147e-04
18627,85.801125,35,9.600838e-04
18628,85.804544,35,9.566679e-04
18629,85.807960,35,9.538552e-04
18630,85.811376,35,9.499567e-04
18631,85.814789,35,9.458527e-04
18632,85.818201,35,9.415728e-04
18633,85.821612,35,9.374206e-04
18634,85.825021,35,9.334053e-04
18635,85.828429,35,9.297188e-04
18636,85.831835,35,9.253891e-04
18637,85.835240,35,9.208746e-04
18638,85.838642,35,9.162779e-04
18639,85.842044,35,9.116394e-04
18640,85.845444,35,9.069173e-04
18641,85.848842,35,9.020958e-04
18642,85.852238,35,8.971020e-04
18643,85.855633,35,8.924215e-04
18644,85.859026,35,8.876961e-04
18645,85.862418,35,8.833380e-04
18646,85.865808,35,8.804141e-04
18647,85.869197,35,8.769606e-04
18648,85.872583,35,8.734669e-04
18649,85.875968,35,8.706747e-04
18650,85.879352,35,8.677651e-04
18651,85.882733,35,8.653066e-04
18652,85.886113,35,8.637075e-04
18653,85.889492,35,8.626601e-04
18654,85.892869,35,8.618796e-04
18655,85.896244,35,8.627854e-04
18656,85.899617,35,8.634314e-04
18657,85.902989,35,8.633546e-04
18658,85.906359,35,8.631986e-04
18659,85.909727,35,8.655570e-04
18660,85.913094,35,8.678113e-04
18661,85.916459,35,8.704326e-04
18662,85.919822,35,8.731620e-04
18663,85.923184,35,8.765818e-04
18664,85.926544,35,8.792978e-04
18665,85.929902,35,8.817934e-04
18666,85.933259,35,8.847322e-04
18667,85.936614,35,8.875213e-04
18668,85.939968,35,8.901904e-04
18669,85.943320,35,8.932244e-04
18670,85.946670,35,8.962683e-04
18671,85.950019,35,9.017083e-04
18672,85.953366,35,9.052381e-04
18673,85.956712,35,9.085638e-04
18674,85.960056,35,9.117715e-04
18675,85.963399,35,9.144123e-04
18676,85.966740,35,9.173839e-04
18677,85.970080,35,9.219640e-04
18678,85.973418,35,9.257449e-04
18679,85.976755,35,9.285516e-04
18680,85.980091,35,9.312152e-04
18681,85.983425,35,9.335804e-04
18682,85.986757,35,9.356698e-04
18683,85.990089,35,9.368452e-04
18684,85.993419,35,9.372679e-04
18685,85.996748,35,9.382701e-04
18686,86.000075,35,9.388799e-04
18687,86.003402,35,9.391825e-04
18688,86.006727,35,9.403094e-04
18689,86.010051,35,9.407051e-04
18690,86.013373,35,9.405233e-04
18691,86.016695,35,9.398140e-04
18692,86.020016,35,9.391990e-04
18693,86.023335,35,9.383867e-04
18694,86.026654,35,9.373462e-04
18695,86.029972,35,9.358719e-04
18696,86.033288,35,9.349586e-04
18697,86.036604,35,9.333150e-04
18698,86.039919,35,9.312102e-04
18699,86.043233,35,9.302130e-04
18700,86.046547,35,9.283810e-04
18701,86.049860,35,9.264348e-04
18702,86.053171,35,9.255409e-04
18703,86.056483,35,9.240771e-04
18704,86.059793,35,9.217008e-04
18705,86.063104,35,9.194650e-04
18706,86.066413,35,9.175528e-04
18707,86.069722,35,9.155565e-04
18708,86.073031,35,9.135178e-04
18709,86.076339,35,9.120557e-04
18710,86.079647,35,9.096223e-04
18711,86.082954,35,9.071439e-04
18712,86.086261,35,9.047425e-04
18713,86.089568,35,9.023885e-04
18714,86.092875,35,9.000604e-04
18715,86.096182,35,8.979208e-04
18716,86.099488,35,8.956758e-04
18717,86.102795,35,8.955482e-04
18718,86.106101,35,8.948728e-04
18719,86.109407,35,8.936154e-04
18720,86.112714,35,8.919252e-04
18721,86.116020,35,8.901071e-04
18722,86.119327,35,8.885086e-04
18723,86.122634,35,8.871045e-04
18724,86.125941,35,8.859965e-04
18725,86.129248,35,8.864851e-04
18726,86.132556,35,8.860325e-04
18727,86.135864,35,8.846887e-04
18728,86.139172,35,8.838761e-04
18729,86.142481,35,8.833012e-04
18730,86.145790,35,8.841620e-04
18731,86.149100,35,8.839877e-04
18732,86.152410,35,8.837833e-04
18733,86.155721,35,8.835322e-04
18734,86.159032,35,8.831664e-04
18735,86.162344,35,8.834096e-04
18736,86.165657,35,8.831599e-04
18737,86.168970,35,8.847024e-04
18738,86.172285,35,8.857648e-04
18739,86.175600,35,8.874504e-04
18740,86.178916,35,8.883998e-04
18741,86.182232,35,8.895725e-04
18742,86.185550,35,8.905738e-04
18743,86.188868,35,8.917564e-04
18744,86.192188,35,8.923094e-04
18745,86.195508,35,8.935708e-04
18746,86.198829,35,8.948702e-04
18747,86.202152,35,8.972365e-04
18748,86.205475,35,8.990295e-04
18749,86.208800,35,9.002764e-04
18750,86.212126,35,9.009842e-04
18751,86.215452,35,9.020788e-04
18752,86.218780,35,9.032169e-04
18753,86.222110,35,9.044809e-04
18754,86.225440,35,9.059830e-04
18755,86.228772,35,9.080818e-04
18756,86.232104,35,9.090692e-04
18757,86.235439,35,9.102786e-04
18758,86.238774,35,9.112606e-04
18759,86.242111,35,9.117955e-04
18760,86.245449,35,9.127035e-04
18761,86.248788,35,9.136358e-04
18762,86.252129,35,9.134918e-04
18763,86.255471,35,9.130204e-04
18764,86.258815,35,9.123860e-04
18765,86.262160,35,9.114016e-04
18766,86.265506,35,9.101144e-04
18767,86.268854,35,9.085930e-04
18768,86.272204,35,9.071123e-04
18769,86.275554,35,9.053635e-04
18770,86.278907,35,9.026656e-04
18771,86.282260,35,9.004865e-04
18772,86.285616,35,8.981685e-04
18773,86.288973,35,8.956679e-04
18774,86.292331,35,8.933939e-04
18775,86.295691,35,8.919850e-04
18776,86.299052,35,8.890989e-04
18777,86.302415,35,8.865897e-04
18778,86.305779,35,8.839782e-04
18779,86.309146,35,8.809723e-04
18780,86.312513,35,8.783184e-04
18781,86.315882,35,8.753162e-04
18782,86.319253,35,8.716262e-04
18783,86.322625,35,8.679071e-04
18784,86.325999,35,8.649167e-04
18785,86.329375,35,8.633919e-04
18786,86.332752,35,8.612091e-04
18787,86.336130,35,8.597819e-04
18788,86.339511,35,8.581031e-04
18789,86.342892,35,8.567666e-04
18790,86.346276,35,8.551954e-04
18791,86.349661,35,8.528984e-04
18792,86.353047,35,8.509515e-04
18793,86.356435,35,8.492822e-04
18794,86.359825,35,8.475273e-04
18795,86.363216,35,8.457131e-04
18796,86.366609,35,8.444039e-04
18797,86.370004,35,8.436999e-04
18798,86.373400,35,8.434167e-04
18799,86.376797,35,8.438754e-04
18800,86.380196,35,8.439444e-04
18801,86.383597,35,8.443098e-04
18802,86.386999,35,8.441165e-04
18803,86.390403,35,8.440394e-04
18804,86.393808,35,8.446193e-04
18805,86.397215,35,8.440416e-04
18806,86.400624,35,8.440545e-04
18807,86.404034,35,8.446662e-04
18808,86.407445,35,8.467269e-04
18809,86.410858,35,8.481075e-04
18810,86.414272,35,8.494616e-04
18811,86.417688,35,8.509446e-04
18812,86.421106,35,8.524575e-04
18813,86.424525,35,8.532998e-04
18814,86.427945,35,8.555732e-04
18815,86.431367,35,8.576476e-04
18816,86.434790,35,8.609906e-04
18817,86.438215,35,8.629178e-04
18818,86.441641,35,8.651587e-04
18819,86.445069,35,8.673277e-04
18820,86.448498,35,8.702635e-04
18821,86.451928,35,8.739796e-04
18822,86.455360,35,8.768898e-04
18823,86.458793,35,8.797929e-04
18824,86.462228,35,8.824394e-04
18825,86.465664,35,8.850174e-04
18826,86.469101,35,8.884219e-04
18827,86.472540,35,8.918437e-04
18828,86.475980,35,8.960248e-04
18829,86.479421,35,8.997450e-04
18830,86.482864,35,9.039499e-04
18831,86.486308,35,9.087273e-04
18832,86.489753,35,9.131991e-04
18833,86.493200,35,9.167523e-04
18834,86.496647,35,9.199731e-04
18835,86.500096,35,9.234659e-04
18836,86.503547,35,9.271245e-04
18837,86.506998,35,9.315581e-04
18838,86.510451,35,9.355420e-04
18839,86.513905,35,9.395727e-04
18840,86.517360,35,9.436636e-04
18841,86.520817,35,9.467280e-04
18842,86.524275,35,9.501848e-04
18843,86.527733,35,9.528396e-04
18844,86.531193,35,9.547950e-04
18845,86.534654,35,9.572213e-04
18846,86.538117,35,9.591185e-04
18847,86.541580,35,9.609995e-04
18848,86.545044,35,9.614188e-04
18849,86.548510,35,9.613815e-04
18850,86.551977,35,9.610830e-04
18851,86.555444,35,9.607089e-04
18852,86.558913,35,9.601600e-04
18853,86.562383,35,9.591281e-04
18854,86.565854,35,9.579529e-04
18855,86.569326,35,9.566419e-04
18856,86.572799,35,9.556123e-04
18857,86.576273,35,9.543129e-04
18858,86.579748,35,9.529568e-04
18859,86.583224,35,9.522954e-04
18860,86.586701,35,9.507939e-04
18861,86.590179,35,9.486386e-04
18862,86.593658,35,9.461152e-04
18863,86.597138,35,9.434289e-04
18864,86.600618,35,9.402769e-04
18865,86.604100,35,9.359829e-04
18866,86.607583,35,9.321786e-04
18867,86.611066,35,9.271615e-04
18868,86.614551,35,9.236098e-04
18869,86.618036,35,9.205649e-04
18870,86.621522,35,9.166386e-04
18871,86.625009,35,9.148221e-04
18872,86.628497,35,9.107965e-04
18873,86.631986,35,9.063355e-04
18874,86.635475,35,9.023394e-04
18875,86.638965,35,8.989702e-04
18876,86.642456,35,8.955881e-04
18877,86.645948,35,8.929070e-04
18878,86.649441,35,8.897484e-04
18879,86.652934,35,8.875071e-04
18880,86.656429,35,8.846488e-04
18881,86.659924,35,8.817734e-04
18882,86.663419,35,8.783227e-04
18883,86.666916,35,8.762490e-04
18884,86.670413,35,8.742149e-04
18885,86.673911,35,8.737264e-04
18886,86.677410,35,8.737191e-04
18887,86.680909,35,8.725102e-04
18888,86.684409,35,8.709321e-04
18889,86.687909,35,8.714652e-04
18890,86.691411,35,8.716762e-04
18891,86.694913,35,8.725508e-04
18892,86.698415,35,8.725079e-04
18893,86.701918,35,8.729088e-04
18894,86.705422,35,8.732560e-04
18895,86.708927,35,8.736455e-04
18896,86.712432,35,8.743816e-04
18897,86.715938,35,8.749203e-04
18898,86.719444,35,8.755395e-04
18899,86.722951,35,8.766132e-04
18900,86.726458,35,8.779474e-04
18901,86.729966,35,8.791943e-04
18902,86.733475,35,8.804437e-04
18903,86.736984,35,8.811115e-04
18904,86.740493,35,8.827701e-04
18905,86.744004,35,8.848203e-04
18906,86.747514,35,8.868580e-04
18907,86.751025,35,8.889337e-04
18908,86.754537,35,8.911859e-04
18909,86.758049,35,8.936325e-04
18910,86.761562,35,8.955140e-04
18911,86.765075,35,8.976828e-04
18912,86.768589,35,9.005132e-04
18913,86.772103,35,9.035906e-04
18914,86.775618,35,9.063042e-04
18915,86.779133,35,9.091563e-04
18916,86.782648,35,9.129656e-04
18917,86.786164,35,9.149113e-04
18918,86.789680,35,9.170896e-04
18919,86.793197,35,9.206931e-04
18920,86.796714,35,9.230861e-04
18921,86.800232,35,9.251296e-04
18922,86.803750,35,9.271849e-04
18923,86.807268,35,9.288450e-04
18924,86.810787,35,9.305841e-04
18925,86.814306,35,9.324335e-04
18926,86.817826,35,9.352630e-04
18927,86.821346,35,9.374111e-04
18928,86.824866,35,9.395963e-04
18929,86.828386,35,9.413829e-04
18930,86.831907,35,9.435869e-04
18931,86.835429,35,9.463585e-04
18932,86.838950,35,9.491701e-04
18933,86.842472,35,9.523483e-04
18934,86.845994,35,9.564883e-04
18935,86.849517,35,9.609807e-04
18936,86.853040,35,9.640529e-04
18937,86.856563,35,9.668776e-04
18938,86.860087,35,9.695182e-04
18939,86.863610,35,9.715655e-04
18940,86.867135,35,9.731218e-04
18941,86.870659,35,9.744568e-04
18942,86.874184,35,9.764055e-04
18943,86.877708,35,9.781985e-04
18944,86.881234,35,9.791611e-04
18945,86.884759,35,9.792777e-04
18946,86.888285,35,9.796093e-04
18947,86.891811,35,9.795334e-04
18948,86.895337,35,9.791106e-04
18949,86.898863,35,9.786147e-04
18950,86.902390,35,9.769480e-04
18951,86.905917,35,9.756138e-04
18952,86.909444,35,9.739467e-04
18953,86.912971,35,9.717387e-04
18954,86.916499,35,9.698397e-04
18955,86.920027,35,9.671512e-04
18956,86.923555,35,9.636884e-04
18957,86.927083,35,9.596405e-04
18958,86.930611,35,9.544175e-04
18959,86.934140,35,9.493161e-04
18960,86.937668,35,9.444771e-04
18961,86.941197,35,9.392306e-04
18962,86.944726,35,9.354246e-04
18963,86.948255,35,9.315959e-04
18964,86.951785,35,9.278613e-04
18965,86.955314,35,9.235016e-04
18966,86.958844,35,9.194789e-04
18967,86.962374,35,9.148884e-04
18968,86.965904,35,9.107025e-04
18969,86.969434,35,9.062040e-04
18970,86.972965,35,9.030348e-04
18971,86.976495,35,9.003707e-04
18972,86.980026,35,8.970257e-04
18973,86.983556,35,8.937335e-04
18974,86.987087,35,8.904043e-04
18975,86.990618,35,8.878288e-04
18976,86.994149,35,8.847833e-04
18977,86.997680,35,8.818417e-04
18978,87.001212,35,8.790225e-04
18979,87.004743,35,8.763941e-04
18980,87.008275,35,8.742141e-04
18981,87.011806,35,8.722183e-04
18982,87.015338,35,8.702449e-04
18983,87.018870,35,8.686771e-04
18984,87.022402,35,8.668019e-04
18985,87.025934,35,8.649307e-04
18986,87.029466,35,8.631680e-04
18987,87.032998,35,8.609234e-04
18988,87.036530,35,8.593901e-04
18989,87.040062,35,8.580889e-04
18990,87.043594,35,8.572424e-04
18991,87.047127,35,8.572850e-04
18992,87.050659,35,8.561383e-04
18993,87.054192,35,8.556022e-04
18994,87.057724,35,8.547819e-04
18995,87.061257,35,8.538098e-04
18996,87.064790,35,8.525913e-04
18997,87.068322,35,8.511435e-04
18998,87.071855,35,8.504949e-04
18999,87.075388,35,8.491828e-04
19000,87.078920,35,8.509604e-04
19001,87.082453,35,8.508255e-04
19002,87.085986,35,8.509511e-04
19003,87.089519,35,8.526257e-04
19004,87.093052,35,8.529061e-04
19005,87.096585,35,8.539619e-04
19006,87.100118,35,8.548046e-04
19007,87.103650,35,8.557849e-04
19008,87.107183,35,8.568691e-04
19009,87.110716,35,8.574689e-04
19010,87.114249,35,8.571536e-04
19011,87.117782,35,8.579170e-04
19012,87.121315,35,8.584740e-04
19013,87.124848,35,8.591482e-04
19014,87.128381,35,8.610238e-04
19015,87.131914,35,8.622612e-04
19016,87.135447,35,8.636287e-04
19017,87.138979,35,8.649660e-04
19018,87.142512,35,8.669299e-04
19019,87.146045,35,8.700178e-04
19020,87.149578,35,8.734169e-04
19021,87.153110,35,8.771771e-04
19022,87.156643,35,8.820033e-04
19023,87.160176,35,8.865761e-04
19024,87.163708,35,8.900835e-04
19025,87.167241,35,8.942004e-04
19026,87.170774,35,8.994831e-04
19027,87.174306,35,9.036362e-04
19028,87.177838,35,9.077938e-04
19029,87.181371,35,9.131270e-04
19030,87.184903,35,9.176211e-04
19031,87.188435,35,9.216739e-04
19032,87.191968,35,9.256576e-04
19033,87.195500,35,9.295084e-04
19034,87.199032,35,9.324747e-04
19035,87.202564,35,9.345310e-04
19036,87.206096,35,9.386073e-04
19037,87.209628,35,9.438592e-04
19038,87.213159,35,9.500345e-04
19039,87.216691,35,9.555003e-04
19040,87.220223,35,9.595708e-04
19041,87.223754,35,9.635822e-04
19042,87.227286,35,9.680410e-04
19043,87.230817,35,9.710375e-04
19044,87.234348,35,9.734109e-04
19045,87.237880,35,9.745965e-04
19046,87.241411,35,9.754684e-04
19047,87.244942,35,9.757402e-04
19048,87.248472,35,9.755177e-04
19049,87.252003,35,9.748732e-04
19050,87.255534,35,9.739484e-04
19051,87.259064,35,9.730223e-04
19052,87.262595,35,9.719281e-04
19053,87.266125,35,9.703024e-04
19054,87.269655,35,9.684164e-04
19055,87.273185,35,9.659203e-04
19056,87.276715,35,9.633395e-04
19057,87.280245,35,9.603263e-04
19058,87.283775,35,9.570212e-04
19059,87.287305,35,9.534953e-04
19060,87.290834,35,9.495370e-04
19061,87.294363,35,9.458097e-04
19062,87.297892,35,9.417208e-04
19063,87.301421,35,9.372786e-04
19064,87.304950,35,9.335300e-04
19065,87.308479,35,9.292879e-04
19066,87.312008,35,9.244723e-04
19067,87.315536,35,9.193015e-04
19068,87.319064,35,9.141085e-04
19069,87.322593,35,9.088963e-04
19070,87.326120,35,9.037279e-04
19071,87.329648,35,8.988919e-04
19072,87.333176,35,8.939757e-04
19073,87.336703,35,8.888189e-04
19074,87.340231,35,8.836245e-04
19075,87.343758,35,8.787575e-04
19076,87.347285,35,8.738716e-04
19077,87.350811,35,8.684625e-04
19078,87.354338,35,8.640857e-04
19079,87.357864,35,8.601379e-04
19080,87.361391,35,8.581052e-04
19081,87.364917,35,8.539780e-04
19082,87.368442,35,8.493626e-04
19083,87.371968,35,8.454509e-04
19084,87.375493,35,8.415546e-04
19085,87.379019,34,9.975573e-04
19086,87.382544,34,9.939676e-04
19087,87.386068,34,9.909595e-04
19088,87.389593,34,9.872018e-04
19089,87.393117,34,9.834557e-04
19090,87.396642,34,9.808669e-04
19091,87.400165,34,9.786645e-04
19092,87.403689,34,9.759272e-04
19093,87.407213,34,9.739158e-04
19094,87.410736,34,9.723978e-04
19095,87.414259,34,9.705041e-04
19096,87.417781,34,9.689954e-04
19097,87.421304,34,9.675054e-04
19098,87.424826,34,9.665383e-04
19099,87.428348,34,9.658446e-04
19100,87.431870,34,9.662720e-04
19101,87.435391,34,9.662371e-04
19102,87.438913,34,9.683361e-04
19103,87.442433,34,9.710491e-04
19104,87.445954,34,9.746898e-04
19105,87.449475,34,9.771261e-04
19106,87.452995,34,9.801743e-04
19107,87.456514,34,9.849782e-04
19108,87.460034,34,9.911237e-04
19109,87.463553,34,9.957273e-04
19110,87.467072,35,8.384641e-04
19111,87.470591,35,8.450511e-04
19112,87.474109,35,8.493097e-04
19113,87.477627,35,8.539194e-04
19114,87.481145,35,8.589807e-04
19115,87.484662,35,8.644191e-04
19116,87.488179,35,8.700853e-04
19117,87.491696,35,8.755683e-04
19118,87.495212,35,8.808327e-04
19119,87.498728,35,8.861811e-04
19120,87.502244,35,8.907421e-04
19121,87.505759,35,8.963963e-04
19122,87.509274,35,9.027194e-04
19123,87.512789,35,9.081826e-04
19124,87.516303,35,9.140307e-04
19125,87.519817,35,9.199076e-04
19126,87.523330,35,9.249463e-04
19127,87.526843,35,9.296391e-04
19128,87.530356,35,9.338054e-04
19129,87.533869,35,9.375011e-04
19130,87.537380,35,9.412305e-04
19131,87.540892,35,9.446286e-04
19132,87.544403,35,9.473649e-04
19133,87.547914,35,9.493747e-04
19134,87.551424,35,9.511292e-04
19135,87.554934,35,9.527971e-04
19136,87.558443,35,9.542291e-04
19137,87.561952,35,9.551688e-04
19138,87.565461,35,9.556658e-04
19139,87.568969,35,9.557579e-04
19140,87.572476,35,9.552158e-04
19141,87.575983,35,9.547010e-04
19142,87.579490,35,9.526306e-04
19143,87.582996,35,9.513632e-04
19144,87.586502,35,9.497214e-04
19145,87.590007,35,9.475502e-04
19146,87.593511,35,9.445686e-04
19147,87.597015,35,9.409535e-04
19148,87.600519,35,9.370084e-04
19149,87.604022,35,9.327049e-04
19150,87.607524,35,9.280638e-04
19151,87.611026,35,9.231052e-04
19152,87.614528,35,9.179721e-04
19153,87.618028,35,9.125618e-04
19154,87.621529,35,9.071050e-04
19155,87.625028,35,9.012676e-04
19156,87.628527,35,8.956245e-04
19157,87.632026,35,8.899385e-04
19158,87.635523,35,8.837824e-04
19159,87.639021,35,8.783294e-04
19160,87.642517,35,8.734081e-04
19161,87.646013,35,8.677997e-04
19162,87.649508,35,8.636596e-04
19163,87.653003,35,8.584085e-04
19164,87.656497,35,8.536784e-04
19165,87.659990,35,8.496241e-04
19166,87.663482,35,8.455243e-04
19167,87.666974,35,8.413272e-04
19168,87.670465,34,9.989994e-04
19169,87.673955,34,9.948596e-04
19170,87.677445,34,9.923530e-04
19171,87.680934,34,9.884214e-04
19172,87.684422,34,9.849368e-04
19173,87.687909,34,9.808442e-04
19174,87.691395,34,9.778911e-04
19175,87.694881,34,9.754343e-04
19176,87.698366,34,9.734379e-04
19177,87.701849,34,9.717410e-04
19178,87.705332,34,9.707067e-04
19179,87.708815,34,9.699699e-04
19180,87.712296,34,9.686702e-04
19181,87.715776,34,9.678793e-04
19182,87.719256,34,9.677456e-04
19183,87.722734,34,9.670592e-04
19184,87.726212,34,9.676772e-04
19185,87.729688,34,9.697374e-04
19186,87.733164,34,9.727465e-04
19187,87.736638,34,9.748202e-04
19188,87.740112,34,9.773414e-04
19189,87.743584,34,9.814192e-04
19190,87.747056,34,9.831530e-04
19191,87.750526,34,9.859721e-04
19192,87.753995,34,9.892594e-04
19193,87.757463,34,9.937706e-04
19194,87.760930,34,9.980961e-04
19195,87.764396,35,8.468679e-04
19196,87.767861,35,8.512510e-04
19197,87.771324,35,8.541616e-04
19198,87.774786,35,8.571071e-04
19199,87.778247,35,8.605890e-04
19200,87.781707,35,8.640531e-04
19201,87.785165,35,8.665126e-04
19202,87.788623,35,8.691647e-04
19203,87.792078,35,8.719082e-04
19204,87.795533,35,8.750185e-04
19205,87.798986,35,8.785683e-04
19206,87.802437,35,8.819188e-04
19207,87.805887,35,8.838934e-04
19208,87.809336,35,8.855221e-04
19209,87.812783,35,8.872473e-04
19210,87.816229,35,8.887576e-04
19211,87.819673,35,8.897695e-04
19212,87.823115,35,8.906470e-04
19213,87.826556,35,8.926977e-04
19214,87.829995,35,8.936826e-04
19215,87.833433,35,8.945517e-04
19216,87.836869,35,8.948438e-04
19217,87.840303,35,8.957689e-04
19218,87.843736,35,8.960397e-04
19219,87.847166,35,8.961390e-04
19220,87.850595,35,8.962037e-04
19221,87.854022,35,8.960110e-04
19222,87.857447,35,8.954691e-04
19223,87.860870,35,8.951872e-04
19224,87.864291,35,8.940307e-04
19225,87.867711,35,8.921181e-04
19226,87.871128,35,8.909722e-04
19227,87.874543,35,8.894446e-04
19228,87.877956,35,8.872082e-04
19229,87.881367,35,8.855216e-04
19230,87.884776,35,8.857249e-04
19231,87.888182,35,8.840876e-04
19232,87.891587,35,8.821751e-04
19233,87.894989,35,8.807644e-04
19234,87.898389,35,8.785169e-04
19235,87.901786,35,8.760868e-04
19236,87.905181,35,8.734239e-04
19237,87.908574,35,8.702667e-04
19238,87.911964,35,8.673491e-04
19239,87.915351,35,8.644214e-04
19240,87.918736,35,8.612912e-04
19241,87.922119,35,8.583410e-04
19242,87.925499,35,8.551134e-04
19243,87.928876,35,8.522607e-04
19244,87.932250,35,8.497220e-04
19245,87.935622,35,8.474807e-04
19246,87.938991,35,8.461607e-04
19247,87.942357,35,8.443092e-04
19248,87.945720,35,8.423461e-04
19249,87.949081,35,8.400654e-04
19250,87.952438,34,9.988862e-04
19251,87.955792,34,9.967633e-04
19252,87.959144,34,9.955368e-04
19253,87.962492,34,9.940909e-04
19254,87.965837,34,9.916312e-04
19255,87.969179,34,9.903592e-04
19256,87.972518,34,9.898975e-04
19257,87.975854,34,9.886719e-04
19258,87.979186,34,9.882968e-04
19259,87.982516,34,9.875617e-04
19260,87.985841,34,9.855346e-04
19261,87.989164,34,9.845177e-04
19262,87.992483,34,9.837660e-04
19263,87.995798,34,9.840872e-04
19264,87.999111,34,9.846168e-04
19265,88.002419,34,9.841696e-04
19266,88.005725,34,9.841189e-04
19267,88.009026,34,9.842558e-04
19268,88.012324,34,9.838284e-04
19269,88.015619,34,9.839324e-04
19270,88.018910,34,9.849929e-04
19271,88.022197,34,9.852141e-04
19272,88.025481,34,9.854243e-04
19273,88.028761,34,9.855565e-04
19274,88.032037,34,9.849667e-04
19275,88.035310,34,9.848830e-04
19276,88.038579,34,9.853524e-04
19277,88.041844,34,9.861946e-04
19278,88.045106,34,9.883392e-04
19279,88.048364,34,9.894384e-04
19280,88.051618,34,9.905902e-04
19281,88.054869,34,9.903705e-04
19282,88.058116,34,9.908092e-04
19283,88.061359,34,9.915178e-04
19284,88.064599,34,9.920408e-04
19285,88.067835,34,9.929597e-04
19286,88.071067,34,9.931593e-04
19287,88.074296,34,9.927205e-04
19288,88.077521,34,9.927886e-04
19289,88.080743,34,9.922781e-04
19290,88.083961,34,9.919370e-04
19291,88.087175,34,9.927778e-04
19292,88.090386,34,9.933775e-04
19293,88.093594,34,9.926479e-04
19294,88.096799,34,9.917876e-04
19295,88.100000,34,9.907180e-04
19296,88.103198,34,9.893955e-04
19297,88.106392,34,9.880291e-04
19298,88.109584,34,9.863351e-04
19299,88.112772,34,9.844921e-04
19300,88.115958,34,9.825154e-04
19301,88.119140,34,9.799441e-04
19302,88.122319,34,9.777680e-04
19303,88.125496,34,9.755913e-04
19304,88.128670,34,9.727347e-04
19305,88.131841,34,9.704127e-04
19306,88.135010,34,9.681168e-04
19307,88.138176,34,9.665689e-04
19308,88.141340,34,9.639237e-04
19309,88.144501,34,9.621425e-04
19310,88.147660,34,9.592506e-04
19311,88.150817,34,9.559259e-04
19312,88.153972,34,9.522412e-04
19313,88.157125,34,9.493888e-04
19314,88.160275,34,9.463975e-04
19315,88.163424,34,9.435715e-04
19316,88.166572,34,9.402594e-04
19317,88.169717,34,9.377526e-04
19318,88.172862,34,9.361731e-04
19319,88.176004,34,9.340988e-04
19320,88.179146,34,9.320304e-04
19321,88.182286,34,9.293193e-04
19322,88.185425,34,9.279633e-04
19323,88.188563,34,9.264094e-04
19324,88.191699,34,9.242219e-04
19325,88.194836,34,9.222416e-04
19326,88.197971,34,9.200091e-04
19327,88.201106,34,9.179434e-04
19328,88.204240,34,9.157970e-04
19329,88.207373,34,9.138199e-04
19330,88.210506,34,9.118165e-04
19331,88.213639,34,9.100001e-04
19332,88.216772,34,9.082323e-04
19333,88.219904,34,9.060600e-04
19334,88.223037,34,9.043911e-04
19335,88.226170,34,9.028294e-04
19336,88.229302,34,9.012309e-04
19337,88.232435,34,9.007309e-04
19338,88.235568,34,9.005849e-04
19339,88.238702,34,9.002329e-04
19340,88.241836,34,9.006664e-04
19341,88.244971,34,9.005569e-04
19342,88.248106,34,9.006882e-04
19343,88.251242,34,9.009419e-04
19344,88.254378,34,9.026740e-04
19345,88.257516,34,9.054898e-04
19346,88.260654,34,9.067609e-04
19347,88.263793,34,9.091884e-04
19348,88.266934,34,9.103921e-04
19349,88.270075,34,9.116917e-04
19350,88.273217,34,9.128943e-04
19351,88.276361,34,9.140149e-04
19352,88.279506,34,9.156990e-04
19353,88.282652,34,9.175346e-04
19354,88.285799,34,9.193627e-04
19355,88.288948,34,9.225245e-04
19356,88.292098,34,9.250030e-04
19357,88.295250,34,9.274635e-04
19358,88.298403,34,9.301870e-04
19359,88.301557,34,9.326618e-04
19360,88.304713,34,9.360446e-04
19361,88.307871,34,9.388304e-04
19362,88.311030,34,9.411481e-04
19363,88.314191,34,9.429190e-04
19364,88.317354,34,9.466830e-04
19365,88.320518,34,9.492337e-04
19366,88.323684,34,9.520411e-04
19367,88.326852,34,9.553474e-04
19368,88.330021,34,9.594500e-04
19369,88.333193,34,9.626290e-04
19370,88.336366,34,9.652658e-04
19371,88.339540,34,9.674127e-04
19372,88.342717,34,9.694599e-04
19373,88.345895,34,9.714085e-04
19374,88.349075,34,9.728428e-04
19375,88.352257,34,9.733304e-04
19376,88.355441,34,9.739132e-04
19377,88.358627,34,9.747196e-04
19378,88.361814,34,9.754087e-04
19379,88.365003,34,9.759782e-04
19380,88.368194,34,9.763248e-04
19381,88.371387,34,9.779313e-04
19382,88.374582,34,9.782913e-04
19383,88.377778,34,9.779869e-04
19384,88.380976,34,9.773367e-04
19385,88.384176,34,9.763415e-04
19386,88.387378,34,9.746111e-04
19387,88.390582,34,9.731589e-04
19388,88.393787,34,9.716062e-04
19389,88.396994,34,9.694264e-04
19390,88.400202,34,9.672171e-04
19391,88.403413,34,9.650578e-04
19392,88.406625,34,9.634216e-04
19393,88.409838,34,9.610991e-04
19394,88.413053,34,9.584194e-04
19395,88.416270,34,9.559384e-04
19396,88.419489,34,9.533771e-04
19397,88.422709,34,9.502233e-04
19398,88.425930,34,9.470666e-04
19399,88.429153,34,9.430497e-04
19400,88.432378,34,9.394116e-04
19401,88.435604,34,9.359063e-04
19402,88.438831,34,9.323579e-04
19403,88.442060,34,9.292232e-04
19404,88.445290,34,9.264598e-04
19405,88.448521,34,9.236371e-04
19406,88.451754,34,9.206906e-04
19407,88.454988,34,9.181547e-04
19408,88.458224,34,9.155542e-04
19409,88.461460,34,9.130334e-04
19410,88.464698,34,9.104295e-04
19411,88.467936,34,9.081888e-04
19412,88.471176,34,9.067346e-04
19413,88.474417,34,9.047189e-04
19414,88.477659,34,9.024518e-04
19415,88.480902,34,9.003384e-04
19416,88.484146,34,8.992719e-04
19417,88.487391,34,8.986526e-04
19418,88.490637,34,8.970008e-04
19419,88.493883,34,8.958737e-04
19420,88.497131,34,8.950031e-04
19421,88.500379,34,8.942743e-04
19422,88.503628,34,8.938767e-04
19423,88.506877,34,8.936339e-04
19424,88.510127,34,8.943089e-04
19425,88.513378,34,8.941603e-04
19426,88.516630,34,8.940207e-04
19427,88.519881,34,8.929098e-04
19428,88.523134,34,8.936155e-04
19429,88.526386,34,8.942311e-04
19430,88.529639,34,8.961346e-04
19431,88.532893,34,8.985525e-04
19432,88.536147,34,9.003271e-04
19433,88.539401,34,9.018367e-04
19434,88.542655,34,9.037394e-04
19435,88.545909,34,9.064579e-04
19436,88.549163,34,9.079806e-04
19437,88.552418,34,9.094118e-04
19438,88.555673,34,9.106422e-04
19439,88.558927,34,9.118707e-04
19440,88.562182,34,9.131606e-04
19441,88.565436,34,9.143515e-04
19442,88.568690,34,9.155079e-04
19443,88.571944,34,9.166805e-04
19444,88.575198,34,9.179594e-04
19445,88.578451,34,9.191205e-04
19446,88.581704,34,9.202819e-04
19447,88.584957,34,9.214094e-04
19448,88.588209,34,9.210196e-04
19449,88.591461,34,9.220757e-04
19450,88.594712,34,9.234128e-04
19451,88.597963,34,9.241801e-04
19452,88.601213,34,9.251843e-04
19453,88.604463,34,9.263762e-04
19454,88.607712,34,9.273383e-04
19455,88.610960,34,9.279278e-04
19456,88.614207,34,9.302248e-04
19457,88.617454,34,9.321620e-04
19458,88.620699,34,9.332613e-04
19459,88.623944,34,9.356938e-04
19460,88.627188,34,9.359964e-04
19461,88.630431,34,9.372467e-04
19462,88.633673,34,9.383436e-04
19463,88.636914,34,9.393672e-04
19464,88.640154,34,9.403354e-04
19465,88.643392,34,9.405756e-04
19466,88.646630,34,9.412655e-04
19467,88.649866,34,9.417694e-04
19468,88.653102,34,9.416882e-04
19469,88.656336,34,9.412375e-04
19470,88.659568,34,9.399433e-04
19471,88.662800,34,9.397053e-04
19472,88.666030,34,9.394128e-04
19473,88.669258,34,9.392174e-04
19474,88.672486,34,9.390750e-04
19475,88.675712,34,9.385954e-04
19476,88.678936,34,9.386590e-04
19477,88.682160,34,9.380213e-04
19478,88.685381,34,9.372952e-04
19479,88.688602,34,9.364889e-04
19480,88.691820,34,9.352867e-04
19481,88.695038,34,9.344438e-04
19482,88.698254,34,9.331318e-04
19483,88.701468,34,9.313399e-04
19484,88.704681,34,9.296256e-04
19485,88.707892,34,9.278014e-04
19486,88.711102,34,9.258442e-04
19487,88.714310,34,9.247120e-04
19488,88.717517,34,9.225260e-04
19489,88.720722,34,9.204918e-04
19490,88.723926,34,9.185684e-04
19491,88.727128,34,9.159183e-04
19492,88.730329,34,9.139779e-04
19493,88.733528,34,9.117986e-04
19494,88.736726,34,9.097431e-04
19495,88.739922,34,9.074215e-04
19496,88.743117,34,9.049846e-04
19497,88.746311,34,9.032486e-04
19498,88.749503,34,9.014297e-04
19499,88.752694,34,9.000733e-04
19500,88.755883,34,9.001366e-04
19501,88.759071,34,8.984163e-04
19502,88.762258,34,8.973559e-04
19503,88.765444,34,8.961745e-04
19504,88.768628,34,8.951667e-04
19505,88.771811,34,8.938124e-04
19506,88.774993,34,8.930723e-04
19507,88.778174,34,8.937108e-04
19508,88.781354,34,8.937419e-04
19509,88.784532,34,8.945474e-04
19510,88.787710,34,8.939695e-04
19511,88.790887,34,8.937843e-04
19512,88.794063,34,8.939505e-04
19513,88.797238,34,8.943114e-04
19514,88.800412,34,8.960387e-04
19515,88.803586,34,8.964052e-04
19516,88.806759,34,8.968927e-04
19517,88.809931,34,8.972794e-04
19518,88.813102,34,8.975097e-04
19519,88.816273,34,8.975370e-04
19520,88.819444,34,8.973789e-04
19521,88.822614,34,8.971917e-04
19522,88.825784,34,8.979199e-04
19523,88.828953,34,8.985982e-04
19524,88.832122,34,8.994827e-04
19525,88.835291,34,9.010052e-04
19526,88.838460,34,9.025884e-04
19527,88.841628,34,9.048988e-04
19528,88.844797,34,9.059560e-04
19529,88.847966,34,9.082519e-04
19530,88.851134,34,9.098044e-04
19531,88.854303,34,9.107628e-04
19532,88.857472,34,9.116807e-04
19533,88.860642,34,9.119496e-04
19534,88.863811,34,9.120174e-04
19535,88.866981,34,9.137690e-04
19536,88.870152,34,9.151889e-04
19537,88.873323,34,9.159302e-04
19538,88.876494,34,9.164443e-04
19539,88.879666,34,9.169398e-04
19540,88.882839,34,9.173318e-04
19541,88.886012,34,9.176101e-04
19542,88.889187,34,9.171947e-04
19543,88.892362,34,9.176284e-04
19544,88.895537,34,9.178927e-04
19545,88.898714,34,9.176609e-04
19546,88.901892,34,9.180597e-04
19547,88.905071,34,9.194945e-04
19548,88.908251,34,9.203823e-04
19549,88.911431,34,9.210879e-04
19550,88.914614,34,9.218268e-04
19551,88.917797,34,9.219553e-04
19552,88.920981,34,9.221207e-04
19553,88.924167,34,9.222305e-04
19554,88.927354,34,9.226958e-04
19555,88.930543,34,9.224398e-04
19556,88.933733,34,9.220588e-04
19557,88.936924,34,9.216739e-04
19558,88.940117,34,9.214047e-04
19559,88.943311,34,9.201826e-04
19560,88.946507,34,9.196723e-04
19561,88.949704,34,9.189418e-04
19562,88.952903,34,9.185940e-04
19563,88.956104,34,9.183866e-04
19564,88.959306,34,9.185100e-04
19565,88.962510,34,9.188757e-04
19566,88.965716,34,9.186284e-04
19567,88.968923,34,9.185275e-04
19568,88.972132,34,9.181330e-04
19569,88.975343,34,9.175204e-04
19570,88.978556,34,9.168843e-04
19571,88.981771,34,9.161649e-04
19572,88.984987,34,9.156899e-04
19573,88.988205,34,9.150927e-04
19574,88.991426,34,9.142284e-04
19575,88.994648,34,9.133840e-04
19576,88.997872,34,9.125131e-04
19577,89.001098,34,9.120773e-04
19578,89.004325,34,9.114841e-04
19579,89.007555,34,9.105996e-04
19580,89.010787,34,9.102198e-04
19581,89.014020,34,9.105145e-04
19582,89.017256,34,9.100935e-04
19583,89.020494,34,9.101295e-04
19584,89.023733,34,9.107563e-04
19585,89.026975,34,9.097005e-04
19586,89.030218,34,9.096445e-04
19587,89.033464,34,9.101649e-04
19588,89.036711,34,9.113445e-04
19589,89.039961,34,9.128689e-04
19590,89.043212,34,9.138544e-04
19591,89.046465,34,9.148507e-04
19592,89.049721,34,9.167645e-04
19593,89.052978,34,9.184143e-04
19594,89.056238,34,9.201280e-04
19595,89.059499,34,9.212735e-04
19596,89.062762,34,9.232249e-04
19597,89.066028,34,9.258056e-04
19598,89.069295,34,9.283779e-04
19599,89.072564,34,9.312539e-04
19600,89.075835,34,9.343995e-04
19601,89.079108,34,9.367440e-04
19602,89.082383,34,9.394423e-04
19603,89.085660,34,9.427592e-04
19604,89.088939,34,9.462174e-04
19605,89.092220,34,9.492477e-04
19606,89.095502,34,9.521638e-04
19607,89.098787,34,9.549593e-04
19608,89.102073,34,9.581889e-04
19609,89.105362,34,9.615719e-04
19610,89.108652,34,9.638835e-04
19611,89.111944,34,9.660575e-04
19612,89.115237,34,9.688988e-04
19613,89.118533,34,9.716614e-04
19614,89.121830,34,9.738641e-04
19615,89.125129,34,9.753409e-04
19616,89.128430,34,9.771740e-04
19617,89.131733,34,9.792889e-04
19618,89.135037,34,9.812682e-04
19619,89.138343,34,9.830968e-04
19620,89.141651,34,9.851191e-04
19621,89.144961,34,9.878157e-04
19622,89.148272,34,9.891749e-04
19623,89.151585,34,9.900941e-04
19624,89.154899,34,9.905698e-04
19625,89.158215,34,9.904393e-04
19626,89.161533,34,9.901086e-04
19627,89.164852,34,9.893751e-04
19628,89.168173,34,9.880478e-04
19629,89.171495,34,9.865400e-04
19630,89.174819,34,9.852277e-04
19631,89.178145,34,9.828210e-04
19632,89.181472,34,9.804523e-04
19633,89.184800,34,9.782306e-04
19634,89.188130,34,9.763958e-04
19635,89.191462,34,9.739445e-04
19636,89.194795,34,9.709987e-04
19637,89.198129,34,9.690084e-04
19638,89.201464,34,9.658173e-04
19639,89.204802,34,9.624363e-04
19640,89.208140,34,9.587731e-04
19641,89.211480,34,9.549396e-04
19642,89.214821,34,9.513310e-04
19643,89.218163,34,9.475660e-04
19644,89.221507,34,9.437492e-04
19645,89.224852,34,9.408283e-04
19646,89.228198,34,9.360481e-04
19647,89.231546,34,9.322069e-04
19648,89.234894,34,9.283137e-04
19649,89.238244,34,9.247785e-04
19650,89.241595,34,9.212008e-04
19651,89.244947,34,9.171122e-04
19652,89.248301,34,9.142943e-04
19653,89.251655,34,9.108757e-04
19654,89.255011,34,9.071557e-04
19655,89.258368,34,9.030153e-04
19656,89.261726,34,8.993369e-04
19657,89.265084,34,8.962888e-04
19658,89.268444,34,8.935678e-04
19659,89.271805,34,8.908046e-04
19660,89.275167,34,8.883094e-04
19661,89.278530,34,8.862041e-04
19662,89.281894,34,8.836673e-04
19663,89.285259,34,8.818391e-04
19664,89.288625,34,8.804008e-04
19665,89.291991,34,8.789825e-04
19666,89.295359,34,8.784828e-04
19667,89.298727,34,8.793359e-04
19668,89.302097,34,8.789967e-04
19669,89.305467,34,8.785661e-04
19670,89.308838,34,8.771463e-04
19671,89.312210,34,8.771395e-04
19672,89.315583,34,8.775546e-04
19673,89.318956,34,8.783425e-04
19674,89.322330,34,8.804923e-04
19675,89.325705,34,8.819204e-04
19676,89.329081,34,8.833252e-04
19677,89.332457,34,8.855700e-04
19678,89.335835,34,8.866709e-04
19679,89.339212,34,8.892108e-04
19680,89.342591,34,8.921936e-04
19681,89.345970,34,8.962768e-04
19682,89.349350,34,9.009235e-04
19683,89.352730,34,9.049577e-04
19684,89.356111,34,9.089096e-04
19685,89.359493,34,9.122010e-04
19686,89.362875,34,9.155962e-04
19687,89.366258,34,9.191849e-04
19688,89.369641,34,9.219870e-04
19689,89.373025,34,9.259176e-04
19690,89.376409,34,9.303889e-04
19691,89.379794,34,9.349079e-04
19692,89.383180,34,9.381957e-04
19693,89.386565,34,9.426819e-04
19694,89.389952,34,9.465655e-04
19695,89.393338,34,9.504114e-04
19696,89.396725,34,9.541693e-04
19697,89.400113,34,9.592153e-04
19698,89.403501,34,9.619173e-04
19699,89.406889,34,9.647903e-04
19700,89.410278,34,9.679169e-04
19701,89.413667,34,9.719977e-04
19702,89.417057,34,9.744183e-04
19703,89.420446,34,9.769606e-04
19704,89.423836,34,9.792441e-04
19705,89.427227,34,9.812148e-04
19706,89.430617,34,9.829684e-04
19707,89.434008,34,9.843603e-04
19708,89.437400,34,9.856645e-04
19709,89.440791,34,9.865326e-04
19710,89.444183,34,9.871420e-04
19711,89.447575,34,9.874382e-04
19712,89.450967,34,9.874361e-04
19713,89.454359,34,9.877776e-04
19714,89.457752,34,9.890049e-04
19715,89.461145,34,9.883838e-04
19716,89.464537,34,9.871121e-04
19717,89.467931,34,9.855532e-04
19718,89.471324,34,9.834934e-04
19719,89.474717,34,9.805903e-04
19720,89.478110,34,9.781281e-04
19721,89.481504,34,9.758884e-04
19722,89.484898,34,9.739872e-04
19723,89.488291,34,9.715760e-04
19724,89.491685,34,9.694017e-04
19725,89.495079,34,9.669168e-04
19726,89.498473,34,9.637352e-04
19727,89.501866,34,9.604458e-04
19728,89.505260,34,9.571735e-04
19729,89.508654,34,9.532814e-04
19730,89.512048,34,9.496436e-04
19731,89.515442,34,9.463275e-04
19732,89.518836,34,9.429946e-04
19733,89.522230,34,9.391890e-04
19734,89.525624,34,9.360764e-04
19735,89.529017,34,9.336057e-04
19736,89.532411,34,9.308755e-04
19737,89.535804,34,9.282918e-04
19738,89.539198,34,9.256109e-04
19739,89.542591,34,9.223912e-04
19740,89.545985,34,9.194755e-04
19741,89.549378,34,9.171576e-04
19742,89.552771,34,9.148643e-04
19743,89.556163,34,9.126772e-04
19744,89.559556,34,9.109543e-04
19745,89.562949,34,9.102878e-04
19746,89.566341,34,9.086032e-04
19747,89.569733,34,9.066348e-04
19748,89.573125,34,9.049186e-04
19749,89.576517,34,9.035223e-04
19750,89.579908,34,9.025752e-04
19751,89.583300,34,9.019950e-04
19752,89.586691,34,9.010143e-04
19753,89.590081,34,8.992628e-04
19754,89.593472,34,8.992509e-04
19755,89.596862,34,9.002741e-04
19756,89.600252,34,9.007069e-04
19757,89.603642,34,9.023636e-04
19758,89.607031,34,9.032134e-04
19759,89.610420,34,9.042805e-04
19760,89.613809,34,9.051177e-04
19761,89.617197,34,9.067677e-04
19762,89.620585,34,9.084580e-04
19763,89.623973,34,9.103947e-04
19764,89.627360,34,9.124006e-04
19765,89.630747,34,9.153233e-04
19766,89.634134,34,9.179526e-04
19767,89.637520,34,9.202730e-04
19768,89.640906,34,9.226684e-04
19769,89.644291,34,9.272573e-04
19770,89.647676,34,9.290257e-04
19771,89.651061,34,9.311879e-04
19772,89.654445,34,9.332929e-04
19773,89.657828,34,9.350558e-04
19774,89.661212,34,9.374801e-04
19775,89.664594,34,9.398827e-04
19776,89.667977,34,9.418494e-04
19777,89.671358,34,9.458439e-04
19778,89.674740,34,9.483482e-04
19779,89.678120,34,9.503301e-04
19780,89.681501,34,9.525937e-04
19781,89.684880,34,9.559628e-04
19782,89.688259,34,9.589158e-04
19783,89.691638,34,9.607632e-04
19784,89.695016,34,9.624061e-04
19785,89.698394,34,9.637024e-04
19786,89.701771,34,9.643331e-04
19787,89.705147,34,9.646928e-04
19788,89.708523,34,9.653188e-04
19789,89.711898,34,9.657113e-04
19790,89.715273,34,9.657789e-04
19791,89.718647,34,9.655249e-04
19792,89.722020,34,9.650022e-04
19793,89.725393,34,9.643254e-04
19794,89.728765,34,9.642298e-04
19795,89.732137,34,9.634834e-04
19796,89.735507,34,9.616715e-04
19797,89.738878,34,9.594502e-04
19798,89.742247,34,9.569847e-04
19799,89.745616,34,9.540647e-04
19800,89.748984,34,9.506979e-04
19801,89.752352,34,9.469237e-04
19802,89.755718,34,9.434307e-04
19803,89.759084,34,9.399724e-04
19804,89.762450,34,9.363459e-04
19805,89.765814,34,9.329374e-04
19806,89.769178,34,9.292167e-04
19807,89.772542,34,9.262799e-04
19808,89.775904,34,9.223376e-04
19809,89.779266,34,9.186960e-04
19810,89.782627,34,9.150005e-04
19811,89.785987,34,9.110269e-04
19812,89.789346,34,9.075998e-04
19813,89.792705,34,9.038672e-04
19814,89.796063,34,8.995781e-04
19815,89.799420,34,8.955893e-04
19816,89.802776,34,8.917283e-04
19817,89.806131,34,8.879386e-04
19818,89.809486,34,8.841081e-04
19819,89.812840,34,8.796374e-04
19820,89.816193,34,8.754518e-04
19821,89.819545,34,8.724203e-04
19822,89.822897,34,8.699999e-04
19823,89.826247,34,8.671484e-04
19824,89.829597,34,8.644323e-04
19825,89.832946,34,8.616473e-04
19826,89.836294,34,8.589430e-04
19827,89.839641,34,8.573220e-04
19828,89.842987,34,8.557074e-04
19829,89.846332,34,8.545950e-04
19830,89.849677,34,8.534662e-04
19831,89.853021,34,8.534808e-04
19832,89.856363,34,8.529967e-04
19833,89.859705,34,8.529453e-04
19834,89.863046,34,8.529120e-04
19835,89.866386,34,8.531627e-04
19836,89.869725,34,8.539376e-04
19837,89.873064,34,8.553883e-04
19838,89.876401,34,8.568564e-04
19839,89.879737,34,8.588019e-04
19840,89.883073,34,8.626991e-04
19841,89.886407,34,8.650830e-04
19842,89.889741,34,8.669373e-04
19843,89.893074,34,8.697476e-04
19844,89.896406,34,8.729945e-04
19845,89.899737,34,8.763430e-04
19846,89.903066,34,8.810110e-04
19847,89.906395,34,8.850619e-04
19848,89.909724,34,8.899589e-04
19849,89.913051,34,8.942199e-04
19850,89.916377,34,8.979001e-04
19851,89.919702,34,9.013722e-04
19852,89.923026,34,9.070200e-04
19853,89.926350,34,9.117688e-04
19854,89.929672,34,9.161114e-04
19855,89.932993,34,9.196470e-04
19856,89.936314,34,9.246130e-04
19857,89.939633,34,9.287413e-04
19858,89.942952,34,9.326193e-04
19859,89.946269,34,9.363960e-04
19860,89.949586,34,9.404567e-04
19861,89.952902,34,9.438219e-04
19862,89.956216,34,9.469390e-04
19863,89.959530,34,9.498537e-04
19864,89.962843,34,9.530050e-04
19865,89.966155,34,9.566287e-04
19866,89.969466,34,9.581928e-04
19867,89.972775,34,9.596846e-04
19868,89.976084,34,9.611827e-04
19869,89.979392,34,9.624229e-04
19870,89.982699,34,9.635487e-04
19871,89.986006,34,9.641872e-04
19872,89.989311,34,9.653162e-04
19873,89.992615,34,9.657285e-04
19874,89.995918,34,9.655232e-04
19875,89.999220,34,9.649642e-04
19876,90.002522,34,9.639454e-04
19877,90.005822,34,9.627310e-04
19878,90.009122,34,9.607497e-04
19879,90.012420,34,9.588293e-04
19880,90.015718,34,9.567343e-04
19881,90.019015,34,9.544874e-04
19882,90.022311,34,9.522385e-04
19883,90.025605,34,9.504001e-04
19884,90.028899,34,9.469316e-04
19885,90.032192,34,9.430686e-04
19886,90.035485,34,9.390089e-04
19887,90.038776,34,9.347229e-04
19888,90.042066,34,9.302294e-04
19889,90.045356,34,9.255606e-04
19890,90.048644,34,9.206319e-04
19891,90.051932,34,9.155064e-04
19892,90.055219,34,9.105160e-04
19893,90.058505,34,9.052096e-04
19894,90.061790,34,8.998150e-04
19895,90.065075,34,8.945184e-04
19896,90.068358,34,8.877986e-04
19897,90.071641,34,8.813058e-04
19898,90.074923,34,8.760673e-04
19899,90.078204,34,8.710767e-04
19900,90.081484,34,8.662384e-04
19901,90.084763,34,8.616811e-04
19902,90.088042,34,8.577970e-04
19903,90.091320,34,8.550194e-04
19904,90.094597,34,8.514826e-04
19905,90.097873,34,8.486322e-04
19906,90.101148,34,8.459294e-04
19907,90.104423,34,8.424046e-04
19908,90.107697,34,8.401544e-04
19909,90.110971,34,8.379086e-04
19910,90.114243,34,8.356514e-04
19911,90.117515,33,9.975904e-04
19912,90.120786,33,9.960771e-04
19913,90.124057,33,9.944608e-04
19914,90.127326,33,9.927691e-04
19915,90.130595,33,9.917105e-04
19916,90.133864,33,9.911503e-04
19917,90.137132,33,9.912180e-04
19918,90.140399,33,9.915628e-04
19919,90.143665,33,9.922756e-04
19920,90.146931,33,9.935163e-04
19921,90.150196,33,9.933534e-04
19922,90.153461,33,9.959167e-04
19923,90.156725,33,9.985808e-04
19924,90.159989,34,8.381394e-04
19925,90.163252,34,8.418779e-04
19926,90.166514,34,8.445821e-04
19927,90.169776,34,8.476300e-04
19928,90.173037,34,8.508995e-04
19929,90.176298,34,8.548983e-04
19930,90.179558,34,8.586959e-04
19931,90.182818,34,8.629614e-04
19932,90.186078,34,8.666489e-04
19933,90.189337,34,8.717558e-04
19934,90.192595,34,8.764108e-04
19935,90.195853,34,8.811805e-04
19936,90.199111,34,8.858993e-04
19937,90.202368,34,8.899063e-04
19938,90.205625,34,8.947891e-04
19939,90.208881,34,8.995315e-04
19940,90.212137,34,9.038888e-04
19941,90.215393,34,9.078345e-04
19942,90.218648,34,9.127287e-04
19943,90.221903,34,9.171948e-04
19944,90.225157,34,9.211510e-04
19945,90.228412,34,9.251421e-04
19946,90.231666,34,9.295835e-04
19947,90.234920,34,9.334679e-04
19948,90.238173,34,9.371620e-04
19949,90.241426,34,9.395086e-04
19950,90.244679,34,9.422333e-04
19951,90.247932,34,9.447373e-04
19952,90.251185,34,9.470020e-04
19953,90.254437,34,9.490695e-04
19954,90.257689,34,9.518905e-04
19955,90.260941,34,9.533747e-04
19956,90.264193,34,9.545211e-04
19957,90.267445,34,9.553560e-04
19958,90.270696,34,9.553039e-04
19959,90.273947,34,9.548005e-04
19960,90.277199,34,9.543637e-04
19961,90.280450,34,9.547065e-04
19962,90.283701,34,9.540326e-04
19963,90.286952,34,9.529076e-04
19964,90.290203,34,9.514163e-04
19965,90.293454,34,9.495894e-04
19966,90.296705,34,9.475499e-04
19967,90.299956,34,9.457470e-04
19968,90.303207,34,9.427871e-04
19969,90.306458,34,9.393166e-04
19970,90.309709,34,9.354958e-04
19971,90.312960,34,9.313943e-04
19972,90.316211,34,9.270364e-04
19973,90.319462,34,9.220455e-04
19974,90.322713,34,9.176146e-04
19975,90.325964,34,9.129068e-04
19976,90.329216,34,9.083004e-04
19977,90.332467,34,9.034461e-04
19978,90.335719,34,8.990512e-04
19979,90.338970,34,8.946078e-04
19980,90.342222,34,8.894544e-04
19981,90.345474,34,8.838802e-04
19982,90.348726,34,8.784033e-04
19983,90.351979,34,8.729025e-04
19984,90.355231,34,8.676323e-04
19985,90.358484,34,8.624405e-04
19986,90.361737,34,8.569866e-04
19987,90.364990,34,8.517431e-04
19988,90.368243,34,8.467993e-04
19989,90.371497,34,8.414545e-04
19990,90.374751,33,9.981051e-04
19991,90.378005,33,9.926567e-04
19992,90.381259,33,9.875876e-04
19993,90.384514,33,9.827357e-04
19994,90.387769,33,9.782244e-04
19995,90.391024,33,9.749615e-04
19996,90.394280,33,9.707714e-04
19997,90.397536,33,9.674927e-04
19998,90.400792,33,9.643813e-04
19999,90.404049,33,9.614226e-04
20000,90.407306,33,9.588418e-04
20001,90.410563,33,9.565023e-04
20002,90.413821,33,9.540179e-04
20003,90.417079,33,9.533616e-04
20004,90.420338,33,9.525660e-04
20005,90.423596,33,9.517886e-04
20006,90.426856,33,9.507539e-04
20007,90.430115,33,9.494756e-04
20008,90.433376,33,9.500226e-04
20009,90.436636,33,9.508866e-04
20010,90.439897,33,9.524074e-04
20011,90.443158,33,9.550231e-04
20012,90.446420,33,9.564959e-04
20013,90.449683,33,9.602185e-04
20014,90.452945,33,9.637718e-04
20015,90.456209,33,9.674597e-04
20016,90.459472,33,9.713226e-04
20017,90.462737,33,9.765381e-04
20018,90.466001,33,9.830071e-04
20019,90.469267,33,9.874219e-04
20020,90.472532,33,9.922216e-04
20021,90.475799,33,9.973071e-04
20022,90.479065,34,8.370670e-04
20023,90.482333,34,8.415149e-04
20024,90.485600,34,8.471176e-04
20025,90.488869,34,8.515918e-04
20026,90.492137,34,8.560491e-04
20027,90.495407,34,8.604883e-04
20028,90.498677,34,8.650422e-04
20029,90.501947,34,8.691116e-04
20030,90.505218,34,8.738292e-04
20031,90.508490,34,8.781930e-04
20032,90.511762,34,8.822160e-04
20033,90.515035,34,8.864273e-04
20034,90.518308,34,8.916610e-04
20035,90.521582,34,8.965448e-04
20036,90.524856,34,9.012774e-04
20037,90.528131,34,9.060161e-04
20038,90.531407,34,9.109414e-04
20039,90.534683,34,9.149891e-04
20040,90.537960,34,9.201551e-04
20041,90.541238,34,9.241402e-04
20042,90.544516,34,9.276622e-04
20043,90.547794,34,9.302318e-04
20044,90.551073,34,9.337026e-04
20045,90.554353,34,9.372370e-04
20046,90.557634,34,9.398645e-04
20047,90.560915,34,9.419343e-04
20048,90.564196,34,9.446323e-04
20049,90.567479,34,9.454948e-04
20050,90.570761,34,9.468065e-04
20051,90.574045,34,9.480829e-04
20052,90.577329,34,9.495417e-04
20053,90.580614,34,9.510730e-04
20054,90.583899,34,9.518486e-04
20055,90.587185,34,9.525358e-04
20056,90.590472,34,9.526583e-04
20057,90.593759,34,9.525425e-04
20058,90.597047,34,9.523688e-04
20059,90.600335,34,9.525735e-04
20060,90.603625,34,9.514538e-04
20061,90.606914,34,9.501437e-04
20062,90.610205,34,9.485360e-04
20063,90.613496,34,9.465426e-04
20064,90.616788,34,9.442275e-04
20065,90.620080,34,9.419610e-04
20066,90.623373,34,9.395298e-04
20067,90.626666,34,9.361205e-04
20068,90.629961,34,9.324546e-04
20069,90.633255,34,9.296378e-04
20070,90.636551,34,9.273274e-04
20071,90.639847,34,9.238089e-04
20072,90.643144,34,9.199688e-04
20073,90.646441,34,9.158934e-04
20074,90.649739,34,9.123536e-04
20075,90.653038,34,9.089892e-04
20076,90.656337,34,9.048492e-04
20077,90.659637,34,9.009794e-04
20078,90.662937,34,8.965078e-04
20079,90.666239,34,8.913052e-04
20080,90.669540,34,8.870609e-04
20081,90.672843,34,8.822173e-04
20082,90.676146,34,8.778178e-04
20083,90.679449,34,8.739139e-04
20084,90.682754,34,8.701629e-04
20085,90.686059,34,8.665176e-04
20086,90.689364,34,8.629297e-04
20087,90.692670,34,8.592292e-04
20088,90.695977,34,8.567714e-04
20089,90.699284,34,8.539511e-04
20090,90.702592,34,8.511760e-04
20091,90.705901,34,8.481036e-04
20092,90.709210,34,8.445154e-04
20093,90.712520,34,8.416846e-04
20094,90.715830,34,8.382706e-04
20095,90.719141,34,8.371997e-04
20096,90.722453,33,9.996889e-04
20097,90.725765,33,9.995582e-04
20098,90.729078,33,9.998812e-04
20099,90.732391,33,9.986464e-04
20100,90.735705,33,9.973877e-04
20101,90.739020,33,9.976211e-04
20102,90.742335,33,9.981442e-04
20103,90.745650,33,9.993492e-04
20104,90.748967,34,8.360927e-04
20105,90.752284,34,8.378719e-04
20106,90.755601,34,8.390710e-04
20107,90.758919,34,8.400407e-04
20108,90.762238,34,8.411464e-04
20109,90.765557,34,8.424484e-04
20110,90.768876,34,8.436003e-04
20111,90.772197,34,8.447132e-04
20112,90.775517,34,8.465907e-04
20113,90.778839,34,8.488444e-04
20114,90.782161,34,8.504722e-04
20115,90.785483,34,8.518735e-04
20116,90.788806,34,8.534383e-04
20117,90.792130,34,8.552083e-04
20118,90.795454,34,8.575679e-04
20119,90.798778,34,8.595906e-04
20120,90.802104,34,8.618302e-04
20121,90.805429,34,8.647943e-04
20122,90.808755,34,8.683314e-04
20123,90.812082,34,8.704304e-04
20124,90.815409,34,8.722217e-04
20125,90.818737,34,8.739495e-04
20126,90.822065,34,8.757330e-04
20127,90.825394,34,8.772148e-04
20128,90.828723,34,8.785096e-04
20129,90.832053,34,8.793963e-04
20130,90.835383,34,8.796936e-04
20131,90.838714,34,8.805136e-04
20132,90.842045,34,8.812798e-04
20133,90.845377,34,8.818984e-04
20134,90.848709,34,8.821940e-04
20135,90.852042,34,8.827499e-04
20136,90.855375,34,8.830556e-04
20137,90.858709,34,8.846011e-04
20138,90.862043,34,8.848290e-04
20139,90.865377,34,8.848732e-04
20140,90.868712,34,8.848307e-04
20141,90.872048,34,8.857143e-04
20142,90.875383,34,8.857340e-04
20143,90.878720,34,8.852850e-04
20144,90.882057,34,8.853612e-04
20145,90.885394,34,8.850867e-04
20146,90.888732,34,8.846239e-04
20147,90.892070,34,8.841347e-04
20148,90.895408,34,8.845978e-04
20149,90.898747,34,8.843882e-04
20150,90.902086,34,8.840128e-04
20151,90.905426,34,8.835769e-04
20152,90.908766,34,8.828524e-04
20153,90.912107,34,8.819864e-04
20154,90.915448,34,8.813580e-04
20155,90.918790,34,8.808137e-04
20156,90.922131,34,8.804188e-04
20157,90.925474,34,8.800512e-04
20158,90.928816,34,8.794114e-04
20159,90.932159,34,8.790471e-04
20160,90.935503,34,8.788190e-04
20161,90.938846,34,8.783319e-04
20162,90.942190,34,8.772336e-04
20163,90.945535,34,8.766544e-04
20164,90.948880,34,8.768824e-04
20165,90.952225,34,8.776661e-04
20166,90.955571,34,8.777605e-04
20167,90.958917,34,8.779742e-04
20168,90.962263,34,8.782539e-04
20169,90.965609,34,8.791047e-04
20170,90.968956,34,8.800704e-04
20171,90.972304,34,8.803498e-04
20172,90.975651,34,8.811563e-04
20173,90.978999,34,8.811453e-04
20174,90.982348,34,8.809154e-04
20175,90.985696,34,8.804353e-04
20176,90.989045,34,8.807796e-04
20177,90.992395,34,8.807629e-04
20178,90.995744,34,8.825630e-04
20179,90.999094,34,8.835783e-04
20180,91.002444,34,8.856217e-04
20181,91.005795,34,8.877303e-04
20182,91.009146,34,8.886727e-04
20183,91.012497,34,8.895253e-04
20184,91.015848,34,8.902956e-04
20185,91.019200,34,8.909265e-04
20186,91.022552,34,8.903863e-04
20187,91.025904,34,8.907878e-04
20188,91.029257,34,8.912925e-04
20189,91.032610,34,8.916831e-04
20190,91.035963,34,8.920062e-04
20191,91.039316,34,8.926220e-04
20192,91.042670,34,8.940816e-04
20193,91.046024,34,8.942741e-04
20194,91.049378,34,8.940467e-04
20195,91.052732,34,8.940485e-04
20196,91.056087,34,8.938244e-04
20197,91.059441,34,8.927052e-04
20198,91.062797,34,8.926508e-04
20199,91.066152,34,8.924249e-04
20200,91.069507,34,8.919589e-04
20201,91.072863,34,8.915736e-04
20202,91.076219,34,8.916024e-04
20203,91.079575,34,8.907694e-04
20204,91.082932,34,8.909777e-04
20205,91.086289,34,8.899998e-04
20206,91.089645,34,8.887894e-04
20207,91.093002,34,8.877400e-04
20208,91.096360,34,8.872802e-04
20209,91.099717,34,8.867093e-04
20210,91.103075,34,8.852935e-04
20211,91.106433,34,8.838580e-04
20212,91.109791,34,8.820936e-04
20213,91.113149,34,8.807725e-04
20214,91.116507,34,8.789442e-04
20215,91.119866,34,8.774767e-04
20216,91.123225,34,8.759297e-04
20217,91.126584,34,8.744898e-04
20218,91.129943,34,8.738502e-04
20219,91.133302,34,8.720928e-04
20220,91.136661,34,8.702166e-04
20221,91.140021,34,8.688924e-04
20222,91.143380,34,8.668366e-04
20223,91.146740,34,8.649669e-04
20224,91.150100,34,8.626374e-04
20225,91.153460,34,8.605660e-04
20226,91.156821,34,8.588097e-04
20227,91.160181,34,8.570622e-04
20228,91.163542,34,8.542442e-04
20229,91.166902,34,8.518274e-04
20230,91.170263,34,8.512486e-04
20231,91.173624,34,8.500485e-04
20232,91.176985,34,8.486870e-04
20233,91.180346,34,8.471460e-04
20234,91.183707,34,8.469747e-04
20235,91.187069,34,8.486786e-04
20236,91.190430,34,8.478664e-04
20237,91.193792,34,8.471655e-04
20238,91.197153,34,8.477488e-04
20239,91.200515,34,8.477752e-04
20240,91.203877,34,8.475716e-04
20241,91.207238,34,8.476457e-04
20242,91.210600,34,8.476460e-04
20243,91.213962,34,8.476820e-04
20244,91.217325,34,8.476991e-04
20245,91.220687,34,8.469668e-04
20246,91.224049,34,8.467169e-04
20247,91.227411,34,8.471943e-04
20248,91.230774,34,8.477823e-04
20249,91.234136,34,8.484760e-04
20250,91.237498,34,8.490909e-04
20251,91.240861,34,8.499640e-04
20252,91.244223,34,8.516837e-04
20253,91.247586,34,8.526737e-04
20254,91.250949,34,8.539632e-04
20255,91.254311,34,8.552724e-04
20256,91.257674,34,8.568211e-04
20257,91.261037,34,8.583330e-04
20258,91.264399,34,8.598995e-04
20259,91.267762,34,8.621460e-04
20260,91.271125,34,8.627079e-04
20261,91.274488,34,8.640599e-04
20262,91.277851,34,8.656083e-04
20263,91.281213,34,8.674194e-04
20264,91.284576,34,8.692342e-04
20265,91.287939,34,8.721417e-04
20266,91.291302,34,8.735745e-04
20267,91.294665,34,8.749124e-04
20268,91.298027,34,8.760904e-04
20269,91.301390,34,8.773303e-04
20270,91.304753,34,8.784735e-04
20271,91.308116,34,8.796639e-04
20272,91.311478,34,8.815608e-04
20273,91.314841,34,8.819237e-04
20274,91.318204,34,8.831184e-04
20275,91.321566,34,8.841088e-04
20276,91.324929,34,8.845036e-04
20277,91.328291,34,8.847146e-04
20278,91.331654,34,8.853066e-04
20279,91.335016,34,8.858130e-04
20280,91.338379,34,8.853637e-04
20281,91.341741,34,8.850180e-04
20282,91.345103,34,8.842513e-04
20283,91.348465,34,8.833190e-04
20284,91.351827,34,8.821928e-04
20285,91.355189,34,8.810600e-04
20286,91.358551,34,8.798751e-04
20287,91.361913,34,8.786354e-04
20288,91.365275,34,8.767964e-04
20289,91.368637,34,8.747406e-04
20290,91.371999,34,8.732824e-04
20291,91.375360,34,8.711472e-04
20292,91.378722,34,8.687606e-04
20293,91.382083,34,8.677370e-04
20294,91.385444,34,8.667571e-04
20295,91.388806,34,8.648310e-04
20296,91.392167,34,8.626031e-04
20297,91.395528,34,8.602961e-04
20298,91.398888,34,8.584389e-04
20299,91.402249,34,8.566855e-04
20300,91.405610,34,8.558036e-04
20301,91.408970,34,8.539950e-04
20302,91.412331,34,8.517812e-04
20303,91.415691,34,8.499068e-04
20304,91.419051,34,8.487497e-04
20305,91.422411,34,8.473793e-04
20306,91.425771,34,8.458630e-04
20307,91.429130,34,8.443334e-04
20308,91.432490,34,8.422671e-04
20309,91.435849,34,8.403426e-04
20310,91.439208,34,8.399145e-04
20311,91.442567,34,8.390744e-04
20312,91.445926,34,8.383108e-04
20313,91.449285,34,8.375587e-04
20314,91.452643,34,8.368426e-04
20315,91.456002,34,8.372571e-04
20316,91.459360,34,8.367825e-04
20317,91.462718,33,9.999934e-04
20318,91.466076,33,9.990974e-04
20319,91.469433,33,9.994038e-04
20320,91.472791,33,9.990248e-04
20321,91.476148,33,9.994340e-04
20322,91.479505,34,8.368056e-04
20323,91.482862,34,8.372406e-04
20324,91.486218,34,8.398621e-04
20325,91.489575,34,8.423645e-04
20326,91.492931,34,8.439588e-04
20327,91.496287,34,8.462778e-04
20328,91.499643,34,8.488068e-04
20329,91.502998,34,8.524316e-04
20330,91.506354,34,8.560056e-04
20331,91.509709,34,8.581670e-04
20332,91.513063,34,8.625324e-04
20333,91.516418,34,8.662414e-04
20334,91.519772,34,8.687569e-04
20335,91.523126,34,8.711962e-04
20336,91.526480,34,8.743586e-04
20337,91.529834,34,8.774174e-04
20338,91.533187,34,8.805502e-04
20339,91.536540,34,8.846993e-04
20340,91.539893,34,8.878187e-04
20341,91.543245,34,8.907489e-04
20342,91.546598,34,8.935008e-04
20343,91.549950,34,8.961678e-04
20344,91.553301,34,8.980446e-04
20345,91.556653,34,9.004977e-04
20346,91.560004,34,9.030120e-04
20347,91.563355,34,9.049776e-04
20348,91.566705,34,9.064378e-04
20349,91.570055,34,9.094584e-04
20350,91.573405,34,9.112486e-04
20351,91.576755,34,9.126587e-04
20352,91.580104,34,9.137432e-04
20353,91.583453,34,9.145154e-04
20354,91.586801,34,9.150294e-04
20355,91.590149,34,9.152321e-04
20356,91.593497,34,9.150211e-04
20357,91.596845,34,9.143443e-04
20358,91.600192,34,9.128286e-04
20359,91.603539,34,9.118093e-04
20360,91.606886,34,9.095901e-04
20361,91.610232,34,9.085460e-04
20362,91.613578,34,9.074832e-04
20363,91.616923,34,9.053011e-04
20364,91.620268,34,9.032518e-04
20365,91.623613,34,9.013890e-04
20366,91.626957,34,8.996216e-04
20367,91.630301,34,8.966102e-04
20368,91.633644,34,8.932797e-04
20369,91.636988,34,8.897357e-04
20370,91.640330,34,8.856486e-04
20371,91.643673,34,8.816132e-04
20372,91.647015,34,8.774471e-04
20373,91.650356,34,8.730980e-04
20374,91.653697,34,8.679473e-04
20375,91.657038,34,8.635651e-04
20376,91.660378,34,8.591982e-04
20377,91.663718,34,8.548146e-04
20378,91.667057,34,8.512955e-04
20379,91.670396,34,8.472495e-04
20380,91.673735,34,8.420083e-04
20381,91.677073,34,8.371630e-04
20382,91.680411,33,9.945509e-04
20383,91.683748,33,9.887384e-04
20384,91.687084,33,9.828907e-04
20385,91.690421,33,9.770179e-04
20386,91.693756,33,9.710803e-04
20387,91.697092,33,9.645384e-04
20388,91.700426,33,9.584138e-04
20389,91.703761,33,9.520310e-04
20390,91.707095,33,9.460294e-04
20391,91.710428,33,9.406256e-04
20392,91.713761,33,9.355764e-04
20393,91.717093,33,9.303838e-04
20394,91.720425,33,9.259842e-04
20395,91.723756,33,9.216078e-04
20396,91.727087,33,9.169684e-04
20397,91.730417,33,9.125866e-04
20398,91.733747,33,9.083333e-04
20399,91.737076,33,9.035388e-04
20400,91.740404,33,9.008054e-04
20401,91.743732,33,8.988937e-04
20402,91.747060,33,8.965987e-04
20403,91.750387,33,8.950637e-04
20404,91.753713,33,8.937556e-04
20405,91.757039,33,8.925477e-04
20406,91.760364,33,8.926100e-04
20407,91.763688,33,8.930748e-04
20408,91.767012,33,8.938675e-04
20409,91.770336,33,8.951136e-04
20410,91.773659,33,8.969184e-04
20411,91.776981,33,8.992879e-04
20412,91.780302,33,9.006654e-04
20413,91.783623,33,9.033825e-04
20414,91.786944,33,9.092260e-04
20415,91.790263,33,9.135989e-04
20416,91.793583,33,9.183808e-04
20417,91.796901,33,9.261178e-04
20418,91.800219,33,9.318740e-04
20419,91.803536,33,9.403117e-04
20420,91.806852,33,9.493782e-04
20421,91.810168,33,9.574600e-04
20422,91.813483,33,9.660796e-04
20423,91.816798,33,9.744078e-04
20424,91.820112,33,9.826475e-04
20425,91.823425,33,9.925110e-04
20426,91.826737,34,8.363533e-04
20427,91.830049,34,8.427500e-04
20428,91.833360,34,8.492865e-04
20429,91.836671,34,8.555682e-04
20430,91.839980,34,8.623573e-04
20431,91.843289,34,8.690545e-04
20432,91.846597,34,8.761053e-04
20433,91.849905,34,8.818619e-04
20434,91.853212,34,8.882717e-04
20435,91.856518,34,8.938262e-04
20436,91.859823,34,8.990156e-04
20437,91.863127,34,9.037428e-04
20438,91.866431,34,9.082794e-04
20439,91.869734,34,9.125768e-04
20440,91.873036,34,9.165682e-04
20441,91.876338,34,9.202180e-04
20442,91.879639,34,9.235105e-04
20443,91.882938,34,9.263341e-04
20444,91.886238,34,9.287404e-04
20445,91.889536,34,9.306937e-04
20446,91.892834,34,9.322083e-04
20447,91.896130,34,9.332101e-04
20448,91.899426,34,9.336876e-04
20449,91.902721,34,9.326978e-04
20450,91.906016,34,9.321116e-04
20451,91.909309,34,9.310284e-04
20452,91.912602,34,9.285420e-04
20453,91.915894,34,9.263692e-04
20454,91.919185,34,9.243298e-04
20455,91.922475,34,9.224559e-04
20456,91.925765,34,9.199257e-04
20457,91.929053,34,9.166625e-04
20458,91.932341,34,9.130903e-04
20459,91.935628,34,9.107124e-04
20460,91.938914,34,9.066132e-04
20461,91.942199,34,9.021310e-04
20462,91.945484,34,8.974272e-04
20463,91.948767,34,8.926412e-04
20464,91.952050,34,8.876019e-04
20465,91.955331,34,8.835757e-04
20466,91.958612,34,8.784657e-04
20467,91.961892,34,8.732977e-04
20468,91.965171,34,8.680390e-04
20469,91.968450,34,8.627005e-04
20470,91.971727,34,8.569810e-04
20471,91.975004,34,8.510740e-04
20472,91.978279,34,8.456418e-04
20473,91.981554,34,8.402191e-04
20474,91.984828,33,9.997487e-04
20475,91.988101,33,9.933861e-04
20476,91.991373,33,9.866837e-04
20477,91.994644,33,9.803209e-04
20478,91.997915,33,9.742056e-04
20479,92.001184,33,9.680037e-04
20480,92.004453,33,9.618938e-04
20481,92.007720,33,9.558701e-04
20482,92.010987,33,9.501824e-04
20483,92.014253,33,9.446813e-04
20484,92.017518,33,9.402197e-04
20485,92.020782,33,9.345862e-04
20486,92.024045,33,9.294185e-04
20487,92.027308,33,9.237288e-04
20488,92.030569,33,9.190286e-04
20489,92.033830,33,9.145339e-04
20490,92.037090,33,9.103383e-04
20491,92.040348,33,9.057631e-04
20492,92.043606,33,9.011427e-04
20493,92.046863,33,8.978916e-04
20494,92.050120,33,8.950242e-04
20495,92.053375,33,8.914341e-04
20496,92.056629,33,8.890771e-04
20497,92.059883,33,8.881063e-04
20498,92.063136,33,8.855629e-04
20499,92.066387,33,8.846142e-04
20500,92.069638,33,8.843151e-04
20501,92.072889,33,8.858402e-04
20502,92.076138,33,8.880829e-04
20503,92.079386,33,8.894444e-04
20504,92.082634,33,8.902061e-04
20505,92.085881,33,8.920630e-04
20506,92.089127,33,8.936811e-04
20507,92.092372,33,8.960090e-04
20508,92.095616,33,8.982772e-04
20509,92.098860,33,9.016570e-04
20510,92.102102,33,9.055740e-04
20511,92.105344,33,9.100367e-04
20512,92.108585,33,9.155469e-04
20513,92.111826,33,9.209845e-04
20514,92.115065,33,9.263768e-04
20515,92.118304,33,9.336682e-04
20516,92.121542,33,9.373735e-04
20517,92.124779,33,9.427265e-04
20518,92.128016,33,9.489847e-04
20519,92.131252,33,9.552019e-04
20520,92.134487,33,9.607478e-04
20521,92.137721,33,9.686280e-04
20522,92.140955,33,9.750609e-04
20523,92.144188,33,9.811801e-04
20524,92.147420,33,9.872746e-04
20525,92.150652,33,9.924481e-04
20526,92.153883,33,9.971833e-04
20527,92.157113,34,8.409280e-04
20528,92.160342,34,8.445777e-04
20529,92.163571,34,8.477402e-04
20530,92.166800,34,8.507185e-04
20531,92.170028,34,8.540804e-04
20532,92.173255,34,8.574707e-04
20533,92.176481,34,8.610182e-04
20534,92.179707,34,8.641142e-04
20535,92.182933,34,8.666141e-04
20536,92.186157,34,8.689811e-04
20537,92.189382,34,8.714936e-04
20538,92.192606,34,8.728459e-04
20539,92.195829,34,8.744471e-04
20540,92.199052,34,8.752466e-04
20541,92.202274,34,8.755770e-04
20542,92.205496,34,8.762555e-04
20543,92.208717,34,8.765735e-04
20544,92.211938,34,8.766915e-04
20545,92.215158,34,8.766855e-04
20546,92.218379,34,8.765323e-04
20547,92.221598,34,8.764852e-04
20548,92.224817,34,8.750767e-04
20549,92.228036,34,8.736661e-04
20550,92.231255,34,8.725991e-04
20551,92.234473,34,8.711544e-04
20552,92.237691,34,8.697194e-04
20553,92.240909,34,8.681989e-04
20554,92.244126,34,8.649201e-04
20555,92.247343,34,8.624805e-04
20556,92.250560,34,8.606478e-04
20557,92.253776,34,8.581999e-04
20558,92.256992,34,8.553475e-04
20559,92.260208,34,8.520044e-04
20560,92.263424,34,8.489324e-04
20561,92.266640,34,8.464425e-04
20562,92.269855,34,8.434087e-04
20563,92.273071,34,8.401646e-04
20564,92.276286,33,9.976710e-04
20565,92.279501,33,9.942104e-04
20566,92.282716,33,9.911904e-04
20567,92.285931,33,9.878471e-04
20568,92.289145,33,9.841054e-04
20569,92.292360,33,9.800653e-04
20570,92.295575,33,9.762980e-04
20571,92.298790,33,9.725488e-04
20572,92.302004,33,9.686354e-04
20573,92.305219,33,9.647048e-04
20574,92.308433,33,9.609340e-04
20575,92.311648,33,9.571544e-04
20576,92.314863,33,9.534352e-04
20577,92.318078,33,9.498003e-04
20578,92.321293,33,9.458979e-04
20579,92.324508,33,9.420471e-04
20580,92.327723,33,9.384207e-04
20581,92.330938,33,9.344257e-04
20582,92.334154,33,9.301546e-04
20583,92.337369,33,9.272837e-04
20584,92.340585,33,9.247906e-04
20585,92.343801,33,9.221929e-04
20586,92.347017,33,9.216975e-04
20587,92.350233,33,9.202920e-04
20588,92.353450,33,9.193367e-04
20589,92.356667,33,9.184707e-04
20590,92.359884,33,9.172647e-04
20591,92.363101,33,9.165811e-04
20592,92.366319,33,9.161588e-04
20593,92.369537,33,9.159639e-04
20594,92.372755,33,9.166875e-04
20595,92.375974,33,9.169011e-04
20596,92.379193,33,9.170690e-04
20597,92.382412,33,9.174884e-04
20598,92.385632,33,9.179206e-04
20599,92.388852,33,9.185739e-04
20600,92.392072,33,9.196313e-04
20601,92.395293,33,9.206744e-04
20602,92.398515,33,9.219476e-04
20603,92.401736,33,9.229325e-04
20604,92.404959,33,9.238313e-04
20605,92.408181,33,9.246408e-04
20606,92.411404,33,9.269130e-04
20607,92.414628,33,9.287645e-04
20608,92.417852,33,9.314170e-04
20609,92.421077,33,9.344100e-04
20610,92.424302,33,9.393104e-04
20611,92.427527,33,9.432226e-04
20612,92.430753,33,9.458048e-04
20613,92.433980,33,9.491760e-04
20614,92.437207,33,9.540791e-04
20615,92.440435,33,9.574309e-04
20616,92.443664,33,9.610139e-04
20617,92.446893,33,9.647619e-04
20618,92.450122,33,9.684550e-04
20619,92.453352,33,9.729586e-04
20620,92.456583,33,9.785894e-04
20621,92.459815,33,9.818991e-04
20622,92.463047,33,9.856685e-04
20623,92.466279,33,9.888594e-04
20624,92.469512,33,9.918336e-04
20625,92.472746,33,9.945683e-04
20626,92.475981,33,9.971527e-04
20627,92.479216,33,9.995497e-04
20628,92.482452,34,8.406123e-04
20629,92.485689,34,8.421195e-04
20630,92.488926,34,8.431000e-04
20631,92.492164,34,8.446487e-04
20632,92.495403,34,8.457499e-04
20633,92.498642,34,8.472897e-04
20634,92.501882,34,8.480674e-04
20635,92.505123,34,8.495710e-04
20636,92.508364,34,8.501264e-04
20637,92.511606,34,8.522025e-04
20638,92.514849,34,8.532073e-04
20639,92.518093,34,8.532949e-04
20640,92.521337,34,8.541766e-04
20641,92.524583,34,8.563054e-04
20642,92.527828,34,8.564519e-04
20643,92.531075,34,8.564993e-04
20644,92.534322,34,8.564718e-04
20645,92.537571,34,8.562748e-04
20646,92.540819,34,8.559149e-04
20647,92.544069,34,8.555244e-04
20648,92.547320,34,8.549671e-04
20649,92.550571,34,8.545262e-04
20650,92.553823,34,8.537111e-04
20651,92.557075,34,8.525999e-04
20652,92.560329,34,8.514755e-04
20653,92.563583,34,8.508138e-04
20654,92.566838,34,8.507101e-04
20655,92.570094,34,8.498254e-04
20656,92.573351,34,8.484814e-04
20657,92.576608,34,8.471573e-04
20658,92.579866,34,8.458869e-04
20659,92.583125,34,8.444343e-04
20660,92.586385,34,8.429716e-04
20661,92.589645,34,8.414666e-04
20662,92.592907,34,8.399821e-04
20663,92.596169,33,9.998684e-04
20664,92.599432,33,9.988731e-04
20665,92.602695,33,9.966800e-04
20666,92.605960,33,9.918985e-04
20667,92.609225,33,9.887706e-04
20668,92.612491,33,9.869279e-04
20669,92.615758,33,9.846458e-04
20670,92.619025,33,9.828432e-04
20671,92.622294,33,9.811774e-04
20672,92.625563,33,9.788818e-04
20673,92.628833,33,9.760884e-04
20674,92.632103,33,9.736105e-04
20675,92.635375,33,9.711375e-04
20676,92.638647,33,9.681228e-04
20677,92.641920,33,9.653887e-04
20678,92.645194,33,9.624184e-04
20679,92.648468,33,9.587815e-04
20680,92.651744,33,9.556880e-04
20681,92.655020,33,9.528544e-04
20682,92.658297,33,9.498474e-04
20683,92.661574,33,9.467959e-04
20684,92.664853,33,9.437181e-04
20685,92.668132,33,9.406954e-04
20686,92.671412,33,9.377194e-04
20687,92.674693,33,9.349138e-04
20688,92.677974,33,9.329782e-04
20689,92.681256,33,9.299536e-04
20690,92.684539,33,9.271386e-04
20691,92.687823,33,9.243629e-04
20692,92.691107,33,9.216208e-04
20693,92.694392,33,9.189895e-04
20694,92.697678,33,9.165556e-04
20695,92.700965,33,9.145462e-04
20696,92.704252,33,9.116181e-04
20697,92.707540,33,9.093175e-04
20698,92.710829,33,9.076845e-04
20699,92.714119,33,9.076322e-04
20700,92.717409,33,9.053871e-04
20701,92.720700,33,9.043570e-04
20702,92.723991,33,9.034787e-04
20703,92.727284,33,9.023913e-04
20704,92.730577,33,9.011632e-04
20705,92.733870,33,9.020735e-04
20706,92.737165,33,9.036085e-04
20707,92.740460,33,9.039192e-04
20708,92.743756,33,9.044130e-04
20709,92.747052,33,9.053249e-04
20710,92.750349,33,9.073041e-04
20711,92.753647,33,9.082341e-04
20712,92.756945,33,9.093204e-04
20713,92.760244,33,9.103790e-04
20714,92.763544,33,9.118966e-04
20715,92.766845,33,9.134380e-04
20716,92.770146,33,9.152031e-04
20717,92.773447,33,9.175167e-04
20718,92.776750,33,9.200241e-04
20719,92.780053,33,9.225443e-04
20720,92.783356,33,9.259676e-04
20721,92.786660,33,9.283094e-04
20722,92.789965,33,9.307631e-04
20723,92.793270,33,9.338610e-04
20724,92.796577,33,9.374927e-04
20725,92.799883,33,9.409451e-04
20726,92.803190,33,9.439474e-04
20727,92.806498,33,9.476021e-04
20728,92.809806,33,9.527867e-04
20729,92.813115,33,9.560337e-04
20730,92.816425,33,9.595451e-04
20731,92.819735,33,9.631020e-04
20732,92.823046,33,9.661842e-04
20733,92.826357,33,9.703590e-04
20734,92.829669,33,9.745029e-04
20735,92.832981,33,9.780411e-04
20736,92.836294,33,9.815637e-04
20737,92.839607,33,9.849098e-04
20738,92.842921,33,9.880756e-04
20739,92.846236,33,9.915513e-04
20740,92.849551,33,9.952826e-04
20741,92.852866,33,9.981167e-04
20742,92.856182,34,8.361382e-04
20743,92.859499,34,8.378227e-04
20744,92.862816,34,8.397780e-04
20745,92.866133,34,8.416941e-04
20746,92.869451,34,8.433376e-04
20747,92.872770,34,8.449328e-04
20748,92.876089,34,8.463295e-04
20749,92.879408,34,8.466666e-04
20750,92.882728,34,8.493328e-04
20751,92.886048,34,8.513736e-04
20752,92.889369,34,8.540037e-04
20753,92.892691,34,8.562690e-04
20754,92.896012,34,8.579187e-04
20755,92.899334,34,8.589435e-04
20756,92.902657,34,8.591347e-04
20757,92.905980,34,8.591075e-04
20758,92.909303,34,8.590426e-04
20759,92.912627,34,8.591302e-04
20760,92.915952,34,8.589826e-04
20761,92.919276,34,8.585524e-04
20762,92.922601,34,8.578988e-04
20763,92.925927,34,8.570739e-04
20764,92.929253,34,8.561866e-04
20765,92.932579,34,8.557180e-04
20766,92.935906,34,8.546081e-04
20767,92.939233,34,8.529857e-04
20768,92.942560,34,8.512360e-04
20769,92.945888,34,8.493564e-04
20770,92.949216,34,8.472365e-04
20771,92.952544,34,8.450832e-04
20772,92.955873,34,8.426526e-04
20773,92.959202,34,8.398899e-04
20774,92.962532,34,8.367868e-04
20775,92.965861,33,9.974194e-04
20776,92.969192,33,9.947348e-04
20777,92.972522,33,9.919910e-04
20778,92.975853,33,9.895251e-04
20779,92.979184,33,9.866568e-04
20780,92.982515,33,9.831090e-04
20781,92.985847,33,9.790397e-04
20782,92.989179,33,9.760550e-04
20783,92.992511,33,9.728927e-04
20784,92.995843,33,9.696928e-04
20785,92.999176,33,9.680630e-04
20786,93.002509,33,9.654935e-04
20787,93.005843,33,9.631540e-04
20788,93.009176,33,9.601863e-04
20789,93.012510,33,9.571008e-04
20790,93.015844,33,9.540276e-04
20791,93.019178,33,9.510254e-04
20792,93.022513,33,9.483119e-04
20793,93.025848,33,9.453417e-04
20794,93.029183,33,9.422977e-04
20795,93.032518,33,9.387963e-04
20796,93.035853,33,9.363240e-04
20797,93.039189,33,9.340341e-04
20798,93.042525,33,9.315006e-04
20799,93.045861,33,9.286841e-04
20800,93.049197,33,9.267658e-04
20801,93.052534,33,9.257142e-04
20802,93.055870,33,9.253692e-04
20803,93.059207,33,9.237386e-04
20804,93.062544,33,9.234226e-04
20805,93.065881,33,9.234629e-04
20806,93.069218,33,9.229712e-04
20807,93.072556,33,9.222864e-04
20808,93.075893,33,9.209881e-04
20809,93.079231,33,9.196942e-04
20810,93.082569,33,9.196888e-04
20811,93.085907,33,9.206312e-04
20812,93.089245,33,9.218251e-04
20813,93.092583,33,9.241234e-04
20814,93.095922,33,9.264242e-04
20815,93.099260,33,9.282914e-04
20816,93.102599,33,9.316378e-04
20817,93.105937,33,9.352224e-04
20818,93.109276,33,9.361082e-04
20819,93.112615,33,9.378967e-04
20820,93.115954,33,9.404912e-04
20821,93.119293,33,9.432404e-04
20822,93.122632,33,9.461105e-04
20823,93.125971,33,9.489390e-04
20824,93.129310,33,9.519716e-04
20825,93.132649,33,9.556779e-04
20826,93.135989,33,9.593727e-04
20827,93.139328,33,9.630906e-04
20828,93.142667,33,9.661791e-04
20829,93.146007,33,9.684323e-04
20830,93.149346,33,9.708409e-04
20831,93.152686,33,9.730870e-04
20832,93.156025,33,9.765552e-04
20833,93.159365,33,9.802960e-04
20834,93.162704,33,9.853592e-04
20835,93.166044,33,9.899173e-04
20836,93.169383,33,9.932066e-04
20837,93.172722,33,9.964185e-04
20838,93.176062,33,9.988081e-04
20839,93.179401,34,8.360307e-04
20840,93.182741,34,8.382365e-04
20841,93.186080,34,8.411159e-04
20842,93.189419,34,8.432356e-04
20843,93.192759,34,8.446357e-04
20844,93.196098,34,8.456876e-04
20845,93.199437,34,8.467854e-04
20846,93.202776,34,8.481971e-04
20847,93.206115,34,8.490722e-04
20848,93.209454,34,8.494217e-04
20849,93.212793,34,8.495225e-04
20850,93.216132,34,8.493100e-04
20851,93.219470,34,8.488912e-04
20852,93.222809,34,8.482106e-04
20853,93.226148,34,8.469050e-04
20854,93.229486,34,8.457303e-04
20855,93.232824,34,8.444530e-04
20856,93.236162,34,8.428747e-04
20857,93.239500,34,8.411244e-04
20858,93.242838,34,8.388747e-04
20859,93.246176,34,8.369200e-04
20860,93.249514,33,9.980122e-04
20861,93.252851,33,9.957261e-04
20862,93.256188,33,9.926752e-04
20863,93.259526,33,9.890917e-04
20864,93.262863,33,9.852326e-04
20865,93.266199,33,9.814628e-04
20866,93.269536,33,9.782566e-04
20867,93.272872,33,9.721003e-04
20868,93.276209,33,9.668210e-04
20869,93.279545,33,9.628664e-04
20870,93.282881,33,9.587107e-04
20871,93.286216,33,9.547299e-04
20872,93.289552,33,9.511391e-04
20873,93.292887,33,9.481305e-04
20874,93.296222,33,9.458530e-04
20875,93.299557,33,9.423310e-04
20876,93.302891,33,9.389368e-04
20877,93.306226,33,9.363176e-04
20878,93.309560,33,9.329249e-04
20879,93.312894,33,9.294712e-04
20880,93.316227,33,9.251001e-04
20881,93.319561,33,9.217732e-04
20882,93.322894,33,9.186241e-04
20883,93.326226,33,9.158675e-04
20884,93.329559,33,9.132040e-04
20885,93.332891,33,9.102593e-04
20886,93.336223,33,9.080874e-04
20887,93.339554,33,9.059466e-04
20888,93.342886,33,9.048109e-04
20889,93.346217,33,9.038368e-04
20890,93.349547,33,9.017800e-04
20891,93.352878,33,9.009698e-04
20892,93.356207,33,9.002296e-04
20893,93.359537,33,8.984998e-04
20894,93.362866,33,8.974295e-04
20895,93.366195,33,8.978125e-04
20896,93.369524,33,8.986276e-04
20897,93.372852,33,9.012077e-04
20898,93.376180,33,9.029976e-04
20899,93.379507,33,9.053845e-04
20900,93.382835,33,9.073779e-04
20901,93.386161,33,9.106856e-04
20902,93.389488,33,9.130138e-04
20903,93.392813,33,9.157456e-04
20904,93.396139,33,9.185179e-04
20905,93.399464,33,9.212243e-04
20906,93.402789,33,9.234505e-04
20907,93.406113,33,9.260187e-04
20908,93.409437,33,9.296602e-04
20909,93.412760,33,9.333486e-04
20910,93.416083,33,9.366158e-04
20911,93.419405,33,9.385871e-04
20912,93.422727,33,9.421124e-04
20913,93.426049,33,9.460818e-04
20914,93.429370,33,9.517228e-04
20915,93.432691,33,9.581722e-04
20916,93.436011,33,9.627416e-04
20917,93.439330,33,9.685888e-04
20918,93.442649,33,9.742793e-04
20919,93.445968,33,9.784339e-04
20920,93.449286,33,9.824099e-04
20921,93.452604,33,9.863426e-04
20922,93.455921,33,9.893047e-04
20923,93.459237,33,9.928055e-04
20924,93.462553,33,9.963821e-04
20925,93.465869,33,9.995669e-04
20926,93.469184,34,8.372133e-04
20927,93.472498,34,8.392895e-04
20928,93.475812,34,8.413964e-04
20929,93.479125,34,8.436786e-04
20930,93.482437,34,8.452601e-04
20931,93.485750,34,8.466213e-04
20932,93.489061,34,8.473693e-04
20933,93.492372,34,8.477920e-04
20934,93.495682,34,8.482053e-04
20935,93.498992,34,8.479363e-04
20936,93.502301,34,8.478308e-04
20937,93.505609,34,8.479102e-04
20938,93.508917,34,8.476565e-04
20939,93.512224,34,8.471012e-04
20940,93.515530,34,8.462457e-04
20941,93.518836,34,8.455289e-04
20942,93.522141,34,8.445755e-04
20943,93.525446,34,8.437970e-04
20944,93.528750,34,8.420727e-04
20945,93.532053,34,8.396870e-04
20946,93.535356,34,8.368597e-04
20947,93.538657,33,9.977595e-04
20948,93.541959,33,9.940342e-04
20949,93.545259,33,9.898765e-04
20950,93.548559,33,9.854409e-04
20951,93.551858,33,9.807885e-04
20952,93.555156,33,9.759609e-04
20953,93.558454,33,9.703723e-04
20954,93.561750,33,9.654879e-04
20955,93.565047,33,9.604400e-04
20956,93.568342,33,9.536624e-04
20957,93.571637,33,9.481892e-04
20958,93.574931,33,9.431053e-04
20959,93.578224,33,9.380744e-04
20960,93.581516,33,9.322978e-04
20961,93.584808,33,9.274434e-04
20962,93.588099,33,9.222648e-04
20963,93.591389,33,9.179541e-04
20964,93.594678,33,9.134727e-04
20965,93.597966,33,9.089478e-04
20966,93.601254,33,9.050098e-04
20967,93.604541,33,9.009908e-04
20968,93.607827,33,8.976971e-04
20969,93.611112,33,8.949276e-04
20970,93.614397,33,8.914048e-04
20971,93.617681,33,8.883182e-04
20972,93.620963,33,8.853272e-04
20973,93.624245,33,8.825203e-04
20974,93.627527,33,8.802695e-04
20975,93.630807,33,8.780929e-04
20976,93.634087,33,8.757956e-04
20977,93.637365,33,8.735188e-04
20978,93.640643,33,8.713883e-04
20979,93.643920,33,8.688981e-04
20980,93.647196,33,8.660747e-04
20981,93.650472,33,8.648927e-04
20982,93.653746,33,8.640154e-04
20983,93.657020,33,8.633244e-04
20984,93.660292,33,8.628261e-04
20985,93.663564,33,8.640856e-04
20986,93.666835,33,8.639391e-04
20987,93.670105,33,8.636854e-04
20988,93.673375,33,8.643053e-04
20989,93.676643,33,8.649596e-04
20990,93.679910,33,8.654958e-04
20991,93.683177,33,8.672523e-04
20992,93.686443,33,8.692998e-04
20993,93.689708,33,8.709466e-04
20994,93.692972,33,8.741317e-04
20995,93.696235,33,8.770079e-04
20996,93.699497,33,8.788848e-04
20997,93.702758,33,8.851850e-04
20998,93.706019,33,8.894395e-04
20999,93.709278,33,8.932017e-04
21000,93.712537,33,8.977388e-04
21001,93.715795,33,9.024241e-04
21002,93.719052,33,9.063914e-04
21003,93.722308,33,9.101610e-04
21004,93.725563,33,9.135071e-04
21005,93.728817,33,9.167867e-04
21006,93.732071,33,9.206938e-04
21007,93.735323,33,9.238025e-04
21008,93.738575,33,9.272235e-04
21009,93.741826,33,9.308705e-04
21010,93.745076,33,9.345677e-04
21011,93.748325,33,9.390548e-04
21012,93.751573,33,9.435648e-04
21013,93.754820,33,9.474901e-04
21014,93.758067,33,9.504408e-04
21015,93.761313,33,9.538904e-04
21016,93.764557,33,9.562585e-04
21017,93.767801,33,9.581582e-04
21018,93.771044,33,9.599452e-04
21019,93.774287,33,9.618789e-04
21020,93.777528,33,9.633904e-04
21021,93.780769,33,9.640493e-04
21022,93.784009,33,9.646064e-04
21023,93.787248,33,9.650349e-04
21024,93.790486,33,9.652054e-04
21025,93.793724,33,9.650420e-04
21026,93.796960,33,9.647623e-04
21027,93.800196,33,9.640720e-04
21028,93.803431,33,9.629764e-04
21029,93.806666,33,9.612554e-04
21030,93.809899,33,9.598071e-04
21031,93.813132,33,9.581137e-04
21032,93.816364,33,9.561401e-04
21033,93.819596,33,9.531782e-04
21034,93.822826,33,9.508798e-04
21035,93.826056,33,9.483754e-04
21036,93.829285,33,9.452364e-04
21037,93.832514,33,9.429769e-04
21038,93.835742,33,9.404714e-04
21039,93.838969,33,9.372547e-04
21040,93.842196,33,9.337136e-04
21041,93.845422,33,9.305102e-04
21042,93.848647,33,9.270461e-04
21043,93.851871,33,9.238126e-04
21044,93.855095,33,9.205416e-04
21045,93.858319,33,9.169421e-04
21046,93.861542,33,9.141711e-04
21047,93.864764,33,9.102264e-04
21048,93.867986,33,9.074868e-04
21049,93.871207,33,9.057463e-04
21050,93.874427,33,9.035468e-04
21051,93.877648,33,9.017155e-04
21052,93.880867,33,8.997269e-04
21053,93.884086,33,8.988861e-04
21054,93.887305,33,8.980778e-04
21055,93.890523,33,8.968765e-04
21056,93.893741,33,8.956875e-04
21057,93.896958,33,8.951893e-04
21058,93.900175,33,8.945106e-04
21059,93.903391,33,8.936586e-04
21060,93.906607,33,8.929086e-04
21061,93.909823,33,8.923811e-04
21062,93.913038,33,8.910588e-04
21063,93.916253,33,8.906626e-04
21064,93.919468,33,8.903824e-04
21065,93.922682,33,8.902475e-04
21066,93.925896,33,8.907240e-04
21067,93.929110,33,8.913471e-04
21068,93.932323,33,8.910309e-04
21069,93.935536,33,8.922359e-04
21070,93.938749,33,8.934468e-04
21071,93.941962,33,8.946241e-04
21072,93.945174,33,8.964834e-04
21073,93.948387,33,8.995733e-04
21074,93.951599,33,9.021134e-04
21075,93.954811,33,9.037486e-04
21076,93.958023,33,9.051259e-04
21077,93.961235,33,9.052093e-04
21078,93.964446,33,9.070154e-04
21079,93.967658,33,9.091084e-04
21080,93.970869,33,9.119056e-04
21081,93.974081,33,9.133518e-04
21082,93.977292,33,9.151326e-04
21083,93.980504,33,9.170080e-04
21084,93.983715,33,9.188705e-04
21085,93.986926,33,9.213547e-04
21086,93.990138,33,9.231996e-04
21087,93.993349,33,9.248786e-04
21088,93.996561,33,9.262999e-04
21089,93.999772,33,9.276997e-04
21090,94.002984,33,9.295492e-04
21091,94.006196,33,9.313215e-04
21092,94.009408,33,9.330576e-04
21093,94.012620,33,9.348018e-04
21094,94.015832,33,9.373712e-04
21095,94.019045,33,9.395772e-04
21096,94.022257,33,9.408230e-04
21097,94.025470,33,9.414917e-04
21098,94.028683,33,9.417845e-04
21099,94.031896,33,9.424354e-04
21100,94.035110,33,9.428909e-04
21101,94.038324,33,9.420568e-04
21102,94.041538,33,9.417455e-04
21103,94.044752,33,9.413148e-04
21104,94.047967,33,9.410596e-04
21105,94.051182,33,9.410964e-04
21106,94.054397,33,9.408602e-04
21107,94.057613,33,9.403352e-04
21108,94.060829,33,9.395290e-04
21109,94.064046,33,9.394266e-04
21110,94.067263,33,9.390516e-04
21111,94.070480,33,9.382647e-04
21112,94.073698,33,9.367914e-04
21113,94.076916,33,9.347710e-04
21114,94.080134,33,9.326657e-04
21115,94.083353,33,9.306297e-04
21116,94.086573,33,9.282505e-04
21117,94.089793,33,9.255753e-04
21118,94.093014,33,9.230362e-04
21119,94.096235,33,9.208774e-04
21120,94.099456,33,9.176798e-04
21121,94.102679,33,9.146615e-04
21122,94.105901,33,9.113097e-04
21123,94.109125,33,9.076171e-04
21124,94.112348,33,9.040055e-04
21125,94.115573,33,9.003589e-04
21126,94.118798,33,8.964308e-04
21127,94.122023,33,8.925300e-04
21128,94.125250,33,8.886158e-04
21129,94.128476,33,8.836298e-04
21130,94.131704,33,8.791267e-04
21131,94.134932,33,8.750610e-04
21132,94.138161,33,8.707082e-04
21133,94.141390,33,8.662910e-04
21134,94.144620,33,8.625580e-04
21135,94.147851,33,8.588123e-04
21136,94.151083,33,8.552042e-04
21137,94.154315,33,8.513857e-04
21138,94.157548,33,8.479194e-04
21139,94.160781,33,8.434855e-04
21140,94.164016,33,8.409767e-04
21141,94.167251,33,8.384126e-04
21142,94.170487,33,8.362371e-04
21143,94.173723,32,9.986669e-04
21144,94.176960,32,9.965852e-04
21145,94.180198,32,9.953329e-04
21146,94.183437,32,9.963073e-04
21147,94.186677,32,9.962911e-04
21148,94.189917,32,9.960575e-04
21149,94.193158,32,9.961400e-04
21150,94.196400,32,9.966398e-04
21151,94.199643,32,9.974437e-04
21152,94.202886,32,9.986995e-04
21153,94.206131,33,8.353081e-04
21154,94.209376,33,8.368153e-04
21155,94.212621,33,8.384700e-04
21156,94.215868,33,8.417456e-04
21157,94.219116,33,8.426214e-04
21158,94.222364,33,8.454002e-04
21159,94.225613,33,8.479887e-04
21160,94.228863,33,8.515388e-04
21161,94.232114,33,8.541663e-04
21162,94.235365,33,8.591188e-04
21163,94.238618,33,8.650741e-04
21164,94.241871,33,8.710576e-04
21165,94.245125,33,8.773690e-04
21166,94.248380,33,8.817231e-04
21167,94.251636,33,8.865518e-04
21168,94.254893,33,8.926972e-04
21169,94.258150,33,8.983554e-04
21170,94.261409,33,9.037370e-04
21171,94.264668,33,9.102136e-04
21172,94.267928,33,9.156363e-04
21173,94.271189,33,9.210181e-04
21174,94.274450,33,9.260715e-04
21175,94.277713,33,9.313841e-04
21176,94.280977,33,9.364642e-04
21177,94.284241,33,9.414093e-04
21178,94.287506,33,9.460340e-04
21179,94.290772,33,9.513149e-04
21180,94.294039,33,9.557937e-04
21181,94.297307,33,9.599640e-04
21182,94.300575,33,9.639451e-04
21183,94.303845,33,9.671865e-04
21184,94.307115,33,9.705720e-04
21185,94.310386,33,9.736956e-04
21186,94.313658,33,9.762426e-04
21187,94.316931,33,9.780071e-04
21188,94.320204,33,9.802843e-04
21189,94.323479,33,9.825413e-04
21190,94.326754,33,9.844299e-04
21191,94.330031,33,9.864258e-04
21192,94.333308,33,9.881749e-04
21193,94.336585,33,9.886349e-04
21194,94.339864,33,9.899942e-04
21195,94.343144,33,9.915333e-04
21196,94.346424,33,9.912945e-04
21197,94.349705,33,9.907771e-04
21198,94.352987,33,9.891280e-04
21199,94.356270,33,9.878108e-04
21200,94.359554,33,9.862950e-04
21201,94.362839,33,9.844888e-04
21202,94.366124,33,9.819487e-04
21203,94.369410,33,9.796541e-04
21204,94.372697,33,9.775627e-04
21205,94.375985,33,9.750161e-04
21206,94.379273,33,9.730217e-04
21207,94.382563,33,9.701642e-04
21208,94.385853,33,9.671026e-04
21209,94.389144,33,9.642043e-04
21210,94.392436,33,9.615104e-04
21211,94.395728,33,9.580231e-04
21212,94.399022,33,9.537082e-04
21213,94.402316,33,9.492959e-04
21214,94.405611,33,9.447207e-04
21215,94.408907,33,9.409850e-04
21216,94.412203,33,9.370757e-04
21217,94.415500,33,9.330104e-04
21218,94.418798,33,9.286187e-04
21219,94.422097,33,9.248121e-04
21220,94.425397,33,9.210799e-04
21221,94.428697,33,9.171896e-04
21222,94.431998,33,9.137512e-04
21223,94.435300,33,9.104086e-04
21224,94.438602,33,9.074729e-04
21225,94.441906,33,9.041986e-04
21226,94.445210,33,9.010447e-04
21227,94.448515,33,8.979565e-04
21228,94.451820,33,8.951177e-04
21229,94.455126,33,8.924514e-04
21230,94.458433,33,8.894860e-04
21231,94.461741,33,8.856734e-04
21232,94.465049,33,8.836378e-04
21233,94.468358,33,8.826596e-04
21234,94.471668,33,8.816540e-04
21235,94.474978,33,8.811285e-04
21236,94.478289,33,8.811369e-04
21237,94.481601,33,8.815086e-04
21238,94.484913,33,8.819344e-04
21239,94.488227,33,8.821641e-04
21240,94.491540,33,8.831507e-04
21241,94.494855,33,8.834721e-04
21242,94.498170,33,8.839529e-04
21243,94.501486,33,8.837911e-04
21244,94.504802,33,8.830672e-04
21245,94.508119,33,8.833535e-04
21246,94.511437,33,8.846598e-04
21247,94.514755,33,8.863191e-04
21248,94.518074,33,8.889673e-04
21249,94.521394,33,8.910122e-04
21250,94.524714,33,8.933618e-04
21251,94.528035,33,8.956837e-04
21252,94.531356,33,8.978734e-04
21253,94.534678,33,9.000069e-04
21254,94.538001,33,9.030523e-04
21255,94.541324,33,9.076255e-04
21256,94.544648,33,9.115729e-04
21257,94.547972,33,9.146482e-04
21258,94.551297,33,9.176620e-04
21259,94.554623,33,9.206841e-04
21260,94.557949,33,9.235070e-04
21261,94.561275,33,9.263874e-04
21262,94.564602,33,9.302480e-04
21263,94.567930,33,9.331795e-04
21264,94.571258,33,9.356406e-04
21265,94.574587,33,9.374718e-04
21266,94.577917,33,9.397839e-04
21267,94.581247,33,9.419960e-04
21268,94.584577,33,9.440923e-04
21269,94.587908,33,9.457547e-04
21270,94.591239,33,9.473783e-04
21271,94.594571,33,9.489025e-04
21272,94.597904,33,9.500775e-04
21273,94.601237,33,9.510872e-04
21274,94.604570,33,9.526226e-04
21275,94.607904,33,9.524356e-04
21276,94.611238,33,9.526128e-04
21277,94.614573,33,9.525873e-04
21278,94.617909,33,9.523780e-04
21279,94.621245,33,9.516197e-04
21280,94.624581,33,9.507105e-04
21281,94.627918,33,9.496539e-04
21282,94.631255,33,9.486161e-04
21283,94.634592,33,9.475070e-04
21284,94.637930,33,9.456719e-04
21285,94.641269,33,9.422686e-04
21286,94.644608,33,9.399474e-04
21287,94.647947,33,9.376206e-04
21288,94.651287,33,9.352863e-04
21289,94.654627,33,9.329557e-04
21290,94.657968,33,9.307742e-04
21291,94.661309,33,9.281838e-04
21292,94.664650,33,9.259819e-04
21293,94.667992,33,9.227269e-04
21294,94.671334,33,9.196657e-04
21295,94.674677,33,9.168589e-04
21296,94.678020,33,9.136349e-04
21297,94.681363,33,9.109451e-04
21298,94.684707,33,9.082611e-04
21299,94.688051,33,9.050899e-04
21300,94.691395,33,9.020267e-04
21301,94.694740,33,9.003358e-04
21302,94.698085,33,8.993282e-04
21303,94.701430,33,8.971814e-04
21304,94.704776,33,8.947155e-04
21305,94.708122,33,8.915934e-04
21306,94.711469,33,8.898667e-04
21307,94.714815,33,8.888857e-04
21308,94.718162,33,8.882841e-04
21309,94.721510,33,8.870836e-04
21310,94.724857,33,8.858374e-04
21311,94.728205,33,8.850576e-04
21312,94.731554,33,8.844380e-04
21313,94.734902,33,8.840207e-04
21314,94.738251,33,8.839011e-04
21315,94.741600,33,8.833545e-04
21316,94.744950,33,8.836660e-04
21317,94.748299,33,8.842577e-04
21318,94.751649,33,8.840251e-04
21319,94.754999,33,8.850556e-04
21320,94.758350,33,8.864061e-04
21321,94.761701,33,8.865215e-04
21322,94.765051,33,8.887308e-04
21323,94.768403,33,8.915346e-04
21324,94.771754,33,8.949075e-04
21325,94.775106,33,8.965629e-04
21326,94.778458,33,8.989957e-04
21327,94.781810,33,9.021226e-04
21328,94.785162,33,9.070848e-04
21329,94.788515,33,9.105508e-04
21330,94.791867,33,9.140409e-04
21331,94.795220,33,9.167435e-04
21332,94.798574,33,9.204971e-04
21333,94.801927,33,9.232682e-04
21334,94.805280,33,9.266340e-04
21335,94.808634,33,9.308715e-04
21336,94.811988,33,9.355125e-04
21337,94.815342,33,9.417482e-04
21338,94.818696,33,9.468845e-04
21339,94.822051,33,9.508194e-04
21340,94.825405,33,9.543572e-04
21341,94.828760,33,9.576033e-04
21342,94.832115,33,9.607146e-04
21343,94.835470,33,9.635855e-04
21344,94.838825,33,9.663000e-04
21345,94.842180,33,9.687817e-04
21346,94.845536,33,9.701732e-04
21347,94.848891,33,9.721454e-04
21348,94.852247,33,9.738970e-04
21349,94.855603,33,9.753354e-04
21350,94.858959,33,9.764138e-04
21351,94.862315,33,9.771846e-04
21352,94.865671,33,9.776651e-04
21353,94.869027,33,9.777993e-04
21354,94.872384,33,9.773323e-04
21355,94.875740,33,9.765946e-04
21356,94.879096,33,9.759893e-04
21357,94.882453,33,9.754529e-04
21358,94.885810,33,9.735814e-04
21359,94.889166,33,9.719523e-04
21360,94.892523,33,9.697966e-04
21361,94.895880,33,9.674144e-04
21362,94.899237,33,9.647179e-04
21363,94.902594,33,9.618867e-04
21364,94.905951,33,9.585376e-04
21365,94.909308,33,9.544595e-04
21366,94.912665,33,9.503677e-04
21367,94.916022,33,9.465022e-04
21368,94.919379,33,9.409006e-04
21369,94.922737,33,9.356266e-04
21370,94.926094,33,9.303747e-04
21371,94.929451,33,9.245726e-04
21372,94.932808,33,9.188179e-04
21373,94.936166,33,9.128751e-04
21374,94.939523,33,9.057511e-04
21375,94.942880,33,8.993153e-04
21376,94.946237,33,8.932585e-04
21377,94.949595,33,8.873509e-04
21378,94.952952,33,8.809571e-04
21379,94.956309,33,8.750033e-04
21380,94.959666,33,8.693929e-04
21381,94.963023,33,8.628331e-04
21382,94.966380,33,8.575024e-04
21383,94.969738,33,8.529666e-04
21384,94.973095,33,8.478722e-04
21385,94.976452,33,8.434867e-04
21386,94.979809,33,8.389580e-04
21387,94.983165,33,8.357667e-04
21388,94.986522,32,9.964283e-04
21389,94.989879,32,9.936942e-04
21390,94.993236,32,9.912031e-04
21391,94.996592,32,9.888751e-04
21392,94.999949,32,9.885179e-04
21393,95.003305,32,9.875347e-04
21394,95.006662,32,9.870343e-04
21395,95.010018,32,9.871230e-04
21396,95.013374,32,9.874730e-04
21397,95.016730,32,9.892874e-04
21398,95.020086,32,9.908237e-04
21399,95.023442,32,9.927354e-04
21400,95.026798,32,9.954433e-04
21401,95.030153,32,9.980456e-04
21402,95.033509,33,8.361856e-04
21403,95.036864,33,8.398994e-04
21404,95.040220,33,8.444152e-04
21405,95.043575,33,8.471182e-04
21406,95.046930,33,8.512218e-04
21407,95.050284,33,8.566056e-04
21408,95.053639,33,8.621940e-04
21409,95.056994,33,8.692676e-04
21410,95.060348,33,8.768698e-04
21411,95.063702,33,8.829051e-04
21412,95.067056,33,8.886208e-04
21413,95.070410,33,8.952219e-04
21414,95.073763,33,9.013079e-04
21415,95.077117,33,9.074458e-04
21416,95.080470,33,9.119105e-04
21417,95.083823,33,9.167060e-04
21418,95.087176,33,9.228532e-04
21419,95.090529,33,9.301048e-04
21420,95.093881,33,9.363548e-04
21421,95.097233,33,9.437129e-04
21422,95.100585,33,9.495086e-04
21423,95.103937,33,9.558086e-04
21424,95.107289,33,9.619773e-04
21425,95.110640,33,9.671784e-04
21426,95.113991,33,9.713026e-04
21427,95.117342,33,9.757909e-04
21428,95.120692,33,9.798519e-04
21429,95.124042,33,9.835346e-04
21430,95.127393,33,9.870113e-04
21431,95.130742,33,9.901496e-04
21432,95.134092,33,9.926855e-04
21433,95.137441,33,9.952184e-04
21434,95.140790,33,9.976641e-04
21435,95.144138,33,9.989583e-04
21436,95.147487,33,9.999660e-04
21437,95.150835,34,8.360043e-04
21438,95.154183,34,8.357712e-04
21439,95.157530,33,9.986574e-04
21440,95.160877,33,9.982274e-04
21441,95.164224,33,9.973944e-04
21442,95.167570,33,9.960022e-04
21443,95.170917,33,9.949391e-04
21444,95.174262,33,9.927683e-04
21445,95.177608,33,9.901172e-04
21446,95.180953,33,9.871247e-04
21447,95.184298,33,9.836680e-04
21448,95.187642,33,9.800927e-04
21449,95.190986,33,9.763614e-04
21450,95.194330,33,9.716620e-04
21451,95.197673,33,9.667954e-04
21452,95.201016,33,9.612415e-04
21453,95.204359,33,9.551571e-04
21454,95.207701,33,9.482842e-04
21455,95.211043,33,9.414075e-04
21456,95.214384,33,9.341103e-04
21457,95.217725,33,9.267956e-04
21458,95.221066,33,9.193335e-04
21459,95.224406,33,9.114005e-04
21460,95.227746,33,9.039650e-04
21461,95.231085,33,8.962388e-04
21462,95.234424,33,8.881817e-04
21463,95.237762,33,8.797811e-04
21464,95.241100,33,8.721605e-04
21465,95.244438,33,8.647896e-04
21466,95.247775,33,8.575823e-04
21467,95.251111,33,8.502912e-04
21468,95.254448,33,8.429682e-04
21469,95.257783,33,8.363583e-04
21470,95.261119,32,9.933420e-04
21471,95.264453,32,9.856252e-04
21472,95.267788,32,9.805141e-04
21473,95.271121,32,9.745467e-04
21474,95.274455,32,9.686824e-04
21475,95.277787,32,9.634419e-04
21476,95.281120,32,9.586698e-04
21477,95.284451,32,9.538525e-04
21478,95.287783,32,9.481618e-04
21479,95.291113,32,9.454832e-04
21480,95.294444,32,9.434639e-04
21481,95.297773,32,9.422310e-04
21482,95.301102,32,9.407907e-04
21483,95.304431,32,9.392291e-04
21484,95.307759,32,9.395439e-04
21485,95.311086,32,9.420345e-04
21486,95.314413,32,9.455305e-04
21487,95.317739,32,9.478241e-04
21488,95.321065,32,9.525429e-04
21489,95.324390,32,9.577652e-04
21490,95.327715,32,9.635072e-04
21491,95.331039,32,9.719005e-04
21492,95.334362,32,9.812878e-04
21493,95.337685,32,9.881641e-04
21494,95.341007,32,9.959457e-04
21495,95.344328,33,8.388568e-04
21496,95.347649,33,8.466661e-04
21497,95.350969,33,8.534564e-04
21498,95.354289,33,8.604230e-04
21499,95.357608,33,8.669896e-04
21500,95.360926,33,8.739011e-04
21501,95.364244,33,8.819395e-04
21502,95.367561,33,8.890923e-04
21503,95.370877,33,8.957635e-04
21504,95.374193,33,9.034242e-04
21505,95.377508,33,9.108954e-04
21506,95.380822,33,9.182610e-04
21507,95.384136,33,9.253859e-04
21508,95.387449,33,9.322995e-04
21509,95.390761,33,9.389391e-04
21510,95.394072,33,9.462453e-04
21511,95.397383,33,9.536821e-04
21512,95.400693,33,9.591398e-04
21513,95.404003,33,9.645360e-04
21514,95.407311,33,9.695440e-04
21515,95.410619,33,9.740942e-04
21516,95.413926,33,9.782105e-04
21517,95.417233,33,9.819559e-04
21518,95.420539,33,9.851655e-04
21519,95.423844,33,9.876221e-04
21520,95.427148,33,9.897069e-04
21521,95.430451,33,9.920061e-04
21522,95.433754,33,9.936179e-04
21523,95.437056,33,9.937335e-04
21524,95.440357,33,9.943387e-04
21525,95.443657,33,9.944994e-04
21526,95.446957,33,9.942239e-04
21527,95.450256,33,9.936023e-04
21528,95.453554,33,9.927200e-04
21529,95.456851,33,9.908731e-04
21530,95.460147,33,9.886700e-04
21531,95.463443,33,9.870830e-04
21532,95.466738,33,9.845346e-04
21533,95.470032,33,9.813392e-04
21534,95.473325,33,9.782373e-04
21535,95.476618,33,9.744055e-04
21536,95.479909,33,9.697442e-04
21537,95.483200,33,9.644377e-04
21538,95.486490,33,9.594245e-04
21539,95.489779,33,9.542033e-04
21540,95.493067,33,9.487730e-04
21541,95.496355,33,9.425688e-04
21542,95.499641,33,9.364193e-04
21543,95.502927,33,9.299961e-04
21544,95.506212,33,9.234083e-04
21545,95.509496,33,9.164446e-04
21546,95.512779,33,9.092714e-04
21547,95.516062,33,9.021641e-04
21548,95.519343,33,8.951890e-04
21549,95.522624,33,8.881544e-04
21550,95.525904,33,8.805637e-04
21551,95.529183,33,8.728631e-04
21552,95.532461,33,8.647213e-04
21553,95.535738,33,8.569411e-04
21554,95.539015,33,8.489901e-04
21555,95.542290,33,8.403481e-04
21556,95.545565,32,9.966773e-04
21557,95.548839,32,9.878241e-04
21558,95.552112,32,9.792650e-04
21559,95.555384,32,9.711377e-04
21560,95.558655,32,9.627888e-04
21561,95.561926,32,9.548806e-04
21562,95.565195,32,9.474851e-04
21563,95.568464,32,9.404117e-04
21564,95.571732,32,9.335134e-04
21565,95.574999,32,9.275123e-04
21566,95.578265,32,9.215071e-04
21567,95.581531,32,9.154179e-04
21568,95.584795,32,9.105349e-04
21569,95.588059,32,9.042742e-04
21570,95.591322,32,9.001708e-04
21571,95.594584,32,8.964985e-04
21572,95.597845,32,8.945388e-04
21573,95.601105,32,8.941923e-04
21574,95.604364,32,8.938586e-04
21575,95.607623,32,8.939742e-04
21576,95.610881,32,8.948216e-04
21577,95.614138,32,8.951498e-04
21578,95.617394,32,8.960547e-04
21579,95.620650,32,8.993664e-04
21580,95.623904,32,9.039956e-04
21581,95.627158,32,9.078782e-04
21582,95.630411,32,9.135172e-04
21583,95.633663,32,9.219876e-04
21584,95.636915,32,9.271919e-04
21585,95.640165,32,9.334514e-04
21586,95.643415,32,9.409679e-04
21587,95.646664,32,9.484316e-04
21588,95.649913,32,9.564806e-04
21589,95.653160,32,9.644698e-04
21590,95.656407,32,9.757134e-04
21591,95.659653,32,9.839864e-04
21592,95.662899,32,9.920352e-04
21593,95.666143,33,8.381542e-04
21594,95.669387,33,8.441446e-04
21595,95.672631,33,8.511371e-04
21596,95.675873,33,8.577646e-04
21597,95.679115,33,8.646721e-04
21598,95.682356,33,8.728496e-04
21599,95.685597,33,8.806874e-04
21600,95.688837,33,8.896585e-04
21601,95.692076,33,8.975080e-04
21602,95.695315,33,9.043245e-04
21603,95.698553,33,9.108736e-04
21604,95.701790,33,9.179865e-04
21605,95.705027,33,9.248753e-04
21606,95.708263,33,9.305170e-04
21607,95.711499,33,9.356769e-04
21608,95.714734,33,9.405023e-04
21609,95.717968,33,9.450289e-04
21610,95.721202,33,9.491722e-04
21611,95.724435,33,9.530303e-04
21612,95.727668,33,9.566387e-04
21613,95.730901,33,9.597589e-04
21614,95.734133,33,9.624827e-04
21615,95.737364,33,9.648570e-04
21616,95.740595,33,9.668662e-04
21617,95.743825,33,9.683375e-04
21618,95.747055,33,9.694042e-04
21619,95.750285,33,9.700218e-04
21620,95.753514,33,9.693350e-04
21621,95.756743,33,9.684672e-04
21622,95.759971,33,9.677533e-04
21623,95.763199,33,9.661108e-04
21624,95.766427,33,9.648012e-04
21625,95.769654,33,9.624855e-04
21626,95.772881,33,9.598839e-04
21627,95.776107,33,9.572213e-04
21628,95.779334,33,9.537524e-04
21629,95.782560,33,9.504036e-04
21630,95.785785,33,9.467744e-04
21631,95.789011,33,9.438884e-04
21632,95.792236,33,9.405344e-04
21633,95.795461,33,9.360690e-04
21634,95.798686,33,9.316102e-04
21635,95.801911,33,9.273588e-04
21636,95.805135,33,9.223052e-04
21637,95.808359,33,9.163528e-04
21638,95.811583,33,9.100049e-04
21639,95.814807,33,9.034935e-04
21640,95.818031,33,8.975645e-04
21641,95.821255,33,8.913332e-04
21642,95.824478,33,8.847238e-04
21643,95.827702,33,8.786752e-04
21644,95.830925,33,8.725851e-04
21645,95.834149,33,8.665697e-04
21646,95.837372,33,8.605326e-04
21647,95.840596,33,8.546774e-04
21648,95.843819,33,8.487504e-04
21649,95.847043,33,8.429885e-04
21650,95.850266,33,8.375507e-04
21651,95.853489,32,9.964742e-04
21652,95.856713,32,9.902567e-04
21653,95.859937,32,9.822007e-04
21654,95.863160,32,9.756424e-04
21655,95.866384,32,9.696109e-04
21656,95.869608,32,9.641126e-04
21657,95.872832,32,9.598867e-04
21658,95.876057,32,9.552091e-04
21659,95.879281,32,9.507939e-04
21660,95.882506,32,9.466068e-04
21661,95.885730,32,9.428567e-04
21662,95.888955,32,9.392552e-04
21663,95.892181,32,9.357526e-04
21664,95.895406,32,9.326086e-04
21665,95.898632,32,9.297122e-04
21666,95.901858,32,9.256040e-04
21667,95.905084,32,9.238186e-04
21668,95.908311,32,9.229587e-04
21669,95.911537,32,9.226346e-04
21670,95.914765,32,9.231095e-04
21671,95.917992,32,9.238369e-04
21672,95.921220,32,9.235719e-04
21673,95.924448,32,9.252014e-04
21674,95.927677,32,9.273226e-04
21675,95.930906,32,9.299702e-04
21676,95.934135,32,9.334229e-04
21677,95.937365,32,9.383702e-04
21678,95.940595,32,9.413534e-04
21679,95.943826,32,9.447727e-04
21680,95.947057,32,9.489869e-04
21681,95.950289,32,9.524752e-04
21682,95.953521,32,9.569315e-04
21683,95.956753,32,9.625344e-04
21684,95.959986,32,9.682051e-04
21685,95.963220,32,9.729619e-04
21686,95.966454,32,9.790351e-04
21687,95.969688,32,9.873558e-04
21688,95.972923,32,9.938749e-04
21689,95.976159,33,8.365472e-04
21690,95.979395,33,8.432251e-04
21691,95.982632,33,8.496509e-04
21692,95.985869,33,8.562180e-04
21693,95.989107,33,8.615677e-04
21694,95.992346,33,8.678728e-04
21695,95.995585,33,8.742997e-04
21696,95.998824,33,8.808933e-04
21697,96.002065,33,8.876733e-04
21698,96.005305,33,8.935750e-04
21699,96.008547,33,8.990367e-04
21700,96.011789,33,9.051951e-04
21701,96.015032,33,9.117510e-04
21702,96.018275,33,9.167935e-04
21703,96.021520,33,9.213979e-04
21704,96.024764,33,9.257598e-04
21705,96.028010,33,9.290518e-04
21706,96.031256,33,9.328520e-04
21707,96.034503,33,9.363355e-04
21708,96.037750,33,9.401184e-04
21709,96.040999,33,9.430244e-04
21710,96.044248,33,9.451149e-04
21711,96.047497,33,9.472621e-04
21712,96.050748,33,9.491990e-04
21713,96.053999,33,9.508357e-04
21714,96.057251,33,9.521827e-04
21715,96.060503,33,9.519831e-04
21716,96.063757,33,9.523620e-04
21717,96.067011,33,9.529733e-04
21718,96.070265,33,9.530522e-04
21719,96.073521,33,9.527230e-04
21720,96.076777,33,9.526859e-04
21721,96.080034,33,9.524048e-04
21722,96.083292,33,9.509964e-04
21723,96.086551,33,9.491984e-04
21724,96.089810,33,9.462662e-04
21725,96.093070,33,9.440364e-04
21726,96.096331,33,9.415143e-04
21727,96.099593,33,9.389144e-04
21728,96.102855,33,9.359165e-04
21729,96.106118,33,9.319521e-04
21730,96.109382,33,9.283317e-04
21731,96.112647,33,9.244755e-04
21732,96.115913,33,9.205098e-04
21733,96.119179,33,9.164869e-04
21734,96.122446,33,9.120942e-04
21735,96.125714,33,9.074657e-04
21736,96.128983,33,9.026193e-04
21737,96.132252,33,8.966003e-04
21738,96.135523,33,8.914129e-04
21739,96.138794,33,8.867475e-04
21740,96.142066,33,8.821058e-04
21741,96.145338,33,8.780794e-04
21742,96.148612,33,8.747060e-04
21743,96.151886,33,8.704774e-04
21744,96.155161,33,8.657632e-04
21745,96.158437,33,8.608280e-04
21746,96.161714,33,8.567612e-04
21747,96.164992,33,8.528022e-04
21748,96.168270,33,8.485251e-04
21749,96.171549,33,8.443658e-04
21750,96.174829,33,8.406571e-04
21751,96.178110,33,8.372734e-04
21752,96.181391,32,9.978995e-04
21753,96.184673,32,9.932558e-04
21754,96.187956,32,9.901143e-04
21755,96.191240,32,9.868495e-04
21756,96.194525,32,9.841823e-04
21757,96.197810,32,9.821087e-04
21758,96.201097,32,9.793264e-04
21759,96.204384,32,9.771976e-04
21760,96.207671,32,9.755882e-04
21761,96.210960,32,9.736055e-04
21762,96.214249,32,9.720239e-04
21763,96.217540,32,9.718006e-04
21764,96.220830,32,9.722600e-04
21765,96.224122,32,9.717899e-04
21766,96.227415,32,9.716590e-04
21767,96.230708,32,9.710793e-04
21768,96.234002,32,9.709996e-04
21769,96.237297,32,9.716635e-04
21770,96.240592,32,9.720532e-04
21771,96.243888,32,9.726468e-04
21772,96.247185,32,9.733499e-04
21773,96.250483,32,9.744183e-04
21774,96.253782,32,9.755053e-04
21775,96.257081,32,9.764111e-04
21776,96.260381,32,9.767656e-04
21777,96.263682,32,9.784203e-04
21778,96.266983,32,9.801918e-04
21779,96.270285,32,9.817278e-04
21780,96.273588,32,9.818915e-04
21781,96.276892,32,9.842965e-04
21782,96.280196,32,9.876362e-04
21783,96.283501,32,9.912045e-04
21784,96.286807,32,9.941087e-04
21785,96.290114,32,9.969119e-04
21786,96.293421,33,8.354808e-04
21787,96.296729,33,8.375693e-04
21788,96.300037,33,8.404552e-04
21789,96.303347,33,8.442366e-04
21790,96.306657,33,8.472631e-04
21791,96.309968,33,8.502430e-04
21792,96.313279,33,8.521887e-04
21793,96.316591,33,8.542553e-04
21794,96.319904,33,8.577254e-04
21795,96.323217,33,8.618722e-04
21796,96.326531,33,8.660460e-04
21797,96.329846,33,8.693473e-04
21798,96.333161,33,8.726386e-04
21799,96.336477,33,8.757130e-04
21800,96.339794,33,8.793942e-04
21801,96.343111,33,8.838671e-04
21802,96.346429,33,8.884490e-04
21803,96.349748,33,8.922492e-04
21804,96.353067,33,8.957473e-04
21805,96.356387,33,8.988373e-04
21806,96.359707,33,9.014966e-04
21807,96.363028,33,9.048244e-04
21808,96.366350,33,9.084055e-04
21809,96.369672,33,9.125109e-04
21810,96.372995,33,9.171869e-04
21811,96.376319,33,9.205947e-04
21812,96.379643,33,9.236023e-04
21813,96.382967,33,9.265519e-04
21814,96.386293,33,9.291045e-04
21815,96.389619,33,9.311501e-04
21816,96.392945,33,9.343358e-04
21817,96.396272,33,9.367408e-04
21818,96.399599,33,9.389003e-04
21819,96.402928,33,9.409166e-04
21820,96.406256,33,9.413799e-04
21821,96.409585,33,9.430566e-04
21822,96.412915,33,9.447394e-04
21823,96.416245,33,9.453568e-04
21824,96.419576,33,9.473914e-04
21825,96.422907,33,9.491142e-04
21826,96.426239,33,9.502260e-04
21827,96.429572,33,9.511791e-04
21828,96.432905,33,9.519801e-04
21829,96.436238,33,9.526533e-04
21830,96.439572,33,9.531748e-04
21831,96.442906,33,9.540159e-04
21832,96.446241,33,9.546990e-04
21833,96.449577,33,9.551107e-04
21834,96.452912,33,9.548111e-04
21835,96.456249,33,9.541113e-04
21836,96.459585,33,9.532228e-04
21837,96.462923,33,9.522696e-04
21838,96.466261,33,9.491953e-04
21839,96.469599,33,9.476854e-04
21840,96.472937,33,9.467236e-04
21841,96.476276,33,9.456122e-04
21842,96.479616,33,9.446470e-04
21843,96.482956,33,9.432358e-04
21844,96.486296,33,9.412892e-04
21845,96.489637,33,9.394613e-04
21846,96.492978,33,9.387621e-04
21847,96.496320,33,9.378371e-04
21848,96.499662,33,9.374636e-04
21849,96.503005,33,9.374278e-04
21850,96.506348,33,9.359575e-04
21851,96.509691,33,9.343657e-04
21852,96.513035,33,9.325385e-04
21853,96.516379,33,9.308001e-04
21854,96.519723,33,9.290326e-04
21855,96.523068,33,9.266777e-04
21856,96.526413,33,9.240199e-04
21857,96.529759,33,9.212619e-04
21858,96.533105,33,9.194643e-04
21859,96.536451,33,9.176157e-04
21860,96.539798,33,9.154666e-04
21861,96.543145,33,9.132291e-04
21862,96.546492,33,9.111553e-04
21863,96.549840,33,9.090188e-04
21864,96.553188,33,9.066575e-04
21865,96.556536,33,9.031017e-04
21866,96.559885,33,9.008454e-04
21867,96.563234,33,8.989396e-04
21868,96.566583,33,8.965844e-04
21869,96.569933,33,8.941798e-04
21870,96.573283,33,8.908884e-04
21871,96.576633,33,8.885505e-04
21872,96.579984,33,8.872552e-04
21873,96.583334,33,8.843833e-04
21874,96.586685,33,8.818108e-04
21875,96.590037,33,8.793785e-04
21876,96.593388,33,8.768916e-04
21877,96.596740,33,8.738953e-04
21878,96.600093,33,8.713787e-04
21879,96.603445,33,8.687865e-04
21880,96.606798,33,8.664937e-04
21881,96.610151,33,8.639873e-04
21882,96.613504,33,8.618937e-04
21883,96.616857,33,8.603128e-04
21884,96.620211,33,8.587240e-04
21885,96.623565,33,8.568665e-04
21886,96.626919,33,8.563933e-04
21887,96.630273,33,8.552239e-04
21888,96.633628,33,8.550785e-04
21889,96.636983,33,8.547725e-04
21890,96.640338,33,8.539393e-04
21891,96.643693,33,8.521171e-04
21892,96.647048,33,8.514116e-04
21893,96.650404,33,8.497993e-04
21894,96.653760,33,8.491377e-04
21895,96.657116,33,8.482429e-04
21896,96.660472,33,8.482917e-04
21897,96.663828,33,8.485713e-04
21898,96.667185,33,8.490274e-04
21899,96.670541,33,8.501138e-04
21900,96.673898,33,8.509242e-04
21901,96.677255,33,8.517924e-04
21902,96.680612,33,8.512217e-04
21903,96.683969,33,8.529282e-04
21904,96.687327,33,8.555184e-04
21905,96.690684,33,8.574804e-04
21906,96.694042,33,8.608166e-04
21907,96.697400,33,8.629153e-04
21908,96.700757,33,8.647856e-04
21909,96.704116,33,8.673636e-04
21910,96.707474,33,8.698082e-04
21911,96.710832,33,8.727935e-04
21912,96.714190,33,8.757597e-04
21913,96.717549,33,8.770155e-04
21914,96.720907,33,8.795906e-04
21915,96.724266,33,8.827627e-04
21916,96.727624,33,8.860712e-04
21917,96.730983,33,8.892380e-04
21918,96.734342,33,8.924678e-04
21919,96.737701,33,8.957423e-04
21920,96.741060,33,8.996389e-04
21921,96.744419,33,9.014441e-04
21922,96.747778,33,9.041406e-04
21923,96.751137,33,9.086002e-04
21924,96.754496,33,9.120879e-04
21925,96.757856,33,9.158434e-04
21926,96.761215,33,9.199755e-04
21927,96.764574,33,9.228213e-04
21928,96.767933,33,9.249852e-04
21929,96.771293,33,9.287784e-04
21930,96.774652,33,9.320480e-04
21931,96.778012,33,9.352078e-04
21932,96.781371,33,9.383238e-04
21933,96.784730,33,9.416804e-04
21934,96.788090,33,9.449801e-04
21935,96.791449,33,9.468302e-04
21936,96.794808,33,9.488676e-04
21937,96.798168,33,9.507061e-04
21938,96.801527,33,9.523825e-04
21939,96.804886,33,9.535247e-04
21940,96.808246,33,9.544342e-04
21941,96.811605,33,9.553645e-04
21942,96.814964,33,9.561489e-04
21943,96.818323,33,9.563389e-04
21944,96.821682,33,9.564276e-04
21945,96.825041,33,9.571974e-04
21946,96.828400,33,9.564408e-04
21947,96.831759,33,9.561247e-04
21948,96.835118,33,9.553141e-04
21949,96.838477,33,9.540961e-04
21950,96.841835,33,9.530749e-04
21951,96.845194,33,9.516885e-04
21952,96.848552,33,9.498489e-04
21953,96.851911,33,9.491105e-04
21954,96.855269,33,9.460210e-04
21955,96.858627,33,9.439940e-04
21956,96.861985,33,9.420659e-04
21957,96.865343,33,9.398497e-04
21958,96.868701,33,9.375171e-04
21959,96.872059,33,9.354385e-04
21960,96.875417,33,9.329451e-04
21961,96.878774,33,9.312257e-04
21962,96.882131,33,9.284080e-04
21963,96.885489,33,9.250370e-04
21964,96.888846,33,9.216098e-04
21965,96.892203,33,9.182596e-04
21966,96.895559,33,9.147116e-04
21967,96.898916,33,9.111387e-04
21968,96.902272,33,9.073180e-04
21969,96.905629,33,9.033650e-04
21970,96.908985,33,8.996468e-04
21971,96.912340,33,8.959331e-04
21972,96.915696,33,8.923595e-04
21973,96.919052,33,8.888062e-04
21974,96.922407,33,8.845735e-04
21975,96.925762,33,8.802838e-04
21976,96.929117,33,8.775502e-04
21977,96.932472,33,8.750406e-04
21978,96.935826,33,8.725721e-04
21979,96.939181,33,8.692742e-04
21980,96.942535,33,8.669355e-04
21981,96.945888,33,8.648021e-04
21982,96.949242,33,8.641967e-04
21983,96.952595,33,8.636936e-04
21984,96.955948,33,8.616141e-04
21985,96.959301,33,8.609545e-04
21986,96.962654,33,8.607732e-04
21987,96.966006,33,8.627735e-04
21988,96.969358,33,8.645145e-04
21989,96.972710,33,8.643318e-04
21990,96.976062,33,8.649212e-04
21991,96.979413,33,8.655780e-04
21992,96.982764,33,8.662946e-04
21993,96.986114,33,8.667330e-04
21994,96.989465,33,8.674006e-04
21995,96.992815,33,8.680669e-04
21996,96.996165,33,8.688832e-04
21997,96.999514,33,8.704218e-04
21998,97.002863,33,8.715207e-04
21999,97.006212,33,8.728094e-04
22000,97.009561,33,8.741402e-04
22001,97.012909,33,8.757020e-04
22002,97.016257,33,8.771846e-04
22003,97.019604,33,8.785273e-04
22004,97.022951,33,8.791836e-04
22005,97.026298,33,8.797012e-04
22006,97.029645,33,8.817013e-04
22007,97.032991,33,8.836082e-04
22008,97.036336,33,8.851498e-04
22009,97.039682,33,8.878175e-04
22010,97.043027,33,8.890615e-04
22011,97.046371,33,8.899518e-04
22012,97.049715,33,8.913711e-04
22013,97.053059,33,8.914307e-04
22014,97.056403,33,8.926336e-04
22015,97.059746,33,8.939353e-04
22016,97.063088,33,8.950193e-04
22017,97.066430,33,8.958634e-04
22018,97.069772,33,8.972408e-04
22019,97.073114,33,8.986972e-04
22020,97.076454,33,8.999749e-04
22021,97.079795,33,9.012149e-04
22022,97.083135,33,9.017294e-04
22023,97.086475,33,9.027103e-04
22024,97.089814,33,9.034608e-04
22025,97.093152,33,9.033143e-04
22026,97.096491,33,9.041679e-04
22027,97.099828,33,9.057214e-04
22028,97.103166,33,9.063666e-04
22029,97.106502,33,9.066943e-04
22030,97.109839,33,9.076198e-04
22031,97.113175,33,9.079753e-04
22032,97.116510,33,9.086141e-04
22033,97.119845,33,9.081946e-04
22034,97.123179,33,9.076032e-04
22035,97.126513,33,9.073286e-04
22036,97.129846,33,9.077744e-04
22037,97.133179,33,9.071959e-04
22038,97.136512,33,9.066035e-04
22039,97.139843,33,9.058655e-04
22040,97.143175,33,9.049503e-04
22041,97.146505,33,9.038727e-04
22042,97.149835,33,9.028716e-04
22043,97.153165,33,9.010836e-04
22044,97.156494,33,8.992114e-04
22045,97.159823,33,8.976667e-04
22046,97.163151,33,8.963574e-04
22047,97.166478,33,8.951434e-04
22048,97.169805,33,8.939668e-04
22049,97.173131,33,8.926599e-04
22050,97.176457,33,8.925700e-04
22051,97.179782,33,8.923537e-04
22052,97.183106,33,8.914743e-04
22053,97.186430,33,8.907441e-04
22054,97.189753,33,8.898057e-04
22055,97.193076,33,8.888263e-04
22056,97.196398,33,8.879540e-04
22057,97.199719,33,8.875307e-04
22058,97.203040,33,8.878952e-04
22059,97.206360,33,8.876439e-04
22060,97.209679,33,8.868091e-04
22061,97.212998,33,8.859545e-04
22062,97.216317,33,8.852850e-04
22063,97.219634,33,8.847518e-04
22064,97.222951,33,8.841783e-04
22065,97.226267,33,8.829095e-04
22066,97.229583,33,8.816511e-04
22067,97.232898,33,8.809666e-04
22068,97.236212,33,8.804612e-04
22069,97.239526,33,8.798051e-04
22070,97.242838,33,8.803588e-04
22071,97.246151,33,8.806462e-04
22072,97.249462,33,8.807677e-04
22073,97.252773,33,8.821597e-04
22074,97.256083,33,8.833870e-04
22075,97.259393,33,8.844708e-04
22076,97.262701,33,8.854155e-04
22077,97.266009,33,8.868113e-04
22078,97.269317,33,8.888089e-04
22079,97.272623,33,8.896900e-04
22080,97.275929,33,8.913755e-04
22081,97.279234,33,8.928204e-04
22082,97.282539,33,8.940439e-04
22083,97.285842,33,8.953079e-04
22084,97.289145,33,8.965268e-04
22085,97.292448,33,8.976119e-04
22086,97.295749,33,8.988865e-04
22087,97.299050,33,8.997407e-04
22088,97.302350,33,8.998216e-04
22089,97.305649,33,9.013874e-04
22090,97.308948,33,9.029187e-04
22091,97.312246,33,9.041500e-04
22092,97.315543,33,9.063365e-04
22093,97.318839,33,9.081482e-04
22094,97.322134,33,9.094805e-04
22095,97.325429,33,9.104856e-04
22096,97.328723,33,9.125764e-04
22097,97.332016,33,9.136015e-04
22098,97.335309,33,9.146887e-04
22099,97.338600,33,9.145663e-04
22100,97.341891,33,9.152025e-04
22101,97.345181,33,9.151068e-04
22102,97.348471,33,9.152921e-04
22103,97.351759,33,9.152316e-04
22104,97.355047,33,9.157697e-04
22105,97.358334,33,9.165905e-04
22106,97.361620,33,9.163613e-04
22107,97.364906,33,9.155770e-04
22108,97.368191,33,9.150388e-04
22109,97.371475,33,9.147949e-04
22110,97.374758,33,9.144449e-04
22111,97.378040,33,9.137182e-04
22112,97.381322,33,9.123117e-04
22113,97.384603,33,9.106258e-04
22114,97.387883,33,9.085961e-04
22115,97.391162,33,9.060484e-04
22116,97.394441,33,9.030553e-04
22117,97.397718,33,9.000598e-04
22118,97.400995,33,8.967272e-04
22119,97.404272,33,8.938805e-04
22120,97.407547,33,8.909337e-04
22121,97.410822,33,8.878135e-04
22122,97.414096,33,8.840696e-04
22123,97.417369,33,8.807945e-04
22124,97.420641,33,8.773592e-04
22125,97.423913,33,8.738545e-04
22126,97.427184,33,8.710823e-04
22127,97.430454,33,8.675387e-04
22128,97.433724,33,8.638853e-04
22129,97.436992,33,8.597613e-04
22130,97.440260,33,8.554473e-04
22131,97.443528,33,8.515400e-04
22132,97.446794,33,8.482792e-04
22133,97.450060,33,8.443837e-04
22134,97.453325,33,8.399729e-04
22135,97.456590,32,9.995719e-04
22136,97.459853,32,9.956395e-04
22137,97.463116,32,9.918398e-04
22138,97.466379,32,9.879563e-04
22139,97.469640,32,9.844240e-04
22140,97.472901,32,9.811796e-04
22141,97.476162,32,9.767379e-04
22142,97.479421,32,9.753517e-04
22143,97.482680,32,9.727891e-04
22144,97.485938,32,9.700445e-04
22145,97.489196,32,9.684857e-04
22146,97.492453,32,9.668458e-04
22147,97.495710,32,9.652254e-04
22148,97.498965,32,9.640313e-04
22149,97.502220,32,9.619583e-04
22150,97.505475,32,9.614484e-04
22151,97.508729,32,9.610547e-04
22152,97.511982,32,9.610845e-04
22153,97.515235,32,9.629279e-04
22154,97.518487,32,9.638651e-04
22155,97.521739,32,9.648020e-04
22156,97.524990,32,9.642426e-04
22157,97.528240,32,9.634259e-04
22158,97.531490,32,9.652992e-04
22159,97.534740,32,9.674596e-04
22160,97.537989,32,9.698981e-04
22161,97.541237,32,9.731074e-04
22162,97.544485,32,9.762969e-04
22163,97.547732,32,9.793124e-04
22164,97.550979,32,9.831827e-04
22165,97.554226,32,9.869273e-04
22166,97.557472,32,9.897482e-04
22167,97.560717,32,9.943714e-04
22168,97.563962,32,9.981914e-04
22169,97.567207,33,8.371095e-04
22170,97.570451,33,8.401850e-04
22171,97.573695,33,8.426172e-04
22172,97.576939,33,8.457255e-04
22173,97.580182,33,8.489229e-04
22174,97.583425,33,8.534032e-04
22175,97.586667,33,8.560089e-04
22176,97.589909,33,8.608255e-04
22177,97.593151,33,8.649521e-04
22178,97.596392,33,8.684727e-04
22179,97.599634,33,8.722047e-04
22180,97.602874,33,8.763827e-04
22181,97.606115,33,8.795925e-04
22182,97.609355,33,8.823113e-04
22183,97.612595,33,8.850354e-04
22184,97.615835,33,8.880424e-04
22185,97.619075,33,8.908469e-04
22186,97.622314,33,8.930237e-04
22187,97.625553,33,8.946435e-04
22188,97.628792,33,8.970568e-04
22189,97.632031,33,8.990384e-04
22190,97.635269,33,9.013158e-04
22191,97.638508,33,9.037261e-04
22192,97.641746,33,9.066182e-04
22193,97.644984,33,9.090792e-04
22194,97.648223,33,9.104708e-04
22195,97.651461,33,9.116883e-04
22196,97.654698,33,9.126974e-04
22197,97.657936,33,9.143689e-04
22198,97.661174,33,9.151508e-04
22199,97.664412,33,9.153421e-04
22200,97.667649,33,9.146936e-04
22201,97.670887,33,9.137096e-04
22202,97.674125,33,9.124903e-04
22203,97.677363,33,9.112754e-04
22204,97.680600,33,9.098909e-04
22205,97.683838,33,9.083281e-04
22206,97.687076,33,9.065389e-04
22207,97.690314,33,9.043675e-04
22208,97.693552,33,9.012786e-04
22209,97.696790,33,8.985632e-04
22210,97.700028,33,8.956272e-04
22211,97.703266,33,8.926368e-04
22212,97.706504,33,8.898696e-04
22213,97.709743,33,8.869323e-04
22214,97.712981,33,8.836860e-04
22215,97.716220,33,8.802064e-04
22216,97.719459,33,8.766450e-04
22217,97.722698,33,8.736817e-04
22218,97.725938,33,8.696271e-04
22219,97.729177,33,8.655186e-04
22220,97.732417,33,8.614148e-04
22221,97.735657,33,8.573148e-04
22222,97.738897,33,8.532954e-04
22223,97.742138,33,8.492855e-04
22224,97.745378,33,8.454548e-04
22225,97.748620,33,8.417249e-04
22226,97.751861,33,8.380863e-04
22227,97.755103,33,8.353377e-04
22228,97.758344,32,9.952129e-04
22229,97.761587,32,9.915888e-04
22230,97.764829,32,9.878230e-04
22231,97.768072,32,9.842351e-04
22232,97.771316,32,9.807247e-04
22233,97.774559,32,9.769455e-04
22234,97.777803,32,9.729469e-04
22235,97.781048,32,9.717676e-04
22236,97.784293,32,9.695449e-04
22237,97.787538,32,9.679526e-04
22238,97.790784,32,9.677366e-04
22239,97.794030,32,9.665096e-04
22240,97.797276,32,9.660176e-04
22241,97.800523,32,9.652766e-04
22242,97.803771,32,9.653871e-04
22243,97.807019,32,9.660661e-04
22244,97.810267,32,9.657665e-04
22245,97.813516,32,9.661451e-04
22246,97.816765,32,9.682671e-04
22247,97.820015,32,9.703019e-04
22248,97.823265,32,9.724562e-04
22249,97.826516,32,9.753276e-04
22250,97.829767,32,9.790816e-04
22251,97.833019,32,9.826859e-04
22252,97.836272,32,9.858034e-04
22253,97.839525,32,9.890040e-04
22254,97.842778,32,9.922415e-04
22255,97.846032,32,9.955903e-04
22256,97.849287,32,9.991506e-04
22257,97.852542,33,8.364519e-04
22258,97.855798,33,8.381711e-04
22259,97.859054,33,8.413780e-04
22260,97.862311,33,8.448093e-04
22261,97.865568,33,8.495427e-04
22262,97.868826,33,8.535698e-04
22263,97.872085,33,8.569023e-04
22264,97.875344,33,8.592895e-04
22265,97.878604,33,8.627448e-04
22266,97.881865,33,8.660400e-04
22267,97.885126,33,8.691390e-04
22268,97.888388,33,8.726438e-04
22269,97.891650,33,8.761354e-04
22270,97.894913,33,8.796101e-04
22271,97.898177,33,8.825602e-04
22272,97.901441,33,8.865692e-04
22273,97.904706,33,8.901714e-04
22274,97.907972,33,8.937485e-04
22275,97.911238,33,8.958733e-04
22276,97.914505,33,8.991741e-04
22277,97.917773,33,9.023753e-04
22278,97.921041,33,9.051789e-04
22279,97.924310,33,9.078383e-04
22280,97.927579,33,9.105639e-04
22281,97.930849,33,9.139171e-04
22282,97.934120,33,9.161023e-04
22283,97.937392,33,9.180686e-04
22284,97.940664,33,9.197999e-04
22285,97.943937,33,9.208491e-04
22286,97.947211,33,9.213884e-04
22287,97.950485,33,9.219903e-04
22288,97.953760,33,9.228128e-04
22289,97.957036,33,9.229628e-04
22290,97.960312,33,9.231973e-04
22291,97.963589,33,9.232095e-04
22292,97.966867,33,9.229770e-04
22293,97.970146,33,9.221480e-04
22294,97.973425,33,9.216946e-04
22295,97.976705,33,9.214491e-04
22296,97.979985,33,9.211086e-04
22297,97.983266,33,9.203548e-04
22298,97.986548,33,9.192498e-04
22299,97.989831,33,9.184988e-04
22300,97.993114,33,9.169374e-04
22301,97.996398,33,9.148806e-04
22302,97.999683,33,9.126775e-04
22303,98.002968,33,9.100534e-04
22304,98.006255,33,9.071171e-04
22305,98.009541,33,9.037703e-04
22306,98.012829,33,9.006948e-04
22307,98.016117,33,8.974472e-04
22308,98.019406,33,8.940784e-04
22309,98.022696,33,8.906044e-04
22310,98.025986,33,8.870401e-04
22311,98.029277,33,8.833944e-04
22312,98.032568,33,8.796372e-04
22313,98.035861,33,8.760255e-04
22314,98.039154,33,8.720936e-04
22315,98.042447,33,8.681938e-04
22316,98.045742,33,8.646778e-04
22317,98.049037,33,8.608954e-04
22318,98.052333,33,8.564114e-04
22319,98.055629,33,8.526196e-04
22320,98.058926,33,8.493871e-04
22321,98.062224,33,8.461347e-04
22322,98.065522,33,8.452856e-04
22323,98.068822,33,8.438939e-04
22324,98.072121,33,8.434435e-04
22325,98.075422,33,8.419832e-04
22326,98.078723,33,8.409421e-04
22327,98.082025,33,8.407440e-04
22328,98.085327,33,8.419452e-04
22329,98.088630,33,8.411599e-04
22330,98.091934,33,8.403455e-04
22331,98.095238,33,8.390124e-04
22332,98.098544,33,8.384587e-04
22333,98.101849,33,8.378931e-04
22334,98.105156,33,8.377752e-04
22335,98.108463,33,8.377182e-04
22336,98.111770,33,8.393280e-04
22337,98.115078,33,8.404555e-04
22338,98.118387,33,8.415855e-04
22339,98.121697,33,8.427584e-04
22340,98.125007,33,8.441386e-04
22341,98.128318,33,8.445106e-04
22342,98.131629,33,8.467676e-04
22343,98.134941,33,8.481678e-04
22344,98.138253,33,8.495415e-04
22345,98.141567,33,8.524583e-04
22346,98.144880,33,8.541188e-04
22347,98.148195,33,8.557750e-04
22348,98.151510,33,8.574338e-04
22349,98.154825,33,8.585337e-04
22350,98.158141,33,8.601641e-04
22351,98.161458,33,8.618086e-04
22352,98.164776,33,8.629164e-04
22353,98.168093,33,8.644958e-04
22354,98.171412,33,8.657294e-04
22355,98.174731,33,8.668233e-04
22356,98.178050,33,8.681866e-04
22357,98.181371,33,8.694857e-04
22358,98.184691,33,8.706344e-04
22359,98.188013,33,8.722969e-04
22360,98.191334,33,8.727508e-04
22361,98.194657,33,8.733656e-04
22362,98.197980,33,8.743235e-04
22363,98.201303,33,8.742316e-04
22364,98.204627,33,8.748185e-04
22365,98.207951,33,8.750430e-04
22366,98.211276,33,8.754484e-04
22367,98.214602,33,8.761039e-04
22368,98.217928,33,8.781780e-04
22369,98.221254,33,8.791432e-04
22370,98.224581,33,8.787467e-04
22371,98.227909,33,8.788815e-04
22372,98.231237,33,8.793771e-04
22373,98.234565,33,8.798544e-04
22374,98.237894,33,8.802009e-04
22375,98.241224,33,8.794683e-04
22376,98.244554,33,8.798494e-04
22377,98.247884,33,8.797750e-04
22378,98.251215,33,8.804068e-04
22379,98.254546,33,8.807206e-04
22380,98.257878,33,8.806534e-04
22381,98.261211,33,8.804924e-04
22382,98.264543,33,8.802723e-04
22383,98.267876,33,8.803047e-04
22384,98.271210,33,8.802761e-04
22385,98.274544,33,8.799214e-04
22386,98.277878,33,8.795461e-04
22387,98.281213,33,8.783939e-04
22388,98.284549,33,8.778049e-04
22389,98.287884,33,8.766691e-04
22390,98.291220,33,8.758570e-04
22391,98.294557,33,8.745117e-04
22392,98.297894,33,8.739839e-04
22393,98.301231,33,8.736627e-04
22394,98.304569,33,8.733986e-04
22395,98.307907,33,8.732365e-04
22396,98.311245,33,8.728311e-04
22397,98.314584,33,8.730522e-04
22398,98.317924,33,8.741372e-04
22399,98.321263,33,8.752052e-04
22400,98.324603,33,8.755077e-04
22401,98.327943,33,8.749285e-04
22402,98.331284,33,8.755752e-04
22403,98.334625,33,8.761693e-04
22404,98.337966,33,8.771095e-04
22405,98.341308,33,8.797827e-04
22406,98.344650,33,8.814971e-04
22407,98.347993,33,8.832348e-04
22408,98.351335,33,8.849586e-04
22409,98.354678,33,8.869305e-04
22410,98.358022,33,8.886589e-04
22411,98.361365,33,8.906246e-04
22412,98.364709,33,8.915932e-04
22413,98.368053,33,8.935134e-04
22414,98.371398,33,8.954628e-04
22415,98.374743,33,8.974428e-04
22416,98.378088,33,8.986701e-04
22417,98.381433,33,9.002317e-04
22418,98.384779,33,9.021022e-04
22419,98.388125,33,9.052041e-04
22420,98.391471,33,9.072529e-04
22421,98.394818,33,9.104731e-04
22422,98.398164,33,9.130480e-04
22423,98.401511,33,9.144332e-04
22424,98.404859,33,9.163863e-04
22425,98.408206,33,9.188875e-04
22426,98.411554,33,9.224795e-04
22427,98.414902,33,9.256494e-04
22428,98.418250,33,9.273764e-04
22429,98.421598,33,9.298427e-04
22430,98.424947,33,9.317030e-04
22431,98.428296,33,9.333458e-04
22432,98.431645,33,9.347247e-04
22433,98.434994,33,9.365440e-04
22434,98.438344,33,9.378127e-04
22435,98.441693,33,9.385806e-04
22436,98.445043,33,9.391455e-04
22437,98.448393,33,9.396127e-04
22438,98.451744,33,9.397307e-04
22439,98.455094,33,9.395795e-04
22440,98.458445,33,9.392494e-04
22441,98.461795,33,9.384539e-04
22442,98.465146,33,9.374756e-04
22443,98.468497,33,9.363270e-04
22444,98.471849,33,9.351008e-04
22445,98.475200,33,9.334976e-04
22446,98.478552,33,9.316327e-04
22447,98.481903,33,9.293733e-04
22448,98.485255,33,9.269082e-04
22449,98.488607,33,9.233690e-04
22450,98.491959,33,9.207967e-04
22451,98.495311,33,9.175445e-04
22452,98.498664,33,9.139436e-04
22453,98.502016,33,9.109122e-04
22454,98.505369,33,9.080959e-04
22455,98.508721,33,9.053716e-04
22456,98.512074,33,9.013393e-04
22457,98.515427,33,8.980410e-04
22458,98.518780,33,8.945904e-04
22459,98.522133,33,8.908578e-04
22460,98.525486,33,8.870252e-04
22461,98.528839,33,8.827424e-04
22462,98.532192,33,8.792092e-04
22463,98.535545,33,8.761706e-04
22464,98.538899,33,8.740399e-04
22465,98.542252,33,8.704701e-04
22466,98.545606,33,8.669538e-04
22467,98.548959,33,8.631681e-04
22468,98.552313,33,8.594374e-04
22469,98.555667,33,8.559539e-04
22470,98.559020,33,8.534759e-04
22471,98.562374,33,8.519088e-04
22472,98.565728,33,8.495901e-04
22473,98.569081,33,8.472450e-04
22474,98.572435,33,8.449751e-04
22475,98.575789,33,8.427040e-04
22476,98.579143,33,8.409604e-04
22477,98.582496,33,8.389042e-04
22478,98.585850,33,8.366636e-04
22479,98.589204,33,8.344699e-04
22480,98.592558,32,9.986203e-04
22481,98.595911,32,9.974894e-04
22482,98.599265,32,9.960598e-04
22483,98.602619,32,9.933047e-04
22484,98.605972,32,9.927621e-04
22485,98.609326,32,9.928971e-04
22486,98.612680,32,9.934123e-04
22487,98.616033,32,9.954766e-04
22488,98.619387,32,9.973852e-04
22489,98.622740,32,9.992503e-04
22490,98.626093,32,9.996248e-04
22491,98.629447,33,8.349534e-04
22492,98.632800,33,8.375104e-04
22493,98.636153,33,8.394706e-04
22494,98.639506,33,8.415055e-04
22495,98.642859,33,8.437548e-04
22496,98.646212,33,8.460887e-04
22497,98.649565,33,8.489534e-04
22498,98.652918,33,8.521263e-04
22499,98.656271,33,8.557252e-04
22500,98.659623,33,8.583429e-04
22501,98.662976,33,8.614905e-04
22502,98.666328,33,8.646317e-04
22503,98.669680,33,8.667148e-04
22504,98.673032,33,8.705079e-04
22505,98.676384,33,8.726680e-04
22506,98.679736,33,8.758851e-04
22507,98.683088,33,8.788846e-04
22508,98.686439,33,8.831512e-04
22509,98.689790,33,8.868929e-04
22510,98.693142,33,8.907462e-04
22511,98.696493,33,8.940008e-04
22512,98.699844,33,8.968169e-04
22513,98.703194,33,8.995159e-04
22514,98.706545,33,9.021291e-04
22515,98.709895,33,9.042730e-04
22516,98.713246,33,9.061071e-04
22517,98.716596,33,9.080810e-04
22518,98.719945,33,9.093971e-04
22519,98.723295,33,9.112494e-04
22520,98.726645,33,9.132021e-04
22521,98.729994,33,9.151355e-04
22522,98.733343,33,9.172680e-04
22523,98.736692,33,9.185247e-04
22524,98.740040,33,9.198280e-04
22525,98.743389,33,9.202625e-04
22526,98.746737,33,9.217028e-04
22527,98.750085,33,9.228560e-04
22528,98.753432,33,9.228441e-04
22529,98.756780,33,9.227393e-04
22530,98.760127,33,9.225167e-04
22531,98.763474,33,9.221477e-04
22532,98.766820,33,9.213808e-04
22533,98.770167,33,9.204141e-04
22534,98.773513,33,9.192641e-04
22535,98.776859,33,9.167809e-04
22536,98.780204,33,9.151126e-04
22537,98.783550,33,9.135875e-04
22538,98.786895,33,9.114197e-04
22539,98.790239,33,9.093033e-04
22540,98.793584,33,9.069277e-04
22541,98.796928,33,9.054302e-04
22542,98.800272,33,9.028409e-04
22543,98.803615,33,8.997408e-04
22544,98.806958,33,8.966504e-04
22545,98.810301,33,8.932311e-04
22546,98.813644,33,8.897469e-04
22547,98.816986,33,8.861291e-04
22548,98.820328,33,8.824993e-04
22549,98.823669,33,8.788560e-04
22550,98.827010,33,8.748312e-04
22551,98.830351,33,8.696971e-04
22552,98.833692,33,8.659646e-04
22553,98.837032,33,8.622456e-04
22554,98.840371,33,8.586786e-04
22555,98.843711,33,8.551899e-04
22556,98.847050,33,8.517526e-04
22557,98.850388,33,8.479859e-04
22558,98.853727,33,8.441687e-04
22559,98.857064,33,8.414226e-04
22560,98.860402,33,8.388082e-04
22561,98.863739,33,8.355870e-04
22562,98.867075,32,9.971990e-04
22563,98.870412,32,9.936389e-04
22564,98.873747,32,9.897095e-04
22565,98.877083,32,9.844525e-04
22566,98.880418,32,9.810845e-04
22567,98.883752,32,9.785001e-04
22568,98.887086,32,9.762911e-04
22569,98.890420,32,9.752545e-04
22570,98.893753,32,9.756718e-04
22571,98.897086,32,9.744220e-04
22572,98.900418,32,9.737127e-04
22573,98.903750,32,9.746495e-04
22574,98.907082,32,9.753492e-04
22575,98.910413,32,9.760116e-04
22576,98.913743,32,9.767152e-04
22577,98.917073,32,9.779881e-04
22578,98.920402,32,9.796940e-04
22579,98.923731,32,9.819096e-04
22580,98.927060,32,9.848386e-04
22581,98.930388,32,9.886109e-04
22582,98.933716,32,9.923898e-04
22583,98.937043,32,9.949949e-04
22584,98.940369,32,9.981847e-04
22585,98.943695,33,8.382175e-04
22586,98.947021,33,8.401298e-04
22587,98.950345,33,8.440344e-04
22588,98.953670,33,8.483349e-04
22589,98.956994,33,8.524389e-04
22590,98.960317,33,8.565158e-04
22591,98.963640,33,8.610406e-04
22592,98.966962,33,8.652890e-04
22593,98.970284,33,8.692575e-04
22594,98.973605,33,8.732106e-04
22595,98.976926,33,8.773362e-04
22596,98.980246,33,8.824653e-04
22597,98.983565,33,8.878196e-04
22598,98.986884,33,8.933719e-04
22599,98.990202,33,8.994017e-04
22600,98.993520,33,9.047779e-04
22601,98.996837,33,9.098030e-04
22602,99.000154,33,9.162691e-04
22603,99.003470,33,9.215899e-04
22604,99.006785,33,9.254986e-04
22605,99.010100,33,9.294256e-04
22606,99.013414,33,9.331619e-04
22607,99.016728,33,9.366695e-04
22608,99.020041,33,9.394046e-04
22609,99.023353,33,9.421860e-04
22610,99.026665,33,9.451228e-04
22611,99.029976,33,9.476887e-04
22612,99.033287,33,9.500669e-04
22613,99.036596,33,9.522390e-04
22614,99.039906,33,9.535102e-04
22615,99.043214,33,9.556408e-04
22616,99.046522,33,9.570446e-04
22617,99.049829,33,9.574918e-04
22618,99.053136,33,9.581847e-04
22619,99.056442,33,9.587215e-04
22620,99.059748,33,9.587569e-04
22621,99.063052,33,9.585868e-04
22622,99.066356,33,9.578916e-04
22623,99.069660,33,9.571343e-04
22624,99.072963,33,9.559315e-04
22625,99.076265,33,9.541544e-04
22626,99.079566,33,9.518357e-04
22627,99.082867,33,9.494695e-04
22628,99.086167,33,9.469572e-04
22629,99.089466,33,9.447669e-04
22630,99.092765,33,9.410530e-04
22631,99.096063,33,9.374925e-04
22632,99.099361,33,9.331356e-04
22633,99.102657,33,9.289765e-04
22634,99.105953,33,9.248849e-04
22635,99.109249,33,9.205319e-04
22636,99.112543,33,9.157311e-04
22637,99.115837,33,9.109715e-04
22638,99.119131,33,9.061037e-04
22639,99.122423,33,9.015522e-04
22640,99.125715,33,8.972204e-04
22641,99.129006,33,8.918239e-04
22642,99.132297,33,8.863108e-04
22643,99.135587,33,8.807546e-04
22644,99.138876,33,8.752386e-04
22645,99.142165,33,8.696510e-04
22646,99.145452,33,8.639962e-04
22647,99.148740,33,8.575178e-04
22648,99.152026,33,8.517433e-04
22649,99.155312,33,8.448676e-04
22650,99.158597,33,8.397340e-04
22651,99.161881,33,8.347445e-04
22652,99.165165,32,9.944749e-04
22653,99.168448,32,9.900937e-04
22654,99.171730,32,9.854525e-04
22655,99.175012,32,9.807841e-04
22656,99.178293,32,9.766664e-04
22657,99.181573,32,9.718991e-04
22658,99.184853,32,9.672406e-04
22659,99.188132,32,9.628468e-04
22660,99.191410,32,9.580924e-04
22661,99.194688,32,9.542403e-04
22662,99.197965,32,9.504384e-04
22663,99.201241,32,9.462993e-04
22664,99.204517,32,9.433835e-04
22665,99.207792,32,9.406501e-04
22666,99.211066,32,9.384331e-04
22667,99.214340,32,9.354102e-04
22668,99.217613,32,9.325262e-04
22669,99.220885,32,9.308308e-04
22670,99.224157,32,9.303634e-04
22671,99.227428,32,9.317991e-04
22672,99.230698,32,9.352685e-04
22673,99.233968,32,9.355808e-04
22674,99.237237,32,9.363973e-04
22675,99.240506,32,9.373556e-04
22676,99.243774,32,9.382966e-04
22677,99.247041,32,9.394050e-04
22678,99.250308,32,9.406766e-04
22679,99.253574,32,9.421432e-04
22680,99.256839,32,9.445177e-04
22681,99.260104,32,9.469187e-04
22682,99.263369,32,9.478134e-04
22683,99.266632,32,9.499564e-04
22684,99.269896,32,9.526517e-04
22685,99.273158,32,9.554227e-04
22686,99.276420,32,9.576798e-04
22687,99.279682,32,9.604374e-04
22688,99.282943,32,9.621170e-04
22689,99.286203,32,9.654368e-04
22690,99.289463,32,9.689125e-04
22691,99.292723,32,9.719078e-04
22692,99.295981,32,9.758098e-04
22693,99.299240,32,9.794246e-04
22694,99.302498,32,9.838199e-04
22695,99.305755,32,9.885159e-04
22696,99.309012,32,9.945581e-04
22697,99.312268,32,9.992529e-04
22698,99.315524,33,8.383747e-04
22699,99.318779,33,8.407741e-04
22700,99.322034,33,8.445058e-04
22701,99.325289,33,8.482764e-04
22702,99.328543,33,8.517170e-04
22703,99.331797,33,8.553964e-04
22704,99.335050,33,8.594947e-04
22705,99.338303,33,8.632989e-04
22706,99.341555,33,8.668741e-04
22707,99.344807,33,8.711432e-04
22708,99.348059,33,8.745631e-04
22709,99.351310,33,8.779543e-04
22710,99.354561,33,8.816881e-04
22711,99.357812,33,8.841804e-04
22712,99.361062,33,8.868062e-04
22713,99.364312,33,8.900886e-04
22714,99.367561,33,8.929693e-04
22715,99.370811,33,8.952848e-04
22716,99.374060,33,8.984880e-04
22717,99.377308,33,9.016758e-04
22718,99.380557,33,9.053526e-04
22719,99.383805,33,9.084862e-04
22720,99.387053,33,9.112189e-04
22721,99.390300,33,9.138164e-04
22722,99.393548,33,9.164948e-04
22723,99.396795,33,9.198422e-04
22724,99.400042,33,9.223887e-04
22725,99.403289,33,9.246982e-04
22726,99.406535,33,9.268736e-04
22727,99.409781,33,9.289055e-04
22728,99.413028,33,9.308761e-04
22729,99.416274,33,9.326248e-04
22730,99.419520,33,9.340809e-04
22731,99.422765,33,9.355889e-04
22732,99.426011,33,9.370412e-04
22733,99.429256,33,9.382597e-04
22734,99.432502,33,9.383151e-04
22735,99.435747,33,9.395801e-04
22736,99.438992,33,9.405116e-04
22737,99.442237,33,9.417545e-04
22738,99.445483,33,9.432086e-04
22739,99.448728,33,9.447284e-04
22740,99.451973,33,9.457202e-04
22741,99.455218,33,9.469111e-04
22742,99.458463,33,9.476165e-04
22743,99.461708,33,9.480889e-04
22744,99.464953,33,9.483797e-04
22745,99.468198,33,9.479759e-04
22746,99.471443,33,9.477842e-04
22747,99.474688,33,9.479967e-04
22748,99.477933,33,9.480005e-04
22749,99.481178,33,9.472603e-04
22750,99.484423,33,9.462381e-04
22751,99.487669,33,9.450177e-04
22752,99.490914,33,9.415587e-04
22753,99.494160,33,9.407778e-04
22754,99.497405,33,9.402045e-04
22755,99.500651,33,9.404633e-04
22756,99.503897,33,9.397636e-04
22757,99.507143,33,9.382446e-04
22758,99.510390,33,9.365703e-04
22759,99.513636,33,9.348723e-04
22760,99.516883,33,9.334868e-04
22761,99.520130,33,9.315165e-04
22762,99.523377,33,9.293913e-04
22763,99.526624,33,9.265729e-04
22764,99.529871,33,9.241022e-04
22765,99.533119,33,9.214350e-04
22766,99.536367,33,9.186678e-04
22767,99.539615,33,9.157278e-04
22768,99.542864,33,9.123393e-04
22769,99.546113,33,9.088435e-04
22770,99.549362,33,9.052820e-04
22771,99.552611,33,9.014883e-04
22772,99.555861,33,8.980191e-04
22773,99.559111,33,8.940959e-04
22774,99.562361,33,8.899876e-04
22775,99.565612,33,8.857156e-04
22776,99.568863,33,8.814008e-04
22777,99.572114,33,8.769989e-04
22778,99.575366,33,8.723857e-04
22779,99.578618,33,8.679227e-04
22780,99.581870,33,8.634925e-04
22781,99.585123,33,8.589889e-04
22782,99.588376,33,8.540248e-04
22783,99.591630,33,8.486770e-04
22784,99.594884,33,8.440568e-04
22785,99.598138,33,8.395414e-04
22786,99.601393,32,9.999406e-04
22787,99.604648,32,9.943488e-04
22788,99.607904,32,9.892204e-04
22789,99.611160,32,9.832560e-04
22790,99.614416,32,9.787699e-04
22791,99.617673,32,9.748992e-04
22792,99.620931,32,9.710294e-04
22793,99.624189,32,9.672950e-04
22794,99.627447,32,9.628856e-04
22795,99.630706,32,9.591448e-04
22796,99.633966,32,9.554212e-04
22797,99.637225,32,9.526356e-04
22798,99.640486,32,9.505758e-04
22799,99.643747,32,9.479506e-04
22800,99.647008,32,9.471532e-04
22801,99.650270,32,9.448327e-04
22802,99.653532,32,9.433773e-04
22803,99.656795,32,9.438262e-04
22804,99.660059,32,9.442791e-04
22805,99.663323,32,9.453202e-04
22806,99.666588,32,9.475711e-04
22807,99.669853,32,9.502354e-04
22808,99.673118,32,9.535143e-04
22809,99.676385,32,9.566700e-04
22810,99.679651,32,9.594100e-04
22811,99.682919,32,9.619854e-04
22812,99.686187,32,9.655745e-04
22813,99.689455,32,9.702729e-04
22814,99.692724,32,9.746266e-04
22815,99.695994,32,9.785317e-04
22816,99.699264,32,9.816448e-04
22817,99.702535,32,9.860752e-04
22818,99.705806,32,9.907443e-04
22819,99.709078,32,9.940982e-04
22820,99.712351,32,9.989677e-04
22821,99.715624,33,8.405878e-04
22822,99.718898,33,8.454080e-04
22823,99.722172,33,8.498123e-04
22824,99.725447,33,8.561054e-04
22825,99.728723,33,8.608318e-04
22826,99.731999,33,8.651515e-04
22827,99.735276,33,8.696125e-04
22828,99.738553,33,8.741282e-04
22829,99.741831,33,8.784064e-04
22830,99.745110,33,8.821484e-04
22831,99.748389,33,8.862522e-04
22832,99.751669,33,8.902635e-04
22833,99.754949,33,8.940927e-04
22834,99.758230,33,8.975593e-04
22835,99.761512,33,8.996305e-04
22836,99.764794,33,9.018996e-04
22837,99.768077,33,9.056396e-04
22838,99.771361,33,9.097121e-04
22839,99.774645,33,9.139835e-04
22840,99.777930,33,9.172316e-04
22841,99.781216,33,9.198867e-04
22842,99.784502,33,9.224179e-04
22843,99.787788,33,9.242073e-04
22844,99.791076,33,9.258149e-04
22845,99.794364,33,9.274199e-04
22846,99.797652,33,9.288588e-04
22847,99.800942,33,9.300443e-04
22848,99.804231,33,9.310256e-04
22849,99.807522,33,9.313820e-04
22850,99.810813,33,9.316372e-04
22851,99.814105,33,9.317173e-04
22852,99.817397,33,9.323025e-04
22853,99.820690,33,9.318396e-04
22854,99.823984,33,9.314933e-04
22855,99.827278,33,9.305170e-04
22856,99.830573,33,9.292740e-04
22857,99.833868,33,9.281842e-04
22858,99.837164,33,9.262866e-04
22859,99.840461,33,9.240733e-04
22860,99.843758,33,9.216131e-04
22861,99.847056,33,9.188317e-04
22862,99.850355,33,9.155019e-04
22863,99.853654,33,9.117401e-04
22864,99.856954,33,9.086643e-04
22865,99.860254,33,9.055183e-04
22866,99.863555,33,9.021526e-04
22867,99.866857,33,8.983970e-04
22868,99.870159,33,8.948884e-04
22869,99.873462,33,8.912071e-04
22870,99.876765,33,8.871951e-04
22871,99.880069,33,8.836991e-04
22872,99.883373,33,8.800781e-04
22873,99.886679,33,8.762256e-04
22874,99.889984,33,8.726936e-04
22875,99.893291,33,8.692018e-04
22876,99.896598,33,8.655605e-04
22877,99.899905,33,8.610771e-04
22878,99.903213,33,8.559322e-04
22879,99.906522,33,8.527633e-04
22880,99.909831,33,8.502364e-04
22881,99.913141,33,8.476641e-04
22882,99.916451,33,8.455078e-04
22883,99.919762,33,8.437113e-04
22884,99.923074,33,8.429648e-04
22885,99.926386,33,8.422676e-04
22886,99.929698,33,8.413094e-04
22887,99.933011,33,8.417839e-04
22888,99.936325,33,8.411799e-04
22889,99.939639,33,8.404156e-04
22890,99.942954,33,8.393704e-04
22891,99.946270,33,8.386852e-04
22892,99.949585,33,8.389273e-04
22893,99.952902,33,8.394127e-04
22894,99.956219,33,8.401998e-04
22895,99.959536,33,8.409968e-04
22896,99.962854,33,8.422808e-04
22897,99.966173,33,8.443497e-04
22898,99.969492,33,8.461521e-04
22899,99.972811,33,8.474362e-04
22900,99.976131,33,8.495601e-04
22901,99.979452,33,8.515636e-04
22902,99.982773,33,8.540471e-04
22903,99.986095,33,8.561926e-04
22904,99.989417,33,8.582077e-04
22905,99.992739,33,8.615699e-04
22906,99.996062,33,8.660473e-04
22907,99.999386,33,8.694605e-04
22908,100.002710,33,8.736124e-04
