timestep,t,sor_iters,residual
1,0.050000,38,6.926888e-01
2,0.008313,43,9.760156e-01
3,0.014157,29,2.805155e-01
4,0.019157,29,2.730942e-01
5,0.024157,26,1.991266e-01
6,0.029157,23,9.671160e-02
7,0.034157,20,5.301710e-02
8,0.039157,18,3.324349e-02
9,0.044157,15,2.114715e-02
10,0.049157,12,1.335771e-02
11,0.054157,10,8.535951e-03
12,0.059157,6,5.194346e-03
13,0.064157,8,3.646180e-03
14,0.069157,5,2.456895e-03
15,0.074157,2,1.217409e-03
16,0.079157,1,9.801652e-04
17,0.084157,1,9.969486e-04
18,0.089157,1,9.235471e-04
19,0.094157,2,9.655312e-04
20,0.099157,2,9.320456e-04
21,0.104157,1,9.752916e-04
22,0.109157,2,9.795308e-04
23,0.114157,1,9.955081e-04
24,0.119157,2,9.992580e-04
25,0.124157,2,9.567789e-04
26,0.129157,2,9.550809e-04
27,0.134157,1,9.973370e-04
28,0.139157,1,9.573608e-04
29,0.144157,1,9.814088e-04
30,0.149157,1,9.803753e-04
31,0.154157,2,9.585391e-04
32,0.159157,1,9.977213e-04
33,0.164157,2,9.818355e-04
34,0.169157,1,9.954435e-04
35,0.174157,2,9.680034e-04
36,0.179157,1,9.984799e-04
37,0.184157,1,9.606422e-04
38,0.189157,1,9.841020e-04
39,0.194157,2,9.682155e-04
40,0.199157,1,9.906413e-04
41,0.204157,1,9.869780e-04
42,0.209157,1,9.849607e-04
43,0.214157,2,9.618881e-04
44,0.219157,2,9.576954e-04
45,0.224157,1,9.898714e-04
46,0.229157,1,9.952816e-04
47,0.234157,2,9.642719e-04
48,0.239157,1,9.818301e-04
49,0.244157,1,9.875656e-04
50,0.249157,2,9.596207e-04
51,0.254157,2,9.666659e-04
52,0.259157,1,9.993675e-04
53,0.264157,1,9.971877e-04
54,0.269157,1,9.920693e-04
55,0.274157,2,9.699967e-04
56,0.279157,1,9.729532e-04
57,0.284157,1,9.669665e-04
58,0.289157,2,9.673198e-04
59,0.294157,2,9.645641e-04
60,0.299157,1,9.666164e-04
61,0.304157,1,9.968985e-04
62,0.309157,2,9.653200e-04
63,0.314157,2,9.635773e-04
64,0.319157,1,9.403105e-04
65,0.324157,1,9.744411e-04
66,0.329157,1,9.828054e-04
67,0.334157,1,9.707118e-04
68,0.339157,1,9.995331e-04
69,0.344157,2,9.287464e-04
70,0.349157,2,9.733173e-04
71,0.354157,2,9.656108e-04
72,0.359157,1,9.947369e-04
73,0.364157,1,9.969625e-04
74,0.369157,1,9.763691e-04
75,0.374157,2,9.622430e-04
76,0.379157,1,9.900746e-04
77,0.384157,2,9.604981e-04
78,0.389157,2,9.539155e-04
79,0.394157,1,9.093784e-04
80,0.399157,2,9.475751e-04
81,0.404157,2,9.428329e-04
82,0.409157,2,9.786142e-04
83,0.414157,1,9.995232e-04
84,0.419157,1,9.546389e-04
85,0.424157,2,9.887445e-04
86,0.429157,1,9.541028e-04
87,0.434157,1,9.902994e-04
88,0.439157,2,9.266428e-04
89,0.444157,1,9.678160e-04
90,0.449157,1,9.846070e-04
91,0.454157,2,9.478498e-04
92,0.459157,1,9.384969e-04
93,0.464157,1,9.983350e-04
94,0.469157,1,9.957230e-04
95,0.474157,1,9.911806e-04
96,0.479157,1,9.829660e-04
97,0.484157,2,9.239702e-04
98,0.489157,2,9.536201e-04
99,0.494157,2,9.635537e-04
100,0.499157,1,9.829198e-04
101,0.504157,1,9.642283e-04
102,0.509157,1,9.835644e-04
103,0.514157,2,9.254475e-04
104,0.519157,1,9.592145e-04
105,0.524157,1,9.482310e-04
106,0.529157,1,9.975798e-04
107,0.534157,1,9.884192e-04
108,0.539157,1,9.660662e-04
109,0.544157,1,9.998848e-04
110,0.549157,1,9.258761e-04
111,0.554157,2,9.579296e-04
112,0.559157,1,9.499895e-04
113,0.564157,2,9.272700e-04
114,0.569157,1,9.903520e-04
115,0.574157,1,9.517580e-04
116,0.579157,1,9.542944e-04
117,0.584157,1,9.872144e-04
118,0.589157,2,9.478225e-04
119,0.594157,2,9.912815e-04
120,0.599157,2,9.681432e-04
121,0.604157,1,9.983392e-04
122,0.609157,1,9.922393e-04
123,0.614157,1,9.994422e-04
124,0.619157,1,9.803296e-04
125,0.624157,1,9.694654e-04
126,0.629157,1,9.806193e-04
127,0.634157,2,8.980372e-04
128,0.639157,1,9.996586e-04
129,0.644157,1,9.542927e-04
130,0.649157,1,9.426041e-04
131,0.654157,1,9.889287e-04
132,0.659157,1,9.566314e-04
133,0.664157,1,9.912465e-04
134,0.669157,2,9.835506e-04
135,0.674157,1,9.530698e-04
136,0.679157,1,9.914984e-04
137,0.684157,1,9.859016e-04
138,0.689157,1,9.919962e-04
139,0.694157,1,9.949975e-04
140,0.699157,1,9.489725e-04
141,0.704157,1,9.880071e-04
142,0.709157,1,9.608820e-04
143,0.714157,2,9.776166e-04
144,0.719157,1,9.902797e-04
145,0.724157,2,9.743359e-04
146,0.729157,1,9.983912e-04
147,0.734157,1,9.515762e-04
148,0.739157,1,9.734672e-04
149,0.744157,1,9.923950e-04
150,0.749157,1,9.955576e-04
151,0.754157,1,9.962255e-04
152,0.759157,1,9.932104e-04
153,0.764157,1,9.845127e-04
154,0.769157,1,9.914540e-04
155,0.774157,1,9.932209e-04
156,0.779157,1,9.841957e-04
157,0.784157,1,9.998761e-04
158,0.789157,1,9.293621e-04
159,0.794157,1,9.849235e-04
160,0.799157,1,9.310771e-04
161,0.804157,1,9.981371e-04
162,0.809157,1,9.955660e-04
163,0.814157,1,9.455180e-04
164,0.819157,1,9.915187e-04
165,0.824157,1,9.451086e-04
166,0.829157,1,9.934298e-04
167,0.834157,1,9.119405e-04
168,0.839157,1,9.695093e-04
169,0.844157,1,9.900329e-04
170,0.849157,1,9.482262e-04
171,0.854157,1,9.567979e-04
172,0.859157,1,9.679984e-04
173,0.864157,1,9.813641e-04
174,0.869157,1,9.617880e-04
175,0.874157,1,9.872161e-04
176,0.879157,1,9.354613e-04
177,0.884157,1,9.650572e-04
178,0.889157,1,9.688174e-04
179,0.894157,1,9.782877e-04
180,0.899157,1,9.752325e-04
181,0.904157,1,9.925542e-04
182,0.909157,1,9.406158e-04
183,0.914157,1,9.545673e-04
184,0.919157,1,9.667092e-04
185,0.924157,1,9.951861e-04
186,0.929157,1,9.947321e-04
187,0.934157,1,9.900743e-04
188,0.939157,1,9.801862e-04
189,0.944157,1,9.200289e-04
190,0.949157,1,9.532950e-04
191,0.954157,1,9.798972e-04
192,0.959157,1,9.713174e-04
193,0.964157,1,9.664354e-04
194,0.969157,1,9.639870e-04
195,0.974157,1,9.739490e-04
196,0.979157,1,9.680039e-04
197,0.984157,1,9.646435e-04
198,0.989157,1,9.661915e-04
199,0.994157,1,9.597589e-04
200,0.999157,1,9.924250e-04
201,1.004157,1,9.059762e-04
202,1.009157,1,9.593690e-04
203,1.014157,1,9.717427e-04
204,1.019157,1,9.617584e-04
205,1.024157,1,9.651574e-04
206,1.029157,1,9.608289e-04
207,1.034157,1,9.534736e-04
208,1.039157,1,9.643660e-04
209,1.044157,1,9.727082e-04
210,1.049157,1,9.541533e-04
211,1.054157,1,9.750903e-04
212,1.059157,1,9.801300e-04
213,1.064157,1,9.682431e-04
214,1.069157,1,9.576995e-04
215,1.074157,1,9.499590e-04
216,1.079157,1,9.402476e-04
217,1.084157,1,9.913087e-04
218,1.089157,1,9.625694e-04
219,1.094157,1,9.818364e-04
220,1.099157,1,9.471857e-04
221,1.104157,1,9.478028e-04
222,1.109157,1,9.544915e-04
223,1.114157,1,9.519893e-04
224,1.119157,1,9.437863e-04
225,1.124157,1,9.380422e-04
226,1.129157,1,9.974432e-04
227,1.134157,1,9.920777e-04
228,1.139157,1,9.491020e-04
229,1.144157,1,9.909313e-04
230,1.149157,1,9.470239e-04
231,1.154157,1,9.391333e-04
232,1.159157,1,9.971830e-04
233,1.164157,1,9.631452e-04
234,1.169157,1,8.916991e-04
235,1.174157,1,9.912386e-04
236,1.179157,1,9.451632e-04
237,1.184157,1,9.631606e-04
238,1.189157,1,9.936398e-04
239,1.194157,1,9.943485e-04
240,1.199157,1,8.959825e-04
241,1.204157,1,8.749518e-04
242,1.209157,1,9.896174e-04
243,1.214157,1,8.927759e-04
244,1.219157,1,9.888371e-04
245,1.224157,1,9.445516e-04
246,1.229157,1,9.442251e-04
247,1.234157,1,9.934619e-04
248,1.239157,1,9.490882e-04
249,1.244157,1,9.774920e-04
250,1.249157,1,9.845065e-04
251,1.254157,1,9.604248e-04
252,1.259157,1,9.858028e-04
253,1.264157,1,9.746475e-04
254,1.269157,1,9.762731e-04
255,1.274157,1,9.710932e-04
256,1.279157,1,9.530911e-04
257,1.284157,1,9.863340e-04
258,1.289157,1,9.502483e-04
259,1.294157,1,9.737407e-04
260,1.299157,1,9.466027e-04
261,1.304157,1,9.504060e-04
262,1.309157,1,9.653651e-04
263,1.314157,1,9.818510e-04
264,1.319157,1,9.863240e-04
265,1.324157,1,9.821029e-04
266,1.329157,1,9.577240e-04
267,1.334157,1,9.707959e-04
268,1.339157,1,9.523443e-04
269,1.344157,1,9.835797e-04
270,1.349157,1,9.880316e-04
271,1.354157,1,9.895442e-04
272,1.359157,1,9.813911e-04
273,1.364157,1,9.996513e-04
274,1.369157,1,9.968342e-04
275,1.374157,1,9.924288e-04
276,1.379157,1,9.863393e-04
277,1.384157,1,9.906454e-04
278,1.389157,1,9.311565e-04
279,1.394157,1,9.432072e-04
280,1.399157,1,9.458686e-04
281,1.404157,1,9.417657e-04
282,1.409157,1,9.364196e-04
283,1.414157,1,9.318449e-04
284,1.419157,1,9.277282e-04
285,1.424157,1,9.230840e-04
286,1.429157,1,9.990168e-04
287,1.434157,1,9.616535e-04
288,1.439157,1,9.971018e-04
289,1.444157,1,9.471111e-04
290,1.449157,1,9.668984e-04
291,1.454157,1,9.348997e-04
292,1.459157,1,8.820791e-04
293,1.464157,1,9.028176e-04
294,1.469157,1,9.799035e-04
295,1.474157,1,9.704876e-04
296,1.479157,1,9.547389e-04
297,1.484157,1,9.865132e-04
298,1.489157,1,9.466583e-04
299,1.494157,1,9.627622e-04
300,1.499157,1,9.680994e-04
301,1.504157,1,9.627878e-04
302,1.509157,1,9.549842e-04
303,1.514157,1,9.473975e-04
304,1.519157,1,9.406454e-04
305,1.524157,1,9.344626e-04
306,1.529157,1,9.286793e-04
307,1.534157,1,9.231133e-04
308,1.539157,1,9.179242e-04
309,1.544157,1,9.131387e-04
310,1.549157,1,9.086818e-04
311,1.554157,1,9.912500e-04
312,1.559157,1,9.532400e-04
313,1.564157,1,9.940298e-04
314,1.569157,1,9.416926e-04
315,1.574157,1,9.699435e-04
316,1.579157,1,9.287854e-04
317,1.584157,1,9.541559e-04
318,1.589157,1,9.522272e-04
319,1.594157,1,9.499015e-04
320,1.599157,1,9.871775e-04
321,1.604157,1,9.128314e-04
322,1.609157,1,9.327548e-04
323,1.614157,1,9.540345e-04
324,1.619157,1,9.758854e-04
325,1.624157,1,9.856991e-04
326,1.629157,1,9.606496e-04
327,1.634157,1,9.524992e-04
328,1.639157,1,9.403624e-04
329,1.644157,1,9.405579e-04
330,1.649157,1,9.351205e-04
331,1.654157,1,9.378532e-04
332,1.659157,1,9.328719e-04
333,1.664157,1,9.257216e-04
334,1.669157,1,9.193889e-04
335,1.674157,1,9.176972e-04
336,1.679157,1,9.139100e-04
337,1.684157,1,9.126121e-04
338,1.689157,1,9.075150e-04
339,1.694157,1,9.043593e-04
340,1.699157,1,9.018369e-04
341,1.704157,1,8.969217e-04
342,1.709157,1,8.918830e-04
343,1.714157,1,9.707370e-04
344,1.719157,1,8.919547e-04
345,1.724157,1,9.609780e-04
346,1.729157,1,8.844343e-04
347,1.734157,1,9.414429e-04
348,1.739157,1,9.120199e-04
349,1.744157,1,9.462224e-04
350,1.749157,1,9.030483e-04
351,1.754157,1,9.349510e-04
352,1.759157,1,9.504996e-04
353,1.764157,1,9.066140e-04
354,1.769157,1,9.193579e-04
355,1.774157,1,9.453762e-04
356,1.779157,1,9.584583e-04
357,1.784157,1,9.522026e-04
358,1.789157,1,9.627899e-04
359,1.794157,1,9.486144e-04
360,1.799157,1,9.478250e-04
361,1.804157,1,9.334222e-04
362,1.809157,1,9.258820e-04
363,1.814157,1,9.214332e-04
364,1.819157,1,9.171837e-04
365,1.824157,1,9.131586e-04
366,1.829157,1,9.085660e-04
367,1.834157,1,9.047735e-04
368,1.839157,1,9.009185e-04
369,1.844157,1,9.005914e-04
370,1.849157,1,8.964398e-04
371,1.854157,1,8.911753e-04
372,1.859157,1,9.782867e-04
373,1.864157,1,8.942059e-04
374,1.869157,1,8.858250e-04
375,1.874157,1,9.955764e-04
376,1.879157,1,9.546312e-04
377,1.884157,1,8.941041e-04
378,1.889157,1,9.979690e-04
379,1.894157,1,9.072171e-04
380,1.899157,1,9.250859e-04
381,1.904157,1,8.952231e-04
382,1.909157,1,9.440570e-04
383,1.914157,1,8.916224e-04
384,1.919157,1,9.609853e-04
385,1.924157,1,8.795825e-04
386,1.929157,1,9.959765e-04
387,1.934157,1,9.785693e-04
388,1.939157,1,9.956025e-04
389,1.944157,1,9.635569e-04
390,1.949157,1,9.920404e-04
391,1.954157,1,9.566079e-04
392,1.959157,1,9.835210e-04
393,1.964157,1,9.472696e-04
394,1.969157,1,9.731882e-04
395,1.974157,1,9.368745e-04
396,1.979157,1,9.626674e-04
397,1.984157,1,9.906449e-04
398,1.989157,1,9.010112e-04
399,1.994157,1,9.922515e-04
400,1.999157,1,9.540808e-04
401,2.004157,1,9.427956e-04
402,2.009157,1,9.330654e-04
403,2.014157,1,9.780523e-04
404,2.019157,1,9.703704e-04
405,2.024157,1,9.660494e-04
406,2.029157,1,9.450504e-04
407,2.034157,1,9.252171e-04
408,2.039157,1,9.504115e-04
409,2.044157,1,9.959806e-04
410,2.049157,1,9.739217e-04
411,2.054157,1,8.942579e-04
412,2.059157,1,9.691553e-04
413,2.064157,1,9.679935e-04
414,2.069157,1,9.951248e-04
415,2.074157,1,9.956772e-04
416,2.079157,1,9.922017e-04
417,2.084157,1,9.123948e-04
418,2.089157,1,9.920349e-04
419,2.094157,1,9.126421e-04
420,2.099157,1,9.313620e-04
421,2.104157,1,9.993781e-04
422,2.109157,1,9.684604e-04
423,2.114157,1,9.963710e-04
424,2.119157,1,9.942090e-04
425,2.124157,1,9.972997e-04
426,2.129157,1,9.632159e-04
427,2.134157,1,9.543257e-04
428,2.139157,1,8.957460e-04
429,2.144157,1,9.000228e-04
430,2.149157,1,9.724533e-04
431,2.154157,1,9.756406e-04
432,2.159157,1,9.699780e-04
433,2.164157,1,9.848115e-04
434,2.169157,1,9.920704e-04
435,2.174157,1,9.710342e-04
436,2.179157,1,9.518391e-04
437,2.184157,1,9.013221e-04
438,2.189157,1,9.836208e-04
439,2.194157,1,9.915328e-04
440,2.199157,1,9.601852e-04
441,2.204157,1,9.516730e-04
442,2.209157,1,9.552238e-04
443,2.214157,1,9.668226e-04
444,2.219157,1,9.685578e-04
445,2.224157,1,9.733956e-04
446,2.229157,1,9.508644e-04
447,2.234157,1,9.455059e-04
448,2.239157,1,9.623251e-04
449,2.244157,1,9.566008e-04
450,2.249157,1,9.440706e-04
451,2.254157,1,9.534855e-04
452,2.259157,1,9.553488e-04
453,2.264157,1,9.472736e-04
454,2.269157,1,9.300409e-04
455,2.274157,1,9.392007e-04
456,2.279157,1,9.995100e-04
457,2.284157,1,9.935764e-04
458,2.289157,1,9.122758e-04
459,2.294157,1,9.308221e-04
460,2.299157,1,9.734793e-04
461,2.304157,1,9.040148e-04
462,2.309157,1,9.328536e-04
463,2.314157,1,9.744679e-04
464,2.319157,1,8.980811e-04
465,2.324157,1,9.976889e-04
466,2.329157,1,8.943034e-04
467,2.334157,1,9.833721e-04
468,2.339157,1,9.785093e-04
469,2.344157,1,9.752589e-04
470,2.349157,1,9.637306e-04
471,2.354157,1,9.919526e-04
472,2.359157,1,9.714043e-04
473,2.364157,1,9.986470e-04
474,2.369157,1,9.594499e-04
475,2.374157,1,9.022998e-04
476,2.379157,1,9.628557e-04
477,2.384157,1,9.344481e-04
478,2.389157,1,9.877928e-04
479,2.394157,1,9.524009e-04
480,2.399157,1,8.893689e-04
481,2.404157,1,9.533173e-04
482,2.409157,1,9.892096e-04
483,2.414157,1,9.747860e-04
484,2.419157,1,8.922330e-04
485,2.424157,1,9.514371e-04
486,2.429157,1,8.943902e-04
487,2.434157,1,9.660769e-04
488,2.439157,1,9.947120e-04
489,2.444157,1,9.603881e-04
490,2.449157,1,9.620353e-04
491,2.454157,1,9.778968e-04
492,2.459157,1,9.998623e-04
493,2.464157,1,9.307732e-04
494,2.469157,1,9.502235e-04
495,2.474157,1,9.974679e-04
496,2.479157,1,9.931104e-04
497,2.484157,1,9.258469e-04
498,2.489157,1,9.160806e-04
499,2.494157,1,9.819695e-04
500,2.499157,1,9.761703e-04
501,2.504157,1,9.810212e-04
502,2.509157,1,9.848324e-04
503,2.514157,1,9.813277e-04
504,2.519157,1,9.131350e-04
505,2.524157,1,9.987627e-04
506,2.529157,1,9.821047e-04
507,2.534157,1,9.542436e-04
508,2.539157,1,9.634402e-04
509,2.544157,1,9.797089e-04
510,2.549157,1,9.896220e-04
511,2.554157,1,9.921511e-04
512,2.559157,1,9.874973e-04
513,2.564157,1,9.836179e-04
514,2.569157,1,9.775952e-04
515,2.574157,1,9.750075e-04
516,2.579157,1,9.708315e-04
517,2.584157,1,9.691460e-04
518,2.589157,1,9.722969e-04
519,2.594157,1,9.684888e-04
520,2.599157,1,9.636176e-04
521,2.604157,1,9.583646e-04
522,2.609157,1,9.534133e-04
523,2.614157,1,9.492018e-04
524,2.619157,1,9.458194e-04
525,2.624157,1,9.430577e-04
526,2.629157,1,9.406051e-04
527,2.634157,1,9.381968e-04
528,2.639157,1,9.356672e-04
529,2.644157,1,9.329646e-04
530,2.649157,1,9.300422e-04
531,2.654157,1,9.270425e-04
532,2.659157,1,9.239429e-04
533,2.664157,1,9.206742e-04
534,2.669157,1,9.969567e-04
535,2.674157,1,9.931771e-04
536,2.679157,1,9.738040e-04
537,2.684157,1,9.950885e-04
538,2.689157,1,9.064914e-04
539,2.694157,1,9.406274e-04
540,2.699157,2,9.993824e-04
541,2.704157,1,9.655981e-04
542,2.709157,1,9.728287e-04
543,2.714157,1,9.528709e-04
544,2.719157,1,9.925856e-04
545,2.724157,1,9.815007e-04
546,2.729157,1,9.423327e-04
547,2.734157,1,9.737738e-04
548,2.739157,1,9.010734e-04
549,2.744157,1,9.188692e-04
550,2.749157,1,9.695036e-04
551,2.754157,1,9.829872e-04
552,2.759157,1,9.849401e-04
553,2.764157,1,9.764243e-04
554,2.769157,1,9.685396e-04
555,2.774157,1,9.863271e-04
556,2.779157,1,8.971286e-04
557,2.784157,1,9.228975e-04
558,2.789157,1,9.861662e-04
559,2.794157,1,9.740153e-04
560,2.799157,1,9.970818e-04
561,2.804157,1,9.613899e-04
562,2.809157,1,9.812760e-04
563,2.814157,1,9.823366e-04
564,2.819157,1,9.939007e-04
565,2.824157,1,9.910881e-04
566,2.829157,1,9.900089e-04
567,2.834157,1,9.803740e-04
568,2.839157,1,9.771238e-04
569,2.844157,1,9.693382e-04
570,2.849157,1,9.678808e-04
571,2.854157,1,9.608450e-04
572,2.859157,1,9.614375e-04
573,2.864157,1,9.567062e-04
574,2.869157,1,9.571179e-04
575,2.874157,1,9.508881e-04
576,2.879157,1,9.512358e-04
577,2.884157,1,9.463373e-04
578,2.889157,1,9.459965e-04
579,2.894157,1,9.397063e-04
580,2.899157,1,9.395263e-04
581,2.904157,1,9.345656e-04
582,2.909157,1,9.400328e-04
583,2.914157,1,9.346616e-04
584,2.919157,1,9.326544e-04
585,2.924157,1,9.381632e-04
586,2.929157,1,9.520058e-04
587,2.934157,1,9.834723e-04
588,2.939157,1,9.620464e-04
589,2.944157,1,9.426203e-04
590,2.949157,1,9.362847e-04
591,2.954157,1,9.588112e-04
592,2.959157,1,9.503230e-04
593,2.964157,2,9.909334e-04
594,2.969157,1,9.358961e-04
595,2.974157,1,9.427128e-04
596,2.979157,1,9.608907e-04
597,2.984157,1,9.447274e-04
598,2.989157,1,9.372211e-04
599,2.994157,1,9.343301e-04
600,2.999157,1,9.521460e-04
601,3.004157,1,9.496295e-04
602,3.009157,1,9.401143e-04
603,3.014157,1,9.525425e-04
604,3.019157,1,9.499935e-04
605,3.024157,1,9.224649e-04
606,3.029157,1,9.404621e-04
607,3.034157,1,9.466093e-04
608,3.039157,1,9.431100e-04
609,3.044157,1,9.696938e-04
610,3.049157,1,9.489444e-04
611,3.054157,1,9.988639e-04
612,3.059157,1,9.784698e-04
613,3.064157,1,9.792668e-04
614,3.069157,1,9.897541e-04
615,3.074157,1,9.834813e-04
616,3.079157,1,9.888527e-04
617,3.084157,1,9.702100e-04
618,3.089157,1,9.823517e-04
619,3.094157,1,9.652276e-04
620,3.099157,1,9.932180e-04
621,3.104157,1,9.847308e-04
622,3.109157,1,9.623285e-04
623,3.114157,1,9.731303e-04
624,3.119157,1,9.492338e-04
625,3.124157,1,9.168706e-04
626,3.129157,1,9.166676e-04
627,3.134157,1,9.406109e-04
628,3.139157,1,9.780542e-04
629,3.144157,1,9.597011e-04
630,3.149157,2,8.954499e-04
631,3.154157,1,9.955922e-04
632,3.159157,1,9.854463e-04
633,3.164157,1,9.365595e-04
634,3.169157,1,9.893417e-04
635,3.174157,1,9.919176e-04
636,3.179157,1,9.678148e-04
637,3.184157,1,9.081644e-04
638,3.189157,1,9.119384e-04
639,3.194157,1,9.461123e-04
640,3.199157,1,9.365542e-04
641,3.204157,1,9.832841e-04
642,3.209157,1,9.457575e-04
643,3.214157,1,9.455117e-04
644,3.219157,2,9.042935e-04
645,3.224157,1,9.363454e-04
646,3.229157,1,8.573143e-04
647,3.234157,1,9.304606e-04
648,3.239157,1,9.632647e-04
649,3.244157,1,9.434104e-04
650,3.249157,1,9.930639e-04
651,3.254157,1,9.863118e-04
652,3.259157,1,9.798492e-04
653,3.264157,1,9.271010e-04
654,3.269157,1,9.675203e-04
655,3.274157,1,9.823408e-04
656,3.279157,1,9.389557e-04
657,3.284157,1,9.202363e-04
658,3.289157,1,9.203998e-04
659,3.294157,1,8.932998e-04
660,3.299157,1,9.598705e-04
661,3.304157,1,9.973983e-04
662,3.309157,1,9.876288e-04
663,3.314157,1,8.906514e-04
664,3.319157,1,9.198702e-04
665,3.324157,1,9.670487e-04
666,3.329157,1,9.596598e-04
667,3.334157,1,9.757288e-04
668,3.339157,1,9.033728e-04
669,3.344157,1,9.479764e-04
670,3.349157,1,8.816413e-04
671,3.354157,2,9.988268e-04
672,3.359157,1,9.703750e-04
673,3.364157,1,9.671513e-04
674,3.369157,1,9.101650e-04
675,3.374157,2,9.902221e-04
676,3.379157,1,9.692290e-04
677,3.384157,2,9.746506e-04
678,3.389157,1,8.997219e-04
679,3.394157,1,9.319283e-04
680,3.399157,1,9.277457e-04
681,3.404157,1,8.815175e-04
682,3.409157,1,9.194936e-04
683,3.414157,1,9.599461e-04
684,3.419157,1,9.750714e-04
685,3.424157,1,9.368055e-04
686,3.429157,1,8.607727e-04
687,3.434157,1,8.977760e-04
688,3.439157,1,8.679713e-04
689,3.444157,1,9.163542e-04
690,3.449157,1,8.953099e-04
691,3.454157,1,9.227944e-04
692,3.459157,1,8.986129e-04
693,3.464157,1,9.278160e-04
694,3.469157,1,8.880858e-04
695,3.474157,1,9.046928e-04
696,3.479157,1,9.535115e-04
697,3.484157,1,9.535958e-04
698,3.489157,1,9.105192e-04
699,3.494157,1,9.204643e-04
700,3.499157,1,9.447777e-04
701,3.504157,1,8.842447e-04
702,3.509157,1,9.132928e-04
703,3.514157,1,9.190914e-04
704,3.519157,1,9.756150e-04
705,3.524157,1,9.440429e-04
706,3.529157,2,9.971265e-04
707,3.534157,1,9.803191e-04
708,3.539157,1,9.457574e-04
709,3.544157,1,9.612102e-04
710,3.549157,1,9.542588e-04
711,3.554157,1,9.107911e-04
712,3.559157,1,9.311867e-04
713,3.564157,1,8.701781e-04
714,3.569157,1,8.938898e-04
715,3.574157,1,9.864219e-04
716,3.579157,1,9.367200e-04
717,3.584157,1,9.630317e-04
718,3.589157,1,9.399361e-04
719,3.594157,1,9.463340e-04
720,3.599157,1,9.250757e-04
721,3.604157,1,9.759829e-04
722,3.609157,1,9.540577e-04
723,3.614157,1,9.473392e-04
724,3.619157,1,9.930845e-04
725,3.624157,1,9.260074e-04
726,3.629157,1,9.097875e-04
727,3.634157,1,9.715370e-04
728,3.639157,1,9.904697e-04
729,3.644157,1,9.639150e-04
730,3.649157,1,9.132032e-04
731,3.654157,1,9.494529e-04
732,3.659157,1,9.055465e-04
733,3.664157,1,9.415952e-04
734,3.669157,1,8.865040e-04
735,3.674157,1,9.073722e-04
736,3.679157,2,9.886788e-04
737,3.684157,1,9.416941e-04
738,3.689157,1,9.601196e-04
739,3.694157,1,9.316682e-04
740,3.699157,1,9.901057e-04
741,3.704157,1,9.137758e-04
742,3.709157,1,8.962111e-04
743,3.714157,2,9.851581e-04
744,3.719157,1,9.535132e-04
745,3.724157,1,9.866039e-04
746,3.729157,1,9.185486e-04
747,3.734157,2,9.746155e-04
748,3.739157,1,8.650760e-04
749,3.744157,1,9.128229e-04
750,3.749157,1,9.929616e-04
751,3.754157,1,9.841396e-04
752,3.759157,1,9.410822e-04
753,3.764157,2,9.686513e-04
754,3.769157,1,8.648091e-04
755,3.774157,2,9.739974e-04
756,3.779157,1,9.510593e-04
757,3.784157,1,9.162434e-04
758,3.789157,1,8.920974e-04
759,3.794157,2,9.583455e-04
760,3.799157,1,9.142612e-04
761,3.804157,1,9.304155e-04
762,3.809157,2,9.951302e-04
763,3.814157,1,9.966812e-04
764,3.819157,1,9.302644e-04
765,3.824157,1,8.848694e-04
766,3.829157,1,8.999851e-04
767,3.834157,2,9.768845e-04
768,3.839157,1,9.332741e-04
769,3.844157,1,9.490709e-04
770,3.849157,1,8.697655e-04
771,3.854157,1,9.785291e-04
772,3.859157,1,8.998013e-04
773,3.864157,2,9.998457e-04
774,3.869157,1,9.321043e-04
775,3.874157,1,8.933402e-04
776,3.879157,1,9.074223e-04
777,3.884157,2,9.585126e-04
778,3.889157,1,9.459009e-04
779,3.894157,1,9.529345e-04
780,3.899157,1,9.351095e-04
781,3.904157,1,8.885930e-04
782,3.909157,2,9.968200e-04
783,3.914157,1,9.863362e-04
784,3.919157,1,9.842013e-04
785,3.924157,1,9.924523e-04
786,3.929157,1,9.436858e-04
787,3.934157,2,9.843574e-04
788,3.939157,1,9.199565e-04
789,3.944157,2,9.747666e-04
790,3.949157,1,9.173303e-04
791,3.954157,1,9.123902e-04
792,3.959157,1,9.043782e-04
793,3.964157,2,9.873847e-04
794,3.969157,1,8.911437e-04
795,3.974157,2,9.567418e-04
796,3.979157,1,9.178460e-04
797,3.984157,2,9.701792e-04
798,3.989157,1,9.214316e-04
799,3.994157,2,9.747346e-04
800,3.999157,1,9.280988e-04
801,4.004157,2,9.891123e-04
802,4.009157,1,9.107404e-04
803,4.014157,2,9.552611e-04
804,4.019157,1,9.077010e-04
805,4.024157,2,9.540900e-04
806,4.029157,1,8.991236e-04
807,4.034157,2,9.462538e-04
808,4.039157,1,8.922925e-04
809,4.044157,2,9.337381e-04
810,4.049157,1,8.821137e-04
811,4.054157,2,9.367659e-04
812,4.059157,1,8.909559e-04
813,4.064157,1,9.777787e-04
814,4.069157,1,9.860287e-04
815,4.074157,1,9.537736e-04
816,4.079157,1,9.020036e-04
817,4.084157,1,9.844396e-04
818,4.089157,1,9.176080e-04
819,4.094157,1,9.181718e-04
820,4.099157,1,8.672073e-04
821,4.104157,1,9.851481e-04
822,4.109157,1,9.160664e-04
823,4.114157,1,9.099364e-04
824,4.119157,1,8.725407e-04
825,4.124157,1,9.799727e-04
826,4.129157,1,9.234420e-04
827,4.134157,1,9.876139e-04
828,4.139157,1,8.915926e-04
829,4.144157,1,9.943415e-04
830,4.149157,1,9.311274e-04
831,4.154157,1,8.969364e-04
832,4.159157,2,9.946903e-04
833,4.164157,1,9.889775e-04
834,4.169157,1,8.760595e-04
835,4.174157,1,9.060933e-04
836,4.179157,1,9.859294e-04
837,4.184157,1,9.096230e-04
838,4.189157,1,9.339407e-04
839,4.194157,1,9.542674e-04
840,4.199157,2,9.557985e-04
841,4.204157,1,9.845738e-04
842,4.209157,1,9.506618e-04
843,4.214157,1,9.916231e-04
844,4.219157,1,9.793450e-04
845,4.224157,1,8.708001e-04
846,4.229157,1,9.081838e-04
847,4.234157,1,9.259286e-04
848,4.239157,1,9.823000e-04
849,4.244157,1,9.984587e-04
850,4.249157,1,9.333083e-04
851,4.254157,1,9.706173e-04
852,4.259157,2,9.870338e-04
853,4.264157,1,8.673430e-04
854,4.269157,1,9.997300e-04
855,4.274157,1,9.149019e-04
856,4.279157,1,9.680924e-04
857,4.284157,1,9.830366e-04
858,4.289157,1,9.692406e-04
859,4.294157,1,8.594789e-04
860,4.299157,1,8.306604e-04
861,4.304157,2,9.824557e-04
862,4.309157,1,9.814061e-04
863,4.314157,1,9.375948e-04
864,4.319157,2,9.815198e-04
865,4.324157,1,9.375725e-04
866,4.329157,1,9.186495e-04
867,4.334157,1,9.858096e-04
868,4.339157,1,9.376406e-04
869,4.344157,1,9.756567e-04
870,4.349157,2,9.774529e-04
871,4.354157,1,9.909495e-04
872,4.359157,1,9.256996e-04
873,4.364157,1,9.805863e-04
874,4.369157,1,9.947290e-04
875,4.374157,1,9.950058e-04
876,4.379157,1,9.505124e-04
877,4.384157,1,9.095995e-04
878,4.389157,1,9.603625e-04
879,4.394157,2,9.288930e-04
880,4.399157,1,8.916872e-04
881,4.404157,1,9.505128e-04
882,4.409157,1,9.478525e-04
883,4.414157,2,9.631535e-04
884,4.419157,1,8.319704e-04
885,4.424157,1,9.818978e-04
886,4.429157,2,9.665015e-04
887,4.434157,1,8.841516e-04
888,4.439157,1,9.772556e-04
889,4.444157,1,8.666840e-04
890,4.449157,2,9.007982e-04
891,4.454157,1,8.158166e-04
892,4.459157,1,9.306838e-04
893,4.464157,1,9.904084e-04
894,4.469157,1,8.796539e-04
895,4.474157,1,8.031581e-04
896,4.479157,1,9.694112e-04
897,4.484157,2,9.412605e-04
898,4.489157,1,9.841591e-04
899,4.494157,2,9.588127e-04
900,4.499157,1,9.512048e-04
901,4.504157,1,8.938033e-04
902,4.509157,1,8.954219e-04
903,4.514157,1,9.432685e-04
904,4.519157,1,9.216826e-04
905,4.524157,1,8.876784e-04
906,4.529157,2,9.677726e-04
907,4.534157,1,9.668265e-04
908,4.539157,2,9.837792e-04
909,4.544157,1,8.699949e-04
910,4.549157,1,8.518851e-04
911,4.554157,2,9.280873e-04
912,4.559157,1,9.582054e-04
913,4.564157,2,9.755411e-04
914,4.569157,1,9.420037e-04
915,4.574157,1,9.497177e-04
916,4.579157,1,9.532026e-04
917,4.584157,1,9.624880e-04
918,4.589157,1,9.584219e-04
919,4.594157,2,9.973885e-04
920,4.599157,1,9.245134e-04
921,4.604157,2,9.048358e-04
922,4.609157,1,9.576850e-04
923,4.614157,1,9.737762e-04
924,4.619157,1,9.709225e-04
925,4.624157,1,9.954444e-04
926,4.629157,1,9.765007e-04
927,4.634157,1,9.242743e-04
928,4.639157,1,9.794336e-04
929,4.644157,1,9.705853e-04
930,4.649157,1,9.820444e-04
931,4.654157,1,8.488312e-04
932,4.659157,1,9.136444e-04
933,4.664157,1,9.131630e-04
934,4.669157,1,8.993815e-04
935,4.674157,1,9.368233e-04
936,4.679157,1,9.806190e-04
937,4.684157,1,9.157144e-04
938,4.689157,1,9.041830e-04
939,4.694157,1,8.742431e-04
940,4.699157,1,9.557002e-04
941,4.704157,1,9.818623e-04
942,4.709157,2,9.837408e-04
943,4.714157,1,9.563645e-04
944,4.719157,1,8.894813e-04
945,4.724157,1,9.622443e-04
946,4.729157,1,7.320693e-04
947,4.734157,1,9.927759e-04
948,4.739157,1,9.544530e-04
949,4.744157,1,9.671402e-04
950,4.749157,1,9.193390e-04
951,4.754157,1,8.398930e-04
952,4.759157,2,8.910910e-04
953,4.764157,2,8.508866e-04
954,4.769157,1,8.192128e-04
955,4.774157,1,8.411787e-04
956,4.779157,1,8.562474e-04
957,4.784157,1,9.356274e-04
958,4.789157,1,9.799747e-04
959,4.794157,2,9.698491e-04
960,4.799157,1,8.922551e-04
961,4.804157,2,9.437120e-04
962,4.809157,1,9.979941e-04
963,4.814157,1,9.755807e-04
964,4.819157,1,9.075638e-04
965,4.824157,1,9.046710e-04
966,4.829157,1,9.622236e-04
967,4.834157,1,9.775927e-04
968,4.839157,2,9.839948e-04
969,4.844157,1,8.777175e-04
970,4.849157,1,9.681924e-04
971,4.854157,1,8.803042e-04
972,4.859157,1,8.434074e-04
973,4.864157,1,8.327690e-04
974,4.869157,2,9.352010e-04
975,4.874157,1,9.203917e-04
976,4.879157,1,8.725409e-04
977,4.884157,2,8.479466e-04
978,4.889157,1,8.997119e-04
979,4.894157,1,9.336196e-04
980,4.899157,1,9.255318e-04
981,4.904157,1,9.240234e-04
982,4.909157,1,8.714105e-04
983,4.914157,1,9.346209e-04
984,4.919157,2,9.616270e-04
985,4.924157,1,9.737343e-04
986,4.929157,2,9.793484e-04
987,4.934157,1,9.358995e-04
988,4.939157,1,9.228251e-04
989,4.944157,1,8.988410e-04
990,4.949157,1,9.344806e-04
991,4.954157,1,9.099421e-04
992,4.959157,2,9.476770e-04
993,4.964157,1,9.373838e-04
994,4.969157,1,8.898609e-04
995,4.974157,1,9.582071e-04
996,4.979157,1,8.608201e-04
997,4.984157,1,9.716906e-04
998,4.989157,2,9.983839e-04
999,4.994157,1,8.361526e-04
1000,4.999157,1,9.964784e-04
1001,5.004157,1,9.472675e-04
1002,5.009157,1,8.853987e-04
1003,5.014157,2,8.471708e-04
1004,5.019157,1,8.991727e-04
1005,5.024157,2,9.166378e-04
1006,5.029157,1,9.506750e-04
1007,5.034157,1,9.720108e-04
1008,5.039157,1,9.607879e-04
1009,5.044157,1,9.825231e-04
1010,5.049157,1,9.684767e-04
1011,5.054157,1,8.627291e-04
1012,5.059157,1,9.956135e-04
1013,5.064157,1,9.711591e-04
1014,5.069157,1,9.501753e-04
1015,5.074157,1,9.785157e-04
1016,5.079157,1,8.913453e-04
1017,5.084157,1,9.907515e-04
1018,5.089157,1,9.095369e-04
1019,5.094157,1,8.526465e-04
1020,5.099157,2,9.412435e-04
1021,5.104157,2,9.406700e-04
1022,5.109157,1,9.472948e-04
1023,5.114157,1,9.557902e-04
1024,5.119157,1,9.031235e-04
1025,5.124157,2,9.656108e-04
1026,5.129157,1,8.929061e-04
1027,5.134157,1,8.362318e-04
1028,5.139157,2,9.059231e-04
1029,5.144157,1,8.695355e-04
1030,5.149157,2,9.977038e-04
1031,5.154157,1,9.290935e-04
1032,5.159157,1,8.560882e-04
1033,5.164157,2,9.129069e-04
1034,5.169157,1,8.316852e-04
1035,5.174157,1,8.327155e-04
1036,5.179157,1,8.612431e-04
1037,5.184157,1,8.436431e-04
1038,5.189157,1,9.015527e-04
1039,5.194157,1,8.651482e-04
1040,5.199157,1,9.322895e-04
1041,5.204157,2,9.360067e-04
1042,5.209157,1,9.535113e-04
1043,5.214157,2,9.156079e-04
1044,5.219157,2,8.853590e-04
1045,5.224157,2,9.899984e-04
1046,5.229157,1,9.886272e-04
1047,5.234157,1,8.462355e-04
1048,5.239157,1,9.864271e-04
1049,5.244157,1,9.236864e-04
1050,5.249157,1,9.777576e-04
1051,5.254157,1,7.274745e-04
1052,5.259157,1,8.913400e-04
1053,5.264157,1,9.344517e-04
1054,5.269157,1,8.049560e-04
1055,5.274157,1,9.998404e-04
1056,5.279157,2,8.704894e-04
1057,5.284157,1,9.929314e-04
1058,5.289157,2,9.616462e-04
1059,5.294157,1,8.782826e-04
1060,5.299157,1,8.509852e-04
1061,5.304157,2,8.703008e-04
1062,5.309157,1,8.724818e-04
1063,5.314157,1,9.035003e-04
1064,5.319157,1,8.812817e-04
1065,5.324157,1,8.251731e-04
1066,5.329157,2,8.753547e-04
1067,5.334157,1,7.720632e-04
1068,5.339157,1,8.390698e-04
1069,5.344157,2,8.740938e-04
1070,5.349157,1,8.535390e-04
1071,5.354157,1,9.948712e-04
1072,5.359157,1,9.436310e-04
1073,5.364157,1,9.664565e-04
1074,5.369157,1,9.526541e-04
1075,5.374157,2,9.857844e-04
1076,5.379157,1,9.360217e-04
1077,5.384157,1,8.714167e-04
1078,5.389157,1,8.160738e-04
1079,5.394157,1,9.806244e-04
1080,5.399157,1,9.788768e-04
1081,5.404157,1,9.187888e-04
1082,5.409157,1,9.673544e-04
1083,5.414157,1,8.601328e-04
1084,5.419157,1,7.710366e-04
1085,5.424157,1,9.690064e-04
1086,5.429157,1,8.473579e-04
1087,5.434157,1,9.471172e-04
1088,5.439157,1,9.265638e-04
1089,5.444157,1,9.431625e-04
1090,5.449157,1,9.714853e-04
1091,5.454157,1,9.866956e-04
1092,5.459157,1,9.699790e-04
1093,5.464157,1,9.663321e-04
1094,5.469157,1,9.418307e-04
1095,5.474157,1,9.787297e-04
1096,5.479157,1,7.405290e-04
1097,5.484157,1,7.791864e-04
1098,5.489157,1,9.857132e-04
1099,5.494157,1,9.388110e-04
1100,5.499157,1,9.253143e-04
1101,5.504157,1,9.761660e-04
1102,5.509157,1,7.731849e-04
1103,5.514157,1,9.426065e-04
1104,5.519157,1,8.164988e-04
1105,5.524157,1,9.807092e-04
1106,5.529157,1,9.062319e-04
1107,5.534157,1,9.060376e-04
1108,5.539157,1,9.798834e-04
1109,5.544157,1,8.416840e-04
1110,5.549157,1,7.341097e-04
1111,5.554157,0,9.252693e-04
1112,5.559157,1,9.570601e-04
1113,5.564157,1,9.166775e-04
1114,5.569157,1,9.161032e-04
1115,5.574157,1,9.886749e-04
1116,5.579157,1,9.352984e-04
1117,5.584157,1,8.760590e-04
1118,5.589157,1,9.900451e-04
1119,5.594157,1,9.937187e-04
1120,5.599157,1,8.755982e-04
1121,5.604157,1,9.718245e-04
1122,5.609157,1,9.652239e-04
1123,5.614157,1,8.914818e-04
1124,5.619157,1,9.497104e-04
1125,5.624157,2,9.454249e-04
1126,5.629157,1,9.455094e-04
1127,5.634157,1,9.643145e-04
1128,5.639157,1,7.314300e-04
1129,5.644157,1,9.184558e-04
1130,5.649157,1,9.628650e-04
1131,5.654157,1,7.536119e-04
1132,5.659157,1,9.055209e-04
1133,5.664157,1,9.653761e-04
1134,5.669157,1,7.868030e-04
1135,5.674157,1,9.820363e-04
1136,5.679157,1,9.820973e-04
1137,5.684157,1,9.617679e-04
1138,5.689157,1,8.532733e-04
1139,5.694157,1,9.897064e-04
1140,5.699157,1,8.263107e-04
1141,5.704157,1,8.274087e-04
1142,5.709157,2,9.167934e-04
1143,5.714157,2,9.387993e-04
1144,5.719157,1,9.732678e-04
1145,5.724157,1,6.840358e-04
1146,5.729157,0,9.005301e-04
1147,5.734157,2,9.608291e-04
1148,5.739157,1,9.719168e-04
1149,5.744157,1,8.517644e-04
1150,5.749157,1,8.250747e-04
1151,5.754157,1,9.664298e-04
1152,5.759157,2,8.738867e-04
1153,5.764157,2,9.689717e-04
1154,5.769157,1,9.379194e-04
1155,5.774157,1,7.040437e-04
1156,5.779157,1,9.117324e-04
1157,5.784157,1,9.207481e-04
1158,5.789157,1,8.499861e-04
1159,5.794157,1,9.499198e-04
1160,5.799157,1,9.423566e-04
1161,5.804157,1,8.375431e-04
1162,5.809157,1,9.751742e-04
1163,5.814157,1,8.394608e-04
1164,5.819157,1,9.984664e-04
1165,5.824157,2,9.947780e-04
1166,5.829157,1,9.407784e-04
1167,5.834157,2,8.840225e-04
1168,5.839157,1,9.109100e-04
1169,5.844157,1,9.547569e-04
1170,5.849157,1,9.859802e-04
1171,5.854157,1,8.556561e-04
1172,5.859157,1,9.818264e-04
1173,5.864157,1,7.952571e-04
1174,5.869157,0,9.926712e-04
1175,5.874157,1,9.823773e-04
1176,5.879157,1,9.566560e-04
1177,5.884157,2,8.039629e-04
1178,5.889157,1,9.678740e-04
1179,5.894157,2,9.669012e-04
1180,5.899157,1,8.518926e-04
1181,5.904157,1,9.689403e-04
1182,5.909157,1,8.370209e-04
1183,5.914157,1,9.976855e-04
1184,5.919157,1,9.424954e-04
1185,5.924157,1,9.233803e-04
1186,5.929157,1,9.189076e-04
1187,5.934157,1,9.772550e-04
1188,5.939157,1,7.542825e-04
1189,5.944157,0,9.831614e-04
1190,5.949157,2,9.795228e-04
1191,5.954157,1,8.055370e-04
1192,5.959157,0,9.546261e-04
1193,5.964157,1,9.858469e-04
1194,5.969157,1,9.810530e-04
1195,5.974157,1,7.461789e-04
1196,5.979157,1,9.011650e-04
1197,5.984157,1,6.424013e-04
1198,5.989157,0,8.807027e-04
1199,5.994157,1,9.541262e-04
1200,5.999157,1,7.946984e-04
1201,6.004157,1,9.289133e-04
1202,6.009157,1,9.745333e-04
1203,6.014157,2,9.380031e-04
1204,6.019157,1,8.381204e-04
1205,6.024157,1,9.477679e-04
1206,6.029157,1,8.591839e-04
1207,6.034157,1,9.495645e-04
1208,6.039157,1,8.939501e-04
1209,6.044157,1,8.063724e-04
1210,6.049157,0,9.387015e-04
1211,6.054157,1,9.430593e-04
1212,6.059157,1,8.741283e-04
1213,6.064157,1,7.554762e-04
1214,6.069157,1,9.097998e-04
1215,6.074157,1,6.816658e-04
1216,6.079157,0,9.025713e-04
1217,6.084157,1,9.280805e-04
1218,6.089157,1,9.207605e-04
1219,6.094157,1,8.072789e-04
1220,6.099157,1,9.458912e-04
1221,6.104157,1,7.599214e-04
1222,6.109157,1,9.989858e-04
1223,6.114157,1,8.910990e-04
1224,6.119157,1,7.778525e-04
1225,6.124157,1,9.478262e-04
1226,6.129157,1,8.497062e-04
1227,6.134157,1,7.582636e-04
1228,6.139157,1,9.019948e-04
1229,6.144157,2,9.675962e-04
1230,6.149157,1,8.253246e-04
1231,6.154157,1,9.715065e-04
1232,6.159157,1,7.738573e-04
1233,6.164157,1,9.915194e-04
1234,6.169157,1,8.035238e-04
1235,6.174157,1,9.443482e-04
1236,6.179157,1,8.140794e-04
1237,6.184157,1,9.648600e-04
1238,6.189157,1,8.813047e-04
1239,6.194157,1,7.492933e-04
1240,6.199157,1,8.796311e-04
1241,6.204157,1,7.817922e-04
1242,6.209157,1,8.879418e-04
1243,6.214157,1,9.140790e-04
1244,6.219157,1,7.608173e-04
1245,6.224157,0,9.475454e-04
1246,6.229157,1,9.902912e-04
1247,6.234157,1,8.135042e-04
1248,6.239157,1,9.515618e-04
1249,6.244157,1,7.772556e-04
1250,6.249157,1,6.429868e-04
1251,6.254157,0,8.534080e-04
1252,6.259157,1,9.500249e-04
1253,6.264157,1,8.408613e-04
1254,6.269157,0,9.718591e-04
1255,6.274157,1,8.543273e-04
1256,6.279157,1,7.530453e-04
1257,6.284157,0,9.129144e-04
1258,6.289157,1,8.559505e-04
1259,6.294157,1,8.514855e-04
1260,6.299157,1,9.754123e-04
1261,6.304157,1,8.694083e-04
1262,6.309157,1,8.708905e-04
1263,6.314157,1,8.549009e-04
1264,6.319157,1,9.734939e-04
1265,6.324157,1,9.119265e-04
1266,6.329157,1,9.824275e-04
1267,6.334157,1,8.555765e-04
1268,6.339157,1,9.285786e-04
1269,6.344157,1,8.826105e-04
1270,6.349157,1,9.406460e-04
1271,6.354157,2,9.254975e-04
1272,6.359157,1,7.778221e-04
1273,6.364157,1,8.745637e-04
1274,6.369157,1,9.827221e-04
1275,6.374157,1,7.744446e-04
1276,6.379157,0,9.925054e-04
1277,6.384157,1,9.939187e-04
1278,6.389157,1,9.772981e-04
1279,6.394157,1,8.388516e-04
1280,6.399157,1,8.220510e-04
1281,6.404157,1,8.626020e-04
1282,6.409157,1,9.015748e-04
1283,6.414157,1,8.124848e-04
1284,6.419157,0,9.171772e-04
1285,6.424157,1,9.162014e-04
1286,6.429157,1,9.676369e-04
1287,6.434157,1,8.499629e-04
1288,6.439157,0,9.353372e-04
1289,6.444157,1,9.482708e-04
1290,6.449157,1,9.993353e-04
1291,6.454157,1,7.227837e-04
1292,6.459157,0,9.164942e-04
1293,6.464157,1,8.994596e-04
1294,6.469157,1,8.636948e-04
1295,6.474157,1,9.869673e-04
1296,6.479157,1,6.851690e-04
1297,6.484157,0,9.762552e-04
1298,6.489157,1,9.544417e-04
1299,6.494157,1,7.363182e-04
1300,6.499157,0,9.534451e-04
1301,6.504157,1,8.964385e-04
1302,6.509157,1,8.598372e-04
1303,6.514157,1,9.696877e-04
1304,6.519157,1,8.633630e-04
1305,6.524157,0,9.250723e-04
1306,6.529157,1,8.870385e-04
1307,6.534157,1,9.920656e-04
1308,6.539157,1,9.066104e-04
1309,6.544157,1,9.785457e-04
1310,6.549157,1,8.390932e-04
1311,6.554157,1,7.830932e-04
1312,6.559157,0,8.979225e-04
1313,6.564157,1,9.560197e-04
1314,6.569157,1,7.792410e-04
1315,6.574157,0,9.073975e-04
1316,6.579157,1,9.906162e-04
1317,6.584157,1,7.812902e-04
1318,6.589157,1,9.439482e-04
1319,6.594157,1,7.114674e-04
1320,6.599157,0,9.504684e-04
1321,6.604157,1,8.335598e-04
1322,6.609157,1,7.670149e-04
1323,6.614157,1,9.075740e-04
1324,6.619157,1,8.311835e-04
1325,6.624157,0,9.747805e-04
1326,6.629157,1,9.096273e-04
1327,6.634157,1,8.477197e-04
1328,6.639157,1,8.619240e-04
1329,6.644157,2,9.747723e-04
1330,6.649157,1,8.149378e-04
1331,6.654157,1,9.488810e-04
1332,6.659157,1,9.426658e-04
1333,6.664157,1,7.350921e-04
1334,6.669157,0,9.379123e-04
1335,6.674157,1,9.813269e-04
1336,6.679157,1,7.293595e-04
1337,6.684157,0,9.335507e-04
1338,6.689157,1,9.559204e-04
1339,6.694157,1,9.473878e-04
1340,6.699157,1,9.991284e-04
1341,6.704157,1,6.794918e-04
1342,6.709157,0,8.928502e-04
1343,6.714157,1,9.156918e-04
1344,6.719157,1,7.727386e-04
1345,6.724157,0,9.537438e-04
1346,6.729157,1,9.982138e-04
1347,6.734157,1,9.349678e-04
1348,6.739157,2,9.340911e-04
1349,6.744157,1,9.833030e-04
1350,6.749157,1,8.083835e-04
1351,6.754157,1,6.209005e-04
1352,6.759157,0,9.090182e-04
1353,6.764157,1,9.965100e-04
1354,6.769157,1,7.724207e-04
1355,6.774157,1,8.057638e-04
1356,6.779157,1,8.345781e-04
1357,6.784157,0,9.718524e-04
1358,6.789157,1,9.274739e-04
1359,6.794157,1,8.540062e-04
1360,6.799157,1,9.181290e-04
1361,6.804157,1,9.708737e-04
1362,6.809157,2,9.299620e-04
1363,6.814157,1,8.440720e-04
1364,6.819157,1,9.019980e-04
1365,6.824157,1,8.807997e-04
1366,6.829157,2,9.195381e-04
1367,6.834157,1,7.763246e-04
1368,6.839157,1,8.902446e-04
1369,6.844157,1,9.276064e-04
1370,6.849157,1,8.189850e-04
1371,6.854157,0,9.651901e-04
1372,6.859157,1,8.771523e-04
1373,6.864157,1,9.940001e-04
1374,6.869157,1,8.692684e-04
1375,6.874157,1,9.126513e-04
1376,6.879157,1,6.905556e-04
1377,6.884157,0,8.795065e-04
1378,6.889157,1,7.913549e-04
1379,6.894157,1,7.502198e-04
1380,6.899157,0,9.848581e-04
1381,6.904157,1,9.592990e-04
1382,6.909157,1,9.391472e-04
1383,6.914157,2,9.159414e-04
1384,6.919157,1,6.970599e-04
1385,6.924157,0,9.096540e-04
1386,6.929157,1,8.255560e-04
1387,6.934157,1,7.347127e-04
1388,6.939157,0,9.668945e-04
1389,6.944157,1,9.876014e-04
1390,6.949157,1,7.770594e-04
1391,6.954157,0,9.418372e-04
1392,6.959157,1,9.681076e-04
1393,6.964157,1,7.364620e-04
1394,6.969157,1,9.401810e-04
1395,6.974157,1,9.899078e-04
1396,6.979157,1,8.563999e-04
1397,6.984157,1,7.701833e-04
1398,6.989157,0,8.978236e-04
1399,6.994157,1,9.213603e-04
1400,6.999157,1,6.765827e-04
1401,7.004157,0,8.501340e-04
1402,7.009157,1,6.973353e-04
1403,7.014157,0,9.897745e-04
1404,7.019157,1,9.521218e-04
1405,7.024157,1,8.042073e-04
1406,7.029157,1,8.808230e-04
1407,7.034157,1,9.018633e-04
1408,7.039157,1,7.209180e-04
1409,7.044157,1,8.599920e-04
1410,7.049157,1,7.584503e-04
1411,7.054157,0,9.543797e-04
1412,7.059157,1,8.244082e-04
1413,7.064157,1,8.890122e-04
1414,7.069157,1,6.675093e-04
1415,7.074157,0,8.076695e-04
1416,7.079157,1,9.340024e-04
1417,7.084157,1,8.680177e-04
1418,7.089157,1,8.514436e-04
1419,7.094157,1,7.621353e-04
1420,7.099157,0,8.742583e-04
1421,7.104157,3,9.807981e-04
1422,7.109157,1,9.366236e-04
1423,7.114157,1,7.544868e-04
1424,7.119157,1,7.894709e-04
1425,7.124157,1,7.311361e-04
1426,7.129157,0,8.808747e-04
1427,7.134157,1,9.053745e-04
1428,7.139157,1,8.132651e-04
1429,7.144157,2,9.289241e-04
1430,7.149157,2,9.366461e-04
1431,7.154157,1,7.897429e-04
1432,7.159157,1,6.917572e-04
1433,7.164157,2,8.916286e-04
1434,7.169157,1,9.357385e-04
1435,7.174157,1,8.070015e-04
1436,7.179157,1,7.365253e-04
1437,7.184157,0,9.515714e-04
1438,7.189157,1,9.498439e-04
1439,7.194157,1,7.928692e-04
1440,7.199157,1,9.988744e-04
1441,7.204157,1,7.499108e-04
1442,7.209157,1,8.831639e-04
1443,7.214157,1,7.503122e-04
1444,7.219157,2,9.804730e-04
1445,7.224157,1,8.957183e-04
1446,7.229157,1,8.492496e-04
1447,7.234157,1,9.168396e-04
1448,7.239157,2,9.869598e-04
1449,7.244157,1,7.528460e-04
1450,7.249157,0,9.866945e-04
1451,7.254157,1,9.390491e-04
1452,7.259157,1,9.189680e-04
1453,7.264157,1,8.051354e-04
1454,7.269157,1,9.893685e-04
1455,7.274157,3,9.441326e-04
1456,7.279157,1,8.187567e-04
1457,7.284157,1,7.452326e-04
1458,7.289157,2,9.597322e-04
1459,7.294157,1,7.744859e-04
1460,7.299157,3,9.832173e-04
1461,7.304157,1,6.905021e-04
1462,7.309157,1,7.974955e-04
1463,7.314157,1,9.409633e-04
1464,7.319157,1,9.715902e-04
1465,7.324157,1,8.795083e-04
1466,7.329157,1,7.230902e-04
1467,7.334157,1,8.533800e-04
1468,7.339157,1,7.072873e-04
1469,7.344157,0,9.299442e-04
1470,7.349157,1,8.985826e-04
1471,7.354157,1,8.608998e-04
1472,7.359157,2,9.811352e-04
1473,7.364157,1,8.052248e-04
1474,7.369157,1,9.476590e-04
1475,7.374157,1,6.054600e-04
1476,7.379157,0,9.555491e-04
1477,7.384157,1,8.992872e-04
1478,7.389157,1,8.347523e-04
1479,7.394157,1,9.276217e-04
1480,7.399157,1,6.584746e-04
1481,7.404157,0,9.076360e-04
1482,7.409157,1,8.415731e-04
1483,7.414157,1,7.810029e-04
1484,7.419157,0,8.869289e-04
1485,7.424157,1,7.846649e-04
1486,7.429157,2,8.345265e-04
1487,7.434157,1,8.545282e-04
1488,7.439157,1,8.112349e-04
1489,7.444157,1,7.570930e-04
1490,7.449157,0,9.473889e-04
1491,7.454157,1,8.464923e-04
1492,7.459157,1,8.482469e-04
1493,7.464157,2,8.835385e-04
1494,7.469157,1,8.562637e-04
1495,7.474157,3,8.988931e-04
1496,7.479157,1,8.868609e-04
1497,7.484157,1,7.079136e-04
1498,7.489157,1,6.652178e-04
1499,7.494157,0,9.351260e-04
1500,7.499157,1,9.634523e-04
1501,7.504157,1,8.557455e-04
1502,7.509157,2,8.619140e-04
1503,7.514157,1,9.694344e-04
1504,7.519157,1,5.878266e-04
1505,7.524157,0,8.030645e-04
1506,7.529157,1,6.361087e-04
1507,7.534157,1,6.983067e-04
1508,7.539157,2,9.959343e-04
1509,7.544157,1,6.534551e-04
1510,7.549157,0,9.100109e-04
1511,7.554157,1,8.802766e-04
1512,7.559157,1,7.425835e-04
1513,7.564157,0,8.982632e-04
1514,7.569157,1,6.658188e-04
1515,7.574157,0,9.819020e-04
1516,7.579157,1,7.407225e-04
1517,7.584157,1,8.371690e-04
1518,7.589157,2,9.874799e-04
1519,7.594157,1,9.384720e-04
1520,7.599157,1,8.258621e-04
1521,7.604157,2,9.682121e-04
1522,7.609157,1,6.807899e-04
1523,7.614157,0,9.459748e-04
1524,7.619157,3,9.669616e-04
1525,7.624157,2,9.677342e-04
1526,7.629157,1,8.516248e-04
1527,7.634157,1,6.713422e-04
1528,7.639157,0,8.382527e-04
1529,7.644157,1,7.839116e-04
1530,7.649157,2,9.764870e-04
1531,7.654157,1,9.386010e-04
1532,7.659157,1,8.391734e-04
1533,7.664157,0,9.975270e-04
1534,7.669157,1,6.833538e-04
1535,7.674157,1,7.980913e-04
1536,7.679157,2,9.164777e-04
1537,7.684157,1,9.072772e-04
1538,7.689157,1,7.792202e-04
1539,7.694157,2,9.986281e-04
1540,7.699157,1,7.624659e-04
1541,7.704157,3,9.533520e-04
1542,7.709157,1,9.206270e-04
1543,7.714157,1,7.918707e-04
1544,7.719157,3,9.432442e-04
1545,7.724157,1,7.999982e-04
1546,7.729157,1,6.831535e-04
1547,7.734157,0,9.754839e-04
1548,7.739157,1,9.213774e-04
1549,7.744157,1,6.886493e-04
1550,7.749157,0,7.952507e-04
1551,7.754157,1,6.386936e-04
1552,7.759157,0,8.768667e-04
1553,7.764157,1,7.545715e-04
1554,7.769157,2,9.697764e-04
1555,7.774157,1,8.409670e-04
1556,7.779157,1,8.237510e-04
1557,7.784157,1,5.799302e-04
1558,7.789157,0,7.101850e-04
1559,7.794157,0,9.772518e-04
1560,7.799157,1,7.534703e-04
1561,7.804157,1,6.195707e-04
1562,7.809157,0,7.746696e-04
1563,7.814157,2,9.094830e-04
1564,7.819157,1,9.361630e-04
1565,7.824157,1,8.181221e-04
1566,7.829157,2,9.577236e-04
1567,7.834157,1,8.141846e-04
1568,7.839157,1,6.639154e-04
1569,7.844157,0,8.908691e-04
1570,7.849157,1,7.584837e-04
1571,7.854157,1,6.174006e-04
1572,7.859157,0,7.499482e-04
1573,7.864157,0,9.577421e-04
1574,7.869157,1,7.770004e-04
1575,7.874157,1,7.382351e-04
1576,7.879157,0,9.895301e-04
1577,7.884157,1,8.754878e-04
1578,7.889157,1,8.437492e-04
1579,7.894157,1,6.472417e-04
1580,7.899157,0,8.096619e-04
1581,7.904157,2,9.921426e-04
1582,7.909157,2,7.942593e-04
1583,7.914157,1,9.593850e-04
1584,7.919157,1,6.088257e-04
1585,7.924157,0,9.716596e-04
1586,7.929157,1,7.940348e-04
1587,7.934157,1,6.770494e-04
1588,7.939157,0,8.814536e-04
1589,7.944157,1,8.522393e-04
1590,7.949157,1,6.718674e-04
1591,7.954157,0,8.233880e-04
1592,7.959157,1,8.699407e-04
1593,7.964157,1,8.028954e-04
1594,7.969157,1,6.500921e-04
1595,7.974157,0,8.152683e-04
1596,7.979157,2,9.829871e-04
1597,7.984157,2,8.252288e-04
1598,7.989157,1,7.851333e-04
1599,7.994157,1,6.457510e-04
1600,7.999157,0,9.982614e-04
1601,8.004157,1,6.903655e-04
1602,8.009157,3,9.994646e-04
1603,8.014157,1,8.375293e-04
1604,8.019157,1,7.588194e-04
1605,8.024157,1,5.620043e-04
1606,8.029157,0,7.362686e-04
1607,8.034157,0,9.978530e-04
1608,8.039157,1,8.980858e-04
1609,8.044157,1,8.405220e-04
1610,8.049157,2,9.200142e-04
1611,8.054157,1,6.484208e-04
1612,8.059157,0,8.883216e-04
1613,8.064157,1,6.412264e-04
1614,8.069157,0,9.906185e-04
1615,8.074157,1,7.360818e-04
1616,8.079157,1,7.680917e-04
1617,8.084157,2,9.182111e-04
1618,8.089157,1,7.507257e-04
1619,8.094157,1,9.922553e-04
1620,8.099157,1,9.555440e-04
1621,8.104157,1,6.411021e-04
1622,8.109157,0,9.225454e-04
1623,8.114157,1,8.511627e-04
1624,8.119157,1,6.993849e-04
1625,8.124157,0,8.276180e-04
1626,8.129157,2,9.489601e-04
1627,8.134157,1,9.738814e-04
1628,8.139157,1,6.764365e-04
1629,8.144157,2,8.526177e-04
1630,8.149157,1,8.754372e-04
1631,8.154157,1,9.160778e-04
1632,8.159157,1,7.829386e-04
1633,8.164157,1,7.361704e-04
1634,8.169157,0,9.841518e-04
1635,8.174157,1,7.116030e-04
1636,8.179157,2,8.985908e-04
1637,8.184157,1,9.926157e-04
1638,8.189157,1,7.307625e-04
1639,8.194157,3,9.429219e-04
1640,8.199157,1,9.553459e-04
1641,8.204157,2,9.286061e-04
1642,8.209157,1,9.031554e-04
1643,8.214157,1,8.154533e-04
1644,8.219157,1,6.897094e-04
1645,8.224157,0,9.040753e-04
1646,8.229157,1,8.327526e-04
1647,8.234157,2,8.036391e-04
1648,8.239157,0,9.403107e-04
1649,8.244157,1,9.073723e-04
1650,8.249157,1,5.957652e-04
1651,8.254157,0,9.190512e-04
1652,8.259157,1,8.261733e-04
1653,8.264157,1,7.728393e-04
1654,8.269157,1,8.054372e-04
1655,8.274157,0,9.424348e-04
1656,8.279157,1,6.108305e-04
1657,8.284157,0,8.786268e-04
1658,8.289157,1,6.268426e-04
1659,8.294157,0,9.903126e-04
1660,8.299157,1,7.161449e-04
1661,8.304157,2,9.537473e-04
1662,8.309157,1,7.769701e-04
1663,8.314157,2,8.613559e-04
1664,8.319157,1,7.802773e-04
1665,8.324157,3,9.150459e-04
1666,8.329157,1,9.604188e-04
1667,8.334157,1,8.125415e-04
1668,8.339157,1,6.440035e-04
1669,8.344157,0,8.206532e-04
1670,8.349157,2,9.877992e-04
1671,8.354157,1,8.074296e-04
1672,8.359157,1,8.784314e-04
1673,8.364157,0,9.746473e-04
1674,8.369157,2,9.498830e-04
1675,8.374157,1,7.088369e-04
1676,8.379157,0,8.752900e-04
1677,8.384157,3,9.406581e-04
1678,8.389157,2,8.487218e-04
1679,8.394157,1,9.730911e-04
1680,8.399157,1,7.978255e-04
1681,8.404157,1,8.075232e-04
1682,8.409157,1,9.912228e-04
1683,8.414157,1,6.226917e-04
1684,8.419157,0,8.200433e-04
1685,8.424157,2,7.668926e-04
1686,8.429157,1,8.680683e-04
1687,8.434157,1,9.276256e-04
1688,8.439157,1,8.153263e-04
1689,8.444157,1,6.068080e-04
1690,8.449157,0,8.237603e-04
1691,8.454157,1,7.546121e-04
1692,8.459157,2,8.996446e-04
1693,8.464157,1,8.223330e-04
1694,8.469157,1,8.044511e-04
1695,8.474157,1,5.578831e-04
1696,8.479157,0,6.925449e-04
1697,8.484157,0,9.321086e-04
1698,8.489157,1,6.938280e-04
1699,8.494157,2,7.026184e-04
1700,8.499157,0,9.345321e-04
1701,8.504157,1,9.404090e-04
1702,8.509157,1,7.756931e-04
1703,8.514157,1,7.353907e-04
1704,8.519157,0,9.486003e-04
1705,8.524157,1,6.707636e-04
1706,8.529157,0,9.925197e-04
1707,8.534157,4,9.860730e-04
1708,8.539157,3,9.173069e-04
1709,8.544157,2,8.043225e-04
1710,8.549157,1,9.498172e-04
1711,8.554157,1,9.620750e-04
1712,8.559157,1,8.903849e-04
1713,8.564157,1,7.519828e-04
1714,8.569157,0,9.150186e-04
1715,8.574157,1,7.821341e-04
1716,8.579157,2,7.717901e-04
1717,8.584157,0,9.447965e-04
1718,8.589157,2,9.291684e-04
1719,8.594157,2,9.118552e-04
1720,8.599157,1,7.761467e-04
1721,8.604157,1,9.068516e-04
1722,8.609157,1,7.239133e-04
1723,8.614157,4,9.399411e-04
1724,8.619157,1,9.784576e-04
1725,8.624157,2,9.438781e-04
1726,8.629157,1,8.494999e-04
1727,8.634157,3,9.940997e-04
1728,8.639157,2,9.374088e-04
1729,8.644157,1,8.171948e-04
1730,8.649157,1,7.560518e-04
1731,8.654157,0,9.694849e-04
1732,8.659157,1,6.863881e-04
1733,8.664157,2,7.747724e-04
1734,8.669157,1,8.349616e-04
1735,8.674157,1,9.958785e-04
1736,8.679157,1,7.044969e-04
1737,8.684157,3,8.362550e-04
1738,8.689157,1,7.991362e-04
1739,8.694157,1,9.221332e-04
1740,8.699157,1,9.826128e-04
1741,8.704157,1,8.631106e-04
1742,8.709157,4,8.846102e-04
1743,8.714157,2,8.387007e-04
1744,8.719157,1,8.425156e-04
1745,8.724157,1,7.875794e-04
1746,8.729157,1,6.586962e-04
1747,8.734157,1,8.758547e-04
1748,8.739157,1,6.049292e-04
1749,8.744157,0,8.480649e-04
1750,8.749157,1,7.433694e-04
1751,8.754157,2,8.702942e-04
1752,8.759157,1,6.414919e-04
1753,8.764157,0,8.583115e-04
1754,8.769157,1,8.681552e-04
1755,8.774157,1,7.579434e-04
1756,8.779157,1,9.229960e-04
1757,8.784157,1,9.895500e-04
1758,8.789157,1,7.612436e-04
1759,8.794157,1,7.086211e-04
1760,8.799157,0,9.466391e-04
1761,8.804157,1,7.025472e-04
1762,8.809157,1,7.214224e-04
1763,8.814157,0,9.554350e-04
1764,8.819157,1,6.431298e-04
1765,8.824157,0,9.939424e-04
1766,8.829157,3,9.948359e-04
1767,8.834157,2,7.892157e-04
1768,8.839157,1,8.726708e-04
1769,8.844157,1,7.030362e-04
1770,8.849157,1,7.557900e-04
1771,8.854157,0,9.869886e-04
1772,8.859157,1,7.007268e-04
1773,8.864157,1,5.860728e-04
1774,8.869157,0,8.799026e-04
1775,8.874157,6,9.164994e-04
1776,8.879157,4,9.712984e-04
1777,8.884157,2,9.899385e-04
1778,8.889157,1,8.767145e-04
1779,8.894157,1,9.208383e-04
1780,8.899157,2,7.337329e-04
1781,8.904157,1,7.824385e-04
1782,8.909157,2,9.018820e-04
1783,8.914157,1,9.394934e-04
1784,8.919157,1,6.829473e-04
1785,8.924157,1,6.709643e-04
1786,8.929157,0,8.972642e-04
1787,8.934157,1,5.966380e-04
1788,8.939157,0,8.500565e-04
1789,8.944157,2,8.562100e-04
1790,8.949157,2,7.015703e-04
1791,8.954157,0,9.901542e-04
1792,8.959157,5,9.971667e-04
1793,8.964157,1,6.210363e-04
1794,8.969157,0,9.272042e-04
1795,8.974157,3,9.315562e-04
1796,8.979157,2,7.629404e-04
1797,8.984157,0,9.935569e-04
1798,8.989157,2,9.392959e-04
1799,8.994157,2,9.655573e-04
1800,8.999157,1,8.317199e-04
1801,9.004157,1,6.074655e-04
1802,9.009157,0,7.035519e-04
1803,9.014157,0,9.360793e-04
1804,9.019157,1,7.126965e-04
1805,9.024157,2,7.403539e-04
1806,9.029157,0,9.299964e-04
1807,9.034157,1,8.369085e-04
1808,9.039157,1,8.847960e-04
1809,9.044157,1,8.963024e-04
1810,9.049157,1,7.252611e-04
1811,9.054157,1,5.925113e-04
1812,9.059157,0,8.305330e-04
1813,9.064157,1,7.750019e-04
1814,9.069157,1,7.829156e-04
1815,9.074157,0,8.236996e-04
1816,9.079157,0,9.012019e-04
1817,9.084157,1,6.175029e-04
1818,9.089157,0,9.476156e-04
1819,9.094157,4,9.062196e-04
1820,9.099157,3,9.505682e-04
1821,9.104157,1,8.796782e-04
1822,9.109157,1,9.962115e-04
1823,9.114157,1,9.449107e-04
1824,9.119157,1,8.335546e-04
1825,9.124157,1,7.349060e-04
1826,9.129157,0,9.330507e-04
1827,9.134157,1,6.391748e-04
1828,9.139157,0,8.988136e-04
1829,9.144157,2,8.879821e-04
1830,9.149157,2,6.442192e-04
1831,9.154157,0,8.911364e-04
1832,9.159157,1,8.946063e-04
1833,9.164157,1,9.687407e-04
1834,9.169157,1,6.121164e-04
1835,9.174157,2,9.763098e-04
1836,9.179157,1,9.442839e-04
1837,9.184157,1,6.302489e-04
1838,9.189157,0,8.933589e-04
1839,9.194157,1,6.693516e-04
1840,9.199157,2,8.046202e-04
1841,9.204157,2,8.360044e-04
1842,9.209157,2,9.729805e-04
1843,9.214157,2,9.224942e-04
1844,9.219157,1,7.259997e-04
1845,9.224157,1,7.299347e-04
1846,9.229157,0,9.420782e-04
1847,9.234157,6,9.999577e-04
1848,9.239157,1,6.004364e-04
1849,9.244157,1,6.519405e-04
1850,9.249157,0,8.851014e-04
1851,9.254157,6,8.579945e-04
1852,9.259157,4,9.723443e-04
1853,9.264157,1,7.526942e-04
1854,9.269157,0,9.170986e-04
1855,9.274157,3,9.044755e-04
1856,9.279157,1,9.311101e-04
1857,9.284157,1,9.269446e-04
1858,9.289157,1,9.815540e-04
1859,9.294157,2,6.206035e-04
1860,9.299157,0,9.817350e-04
1861,9.304157,1,7.394339e-04
1862,9.309157,1,8.112407e-04
1863,9.314157,2,7.686602e-04
1864,9.319157,1,5.939780e-04
1865,9.324157,0,7.917562e-04
1866,9.329157,0,9.953449e-04
1867,9.334157,3,8.738721e-04
1868,9.339157,2,8.094577e-04
1869,9.344157,0,9.737887e-04
1870,9.349157,2,9.037293e-04
1871,9.354157,2,8.820260e-04
1872,9.359157,2,9.731228e-04
1873,9.364157,2,9.954488e-04
1874,9.369157,1,9.703021e-04
1875,9.374157,1,9.118324e-04
1876,9.379157,1,8.370176e-04
1877,9.384157,1,7.811697e-04
1878,9.389157,2,9.341745e-04
1879,9.394157,1,5.794326e-04
1880,9.399157,0,8.549732e-04
1881,9.404157,1,6.322749e-04
1882,9.409157,0,9.829982e-04
1883,9.414157,2,9.539607e-04
1884,9.419157,2,8.482271e-04
1885,9.424157,1,9.090505e-04
1886,9.429157,1,7.898852e-04
1887,9.434157,1,9.493909e-04
1888,9.439157,1,7.255182e-04
1889,9.444157,1,6.497281e-04
1890,9.449157,0,9.645707e-04
1891,9.454157,1,8.270120e-04
1892,9.459157,1,5.908547e-04
1893,9.464157,0,8.292960e-04
1894,9.469157,1,7.718641e-04
1895,9.474157,3,8.312266e-04
1896,9.479157,1,8.956816e-04
1897,9.484157,1,6.507953e-04
1898,9.489157,0,9.603581e-04
1899,9.494157,1,7.511666e-04
1900,9.499157,2,8.877238e-04
1901,9.504157,1,8.784887e-04
1902,9.509157,1,8.056225e-04
1903,9.514157,1,9.048705e-04
1904,9.519157,1,8.533775e-04
1905,9.524157,1,6.671392e-04
1906,9.529157,0,8.844380e-04
1907,9.534157,1,6.599707e-04
1908,9.539157,2,7.178008e-04
1909,9.544157,0,9.218563e-04
1910,9.549157,1,7.496255e-04
1911,9.554157,0,9.906638e-04
1912,9.559157,1,8.412729e-04
1913,9.564157,1,8.239370e-04
1914,9.569157,1,9.599481e-04
1915,9.574157,2,7.181959e-04
1916,9.579157,1,7.136432e-04
1917,9.584157,2,9.369991e-04
1918,9.589157,1,8.727240e-04
1919,9.594157,1,9.068414e-04
1920,9.599157,1,8.573720e-04
1921,9.604157,1,6.903408e-04
1922,9.609157,0,9.345209e-04
1923,9.614157,1,7.944783e-04
1924,9.619157,1,6.580019e-04
1925,9.624157,0,8.982358e-04
1926,9.629157,1,7.420807e-04
1927,9.634157,3,9.096135e-04
1928,9.639157,1,7.566654e-04
1929,9.644157,2,8.780074e-04
1930,9.649157,1,9.297465e-04
1931,9.654157,3,9.250675e-04
1932,9.659157,2,8.652301e-04
1933,9.664157,2,8.149734e-04
1934,9.669157,1,7.906250e-04
1935,9.674157,1,9.785899e-04
1936,9.679157,1,7.683876e-04
1937,9.684157,1,6.514188e-04
1938,9.689157,0,8.446567e-04
1939,9.694157,4,9.767193e-04
1940,9.699157,2,9.761046e-04
1941,9.704157,1,9.336893e-04
1942,9.709157,3,8.497879e-04
1943,9.714157,1,8.358307e-04
1944,9.719157,2,8.606977e-04
1945,9.724157,1,7.446033e-04
1946,9.729157,1,6.905375e-04
1947,9.734157,0,9.665202e-04
1948,9.739157,3,9.846749e-04
1949,9.744157,2,8.974187e-04
1950,9.749157,1,9.056157e-04
1951,9.754157,1,9.198026e-04
1952,9.759157,2,7.986639e-04
1953,9.764157,2,8.957919e-04
1954,9.769157,1,8.520376e-04
1955,9.774157,0,9.185509e-04
1956,9.779157,6,9.594987e-04
1957,9.784157,1,6.310682e-04
1958,9.789157,0,9.103229e-04
1959,9.794157,1,7.228563e-04
1960,9.799157,2,7.263597e-04
1961,9.804157,0,9.218708e-04
1962,9.809157,1,7.902255e-04
1963,9.814157,1,7.693211e-04
1964,9.819157,1,7.541464e-04
1965,9.824157,1,7.903728e-04
1966,9.829157,1,8.473949e-04
1967,9.834157,1,9.267777e-04
1968,9.839157,1,5.989367e-04
1969,9.844157,0,9.203085e-04
1970,9.849157,4,8.823252e-04
1971,9.854157,2,9.509804e-04
1972,9.859157,1,8.003008e-04
1973,9.864157,1,8.899841e-04
1974,9.869157,1,9.934865e-04
1975,9.874157,1,6.488333e-04
1976,9.879157,2,9.864320e-04
1977,9.884157,1,8.626787e-04
1978,9.889157,1,9.390963e-04
1979,9.894157,1,9.948394e-04
1980,9.899157,2,7.713494e-04
1981,9.904157,1,8.809913e-04
1982,9.909157,3,9.605455e-04
1983,9.914157,2,8.332991e-04
1984,9.919157,1,8.242144e-04
1985,9.924157,1,7.072217e-04
1986,9.929157,0,9.806124e-04
1987,9.934157,1,8.813696e-04
1988,9.939157,1,8.329630e-04
1989,9.944157,1,8.973989e-04
1990,9.949157,1,9.022747e-04
1991,9.954157,1,9.770087e-04
1992,9.959157,1,7.630059e-04
1993,9.964157,1,8.880880e-04
1994,9.969157,1,9.099550e-04
1995,9.974157,0,9.618537e-04
1996,9.979157,4,9.291051e-04
1997,9.984157,1,5.779460e-04
1998,9.989157,0,7.291430e-04
1999,9.994157,1,6.406695e-04
2000,9.999157,0,9.561069e-04
2001,10.004157,2,8.029909e-04
2002,10.009157,1,8.401883e-04
2003,10.014157,1,6.453492e-04
2004,10.019157,0,8.764813e-04
2005,10.024157,1,8.494577e-04
2006,10.029157,1,8.561851e-04
2007,10.034157,1,9.967102e-04
2008,10.039157,1,6.460029e-04
2009,10.044157,0,9.944047e-04
2010,10.049157,4,8.310444e-04
2011,10.054157,2,9.912269e-04
2012,10.059157,1,7.397476e-04
2013,10.064157,1,8.488162e-04
2014,10.069157,1,8.621654e-04
2015,10.074157,1,8.677001e-04
2016,10.079157,1,9.038939e-04
2017,10.084157,1,9.224969e-04
2018,10.089157,1,9.608009e-04
2019,10.094157,1,8.645535e-04
2020,10.099157,4,9.580933e-04
2021,10.104157,1,8.746232e-04
2022,10.109157,1,9.671796e-04
2023,10.114157,1,8.224741e-04
2024,10.119157,1,8.725714e-04
2025,10.124157,1,8.162917e-04
2026,10.129157,1,7.847168e-04
2027,10.134157,1,7.611579e-04
2028,10.139157,1,7.464820e-04
2029,10.144157,0,9.978680e-04
2030,10.149157,1,8.329581e-04
2031,10.154157,1,8.921326e-04
2032,10.159157,2,8.361774e-04
2033,10.164157,1,7.271356e-04
2034,10.169157,1,9.908208e-04
2035,10.174157,1,9.762000e-04
2036,10.179157,1,5.896137e-04
2037,10.184157,0,9.166849e-04
2038,10.189157,1,6.335768e-04
2039,10.194157,3,9.497027e-04
2040,10.199157,1,9.459713e-04
2041,10.204157,1,8.736694e-04
2042,10.209157,1,7.950896e-04
2043,10.214157,1,8.244484e-04
2044,10.219157,1,8.586383e-04
2045,10.224157,1,9.433961e-04
2046,10.229157,1,8.486471e-04
2047,10.234157,1,6.716206e-04
2048,10.239157,0,8.351357e-04
2049,10.244157,1,6.673205e-04
2050,10.249157,2,9.237763e-04
2051,10.254157,1,9.412721e-04
2052,10.259157,1,6.422350e-04
2053,10.264157,1,7.210399e-04
2054,10.269157,0,9.234209e-04
2055,10.274157,1,6.444400e-04
2056,10.279157,0,9.796359e-04
2057,10.284157,1,5.732050e-04
2058,10.289157,0,9.233254e-04
2059,10.294157,1,5.989777e-04
2060,10.299157,2,6.770759e-04
2061,10.304157,0,8.414041e-04
2062,10.309157,1,8.888977e-04
2063,10.314157,1,8.664220e-04
2064,10.319157,1,9.259557e-04
2065,10.324157,1,8.630221e-04
2066,10.329157,1,6.833350e-04
2067,10.334157,0,9.810441e-04
2068,10.339157,4,9.394372e-04
2069,10.344157,3,9.025949e-04
2070,10.349157,1,7.763430e-04
2071,10.354157,1,9.216341e-04
2072,10.359157,1,8.442932e-04
2073,10.364157,1,9.434157e-04
2074,10.369157,1,9.842545e-04
2075,10.374157,1,5.479738e-04
2076,10.379157,0,8.391305e-04
2077,10.384157,3,9.105585e-04
2078,10.389157,2,7.884577e-04
2079,10.394157,1,7.356796e-04
2080,10.399157,1,9.201094e-04
2081,10.404157,1,8.415264e-04
2082,10.409157,1,9.245829e-04
2083,10.414157,1,9.519576e-04
2084,10.419157,1,8.939235e-04
2085,10.424157,1,7.319945e-04
2086,10.429157,0,9.599129e-04
2087,10.434157,1,5.889856e-04
2088,10.439157,0,9.418757e-04
2089,10.444157,1,6.875645e-04
2090,10.449157,2,7.244953e-04
2091,10.454157,0,9.065072e-04
2092,10.459157,1,8.080838e-04
2093,10.464157,1,7.505731e-04
2094,10.469157,1,7.928872e-04
2095,10.474157,1,7.465487e-04
2096,10.479157,1,7.390177e-04
2097,10.484157,0,9.824365e-04
2098,10.489157,1,7.692753e-04
2099,10.494157,1,8.213833e-04
2100,10.499157,1,9.331645e-04
2101,10.504157,1,9.797960e-04
2102,10.509157,1,8.740510e-04
2103,10.514157,4,9.048756e-04
2104,10.519157,1,9.652067e-04
2105,10.524157,1,6.357023e-04
2106,10.529157,0,9.307713e-04
2107,10.534157,1,6.632477e-04
2108,10.539157,2,7.631555e-04
2109,10.544157,0,9.225868e-04
2110,10.549157,1,7.968214e-04
2111,10.554157,1,8.245292e-04
2112,10.559157,1,5.671391e-04
2113,10.564157,0,8.012962e-04
2114,10.569157,2,9.371686e-04
2115,10.574157,1,8.077583e-04
2116,10.579157,1,7.989822e-04
2117,10.584157,1,8.503681e-04
2118,10.589157,1,8.805088e-04
2119,10.594157,1,9.572368e-04
2120,10.599157,2,8.524630e-04
2121,10.604157,1,7.607220e-04
2122,10.609157,0,9.745405e-04
2123,10.614157,1,6.777755e-04
2124,10.619157,3,7.565545e-04
2125,10.624157,1,6.808842e-04
2126,10.629157,0,9.199023e-04
2127,10.634157,2,9.754850e-04
2128,10.639157,1,7.432330e-04
2129,10.644157,1,8.804444e-04
2130,10.649157,1,7.863096e-04
2131,10.654157,1,7.324533e-04
2132,10.659157,0,9.681365e-04
2133,10.664157,1,6.854259e-04
2134,10.669157,0,9.985912e-04
2135,10.674157,1,7.328933e-04
2136,10.679157,1,7.996548e-04
2137,10.684157,1,8.779958e-04
2138,10.689157,1,8.995009e-04
2139,10.694157,1,9.792445e-04
2140,10.699157,1,7.907099e-04
2141,10.704157,1,6.019027e-04
2142,10.709157,0,8.239856e-04
2143,10.714157,4,9.124377e-04
2144,10.719157,2,9.012598e-04
2145,10.724157,1,7.581993e-04
2146,10.729157,1,7.355060e-04
2147,10.734157,1,7.372728e-04
2148,10.739157,0,9.979630e-04
2149,10.744157,1,8.502652e-04
2150,10.749157,1,8.604475e-04
2151,10.754157,1,9.255815e-04
2152,10.759157,1,9.229963e-04
2153,10.764157,1,9.650088e-04
2154,10.769157,1,9.932514e-04
2155,10.774157,2,7.987122e-04
2156,10.779157,1,6.543219e-04
2157,10.784157,0,8.923832e-04
2158,10.789157,1,5.941326e-04
2159,10.794157,2,7.361532e-04
2160,10.799157,1,6.431823e-04
2161,10.804157,0,8.990727e-04
2162,10.809157,3,8.613634e-04
2163,10.814157,1,9.803026e-04
2164,10.819157,2,9.739484e-04
2165,10.824157,1,9.583034e-04
2166,10.829157,1,9.668620e-04
2167,10.834157,1,9.553229e-04
2168,10.839157,1,9.613160e-04
2169,10.844157,1,8.909433e-04
2170,10.849157,1,8.028888e-04
2171,10.854157,1,6.141502e-04
2172,10.859157,0,8.396021e-04
2173,10.864157,1,6.437277e-04
2174,10.869157,1,9.133184e-04
2175,10.874157,1,8.572862e-04
2176,10.879157,1,9.269683e-04
2177,10.884157,2,9.329579e-04
2178,10.889157,1,8.150865e-04
2179,10.894157,1,8.633878e-04
2180,10.899157,1,8.229801e-04
2181,10.904157,1,8.106710e-04
2182,10.909157,1,7.736982e-04
2183,10.914157,1,7.568965e-04
2184,10.919157,0,9.975802e-04
2185,10.924157,1,8.035388e-04
2186,10.929157,1,8.587531e-04
2187,10.934157,1,9.543953e-04
2188,10.939157,1,9.804810e-04
2189,10.944157,1,8.107000e-04
2190,10.949157,1,5.861797e-04
2191,10.954157,0,7.726699e-04
2192,10.959157,1,7.473777e-04
2193,10.964157,1,6.648534e-04
2194,10.969157,0,9.060864e-04
2195,10.974157,1,7.048876e-04
2196,10.979157,2,8.543035e-04
2197,10.984157,1,8.355262e-04
2198,10.989157,1,9.677279e-04
2199,10.994157,2,6.447819e-04
2200,10.999157,0,9.601329e-04
2201,11.004157,2,7.838543e-04
2202,11.009157,1,6.919170e-04
2203,11.014157,1,8.589187e-04
2204,11.019157,1,8.584723e-04
2205,11.024157,1,9.492786e-04
2206,11.029157,1,9.855811e-04
2207,11.034157,2,7.253001e-04
2208,11.039157,1,7.677123e-04
2209,11.044157,1,5.949760e-04
2210,11.049157,0,9.486539e-04
2211,11.054157,2,8.144940e-04
2212,11.059157,2,6.697965e-04
2213,11.064157,0,9.396640e-04
2214,11.069157,1,7.480503e-04
2215,11.074157,1,7.572794e-04
2216,11.079157,1,7.294586e-04
2217,11.084157,0,9.792163e-04
2218,11.089157,1,7.601475e-04
2219,11.094157,1,7.525870e-04
2220,11.099157,0,9.797869e-04
2221,11.104157,1,8.373149e-04
2222,11.109157,1,8.348486e-04
2223,11.114157,1,9.053717e-04
2224,11.119157,1,8.913618e-04
2225,11.124157,1,9.331519e-04
2226,11.129157,1,9.588050e-04
2227,11.134157,1,9.970938e-04
2228,11.139157,1,8.747805e-04
2229,11.144157,1,8.814141e-04
2230,11.149157,2,9.649924e-04
2231,11.154157,1,6.271772e-04
2232,11.159157,0,8.168630e-04
2233,11.164157,2,9.758704e-04
2234,11.169157,1,9.523714e-04
2235,11.174157,1,8.565150e-04
2236,11.179157,1,9.515386e-04
2237,11.184157,2,8.141867e-04
2238,11.189157,1,7.964736e-04
2239,11.194157,0,9.833033e-04
2240,11.199157,3,9.729847e-04
2241,11.204157,2,8.199589e-04
2242,11.209157,1,6.802769e-04
2243,11.214157,0,9.542522e-04
2244,11.219157,1,8.426147e-04
2245,11.224157,1,8.195359e-04
2246,11.229157,1,9.420444e-04
2247,11.234157,1,9.728475e-04
2248,11.239157,1,7.885325e-04
2249,11.244157,1,8.687492e-04
2250,11.249157,0,9.873522e-04
2251,11.254157,1,8.384876e-04
2252,11.259157,1,6.651852e-04
2253,11.264157,0,7.557979e-04
2254,11.269157,0,9.365058e-04
2255,11.274157,2,9.624768e-04
2256,11.279157,2,7.538463e-04
2257,11.284157,1,6.046811e-04
2258,11.289157,0,8.086624e-04
2259,11.294157,0,9.610862e-04
2260,11.299157,1,7.861156e-04
2261,11.304157,1,6.511612e-04
2262,11.309157,0,8.686169e-04
2263,11.314157,0,9.891683e-04
2264,11.319157,1,8.433416e-04
2265,11.324157,1,7.960882e-04
2266,11.329157,1,8.855961e-04
2267,11.334157,1,8.616537e-04
2268,11.339157,1,9.041400e-04
2269,11.344157,1,9.319181e-04
2270,11.349157,1,9.702069e-04
2271,11.354157,1,9.017907e-04
2272,11.359157,1,6.877592e-04
2273,11.364157,0,9.184513e-04
2274,11.369157,1,7.258467e-04
2275,11.374157,2,8.589659e-04
2276,11.379157,1,7.180281e-04
2277,11.384157,0,9.746141e-04
2278,11.389157,1,9.762420e-04
2279,11.394157,1,8.926286e-04
2280,11.399157,1,9.688867e-04
2281,11.404157,1,9.254393e-04
2282,11.409157,1,9.274548e-04
2283,11.414157,1,9.117113e-04
2284,11.419157,1,9.001642e-04
2285,11.424157,1,8.965651e-04
2286,11.429157,1,9.006312e-04
2287,11.434157,1,9.167016e-04
2288,11.439157,1,9.430979e-04
2289,11.444157,1,9.791630e-04
2290,11.449157,1,8.088400e-04
2291,11.454157,1,8.063492e-04
2292,11.459157,1,7.620778e-04
2293,11.464157,1,6.745903e-04
2294,11.469157,0,9.679170e-04
2295,11.474157,1,5.871754e-04
2296,11.479157,0,9.677909e-04
2297,11.484157,1,6.931098e-04
2298,11.489157,2,8.590840e-04
2299,11.494157,1,8.498269e-04
2300,11.499157,1,7.506780e-04
2301,11.504157,1,8.213214e-04
2302,11.509157,1,9.024188e-04
2303,11.514157,1,9.496213e-04
2304,11.519157,2,8.745221e-04
2305,11.524157,1,8.214434e-04
2306,11.529157,2,9.497055e-04
2307,11.534157,1,8.642429e-04
2308,11.539157,1,9.452497e-04
2309,11.544157,1,9.737516e-04
2310,11.549157,1,8.959845e-04
2311,11.554157,1,7.286150e-04
2312,11.559157,0,8.838209e-04
2313,11.564157,1,6.658361e-04
2314,11.569157,0,8.877800e-04
2315,11.574157,2,9.451658e-04
2316,11.579157,2,7.012727e-04
2317,11.584157,0,9.333309e-04
2318,11.589157,1,7.560923e-04
2319,11.594157,1,6.790363e-04
2320,11.599157,0,9.208511e-04
2321,11.604157,1,8.173500e-04
2322,11.609157,1,7.893032e-04
2323,11.614157,1,8.478997e-04
2324,11.619157,1,8.282935e-04
2325,11.624157,1,8.494959e-04
2326,11.629157,1,8.617669e-04
2327,11.634157,1,8.785494e-04
2328,11.639157,1,9.009430e-04
2329,11.644157,1,9.251929e-04
2330,11.649157,1,9.553712e-04
2331,11.654157,1,9.896371e-04
2332,11.659157,1,9.998748e-04
2333,11.664157,1,8.850222e-04
2334,11.669157,1,7.322282e-04
2335,11.674157,0,9.197731e-04
2336,11.679157,1,7.303024e-04
2337,11.684157,0,9.523069e-04
2338,11.689157,1,7.076784e-04
2339,11.694157,0,9.835872e-04
2340,11.699157,3,9.328014e-04
2341,11.704157,2,8.325820e-04
2342,11.709157,1,7.629480e-04
2343,11.714157,1,8.890371e-04
2344,11.719157,1,9.158073e-04
2345,11.724157,1,8.042421e-04
2346,11.729157,1,9.900298e-04
2347,11.734157,2,9.900865e-04
2348,11.739157,1,7.353563e-04
2349,11.744157,0,9.262883e-04
2350,11.749157,1,7.909336e-04
2351,11.754157,2,9.374843e-04
2352,11.759157,1,8.997227e-04
2353,11.764157,1,7.685854e-04
2354,11.769157,1,7.939193e-04
2355,11.774157,1,7.953942e-04
2356,11.779157,1,8.203525e-04
2357,11.784157,1,8.663641e-04
2358,11.789157,1,9.105191e-04
2359,11.794157,1,9.553302e-04
2360,11.799157,1,9.905531e-04
2361,11.804157,1,9.057431e-04
2362,11.809157,1,8.302884e-04
2363,11.814157,1,6.091498e-04
2364,11.819157,0,7.640290e-04
2365,11.824157,2,9.824998e-04
2366,11.829157,1,8.914176e-04
2367,11.834157,1,9.207622e-04
2368,11.839157,1,9.480845e-04
2369,11.844157,1,7.521019e-04
2370,11.849157,1,7.123073e-04
2371,11.854157,0,8.739017e-04
2372,11.859157,1,8.552613e-04
2373,11.864157,0,8.722212e-04
2374,11.869157,0,9.279538e-04
2375,11.874157,1,6.507410e-04
2376,11.879157,0,9.053211e-04
2377,11.884157,2,8.288114e-04
2378,11.889157,1,8.231624e-04
2379,11.894157,1,7.155960e-04
2380,11.899157,0,9.982034e-04
2381,11.904157,1,8.779523e-04
2382,11.909157,1,8.458631e-04
2383,11.914157,1,9.371514e-04
2384,11.919157,1,9.495312e-04
2385,11.924157,2,9.187917e-04
2386,11.929157,1,8.606907e-04
2387,11.934157,1,7.705038e-04
2388,11.939157,2,9.598353e-04
2389,11.944157,1,7.593986e-04
2390,11.949157,1,7.831249e-04
2391,11.954157,1,7.862519e-04
2392,11.959157,1,8.096271e-04
2393,11.964157,1,8.404631e-04
2394,11.969157,1,8.545687e-04
2395,11.974157,1,8.658073e-04
2396,11.979157,1,8.785212e-04
2397,11.984157,1,8.976627e-04
2398,11.989157,1,9.217449e-04
2399,11.994157,1,9.456039e-04
2400,11.999157,1,9.644021e-04
2401,12.004157,1,9.744399e-04
2402,12.009157,1,9.737410e-04
2403,12.014157,1,9.617231e-04
2404,12.019157,1,9.389022e-04
2405,12.024157,1,9.066252e-04
2406,12.029157,1,8.671661e-04
2407,12.034157,1,8.234242e-04
2408,12.039157,1,7.791242e-04
2409,12.044157,1,7.382825e-04
2410,12.049157,0,9.559578e-04
2411,12.054157,1,6.751833e-04
2412,12.059157,0,9.626951e-04
2413,12.064157,1,7.044878e-04
2414,12.069157,1,7.727160e-04
2415,12.074157,1,8.346751e-04
2416,12.079157,1,8.456120e-04
2417,12.084157,1,9.051300e-04
2418,12.089157,1,9.416874e-04
2419,12.094157,1,9.894930e-04
2420,12.099157,1,9.584005e-04
2421,12.104157,1,6.640570e-04
2422,12.109157,0,8.790768e-04
2423,12.114157,1,7.331710e-04
2424,12.119157,1,6.574033e-04
2425,12.124157,0,8.872512e-04
2426,12.129157,1,8.067911e-04
2427,12.134157,2,7.561430e-04
2428,12.139157,0,9.157757e-04
2429,12.144157,2,9.495666e-04
2430,12.149157,1,9.388554e-04
2431,12.154157,1,9.108786e-04
2432,12.159157,2,7.209938e-04
2433,12.164157,1,7.025049e-04
2434,12.169157,0,8.912796e-04
2435,12.174157,1,9.056613e-04
2436,12.179157,1,7.145858e-04
2437,12.184157,0,9.822251e-04
2438,12.189157,2,8.041058e-04
2439,12.194157,1,8.527945e-04
2440,12.199157,1,8.988766e-04
2441,12.204157,1,9.954967e-04
2442,12.209157,3,9.906862e-04
2443,12.214157,3,7.346769e-04
2444,12.219157,0,9.883906e-04
2445,12.224157,2,9.478125e-04
2446,12.229157,1,9.464240e-04
2447,12.234157,1,7.598128e-04
2448,12.239157,1,8.029946e-04
2449,12.244157,1,7.544512e-04
2450,12.249157,1,7.185017e-04
2451,12.254157,0,9.432374e-04
2452,12.259157,1,6.727585e-04
2453,12.264157,0,9.629259e-04
2454,12.269157,1,6.719846e-04
2455,12.274157,0,9.667527e-04
2456,12.279157,1,7.305959e-04
2457,12.284157,1,7.712055e-04
2458,12.289157,0,9.991102e-04
2459,12.294157,1,8.379120e-04
2460,12.299157,1,8.438547e-04
2461,12.304157,1,9.137160e-04
2462,12.309157,1,8.981373e-04
2463,12.314157,1,9.361575e-04
2464,12.319157,1,9.528127e-04
2465,12.324157,1,9.763062e-04
2466,12.329157,1,9.986674e-04
2467,12.334157,1,9.175329e-04
2468,12.339157,1,7.599179e-04
2469,12.344157,1,6.912352e-04
2470,12.349157,0,9.212956e-04
2471,12.354157,1,8.549376e-04
2472,12.359157,1,6.476833e-04
2473,12.364157,0,8.036349e-04
2474,12.369157,1,7.464445e-04
2475,12.374157,2,8.673458e-04
2476,12.379157,1,7.120333e-04
2477,12.384157,0,9.414299e-04
2478,12.389157,1,6.929662e-04
2479,12.394157,0,9.083256e-04
2480,12.399157,2,9.571196e-04
2481,12.404157,1,8.634447e-04
2482,12.409157,2,9.558417e-04
2483,12.414157,1,9.418701e-04
2484,12.419157,1,7.298381e-04
2485,12.424157,2,8.595416e-04
2486,12.429157,2,8.256806e-04
2487,12.434157,2,7.799942e-04
2488,12.439157,0,9.948057e-04
2489,12.444157,2,8.044843e-04
2490,12.449157,1,9.794665e-04
2491,12.454157,1,7.651249e-04
2492,12.459157,1,7.428836e-04
2493,12.464157,0,9.659744e-04
2494,12.469157,1,7.710290e-04
2495,12.474157,1,7.743431e-04
2496,12.479157,1,8.188214e-04
2497,12.484157,1,7.941502e-04
2498,12.489157,1,8.094260e-04
2499,12.494157,1,8.077724e-04
2500,12.499157,1,8.109053e-04
2501,12.504157,1,8.155519e-04
2502,12.509157,1,8.218379e-04
2503,12.514157,1,8.322450e-04
2504,12.519157,1,8.462833e-04
2505,12.524157,1,8.645710e-04
2506,12.529157,1,8.863823e-04
2507,12.534157,1,9.111171e-04
2508,12.539157,1,9.374207e-04
2509,12.544157,1,9.642306e-04
2510,12.549157,1,9.899616e-04
2511,12.554157,1,9.382317e-04
2512,12.559157,2,8.978774e-04
2513,12.564157,1,8.698214e-04
2514,12.569157,1,7.243316e-04
2515,12.574157,0,9.301210e-04
2516,12.579157,1,7.024473e-04
2517,12.584157,0,9.733860e-04
2518,12.589157,1,7.779941e-04
2519,12.594157,2,9.981933e-04
2520,12.599157,1,8.578323e-04
2521,12.604157,1,8.371107e-04
2522,12.609157,1,8.217222e-04
2523,12.614157,1,9.232916e-04
2524,12.619157,1,9.726829e-04
2525,12.624157,1,8.019589e-04
2526,12.629157,1,8.384948e-04
2527,12.634157,0,9.142678e-04
2528,12.639157,1,7.601564e-04
2529,12.644157,0,9.963536e-04
2530,12.649157,1,7.735491e-04
2531,12.654157,2,9.010517e-04
2532,12.659157,1,7.683468e-04
2533,12.664157,1,8.510066e-04
2534,12.669157,1,8.532293e-04
2535,12.674157,1,9.232360e-04
2536,12.679157,1,9.569944e-04
2537,12.684157,1,9.932380e-04
2538,12.689157,1,7.568139e-04
2539,12.694157,1,9.449316e-04
2540,12.699157,4,8.528316e-04
2541,12.704157,1,9.158963e-04
2542,12.709157,2,8.225978e-04
2543,12.714157,1,7.519450e-04
2544,12.719157,1,7.912770e-04
2545,12.724157,1,7.632132e-04
2546,12.729157,1,7.711268e-04
2547,12.734157,1,8.111490e-04
2548,12.739157,1,8.829086e-04
2549,12.744157,1,9.556379e-04
2550,12.749157,1,8.827608e-04
2551,12.754157,2,8.449681e-04
2552,12.759157,1,7.342984e-04
2553,12.764157,0,9.289476e-04
2554,12.769157,1,7.203671e-04
2555,12.774157,0,9.820546e-04
2556,12.779157,3,9.276028e-04
2557,12.784157,1,7.840615e-04
2558,12.789157,2,8.487530e-04
2559,12.794157,1,8.494065e-04
2560,12.799157,1,8.994172e-04
2561,12.804157,1,9.366681e-04
2562,12.809157,1,9.600437e-04
2563,12.814157,1,8.700795e-04
2564,12.819157,1,7.409414e-04
2565,12.824157,0,9.704409e-04
2566,12.829157,1,6.963028e-04
2567,12.834157,3,8.713426e-04
2568,12.839157,1,7.935856e-04
2569,12.844157,1,8.621522e-04
2570,12.849157,1,9.949890e-04
2571,12.854157,1,6.160850e-04
2572,12.859157,0,8.847002e-04
2573,12.864157,1,6.980859e-04
2574,12.869157,2,7.682875e-04
2575,12.874157,0,9.123811e-04
2576,12.879157,1,9.383376e-04
2577,12.884157,1,7.672662e-04
2578,12.889157,1,7.375729e-04
2579,12.894157,0,9.858691e-04
2580,12.899157,1,7.761739e-04
2581,12.904157,1,7.212907e-04
2582,12.909157,0,9.287891e-04
2583,12.914157,1,7.196047e-04
2584,12.919157,1,6.937512e-04
2585,12.924157,0,8.988112e-04
2586,12.929157,0,9.971683e-04
2587,12.934157,1,8.181775e-04
2588,12.939157,1,8.303538e-04
2589,12.944157,1,9.412297e-04
2590,12.949157,1,9.404812e-04
2591,12.954157,1,9.114976e-04
2592,12.959157,1,6.627262e-04
2593,12.964157,0,8.844255e-04
2594,12.969157,1,8.289574e-04
2595,12.974157,1,7.298124e-04
2596,12.979157,2,9.180880e-04
2597,12.984157,1,8.541448e-04
2598,12.989157,1,5.539053e-04
2599,12.994157,0,7.328608e-04
2600,12.999157,0,9.992904e-04
2601,13.004157,3,9.830425e-04
2602,13.009157,2,9.539655e-04
2603,13.014157,1,9.149963e-04
2604,13.019157,0,9.760578e-04
2605,13.024157,2,9.952600e-04
2606,13.029157,1,6.527778e-04
2607,13.034157,0,8.507211e-04
2608,13.039157,1,6.022683e-04
2609,13.044157,0,9.531791e-04
2610,13.049157,2,7.780313e-04
2611,13.054157,1,6.978880e-04
2612,13.059157,0,9.950786e-04
2613,13.064157,1,8.156276e-04
2614,13.069157,1,7.203246e-04
2615,13.074157,0,9.609269e-04
2616,13.079157,1,7.344689e-04
2617,13.084157,1,7.625205e-04
2618,13.089157,0,9.853483e-04
2619,13.094157,1,8.218515e-04
2620,13.099157,1,8.120974e-04
2621,13.104157,1,8.577918e-04
2622,13.109157,1,8.254332e-04
2623,13.114157,1,8.288829e-04
2624,13.119157,1,8.126078e-04
2625,13.124157,1,7.959805e-04
2626,13.129157,1,7.772960e-04
2627,13.134157,1,7.561284e-04
2628,13.139157,0,9.836167e-04
2629,13.144157,1,7.061805e-04
2630,13.149157,0,9.996709e-04
2631,13.154157,1,6.957858e-04
2632,13.159157,0,9.886446e-04
2633,13.164157,1,7.199075e-04
2634,13.169157,1,7.580595e-04
2635,13.174157,0,9.719300e-04
2636,13.179157,1,7.825711e-04
2637,13.184157,1,7.841349e-04
2638,13.189157,1,8.291610e-04
2639,13.194157,1,7.991446e-04
2640,13.199157,1,8.089605e-04
2641,13.204157,1,7.966270e-04
2642,13.209157,1,7.854536e-04
2643,13.214157,1,7.701485e-04
2644,13.219157,1,7.505295e-04
2645,13.224157,0,9.858627e-04
2646,13.229157,1,6.925720e-04
2647,13.234157,0,9.916060e-04
2648,13.239157,1,6.637500e-04
2649,13.244157,0,9.522730e-04
2650,13.249157,1,6.559769e-04
2651,13.254157,0,9.376113e-04
2652,13.259157,1,6.495348e-04
2653,13.264157,0,9.279053e-04
2654,13.269157,1,6.453849e-04
2655,13.274157,0,9.209500e-04
2656,13.279157,1,6.436498e-04
2657,13.284157,0,9.168771e-04
2658,13.289157,1,6.438185e-04
2659,13.294157,0,9.156773e-04
2660,13.299157,1,6.464645e-04
2661,13.304157,0,9.180731e-04
2662,13.309157,1,6.516377e-04
2663,13.314157,0,9.243562e-04
2664,13.319157,1,6.596513e-04
2665,13.324157,0,9.350982e-04
2666,13.329157,1,6.701201e-04
2667,13.334157,0,9.495465e-04
2668,13.339157,1,6.826262e-04
2669,13.344157,0,9.674624e-04
2670,13.349157,1,6.963371e-04
2671,13.354157,0,9.870665e-04
2672,13.359157,1,7.105076e-04
2673,13.364157,1,7.427298e-04
2674,13.369157,0,9.464896e-04
2675,13.374157,1,7.432553e-04
2676,13.379157,1,7.395014e-04
2677,13.384157,0,9.490687e-04
2678,13.389157,1,7.422213e-04
2679,13.394157,1,7.369043e-04
2680,13.399157,0,9.450848e-04
2681,13.404157,1,7.340606e-04
2682,13.409157,1,7.280855e-04
2683,13.414157,0,9.336109e-04
2684,13.419157,1,7.227466e-04
2685,13.424157,1,7.165208e-04
2686,13.429157,0,9.194738e-04
2687,13.434157,1,7.110264e-04
2688,13.439157,1,7.049226e-04
2689,13.444157,0,9.059042e-04
2690,13.449157,0,9.945441e-04
2691,13.454157,1,6.995239e-04
2692,13.459157,1,7.014992e-04
2693,13.464157,0,8.980308e-04
2694,13.469157,0,9.848210e-04
2695,13.474157,1,7.184101e-04
2696,13.479157,1,7.138082e-04
2697,13.484157,0,9.191388e-04
2698,13.489157,1,7.324749e-04
2699,13.494157,1,7.205485e-04
2700,13.499157,0,9.342446e-04
2701,13.504157,1,7.231218e-04
2702,13.509157,1,7.159083e-04
2703,13.514157,0,9.256352e-04
2704,13.519157,1,7.095272e-04
2705,13.524157,1,7.008285e-04
2706,13.529157,0,9.047926e-04
2707,13.534157,0,9.938995e-04
2708,13.539157,1,6.834865e-04
2709,13.544157,1,6.826604e-04
2710,13.549157,0,8.738516e-04
2711,13.554157,0,9.571557e-04
2712,13.559157,0,9.913769e-04
2713,13.564157,1,6.833658e-04
2714,13.569157,1,6.803389e-04
2715,13.574157,0,8.716452e-04
2716,13.579157,0,9.556883e-04
2717,13.584157,0,9.907087e-04
2718,13.589157,1,6.990356e-04
2719,13.594157,1,6.931792e-04
2720,13.599157,0,8.896379e-04
2721,13.604157,0,9.763914e-04
2722,13.609157,1,7.069073e-04
2723,13.614157,1,6.985468e-04
2724,13.619157,0,8.972540e-04
2725,13.624157,0,9.848299e-04
2726,13.629157,1,7.000230e-04
2727,13.634157,1,6.927006e-04
2728,13.639157,0,8.874359e-04
2729,13.644157,0,9.728347e-04
2730,13.649157,1,6.843652e-04
2731,13.654157,0,9.979914e-04
2732,13.659157,1,6.532625e-04
2733,13.664157,0,9.399744e-04
2734,13.669157,1,6.515502e-04
2735,13.674157,0,9.290980e-04
2736,13.679157,1,6.411292e-04
2737,13.684157,0,9.154858e-04
2738,13.689157,1,6.284414e-04
2739,13.694157,0,8.979279e-04
2740,13.699157,1,6.141939e-04
2741,13.704157,0,8.777023e-04
2742,13.709157,1,5.984996e-04
2743,13.714157,0,8.556084e-04
2744,13.719157,0,9.833628e-04
2745,13.724157,1,5.761425e-04
2746,13.729157,0,8.653223e-04
2747,13.734157,1,5.648680e-04
2748,13.739157,0,8.128672e-04
2749,13.744157,0,9.410648e-04
2750,13.749157,1,5.522216e-04
2751,13.754157,0,8.330689e-04
2752,13.759157,0,9.854670e-04
2753,13.764157,1,5.469166e-04
2754,13.769157,0,8.391525e-04
2755,13.774157,1,5.434836e-04
2756,13.779157,0,7.892766e-04
2757,13.784157,0,9.209997e-04
2758,13.789157,0,9.844243e-04
2759,13.794157,1,5.531787e-04
2760,13.799157,0,8.632041e-04
2761,13.804157,1,5.576340e-04
2762,13.809157,0,8.173541e-04
2763,13.814157,0,9.609340e-04
2764,13.819157,1,5.691439e-04
2765,13.824157,0,8.744589e-04
2766,13.829157,1,5.738144e-04
2767,13.834157,0,8.415870e-04
2768,13.839157,0,9.896317e-04
2769,13.844157,1,5.854539e-04
2770,13.849157,0,9.024355e-04
2771,13.854157,1,5.902109e-04
2772,13.859157,0,8.678676e-04
2773,13.864157,1,5.958516e-04
2774,13.869157,0,8.688107e-04
2775,13.874157,1,5.955505e-04
2776,13.879157,0,8.681173e-04
2777,13.884157,1,5.925020e-04
2778,13.889157,0,8.630831e-04
2779,13.894157,1,5.879579e-04
2780,13.899157,0,8.557001e-04
2781,13.904157,1,5.822711e-04
2782,13.909157,0,8.465311e-04
2783,13.914157,0,9.899397e-04
2784,13.919157,1,5.757445e-04
2785,13.924157,0,8.863720e-04
2786,13.929157,1,5.744160e-04
2787,13.934157,0,8.410793e-04
2788,13.939157,0,9.918211e-04
2789,13.944157,1,5.766913e-04
2790,13.949157,0,8.904468e-04
2791,13.954157,1,5.784886e-04
2792,13.959157,0,8.481603e-04
2793,13.964157,1,5.822074e-04
2794,13.969157,0,8.454993e-04
2795,13.974157,0,9.907152e-04
2796,13.979157,1,5.822921e-04
2797,13.984157,0,8.967471e-04
2798,13.989157,1,5.838559e-04
2799,13.994157,0,8.553783e-04
2800,13.999157,1,5.877614e-04
2801,14.004157,0,8.522804e-04
2802,14.009157,0,9.978975e-04
2803,14.014157,1,5.861957e-04
2804,14.019157,0,9.018390e-04
2805,14.024157,1,5.862718e-04
2806,14.029157,0,8.573951e-04
2807,14.034157,1,5.884860e-04
2808,14.039157,0,8.520674e-04
2809,14.044157,0,9.962937e-04
2810,14.049157,1,5.828977e-04
2811,14.054157,0,8.950097e-04
2812,14.059157,1,5.799691e-04
2813,14.064157,0,8.468362e-04
2814,14.069157,0,9.968866e-04
2815,14.074157,1,5.771913e-04
2816,14.079157,0,8.878162e-04
2817,14.084157,1,5.737313e-04
2818,14.089157,0,8.377110e-04
2819,14.094157,0,9.862412e-04
2820,14.099157,1,5.693923e-04
2821,14.104157,0,8.759112e-04
2822,14.109157,1,5.646768e-04
2823,14.114157,0,8.245283e-04
2824,14.119157,0,9.707393e-04
2825,14.124157,1,5.586817e-04
2826,14.129157,0,8.597330e-04
2827,14.134157,1,5.528853e-04
2828,14.139157,0,8.076571e-04
2829,14.144157,0,9.511291e-04
2830,14.149157,1,5.456710e-04
2831,14.154157,0,8.405301e-04
2832,14.159157,1,5.392041e-04
2833,14.164157,0,7.885062e-04
2834,14.169157,0,9.292074e-04
2835,14.174157,0,9.993140e-04
2836,14.179157,1,5.354730e-04
2837,14.184157,0,8.510399e-04
2838,14.189157,1,5.330199e-04
2839,14.194157,0,7.855938e-04
2840,14.199157,0,9.313624e-04
2841,14.204157,1,5.311908e-04
2842,14.209157,0,8.236582e-04
2843,14.214157,0,9.967814e-04
2844,14.219157,1,5.331636e-04
2845,14.224157,0,8.437233e-04
2846,14.229157,1,5.313391e-04
2847,14.234157,0,7.839521e-04
2848,14.239157,0,9.303090e-04
2849,14.244157,1,5.318166e-04
2850,14.249157,0,8.283306e-04
2851,14.254157,1,5.301486e-04
2852,14.259157,0,7.819497e-04
2853,14.264157,0,9.276864e-04
2854,14.269157,1,5.283538e-04
2855,14.274157,0,8.252656e-04
2856,14.279157,1,5.252495e-04
2857,14.284157,0,7.763115e-04
2858,14.289157,0,9.224921e-04
2859,14.294157,0,9.980238e-04
2860,14.299157,1,5.279519e-04
2861,14.304157,0,8.531405e-04
2862,14.309157,1,5.283718e-04
2863,14.314157,0,7.871372e-04
2864,14.319157,0,9.415318e-04
2865,14.324157,1,5.284896e-04
2866,14.329157,0,8.315526e-04
2867,14.334157,1,5.274751e-04
2868,14.339157,0,7.819966e-04
2869,14.344157,0,9.320968e-04
2870,14.349157,1,5.254837e-04
2871,14.354157,0,8.259303e-04
2872,14.359157,1,5.222351e-04
2873,14.364157,0,7.743115e-04
2874,14.369157,0,9.232903e-04
2875,14.374157,1,5.172240e-04
2876,14.379157,0,8.134792e-04
2877,14.384157,0,9.945011e-04
2878,14.389157,1,5.153316e-04
2879,14.394157,0,8.292912e-04
2880,14.399157,1,5.102965e-04
2881,14.404157,0,7.598058e-04
2882,14.409157,0,9.089375e-04
2883,14.414157,0,9.870986e-04
2884,14.419157,1,5.094244e-04
2885,14.424157,0,8.310311e-04
2886,14.429157,1,5.082027e-04
2887,14.434157,0,7.593709e-04
2888,14.439157,0,9.111227e-04
2889,14.444157,0,9.912801e-04
2890,14.449157,1,5.096345e-04
2891,14.454157,0,8.339056e-04
2892,14.459157,1,5.093451e-04
2893,14.464157,0,7.618868e-04
2894,14.469157,0,9.145927e-04
2895,14.474157,0,9.954203e-04
2896,14.479157,1,5.123681e-04
2897,14.484157,0,8.385805e-04
2898,14.489157,1,5.123383e-04
2899,14.494157,0,7.664377e-04
2900,14.499157,0,9.197854e-04
2901,14.504157,1,5.108652e-04
2902,14.509157,0,8.060592e-04
2903,14.514157,0,9.866703e-04
2904,14.519157,1,5.101355e-04
2905,14.524157,0,8.222341e-04
2906,14.529157,1,5.059033e-04
2907,14.534157,0,7.530053e-04
2908,14.539157,0,8.995999e-04
2909,14.544157,0,9.763705e-04
2910,14.549157,1,5.046968e-04
2911,14.554157,0,8.216766e-04
2912,14.559157,1,5.021397e-04
2913,14.564157,0,7.496860e-04
2914,14.569157,0,8.975996e-04
2915,14.574157,0,9.755194e-04
2916,14.579157,1,5.014348e-04
2917,14.584157,0,8.182401e-04
2918,14.589157,1,4.993927e-04
2919,14.594157,0,7.462601e-04
2920,14.599157,0,8.939237e-04
2921,14.604157,0,9.719143e-04
2922,14.609157,1,4.997995e-04
2923,14.614157,0,8.161256e-04
2924,14.619157,1,4.982116e-04
2925,14.624157,0,7.451224e-04
2926,14.629157,0,8.929795e-04
2927,14.634157,0,9.712493e-04
2928,14.639157,1,4.993760e-04
2929,14.644157,0,8.163675e-04
2930,14.649157,1,4.980795e-04
2931,14.654157,0,7.457701e-04
2932,14.659157,0,8.943539e-04
2933,14.664157,0,9.731656e-04
2934,14.669157,1,4.996036e-04
2935,14.674157,0,8.181102e-04
2936,14.679157,1,4.984701e-04
2937,14.684157,0,7.473034e-04
2938,14.689157,0,8.968911e-04
2939,14.694157,0,9.763579e-04
2940,14.699157,1,4.999890e-04
2941,14.704157,0,8.203193e-04
2942,14.709157,1,4.988909e-04
2943,14.714157,0,7.488536e-04
2944,14.719157,0,8.994469e-04
2945,14.724157,0,9.795268e-04
2946,14.729157,1,5.000578e-04
2947,14.734157,0,8.220059e-04
2948,14.739157,1,4.988362e-04
2949,14.744157,0,7.495527e-04
2950,14.749157,0,9.008911e-04
2951,14.754157,0,9.813982e-04
2952,14.759157,1,4.992942e-04
2953,14.764157,0,8.221655e-04
2954,14.769157,1,4.977602e-04
2955,14.774157,0,7.485245e-04
2956,14.779157,0,9.001147e-04
2957,14.784157,0,9.807420e-04
2958,14.789157,1,4.971523e-04
2959,14.794157,0,8.198184e-04
2960,14.799157,1,4.951029e-04
2961,14.804157,0,7.449165e-04
2962,14.809157,0,8.960744e-04
2963,14.814157,0,9.764221e-04
2964,14.819157,1,4.930889e-04
2965,14.824157,0,8.140598e-04
2966,14.829157,1,4.903223e-04
2967,14.834157,0,7.379477e-04
2968,14.839157,0,8.878494e-04
2969,14.844157,0,9.674566e-04
2970,14.849157,1,4.865904e-04
2971,14.854157,0,8.040990e-04
2972,14.859157,1,4.829303e-04
2973,14.864157,0,7.269467e-04
2974,14.869157,0,8.746774e-04
2975,14.874157,0,9.530491e-04
2976,14.879157,0,9.955671e-04
2977,14.884157,1,4.810266e-04
2978,14.889157,0,8.113353e-04
2979,14.894157,1,4.786640e-04
2980,14.899157,0,7.246246e-04
2981,14.904157,0,8.750823e-04
2982,14.909157,0,9.554623e-04
2983,14.914157,0,9.994071e-04
2984,14.919157,1,4.788421e-04
2985,14.924157,0,8.113550e-04
2986,14.929157,1,4.771516e-04
2987,14.934157,0,7.236069e-04
2988,14.939157,0,8.746489e-04
2989,14.944157,0,9.555199e-04
2990,14.949157,0,9.998664e-04
2991,14.954157,1,4.780877e-04
2992,14.959157,0,8.115521e-04
2993,14.964157,1,4.761952e-04
2994,14.969157,0,7.230303e-04
2995,14.974157,0,8.743766e-04
2996,14.979157,0,9.554720e-04
2997,14.984157,0,9.999909e-04
2998,14.989157,1,4.762102e-04
2999,14.994157,0,8.098993e-04
3000,14.999157,1,4.736324e-04
3001,15.004157,0,7.199373e-04
3002,15.009157,0,8.709811e-04
3003,15.014157,0,9.519186e-04
3004,15.019157,0,9.963564e-04
3005,15.024157,1,4.717631e-04
3006,15.029157,0,8.040058e-04
3007,15.034157,1,4.683331e-04
3008,15.039157,0,7.126080e-04
3009,15.044157,0,8.624134e-04
3010,15.049157,0,9.426621e-04
3011,15.054157,0,9.867026e-04
3012,15.059157,1,4.642744e-04
3013,15.064157,0,7.928579e-04
3014,15.069157,1,4.600230e-04
3015,15.074157,0,7.005838e-04
3016,15.079157,0,8.481107e-04
3017,15.084157,0,9.271037e-04
3018,15.089157,0,9.704270e-04
3019,15.094157,0,9.951423e-04
3020,15.099157,1,4.585227e-04
3021,15.104157,0,7.929510e-04
3022,15.109157,1,4.558733e-04
3023,15.114157,0,6.973213e-04
3024,15.119157,0,8.462485e-04
3025,15.124157,0,9.264127e-04
3026,15.129157,0,9.706411e-04
3027,15.134157,0,9.960349e-04
3028,15.139157,1,4.574328e-04
3029,15.144157,0,7.935726e-04
3030,15.149157,1,4.555978e-04
3031,15.154157,0,6.980150e-04
3032,15.159157,0,8.477284e-04
3033,15.164157,0,9.284813e-04
3034,15.169157,0,9.731420e-04
3035,15.174157,0,9.988470e-04
3036,15.179157,1,4.582106e-04
3037,15.184157,0,7.960937e-04
3038,15.189157,1,4.562742e-04
3039,15.194157,0,6.997390e-04
3040,15.199157,0,8.501901e-04
3041,15.204157,0,9.313997e-04
3042,15.209157,0,9.763373e-04
3043,15.214157,1,4.524648e-04
3044,15.219157,0,7.789971e-04
3045,15.224157,0,9.923085e-04
3046,15.229157,1,4.546920e-04
3047,15.234157,0,7.744090e-04
3048,15.239157,0,9.859338e-04
3049,15.244157,1,4.446923e-04
3050,15.249157,0,7.585688e-04
3051,15.254157,0,9.645620e-04
3052,15.259157,1,4.335022e-04
3053,15.264157,0,7.383983e-04
3054,15.269157,0,9.378575e-04
3055,15.274157,1,4.203498e-04
3056,15.279157,0,7.155766e-04
3057,15.284157,0,9.083420e-04
3058,15.289157,1,4.056164e-04
3059,15.294157,0,6.902681e-04
3060,15.299157,0,8.760631e-04
3061,15.304157,0,9.785967e-04
3062,15.309157,1,3.928459e-04
3063,15.314157,0,7.084278e-04
3064,15.319157,0,9.217706e-04
3065,15.324157,1,3.817320e-04
3066,15.329157,0,6.717797e-04
3067,15.334157,0,8.662485e-04
3068,15.339157,0,9.752431e-04
3069,15.344157,1,3.680519e-04
3070,15.349157,0,6.836737e-04
3071,15.354157,0,9.002704e-04
3072,15.359157,1,3.575626e-04
3073,15.364157,0,6.417426e-04
3074,15.369157,0,8.338914e-04
3075,15.374157,0,9.421588e-04
3076,15.379157,1,3.457370e-04
3077,15.384157,0,6.518271e-04
3078,15.389157,0,8.629469e-04
3079,15.394157,0,9.836732e-04
3080,15.399157,1,3.474171e-04
3081,15.404157,0,6.726093e-04
3082,15.409157,0,9.012204e-04
3083,15.414157,1,3.381981e-04
3084,15.419157,0,6.271625e-04
3085,15.424157,0,8.249551e-04
3086,15.429157,0,9.376118e-04
3087,15.434157,1,3.308722e-04
3088,15.439157,0,6.389951e-04
3089,15.444157,0,8.532623e-04
3090,15.449157,0,9.766930e-04
3091,15.454157,1,3.385832e-04
3092,15.459157,0,6.652389e-04
3093,15.464157,0,8.959668e-04
3094,15.469157,1,3.335171e-04
3095,15.474157,0,6.234550e-04
3096,15.479157,0,8.225481e-04
3097,15.484157,0,9.364621e-04
3098,15.489157,1,3.310629e-04
3099,15.494157,0,6.414145e-04
3100,15.499157,0,8.576089e-04
3101,15.504157,0,9.825984e-04
3102,15.509157,1,3.437108e-04
3103,15.514157,0,6.744415e-04
3104,15.519157,0,9.084217e-04
3105,15.524157,1,3.419185e-04
3106,15.529157,0,6.376995e-04
3107,15.534157,0,8.410226e-04
3108,15.539157,0,9.576916e-04
3109,15.544157,1,3.432526e-04
3110,15.549157,0,6.621108e-04
3111,15.554157,0,8.844874e-04
3112,15.559157,1,3.447854e-04
3113,15.564157,0,6.312911e-04
3114,15.569157,0,8.268342e-04
3115,15.574157,0,9.384819e-04
3116,15.579157,1,3.482742e-04
3117,15.584157,0,6.600979e-04
3118,15.589157,0,8.764295e-04
3119,15.594157,1,3.508923e-04
3120,15.599157,0,6.345510e-04
3121,15.604157,0,8.275398e-04
3122,15.609157,0,9.375738e-04
3123,15.614157,1,3.551258e-04
3124,15.619157,0,6.665356e-04
3125,15.624157,0,8.821312e-04
3126,15.629157,1,3.579575e-04
3127,15.634157,0,6.433689e-04
3128,15.639157,0,8.373511e-04
3129,15.644157,0,9.479222e-04
3130,15.649157,1,3.620968e-04
3131,15.654157,0,6.767848e-04
3132,15.659157,0,8.945673e-04
3133,15.664157,1,3.646415e-04
3134,15.669157,0,6.538507e-04
3135,15.674157,0,8.504303e-04
3136,15.679157,0,9.624821e-04
3137,15.684157,1,3.681947e-04
3138,15.689157,0,6.873972e-04
3139,15.694157,0,9.083930e-04
3140,15.699157,1,3.701774e-04
3141,15.704157,0,6.634819e-04
3142,15.709157,0,8.629572e-04
3143,15.714157,0,9.766574e-04
3144,15.719157,1,3.728587e-04
3145,15.724157,0,6.963048e-04
3146,15.729157,0,9.203977e-04
3147,15.734157,1,3.741045e-04
3148,15.739157,0,6.707913e-04
3149,15.744157,0,8.727189e-04
3150,15.749157,0,9.878038e-04
3151,15.754157,1,3.757116e-04
3152,15.759157,0,7.022765e-04
3153,15.764157,0,9.287195e-04
3154,15.769157,1,3.760782e-04
3155,15.774157,0,6.748609e-04
3156,15.779157,0,8.783842e-04
3157,15.784157,0,9.943549e-04
3158,15.789157,1,3.764491e-04
3159,15.794157,0,7.045243e-04
3160,15.799157,0,9.322159e-04
3161,15.804157,1,3.758243e-04
3162,15.809157,0,6.750889e-04
3163,15.814157,0,8.791139e-04
3164,15.819157,0,9.953378e-04
3165,15.824157,1,3.748534e-04
3166,15.829157,0,7.025629e-04
3167,15.834157,0,9.301984e-04
3168,15.839157,1,3.731754e-04
3169,15.844157,0,6.711428e-04
3170,15.849157,0,8.744473e-04
3171,15.854157,0,9.902212e-04
3172,15.859157,1,3.708256e-04
3173,15.864157,0,6.961818e-04
3174,15.869157,0,9.223607e-04
3175,15.874157,1,3.680799e-04
3176,15.879157,0,6.629298e-04
3177,15.884157,0,8.642486e-04
3178,15.889157,0,9.788468e-04
3179,15.894157,1,3.643624e-04
3180,15.899157,0,6.853787e-04
3181,15.904157,0,9.086863e-04
3182,15.909157,1,3.605637e-04
3183,15.914157,0,6.505128e-04
3184,15.919157,0,8.485958e-04
3185,15.924157,0,9.613027e-04
3186,15.929157,1,3.555222e-04
3187,15.934157,0,6.702747e-04
3188,15.939157,0,8.893324e-04
3189,15.944157,1,3.507155e-04
3190,15.949157,0,6.340568e-04
3191,15.954157,0,8.277008e-04
3192,15.959157,0,9.378297e-04
3193,15.964157,1,3.444476e-04
3194,15.969157,0,6.511121e-04
3195,15.974157,0,8.646075e-04
3196,15.979157,0,9.875832e-04
3197,15.984157,1,3.489496e-04
3198,15.989157,0,6.769115e-04
3199,15.994157,0,9.093971e-04
3200,15.999157,1,3.406047e-04
3201,16.004157,0,6.326417e-04
3202,16.009157,0,8.341679e-04
3203,16.014157,0,9.495448e-04
3204,16.019157,1,3.316858e-04
3205,16.024157,0,6.436065e-04
3206,16.029157,0,8.622514e-04
3207,16.034157,0,9.886895e-04
3208,16.039157,1,3.357923e-04
3209,16.044157,0,6.657297e-04
3210,16.049157,0,9.006225e-04
3211,16.054157,1,3.259395e-04
3212,16.059157,0,6.162168e-04
3213,16.064157,0,8.170167e-04
3214,16.069157,0,9.321161e-04
3215,16.074157,0,9.995595e-04
3216,16.079157,1,3.233277e-04
3217,16.084157,0,6.608968e-04
3218,16.089157,0,9.029625e-04
3219,16.094157,1,3.212382e-04
3220,16.099157,0,6.155226e-04
3221,16.104157,0,8.206534e-04
3222,16.109157,0,9.390583e-04
3223,16.114157,1,3.109208e-04
3224,16.119157,0,6.225252e-04
3225,16.124157,0,8.422627e-04
3226,16.129157,0,9.699398e-04
3227,16.134157,1,3.155420e-04
3228,16.139157,0,6.421732e-04
3229,16.144157,0,8.755356e-04
3230,16.149157,1,3.054812e-04
3231,16.154157,0,5.896888e-04
3232,16.159157,0,7.866501e-04
3233,16.164157,0,8.997352e-04
3234,16.169157,0,9.661570e-04
3235,16.174157,1,3.032346e-04
3236,16.179157,0,6.314075e-04
3237,16.184157,0,8.669742e-04
3238,16.189157,1,3.017128e-04
3239,16.194157,0,5.856022e-04
3240,16.199157,0,7.835969e-04
3241,16.204157,0,8.979466e-04
3242,16.209157,0,9.654896e-04
3243,16.214157,1,3.004366e-04
3244,16.219157,0,6.304800e-04
3245,16.224157,0,8.682645e-04
3246,16.229157,1,2.995653e-04
3247,16.234157,0,5.853347e-04
3248,16.239157,0,7.850692e-04
3249,16.244157,0,9.007289e-04
3250,16.249157,0,9.692389e-04
3251,16.254157,1,2.991633e-04
3252,16.259157,0,6.317187e-04
3253,16.264157,0,8.717546e-04
3254,16.269157,1,2.986710e-04
3255,16.274157,0,5.864199e-04
3256,16.279157,0,7.877885e-04
3257,16.284157,0,9.045528e-04
3258,16.289157,0,9.738172e-04
3259,16.294157,1,2.985347e-04
3260,16.299157,0,6.333498e-04
3261,16.304157,0,8.752756e-04
3262,16.309157,1,2.980106e-04
3263,16.314157,0,5.873656e-04
3264,16.319157,0,7.900156e-04
3265,16.324157,0,9.075962e-04
3266,16.329157,0,9.773902e-04
3267,16.334157,1,2.975268e-04
3268,16.339157,0,6.339131e-04
3269,16.344157,0,8.771358e-04
3270,16.349157,1,2.965863e-04
3271,16.354157,0,5.867574e-04
3272,16.359157,0,7.900816e-04
3273,16.364157,0,9.080700e-04
3274,16.369157,0,9.781165e-04
3275,16.374157,1,2.952485e-04
3276,16.379157,0,6.320235e-04
3277,16.384157,0,8.756231e-04
3278,16.389157,1,2.936037e-04
3279,16.394157,0,5.833425e-04
3280,16.399157,0,7.864221e-04
3281,16.404157,0,9.042441e-04
3282,16.409157,0,9.741788e-04
3283,16.414157,1,2.910875e-04
3284,16.419157,0,6.265465e-04
3285,16.424157,0,8.692310e-04
3286,16.429157,1,2.885884e-04
3287,16.434157,0,5.762286e-04
3288,16.439157,0,7.778518e-04
3289,16.444157,0,8.947749e-04
3290,16.449157,0,9.641481e-04
3291,16.454157,1,2.847981e-04
3292,16.459157,0,6.168199e-04
3293,16.464157,0,8.569960e-04
3294,16.469157,0,9.993435e-04
3295,16.474157,1,2.982806e-04
3296,16.479157,0,6.454127e-04
3297,16.484157,0,8.979313e-04
3298,16.489157,1,2.835662e-04
3299,16.494157,0,5.822535e-04
3300,16.499157,0,7.911540e-04
3301,16.504157,0,9.121719e-04
3302,16.509157,0,9.839778e-04
3303,16.514157,1,2.776177e-04
3304,16.519157,0,6.175306e-04
3305,16.524157,0,8.633450e-04
3306,16.529157,1,2.724729e-04
3307,16.534157,0,5.591814e-04
3308,16.539157,0,7.599496e-04
3309,16.544157,0,8.761532e-04
3310,16.549157,0,9.450184e-04
3311,16.554157,0,9.869949e-04
3312,16.559157,1,2.723273e-04
3313,16.564157,0,6.185746e-04
3314,16.569157,0,8.721645e-04
3315,16.574157,1,2.723748e-04
3316,16.579157,0,5.663627e-04
3317,16.584157,0,7.737900e-04
3318,16.589157,0,8.949168e-04
3319,16.594157,0,9.673354e-04
3320,16.599157,1,2.667188e-04
3321,16.604157,0,6.043410e-04
3322,16.609157,0,8.495347e-04
3323,16.614157,0,9.954632e-04
3324,16.619157,1,2.806018e-04
3325,16.624157,0,6.308273e-04
3326,16.629157,0,8.859865e-04
3327,16.634157,1,2.643523e-04
3328,16.639157,0,5.623102e-04
3329,16.644157,0,7.706299e-04
3330,16.649157,0,8.914187e-04
3331,16.654157,0,9.632269e-04
3332,16.659157,1,2.575568e-04
3333,16.664157,0,5.932025e-04
3334,16.669157,0,8.356879e-04
3335,16.674157,0,9.792858e-04
3336,16.679157,1,2.706590e-04
3337,16.684157,0,6.145302e-04
3338,16.689157,0,8.642146e-04
3339,16.694157,1,2.538402e-04
3340,16.699157,0,5.441668e-04
3341,16.704157,0,7.466347e-04
3342,16.709157,0,8.636870e-04
3343,16.714157,0,9.330897e-04
3344,16.719157,0,9.754258e-04
3345,16.724157,1,2.541760e-04
3346,16.729157,0,5.991808e-04
3347,16.734157,0,8.513503e-04
3348,16.739157,1,2.545272e-04
3349,16.744157,0,5.435366e-04
3350,16.749157,0,7.471490e-04
3351,16.754157,0,8.659392e-04
3352,16.759157,0,9.369492e-04
3353,16.764157,0,9.805949e-04
3354,16.769157,1,2.571724e-04
3355,16.774157,0,6.068806e-04
3356,16.779157,0,8.640091e-04
3357,16.784157,1,2.589415e-04
3358,16.789157,0,5.543856e-04
3359,16.794157,0,7.632367e-04
3360,16.799157,0,8.856538e-04
3361,16.804157,0,9.591685e-04
3362,16.809157,1,2.553842e-04
3363,16.814157,0,5.937414e-04
3364,16.819157,0,8.398108e-04
3365,16.824157,0,9.866425e-04
3366,16.829157,1,2.717248e-04
3367,16.834157,0,6.217776e-04
3368,16.839157,0,8.771252e-04
3369,16.844157,1,2.566605e-04
3370,16.849157,0,5.538068e-04
3371,16.854157,0,7.617073e-04
3372,16.859157,0,8.824319e-04
3373,16.864157,0,9.543245e-04
3374,16.869157,0,9.983588e-04
3375,16.874157,1,2.596502e-04
3376,16.879157,0,6.149417e-04
3377,16.884157,0,8.754243e-04
3378,16.889157,1,2.614358e-04
3379,16.894157,0,5.601359e-04
3380,16.899157,0,7.710728e-04
3381,16.904157,0,8.944707e-04
3382,16.909157,0,9.684211e-04
3383,16.914157,1,2.574048e-04
3384,16.919157,0,5.985543e-04
3385,16.924157,0,8.463884e-04
3386,16.929157,0,9.940428e-04
3387,16.934157,1,2.734921e-04
3388,16.939157,0,6.257758e-04
3389,16.944157,0,8.825603e-04
3390,16.949157,1,2.580954e-04
3391,16.954157,0,5.568199e-04
3392,16.959157,0,7.657961e-04
3393,16.964157,0,8.870445e-04
3394,16.969157,0,9.591768e-04
3395,16.974157,1,2.530910e-04
3396,16.979157,0,5.888412e-04
3397,16.984157,0,8.315241e-04
3398,16.989157,0,9.752861e-04
3399,16.994157,1,2.673374e-04
3400,16.999157,0,6.110869e-04
3401,17.004157,0,8.608202e-04
3402,17.009157,1,2.516545e-04
3403,17.014157,0,5.417031e-04
3404,17.019157,0,7.442392e-04
3405,17.024157,0,8.613907e-04
3406,17.029157,0,9.308628e-04
3407,17.034157,0,9.732335e-04
3408,17.039157,0,9.997093e-04
3409,17.044157,1,2.580932e-04
3410,17.049157,0,6.161851e-04
3411,17.054157,0,8.804874e-04
3412,17.059157,1,2.629384e-04
3413,17.064157,0,5.656252e-04
3414,17.069157,0,7.803190e-04
3415,17.074157,0,9.064788e-04
3416,17.079157,0,9.823925e-04
3417,17.084157,1,2.587718e-04
3418,17.089157,0,6.069707e-04
3419,17.094157,0,8.606261e-04
3420,17.099157,1,2.550519e-04
3421,17.104157,0,5.472923e-04
3422,17.109157,0,7.527455e-04
3423,17.114157,0,8.723602e-04
3424,17.119157,0,9.437140e-04
3425,17.124157,0,9.874729e-04
3426,17.129157,1,2.574479e-04
3427,17.134157,0,6.098695e-04
3428,17.139157,0,8.686731e-04
3429,17.144157,1,2.588571e-04
3430,17.149157,0,5.560609e-04
3431,17.154157,0,7.661955e-04
3432,17.159157,0,8.892328e-04
3433,17.164157,0,9.630103e-04
3434,17.169157,1,2.538490e-04
3435,17.174157,0,5.940496e-04
3436,17.179157,0,8.413134e-04
3437,17.184157,0,9.886840e-04
3438,17.189157,1,2.689172e-04
3439,17.194157,0,6.203177e-04
3440,17.199157,0,8.764834e-04
3441,17.204157,1,2.524420e-04
3442,17.209157,0,5.501299e-04
3443,17.214157,0,7.583320e-04
3444,17.219157,0,8.791021e-04
3445,17.224157,0,9.509308e-04
3446,17.229157,0,9.948541e-04
3447,17.234157,1,2.528181e-04
3448,17.239157,0,6.077992e-04
3449,17.244157,0,8.677372e-04
3450,17.249157,1,2.525925e-04
3451,17.254157,0,5.496858e-04
3452,17.259157,0,7.592692e-04
3453,17.264157,0,8.816911e-04
3454,17.269157,0,9.549494e-04
3455,17.274157,0,9.999973e-04
3456,17.279157,1,2.531218e-04
3457,17.284157,0,6.123970e-04
3458,17.289157,0,8.765750e-04
3459,17.294157,1,2.530824e-04
3460,17.299157,0,5.551721e-04
3461,17.304157,0,7.686552e-04
3462,17.309157,0,8.937371e-04
3463,17.314157,0,9.688272e-04
3464,17.319157,1,2.460805e-04
3465,17.324157,0,5.903267e-04
3466,17.329157,0,8.402966e-04
3467,17.334157,0,9.892795e-04
3468,17.339157,1,2.599287e-04
3469,17.344157,0,6.135670e-04
3470,17.349157,0,8.709697e-04
3471,17.354157,1,2.416260e-04
3472,17.359157,0,5.391185e-04
3473,17.364157,0,7.467199e-04
3474,17.369157,0,8.670060e-04
3475,17.374157,0,9.385117e-04
3476,17.379157,0,9.822167e-04
3477,17.384157,1,2.395649e-04
3478,17.389157,0,5.918514e-04
3479,17.394157,0,8.491001e-04
3480,17.399157,1,2.381711e-04
3481,17.404157,0,5.302810e-04
3482,17.409157,0,7.358180e-04
3483,17.414157,0,8.556774e-04
3484,17.419157,0,9.273305e-04
3485,17.424157,0,9.713506e-04
3486,17.429157,0,9.990288e-04
3487,17.434157,1,2.416004e-04
3488,17.439157,0,6.058333e-04
3489,17.444157,0,8.753256e-04
3490,17.449157,1,2.447696e-04
3491,17.454157,0,5.510180e-04
3492,17.459157,0,7.680365e-04
3493,17.464157,0,8.958579e-04
3494,17.469157,0,9.730279e-04
3495,17.474157,1,2.366827e-04
3496,17.479157,0,5.867932e-04
3497,17.484157,0,8.411858e-04
3498,17.489157,0,9.933063e-04
3499,17.494157,1,2.514483e-04
3500,17.499157,0,6.102983e-04
3501,17.504157,0,8.714855e-04
3502,17.509157,1,2.313898e-04
3503,17.514157,0,5.324063e-04
3504,17.519157,0,7.419477e-04
3505,17.524157,0,8.634388e-04
3506,17.529157,0,9.357756e-04
3507,17.534157,0,9.800631e-04
3508,17.539157,1,2.288528e-04
3509,17.544157,0,5.832269e-04
3510,17.549157,0,8.414884e-04
3511,17.554157,0,9.960232e-04
3512,17.559157,1,2.486614e-04
3513,17.564157,0,6.107769e-04
3514,17.569157,0,8.747965e-04
3515,17.574157,1,2.275770e-04
3516,17.579157,0,5.314216e-04
3517,17.584157,0,7.428625e-04
3518,17.589157,0,8.655556e-04
3519,17.594157,0,9.386869e-04
3520,17.599157,0,9.835047e-04
3521,17.604157,1,2.242032e-04
3522,17.609157,0,5.817179e-04
3523,17.614157,0,8.419331e-04
3524,17.619157,0,9.976820e-04
3525,17.624157,1,2.446378e-04
3526,17.629157,0,6.087453e-04
3527,17.634157,0,8.740322e-04
3528,17.639157,1,2.225310e-04
3529,17.644157,0,5.276364e-04
3530,17.649157,0,7.395366e-04
3531,17.654157,0,8.624622e-04
3532,17.659157,0,9.357435e-04
3533,17.664157,0,9.806633e-04
3534,17.669157,1,2.191033e-04
3535,17.674157,0,5.767903e-04
3536,17.679157,0,8.367512e-04
3537,17.684157,0,9.922961e-04
3538,17.689157,1,2.393150e-04
3539,17.694157,0,6.027073e-04
3540,17.699157,0,8.670466e-04
3541,17.704157,1,2.169697e-04
3542,17.709157,0,5.206161e-04
3543,17.714157,0,7.311523e-04
3544,17.719157,0,8.532164e-04
3545,17.724157,0,9.259656e-04
3546,17.729157,0,9.705511e-04
3547,17.734157,0,9.985170e-04
3548,17.739157,1,2.186702e-04
3549,17.744157,0,5.874524e-04
3550,17.749157,0,8.575918e-04
3551,17.754157,1,2.202565e-04
3552,17.759157,0,5.242279e-04
3553,17.764157,0,7.377756e-04
3554,17.769157,0,8.630009e-04
3555,17.774157,0,9.383977e-04
3556,17.779157,0,9.850445e-04
3557,17.784157,1,2.180728e-04
3558,17.789157,0,5.821013e-04
3559,17.794157,0,8.481377e-04
3560,17.799157,1,2.162818e-04
3561,17.804157,0,5.167841e-04
3562,17.809157,0,7.273567e-04
3563,17.814157,0,8.506377e-04
3564,17.819157,0,9.247689e-04
3565,17.824157,0,9.705825e-04
3566,17.829157,0,9.995484e-04
3567,17.834157,1,2.202582e-04
3568,17.839157,0,5.929002e-04
3569,17.844157,0,8.676553e-04
3570,17.849157,1,2.231415e-04
3571,17.854157,0,5.334116e-04
3572,17.859157,0,7.521028e-04
3573,17.864157,0,8.810127e-04
3574,17.869157,0,9.590281e-04
3575,17.874157,1,2.133027e-04
3576,17.879157,0,5.647123e-04
3577,17.884157,0,8.184487e-04
3578,17.889157,0,9.701288e-04
3579,17.894157,1,2.281393e-04
3580,17.899157,0,5.841028e-04
3581,17.904157,0,8.417162e-04
3582,17.909157,0,9.961002e-04
3583,17.914157,1,2.299244e-04
3584,17.919157,0,5.954410e-04
3585,17.924157,0,8.587568e-04
3586,17.929157,1,2.070977e-04
3587,17.934157,0,5.088540e-04
3588,17.939157,0,7.167720e-04
3589,17.944157,0,8.368444e-04
3590,17.949157,0,9.081887e-04
3591,17.954157,0,9.517962e-04
3592,17.959157,0,9.790817e-04
3593,17.964157,0,9.964931e-04
3594,17.969157,1,2.117205e-04
3595,17.974157,0,5.827595e-04
3596,17.979157,0,8.550261e-04
3597,17.984157,1,2.155095e-04
3598,17.989157,0,5.212524e-04
3599,17.994157,0,7.360940e-04
3600,17.999157,0,8.623631e-04
3601,18.004157,0,9.385821e-04
3602,18.009157,0,9.858545e-04
3603,18.014157,1,2.132956e-04
3604,18.019157,0,5.800398e-04
3605,18.024157,0,8.479985e-04
3606,18.029157,1,2.112359e-04
3607,18.034157,0,5.137740e-04
3608,18.039157,0,7.254645e-04
3609,18.044157,0,8.494792e-04
3610,18.049157,0,9.241305e-04
3611,18.054157,0,9.703146e-04
3612,18.059157,0,9.995423e-04
3613,18.064157,1,2.148573e-04
3614,18.069157,0,5.894709e-04
3615,18.074157,0,8.653076e-04
3616,18.079157,1,2.172716e-04
3617,18.084157,0,5.284128e-04
3618,18.089157,0,7.472980e-04
3619,18.094157,0,8.762988e-04
3620,18.099157,0,9.543855e-04
3621,18.104157,1,2.064188e-04
3622,18.109157,0,5.578190e-04
3623,18.114157,0,8.109645e-04
3624,18.119157,0,9.622178e-04
3625,18.124157,1,2.207786e-04
3626,18.129157,0,5.754127e-04
3627,18.134157,0,8.314846e-04
3628,18.139157,0,9.848506e-04
3629,18.144157,1,2.219212e-04
3630,18.149157,0,5.848084e-04
3631,18.154157,0,8.456110e-04
3632,18.159157,1,1.981678e-04
3633,18.164157,0,4.968634e-04
3634,18.169157,0,7.020054e-04
3635,18.174157,0,8.203388e-04
3636,18.179157,0,8.906032e-04
3637,18.184157,0,9.335257e-04
3638,18.189157,0,9.603658e-04
3639,18.194157,0,9.774799e-04
3640,18.199157,0,9.885787e-04
3641,18.204157,0,9.958876e-04
3642,18.209157,1,2.068275e-04
3643,18.214157,0,5.815057e-04
3644,18.219157,0,8.579089e-04
3645,18.224157,1,2.137583e-04
3646,18.229157,0,5.242179e-04
3647,18.234157,0,7.428158e-04
3648,18.239157,0,8.719274e-04
3649,18.244157,0,9.502610e-04
3650,18.249157,0,9.990852e-04
3651,18.254157,1,2.125034e-04
3652,18.259157,0,5.874452e-04
3653,18.264157,0,8.618873e-04
3654,18.269157,1,2.107023e-04
3655,18.274157,0,5.209600e-04
3656,18.279157,0,7.379917e-04
3657,18.284157,0,8.654396e-04
3658,18.289157,0,9.423670e-04
3659,18.294157,0,9.900862e-04
3660,18.299157,1,2.083839e-04
3661,18.304157,0,5.786470e-04
3662,18.309157,0,8.483808e-04
3663,18.314157,1,2.057911e-04
3664,18.319157,0,5.100427e-04
3665,18.324157,0,7.223296e-04
3666,18.329157,0,8.465842e-04
3667,18.334157,0,9.213479e-04
3668,18.339157,0,9.675843e-04
3669,18.344157,0,9.968322e-04
3670,18.349157,1,2.085103e-04
3671,18.354157,0,5.836760e-04
3672,18.359157,0,8.591447e-04
3673,18.364157,1,2.103726e-04
3674,18.369157,0,5.207726e-04
3675,18.374157,0,7.384840e-04
3676,18.379157,0,8.666546e-04
3677,18.384157,0,9.441919e-04
3678,18.389157,0,9.923850e-04
3679,18.394157,1,2.079459e-04
3680,18.399157,0,5.802663e-04
3681,18.404157,0,8.518459e-04
3682,18.409157,1,2.053893e-04
3683,18.414157,0,5.119645e-04
3684,18.419157,0,7.259130e-04
3685,18.424157,0,8.512890e-04
3686,18.429157,0,9.268229e-04
3687,18.434157,0,9.735913e-04
3688,18.439157,1,2.018767e-04
3689,18.444157,0,5.661182e-04
3690,18.449157,0,8.307641e-04
3691,18.454157,0,9.901600e-04
3692,18.459157,1,2.246193e-04
3693,18.464157,0,5.951269e-04
3694,18.469157,0,8.643050e-04
3695,18.474157,1,2.001386e-04
3696,18.479157,0,5.099449e-04
3697,18.484157,0,7.234696e-04
3698,18.489157,0,8.474964e-04
3699,18.494157,0,9.216542e-04
3700,18.499157,0,9.672510e-04
3701,18.504157,0,9.959348e-04
3702,18.509157,1,2.014425e-04
3703,18.514157,0,5.758549e-04
3704,18.519157,0,8.486813e-04
3705,18.524157,1,2.021128e-04
3706,18.529157,0,5.085701e-04
3707,18.534157,0,7.223926e-04
3708,18.539157,0,8.477164e-04
3709,18.544157,0,9.232346e-04
3710,18.549157,0,9.699999e-04
3711,18.554157,0,9.996168e-04
3712,18.559157,1,2.046698e-04
3713,18.564157,0,5.830259e-04
3714,18.569157,0,8.605462e-04
3715,18.574157,1,2.063862e-04
3716,18.579157,0,5.192053e-04
3717,18.584157,0,7.382131e-04
3718,18.589157,0,8.671835e-04
3719,18.594157,0,9.452529e-04
3720,18.599157,0,9.938067e-04
3721,18.604157,1,2.039837e-04
3722,18.609157,0,5.786152e-04
3723,18.614157,0,8.514196e-04
3724,18.619157,1,2.013031e-04
3725,18.624157,0,5.092667e-04
3726,18.629157,0,7.237512e-04
3727,18.634157,0,8.494208e-04
3728,18.639157,0,9.251456e-04
3729,18.644157,0,9.720430e-04
3730,18.649157,1,1.979893e-04
3731,18.654157,0,5.630623e-04
3732,18.659157,0,8.278331e-04
3733,18.664157,0,9.872686e-04
3734,18.669157,1,2.211066e-04
3735,18.674157,0,5.916773e-04
3736,18.679157,0,8.605437e-04
3737,18.684157,1,1.966566e-04
3738,18.689157,0,5.061230e-04
3739,18.694157,0,7.190884e-04
3740,18.699157,0,8.427525e-04
3741,18.704157,0,9.166875e-04
3742,18.709157,0,9.621456e-04
3743,18.714157,0,9.907412e-04
3744,18.719157,1,1.983642e-04
3745,18.724157,0,5.716928e-04
3746,18.729157,0,8.433952e-04
3747,18.734157,1,1.993912e-04
3748,18.739157,0,5.045193e-04
3749,18.744157,0,7.172480e-04
3750,18.749157,0,8.419024e-04
3751,18.754157,0,9.170081e-04
3752,18.759157,0,9.635130e-04
3753,18.764157,0,9.929619e-04
3754,18.769157,1,2.022771e-04
3755,18.774157,0,5.786170e-04
3756,18.779157,0,8.544756e-04
3757,18.784157,1,2.043208e-04
3758,18.789157,0,5.152204e-04
3759,18.794157,0,7.328362e-04
3760,18.799157,0,8.609718e-04
3761,18.804157,0,9.385273e-04
3762,18.809157,0,9.867552e-04
3763,18.814157,1,2.021162e-04
3764,18.819157,0,5.743758e-04
3765,18.824157,0,8.453756e-04
3766,18.829157,1,1.997589e-04
3767,18.834157,0,5.056544e-04
3768,18.839157,0,7.187250e-04
3769,18.844157,0,8.435628e-04
3770,18.849157,0,9.187799e-04
3771,18.854157,0,9.653572e-04
3772,18.859157,0,9.948543e-04
3773,18.864157,1,2.029101e-04
3774,18.869157,0,5.799867e-04
3775,18.874157,0,8.563960e-04
3776,18.879157,1,2.050272e-04
3777,18.884157,0,5.165338e-04
3778,18.889157,0,7.346428e-04
3779,18.894157,0,8.630805e-04
3780,18.899157,0,9.408224e-04
3781,18.904157,0,9.891670e-04
3782,18.909157,1,2.026606e-04
3783,18.914157,0,5.758197e-04
3784,18.919157,0,8.475063e-04
3785,18.924157,1,2.002235e-04
3786,18.929157,0,5.069174e-04
3787,18.934157,0,7.205496e-04
3788,18.939157,0,8.457181e-04
3789,18.944157,0,9.211352e-04
3790,18.949157,0,9.678362e-04
3791,18.954157,0,9.974110e-04
3792,18.959157,1,2.030866e-04
3793,18.964157,0,5.812284e-04
3794,18.969157,0,8.583812e-04
3795,18.974157,1,2.050174e-04
3796,18.979157,0,5.173617e-04
3797,18.984157,0,7.360075e-04
3798,18.989157,0,8.647485e-04
3799,18.994157,0,9.426683e-04
3800,18.999157,0,9.911196e-04
3801,19.004157,1,2.022585e-04
3802,19.009157,0,5.763347e-04
3803,19.014157,0,8.485847e-04
3804,19.019157,1,1.995600e-04
3805,19.024157,0,5.068620e-04
3806,19.029157,0,7.208042e-04
3807,19.034157,0,8.461276e-04
3808,19.039157,0,9.216278e-04
3809,19.044157,0,9.683742e-04
3810,19.049157,0,9.979734e-04
3811,19.054157,1,2.019446e-04
3812,19.059157,0,5.806002e-04
3813,19.064157,0,8.579394e-04
3814,19.069157,1,2.035729e-04
3815,19.074157,0,5.160717e-04
3816,19.079157,0,7.346503e-04
3817,19.084157,0,8.633107e-04
3818,19.089157,0,9.411661e-04
3819,19.094157,0,9.895685e-04
3820,19.099157,1,2.003055e-04
3821,19.104157,0,5.741891e-04
3822,19.109157,0,8.460413e-04
3823,19.114157,1,1.972625e-04
3824,19.119157,0,5.040598e-04
3825,19.124157,0,7.174135e-04
3826,19.129157,0,8.423393e-04
3827,19.134157,0,9.175804e-04
3828,19.139157,0,9.641561e-04
3829,19.144157,0,9.936406e-04
3830,19.149157,1,1.991276e-04
3831,19.154157,0,5.766165e-04
3832,19.159157,0,8.527773e-04
3833,19.164157,1,2.004141e-04
3834,19.169157,0,5.115073e-04
3835,19.174157,0,7.288249e-04
3836,19.179157,0,8.566803e-04
3837,19.184157,0,9.340256e-04
3838,19.189157,0,9.820990e-04
3839,19.194157,1,1.966587e-04
3840,19.199157,0,5.682604e-04
3841,19.204157,0,8.380851e-04
3842,19.209157,1,1.932829e-04
3843,19.214157,0,4.977347e-04
3844,19.219157,0,7.091393e-04
3845,19.224157,0,8.328547e-04
3846,19.229157,0,9.073418e-04
3847,19.234157,0,9.534381e-04
3848,19.239157,0,9.826117e-04
3849,19.244157,1,1.946939e-04
3850,19.249157,0,5.685648e-04
3851,19.254157,0,8.416774e-04
3852,19.259157,1,1.956735e-04
3853,19.264157,0,5.032582e-04
3854,19.269157,0,7.177988e-04
3855,19.274157,0,8.439483e-04
3856,19.279157,0,9.202353e-04
3857,19.284157,0,9.676376e-04
3858,19.289157,0,9.977510e-04
3859,19.294157,1,1.981109e-04
3860,19.299157,0,5.794549e-04
3861,19.304157,0,8.590014e-04
3862,19.309157,1,1.997680e-04
3863,19.314157,0,5.151356e-04
3864,19.319157,0,7.354836e-04
3865,19.324157,0,8.654091e-04
3866,19.329157,0,9.441952e-04
3867,19.334157,0,9.932779e-04
3868,19.339157,1,1.963663e-04
3869,19.344157,0,5.741371e-04
3870,19.349157,0,8.484695e-04
3871,19.354157,1,1.929782e-04
3872,19.359157,0,5.028120e-04
3873,19.364157,0,7.177592e-04
3874,19.369157,0,8.436773e-04
3875,19.374157,0,9.195885e-04
3876,19.379157,0,9.666259e-04
3877,19.384157,0,9.964304e-04
3878,19.389157,1,1.946077e-04
3879,19.394157,0,5.752366e-04
3880,19.399157,0,8.531076e-04
3881,19.404157,1,1.956440e-04
3882,19.409157,0,5.087117e-04
3883,19.414157,0,7.267934e-04
3884,19.419157,0,8.550768e-04
3885,19.424157,0,9.327072e-04
3886,19.429157,0,9.809791e-04
3887,19.434157,1,1.914754e-04
3888,19.439157,0,5.645024e-04
3889,19.444157,0,8.346144e-04
3890,19.449157,0,9.976811e-04
3891,19.454157,1,2.156807e-04
3892,19.459157,0,5.942230e-04
3893,19.464157,0,8.683749e-04
3894,19.469157,1,1.891770e-04
3895,19.474157,0,5.055009e-04
3896,19.479157,0,7.221155e-04
3897,19.484157,0,8.479432e-04
3898,19.489157,0,9.232615e-04
3899,19.494157,0,9.696278e-04
3900,19.499157,0,9.988268e-04
3901,19.504157,1,1.898446e-04
3902,19.509157,0,5.701727e-04
3903,19.514157,0,8.456736e-04
3904,19.519157,1,1.898257e-04
3905,19.524157,0,4.993807e-04
3906,19.529157,0,7.139107e-04
3907,19.534157,0,8.395051e-04
3908,19.539157,0,9.151797e-04
3909,19.544157,0,9.620451e-04
3910,19.549157,0,9.917251e-04
3911,19.554157,1,1.911588e-04
3912,19.559157,0,5.706655e-04
3913,19.564157,0,8.472366e-04
3914,19.569157,1,1.919429e-04
3915,19.574157,0,5.036001e-04
3916,19.579157,0,7.202865e-04
3917,19.584157,0,8.476565e-04
3918,19.589157,0,9.246956e-04
3919,19.594157,0,9.725792e-04
3920,19.599157,1,1.878308e-04
3921,19.604157,0,5.582584e-04
3922,19.609157,0,8.260744e-04
3923,19.614157,0,9.876530e-04
3924,19.619157,1,2.118645e-04
3925,19.624157,0,5.870809e-04
3926,19.629157,0,8.585062e-04
3927,19.634157,1,1.855212e-04
3928,19.639157,0,4.987032e-04
3929,19.644157,0,7.129217e-04
3930,19.649157,0,8.372997e-04
3931,19.654157,0,9.117248e-04
3932,19.659157,0,9.575272e-04
3933,19.664157,0,9.863630e-04
3934,19.669157,1,1.862678e-04
3935,19.674157,0,5.622853e-04
3936,19.679157,0,8.343775e-04
3937,19.684157,0,9.984712e-04
3938,19.689157,1,2.146646e-04
3939,19.694157,0,5.944564e-04
3940,19.699157,0,8.696314e-04
3941,19.704157,1,1.878722e-04
3942,19.709157,0,5.054754e-04
3943,19.714157,0,7.228709e-04
3944,19.719157,0,8.491775e-04
3945,19.724157,0,9.247986e-04
3946,19.729157,0,9.713580e-04
3947,19.734157,1,1.822945e-04
3948,19.739157,0,5.501248e-04
3949,19.744157,0,8.134331e-04
3950,19.749157,0,9.709292e-04
3951,19.754157,1,2.043895e-04
3952,19.759157,0,5.710934e-04
3953,19.764157,0,8.346381e-04
3954,19.769157,0,9.928068e-04
3955,19.774157,1,2.049117e-04
3956,19.779157,0,5.790245e-04
3957,19.784157,0,8.459604e-04
3958,19.789157,1,1.778344e-04
3959,19.794157,0,4.847782e-04
3960,19.799157,0,6.930287e-04
3961,19.804157,0,8.129995e-04
3962,19.809157,0,8.842707e-04
3963,19.814157,0,9.278368e-04
3964,19.819157,0,9.550920e-04
3965,19.824157,0,9.724722e-04
3966,19.829157,0,9.837370e-04
3967,19.834157,0,9.911432e-04
3968,19.839157,0,9.960759e-04
3969,19.844157,0,9.994011e-04
3970,19.849157,1,1.888019e-04
3971,19.854157,0,5.732932e-04
3972,19.859157,0,8.553221e-04
3973,19.864157,1,1.967445e-04
3974,19.869157,0,5.137037e-04
3975,19.874157,0,7.352118e-04
3976,19.879157,0,8.661502e-04
3977,19.884157,0,9.457654e-04
3978,19.889157,0,9.955002e-04
3979,19.894157,1,1.939905e-04
3980,19.899157,0,5.749055e-04
3981,19.904157,0,8.515424e-04
3982,19.909157,1,1.908652e-04
3983,19.914157,0,5.039713e-04
3984,19.919157,0,7.208879e-04
3985,19.924157,0,8.480907e-04
3986,19.929157,0,9.248798e-04
3987,19.934157,0,9.725295e-04
3988,19.939157,1,1.867651e-04
3989,19.944157,0,5.570650e-04
3990,19.949157,0,8.241510e-04
3991,19.954157,0,9.850136e-04
3992,19.959157,1,2.104778e-04
3993,19.964157,0,5.844238e-04
3994,19.969157,0,8.545283e-04
3995,19.974157,1,1.840063e-04
3996,19.979157,0,4.956232e-04
3997,19.984157,0,7.085509e-04
3998,19.989157,0,8.320430e-04
3999,19.994157,0,9.058602e-04
4000,19.999157,0,9.512439e-04
4001,20.004157,0,9.797900e-04
4002,20.009157,0,9.980853e-04
4003,20.014157,1,1.888852e-04
4004,20.019157,0,5.712430e-04
4005,20.024157,0,8.497281e-04
4006,20.029157,1,1.921979e-04
4007,20.034157,0,5.052322e-04
4008,20.039157,0,7.230142e-04
4009,20.044157,0,8.510757e-04
4010,20.049157,0,9.285531e-04
4011,20.054157,0,9.767185e-04
4012,20.059157,1,1.880144e-04
4013,20.064157,0,5.605628e-04
4014,20.069157,0,8.298752e-04
4015,20.074157,0,9.923817e-04
4016,20.079157,1,2.122682e-04
4017,20.084157,0,5.898654e-04
4018,20.089157,0,8.629311e-04
4019,20.094157,1,1.857699e-04
4020,20.099157,0,5.011002e-04
4021,20.104157,0,7.167218e-04
4022,20.109157,0,8.419177e-04
4023,20.114157,0,9.168332e-04
4024,20.119157,0,9.629365e-04
4025,20.124157,0,9.919601e-04
4026,20.129157,1,1.864710e-04
4027,20.134157,0,5.651574e-04
4028,20.139157,0,8.390498e-04
4029,20.144157,1,1.864809e-04
4030,20.149157,0,4.944052e-04
4031,20.154157,0,7.075570e-04
4032,20.159157,0,8.322931e-04
4033,20.164157,0,9.074262e-04
4034,20.169157,0,9.539411e-04
4035,20.174157,0,9.833893e-04
4036,20.179157,1,1.877411e-04
4037,20.184157,0,5.649206e-04
4038,20.189157,0,8.394185e-04
4039,20.194157,1,1.884867e-04
4040,20.199157,0,4.979706e-04
4041,20.204157,0,7.129280e-04
4042,20.209157,0,8.392319e-04
4043,20.214157,0,9.156017e-04
4044,20.219157,0,9.630537e-04
4045,20.224157,0,9.931981e-04
4046,20.229157,1,1.910293e-04
4047,20.234157,0,5.731840e-04
4048,20.239157,0,8.522769e-04
4049,20.244157,1,1.924703e-04
4050,20.249157,0,5.075676e-04
4051,20.254157,0,7.269284e-04
4052,20.259157,0,8.561555e-04
4053,20.264157,0,9.344838e-04
4054,20.269157,0,9.832639e-04
4055,20.274157,1,1.889695e-04
4056,20.279157,0,5.650461e-04
4057,20.284157,0,8.371940e-04
4058,20.289157,1,1.853900e-04
4059,20.294157,0,4.930043e-04
4060,20.299157,0,7.056711e-04
4061,20.304157,0,8.301311e-04
4062,20.309157,0,9.051218e-04
4063,20.314157,0,9.515676e-04
4064,20.319157,0,9.809852e-04
4065,20.324157,0,9.999639e-04
4066,20.329157,1,1.917207e-04
4067,20.334157,0,5.775075e-04
4068,20.339157,0,8.604507e-04
4069,20.344157,1,1.962381e-04
4070,20.349157,0,5.153479e-04
4071,20.354157,0,7.382226e-04
4072,20.359157,0,8.699391e-04
4073,20.364157,0,9.500105e-04
4074,20.369157,1,1.830258e-04
4075,20.374157,0,5.425710e-04
4076,20.379157,0,7.990160e-04
4077,20.384157,0,9.523676e-04
4078,20.389157,1,1.980414e-04
4079,20.394157,0,5.575192e-04
4080,20.399157,0,8.147286e-04
4081,20.404157,0,9.687568e-04
4082,20.409157,1,1.985887e-04
4083,20.414157,0,5.634549e-04
4084,20.419157,0,8.231503e-04
4085,20.424157,0,9.781523e-04
4086,20.429157,1,1.989001e-04
4087,20.434157,0,5.666290e-04
4088,20.439157,0,8.276660e-04
4089,20.444157,0,9.830975e-04
4090,20.449157,1,1.988213e-04
4091,20.454157,0,5.679116e-04
4092,20.459157,0,8.294103e-04
4093,20.464157,0,9.848328e-04
4094,20.469157,1,1.982880e-04
4095,20.474157,0,5.676016e-04
4096,20.479157,0,8.288832e-04
4097,20.484157,0,9.839526e-04
4098,20.489157,1,1.974344e-04
4099,20.494157,0,5.661224e-04
4100,20.499157,0,8.266487e-04
4101,20.504157,0,9.810933e-04
4102,20.509157,1,1.962663e-04
4103,20.514157,0,5.636637e-04
4104,20.519157,0,8.230282e-04
4105,20.524157,0,9.766438e-04
4106,20.529157,1,1.949505e-04
4107,20.534157,0,5.604951e-04
4108,20.539157,0,8.183637e-04
4109,20.544157,0,9.709837e-04
4110,20.549157,1,1.934055e-04
4111,20.554157,0,5.567338e-04
4112,20.559157,0,8.128703e-04
4113,20.564157,0,9.643775e-04
4114,20.569157,1,1.918226e-04
4115,20.574157,0,5.525648e-04
4116,20.579157,0,8.067666e-04
4117,20.584157,0,9.570623e-04
4118,20.589157,1,1.900705e-04
4119,20.594157,0,5.480492e-04
4120,20.599157,0,8.001884e-04
4121,20.604157,0,9.492105e-04
4122,20.609157,1,1.883443e-04
4123,20.614157,0,5.433173e-04
4124,20.619157,0,7.932753e-04
4125,20.624157,0,9.409676e-04
4126,20.629157,1,1.864891e-04
4127,20.634157,0,5.383940e-04
4128,20.639157,0,7.861106e-04
4129,20.644157,0,9.324450e-04
4130,20.649157,1,1.846959e-04
4131,20.654157,0,5.333721e-04
4132,20.659157,0,7.787810e-04
4133,20.664157,0,9.237281e-04
4134,20.669157,1,1.827999e-04
4135,20.674157,0,5.282555e-04
4136,20.679157,0,7.713379e-04
4137,20.684157,0,9.148901e-04
4138,20.689157,1,1.809857e-04
4139,20.694157,0,5.231098e-04
4140,20.699157,0,7.638313e-04
4141,20.704157,0,9.059752e-04
4142,20.709157,0,9.922973e-04
4143,20.714157,1,1.952842e-04
4144,20.719157,0,5.739667e-04
4145,20.724157,0,8.472321e-04
4146,20.729157,1,1.823298e-04
4147,20.734157,0,4.930437e-04
4148,20.739157,0,7.064803e-04
4149,20.744157,0,8.306649e-04
4150,20.749157,0,9.050704e-04
4151,20.754157,0,9.508972e-04
4152,20.759157,0,9.797624e-04
4153,20.764157,0,9.982832e-04
4154,20.769157,1,1.870831e-04
4155,20.774157,0,5.717987e-04
4156,20.779157,0,8.522311e-04
4157,20.784157,1,1.907547e-04
4158,20.789157,0,5.065623e-04
4159,20.794157,0,7.263467e-04
4160,20.799157,0,8.557657e-04
4161,20.804157,0,9.341639e-04
4162,20.809157,0,9.829525e-04
4163,20.814157,1,1.869490e-04
4164,20.819157,0,5.638385e-04
4165,20.824157,0,8.362095e-04
4166,20.829157,1,1.833647e-04
4167,20.834157,0,4.914482e-04
4168,20.839157,0,7.042426e-04
4169,20.844157,0,8.287342e-04
4170,20.849157,0,9.037183e-04
4171,20.854157,0,9.501414e-04
4172,20.859157,0,9.795314e-04
4173,20.864157,0,9.984831e-04
4174,20.869157,1,1.896031e-04
4175,20.874157,0,5.757935e-04
4176,20.879157,0,8.586593e-04
4177,20.884157,1,1.941107e-04
4178,20.889157,0,5.133557e-04
4179,20.894157,0,7.361420e-04
4180,20.899157,0,8.677700e-04
4181,20.904157,0,9.477679e-04
4182,20.909157,0,9.977108e-04
4183,20.914157,1,1.912037e-04
4184,20.919157,0,5.745374e-04
4185,20.924157,0,8.523768e-04
4186,20.929157,1,1.879982e-04
4187,20.934157,0,5.026372e-04
4188,20.939157,0,7.203152e-04
4189,20.944157,0,8.479215e-04
4190,20.949157,0,9.249348e-04
4191,20.954157,0,9.727072e-04
4192,20.959157,1,1.834237e-04
4193,20.964157,0,5.552937e-04
4194,20.969157,0,8.229542e-04
4195,20.974157,0,9.840860e-04
4196,20.979157,1,2.072689e-04
4197,20.984157,0,5.821766e-04
4198,20.989157,0,8.525364e-04
4199,20.994157,1,1.803127e-04
4200,20.999157,0,4.926443e-04
4201,21.004157,0,7.055911e-04
4202,21.009157,0,8.290311e-04
4203,21.014157,0,9.027944e-04
4204,21.019157,0,9.481313e-04
4205,21.024157,0,9.766389e-04
4206,21.029157,0,9.949028e-04
4207,21.034157,1,1.849904e-04
4208,21.039157,0,5.675410e-04
4209,21.044157,0,8.455537e-04
4210,21.049157,1,1.880743e-04
4211,21.054157,0,5.008497e-04
4212,21.059157,0,7.179994e-04
4213,21.064157,0,8.456086e-04
4214,21.069157,0,9.227805e-04
4215,21.074157,0,9.707376e-04
4216,21.079157,1,1.835833e-04
4217,21.084157,0,5.552141e-04
4218,21.089157,0,8.232405e-04
4219,21.094157,0,9.848610e-04
4220,21.099157,1,2.076779e-04
4221,21.104157,0,5.836098e-04
4222,21.109157,0,8.549608e-04
4223,21.114157,1,1.809300e-04
4224,21.119157,0,4.946021e-04
4225,21.124157,0,7.086131e-04
4226,21.129157,0,8.327875e-04
4227,21.134157,0,9.070557e-04
4228,21.139157,0,9.527402e-04
4229,21.144157,0,9.814876e-04
4230,21.149157,0,9.999175e-04
4231,21.154157,1,1.857855e-04
4232,21.159157,0,5.707319e-04
4233,21.164157,0,8.506410e-04
4234,21.169157,1,1.890847e-04
4235,21.174157,0,5.040709e-04
4236,21.179157,0,7.228360e-04
4237,21.184157,0,8.514675e-04
4238,21.189157,0,9.292999e-04
4239,21.194157,0,9.776913e-04
4240,21.199157,1,1.846692e-04
4241,21.204157,0,5.593245e-04
4242,21.209157,0,8.295915e-04
4243,21.214157,0,9.926331e-04
4244,21.219157,1,2.091609e-04
4245,21.224157,0,5.883153e-04
4246,21.229157,0,8.620647e-04
4247,21.234157,1,1.822176e-04
4248,21.239157,0,4.987400e-04
4249,21.244157,0,7.147024e-04
4250,21.249157,0,8.400430e-04
4251,21.254157,0,9.150299e-04
4252,21.259157,0,9.611688e-04
4253,21.264157,0,9.902094e-04
4254,21.269157,1,1.828118e-04
4255,21.274157,0,5.623384e-04
4256,21.279157,0,8.362172e-04
4257,21.284157,1,1.827066e-04
4258,21.289157,0,4.908884e-04
4259,21.294157,0,7.037703e-04
4260,21.299157,0,8.282770e-04
4261,21.304157,0,9.032457e-04
4262,21.309157,0,9.496439e-04
4263,21.314157,0,9.790088e-04
4264,21.319157,0,9.979389e-04
4265,21.324157,1,1.883610e-04
4266,21.329157,0,5.744242e-04
4267,21.334157,0,8.569724e-04
4268,21.339157,1,1.925758e-04
4269,21.344157,0,5.114682e-04
4270,21.349157,0,7.337358e-04
4271,21.354157,0,8.649830e-04
4272,21.359157,0,9.447165e-04
4273,21.364157,0,9.944775e-04
4274,21.369157,1,1.894255e-04
4275,21.374157,0,5.717193e-04
4276,21.379157,0,8.485118e-04
4277,21.384157,1,1.859567e-04
4278,21.389157,0,4.993871e-04
4279,21.394157,0,7.159969e-04
4280,21.399157,0,8.429056e-04
4281,21.404157,0,9.194628e-04
4282,21.409157,0,9.669320e-04
4283,21.414157,0,9.970287e-04
4284,21.419157,1,1.879735e-04
4285,21.424157,0,5.722823e-04
4286,21.429157,0,8.518155e-04
4287,21.434157,1,1.890090e-04
4288,21.439157,0,5.045358e-04
4289,21.444157,0,7.235311e-04
4290,21.449157,0,8.522933e-04
4291,21.454157,0,9.302119e-04
4292,21.459157,0,9.786634e-04
4293,21.464157,1,1.847765e-04
4294,21.469157,0,5.598396e-04
4295,21.474157,0,8.303873e-04
4296,21.479157,0,9.936102e-04
4297,21.484157,1,2.093908e-04
4298,21.489157,0,5.888659e-04
4299,21.494157,0,8.628757e-04
4300,21.499157,1,1.824076e-04
4301,21.504157,0,4.992058e-04
4302,21.509157,0,7.153499e-04
4303,21.514157,0,8.407995e-04
4304,21.519157,0,9.158556e-04
4305,21.524157,0,9.620402e-04
4306,21.529157,0,9.911119e-04
4307,21.534157,1,1.830691e-04
4308,21.539157,0,5.628762e-04
4309,21.544157,0,8.369823e-04
4310,21.549157,1,1.829593e-04
4311,21.554157,0,4.913750e-04
4312,21.559157,0,7.044208e-04
4313,21.564157,0,8.290251e-04
4314,21.569157,0,9.040542e-04
4315,21.574157,0,9.504911e-04
4316,21.579157,0,9.798815e-04
4317,21.584157,0,9.988287e-04
4318,21.589157,1,1.886487e-04
4319,21.594157,0,5.749670e-04
4320,21.599157,0,8.577310e-04
4321,21.604157,1,1.928451e-04
4322,21.609157,0,5.119626e-04
4323,21.614157,0,7.343907e-04
4324,21.619157,0,8.657331e-04
4325,21.624157,0,9.455246e-04
4326,21.629157,0,9.953220e-04
4327,21.634157,1,1.897015e-04
4328,21.639157,0,5.722240e-04
4329,21.644157,0,8.492084e-04
4330,21.649157,1,1.861998e-04
4331,21.654157,0,4.998292e-04
4332,21.659157,0,7.165802e-04
4333,21.664157,0,8.435709e-04
4334,21.669157,0,9.201773e-04
4335,21.674157,0,9.676768e-04
4336,21.679157,0,9.977925e-04
4337,21.684157,1,1.882175e-04
4338,21.689157,0,5.727310e-04
4339,21.694157,0,8.524369e-04
4340,21.699157,1,1.892213e-04
4341,21.704157,0,5.049271e-04
4342,21.709157,0,7.240482e-04
4343,21.714157,0,8.528836e-04
4344,21.719157,0,9.308460e-04
4345,21.724157,0,9.793246e-04
4346,21.729157,1,1.849816e-04
4347,21.734157,0,5.602192e-04
4348,21.739157,0,8.309123e-04
4349,21.744157,0,9.942235e-04
4350,21.749157,1,2.095788e-04
4351,21.754157,0,5.892418e-04
4352,21.759157,0,8.633898e-04
4353,21.764157,1,1.825779e-04
4354,21.769157,0,4.995055e-04
4355,21.774157,0,7.157455e-04
4356,21.779157,0,8.412506e-04
4357,21.784157,0,9.163399e-04
4358,21.789157,0,9.625450e-04
4359,21.794157,0,9.916295e-04
4360,21.799157,1,1.832051e-04
4361,21.804157,0,5.631723e-04
4362,21.809157,0,8.373963e-04
4363,21.814157,1,1.830909e-04
4364,21.819157,0,4.916114e-04
4365,21.824157,0,7.047351e-04
4366,21.829157,0,8.293851e-04
4367,21.834157,0,9.044419e-04
4368,21.839157,0,9.508963e-04
4369,21.844157,0,9.802978e-04
4370,21.849157,0,9.992522e-04
4371,21.854157,1,1.887393e-04
4372,21.859157,0,5.751978e-04
4373,21.864157,0,8.580617e-04
4374,21.869157,1,1.929275e-04
4375,21.874157,0,5.121306e-04
4376,21.879157,0,7.346201e-04
4377,21.884157,0,8.659987e-04
4378,21.889157,0,9.458128e-04
4379,21.894157,0,9.956246e-04
4380,21.899157,1,1.897407e-04
4381,21.904157,0,5.723656e-04
4382,21.909157,0,8.494165e-04
4383,21.914157,1,1.862139e-04
4384,21.919157,0,4.998974e-04
4385,21.924157,0,7.166806e-04
4386,21.929157,0,8.436892e-04
4387,21.934157,0,9.203066e-04
4388,21.939157,0,9.678133e-04
4389,21.944157,0,9.979336e-04
4390,21.949157,1,1.881893e-04
4391,21.954157,0,5.727499e-04
4392,21.959157,0,8.524793e-04
4393,21.964157,1,1.891591e-04
4394,21.969157,0,5.048724e-04
4395,21.974157,0,7.239868e-04
4396,21.979157,0,8.528163e-04
4397,21.984157,0,9.307753e-04
4398,21.989157,0,9.792519e-04
4399,21.994157,1,1.848818e-04
4400,21.999157,0,5.600923e-04
4401,22.004157,0,8.307498e-04
4402,22.009157,0,9.940378e-04
4403,22.014157,1,2.094452e-04
4404,22.019157,0,5.890324e-04
4405,22.024157,0,8.631135e-04
4406,22.029157,1,1.824168e-04
4407,22.034157,0,4.992483e-04
4408,22.039157,0,7.154016e-04
4409,22.044157,0,8.408529e-04
4410,22.049157,0,9.159092e-04
4411,22.054157,0,9.620938e-04
4412,22.059157,0,9.911651e-04
4413,22.064157,1,1.829736e-04
4414,22.069157,0,5.627785e-04
4415,22.074157,0,8.368601e-04
4416,22.079157,1,1.828592e-04
4417,22.084157,0,4.911887e-04
4418,22.089157,0,7.041600e-04
4419,22.094157,0,8.287171e-04
4420,22.099157,0,9.037171e-04
4421,22.104157,0,9.501359e-04
4422,22.109157,0,9.795147e-04
4423,22.114157,0,9.984541e-04
4424,22.119157,1,1.884332e-04
4425,22.124157,0,5.746017e-04
4426,22.129157,0,8.572265e-04
4427,22.134157,1,1.926250e-04
4428,22.139157,0,5.115230e-04
4429,22.144157,0,7.337797e-04
4430,22.149157,0,8.650170e-04
4431,22.154157,0,9.447442e-04
4432,22.159157,0,9.945014e-04
4433,22.164157,1,1.893693e-04
4434,22.169157,0,5.715836e-04
4435,22.174157,0,8.483082e-04
4436,22.179157,1,1.858578e-04
4437,22.184157,0,4.991373e-04
4438,22.189157,0,7.156210e-04
4439,22.194157,0,8.424501e-04
4440,22.199157,0,9.189580e-04
4441,22.204157,0,9.663962e-04
4442,22.209157,0,9.964728e-04
4443,22.214157,1,1.877645e-04
4444,22.219157,0,5.717870e-04
4445,22.224157,0,8.510943e-04
4446,22.229157,1,1.887555e-04
4447,22.234157,0,5.039555e-04
4448,22.239157,0,7.226967e-04
4449,22.244157,0,8.513031e-04
4450,22.249157,0,9.291258e-04
4451,22.254157,0,9.775173e-04
4452,22.259157,1,1.844147e-04
4453,22.264157,0,5.589847e-04
4454,22.269157,0,8.291503e-04
4455,22.274157,0,9.921369e-04
4456,22.279157,1,2.089780e-04
4457,22.284157,0,5.878253e-04
4458,22.289157,0,8.613636e-04
4459,22.294157,1,1.819228e-04
4460,22.299157,0,4.981392e-04
4461,22.304157,0,7.138435e-04
4462,22.309157,0,8.390296e-04
4463,22.314157,0,9.139262e-04
4464,22.319157,0,9.600123e-04
4465,22.324157,0,9.890215e-04
4466,22.329157,1,1.825079e-04
4467,22.334157,0,5.614738e-04
4468,22.339157,0,8.349431e-04
4469,22.344157,0,9.997708e-04
4470,22.349157,1,2.111062e-04
4471,22.354157,0,5.930676e-04
4472,22.359157,0,8.692038e-04
4473,22.364157,1,1.836936e-04
4474,22.369157,0,5.028650e-04
4475,22.374157,0,7.207381e-04
4476,22.379157,0,8.472293e-04
4477,22.384157,0,9.229245e-04
4478,22.389157,0,9.695081e-04
4479,22.394157,0,9.988321e-04
4480,22.399157,1,1.842198e-04
4481,22.404157,0,5.671867e-04
4482,22.409157,0,8.435845e-04
4483,22.414157,1,1.841912e-04
4484,22.419157,0,4.951391e-04
4485,22.424157,0,7.099618e-04
4486,22.429157,0,8.356287e-04
4487,22.434157,0,9.113107e-04
4488,22.439157,0,9.581583e-04
4489,22.444157,0,9.878116e-04
4490,22.449157,1,1.852465e-04
4491,22.454157,0,5.655554e-04
4492,22.459157,0,8.417381e-04
4493,22.464157,1,1.858646e-04
4494,22.469157,0,4.974452e-04
4495,22.474157,0,7.134194e-04
4496,22.479157,0,8.402535e-04
4497,22.484157,0,9.169201e-04
4498,22.489157,0,9.645426e-04
4499,22.494157,0,9.947858e-04
4500,22.499157,1,1.881034e-04
4501,22.504157,0,5.721624e-04
4502,22.509157,0,8.520476e-04
4503,22.514157,1,1.893620e-04
4504,22.519157,0,5.055091e-04
4505,22.524157,0,7.251632e-04
4506,22.529157,0,8.544842e-04
4507,22.534157,0,9.328389e-04
4508,22.539157,0,9.816178e-04
4509,22.544157,1,1.854275e-04
4510,22.549157,0,5.621239e-04
4511,22.554157,0,8.341083e-04
4512,22.559157,0,9.983715e-04
4513,22.564157,1,2.104270e-04
4514,22.569157,0,5.921646e-04
4515,22.574157,0,8.680021e-04
4516,22.579157,1,1.833881e-04
4517,22.584157,0,5.024054e-04
4518,22.589157,0,7.201447e-04
4519,22.594157,0,8.466050e-04
4520,22.599157,0,9.223165e-04
4521,22.604157,0,9.689337e-04
4522,22.609157,0,9.982944e-04
4523,22.614157,1,1.841531e-04
4524,22.619157,0,5.670467e-04
4525,22.624157,0,8.434793e-04
4526,22.629157,1,1.840857e-04
4527,22.634157,0,4.951821e-04
4528,22.639157,0,7.100911e-04
4529,22.644157,0,8.358351e-04
4530,22.649157,0,9.115829e-04
4531,22.654157,0,9.584840e-04
4532,22.659157,0,9.881794e-04
4533,22.664157,1,1.852388e-04
4534,22.669157,0,5.657745e-04
4535,22.674157,0,8.421645e-04
4536,22.679157,1,1.858313e-04
4537,22.684157,0,4.976942e-04
4538,22.689157,0,7.138434e-04
4539,22.694157,0,8.407946e-04
4540,22.699157,0,9.175435e-04
4541,22.704157,0,9.652252e-04
4542,22.709157,0,9.955115e-04
4543,22.714157,1,1.881458e-04
4544,22.719157,0,5.725575e-04
4545,22.724157,0,8.527093e-04
4546,22.729157,1,1.893766e-04
4547,22.734157,0,5.058646e-04
4548,22.739157,0,7.257274e-04
4549,22.744157,0,8.551764e-04
4550,22.749157,0,9.336141e-04
4551,22.754157,0,9.824485e-04
4552,22.759157,1,1.854666e-04
4553,22.764157,0,5.625273e-04
4554,22.769157,0,8.347669e-04
4555,22.774157,0,9.991899e-04
4556,22.779157,1,2.104911e-04
4557,22.784157,0,5.925970e-04
4558,22.789157,0,8.686813e-04
4559,22.794157,1,1.834249e-04
4560,22.799157,0,5.027275e-04
4561,22.804157,0,7.206422e-04
4562,22.809157,0,8.472028e-04
4563,22.814157,0,9.229749e-04
4564,22.819157,0,9.696300e-04
4565,22.824157,0,9.990150e-04
4566,22.829157,1,1.841833e-04
4567,22.834157,0,5.673943e-04
4568,22.839157,0,8.440308e-04
4569,22.844157,1,1.841320e-04
4570,22.849157,0,4.954461e-04
4571,22.854157,0,7.104923e-04
4572,22.859157,0,8.363139e-04
4573,22.864157,0,9.121076e-04
4574,22.869157,0,9.590368e-04
4575,22.874157,0,9.887498e-04
4576,22.879157,1,1.852840e-04
4577,22.884157,0,5.660551e-04
4578,22.889157,0,8.425990e-04
4579,22.894157,1,1.858894e-04
4580,22.899157,0,4.979124e-04
4581,22.904157,0,7.141650e-04
4582,22.909157,0,8.411742e-04
4583,22.914157,0,9.179571e-04
4584,22.919157,0,9.656593e-04
4585,22.924157,0,9.959583e-04
4586,22.929157,1,1.882101e-04
4587,22.934157,0,5.727921e-04
4588,22.939157,0,8.530592e-04
4589,22.944157,1,1.894469e-04
4590,22.949157,0,5.060537e-04
4591,22.954157,0,7.259963e-04
4592,22.959157,0,8.554903e-04
4593,22.964157,0,9.339541e-04
4594,22.969157,0,9.828040e-04
4595,22.974157,1,1.855422e-04
4596,22.979157,0,5.627252e-04
4597,22.984157,0,8.350517e-04
4598,22.989157,0,9.995251e-04
4599,22.994157,1,2.105763e-04
4600,22.999157,0,5.927919e-04
4601,23.004157,0,8.689567e-04
4602,23.009157,1,1.835108e-04
4603,23.014157,0,5.028945e-04
4604,23.019157,0,7.208682e-04
4605,23.024157,0,8.474625e-04
4606,23.029157,0,9.232541e-04
4607,23.034157,0,9.699209e-04
4608,23.039157,0,9.993131e-04
4609,23.044157,1,1.842691e-04
4610,23.049157,0,5.675754e-04
4611,23.054157,0,8.442847e-04
4612,23.059157,1,1.842318e-04
4613,23.064157,0,4.956149e-04
4614,23.069157,0,7.107164e-04
4615,23.074157,0,8.365706e-04
4616,23.079157,0,9.123838e-04
4617,23.084157,0,9.593249e-04
4618,23.089157,0,9.890454e-04
4619,23.094157,1,1.853753e-04
4620,23.099157,0,5.662435e-04
4621,23.104157,0,8.428628e-04
4622,23.109157,1,1.859956e-04
4623,23.114157,0,4.980909e-04
4624,23.119157,0,7.144027e-04
4625,23.124157,0,8.414476e-04
4626,23.129157,0,9.182521e-04
4627,23.134157,0,9.659678e-04
4628,23.139157,0,9.962752e-04
4629,23.144157,1,1.882991e-04
4630,23.149157,0,5.729924e-04
4631,23.154157,0,8.533439e-04
4632,23.159157,1,1.895504e-04
4633,23.164157,0,5.062406e-04
4634,23.169157,0,7.262496e-04
4635,23.174157,0,8.557837e-04
4636,23.179157,0,9.342719e-04
4637,23.184157,0,9.831373e-04
4638,23.189157,1,1.856229e-04
4639,23.194157,0,5.629282e-04
4640,23.199157,0,8.353442e-04
4641,23.204157,0,9.998721e-04
4642,23.209157,1,2.106754e-04
4643,23.214157,0,5.930052e-04
4644,23.219157,0,8.692603e-04
4645,23.224157,1,1.835818e-04
4646,23.229157,0,5.030750e-04
4647,23.234157,0,7.211223e-04
4648,23.239157,0,8.477595e-04
4649,23.244157,0,9.235770e-04
4650,23.249157,0,9.702597e-04
4651,23.254157,0,9.996619e-04
4652,23.259157,1,1.843423e-04
4653,23.264157,0,5.677675e-04
4654,23.269157,0,8.445689e-04
4655,23.274157,1,1.842809e-04
4656,23.279157,0,4.957739e-04
4657,23.284157,0,7.109466e-04
4658,23.289157,0,8.368423e-04
4659,23.294157,0,9.126804e-04
4660,23.299157,0,9.596369e-04
4661,23.304157,0,9.893672e-04
4662,23.309157,1,1.854217e-04
4663,23.314157,0,5.664064e-04
4664,23.319157,0,8.431123e-04
4665,23.324157,1,1.860182e-04
4666,23.329157,0,4.982176e-04
4667,23.334157,0,7.145935e-04
4668,23.339157,0,8.416751e-04
4669,23.344157,0,9.185017e-04
4670,23.349157,0,9.662310e-04
4671,23.354157,0,9.965471e-04
4672,23.359157,1,1.883187e-04
4673,23.364157,0,5.731155e-04
4674,23.369157,0,8.535407e-04
4675,23.374157,1,1.895489e-04
4676,23.379157,0,5.063283e-04
4677,23.384157,0,7.263886e-04
4678,23.389157,0,8.559516e-04
4679,23.394157,0,9.344571e-04
4680,23.399157,0,9.833331e-04
4681,23.404157,1,1.856169e-04
4682,23.409157,0,5.630001e-04
4683,23.414157,0,8.354677e-04
4684,23.419157,1,1.817253e-04
4685,23.424157,0,4.898997e-04
4686,23.429157,0,7.024450e-04
4687,23.434157,0,8.267441e-04
4688,23.439157,0,9.016041e-04
4689,23.444157,0,9.479505e-04
4690,23.449157,0,9.772935e-04
4691,23.454157,0,9.962163e-04
4692,23.459157,1,1.876235e-04
4693,23.464157,0,5.731762e-04
4694,23.469157,0,8.552852e-04
4695,23.474157,1,1.918450e-04
4696,23.479157,0,5.101315e-04
4697,23.484157,0,7.319349e-04
4698,23.489157,0,8.629174e-04
4699,23.494157,0,9.425020e-04
4700,23.499157,0,9.921784e-04
4701,23.504157,1,1.885397e-04
4702,23.509157,0,5.699801e-04
4703,23.514157,0,8.461108e-04
4704,23.519157,1,1.849989e-04
4705,23.524157,0,4.976212e-04
4706,23.529157,0,7.135752e-04
4707,23.534157,0,8.400944e-04
4708,23.539157,0,9.164217e-04
4709,23.544157,0,9.637537e-04
4710,23.549157,0,9.937672e-04
4711,23.554157,1,1.868961e-04
4712,23.559157,0,5.699943e-04
4713,23.564157,0,8.485698e-04
4714,23.569157,1,1.877977e-04
4715,23.574157,0,5.021857e-04
4716,23.579157,0,7.202867e-04
4717,23.584157,0,8.485088e-04
4718,23.589157,0,9.260991e-04
4719,23.594157,0,9.743469e-04
4720,23.599157,1,1.833981e-04
4721,23.604157,0,5.568352e-04
4722,23.609157,0,8.261159e-04
4723,23.614157,0,9.885602e-04
4724,23.619157,1,2.078688e-04
4725,23.624157,0,5.854331e-04
4726,23.629157,0,8.579773e-04
4727,23.634157,1,1.808057e-04
4728,23.639157,0,4.958757e-04
4729,23.644157,0,7.107174e-04
4730,23.649157,0,8.353891e-04
4731,23.654157,0,9.099743e-04
4732,23.659157,0,9.558672e-04
4733,23.664157,0,9.847542e-04
4734,23.669157,1,1.813041e-04
4735,23.674157,0,5.587325e-04
4736,23.679157,0,8.310027e-04
4737,23.684157,0,9.950925e-04
4738,23.689157,1,2.098099e-04
4739,23.694157,0,5.900233e-04
4740,23.699157,0,8.648406e-04
4741,23.704157,1,1.824045e-04
4742,23.709157,0,5.000581e-04
4743,23.714157,0,7.168180e-04
4744,23.719157,0,8.426486e-04
4745,23.724157,0,9.179437e-04
4746,23.729157,0,9.642790e-04
4747,23.734157,0,9.934457e-04
4748,23.739157,1,1.828978e-04
4749,23.744157,0,5.638521e-04
4750,23.749157,0,8.387294e-04
4751,23.754157,1,1.828235e-04
4752,23.759157,0,4.920432e-04
4753,23.764157,0,7.056097e-04
4754,23.769157,0,8.305292e-04
4755,23.774157,0,9.057567e-04
4756,23.779157,0,9.523210e-04
4757,23.784157,0,9.817941e-04
4758,23.789157,1,1.838459e-04
4759,23.794157,0,5.618739e-04
4760,23.799157,0,8.363440e-04
4761,23.804157,1,1.844227e-04
4762,23.809157,0,4.940507e-04
4763,23.814157,0,7.086197e-04
4764,23.819157,0,8.346178e-04
4765,23.824157,0,9.107752e-04
4766,23.829157,0,9.580797e-04
4767,23.834157,0,9.881200e-04
4768,23.839157,1,1.866257e-04
4769,23.844157,0,5.681310e-04
4770,23.849157,0,8.461107e-04
4771,23.854157,1,1.878478e-04
4772,23.859157,0,5.018192e-04
4773,23.864157,0,7.199205e-04
4774,23.869157,0,8.483185e-04
4775,23.874157,0,9.261107e-04
4776,23.879157,0,9.745380e-04
4777,23.884157,1,1.839180e-04
4778,23.889157,0,5.579087e-04
4779,23.894157,0,8.279037e-04
4780,23.899157,0,9.909568e-04
4781,23.904157,1,2.087361e-04
4782,23.909157,0,5.876421e-04
4783,23.914157,0,8.614056e-04
4784,23.919157,1,1.818631e-04
4785,23.924157,0,4.984640e-04
4786,23.929157,0,7.145253e-04
4787,23.934157,0,8.400046e-04
4788,23.939157,0,9.151267e-04
4789,23.944157,0,9.613801e-04
4790,23.949157,0,9.905110e-04
4791,23.954157,1,1.826112e-04
4792,23.959157,0,5.625221e-04
4793,23.964157,0,8.367759e-04
4794,23.969157,1,1.825385e-04
4795,23.974157,0,4.911584e-04
4796,23.979157,0,7.043383e-04
4797,23.984157,0,8.290662e-04
4798,23.989157,0,9.042004e-04
4799,23.994157,0,9.507210e-04
4800,23.999157,0,9.801751e-04
4801,24.004157,0,9.991694e-04
4802,24.009157,1,1.882647e-04
4803,24.014157,0,5.749939e-04
4804,24.019157,0,8.580723e-04
4805,24.024157,1,1.924685e-04
4806,24.029157,0,5.119530e-04
4807,24.034157,0,7.346009e-04
4808,24.039157,0,8.661001e-04
4809,24.044157,0,9.460080e-04
4810,24.049157,0,9.958909e-04
4811,24.054157,1,1.892697e-04
4812,24.059157,0,5.722538e-04
4813,24.064157,0,8.495310e-04
4814,24.069157,1,1.857045e-04
4815,24.074157,0,4.996729e-04
4816,24.079157,0,7.165833e-04
4817,24.084157,0,8.436758e-04
4818,24.089157,0,9.203544e-04
4819,24.094157,0,9.679061e-04
4820,24.099157,0,9.980591e-04
4821,24.104157,1,1.876423e-04
4822,24.109157,0,5.724771e-04
4823,24.114157,0,8.523390e-04
4824,24.119157,1,1.885733e-04
4825,24.124157,0,5.044456e-04
4826,24.129157,0,7.235881e-04
4827,24.134157,0,8.524335e-04
4828,24.139157,0,9.304067e-04
4829,24.144157,0,9.788958e-04
4830,24.149157,1,1.842075e-04
4831,24.154157,0,5.594883e-04
4832,24.159157,0,8.301036e-04
4833,24.164157,0,9.933636e-04
4834,24.169157,1,2.087917e-04
4835,24.174157,0,5.882900e-04
4836,24.179157,0,8.622309e-04
4837,24.184157,1,1.816285e-04
4838,24.189157,0,4.983328e-04
4839,24.194157,0,7.142949e-04
4840,24.199157,0,8.396237e-04
4841,24.204157,0,9.146055e-04
4842,24.209157,0,9.607444e-04
4843,24.214157,0,9.897872e-04
4844,24.219157,1,1.821198e-04
4845,24.224157,0,5.615788e-04
4846,24.229157,0,8.353010e-04
4847,24.234157,1,1.819285e-04
4848,24.239157,0,4.898582e-04
4849,24.244157,0,7.024516e-04
4850,24.249157,0,8.267730e-04
4851,24.254157,0,9.016279e-04
4852,24.259157,0,9.479558e-04
4853,24.264157,0,9.772766e-04
4854,24.269157,0,9.961783e-04
4855,24.274157,1,1.874215e-04
4856,24.279157,0,5.728671e-04
4857,24.284157,0,8.548549e-04
4858,24.289157,1,1.915257e-04
4859,24.294157,0,5.096964e-04
4860,24.299157,0,7.313480e-04
4861,24.304157,0,8.622117e-04
4862,24.309157,0,9.417076e-04
4863,24.314157,0,9.913186e-04
4864,24.319157,1,1.881799e-04
4865,24.324157,0,5.693240e-04
4866,24.329157,0,8.451617e-04
4867,24.334157,1,1.845731e-04
4868,24.339157,0,4.968536e-04
4869,24.344157,0,7.125401e-04
4870,24.349157,0,8.388836e-04
4871,24.354157,0,9.150931e-04
4872,24.359157,0,9.623439e-04
4873,24.364157,0,9.923004e-04
4874,24.369157,1,1.863906e-04
4875,24.374157,0,5.689523e-04
4876,24.379157,0,8.470827e-04
4877,24.384157,1,1.872831e-04
4878,24.389157,0,5.011518e-04
4879,24.394157,0,7.188645e-04
4880,24.399157,0,8.468472e-04
4881,24.404157,0,9.242865e-04
4882,24.409157,0,9.724369e-04
4883,24.414157,1,1.828703e-04
4884,24.419157,0,5.556412e-04
4885,24.424157,0,8.243932e-04
4886,24.429157,0,9.865063e-04
4887,24.434157,1,2.072722e-04
4888,24.439157,0,5.840953e-04
4889,24.444157,0,8.560749e-04
4890,24.449157,1,1.802468e-04
4891,24.454157,0,4.946681e-04
4892,24.459157,0,7.090441e-04
4893,24.464157,0,8.334403e-04
4894,24.469157,0,9.078583e-04
4895,24.474157,0,9.536468e-04
4896,24.479157,0,9.824672e-04
4897,24.484157,1,1.807226e-04
4898,24.489157,0,5.573373e-04
4899,24.494157,0,8.289864e-04
4900,24.499157,0,9.926957e-04
4901,24.504157,1,2.091729e-04
4902,24.509157,0,5.885207e-04
4903,24.514157,0,8.626892e-04
4904,24.519157,1,1.817991e-04
4905,24.524157,0,4.987250e-04
4906,24.529157,0,7.149633e-04
4907,24.534157,0,8.404875e-04
4908,24.539157,0,9.155983e-04
4909,24.544157,0,9.618196e-04
4910,24.549157,0,9.909142e-04
4911,24.554157,1,1.823003e-04
4912,24.559157,0,5.623364e-04
4913,24.564157,0,8.365269e-04
4914,24.569157,1,1.821989e-04
4915,24.574157,0,4.906682e-04
4916,24.579157,0,7.036918e-04
4917,24.584157,0,8.282904e-04
4918,24.589157,0,9.033238e-04
4919,24.594157,0,9.497676e-04
4920,24.599157,0,9.791641e-04
4921,24.604157,0,9.981157e-04
4922,24.609157,1,1.878199e-04
4923,24.614157,0,5.741398e-04
4924,24.619157,0,8.568109e-04
4925,24.624157,1,1.919799e-04
4926,24.629157,0,5.109776e-04
4927,24.634157,0,7.332423e-04
4928,24.639157,0,8.644880e-04
4929,24.644157,0,9.442253e-04
4930,24.649157,0,9.939912e-04
4931,24.654157,1,1.887198e-04
4932,24.659157,0,5.709788e-04
4933,24.664157,0,8.476677e-04
4934,24.669157,1,1.851544e-04
4935,24.674157,0,4.984318e-04
4936,24.679157,0,7.148410e-04
4937,24.684157,0,8.416255e-04
4938,24.689157,0,9.181098e-04
4939,24.694157,0,9.655355e-04
4940,24.699157,0,9.956053e-04
4941,24.704157,1,1.870690e-04
4942,24.709157,0,5.709758e-04
4943,24.714157,0,8.501223e-04
4944,24.719157,1,1.879940e-04
4945,24.724157,0,5.030566e-04
4946,24.729157,0,7.216213e-04
4947,24.734157,0,8.501187e-04
4948,24.739157,0,9.278764e-04
4949,24.744157,0,9.762284e-04
4950,24.749157,1,1.836339e-04
4951,24.754157,0,5.579106e-04
4952,24.759157,0,8.277807e-04
4953,24.764157,0,9.905828e-04
4954,24.769157,1,2.081548e-04
4955,24.774157,0,5.866020e-04
4956,24.779157,0,8.597729e-04
4957,24.784157,1,1.810713e-04
4958,24.789157,0,4.968912e-04
4959,24.794157,0,7.122436e-04
4960,24.799157,0,8.372165e-04
4961,24.804157,0,9.119843e-04
4962,24.809157,0,9.579907e-04
4963,24.814157,0,9.869498e-04
4964,24.819157,1,1.815802e-04
4965,24.824157,0,5.599661e-04
4966,24.829157,0,8.329085e-04
4967,24.834157,0,9.974070e-04
4968,24.839157,1,2.101844e-04
4969,24.844157,0,5.913801e-04
4970,24.849157,0,8.668981e-04
4971,24.854157,1,1.827098e-04
4972,24.859157,0,5.012201e-04
4973,24.864157,0,7.185526e-04
4974,24.869157,0,8.447182e-04
4975,24.874157,0,9.202156e-04
4976,24.879157,0,9.666764e-04
4977,24.884157,0,9.959226e-04
4978,24.889157,1,1.832368e-04
4979,24.894157,0,5.652326e-04
4980,24.899157,0,8.408474e-04
4981,24.904157,1,1.831455e-04
4982,24.909157,0,4.932433e-04
4983,24.914157,0,7.073989e-04
4984,24.919157,0,8.326634e-04
4985,24.924157,0,9.080996e-04
4986,24.929157,0,9.547936e-04
4987,24.934157,0,9.843489e-04
4988,24.939157,1,1.841964e-04
4989,24.944157,0,5.632925e-04
4990,24.949157,0,8.385207e-04
4991,24.954157,1,1.847539e-04
4992,24.959157,0,4.952822e-04
4993,24.964157,0,7.104543e-04
4994,24.969157,0,8.368054e-04
4995,24.974157,0,9.131763e-04
4996,24.979157,0,9.606134e-04
4997,24.984157,0,9.907380e-04
4998,24.989157,1,1.869872e-04
4999,24.994157,0,5.695823e-04
5000,24.999157,0,8.483358e-04
5001,25.004157,1,1.881881e-04
5002,25.009157,0,5.030763e-04
5003,25.014157,0,7.217914e-04
5004,25.019157,0,8.505483e-04
5005,25.024157,0,9.285574e-04
5006,25.029157,0,9.771193e-04
5007,25.034157,1,1.842655e-04
5008,25.039157,0,5.593219e-04
5009,25.044157,0,8.300639e-04
5010,25.049157,0,9.935650e-04
5011,25.054157,1,2.091343e-04
5012,25.059157,0,5.891279e-04
5013,25.064157,0,8.636476e-04
5014,25.069157,1,1.821953e-04
5015,25.074157,0,4.996920e-04
5016,25.079157,0,7.163475e-04
5017,25.084157,0,8.421692e-04
5018,25.089157,0,9.174951e-04
5019,25.094157,0,9.638731e-04
5020,25.099157,0,9.930820e-04
5021,25.104157,1,1.829265e-04
5022,25.109157,0,5.639164e-04
5023,25.114157,0,8.389122e-04
5024,25.119157,1,1.828666e-04
5025,25.124157,0,4.923402e-04
5026,25.129157,0,7.060920e-04
5027,25.134157,0,8.311512e-04
5028,25.139157,0,9.064834e-04
5029,25.144157,0,9.531255e-04
5030,25.149157,0,9.826560e-04
5031,25.154157,1,1.839875e-04
5032,25.159157,0,5.624709e-04
5033,25.164157,0,8.373199e-04
5034,25.169157,1,1.845773e-04
5035,25.174157,0,4.946967e-04
5036,25.179157,0,7.096073e-04
5037,25.184157,0,8.358243e-04
5038,25.189157,0,9.121266e-04
5039,25.194157,0,9.595294e-04
5040,25.199157,0,9.896376e-04
5041,25.204157,1,1.868565e-04
5042,25.209157,0,5.690588e-04
5043,25.214157,0,8.475594e-04
5044,25.219157,1,1.880728e-04
5045,25.224157,0,5.026931e-04
5046,25.229157,0,7.212322e-04
5047,25.234157,0,8.498957e-04
5048,25.239157,0,9.278550e-04
5049,25.244157,0,9.763902e-04
5050,25.249157,1,1.841642e-04
5051,25.254157,0,5.589506e-04
5052,25.259157,0,8.295132e-04
5053,25.264157,0,9.929162e-04
5054,25.269157,1,2.090337e-04
5055,25.274157,0,5.887763e-04
5056,25.279157,0,8.631285e-04
5057,25.284157,1,1.821109e-04
5058,25.289157,0,4.994169e-04
5059,25.294157,0,7.159436e-04
5060,25.299157,0,8.416930e-04
5061,25.304157,0,9.169773e-04
5062,25.309157,0,9.633310e-04
5063,25.314157,0,9.925255e-04
5064,25.319157,1,1.828417e-04
5065,25.324157,0,5.636090e-04
5066,25.329157,0,8.384506e-04
5067,25.334157,1,1.827849e-04
5068,25.339157,0,4.920789e-04
5069,25.344157,0,7.057079e-04
5070,25.349157,0,8.306957e-04
5071,25.354157,0,9.059852e-04
5072,25.359157,0,9.526012e-04
5073,25.364157,0,9.821154e-04
5074,25.369157,1,1.838960e-04
5075,25.374157,0,5.621580e-04
5076,25.379157,0,8.368491e-04
5077,25.384157,1,1.844918e-04
5078,25.389157,0,4.944223e-04
5079,25.394157,0,7.092036e-04
5080,25.399157,0,8.353442e-04
5081,25.404157,0,9.116002e-04
5082,25.409157,0,9.589740e-04
5083,25.414157,0,9.890638e-04
5084,25.419157,1,1.867557e-04
5085,25.424157,0,5.687242e-04
5086,25.429157,0,8.470546e-04
5087,25.434157,1,1.879787e-04
5088,25.439157,0,5.023946e-04
5089,25.444157,0,7.207936e-04
5090,25.449157,0,8.493741e-04
5091,25.454157,0,9.272825e-04
5092,25.459157,0,9.757858e-04
5093,25.464157,1,1.840540e-04
5094,25.469157,0,5.585980e-04
5095,25.474157,0,8.289843e-04
5096,25.479157,0,9.922799e-04
5097,25.484157,1,2.089186e-04
5098,25.489157,0,5.883979e-04
5099,25.494157,0,8.625634e-04
5100,25.499157,1,1.819955e-04
5101,25.504157,0,4.990860e-04
5102,25.509157,0,7.154635e-04
5103,25.514157,0,8.411255e-04
5104,25.519157,0,9.163572e-04
5105,25.524157,0,9.626782e-04
5106,25.529157,0,9.918520e-04
5107,25.534157,1,1.827378e-04
5108,25.539157,0,5.632253e-04
5109,25.544157,0,8.378703e-04
5110,25.549157,1,1.826620e-04
5111,25.554157,0,4.917360e-04
5112,25.559157,0,7.052112e-04
5113,25.564157,0,8.301084e-04
5114,25.569157,0,9.053432e-04
5115,25.574157,0,9.519251e-04
5116,25.579157,0,9.814176e-04
5117,25.584157,1,1.837824e-04
5118,25.589157,0,5.617564e-04
5119,25.594157,0,8.362437e-04
5120,25.599157,1,1.843578e-04
5121,25.604157,0,4.940607e-04
5122,25.609157,0,7.086816e-04
5123,25.614157,0,8.347276e-04
5124,25.619157,0,9.109262e-04
5125,25.624157,0,9.582644e-04
5126,25.629157,0,9.883315e-04
5127,25.634157,1,1.866287e-04
5128,25.639157,0,5.682979e-04
5129,25.644157,0,8.464148e-04
5130,25.649157,1,1.878304e-04
5131,25.654157,0,5.020080e-04
5132,25.659157,0,7.202382e-04
5133,25.664157,0,8.487188e-04
5134,25.669157,0,9.265665e-04
5135,25.674157,0,9.750321e-04
5136,25.679157,1,1.839172e-04
5137,25.684157,0,5.581575e-04
5138,25.689157,0,8.283284e-04
5139,25.694157,0,9.914939e-04
5140,25.699157,1,2.087407e-04
5141,25.704157,0,5.879220e-04
5142,25.709157,0,8.618674e-04
5143,25.714157,1,1.818471e-04
5144,25.719157,0,4.986719e-04
5145,25.724157,0,7.148691e-04
5146,25.729157,0,8.404261e-04
5147,25.734157,0,9.155947e-04
5148,25.739157,0,9.618768e-04
5149,25.744157,0,9.910261e-04
5150,25.749157,1,1.825614e-04
5151,25.754157,0,5.627409e-04
5152,25.759157,0,8.371557e-04
5153,25.764157,1,1.824977e-04
5154,25.769157,0,4.913007e-04
5155,25.774157,0,7.045888e-04
5156,25.779157,0,8.293762e-04
5157,25.784157,0,9.045447e-04
5158,25.789157,0,9.510856e-04
5159,25.794157,0,9.805520e-04
5160,25.799157,0,9.995540e-04
5161,25.804157,1,1.881914e-04
5162,25.809157,0,5.751294e-04
5163,25.814157,0,8.583257e-04
5164,25.819157,1,1.924073e-04
5165,25.824157,0,5.120201e-04
5166,25.829157,0,7.347399e-04
5167,25.834157,0,8.662766e-04
5168,25.839157,0,9.462049e-04
5169,25.844157,0,9.960992e-04
5170,25.849157,1,1.891683e-04
5171,25.854157,0,5.722887e-04
5172,25.859157,0,8.496295e-04
5173,25.864157,1,1.856079e-04
5174,25.869157,0,4.996452e-04
5175,25.874157,0,7.165855e-04
5176,25.879157,0,8.436905e-04
5177,25.884157,0,9.203741e-04
5178,25.889157,0,9.679273e-04
5179,25.894157,0,9.980805e-04
5180,25.899157,1,1.875138e-04
5181,25.904157,0,5.724097e-04
5182,25.909157,0,8.522815e-04
5183,25.914157,1,1.884548e-04
5184,25.919157,0,5.043336e-04
5185,25.924157,0,7.234651e-04
5186,25.929157,0,8.522991e-04
5187,25.934157,0,9.302631e-04
5188,25.939157,0,9.787450e-04
5189,25.944157,1,1.840615e-04
5190,25.949157,0,5.593326e-04
5191,25.954157,0,8.299104e-04
5192,25.959157,0,9.931414e-04
5193,25.964157,1,2.086600e-04
5194,25.969157,0,5.880940e-04
5195,25.974157,0,8.619740e-04
5196,25.979157,1,1.814765e-04
5197,25.984157,0,4.981254e-04
5198,25.989157,0,7.140305e-04
5199,25.994157,0,8.393222e-04
5200,25.999157,0,9.142801e-04
5201,26.004157,0,9.604031e-04
5202,26.009157,0,9.894354e-04
5203,26.014157,1,1.819795e-04
5204,26.019157,0,5.613272e-04
5205,26.024157,0,8.349533e-04
5206,26.029157,0,9.998610e-04
5207,26.034157,1,2.106474e-04
5208,26.039157,0,5.927927e-04
5209,26.044157,0,8.689849e-04
5210,26.049157,1,1.830898e-04
5211,26.054157,0,5.023779e-04
5212,26.059157,0,7.202300e-04
5213,26.064157,0,8.466943e-04
5214,26.069157,0,9.223692e-04
5215,26.074157,0,9.689384e-04
5216,26.079157,0,9.982523e-04
5217,26.084157,1,1.836023e-04
5218,26.089157,0,5.665065e-04
5219,26.094157,0,8.427610e-04
5220,26.099157,1,1.835064e-04
5221,26.104157,0,4.943191e-04
5222,26.109157,0,7.089585e-04
5223,26.114157,0,8.345032e-04
5224,26.119157,0,9.101067e-04
5225,26.124157,0,9.569035e-04
5226,26.129157,0,9.865234e-04
5227,26.134157,1,1.845482e-04
5228,26.139157,0,5.644944e-04
5229,26.144157,0,8.403256e-04
5230,26.149157,1,1.851037e-04
5231,26.154157,0,4.963071e-04
5232,26.159157,0,7.119387e-04
5233,26.164157,0,8.385571e-04
5234,26.169157,0,9.150883e-04
5235,26.174157,0,9.626243e-04
5236,26.179157,0,9.928113e-04
5237,26.184157,1,1.873331e-04
5238,26.189157,0,5.707396e-04
5239,26.194157,0,8.500720e-04
5240,26.199157,1,1.885347e-04
5241,26.204157,0,5.040713e-04
5242,26.209157,0,7.232304e-04
5243,26.214157,0,8.522467e-04
5244,26.219157,0,9.304118e-04
5245,26.224157,0,9.790703e-04
5246,26.229157,1,1.845964e-04
5247,26.234157,0,5.604114e-04
5248,26.239157,0,8.316907e-04
5249,26.244157,0,9.955138e-04
5250,26.249157,1,2.095168e-04
5251,26.254157,0,5.902555e-04
5252,26.259157,0,8.653091e-04
5253,26.264157,1,1.825174e-04
5254,26.269157,0,5.006317e-04
5255,26.274157,0,7.177021e-04
5256,26.279157,0,8.437633e-04
5257,26.284157,0,9.192319e-04
5258,26.289157,0,9.656974e-04
5259,26.294157,0,9.949612e-04
5260,26.299157,1,1.832474e-04
5261,26.304157,0,5.649608e-04
5262,26.309157,0,8.404738e-04
5263,26.314157,1,1.831874e-04
5264,26.319157,0,4.932406e-04
5265,26.324157,0,7.073888e-04
5266,26.329157,0,8.326787e-04
5267,26.334157,0,9.081494e-04
5268,26.339157,0,9.548770e-04
5269,26.344157,0,9.844615e-04
5270,26.349157,1,1.843043e-04
5271,26.354157,0,5.634868e-04
5272,26.359157,0,8.388387e-04
5273,26.364157,1,1.848982e-04
5274,26.369157,0,4.955811e-04
5275,26.374157,0,7.108799e-04
5276,26.379157,0,8.373240e-04
5277,26.384157,0,9.137633e-04
5278,26.389157,0,9.612511e-04
5279,26.394157,0,9.914131e-04
5280,26.399157,1,1.871710e-04
5281,26.404157,0,5.700648e-04
5282,26.409157,0,8.490640e-04
5283,26.414157,1,1.883951e-04
5284,26.419157,0,5.035737e-04
5285,26.424157,0,7.224990e-04
5286,26.429157,0,8.513895e-04
5287,26.434157,0,9.294859e-04
5288,26.439157,0,9.781063e-04
5289,26.444157,1,1.844651e-04
5290,26.449157,0,5.599184e-04
5291,26.454157,0,8.309565e-04
5292,26.459157,0,9.946458e-04
5293,26.464157,1,2.093874e-04
5294,26.469157,0,5.897898e-04
5295,26.474157,0,8.646181e-04
5296,26.479157,1,1.824015e-04
5297,26.484157,0,5.002641e-04
5298,26.489157,0,7.171651e-04
5299,26.494157,0,8.431311e-04
5300,26.499157,0,9.185449e-04
5301,26.504157,0,9.649781e-04
5302,26.509157,0,9.942227e-04
5303,26.514157,1,1.831399e-04
5304,26.519157,0,5.645571e-04
5305,26.524157,0,8.398669e-04
5306,26.529157,1,1.830664e-04
5307,26.534157,0,4.928933e-04
5308,26.539157,0,7.068843e-04
5309,26.544157,0,8.320830e-04
5310,26.549157,0,9.074994e-04
5311,26.554157,0,9.541937e-04
5312,26.559157,0,9.837575e-04
5313,26.564157,1,1.841838e-04
5314,26.569157,0,5.630785e-04
5315,26.574157,0,8.382274e-04
5316,26.579157,1,1.847631e-04
5317,26.584157,0,4.952165e-04
5318,26.589157,0,7.103529e-04
5319,26.594157,0,8.367012e-04
5320,26.599157,0,9.130823e-04
5321,26.604157,0,9.605338e-04
5322,26.609157,0,9.906728e-04
5323,26.614157,1,1.870343e-04
5324,26.619157,0,5.696260e-04
5325,26.624157,0,8.484079e-04
5326,26.629157,1,1.882415e-04
5327,26.634157,0,5.031736e-04
5328,26.639157,0,7.219232e-04
5329,26.644157,0,8.507089e-04
5330,26.649157,0,9.287413e-04
5331,26.654157,0,9.773216e-04
5332,26.659157,1,1.843126e-04
5333,26.664157,0,5.594501e-04
5334,26.669157,0,8.302610e-04
5335,26.674157,0,9.938119e-04
5336,26.679157,1,2.092018e-04
5337,26.684157,0,5.892817e-04
5338,26.689157,0,8.638721e-04
5339,26.694157,1,1.822361e-04
5340,26.699157,0,4.998150e-04
5341,26.704157,0,7.165207e-04
5342,26.709157,0,8.423722e-04
5343,26.714157,0,9.177169e-04
5344,26.719157,0,9.641073e-04
5345,26.724157,0,9.933247e-04
5346,26.729157,1,1.829607e-04
5347,26.734157,0,5.640322e-04
5348,26.739157,0,8.390867e-04
5349,26.744157,1,1.828895e-04
5350,26.749157,0,4.924201e-04
5351,26.754157,0,7.062053e-04
5352,26.759157,0,8.312827e-04
5353,26.764157,0,9.066256e-04
5354,26.769157,0,9.532743e-04
5355,26.774157,0,9.828090e-04
5356,26.779157,1,1.839955e-04
5357,26.784157,0,5.625239e-04
5358,26.789157,0,8.374018e-04
5359,26.794157,1,1.845761e-04
5360,26.799157,0,4.947157e-04
5361,26.804157,0,7.096339e-04
5362,26.809157,0,8.358533e-04
5363,26.814157,0,9.121563e-04
5364,26.819157,0,9.595592e-04
5365,26.824157,0,9.896672e-04
5366,26.829157,1,1.868374e-04
5367,26.834157,0,5.690393e-04
5368,26.839157,0,8.475332e-04
5369,26.844157,1,1.880448e-04
5370,26.849157,0,5.026446e-04
5371,26.854157,0,7.211629e-04
5372,26.859157,0,8.498120e-04
5373,26.864157,0,9.277615e-04
5374,26.869157,0,9.762902e-04
5375,26.874157,1,1.841159e-04
5376,26.879157,0,5.588542e-04
5377,26.884157,0,8.293747e-04
5378,26.889157,0,9.927497e-04
5379,26.894157,1,2.089795e-04
5380,26.899157,0,5.886445e-04
5381,26.904157,0,8.629360e-04
5382,26.909157,1,1.820411e-04
5383,26.914157,0,4.992705e-04
5384,26.919157,0,7.157366e-04
5385,26.924157,0,8.414486e-04
5386,26.929157,0,9.167097e-04
5387,26.934157,0,9.630486e-04
5388,26.939157,0,9.922335e-04
5389,26.944157,1,1.827612e-04
5390,26.949157,0,5.634076e-04
5391,26.954157,0,8.381555e-04
5392,26.959157,1,1.826935e-04
5393,26.964157,0,4.918735e-04
5394,26.969157,0,7.054170e-04
5395,26.974157,0,8.303528e-04
5396,26.979157,0,9.056105e-04
5397,26.984157,0,9.522064e-04
5398,26.989157,0,9.817077e-04
5399,26.994157,1,1.837924e-04
5400,26.999157,0,5.618912e-04
5401,27.004157,0,8.364575e-04
5402,27.009157,1,1.843780e-04
5403,27.014157,0,4.941597e-04
5404,27.019157,0,7.088312e-04
5405,27.024157,0,8.349057e-04
5406,27.029157,0,9.111213e-04
5407,27.034157,0,9.584698e-04
5408,27.039157,0,9.885434e-04
5409,27.044157,1,1.866292e-04
5410,27.049157,0,5.683924e-04
5411,27.054157,0,8.465671e-04
5412,27.059157,1,1.878424e-04
5413,27.064157,0,5.020748e-04
5414,27.069157,0,7.203398e-04
5415,27.074157,0,8.488400e-04
5416,27.079157,0,9.266994e-04
5417,27.084157,0,9.751720e-04
5418,27.089157,1,1.839094e-04
5419,27.094157,0,5.582145e-04
5420,27.099157,0,8.284224e-04
5421,27.104157,0,9.916089e-04
5422,27.109157,1,2.087527e-04
5423,27.114157,0,5.879718e-04
5424,27.119157,0,8.619441e-04
5425,27.124157,1,1.818368e-04
5426,27.129157,0,4.986980e-04
5427,27.134157,0,7.149125e-04
5428,27.139157,0,8.404784e-04
5429,27.144157,0,9.156522e-04
5430,27.149157,0,9.619374e-04
5431,27.154157,0,9.910887e-04
5432,27.159157,1,1.825648e-04
5433,27.164157,0,5.627605e-04
5434,27.169157,0,8.371875e-04
5435,27.174157,1,1.824873e-04
5436,27.179157,0,4.913075e-04
5437,27.184157,0,7.046019e-04
5438,27.189157,0,8.293922e-04
5439,27.194157,0,9.045623e-04
5440,27.199157,0,9.511041e-04
5441,27.204157,0,9.805712e-04
5442,27.209157,0,9.995736e-04
5443,27.214157,1,1.881947e-04
5444,27.219157,0,5.751302e-04
5445,27.224157,0,8.583271e-04
5446,27.229157,1,1.923987e-04
5447,27.234157,0,5.120150e-04
5448,27.239157,0,7.347330e-04
5449,27.244157,0,8.662682e-04
5450,27.249157,0,9.461955e-04
5451,27.254157,0,9.960892e-04
5452,27.259157,1,1.891706e-04
5453,27.264157,0,5.722764e-04
5454,27.269157,0,8.496096e-04
5455,27.274157,1,1.855998e-04
5456,27.279157,0,4.996309e-04
5457,27.284157,0,7.165640e-04
5458,27.289157,0,8.436644e-04
5459,27.294157,0,9.203453e-04
5460,27.299157,0,9.678969e-04
5461,27.304157,0,9.980490e-04
5462,27.309157,1,1.875155e-04
5463,27.314157,0,5.723879e-04
5464,27.319157,0,8.522464e-04
5465,27.324157,1,1.884474e-04
5466,27.329157,0,5.043129e-04
5467,27.334157,0,7.234332e-04
5468,27.339157,0,8.522605e-04
5469,27.344157,0,9.302204e-04
5470,27.349157,0,9.786999e-04
5471,27.354157,1,1.840613e-04
5472,27.359157,0,5.593045e-04
5473,27.364157,0,8.298658e-04
5474,27.369157,0,9.930869e-04
5475,27.374157,1,2.086506e-04
5476,27.379157,0,5.880630e-04
5477,27.384157,0,8.619260e-04
5478,27.389157,1,1.814726e-04
5479,27.394157,0,4.980964e-04
5480,27.399157,0,7.139860e-04
5481,27.404157,0,8.392687e-04
5482,27.409157,0,9.142212e-04
5483,27.414157,0,9.603410e-04
5484,27.419157,0,9.893712e-04
5485,27.424157,1,1.819684e-04
5486,27.429157,0,5.612905e-04
5487,27.434157,0,8.348970e-04
5488,27.439157,0,9.997932e-04
5489,27.444157,1,2.106374e-04
5490,27.449157,0,5.927497e-04
5491,27.454157,0,8.689201e-04
5492,27.459157,1,1.830761e-04
5493,27.464157,0,5.023388e-04
5494,27.469157,0,7.201725e-04
5495,27.474157,0,8.466260e-04
5496,27.479157,0,9.222945e-04
5497,27.484157,0,9.688598e-04
5498,27.489157,0,9.981713e-04
5499,27.494157,1,1.835859e-04
5500,27.499157,0,5.664544e-04
5501,27.504157,0,8.426839e-04
5502,27.509157,1,1.834864e-04
5503,27.514157,0,4.942697e-04
5504,27.519157,0,7.088874e-04
5505,27.524157,0,8.344193e-04
5506,27.529157,0,9.100153e-04
5507,27.534157,0,9.568073e-04
5508,27.539157,0,9.864244e-04
5509,27.544157,1,1.845226e-04
5510,27.549157,0,5.644289e-04
5511,27.554157,0,8.402304e-04
5512,27.559157,1,1.850758e-04
5513,27.564157,0,4.962437e-04
5514,27.569157,0,7.118490e-04
5515,27.574157,0,8.384518e-04
5516,27.579157,0,9.149736e-04
5517,27.584157,0,9.625038e-04
5518,27.589157,0,9.926870e-04
5519,27.594157,1,1.872972e-04
5520,27.599157,0,5.706567e-04
5521,27.604157,0,8.499526e-04
5522,27.609157,1,1.884982e-04
5523,27.614157,0,5.039908e-04
5524,27.619157,0,7.231174e-04
5525,27.624157,0,8.521142e-04
5526,27.629157,0,9.302676e-04
5527,27.634157,0,9.789187e-04
5528,27.639157,1,1.845508e-04
5529,27.644157,0,5.603111e-04
5530,27.649157,0,8.315471e-04
5531,27.654157,0,9.953436e-04
5532,27.659157,1,2.094704e-04
5533,27.664157,0,5.901435e-04
5534,27.669157,0,8.651483e-04
5535,27.674157,1,1.824645e-04
5536,27.679157,0,5.005247e-04
5537,27.684157,0,7.175537e-04
5538,27.689157,0,8.435902e-04
5539,27.694157,0,9.190439e-04
5540,27.699157,0,9.655001e-04
5541,27.704157,0,9.947581e-04
5542,27.709157,1,1.831955e-04
5543,27.714157,0,5.648307e-04
5544,27.719157,0,8.402854e-04
5545,27.724157,1,1.831258e-04
5546,27.729157,0,4.931154e-04
5547,27.734157,0,7.072149e-04
5548,27.739157,0,8.324756e-04
5549,27.744157,0,9.079286e-04
5550,27.749157,0,9.546451e-04
5551,27.754157,0,9.842226e-04
5552,27.759157,1,1.842445e-04
5553,27.764157,0,5.633343e-04
5554,27.769157,0,8.386172e-04
5555,27.774157,1,1.848280e-04
5556,27.779157,0,4.954354e-04
5557,27.784157,0,7.106768e-04
5558,27.789157,0,8.370865e-04
5559,27.794157,0,9.135048e-04
5560,27.799157,0,9.609794e-04
5561,27.804157,0,9.911330e-04
5562,27.809157,1,1.871037e-04
5563,27.814157,0,5.698879e-04
5564,27.819157,0,8.488059e-04
5565,27.824157,1,1.883172e-04
5566,27.829157,0,5.034065e-04
5567,27.834157,0,7.222647e-04
5568,27.839157,0,8.511149e-04
5569,27.844157,0,9.291867e-04
5570,27.849157,0,9.777918e-04
5571,27.854157,1,1.843922e-04
5572,27.859157,0,5.597229e-04
5573,27.864157,0,8.306714e-04
5574,27.869157,0,9.943062e-04
5575,27.874157,1,2.092980e-04
5576,27.879157,0,5.895766e-04
5577,27.884157,0,8.643105e-04
5578,27.889157,1,1.823238e-04
5579,27.894157,0,5.000727e-04
5580,27.899157,0,7.168943e-04
5581,27.904157,0,8.428137e-04
5582,27.909157,0,9.181995e-04
5583,27.914157,0,9.646155e-04
5584,27.919157,0,9.938491e-04
5585,27.924157,1,1.830521e-04
5586,27.929157,0,5.643337e-04
5587,27.934157,0,8.395395e-04
5588,27.939157,1,1.829856e-04
5589,27.944157,0,4.926899e-04
5590,27.949157,0,7.065954e-04
5591,27.954157,0,8.317437e-04
5592,27.959157,0,9.071296e-04
5593,27.964157,0,9.538051e-04
5594,27.969157,0,9.833568e-04
5595,27.974157,1,1.840941e-04
5596,27.979157,0,5.628410e-04
5597,27.984157,0,8.378774e-04
5598,27.989157,1,1.846800e-04
5599,27.994157,0,4.950009e-04
5600,27.999157,0,7.100453e-04
5601,28.004157,0,8.363392e-04
5602,28.009157,0,9.126875e-04
5603,28.014157,0,9.601186e-04
5604,28.019157,0,9.902446e-04
5605,28.024157,1,1.869427e-04
5606,28.029157,0,5.693743e-04
5607,28.034157,0,8.480350e-04
5608,28.039157,1,1.881558e-04
5609,28.044157,0,5.029458e-04
5610,28.049157,0,7.215970e-04
5611,28.054157,0,8.503247e-04
5612,28.059157,0,9.283218e-04
5613,28.064157,0,9.768802e-04
5614,28.069157,1,1.842217e-04
5615,28.074157,0,5.591938e-04
5616,28.079157,0,8.298817e-04
5617,28.084157,0,9.933580e-04
5618,28.089157,1,2.091063e-04
5619,28.094157,0,5.890071e-04
5620,28.099157,0,8.634695e-04
5621,28.104157,1,1.821466e-04
5622,28.109157,0,4.995794e-04
5623,28.114157,0,7.161831e-04
5624,28.119157,0,8.419750e-04
5625,28.124157,0,9.172839e-04
5626,28.129157,0,9.636523e-04
5627,28.134157,0,9.928558e-04
5628,28.139157,1,1.828744e-04
5629,28.144157,0,5.637606e-04
5630,28.149157,0,8.386829e-04
5631,28.154157,1,1.827984e-04
5632,28.159157,0,4.921813e-04
5633,28.164157,0,7.058625e-04
5634,28.169157,0,8.308789e-04
5635,28.174157,0,9.061850e-04
5636,28.179157,0,9.528109e-04
5637,28.184157,0,9.823311e-04
5638,28.189157,1,1.839052e-04
5639,28.194157,0,5.622449e-04
5640,28.199157,0,8.369870e-04
5641,28.204157,1,1.844818e-04
5642,28.209157,0,4.944686e-04
5643,28.214157,0,7.092793e-04
5644,28.219157,0,8.354354e-04
5645,28.224157,0,9.117001e-04
5646,28.229157,0,9.590791e-04
5647,28.234157,0,9.891720e-04
5648,28.239157,1,1.867412e-04
5649,28.244157,0,5.687484e-04
5650,28.249157,0,8.471012e-04
5651,28.254157,1,1.879455e-04
5652,28.259157,0,5.023857e-04
5653,28.264157,0,7.207917e-04
5654,28.269157,0,8.493745e-04
5655,28.274157,0,9.272837e-04
5656,28.279157,0,9.757872e-04
5657,28.284157,1,1.840157e-04
5658,28.289157,0,5.585592e-04
5659,28.294157,0,8.289389e-04
5660,28.299157,0,9.922288e-04
5661,28.304157,1,2.088659e-04
5662,28.309157,0,5.883325e-04
5663,28.314157,0,8.624792e-04
5664,28.319157,1,1.819371e-04
5665,28.324157,0,4.989991e-04
5666,28.329157,0,7.153496e-04
5667,28.334157,0,8.409942e-04
5668,28.339157,0,9.162150e-04
5669,28.344157,0,9.625290e-04
5670,28.349157,0,9.916984e-04
5671,28.354157,1,1.826567e-04
5672,28.359157,0,5.630982e-04
5673,28.364157,0,8.376970e-04
5674,28.369157,1,1.825839e-04
5675,28.374157,0,4.915966e-04
5676,28.379157,0,7.050225e-04
5677,28.384157,0,8.298893e-04
5678,28.389157,0,9.051054e-04
5679,28.394157,0,9.516755e-04
5680,28.399157,0,9.811605e-04
5681,28.404157,1,1.836828e-04
5682,28.409157,0,5.615713e-04
5683,28.414157,0,8.359836e-04
5684,28.419157,1,1.842617e-04
5685,28.424157,0,4.938707e-04
5686,28.429157,0,7.084201e-04
5687,28.434157,0,8.344227e-04
5688,28.439157,0,9.105946e-04
5689,28.444157,0,9.579160e-04
5690,28.449157,0,9.879724e-04
5691,28.454157,1,1.865133e-04
5692,28.459157,0,5.680561e-04
5693,28.464157,0,8.460689e-04
5694,28.469157,1,1.877182e-04
5695,28.474157,0,5.017695e-04
5696,28.479157,0,7.199057e-04
5697,28.484157,0,8.483297e-04
5698,28.489157,0,9.261428e-04
5699,28.494157,0,9.745866e-04
5700,28.499157,1,1.837901e-04
5701,28.504157,0,5.578704e-04
5702,28.509157,0,8.279147e-04
5703,28.514157,0,9.910022e-04
5704,28.519157,1,2.086109e-04
5705,28.524157,0,5.876020e-04
5706,28.529157,0,8.614064e-04
5707,28.534157,1,1.817136e-04
5708,28.539157,0,4.983776e-04
5709,28.544157,0,7.144559e-04
5710,28.549157,0,8.399423e-04
5711,28.554157,0,9.150684e-04
5712,28.559157,0,9.613242e-04
5713,28.564157,0,9.904568e-04
5714,28.569157,1,1.824304e-04
5715,28.574157,0,5.623903e-04
5716,28.579157,0,8.366424e-04
5717,28.584157,1,1.823587e-04
5718,28.589157,0,4.909779e-04
5719,28.594157,0,7.041322e-04
5720,28.599157,0,8.288401e-04
5721,28.604157,0,9.039604e-04
5722,28.609157,0,9.504714e-04
5723,28.614157,0,9.799189e-04
5724,28.619157,0,9.989087e-04
5725,28.624157,1,1.880523e-04
5726,28.629157,0,5.747372e-04
5727,28.634157,0,8.577458e-04
5728,28.639157,1,1.922604e-04
5729,28.644157,0,5.116594e-04
5730,28.649157,0,7.342252e-04
5731,28.654157,0,8.656702e-04
5732,28.659157,0,9.455426e-04
5733,28.664157,0,9.954019e-04
5734,28.669157,1,1.890241e-04
5735,28.674157,0,5.718721e-04
5736,28.679157,0,8.490140e-04
5737,28.684157,1,1.854625e-04
5738,28.689157,0,4.992724e-04
5739,28.694157,0,7.160520e-04
5740,28.699157,0,8.430621e-04
5741,28.704157,0,9.196885e-04
5742,28.709157,0,9.672061e-04
5743,28.714157,0,9.973367e-04
5744,28.719157,1,1.873674e-04
5745,28.724157,0,5.719718e-04
5746,28.729157,0,8.516306e-04
5747,28.734157,1,1.883063e-04
5748,28.739157,0,5.039417e-04
5749,28.744157,0,7.229022e-04
5750,28.749157,0,8.516353e-04
5751,28.754157,0,9.295381e-04
5752,28.759157,0,9.779820e-04
5753,28.764157,1,1.839145e-04
5754,28.769157,0,5.588882e-04
5755,28.774157,0,8.292511e-04
5756,28.779157,0,9.923523e-04
5757,28.784157,1,2.084948e-04
5758,28.789157,0,5.876228e-04
5759,28.794157,0,8.612814e-04
5760,28.799157,1,1.813285e-04
5761,28.804157,0,4.977195e-04
5762,28.809157,0,7.134475e-04
5763,28.814157,0,8.386361e-04
5764,28.819157,0,9.135323e-04
5765,28.824157,0,9.596175e-04
5766,28.829157,0,9.886259e-04
5767,28.834157,1,1.818318e-04
5768,28.839157,0,5.608635e-04
5769,28.844157,0,8.342621e-04
5770,28.849157,0,9.990327e-04
5771,28.854157,1,2.104723e-04
5772,28.859157,0,5.922972e-04
5773,28.864157,0,8.682574e-04
5774,28.869157,1,1.829376e-04
5775,28.874157,0,5.019533e-04
5776,28.879157,0,7.196194e-04
5777,28.884157,0,8.459756e-04
5778,28.889157,0,9.215857e-04
5779,28.894157,0,9.681151e-04
5780,28.899157,0,9.974039e-04
5781,28.904157,1,1.834414e-04
5782,28.909157,0,5.660185e-04
5783,28.914157,0,8.420356e-04
5784,28.919157,1,1.833477e-04
5785,28.924157,0,4.938884e-04
5786,28.929157,0,7.083397e-04
5787,28.934157,0,8.337742e-04
5788,28.939157,0,9.093114e-04
5789,28.944157,0,9.560672e-04
5790,28.949157,0,9.856612e-04
5791,28.954157,1,1.843784e-04
5792,28.959157,0,5.639929e-04
5793,28.964157,0,8.395810e-04
5794,28.969157,1,1.849358e-04
5795,28.974157,0,4.958598e-04
5796,28.979157,0,7.112972e-04
5797,28.984157,0,8.378014e-04
5798,28.989157,0,9.142636e-04
5799,28.994157,0,9.617568e-04
5800,28.999157,0,9.919165e-04
5801,29.004157,1,1.871513e-04
5802,29.009157,0,5.702147e-04
5803,29.014157,0,8.492937e-04
5804,29.019157,1,1.883545e-04
5805,29.024157,0,5.035996e-04
5806,29.029157,0,7.225552e-04
5807,29.034157,0,8.514513e-04
5808,29.039157,0,9.295437e-04
5809,29.044157,0,9.781569e-04
5810,29.049157,1,1.844068e-04
5811,29.054157,0,5.598756e-04
5812,29.059157,0,8.309004e-04
5813,29.064157,0,9.945693e-04
5814,29.069157,1,2.093088e-04
5815,29.074157,0,5.896831e-04
5816,29.079157,0,8.644729e-04
5817,29.084157,1,1.823216e-04
5818,29.089157,0,5.001336e-04
5819,29.094157,0,7.169927e-04
5820,29.099157,0,8.429305e-04
5821,29.104157,0,9.183251e-04
5822,29.109157,0,9.647450e-04
5823,29.114157,0,9.939801e-04
5824,29.119157,1,1.830510e-04
5825,29.124157,0,5.643862e-04
5826,29.129157,0,8.396247e-04
5827,29.134157,1,1.829801e-04
5828,29.139157,0,4.927261e-04
5829,29.144157,0,7.066567e-04
5830,29.149157,0,8.318187e-04
5831,29.154157,0,9.072121e-04
5832,29.159157,0,9.538919e-04
5833,29.164157,0,9.834461e-04
5834,29.169157,1,1.840953e-04
5835,29.174157,0,5.628858e-04
5836,29.179157,0,8.379511e-04
5837,29.184157,1,1.846779e-04
5838,29.189157,0,4.950389e-04
5839,29.194157,0,7.101088e-04
5840,29.199157,0,8.364178e-04
5841,29.204157,0,9.127751e-04
5842,29.209157,0,9.602119e-04
5843,29.214157,0,9.903415e-04
5844,29.219157,1,1.869480e-04
5845,29.224157,0,5.694278e-04
5846,29.229157,0,8.481228e-04
5847,29.234157,1,1.881612e-04
5848,29.239157,0,5.029973e-04
5849,29.244157,0,7.216789e-04
5850,29.249157,0,8.504250e-04
5851,29.254157,0,9.284338e-04
5852,29.259157,0,9.769996e-04
5853,29.264157,1,1.842346e-04
5854,29.269157,0,5.592637e-04
5855,29.274157,0,8.299925e-04
5856,29.279157,0,9.934943e-04
5857,29.284157,1,2.091228e-04
5858,29.289157,0,5.890906e-04
5859,29.294157,0,8.635996e-04
5860,29.299157,1,1.821648e-04
5861,29.304157,0,4.996556e-04
5862,29.309157,0,7.162988e-04
5863,29.314157,0,8.421144e-04
5864,29.319157,0,9.174379e-04
5865,29.324157,0,9.638155e-04
5866,29.329157,0,9.930249e-04
5867,29.334157,1,1.828949e-04
5868,29.339157,0,5.638597e-04
5869,29.344157,0,8.388365e-04
5870,29.349157,1,1.828228e-04
5871,29.354157,0,4.922715e-04
5872,29.359157,0,7.059979e-04
5873,29.364157,0,8.310412e-04
5874,29.369157,0,9.063637e-04
5875,29.374157,0,9.529999e-04
5876,29.379157,0,9.825268e-04
5877,29.384157,1,1.839333e-04
5878,29.389157,0,5.623595e-04
5879,29.394157,0,8.371628e-04
5880,29.399157,1,1.845127e-04
5881,29.404157,0,4.945729e-04
5882,29.409157,0,7.094342e-04
5883,29.414157,0,8.356202e-04
5884,29.419157,0,9.119031e-04
5885,29.424157,0,9.592935e-04
5886,29.429157,0,9.893937e-04
5887,29.434157,1,1.867772e-04
5888,29.439157,0,5.688786e-04
5889,29.444157,0,8.472990e-04
5890,29.449157,1,1.879831e-04
5891,29.454157,0,5.025039e-04
5892,29.459157,0,7.209655e-04
5893,29.464157,0,8.495812e-04
5894,29.469157,0,9.275104e-04
5895,29.474157,0,9.760264e-04
5896,29.479157,1,1.840565e-04
5897,29.484157,0,5.586990e-04
5898,29.489157,0,8.291492e-04
5899,29.494157,0,9.924819e-04
5900,29.499157,1,2.089136e-04
5901,29.504157,0,5.884834e-04
5902,29.509157,0,8.627040e-04
5903,29.514157,1,1.819810e-04
5904,29.519157,0,4.991312e-04
5905,29.524157,0,7.155420e-04
5906,29.529157,0,8.412218e-04
5907,29.534157,0,9.164636e-04
5908,29.539157,0,9.627905e-04
5909,29.544157,0,9.919680e-04
5910,29.549157,1,1.827022e-04
5911,29.554157,0,5.632528e-04
5912,29.559157,0,8.379295e-04
5913,29.564157,1,1.826315e-04
5914,29.569157,0,4.917347e-04
5915,29.574157,0,7.052232e-04
5916,29.579157,0,8.301267e-04
5917,29.584157,0,9.053647e-04
5918,29.589157,0,9.519485e-04
5919,29.594157,0,9.814420e-04
5920,29.599157,1,1.837320e-04
5921,29.604157,0,5.617336e-04
5922,29.609157,0,8.362274e-04
5923,29.614157,1,1.843131e-04
5924,29.619157,0,4.940165e-04
5925,29.624157,0,7.086314e-04
5926,29.629157,0,8.346724e-04
5927,29.634157,0,9.108675e-04
5928,29.639157,0,9.582033e-04
5929,29.644157,0,9.882687e-04
5930,29.649157,1,1.865656e-04
5931,29.654157,0,5.682279e-04
5932,29.659157,0,8.463267e-04
5933,29.664157,1,1.877735e-04
5934,29.669157,0,5.019238e-04
5935,29.674157,0,7.201291e-04
5936,29.679157,0,8.485938e-04
5937,29.684157,0,9.264314e-04
5938,29.689157,0,9.748904e-04
5939,29.694157,1,1.838430e-04
5940,29.699157,0,5.580455e-04
5941,29.704157,0,8.281768e-04
5942,29.709157,0,9.913165e-04
5943,29.714157,1,2.086748e-04
5944,29.719157,0,5.877893e-04
5945,29.724157,0,8.616828e-04
5946,29.729157,1,1.817672e-04
5947,29.734157,0,4.985380e-04
5948,29.739157,0,7.146887e-04
5949,29.744157,0,8.402171e-04
5950,29.749157,0,9.153682e-04
5951,29.754157,0,9.616394e-04
5952,29.759157,0,9.907817e-04
5953,29.764157,1,1.824887e-04
5954,29.769157,0,5.625755e-04
5955,29.774157,0,8.369195e-04
5956,29.779157,1,1.824131e-04
5957,29.784157,0,4.911402e-04
5958,29.789157,0,7.043679e-04
5959,29.794157,0,8.291186e-04
5960,29.799157,0,9.042647e-04
5961,29.804157,0,9.507915e-04
5962,29.809157,0,9.802491e-04
5963,29.814157,0,9.992452e-04
5964,29.819157,1,1.881131e-04
5965,29.824157,0,5.749301e-04
5966,29.829157,0,8.580357e-04
5967,29.834157,1,1.923178e-04
5968,29.839157,0,5.118309e-04
5969,29.844157,0,7.344748e-04
5970,29.849157,0,8.659657e-04
5971,29.854157,0,9.458658e-04
5972,29.859157,0,9.957424e-04
5973,29.864157,1,1.890851e-04
5974,29.869157,0,5.720661e-04
5975,29.874157,0,8.493045e-04
5976,29.879157,1,1.855174e-04
5977,29.884157,0,4.994412e-04
5978,29.889157,0,7.162978e-04
5979,29.894157,0,8.433529e-04
5980,29.899157,0,9.200062e-04
5981,29.904157,0,9.675405e-04
5982,29.909157,0,9.976816e-04
5983,29.914157,1,1.874277e-04
5984,29.919157,0,5.721670e-04
5985,29.924157,0,8.519241e-04
5986,29.929157,1,1.883619e-04
5987,29.934157,0,5.041127e-04
5988,29.939157,0,7.231514e-04
5989,29.944157,0,8.519302e-04
5990,29.949157,0,9.298605e-04
5991,29.954157,0,9.783215e-04
5992,29.959157,1,1.839729e-04
5993,29.964157,0,5.590791e-04
5994,29.969157,0,8.295373e-04
5995,29.974157,0,9.926957e-04
5996,29.979157,1,2.085570e-04
5997,29.984157,0,5.878234e-04
5998,29.989157,0,8.615794e-04
5999,29.994157,1,1.813848e-04
6000,29.999157,0,4.978881e-04
6001,30.004157,0,7.136926e-04
6002,30.009157,0,8.389256e-04
6003,30.014157,0,9.138481e-04
6004,30.019157,0,9.599494e-04
6005,30.024157,0,9.889680e-04
6006,30.029157,1,1.818842e-04
6007,30.034157,0,5.610549e-04
6008,30.039157,0,8.345505e-04
6009,30.044157,0,9.993792e-04
6010,30.049157,1,2.105389e-04
6011,30.054157,0,5.924988e-04
6012,30.059157,0,8.685562e-04
6013,30.064157,1,1.829912e-04
6014,30.069157,0,5.021230e-04
6015,30.074157,0,7.198664e-04
6016,30.079157,0,8.462672e-04
6017,30.084157,0,9.219040e-04
6018,30.089157,0,9.684496e-04
6019,30.094157,0,9.977487e-04
6020,30.099157,1,1.834985e-04
6021,30.104157,0,5.662108e-04
6022,30.109157,0,8.423247e-04
6023,30.114157,1,1.834024e-04
6024,30.119157,0,4.940551e-04
6025,30.124157,0,7.085822e-04
6026,30.129157,0,8.340608e-04
6027,30.134157,0,9.096245e-04
6028,30.139157,0,9.563965e-04
6029,30.144157,0,9.860008e-04
6030,30.149157,1,1.844362e-04
6031,30.154157,0,5.641843e-04
6032,30.159157,0,8.398685e-04
6033,30.164157,1,1.849923e-04
6034,30.169157,0,4.960274e-04
6035,30.174157,0,7.115406e-04
6036,30.179157,0,8.380891e-04
6037,30.184157,0,9.145779e-04
6038,30.189157,0,9.620875e-04
6039,30.194157,0,9.922577e-04
6040,30.199157,1,1.872110e-04
6041,30.204157,0,5.704087e-04
6042,30.209157,0,8.495849e-04
6043,30.214157,1,1.884140e-04
6044,30.219157,0,5.037710e-04
6045,30.224157,0,7.228034e-04
6046,30.229157,0,8.517446e-04
6047,30.234157,0,9.298642e-04
6048,30.239157,0,9.784943e-04
6049,30.244157,1,1.844666e-04
6050,30.249157,0,5.600673e-04
6051,30.254157,0,8.311868e-04
6052,30.259157,0,9.949127e-04
6053,30.264157,1,2.093774e-04
6054,30.269157,0,5.898866e-04
6055,30.274157,0,8.647728e-04
6056,30.279157,1,1.823818e-04
6057,30.284157,0,5.003065e-04
6058,30.289157,0,7.172424e-04
6059,30.294157,0,8.432247e-04
6060,30.299157,0,9.186459e-04
6061,30.304157,0,9.650821e-04
6062,30.309157,0,9.943275e-04
6063,30.314157,1,1.831134e-04
6064,30.319157,0,5.645848e-04
6065,30.324157,0,8.399208e-04
6066,30.329157,1,1.830427e-04
6067,30.334157,0,4.929000e-04
6068,30.339157,0,7.069075e-04
6069,30.344157,0,8.321143e-04
6070,30.349157,0,9.075348e-04
6071,30.354157,0,9.542312e-04
6072,30.359157,0,9.837959e-04
6073,30.364157,1,1.841606e-04
6074,30.369157,0,5.630880e-04
6075,30.374157,0,8.382522e-04
6076,30.379157,1,1.847431e-04
6077,30.384157,0,4.952175e-04
6078,30.389157,0,7.103661e-04
6079,30.394157,0,8.367212e-04
6080,30.399157,0,9.131064e-04
6081,30.404157,0,9.605605e-04
6082,30.409157,0,9.907010e-04
6083,30.414157,1,1.870166e-04
6084,30.419157,0,5.696366e-04
6085,30.424157,0,8.484338e-04
6086,30.429157,1,1.882292e-04
6087,30.434157,0,5.031826e-04
6088,30.439157,0,7.219458e-04
6089,30.444157,0,8.507399e-04
6090,30.449157,0,9.287777e-04
6091,30.454157,0,9.773615e-04
6092,30.459157,1,1.843040e-04
6093,30.464157,0,5.594729e-04
6094,30.469157,0,8.303030e-04
6095,30.474157,0,9.938659e-04
6096,30.479157,1,2.091992e-04
6097,30.484157,0,5.893118e-04
6098,30.489157,0,8.639247e-04
6099,30.494157,1,1.822344e-04
6100,30.499157,0,4.998452e-04
6101,30.504157,0,7.165711e-04
6102,30.509157,0,8.424348e-04
6103,30.514157,0,9.177870e-04
6104,30.519157,0,9.641822e-04
6105,30.524157,0,9.934028e-04
6106,30.529157,1,1.829623e-04
6107,30.534157,0,5.640753e-04
6108,30.539157,0,8.391583e-04
6109,30.544157,1,1.828934e-04
6110,30.549157,0,4.924611e-04
6111,30.554157,0,7.062704e-04
6112,30.559157,0,8.313622e-04
6113,30.564157,0,9.067140e-04
6114,30.569157,0,9.533683e-04
6115,30.574157,0,9.829065e-04
6116,30.579157,1,1.840013e-04
6117,30.584157,0,5.625776e-04
6118,30.589157,0,8.374886e-04
6119,30.594157,1,1.845843e-04
6120,30.599157,0,4.947655e-04
6121,30.604157,0,7.097112e-04
6122,30.609157,0,8.359468e-04
6123,30.614157,0,9.122597e-04
6124,30.619157,0,9.596687e-04
6125,30.624157,0,9.897806e-04
6126,30.629157,1,1.868462e-04
6127,30.634157,0,5.691013e-04
6128,30.639157,0,8.476320e-04
6129,30.644157,1,1.880558e-04
6130,30.649157,0,5.027007e-04
6131,30.654157,0,7.212491e-04
6132,30.659157,0,8.499158e-04
6133,30.664157,0,9.278759e-04
6134,30.669157,0,9.764111e-04
6135,30.674157,1,1.841240e-04
6136,30.679157,0,5.589188e-04
6137,30.684157,0,8.294772e-04
6138,30.689157,0,9.928750e-04
6139,30.694157,1,2.089945e-04
6140,30.699157,0,5.887151e-04
6141,30.704157,0,8.630450e-04
6142,30.709157,1,1.820478e-04
6143,30.714157,0,4.993274e-04
6144,30.719157,0,7.158253e-04
6145,30.724157,0,8.415555e-04
6146,30.729157,0,9.168274e-04
6147,30.734157,0,9.631729e-04
6148,30.739157,0,9.923620e-04
6149,30.744157,1,1.827723e-04
6150,30.749157,0,5.634745e-04
6151,30.754157,0,8.382610e-04
6152,30.759157,1,1.826980e-04
6153,30.764157,0,4.919276e-04
6154,30.769157,0,7.055019e-04
6155,30.774157,0,8.304555e-04
6156,30.779157,0,9.057237e-04
6157,30.784157,0,9.523260e-04
6158,30.789157,0,9.818313e-04
6159,30.794157,1,1.838016e-04
6160,30.799157,0,5.619539e-04
6161,30.804157,0,8.365571e-04
6162,30.809157,1,1.843798e-04
6163,30.814157,0,4.942092e-04
6164,30.819157,0,7.089101e-04
6165,30.824157,0,8.350014e-04
6166,30.829157,0,9.112269e-04
6167,30.834157,0,9.585815e-04
6168,30.839157,0,9.886588e-04
6169,30.844157,1,1.866357e-04
6170,30.849157,0,5.684494e-04
6171,30.854157,0,8.466586e-04
6172,30.859157,1,1.878413e-04
6173,30.864157,0,5.021185e-04
6174,30.869157,0,7.204107e-04
6175,30.874157,0,8.489264e-04
6176,30.879157,0,9.267948e-04
6177,30.884157,0,9.752729e-04
6178,30.889157,1,1.839113e-04
6179,30.894157,0,5.582617e-04
6180,30.899157,0,8.284995e-04
6181,30.904157,0,9.917034e-04
6182,30.909157,1,2.087508e-04
6183,30.914157,0,5.880171e-04
6184,30.919157,0,8.620187e-04
6185,30.924157,1,1.818340e-04
6186,30.929157,0,4.987299e-04
6187,30.934157,0,7.149657e-04
6188,30.939157,0,8.405434e-04
6189,30.944157,0,9.157240e-04
6190,30.949157,0,9.620133e-04
6191,30.954157,0,9.911670e-04
6192,30.959157,1,1.825548e-04
6193,30.964157,0,5.627930e-04
6194,30.969157,0,8.372448e-04
6195,30.974157,1,1.824805e-04
6196,30.979157,0,4.913290e-04
6197,30.984157,0,7.046404e-04
6198,30.989157,0,8.294400e-04
6199,30.994157,0,9.046154e-04
6200,30.999157,0,9.511604e-04
6201,31.004157,0,9.806294e-04
6202,31.009157,0,9.996329e-04
6203,31.014157,1,1.881823e-04
6204,31.019157,0,5.751526e-04
6205,31.024157,0,8.583688e-04
6206,31.029157,1,1.923897e-04
6207,31.034157,0,5.120281e-04
6208,31.039157,0,7.347592e-04
6209,31.044157,0,8.663016e-04
6210,31.049157,0,9.462328e-04
6211,31.054157,0,9.961288e-04
6212,31.059157,1,1.891559e-04
6213,31.064157,0,5.722880e-04
6214,31.069157,0,8.496348e-04
6215,31.074157,1,1.855874e-04
6216,31.079157,0,4.996344e-04
6217,31.084157,0,7.165761e-04
6218,31.089157,0,8.436810e-04
6219,31.094157,0,9.203643e-04
6220,31.099157,0,9.679172e-04
6221,31.104157,0,9.980700e-04
6222,31.109157,1,1.874992e-04
6223,31.114157,0,5.723901e-04
6224,31.119157,0,8.522567e-04
6225,31.124157,1,1.884338e-04
6226,31.129157,0,5.043090e-04
6227,31.134157,0,7.234340e-04
6228,31.139157,0,8.522634e-04
6229,31.144157,0,9.302244e-04
6230,31.149157,0,9.787043e-04
6231,31.154157,1,1.840443e-04
6232,31.159157,0,5.592986e-04
6233,31.164157,0,8.298633e-04
6234,31.169157,0,9.930858e-04
6235,31.174157,1,2.086374e-04
6236,31.179157,0,5.880542e-04
6237,31.184157,0,8.619184e-04
6238,31.189157,1,1.814561e-04
6239,31.194157,0,4.980847e-04
6240,31.199157,0,7.139748e-04
6241,31.204157,0,8.392574e-04
6242,31.209157,0,9.142096e-04
6243,31.214157,0,9.603291e-04
6244,31.219157,0,9.893592e-04
6245,31.224157,1,1.819548e-04
6246,31.229157,0,5.612772e-04
6247,31.234157,0,8.348817e-04
6248,31.239157,0,9.997759e-04
6249,31.244157,1,2.106225e-04
6250,31.249157,0,5.927346e-04
6251,31.254157,0,8.689021e-04
6252,31.259157,1,1.830629e-04
6253,31.264157,0,5.023233e-04
6254,31.269157,0,7.201542e-04
6255,31.274157,0,8.466058e-04
6256,31.279157,0,9.222730e-04
6257,31.284157,0,9.688373e-04
6258,31.289157,0,9.981481e-04
6259,31.294157,1,1.835728e-04
6260,31.299157,0,5.664383e-04
6261,31.304157,0,8.426631e-04
6262,31.309157,1,1.834748e-04
6263,31.314157,0,4.942539e-04
6264,31.319157,0,7.088680e-04
6265,31.324157,0,8.343974e-04
6266,31.329157,0,9.099917e-04
6267,31.334157,0,9.567827e-04
6268,31.339157,0,9.863989e-04
6269,31.344157,1,1.845114e-04
6270,31.349157,0,5.644126e-04
6271,31.354157,0,8.402085e-04
6272,31.359157,1,1.850655e-04
6273,31.364157,0,4.962283e-04
6274,31.369157,0,7.118295e-04
6275,31.374157,0,8.384297e-04
6276,31.379157,0,9.149497e-04
6277,31.384157,0,9.624787e-04
6278,31.389157,0,9.926611e-04
6279,31.394157,1,1.872876e-04
6280,31.399157,0,5.706408e-04
6281,31.404157,0,8.499307e-04
6282,31.409157,1,1.884884e-04
6283,31.414157,0,5.039758e-04
6284,31.419157,0,7.230983e-04
6285,31.424157,0,8.520924e-04
6286,31.429157,0,9.302440e-04
6287,31.434157,0,9.788940e-04
6288,31.439157,1,1.845420e-04
6289,31.444157,0,5.602958e-04
6290,31.449157,0,8.315263e-04
6291,31.454157,0,9.953192e-04
6292,31.459157,1,2.094598e-04
6293,31.464157,0,5.901272e-04
6294,31.469157,0,8.651266e-04
6295,31.474157,1,1.824558e-04
6296,31.479157,0,5.005104e-04
6297,31.484157,0,7.175355e-04
6298,31.489157,0,8.435696e-04
6299,31.494157,0,9.190218e-04
6300,31.499157,0,9.654770e-04
6301,31.504157,0,9.947344e-04
6302,31.509157,1,1.831844e-04
6303,31.514157,0,5.648152e-04
6304,31.519157,0,8.402649e-04
6305,31.524157,1,1.831164e-04
6306,31.529157,0,4.931007e-04
6307,31.534157,0,7.071962e-04
6308,31.539157,0,8.324545e-04
6309,31.544157,0,9.079060e-04
6310,31.549157,0,9.546216e-04
6311,31.554157,0,9.841984e-04
6312,31.559157,1,1.842319e-04
6313,31.564157,0,5.633176e-04
6314,31.569157,0,8.385953e-04
6315,31.574157,1,1.848172e-04
6316,31.579157,0,4.954188e-04
6317,31.584157,0,7.106558e-04
6318,31.589157,0,8.370628e-04
6319,31.594157,0,9.134794e-04
6320,31.599157,0,9.609528e-04
6321,31.604157,0,9.911057e-04
6322,31.609157,1,1.870889e-04
6323,31.614157,0,5.698684e-04
6324,31.619157,0,8.487804e-04
6325,31.624157,1,1.883042e-04
6326,31.629157,0,5.033866e-04
6327,31.634157,0,7.222395e-04
6328,31.639157,0,8.510864e-04
6329,31.644157,0,9.291561e-04
6330,31.649157,0,9.777598e-04
6331,31.654157,1,1.843750e-04
6332,31.659157,0,5.597000e-04
6333,31.664157,0,8.306412e-04
6334,31.669157,0,9.942711e-04
6335,31.674157,1,2.092828e-04
6336,31.679157,0,5.895504e-04
6337,31.684157,0,8.642756e-04
6338,31.689157,1,1.823050e-04
6339,31.694157,0,5.000471e-04
6340,31.699157,0,7.168618e-04
6341,31.704157,0,8.427769e-04
6342,31.709157,0,9.181599e-04
6343,31.714157,0,9.645740e-04
6344,31.719157,0,9.938065e-04
6345,31.724157,1,1.830348e-04
6346,31.729157,0,5.643030e-04
6347,31.734157,0,8.394979e-04
6348,31.739157,1,1.829643e-04
6349,31.744157,0,4.926593e-04
6350,31.749157,0,7.065560e-04
6351,31.754157,0,8.316987e-04
6352,31.759157,0,9.070811e-04
6353,31.764157,0,9.537543e-04
6354,31.769157,0,9.833045e-04
6355,31.774157,1,1.840740e-04
6356,31.779157,0,5.628039e-04
6357,31.784157,0,8.378264e-04
6358,31.789157,1,1.846561e-04
6359,31.794157,0,4.949642e-04
6360,31.799157,0,7.099972e-04
6361,31.804157,0,8.362840e-04
6362,31.809157,0,9.126278e-04
6363,31.814157,0,9.600560e-04
6364,31.819157,0,9.901801e-04
6365,31.824157,1,1.869200e-04
6366,31.829157,0,5.693298e-04
6367,31.834157,0,8.479731e-04
6368,31.839157,1,1.881296e-04
6369,31.844157,0,5.029025e-04
6370,31.849157,0,7.215394e-04
6371,31.854157,0,8.502581e-04
6372,31.859157,0,9.282497e-04
6373,31.864157,0,9.768045e-04
6374,31.869157,1,1.841969e-04
6375,31.874157,0,5.591431e-04
6376,31.879157,0,8.298108e-04
6377,31.884157,0,9.932745e-04
6378,31.889157,1,2.090773e-04
6379,31.894157,0,5.889519e-04
6380,31.899157,0,8.633927e-04
6381,31.904157,1,1.821200e-04
6382,31.909157,0,4.995281e-04
6383,31.914157,0,7.161136e-04
6384,31.919157,0,8.418947e-04
6385,31.924157,0,9.171970e-04
6386,31.929157,0,9.635612e-04
6387,31.934157,0,9.927621e-04
6388,31.939157,1,1.828456e-04
6389,31.944157,0,5.637022e-04
6390,31.949157,0,8.385998e-04
6391,31.954157,1,1.827711e-04
6392,31.959157,0,4.921263e-04
6393,31.964157,0,7.057874e-04
6394,31.969157,0,8.307917e-04
6395,31.974157,0,9.060904e-04
6396,31.979157,0,9.527116e-04
6397,31.984157,0,9.822288e-04
6398,31.989157,1,1.838763e-04
6399,31.994157,0,5.621821e-04
6400,31.999157,0,8.368968e-04
6401,32.004157,1,1.844541e-04
6402,32.009157,0,4.944100e-04
6403,32.014157,0,7.091985e-04
6404,32.019157,0,8.353412e-04
6405,32.024157,0,9.115978e-04
6406,32.029157,0,9.589716e-04
6407,32.034157,0,9.890612e-04
6408,32.039157,1,1.867124e-04
6409,32.044157,0,5.686815e-04
6410,32.049157,0,8.470041e-04
6411,32.054157,1,1.879175e-04
6412,32.059157,0,5.023237e-04
6413,32.064157,0,7.207055e-04
6414,32.069157,0,8.492738e-04
6415,32.074157,0,9.271741e-04
6416,32.079157,0,9.756721e-04
6417,32.084157,1,1.839876e-04
6418,32.089157,0,5.584909e-04
6419,32.094157,0,8.288396e-04
6420,32.099157,0,9.921104e-04
6421,32.104157,1,2.088357e-04
6422,32.109157,0,5.882587e-04
6423,32.114157,0,8.623732e-04
6424,32.119157,1,1.819097e-04
6425,32.124157,0,4.989356e-04
6426,32.129157,0,7.152605e-04
6427,32.134157,0,8.408900e-04
6428,32.139157,0,9.161016e-04
6429,32.144157,0,9.624100e-04
6430,32.149157,0,9.915756e-04
6431,32.154157,1,1.826290e-04
6432,32.159157,0,5.630255e-04
6433,32.164157,0,8.375910e-04
6434,32.169157,1,1.825566e-04
6435,32.174157,0,4.915324e-04
6436,32.179157,0,7.049322e-04
6437,32.184157,0,8.297835e-04
6438,32.189157,0,9.049901e-04
6439,32.194157,0,9.515544e-04
6440,32.199157,0,9.810356e-04
6441,32.204157,1,1.836545e-04
6442,32.209157,0,5.614970e-04
6443,32.214157,0,8.358750e-04
6444,32.219157,1,1.842341e-04
6445,32.224157,0,4.938048e-04
6446,32.229157,0,7.083271e-04
6447,32.234157,0,8.343135e-04
6448,32.239157,0,9.104756e-04
6449,32.244157,0,9.577909e-04
6450,32.249157,0,9.878433e-04
6451,32.254157,1,1.864838e-04
6452,32.259157,0,5.679792e-04
6453,32.264157,0,8.459563e-04
6454,32.269157,1,1.876897e-04
6455,32.274157,0,5.017009e-04
6456,32.279157,0,7.198089e-04
6457,32.284157,0,8.482160e-04
6458,32.289157,0,9.260188e-04
6459,32.294157,0,9.744561e-04
6460,32.299157,1,1.837598e-04
6461,32.304157,0,5.577928e-04
6462,32.309157,0,8.278019e-04
6463,32.314157,0,9.908678e-04
6464,32.319157,1,2.085792e-04
6465,32.324157,0,5.875205e-04
6466,32.329157,0,8.612883e-04
6467,32.334157,1,1.816827e-04
6468,32.339157,0,4.983063e-04
6469,32.344157,0,7.143560e-04
6470,32.349157,0,8.398257e-04
6471,32.354157,0,9.149417e-04
6472,32.359157,0,9.611912e-04
6473,32.364157,0,9.903200e-04
6474,32.369157,1,1.824014e-04
6475,32.374157,0,5.623102e-04
6476,32.379157,0,8.365249e-04
6477,32.384157,1,1.823265e-04
6478,32.389157,0,4.909055e-04
6479,32.394157,0,7.040308e-04
6480,32.399157,0,8.287217e-04
6481,32.404157,0,9.038317e-04
6482,32.409157,0,9.503362e-04
6483,32.414157,0,9.797797e-04
6484,32.419157,0,9.987668e-04
6485,32.424157,1,1.880212e-04
6486,32.429157,0,5.746525e-04
6487,32.434157,0,8.576211e-04
6488,32.439157,1,1.922252e-04
6489,32.444157,0,5.115812e-04
6490,32.449157,0,7.341157e-04
6491,32.454157,0,8.655420e-04
6492,32.459157,0,9.454029e-04
6493,32.464157,0,9.952551e-04
6494,32.469157,1,1.889912e-04
6495,32.474157,0,5.717842e-04
6496,32.479157,0,8.488856e-04
6497,32.484157,1,1.854264e-04
6498,32.489157,0,4.991926e-04
6499,32.494157,0,7.159404e-04
6500,32.499157,0,8.429318e-04
6501,32.504157,0,9.195467e-04
6502,32.509157,0,9.670573e-04
6503,32.514157,0,9.971834e-04
6504,32.519157,1,1.873331e-04
6505,32.524157,0,5.718796e-04
6506,32.529157,0,8.514957e-04
6507,32.534157,1,1.882679e-04
6508,32.539157,0,5.038573e-04
6509,32.544157,0,7.227841e-04
6510,32.549157,0,8.514972e-04
6511,32.554157,0,9.293878e-04
6512,32.559157,0,9.778241e-04
6513,32.564157,1,1.838787e-04
6514,32.569157,0,5.587934e-04
6515,32.574157,0,8.291130e-04
6516,32.579157,0,9.921876e-04
6517,32.584157,1,2.084517e-04
6518,32.589157,0,5.875208e-04
6519,32.594157,0,8.611350e-04
6520,32.599157,1,1.812911e-04
6521,32.604157,0,4.976303e-04
6522,32.609157,0,7.133222e-04
6523,32.614157,0,8.384896e-04
6524,32.619157,0,9.133730e-04
6525,32.624157,0,9.594502e-04
6526,32.629157,0,9.884536e-04
6527,32.634157,1,1.817907e-04
6528,32.639157,0,5.607611e-04
6529,32.644157,0,8.341130e-04
6530,32.649157,0,9.988552e-04
6531,32.654157,1,2.104293e-04
6532,32.659157,0,5.921876e-04
6533,32.664157,0,8.680991e-04
6534,32.669157,1,1.828958e-04
6535,32.674157,0,5.018573e-04
6536,32.679157,0,7.194847e-04
6537,32.684157,0,8.458181e-04
6538,32.689157,0,9.214146e-04
6539,32.694157,0,9.679355e-04
6540,32.699157,0,9.972191e-04
6541,32.704157,1,1.834015e-04
6542,32.709157,0,5.659093e-04
6543,32.714157,0,8.418754e-04
6544,32.719157,1,1.833052e-04
6545,32.724157,0,4.937903e-04
6546,32.729157,0,7.082017e-04
6547,32.734157,0,8.336127e-04
6548,32.739157,0,9.091357e-04
6549,32.744157,0,9.558825e-04
6550,32.749157,0,9.854709e-04
6551,32.754157,1,1.843376e-04
6552,32.759157,0,5.638801e-04
6553,32.764157,0,8.394151e-04
6554,32.769157,1,1.848927e-04
6555,32.774157,0,4.957584e-04
6556,32.779157,0,7.111540e-04
6557,32.784157,0,8.376335e-04
6558,32.789157,0,9.140807e-04
6559,32.794157,0,9.615645e-04
6560,32.799157,0,9.917183e-04
6561,32.804157,1,1.871096e-04
6562,32.809157,0,5.700975e-04
6563,32.814157,0,8.491208e-04
6564,32.819157,1,1.883109e-04
6565,32.824157,0,5.034944e-04
6566,32.829157,0,7.224061e-04
6567,32.834157,0,8.512762e-04
6568,32.839157,0,9.293528e-04
6569,32.844157,0,9.779562e-04
6570,32.849157,1,1.843654e-04
6571,32.854157,0,5.597581e-04
6572,32.859157,0,8.307274e-04
6573,32.864157,0,9.943626e-04
6574,32.869157,1,2.092613e-04
6575,32.874157,0,5.895587e-04
6576,32.879157,0,8.642920e-04
6577,32.884157,1,1.822804e-04
6578,32.889157,0,5.000270e-04
6579,32.894157,0,7.168412e-04
6580,32.899157,0,8.427527e-04
6581,32.904157,0,9.181315e-04
6582,32.909157,0,9.645416e-04
6583,32.914157,0,9.937705e-04
6584,32.919157,1,1.830094e-04
6585,32.924157,0,5.642662e-04
6586,32.929157,0,8.394471e-04
6587,32.934157,1,1.829392e-04
6588,32.939157,0,4.926206e-04
6589,32.944157,0,7.065064e-04
6590,32.949157,0,8.316420e-04
6591,32.954157,0,9.070195e-04
6592,32.959157,0,9.536893e-04
6593,32.964157,0,9.832372e-04
6594,32.969157,1,1.840543e-04
6595,32.974157,0,5.627657e-04
6596,32.979157,0,8.377729e-04
6597,32.984157,1,1.846370e-04
6598,32.989157,0,4.949329e-04
6599,32.994157,0,7.099576e-04
6600,32.999157,0,8.362398e-04
6601,33.004157,0,9.125809e-04
6602,33.009157,0,9.600076e-04
6603,33.014157,0,9.901307e-04
6604,33.019157,1,1.869070e-04
6605,33.024157,0,5.693062e-04
6606,33.029157,0,8.479423e-04
6607,33.034157,1,1.881196e-04
6608,33.039157,0,5.028896e-04
6609,33.044157,0,7.215252e-04
6610,33.049157,0,8.502440e-04
6611,33.054157,0,9.282362e-04
6612,33.059157,0,9.767916e-04
6613,33.064157,1,1.841944e-04
6614,33.069157,0,5.591442e-04
6615,33.074157,0,8.298157e-04
6616,33.079157,0,9.932829e-04
6617,33.084157,1,2.090764e-04
6618,33.089157,0,5.889647e-04
6619,33.094157,0,8.634157e-04
6620,33.099157,1,1.821250e-04
6621,33.104157,0,4.995485e-04
6622,33.109157,0,7.161460e-04
6623,33.114157,0,8.419350e-04
6624,33.119157,0,9.172425e-04
6625,33.124157,0,9.636103e-04
6626,33.129157,0,9.928136e-04
6627,33.134157,1,1.828534e-04
6628,33.139157,0,5.637389e-04
6629,33.144157,0,8.386578e-04
6630,33.149157,1,1.827824e-04
6631,33.154157,0,4.921654e-04
6632,33.159157,0,7.058466e-04
6633,33.164157,0,8.308634e-04
6634,33.169157,0,9.061700e-04
6635,33.174157,0,9.527963e-04
6636,33.179157,0,9.823169e-04
6637,33.184157,1,1.838907e-04
6638,33.189157,0,5.622383e-04
6639,33.194157,0,8.369834e-04
6640,33.199157,1,1.844713e-04
6641,33.204157,0,4.944654e-04
6642,33.209157,0,7.092808e-04
6643,33.214157,0,8.354399e-04
6644,33.219157,0,9.117065e-04
6645,33.224157,0,9.590868e-04
6646,33.229157,0,9.891806e-04
6647,33.234157,1,1.867330e-04
6648,33.239157,0,5.687546e-04
6649,33.244157,0,8.471155e-04
6650,33.249157,1,1.879399e-04
6651,33.254157,0,5.023930e-04
6652,33.259157,0,7.208076e-04
6653,33.264157,0,8.493956e-04
6654,33.269157,0,9.273080e-04
6655,33.274157,0,9.758135e-04
6656,33.279157,1,1.840116e-04
6657,33.284157,0,5.585753e-04
6658,33.289157,0,8.289671e-04
6659,33.294157,0,9.922642e-04
6660,33.299157,1,2.088652e-04
6661,33.304157,0,5.883520e-04
6662,33.309157,0,8.625126e-04
6663,33.314157,1,1.819358e-04
6664,33.319157,0,4.990183e-04
6665,33.324157,0,7.153818e-04
6666,33.329157,0,8.410338e-04
6667,33.334157,0,9.162589e-04
6668,33.339157,0,9.625756e-04
6669,33.344157,0,9.917465e-04
6670,33.349157,1,1.826582e-04
6671,33.354157,0,5.631241e-04
6672,33.359157,0,8.377397e-04
6673,33.364157,1,1.825850e-04
6674,33.369157,0,4.916209e-04
6675,33.374157,0,7.050617e-04
6676,33.379157,0,8.299370e-04
6677,33.384157,0,9.051581e-04
6678,33.389157,0,9.517312e-04
6679,33.394157,0,9.812180e-04
6680,33.399157,1,1.836865e-04
6681,33.404157,0,5.616022e-04
6682,33.409157,0,8.360334e-04
6683,33.414157,1,1.842650e-04
6684,33.419157,0,4.938993e-04
6685,33.424157,0,7.084651e-04
6686,33.429157,0,8.344770e-04
6687,33.434157,0,9.106544e-04
6688,33.439157,0,9.579792e-04
6689,33.444157,0,9.880376e-04
6690,33.449157,1,1.865184e-04
6691,33.454157,0,5.680917e-04
6692,33.459157,0,8.461255e-04
6693,33.464157,1,1.877237e-04
6694,33.469157,0,5.018020e-04
6695,33.474157,0,7.199561e-04
6696,33.479157,0,8.483904e-04
6697,33.484157,0,9.262095e-04
6698,33.489157,0,9.746569e-04
6699,33.494157,1,1.837954e-04
6700,33.499157,0,5.579086e-04
6701,33.504157,0,8.279752e-04
6702,33.509157,0,9.910758e-04
6703,33.514157,1,2.086195e-04
6704,33.519157,0,5.876446e-04
6705,33.524157,0,8.614722e-04
6706,33.529157,1,1.817191e-04
6707,33.534157,0,4.984133e-04
6708,33.539157,0,7.145113e-04
6709,33.544157,0,8.400091e-04
6710,33.549157,0,9.151419e-04
6711,33.554157,0,9.614017e-04
6712,33.559157,0,9.905369e-04
6713,33.564157,1,1.824390e-04
6714,33.569157,0,5.624347e-04
6715,33.574157,0,8.367114e-04
6716,33.579157,1,1.823646e-04
6717,33.584157,0,4.910155e-04
6718,33.589157,0,7.041904e-04
6719,33.594157,0,8.289102e-04
6720,33.599157,0,9.040376e-04
6721,33.604157,0,9.505528e-04
6722,33.609157,0,9.800030e-04
6723,33.614157,0,9.989945e-04
6724,33.619157,1,1.880622e-04
6725,33.624157,0,5.747846e-04
6726,33.629157,0,8.578195e-04
6727,33.634157,1,1.922669e-04
6728,33.639157,0,5.116998e-04
6729,33.644157,0,7.342878e-04
6730,33.649157,0,8.657456e-04
6731,33.654157,0,9.456256e-04
6732,33.659157,0,9.954896e-04
6733,33.664157,1,1.890343e-04
6734,33.669157,0,5.719201e-04
6735,33.674157,0,8.490884e-04
6736,33.679157,1,1.854681e-04
6737,33.684157,0,4.993123e-04
6738,33.689157,0,7.161140e-04
6739,33.694157,0,8.431368e-04
6740,33.699157,0,9.197706e-04
6741,33.704157,0,9.672928e-04
6742,33.709157,0,9.974263e-04
6743,33.714157,1,1.873777e-04
6744,33.719157,0,5.720200e-04
6745,33.724157,0,8.517057e-04
6746,33.729157,1,1.883118e-04
6747,33.734157,0,5.039820e-04
6748,33.739157,0,7.229648e-04
6749,33.744157,0,8.517106e-04
6750,33.749157,0,9.296210e-04
6751,33.754157,0,9.780696e-04
6752,33.759157,1,1.839240e-04
6753,33.764157,0,5.589348e-04
6754,33.769157,0,8.293237e-04
6755,33.774157,0,9.924400e-04
6756,33.779157,1,2.085017e-04
6757,33.784157,0,5.876707e-04
6758,33.789157,0,8.613563e-04
6759,33.794157,1,1.813367e-04
6760,33.799157,0,4.977589e-04
6761,33.804157,0,7.135077e-04
6762,33.809157,0,8.387083e-04
6763,33.814157,0,9.136114e-04
6764,33.819157,0,9.597007e-04
6765,33.824157,0,9.887117e-04
6766,33.829157,1,1.818353e-04
6767,33.834157,0,5.609084e-04
6768,33.839157,0,8.343334e-04
6769,33.844157,0,9.991195e-04
6770,33.849157,1,2.104833e-04
6771,33.854157,0,5.923445e-04
6772,33.859157,0,8.683304e-04
6773,33.864157,1,1.829419e-04
6774,33.869157,0,5.019914e-04
6775,33.874157,0,7.196785e-04
6776,33.879157,0,8.460466e-04
6777,33.884157,0,9.216638e-04
6778,33.889157,0,9.681974e-04
6779,33.894157,0,9.974890e-04
6780,33.899157,1,1.834500e-04
6781,33.904157,0,5.660631e-04
6782,33.909157,0,8.421051e-04
6783,33.914157,1,1.833526e-04
6784,33.919157,0,4.939253e-04
6785,33.924157,0,7.083967e-04
6786,33.929157,0,8.338428e-04
6787,33.934157,0,9.093869e-04
6788,33.939157,0,9.561468e-04
6789,33.944157,0,9.857434e-04
6790,33.949157,1,1.843872e-04
6791,33.954157,0,5.640364e-04
6792,33.959157,0,8.396488e-04
6793,33.964157,1,1.849416e-04
6794,33.969157,0,4.958964e-04
6795,33.974157,0,7.113535e-04
6796,33.979157,0,8.378691e-04
6797,33.984157,0,9.143379e-04
6798,33.989157,0,9.618352e-04
6799,33.994157,0,9.919975e-04
6800,33.999157,1,1.871608e-04
6801,34.004157,0,5.702583e-04
6802,34.009157,0,8.493613e-04
6803,34.014157,1,1.883617e-04
6804,34.019157,0,5.036370e-04
6805,34.024157,0,7.226121e-04
6806,34.029157,0,8.515196e-04
6807,34.034157,0,9.296187e-04
6808,34.039157,0,9.782360e-04
6809,34.044157,1,1.844166e-04
6810,34.049157,0,5.599184e-04
6811,34.054157,0,8.309663e-04
6812,34.059157,0,9.946489e-04
6813,34.064157,1,2.093188e-04
6814,34.069157,0,5.897286e-04
6815,34.074157,0,8.645423e-04
6816,34.079157,1,1.823315e-04
6817,34.084157,0,5.001718e-04
6818,34.089157,0,7.170500e-04
6819,34.094157,0,8.429987e-04
6820,34.099157,0,9.183997e-04
6821,34.104157,0,9.648234e-04
6822,34.109157,0,9.940609e-04
6823,34.114157,1,1.830605e-04
6824,34.119157,0,5.644317e-04
6825,34.124157,0,8.396943e-04
6826,34.129157,1,1.829914e-04
6827,34.134157,0,4.927655e-04
6828,34.139157,0,7.067154e-04
6829,34.144157,0,8.318884e-04
6830,34.149157,0,9.072885e-04
6831,34.154157,0,9.539722e-04
6832,34.159157,0,9.835289e-04
6833,34.164157,1,1.841067e-04
6834,34.169157,0,5.629334e-04
6835,34.174157,0,8.380234e-04
6836,34.179157,1,1.846907e-04
6837,34.184157,0,4.950807e-04
6838,34.189157,0,7.101706e-04
6839,34.194157,0,8.364912e-04
6840,34.199157,0,9.128555e-04
6841,34.204157,0,9.602965e-04
6842,34.209157,0,9.904287e-04
6843,34.214157,1,1.869613e-04
6844,34.219157,0,5.694783e-04
6845,34.224157,0,8.481993e-04
6846,34.229157,1,1.881751e-04
6847,34.234157,0,5.030419e-04
6848,34.239157,0,7.217447e-04
6849,34.244157,0,8.505031e-04
6850,34.249157,0,9.285192e-04
6851,34.254157,0,9.770895e-04
6852,34.259157,1,1.842489e-04
6853,34.264157,0,5.593155e-04
6854,34.269157,0,8.300706e-04
6855,34.274157,0,9.935882e-04
6856,34.279157,1,2.091390e-04
6857,34.284157,0,5.891455e-04
6858,34.289157,0,8.636817e-04
6859,34.294157,1,1.821798e-04
6860,34.299157,0,4.997029e-04
6861,34.304157,0,7.163682e-04
6862,34.309157,0,8.421966e-04
6863,34.314157,0,9.175277e-04
6864,34.319157,0,9.639100e-04
6865,34.324157,0,9.931223e-04
6866,34.329157,1,1.829088e-04
6867,34.334157,0,5.639144e-04
6868,34.339157,0,8.389197e-04
6869,34.344157,1,1.828383e-04
6870,34.349157,0,4.923194e-04
6871,34.354157,0,7.060684e-04
6872,34.359157,0,8.311247e-04
6873,34.364157,0,9.064551e-04
6874,34.369157,0,9.530962e-04
6875,34.374157,0,9.826261e-04
6876,34.379157,1,1.839471e-04
6877,34.384157,0,5.624155e-04
6878,34.389157,0,8.372480e-04
6879,34.394157,1,1.845286e-04
6880,34.399157,0,4.946219e-04
6881,34.404157,0,7.095062e-04
6882,34.409157,0,8.357057e-04
6883,34.414157,0,9.119967e-04
6884,34.419157,0,9.593921e-04
6885,34.424157,0,9.894954e-04
6886,34.429157,1,1.867909e-04
6887,34.434157,0,5.689360e-04
6888,34.439157,0,8.473864e-04
6889,34.444157,1,1.879992e-04
6890,34.449157,0,5.025539e-04
6891,34.454157,0,7.210392e-04
6892,34.459157,0,8.496688e-04
6893,34.464157,0,9.276063e-04
6894,34.469157,0,9.761275e-04
6895,34.474157,1,1.840693e-04
6896,34.479157,0,5.587554e-04
6897,34.484157,0,8.292352e-04
6898,34.489157,0,9.925853e-04
6899,34.494157,1,2.089319e-04
6900,34.499157,0,5.885426e-04
6901,34.504157,0,8.627927e-04
6902,34.509157,1,1.819935e-04
6903,34.514157,0,4.991807e-04
6904,34.519157,0,7.156153e-04
6905,34.524157,0,8.413088e-04
6906,34.529157,0,9.165586e-04
6907,34.534157,0,9.628905e-04
6908,34.539157,0,9.920710e-04
6909,34.544157,1,1.827176e-04
6910,34.549157,0,5.633088e-04
6911,34.554157,0,8.380149e-04
6912,34.559157,1,1.826435e-04
6913,34.564157,0,4.917826e-04
6914,34.569157,0,7.052944e-04
6915,34.574157,0,8.302113e-04
6916,34.579157,0,9.054574e-04
6917,34.584157,0,9.520459e-04
6918,34.589157,0,9.815425e-04
6919,34.594157,1,1.837469e-04
6920,34.599157,0,5.617883e-04
6921,34.604157,0,8.363109e-04
6922,34.609157,1,1.843248e-04
6923,34.614157,0,4.940634e-04
6924,34.619157,0,7.087013e-04
6925,34.624157,0,8.347555e-04
6926,34.629157,0,9.109585e-04
6927,34.634157,0,9.582991e-04
6928,34.639157,0,9.883676e-04
6929,34.644157,1,1.865803e-04
6930,34.649157,0,5.682817e-04
6931,34.654157,0,8.464090e-04
6932,34.659157,1,1.877852e-04
6933,34.664157,0,5.019703e-04
6934,34.669157,0,7.201983e-04
6935,34.674157,0,8.486761e-04
6936,34.679157,0,9.265216e-04
6937,34.684157,0,9.749854e-04
6938,34.689157,1,1.838569e-04
6939,34.694157,0,5.580968e-04
6940,34.699157,0,8.282551e-04
6941,34.704157,0,9.914110e-04
6942,34.709157,1,2.086884e-04
6943,34.714157,0,5.878435e-04
6944,34.719157,0,8.617645e-04
6945,34.724157,1,1.817801e-04
6946,34.729157,0,4.985825e-04
6947,34.734157,0,7.147545e-04
6948,34.739157,0,8.402953e-04
6949,34.744157,0,9.154538e-04
6950,34.749157,0,9.617295e-04
6951,34.754157,0,9.908746e-04
6952,34.759157,1,1.824997e-04
6953,34.764157,0,5.626268e-04
6954,34.769157,0,8.369978e-04
6955,34.774157,1,1.824263e-04
6956,34.779157,0,4.911835e-04
6957,34.784157,0,7.044320e-04
6958,34.789157,0,8.291948e-04
6959,34.794157,0,9.043482e-04
6960,34.799157,0,9.508794e-04
6961,34.804157,0,9.803397e-04
6962,34.809157,0,9.993377e-04
6963,34.814157,1,1.881252e-04
6964,34.819157,0,5.749824e-04
6965,34.824157,0,8.581152e-04
6966,34.829157,1,1.923324e-04
6967,34.834157,0,5.118761e-04
6968,34.839157,0,7.345414e-04
6969,34.844157,0,8.660449e-04
6970,34.849157,0,9.459526e-04
6971,34.854157,0,9.958339e-04
6972,34.859157,1,1.890981e-04
6973,34.864157,0,5.721181e-04
6974,34.869157,0,8.493831e-04
6975,34.874157,1,1.855316e-04
6976,34.879157,0,4.994855e-04
6977,34.884157,0,7.163629e-04
6978,34.889157,0,8.434301e-04
6979,34.894157,0,9.200907e-04
6980,34.899157,0,9.676295e-04
6981,34.904157,0,9.977734e-04
6982,34.909157,1,1.874413e-04
6983,34.914157,0,5.722194e-04
6984,34.919157,0,8.520032e-04
6985,34.924157,1,1.883768e-04
6986,34.929157,0,5.041579e-04
6987,34.934157,0,7.232176e-04
6988,34.939157,0,8.520087e-04
6989,34.944157,0,9.299465e-04
6990,34.949157,0,9.784120e-04
6991,34.954157,1,1.839869e-04
6992,34.959157,0,5.591308e-04
6993,34.964157,0,8.296150e-04
6994,34.969157,0,9.927888e-04
6995,34.974157,1,2.085741e-04
6996,34.979157,0,5.878770e-04
6997,34.984157,0,8.616593e-04
6998,34.989157,1,1.813992e-04
6999,34.994157,0,4.979340e-04
7000,34.999157,0,7.137595e-04
7001,35.004157,0,8.390045e-04
7002,35.009157,0,9.139342e-04
7003,35.014157,0,9.600398e-04
7004,35.019157,0,9.890610e-04
7005,35.024157,1,1.818989e-04
7006,35.029157,0,5.611065e-04
7007,35.034157,0,8.346285e-04
7008,35.039157,0,9.994731e-04
7009,35.044157,1,2.105565e-04
7010,35.049157,0,5.925543e-04
7011,35.054157,0,8.686385e-04
7012,35.059157,1,1.830060e-04
7013,35.064157,0,5.021694e-04
7014,35.069157,0,7.199343e-04
7015,35.074157,0,8.463476e-04
7016,35.079157,0,9.219917e-04
7017,35.084157,0,9.685420e-04
7018,35.089157,0,9.978439e-04
7019,35.094157,1,1.835143e-04
7020,35.099157,0,5.662648e-04
7021,35.104157,0,8.424057e-04
7022,35.109157,1,1.834173e-04
7023,35.114157,0,4.941015e-04
7024,35.119157,0,7.086500e-04
7025,35.124157,0,8.341411e-04
7026,35.129157,0,9.097124e-04
7027,35.134157,0,9.564890e-04
7028,35.139157,0,9.860962e-04
7029,35.144157,1,1.844525e-04
7030,35.149157,0,5.642387e-04
7031,35.154157,0,8.399502e-04
7032,35.159157,1,1.850072e-04
7033,35.164157,0,4.960744e-04
7034,35.169157,0,7.116093e-04
7035,35.174157,0,8.381706e-04
7036,35.179157,0,9.146671e-04
7037,35.184157,0,9.621814e-04
7038,35.189157,0,9.923546e-04
7039,35.194157,1,1.872277e-04
7040,35.199157,0,5.704640e-04
7041,35.204157,0,8.496678e-04
7042,35.209157,1,1.884288e-04
7043,35.214157,0,5.038187e-04
7044,35.219157,0,7.228734e-04
7045,35.224157,0,8.518277e-04
7046,35.229157,0,9.299551e-04
7047,35.234157,0,9.785900e-04
7048,35.239157,1,1.844830e-04
7049,35.244157,0,5.601213e-04
7050,35.249157,0,8.312678e-04
7051,35.254157,0,9.950098e-04
7052,35.259157,1,2.093938e-04
7053,35.264157,0,5.899426e-04
7054,35.269157,0,8.648565e-04
7055,35.274157,1,1.823975e-04
7056,35.279157,0,5.003538e-04
7057,35.284157,0,7.173113e-04
7058,35.289157,0,8.433060e-04
7059,35.294157,0,9.187346e-04
7060,35.299157,0,9.651752e-04
7061,35.304157,0,9.944234e-04
7062,35.309157,1,1.831263e-04
7063,35.314157,0,5.646377e-04
7064,35.319157,0,8.400012e-04
7065,35.324157,1,1.830580e-04
7066,35.329157,0,4.929457e-04
7067,35.334157,0,7.069742e-04
7068,35.339157,0,8.321932e-04
7069,35.344157,0,9.076209e-04
7070,35.349157,0,9.543218e-04
7071,35.354157,0,9.838893e-04
7072,35.359157,1,1.841732e-04
7073,35.364157,0,5.631398e-04
7074,35.369157,0,8.383311e-04
7075,35.374157,1,1.847583e-04
7076,35.379157,0,4.952626e-04
7077,35.384157,0,7.104319e-04
7078,35.389157,0,8.367991e-04
7079,35.394157,0,9.131915e-04
7080,35.399157,0,9.606500e-04
7081,35.404157,0,9.907933e-04
7082,35.409157,1,1.870291e-04
7083,35.414157,0,5.696881e-04
7084,35.419157,0,8.485122e-04
7085,35.424157,1,1.882443e-04
7086,35.429157,0,5.032275e-04
7087,35.434157,0,7.220114e-04
7088,35.439157,0,8.508175e-04
7089,35.444157,0,9.288625e-04
7090,35.449157,0,9.774508e-04
7091,35.454157,1,1.843160e-04
7092,35.459157,0,5.595225e-04
7093,35.464157,0,8.303782e-04
7094,35.469157,0,9.939565e-04
7095,35.474157,1,2.092163e-04
7096,35.479157,0,5.893640e-04
7097,35.484157,0,8.640022e-04
7098,35.489157,1,1.822465e-04
7099,35.494157,0,4.998884e-04
7100,35.499157,0,7.166347e-04
7101,35.504157,0,8.425100e-04
7102,35.509157,0,9.178693e-04
7103,35.514157,0,9.642688e-04
7104,35.519157,0,9.934920e-04
7105,35.524157,1,1.829769e-04
7106,35.529157,0,5.641245e-04
7107,35.534157,0,8.392324e-04
7108,35.539157,1,1.829056e-04
7109,35.544157,0,4.925030e-04
7110,35.549157,0,7.063321e-04
7111,35.554157,0,8.314353e-04
7112,35.559157,0,9.067939e-04
7113,35.564157,0,9.534524e-04
7114,35.569157,0,9.829934e-04
7115,35.574157,1,1.840157e-04
7116,35.579157,0,5.626257e-04
7117,35.584157,0,8.375612e-04
7118,35.589157,1,1.845967e-04
7119,35.594157,0,4.948070e-04
7120,35.599157,0,7.097721e-04
7121,35.604157,0,8.360190e-04
7122,35.609157,0,9.123387e-04
7123,35.614157,0,9.597519e-04
7124,35.619157,0,9.898666e-04
7125,35.624157,1,1.868607e-04
7126,35.629157,0,5.691493e-04
7127,35.634157,0,8.477044e-04
7128,35.639157,1,1.880688e-04
7129,35.644157,0,5.027425e-04
7130,35.649157,0,7.213102e-04
7131,35.654157,0,8.499883e-04
7132,35.659157,0,9.279552e-04
7133,35.664157,0,9.764947e-04
7134,35.669157,1,1.841382e-04
7135,35.674157,0,5.589655e-04
7136,35.679157,0,8.295472e-04
7137,35.684157,0,9.929589e-04
7138,35.689157,1,2.090095e-04
7139,35.694157,0,5.887642e-04
7140,35.699157,0,8.631179e-04
7141,35.704157,1,1.820617e-04
7142,35.709157,0,4.993687e-04
7143,35.714157,0,7.158853e-04
7144,35.719157,0,8.416263e-04
7145,35.724157,0,9.169046e-04
7146,35.729157,0,9.632540e-04
7147,35.734157,0,9.924455e-04
7148,35.739157,1,1.827857e-04
7149,35.744157,0,5.635217e-04
7150,35.749157,0,8.383318e-04
7151,35.754157,1,1.827122e-04
7152,35.759157,0,4.919685e-04
7153,35.764157,0,7.055613e-04
7154,35.769157,0,8.305256e-04
7155,35.774157,0,9.058002e-04
7156,35.779157,0,9.524064e-04
7157,35.784157,0,9.819142e-04
7158,35.789157,1,1.838157e-04
7159,35.794157,0,5.620012e-04
7160,35.799157,0,8.366282e-04
7161,35.804157,1,1.843943e-04
7162,35.809157,0,4.942507e-04
7163,35.814157,0,7.089703e-04
7164,35.819157,0,8.350725e-04
7165,35.824157,0,9.113045e-04
7166,35.829157,0,9.586631e-04
7167,35.834157,0,9.887429e-04
7168,35.839157,1,1.866505e-04
7169,35.844157,0,5.684978e-04
7170,35.849157,0,8.467310e-04
7171,35.854157,1,1.878562e-04
7172,35.859157,0,5.021611e-04
7173,35.864157,0,7.204725e-04
7174,35.869157,0,8.489993e-04
7175,35.874157,0,9.268744e-04
7176,35.879157,0,9.753567e-04
7177,35.884157,1,1.839264e-04
7178,35.889157,0,5.583096e-04
7179,35.894157,0,8.285711e-04
7180,35.899157,0,9.917892e-04
7181,35.904157,1,2.087676e-04
7182,35.909157,0,5.880676e-04
7183,35.914157,0,8.620934e-04
7184,35.919157,1,1.818491e-04
7185,35.924157,0,4.987729e-04
7186,35.929157,0,7.150278e-04
7187,35.934157,0,8.406167e-04
7188,35.939157,0,9.158039e-04
7189,35.944157,0,9.620973e-04
7190,35.949157,0,9.912535e-04
7191,35.954157,1,1.825690e-04
7192,35.959157,0,5.628420e-04
7193,35.964157,0,8.373181e-04
7194,35.969157,1,1.824958e-04
7195,35.974157,0,4.913716e-04
7196,35.979157,0,7.047019e-04
7197,35.984157,0,8.295127e-04
7198,35.989157,0,9.046949e-04
7199,35.994157,0,9.512440e-04
7200,35.999157,0,9.807156e-04
7201,36.004157,0,9.997208e-04
7202,36.009157,1,1.881969e-04
7203,36.014157,0,5.752028e-04
7204,36.019157,0,8.584445e-04
7205,36.024157,1,1.924059e-04
7206,36.029157,0,5.120726e-04
7207,36.034157,0,7.348236e-04
7208,36.039157,0,8.663776e-04
7209,36.044157,0,9.463161e-04
7210,36.049157,0,9.962165e-04
7211,36.054157,1,1.891702e-04
7212,36.059157,0,5.723379e-04
7213,36.064157,0,8.497097e-04
7214,36.069157,1,1.856028e-04
7215,36.074157,0,4.996777e-04
7216,36.079157,0,7.166387e-04
7217,36.084157,0,8.437549e-04
7218,36.089157,0,9.204450e-04
7219,36.094157,0,9.680022e-04
7220,36.099157,0,9.981577e-04
7221,36.104157,1,1.875130e-04
7222,36.109157,0,5.724399e-04
7223,36.114157,0,8.523317e-04
7224,36.119157,1,1.884493e-04
7225,36.124157,0,5.043523e-04
7226,36.129157,0,7.234967e-04
7227,36.134157,0,8.523376e-04
7228,36.139157,0,9.303055e-04
7229,36.144157,0,9.787898e-04
7230,36.149157,1,1.840574e-04
7231,36.154157,0,5.593467e-04
7232,36.159157,0,8.299356e-04
7233,36.164157,0,9.931725e-04
7234,36.169157,1,2.086546e-04
7235,36.174157,0,5.881044e-04
7236,36.179157,0,8.619926e-04
7237,36.184157,1,1.814689e-04
7238,36.189157,0,4.981267e-04
7239,36.194157,0,7.140360e-04
7240,36.199157,0,8.393296e-04
7241,36.204157,0,9.142883e-04
7242,36.209157,0,9.604118e-04
7243,36.214157,0,9.894443e-04
7244,36.219157,1,1.819694e-04
7245,36.224157,0,5.613241e-04
7246,36.229157,0,8.349523e-04
7247,36.234157,0,9.998608e-04
7248,36.239157,1,2.106375e-04
7249,36.244157,0,5.927842e-04
7250,36.249157,0,8.689757e-04
7251,36.254157,1,1.830770e-04
7252,36.259157,0,5.023645e-04
7253,36.264157,0,7.202141e-04
7254,36.269157,0,8.466765e-04
7255,36.274157,0,9.223501e-04
7256,36.279157,0,9.689185e-04
7257,36.284157,0,9.982318e-04
7258,36.289157,1,1.835850e-04
7259,36.294157,0,5.664851e-04
7260,36.299157,0,8.427336e-04
7261,36.304157,1,1.834886e-04
7262,36.309157,0,4.942938e-04
7263,36.314157,0,7.089260e-04
7264,36.319157,0,8.344660e-04
7265,36.324157,0,9.100667e-04
7266,36.329157,0,9.568616e-04
7267,36.334157,0,9.864803e-04
7268,36.339157,1,1.845237e-04
7269,36.344157,0,5.644586e-04
7270,36.349157,0,8.402778e-04
7271,36.354157,1,1.850793e-04
7272,36.359157,0,4.962678e-04
7273,36.364157,0,7.118870e-04
7274,36.369157,0,8.384977e-04
7275,36.374157,0,9.150240e-04
7276,36.379157,0,9.625570e-04
7277,36.384157,0,9.927419e-04
7278,36.389157,1,1.873000e-04
7279,36.394157,0,5.706867e-04
7280,36.399157,0,8.499998e-04
7281,36.404157,1,1.885023e-04
7282,36.409157,0,5.040155e-04
7283,36.414157,0,7.231559e-04
7284,36.419157,0,8.521606e-04
7285,36.424157,0,9.303186e-04
7286,36.429157,0,9.789726e-04
7287,36.434157,1,1.845544e-04
7288,36.439157,0,5.603404e-04
7289,36.444157,0,8.315931e-04
7290,36.449157,0,9.953993e-04
7291,36.454157,1,2.094756e-04
7292,36.459157,0,5.901734e-04
7293,36.464157,0,8.651950e-04
7294,36.469157,1,1.824683e-04
7295,36.474157,0,5.005496e-04
7296,36.479157,0,7.175923e-04
7297,36.484157,0,8.436365e-04
7298,36.489157,0,9.190946e-04
7299,36.494157,0,9.655535e-04
7300,36.499157,0,9.948132e-04
7301,36.504157,1,1.831980e-04
7302,36.509157,0,5.648589e-04
7303,36.514157,0,8.403304e-04
7304,36.519157,1,1.831292e-04
7305,36.524157,0,4.931389e-04
7306,36.529157,0,7.072515e-04
7307,36.534157,0,8.325197e-04
7308,36.539157,0,9.079771e-04
7309,36.544157,0,9.546963e-04
7310,36.549157,0,9.842754e-04
7311,36.554157,1,1.842453e-04
7312,36.559157,0,5.633606e-04
7313,36.564157,0,8.386600e-04
7314,36.569157,1,1.848302e-04
7315,36.574157,0,4.954568e-04
7316,36.579157,0,7.107108e-04
7317,36.584157,0,8.371276e-04
7318,36.589157,0,9.135501e-04
7319,36.594157,0,9.610272e-04
7320,36.599157,0,9.911824e-04
7321,36.604157,1,1.871024e-04
7322,36.609157,0,5.699116e-04
7323,36.614157,0,8.488453e-04
7324,36.619157,1,1.883177e-04
7325,36.624157,0,5.034251e-04
7326,36.629157,0,7.222950e-04
7327,36.634157,0,8.511518e-04
7328,36.639157,0,9.292275e-04
7329,36.644157,0,9.778349e-04
7330,36.649157,1,1.843882e-04
7331,36.654157,0,5.597422e-04
7332,36.659157,0,8.307044e-04
7333,36.664157,0,9.943470e-04
7334,36.669157,1,2.092981e-04
7335,36.674157,0,5.895956e-04
7336,36.679157,0,8.643420e-04
7337,36.684157,1,1.823179e-04
7338,36.689157,0,5.000849e-04
7339,36.694157,0,7.169165e-04
7340,36.699157,0,8.428414e-04
7341,36.704157,0,9.182303e-04
7342,36.709157,0,9.646481e-04
7343,36.714157,0,9.938829e-04
7344,36.719157,1,1.830485e-04
7345,36.724157,0,5.643465e-04
7346,36.729157,0,8.395628e-04
7347,36.734157,1,1.829773e-04
7348,36.739157,0,4.926969e-04
7349,36.744157,0,7.066103e-04
7350,36.749157,0,8.317628e-04
7351,36.754157,0,9.071511e-04
7352,36.759157,0,9.538280e-04
7353,36.764157,0,9.833806e-04
7354,36.769157,1,1.840881e-04
7355,36.774157,0,5.628475e-04
7356,36.779157,0,8.378914e-04
7357,36.784157,1,1.846693e-04
7358,36.789157,0,4.950021e-04
7359,36.794157,0,7.100520e-04
7360,36.799157,0,8.363488e-04
7361,36.804157,0,9.126986e-04
7362,36.809157,0,9.601306e-04
7363,36.814157,0,9.902571e-04
7364,36.819157,1,1.869344e-04
7365,36.824157,0,5.693740e-04
7366,36.829157,0,8.480391e-04
7367,36.834157,1,1.881428e-04
7368,36.839157,0,5.029410e-04
7369,36.844157,0,7.215952e-04
7370,36.849157,0,8.503241e-04
7371,36.854157,0,9.283219e-04
7372,36.859157,0,9.768805e-04
7373,36.864157,1,1.842110e-04
7374,36.869157,0,5.591865e-04
7375,36.874157,0,8.298753e-04
7376,36.879157,0,9.933516e-04
7377,36.884157,1,2.090919e-04
7378,36.889157,0,5.889970e-04
7379,36.894157,0,8.634594e-04
7380,36.899157,1,1.821338e-04
7381,36.904157,0,4.995664e-04
7382,36.909157,0,7.161687e-04
7383,36.914157,0,8.419595e-04
7384,36.919157,0,9.172677e-04
7385,36.924157,0,9.636354e-04
7386,36.929157,0,9.928385e-04
7387,36.934157,1,1.828577e-04
7388,36.939157,0,5.637448e-04
7389,36.944157,0,8.386640e-04
7390,36.949157,1,1.827846e-04
7391,36.954157,0,4.921635e-04
7392,36.959157,0,7.058410e-04
7393,36.964157,0,8.308549e-04
7394,36.969157,0,9.061593e-04
7395,36.974157,0,9.527841e-04
7396,36.979157,0,9.823035e-04
7397,36.984157,1,1.838882e-04
7398,36.989157,0,5.622241e-04
7399,36.994157,0,8.369601e-04
7400,36.999157,1,1.844675e-04
7401,37.004157,0,4.944468e-04
7402,37.009157,0,7.092517e-04
7403,37.014157,0,8.354040e-04
7404,37.019157,0,9.116662e-04
7405,37.024157,0,9.590436e-04
7406,37.029157,0,9.891354e-04
7407,37.034157,1,1.867242e-04
7408,37.039157,0,5.687235e-04
7409,37.044157,0,8.470674e-04
7410,37.049157,1,1.879309e-04
7411,37.054157,0,5.023606e-04
7412,37.059157,0,7.207587e-04
7413,37.064157,0,8.493366e-04
7414,37.069157,0,9.272428e-04
7415,37.074157,0,9.757443e-04
7416,37.079157,1,1.839990e-04
7417,37.084157,0,5.585315e-04
7418,37.089157,0,8.289005e-04
7419,37.094157,0,9.921837e-04
7420,37.099157,1,2.088506e-04
7421,37.104157,0,5.883015e-04
7422,37.109157,0,8.624363e-04
7423,37.114157,1,1.819211e-04
7424,37.119157,0,4.989713e-04
7425,37.124157,0,7.153123e-04
7426,37.129157,0,8.409513e-04
7427,37.134157,0,9.161685e-04
7428,37.139157,0,9.624803e-04
7429,37.144157,0,9.916481e-04
7430,37.149157,1,1.826418e-04
7431,37.154157,0,5.630660e-04
7432,37.159157,0,8.376515e-04
7433,37.164157,1,1.825680e-04
7434,37.169157,0,4.915672e-04
7435,37.174157,0,7.049826e-04
7436,37.179157,0,8.298432e-04
7437,37.184157,0,9.050553e-04
7438,37.189157,0,9.516230e-04
7439,37.194157,0,9.811063e-04
7440,37.199157,1,1.836672e-04
7441,37.204157,0,5.615368e-04
7442,37.209157,0,8.359345e-04
7443,37.214157,1,1.842456e-04
7444,37.219157,0,4.938393e-04
7445,37.224157,0,7.083771e-04
7446,37.229157,0,8.343727e-04
7447,37.234157,0,9.105403e-04
7448,37.239157,0,9.578590e-04
7449,37.244157,0,9.879135e-04
7450,37.249157,1,1.864966e-04
7451,37.254157,0,5.680190e-04
7452,37.259157,0,8.460158e-04
7453,37.264157,1,1.877016e-04
7454,37.269157,0,5.017357e-04
7455,37.274157,0,7.198592e-04
7456,37.279157,0,8.482755e-04
7457,37.284157,0,9.260839e-04
7458,37.289157,0,9.745246e-04
7459,37.294157,1,1.837722e-04
7460,37.299157,0,5.578315e-04
7461,37.304157,0,8.278595e-04
7462,37.309157,0,9.909367e-04
7463,37.314157,1,2.085926e-04
7464,37.319157,0,5.875610e-04
7465,37.324157,0,8.613482e-04
7466,37.329157,1,1.816948e-04
7467,37.334157,0,4.983405e-04
7468,37.339157,0,7.144053e-04
7469,37.344157,0,8.398837e-04
7470,37.349157,0,9.150049e-04
7471,37.354157,0,9.612576e-04
7472,37.359157,0,9.903883e-04
7473,37.364157,1,1.824131e-04
7474,37.369157,0,5.623488e-04
7475,37.374157,0,8.365826e-04
7476,37.379157,1,1.823387e-04
7477,37.384157,0,4.909392e-04
7478,37.389157,0,7.040793e-04
7479,37.394157,0,8.287788e-04
7480,37.399157,0,9.038940e-04
7481,37.404157,0,9.504016e-04
7482,37.409157,0,9.798471e-04
7483,37.414157,0,9.988355e-04
7484,37.419157,1,1.880336e-04
7485,37.424157,0,5.746919e-04
7486,37.429157,0,8.576802e-04
7487,37.434157,1,1.922380e-04
7488,37.439157,0,5.116163e-04
7489,37.444157,0,7.341663e-04
7490,37.449157,0,8.656017e-04
7491,37.454157,0,9.454680e-04
7492,37.459157,0,9.953236e-04
7493,37.464157,1,1.890039e-04
7494,37.469157,0,5.718235e-04
7495,37.474157,0,8.489441e-04
7496,37.479157,1,1.854387e-04
7497,37.484157,0,4.992269e-04
7498,37.489157,0,7.159898e-04
7499,37.494157,0,8.429900e-04
7500,37.499157,0,9.196101e-04
7501,37.504157,0,9.671239e-04
7502,37.509157,0,9.972521e-04
7503,37.514157,1,1.873458e-04
7504,37.519157,0,5.719189e-04
7505,37.524157,0,8.515544e-04
7506,37.529157,1,1.882803e-04
7507,37.534157,0,5.038919e-04
7508,37.539157,0,7.228340e-04
7509,37.544157,0,8.515560e-04
7510,37.549157,0,9.294519e-04
7511,37.554157,0,9.778915e-04
7512,37.559157,1,1.838913e-04
7513,37.564157,0,5.588318e-04
7514,37.569157,0,8.291701e-04
7515,37.574157,0,9.922561e-04
7516,37.579157,1,2.084654e-04
7517,37.584157,0,5.875613e-04
7518,37.589157,0,8.611946e-04
7519,37.594157,1,1.813035e-04
7520,37.599157,0,4.976644e-04
7521,37.604157,0,7.133713e-04
7522,37.609157,0,8.385475e-04
7523,37.614157,0,9.134361e-04
7524,37.619157,0,9.595165e-04
7525,37.624157,0,9.885219e-04
7526,37.629157,1,1.818022e-04
7527,37.634157,0,5.607998e-04
7528,37.639157,0,8.341707e-04
7529,37.644157,0,9.989244e-04
7530,37.649157,1,2.104437e-04
7531,37.654157,0,5.922282e-04
7532,37.659157,0,8.681588e-04
7533,37.664157,1,1.829074e-04
7534,37.669157,0,5.018917e-04
7535,37.674157,0,7.195343e-04
7536,37.679157,0,8.458765e-04
7537,37.684157,0,9.214781e-04
7538,37.689157,0,9.680023e-04
7539,37.694157,0,9.972878e-04
7540,37.699157,1,1.834142e-04
7541,37.704157,0,5.659478e-04
7542,37.709157,0,8.419329e-04
7543,37.714157,1,1.833168e-04
7544,37.719157,0,4.938240e-04
7545,37.724157,0,7.082502e-04
7546,37.729157,0,8.336698e-04
7547,37.734157,0,9.091979e-04
7548,37.739157,0,9.559480e-04
7549,37.744157,0,9.855384e-04
7550,37.749157,1,1.843502e-04
7551,37.754157,0,5.639182e-04
7552,37.759157,0,8.394720e-04
7553,37.764157,1,1.849042e-04
7554,37.769157,0,4.957918e-04
7555,37.774157,0,7.112022e-04
7556,37.779157,0,8.376904e-04
7557,37.784157,0,9.141427e-04
7558,37.789157,0,9.616298e-04
7559,37.794157,0,9.917856e-04
7560,37.799157,1,1.871223e-04
7561,37.804157,0,5.701356e-04
7562,37.809157,0,8.491778e-04
7563,37.814157,1,1.883224e-04
7564,37.819157,0,5.035279e-04
7565,37.824157,0,7.224546e-04
7566,37.829157,0,8.513335e-04
7567,37.834157,0,9.294153e-04
7568,37.839157,0,9.780219e-04
7569,37.844157,1,1.843777e-04
7570,37.849157,0,5.597950e-04
7571,37.854157,0,8.307825e-04
7572,37.859157,0,9.944286e-04
7573,37.864157,1,2.092740e-04
7574,37.869157,0,5.895979e-04
7575,37.874157,0,8.643496e-04
7576,37.879157,1,1.822922e-04
7577,37.884157,0,5.000597e-04
7578,37.889157,0,7.168883e-04
7579,37.894157,0,8.428083e-04
7580,37.899157,0,9.181921e-04
7581,37.904157,0,9.646053e-04
7582,37.909157,0,9.938362e-04
7583,37.914157,1,1.830201e-04
7584,37.919157,0,5.643034e-04
7585,37.924157,0,8.395028e-04
7586,37.929157,1,1.829509e-04
7587,37.934157,0,4.926526e-04
7588,37.939157,0,7.065525e-04
7589,37.944157,0,8.316964e-04
7590,37.949157,0,9.070789e-04
7591,37.954157,0,9.537519e-04
7592,37.959157,0,9.833017e-04
7593,37.964157,1,1.840651e-04
7594,37.969157,0,5.628027e-04
7595,37.974157,0,8.378282e-04
7596,37.979157,1,1.846489e-04
7597,37.984157,0,4.949649e-04
7598,37.989157,0,7.100036e-04
7599,37.994157,0,8.362942e-04
7600,37.999157,0,9.126404e-04
7601,38.004157,0,9.600702e-04
7602,38.009157,0,9.901953e-04
7603,38.014157,1,1.869182e-04
7604,38.019157,0,5.693435e-04
7605,38.024157,0,8.479979e-04
7606,38.029157,1,1.881317e-04
7607,38.034157,0,5.029220e-04
7608,38.039157,0,7.215718e-04
7609,38.044157,0,8.502991e-04
7610,38.049157,0,9.282964e-04
7611,38.054157,0,9.768551e-04
7612,38.059157,1,1.842055e-04
7613,38.064157,0,5.591807e-04
7614,38.069157,0,8.298699e-04
7615,38.074157,0,9.933477e-04
7616,38.079157,1,2.090899e-04
7617,38.084157,0,5.890025e-04
7618,38.089157,0,8.634713e-04
7619,38.094157,1,1.821361e-04
7620,38.099157,0,4.995807e-04
7621,38.104157,0,7.161923e-04
7622,38.109157,0,8.419894e-04
7623,38.114157,0,9.173018e-04
7624,38.119157,0,9.636725e-04
7625,38.124157,0,9.928776e-04
7626,38.129157,1,1.828650e-04
7627,38.134157,0,5.637747e-04
7628,38.139157,0,8.387112e-04
7629,38.144157,1,1.827936e-04
7630,38.149157,0,4.921969e-04
7631,38.154157,0,7.058918e-04
7632,38.159157,0,8.309166e-04
7633,38.164157,0,9.062280e-04
7634,38.169157,0,9.528572e-04
7635,38.174157,0,9.823797e-04
7636,38.179157,1,1.839022e-04
7637,38.184157,0,5.622736e-04
7638,38.189157,0,8.370363e-04
7639,38.194157,1,1.844826e-04
7640,38.199157,0,4.944967e-04
7641,38.204157,0,7.093258e-04
7642,38.209157,0,8.354929e-04
7643,38.214157,0,9.117643e-04
7644,38.219157,0,9.591476e-04
7645,38.224157,0,9.892432e-04
7646,38.229157,1,1.867445e-04
7647,38.234157,0,5.687901e-04
7648,38.239157,0,8.471687e-04
7649,38.244157,1,1.879515e-04
7650,38.249157,0,5.024247e-04
7651,38.254157,0,7.208531e-04
7652,38.259157,0,8.494491e-04
7653,38.264157,0,9.273664e-04
7654,38.269157,0,9.758749e-04
7655,38.274157,1,1.840228e-04
7656,38.279157,0,5.586099e-04
7657,38.284157,0,8.290188e-04
7658,38.289157,0,9.923263e-04
7659,38.294157,1,2.088781e-04
7660,38.299157,0,5.883890e-04
7661,38.304157,0,8.625669e-04
7662,38.309157,1,1.819468e-04
7663,38.314157,0,4.990494e-04
7664,38.319157,0,7.154265e-04
7665,38.324157,0,8.410865e-04
7666,38.329157,0,9.163164e-04
7667,38.334157,0,9.626361e-04
7668,38.339157,0,9.918089e-04
7669,38.344157,1,1.826697e-04
7670,38.349157,0,5.631597e-04
7671,38.354157,0,8.377926e-04
7672,38.359157,1,1.825960e-04
7673,38.364157,0,4.916516e-04
7674,38.369157,0,7.051059e-04
7675,38.374157,0,8.299892e-04
7676,38.379157,0,9.052150e-04
7677,38.384157,0,9.517912e-04
7678,38.389157,0,9.812799e-04
7679,38.394157,1,1.836982e-04
7680,38.399157,0,5.616378e-04
7681,38.404157,0,8.360863e-04
7682,38.409157,1,1.842761e-04
7683,38.414157,0,4.939302e-04
7684,38.419157,0,7.085096e-04
7685,38.424157,0,8.345296e-04
7686,38.429157,0,9.107119e-04
7687,38.434157,0,9.580397e-04
7688,38.439157,0,9.881000e-04
7689,38.444157,1,1.865303e-04
7690,38.449157,0,5.681276e-04
7691,38.454157,0,8.461790e-04
7692,38.459157,1,1.877349e-04
7693,38.464157,0,5.018333e-04
7694,38.469157,0,7.200013e-04
7695,38.474157,0,8.484438e-04
7696,38.479157,0,9.262679e-04
7697,38.484157,0,9.747185e-04
7698,38.489157,1,1.838071e-04
7699,38.494157,0,5.579438e-04
7700,38.499157,0,8.280275e-04
7701,38.504157,0,9.911383e-04
7702,38.509157,1,2.086319e-04
7703,38.514157,0,5.876812e-04
7704,38.519157,0,8.615262e-04
7705,38.524157,1,1.817305e-04
7706,38.529157,0,4.984445e-04
7707,38.534157,0,7.145560e-04
7708,38.539157,0,8.400617e-04
7709,38.544157,0,9.151991e-04
7710,38.549157,0,9.614617e-04
7711,38.554157,0,9.905987e-04
7712,38.559157,1,1.824495e-04
7713,38.564157,0,5.624694e-04
7714,38.569157,0,8.367634e-04
7715,38.574157,1,1.823760e-04
7716,38.579157,0,4.910459e-04
7717,38.584157,0,7.042340e-04
7718,38.589157,0,8.289615e-04
7719,38.594157,0,9.040936e-04
7720,38.599157,0,9.506116e-04
7721,38.604157,0,9.800636e-04
7722,38.609157,0,9.990562e-04
7723,38.614157,1,1.880729e-04
7724,38.619157,0,5.748198e-04
7725,38.624157,0,8.578724e-04
7726,38.629157,1,1.922788e-04
7727,38.634157,0,5.117313e-04
7728,38.639157,0,7.343330e-04
7729,38.644157,0,8.657988e-04
7730,38.649157,0,9.456837e-04
7731,38.654157,0,9.955507e-04
7732,38.659157,1,1.890449e-04
7733,38.664157,0,5.719548e-04
7734,38.669157,0,8.491403e-04
7735,38.674157,1,1.854794e-04
7736,38.679157,0,4.993427e-04
7737,38.684157,0,7.161576e-04
7738,38.689157,0,8.431881e-04
7739,38.694157,0,9.198266e-04
7740,38.699157,0,9.673516e-04
7741,38.704157,0,9.974869e-04
7742,38.709157,1,1.873881e-04
7743,38.714157,0,5.720545e-04
7744,38.719157,0,8.517574e-04
7745,38.724157,1,1.883232e-04
7746,38.729157,0,5.040124e-04
7747,38.734157,0,7.230084e-04
7748,38.739157,0,8.517620e-04
7749,38.744157,0,9.296771e-04
7750,38.749157,0,9.781285e-04
7751,38.754157,1,1.839341e-04
7752,38.759157,0,5.589682e-04
7753,38.764157,0,8.293735e-04
7754,38.769157,0,9.924998e-04
7755,38.774157,1,2.085143e-04
7756,38.779157,0,5.877060e-04
7757,38.784157,0,8.614081e-04
7758,38.789157,1,1.813468e-04
7759,38.794157,0,4.977884e-04
7760,38.799157,0,7.135504e-04
7761,38.804157,0,8.387586e-04
7762,38.809157,0,9.136663e-04
7763,38.814157,0,9.597584e-04
7764,38.819157,0,9.887712e-04
7765,38.824157,1,1.818462e-04
7766,38.829157,0,5.609419e-04
7767,38.834157,0,8.343832e-04
7768,38.839157,0,9.991791e-04
7769,38.844157,1,2.104951e-04
7770,38.849157,0,5.923796e-04
7771,38.854157,0,8.683821e-04
7772,38.859157,1,1.829526e-04
7773,38.864157,0,5.020211e-04
7774,38.869157,0,7.197212e-04
7775,38.874157,0,8.460968e-04
7776,38.879157,0,9.217184e-04
7777,38.884157,0,9.682547e-04
7778,38.889157,0,9.975479e-04
7779,38.894157,1,1.834602e-04
7780,38.899157,0,5.660963e-04
7781,38.904157,0,8.421548e-04
7782,38.909157,1,1.833633e-04
7783,38.914157,0,4.939543e-04
7784,38.919157,0,7.084384e-04
7785,38.924157,0,8.338918e-04
7786,38.929157,0,9.094403e-04
7787,38.934157,0,9.562029e-04
7788,38.939157,0,9.858012e-04
7789,38.944157,1,1.843976e-04
7790,38.949157,0,5.640694e-04
7791,38.954157,0,8.396980e-04
7792,38.959157,1,1.849524e-04
7793,38.964157,0,4.959254e-04
7794,38.969157,0,7.113952e-04
7795,38.974157,0,8.379181e-04
7796,38.979157,0,9.143914e-04
7797,38.984157,0,9.618914e-04
7798,38.989157,0,9.920554e-04
7799,38.994157,1,1.871714e-04
7800,38.999157,0,5.702915e-04
7801,39.004157,0,8.494108e-04
7802,39.009157,1,1.883725e-04
7803,39.014157,0,5.036663e-04
7804,39.019157,0,7.226542e-04
7805,39.024157,0,8.515692e-04
7806,39.029157,0,9.296728e-04
7807,39.034157,0,9.782929e-04
7808,39.039157,1,1.844271e-04
7809,39.044157,0,5.599508e-04
7810,39.049157,0,8.310146e-04
7811,39.054157,0,9.947068e-04
7812,39.059157,1,2.093308e-04
7813,39.064157,0,5.897629e-04
7814,39.069157,0,8.645927e-04
7815,39.074157,1,1.823420e-04
7816,39.079157,0,5.002007e-04
7817,39.084157,0,7.170916e-04
7818,39.089157,0,8.430477e-04
7819,39.094157,0,9.184531e-04
7820,39.099157,0,9.648796e-04
7821,39.104157,0,9.941188e-04
7822,39.109157,1,1.830708e-04
7823,39.114157,0,5.644645e-04
7824,39.119157,0,8.397432e-04
7825,39.124157,1,1.830019e-04
7826,39.129157,0,4.927940e-04
7827,39.134157,0,7.067563e-04
7828,39.139157,0,8.319367e-04
7829,39.144157,0,9.073411e-04
7830,39.149157,0,9.540277e-04
7831,39.154157,0,9.835861e-04
7832,39.159157,1,1.841170e-04
7833,39.164157,0,5.629660e-04
7834,39.169157,0,8.380721e-04
7835,39.174157,1,1.847013e-04
7836,39.179157,0,4.951092e-04
7837,39.184157,0,7.102116e-04
7838,39.189157,0,8.365395e-04
7839,39.194157,0,9.129082e-04
7840,39.199157,0,9.603520e-04
7841,39.204157,0,9.904860e-04
7842,39.209157,1,1.869716e-04
7843,39.214157,0,5.695112e-04
7844,39.219157,0,8.482484e-04
7845,39.224157,1,1.881859e-04
7846,39.229157,0,5.030707e-04
7847,39.234157,0,7.217861e-04
7848,39.239157,0,8.505520e-04
7849,39.244157,0,9.285727e-04
7850,39.249157,0,9.771458e-04
7851,39.254157,1,1.842589e-04
7852,39.259157,0,5.593477e-04
7853,39.264157,0,8.301185e-04
7854,39.269157,0,9.936455e-04
7855,39.274157,1,2.091511e-04
7856,39.279157,0,5.891792e-04
7857,39.284157,0,8.637311e-04
7858,39.289157,1,1.821897e-04
7859,39.294157,0,4.997315e-04
7860,39.299157,0,7.164093e-04
7861,39.304157,0,8.422449e-04
7862,39.309157,0,9.175803e-04
7863,39.314157,0,9.639651e-04
7864,39.319157,0,9.931791e-04
7865,39.324157,1,1.829195e-04
7866,39.329157,0,5.639464e-04
7867,39.334157,0,8.389672e-04
7868,39.339157,1,1.828482e-04
7869,39.344157,0,4.923474e-04
7870,39.349157,0,7.061085e-04
7871,39.354157,0,8.311720e-04
7872,39.359157,0,9.065066e-04
7873,39.364157,0,9.531503e-04
7874,39.369157,0,9.826818e-04
7875,39.374157,1,1.839577e-04
7876,39.379157,0,5.624470e-04
7877,39.384157,0,8.372951e-04
7878,39.389157,1,1.845385e-04
7879,39.394157,0,4.946498e-04
7880,39.399157,0,7.095463e-04
7881,39.404157,0,8.357529e-04
7882,39.409157,0,9.120481e-04
7883,39.414157,0,9.594462e-04
7884,39.419157,0,9.895512e-04
7885,39.424157,1,1.868016e-04
7886,39.429157,0,5.689676e-04
7887,39.434157,0,8.474337e-04
7888,39.439157,1,1.880092e-04
7889,39.444157,0,5.025821e-04
7890,39.449157,0,7.210796e-04
7891,39.454157,0,8.497164e-04
7892,39.459157,0,9.276583e-04
7893,39.464157,0,9.761821e-04
7894,39.469157,1,1.840797e-04
7895,39.474157,0,5.587863e-04
7896,39.479157,0,8.292811e-04
7897,39.484157,0,9.926404e-04
7898,39.489157,1,2.089429e-04
7899,39.494157,0,5.885754e-04
7900,39.499157,0,8.628409e-04
7901,39.504157,1,1.820036e-04
7902,39.509157,0,4.992082e-04
7903,39.514157,0,7.156549e-04
7904,39.519157,0,8.413553e-04
7905,39.524157,0,9.166094e-04
7906,39.529157,0,9.629439e-04
7907,39.534157,0,9.921261e-04
7908,39.539157,1,1.827270e-04
7909,39.544157,0,5.633402e-04
7910,39.549157,0,8.380617e-04
7911,39.554157,1,1.826537e-04
7912,39.559157,0,4.918097e-04
7913,39.564157,0,7.053333e-04
7914,39.569157,0,8.302572e-04
7915,39.574157,0,9.055075e-04
7916,39.579157,0,9.520987e-04
7917,39.584157,0,9.815969e-04
7918,39.589157,1,1.837565e-04
7919,39.594157,0,5.618196e-04
7920,39.599157,0,8.363575e-04
7921,39.604157,1,1.843350e-04
7922,39.609157,0,4.940905e-04
7923,39.614157,0,7.087403e-04
7924,39.619157,0,8.348016e-04
7925,39.624157,0,9.110088e-04
7926,39.629157,0,9.583521e-04
7927,39.634157,0,9.884222e-04
7928,39.639157,1,1.865901e-04
7929,39.644157,0,5.683133e-04
7930,39.649157,0,8.464561e-04
7931,39.654157,1,1.877956e-04
7932,39.659157,0,5.019978e-04
7933,39.664157,0,7.202379e-04
7934,39.669157,0,8.487228e-04
7935,39.674157,0,9.265726e-04
7936,39.679157,0,9.750391e-04
7937,39.684157,1,1.838665e-04
7938,39.689157,0,5.581278e-04
7939,39.694157,0,8.283010e-04
7940,39.699157,0,9.914658e-04
7941,39.704157,1,2.086999e-04
7942,39.709157,0,5.878755e-04
7943,39.714157,0,8.618116e-04
7944,39.719157,1,1.817898e-04
7945,39.724157,0,4.986099e-04
7946,39.729157,0,7.147938e-04
7947,39.734157,0,8.403414e-04
7948,39.739157,0,9.155040e-04
7949,39.744157,0,9.617821e-04
7950,39.749157,0,9.909288e-04
7951,39.754157,1,1.825096e-04
7952,39.759157,0,5.626571e-04
7953,39.764157,0,8.370431e-04
7954,39.769157,1,1.824359e-04
7955,39.774157,0,4.912102e-04
7956,39.779157,0,7.044703e-04
7957,39.784157,0,8.292399e-04
7958,39.789157,0,9.043972e-04
7959,39.794157,0,9.509310e-04
7960,39.799157,0,9.803928e-04
7961,39.804157,0,9.993918e-04
7962,39.809157,1,1.881353e-04
7963,39.814157,0,5.750131e-04
7964,39.819157,0,8.581613e-04
7965,39.824157,1,1.923425e-04
7966,39.829157,0,5.119037e-04
7967,39.834157,0,7.345811e-04
7968,39.839157,0,8.660916e-04
7969,39.844157,0,9.460035e-04
7970,39.849157,0,9.958874e-04
7971,39.854157,1,1.891081e-04
7972,39.859157,0,5.721485e-04
7973,39.864157,0,8.494283e-04
7974,39.869157,1,1.855415e-04
7975,39.874157,0,4.995123e-04
7976,39.879157,0,7.164013e-04
7977,39.884157,0,8.434752e-04
7978,39.889157,0,9.201399e-04
7979,39.894157,0,9.676812e-04
7980,39.899157,0,9.978267e-04
7981,39.904157,1,1.874512e-04
7982,39.909157,0,5.722496e-04
7983,39.914157,0,8.520483e-04
7984,39.919157,1,1.883868e-04
7985,39.924157,0,5.041848e-04
7986,39.929157,0,7.232562e-04
7987,39.934157,0,8.520541e-04
7988,39.939157,0,9.299960e-04
7989,39.944157,0,9.784640e-04
7990,39.949157,1,1.839965e-04
7991,39.954157,0,5.591602e-04
7992,39.959157,0,8.296588e-04
7993,39.964157,0,9.928413e-04
7994,39.969157,1,2.085852e-04
7995,39.974157,0,5.879084e-04
7996,39.979157,0,8.617051e-04
7997,39.984157,1,1.814086e-04
7998,39.989157,0,4.979603e-04
7999,39.994157,0,7.137973e-04
8000,39.999157,0,8.390490e-04
8001,40.004157,0,9.139827e-04
8002,40.009157,0,9.600908e-04
8003,40.014157,0,9.891136e-04
8004,40.019157,1,1.819087e-04
8005,40.024157,0,5.611365e-04
8006,40.029157,0,8.346731e-04
8007,40.034157,0,9.995263e-04
8008,40.039157,1,2.105674e-04
8009,40.044157,0,5.925856e-04
8010,40.049157,0,8.686845e-04
8011,40.054157,1,1.830158e-04
8012,40.059157,0,5.021962e-04
8013,40.064157,0,7.199726e-04
8014,40.069157,0,8.463925e-04
8015,40.074157,0,9.220406e-04
8016,40.079157,0,9.685932e-04
8017,40.084157,0,9.978967e-04
8018,40.089157,1,1.835236e-04
8019,40.094157,0,5.662945e-04
8020,40.099157,0,8.424500e-04
8021,40.104157,1,1.834271e-04
8022,40.109157,0,4.941276e-04
8023,40.114157,0,7.086874e-04
8024,40.119157,0,8.341851e-04
8025,40.124157,0,9.097602e-04
8026,40.129157,0,9.565393e-04
8027,40.134157,0,9.861480e-04
8028,40.139157,1,1.844618e-04
8029,40.144157,0,5.642681e-04
8030,40.149157,0,8.399941e-04
8031,40.154157,1,1.850171e-04
8032,40.159157,0,4.961005e-04
8033,40.164157,0,7.116467e-04
8034,40.169157,0,8.382145e-04
8035,40.174157,0,9.147149e-04
8036,40.179157,0,9.622317e-04
8037,40.184157,0,9.924064e-04
8038,40.189157,1,1.872370e-04
8039,40.194157,0,5.704935e-04
8040,40.199157,0,8.497121e-04
8041,40.204157,1,1.884388e-04
8042,40.209157,0,5.038450e-04
8043,40.214157,0,7.229111e-04
8044,40.219157,0,8.518720e-04
8045,40.224157,0,9.300035e-04
8046,40.229157,0,9.786409e-04
8047,40.234157,1,1.844921e-04
8048,40.239157,0,5.601503e-04
8049,40.244157,0,8.313109e-04
8050,40.249157,0,9.950615e-04
8051,40.254157,1,2.094049e-04
8052,40.259157,0,5.899734e-04
8053,40.264157,0,8.649015e-04
8054,40.269157,1,1.824066e-04
8055,40.274157,0,5.003796e-04
8056,40.279157,0,7.173484e-04
8057,40.284157,0,8.433498e-04
8058,40.289157,0,9.187823e-04
8059,40.294157,0,9.652255e-04
8060,40.299157,0,9.944752e-04
8061,40.304157,1,1.831360e-04
8062,40.309157,0,5.646671e-04
8063,40.314157,0,8.400449e-04
8064,40.319157,1,1.830671e-04
8065,40.324157,0,4.929711e-04
8066,40.329157,0,7.070107e-04
8067,40.334157,0,8.322363e-04
8068,40.339157,0,9.076680e-04
8069,40.344157,0,9.543714e-04
8070,40.349157,0,9.839404e-04
8071,40.354157,1,1.841829e-04
8072,40.359157,0,5.631690e-04
8073,40.364157,0,8.383746e-04
8074,40.369157,1,1.847674e-04
8075,40.374157,0,4.952880e-04
8076,40.379157,0,7.104684e-04
8077,40.384157,0,8.368422e-04
8078,40.389157,0,9.132386e-04
8079,40.394157,0,9.606996e-04
8080,40.399157,0,9.908445e-04
8081,40.404157,1,1.870388e-04
8082,40.409157,0,5.697174e-04
8083,40.414157,0,8.485559e-04
8084,40.419157,1,1.882536e-04
8085,40.424157,0,5.032532e-04
8086,40.429157,0,7.220483e-04
8087,40.434157,0,8.508611e-04
8088,40.439157,0,9.289101e-04
8089,40.444157,0,9.775010e-04
8090,40.449157,1,1.843255e-04
8091,40.454157,0,5.595511e-04
8092,40.459157,0,8.304206e-04
8093,40.464157,0,9.940072e-04
8094,40.469157,1,2.092266e-04
8095,40.474157,0,5.893938e-04
8096,40.479157,0,8.640461e-04
8097,40.484157,1,1.822557e-04
8098,40.489157,0,4.999138e-04
8099,40.494157,0,7.166710e-04
8100,40.499157,0,8.425527e-04
8101,40.504157,0,9.179157e-04
8102,40.509157,0,9.643175e-04
8103,40.514157,0,9.935422e-04
8104,40.519157,1,1.829858e-04
8105,40.524157,0,5.641528e-04
8106,40.529157,0,8.392746e-04
8107,40.534157,1,1.829148e-04
8108,40.539157,0,4.925278e-04
8109,40.544157,0,7.063676e-04
8110,40.549157,0,8.314771e-04
8111,40.554157,0,9.068394e-04
8112,40.559157,0,9.535002e-04
8113,40.564157,0,9.830426e-04
8114,40.569157,1,1.840248e-04
8115,40.574157,0,5.626538e-04
8116,40.579157,0,8.376030e-04
8117,40.584157,1,1.846060e-04
8118,40.589157,0,4.948318e-04
8119,40.594157,0,7.098076e-04
8120,40.599157,0,8.360608e-04
8121,40.604157,0,9.123842e-04
8122,40.609157,0,9.597998e-04
8123,40.614157,0,9.899159e-04
8124,40.619157,1,1.868700e-04
8125,40.624157,0,5.691776e-04
8126,40.629157,0,8.477466e-04
8127,40.634157,1,1.880782e-04
8128,40.639157,0,5.027676e-04
8129,40.644157,0,7.213462e-04
8130,40.649157,0,8.500306e-04
8131,40.654157,0,9.280014e-04
8132,40.659157,0,9.765432e-04
8133,40.664157,1,1.841474e-04
8134,40.669157,0,5.589932e-04
8135,40.674157,0,8.295884e-04
8136,40.679157,0,9.930083e-04
8137,40.684157,1,2.090199e-04
8138,40.689157,0,5.887936e-04
8139,40.694157,0,8.631609e-04
8140,40.699157,1,1.820708e-04
8141,40.704157,0,4.993935e-04
8142,40.709157,0,7.159208e-04
8143,40.714157,0,8.416681e-04
8144,40.719157,0,9.169502e-04
8145,40.724157,0,9.633020e-04
8146,40.729157,0,9.924950e-04
8147,40.734157,1,1.827947e-04
8148,40.739157,0,5.635498e-04
8149,40.744157,0,8.383737e-04
8150,40.749157,1,1.827213e-04
8151,40.754157,0,4.919929e-04
8152,40.759157,0,7.055964e-04
8153,40.764157,0,8.305669e-04
8154,40.769157,0,9.058453e-04
8155,40.774157,0,9.524539e-04
8156,40.779157,0,9.819632e-04
8157,40.784157,1,1.838247e-04
8158,40.789157,0,5.620294e-04
8159,40.794157,0,8.366700e-04
8160,40.799157,1,1.844035e-04
8161,40.804157,0,4.942752e-04
8162,40.809157,0,7.090055e-04
8163,40.814157,0,8.351140e-04
8164,40.819157,0,9.113498e-04
8165,40.824157,0,9.587109e-04
8166,40.829157,0,9.887922e-04
8167,40.834157,1,1.866596e-04
8168,40.839157,0,5.685262e-04
8169,40.844157,0,8.467733e-04
8170,40.849157,1,1.878656e-04
8171,40.854157,0,5.021860e-04
8172,40.859157,0,7.205082e-04
8173,40.864157,0,8.490414e-04
8174,40.869157,0,9.269205e-04
8175,40.874157,0,9.754052e-04
8176,40.879157,1,1.839352e-04
8177,40.884157,0,5.583374e-04
8178,40.889157,0,8.286124e-04
8179,40.894157,0,9.918386e-04
8180,40.899157,1,2.087780e-04
8181,40.904157,0,5.880966e-04
8182,40.909157,0,8.621359e-04
8183,40.914157,1,1.818579e-04
8184,40.919157,0,4.987976e-04
8185,40.924157,0,7.150632e-04
8186,40.929157,0,8.406583e-04
8187,40.934157,0,9.158492e-04
8188,40.939157,0,9.621448e-04
8189,40.944157,0,9.913024e-04
8190,40.949157,1,1.825782e-04
8191,40.954157,0,5.628695e-04
8192,40.959157,0,8.373591e-04
8193,40.964157,1,1.825045e-04
8194,40.969157,0,4.913957e-04
8195,40.974157,0,7.047366e-04
8196,40.979157,0,8.295535e-04
8197,40.984157,0,9.047393e-04
8198,40.989157,0,9.512906e-04
8199,40.994157,0,9.807636e-04
8200,40.999157,0,9.997698e-04
8201,41.004157,1,1.882062e-04
8202,41.009157,0,5.752307e-04
8203,41.014157,0,8.584861e-04
8204,41.019157,1,1.924150e-04
8205,41.024157,0,5.120976e-04
8206,41.029157,0,7.348595e-04
8207,41.034157,0,8.664199e-04
8208,41.039157,0,9.463622e-04
8209,41.044157,0,9.962650e-04
8210,41.049157,1,1.891796e-04
8211,41.054157,0,5.723655e-04
8212,41.059157,0,8.497507e-04
8213,41.064157,1,1.856115e-04
8214,41.069157,0,4.997019e-04
8215,41.074157,0,7.166735e-04
8216,41.079157,0,8.437958e-04
8217,41.084157,0,9.204896e-04
8218,41.089157,0,9.680490e-04
8219,41.094157,0,9.982060e-04
8220,41.099157,1,1.875222e-04
8221,41.104157,0,5.724673e-04
8222,41.109157,0,8.523725e-04
8223,41.114157,1,1.884581e-04
8224,41.119157,0,5.043767e-04
8225,41.124157,0,7.235316e-04
8226,41.129157,0,8.523787e-04
8227,41.134157,0,9.303503e-04
8228,41.139157,0,9.788369e-04
8229,41.144157,1,1.840664e-04
8230,41.149157,0,5.593733e-04
8231,41.154157,0,8.299752e-04
8232,41.159157,0,9.932200e-04
8233,41.164157,1,2.086644e-04
8234,41.169157,0,5.881327e-04
8235,41.174157,0,8.620341e-04
8236,41.179157,1,1.814777e-04
8237,41.184157,0,4.981504e-04
8238,41.189157,0,7.140700e-04
8239,41.194157,0,8.393697e-04
8240,41.199157,0,9.143321e-04
8241,41.204157,0,9.604579e-04
8242,41.209157,0,9.894918e-04
8243,41.214157,1,1.819779e-04
8244,41.219157,0,5.613512e-04
8245,41.224157,0,8.349926e-04
8246,41.229157,0,9.999089e-04
8247,41.234157,1,2.106477e-04
8248,41.239157,0,5.928124e-04
8249,41.244157,0,8.690172e-04
8250,41.249157,1,1.830856e-04
8251,41.254157,0,5.023886e-04
8252,41.259157,0,7.202487e-04
8253,41.264157,0,8.467171e-04
8254,41.269157,0,9.223943e-04
8255,41.274157,0,9.689648e-04
8256,41.279157,0,9.982795e-04
8257,41.284157,1,1.835939e-04
8258,41.289157,0,5.665119e-04
8259,41.294157,0,8.427735e-04
8260,41.299157,1,1.834972e-04
8261,41.304157,0,4.943174e-04
8262,41.309157,0,7.089598e-04
8263,41.314157,0,8.345058e-04
8264,41.319157,0,9.101100e-04
8265,41.324157,0,9.569071e-04
8266,41.329157,0,9.865272e-04
8267,41.334157,1,1.845325e-04
8268,41.339157,0,5.644851e-04
8269,41.344157,0,8.403173e-04
8270,41.349157,1,1.850880e-04
8271,41.354157,0,4.962914e-04
8272,41.359157,0,7.119207e-04
8273,41.364157,0,8.385374e-04
8274,41.369157,0,9.150673e-04
8275,41.374157,0,9.626024e-04
8276,41.379157,0,9.927888e-04
8277,41.384157,1,1.873090e-04
8278,41.389157,0,5.707134e-04
8279,41.394157,0,8.500397e-04
8280,41.399157,1,1.885112e-04
8281,41.404157,0,5.040393e-04
8282,41.409157,0,7.231900e-04
8283,41.414157,0,8.522008e-04
8284,41.419157,0,9.303624e-04
8285,41.424157,0,9.790186e-04
8286,41.429157,1,1.845632e-04
8287,41.434157,0,5.603665e-04
8288,41.439157,0,8.316320e-04
8289,41.444157,0,9.954459e-04
8290,41.449157,1,2.094855e-04
8291,41.454157,0,5.902013e-04
8292,41.459157,0,8.652358e-04
8293,41.464157,1,1.824769e-04
8294,41.469157,0,5.005731e-04
8295,41.474157,0,7.176259e-04
8296,41.479157,0,8.436761e-04
8297,41.484157,0,9.191379e-04
8298,41.489157,0,9.655990e-04
8299,41.494157,0,9.948601e-04
8300,41.499157,1,1.832067e-04
8301,41.504157,0,5.648857e-04
8302,41.509157,0,8.403703e-04
8303,41.514157,1,1.831378e-04
8304,41.519157,0,4.931621e-04
8305,41.524157,0,7.072848e-04
8306,41.529157,0,8.325590e-04
8307,41.534157,0,9.080200e-04
8308,41.539157,0,9.547414e-04
8309,41.544157,0,9.843219e-04
8310,41.549157,1,1.842541e-04
8311,41.554157,0,5.633875e-04
8312,41.559157,0,8.386999e-04
8313,41.564157,1,1.848389e-04
8314,41.569157,0,4.954802e-04
8315,41.574157,0,7.107443e-04
8316,41.579157,0,8.371672e-04
8317,41.584157,0,9.135933e-04
8318,41.589157,0,9.610728e-04
8319,41.594157,0,9.912294e-04
8320,41.599157,1,1.871113e-04
8321,41.604157,0,5.699389e-04
8322,41.609157,0,8.488858e-04
8323,41.614157,1,1.883265e-04
8324,41.619157,0,5.034488e-04
8325,41.624157,0,7.223291e-04
8326,41.629157,0,8.511921e-04
8327,41.634157,0,9.292716e-04
8328,41.639157,0,9.778813e-04
8329,41.644157,1,1.843970e-04
8330,41.649157,0,5.597689e-04
8331,41.654157,0,8.307440e-04
8332,41.659157,0,9.943943e-04
8333,41.664157,1,2.093078e-04
8334,41.669157,0,5.896233e-04
8335,41.674157,0,8.643827e-04
8336,41.679157,1,1.823266e-04
8337,41.684157,0,5.001086e-04
8338,41.689157,0,7.169504e-04
8339,41.694157,0,8.428812e-04
8340,41.699157,0,9.182736e-04
8341,41.704157,0,9.646935e-04
8342,41.709157,0,9.939296e-04
8343,41.714157,1,1.830569e-04
8344,41.719157,0,5.643728e-04
8345,41.724157,0,8.396021e-04
8346,41.729157,1,1.829860e-04
8347,41.734157,0,4.927200e-04
8348,41.739157,0,7.066434e-04
8349,41.744157,0,8.318018e-04
8350,41.749157,0,9.071936e-04
8351,41.754157,0,9.538726e-04
8352,41.759157,0,9.834265e-04
8353,41.764157,1,1.840964e-04
8354,41.769157,0,5.628736e-04
8355,41.774157,0,8.379304e-04
8356,41.779157,1,1.846780e-04
8357,41.784157,0,4.950252e-04
8358,41.789157,0,7.100852e-04
8359,41.794157,0,8.363878e-04
8360,41.799157,0,9.127411e-04
8361,41.804157,0,9.601752e-04
8362,41.809157,0,9.903031e-04
8363,41.814157,1,1.869428e-04
8364,41.819157,0,5.694002e-04
8365,41.824157,0,8.480783e-04
8366,41.829157,1,1.881517e-04
8367,41.834157,0,5.029644e-04
8368,41.839157,0,7.216287e-04
8369,41.844157,0,8.503635e-04
8370,41.849157,0,9.283648e-04
8371,41.854157,0,9.769257e-04
8372,41.859157,1,1.842193e-04
8373,41.864157,0,5.592122e-04
8374,41.869157,0,8.299135e-04
8375,41.874157,0,9.933975e-04
8376,41.879157,1,2.091017e-04
8377,41.884157,0,5.890243e-04
8378,41.889157,0,8.634994e-04
8379,41.894157,1,1.821420e-04
8380,41.899157,0,4.995893e-04
8381,41.904157,0,7.162017e-04
8382,41.909157,0,8.419984e-04
8383,41.914157,0,9.173101e-04
8384,41.919157,0,9.636800e-04
8385,41.924157,0,9.928845e-04
8386,41.929157,1,1.828663e-04
8387,41.934157,0,5.637710e-04
8388,41.939157,0,8.387029e-04
8389,41.944157,1,1.827929e-04
8390,41.949157,0,4.921861e-04
8391,41.954157,0,7.058736e-04
8392,41.959157,0,8.308933e-04
8393,41.964157,0,9.062012e-04
8394,41.969157,0,9.528282e-04
8395,41.974157,0,9.823490e-04
8396,41.979157,1,1.838968e-04
8397,41.984157,0,5.622502e-04
8398,41.989157,0,8.369989e-04
8399,41.994157,1,1.844758e-04
8400,41.999157,0,4.944695e-04
8401,42.004157,0,7.092843e-04
8402,42.009157,0,8.354425e-04
8403,42.014157,0,9.117083e-04
8404,42.019157,0,9.590880e-04
8405,42.024157,0,9.891812e-04
8406,42.029157,1,1.867329e-04
8407,42.034157,0,5.687498e-04
8408,42.039157,0,8.471065e-04
8409,42.044157,1,1.879394e-04
8410,42.049157,0,5.023836e-04
8411,42.054157,0,7.207918e-04
8412,42.059157,0,8.493757e-04
8413,42.064157,0,9.272855e-04
8414,42.069157,0,9.757893e-04
8415,42.074157,1,1.840076e-04
8416,42.079157,0,5.585573e-04
8417,42.084157,0,8.289388e-04
8418,42.089157,0,9.922293e-04
8419,42.094157,1,2.088601e-04
8420,42.099157,0,5.883283e-04
8421,42.104157,0,8.624757e-04
8422,42.109157,1,1.819294e-04
8423,42.114157,0,4.989942e-04
8424,42.119157,0,7.153451e-04
8425,42.124157,0,8.409898e-04
8426,42.129157,0,9.162103e-04
8427,42.134157,0,9.625242e-04
8428,42.139157,0,9.916933e-04
8429,42.144157,1,1.826500e-04
8430,42.149157,0,5.630915e-04
8431,42.154157,0,8.376895e-04
8432,42.159157,1,1.825764e-04
8433,42.164157,0,4.915896e-04
8434,42.169157,0,7.050148e-04
8435,42.174157,0,8.298809e-04
8436,42.179157,0,9.050964e-04
8437,42.184157,0,9.516662e-04
8438,42.189157,0,9.811508e-04
8439,42.194157,1,1.836755e-04
8440,42.199157,0,5.615622e-04
8441,42.204157,0,8.359723e-04
8442,42.209157,1,1.842540e-04
8443,42.214157,0,4.938618e-04
8444,42.219157,0,7.084093e-04
8445,42.224157,0,8.344105e-04
8446,42.229157,0,9.105815e-04
8447,42.234157,0,9.579023e-04
8448,42.239157,0,9.879582e-04
8449,42.244157,1,1.865050e-04
8450,42.249157,0,5.680446e-04
8451,42.254157,0,8.460540e-04
8452,42.259157,1,1.877101e-04
8453,42.264157,0,5.017585e-04
8454,42.269157,0,7.198918e-04
8455,42.274157,0,8.483139e-04
8456,42.279157,0,9.261257e-04
8457,42.284157,0,9.745686e-04
8458,42.289157,1,1.837805e-04
8459,42.294157,0,5.578566e-04
8460,42.299157,0,8.278968e-04
8461,42.304157,0,9.909815e-04
8462,42.309157,1,2.086020e-04
8463,42.314157,0,5.875877e-04
8464,42.319157,0,8.613873e-04
8465,42.324157,1,1.817031e-04
8466,42.329157,0,4.983630e-04
8467,42.334157,0,7.144376e-04
8468,42.339157,0,8.399217e-04
8469,42.344157,0,9.150463e-04
8470,42.349157,0,9.613012e-04
8471,42.354157,0,9.904333e-04
8472,42.359157,1,1.824213e-04
8473,42.364157,0,5.623745e-04
8474,42.369157,0,8.366207e-04
8475,42.374157,1,1.823470e-04
8476,42.379157,0,4.909614e-04
8477,42.384157,0,7.041112e-04
8478,42.389157,0,8.288164e-04
8479,42.394157,0,9.039350e-04
8480,42.399157,0,9.504449e-04
8481,42.404157,0,9.798917e-04
8482,42.409157,0,9.988810e-04
8483,42.414157,1,1.880421e-04
8484,42.419157,0,5.747182e-04
8485,42.424157,0,8.577194e-04
8486,42.429157,1,1.922468e-04
8487,42.434157,0,5.116395e-04
8488,42.439157,0,7.341996e-04
8489,42.444157,0,8.656410e-04
8490,42.449157,0,9.455111e-04
8491,42.454157,0,9.953689e-04
8492,42.459157,1,1.890124e-04
8493,42.464157,0,5.718497e-04
8494,42.469157,0,8.489829e-04
8495,42.474157,1,1.854472e-04
8496,42.479157,0,4.992495e-04
8497,42.484157,0,7.160223e-04
8498,42.489157,0,8.430282e-04
8499,42.494157,0,9.196520e-04
8500,42.499157,0,9.671680e-04
8501,42.504157,0,9.972975e-04
8502,42.509157,1,1.873542e-04
8503,42.514157,0,5.719451e-04
8504,42.519157,0,8.515933e-04
8505,42.524157,1,1.882890e-04
8506,42.529157,0,5.039147e-04
8507,42.534157,0,7.228668e-04
8508,42.539157,0,8.515946e-04
8509,42.544157,0,9.294942e-04
8510,42.549157,0,9.779361e-04
8511,42.554157,1,1.838994e-04
8512,42.559157,0,5.588574e-04
8513,42.564157,0,8.292080e-04
8514,42.569157,0,9.923013e-04
8515,42.574157,1,2.084749e-04
8516,42.579157,0,5.875878e-04
8517,42.584157,0,8.612335e-04
8518,42.589157,1,1.813115e-04
8519,42.594157,0,4.976870e-04
8520,42.599157,0,7.134037e-04
8521,42.604157,0,8.385855e-04
8522,42.609157,0,9.134774e-04
8523,42.614157,0,9.595599e-04
8524,42.619157,0,9.885666e-04
8525,42.624157,1,1.818106e-04
8526,42.629157,0,5.608249e-04
8527,42.634157,0,8.342082e-04
8528,42.639157,0,9.989693e-04
8529,42.644157,1,2.104530e-04
8530,42.649157,0,5.922550e-04
8531,42.654157,0,8.681981e-04
8532,42.659157,1,1.829157e-04
8533,42.664157,0,5.019142e-04
8534,42.669157,0,7.195665e-04
8535,42.674157,0,8.459145e-04
8536,42.679157,0,9.215196e-04
8537,42.684157,0,9.680459e-04
8538,42.689157,0,9.973328e-04
8539,42.694157,1,1.834222e-04
8540,42.699157,0,5.659735e-04
8541,42.704157,0,8.419711e-04
8542,42.709157,1,1.833251e-04
8543,42.714157,0,4.938461e-04
8544,42.719157,0,7.082820e-04
8545,42.724157,0,8.337073e-04
8546,42.729157,0,9.092389e-04
8547,42.734157,0,9.559911e-04
8548,42.739157,0,9.855829e-04
8549,42.744157,1,1.843583e-04
8550,42.749157,0,5.639438e-04
8551,42.754157,0,8.395101e-04
8552,42.759157,1,1.849125e-04
8553,42.764157,0,4.958140e-04
8554,42.769157,0,7.112342e-04
8555,42.774157,0,8.377281e-04
8556,42.779157,0,9.141840e-04
8557,42.784157,0,9.616732e-04
8558,42.789157,0,9.918304e-04
8559,42.794157,1,1.871305e-04
8560,42.799157,0,5.701615e-04
8561,42.804157,0,8.492163e-04
8562,42.809157,1,1.883309e-04
8563,42.814157,0,5.035505e-04
8564,42.819157,0,7.224871e-04
8565,42.824157,0,8.513718e-04
8566,42.829157,0,9.294572e-04
8567,42.834157,0,9.780660e-04
8568,42.839157,1,1.843858e-04
8569,42.844157,0,5.598204e-04
8570,42.849157,0,8.308202e-04
8571,42.854157,0,9.944737e-04
8572,42.859157,1,2.092835e-04
8573,42.864157,0,5.896242e-04
8574,42.869157,0,8.643884e-04
8575,42.874157,1,1.823003e-04
8576,42.879157,0,5.000823e-04
8577,42.884157,0,7.169206e-04
8578,42.889157,0,8.428462e-04
8579,42.894157,0,9.182334e-04
8580,42.899157,0,9.646486e-04
8581,42.904157,0,9.938808e-04
8582,42.909157,1,1.830283e-04
8583,42.914157,0,5.643284e-04
8584,42.919157,0,8.395401e-04
8585,42.924157,1,1.829590e-04
8586,42.929157,0,4.926747e-04
8587,42.934157,0,7.065842e-04
8588,42.939157,0,8.317336e-04
8589,42.944157,0,9.071195e-04
8590,42.949157,0,9.537944e-04
8591,42.954157,0,9.833456e-04
8592,42.959157,1,1.840734e-04
8593,42.964157,0,5.628275e-04
8594,42.969157,0,8.378652e-04
8595,42.974157,1,1.846570e-04
8596,42.979157,0,4.949870e-04
8597,42.984157,0,7.100353e-04
8598,42.989157,0,8.363314e-04
8599,42.994157,0,9.126809e-04
8600,42.999157,0,9.601128e-04
8601,43.004157,0,9.902393e-04
8602,43.009157,1,1.869265e-04
8603,43.014157,0,5.693685e-04
8604,43.019157,0,8.480353e-04
8605,43.024157,1,1.881399e-04
8606,43.029157,0,5.029444e-04
8607,43.034157,0,7.216039e-04
8608,43.039157,0,8.503368e-04
8609,43.044157,0,9.283375e-04
8610,43.049157,0,9.768983e-04
8611,43.054157,1,1.842136e-04
8612,43.059157,0,5.592052e-04
8613,43.064157,0,8.299064e-04
8614,43.069157,0,9.933915e-04
8615,43.074157,1,2.090991e-04
8616,43.079157,0,5.890287e-04
8617,43.084157,0,8.635096e-04
8618,43.089157,1,1.821442e-04
8619,43.094157,0,4.996027e-04
8620,43.099157,0,7.162239e-04
8621,43.104157,0,8.420267e-04
8622,43.109157,0,9.173424e-04
8623,43.114157,0,9.637153e-04
8624,43.119157,0,9.929217e-04
8625,43.124157,1,1.828732e-04
8626,43.129157,0,5.637999e-04
8627,43.134157,0,8.387487e-04
8628,43.139157,1,1.828017e-04
8629,43.144157,0,4.922187e-04
8630,43.149157,0,7.059232e-04
8631,43.154157,0,8.309535e-04
8632,43.159157,0,9.062683e-04
8633,43.164157,0,9.528997e-04
8634,43.169157,0,9.824235e-04
8635,43.174157,1,1.839104e-04
8636,43.179157,0,5.622989e-04
8637,43.184157,0,8.370739e-04
8638,43.189157,1,1.844908e-04
8639,43.194157,0,4.945187e-04
8640,43.199157,0,7.093575e-04
8641,43.204157,0,8.355302e-04
8642,43.209157,0,9.118051e-04
8643,43.214157,0,9.591906e-04
8644,43.219157,0,9.892876e-04
8645,43.224157,1,1.867529e-04
8646,43.229157,0,5.688158e-04
8647,43.234157,0,8.472068e-04
8648,43.239157,1,1.879598e-04
8649,43.244157,0,5.024471e-04
8650,43.249157,0,7.208853e-04
8651,43.254157,0,8.494872e-04
8652,43.259157,0,9.274080e-04
8653,43.264157,0,9.759187e-04
8654,43.269157,1,1.840311e-04
8655,43.274157,0,5.586352e-04
8656,43.279157,0,8.290562e-04
8657,43.284157,0,9.923709e-04
8658,43.289157,1,2.088873e-04
8659,43.294157,0,5.884152e-04
8660,43.299157,0,8.626054e-04
8661,43.304157,1,1.819550e-04
8662,43.309157,0,4.990718e-04
8663,43.314157,0,7.154586e-04
8664,43.319157,0,8.411242e-04
8665,43.324157,0,9.163574e-04
8666,43.329157,0,9.626791e-04
8667,43.334157,0,9.918532e-04
8668,43.339157,1,1.826777e-04
8669,43.344157,0,5.631847e-04
8670,43.349157,0,8.378298e-04
8671,43.354157,1,1.826042e-04
8672,43.359157,0,4.916736e-04
8673,43.364157,0,7.051374e-04
8674,43.369157,0,8.300262e-04
8675,43.374157,0,9.052553e-04
8676,43.379157,0,9.518335e-04
8677,43.384157,0,9.813235e-04
8678,43.389157,1,1.837062e-04
8679,43.394157,0,5.616625e-04
8680,43.399157,0,8.361233e-04
8681,43.404157,1,1.842844e-04
8682,43.409157,0,4.939522e-04
8683,43.414157,0,7.085411e-04
8684,43.419157,0,8.345666e-04
8685,43.424157,0,9.107523e-04
8686,43.429157,0,9.580821e-04
8687,43.434157,0,9.881438e-04
8688,43.439157,1,1.865384e-04
8689,43.444157,0,5.681526e-04
8690,43.449157,0,8.462164e-04
8691,43.454157,1,1.877433e-04
8692,43.459157,0,5.018557e-04
8693,43.464157,0,7.200333e-04
8694,43.469157,0,8.484814e-04
8695,43.474157,0,9.263089e-04
8696,43.479157,0,9.747616e-04
8697,43.484157,1,1.838151e-04
8698,43.489157,0,5.579683e-04
8699,43.494157,0,8.280640e-04
8700,43.499157,0,9.911821e-04
8701,43.504157,1,2.086412e-04
8702,43.509157,0,5.877074e-04
8703,43.514157,0,8.615644e-04
8704,43.519157,1,1.817385e-04
8705,43.524157,0,4.984665e-04
8706,43.529157,0,7.145876e-04
8707,43.534157,0,8.400989e-04
8708,43.539157,0,9.152397e-04
8709,43.544157,0,9.615045e-04
8710,43.549157,0,9.906427e-04
8711,43.554157,1,1.824577e-04
8712,43.559157,0,5.624946e-04
8713,43.564157,0,8.368007e-04
8714,43.569157,1,1.823840e-04
8715,43.574157,0,4.910676e-04
8716,43.579157,0,7.042653e-04
8717,43.584157,0,8.289984e-04
8718,43.589157,0,9.041338e-04
8719,43.594157,0,9.506540e-04
8720,43.599157,0,9.801073e-04
8721,43.604157,0,9.991008e-04
8722,43.609157,1,1.880813e-04
8723,43.614157,0,5.748456e-04
8724,43.619157,0,8.579107e-04
8725,43.624157,1,1.922872e-04
8726,43.629157,0,5.117539e-04
8727,43.634157,0,7.343656e-04
8728,43.639157,0,8.658374e-04
8729,43.644157,0,9.457258e-04
8730,43.649157,0,9.955951e-04
8731,43.654157,1,1.890534e-04
8732,43.659157,0,5.719804e-04
8733,43.664157,0,8.491783e-04
8734,43.669157,1,1.854875e-04
8735,43.674157,0,4.993649e-04
8736,43.679157,0,7.161894e-04
8737,43.684157,0,8.432256e-04
8738,43.689157,0,9.198675e-04
8739,43.694157,0,9.673948e-04
8740,43.699157,0,9.975314e-04
8741,43.704157,1,1.873964e-04
8742,43.709157,0,5.720801e-04
8743,43.714157,0,8.517955e-04
8744,43.719157,1,1.883315e-04
8745,43.724157,0,5.040348e-04
8746,43.729157,0,7.230405e-04
8747,43.734157,0,8.517999e-04
8748,43.739157,0,9.297186e-04
8749,43.744157,0,9.781722e-04
8750,43.749157,1,1.839423e-04
8751,43.754157,0,5.589932e-04
8752,43.759157,0,8.294106e-04
8753,43.764157,0,9.925441e-04
8754,43.769157,1,2.085234e-04
8755,43.774157,0,5.877320e-04
8756,43.779157,0,8.614462e-04
8757,43.784157,1,1.813548e-04
8758,43.789157,0,4.978106e-04
8759,43.794157,0,7.135821e-04
8760,43.799157,0,8.387958e-04
8761,43.804157,0,9.137068e-04
8762,43.809157,0,9.598009e-04
8763,43.814157,0,9.888149e-04
8764,43.819157,1,1.818542e-04
8765,43.824157,0,5.609666e-04
8766,43.829157,0,8.344200e-04
8767,43.834157,0,9.992233e-04
8768,43.839157,1,2.105044e-04
8769,43.844157,0,5.924060e-04
8770,43.849157,0,8.684206e-04
8771,43.854157,1,1.829607e-04
8772,43.859157,0,5.020433e-04
8773,43.864157,0,7.197530e-04
8774,43.869157,0,8.461342e-04
8775,43.874157,0,9.217592e-04
8776,43.879157,0,9.682977e-04
8777,43.884157,0,9.975922e-04
8778,43.889157,1,1.834683e-04
8779,43.894157,0,5.661216e-04
8780,43.899157,0,8.421923e-04
8781,43.904157,1,1.833714e-04
8782,43.909157,0,4.939761e-04
8783,43.914157,0,7.084698e-04
8784,43.919157,0,8.339288e-04
8785,43.924157,0,9.094807e-04
8786,43.929157,0,9.562455e-04
8787,43.934157,0,9.858451e-04
8788,43.939157,1,1.844057e-04
8789,43.944157,0,5.640946e-04
8790,43.949157,0,8.397355e-04
8791,43.954157,1,1.849606e-04
8792,43.959157,0,4.959474e-04
8793,43.964157,0,7.114268e-04
8794,43.969157,0,8.379554e-04
8795,43.974157,0,9.144322e-04
8796,43.979157,0,9.619343e-04
8797,43.984157,0,9.920997e-04
8798,43.989157,1,1.871797e-04
8799,43.994157,0,5.703171e-04
8800,43.999157,0,8.494489e-04
8801,44.004157,1,1.883809e-04
8802,44.009157,0,5.036887e-04
8803,44.014157,0,7.226864e-04
8804,44.019157,0,8.516072e-04
8805,44.024157,0,9.297144e-04
8806,44.029157,0,9.783367e-04
8807,44.034157,1,1.844353e-04
8808,44.039157,0,5.599760e-04
8809,44.044157,0,8.310519e-04
8810,44.049157,0,9.947513e-04
8811,44.054157,1,2.093402e-04
8812,44.059157,0,5.897891e-04
8813,44.064157,0,8.646311e-04
8814,44.069157,1,1.823501e-04
8815,44.074157,0,5.002231e-04
8816,44.079157,0,7.171237e-04
8817,44.084157,0,8.430854e-04
8818,44.089157,0,9.184941e-04
8819,44.094157,0,9.649226e-04
8820,44.099157,0,9.941631e-04
8821,44.104157,1,1.830791e-04
8822,44.109157,0,5.644895e-04
8823,44.114157,0,8.397805e-04
8824,44.119157,1,1.830100e-04
8825,44.124157,0,4.928160e-04
8826,44.129157,0,7.067878e-04
8827,44.134157,0,8.319737e-04
8828,44.139157,0,9.073815e-04
8829,44.144157,0,9.540701e-04
8830,44.149157,0,9.836298e-04
8831,44.154157,1,1.841253e-04
8832,44.159157,0,5.629909e-04
8833,44.164157,0,8.381091e-04
8834,44.169157,1,1.847094e-04
8835,44.174157,0,4.951312e-04
8836,44.179157,0,7.102432e-04
8837,44.184157,0,8.365767e-04
8838,44.189157,0,9.129488e-04
8839,44.194157,0,9.603946e-04
8840,44.199157,0,9.905300e-04
8841,44.204157,1,1.869800e-04
8842,44.209157,0,5.695363e-04
8843,44.214157,0,8.482859e-04
8844,44.219157,1,1.881942e-04
8845,44.224157,0,5.030931e-04
8846,44.229157,0,7.218183e-04
8847,44.234157,0,8.505898e-04
8848,44.239157,0,9.286139e-04
8849,44.244157,0,9.771892e-04
8850,44.249157,1,1.842672e-04
8851,44.254157,0,5.593723e-04
8852,44.259157,0,8.301551e-04
8853,44.264157,0,9.936894e-04
8854,44.269157,1,2.091603e-04
8855,44.274157,0,5.892054e-04
8856,44.279157,0,8.637696e-04
8857,44.284157,1,1.821978e-04
8858,44.289157,0,4.997536e-04
8859,44.294157,0,7.164410e-04
8860,44.299157,0,8.422822e-04
8861,44.304157,0,9.176210e-04
8862,44.309157,0,9.640080e-04
8863,44.314157,0,9.932233e-04
8864,44.319157,1,1.829275e-04
8865,44.324157,0,5.639717e-04
8866,44.329157,0,8.390048e-04
8867,44.334157,1,1.828564e-04
8868,44.339157,0,4.923693e-04
8869,44.344157,0,7.061400e-04
8870,44.349157,0,8.312091e-04
8871,44.354157,0,9.065471e-04
8872,44.359157,0,9.531929e-04
8873,44.364157,0,9.827258e-04
8874,44.369157,1,1.839658e-04
8875,44.374157,0,5.624724e-04
8876,44.379157,0,8.373328e-04
8877,44.384157,1,1.845468e-04
8878,44.389157,0,4.946718e-04
8879,44.394157,0,7.095780e-04
8880,44.399157,0,8.357902e-04
8881,44.404157,0,9.120890e-04
8882,44.409157,0,9.594892e-04
8883,44.414157,0,9.895956e-04
8884,44.419157,1,1.868099e-04
8885,44.424157,0,5.689934e-04
8886,44.429157,0,8.474719e-04
8887,44.434157,1,1.880176e-04
8888,44.439157,0,5.026045e-04
8889,44.444157,0,7.211119e-04
8890,44.449157,0,8.497545e-04
8891,44.454157,0,9.277000e-04
8892,44.459157,0,9.762260e-04
8893,44.464157,1,1.840879e-04
8894,44.469157,0,5.588116e-04
8895,44.474157,0,8.293186e-04
8896,44.479157,0,9.926852e-04
8897,44.484157,1,2.089523e-04
8898,44.489157,0,5.886017e-04
8899,44.494157,0,8.628794e-04
8900,44.499157,1,1.820117e-04
8901,44.504157,0,4.992307e-04
8902,44.509157,0,7.156871e-04
8903,44.514157,0,8.413932e-04
8904,44.519157,0,9.166505e-04
8905,44.524157,0,9.629871e-04
8906,44.529157,0,9.921705e-04
8907,44.534157,1,1.827352e-04
8908,44.539157,0,5.633652e-04
8909,44.544157,0,8.380989e-04
8910,44.549157,1,1.826618e-04
8911,44.554157,0,4.918317e-04
8912,44.559157,0,7.053649e-04
8913,44.564157,0,8.302943e-04
8914,44.569157,0,9.055479e-04
8915,44.574157,0,9.521411e-04
8916,44.579157,0,9.816407e-04
8917,44.584157,1,1.837647e-04
8918,44.589157,0,5.618444e-04
8919,44.594157,0,8.363946e-04
8920,44.599157,1,1.843432e-04
8921,44.604157,0,4.941126e-04
8922,44.609157,0,7.087719e-04
8923,44.614157,0,8.348388e-04
8924,44.619157,0,9.110494e-04
8925,44.624157,0,9.583947e-04
8926,44.629157,0,9.884662e-04
8927,44.634157,1,1.865984e-04
8928,44.639157,0,5.683384e-04
8929,44.644157,0,8.464935e-04
8930,44.649157,1,1.878039e-04
8931,44.654157,0,5.020202e-04
8932,44.659157,0,7.202700e-04
8933,44.664157,0,8.487606e-04
8934,44.669157,0,9.266138e-04
8935,44.674157,0,9.750824e-04
8936,44.679157,1,1.838747e-04
8937,44.684157,0,5.581523e-04
8938,44.689157,0,8.283376e-04
8939,44.694157,0,9.915097e-04
8940,44.699157,1,2.087092e-04
8941,44.704157,0,5.879018e-04
8942,44.709157,0,8.618501e-04
8943,44.714157,1,1.817979e-04
8944,44.719157,0,4.986320e-04
8945,44.724157,0,7.148255e-04
8946,44.729157,0,8.403788e-04
8947,44.734157,0,9.155447e-04
8948,44.739157,0,9.618250e-04
8949,44.744157,0,9.909730e-04
8950,44.749157,1,1.825178e-04
8951,44.754157,0,5.626825e-04
8952,44.759157,0,8.370807e-04
8953,44.764157,1,1.824441e-04
8954,44.769157,0,4.912321e-04
8955,44.774157,0,7.045017e-04
8956,44.779157,0,8.292770e-04
8957,44.784157,0,9.044377e-04
8958,44.789157,0,9.509736e-04
8959,44.794157,0,9.804369e-04
8960,44.799157,0,9.994367e-04
8961,44.804157,1,1.881438e-04
8962,44.809157,0,5.750391e-04
8963,44.814157,0,8.582000e-04
8964,44.819157,1,1.923511e-04
8965,44.824157,0,5.119266e-04
8966,44.829157,0,7.346140e-04
8967,44.834157,0,8.661305e-04
8968,44.839157,0,9.460461e-04
8969,44.844157,0,9.959323e-04
8970,44.849157,1,1.891167e-04
8971,44.854157,0,5.721744e-04
8972,44.859157,0,8.494667e-04
8973,44.864157,1,1.855498e-04
8974,44.869157,0,4.995347e-04
8975,44.874157,0,7.164335e-04
8976,44.879157,0,8.435132e-04
8977,44.884157,0,9.201814e-04
8978,44.889157,0,9.677249e-04
8979,44.894157,0,9.978718e-04
8980,44.899157,1,1.874597e-04
8981,44.904157,0,5.722756e-04
8982,44.909157,0,8.520870e-04
8983,44.914157,1,1.883952e-04
8984,44.919157,0,5.042074e-04
8985,44.924157,0,7.232887e-04
8986,44.929157,0,8.520925e-04
8987,44.934157,0,9.300380e-04
8988,44.939157,0,9.785083e-04
8989,44.944157,1,1.840048e-04
8990,44.949157,0,5.591856e-04
8991,44.954157,0,8.296965e-04
8992,44.959157,0,9.928863e-04
8993,44.964157,1,2.085945e-04
8994,44.969157,0,5.879348e-04
8995,44.974157,0,8.617439e-04
8996,44.979157,1,1.814168e-04
8997,44.984157,0,4.979828e-04
8998,44.989157,0,7.138295e-04
8999,44.994157,0,8.390869e-04
9000,44.999157,0,9.140239e-04
9001,45.004157,0,9.601340e-04
9002,45.009157,0,9.891581e-04
9003,45.014157,1,1.819168e-04
9004,45.019157,0,5.611616e-04
9005,45.024157,0,8.347105e-04
9006,45.029157,0,9.995712e-04
9007,45.034157,1,2.105769e-04
9008,45.039157,0,5.926124e-04
9009,45.044157,0,8.687237e-04
9010,45.049157,1,1.830239e-04
9011,45.054157,0,5.022187e-04
9012,45.059157,0,7.200049e-04
9013,45.064157,0,8.464305e-04
9014,45.069157,0,9.220821e-04
9015,45.074157,0,9.686369e-04
9016,45.079157,0,9.979417e-04
9017,45.084157,1,1.835319e-04
9018,45.089157,0,5.663202e-04
9019,45.094157,0,8.424882e-04
9020,45.099157,1,1.834352e-04
9021,45.104157,0,4.941498e-04
9022,45.109157,0,7.087193e-04
9023,45.114157,0,8.342228e-04
9024,45.119157,0,9.098014e-04
9025,45.124157,0,9.565826e-04
9026,45.129157,0,9.861927e-04
9027,45.134157,1,1.844701e-04
9028,45.139157,0,5.642938e-04
9029,45.144157,0,8.400323e-04
9030,45.149157,1,1.850253e-04
9031,45.154157,0,4.961228e-04
9032,45.159157,0,7.116788e-04
9033,45.164157,0,8.382525e-04
9034,45.169157,0,9.147564e-04
9035,45.174157,0,9.622754e-04
9036,45.179157,0,9.924515e-04
9037,45.184157,1,1.872455e-04
9038,45.189157,0,5.705196e-04
9039,45.194157,0,8.497508e-04
9040,45.199157,1,1.884472e-04
9041,45.204157,0,5.038678e-04
9042,45.209157,0,7.229439e-04
9043,45.214157,0,8.519107e-04
9044,45.219157,0,9.300458e-04
9045,45.224157,0,9.786854e-04
9046,45.229157,1,1.845005e-04
9047,45.234157,0,5.601759e-04
9048,45.239157,0,8.313489e-04
9049,45.244157,0,9.951068e-04
9050,45.249157,1,2.094143e-04
9051,45.254157,0,5.900000e-04
9052,45.259157,0,8.649407e-04
9053,45.264157,1,1.824149e-04
9054,45.269157,0,5.004024e-04
9055,45.274157,0,7.173810e-04
9056,45.279157,0,8.433881e-04
9057,45.284157,0,9.188240e-04
9058,45.289157,0,9.652692e-04
9059,45.294157,0,9.945202e-04
9060,45.299157,1,1.831442e-04
9061,45.304157,0,5.646925e-04
9062,45.309157,0,8.400828e-04
9063,45.314157,1,1.830754e-04
9064,45.319157,0,4.929935e-04
9065,45.324157,0,7.070428e-04
9066,45.329157,0,8.322740e-04
9067,45.334157,0,9.077091e-04
9068,45.339157,0,9.544145e-04
9069,45.344157,0,9.839848e-04
9070,45.349157,1,1.841911e-04
9071,45.354157,0,5.631943e-04
9072,45.359157,0,8.384123e-04
9073,45.364157,1,1.847758e-04
9074,45.369157,0,4.953104e-04
9075,45.374157,0,7.105006e-04
9076,45.379157,0,8.368800e-04
9077,45.384157,0,9.132799e-04
9078,45.389157,0,9.607430e-04
9079,45.394157,0,9.908892e-04
9080,45.399157,1,1.870473e-04
9081,45.404157,0,5.697430e-04
9082,45.409157,0,8.485941e-04
9083,45.414157,1,1.882621e-04
9084,45.419157,0,5.032760e-04
9085,45.424157,0,7.220810e-04
9086,45.429157,0,8.508996e-04
9087,45.434157,0,9.289521e-04
9088,45.439157,0,9.775451e-04
9089,45.444157,1,1.843338e-04
9090,45.449157,0,5.595762e-04
9091,45.454157,0,8.304581e-04
9092,45.459157,0,9.940521e-04
9093,45.464157,1,2.092361e-04
9094,45.469157,0,5.894206e-04
9095,45.474157,0,8.640854e-04
9096,45.479157,1,1.822640e-04
9097,45.484157,0,4.999364e-04
9098,45.489157,0,7.167035e-04
9099,45.494157,0,8.425909e-04
9100,45.499157,0,9.179574e-04
9101,45.504157,0,9.643613e-04
9102,45.509157,0,9.935874e-04
9103,45.514157,1,1.829941e-04
9104,45.519157,0,5.641786e-04
9105,45.524157,0,8.393130e-04
9106,45.529157,1,1.829231e-04
9107,45.534157,0,4.925502e-04
9108,45.539157,0,7.063998e-04
9109,45.544157,0,8.315150e-04
9110,45.549157,0,9.068808e-04
9111,45.554157,0,9.535438e-04
9112,45.559157,0,9.830876e-04
9113,45.564157,1,1.840331e-04
9114,45.569157,0,5.626797e-04
9115,45.574157,0,8.376415e-04
9116,45.579157,1,1.846144e-04
9117,45.584157,0,4.948543e-04
9118,45.589157,0,7.098401e-04
9119,45.594157,0,8.360991e-04
9120,45.599157,0,9.124261e-04
9121,45.604157,0,9.598439e-04
9122,45.609157,0,9.899614e-04
9123,45.614157,1,1.868785e-04
9124,45.619157,0,5.692038e-04
9125,45.624157,0,8.477857e-04
9126,45.629157,1,1.880868e-04
9127,45.634157,0,5.027906e-04
9128,45.639157,0,7.213793e-04
9129,45.644157,0,8.500697e-04
9130,45.649157,0,9.280441e-04
9131,45.654157,0,9.765882e-04
9132,45.659157,1,1.841558e-04
9133,45.664157,0,5.590190e-04
9134,45.669157,0,8.296267e-04
9135,45.674157,0,9.930541e-04
9136,45.679157,1,2.090295e-04
9137,45.684157,0,5.888205e-04
9138,45.689157,0,8.632005e-04
9139,45.694157,1,1.820790e-04
9140,45.699157,0,4.994165e-04
9141,45.704157,0,7.159538e-04
9142,45.709157,0,8.417069e-04
9143,45.714157,0,9.169923e-04
9144,45.719157,0,9.633462e-04
9145,45.724157,0,9.925405e-04
9146,45.729157,1,1.828031e-04
9147,45.734157,0,5.635755e-04
9148,45.739157,0,8.384120e-04
9149,45.744157,1,1.827296e-04
9150,45.749157,0,4.920155e-04
9151,45.754157,0,7.056288e-04
9152,45.759157,0,8.306050e-04
9153,45.764157,0,9.058868e-04
9154,45.769157,0,9.524975e-04
9155,45.774157,0,9.820080e-04
9156,45.779157,1,1.838331e-04
9157,45.784157,0,5.620549e-04
9158,45.789157,0,8.367081e-04
9159,45.794157,1,1.844119e-04
9160,45.799157,0,4.942979e-04
9161,45.804157,0,7.090380e-04
9162,45.809157,0,8.351522e-04
9163,45.814157,0,9.113915e-04
9164,45.819157,0,9.587546e-04
9165,45.824157,0,9.888373e-04
9166,45.829157,1,1.866682e-04
9167,45.834157,0,5.685519e-04
9168,45.839157,0,8.468118e-04
9169,45.844157,1,1.878742e-04
9170,45.849157,0,5.022090e-04
9171,45.854157,0,7.205411e-04
9172,45.859157,0,8.490802e-04
9173,45.864157,0,9.269628e-04
9174,45.869157,0,9.754497e-04
9175,45.874157,1,1.839437e-04
9176,45.879157,0,5.583627e-04
9177,45.884157,0,8.286500e-04
9178,45.889157,0,9.918837e-04
9179,45.894157,1,2.087875e-04
9180,45.899157,0,5.881236e-04
9181,45.904157,0,8.621755e-04
9182,45.909157,1,1.818662e-04
9183,45.914157,0,4.988203e-04
9184,45.919157,0,7.150958e-04
9185,45.924157,0,8.406967e-04
9186,45.929157,0,9.158911e-04
9187,45.934157,0,9.621889e-04
9188,45.939157,0,9.913479e-04
9189,45.944157,1,1.825865e-04
9190,45.949157,0,5.628955e-04
9191,45.954157,0,8.373978e-04
9192,45.959157,1,1.825129e-04
9193,45.964157,0,4.914183e-04
9194,45.969157,0,7.047689e-04
9195,45.974157,0,8.295916e-04
9196,45.979157,0,9.047809e-04
9197,45.984157,0,9.513344e-04
9198,45.989157,0,9.808089e-04
9199,45.994157,0,9.998159e-04
9200,45.999157,1,1.882148e-04
9201,46.004157,0,5.752574e-04
9202,46.009157,0,8.585260e-04
9203,46.014157,1,1.924239e-04
9204,46.019157,0,5.121211e-04
9205,46.024157,0,7.348933e-04
9206,46.029157,0,8.664599e-04
9207,46.034157,0,9.464059e-04
9208,46.039157,0,9.963111e-04
9209,46.044157,1,1.891883e-04
9210,46.049157,0,5.723922e-04
9211,46.054157,0,8.497902e-04
9212,46.059157,1,1.856201e-04
9213,46.064157,0,4.997249e-04
9214,46.069157,0,7.167066e-04
9215,46.074157,0,8.438349e-04
9216,46.079157,0,9.205323e-04
9217,46.084157,0,9.680939e-04
9218,46.089157,0,9.982523e-04
9219,46.094157,1,1.875308e-04
9220,46.099157,0,5.724940e-04
9221,46.104157,0,8.524123e-04
9222,46.109157,1,1.884668e-04
9223,46.114157,0,5.044000e-04
9224,46.119157,0,7.235651e-04
9225,46.124157,0,8.524182e-04
9226,46.129157,0,9.303935e-04
9227,46.134157,0,9.788824e-04
9228,46.139157,1,1.840749e-04
9229,46.144157,0,5.593995e-04
9230,46.149157,0,8.300140e-04
9231,46.154157,0,9.932663e-04
9232,46.159157,1,2.086740e-04
9233,46.164157,0,5.881599e-04
9234,46.169157,0,8.620740e-04
9235,46.174157,1,1.814861e-04
9236,46.179157,0,4.981736e-04
9237,46.184157,0,7.141033e-04
9238,46.189157,0,8.394087e-04
9239,46.194157,0,9.143745e-04
9240,46.199157,0,9.605024e-04
9241,46.204157,0,9.895376e-04
9242,46.209157,1,1.819863e-04
9243,46.214157,0,5.613770e-04
9244,46.219157,0,8.350310e-04
9245,46.224157,0,9.999551e-04
9246,46.229157,1,2.106574e-04
9247,46.234157,0,5.928400e-04
9248,46.239157,0,8.690576e-04
9249,46.244157,1,1.830940e-04
9250,46.249157,0,5.024118e-04
9251,46.254157,0,7.202819e-04
9252,46.259157,0,8.467563e-04
9253,46.264157,0,9.224370e-04
9254,46.269157,0,9.690098e-04
9255,46.274157,0,9.983259e-04
9256,46.279157,1,1.836023e-04
9257,46.284157,0,5.665383e-04
9258,46.289157,0,8.428128e-04
9259,46.294157,1,1.835057e-04
9260,46.299157,0,4.943403e-04
9261,46.304157,0,7.089927e-04
9262,46.309157,0,8.345446e-04
9263,46.314157,0,9.101523e-04
9264,46.319157,0,9.569516e-04
9265,46.324157,0,9.865732e-04
9266,46.329157,1,1.845411e-04
9267,46.334157,0,5.645116e-04
9268,46.339157,0,8.403567e-04
9269,46.344157,1,1.850965e-04
9270,46.349157,0,4.963144e-04
9271,46.354157,0,7.119539e-04
9272,46.359157,0,8.385765e-04
9273,46.364157,0,9.151100e-04
9274,46.369157,0,9.626474e-04
9275,46.374157,0,9.928352e-04
9276,46.379157,1,1.873177e-04
9277,46.384157,0,5.707402e-04
9278,46.389157,0,8.500796e-04
9279,46.394157,1,1.885199e-04
9280,46.399157,0,5.040628e-04
9281,46.404157,0,7.232238e-04
9282,46.409157,0,8.522406e-04
9283,46.414157,0,9.304060e-04
9284,46.419157,0,9.790645e-04
9285,46.424157,1,1.845718e-04
9286,46.429157,0,5.603929e-04
9287,46.434157,0,8.316711e-04
9288,46.439157,0,9.954926e-04
9289,46.444157,1,2.094952e-04
9290,46.449157,0,5.902288e-04
9291,46.454157,0,8.652762e-04
9292,46.459157,1,1.824854e-04
9293,46.464157,0,5.005966e-04
9294,46.469157,0,7.176596e-04
9295,46.474157,0,8.437156e-04
9296,46.479157,0,9.191808e-04
9297,46.484157,0,9.656441e-04
9298,46.489157,0,9.949065e-04
9299,46.494157,1,1.832151e-04
9300,46.499157,0,5.649119e-04
9301,46.504157,0,8.404093e-04
9302,46.509157,1,1.831463e-04
9303,46.514157,0,4.931852e-04
9304,46.519157,0,7.073178e-04
9305,46.524157,0,8.325978e-04
9306,46.529157,0,9.080623e-04
9307,46.534157,0,9.547859e-04
9308,46.539157,0,9.843677e-04
9309,46.544157,1,1.842626e-04
9310,46.549157,0,5.634135e-04
9311,46.554157,0,8.387388e-04
9312,46.559157,1,1.848475e-04
9313,46.564157,0,4.955033e-04
9314,46.569157,0,7.107775e-04
9315,46.574157,0,8.372062e-04
9316,46.579157,0,9.136358e-04
9317,46.584157,0,9.611174e-04
9318,46.589157,0,9.912754e-04
9319,46.594157,1,1.871200e-04
9320,46.599157,0,5.699652e-04
9321,46.604157,0,8.489251e-04
9322,46.609157,1,1.883353e-04
9323,46.614157,0,5.034723e-04
9324,46.619157,0,7.223628e-04
9325,46.624157,0,8.512318e-04
9326,46.629157,0,9.293148e-04
9327,46.634157,0,9.779267e-04
9328,46.639157,1,1.844056e-04
9329,46.644157,0,5.597948e-04
9330,46.649157,0,8.307825e-04
9331,46.654157,0,9.944404e-04
9332,46.659157,1,2.093176e-04
9333,46.664157,0,5.896509e-04
9334,46.669157,0,8.644231e-04
9335,46.674157,1,1.823350e-04
9336,46.679157,0,5.001318e-04
9337,46.684157,0,7.169838e-04
9338,46.689157,0,8.429205e-04
9339,46.694157,0,9.183165e-04
9340,46.699157,0,9.647387e-04
9341,46.704157,0,9.939762e-04
9342,46.709157,1,1.830655e-04
9343,46.714157,0,5.643995e-04
9344,46.719157,0,8.396416e-04
9345,46.724157,1,1.829945e-04
9346,46.729157,0,4.927431e-04
9347,46.734157,0,7.066765e-04
9348,46.739157,0,8.318408e-04
9349,46.744157,0,9.072362e-04
9350,46.749157,0,9.539175e-04
9351,46.754157,0,9.834728e-04
9352,46.759157,1,1.841051e-04
9353,46.764157,0,5.629002e-04
9354,46.769157,0,8.379700e-04
9355,46.774157,1,1.846866e-04
9356,46.779157,0,4.950484e-04
9357,46.784157,0,7.101186e-04
9358,46.789157,0,8.364272e-04
9359,46.794157,0,9.127841e-04
9360,46.799157,0,9.602205e-04
9361,46.804157,0,9.903499e-04
9362,46.809157,1,1.869517e-04
9363,46.814157,0,5.694273e-04
9364,46.819157,0,8.481186e-04
9365,46.824157,1,1.881605e-04
9366,46.829157,0,5.029881e-04
9367,46.834157,0,7.216627e-04
9368,46.839157,0,8.504037e-04
9369,46.844157,0,9.284088e-04
9370,46.849157,0,9.769719e-04
9371,46.854157,1,1.842280e-04
9372,46.859157,0,5.592388e-04
9373,46.864157,0,8.299529e-04
9374,46.869157,0,9.934446e-04
9375,46.874157,1,2.091115e-04
9376,46.879157,0,5.890520e-04
9377,46.884157,0,8.635401e-04
9378,46.889157,1,1.821506e-04
9379,46.894157,0,4.996130e-04
9380,46.899157,0,7.162357e-04
9381,46.904157,0,8.420382e-04
9382,46.909157,0,9.173534e-04
9383,46.914157,0,9.637255e-04
9384,46.919157,0,9.929313e-04
9385,46.924157,1,1.828749e-04
9386,46.929157,0,5.637974e-04
9387,46.934157,0,8.387423e-04
9388,46.939157,1,1.828015e-04
9389,46.944157,0,4.922094e-04
9390,46.949157,0,7.059069e-04
9391,46.954157,0,8.309325e-04
9392,46.959157,0,9.062439e-04
9393,46.964157,0,9.528730e-04
9394,46.969157,0,9.823952e-04
9395,46.974157,1,1.839054e-04
9396,46.979157,0,5.622765e-04
9397,46.984157,0,8.370381e-04
9398,46.989157,1,1.844845e-04
9399,46.994157,0,4.944929e-04
9400,46.999157,0,7.093178e-04
9401,47.004157,0,8.354818e-04
9402,47.009157,0,9.117512e-04
9403,47.014157,0,9.591330e-04
9404,47.019157,0,9.892276e-04
9405,47.024157,1,1.867417e-04
9406,47.029157,0,5.687764e-04
9407,47.034157,0,8.471462e-04
9408,47.039157,1,1.879482e-04
9409,47.044157,0,5.024073e-04
9410,47.049157,0,7.208258e-04
9411,47.054157,0,8.494157e-04
9412,47.059157,0,9.273291e-04
9413,47.064157,0,9.758351e-04
9414,47.069157,1,1.840162e-04
9415,47.074157,0,5.585834e-04
9416,47.079157,0,8.289776e-04
9417,47.084157,0,9.922759e-04
9418,47.089157,1,2.088699e-04
9419,47.094157,0,5.883562e-04
9420,47.099157,0,8.625165e-04
9421,47.104157,1,1.819380e-04
9422,47.109157,0,4.990177e-04
9423,47.114157,0,7.153788e-04
9424,47.119157,0,8.410294e-04
9425,47.124157,0,9.162536e-04
9426,47.129157,0,9.625697e-04
9427,47.134157,0,9.917403e-04
9428,47.139157,1,1.826586e-04
9429,47.144157,0,5.631183e-04
9430,47.149157,0,8.377293e-04
9431,47.154157,1,1.825850e-04
9432,47.159157,0,4.916129e-04
9433,47.164157,0,7.050481e-04
9434,47.169157,0,8.299203e-04
9435,47.174157,0,9.051394e-04
9436,47.179157,0,9.517114e-04
9437,47.184157,0,9.811975e-04
9438,47.189157,1,1.836842e-04
9439,47.194157,0,5.615890e-04
9440,47.199157,0,8.360122e-04
9441,47.204157,1,1.842628e-04
9442,47.209157,0,4.938852e-04
9443,47.214157,0,7.084429e-04
9444,47.219157,0,8.344502e-04
9445,47.224157,0,9.106249e-04
9446,47.229157,0,9.579480e-04
9447,47.234157,0,9.880053e-04
9448,47.239157,1,1.865138e-04
9449,47.244157,0,5.680718e-04
9450,47.249157,0,8.460945e-04
9451,47.254157,1,1.877190e-04
9452,47.259157,0,5.017823e-04
9453,47.264157,0,7.199261e-04
9454,47.269157,0,8.483543e-04
9455,47.274157,0,9.261699e-04
9456,47.279157,0,9.746152e-04
9457,47.284157,1,1.837892e-04
9458,47.289157,0,5.578834e-04
9459,47.294157,0,8.279365e-04
9460,47.299157,0,9.910289e-04
9461,47.304157,1,2.086120e-04
9462,47.309157,0,5.876156e-04
9463,47.314157,0,8.614282e-04
9464,47.319157,1,1.817117e-04
9465,47.324157,0,4.983868e-04
9466,47.329157,0,7.144717e-04
9467,47.334157,0,8.399618e-04
9468,47.339157,0,9.150899e-04
9469,47.344157,0,9.613470e-04
9470,47.349157,0,9.904804e-04
9471,47.354157,1,1.824300e-04
9472,47.359157,0,5.624011e-04
9473,47.364157,0,8.366603e-04
9474,47.369157,1,1.823556e-04
9475,47.374157,0,4.909848e-04
9476,47.379157,0,7.041448e-04
9477,47.384157,0,8.288558e-04
9478,47.389157,0,9.039779e-04
9479,47.394157,0,9.504900e-04
9480,47.399157,0,9.799381e-04
9481,47.404157,0,9.989283e-04
9482,47.409157,1,1.880510e-04
9483,47.414157,0,5.747453e-04
9484,47.419157,0,8.577599e-04
9485,47.424157,1,1.922559e-04
9486,47.429157,0,5.116638e-04
9487,47.434157,0,7.342345e-04
9488,47.439157,0,8.656820e-04
9489,47.444157,0,9.455558e-04
9490,47.449157,0,9.954160e-04
9491,47.454157,1,1.890214e-04
9492,47.459157,0,5.718765e-04
9493,47.464157,0,8.490229e-04
9494,47.469157,1,1.854559e-04
9495,47.474157,0,4.992732e-04
9496,47.479157,0,7.160563e-04
9497,47.484157,0,8.430682e-04
9498,47.489157,0,9.196955e-04
9499,47.494157,0,9.672137e-04
9500,47.499157,0,9.973446e-04
9501,47.504157,1,1.873631e-04
9502,47.509157,0,5.719720e-04
9503,47.514157,0,8.516334e-04
9504,47.519157,1,1.882979e-04
9505,47.524157,0,5.039386e-04
9506,47.529157,0,7.229010e-04
9507,47.534157,0,8.516350e-04
9508,47.539157,0,9.295382e-04
9509,47.544157,0,9.779823e-04
9510,47.549157,1,1.839082e-04
9511,47.554157,0,5.588836e-04
9512,47.559157,0,8.292470e-04
9513,47.564157,0,9.923481e-04
9514,47.569157,1,2.084848e-04
9515,47.574157,0,5.876158e-04
9516,47.579157,0,8.612745e-04
9517,47.584157,1,1.813202e-04
9518,47.589157,0,4.977105e-04
9519,47.594157,0,7.134374e-04
9520,47.599157,0,8.386252e-04
9521,47.604157,0,9.135208e-04
9522,47.609157,0,9.596055e-04
9523,47.614157,0,9.886136e-04
9524,47.619157,1,1.818192e-04
9525,47.624157,0,5.608518e-04
9526,47.629157,0,8.342481e-04
9527,47.634157,0,9.990169e-04
9528,47.639157,1,2.104631e-04
9529,47.644157,0,5.922831e-04
9530,47.649157,0,8.682393e-04
9531,47.654157,1,1.829244e-04
9532,47.659157,0,5.019382e-04
9533,47.664157,0,7.196009e-04
9534,47.669157,0,8.459548e-04
9535,47.674157,0,9.215635e-04
9536,47.679157,0,9.680919e-04
9537,47.684157,0,9.973802e-04
9538,47.689157,1,1.834310e-04
9539,47.694157,0,5.660002e-04
9540,47.699157,0,8.420109e-04
9541,47.704157,1,1.833338e-04
9542,47.709157,0,4.938697e-04
9543,47.714157,0,7.083157e-04
9544,47.719157,0,8.337469e-04
9545,47.724157,0,9.092821e-04
9546,47.729157,0,9.560365e-04
9547,47.734157,0,9.856296e-04
9548,47.739157,1,1.843671e-04
9549,47.744157,0,5.639704e-04
9550,47.749157,0,8.395497e-04
9551,47.754157,1,1.849213e-04
9552,47.759157,0,4.958376e-04
9553,47.764157,0,7.112680e-04
9554,47.769157,0,8.377679e-04
9555,47.774157,0,9.142273e-04
9556,47.779157,0,9.617187e-04
9557,47.784157,0,9.918773e-04
9558,47.789157,1,1.871394e-04
9559,47.794157,0,5.701883e-04
9560,47.799157,0,8.492563e-04
9561,47.804157,1,1.883398e-04
9562,47.809157,0,5.035745e-04
9563,47.814157,0,7.225213e-04
9564,47.819157,0,8.514122e-04
9565,47.824157,0,9.295012e-04
9566,47.829157,0,9.781123e-04
9567,47.834157,1,1.843946e-04
9568,47.839157,0,5.598467e-04
9569,47.844157,0,8.308593e-04
9570,47.849157,0,9.945206e-04
9571,47.854157,1,2.092934e-04
9572,47.859157,0,5.896523e-04
9573,47.864157,0,8.644294e-04
9574,47.869157,1,1.823089e-04
9575,47.874157,0,5.001059e-04
9576,47.879157,0,7.169545e-04
9577,47.884157,0,8.428861e-04
9578,47.889157,0,9.182769e-04
9579,47.894157,0,9.646944e-04
9580,47.899157,0,9.939280e-04
9581,47.904157,1,1.830371e-04
9582,47.909157,0,5.643555e-04
9583,47.914157,0,8.395802e-04
9584,47.919157,1,1.829677e-04
9585,47.924157,0,4.926980e-04
9586,47.929157,0,7.066177e-04
9587,47.934157,0,8.317731e-04
9588,47.939157,0,9.071627e-04
9589,47.944157,0,9.538399e-04
9590,47.949157,0,9.833925e-04
9591,47.954157,1,1.840821e-04
9592,47.959157,0,5.628545e-04
9593,47.964157,0,8.379054e-04
9594,47.969157,1,1.846658e-04
9595,47.974157,0,4.950105e-04
9596,47.979157,0,7.100691e-04
9597,47.984157,0,8.363713e-04
9598,47.989157,0,9.127245e-04
9599,47.994157,0,9.601587e-04
9600,47.999157,0,9.902866e-04
9601,48.004157,1,1.869354e-04
9602,48.009157,0,5.693959e-04
9603,48.014157,0,8.480760e-04
9604,48.019157,1,1.881489e-04
9605,48.024157,0,5.029683e-04
9606,48.029157,0,7.216383e-04
9607,48.034157,0,8.503774e-04
9608,48.039157,0,9.283819e-04
9609,48.044157,0,9.769450e-04
9610,48.049157,1,1.842224e-04
9611,48.054157,0,5.592321e-04
9612,48.059157,0,8.299463e-04
9613,48.064157,0,9.934391e-04
9614,48.069157,1,2.091091e-04
9615,48.074157,0,5.890567e-04
9616,48.079157,0,8.635507e-04
9617,48.084157,1,1.821529e-04
9618,48.089157,0,4.996267e-04
9619,48.094157,0,7.162582e-04
9620,48.099157,0,8.420669e-04
9621,48.104157,0,9.173862e-04
9622,48.109157,0,9.637612e-04
9623,48.114157,0,9.929690e-04
9624,48.119157,1,1.828818e-04
9625,48.124157,0,5.638266e-04
9626,48.129157,0,8.387884e-04
9627,48.134157,1,1.828104e-04
9628,48.139157,0,4.922422e-04
9629,48.144157,0,7.059568e-04
9630,48.149157,0,8.309930e-04
9631,48.154157,0,9.063113e-04
9632,48.159157,0,9.529449e-04
9633,48.164157,0,9.824700e-04
9634,48.169157,1,1.839192e-04
9635,48.174157,0,5.623254e-04
9636,48.179157,0,8.371133e-04
9637,48.184157,1,1.844995e-04
9638,48.189157,0,4.945422e-04
9639,48.194157,0,7.093911e-04
9640,48.199157,0,8.355698e-04
9641,48.204157,0,9.118482e-04
9642,48.209157,0,9.592359e-04
9643,48.214157,0,9.893343e-04
9644,48.219157,1,1.867617e-04
9645,48.224157,0,5.688425e-04
9646,48.229157,0,8.472467e-04
9647,48.234157,1,1.879687e-04
9648,48.239157,0,5.024709e-04
9649,48.244157,0,7.209194e-04
9650,48.249157,0,8.495273e-04
9651,48.254157,0,9.274517e-04
9652,48.259157,0,9.759648e-04
9653,48.264157,1,1.840398e-04
9654,48.269157,0,5.586614e-04
9655,48.274157,0,8.290952e-04
9656,48.279157,0,9.924177e-04
9657,48.284157,1,2.088973e-04
9658,48.289157,0,5.884432e-04
9659,48.294157,0,8.626463e-04
9660,48.299157,1,1.819636e-04
9661,48.304157,0,4.990953e-04
9662,48.309157,0,7.154923e-04
9663,48.314157,0,8.411639e-04
9664,48.319157,0,9.164008e-04
9665,48.324157,0,9.627247e-04
9666,48.329157,0,9.919002e-04
9667,48.334157,1,1.826864e-04
9668,48.339157,0,5.632115e-04
9669,48.344157,0,8.378697e-04
9670,48.349157,1,1.826128e-04
9671,48.354157,0,4.916968e-04
9672,48.359157,0,7.051707e-04
9673,48.364157,0,8.300655e-04
9674,48.369157,0,9.052983e-04
9675,48.374157,0,9.518787e-04
9676,48.379157,0,9.813702e-04
9677,48.384157,1,1.837150e-04
9678,48.389157,0,5.616894e-04
9679,48.394157,0,8.361632e-04
9680,48.399157,1,1.842931e-04
9681,48.404157,0,4.939756e-04
9682,48.409157,0,7.085747e-04
9683,48.414157,0,8.346063e-04
9684,48.419157,0,9.107956e-04
9685,48.424157,0,9.581278e-04
9686,48.429157,0,9.881909e-04
9687,48.434157,1,1.865473e-04
9688,48.439157,0,5.681799e-04
9689,48.444157,0,8.462569e-04
9690,48.449157,1,1.877522e-04
9691,48.454157,0,5.018795e-04
9692,48.459157,0,7.200675e-04
9693,48.464157,0,8.485218e-04
9694,48.469157,0,9.263531e-04
9695,48.474157,0,9.748080e-04
9696,48.479157,1,1.838239e-04
9697,48.484157,0,5.579951e-04
9698,48.489157,0,8.281036e-04
9699,48.494157,0,9.912294e-04
9700,48.499157,1,2.086511e-04
9701,48.504157,0,5.877352e-04
9702,48.509157,0,8.616053e-04
9703,48.514157,1,1.817471e-04
9704,48.519157,0,4.984902e-04
9705,48.524157,0,7.146217e-04
9706,48.529157,0,8.401388e-04
9707,48.534157,0,9.152831e-04
9708,48.539157,0,9.615501e-04
9709,48.544157,0,9.906897e-04
9710,48.549157,1,1.824663e-04
9711,48.554157,0,5.625211e-04
9712,48.559157,0,8.368402e-04
9713,48.564157,1,1.823926e-04
9714,48.569157,0,4.910910e-04
9715,48.574157,0,7.042987e-04
9716,48.579157,0,8.290377e-04
9717,48.584157,0,9.041766e-04
9718,48.589157,0,9.506989e-04
9719,48.594157,0,9.801536e-04
9720,48.599157,0,9.991479e-04
9721,48.604157,1,1.880902e-04
9722,48.609157,0,5.748725e-04
9723,48.614157,0,8.579510e-04
9724,48.619157,1,1.922963e-04
9725,48.624157,0,5.117782e-04
9726,48.629157,0,7.344003e-04
9727,48.634157,0,8.658783e-04
9728,48.639157,0,9.457704e-04
9729,48.644157,0,9.956420e-04
9730,48.649157,1,1.890623e-04
9731,48.654157,0,5.720072e-04
9732,48.659157,0,8.492182e-04
9733,48.664157,1,1.854963e-04
9734,48.669157,0,4.993885e-04
9735,48.674157,0,7.162232e-04
9736,48.679157,0,8.432654e-04
9737,48.684157,0,9.199109e-04
9738,48.689157,0,9.674403e-04
9739,48.694157,0,9.975783e-04
9740,48.699157,1,1.874053e-04
9741,48.704157,0,5.721069e-04
9742,48.709157,0,8.518354e-04
9743,48.714157,1,1.883404e-04
9744,48.719157,0,5.040586e-04
9745,48.724157,0,7.230747e-04
9746,48.729157,0,8.518401e-04
9747,48.734157,0,9.297623e-04
9748,48.739157,0,9.782181e-04
9749,48.744157,1,1.839510e-04
9750,48.749157,0,5.590194e-04
9751,48.754157,0,8.294494e-04
9752,48.759157,0,9.925907e-04
9753,48.764157,1,2.085333e-04
9754,48.769157,0,5.877598e-04
9755,48.774157,0,8.614869e-04
9756,48.779157,1,1.813634e-04
9757,48.784157,0,4.978340e-04
9758,48.789157,0,7.136157e-04
9759,48.794157,0,8.388353e-04
9760,48.799157,0,9.137499e-04
9761,48.804157,0,9.598462e-04
9762,48.809157,0,9.888616e-04
9763,48.814157,1,1.818628e-04
9764,48.819157,0,5.609933e-04
9765,48.824157,0,8.344596e-04
9766,48.829157,0,9.992706e-04
9767,48.834157,1,2.105144e-04
9768,48.839157,0,5.924338e-04
9769,48.844157,0,8.684615e-04
9770,48.849157,1,1.829693e-04
9771,48.854157,0,5.020671e-04
9772,48.859157,0,7.197871e-04
9773,48.864157,0,8.461742e-04
9774,48.869157,0,9.218027e-04
9775,48.874157,0,9.683433e-04
9776,48.879157,0,9.976392e-04
9777,48.884157,1,1.834770e-04
9778,48.889157,0,5.661481e-04
9779,48.894157,0,8.422319e-04
9780,48.899157,1,1.833801e-04
9781,48.904157,0,4.939995e-04
9782,48.909157,0,7.085032e-04
9783,48.914157,0,8.339681e-04
9784,48.919157,0,9.095235e-04
9785,48.924157,0,9.562904e-04
9786,48.929157,0,9.858914e-04
9787,48.934157,1,1.844144e-04
9788,48.939157,0,5.641210e-04
9789,48.944157,0,8.397748e-04
9790,48.949157,1,1.849693e-04
9791,48.954157,0,4.959708e-04
9792,48.959157,0,7.114602e-04
9793,48.964157,0,8.379948e-04
9794,48.969157,0,9.144751e-04
9795,48.974157,0,9.619794e-04
9796,48.979157,0,9.921462e-04
9797,48.984157,1,1.871885e-04
9798,48.989157,0,5.703437e-04
9799,48.994157,0,8.494885e-04
9800,48.999157,1,1.883898e-04
9801,49.004157,0,5.037124e-04
9802,49.009157,0,7.227204e-04
9803,49.014157,0,8.516471e-04
9804,49.019157,0,9.297579e-04
9805,49.024157,0,9.783824e-04
9806,49.029157,1,1.844440e-04
9807,49.034157,0,5.600020e-04
9808,49.039157,0,8.310906e-04
9809,49.044157,0,9.947978e-04
9810,49.049157,1,2.093500e-04
9811,49.054157,0,5.898169e-04
9812,49.059157,0,8.646718e-04
9813,49.064157,1,1.823587e-04
9814,49.069157,0,5.002465e-04
9815,49.074157,0,7.171572e-04
9816,49.079157,0,8.431248e-04
9817,49.084157,0,9.185372e-04
9818,49.089157,0,9.649679e-04
9819,49.094157,0,9.942098e-04
9820,49.099157,1,1.830876e-04
9821,49.104157,0,5.645162e-04
9822,49.109157,0,8.398201e-04
9823,49.114157,1,1.830186e-04
9824,49.119157,0,4.928391e-04
9825,49.124157,0,7.068210e-04
9826,49.129157,0,8.320128e-04
9827,49.134157,0,9.074242e-04
9828,49.139157,0,9.541150e-04
9829,49.144157,0,9.836761e-04
9830,49.149157,1,1.841339e-04
9831,49.154157,0,5.630176e-04
9832,49.159157,0,8.381488e-04
9833,49.164157,1,1.847182e-04
9834,49.169157,0,4.951545e-04
9835,49.174157,0,7.102766e-04
9836,49.179157,0,8.366161e-04
9837,49.184157,0,9.129918e-04
9838,49.189157,0,9.604399e-04
9839,49.194157,0,9.905767e-04
9840,49.199157,1,1.869888e-04
9841,49.204157,0,5.695633e-04
9842,49.209157,0,8.483261e-04
9843,49.214157,1,1.882031e-04
9844,49.219157,0,5.031167e-04
9845,49.224157,0,7.218522e-04
9846,49.229157,0,8.506299e-04
9847,49.234157,0,9.286577e-04
9848,49.239157,0,9.772353e-04
9849,49.244157,1,1.842759e-04
9850,49.249157,0,5.593989e-04
9851,49.254157,0,8.301944e-04
9852,49.259157,0,9.937364e-04
9853,49.264157,1,2.091702e-04
9854,49.269157,0,5.892331e-04
9855,49.274157,0,8.638102e-04
9856,49.279157,1,1.822064e-04
9857,49.284157,0,4.997772e-04
9858,49.289157,0,7.164748e-04
9859,49.294157,0,8.423219e-04
9860,49.299157,0,9.176642e-04
9861,49.304157,0,9.640532e-04
9862,49.309157,0,9.932699e-04
9863,49.314157,1,1.829361e-04
9864,49.319157,0,5.639979e-04
9865,49.324157,0,8.390440e-04
9866,49.329157,1,1.828649e-04
9867,49.334157,0,4.923924e-04
9868,49.339157,0,7.061731e-04
9869,49.344157,0,8.312480e-04
9870,49.349157,0,9.065895e-04
9871,49.354157,0,9.532374e-04
9872,49.359157,0,9.827717e-04
9873,49.364157,1,1.839745e-04
9874,49.369157,0,5.624985e-04
9875,49.374157,0,8.373716e-04
9876,49.379157,1,1.845554e-04
9877,49.384157,0,4.946950e-04
9878,49.389157,0,7.096111e-04
9879,49.394157,0,8.358292e-04
9880,49.399157,0,9.121315e-04
9881,49.404157,0,9.595339e-04
9882,49.409157,0,9.896416e-04
9883,49.414157,1,1.868186e-04
9884,49.419157,0,5.690197e-04
9885,49.424157,0,8.475112e-04
9886,49.429157,1,1.880264e-04
9887,49.434157,0,5.026280e-04
9888,49.439157,0,7.211455e-04
9889,49.444157,0,8.497940e-04
9890,49.449157,0,9.277430e-04
9891,49.454157,0,9.762713e-04
9892,49.459157,1,1.840965e-04
9893,49.464157,0,5.588373e-04
9894,49.469157,0,8.293569e-04
9895,49.474157,0,9.927312e-04
9896,49.479157,1,2.089621e-04
9897,49.484157,0,5.886292e-04
9898,49.489157,0,8.629197e-04
9899,49.494157,1,1.820202e-04
9900,49.499157,0,4.992538e-04
9901,49.504157,0,7.157203e-04
9902,49.509157,0,8.414322e-04
9903,49.514157,0,9.166932e-04
9904,49.519157,0,9.630319e-04
9905,49.524157,0,9.922167e-04
9906,49.529157,1,1.827438e-04
9907,49.534157,0,5.633916e-04
9908,49.539157,0,8.381382e-04
9909,49.544157,1,1.826703e-04
9910,49.549157,0,4.918546e-04
9911,49.554157,0,7.053977e-04
9912,49.559157,0,8.303330e-04
9913,49.564157,0,9.055901e-04
9914,49.569157,0,9.521856e-04
9915,49.574157,0,9.816866e-04
9916,49.579157,1,1.837733e-04
9917,49.584157,0,5.618708e-04
9918,49.589157,0,8.364338e-04
9919,49.594157,1,1.843518e-04
9920,49.599157,0,4.941356e-04
9921,49.604157,0,7.088050e-04
9922,49.609157,0,8.348778e-04
9923,49.614157,0,9.110920e-04
9924,49.619157,0,9.584396e-04
9925,49.624157,0,9.885125e-04
9926,49.629157,1,1.866071e-04
9927,49.634157,0,5.683651e-04
9928,49.639157,0,8.465333e-04
9929,49.644157,1,1.878127e-04
9930,49.649157,0,5.020436e-04
9931,49.654157,0,7.203036e-04
9932,49.659157,0,8.488002e-04
9933,49.664157,0,9.266572e-04
9934,49.669157,0,9.751281e-04
9935,49.674157,1,1.838833e-04
9936,49.679157,0,5.581786e-04
9937,49.684157,0,8.283765e-04
9938,49.689157,0,9.915562e-04
9939,49.694157,1,2.087189e-04
9940,49.699157,0,5.879292e-04
9941,49.704157,0,8.618902e-04
9942,49.709157,1,1.818064e-04
9943,49.714157,0,4.986553e-04
9944,49.719157,0,7.148590e-04
9945,49.724157,0,8.404181e-04
9946,49.729157,0,9.155875e-04
9947,49.734157,0,9.618698e-04
9948,49.739157,0,9.910191e-04
9949,49.744157,1,1.825262e-04
9950,49.749157,0,5.627085e-04
9951,49.754157,0,8.371195e-04
9952,49.759157,1,1.824526e-04
9953,49.764157,0,4.912550e-04
9954,49.769157,0,7.045346e-04
9955,49.774157,0,8.293155e-04
9956,49.779157,0,9.044797e-04
9957,49.784157,0,9.510177e-04
9958,49.789157,0,9.804823e-04
9959,49.794157,0,9.994830e-04
9960,49.799157,1,1.881525e-04
9961,49.804157,0,5.750656e-04
9962,49.809157,0,8.582396e-04
9963,49.814157,1,1.923601e-04
9964,49.819157,0,5.119504e-04
9965,49.824157,0,7.346481e-04
9966,49.829157,0,8.661706e-04
9967,49.834157,0,9.460898e-04
9968,49.839157,0,9.959783e-04
9969,49.844157,1,1.891254e-04
9970,49.849157,0,5.722007e-04
9971,49.854157,0,8.495058e-04
9972,49.859157,1,1.855584e-04
9973,49.864157,0,4.995578e-04
9974,49.869157,0,7.164667e-04
9975,49.874157,0,8.435522e-04
9976,49.879157,0,9.202238e-04
9977,49.884157,0,9.677695e-04
9978,49.889157,0,9.979178e-04
9979,49.894157,1,1.874683e-04
9980,49.899157,0,5.723019e-04
9981,49.904157,0,8.521261e-04
9982,49.909157,1,1.884039e-04
9983,49.914157,0,5.042308e-04
9984,49.919157,0,7.233222e-04
9985,49.924157,0,8.521318e-04
9986,49.929157,0,9.300808e-04
9987,49.934157,0,9.785533e-04
9988,49.939157,1,1.840133e-04
9989,49.944157,0,5.592112e-04
9990,49.949157,0,8.297345e-04
9991,49.954157,0,9.929319e-04
9992,49.959157,1,2.086042e-04
9993,49.964157,0,5.879620e-04
9994,49.969157,0,8.617838e-04
9995,49.974157,1,1.814252e-04
9996,49.979157,0,4.980057e-04
9997,49.984157,0,7.138624e-04
9998,49.989157,0,8.391255e-04
9999,49.994157,0,9.140661e-04
10000,49.999157,0,9.601784e-04
10001,50.004157,0,9.892039e-04
