timestep,t,sor_iters,residual
1,0.050000,0,1.580309e-05
2,1.000000,1,7.488242e-05
3,1.500000,1,9.848662e-05
4,2.000000,1,9.548306e-05
5,2.500000,1,9.849290e-05
6,3.000000,1,9.545166e-05
7,3.500000,1,9.734963e-05
8,4.000000,1,9.286026e-05
9,4.500000,1,9.586704e-05
10,5.000000,1,9.020870e-05
11,5.500000,1,9.763008e-05
12,6.000000,1,9.253873e-05
13,6.500000,1,9.753470e-05
14,7.000000,1,9.151496e-05
15,7.500000,1,9.537862e-05
16,8.000000,1,9.143314e-05
17,8.500000,1,9.645143e-05
18,9.000000,1,9.600284e-05
19,9.500000,1,9.958145e-05
20,10.000000,1,8.908699e-05
21,10.500000,1,9.145372e-05
22,11.000000,1,9.576408e-05
23,11.500000,1,9.340748e-05
24,12.000000,1,9.234303e-05
25,12.500000,1,9.695458e-05
26,13.000000,1,9.453952e-05
27,13.500000,1,9.909958e-05
28,14.000000,1,9.470413e-05
29,14.500000,1,8.979296e-05
30,15.000000,1,9.028291e-05
31,15.500000,1,9.955243e-05
32,16.000000,1,9.558355e-05
33,16.500000,1,9.484589e-05
34,17.000000,1,9.759562e-05
35,17.500000,1,9.107953e-05
36,18.000000,1,9.374710e-05
37,18.500000,1,9.070762e-05
38,19.000000,1,8.961873e-05
39,19.500000,1,8.949600e-05
40,20.000000,1,8.651342e-05
41,20.500000,1,9.805864e-05
42,21.000000,1,9.483023e-05
43,21.500000,1,9.522586e-05
44,22.000000,1,9.616238e-05
45,22.500000,1,9.709689e-05
46,23.000000,1,9.809389e-05
47,23.500000,1,9.897077e-05
48,24.000000,1,9.965758e-05
49,24.500000,1,9.190714e-05
50,25.000000,1,9.542375e-05
51,25.500000,1,9.863739e-05
52,26.000000,1,9.991002e-05
53,26.500000,1,9.132756e-05
54,27.000000,1,9.562593e-05
55,27.500000,1,9.928035e-05
56,28.000000,1,9.125694e-05
57,28.500000,1,9.693179e-05
58,29.000000,1,9.149748e-05
59,29.500000,1,9.835393e-05
60,30.000000,1,9.331033e-05
61,30.500000,1,9.428631e-05
62,31.000000,1,9.983623e-05
63,31.500000,1,9.779641e-05
64,32.000000,1,9.923377e-05
65,32.500000,1,9.301515e-05
66,33.000000,1,9.372429e-05
67,33.500000,1,9.594644e-05
68,34.000000,1,9.836804e-05
69,34.500000,1,9.274048e-05
70,35.000000,1,9.522706e-05
71,35.500000,1,9.013052e-05
72,36.000000,1,9.283612e-05
73,36.500000,1,9.600566e-05
74,37.000000,1,9.122082e-05
75,37.500000,1,9.522950e-05
76,38.000000,1,9.092774e-05
77,38.500000,1,9.463025e-05
78,39.000000,1,9.072872e-05
79,39.500000,1,9.399914e-05
80,40.000000,1,9.453699e-05
81,40.500000,1,9.377331e-05
82,41.000000,1,8.725162e-05
83,41.500000,1,8.750126e-05
84,42.000000,1,9.378484e-05
85,42.500000,1,9.109953e-05
86,43.000000,1,8.792985e-05
87,43.500000,1,9.931273e-05
88,44.000000,1,9.845893e-05
89,44.500000,1,9.468702e-05
90,45.000000,1,8.938090e-05
91,45.500000,1,9.981231e-05
92,46.000000,1,9.854023e-05
93,46.500000,1,9.494962e-05
94,47.000000,1,8.989386e-05
95,47.500000,1,9.388842e-05
96,48.000000,1,8.904447e-05
97,48.500000,1,9.705110e-05
98,49.000000,1,9.222475e-05
99,49.500000,1,9.061020e-05
100,50.000000,1,9.633973e-05
101,50.500000,1,9.204683e-05
102,51.000000,1,9.060412e-05
103,51.500000,1,9.670623e-05
104,52.000000,1,9.213179e-05
105,52.500000,1,9.067768e-05
106,53.000000,1,8.741351e-05
107,53.500000,1,9.449885e-05
108,54.000000,1,8.993830e-05
109,54.500000,1,8.913535e-05
110,55.000000,1,8.635791e-05
111,55.500000,1,9.429258e-05
112,56.000000,1,9.381446e-05
113,56.500000,1,9.528542e-05
114,57.000000,1,9.369553e-05
115,57.500000,1,9.514502e-05
116,58.000000,1,9.320688e-05
117,58.500000,1,9.437193e-05
118,59.000000,1,9.242913e-05
119,59.500000,1,9.387395e-05
120,60.000000,1,9.190058e-05
121,60.500000,1,9.351415e-05
122,61.000000,1,9.144669e-05
123,61.500000,1,9.316834e-05
124,62.000000,1,9.090885e-05
125,62.500000,1,9.268581e-05
126,63.000000,1,9.715443e-05
127,63.500000,1,9.976666e-05
128,64.000000,1,8.477315e-05
129,64.500000,1,8.545900e-05
130,65.000000,1,8.814740e-05
131,65.500000,1,9.493677e-05
132,66.000000,1,9.834094e-05
133,66.500000,1,8.300416e-05
134,67.000000,1,8.370624e-05
135,67.500000,1,9.979186e-05
136,68.000000,1,8.286993e-05
137,68.500000,1,9.383783e-05
138,69.000000,1,8.685564e-05
139,69.500000,1,8.988969e-05
140,70.000000,1,9.311056e-05
141,70.500000,1,9.311418e-05
142,71.000000,1,9.400999e-05
143,71.500000,1,9.344225e-05
144,72.000000,1,9.267517e-05
145,72.500000,1,9.157013e-05
146,73.000000,1,9.048096e-05
147,73.500000,1,8.944147e-05
148,74.000000,1,8.850912e-05
149,74.500000,1,8.767027e-05
150,75.000000,1,8.689479e-05
151,75.500000,1,8.615822e-05
152,76.000000,1,8.544190e-05
153,76.500000,1,9.971517e-05
154,77.000000,1,9.499754e-05
155,77.500000,1,9.582333e-05
156,78.000000,1,8.692019e-05
157,78.500000,1,9.907091e-05
158,79.000000,1,9.551879e-05
159,79.500000,1,7.996846e-05
160,80.000000,1,8.986777e-05
161,80.500000,1,9.366250e-05
162,81.000000,1,9.121908e-05
163,81.500000,1,9.895246e-05
164,82.000000,1,9.088630e-05
165,82.500000,1,9.057503e-05
166,83.000000,1,8.440916e-05
167,83.500000,1,9.269645e-05
168,84.000000,1,9.249701e-05
169,84.500000,1,8.626597e-05
170,85.000000,1,9.241893e-05
171,85.500000,1,9.054238e-05
172,86.000000,1,9.995070e-05
173,86.500000,1,8.256456e-05
174,87.000000,1,8.907040e-05
175,87.500000,1,9.934441e-05
176,88.000000,1,9.771731e-05
177,88.500000,1,8.211955e-05
178,89.000000,1,8.669194e-05
179,89.500000,1,9.672219e-05
180,90.000000,1,9.261718e-05
181,90.500000,1,9.687970e-05
182,91.000000,1,9.581949e-05
183,91.500000,1,8.234902e-05
184,92.000000,1,8.725112e-05
185,92.500000,1,9.707700e-05
186,93.000000,1,9.094719e-05
187,93.500000,1,8.848104e-05
188,94.000000,1,9.283607e-05
189,94.500000,1,8.010913e-05
190,95.000000,1,8.943324e-05
191,95.500000,1,9.826198e-05
192,96.000000,1,9.817399e-05
193,96.500000,1,8.595743e-05
194,97.000000,1,8.939167e-05
195,97.500000,1,9.857127e-05
196,98.000000,1,9.045719e-05
197,98.500000,1,9.536804e-05
198,99.000000,1,9.067231e-05
199,99.500000,1,8.476223e-05
200,100.000000,1,9.010775e-05
201,100.500000,1,9.925920e-05
202,101.000000,1,8.973903e-05
203,101.500000,1,9.378643e-05
204,102.000000,1,8.908333e-05
205,102.500000,1,8.378724e-05
206,103.000000,1,8.916564e-05
207,103.500000,1,9.842614e-05
208,104.000000,1,8.908365e-05
209,104.500000,1,9.357431e-05
210,105.000000,1,8.921219e-05
211,105.500000,1,8.381914e-05
212,106.000000,1,8.931123e-05
213,106.500000,1,9.855855e-05
214,107.000000,1,8.885236e-05
215,107.500000,1,9.370966e-05
216,108.000000,1,8.905489e-05
217,108.500000,1,8.351504e-05
218,109.000000,1,8.893540e-05
219,109.500000,1,9.809396e-05
220,110.000000,1,8.772388e-05
221,110.500000,1,9.318876e-05
222,111.000000,1,8.831745e-05
223,111.500000,1,9.669423e-05
224,112.000000,1,9.515643e-05
225,112.500000,1,9.777562e-05
226,113.000000,1,9.122577e-05
227,113.500000,1,8.407919e-05
228,114.000000,1,8.729541e-05
229,114.500000,1,9.600996e-05
230,115.000000,1,9.113646e-05
231,115.500000,1,8.552359e-05
232,116.000000,1,9.678502e-05
233,116.500000,1,9.229844e-05
234,117.000000,1,8.543398e-05
235,117.500000,1,9.622684e-05
236,118.000000,1,7.765603e-05
237,118.500000,2,9.835140e-05
238,119.000000,1,9.945003e-05
239,119.500000,1,8.632174e-05
240,120.000000,1,8.880438e-05
241,120.500000,1,9.011827e-05
242,121.000000,1,9.323433e-05
243,121.500000,1,8.992493e-05
244,122.000000,1,8.429446e-05
245,122.500000,1,8.828449e-05
246,123.000000,1,9.647717e-05
247,123.500000,1,7.954549e-05
248,124.000000,1,7.644306e-05
249,124.500000,1,8.161190e-05
250,125.000000,1,9.006137e-05
251,125.500000,1,8.980430e-05
252,126.000000,1,8.017854e-05
253,126.500000,1,8.465754e-05
254,127.000000,1,9.292802e-05
255,127.500000,1,7.876580e-05
256,128.000000,1,7.624295e-05
257,128.500000,1,8.224792e-05
258,129.000000,1,9.086816e-05
259,129.500000,1,9.018969e-05
260,130.000000,1,7.948682e-05
261,130.500000,1,8.413909e-05
262,131.000000,1,9.174241e-05
263,131.500000,1,8.988122e-05
264,132.000000,1,7.895639e-05
265,132.500000,1,8.648019e-05
266,133.000000,1,8.855214e-05
267,133.500000,1,8.851068e-05
268,134.000000,1,7.778117e-05
269,134.500000,1,8.139974e-05
270,135.000000,1,8.835360e-05
271,135.500000,1,9.726846e-05
272,136.000000,1,9.585368e-05
273,136.500000,1,8.238112e-05
274,137.000000,1,8.371441e-05
275,137.500000,1,8.830079e-05
276,138.000000,1,9.427069e-05
277,138.500000,1,9.332850e-05
278,139.000000,1,8.104683e-05
279,139.500000,1,8.271396e-05
280,140.000000,1,8.796331e-05
281,140.500000,1,9.420436e-05
282,141.000000,1,9.371486e-05
283,141.500000,1,8.158082e-05
284,142.000000,1,8.261605e-05
285,142.500000,1,8.781948e-05
286,143.000000,1,9.291374e-05
287,143.500000,1,9.314011e-05
288,144.000000,1,8.162638e-05
289,144.500000,1,8.234921e-05
290,145.000000,1,8.762412e-05
291,145.500000,1,9.216402e-05
292,146.000000,1,9.277488e-05
293,146.500000,1,8.144930e-05
294,147.000000,1,8.183007e-05
295,147.500000,1,8.697510e-05
296,148.000000,1,9.097038e-05
297,148.500000,1,9.180653e-05
298,149.000000,1,8.078122e-05
299,149.500000,1,8.094937e-05
300,150.000000,1,8.602067e-05
301,150.500000,1,8.969421e-05
302,151.000000,1,9.054802e-05
303,151.500000,1,7.983998e-05
304,152.000000,1,7.990401e-05
305,152.500000,1,8.493335e-05
306,153.000000,1,8.837379e-05
307,153.500000,1,9.888630e-05
308,154.000000,1,7.766757e-05
309,154.500000,2,9.816795e-05
310,155.000000,1,9.040343e-05
311,155.500000,1,8.900192e-05
312,156.000000,1,9.024499e-05
313,156.500000,1,9.012685e-05
314,157.000000,1,7.997271e-05
315,157.500000,1,7.936947e-05
316,158.000000,1,8.428522e-05
317,158.500000,1,8.068463e-05
318,159.000000,1,8.969888e-05
319,159.500000,1,8.731595e-05
320,160.000000,1,9.754430e-05
321,160.500000,1,9.848264e-05
322,161.000000,1,9.500505e-05
323,161.500000,1,8.904620e-05
324,162.000000,1,9.468838e-05
325,162.500000,1,9.171946e-05
326,163.000000,1,9.219931e-05
327,163.500000,1,8.102059e-05
328,164.000000,1,7.786971e-05
329,164.500000,1,8.105302e-05
330,165.000000,1,7.640691e-05
331,165.500000,1,8.449873e-05
332,166.000000,1,7.734528e-05
333,166.500000,1,8.533127e-05
334,167.000000,1,7.902041e-05
335,167.500000,1,8.719236e-05
336,168.000000,1,8.029203e-05
337,168.500000,1,8.828702e-05
338,169.000000,1,8.100318e-05
339,169.500000,1,8.889951e-05
340,170.000000,1,8.131548e-05
341,170.500000,1,8.887238e-05
342,171.000000,1,8.114426e-05
343,171.500000,1,8.828727e-05
344,172.000000,1,8.054966e-05
345,172.500000,1,8.740021e-05
346,173.000000,1,7.977853e-05
347,173.500000,1,8.649333e-05
348,174.000000,1,7.900352e-05
349,174.500000,1,8.576219e-05
350,175.000000,1,7.838152e-05
351,175.500000,1,8.535888e-05
352,176.000000,1,7.809656e-05
353,176.500000,1,8.528916e-05
354,177.000000,1,7.806500e-05
355,177.500000,1,8.539833e-05
356,178.000000,1,7.810472e-05
357,178.500000,1,8.547513e-05
358,179.000000,1,7.808311e-05
359,179.500000,1,8.528063e-05
360,180.000000,1,7.773997e-05
361,180.500000,1,8.462875e-05
362,181.000000,1,7.702402e-05
363,181.500000,1,8.358297e-05
364,182.000000,1,7.602533e-05
365,182.500000,0,9.929830e-05
366,183.000000,1,9.292379e-05
367,183.500000,1,7.872714e-05
368,184.000000,1,7.537466e-05
369,184.500000,0,9.861818e-05
370,185.000000,1,9.902306e-05
371,185.500000,1,9.887024e-05
372,186.000000,1,8.669766e-05
373,186.500000,1,7.524232e-05
374,187.000000,1,8.609798e-05
375,187.500000,2,9.465286e-05
376,188.000000,1,8.746591e-05
377,188.500000,1,8.984149e-05
378,189.000000,1,8.978044e-05
379,189.500000,1,9.623770e-05
380,190.000000,1,8.919809e-05
381,190.500000,1,9.120065e-05
382,191.000000,1,8.998878e-05
383,191.500000,1,9.197292e-05
384,192.000000,1,8.521696e-05
385,192.500000,0,9.834446e-05
386,193.000000,1,9.439095e-05
387,193.500000,1,8.225949e-05
388,194.000000,1,7.693322e-05
389,194.500000,0,9.901280e-05
390,195.000000,1,9.515821e-05
391,195.500000,1,9.226262e-05
392,196.000000,1,9.808884e-05
393,196.500000,1,8.974741e-05
394,197.000000,1,9.125150e-05
395,197.500000,1,8.772945e-05
396,198.000000,1,8.865268e-05
397,198.500000,1,8.146974e-05
398,199.000000,0,9.338771e-05
399,199.500000,1,8.858467e-05
400,200.000000,1,7.777496e-05
401,200.500000,1,7.307214e-05
402,201.000000,0,9.485127e-05
403,201.500000,1,9.272153e-05
404,202.000000,1,9.083451e-05
405,202.500000,1,9.687386e-05
406,203.000000,1,8.383596e-05
407,203.500000,0,9.837903e-05
408,204.000000,1,8.859592e-05
409,204.500000,1,8.434083e-05
410,205.000000,1,8.946130e-05
411,205.500000,1,7.824215e-05
412,206.000000,0,9.410420e-05
413,206.500000,1,9.857562e-05
414,207.000000,1,9.462687e-05
415,207.500000,1,8.914858e-05
416,208.000000,1,7.576416e-05
417,208.500000,1,9.478798e-05
418,209.000000,1,7.829040e-05
419,209.500000,1,7.025042e-05
420,210.000000,0,9.172349e-05
421,210.500000,1,8.433926e-05
422,211.000000,1,8.224949e-05
423,211.500000,1,8.873749e-05
424,212.000000,1,7.743697e-05
425,212.500000,0,9.357836e-05
426,213.000000,1,9.925674e-05
427,213.500000,1,9.593771e-05
428,214.000000,1,9.145956e-05
429,214.500000,1,7.938144e-05
430,215.000000,0,8.950211e-05
431,215.500000,1,9.120178e-05
432,216.000000,1,8.686426e-05
433,216.500000,1,9.383944e-05
434,217.000000,1,8.828752e-05
435,217.500000,1,8.800608e-05
436,218.000000,1,8.415723e-05
437,218.500000,1,8.516891e-05
438,219.000000,1,9.852063e-05
439,219.500000,1,9.222817e-05
440,220.000000,1,9.630613e-05
441,220.500000,1,8.525228e-05
442,221.000000,0,9.510091e-05
443,221.500000,1,8.692085e-05
444,222.000000,1,8.120255e-05
445,222.500000,1,7.517636e-05
446,223.000000,0,9.381218e-05
447,223.500000,1,9.078617e-05
448,224.000000,1,8.662300e-05
449,224.500000,1,9.160715e-05
450,225.000000,1,9.882028e-05
451,225.500000,1,9.602782e-05
452,226.000000,1,8.272004e-05
453,226.500000,0,9.765757e-05
454,227.000000,1,9.767587e-05
455,227.500000,1,8.862160e-05
456,228.000000,1,8.750712e-05
457,228.500000,1,9.731357e-05
458,229.000000,1,8.066925e-05
459,229.500000,0,9.586345e-05
460,230.000000,1,8.732189e-05
461,230.500000,1,9.532323e-05
462,231.000000,1,7.712150e-05
463,231.500000,0,8.383655e-05
464,232.000000,1,8.885330e-05
465,232.500000,1,8.403065e-05
466,233.000000,0,9.755945e-05
467,233.500000,1,9.021592e-05
468,234.000000,1,8.050493e-05
469,234.500000,1,7.600417e-05
470,235.000000,0,9.134265e-05
471,235.500000,1,8.898330e-05
472,236.000000,1,8.132423e-05
473,236.500000,0,9.389471e-05
474,237.000000,1,8.862415e-05
475,237.500000,1,8.533399e-05
476,238.000000,1,9.033370e-05
477,238.500000,1,9.573377e-05
478,239.000000,1,9.164860e-05
479,239.500000,1,9.708125e-05
480,240.000000,1,8.599555e-05
481,240.500000,0,9.686289e-05
482,241.000000,1,8.803961e-05
483,241.500000,1,8.745822e-05
484,242.000000,1,9.678105e-05
485,242.500000,1,8.347926e-05
486,243.000000,0,9.588275e-05
487,243.500000,1,9.681894e-05
488,244.000000,1,9.295711e-05
489,244.500000,1,8.803649e-05
490,245.000000,0,9.762176e-05
491,245.500000,1,8.991157e-05
492,246.000000,0,9.866922e-05
493,246.500000,1,9.534870e-05
494,247.000000,1,9.254860e-05
495,247.500000,1,9.900034e-05
496,248.000000,1,8.549593e-05
497,248.500000,1,8.472336e-05
498,249.000000,1,9.180247e-05
499,249.500000,1,8.950676e-05
500,250.000000,1,9.504905e-05
501,250.500000,1,8.329452e-05
502,251.000000,0,9.229086e-05
503,251.500000,1,8.760159e-05
504,252.000000,1,8.734440e-05
505,252.500000,1,9.981800e-05
506,253.000000,1,8.650676e-05
507,253.500000,1,8.736377e-05
508,254.000000,1,9.219139e-05
509,254.500000,1,8.219689e-05
510,255.000000,0,8.918843e-05
511,255.500000,1,9.799176e-05
512,256.000000,1,9.365172e-05
513,256.500000,1,9.009760e-05
514,257.000000,0,9.806021e-05
515,257.500000,1,9.050787e-05
516,258.000000,0,9.956795e-05
517,258.500000,1,9.604876e-05
518,259.000000,1,8.987142e-05
519,259.500000,1,9.931448e-05
520,260.000000,1,8.875293e-05
521,260.500000,1,9.316967e-05
522,261.000000,1,8.230963e-05
523,261.500000,0,8.906804e-05
524,262.000000,1,9.830697e-05
525,262.500000,1,9.426048e-05
526,263.000000,1,9.093928e-05
527,263.500000,0,9.881146e-05
528,264.000000,1,9.226118e-05
529,264.500000,1,8.810053e-05
530,265.000000,1,8.253327e-05
531,265.500000,0,9.570338e-05
532,266.000000,1,9.735065e-05
533,266.500000,1,9.447717e-05
534,267.000000,1,9.148592e-05
535,267.500000,1,8.206780e-05
536,268.000000,1,9.958930e-05
537,268.500000,2,9.976342e-05
538,269.000000,1,9.702387e-05
539,269.500000,1,9.906861e-05
540,270.000000,1,9.720656e-05
541,270.500000,1,9.480778e-05
542,271.000000,1,8.428174e-05
543,271.500000,2,9.190294e-05
544,272.000000,1,8.142813e-05
545,272.500000,1,8.184287e-05
546,273.000000,1,9.940879e-05
547,273.500000,1,9.090077e-05
548,274.000000,1,9.895458e-05
549,274.500000,1,8.932605e-05
550,275.000000,0,9.699680e-05
551,275.500000,1,9.786231e-05
552,276.000000,1,9.595200e-05
553,276.500000,1,8.841866e-05
554,277.000000,0,9.889009e-05
555,277.500000,1,8.964910e-05
556,278.000000,0,9.728973e-05
557,278.500000,1,9.220461e-05
558,279.000000,1,9.139026e-05
559,279.500000,1,9.656521e-05
560,280.000000,1,9.809659e-05
561,280.500000,1,9.666926e-05
562,281.000000,1,8.676533e-05
563,281.500000,1,8.696354e-05
564,282.000000,1,9.858150e-05
565,282.500000,1,8.453941e-05
566,283.000000,0,9.110056e-05
567,283.500000,1,9.916780e-05
568,284.000000,1,9.358334e-05
569,284.500000,1,9.163979e-05
570,285.000000,0,9.865028e-05
571,285.500000,1,9.809094e-05
572,286.000000,1,8.877204e-05
573,286.500000,0,9.632553e-05
574,287.000000,1,8.854449e-05
575,287.500000,1,9.123807e-05
576,288.000000,1,8.210156e-05
577,288.500000,0,9.598720e-05
578,289.000000,1,9.321397e-05
579,289.500000,1,8.641705e-05
580,290.000000,0,9.852300e-05
581,290.500000,1,9.982593e-05
582,291.000000,1,9.410651e-05
583,291.500000,1,9.264965e-05
584,292.000000,1,8.518769e-05
585,292.500000,1,8.238794e-05
586,293.000000,0,9.580226e-05
587,293.500000,1,8.259235e-05
588,294.000000,1,8.738786e-05
589,294.500000,1,9.844948e-05
590,295.000000,1,8.556061e-05
591,295.500000,0,9.151850e-05
592,296.000000,1,8.904504e-05
593,296.500000,1,8.844522e-05
594,297.000000,1,8.310306e-05
595,297.500000,0,9.871783e-05
596,298.000000,1,9.443288e-05
597,298.500000,1,9.006532e-05
598,299.000000,1,8.703444e-05
599,299.500000,1,8.202004e-05
600,300.000000,0,9.145584e-05
601,300.500000,1,9.083366e-05
602,301.000000,1,8.324462e-05
603,301.500000,0,8.939869e-05
604,302.000000,1,8.644668e-05
605,302.500000,1,8.715799e-05
606,303.000000,1,8.090209e-05
607,303.500000,0,8.971788e-05
608,304.000000,1,9.503902e-05
609,304.500000,1,8.803938e-05
610,305.000000,1,9.566311e-05
611,305.500000,1,8.948217e-05
612,306.000000,1,8.207287e-05
613,306.500000,0,9.435873e-05
614,307.000000,1,8.542364e-05
615,307.500000,1,9.768704e-05
616,308.000000,1,8.465001e-05
617,308.500000,0,9.209809e-05
618,309.000000,1,8.386799e-05
619,309.500000,1,8.373422e-05
620,310.000000,0,9.531146e-05
621,310.500000,1,8.627488e-05
622,311.000000,1,8.352547e-05
623,311.500000,0,9.845950e-05
624,312.000000,1,9.200513e-05
625,312.500000,1,8.767949e-05
626,313.000000,0,9.737239e-05
627,313.500000,1,9.528309e-05
628,314.000000,1,9.237750e-05
629,314.500000,1,8.416191e-05
630,315.000000,0,9.367203e-05
631,315.500000,1,9.246000e-05
632,316.000000,1,7.659709e-05
633,316.500000,0,9.094213e-05
634,317.000000,1,8.116046e-05
635,317.500000,0,8.774572e-05
636,318.000000,1,9.173378e-05
637,318.500000,1,8.632153e-05
638,319.000000,0,9.891988e-05
639,319.500000,1,9.231916e-05
640,320.000000,1,9.001892e-05
641,320.500000,1,9.559343e-05
642,321.000000,1,8.815078e-05
643,321.500000,1,9.242292e-05
644,322.000000,1,8.565147e-05
645,322.500000,0,9.712779e-05
646,323.000000,1,9.170018e-05
647,323.500000,1,8.976377e-05
648,324.000000,0,9.823711e-05
649,324.500000,1,9.732000e-05
650,325.000000,1,9.467107e-05
651,325.500000,1,8.919681e-05
652,326.000000,0,9.555919e-05
653,326.500000,1,9.831306e-05
654,327.000000,1,8.279469e-05
655,327.500000,0,8.856887e-05
656,328.000000,1,9.527292e-05
657,328.500000,1,8.771174e-05
658,329.000000,0,9.815612e-05
659,329.500000,1,9.432998e-05
660,330.000000,1,8.574775e-05
661,330.500000,0,9.096923e-05
662,331.000000,1,9.603968e-05
663,331.500000,1,9.162069e-05
664,332.000000,0,9.804870e-05
665,332.500000,1,9.146687e-05
666,333.000000,1,9.476187e-05
667,333.500000,1,7.878102e-05
668,334.000000,0,7.945657e-05
669,334.500000,0,9.335858e-05
670,335.000000,1,9.419507e-05
671,335.500000,1,8.632181e-05
672,336.000000,0,9.490707e-05
673,336.500000,1,8.742280e-05
674,337.000000,1,8.495079e-05
675,337.500000,1,7.767877e-05
676,338.000000,0,8.580960e-05
677,338.500000,1,9.363772e-05
678,339.000000,1,8.190057e-05
679,339.500000,0,8.669943e-05
680,340.000000,1,8.752973e-05
681,340.500000,1,8.540370e-05
682,341.000000,0,9.489740e-05
683,341.500000,1,8.740196e-05
684,342.000000,1,8.682411e-05
685,342.500000,1,7.886394e-05
686,343.000000,0,9.731874e-05
687,343.500000,2,9.912185e-05
688,344.000000,1,9.769317e-05
689,344.500000,1,9.631192e-05
690,345.000000,1,8.933420e-05
691,345.500000,0,9.591839e-05
692,346.000000,1,8.498372e-05
693,346.500000,0,9.817792e-05
694,347.000000,1,8.925488e-05
695,347.500000,0,9.435556e-05
696,348.000000,1,9.529333e-05
697,348.500000,1,8.879363e-05
698,349.000000,1,8.083288e-05
699,349.500000,0,9.303596e-05
700,350.000000,1,8.850547e-05
701,350.500000,1,7.946211e-05
702,351.000000,0,9.050202e-05
703,351.500000,1,9.843213e-05
704,352.000000,1,8.490772e-05
705,352.500000,0,9.060103e-05
706,353.000000,1,9.586990e-05
707,353.500000,1,9.026813e-05
708,354.000000,0,9.529088e-05
709,354.500000,1,8.971011e-05
710,355.000000,1,9.365563e-05
711,355.500000,1,8.402090e-05
712,356.000000,0,9.166285e-05
713,356.500000,1,8.095121e-05
714,357.000000,0,9.880554e-05
715,357.500000,1,8.240496e-05
716,358.000000,0,9.815331e-05
717,358.500000,1,8.300865e-05
718,359.000000,1,8.396952e-05
719,359.500000,0,9.710669e-05
720,360.000000,1,9.945949e-05
721,360.500000,1,9.903730e-05
722,361.000000,1,9.540295e-05
723,361.500000,2,9.864626e-05
724,362.000000,1,7.755434e-05
725,362.500000,0,9.976149e-05
726,363.000000,1,8.760465e-05
727,363.500000,1,8.547077e-05
728,364.000000,0,9.774810e-05
729,364.500000,1,9.055560e-05
730,365.000000,1,8.837761e-05
731,365.500000,1,7.648820e-05
732,366.000000,0,8.510214e-05
733,366.500000,1,8.774404e-05
734,367.000000,1,8.756933e-05
735,367.500000,0,9.591907e-05
736,368.000000,1,9.849780e-05
737,368.500000,1,8.735257e-05
738,369.000000,0,9.404524e-05
739,369.500000,1,9.743627e-05
740,370.000000,1,9.536537e-05
741,370.500000,1,8.558252e-05
742,371.000000,1,9.694122e-05
743,371.500000,1,9.333295e-05
744,372.000000,1,8.037205e-05
745,372.500000,0,8.752742e-05
746,373.000000,1,7.902726e-05
747,373.500000,1,9.448905e-05
748,374.000000,1,7.844948e-05
749,374.500000,0,8.064247e-05
750,375.000000,0,9.359548e-05
751,375.500000,1,9.092715e-05
752,376.000000,1,9.387539e-05
753,376.500000,1,9.863370e-05
754,377.000000,1,8.982145e-05
755,377.500000,0,9.251259e-05
756,378.000000,1,8.759625e-05
757,378.500000,1,9.156943e-05
758,379.000000,0,9.666818e-05
759,379.500000,1,8.009408e-05
760,380.000000,1,7.866294e-05
761,380.500000,0,9.241109e-05
762,381.000000,1,8.586884e-05
763,381.500000,1,8.091164e-05
764,382.000000,0,9.688191e-05
765,382.500000,1,9.862906e-05
766,383.000000,1,8.670923e-05
767,383.500000,1,7.424640e-05
768,384.000000,0,7.888735e-05
769,384.500000,0,9.503632e-05
770,385.000000,1,8.914784e-05
771,385.500000,1,9.772849e-05
772,386.000000,1,7.932191e-05
773,386.500000,0,8.238448e-05
774,387.000000,0,9.665199e-05
775,387.500000,1,8.963203e-05
776,388.000000,1,9.223249e-05
777,388.500000,1,8.672286e-05
778,389.000000,1,7.853266e-05
779,389.500000,0,8.912605e-05
780,390.000000,1,8.897815e-05
781,390.500000,2,9.998694e-05
782,391.000000,1,9.021656e-05
783,391.500000,1,8.499721e-05
784,392.000000,1,8.338329e-05
785,392.500000,0,9.756859e-05
786,393.000000,1,9.069120e-05
787,393.500000,1,7.904513e-05
788,394.000000,0,8.493915e-05
789,394.500000,1,8.150778e-05
790,395.000000,1,8.430724e-05
791,395.500000,1,8.973852e-05
792,396.000000,1,7.277979e-05
793,396.500000,0,7.927402e-05
794,397.000000,0,9.902528e-05
795,397.500000,1,9.451518e-05
796,398.000000,1,7.568128e-05
797,398.500000,0,8.704246e-05
798,399.000000,1,7.942951e-05
799,399.500000,2,9.182340e-05
800,400.000000,1,7.872075e-05
801,400.500000,0,9.116879e-05
802,401.000000,1,8.283307e-05
803,401.500000,1,8.601989e-05
804,402.000000,1,9.228023e-05
805,402.500000,1,7.770571e-05
806,403.000000,0,8.316411e-05
807,403.500000,1,8.835788e-05
808,404.000000,1,8.970734e-05
809,404.500000,1,8.245516e-05
810,405.000000,0,9.669625e-05
811,405.500000,1,8.062021e-05
812,406.000000,0,9.769991e-05
813,406.500000,1,9.501363e-05
814,407.000000,1,8.886672e-05
815,407.500000,0,9.942336e-05
816,408.000000,1,9.689302e-05
817,408.500000,1,9.643071e-05
818,409.000000,1,8.428178e-05
819,409.500000,0,8.808116e-05
820,410.000000,1,9.020177e-05
821,410.500000,1,8.503379e-05
822,411.000000,0,8.731136e-05
823,411.500000,0,9.673733e-05
824,412.000000,1,8.307328e-05
825,412.500000,1,9.260533e-05
826,413.000000,1,8.398335e-05
827,413.500000,0,9.060698e-05
828,414.000000,1,8.719584e-05
829,414.500000,1,7.807954e-05
830,415.000000,0,8.350369e-05
831,415.500000,1,8.383166e-05
832,416.000000,1,8.671439e-05
833,416.500000,0,9.850008e-05
834,417.000000,1,8.508358e-05
835,417.500000,1,8.594538e-05
836,418.000000,1,7.754096e-05
837,418.500000,0,8.034397e-05
838,419.000000,0,8.997083e-05
839,419.500000,1,8.986117e-05
840,420.000000,1,7.657166e-05
841,420.500000,0,7.903825e-05
842,421.000000,0,9.382094e-05
843,421.500000,1,9.230320e-05
844,422.000000,1,9.577950e-05
845,422.500000,1,7.712712e-05
846,423.000000,0,7.620539e-05
847,423.500000,0,8.659578e-05
848,424.000000,1,9.406034e-05
849,424.500000,1,8.949455e-05
850,425.000000,1,9.088893e-05
851,425.500000,1,8.300660e-05
852,426.000000,0,9.400870e-05
853,426.500000,1,9.208950e-05
854,427.000000,1,9.729281e-05
855,427.500000,1,8.436255e-05
856,428.000000,0,9.318348e-05
857,428.500000,1,9.611849e-05
858,429.000000,1,9.439180e-05
859,429.500000,1,8.802319e-05
860,430.000000,1,9.450931e-05
861,430.500000,1,7.792486e-05
862,431.000000,1,7.312562e-05
863,431.500000,0,8.299198e-05
864,432.000000,1,9.320581e-05
865,432.500000,1,8.224272e-05
866,433.000000,1,7.714822e-05
867,433.500000,0,8.885025e-05
868,434.000000,1,9.190707e-05
869,434.500000,1,9.347950e-05
870,435.000000,1,9.380128e-05
871,435.500000,1,8.517050e-05
872,436.000000,0,9.272610e-05
873,436.500000,1,9.854910e-05
874,437.000000,1,8.399023e-05
875,437.500000,0,8.857829e-05
876,438.000000,1,9.329984e-05
877,438.500000,1,9.309123e-05
878,439.000000,1,8.628144e-05
879,439.500000,0,9.712753e-05
880,440.000000,1,9.670294e-05
881,440.500000,1,8.901842e-05
882,441.000000,0,9.578849e-05
883,441.500000,1,9.661196e-05
884,442.000000,1,9.810762e-05
885,442.500000,1,9.742849e-05
886,443.000000,1,8.836505e-05
887,443.500000,0,9.683819e-05
888,444.000000,1,9.931466e-05
889,444.500000,1,8.666328e-05
890,445.000000,0,9.098497e-05
891,445.500000,1,9.661319e-05
892,446.000000,1,9.709473e-05
893,446.500000,1,8.983446e-05
894,447.000000,1,9.258367e-05
895,447.500000,0,9.784186e-05
896,448.000000,1,8.501123e-05
897,448.500000,1,8.976153e-05
898,449.000000,1,9.498898e-05
899,449.500000,1,8.248291e-05
900,450.000000,0,9.653344e-05
901,450.500000,1,8.866819e-05
902,451.000000,1,8.866010e-05
903,451.500000,0,9.636648e-05
904,452.000000,1,9.435731e-05
905,452.500000,1,9.267461e-05
906,453.000000,1,8.255481e-05
907,453.500000,0,9.501536e-05
908,454.000000,1,9.711101e-05
909,454.500000,1,8.297798e-05
910,455.000000,0,9.642643e-05
911,455.500000,1,9.206983e-05
912,456.000000,1,8.095712e-05
913,456.500000,0,9.160032e-05
914,457.000000,1,8.758756e-05
915,457.500000,1,8.333946e-05
916,458.000000,0,9.528770e-05
917,458.500000,1,9.260254e-05
918,459.000000,1,9.185918e-05
919,459.500000,0,9.853687e-05
920,460.000000,1,9.443030e-05
921,460.500000,1,8.384328e-05
922,461.000000,0,8.712161e-05
923,461.500000,1,8.943277e-05
924,462.000000,1,9.124123e-05
925,462.500000,1,9.564345e-05
926,463.000000,1,9.296192e-05
927,463.500000,1,8.691172e-05
928,464.000000,1,9.074915e-05
929,464.500000,1,7.600017e-05
930,465.000000,0,9.104030e-05
931,465.500000,1,8.929479e-05
932,466.000000,1,7.917360e-05
933,466.500000,0,8.936086e-05
934,467.000000,1,7.925821e-05
935,467.500000,0,9.481730e-05
936,468.000000,1,9.219807e-05
937,468.500000,0,9.956355e-05
938,469.000000,1,9.020032e-05
939,469.500000,1,8.659033e-05
940,470.000000,1,7.871246e-05
941,470.500000,0,8.578759e-05
942,471.000000,0,9.919929e-05
943,471.500000,1,8.138284e-05
944,472.000000,1,9.506701e-05
945,472.500000,1,9.754866e-05
946,473.000000,1,9.726246e-05
947,473.500000,1,7.852948e-05
948,474.000000,0,8.294608e-05
949,474.500000,0,9.915398e-05
950,475.000000,1,9.562166e-05
951,475.500000,1,8.776995e-05
952,476.000000,0,9.633678e-05
953,476.500000,1,9.013541e-05
954,477.000000,1,9.375275e-05
955,477.500000,1,8.427266e-05
956,478.000000,0,9.636572e-05
957,478.500000,1,8.538475e-05
958,479.000000,1,7.900548e-05
959,479.500000,0,9.308064e-05
960,480.000000,1,9.084579e-05
961,480.500000,1,8.417288e-05
962,481.000000,0,9.354494e-05
963,481.500000,1,9.484546e-05
964,482.000000,1,8.400139e-05
965,482.500000,0,8.994498e-05
966,483.000000,1,9.104429e-05
967,483.500000,1,9.622371e-05
968,484.000000,1,9.616010e-05
969,484.500000,1,8.229128e-05
970,485.000000,0,8.767794e-05
971,485.500000,1,8.851249e-05
972,486.000000,1,9.539569e-05
973,486.500000,1,8.963195e-05
974,487.000000,1,7.730977e-05
975,487.500000,0,8.298636e-05
976,488.000000,1,9.634789e-05
977,488.500000,1,8.882308e-05
978,489.000000,1,8.909755e-05
979,489.500000,1,7.856857e-05
980,490.000000,0,8.571223e-05
981,490.500000,1,8.528061e-05
982,491.000000,1,8.587559e-05
983,491.500000,0,9.470828e-05
984,492.000000,1,8.501872e-05
985,492.500000,1,9.042832e-05
986,493.000000,1,8.341010e-05
987,493.500000,0,8.519031e-05
988,494.000000,0,9.108843e-05
989,494.500000,1,9.486329e-05
990,495.000000,1,8.816970e-05
991,495.500000,0,9.127230e-05
992,496.000000,1,9.311343e-05
993,496.500000,1,9.324435e-05
994,497.000000,1,9.516395e-05
995,497.500000,1,9.233733e-05
996,498.000000,1,8.734597e-05
997,498.500000,1,8.271633e-05
998,499.000000,0,9.219770e-05
999,499.500000,1,8.306815e-05
1000,500.000000,1,7.397045e-05
1001,500.500000,0,7.815683e-05
1002,501.000000,0,9.107081e-05
1003,501.500000,1,9.025561e-05
1004,502.000000,1,9.741529e-05
1005,502.500000,1,9.288596e-05
1006,503.000000,1,9.195501e-05
1007,503.500000,0,9.566342e-05
1008,504.000000,1,7.752785e-05
1009,504.500000,0,9.362275e-05
1010,505.000000,1,9.197383e-05
1011,505.500000,1,9.255032e-05
1012,506.000000,1,8.748990e-05
1013,506.500000,0,9.915229e-05
1014,507.000000,1,8.295624e-05
1015,507.500000,1,7.842929e-05
1016,508.000000,0,8.848786e-05
1017,508.500000,1,8.607685e-05
1018,509.000000,1,8.981068e-05
1019,509.500000,1,8.737306e-05
1020,510.000000,1,8.994929e-05
1021,510.500000,0,9.395597e-05
1022,511.000000,1,8.197781e-05
1023,511.500000,1,8.148194e-05
1024,512.000000,0,9.309126e-05
1025,512.500000,1,9.459788e-05
1026,513.000000,1,8.839386e-05
1027,513.500000,0,9.073905e-05
1028,514.000000,0,9.961115e-05
1029,514.500000,1,9.887730e-05
1030,515.000000,1,9.645628e-05
1031,515.500000,1,9.829791e-05
1032,516.000000,1,9.315762e-05
1033,516.500000,0,9.925361e-05
1034,517.000000,1,9.554705e-05
1035,517.500000,1,8.092145e-05
1036,518.000000,0,8.458419e-05
1037,518.500000,0,9.954727e-05
1038,519.000000,1,8.343649e-05
1039,519.500000,1,9.593349e-05
1040,520.000000,1,9.336104e-05
1041,520.500000,1,8.632156e-05
1042,521.000000,0,8.783419e-05
1043,521.500000,0,9.685667e-05
1044,522.000000,1,9.294063e-05
1045,522.500000,1,9.648996e-05
1046,523.000000,1,9.730370e-05
1047,523.500000,1,8.256888e-05
1048,524.000000,0,9.067344e-05
1049,524.500000,1,9.565722e-05
1050,525.000000,1,8.093696e-05
1051,525.500000,0,8.621063e-05
1052,526.000000,1,9.534605e-05
1053,526.500000,1,8.825818e-05
1054,527.000000,0,9.283356e-05
1055,527.500000,1,9.974564e-05
1056,528.000000,1,9.214795e-05
1057,528.500000,0,9.515095e-05
1058,529.000000,1,9.811031e-05
1059,529.500000,1,8.737405e-05
1060,530.000000,0,8.935828e-05
1061,530.500000,1,9.318151e-05
1062,531.000000,1,9.645494e-05
1063,531.500000,1,9.122909e-05
1064,532.000000,1,7.549563e-05
1065,532.500000,0,8.326346e-05
1066,533.000000,1,9.810822e-05
1067,533.500000,1,8.661988e-05
1068,534.000000,1,7.736060e-05
1069,534.500000,0,9.481613e-05
1070,535.000000,1,7.809375e-05
1071,535.500000,2,9.090913e-05
1072,536.000000,1,8.559909e-05
1073,536.500000,0,9.686366e-05
1074,537.000000,1,9.202392e-05
1075,537.500000,1,9.286825e-05
1076,538.000000,1,9.386462e-05
1077,538.500000,1,9.481352e-05
1078,539.000000,0,9.958011e-05
1079,539.500000,1,8.426726e-05
1080,540.000000,1,9.091197e-05
1081,540.500000,1,9.184036e-05
1082,541.000000,0,9.413292e-05
1083,541.500000,1,8.412657e-05
1084,542.000000,1,7.842969e-05
1085,542.500000,0,9.759619e-05
1086,543.000000,1,8.555266e-05
1087,543.500000,1,8.962179e-05
1088,544.000000,1,8.946141e-05
1089,544.500000,0,9.606088e-05
1090,545.000000,1,9.718518e-05
1091,545.500000,1,8.592745e-05
1092,546.000000,0,8.820677e-05
1093,546.500000,1,9.933403e-05
1094,547.000000,1,9.299016e-05
1095,547.500000,0,9.706874e-05
1096,548.000000,1,9.753767e-05
1097,548.500000,1,9.243104e-05
1098,549.000000,1,8.842909e-05
1099,549.500000,0,9.247243e-05
1100,550.000000,1,9.024187e-05
1101,550.500000,1,9.360920e-05
1102,551.000000,0,9.949369e-05
1103,551.500000,1,8.628556e-05
1104,552.000000,1,8.870835e-05
1105,552.500000,1,9.216279e-05
1106,553.000000,0,9.919519e-05
1107,553.500000,1,9.162595e-05
1108,554.000000,1,8.920757e-05
1109,554.500000,1,9.235413e-05
1110,555.000000,1,9.781732e-05
1111,555.500000,1,8.128122e-05
1112,556.000000,0,9.103619e-05
1113,556.500000,1,8.350842e-05
1114,557.000000,1,7.939048e-05
1115,557.500000,0,9.066463e-05
1116,558.000000,1,9.759785e-05
1117,558.500000,1,9.979702e-05
1118,559.000000,1,9.964361e-05
1119,559.500000,1,8.078425e-05
1120,560.000000,0,8.217508e-05
1121,560.500000,0,9.881829e-05
1122,561.000000,1,8.030136e-05
1123,561.500000,1,8.825733e-05
1124,562.000000,1,8.130379e-05
1125,562.500000,0,9.379641e-05
1126,563.000000,1,7.842197e-05
1127,563.500000,1,7.856429e-05
1128,564.000000,0,8.788465e-05
1129,564.500000,1,8.217770e-05
1130,565.000000,2,9.560256e-05
1131,565.500000,1,8.368633e-05
1132,566.000000,1,8.873940e-05
1133,566.500000,1,8.213898e-05
1134,567.000000,0,9.137542e-05
1135,567.500000,1,7.849700e-05
1136,568.000000,0,9.572724e-05
1137,568.500000,1,9.656529e-05
1138,569.000000,1,8.645590e-05
1139,569.500000,0,9.403455e-05
1140,570.000000,1,9.712684e-05
1141,570.500000,1,8.710942e-05
1142,571.000000,0,9.123106e-05
1143,571.500000,1,9.061669e-05
1144,572.000000,1,9.388518e-05
1145,572.500000,1,9.281157e-05
1146,573.000000,1,7.919912e-05
1147,573.500000,0,8.054964e-05
1148,574.000000,0,9.377144e-05
1149,574.500000,1,9.295754e-05
1150,575.000000,1,9.122301e-05
1151,575.500000,0,9.685704e-05
1152,576.000000,1,8.454902e-05
1153,576.500000,1,9.138785e-05
1154,577.000000,1,8.248121e-05
1155,577.500000,1,8.195545e-05
1156,578.000000,0,9.231154e-05
1157,578.500000,1,8.455303e-05
1158,579.000000,1,7.902914e-05
1159,579.500000,0,9.175807e-05
1160,580.000000,1,8.964567e-05
1161,580.500000,1,8.235145e-05
1162,581.000000,0,9.542993e-05
1163,581.500000,1,9.587586e-05
1164,582.000000,1,9.165952e-05
1165,582.500000,1,8.879935e-05
1166,583.000000,1,8.897925e-05
1167,583.500000,0,9.813494e-05
1168,584.000000,1,7.986789e-05
1169,584.500000,1,8.226840e-05
1170,585.000000,0,9.577126e-05
1171,585.500000,1,8.271387e-05
1172,586.000000,1,8.501416e-05
1173,586.500000,1,9.096481e-05
1174,587.000000,1,8.142360e-05
1175,587.500000,0,9.397736e-05
1176,588.000000,1,9.038557e-05
1177,588.500000,1,7.805787e-05
1178,589.000000,0,8.551756e-05
1179,589.500000,1,8.652734e-05
1180,590.000000,1,9.552151e-05
1181,590.500000,1,8.682905e-05
1182,591.000000,1,9.787996e-05
1183,591.500000,1,9.718097e-05
1184,592.000000,1,8.210098e-05
1185,592.500000,0,9.362424e-05
1186,593.000000,1,7.608326e-05
1187,593.500000,0,8.863657e-05
1188,594.000000,1,8.414646e-05
1189,594.500000,1,8.001347e-05
1190,595.000000,0,9.013317e-05
1191,595.500000,1,9.885645e-05
1192,596.000000,1,9.977959e-05
1193,596.500000,1,9.391614e-05
1194,597.000000,1,9.222191e-05
1195,597.500000,0,9.452799e-05
1196,598.000000,1,7.858730e-05
1197,598.500000,1,7.988131e-05
1198,599.000000,0,8.840884e-05
1199,599.500000,1,9.369137e-05
1200,600.000000,1,9.016663e-05
1201,600.500000,1,9.315420e-05
1202,601.000000,1,8.517878e-05
1203,601.500000,1,9.556116e-05
1204,602.000000,2,9.391551e-05
1205,602.500000,1,9.033636e-05
1206,603.000000,1,8.056882e-05
1207,603.500000,1,8.304389e-05
1208,604.000000,0,9.646027e-05
1209,604.500000,1,8.771169e-05
1210,605.000000,1,7.551212e-05
1211,605.500000,0,7.743340e-05
1212,606.000000,0,9.002591e-05
1213,606.500000,1,8.838809e-05
1214,607.000000,1,9.442459e-05
1215,607.500000,1,9.364776e-05
1216,608.000000,1,8.824116e-05
1217,608.500000,1,8.118891e-05
1218,609.000000,0,8.359673e-05
1219,609.500000,0,9.168590e-05
1220,610.000000,1,9.778969e-05
1221,610.500000,1,8.935863e-05
1222,611.000000,0,9.392187e-05
1223,611.500000,1,9.543837e-05
1224,612.000000,1,9.519039e-05
1225,612.500000,1,9.628533e-05
1226,613.000000,1,9.899775e-05
1227,613.500000,1,9.634266e-05
1228,614.000000,1,9.043678e-05
1229,614.500000,0,9.986909e-05
1230,615.000000,1,9.389867e-05
1231,615.500000,1,8.104458e-05
1232,616.000000,0,8.827321e-05
1233,616.500000,1,8.772638e-05
1234,617.000000,1,9.680179e-05
1235,617.500000,1,9.601910e-05
1236,618.000000,1,7.932035e-05
1237,618.500000,0,8.474329e-05
1238,619.000000,0,9.922829e-05
1239,619.500000,1,8.469064e-05
1240,620.000000,1,8.887957e-05
1241,620.500000,0,9.965867e-05
1242,621.000000,1,9.783335e-05
1243,621.500000,1,8.876838e-05
1244,622.000000,0,9.656336e-05
1245,622.500000,1,9.309968e-05
1246,623.000000,1,9.732677e-05
1247,623.500000,1,7.899924e-05
1248,624.000000,0,8.194986e-05
1249,624.500000,0,9.678302e-05
1250,625.000000,1,9.270313e-05
1251,625.500000,1,9.561528e-05
1252,626.000000,1,8.203911e-05
1253,626.500000,0,8.419385e-05
1254,627.000000,0,9.620638e-05
1255,627.500000,1,8.774610e-05
1256,628.000000,1,8.185416e-05
1257,628.500000,0,8.784432e-05
1258,629.000000,1,8.834858e-05
1259,629.500000,1,8.056410e-05
1260,630.000000,0,9.834078e-05
1261,630.500000,1,9.040892e-05
1262,631.000000,0,9.933144e-05
1263,631.500000,1,8.592649e-05
1264,632.000000,1,8.225535e-05
1265,632.500000,0,9.442529e-05
1266,633.000000,1,9.109064e-05
1267,633.500000,1,9.320703e-05
1268,634.000000,1,8.215983e-05
1269,634.500000,0,9.128874e-05
1270,635.000000,1,8.127030e-05
1271,635.500000,0,9.694585e-05
1272,636.000000,1,8.679868e-05
1273,636.500000,1,9.587260e-05
1274,637.000000,1,9.008892e-05
1275,637.500000,0,9.902475e-05
1276,638.000000,1,9.475138e-05
1277,638.500000,1,8.612793e-05
1278,639.000000,0,8.988697e-05
1279,639.500000,1,9.975002e-05
1280,640.000000,1,9.399089e-05
1281,640.500000,0,9.864683e-05
1282,641.000000,1,9.460811e-05
1283,641.500000,1,9.902413e-05
1284,642.000000,1,9.436140e-05
1285,642.500000,0,9.723953e-05
1286,643.000000,1,9.350537e-05
1287,643.500000,1,8.115833e-05
1288,644.000000,0,8.170132e-05
1289,644.500000,0,9.206323e-05
1290,645.000000,1,9.066558e-05
1291,645.500000,1,8.564162e-05
1292,646.000000,1,8.796800e-05
1293,646.500000,0,9.428342e-05
1294,647.000000,1,9.758199e-05
1295,647.500000,1,8.822118e-05
1296,648.000000,1,8.649979e-05
1297,648.500000,0,9.504137e-05
1298,649.000000,1,7.771472e-05
1299,649.500000,0,9.945275e-05
1300,650.000000,1,8.838446e-05
1301,650.500000,1,9.755417e-05
1302,651.000000,1,9.512133e-05
1303,651.500000,1,9.188246e-05
1304,652.000000,1,9.406124e-05
1305,652.500000,0,9.760896e-05
1306,653.000000,1,8.411923e-05
1307,653.500000,1,8.629069e-05
1308,654.000000,0,9.770268e-05
1309,654.500000,1,9.417381e-05
1310,655.000000,1,9.354109e-05
1311,655.500000,1,8.224075e-05
1312,656.000000,0,9.825956e-05
1313,656.500000,1,8.615924e-05
1314,657.000000,1,9.288519e-05
1315,657.500000,1,7.620009e-05
1316,658.000000,0,8.688655e-05
1317,658.500000,1,9.040045e-05
1318,659.000000,1,9.813695e-05
1319,659.500000,1,8.457194e-05
1320,660.000000,0,9.537168e-05
1321,660.500000,1,7.914575e-05
1322,661.000000,0,9.201435e-05
1323,661.500000,1,9.570611e-05
1324,662.000000,1,9.695176e-05
1325,662.500000,1,8.905594e-05
1326,663.000000,1,9.255854e-05
1327,663.500000,1,8.479285e-05
1328,664.000000,1,8.084736e-05
1329,664.500000,0,9.330187e-05
1330,665.000000,1,8.860345e-05
1331,665.500000,1,7.957892e-05
1332,666.000000,0,8.672232e-05
1333,666.500000,1,8.688924e-05
1334,667.000000,1,8.987356e-05
1335,667.500000,0,9.638790e-05
1336,668.000000,1,8.761208e-05
1337,668.500000,1,8.185636e-05
1338,669.000000,0,9.481328e-05
1339,669.500000,1,8.987443e-05
1340,670.000000,1,7.866472e-05
1341,670.500000,0,8.026484e-05
1342,671.000000,0,9.040119e-05
1343,671.500000,1,9.976011e-05
1344,672.000000,1,9.582320e-05
1345,672.500000,1,9.378985e-05
1346,673.000000,1,9.549990e-05
1347,673.500000,1,8.688682e-05
1348,674.000000,0,9.430642e-05
1349,674.500000,1,9.325794e-05
1350,675.000000,1,8.082885e-05
1351,675.500000,0,8.297505e-05
1352,676.000000,0,9.394900e-05
1353,676.500000,1,9.289198e-05
1354,677.000000,1,9.072002e-05
1355,677.500000,0,9.328488e-05
1356,678.000000,0,9.898344e-05
1357,678.500000,1,9.478604e-05
1358,679.000000,1,9.875621e-05
1359,679.500000,1,9.928682e-05
1360,680.000000,1,9.165967e-05
1361,680.500000,1,9.677831e-05
1362,681.000000,1,9.842290e-05
1363,681.500000,1,8.901980e-05
1364,682.000000,1,9.515541e-05
1365,682.500000,1,7.795051e-05
1366,683.000000,0,9.237933e-05
1367,683.500000,1,9.580479e-05
1368,684.000000,1,8.120835e-05
1369,684.500000,0,8.902835e-05
1370,685.000000,1,7.973505e-05
1371,685.500000,0,9.335951e-05
1372,686.000000,1,9.772358e-05
1373,686.500000,1,9.468120e-05
1374,687.000000,1,9.048585e-05
1375,687.500000,0,9.198203e-05
1376,688.000000,1,7.914922e-05
1377,688.500000,1,7.754873e-05
1378,689.000000,0,8.777342e-05
1379,689.500000,1,8.789986e-05
1380,690.000000,1,8.296042e-05
1381,690.500000,0,9.315630e-05
1382,691.000000,1,8.542693e-05
1383,691.500000,1,8.193353e-05
1384,692.000000,0,9.386727e-05
1385,692.500000,1,8.569433e-05
1386,693.000000,1,8.744524e-05
1387,693.500000,1,9.261415e-05
1388,694.000000,1,7.856846e-05
1389,694.500000,0,8.481905e-05
1390,695.000000,1,9.042787e-05
1391,695.500000,1,8.158083e-05
1392,696.000000,0,9.047631e-05
1393,696.500000,1,9.246649e-05
1394,697.000000,1,8.479730e-05
1395,697.500000,0,9.346476e-05
1396,698.000000,1,9.710001e-05
1397,698.500000,1,9.918179e-05
1398,699.000000,1,9.391906e-05
1399,699.500000,1,9.330131e-05
1400,700.000000,1,8.429919e-05
1401,700.500000,0,8.554101e-05
1402,701.000000,0,9.246956e-05
1403,701.500000,1,8.585882e-05
1404,702.000000,1,8.672912e-05
1405,702.500000,0,9.620927e-05
1406,703.000000,1,8.432585e-05
1407,703.500000,0,9.611475e-05
1408,704.000000,1,9.108561e-05
1409,704.500000,0,9.829348e-05
1410,705.000000,1,9.581212e-05
1411,705.500000,1,8.293973e-05
1412,706.000000,0,8.595890e-05
1413,706.500000,0,9.830934e-05
1414,707.000000,1,9.101199e-05
1415,707.500000,1,9.292788e-05
1416,708.000000,1,8.742156e-05
1417,708.500000,0,9.469622e-05
1418,709.000000,1,9.340184e-05
1419,709.500000,2,9.380774e-05
1420,710.000000,1,7.920072e-05
1421,710.500000,0,9.153657e-05
1422,711.000000,1,9.039968e-05
1423,711.500000,1,8.506574e-05
1424,712.000000,0,9.673922e-05
1425,712.500000,1,9.350040e-05
1426,713.000000,1,9.526987e-05
1427,713.500000,1,7.979871e-05
1428,714.000000,0,8.739287e-05
1429,714.500000,1,9.687162e-05
1430,715.000000,1,8.990249e-05
1431,715.500000,0,9.524684e-05
1432,716.000000,1,8.730759e-05
1433,716.500000,1,9.999135e-05
1434,717.000000,1,7.525191e-05
1435,717.500000,0,9.627940e-05
1436,718.000000,1,7.922089e-05
1437,718.500000,1,9.054225e-05
1438,719.000000,1,8.184792e-05
1439,719.500000,0,9.152326e-05
1440,720.000000,1,7.438814e-05
1441,720.500000,0,8.899735e-05
1442,721.000000,1,8.309423e-05
1443,721.500000,1,9.036779e-05
1444,722.000000,1,8.646929e-05
1445,722.500000,0,9.925393e-05
1446,723.000000,1,8.473127e-05
1447,723.500000,1,8.783467e-05
1448,724.000000,0,9.589376e-05
1449,724.500000,1,9.694740e-05
1450,725.000000,1,8.740123e-05
1451,725.500000,0,9.233226e-05
1452,726.000000,1,8.556386e-05
1453,726.500000,1,9.116331e-05
1454,727.000000,1,8.343637e-05
1455,727.500000,0,8.496423e-05
1456,728.000000,0,9.141829e-05
1457,728.500000,1,8.457833e-05
1458,729.000000,1,8.301377e-05
1459,729.500000,0,8.939229e-05
1460,730.000000,0,9.927968e-05
1461,730.500000,1,8.827156e-05
1462,731.000000,1,9.634262e-05
1463,731.500000,1,9.556368e-05
1464,732.000000,1,8.760902e-05
1465,732.500000,0,9.115222e-05
1466,733.000000,1,9.971400e-05
1467,733.500000,1,8.259691e-05
1468,734.000000,0,8.514483e-05
1469,734.500000,0,9.712956e-05
1470,735.000000,1,9.238321e-05
1471,735.500000,1,9.694687e-05
1472,736.000000,1,9.808711e-05
1473,736.500000,1,9.156288e-05
1474,737.000000,0,9.412089e-05
1475,737.500000,1,8.432297e-05
1476,738.000000,0,9.846607e-05
1477,738.500000,1,8.500571e-05
1478,739.000000,1,8.739910e-05
1479,739.500000,0,9.767173e-05
1480,740.000000,1,9.895431e-05
1481,740.500000,1,9.745651e-05
1482,741.000000,1,9.501578e-05
1483,741.500000,0,9.907953e-05
1484,742.000000,1,8.800880e-05
1485,742.500000,0,9.496031e-05
1486,743.000000,1,8.098937e-05
1487,743.500000,1,8.339595e-05
1488,744.000000,1,9.830919e-05
1489,744.500000,1,9.373321e-05
1490,745.000000,1,8.975225e-05
1491,745.500000,1,8.476135e-05
1492,746.000000,0,9.677728e-05
1493,746.500000,1,7.670915e-05
1494,747.000000,0,8.599426e-05
1495,747.500000,1,8.577600e-05
1496,748.000000,1,7.298783e-05
1497,748.500000,0,8.188274e-05
1498,749.000000,0,9.933171e-05
1499,749.500000,1,8.966799e-05
1500,750.000000,1,9.975863e-05
1501,750.500000,1,9.069372e-05
1502,751.000000,0,9.293708e-05
1503,751.500000,1,8.395267e-05
1504,752.000000,0,9.290046e-05
1505,752.500000,2,9.312186e-05
1506,753.000000,1,9.295701e-05
1507,753.500000,1,8.975815e-05
1508,754.000000,1,9.806908e-05
1509,754.500000,1,9.510731e-05
1510,755.000000,1,9.487504e-05
1511,755.500000,0,9.827750e-05
1512,756.000000,1,8.021957e-05
1513,756.500000,1,8.148526e-05
1514,757.000000,0,9.172849e-05
1515,757.500000,1,9.806925e-05
1516,758.000000,1,9.157769e-05
1517,758.500000,1,9.218306e-05
1518,759.000000,1,9.803773e-05
1519,759.500000,1,7.450198e-05
1520,760.000000,0,8.669528e-05
1521,760.500000,1,8.333656e-05
1522,761.000000,1,9.443605e-05
1523,761.500000,1,8.641614e-05
1524,762.000000,0,9.536907e-05
1525,762.500000,1,7.673647e-05
1526,763.000000,0,8.655682e-05
1527,763.500000,1,8.773593e-05
1528,764.000000,1,8.178400e-05
1529,764.500000,0,8.679050e-05
1530,765.000000,0,9.986120e-05
1531,765.500000,1,9.773594e-05
1532,766.000000,1,9.299835e-05
1533,766.500000,1,9.665962e-05
1534,767.000000,1,9.138204e-05
1535,767.500000,0,9.531960e-05
1536,768.000000,1,8.882560e-05
1537,768.500000,1,9.794284e-05
1538,769.000000,1,8.277942e-05
1539,769.500000,0,8.543875e-05
1540,770.000000,0,9.894412e-05
1541,770.500000,1,9.249160e-05
1542,771.000000,1,9.983557e-05
1543,771.500000,1,8.709351e-05
1544,772.000000,0,9.001869e-05
1545,772.500000,1,9.691490e-05
1546,773.000000,1,7.931182e-05
1547,773.500000,0,8.044276e-05
1548,774.000000,0,9.193958e-05
1549,774.500000,1,9.935700e-05
1550,775.000000,1,9.611529e-05
1551,775.500000,1,9.462807e-05
1552,776.000000,1,9.944469e-05
1553,776.500000,1,7.267634e-05
1554,777.000000,0,8.174858e-05
1555,777.500000,1,8.295209e-05
1556,778.000000,1,7.073791e-05
1557,778.500000,0,7.640439e-05
1558,779.000000,0,9.100524e-05
1559,779.500000,1,9.444447e-05
1560,780.000000,1,8.772076e-05
1561,780.500000,0,9.867060e-05
1562,781.000000,1,8.945200e-05
1563,781.500000,0,9.910362e-05
1564,782.000000,1,9.215647e-05
1565,782.500000,1,8.383178e-05
1566,783.000000,0,9.129216e-05
1567,783.500000,1,9.500290e-05
1568,784.000000,1,9.436002e-05
1569,784.500000,0,9.612779e-05
1570,785.000000,1,8.194678e-05
1571,785.500000,1,7.984512e-05
1572,786.000000,0,8.995035e-05
1573,786.500000,1,8.974988e-05
1574,787.000000,1,9.144540e-05
1575,787.500000,1,9.693020e-05
1576,788.000000,1,7.841540e-05
1577,788.500000,0,7.915891e-05
1578,789.000000,0,9.207166e-05
1579,789.500000,1,9.640890e-05
1580,790.000000,1,8.590284e-05
1581,790.500000,0,9.682920e-05
1582,791.000000,1,9.861374e-05
1583,791.500000,1,8.781198e-05
1584,792.000000,0,9.483689e-05
1585,792.500000,1,9.332531e-05
1586,793.000000,1,9.225115e-05
1587,793.500000,1,8.037690e-05
1588,794.000000,0,8.211823e-05
1589,794.500000,0,9.013195e-05
1590,795.000000,1,9.376913e-05
1591,795.500000,1,9.865599e-05
1592,796.000000,1,7.917522e-05
1593,796.500000,0,7.784050e-05
1594,797.000000,0,8.633110e-05
1595,797.500000,1,9.735109e-05
1596,798.000000,1,9.153576e-05
1597,798.500000,0,9.574851e-05
1598,799.000000,1,9.015169e-05
1599,799.500000,1,9.374546e-05
1600,800.000000,1,8.042438e-05
1601,800.500000,0,9.582352e-05
1602,801.000000,1,8.962787e-05
1603,801.500000,1,8.919438e-05
1604,802.000000,1,8.537106e-05
1605,802.500000,0,9.379327e-05
1606,803.000000,1,9.257667e-05
1607,803.500000,2,9.722092e-05
1608,804.000000,1,7.709547e-05
1609,804.500000,0,8.742208e-05
1610,805.000000,1,8.787686e-05
1611,805.500000,1,9.568335e-05
1612,806.000000,1,9.340535e-05
1613,806.500000,1,9.907440e-05
1614,807.000000,1,8.389616e-05
1615,807.500000,0,9.806080e-05
1616,808.000000,1,9.956543e-05
1617,808.500000,1,9.497843e-05
1618,809.000000,1,8.660084e-05
1619,809.500000,1,8.973823e-05
1620,810.000000,1,8.499913e-05
1621,810.500000,1,7.774175e-05
1622,811.000000,0,8.833588e-05
1623,811.500000,1,7.985692e-05
1624,812.000000,1,8.515744e-05
1625,812.500000,0,9.919354e-05
1626,813.000000,1,9.352076e-05
1627,813.500000,2,9.962275e-05
1628,814.000000,1,8.398028e-05
1629,814.500000,0,9.816210e-05
1630,815.000000,1,8.920308e-05
1631,815.500000,1,8.160477e-05
1632,816.000000,0,9.222100e-05
1633,816.500000,1,8.330009e-05
1634,817.000000,0,9.126611e-05
1635,817.500000,1,9.478418e-05
1636,818.000000,1,8.205006e-05
1637,818.500000,0,8.856685e-05
1638,819.000000,1,9.186499e-05
1639,819.500000,1,9.901433e-05
1640,820.000000,1,9.712572e-05
1641,820.500000,1,9.595952e-05
1642,821.000000,0,9.884466e-05
1643,821.500000,1,8.061728e-05
1644,822.000000,1,8.082823e-05
1645,822.500000,0,8.933464e-05
1646,823.000000,1,8.980760e-05
1647,823.500000,1,8.903418e-05
1648,824.000000,1,9.512824e-05
1649,824.500000,1,7.904692e-05
1650,825.000000,0,8.333734e-05
1651,825.500000,0,9.884434e-05
1652,826.000000,1,9.449852e-05
1653,826.500000,1,8.989878e-05
1654,827.000000,0,9.614149e-05
1655,827.500000,1,8.151934e-05
1656,828.000000,0,9.537069e-05
1657,828.500000,1,9.825081e-05
1658,829.000000,1,8.681165e-05
1659,829.500000,1,8.663883e-05
1660,830.000000,0,9.948545e-05
1661,830.500000,1,8.686421e-05
1662,831.000000,1,8.676922e-05
1663,831.500000,1,8.376405e-05
1664,832.000000,0,8.939314e-05
1665,832.500000,0,9.857606e-05
1666,833.000000,1,9.028218e-05
1667,833.500000,1,9.214670e-05
1668,834.000000,1,8.766976e-05
1669,834.500000,0,9.887405e-05
1670,835.000000,1,8.110832e-05
1671,835.500000,0,8.033445e-05
1672,836.000000,0,9.047447e-05
1673,836.500000,1,8.477024e-05
1674,837.000000,1,9.109422e-05
1675,837.500000,1,8.595124e-05
1676,838.000000,1,9.621181e-05
1677,838.500000,1,9.401020e-05
1678,839.000000,1,8.520763e-05
1679,839.500000,0,9.930918e-05
1680,840.000000,1,7.261738e-05
1681,840.500000,0,7.729162e-05
1682,841.000000,0,9.909977e-05
1683,841.500000,1,9.454476e-05
1684,842.000000,1,9.274809e-05
1685,842.500000,1,7.460730e-05
1686,843.000000,0,7.584810e-05
1687,843.500000,0,9.019806e-05
1688,844.000000,1,9.731472e-05
1689,844.500000,1,9.938468e-05
1690,845.000000,1,9.325680e-05
1691,845.500000,1,9.172547e-05
1692,846.000000,0,9.552292e-05
1693,846.500000,1,9.735390e-05
1694,847.000000,1,8.905264e-05
1695,847.500000,0,9.873823e-05
1696,848.000000,1,9.770994e-05
1697,848.500000,1,9.459843e-05
1698,849.000000,1,8.742979e-05
1699,849.500000,1,7.953488e-05
1700,850.000000,0,8.317150e-05
1701,850.500000,0,9.388119e-05
1702,851.000000,1,9.067853e-05
1703,851.500000,1,9.269672e-05
1704,852.000000,1,8.786678e-05
1705,852.500000,1,8.385618e-05
1706,853.000000,0,9.680893e-05
1707,853.500000,1,9.467209e-05
1708,854.000000,1,7.855360e-05
1709,854.500000,0,8.161596e-05
1710,855.000000,0,9.421964e-05
1711,855.500000,1,9.057986e-05
1712,856.000000,1,9.590637e-05
1713,856.500000,1,9.526019e-05
1714,857.000000,1,7.158362e-05
1715,857.500000,0,7.411533e-05
1716,858.000000,0,9.441145e-05
1717,858.500000,1,8.863757e-05
1718,859.000000,1,8.921967e-05
1719,859.500000,0,9.892548e-05
1720,860.000000,1,8.936663e-05
1721,860.500000,1,8.225576e-05
1722,861.000000,0,9.008138e-05
1723,861.500000,1,8.574921e-05
1724,862.000000,1,7.488857e-05
1725,862.500000,0,8.697675e-05
1726,863.000000,1,9.923671e-05
1727,863.500000,1,9.241973e-05
1728,864.000000,1,9.097208e-05
1729,864.500000,1,7.807044e-05
1730,865.000000,0,8.485192e-05
1731,865.500000,1,8.868996e-05
1732,866.000000,1,8.981797e-05
1733,866.500000,0,9.928655e-05
1734,867.000000,1,8.503079e-05
1735,867.500000,1,9.819521e-05
1736,868.000000,1,8.590361e-05
1737,868.500000,0,9.302798e-05
1738,869.000000,1,9.383836e-05
1739,869.500000,1,8.011353e-05
1740,870.000000,0,8.271562e-05
1741,870.500000,0,9.501271e-05
1742,871.000000,1,8.176723e-05
1743,871.500000,1,8.832343e-05
1744,872.000000,0,9.483514e-05
1745,872.500000,1,9.379418e-05
1746,873.000000,1,9.010851e-05
1747,873.500000,0,9.327422e-05
1748,874.000000,1,8.911882e-05
1749,874.500000,1,9.065302e-05
1750,875.000000,1,8.714406e-05
1751,875.500000,0,9.086679e-05
1752,876.000000,1,9.007275e-05
1753,876.500000,1,8.879077e-05
1754,877.000000,0,9.829875e-05
1755,877.500000,1,8.970201e-05
1756,878.000000,1,8.874187e-05
1757,878.500000,0,9.257553e-05
1758,879.000000,1,9.505309e-05
1759,879.500000,1,9.107084e-05
1760,880.000000,0,9.583813e-05
1761,880.500000,1,9.702091e-05
1762,881.000000,1,8.354956e-05
1763,881.500000,0,8.715830e-05
1764,882.000000,1,9.114501e-05
1765,882.500000,1,9.168014e-05
1766,883.000000,1,9.876588e-05
1767,883.500000,1,8.116529e-05
1768,884.000000,0,9.973398e-05
1769,884.500000,1,9.743816e-05
1770,885.000000,1,8.794936e-05
1771,885.500000,1,8.780382e-05
1772,886.000000,1,8.615278e-05
1773,886.500000,1,9.286994e-05
1774,887.000000,1,8.511526e-05
1775,887.500000,0,9.208606e-05
1776,888.000000,1,8.170411e-05
1777,888.500000,1,9.235385e-05
1778,889.000000,1,7.709931e-05
1779,889.500000,0,8.183664e-05
1780,890.000000,0,9.493243e-05
1781,890.500000,1,9.662282e-05
1782,891.000000,1,9.494218e-05
1783,891.500000,1,8.984913e-05
1784,892.000000,1,8.565598e-05
1785,892.500000,0,8.782098e-05
1786,893.000000,0,9.592522e-05
1787,893.500000,1,8.299741e-05
1788,894.000000,1,9.047518e-05
1789,894.500000,1,7.877158e-05
1790,895.000000,0,8.186377e-05
1791,895.500000,0,9.534713e-05
1792,896.000000,1,8.986831e-05
1793,896.500000,1,9.259493e-05
1794,897.000000,0,9.804746e-05
1795,897.500000,1,9.532544e-05
1796,898.000000,1,9.189047e-05
1797,898.500000,1,8.808034e-05
1798,899.000000,1,9.249486e-05
1799,899.500000,1,7.300145e-05
1800,900.000000,0,8.532627e-05
1801,900.500000,1,8.692952e-05
1802,901.000000,1,8.575269e-05
1803,901.500000,0,9.876763e-05
1804,902.000000,1,9.973542e-05
1805,902.500000,1,7.889539e-05
1806,903.000000,0,7.987359e-05
1807,903.500000,0,9.463884e-05
1808,904.000000,1,9.267561e-05
1809,904.500000,1,9.219107e-05
1810,905.000000,1,8.800558e-05
1811,905.500000,0,9.466863e-05
1812,906.000000,1,9.023383e-05
1813,906.500000,1,9.839027e-05
1814,907.000000,1,9.364997e-05
1815,907.500000,1,9.126044e-05
1816,908.000000,1,8.807332e-05
1817,908.500000,1,7.644092e-05
1818,909.000000,0,8.045859e-05
1819,909.500000,0,9.471547e-05
1820,910.000000,1,9.051742e-05
1821,910.500000,1,9.017292e-05
1822,911.000000,0,9.408021e-05
1823,911.500000,1,9.701583e-05
1824,912.000000,1,8.550789e-05
1825,912.500000,0,9.155845e-05
1826,913.000000,1,8.691742e-05
1827,913.500000,1,8.566455e-05
1828,914.000000,0,9.264705e-05
1829,914.500000,1,9.172046e-05
1830,915.000000,1,8.093382e-05
1831,915.500000,0,8.724223e-05
1832,916.000000,1,8.776537e-05
1833,916.500000,1,9.665250e-05
1834,917.000000,1,9.667380e-05
1835,917.500000,1,7.967178e-05
1836,918.000000,0,8.470396e-05
1837,918.500000,0,9.799177e-05
1838,919.000000,1,9.830417e-05
1839,919.500000,1,9.337086e-05
1840,920.000000,1,9.138955e-05
1841,920.500000,1,9.370146e-05
1842,921.000000,1,8.444643e-05
1843,921.500000,0,9.596282e-05
1844,922.000000,1,9.146791e-05
1845,922.500000,1,8.019678e-05
1846,923.000000,0,8.441570e-05
1847,923.500000,0,9.635189e-05
1848,924.000000,1,8.368185e-05
1849,924.500000,1,8.917591e-05
1850,925.000000,0,9.516327e-05
1851,925.500000,1,9.579920e-05
1852,926.000000,1,9.046828e-05
1853,926.500000,0,9.222129e-05
1854,927.000000,1,8.990130e-05
1855,927.500000,1,9.048412e-05
1856,928.000000,1,8.747067e-05
1857,928.500000,0,9.229130e-05
1858,929.000000,1,9.016720e-05
1859,929.500000,1,8.665650e-05
1860,930.000000,0,9.648843e-05
1861,930.500000,1,8.158113e-05
1862,931.000000,0,8.126495e-05
1863,931.500000,0,9.021982e-05
1864,932.000000,1,9.087315e-05
1865,932.500000,1,9.674920e-05
1866,933.000000,1,8.915080e-05
1867,933.500000,1,9.482239e-05
1868,934.000000,1,8.223561e-05
1869,934.500000,0,9.907023e-05
1870,935.000000,1,7.937173e-05
1871,935.500000,0,9.825248e-05
1872,936.000000,1,8.298697e-05
1873,936.500000,2,9.948323e-05
1874,937.000000,1,9.266848e-05
1875,937.500000,1,8.637607e-05
1876,938.000000,0,8.831351e-05
1877,938.500000,0,9.677784e-05
1878,939.000000,1,9.834669e-05
1879,939.500000,1,9.754824e-05
1880,940.000000,1,8.848688e-05
1881,940.500000,0,9.000979e-05
1882,941.000000,0,9.702459e-05
1883,941.500000,1,8.496088e-05
1884,942.000000,1,8.088914e-05
1885,942.500000,0,8.993728e-05
1886,943.000000,1,9.778389e-05
1887,943.500000,1,9.052774e-05
1888,944.000000,0,9.756492e-05
1889,944.500000,1,8.756894e-05
1890,945.000000,1,7.390123e-05
1891,945.500000,0,8.181363e-05
1892,946.000000,0,9.721212e-05
1893,946.500000,1,9.104592e-05
1894,947.000000,1,9.445075e-05
1895,947.500000,1,9.020158e-05
1896,948.000000,0,9.981328e-05
1897,948.500000,1,8.120229e-05
1898,949.000000,0,8.461914e-05
1899,949.500000,2,8.143155e-05
1900,950.000000,1,8.631553e-05
1901,950.500000,1,8.689413e-05
1902,951.000000,1,8.072006e-05
1903,951.500000,0,9.309323e-05
1904,952.000000,1,9.209427e-05
1905,952.500000,1,9.745768e-05
1906,953.000000,1,7.495957e-05
1907,953.500000,1,6.922657e-05
1908,954.000000,0,8.227581e-05
1909,954.500000,1,8.967118e-05
1910,955.000000,1,8.617586e-05
1911,955.500000,1,9.363082e-05
1912,956.000000,1,8.461713e-05
1913,956.500000,1,8.911908e-05
1914,957.000000,0,9.617709e-05
1915,957.500000,1,7.072025e-05
1916,958.000000,0,8.747465e-05
1917,958.500000,1,9.708748e-05
1918,959.000000,1,9.907463e-05
1919,959.500000,1,8.867715e-05
1920,960.000000,0,9.338183e-05
1921,960.500000,1,9.288142e-05
1922,961.000000,1,8.337370e-05
1923,961.500000,0,9.107052e-05
1924,962.000000,1,9.831696e-05
1925,962.500000,1,9.127485e-05
1926,963.000000,1,8.787717e-05
1927,963.500000,0,9.204050e-05
1928,964.000000,1,9.890084e-05
1929,964.500000,1,9.036541e-05
1930,965.000000,0,9.936753e-05
1931,965.500000,1,8.885193e-05
1932,966.000000,1,9.616768e-05
1933,966.500000,1,8.241652e-05
1934,967.000000,0,8.819748e-05
1935,967.500000,1,8.917374e-05
1936,968.000000,1,8.041936e-05
1937,968.500000,0,8.520524e-05
1938,969.000000,0,9.856106e-05
1939,969.500000,1,9.704975e-05
1940,970.000000,1,9.069746e-05
1941,970.500000,0,9.431174e-05
1942,971.000000,1,8.732743e-05
1943,971.500000,0,9.203364e-05
1944,972.000000,1,8.198728e-05
1945,972.500000,0,9.959069e-05
1946,973.000000,1,9.185342e-05
1947,973.500000,1,8.302524e-05
1948,974.000000,1,9.248032e-05
1949,974.500000,1,9.392165e-05
1950,975.000000,0,9.767698e-05
1951,975.500000,1,9.400734e-05
1952,976.000000,1,9.440837e-05
1953,976.500000,1,7.729334e-05
1954,977.000000,0,8.015189e-05
1955,977.500000,0,9.434289e-05
1956,978.000000,1,9.858614e-05
1957,978.500000,1,9.248967e-05
1958,979.000000,1,8.424562e-05
1959,979.500000,0,9.087628e-05
1960,980.000000,1,8.966062e-05
1961,980.500000,2,9.707327e-05
1962,981.000000,1,7.816716e-05
1963,981.500000,0,8.810801e-05
1964,982.000000,1,8.925594e-05
1965,982.500000,1,8.476622e-05
1966,983.000000,1,8.746689e-05
1967,983.500000,2,9.725820e-05
1968,984.000000,1,8.859061e-05
1969,984.500000,1,9.715847e-05
1970,985.000000,1,9.335684e-05
1971,985.500000,0,9.998934e-05
1972,986.000000,1,8.903730e-05
1973,986.500000,1,9.773594e-05
1974,987.000000,1,8.378919e-05
1975,987.500000,1,7.496252e-05
1976,988.000000,0,8.572305e-05
1977,988.500000,1,9.993332e-05
1978,989.000000,1,8.587682e-05
1979,989.500000,1,9.851824e-05
1980,990.000000,1,8.865875e-05
1981,990.500000,0,9.722151e-05
1982,991.000000,1,8.662783e-05
1983,991.500000,2,9.704419e-05
1984,992.000000,1,8.471669e-05
1985,992.500000,1,8.766806e-05
1986,993.000000,1,8.802964e-05
1987,993.500000,0,9.888541e-05
1988,994.000000,1,9.205125e-05
1989,994.500000,1,9.673964e-05
1990,995.000000,1,8.665236e-05
1991,995.500000,1,9.380477e-05
1992,996.000000,1,8.802584e-05
1993,996.500000,1,9.660717e-05
1994,997.000000,1,7.951816e-05
1995,997.500000,0,9.128490e-05
1996,998.000000,1,8.701470e-05
1997,998.500000,1,9.422293e-05
1998,999.000000,1,9.738489e-05
1999,999.500000,1,8.019974e-05
2000,1000.000000,0,9.413092e-05
2001,1000.500000,1,8.289230e-05
2002,1001.000000,1,7.822024e-05
2003,1001.500000,0,8.574986e-05
2004,1002.000000,0,9.942379e-05
2005,1002.500000,1,9.200539e-05
2006,1003.000000,1,8.992224e-05
2007,1003.500000,1,9.370294e-05
2008,1004.000000,1,7.977806e-05
2009,1004.500000,0,9.269735e-05
2010,1005.000000,1,8.876851e-05
2011,1005.500000,1,7.653527e-05
2012,1006.000000,0,8.447555e-05
2013,1006.500000,1,9.766462e-05
2014,1007.000000,1,8.983643e-05
2015,1007.500000,0,9.917833e-05
2016,1008.000000,1,9.683637e-05
2017,1008.500000,1,7.889154e-05
2018,1009.000000,0,7.872177e-05
2019,1009.500000,0,9.225914e-05
2020,1010.000000,1,9.726005e-05
2021,1010.500000,1,9.535660e-05
2022,1011.000000,1,8.570011e-05
2023,1011.500000,1,8.635292e-05
2024,1012.000000,0,9.708698e-05
2025,1012.500000,1,7.878560e-05
2026,1013.000000,1,7.347364e-05
2027,1013.500000,0,9.081477e-05
2028,1014.000000,1,9.885765e-05
2029,1014.500000,1,9.712461e-05
2030,1015.000000,1,9.372508e-05
2031,1015.500000,1,7.496614e-05
2032,1016.000000,0,7.771371e-05
2033,1016.500000,0,9.329949e-05
2034,1017.000000,1,9.646042e-05
2035,1017.500000,1,8.623148e-05
2036,1018.000000,0,9.658414e-05
2037,1018.500000,1,9.755756e-05
2038,1019.000000,1,8.661599e-05
2039,1019.500000,0,9.256571e-05
2040,1020.000000,1,9.205434e-05
2041,1020.500000,1,9.327792e-05
2042,1021.000000,1,8.055029e-05
2043,1021.500000,0,8.120471e-05
2044,1022.000000,0,8.803478e-05
2045,1022.500000,0,9.912860e-05
2046,1023.000000,1,9.271012e-05
2047,1023.500000,1,8.610532e-05
2048,1024.000000,0,9.060484e-05
2049,1024.500000,1,9.042581e-05
2050,1025.000000,1,8.269090e-05
2051,1025.500000,0,9.138772e-05
2052,1026.000000,1,8.996029e-05
2053,1026.500000,1,9.346123e-05
2054,1027.000000,1,7.651214e-05
2055,1027.500000,0,8.110424e-05
2056,1028.000000,0,9.611485e-05
2057,1028.500000,1,9.866799e-05
2058,1029.000000,1,8.979342e-05
2059,1029.500000,0,9.752529e-05
2060,1030.000000,1,9.276571e-05
2061,1030.500000,2,9.828751e-05
2062,1031.000000,1,8.223086e-05
2063,1031.500000,1,8.988514e-05
2064,1032.000000,1,8.878325e-05
2065,1032.500000,1,7.913538e-05
2066,1033.000000,0,9.300744e-05
2067,1033.500000,1,9.326897e-05
2068,1034.000000,1,9.052172e-05
2069,1034.500000,1,7.920553e-05
2070,1035.000000,0,9.056091e-05
2071,1035.500000,1,8.436665e-05
2072,1036.000000,1,9.623996e-05
2073,1036.500000,1,8.367618e-05
2074,1037.000000,0,8.909981e-05
2075,1037.500000,1,9.240965e-05
2076,1038.000000,1,8.775808e-05
2077,1038.500000,1,8.872244e-05
2078,1039.000000,1,9.619278e-05
2079,1039.500000,1,8.151755e-05
2080,1040.000000,1,8.679584e-05
2081,1040.500000,1,7.786315e-05
2082,1041.000000,1,9.824026e-05
2083,1041.500000,1,7.212460e-05
2084,1042.000000,0,9.047163e-05
2085,1042.500000,1,8.874697e-05
2086,1043.000000,1,8.567590e-05
2087,1043.500000,0,9.959591e-05
2088,1044.000000,1,9.192948e-05
2089,1044.500000,1,7.056563e-05
2090,1045.000000,0,7.570244e-05
2091,1045.500000,0,9.040254e-05
2092,1046.000000,1,8.437736e-05
2093,1046.500000,1,9.702903e-05
2094,1047.000000,1,9.329005e-05
2095,1047.500000,1,9.132451e-05
2096,1048.000000,0,9.342233e-05
2097,1048.500000,1,7.535786e-05
2098,1049.000000,0,9.629917e-05
2099,1049.500000,3,9.499697e-05
2100,1050.000000,2,9.715208e-05
2101,1050.500000,2,9.287288e-05
2102,1051.000000,1,9.179100e-05
2103,1051.500000,1,9.620766e-05
2104,1052.000000,1,9.963808e-05
2105,1052.500000,1,9.274298e-05
2106,1053.000000,0,9.617028e-05
2107,1053.500000,1,9.090923e-05
2108,1054.000000,1,8.805655e-05
2109,1054.500000,0,9.532162e-05
2110,1055.000000,1,9.067213e-05
2111,1055.500000,1,9.080113e-05
2112,1056.000000,1,9.328694e-05
2113,1056.500000,1,9.317871e-05
2114,1057.000000,0,9.619695e-05
2115,1057.500000,1,7.872070e-05
2116,1058.000000,0,9.947700e-05
2117,1058.500000,1,8.902070e-05
2118,1059.000000,1,9.004410e-05
2119,1059.500000,1,7.600388e-05
2120,1060.000000,0,7.916822e-05
2121,1060.500000,0,9.124557e-05
2122,1061.000000,1,8.388696e-05
2123,1061.500000,1,7.480375e-05
2124,1062.000000,0,8.369013e-05
2125,1062.500000,1,8.653118e-05
2126,1063.000000,1,7.618174e-05
2127,1063.500000,0,9.628489e-05
2128,1064.000000,1,8.502385e-05
2129,1064.500000,1,8.418151e-05
2130,1065.000000,0,9.091443e-05
2131,1065.500000,1,9.595699e-05
2132,1066.000000,1,9.779727e-05
2133,1066.500000,1,9.473491e-05
2134,1067.000000,1,9.371868e-05
2135,1067.500000,1,8.609966e-05
2136,1068.000000,0,8.828434e-05
2137,1068.500000,0,9.586466e-05
2138,1069.000000,1,8.877357e-05
2139,1069.500000,1,8.970290e-05
2140,1070.000000,0,9.351239e-05
2141,1070.500000,1,9.818889e-05
2142,1071.000000,1,9.818261e-05
2143,1071.500000,1,8.756710e-05
2144,1072.000000,1,9.558455e-05
2145,1072.500000,1,8.617583e-05
2146,1073.000000,1,9.649726e-05
2147,1073.500000,1,7.704075e-05
2148,1074.000000,0,8.891243e-05
2149,1074.500000,1,9.968545e-05
2150,1075.000000,1,8.380286e-05
2151,1075.500000,0,9.605861e-05
2152,1076.000000,3,9.735840e-05
2153,1076.500000,1,6.987443e-05
2154,1077.000000,0,8.268321e-05
2155,1077.500000,1,7.844989e-05
2156,1078.000000,1,7.341820e-05
2157,1078.500000,0,8.196075e-05
2158,1079.000000,0,9.765368e-05
2159,1079.500000,1,9.388250e-05
2160,1080.000000,1,9.744040e-05
2161,1080.500000,1,9.228297e-05
2162,1081.000000,0,9.846861e-05
2163,1081.500000,1,9.975543e-05
2164,1082.000000,1,8.924076e-05
2165,1082.500000,0,9.246776e-05
2166,1083.000000,1,9.906031e-05
2167,1083.500000,1,9.100219e-05
2168,1084.000000,1,9.620631e-05
2169,1084.500000,1,8.521170e-05
2170,1085.000000,1,8.008570e-05
2171,1085.500000,0,8.791286e-05
2172,1086.000000,1,9.185756e-05
2173,1086.500000,0,9.696997e-05
2174,1087.000000,1,7.691461e-05
2175,1087.500000,1,7.575303e-05
2176,1088.000000,0,9.041437e-05
2177,1088.500000,1,7.815779e-05
2178,1089.000000,1,9.111015e-05
2179,1089.500000,1,7.586628e-05
2180,1090.000000,0,8.476719e-05
2181,1090.500000,1,9.686789e-05
2182,1091.000000,1,9.813892e-05
2183,1091.500000,1,8.580614e-05
2184,1092.000000,0,8.618709e-05
2185,1092.500000,0,9.152038e-05
2186,1093.000000,1,9.562353e-05
2187,1093.500000,1,8.890995e-05
2188,1094.000000,0,9.465955e-05
2189,1094.500000,1,9.666287e-05
2190,1095.000000,1,9.057046e-05
2191,1095.500000,1,8.541192e-05
2192,1096.000000,0,8.820154e-05
2193,1096.500000,0,9.761376e-05
2194,1097.000000,1,7.758382e-05
2195,1097.500000,1,8.239541e-05
2196,1098.000000,0,9.613138e-05
2197,1098.500000,1,8.016822e-05
2198,1099.000000,1,9.621746e-05
2199,1099.500000,1,8.477294e-05
2200,1100.000000,0,9.725299e-05
2201,1100.500000,1,9.087129e-05
2202,1101.000000,2,9.270371e-05
2203,1101.500000,1,8.388327e-05
2204,1102.000000,1,8.494635e-05
2205,1102.500000,1,8.537309e-05
2206,1103.000000,0,9.534884e-05
2207,1103.500000,1,9.010605e-05
2208,1104.000000,1,7.776307e-05
2209,1104.500000,0,8.563516e-05
2210,1105.000000,1,8.450485e-05
2211,1105.500000,1,9.695693e-05
2212,1106.000000,1,8.630722e-05
2213,1106.500000,0,9.963148e-05
2214,1107.000000,1,9.080219e-05
2215,1107.500000,1,8.610012e-05
2216,1108.000000,0,9.631328e-05
2217,1108.500000,1,8.479831e-05
2218,1109.000000,1,8.261264e-05
2219,1109.500000,0,9.444816e-05
2220,1110.000000,1,9.316769e-05
2221,1110.500000,1,9.265528e-05
2222,1111.000000,0,9.628321e-05
2223,1111.500000,1,9.342140e-05
2224,1112.000000,1,9.789094e-05
2225,1112.500000,1,8.866155e-05
2226,1113.000000,1,8.647560e-05
2227,1113.500000,0,9.653247e-05
2228,1114.000000,1,9.312218e-05
2229,1114.500000,0,9.552427e-05
2230,1115.000000,1,8.458372e-05
2231,1115.500000,1,7.960793e-05
2232,1116.000000,0,8.611096e-05
2233,1116.500000,0,9.568869e-05
2234,1117.000000,1,9.736784e-05
2235,1117.500000,1,9.595046e-05
2236,1118.000000,1,9.220782e-05
2237,1118.500000,1,9.546176e-05
2238,1119.000000,0,9.991002e-05
2239,1119.500000,1,8.008388e-05
2240,1120.000000,1,7.951864e-05
2241,1120.500000,0,8.939909e-05
2242,1121.000000,1,9.831026e-05
2243,1121.500000,1,8.212260e-05
2244,1122.000000,0,9.010954e-05
2245,1122.500000,1,9.057708e-05
2246,1123.000000,1,8.131113e-05
2247,1123.500000,0,9.032513e-05
2248,1124.000000,1,8.695121e-05
2249,1124.500000,1,8.253473e-05
2250,1125.000000,0,8.887765e-05
2251,1125.500000,0,9.864470e-05
2252,1126.000000,1,9.753941e-05
2253,1126.500000,1,8.750720e-05
2254,1127.000000,0,9.379170e-05
2255,1127.500000,1,9.751544e-05
2256,1128.000000,1,9.323172e-05
2257,1128.500000,1,8.306635e-05
2258,1129.000000,0,9.683309e-05
2259,1129.500000,1,8.118759e-05
2260,1130.000000,1,9.567298e-05
2261,1130.500000,1,8.418113e-05
2262,1131.000000,2,9.025746e-05
2263,1131.500000,1,6.904901e-05
2264,1132.000000,0,7.830993e-05
2265,1132.500000,0,9.354135e-05
2266,1133.000000,1,9.860826e-05
2267,1133.500000,1,8.183907e-05
2268,1134.000000,0,8.811079e-05
2269,1134.500000,1,8.670282e-05
2270,1135.000000,1,7.890132e-05
2271,1135.500000,0,8.431941e-05
2272,1136.000000,0,9.871335e-05
2273,1136.500000,1,9.304544e-05
2274,1137.000000,1,8.884975e-05
2275,1137.500000,1,8.880459e-05
2276,1138.000000,0,9.385845e-05
2277,1138.500000,1,9.421077e-05
2278,1139.000000,1,9.538136e-05
2279,1139.500000,1,9.369859e-05
2280,1140.000000,0,9.731728e-05
2281,1140.500000,1,9.119205e-05
2282,1141.000000,1,9.949140e-05
2283,1141.500000,1,8.871232e-05
2284,1142.000000,1,8.281989e-05
2285,1142.500000,0,9.708936e-05
2286,1143.000000,1,8.486953e-05
2287,1143.500000,1,9.127905e-05
2288,1144.000000,1,8.892834e-05
2289,1144.500000,0,9.758025e-05
2290,1145.000000,1,9.639082e-05
2291,1145.500000,1,8.050526e-05
2292,1146.000000,0,8.035390e-05
2293,1146.500000,0,9.079321e-05
2294,1147.000000,1,9.494301e-05
2295,1147.500000,1,8.583713e-05
2296,1148.000000,0,9.759810e-05
2297,1148.500000,1,8.947324e-05
2298,1149.000000,1,8.156762e-05
2299,1149.500000,0,9.008454e-05
2300,1150.000000,1,8.909794e-05
2301,1150.500000,1,9.266890e-05
2302,1151.000000,1,8.525131e-05
2303,1151.500000,0,9.640082e-05
2304,1152.000000,1,8.922401e-05
2305,1152.500000,1,8.738893e-05
2306,1153.000000,1,8.464753e-05
2307,1153.500000,1,7.575040e-05
2308,1154.000000,0,8.470099e-05
2309,1154.500000,0,9.852030e-05
2310,1155.000000,1,8.514395e-05
2311,1155.500000,1,8.494161e-05
2312,1156.000000,0,9.288577e-05
2313,1156.500000,1,7.561763e-05
2314,1157.000000,0,8.000878e-05
2315,1157.500000,0,9.548045e-05
2316,1158.000000,1,8.911293e-05
2317,1158.500000,1,9.430493e-05
2318,1159.000000,1,9.053677e-05
2319,1159.500000,0,9.299605e-05
2320,1160.000000,1,8.965860e-05
2321,1160.500000,1,7.779078e-05
2322,1161.000000,0,9.277588e-05
2323,1161.500000,1,8.832425e-05
2324,1162.000000,1,8.897867e-05
2325,1162.500000,1,9.040661e-05
2326,1163.000000,0,9.898250e-05
2327,1163.500000,1,9.367904e-05
2328,1164.000000,1,7.561634e-05
2329,1164.500000,0,7.831432e-05
2330,1165.000000,0,9.578030e-05
2331,1165.500000,1,8.357077e-05
2332,1166.000000,1,7.530728e-05
2333,1166.500000,0,8.510799e-05
2334,1167.000000,0,9.876949e-05
2335,1167.500000,1,8.445619e-05
2336,1168.000000,0,9.269272e-05
2337,1168.500000,1,8.722167e-05
2338,1169.000000,1,7.609783e-05
2339,1169.500000,0,8.056334e-05
2340,1170.000000,0,9.331114e-05
2341,1170.500000,1,8.126301e-05
2342,1171.000000,1,9.232313e-05
2343,1171.500000,1,7.914998e-05
2344,1172.000000,0,7.804311e-05
2345,1172.500000,0,8.464748e-05
2346,1173.000000,0,9.540747e-05
2347,1173.500000,1,9.980501e-05
2348,1174.000000,1,8.778900e-05
2349,1174.500000,0,9.921083e-05
2350,1175.000000,1,8.631694e-05
2351,1175.500000,1,8.358243e-05
2352,1176.000000,0,9.656667e-05
2353,1176.500000,1,8.507452e-05
2354,1177.000000,0,9.704787e-05
2355,1177.500000,1,8.758008e-05
2356,1178.000000,1,8.408233e-05
2357,1178.500000,0,9.611929e-05
2358,1179.000000,1,9.025988e-05
2359,1179.500000,1,8.912687e-05
2360,1180.000000,0,9.592519e-05
2361,1180.500000,1,8.437817e-05
2362,1181.000000,0,9.602240e-05
2363,1181.500000,1,7.729037e-05
2364,1182.000000,0,9.174248e-05
2365,1182.500000,1,8.547153e-05
2366,1183.000000,1,8.940601e-05
2367,1183.500000,1,7.984498e-05
2368,1184.000000,0,9.079805e-05
2369,1184.500000,1,9.066459e-05
2370,1185.000000,1,8.293699e-05
2371,1185.500000,0,9.280142e-05
2372,1186.000000,1,8.300570e-05
2373,1186.500000,1,7.945551e-05
2374,1187.000000,0,8.858692e-05
2375,1187.500000,1,8.689733e-05
2376,1188.000000,1,8.575858e-05
2377,1188.500000,0,8.915545e-05
2378,1189.000000,0,9.605762e-05
2379,1189.500000,1,8.689143e-05
2380,1190.000000,1,9.900349e-05
2381,1190.500000,1,9.141803e-05
2382,1191.000000,1,9.313605e-05
2383,1191.500000,1,8.314294e-05
2384,1192.000000,1,9.701205e-05
2385,1192.500000,1,8.251937e-05
2386,1193.000000,1,7.628238e-05
2387,1193.500000,0,8.903601e-05
2388,1194.000000,1,9.835224e-05
2389,1194.500000,1,9.745626e-05
2390,1195.000000,1,9.354939e-05
2391,1195.500000,1,9.447889e-05
2392,1196.000000,1,9.138889e-05
2393,1196.500000,1,8.861897e-05
2394,1197.000000,0,9.979267e-05
2395,1197.500000,1,9.522425e-05
2396,1198.000000,1,8.966901e-05
2397,1198.500000,1,8.927846e-05
2398,1199.000000,0,9.458900e-05
2399,1199.500000,1,9.890816e-05
2400,1200.000000,1,9.421156e-05
2401,1200.500000,1,8.589903e-05
2402,1201.000000,0,9.091887e-05
2403,1201.500000,1,7.779827e-05
2404,1202.000000,0,9.076238e-05
2405,1202.500000,1,9.733804e-05
2406,1203.000000,1,7.968757e-05
2407,1203.500000,0,8.440854e-05
2408,1204.000000,0,9.727128e-05
2409,1204.500000,1,9.754166e-05
2410,1205.000000,1,9.063076e-05
2411,1205.500000,1,9.086376e-05
2412,1206.000000,1,9.375459e-05
2413,1206.500000,1,9.776108e-05
2414,1207.000000,2,9.251890e-05
2415,1207.500000,1,8.961421e-05
2416,1208.000000,1,9.185811e-05
2417,1208.500000,1,8.456122e-05
2418,1209.000000,0,9.266906e-05
2419,1209.500000,1,9.238401e-05
2420,1210.000000,1,7.614434e-05
2421,1210.500000,0,9.101380e-05
2422,1211.000000,2,9.628601e-05
2423,1211.500000,2,9.734309e-05
2424,1212.000000,1,8.850562e-05
2425,1212.500000,1,7.692555e-05
2426,1213.000000,2,9.600998e-05
2427,1213.500000,1,9.129891e-05
2428,1214.000000,1,8.551930e-05
2429,1214.500000,1,9.465294e-05
2430,1215.000000,0,9.973887e-05
2431,1215.500000,1,8.456905e-05
2432,1216.000000,1,8.127560e-05
2433,1216.500000,0,9.267952e-05
2434,1217.000000,1,8.999419e-05
2435,1217.500000,1,8.886621e-05
2436,1218.000000,1,9.052715e-05
2437,1218.500000,1,8.340939e-05
2438,1219.000000,0,9.058643e-05
2439,1219.500000,1,9.092442e-05
2440,1220.000000,1,7.765639e-05
2441,1220.500000,0,7.909120e-05
2442,1221.000000,0,8.885621e-05
2443,1221.500000,1,8.812791e-05
2444,1222.000000,1,9.580926e-05
2445,1222.500000,1,8.874650e-05
2446,1223.000000,0,9.881157e-05
2447,1223.500000,1,7.598448e-05
2448,1224.000000,0,8.692169e-05
2449,1224.500000,1,9.089692e-05
2450,1225.000000,1,9.201988e-05
2451,1225.500000,1,8.148279e-05
2452,1226.000000,0,8.994762e-05
2453,1226.500000,1,7.919701e-05
2454,1227.000000,2,9.572558e-05
2455,1227.500000,1,9.326121e-05
2456,1228.000000,2,9.619144e-05
2457,1228.500000,1,7.895682e-05
2458,1229.000000,0,8.806191e-05
2459,1229.500000,1,8.534809e-05
2460,1230.000000,1,8.633196e-05
2461,1230.500000,0,9.437640e-05
2462,1231.000000,1,9.011194e-05
2463,1231.500000,1,7.869638e-05
2464,1232.000000,0,8.242833e-05
2465,1232.500000,0,9.768505e-05
2466,1233.000000,1,9.344602e-05
2467,1233.500000,1,8.241935e-05
2468,1234.000000,0,9.217740e-05
2469,1234.500000,1,8.545088e-05
2470,1235.000000,1,7.204613e-05
2471,1235.500000,0,7.428053e-05
2472,1236.000000,0,8.558845e-05
2473,1236.500000,1,8.788865e-05
2474,1237.000000,1,9.204660e-05
2475,1237.500000,1,7.991395e-05
2476,1238.000000,0,8.234059e-05
2477,1238.500000,0,9.339435e-05
2478,1239.000000,1,8.347402e-05
2479,1239.500000,1,9.055470e-05
2480,1240.000000,1,7.744198e-05
2481,1240.500000,0,8.561005e-05
2482,1241.000000,1,8.581574e-05
2483,1241.500000,1,7.812414e-05
2484,1242.000000,0,8.960444e-05
2485,1242.500000,1,8.202133e-05
2486,1243.000000,1,8.476408e-05
2487,1243.500000,0,9.392811e-05
2488,1244.000000,1,8.713277e-05
2489,1244.500000,1,7.524390e-05
2490,1245.000000,0,8.193003e-05
2491,1245.500000,0,9.984165e-05
2492,1246.000000,1,9.667595e-05
2493,1246.500000,1,8.146889e-05
2494,1247.000000,0,9.415936e-05
2495,1247.500000,1,8.830863e-05
2496,1248.000000,1,8.961951e-05
2497,1248.500000,1,7.963438e-05
2498,1249.000000,0,8.758583e-05
2499,1249.500000,1,8.710873e-05
2500,1250.000000,1,8.486885e-05
2501,1250.500000,0,9.080943e-05
2502,1251.000000,1,8.947044e-05
2503,1251.500000,1,7.562722e-05
2504,1252.000000,0,7.753233e-05
2505,1252.500000,0,8.933405e-05
2506,1253.000000,1,9.472750e-05
2507,1253.500000,1,8.761308e-05
2508,1254.000000,0,9.260892e-05
2509,1254.500000,1,9.090148e-05
2510,1255.000000,1,9.482947e-05
2511,1255.500000,1,7.678933e-05
2512,1256.000000,0,8.869012e-05
2513,1256.500000,1,9.731583e-05
2514,1257.000000,1,9.748128e-05
2515,1257.500000,1,8.466944e-05
2516,1258.000000,0,9.492924e-05
2517,1258.500000,1,8.184244e-05
2518,1259.000000,2,9.810459e-05
2519,1259.500000,1,9.273342e-05
2520,1260.000000,1,8.537313e-05
2521,1260.500000,2,9.878215e-05
2522,1261.000000,1,8.873557e-05
2523,1261.500000,0,9.591721e-05
2524,1262.000000,1,8.577663e-05
2525,1262.500000,1,7.682295e-05
2526,1263.000000,0,7.988628e-05
2527,1263.500000,0,9.149509e-05
2528,1264.000000,1,9.158758e-05
2529,1264.500000,1,9.120659e-05
2530,1265.000000,0,9.480883e-05
2531,1265.500000,1,9.492729e-05
2532,1266.000000,1,7.726711e-05
2533,1266.500000,0,8.181999e-05
2534,1267.000000,0,9.992652e-05
2535,1267.500000,1,8.585040e-05
2536,1268.000000,1,8.446815e-05
2537,1268.500000,0,8.943127e-05
2538,1269.000000,0,9.810789e-05
2539,1269.500000,1,9.143798e-05
2540,1270.000000,1,9.731902e-05
2541,1270.500000,1,7.500587e-05
2542,1271.000000,0,9.053670e-05
2543,1271.500000,1,9.014239e-05
2544,1272.000000,1,9.280289e-05
2545,1272.500000,1,8.059632e-05
2546,1273.000000,0,9.237155e-05
2547,1273.500000,1,7.567235e-05
2548,1274.000000,2,9.540098e-05
2549,1274.500000,1,8.739396e-05
2550,1275.000000,1,7.857005e-05
2551,1275.500000,2,9.213621e-05
2552,1276.000000,1,8.025992e-05
2553,1276.500000,0,8.746446e-05
2554,1277.000000,0,9.937334e-05
2555,1277.500000,1,9.266877e-05
2556,1278.000000,1,8.568488e-05
2557,1278.500000,0,9.133701e-05
2558,1279.000000,1,9.051753e-05
2559,1279.500000,1,9.447250e-05
2560,1280.000000,1,9.543986e-05
2561,1280.500000,1,8.247024e-05
2562,1281.000000,0,8.649814e-05
2563,1281.500000,1,8.882403e-05
2564,1282.000000,1,9.846542e-05
2565,1282.500000,1,8.252270e-05
2566,1283.000000,0,8.789853e-05
2567,1283.500000,2,9.988253e-05
2568,1284.000000,1,8.230411e-05
2569,1284.500000,1,7.275017e-05
2570,1285.000000,1,9.651960e-05
2571,1285.500000,1,9.053691e-05
2572,1286.000000,1,9.091715e-05
2573,1286.500000,1,9.888752e-05
2574,1287.000000,1,8.256864e-05
2575,1287.500000,1,8.059291e-05
2576,1288.000000,0,9.711196e-05
2577,1288.500000,1,9.445726e-05
2578,1289.000000,1,7.927170e-05
2579,1289.500000,0,8.463838e-05
2580,1290.000000,1,8.826865e-05
2581,1290.500000,1,8.258749e-05
2582,1291.000000,0,9.632628e-05
2583,1291.500000,1,9.514244e-05
2584,1292.000000,1,9.273993e-05
2585,1292.500000,1,8.920826e-05
2586,1293.000000,1,8.751345e-05
2587,1293.500000,0,9.060347e-05
2588,1294.000000,1,8.209046e-05
2589,1294.500000,1,8.461510e-05
2590,1295.000000,0,9.359617e-05
2591,1295.500000,1,9.237767e-05
2592,1296.000000,1,7.830557e-05
2593,1296.500000,0,8.636403e-05
2594,1297.000000,1,9.865421e-05
2595,1297.500000,1,9.595118e-05
2596,1298.000000,1,7.248525e-05
2597,1298.500000,0,6.969129e-05
2598,1299.000000,0,8.051216e-05
2599,1299.500000,0,9.816422e-05
2600,1300.000000,1,8.694752e-05
2601,1300.500000,1,8.618431e-05
2602,1301.000000,1,6.980909e-05
2603,1301.500000,0,7.173120e-05
2604,1302.000000,0,8.563575e-05
2605,1302.500000,1,9.422423e-05
2606,1303.000000,1,8.356947e-05
2607,1303.500000,0,9.035697e-05
2608,1304.000000,1,7.785391e-05
2609,1304.500000,0,8.914946e-05
2610,1305.000000,1,9.317309e-05
2611,1305.500000,1,9.679925e-05
2612,1306.000000,1,8.219918e-05
2613,1306.500000,0,8.769501e-05
2614,1307.000000,1,8.253359e-05
2615,1307.500000,0,9.557356e-05
2616,1308.000000,1,8.958545e-05
2617,1308.500000,0,9.751930e-05
2618,1309.000000,1,8.682888e-05
2619,1309.500000,1,8.776003e-05
2620,1310.000000,1,9.333512e-05
2621,1310.500000,1,8.446564e-05
2622,1311.000000,1,7.809062e-05
2623,1311.500000,0,8.522678e-05
2624,1312.000000,0,9.691588e-05
2625,1312.500000,1,8.751880e-05
2626,1313.000000,2,9.373170e-05
2627,1313.500000,1,7.607478e-05
2628,1314.000000,0,8.755465e-05
2629,1314.500000,1,8.482752e-05
2630,1315.000000,1,8.932293e-05
2631,1315.500000,1,8.278506e-05
2632,1316.000000,0,9.505572e-05
2633,1316.500000,1,7.183155e-05
2634,1317.000000,0,8.267680e-05
2635,1317.500000,1,9.714243e-05
2636,1318.000000,1,9.892192e-05
2637,1318.500000,1,8.082742e-05
2638,1319.000000,0,8.104876e-05
2639,1319.500000,0,9.091912e-05
2640,1320.000000,1,8.640689e-05
2641,1320.500000,1,8.001674e-05
2642,1321.000000,0,8.885050e-05
2643,1321.500000,1,8.402418e-05
2644,1322.000000,1,9.196823e-05
2645,1322.500000,1,8.872982e-05
2646,1323.000000,1,7.585022e-05
2647,1323.500000,0,7.789434e-05
2648,1324.000000,0,8.873425e-05
2649,1324.500000,1,9.930903e-05
2650,1325.000000,1,9.945916e-05
2651,1325.500000,1,8.692393e-05
2652,1326.000000,0,8.798128e-05
2653,1326.500000,0,9.750939e-05
2654,1327.000000,1,8.664601e-05
2655,1327.500000,1,9.431824e-05
2656,1328.000000,1,7.789228e-05
2657,1328.500000,0,8.553906e-05
2658,1329.000000,1,9.626197e-05
2659,1329.500000,1,9.816913e-05
2660,1330.000000,1,9.206962e-05
2661,1330.500000,1,9.066744e-05
2662,1331.000000,0,9.276344e-05
2663,1331.500000,1,9.091172e-05
2664,1332.000000,1,8.286811e-05
2665,1332.500000,0,8.921316e-05
2666,1333.000000,1,8.123236e-05
2667,1333.500000,1,7.981279e-05
2668,1334.000000,1,7.785588e-05
2669,1334.500000,0,8.763593e-05
2670,1335.000000,1,8.543933e-05
2671,1335.500000,2,9.132203e-05
2672,1336.000000,1,7.072247e-05
2673,1336.500000,0,7.964469e-05
2674,1337.000000,0,9.566840e-05
2675,1337.500000,1,9.811396e-05
2676,1338.000000,1,9.196851e-05
2677,1338.500000,1,8.259966e-05
2678,1339.000000,0,8.709329e-05
2679,1339.500000,0,9.929576e-05
2680,1340.000000,1,8.566999e-05
2681,1340.500000,1,8.344598e-05
2682,1341.000000,0,9.830508e-05
2683,1341.500000,1,9.036324e-05
2684,1342.000000,1,8.432977e-05
2685,1342.500000,0,9.550153e-05
2686,1343.000000,1,8.867930e-05
2687,1343.500000,0,9.815297e-05
2688,1344.000000,1,9.666464e-05
2689,1344.500000,1,7.828244e-05
2690,1345.000000,0,7.980736e-05
2691,1345.500000,0,9.060473e-05
2692,1346.000000,1,9.516283e-05
2693,1346.500000,1,9.759573e-05
2694,1347.000000,1,9.150960e-05
2695,1347.500000,1,9.167311e-05
2696,1348.000000,0,9.514145e-05
2697,1348.500000,1,8.018764e-05
2698,1349.000000,1,7.614325e-05
2699,1349.500000,0,8.956108e-05
2700,1350.000000,1,7.612546e-05
2701,1350.500000,0,9.327409e-05
2702,1351.000000,1,8.735457e-05
2703,1351.500000,1,9.636776e-05
2704,1352.000000,1,9.196165e-05
2705,1352.500000,1,9.336424e-05
2706,1353.000000,0,9.660281e-05
2707,1353.500000,1,8.005430e-05
2708,1354.000000,1,7.098730e-05
2709,1354.500000,0,7.770257e-05
2710,1355.000000,0,9.316959e-05
2711,1355.500000,1,9.589370e-05
2712,1356.000000,1,9.267519e-05
2713,1356.500000,1,9.012321e-05
2714,1357.000000,1,7.975853e-05
2715,1357.500000,0,8.136669e-05
2716,1358.000000,0,9.086376e-05
2717,1358.500000,1,9.886027e-05
2718,1359.000000,1,8.895757e-05
2719,1359.500000,0,9.312775e-05
2720,1360.000000,1,9.238744e-05
2721,1360.500000,1,9.217311e-05
2722,1361.000000,1,9.586128e-05
2723,1361.500000,1,7.852338e-05
2724,1362.000000,0,7.756063e-05
2725,1362.500000,0,8.617856e-05
2726,1363.000000,1,8.534562e-05
2727,1363.500000,1,7.812322e-05
2728,1364.000000,0,8.721616e-05
2729,1364.500000,1,9.419979e-05
2730,1365.000000,1,9.133948e-05
2731,1365.500000,1,8.387152e-05
2732,1366.000000,1,7.081590e-05
2733,1366.500000,0,7.578286e-05
2734,1367.000000,0,9.249599e-05
2735,1367.500000,1,8.880799e-05
2736,1368.000000,1,7.928213e-05
2737,1368.500000,0,9.330077e-05
2738,1369.000000,1,8.697332e-05
2739,1369.500000,2,9.865702e-05
2740,1370.000000,1,7.872061e-05
2741,1370.500000,0,9.508003e-05
2742,1371.000000,1,9.542688e-05
2743,1371.500000,1,9.776989e-05
2744,1372.000000,1,8.265336e-05
2745,1372.500000,0,9.202016e-05
2746,1373.000000,1,8.221249e-05
2747,1373.500000,1,7.997508e-05
2748,1374.000000,0,9.248937e-05
2749,1374.500000,1,8.626699e-05
2750,1375.000000,2,9.843526e-05
2751,1375.500000,1,9.310031e-05
2752,1376.000000,1,8.913387e-05
2753,1376.500000,1,8.365889e-05
2754,1377.000000,0,8.956607e-05
2755,1377.500000,1,9.426861e-05
2756,1378.000000,1,9.083031e-05
2757,1378.500000,0,9.660098e-05
2758,1379.000000,1,8.759388e-05
2759,1379.500000,1,9.790654e-05
2760,1380.000000,1,7.315555e-05
2761,1380.500000,0,8.543481e-05
2762,1381.000000,1,9.197767e-05
2763,1381.500000,1,9.401112e-05
2764,1382.000000,1,7.821493e-05
2765,1382.500000,0,7.937282e-05
2766,1383.000000,0,8.966555e-05
2767,1383.500000,1,7.218061e-05
2768,1384.000000,2,8.705180e-05
2769,1384.500000,1,7.875624e-05
2770,1385.000000,0,9.182966e-05
2771,1385.500000,1,8.840366e-05
2772,1386.000000,1,7.643183e-05
2773,1386.500000,0,9.632730e-05
2774,1387.000000,1,8.795655e-05
2775,1387.500000,1,8.129256e-05
2776,1388.000000,0,8.764627e-05
2777,1388.500000,1,8.406239e-05
2778,1389.000000,1,8.443565e-05
2779,1389.500000,0,9.434436e-05
2780,1390.000000,1,9.708897e-05
2781,1390.500000,1,9.057019e-05
2782,1391.000000,1,9.194744e-05
2783,1391.500000,1,9.426753e-05
2784,1392.000000,0,9.851150e-05
2785,1392.500000,1,8.791091e-05
2786,1393.000000,1,7.886081e-05
2787,1393.500000,0,9.094504e-05
2788,1394.000000,1,8.018391e-05
2789,1394.500000,2,9.202043e-05
2790,1395.000000,1,8.013327e-05
2791,1395.500000,0,9.835790e-05
2792,1396.000000,1,8.640002e-05
2793,1396.500000,1,8.430251e-05
2794,1397.000000,1,7.490643e-05
2795,1397.500000,0,8.100362e-05
2796,1398.000000,0,9.524555e-05
2797,1398.500000,1,7.985864e-05
2798,1399.000000,1,7.488519e-05
2799,1399.500000,0,7.895119e-05
2800,1400.000000,0,8.931540e-05
2801,1400.500000,1,8.962877e-05
2802,1401.000000,1,9.919070e-05
2803,1401.500000,1,8.169280e-05
2804,1402.000000,0,8.262523e-05
2805,1402.500000,0,9.530780e-05
2806,1403.000000,1,9.812852e-05
2807,1403.500000,1,9.175541e-05
2808,1404.000000,0,9.501145e-05
2809,1404.500000,1,8.988314e-05
2810,1405.000000,1,8.833670e-05
2811,1405.500000,1,8.398930e-05
2812,1406.000000,1,9.553624e-05
2813,1406.500000,1,7.622308e-05
2814,1407.000000,0,8.841801e-05
2815,1407.500000,1,8.631692e-05
2816,1408.000000,1,8.618921e-05
2817,1408.500000,0,9.905259e-05
2818,1409.000000,1,9.312983e-05
2819,1409.500000,1,7.307715e-05
2820,1410.000000,0,7.576084e-05
2821,1410.500000,0,9.225687e-05
2822,1411.000000,1,7.893295e-05
2823,1411.500000,1,7.202456e-05
2824,1412.000000,0,8.299099e-05
2825,1412.500000,1,7.407725e-05
2826,1413.000000,0,8.978478e-05
2827,1413.500000,2,9.873457e-05
2828,1414.000000,2,9.907293e-05
2829,1414.500000,1,8.690208e-05
2830,1415.000000,1,8.820139e-05
2831,1415.500000,1,8.879039e-05
2832,1416.000000,0,9.733493e-05
2833,1416.500000,1,9.487021e-05
2834,1417.000000,1,8.488240e-05
2835,1417.500000,0,8.662198e-05
2836,1418.000000,0,9.678139e-05
2837,1418.500000,1,9.624984e-05
2838,1419.000000,1,9.329702e-05
2839,1419.500000,1,9.016402e-05
2840,1420.000000,0,9.337056e-05
2841,1420.500000,1,9.520539e-05
2842,1421.000000,1,8.439968e-05
2843,1421.500000,0,9.241886e-05
2844,1422.000000,1,7.821296e-05
2845,1422.500000,0,9.501202e-05
2846,1423.000000,1,7.962634e-05
2847,1423.500000,1,7.933259e-05
2848,1424.000000,2,8.652635e-05
2849,1424.500000,1,7.318437e-05
2850,1425.000000,0,8.656518e-05
2851,1425.500000,1,8.108462e-05
2852,1426.000000,1,7.611595e-05
2853,1426.500000,0,9.398727e-05
2854,1427.000000,1,9.297883e-05
2855,1427.500000,1,9.126847e-05
2856,1428.000000,0,9.964232e-05
2857,1428.500000,1,8.754421e-05
2858,1429.000000,1,7.658862e-05
2859,1429.500000,0,8.748271e-05
2860,1430.000000,1,8.906779e-05
2861,1430.500000,1,8.387670e-05
2862,1431.000000,0,9.382399e-05
2863,1431.500000,1,8.893424e-05
2864,1432.000000,1,9.097851e-05
2865,1432.500000,1,8.255218e-05
2866,1433.000000,0,9.347773e-05
2867,1433.500000,1,9.353407e-05
2868,1434.000000,1,8.901969e-05
2869,1434.500000,0,9.586310e-05
2870,1435.000000,1,9.185676e-05
2871,1435.500000,1,7.952045e-05
2872,1436.000000,0,8.162888e-05
2873,1436.500000,0,9.321485e-05
2874,1437.000000,1,8.722963e-05
2875,1437.500000,1,9.831038e-05
2876,1438.000000,1,8.566975e-05
2877,1438.500000,0,9.501939e-05
2878,1439.000000,1,8.247003e-05
2879,1439.500000,2,9.811812e-05
2880,1440.000000,1,9.428124e-05
2881,1440.500000,2,8.803329e-05
2882,1441.000000,2,9.485651e-05
2883,1441.500000,2,9.046034e-05
2884,1442.000000,1,8.039777e-05
2885,1442.500000,0,9.481049e-05
2886,1443.000000,1,8.385643e-05
2887,1443.500000,1,8.564374e-05
2888,1444.000000,0,9.306972e-05
2889,1444.500000,1,9.050893e-05
2890,1445.000000,1,7.922745e-05
2891,1445.500000,0,8.215644e-05
2892,1446.000000,0,9.453180e-05
2893,1446.500000,1,8.175522e-05
2894,1447.000000,1,9.221254e-05
2895,1447.500000,1,8.313904e-05
2896,1448.000000,0,8.437031e-05
2897,1448.500000,0,8.885180e-05
2898,1449.000000,0,9.579058e-05
2899,1449.500000,1,8.692056e-05
2900,1450.000000,1,8.099935e-05
2901,1450.500000,0,9.133435e-05
2902,1451.000000,1,9.138740e-05
2903,1451.500000,1,7.700566e-05
2904,1452.000000,0,8.563921e-05
2905,1452.500000,1,8.230780e-05
2906,1453.000000,1,7.840418e-05
2907,1453.500000,0,9.005880e-05
2908,1454.000000,1,9.295222e-05
2909,1454.500000,1,7.716938e-05
2910,1455.000000,0,8.732025e-05
2911,1455.500000,1,9.408577e-05
2912,1456.000000,1,8.301425e-05
2913,1456.500000,0,8.834425e-05
2914,1457.000000,1,8.531716e-05
2915,1457.500000,1,8.246972e-05
2916,1458.000000,0,9.843257e-05
2917,1458.500000,1,8.543753e-05
2918,1459.000000,1,8.025184e-05
2919,1459.500000,0,8.701524e-05
2920,1460.000000,0,9.936768e-05
2921,1460.500000,1,8.959687e-05
2922,1461.000000,1,9.574036e-05
2923,1461.500000,1,7.773372e-05
2924,1462.000000,0,7.858811e-05
2925,1462.500000,0,8.912837e-05
2926,1463.000000,1,9.223549e-05
2927,1463.500000,1,9.862062e-05
2928,1464.000000,1,8.296633e-05
2929,1464.500000,0,8.124915e-05
2930,1465.000000,0,8.499970e-05
2931,1465.500000,0,9.271456e-05
2932,1466.000000,1,8.543966e-05
2933,1466.500000,1,7.673008e-05
2934,1467.000000,0,8.193641e-05
2935,1467.500000,0,9.537792e-05
2936,1468.000000,1,9.165414e-05
2937,1468.500000,1,9.994022e-05
2938,1469.000000,1,9.169799e-05
2939,1469.500000,0,9.975336e-05
2940,1470.000000,1,9.679988e-05
2941,1470.500000,1,6.583136e-05
2942,1471.000000,0,7.267874e-05
2943,1471.500000,0,9.952317e-05
2944,1472.000000,1,8.487690e-05
2945,1472.500000,1,9.827273e-05
2946,1473.000000,1,9.875350e-05
2947,1473.500000,2,9.903025e-05
2948,1474.000000,1,8.614539e-05
2949,1474.500000,0,9.816355e-05
2950,1475.000000,1,7.485899e-05
2951,1475.500000,2,9.318886e-05
2952,1476.000000,1,8.459720e-05
2953,1476.500000,1,8.007001e-05
2954,1477.000000,0,9.468345e-05
2955,1477.500000,1,8.285239e-05
2956,1478.000000,1,7.756828e-05
2957,1478.500000,0,8.930234e-05
2958,1479.000000,1,8.416657e-05
2959,1479.500000,1,9.800089e-05
2960,1480.000000,1,7.627802e-05
2961,1480.500000,0,8.559534e-05
2962,1481.000000,1,8.705259e-05
2963,1481.500000,1,7.450933e-05
2964,1482.000000,0,8.037634e-05
2965,1482.500000,0,9.302018e-05
2966,1483.000000,1,8.607904e-05
2967,1483.500000,1,9.976018e-05
2968,1484.000000,1,9.771768e-05
2969,1484.500000,1,9.718067e-05
2970,1485.000000,1,8.254235e-05
2971,1485.500000,0,8.956494e-05
2972,1486.000000,1,8.406502e-05
2973,1486.500000,2,8.848961e-05
2974,1487.000000,1,7.247157e-05
2975,1487.500000,0,8.156029e-05
2976,1488.000000,0,9.745103e-05
2977,1488.500000,1,8.335727e-05
2978,1489.000000,1,9.744524e-05
2979,1489.500000,1,8.901736e-05
2980,1490.000000,0,9.732273e-05
2981,1490.500000,1,9.594227e-05
2982,1491.000000,1,6.949150e-05
2983,1491.500000,0,7.210155e-05
2984,1492.000000,0,9.122867e-05
2985,1492.500000,1,9.996829e-05
2986,1493.000000,1,8.830551e-05
2987,1493.500000,0,9.581383e-05
2988,1494.000000,1,8.475697e-05
2989,1494.500000,1,9.415528e-05
2990,1495.000000,1,6.542824e-05
2991,1495.500000,0,8.097993e-05
2992,1496.000000,1,7.114574e-05
2993,1496.500000,2,8.122547e-05
2994,1497.000000,1,7.451533e-05
2995,1497.500000,0,9.099533e-05
2996,1498.000000,1,9.467740e-05
2997,1498.500000,1,8.079308e-05
2998,1499.000000,0,8.845945e-05
2999,1499.500000,1,9.487073e-05
3000,1500.000000,1,8.166221e-05
3001,1500.500000,0,8.919905e-05
3002,1501.000000,1,9.432419e-05
3003,1501.500000,1,8.541775e-05
3004,1502.000000,0,9.265172e-05
3005,1502.500000,1,9.341323e-05
3006,1503.000000,1,9.964552e-05
3007,1503.500000,1,9.137867e-05
3008,1504.000000,1,9.540610e-05
3009,1504.500000,0,9.923990e-05
3010,1505.000000,1,8.811499e-05
3011,1505.500000,1,7.755544e-05
3012,1506.000000,0,8.890800e-05
3013,1506.500000,1,7.381045e-05
3014,1507.000000,0,8.890231e-05
3015,1507.500000,2,9.700908e-05
3016,1508.000000,2,9.810815e-05
3017,1508.500000,2,9.919790e-05
3018,1509.000000,1,9.408839e-05
3019,1509.500000,1,8.187032e-05
3020,1510.000000,1,8.739634e-05
3021,1510.500000,0,9.747320e-05
3022,1511.000000,1,9.131501e-05
3023,1511.500000,1,9.984952e-05
3024,1512.000000,1,8.338181e-05
3025,1512.500000,0,9.579590e-05
3026,1513.000000,1,9.533447e-05
3027,1513.500000,1,9.292869e-05
3028,1514.000000,0,9.970703e-05
3029,1514.500000,1,9.995618e-05
3030,1515.000000,1,8.985750e-05
3031,1515.500000,1,8.199218e-05
3032,1516.000000,0,9.287032e-05
3033,1516.500000,1,8.663520e-05
3034,1517.000000,1,9.100857e-05
3035,1517.500000,1,7.394735e-05
3036,1518.000000,0,7.867719e-05
3037,1518.500000,0,9.163419e-05
3038,1519.000000,1,9.533238e-05
3039,1519.500000,1,9.334855e-05
3040,1520.000000,1,8.504080e-05
3041,1520.500000,0,8.792379e-05
3042,1521.000000,0,9.557188e-05
3043,1521.500000,1,9.200522e-05
3044,1522.000000,1,7.925831e-05
3045,1522.500000,0,8.273603e-05
3046,1523.000000,0,9.477948e-05
3047,1523.500000,1,8.956103e-05
3048,1524.000000,1,9.941815e-05
3049,1524.500000,1,8.170868e-05
3050,1525.000000,0,8.610027e-05
3051,1525.500000,1,8.253687e-05
3052,1526.000000,2,8.862348e-05
3053,1526.500000,1,6.979074e-05
3054,1527.000000,0,7.979062e-05
3055,1527.500000,0,9.617379e-05
3056,1528.000000,1,9.737801e-05
3057,1528.500000,1,7.932820e-05
3058,1529.000000,1,7.847605e-05
3059,1529.500000,0,8.818276e-05
3060,1530.000000,1,8.166403e-05
3061,1530.500000,1,9.840298e-05
3062,1531.000000,2,8.524699e-05
3063,1531.500000,1,7.915256e-05
3064,1532.000000,0,9.142996e-05
3065,1532.500000,1,8.982717e-05
3066,1533.000000,1,7.974524e-05
3067,1533.500000,0,8.905909e-05
3068,1534.000000,1,8.058452e-05
3069,1534.500000,2,9.942465e-05
3070,1535.000000,1,7.930085e-05
3071,1535.500000,0,9.748879e-05
3072,1536.000000,1,9.696632e-05
3073,1536.500000,1,8.643989e-05
3074,1537.000000,0,9.387827e-05
3075,1537.500000,1,9.054390e-05
3076,1538.000000,1,8.889947e-05
3077,1538.500000,1,8.393048e-05
3078,1539.000000,0,9.106635e-05
3079,1539.500000,1,8.877163e-05
3080,1540.000000,2,9.623129e-05
3081,1540.500000,1,7.442569e-05
3082,1541.000000,0,8.295287e-05
3083,1541.500000,0,9.851167e-05
3084,1542.000000,1,9.863580e-05
3085,1542.500000,1,9.216344e-05
3086,1543.000000,1,8.135421e-05
3087,1543.500000,0,8.468534e-05
3088,1544.000000,0,9.596663e-05
3089,1544.500000,1,8.379772e-05
3090,1545.000000,1,7.922579e-05
3091,1545.500000,0,9.170104e-05
3092,1546.000000,1,8.280075e-05
3093,1546.500000,1,9.034234e-05
3094,1547.000000,1,8.588000e-05
3095,1547.500000,2,9.006366e-05
3096,1548.000000,1,8.192460e-05
3097,1548.500000,1,8.764264e-05
3098,1549.000000,1,7.263742e-05
3099,1549.500000,0,7.835466e-05
3100,1550.000000,0,9.279232e-05
3101,1550.500000,1,7.624827e-05
3102,1551.000000,1,6.634472e-05
3103,1551.500000,0,7.908893e-05
3104,1552.000000,1,7.363506e-05
3105,1552.500000,1,7.268577e-05
3106,1553.000000,0,9.574650e-05
3107,1553.500000,1,7.955358e-05
3108,1554.000000,0,9.331529e-05
3109,1554.500000,2,9.844775e-05
3110,1555.000000,2,9.834433e-05
3111,1555.500000,1,8.642040e-05
3112,1556.000000,1,9.713529e-05
3113,1556.500000,1,9.828519e-05
3114,1557.000000,1,8.501317e-05
3115,1557.500000,0,9.722115e-05
3116,1558.000000,1,9.330183e-05
3117,1558.500000,1,9.371681e-05
3118,1559.000000,1,9.300333e-05
3119,1559.500000,1,7.736847e-05
3120,1560.000000,0,9.141539e-05
3121,1560.500000,1,8.077791e-05
3122,1561.000000,1,7.497121e-05
3123,1561.500000,0,8.141257e-05
3124,1562.000000,0,9.293817e-05
3125,1562.500000,1,8.924728e-05
3126,1563.000000,2,9.996101e-05
3127,1563.500000,1,8.757582e-05
3128,1564.000000,1,8.135988e-05
3129,1564.500000,1,7.295292e-05
3130,1565.000000,0,8.011451e-05
3131,1565.500000,0,9.607022e-05
3132,1566.000000,1,8.413352e-05
3133,1566.500000,1,8.764899e-05
3134,1567.000000,1,8.413547e-05
3135,1567.500000,1,9.657787e-05
3136,1568.000000,1,7.316687e-05
3137,1568.500000,0,8.374857e-05
3138,1569.000000,1,8.703643e-05
3139,1569.500000,1,6.999811e-05
3140,1570.000000,0,7.365492e-05
3141,1570.500000,0,8.641208e-05
3142,1571.000000,1,8.132785e-05
3143,1571.500000,1,7.019444e-05
3144,1572.000000,0,7.444463e-05
3145,1572.500000,0,8.739793e-05
3146,1573.000000,1,8.269242e-05
3147,1573.500000,1,9.391485e-05
3148,1574.000000,1,9.807644e-05
3149,1574.500000,1,8.232188e-05
3150,1575.000000,0,8.961619e-05
3151,1575.500000,1,9.406923e-05
3152,1576.000000,1,8.076682e-05
3153,1576.500000,0,8.683632e-05
3154,1577.000000,1,8.548244e-05
3155,1577.500000,1,8.453515e-05
3156,1578.000000,0,9.282152e-05
3157,1578.500000,1,8.818944e-05
3158,1579.000000,2,9.982575e-05
3159,1579.500000,1,7.879789e-05
3160,1580.000000,0,9.368549e-05
3161,1580.500000,1,9.128713e-05
3162,1581.000000,1,9.597396e-05
3163,1581.500000,1,7.795669e-05
3164,1582.000000,0,8.047453e-05
3165,1582.500000,0,9.265684e-05
3166,1583.000000,1,8.192032e-05
3167,1583.500000,1,7.343943e-05
3168,1584.000000,0,7.790233e-05
3169,1584.500000,0,9.019142e-05
3170,1585.000000,1,8.510053e-05
3171,1585.500000,1,8.771242e-05
3172,1586.000000,1,7.820599e-05
3173,1586.500000,0,9.279988e-05
3174,1587.000000,1,7.511521e-05
3175,1587.500000,0,9.503459e-05
3176,1588.000000,1,7.810137e-05
3177,1588.500000,1,7.468123e-05
3178,1589.000000,0,8.086508e-05
3179,1589.500000,0,9.378632e-05
3180,1590.000000,1,9.670966e-05
3181,1590.500000,1,9.985181e-05
3182,1591.000000,1,8.240645e-05
3183,1591.500000,0,8.392623e-05
3184,1592.000000,0,9.297734e-05
3185,1592.500000,1,8.645451e-05
3186,1593.000000,1,8.249072e-05
3187,1593.500000,0,9.033509e-05
3188,1594.000000,1,9.384436e-05
3189,1594.500000,1,7.864049e-05
3190,1595.000000,0,8.879240e-05
3191,1595.500000,1,8.216704e-05
3192,1596.000000,1,7.570742e-05
3193,1596.500000,0,7.878522e-05
3194,1597.000000,0,8.827893e-05
3195,1597.500000,1,8.656412e-05
3196,1598.000000,1,9.132534e-05
3197,1598.500000,1,7.690947e-05
3198,1599.000000,0,7.747404e-05
3199,1599.500000,0,8.372045e-05
3200,1600.000000,0,9.355565e-05
3201,1600.500000,1,9.602321e-05
3202,1601.000000,1,8.584232e-05
3203,1601.500000,0,9.861402e-05
3204,1602.000000,1,7.772666e-05
3205,1602.500000,0,9.202920e-05
3206,1603.000000,1,8.356157e-05
3207,1603.500000,1,8.330780e-05
3208,1604.000000,0,8.849336e-05
3209,1604.500000,0,9.634846e-05
3210,1605.000000,1,9.415089e-05
3211,1605.500000,1,9.087982e-05
3212,1606.000000,1,8.382389e-05
3213,1606.500000,0,8.495546e-05
3214,1607.000000,0,9.076609e-05
3215,1607.500000,0,9.992768e-05
3216,1608.000000,1,8.797397e-05
3217,1608.500000,1,8.494051e-05
3218,1609.000000,0,9.473868e-05
3219,1609.500000,1,8.774202e-05
3220,1610.000000,1,8.980118e-05
3221,1610.500000,1,8.827112e-05
3222,1611.000000,1,9.768199e-05
3223,1611.500000,2,9.327911e-05
3224,1612.000000,1,8.290831e-05
3225,1612.500000,2,9.452028e-05
3226,1613.000000,2,7.987956e-05
3227,1613.500000,1,7.852033e-05
3228,1614.000000,0,9.331327e-05
3229,1614.500000,1,9.595750e-05
3230,1615.000000,1,8.069244e-05
3231,1615.500000,1,8.061479e-05
3232,1616.000000,1,7.921846e-05
3233,1616.500000,0,9.650604e-05
3234,1617.000000,1,8.604843e-05
3235,1617.500000,2,9.384235e-05
3236,1618.000000,1,8.070877e-05
3237,1618.500000,0,9.332427e-05
3238,1619.000000,1,9.138717e-05
3239,1619.500000,1,7.908425e-05
3240,1620.000000,0,9.722312e-05
3241,1620.500000,1,8.163923e-05
3242,1621.000000,2,9.537697e-05
3243,1621.500000,1,7.714345e-05
3244,1622.000000,0,8.991048e-05
3245,1622.500000,1,7.481502e-05
3246,1623.000000,1,7.522163e-05
3247,1623.500000,0,8.353511e-05
3248,1624.000000,0,9.566784e-05
3249,1624.500000,1,9.484072e-05
3250,1625.000000,1,8.888244e-05
3251,1625.500000,0,9.948005e-05
3252,1626.000000,1,9.841311e-05
3253,1626.500000,1,8.333268e-05
3254,1627.000000,0,8.729630e-05
3255,1627.500000,1,7.848452e-05
3256,1628.000000,3,9.986580e-05
3257,1628.500000,2,9.649120e-05
3258,1629.000000,1,8.062774e-05
3259,1629.500000,1,8.542163e-05
3260,1630.000000,1,7.355389e-05
3261,1630.500000,1,9.517811e-05
3262,1631.000000,1,8.535368e-05
3263,1631.500000,1,8.466601e-05
3264,1632.000000,1,7.658819e-05
3265,1632.500000,0,8.390276e-05
3266,1633.000000,0,9.981571e-05
3267,1633.500000,1,9.002686e-05
3268,1634.000000,1,8.497766e-05
3269,1634.500000,0,9.885661e-05
3270,1635.000000,1,9.432273e-05
3271,1635.500000,1,8.323724e-05
3272,1636.000000,0,8.827720e-05
3273,1636.500000,1,9.260260e-05
3274,1637.000000,1,8.834375e-05
3275,1637.500000,0,9.693042e-05
3276,1638.000000,1,8.974744e-05
3277,1638.500000,1,7.783289e-05
3278,1639.000000,0,8.550083e-05
3279,1639.500000,1,8.983013e-05
3280,1640.000000,1,8.096066e-05
3281,1640.500000,0,9.079075e-05
3282,1641.000000,1,8.054949e-05
3283,1641.500000,2,9.083457e-05
3284,1642.000000,1,8.660299e-05
3285,1642.500000,1,9.704171e-05
3286,1643.000000,1,8.094625e-05
3287,1643.500000,0,8.407853e-05
3288,1644.000000,0,9.532612e-05
3289,1644.500000,1,8.128780e-05
3290,1645.000000,2,9.408072e-05
3291,1645.500000,1,8.612505e-05
3292,1646.000000,1,9.437000e-05
3293,1646.500000,1,8.823569e-05
3294,1647.000000,0,9.561051e-05
3295,1647.500000,1,7.977587e-05
3296,1648.000000,0,9.401757e-05
3297,1648.500000,1,8.363265e-05
3298,1649.000000,1,8.028160e-05
3299,1649.500000,0,9.385044e-05
3300,1650.000000,1,9.446847e-05
3301,1650.500000,1,8.066846e-05
3302,1651.000000,0,8.878268e-05
3303,1651.500000,1,8.467745e-05
3304,1652.000000,1,7.328179e-05
3305,1652.500000,0,7.401178e-05
3306,1653.000000,0,8.214908e-05
3307,1653.500000,0,9.452690e-05
3308,1654.000000,1,8.532735e-05
3309,1654.500000,1,9.879274e-05
3310,1655.000000,1,8.758222e-05
3311,1655.500000,0,9.935426e-05
3312,1656.000000,1,7.505018e-05
3313,1656.500000,0,8.762750e-05
3314,1657.000000,1,8.539237e-05
3315,1657.500000,1,8.568760e-05
3316,1658.000000,0,9.680160e-05
3317,1658.500000,1,7.933719e-05
3318,1659.000000,1,9.074167e-05
3319,1659.500000,1,6.916542e-05
3320,1660.000000,0,9.467016e-05
3321,1660.500000,3,9.831590e-05
3322,1661.000000,1,6.611061e-05
3323,1661.500000,0,8.310483e-05
3324,1662.000000,1,7.140402e-05
3325,1662.500000,1,7.012827e-05
3326,1663.000000,0,8.231334e-05
3327,1663.500000,1,8.534498e-05
3328,1664.000000,1,8.206962e-05
3329,1664.500000,0,9.513366e-05
3330,1665.000000,1,8.055209e-05
3331,1665.500000,1,8.307017e-05
3332,1666.000000,0,9.179324e-05
3333,1666.500000,1,8.489220e-05
3334,1667.000000,0,9.670190e-05
3335,1667.500000,1,8.003768e-05
3336,1668.000000,0,9.094190e-05
3337,1668.500000,1,9.105335e-05
3338,1669.000000,1,9.323988e-05
3339,1669.500000,1,8.267497e-05
3340,1670.000000,0,9.203810e-05
3341,1670.500000,1,9.136098e-05
3342,1671.000000,1,8.157909e-05
3343,1671.500000,0,9.045767e-05
3344,1672.000000,1,7.280744e-05
3345,1672.500000,0,8.671923e-05
3346,1673.000000,1,8.005707e-05
3347,1673.500000,1,7.270661e-05
3348,1674.000000,0,7.980917e-05
3349,1674.500000,0,9.360253e-05
3350,1675.000000,1,8.525481e-05
3351,1675.500000,0,9.502898e-05
3352,1676.000000,1,8.665652e-05
3353,1676.500000,1,8.235658e-05
3354,1677.000000,0,8.475228e-05
3355,1677.500000,0,9.105463e-05
3356,1678.000000,1,9.130466e-05
3357,1678.500000,1,7.805916e-05
3358,1679.000000,0,7.697778e-05
3359,1679.500000,0,8.393675e-05
3360,1680.000000,0,9.538983e-05
3361,1680.500000,1,8.880737e-05
3362,1681.000000,1,9.638492e-05
3363,1681.500000,1,8.801018e-05
3364,1682.000000,0,9.938986e-05
3365,1682.500000,1,8.175220e-05
3366,1683.000000,0,9.981219e-05
3367,1683.500000,1,9.336783e-05
3368,1684.000000,1,8.112048e-05
3369,1684.500000,0,9.249849e-05
3370,1685.000000,1,8.511104e-05
3371,1685.500000,1,8.718500e-05
3372,1686.000000,0,9.884906e-05
3373,1686.500000,1,8.191608e-05
3374,1687.000000,0,9.240823e-05
3375,1687.500000,1,7.500164e-05
3376,1688.000000,0,9.202103e-05
3377,1688.500000,1,8.209437e-05
3378,1689.000000,1,6.832831e-05
3379,1689.500000,0,6.978459e-05
3380,1690.000000,0,7.840065e-05
3381,1690.500000,0,9.077708e-05
3382,1691.000000,1,8.292044e-05
3383,1691.500000,1,8.030704e-05
3384,1692.000000,0,9.729878e-05
3385,1692.500000,1,9.028230e-05
3386,1693.000000,1,8.621664e-05
3387,1693.500000,0,9.697479e-05
3388,1694.000000,1,8.588158e-05
3389,1694.500000,1,8.505535e-05
3390,1695.000000,0,9.232597e-05
3391,1695.500000,1,9.893321e-05
3392,1696.000000,1,9.264109e-05
3393,1696.500000,1,8.710982e-05
3394,1697.000000,0,8.886604e-05
3395,1697.500000,0,9.503097e-05
3396,1698.000000,1,9.180025e-05
3397,1698.500000,1,7.941315e-05
3398,1699.000000,0,7.956747e-05
3399,1699.500000,0,8.698433e-05
3400,1700.000000,0,9.832822e-05
3401,1700.500000,1,9.207540e-05
3402,1701.000000,1,9.544116e-05
3403,1701.500000,1,7.726738e-05
3404,1702.000000,0,7.685415e-05
3405,1702.500000,0,8.713184e-05
3406,1703.000000,1,7.705400e-05
3407,1703.500000,2,8.624280e-05
3408,1704.000000,1,7.055103e-05
3409,1704.500000,0,8.326114e-05
3410,1705.000000,1,8.682898e-05
3411,1705.500000,1,8.420081e-05
3412,1706.000000,1,7.914608e-05
3413,1706.500000,0,8.687150e-05
3414,1707.000000,1,8.545098e-05
3415,1707.500000,1,7.437841e-05
3416,1708.000000,0,8.347400e-05
3417,1708.500000,0,9.847267e-05
3418,1709.000000,1,8.858871e-05
3419,1709.500000,1,8.675997e-05
3420,1710.000000,1,7.613324e-05
3421,1710.500000,0,8.846222e-05
3422,1711.000000,1,8.224457e-05
3423,1711.500000,2,9.600445e-05
3424,1712.000000,1,8.592708e-05
3425,1712.500000,0,9.281939e-05
3426,1713.000000,1,9.472427e-05
3427,1713.500000,1,7.583408e-05
3428,1714.000000,0,8.257713e-05
3429,1714.500000,0,9.496376e-05
3430,1715.000000,1,9.542462e-05
3431,1715.500000,1,9.908172e-05
3432,1716.000000,1,8.339967e-05
3433,1716.500000,0,9.366799e-05
3434,1717.000000,1,7.526707e-05
3435,1717.500000,0,9.841536e-05
3436,1718.000000,1,9.622034e-05
3437,1718.500000,2,9.127278e-05
3438,1719.000000,1,8.547342e-05
3439,1719.500000,1,8.363450e-05
3440,1720.000000,1,8.159713e-05
3441,1720.500000,0,9.177394e-05
3442,1721.000000,1,6.976306e-05
3443,1721.500000,0,6.896837e-05
3444,1722.000000,0,8.048258e-05
3445,1722.500000,0,9.768389e-05
3446,1723.000000,1,9.276922e-05
3447,1723.500000,1,7.989018e-05
3448,1724.000000,1,9.368798e-05
3449,1724.500000,2,9.993027e-05
3450,1725.000000,1,8.950909e-05
3451,1725.500000,1,8.963402e-05
3452,1726.000000,1,7.579673e-05
3453,1726.500000,0,8.250337e-05
3454,1727.000000,0,9.809347e-05
3455,1727.500000,1,9.568991e-05
3456,1728.000000,1,9.108782e-05
3457,1728.500000,0,9.753966e-05
3458,1729.000000,1,8.885755e-05
3459,1729.500000,1,8.782852e-05
3460,1730.000000,0,9.571611e-05
3461,1730.500000,1,8.725115e-05
3462,1731.000000,1,7.795939e-05
3463,1731.500000,0,9.223023e-05
3464,1732.000000,1,7.297152e-05
3465,1732.500000,0,8.035996e-05
3466,1733.000000,1,9.904311e-05
3467,1733.500000,1,8.746227e-05
3468,1734.000000,0,9.208358e-05
3469,1734.500000,1,8.826817e-05
3470,1735.000000,1,8.222625e-05
3471,1735.500000,1,9.421464e-05
3472,1736.000000,1,8.768424e-05
3473,1736.500000,0,9.125182e-05
3474,1737.000000,0,9.872067e-05
3475,1737.500000,1,8.918215e-05
3476,1738.000000,1,7.445585e-05
3477,1738.500000,0,9.299753e-05
3478,1739.000000,1,8.272698e-05
3479,1739.500000,2,9.617914e-05
3480,1740.000000,1,7.602026e-05
3481,1740.500000,0,8.555688e-05
3482,1741.000000,1,8.278619e-05
3483,1741.500000,1,7.314010e-05
3484,1742.000000,0,7.850389e-05
3485,1742.500000,0,9.184594e-05
3486,1743.000000,1,9.999778e-05
3487,1743.500000,1,8.301393e-05
3488,1744.000000,0,9.313728e-05
3489,1744.500000,1,9.066855e-05
3490,1745.000000,2,9.891606e-05
3491,1745.500000,1,7.489940e-05
3492,1746.000000,0,8.020263e-05
3493,1746.500000,0,9.386541e-05
3494,1747.000000,1,7.800262e-05
3495,1747.500000,2,9.944781e-05
3496,1748.000000,2,9.428845e-05
3497,1748.500000,2,9.231895e-05
3498,1749.000000,1,8.722854e-05
3499,1749.500000,1,8.022117e-05
3500,1750.000000,0,9.080654e-05
3501,1750.500000,1,9.760941e-05
3502,1751.000000,1,8.713989e-05
3503,1751.500000,0,9.204502e-05
3504,1752.000000,1,8.406495e-05
3505,1752.500000,0,9.796797e-05
3506,1753.000000,1,8.756320e-05
3507,1753.500000,1,8.254424e-05
3508,1754.000000,0,9.166953e-05
3509,1754.500000,1,8.731538e-05
3510,1755.000000,1,8.088900e-05
3511,1755.500000,0,9.248865e-05
3512,1756.000000,1,9.889187e-05
3513,1756.500000,1,8.063976e-05
3514,1757.000000,0,8.883068e-05
3515,1757.500000,1,9.233131e-05
3516,1758.000000,1,9.844808e-05
3517,1758.500000,1,8.728089e-05
3518,1759.000000,0,9.727318e-05
3519,1759.500000,1,7.613060e-05
3520,1760.000000,0,8.441179e-05
3521,1760.500000,1,8.224547e-05
3522,1761.000000,2,9.206111e-05
3523,1761.500000,1,6.824093e-05
3524,1762.000000,0,7.980513e-05
3525,1762.500000,0,9.698480e-05
3526,1763.000000,1,8.144863e-05
3527,1763.500000,1,7.096522e-05
3528,1764.000000,0,8.581502e-05
3529,1764.500000,1,7.956004e-05
3530,1765.000000,1,7.561227e-05
3531,1765.500000,0,9.121732e-05
3532,1766.000000,1,8.102462e-05
3533,1766.500000,0,9.780488e-05
3534,1767.000000,2,9.447930e-05
3535,1767.500000,2,9.537851e-05
3536,1768.000000,1,8.093716e-05
3537,1768.500000,1,7.860756e-05
3538,1769.000000,0,9.635045e-05
3539,1769.500000,1,8.586599e-05
3540,1770.000000,0,9.696131e-05
3541,1770.500000,1,9.747418e-05
3542,1771.000000,1,8.162817e-05
3543,1771.500000,0,8.988868e-05
3544,1772.000000,1,8.508651e-05
3545,1772.500000,1,9.304367e-05
3546,1773.000000,1,8.251571e-05
3547,1773.500000,0,9.322279e-05
3548,1774.000000,1,7.126779e-05
3549,1774.500000,0,8.136107e-05
3550,1775.000000,1,7.870116e-05
3551,1775.500000,2,8.569237e-05
3552,1776.000000,1,6.382421e-05
3553,1776.500000,0,7.416778e-05
3554,1777.000000,0,8.954313e-05
3555,1777.500000,1,8.289168e-05
3556,1778.000000,2,9.258521e-05
3557,1778.500000,2,9.226332e-05
3558,1779.000000,2,9.357704e-05
3559,1779.500000,2,9.923370e-05
3560,1780.000000,2,9.909782e-05
3561,1780.500000,1,9.700331e-05
3562,1781.000000,1,8.946983e-05
3563,1781.500000,1,9.314076e-05
3564,1782.000000,1,8.913297e-05
3565,1782.500000,1,9.070563e-05
3566,1783.000000,1,8.569092e-05
3567,1783.500000,0,9.119801e-05
3568,1784.000000,1,8.922914e-05
3569,1784.500000,1,7.525780e-05
3570,1785.000000,0,7.644019e-05
3571,1785.500000,0,8.682668e-05
3572,1786.000000,1,9.181330e-05
3573,1786.500000,1,9.539972e-05
3574,1787.000000,1,7.876321e-05
3575,1787.500000,0,7.820556e-05
3576,1788.000000,0,8.430747e-05
3577,1788.500000,0,9.501346e-05
3578,1789.000000,1,8.069362e-05
3579,1789.500000,1,7.982865e-05
3580,1790.000000,0,9.134123e-05
3581,1790.500000,1,9.236127e-05
3582,1791.000000,1,7.956234e-05
3583,1791.500000,0,8.611842e-05
3584,1792.000000,1,7.790320e-05
3585,1792.500000,2,9.594201e-05
3586,1793.000000,1,8.089216e-05
3587,1793.500000,0,9.457799e-05
3588,1794.000000,1,8.670635e-05
3589,1794.500000,1,8.140964e-05
3590,1795.000000,1,9.511264e-05
3591,1795.500000,1,7.201677e-05
3592,1796.000000,0,8.304119e-05
3593,1796.500000,1,7.814343e-05
3594,1797.000000,1,7.326054e-05
3595,1797.500000,0,8.477012e-05
3596,1798.000000,2,9.841676e-05
3597,1798.500000,2,9.556055e-05
3598,1799.000000,1,8.573986e-05
3599,1799.500000,1,8.420144e-05
3600,1800.000000,1,8.162481e-05
3601,1800.500000,0,8.796948e-05
3602,1801.000000,0,9.780647e-05
3603,1801.500000,1,9.129473e-05
3604,1802.000000,1,7.758677e-05
3605,1802.500000,0,7.569389e-05
3606,1803.000000,0,8.199696e-05
3607,1803.500000,0,9.325073e-05
3608,1804.000000,1,8.147641e-05
3609,1804.500000,1,9.619835e-05
3610,1805.000000,1,8.403249e-05
3611,1805.500000,0,9.575463e-05
3612,1806.000000,1,6.918064e-05
3613,1806.500000,0,8.446529e-05
3614,1807.000000,1,9.167645e-05
3615,1807.500000,1,9.337069e-05
3616,1808.000000,1,7.180871e-05
3617,1808.500000,0,7.317599e-05
3618,1809.000000,0,8.536528e-05
3619,1809.500000,1,7.556520e-05
3620,1810.000000,2,7.396138e-05
3621,1810.500000,1,7.502222e-05
3622,1811.000000,0,8.491280e-05
3623,1811.500000,0,9.720128e-05
3624,1812.000000,1,8.281554e-05
3625,1812.500000,1,8.714734e-05
3626,1813.000000,1,7.342468e-05
3627,1813.500000,0,8.125184e-05
3628,1814.000000,0,9.677849e-05
3629,1814.500000,1,9.640441e-05
3630,1815.000000,1,8.399463e-05
3631,1815.500000,0,9.516026e-05
3632,1816.000000,1,9.544529e-05
3633,1816.500000,1,8.526681e-05
3634,1817.000000,0,9.071337e-05
3635,1817.500000,1,8.678618e-05
3636,1818.000000,1,8.353336e-05
3637,1818.500000,0,9.052149e-05
3638,1819.000000,1,9.942334e-05
3639,1819.500000,1,9.745655e-05
3640,1820.000000,1,8.873724e-05
3641,1820.500000,0,9.672817e-05
3642,1821.000000,1,7.613390e-05
3643,1821.500000,0,8.342014e-05
3644,1822.000000,1,7.702939e-05
3645,1822.500000,2,8.722622e-05
3646,1823.000000,1,6.213044e-05
3647,1823.500000,0,7.106781e-05
3648,1824.000000,0,8.545144e-05
3649,1824.500000,0,9.984814e-05
3650,1825.000000,1,9.505243e-05
3651,1825.500000,1,8.328840e-05
3652,1826.000000,0,9.963052e-05
3653,1826.500000,1,8.538130e-05
3654,1827.000000,1,7.297961e-05
3655,1827.500000,0,7.605784e-05
3656,1828.000000,0,8.839121e-05
3657,1828.500000,1,7.779291e-05
3658,1829.000000,2,8.917811e-05
3659,1829.500000,1,7.756436e-05
3660,1830.000000,0,9.095406e-05
3661,1830.500000,1,9.474627e-05
3662,1831.000000,1,8.930411e-05
3663,1831.500000,1,8.721178e-05
3664,1832.000000,0,9.692162e-05
3665,1832.500000,1,8.418343e-05
3666,1833.000000,0,9.384514e-05
3667,1833.500000,1,9.111900e-05
3668,1834.000000,1,8.079912e-05
3669,1834.500000,0,8.744019e-05
3670,1835.000000,1,9.439593e-05
3671,1835.500000,1,9.334340e-05
3672,1836.000000,1,8.279568e-05
3673,1836.500000,0,8.459608e-05
3674,1837.000000,0,9.165407e-05
3675,1837.500000,1,8.639275e-05
3676,1838.000000,1,7.432306e-05
3677,1838.500000,0,7.967490e-05
3678,1839.000000,0,9.406888e-05
3679,1839.500000,1,8.170621e-05
3680,1840.000000,3,9.470794e-05
3681,1840.500000,1,6.850254e-05
3682,1841.000000,0,9.153602e-05
3683,1841.500000,2,9.919958e-05
3684,1842.000000,1,9.240063e-05
3685,1842.500000,1,8.035569e-05
3686,1843.000000,2,9.444738e-05
3687,1843.500000,1,7.644782e-05
3688,1844.000000,0,9.090616e-05
3689,1844.500000,1,8.112856e-05
3690,1845.000000,1,8.005346e-05
3691,1845.500000,0,9.279901e-05
3692,1846.000000,1,9.425843e-05
3693,1846.500000,1,7.452392e-05
3694,1847.000000,0,7.588377e-05
3695,1847.500000,0,8.968756e-05
3696,1848.000000,1,9.778641e-05
3697,1848.500000,1,8.383109e-05
3698,1849.000000,0,9.948205e-05
3699,1849.500000,1,8.866661e-05
3700,1850.000000,1,7.587196e-05
3701,1850.500000,0,7.908570e-05
3702,1851.000000,0,9.163719e-05
3703,1851.500000,1,9.777417e-05
3704,1852.000000,1,9.375311e-05
3705,1852.500000,1,7.796107e-05
3706,1853.000000,0,8.157432e-05
3707,1853.500000,0,9.515051e-05
3708,1854.000000,1,9.147970e-05
3709,1854.500000,1,8.180992e-05
3710,1855.000000,0,8.742641e-05
3711,1855.500000,0,9.964322e-05
3712,1856.000000,1,8.155584e-05
3713,1856.500000,0,9.755854e-05
3714,1857.000000,1,7.928780e-05
3715,1857.500000,1,7.385173e-05
3716,1858.000000,0,7.961060e-05
3717,1858.500000,0,9.111753e-05
3718,1859.000000,1,8.214059e-05
3719,1859.500000,1,8.396674e-05
3720,1860.000000,0,9.533785e-05
3721,1860.500000,1,8.355599e-05
3722,1861.000000,1,9.558363e-05
3723,1861.500000,1,7.614250e-05
3724,1862.000000,0,9.092918e-05
3725,1862.500000,1,8.264459e-05
3726,1863.000000,1,6.926433e-05
3727,1863.500000,0,7.507216e-05
3728,1864.000000,0,8.932424e-05
3729,1864.500000,1,7.879548e-05
3730,1865.000000,2,9.882463e-05
3731,1865.500000,1,8.101113e-05
3732,1866.000000,1,7.913125e-05
3733,1866.500000,1,7.688944e-05
3734,1867.000000,0,8.792411e-05
3735,1867.500000,1,7.795457e-05
3736,1868.000000,1,8.895027e-05
3737,1868.500000,0,9.748589e-05
3738,1869.000000,1,7.871726e-05
3739,1869.500000,1,7.016509e-05
3740,1870.000000,0,9.513206e-05
3741,1870.500000,1,7.015178e-05
3742,1871.000000,0,8.087758e-05
3743,1871.500000,3,9.885454e-05
3744,1872.000000,1,6.757665e-05
3745,1872.500000,0,8.703465e-05
3746,1873.000000,1,9.420777e-05
3747,1873.500000,1,8.301875e-05
3748,1874.000000,0,9.093928e-05
3749,1874.500000,1,8.763385e-05
3750,1875.000000,1,9.885587e-05
3751,1875.500000,1,8.051786e-05
3752,1876.000000,1,9.892794e-05
3753,1876.500000,2,9.870858e-05
3754,1877.000000,1,8.521467e-05
3755,1877.500000,1,8.891857e-05
3756,1878.000000,1,8.210238e-05
3757,1878.500000,0,8.794499e-05
3758,1879.000000,1,8.114691e-05
3759,1879.500000,0,9.250720e-05
3760,1880.000000,2,9.903164e-05
3761,1880.500000,2,7.669306e-05
3762,1881.000000,1,8.183827e-05
3763,1881.500000,0,9.379707e-05
3764,1882.000000,1,9.913697e-05
3765,1882.500000,1,8.697150e-05
3766,1883.000000,1,9.381212e-05
3767,1883.500000,1,8.759226e-05
3768,1884.000000,1,8.219930e-05
3769,1884.500000,0,9.525590e-05
3770,1885.000000,1,7.288119e-05
3771,1885.500000,0,8.530471e-05
3772,1886.000000,1,8.627826e-05
3773,1886.500000,1,8.797984e-05
3774,1887.000000,1,7.674704e-05
3775,1887.500000,0,7.849001e-05
3776,1888.000000,0,8.524378e-05
3777,1888.500000,0,9.524397e-05
3778,1889.000000,1,8.478771e-05
3779,1889.500000,1,7.814504e-05
3780,1890.000000,0,8.596124e-05
3781,1890.500000,1,7.343026e-05
3782,1891.000000,0,8.708308e-05
3783,1891.500000,1,9.375980e-05
3784,1892.000000,1,7.982778e-05
3785,1892.500000,2,9.443419e-05
3786,1893.000000,1,8.105933e-05
3787,1893.500000,0,8.943427e-05
3788,1894.000000,1,8.359675e-05
3789,1894.500000,1,9.718209e-05
3790,1895.000000,1,7.964476e-05
3791,1895.500000,0,9.432777e-05
3792,1896.000000,1,7.746150e-05
3793,1896.500000,1,8.381998e-05
3794,1897.000000,0,9.412826e-05
3795,1897.500000,1,8.173418e-05
3796,1898.000000,0,8.365103e-05
3797,1898.500000,0,9.341920e-05
3798,1899.000000,1,7.839136e-05
3799,1899.500000,2,9.579953e-05
3800,1900.000000,1,8.575137e-05
3801,1900.500000,1,8.836336e-05
3802,1901.000000,1,7.479703e-05
3803,1901.500000,0,9.845771e-05
3804,1902.000000,1,7.837800e-05
3805,1902.500000,1,8.870977e-05
3806,1903.000000,1,8.498994e-05
3807,1903.500000,1,9.097418e-05
3808,1904.000000,0,9.623733e-05
3809,1904.500000,1,9.311304e-05
3810,1905.000000,1,7.924870e-05
3811,1905.500000,0,9.456581e-05
3812,1906.000000,1,7.476757e-05
3813,1906.500000,0,8.716712e-05
3814,1907.000000,2,9.827430e-05
3815,1907.500000,2,9.521851e-05
3816,1908.000000,2,9.811717e-05
3817,1908.500000,1,9.237157e-05
3818,1909.000000,1,7.856153e-05
3819,1909.500000,2,9.932203e-05
3820,1910.000000,1,8.262943e-05
3821,1910.500000,0,9.213297e-05
3822,1911.000000,1,8.255745e-05
3823,1911.500000,1,7.180096e-05
3824,1912.000000,0,7.816369e-05
3825,1912.500000,0,9.441904e-05
3826,1913.000000,1,8.952260e-05
3827,1913.500000,1,7.750857e-05
3828,1914.000000,0,8.514578e-05
3829,1914.500000,0,9.649200e-05
3830,1915.000000,1,8.192886e-05
3831,1915.500000,0,8.993346e-05
3832,1916.000000,1,8.306476e-05
3833,1916.500000,2,9.004959e-05
3834,1917.000000,1,6.870968e-05
3835,1917.500000,0,7.774520e-05
3836,1918.000000,0,9.254487e-05
3837,1918.500000,1,9.622895e-05
3838,1919.000000,1,8.720733e-05
3839,1919.500000,1,8.233755e-05
3840,1920.000000,0,8.907008e-05
3841,1920.500000,2,9.477330e-05
3842,1921.000000,1,8.033132e-05
3843,1921.500000,0,9.903306e-05
3844,1922.000000,2,9.636351e-05
3845,1922.500000,2,8.700934e-05
3846,1923.000000,1,9.307022e-05
3847,1923.500000,1,9.549441e-05
3848,1924.000000,1,8.313712e-05
3849,1924.500000,1,8.932125e-05
3850,1925.000000,1,9.307040e-05
3851,1925.500000,1,8.497621e-05
3852,1926.000000,0,8.636137e-05
3853,1926.500000,0,9.185937e-05
3854,1927.000000,1,8.980582e-05
3855,1927.500000,1,7.982994e-05
3856,1928.000000,0,8.334637e-05
3857,1928.500000,0,9.487319e-05
3858,1929.000000,1,8.685278e-05
3859,1929.500000,1,9.321557e-05
3860,1930.000000,1,7.647993e-05
3861,1930.500000,0,7.980292e-05
3862,1931.000000,0,9.383006e-05
3863,1931.500000,1,7.687227e-05
3864,1932.000000,2,8.763478e-05
3865,1932.500000,1,6.562789e-05
3866,1933.000000,0,7.674474e-05
3867,1933.500000,0,9.298411e-05
3868,1934.000000,1,8.444148e-05
3869,1934.500000,1,7.324706e-05
3870,1935.000000,1,7.348547e-05
3871,1935.500000,0,8.335958e-05
3872,1936.000000,0,9.904235e-05
3873,1936.500000,1,8.421852e-05
3874,1937.000000,2,9.009508e-05
3875,1937.500000,1,6.846230e-05
3876,1938.000000,0,8.248945e-05
3877,1938.500000,1,8.750517e-05
3878,1939.000000,1,8.230583e-05
3879,1939.500000,0,9.672347e-05
3880,1940.000000,1,9.126015e-05
3881,1940.500000,1,7.410584e-05
3882,1941.000000,0,8.319299e-05
3883,1941.500000,1,8.528378e-05
3884,1942.000000,1,7.220191e-05
3885,1942.500000,0,9.312066e-05
3886,1943.000000,1,7.589595e-05
3887,1943.500000,2,9.333949e-05
3888,1944.000000,1,7.423077e-05
3889,1944.500000,0,9.051445e-05
3890,1945.000000,1,7.815442e-05
3891,1945.500000,2,9.801127e-05
3892,1946.000000,1,8.062417e-05
3893,1946.500000,0,9.645059e-05
3894,1947.000000,1,8.980865e-05
3895,1947.500000,1,8.241307e-05
3896,1948.000000,1,9.952901e-05
3897,1948.500000,1,9.276724e-05
3898,1949.000000,0,9.813934e-05
3899,1949.500000,1,8.662622e-05
3900,1950.000000,0,9.537317e-05
3901,1950.500000,1,8.329474e-05
3902,1951.000000,2,9.621671e-05
3903,1951.500000,1,8.333296e-05
3904,1952.000000,1,8.386480e-05
3905,1952.500000,1,7.320985e-05
3906,1953.000000,0,9.899431e-05
3907,1953.500000,1,9.401495e-05
3908,1954.000000,1,9.091670e-05
3909,1954.500000,1,8.193907e-05
3910,1955.000000,0,8.738369e-05
3911,1955.500000,1,8.367900e-05
3912,1956.000000,1,9.565634e-05
3913,1956.500000,1,6.781971e-05
3914,1957.000000,0,8.545475e-05
3915,1957.500000,1,8.320731e-05
3916,1958.000000,2,9.907383e-05
3917,1958.500000,2,9.553354e-05
3918,1959.000000,2,9.758132e-05
3919,1959.500000,1,9.039452e-05
3920,1960.000000,1,9.535741e-05
3921,1960.500000,1,7.845578e-05
3922,1961.000000,1,9.889610e-05
3923,1961.500000,1,8.482641e-05
3924,1962.000000,1,7.407738e-05
3925,1962.500000,0,9.075423e-05
3926,1963.000000,1,9.687428e-05
3927,1963.500000,1,8.942486e-05
3928,1964.000000,1,8.730621e-05
3929,1964.500000,0,9.886888e-05
3930,1965.000000,1,9.880994e-05
3931,1965.500000,1,7.928454e-05
3932,1966.000000,0,7.889785e-05
3933,1966.500000,0,8.864339e-05
3934,1967.000000,1,9.548169e-05
3935,1967.500000,1,8.984596e-05
3936,1968.000000,0,9.864091e-05
3937,1968.500000,1,8.826567e-05
3938,1969.000000,1,9.251899e-05
3939,1969.500000,1,6.763340e-05
3940,1970.000000,0,8.465671e-05
3941,1970.500000,1,7.245185e-05
3942,1971.000000,2,8.945930e-05
3943,1971.500000,1,7.669692e-05
3944,1972.000000,0,9.712372e-05
3945,1972.500000,2,9.602844e-05
3946,1973.000000,1,9.287266e-05
3947,1973.500000,2,9.402543e-05
3948,1974.000000,2,9.489876e-05
3949,1974.500000,1,9.351371e-05
3950,1975.000000,1,9.536836e-05
3951,1975.500000,1,8.573045e-05
3952,1976.000000,1,8.350372e-05
3953,1976.500000,1,9.051443e-05
3954,1977.000000,1,9.237386e-05
3955,1977.500000,0,9.800847e-05
3956,1978.000000,1,8.016443e-05
3957,1978.500000,1,7.289148e-05
3958,1979.000000,0,8.111376e-05
3959,1979.500000,0,9.510826e-05
3960,1980.000000,1,9.590337e-05
3961,1980.500000,1,9.388246e-05
3962,1981.000000,1,8.306671e-05
3963,1981.500000,0,8.934822e-05
3964,1982.000000,1,9.624848e-05
3965,1982.500000,1,7.082573e-05
3966,1983.000000,0,9.089261e-05
3967,1983.500000,1,7.201970e-05
3968,1984.000000,0,8.030518e-05
3969,1984.500000,1,6.782294e-05
3970,1985.000000,0,9.876614e-05
3971,1985.500000,3,9.433274e-05
3972,1986.000000,2,9.016370e-05
3973,1986.500000,1,9.177159e-05
3974,1987.000000,1,9.108670e-05
3975,1987.500000,1,8.306853e-05
3976,1988.000000,1,9.980906e-05
3977,1988.500000,1,8.398822e-05
3978,1989.000000,1,9.804899e-05
3979,1989.500000,1,8.617752e-05
3980,1990.000000,1,9.504113e-05
3981,1990.500000,1,7.887750e-05
3982,1991.000000,0,8.791273e-05
3983,1991.500000,1,9.668248e-05
3984,1992.000000,1,8.303126e-05
3985,1992.500000,0,8.541134e-05
3986,1993.000000,0,9.574220e-05
3987,1993.500000,1,9.609000e-05
3988,1994.000000,1,9.777742e-05
3989,1994.500000,1,9.106627e-05
3990,1995.000000,0,9.150013e-05
3991,1995.500000,0,9.619417e-05
3992,1996.000000,1,9.718837e-05
3993,1996.500000,1,8.211457e-05
3994,1997.000000,0,8.376553e-05
3995,1997.500000,0,9.628544e-05
3996,1998.000000,1,8.142759e-05
3997,1998.500000,1,8.023272e-05
3998,1999.000000,0,9.459454e-05
3999,1999.500000,1,8.712885e-05
4000,2000.000000,2,9.910370e-05
