timestep,t,sor_iters,residual
1,0.050000,1,9.211568e-06
2,1.000000,1,9.677454e-05
3,1.500000,5,9.507008e-05
4,2.000000,7,9.764361e-05
5,2.500000,9,9.763963e-05
6,3.000000,9,9.910101e-05
7,3.500000,9,9.923875e-05
8,4.000000,8,9.854012e-05
9,4.500000,6,9.963038e-05
10,5.000000,7,9.833436e-05
11,5.500000,5,9.875832e-05
12,6.000000,4,9.962587e-05
13,6.500000,4,9.729965e-05
14,7.000000,3,9.752356e-05
15,7.500000,3,9.758229e-05
16,8.000000,3,9.720623e-05
17,8.500000,3,9.750860e-05
18,9.000000,3,9.919964e-05
19,9.500000,4,9.589679e-05
20,10.000000,4,9.499567e-05
21,10.500000,4,9.582799e-05
22,11.000000,4,9.777191e-05
23,11.500000,5,9.300588e-05
24,12.000000,4,9.412918e-05
25,12.500000,4,9.742160e-05
26,13.000000,5,9.224771e-05
27,13.500000,5,8.863544e-05
28,14.000000,5,8.787439e-05
29,14.500000,5,8.836141e-05
30,15.000000,5,8.894552e-05
31,15.500000,5,8.889924e-05
32,16.000000,5,8.747401e-05
33,16.500000,5,8.467116e-05
34,17.000000,4,9.549673e-05
35,17.500000,4,9.965169e-05
36,18.000000,5,8.895729e-05
37,18.500000,4,9.875144e-05
38,19.000000,4,9.973424e-05
39,19.500000,5,8.534769e-05
40,20.000000,4,8.833305e-05
41,20.500000,4,8.158396e-05
42,21.000000,3,9.707748e-05
43,21.500000,3,9.883664e-05
44,22.000000,4,9.123253e-05
45,22.500000,4,9.252935e-05
46,23.000000,4,9.133165e-05
47,23.500000,4,8.923797e-05
48,24.000000,3,9.891052e-05
49,24.500000,3,9.998511e-05
50,25.000000,4,8.689971e-05
51,25.500000,3,9.441249e-05
52,26.000000,3,9.636113e-05
53,26.500000,4,9.000934e-05
54,27.000000,4,8.818929e-05
55,27.500000,4,8.567679e-05
56,28.000000,4,8.472495e-05
57,28.500000,3,9.872088e-05
58,29.000000,4,9.285591e-05
59,29.500000,4,9.863466e-05
60,30.000000,5,8.938690e-05
61,30.500000,5,8.751996e-05
62,31.000000,5,8.585408e-05
63,31.500000,5,8.551107e-05
64,32.000000,5,8.490356e-05
65,32.500000,4,9.894061e-05
66,33.000000,5,8.866542e-05
67,33.500000,5,8.564367e-05
68,34.000000,4,9.457920e-05
69,34.500000,4,9.713042e-05
70,35.000000,5,8.621700e-05
71,35.500000,4,9.480237e-05
72,36.000000,4,9.520760e-05
73,36.500000,4,9.731250e-05
74,37.000000,4,9.491869e-05
75,37.500000,4,9.196862e-05
76,38.000000,4,8.882331e-05
77,38.500000,4,8.592735e-05
78,39.000000,3,9.527501e-05
79,39.500000,4,8.853748e-05
80,40.000000,4,8.970841e-05
81,40.500000,3,9.967494e-05
82,41.000000,4,9.243720e-05
83,41.500000,4,9.176265e-05
84,42.000000,3,9.899528e-05
85,42.500000,4,8.932734e-05
86,43.000000,4,8.765660e-05
87,43.500000,3,9.614349e-05
88,44.000000,4,8.885891e-05
89,44.500000,4,8.747345e-05
90,45.000000,3,9.743697e-05
91,45.500000,4,9.111674e-05
92,46.000000,4,9.013563e-05
93,46.500000,4,8.821521e-05
94,47.000000,4,8.756285e-05
95,47.500000,4,8.789292e-05
96,48.000000,4,8.892636e-05
97,48.500000,4,8.899731e-05
98,49.000000,4,8.938378e-05
99,49.500000,4,9.055706e-05
100,50.000000,4,9.219935e-05
101,50.500000,4,9.575407e-05
102,51.000000,4,9.872327e-05
103,51.500000,5,8.641707e-05
104,52.000000,4,9.248374e-05
105,52.500000,4,9.069545e-05
106,53.000000,4,9.146079e-05
107,53.500000,4,9.317531e-05
108,54.000000,4,9.560913e-05
109,54.500000,4,9.786268e-05
110,55.000000,4,9.989856e-05
111,55.500000,5,8.685453e-05
112,56.000000,4,9.203329e-05
113,56.500000,4,9.019978e-05
114,57.000000,4,8.915272e-05
115,57.500000,4,8.744771e-05
116,58.000000,4,8.722111e-05
117,58.500000,3,9.976064e-05
118,59.000000,4,9.371481e-05
119,59.500000,4,9.163137e-05
120,60.000000,4,8.899822e-05
121,60.500000,3,9.690027e-05
122,61.000000,4,9.200033e-05
123,61.500000,4,8.822898e-05
124,62.000000,3,9.626096e-05
125,62.500000,4,9.331787e-05
126,63.000000,4,8.990176e-05
127,63.500000,4,8.772196e-05
128,64.000000,3,9.965492e-05
129,64.500000,4,9.444741e-05
130,65.000000,4,9.111599e-05
131,65.500000,4,8.845086e-05
132,66.000000,4,8.867788e-05
133,66.500000,4,8.890708e-05
134,67.000000,4,8.932281e-05
135,67.500000,4,8.951494e-05
136,68.000000,4,8.887281e-05
137,68.500000,4,8.915346e-05
138,69.000000,4,8.958991e-05
139,69.500000,4,8.857546e-05
140,70.000000,4,8.570571e-05
141,70.500000,3,9.643244e-05
142,71.000000,4,9.234196e-05
143,71.500000,4,8.951852e-05
144,72.000000,3,9.934972e-05
145,72.500000,4,9.446593e-05
146,73.000000,4,8.953583e-05
147,73.500000,3,9.484827e-05
148,74.000000,4,8.671524e-05
149,74.500000,3,9.604954e-05
150,75.000000,4,8.894007e-05
151,75.500000,3,9.884596e-05
152,76.000000,4,9.483357e-05
153,76.500000,4,9.413378e-05
154,77.000000,4,9.385879e-05
155,77.500000,4,9.568716e-05
156,78.000000,4,9.964652e-05
157,78.500000,5,8.697295e-05
158,79.000000,4,9.594895e-05
159,79.500000,4,9.662448e-05
160,80.000000,4,9.811556e-05
161,80.500000,4,9.790250e-05
162,81.000000,4,9.746462e-05
163,81.500000,4,9.607568e-05
164,82.000000,4,9.636333e-05
165,82.500000,4,9.613422e-05
166,83.000000,4,9.331953e-05
167,83.500000,4,8.885319e-05
168,84.000000,4,8.379316e-05
169,84.500000,3,9.506175e-05
170,85.000000,4,8.210415e-05
171,85.500000,3,9.433617e-05
172,86.000000,4,8.417403e-05
173,86.500000,3,9.773575e-05
174,87.000000,4,8.852176e-05
175,87.500000,4,8.425496e-05
176,88.000000,3,9.439134e-05
177,88.500000,4,8.333330e-05
178,89.000000,3,9.544648e-05
179,89.500000,4,8.931003e-05
180,90.000000,4,9.274921e-05
181,90.500000,4,9.782785e-05
182,91.000000,5,8.928704e-05
183,91.500000,4,9.790061e-05
184,92.000000,5,9.005130e-05
185,92.500000,5,8.398453e-05
186,93.000000,4,9.503808e-05
187,93.500000,4,9.951719e-05
188,94.000000,5,8.452148e-05
189,94.500000,4,8.897203e-05
190,95.000000,4,8.948782e-05
191,95.500000,4,9.070725e-05
192,96.000000,4,8.785005e-05
193,96.500000,4,8.562594e-05
194,97.000000,4,8.366854e-05
195,97.500000,4,8.192331e-05
196,98.000000,3,9.654647e-05
197,98.500000,4,8.596918e-05
198,99.000000,4,8.441675e-05
199,99.500000,3,9.930298e-05
200,100.000000,4,8.856497e-05
201,100.500000,4,8.409428e-05
202,101.000000,3,9.609764e-05
203,101.500000,4,9.051083e-05
204,102.000000,4,9.387809e-05
205,102.500000,4,9.829520e-05
206,103.000000,5,8.457109e-05
207,103.500000,4,9.253202e-05
208,104.000000,4,9.162418e-05
209,104.500000,4,9.477284e-05
210,105.000000,5,8.525197e-05
211,105.500000,4,9.983364e-05
212,106.000000,5,8.971426e-05
213,106.500000,5,8.894693e-05
214,107.000000,4,9.854148e-05
215,107.500000,4,9.786664e-05
216,108.000000,4,9.986534e-05
217,108.500000,4,9.715279e-05
218,109.000000,4,9.131066e-05
219,109.500000,4,9.081195e-05
220,110.000000,4,8.951427e-05
221,110.500000,4,8.637821e-05
222,111.000000,4,8.464717e-05
223,111.500000,4,8.548689e-05
224,112.000000,4,8.507804e-05
225,112.500000,4,8.480061e-05
226,113.000000,4,8.751712e-05
227,113.500000,4,9.009479e-05
228,114.000000,4,9.009031e-05
229,114.500000,4,8.458970e-05
230,115.000000,3,9.551199e-05
231,115.500000,3,9.067878e-05
232,116.000000,3,9.288062e-05
233,116.500000,3,9.350521e-05
234,117.000000,3,9.583597e-05
235,117.500000,3,9.778565e-05
236,118.000000,3,9.827716e-05
237,118.500000,3,9.699968e-05
238,119.000000,3,9.515787e-05
239,119.500000,3,9.714536e-05
240,120.000000,4,9.119613e-05
241,120.500000,4,9.289145e-05
242,121.000000,4,9.833320e-05
243,121.500000,5,9.339250e-05
244,122.000000,5,9.175160e-05
245,122.500000,5,9.082539e-05
246,123.000000,5,8.889025e-05
247,123.500000,5,8.721495e-05
248,124.000000,4,9.827397e-05
249,124.500000,5,8.453120e-05
250,125.000000,4,8.809526e-05
251,125.500000,3,9.980375e-05
252,126.000000,4,8.437397e-05
253,126.500000,3,9.127063e-05
254,127.000000,3,9.179640e-05
255,127.500000,3,9.979898e-05
256,128.000000,4,9.137237e-05
257,128.500000,4,9.218848e-05
258,129.000000,4,9.466717e-05
259,129.500000,4,9.755379e-05
260,130.000000,5,8.602590e-05
261,130.500000,5,8.528174e-05
262,131.000000,5,8.530140e-05
263,131.500000,5,8.748329e-05
264,132.000000,5,8.998267e-05
265,132.500000,5,9.075707e-05
266,133.000000,5,8.895401e-05
267,133.500000,5,8.348989e-05
268,134.000000,4,8.997472e-05
269,134.500000,4,8.333109e-05
270,135.000000,4,8.114442e-05
271,135.500000,3,9.133668e-05
272,136.000000,3,9.037297e-05
273,136.500000,3,9.145027e-05
274,137.000000,3,8.398164e-05
275,137.500000,3,8.483591e-05
276,138.000000,2,9.774880e-05
277,138.500000,3,9.867176e-05
278,139.000000,4,8.877728e-05
279,139.500000,4,8.697654e-05
280,140.000000,4,8.902675e-05
281,140.500000,4,9.333740e-05
282,141.000000,5,8.599308e-05
283,141.500000,5,8.611805e-05
284,142.000000,5,8.666347e-05
285,142.500000,5,8.836078e-05
286,143.000000,5,8.928649e-05
287,143.500000,5,8.779785e-05
288,144.000000,4,9.898330e-05
289,144.500000,5,8.248936e-05
290,145.000000,4,9.173033e-05
291,145.500000,4,8.791781e-05
292,146.000000,4,9.277713e-05
293,146.500000,4,9.546760e-05
294,147.000000,4,9.961813e-05
295,147.500000,5,8.384188e-05
296,148.000000,4,8.729812e-05
297,148.500000,3,9.491604e-05
298,149.000000,3,9.497241e-05
299,149.500000,4,8.226495e-05
300,150.000000,3,9.725519e-05
301,150.500000,4,9.135109e-05
302,151.000000,5,8.656441e-05
303,151.500000,5,8.647742e-05
304,152.000000,5,8.808093e-05
305,152.500000,5,8.919966e-05
306,153.000000,5,8.822478e-05
307,153.500000,5,8.394376e-05
308,154.000000,4,9.310492e-05
309,154.500000,4,8.983916e-05
310,155.000000,4,8.364493e-05
311,155.500000,3,9.756526e-05
312,156.000000,4,8.682136e-05
313,156.500000,4,8.980100e-05
314,157.000000,4,9.485635e-05
315,157.500000,4,9.794532e-05
316,158.000000,5,8.469541e-05
317,158.500000,4,9.743840e-05
318,159.000000,4,9.843491e-05
319,159.500000,5,8.308723e-05
320,160.000000,4,8.619705e-05
321,160.500000,3,9.241679e-05
322,161.000000,3,9.957046e-05
323,161.500000,4,8.490537e-05
324,162.000000,4,8.793497e-05
325,162.500000,4,9.647070e-05
326,163.000000,5,9.206964e-05
327,163.500000,5,9.326192e-05
328,164.000000,5,9.033231e-05
329,164.500000,5,8.603590e-05
330,165.000000,4,9.549901e-05
331,165.500000,4,9.093439e-05
332,166.000000,4,9.122239e-05
333,166.500000,4,8.867283e-05
334,167.000000,3,9.865029e-05
335,167.500000,4,8.927020e-05
336,168.000000,4,9.185124e-05
337,168.500000,4,9.135839e-05
338,169.000000,4,8.330581e-05
339,169.500000,3,9.630016e-05
340,170.000000,3,9.337674e-05
341,170.500000,4,8.634083e-05
342,171.000000,4,9.044108e-05
343,171.500000,4,9.368094e-05
344,172.000000,4,9.659627e-05
345,172.500000,4,9.575513e-05
346,173.000000,4,9.719056e-05
347,173.500000,4,9.867295e-05
348,174.000000,5,8.889219e-05
349,174.500000,5,8.715036e-05
350,175.000000,5,8.721018e-05
351,175.500000,5,8.561864e-05
352,176.000000,5,8.361958e-05
353,176.500000,4,9.812656e-05
354,177.000000,5,8.597378e-05
355,177.500000,4,9.936532e-05
356,178.000000,4,9.518970e-05
357,178.500000,4,9.516919e-05
358,179.000000,4,9.086066e-05
359,179.500000,4,8.470369e-05
360,180.000000,3,9.265686e-05
361,180.500000,3,9.879748e-05
362,181.000000,3,9.597573e-05
363,181.500000,4,7.947165e-05
364,182.000000,3,9.518516e-05
365,182.500000,3,9.353582e-05
366,183.000000,4,9.035646e-05
367,183.500000,5,8.513557e-05
368,184.000000,5,8.514535e-05
369,184.500000,5,8.690148e-05
370,185.000000,5,8.874567e-05
371,185.500000,5,9.031685e-05
372,186.000000,5,9.028313e-05
373,186.500000,5,8.807968e-05
374,187.000000,5,8.157987e-05
375,187.500000,4,8.864038e-05
376,188.000000,4,8.442534e-05
377,188.500000,3,9.725948e-05
378,189.000000,3,9.852032e-05
379,189.500000,4,8.245327e-05
380,190.000000,3,9.664629e-05
381,190.500000,3,9.537266e-05
382,191.000000,4,8.512452e-05
383,191.500000,4,8.708302e-05
384,192.000000,4,8.439642e-05
385,192.500000,4,8.819687e-05
386,193.000000,4,8.633305e-05
387,193.500000,4,8.438941e-05
388,194.000000,3,9.524078e-05
389,194.500000,3,9.940835e-05
390,195.000000,4,9.595298e-05
391,195.500000,5,9.414963e-05
392,196.000000,6,8.586718e-05
393,196.500000,5,9.382409e-05
394,197.000000,5,9.799831e-05
395,197.500000,6,8.604255e-05
396,198.000000,5,9.151271e-05
397,198.500000,5,8.752720e-05
398,199.000000,5,8.331393e-05
399,199.500000,4,9.150088e-05
400,200.000000,4,8.729760e-05
401,200.500000,4,8.441459e-05
402,201.000000,3,9.033982e-05
403,201.500000,3,9.239427e-05
404,202.000000,3,8.892303e-05
405,202.500000,3,8.641651e-05
406,203.000000,3,9.131601e-05
407,203.500000,3,9.179464e-05
408,204.000000,3,9.994142e-05
409,204.500000,4,9.245594e-05
410,205.000000,4,9.716278e-05
411,205.500000,4,9.563838e-05
412,206.000000,4,9.732467e-05
413,206.500000,5,8.261448e-05
414,207.000000,4,9.103902e-05
415,207.500000,4,9.260974e-05
416,208.000000,4,9.851969e-05
417,208.500000,5,8.923697e-05
418,209.000000,5,8.363462e-05
419,209.500000,4,9.290390e-05
420,210.000000,4,9.464843e-05
421,210.500000,4,9.945038e-05
422,211.000000,5,8.628308e-05
423,211.500000,4,9.881038e-05
424,212.000000,4,9.328091e-05
425,212.500000,4,9.376512e-05
426,213.000000,4,8.916361e-05
427,213.500000,4,8.278435e-05
428,214.000000,4,8.032690e-05
429,214.500000,3,9.547272e-05
430,215.000000,3,9.721130e-05
431,215.500000,4,8.458945e-05
432,216.000000,4,8.355590e-05
433,216.500000,4,8.323762e-05
434,217.000000,4,8.488662e-05
435,217.500000,4,8.852520e-05
436,218.000000,4,9.391401e-05
437,218.500000,4,9.787971e-05
438,219.000000,4,9.888485e-05
439,219.500000,4,9.741337e-05
440,220.000000,4,9.775870e-05
441,220.500000,4,9.905423e-05
442,221.000000,5,8.875727e-05
443,221.500000,5,8.778764e-05
444,222.000000,5,8.313815e-05
445,222.500000,4,9.311043e-05
446,223.000000,4,9.229681e-05
447,223.500000,4,8.821408e-05
448,224.000000,4,8.031224e-05
449,224.500000,3,9.741757e-05
450,225.000000,4,8.363474e-05
451,225.500000,4,8.769643e-05
452,226.000000,4,9.146388e-05
453,226.500000,4,9.272123e-05
454,227.000000,4,9.012315e-05
455,227.500000,4,8.336622e-05
456,228.000000,3,8.590252e-05
457,228.500000,3,8.589611e-05
458,229.000000,3,8.408471e-05
459,229.500000,3,8.114167e-05
460,230.000000,3,8.996737e-05
461,230.500000,4,8.552447e-05
462,231.000000,4,9.214931e-05
463,231.500000,5,8.613044e-05
464,232.000000,5,8.452181e-05
465,232.500000,4,9.702643e-05
466,233.000000,5,8.720876e-05
467,233.500000,5,8.362609e-05
468,234.000000,4,9.250010e-05
469,234.500000,4,9.354128e-05
470,235.000000,4,9.509078e-05
471,235.500000,4,9.831044e-05
472,236.000000,5,8.549153e-05
473,236.500000,4,9.863441e-05
474,237.000000,5,8.131734e-05
475,237.500000,4,8.828254e-05
476,238.000000,4,7.891638e-05
477,238.500000,3,9.793488e-05
478,239.000000,4,8.180323e-05
479,239.500000,4,8.464331e-05
480,240.000000,3,9.988031e-05
481,240.500000,4,8.560767e-05
482,241.000000,4,8.986112e-05
483,241.500000,4,8.720738e-05
484,242.000000,4,8.342629e-05
485,242.500000,3,9.877317e-05
486,243.000000,4,8.819131e-05
487,243.500000,4,9.386279e-05
488,244.000000,4,9.649411e-05
489,244.500000,5,8.505988e-05
490,245.000000,4,9.974568e-05
491,245.500000,5,8.844721e-05
492,246.000000,5,8.478663e-05
493,246.500000,4,9.817902e-05
494,247.000000,5,8.794808e-05
495,247.500000,5,8.770050e-05
496,248.000000,4,9.904020e-05
497,248.500000,5,8.474993e-05
498,249.000000,4,9.726684e-05
499,249.500000,4,9.535122e-05
500,250.000000,4,9.891337e-05
501,250.500000,5,8.273710e-05
502,251.000000,4,9.368731e-05
503,251.500000,4,8.883164e-05
504,252.000000,4,8.833884e-05
505,252.500000,4,8.538843e-05
506,253.000000,3,9.953683e-05
507,253.500000,4,8.348093e-05
508,254.000000,4,8.571840e-05
509,254.500000,4,8.291796e-05
510,255.000000,4,8.420627e-05
511,255.500000,4,8.436924e-05
512,256.000000,4,8.341391e-05
513,256.500000,4,8.543532e-05
514,257.000000,4,8.909844e-05
515,257.500000,4,8.790629e-05
516,258.000000,4,8.715503e-05
517,258.500000,4,8.737130e-05
518,259.000000,4,9.176781e-05
519,259.500000,4,9.587321e-05
520,260.000000,5,8.447329e-05
521,260.500000,4,9.535352e-05
522,261.000000,4,9.492532e-05
523,261.500000,5,8.162043e-05
524,262.000000,4,8.910449e-05
525,262.500000,4,8.578557e-05
526,263.000000,4,8.598655e-05
527,263.500000,4,8.555229e-05
528,264.000000,4,8.170186e-05
529,264.500000,3,9.820201e-05
530,265.000000,4,8.409637e-05
531,265.500000,4,8.566186e-05
532,266.000000,4,8.742046e-05
533,266.500000,4,8.888837e-05
534,267.000000,4,8.681642e-05
535,267.500000,3,9.940273e-05
536,268.000000,3,9.607303e-05
537,268.500000,4,8.132424e-05
538,269.000000,3,9.951716e-05
539,269.500000,4,8.508146e-05
540,270.000000,4,8.958002e-05
541,270.500000,4,9.290202e-05
542,271.000000,4,9.610976e-05
543,271.500000,5,8.810058e-05
544,272.000000,5,8.827568e-05
545,272.500000,4,9.905337e-05
546,273.000000,5,8.586153e-05
547,273.500000,4,9.853866e-05
548,274.000000,4,9.748642e-05
549,274.500000,4,9.821371e-05
550,275.000000,4,9.755759e-05
551,275.500000,5,8.296710e-05
552,276.000000,4,9.284276e-05
553,276.500000,4,9.149112e-05
554,277.000000,4,9.725387e-05
555,277.500000,5,8.204452e-05
556,278.000000,4,8.980965e-05
557,278.500000,4,8.391658e-05
558,279.000000,3,9.510980e-05
559,279.500000,4,7.981092e-05
560,280.000000,3,9.997754e-05
561,280.500000,4,8.757827e-05
562,281.000000,4,9.725870e-05
563,281.500000,5,8.412501e-05
564,282.000000,4,9.309781e-05
565,282.500000,4,8.768361e-05
566,283.000000,4,8.479491e-05
567,283.500000,3,9.537651e-05
568,284.000000,3,9.904544e-05
569,284.500000,4,9.077031e-05
570,285.000000,4,9.745401e-05
571,285.500000,5,8.535352e-05
572,286.000000,4,9.602390e-05
573,286.500000,4,9.673728e-05
574,287.000000,5,8.425837e-05
575,287.500000,4,8.971941e-05
576,288.000000,4,8.860323e-05
577,288.500000,4,8.996898e-05
578,289.000000,4,8.986542e-05
579,289.500000,4,8.855159e-05
580,290.000000,4,8.879765e-05
581,290.500000,4,9.031961e-05
582,291.000000,4,9.233197e-05
583,291.500000,4,9.407890e-05
584,292.000000,4,9.557009e-05
585,292.500000,4,9.654036e-05
586,293.000000,4,9.565253e-05
587,293.500000,4,9.492534e-05
588,294.000000,4,9.297733e-05
589,294.500000,4,8.891427e-05
590,295.000000,4,8.664102e-05
591,295.500000,4,8.329517e-05
592,296.000000,3,9.879223e-05
593,296.500000,4,8.388281e-05
594,297.000000,4,8.330914e-05
595,297.500000,3,9.729650e-05
596,298.000000,4,8.433874e-05
597,298.500000,4,8.681260e-05
598,299.000000,4,8.578185e-05
599,299.500000,4,8.437775e-05
600,300.000000,3,9.465339e-05
601,300.500000,3,9.482519e-05
602,301.000000,3,9.797470e-05
603,301.500000,3,9.353309e-05
604,302.000000,3,9.976025e-05
605,302.500000,4,8.826352e-05
606,303.000000,4,8.428928e-05
607,303.500000,3,9.519906e-05
608,304.000000,3,9.385288e-05
609,304.500000,3,9.304163e-05
610,305.000000,3,9.808521e-05
611,305.500000,4,8.911503e-05
612,306.000000,4,9.409913e-05
613,306.500000,4,9.944615e-05
614,307.000000,5,8.771292e-05
615,307.500000,4,9.826732e-05
616,308.000000,4,9.546407e-05
617,308.500000,5,8.370626e-05
618,309.000000,4,9.610508e-05
619,309.500000,4,9.848394e-05
620,310.000000,5,9.072446e-05
621,310.500000,5,8.635118e-05
622,311.000000,4,9.578544e-05
623,311.500000,4,9.359270e-05
624,312.000000,4,9.344535e-05
625,312.500000,4,8.819823e-05
626,313.000000,3,9.718973e-05
627,313.500000,3,9.793267e-05
628,314.000000,3,9.904671e-05
629,314.500000,3,9.424902e-05
630,315.000000,3,9.602507e-05
631,315.500000,3,9.182378e-05
632,316.000000,3,8.717831e-05
633,316.500000,3,8.845926e-05
634,317.000000,2,9.821125e-05
635,317.500000,3,9.002547e-05
636,318.000000,3,8.895589e-05
637,318.500000,3,8.883260e-05
638,319.000000,3,9.793786e-05
639,319.500000,4,9.289326e-05
640,320.000000,4,9.493967e-05
641,320.500000,4,9.123918e-05
642,321.000000,4,8.558776e-05
643,321.500000,3,9.921688e-05
644,322.000000,4,8.323994e-05
645,322.500000,3,9.802244e-05
646,323.000000,4,8.610984e-05
647,323.500000,4,9.187471e-05
648,324.000000,4,9.248664e-05
649,324.500000,4,9.523448e-05
650,325.000000,4,9.666819e-05
651,325.500000,4,9.784846e-05
652,326.000000,4,9.734383e-05
653,326.500000,5,8.461810e-05
654,327.000000,4,8.813970e-05
655,327.500000,4,8.867451e-05
656,328.000000,4,8.956899e-05
657,328.500000,4,8.860676e-05
658,329.000000,4,8.434629e-05
659,329.500000,3,9.993353e-05
660,330.000000,4,8.068746e-05
661,330.500000,3,9.274464e-05
662,331.000000,3,9.106309e-05
663,331.500000,4,8.092494e-05
664,332.000000,3,9.700668e-05
665,332.500000,3,9.972647e-05
666,333.000000,4,8.756217e-05
667,333.500000,3,9.819035e-05
668,334.000000,3,9.111861e-05
669,334.500000,3,9.220607e-05
670,335.000000,3,8.704626e-05
671,335.500000,3,7.942245e-05
672,336.000000,3,8.001349e-05
673,336.500000,3,8.677472e-05
674,337.000000,3,9.689229e-05
675,337.500000,4,9.354340e-05
676,338.000000,4,9.594017e-05
677,338.500000,4,9.050828e-05
678,339.000000,4,8.466593e-05
679,339.500000,3,9.760190e-05
680,340.000000,4,8.133173e-05
681,340.500000,4,8.374602e-05
682,341.000000,4,8.387915e-05
683,341.500000,4,8.715277e-05
684,342.000000,4,8.808007e-05
685,342.500000,4,8.805578e-05
686,343.000000,4,8.698415e-05
687,343.500000,4,8.542523e-05
688,344.000000,4,8.585739e-05
689,344.500000,4,8.720109e-05
690,345.000000,4,9.117390e-05
691,345.500000,4,9.423900e-05
692,346.000000,4,9.452381e-05
693,346.500000,4,9.117100e-05
694,347.000000,4,8.413228e-05
695,347.500000,3,9.760560e-05
696,348.000000,3,8.930313e-05
697,348.500000,3,8.699301e-05
698,349.000000,3,8.880151e-05
699,349.500000,3,8.332945e-05
700,350.000000,3,8.005901e-05
701,350.500000,3,8.165082e-05
702,351.000000,2,9.245053e-05
703,351.500000,3,8.018217e-05
704,352.000000,2,9.623958e-05
705,352.500000,2,9.685676e-05
706,353.000000,3,8.630394e-05
707,353.500000,2,9.787409e-05
708,354.000000,3,8.911114e-05
709,354.500000,3,9.522892e-05
710,355.000000,3,9.928705e-05
711,355.500000,4,8.929850e-05
712,356.000000,4,8.627388e-05
713,356.500000,3,9.795264e-05
714,357.000000,3,9.895701e-05
715,357.500000,4,8.361964e-05
716,358.000000,3,9.549917e-05
717,358.500000,3,9.231481e-05
718,359.000000,3,9.279670e-05
719,359.500000,3,9.466581e-05
720,360.000000,4,8.747953e-05
721,360.500000,4,8.977801e-05
722,361.000000,4,8.946143e-05
723,361.500000,4,8.602829e-05
724,362.000000,3,9.986737e-05
725,362.500000,4,9.069731e-05
726,363.000000,4,9.582592e-05
727,363.500000,4,9.961736e-05
728,364.000000,5,8.560050e-05
729,364.500000,4,8.721604e-05
730,365.000000,4,8.358141e-05
731,365.500000,3,9.839725e-05
732,366.000000,4,7.860696e-05
733,366.500000,3,9.431461e-05
734,367.000000,3,9.690204e-05
735,367.500000,4,8.936229e-05
736,368.000000,4,9.268597e-05
737,368.500000,4,9.432382e-05
738,369.000000,4,9.244367e-05
739,369.500000,4,8.552872e-05
740,370.000000,3,9.353468e-05
741,370.500000,3,9.039467e-05
742,371.000000,3,9.142734e-05
743,371.500000,3,8.688628e-05
744,372.000000,2,9.956180e-05
745,372.500000,3,7.640276e-05
746,373.000000,2,9.596467e-05
747,373.500000,2,8.675414e-05
748,374.000000,2,9.371823e-05
749,374.500000,2,9.381812e-05
750,375.000000,3,9.207444e-05
751,375.500000,4,8.904246e-05
752,376.000000,3,9.766603e-05
753,376.500000,3,9.785932e-05
754,377.000000,4,8.721396e-05
755,377.500000,3,9.926437e-05
756,378.000000,4,8.323656e-05
757,378.500000,4,8.393851e-05
758,379.000000,4,8.205990e-05
759,379.500000,3,9.950087e-05
760,380.000000,4,8.814250e-05
761,380.500000,4,9.325513e-05
762,381.000000,4,9.490517e-05
763,381.500000,4,9.891719e-05
764,382.000000,5,8.490418e-05
765,382.500000,4,8.842891e-05
766,383.000000,4,8.360563e-05
767,383.500000,3,9.751305e-05
768,384.000000,3,9.798205e-05
769,384.500000,3,9.905616e-05
770,385.000000,3,9.425740e-05
771,385.500000,3,9.379893e-05
772,386.000000,3,9.432731e-05
773,386.500000,3,9.255913e-05
774,387.000000,3,9.439978e-05
775,387.500000,4,8.248664e-05
776,388.000000,3,9.649682e-05
777,388.500000,3,9.586835e-05
778,389.000000,3,9.926368e-05
779,389.500000,4,8.629032e-05
780,390.000000,4,8.525604e-05
781,390.500000,3,9.812114e-05
782,391.000000,3,9.787856e-05
783,391.500000,4,8.242148e-05
784,392.000000,3,9.386329e-05
785,392.500000,3,9.023137e-05
786,393.000000,3,9.212970e-05
787,393.500000,3,9.170176e-05
788,394.000000,3,9.279233e-05
789,394.500000,3,9.738511e-05
790,395.000000,4,8.396019e-05
791,395.500000,3,9.427836e-05
792,396.000000,3,9.233048e-05
793,396.500000,3,9.967030e-05
794,397.000000,4,8.511955e-05
795,397.500000,3,9.934504e-05
796,398.000000,4,8.259637e-05
797,398.500000,3,9.905387e-05
798,399.000000,4,8.512280e-05
799,399.500000,4,8.513800e-05
800,400.000000,3,9.868937e-05
801,400.500000,4,8.197597e-05
802,401.000000,3,9.554187e-05
803,401.500000,3,9.116906e-05
804,402.000000,3,9.416300e-05
805,402.500000,3,9.206367e-05
806,403.000000,3,8.544151e-05
807,403.500000,3,8.206402e-05
808,404.000000,3,8.599429e-05
809,404.500000,3,9.292066e-05
810,405.000000,4,8.712234e-05
811,405.500000,4,8.561158e-05
812,406.000000,3,9.487008e-05
813,406.500000,3,9.603324e-05
814,407.000000,4,8.214053e-05
815,407.500000,3,9.448258e-05
816,408.000000,3,9.320009e-05
817,408.500000,3,9.833071e-05
818,409.000000,4,8.863769e-05
819,409.500000,4,8.845154e-05
820,410.000000,3,9.846268e-05
821,410.500000,3,9.677377e-05
822,411.000000,4,8.157683e-05
823,411.500000,3,9.160766e-05
824,412.000000,3,8.964388e-05
825,412.500000,3,9.415159e-05
826,413.000000,3,9.923493e-05
827,413.500000,4,8.810872e-05
828,414.000000,4,8.613711e-05
829,414.500000,3,9.996081e-05
830,415.000000,4,9.057214e-05
831,415.500000,4,9.281135e-05
832,416.000000,4,8.864681e-05
833,416.500000,4,8.298540e-05
834,417.000000,3,9.464440e-05
835,417.500000,3,9.052693e-05
836,418.000000,3,9.354184e-05
837,418.500000,3,9.786078e-05
838,419.000000,3,9.727984e-05
839,419.500000,3,9.215310e-05
840,420.000000,3,9.024521e-05
841,420.500000,3,8.549051e-05
842,421.000000,2,9.203171e-05
843,421.500000,2,9.692837e-05
844,422.000000,2,9.646688e-05
845,422.500000,3,8.863669e-05
846,423.000000,3,9.544501e-05
847,423.500000,4,9.019590e-05
848,424.000000,4,8.967611e-05
849,424.500000,4,8.674707e-05
850,425.000000,3,9.680595e-05
851,425.500000,3,9.925593e-05
852,426.000000,4,8.585850e-05
853,426.500000,3,9.686252e-05
854,427.000000,3,9.256053e-05
855,427.500000,3,9.513303e-05
856,428.000000,4,8.282485e-05
857,428.500000,4,8.303054e-05
858,429.000000,3,9.650318e-05
859,429.500000,3,9.897123e-05
860,430.000000,4,8.727658e-05
861,430.500000,4,8.278857e-05
862,431.000000,3,8.758961e-05
863,431.500000,3,8.073162e-05
864,432.000000,3,8.055448e-05
865,432.500000,2,9.780728e-05
866,433.000000,3,8.786929e-05
867,433.500000,3,9.892846e-05
868,434.000000,4,8.518598e-05
869,434.500000,3,9.605945e-05
870,435.000000,3,9.509714e-05
871,435.500000,3,9.614590e-05
872,436.000000,4,8.467600e-05
873,436.500000,4,8.448474e-05
874,437.000000,3,9.516412e-05
875,437.500000,3,9.550171e-05
876,438.000000,4,8.283880e-05
877,438.500000,3,9.375059e-05
878,439.000000,3,9.275520e-05
879,439.500000,3,9.483764e-05
880,440.000000,3,9.474285e-05
881,440.500000,4,8.404515e-05
882,441.000000,3,9.869605e-05
883,441.500000,3,9.956121e-05
884,442.000000,4,9.110752e-05
885,442.500000,4,8.840513e-05
886,443.000000,3,9.843389e-05
887,443.500000,3,9.939321e-05
888,444.000000,4,8.446600e-05
889,444.500000,3,9.250037e-05
890,445.000000,3,8.814750e-05
891,445.500000,3,9.142938e-05
892,446.000000,3,8.835359e-05
893,446.500000,3,8.176800e-05
894,447.000000,3,7.803602e-05
895,447.500000,2,9.614059e-05
896,448.000000,3,8.428529e-05
897,448.500000,3,9.701159e-05
898,449.000000,4,9.315328e-05
899,449.500000,4,9.497772e-05
900,450.000000,4,9.345704e-05
901,450.500000,4,8.844842e-05
902,451.000000,3,9.785865e-05
903,451.500000,3,9.718383e-05
904,452.000000,3,9.573805e-05
905,452.500000,3,8.955319e-05
906,453.000000,3,8.750099e-05
907,453.500000,3,8.922534e-05
908,454.000000,3,9.259705e-05
909,454.500000,4,8.518675e-05
910,455.000000,4,8.759392e-05
911,455.500000,4,8.774593e-05
912,456.000000,4,8.864291e-05
913,456.500000,4,8.708467e-05
914,457.000000,3,9.885367e-05
915,457.500000,4,8.165771e-05
916,458.000000,3,9.487507e-05
917,458.500000,3,8.924563e-05
918,459.000000,3,8.552805e-05
919,459.500000,3,8.435612e-05
920,460.000000,3,8.632624e-05
921,460.500000,3,8.690695e-05
922,461.000000,3,9.282547e-05
923,461.500000,4,8.564882e-05
924,462.000000,4,8.469132e-05
925,462.500000,3,9.319143e-05
926,463.000000,3,9.304485e-05
927,463.500000,3,9.642624e-05
928,464.000000,3,9.371995e-05
929,464.500000,3,9.044497e-05
930,465.000000,3,9.184908e-05
931,465.500000,3,9.163852e-05
932,466.000000,3,8.981925e-05
933,466.500000,3,9.261033e-05
934,467.000000,3,9.600398e-05
935,467.500000,3,9.748701e-05
936,468.000000,3,9.884849e-05
937,468.500000,4,8.579465e-05
938,469.000000,3,9.594389e-05
939,469.500000,3,9.579544e-05
940,470.000000,4,8.620829e-05
941,470.500000,3,9.409955e-05
942,471.000000,3,9.319717e-05
943,471.500000,3,9.837195e-05
944,472.000000,3,9.986187e-05
945,472.500000,4,8.969831e-05
946,473.000000,4,9.045795e-05
947,473.500000,4,9.162304e-05
948,474.000000,4,9.358194e-05
949,474.500000,4,9.468898e-05
950,475.000000,4,9.393959e-05
951,475.500000,4,8.991854e-05
952,476.000000,4,8.227882e-05
953,476.500000,3,9.065150e-05
954,477.000000,3,8.661853e-05
955,477.500000,3,8.222360e-05
956,478.000000,2,9.686948e-05
957,478.500000,2,9.887050e-05
958,479.000000,2,9.648068e-05
959,479.500000,3,8.365610e-05
960,480.000000,2,9.759872e-05
961,480.500000,3,8.423730e-05
962,481.000000,3,8.812913e-05
963,481.500000,2,9.760662e-05
964,482.000000,3,9.409680e-05
965,482.500000,4,8.942615e-05
966,483.000000,3,9.561693e-05
967,483.500000,3,9.639041e-05
968,484.000000,4,8.888041e-05
969,484.500000,4,8.914545e-05
970,485.000000,4,8.816781e-05
971,485.500000,4,8.816634e-05
972,486.000000,4,8.759150e-05
973,486.500000,4,8.607734e-05
974,487.000000,3,9.803925e-05
975,487.500000,4,8.317282e-05
976,488.000000,3,9.923215e-05
977,488.500000,3,9.382675e-05
978,489.000000,3,9.731820e-05
979,489.500000,4,8.113665e-05
980,490.000000,3,9.046697e-05
981,490.500000,3,8.276139e-05
982,491.000000,3,8.407700e-05
983,491.500000,3,8.585553e-05
984,492.000000,3,8.658377e-05
985,492.500000,3,9.152992e-05
986,493.000000,4,8.556434e-05
987,493.500000,4,9.041051e-05
988,494.000000,4,9.128035e-05
989,494.500000,4,9.265020e-05
990,495.000000,4,9.243797e-05
991,495.500000,4,8.991048e-05
992,496.000000,4,8.503353e-05
993,496.500000,3,9.796953e-05
994,497.000000,3,9.825165e-05
995,497.500000,4,8.381252e-05
996,498.000000,3,9.460141e-05
997,498.500000,3,9.435473e-05
998,499.000000,3,9.503333e-05
999,499.500000,3,9.066534e-05
1000,500.000000,3,9.055568e-05
1001,500.500000,3,8.646551e-05
1002,501.000000,2,9.338971e-05
1003,501.500000,2,9.708976e-05
1004,502.000000,2,9.617678e-05
1005,502.500000,3,9.064160e-05
1006,503.000000,3,9.553720e-05
1007,503.500000,4,8.926025e-05
1008,504.000000,3,9.970350e-05
1009,504.500000,4,9.202120e-05
1010,505.000000,4,9.064690e-05
1011,505.500000,4,8.517945e-05
1012,506.000000,3,9.266041e-05
1013,506.500000,3,8.772038e-05
1014,507.000000,3,8.371392e-05
1015,507.500000,3,8.275166e-05
1016,508.000000,3,8.251605e-05
1017,508.500000,3,8.440366e-05
1018,509.000000,3,8.890614e-05
1019,509.500000,3,9.414536e-05
1020,510.000000,3,9.851757e-05
1021,510.500000,4,8.680237e-05
1022,511.000000,3,9.785215e-05
1023,511.500000,3,9.672885e-05
1024,512.000000,3,9.973415e-05
1025,512.500000,4,8.898564e-05
1026,513.000000,4,8.948763e-05
1027,513.500000,4,9.087603e-05
1028,514.000000,4,9.415987e-05
1029,514.500000,4,9.660300e-05
1030,515.000000,4,9.749772e-05
1031,515.500000,4,9.486480e-05
1032,516.000000,4,8.958786e-05
1033,516.500000,4,8.194426e-05
1034,517.000000,3,8.999270e-05
1035,517.500000,3,8.113011e-05
1036,518.000000,3,7.847652e-05
1037,518.500000,2,9.657322e-05
1038,519.000000,2,9.474740e-05
1039,519.500000,3,8.778548e-05
1040,520.000000,3,9.451374e-05
1041,520.500000,3,9.886771e-05
1042,521.000000,4,9.096137e-05
1043,521.500000,4,8.811299e-05
1044,522.000000,3,9.386046e-05
1045,522.500000,3,9.222223e-05
1046,523.000000,3,9.585323e-05
1047,523.500000,3,9.624466e-05
1048,524.000000,3,9.460397e-05
1049,524.500000,3,9.103496e-05
1050,525.000000,3,8.774069e-05
1051,525.500000,3,8.612928e-05
1052,526.000000,3,8.327838e-05
1053,526.500000,2,9.507315e-05
1054,527.000000,3,8.489510e-05
1055,527.500000,3,9.366257e-05
1056,528.000000,3,9.970952e-05
1057,528.500000,4,9.242230e-05
1058,529.000000,4,8.936225e-05
1059,529.500000,3,9.660326e-05
1060,530.000000,3,9.556391e-05
1061,530.500000,3,9.917538e-05
1062,531.000000,4,8.556077e-05
1063,531.500000,4,8.397368e-05
1064,532.000000,3,9.592618e-05
1065,532.500000,3,9.749577e-05
1066,533.000000,4,8.884458e-05
1067,533.500000,4,9.163036e-05
1068,534.000000,4,9.371156e-05
1069,534.500000,4,9.725672e-05
1070,535.000000,5,8.503620e-05
1071,535.500000,4,9.046100e-05
1072,536.000000,4,8.535734e-05
1073,536.500000,3,9.736876e-05
1074,537.000000,3,9.606315e-05
1075,537.500000,3,9.881357e-05
1076,538.000000,3,9.098517e-05
1077,538.500000,3,8.523565e-05
1078,539.000000,3,8.245230e-05
1079,539.500000,2,8.576084e-05
1080,540.000000,2,8.877914e-05
1081,540.500000,2,8.247098e-05
1082,541.000000,2,8.789474e-05
1083,541.500000,2,8.810672e-05
1084,542.000000,2,9.371283e-05
1085,542.500000,3,9.401628e-05
1086,543.000000,4,9.288619e-05
1087,543.500000,4,9.315647e-05
1088,544.000000,4,9.204918e-05
1089,544.500000,4,9.124603e-05
1090,545.000000,4,8.913877e-05
1091,545.500000,3,9.930329e-05
1092,546.000000,3,9.695965e-05
1093,546.500000,3,9.713746e-05
1094,547.000000,3,9.631669e-05
1095,547.500000,3,8.921856e-05
1096,548.000000,3,8.467982e-05
1097,548.500000,3,8.871422e-05
1098,549.000000,3,9.375789e-05
1099,549.500000,4,8.532740e-05
1100,550.000000,4,8.531112e-05
1101,550.500000,3,9.788035e-05
1102,551.000000,4,8.848567e-05
1103,551.500000,4,9.125115e-05
1104,552.000000,4,9.096003e-05
1105,552.500000,4,9.293861e-05
1106,553.000000,4,9.307726e-05
1107,553.500000,4,9.218677e-05
1108,554.000000,4,8.838705e-05
1109,554.500000,4,8.215619e-05
1110,555.000000,3,9.068046e-05
1111,555.500000,3,8.728818e-05
1112,556.000000,3,9.039144e-05
1113,556.500000,3,8.863914e-05
1114,557.000000,3,8.370994e-05
1115,557.500000,3,8.294150e-05
1116,558.000000,3,8.545299e-05
1117,558.500000,2,9.908907e-05
1118,559.000000,3,9.049214e-05
1119,559.500000,3,9.366164e-05
1120,560.000000,3,8.629844e-05
1121,560.500000,3,8.328349e-05
1122,561.000000,2,9.145002e-05
1123,561.500000,2,8.924441e-05
1124,562.000000,2,9.601145e-05
1125,562.500000,3,9.078533e-05
1126,563.000000,3,9.954375e-05
1127,563.500000,4,9.408553e-05
1128,564.000000,4,9.109171e-05
1129,564.500000,3,9.546998e-05
1130,565.000000,3,9.310259e-05
1131,565.500000,3,8.892441e-05
1132,566.000000,3,8.272996e-05
1133,566.500000,2,9.848558e-05
1134,567.000000,3,8.591836e-05
1135,567.500000,3,9.462062e-05
1136,568.000000,4,8.887729e-05
1137,568.500000,4,9.107338e-05
1138,569.000000,4,8.867162e-05
1139,569.500000,4,8.516539e-05
1140,570.000000,3,9.233692e-05
1141,570.500000,3,9.252131e-05
1142,571.000000,3,9.740432e-05
1143,571.500000,4,8.432569e-05
1144,572.000000,3,9.853451e-05
1145,572.500000,4,8.757646e-05
1146,573.000000,4,8.994457e-05
1147,573.500000,4,8.776104e-05
1148,574.000000,4,8.465424e-05
1149,574.500000,3,9.488790e-05
1150,575.000000,3,9.476978e-05
1151,575.500000,4,8.171820e-05
1152,576.000000,3,9.618886e-05
1153,576.500000,4,8.661041e-05
1154,577.000000,4,8.989333e-05
1155,577.500000,4,8.817205e-05
1156,578.000000,4,8.363118e-05
1157,578.500000,3,9.106594e-05
1158,579.000000,3,8.837659e-05
1159,579.500000,3,8.874768e-05
1160,580.000000,3,8.296248e-05
1161,580.500000,2,9.498462e-05
1162,581.000000,2,9.625979e-05
1163,581.500000,2,9.230566e-05
1164,582.000000,3,8.222760e-05
1165,582.500000,2,9.047893e-05
1166,583.000000,2,9.480333e-05
1167,583.500000,2,9.470409e-05
1168,584.000000,3,8.892029e-05
1169,584.500000,3,9.373636e-05
1170,585.000000,3,9.628916e-05
1171,585.500000,4,9.052960e-05
1172,586.000000,3,9.953984e-05
1173,586.500000,4,8.679402e-05
1174,587.000000,3,9.666864e-05
1175,587.500000,3,9.465303e-05
1176,588.000000,3,9.875191e-05
1177,588.500000,4,8.924295e-05
1178,589.000000,4,8.920623e-05
1179,589.500000,4,8.746803e-05
1180,590.000000,4,8.544583e-05
1181,590.500000,3,9.942554e-05
1182,591.000000,4,8.596608e-05
1183,591.500000,4,8.470684e-05
1184,592.000000,3,9.505451e-05
1185,592.500000,3,9.993415e-05
1186,593.000000,4,9.279246e-05
1187,593.500000,4,9.589413e-05
1188,594.000000,4,9.368881e-05
1189,594.500000,4,8.902265e-05
1190,595.000000,3,9.837188e-05
1191,595.500000,3,9.020575e-05
1192,596.000000,3,8.934066e-05
1193,596.500000,3,8.509345e-05
1194,597.000000,2,9.469563e-05
1195,597.500000,3,8.323110e-05
1196,598.000000,3,8.910395e-05
1197,598.500000,3,9.500242e-05
1198,599.000000,4,9.034756e-05
1199,599.500000,4,9.171442e-05
1200,600.000000,4,8.849014e-05
1201,600.500000,3,9.667751e-05
1202,601.000000,3,9.490267e-05
1203,601.500000,3,9.263654e-05
1204,602.000000,3,8.637543e-05
1205,602.500000,3,8.637460e-05
1206,603.000000,3,8.668085e-05
1207,603.500000,3,8.616371e-05
1208,604.000000,3,9.043848e-05
1209,604.500000,3,9.260548e-05
1210,605.000000,3,9.135940e-05
1211,605.500000,3,9.102761e-05
1212,606.000000,3,8.707714e-05
1213,606.500000,2,9.727004e-05
1214,607.000000,3,8.280590e-05
1215,607.500000,3,8.619969e-05
1216,608.000000,3,8.643793e-05
1217,608.500000,3,8.990444e-05
1218,609.000000,3,9.136719e-05
1219,609.500000,3,9.164535e-05
1220,610.000000,3,9.388995e-05
1221,610.500000,3,9.206129e-05
1222,611.000000,3,9.099700e-05
1223,611.500000,3,9.776364e-05
1224,612.000000,4,8.740065e-05
1225,612.500000,3,9.714527e-05
1226,613.000000,4,8.687549e-05
1227,613.500000,4,8.801673e-05
1228,614.000000,4,8.953356e-05
1229,614.500000,4,9.103722e-05
1230,615.000000,4,9.135788e-05
1231,615.500000,4,9.259773e-05
1232,616.000000,4,9.372398e-05
1233,616.500000,4,9.099560e-05
1234,617.000000,4,8.405491e-05
1235,617.500000,3,9.260907e-05
1236,618.000000,3,9.018011e-05
1237,618.500000,3,8.915905e-05
1238,619.000000,3,8.265495e-05
1239,619.500000,3,7.844628e-05
1240,620.000000,2,9.597454e-05
1241,620.500000,2,9.050432e-05
1242,621.000000,2,9.930733e-05
1243,621.500000,2,9.989326e-05
1244,622.000000,3,8.529480e-05
1245,622.500000,3,8.892826e-05
1246,623.000000,3,9.132130e-05
1247,623.500000,3,9.593446e-05
1248,624.000000,4,9.179152e-05
1249,624.500000,4,9.245533e-05
1250,625.000000,4,8.976903e-05
1251,625.500000,3,9.895064e-05
1252,626.000000,3,9.867803e-05
1253,626.500000,4,8.206731e-05
1254,627.000000,3,8.604864e-05
1255,627.500000,2,9.106174e-05
1256,628.000000,2,9.579172e-05
1257,628.500000,2,9.586534e-05
1258,629.000000,3,8.820048e-05
1259,629.500000,3,9.791116e-05
1260,630.000000,4,9.199359e-05
1261,630.500000,4,9.232402e-05
1262,631.000000,4,8.776447e-05
1263,631.500000,3,9.437895e-05
1264,632.000000,3,9.186554e-05
1265,632.500000,3,9.271728e-05
1266,633.000000,3,8.898885e-05
1267,633.500000,3,8.512629e-05
1268,634.000000,3,8.771414e-05
1269,634.500000,3,9.556061e-05
1270,635.000000,4,9.020236e-05
1271,635.500000,4,9.422652e-05
1272,636.000000,4,9.563021e-05
1273,636.500000,4,9.516361e-05
1274,637.000000,4,9.130584e-05
1275,637.500000,4,8.525830e-05
1276,638.000000,3,9.436419e-05
1277,638.500000,3,9.286990e-05
1278,639.000000,3,9.160194e-05
1279,639.500000,3,8.740186e-05
1280,640.000000,3,8.515811e-05
1281,640.500000,3,8.287519e-05
1282,641.000000,2,9.705371e-05
1283,641.500000,2,9.859007e-05
1284,642.000000,3,8.699782e-05
1285,642.500000,3,9.149788e-05
1286,643.000000,3,9.239682e-05
1287,643.500000,3,9.869607e-05
1288,644.000000,4,9.264927e-05
1289,644.500000,4,9.069162e-05
1290,645.000000,3,9.564500e-05
1291,645.500000,3,9.217831e-05
1292,646.000000,3,9.210375e-05
1293,646.500000,3,8.529846e-05
1294,647.000000,3,8.028239e-05
1295,647.500000,2,9.655944e-05
1296,648.000000,2,9.604036e-05
1297,648.500000,3,9.002515e-05
1298,649.000000,3,9.708877e-05
1299,649.500000,4,8.668172e-05
1300,650.000000,3,9.609094e-05
1301,650.500000,3,9.608644e-05
1302,651.000000,3,9.924571e-05
1303,651.500000,4,8.317570e-05
1304,652.000000,3,9.077370e-05
1305,652.500000,3,8.686351e-05
1306,653.000000,3,8.911763e-05
1307,653.500000,3,9.451049e-05
1308,654.000000,4,8.547258e-05
1309,654.500000,3,9.898958e-05
1310,655.000000,3,9.686672e-05
1311,655.500000,4,8.358161e-05
1312,656.000000,3,9.703500e-05
1313,656.500000,3,9.825665e-05
1314,657.000000,4,8.921042e-05
1315,657.500000,4,8.851768e-05
1316,658.000000,4,8.324316e-05
1317,658.500000,3,9.409209e-05
1318,659.000000,3,9.197572e-05
1319,659.500000,3,9.572778e-05
1320,660.000000,4,8.486606e-05
1321,660.500000,3,9.759295e-05
1322,661.000000,3,9.273302e-05
1323,661.500000,3,9.545340e-05
1324,662.000000,3,9.131269e-05
1325,662.500000,3,8.505466e-05
1326,663.000000,3,8.477073e-05
1327,663.500000,3,8.767247e-05
1328,664.000000,3,9.159666e-05
1329,664.500000,3,9.982921e-05
1330,665.000000,4,9.237825e-05
1331,665.500000,4,9.208014e-05
1332,666.000000,4,8.675391e-05
1333,666.500000,3,9.586321e-05
1334,667.000000,3,9.572386e-05
1335,667.500000,3,9.723126e-05
1336,668.000000,3,9.347338e-05
1337,668.500000,3,8.847475e-05
1338,669.000000,3,8.550163e-05
1339,669.500000,3,8.349175e-05
1340,670.000000,2,9.802912e-05
1341,670.500000,3,8.877236e-05
1342,671.000000,3,9.847532e-05
1343,671.500000,4,8.829695e-05
1344,672.000000,4,8.624737e-05
1345,672.500000,3,9.515497e-05
1346,673.000000,3,9.294461e-05
1347,673.500000,3,9.468017e-05
1348,674.000000,3,9.819160e-05
1349,674.500000,3,9.758090e-05
1350,675.000000,3,9.870303e-05
1351,675.500000,4,8.553906e-05
1352,676.000000,3,9.949637e-05
1353,676.500000,3,9.546675e-05
1354,677.000000,4,8.320865e-05
1355,677.500000,3,9.266582e-05
1356,678.000000,3,8.850309e-05
1357,678.500000,3,8.805427e-05
1358,679.000000,3,8.913054e-05
1359,679.500000,3,9.125204e-05
1360,680.000000,3,9.249540e-05
1361,680.500000,3,9.363428e-05
1362,681.000000,3,9.311763e-05
1363,681.500000,3,9.305866e-05
1364,682.000000,3,9.236488e-05
1365,682.500000,3,9.444784e-05
1366,683.000000,3,9.742932e-05
1367,683.500000,4,8.624990e-05
1368,684.000000,3,9.689133e-05
1369,684.500000,3,9.881735e-05
1370,685.000000,4,8.973815e-05
1371,685.500000,3,9.972741e-05
1372,686.000000,3,9.877128e-05
1373,686.500000,4,8.406793e-05
1374,687.000000,3,9.050989e-05
1375,687.500000,3,8.538862e-05
1376,688.000000,3,8.557500e-05
1377,688.500000,3,8.766304e-05
1378,689.000000,3,8.963033e-05
1379,689.500000,3,9.287557e-05
1380,690.000000,3,9.759928e-05
1381,690.500000,4,8.493905e-05
1382,691.000000,3,9.403349e-05
1383,691.500000,3,9.260881e-05
1384,692.000000,3,9.836612e-05
1385,692.500000,4,8.291965e-05
1386,693.000000,3,9.660225e-05
1387,693.500000,3,9.581922e-05
1388,694.000000,4,8.504940e-05
1389,694.500000,3,9.776535e-05
1390,695.000000,3,9.779992e-05
1391,695.500000,4,8.534418e-05
1392,696.000000,3,9.549974e-05
1393,696.500000,3,9.261457e-05
1394,697.000000,3,9.595693e-05
1395,697.500000,3,9.242819e-05
1396,698.000000,3,9.263561e-05
1397,698.500000,3,9.198068e-05
1398,699.000000,3,8.726636e-05
1399,699.500000,3,8.760939e-05
1400,700.000000,3,8.998189e-05
1401,700.500000,3,9.350323e-05
1402,701.000000,3,9.910060e-05
1403,701.500000,4,9.012475e-05
1404,702.000000,4,8.898898e-05
1405,702.500000,3,9.714732e-05
1406,703.000000,3,9.650128e-05
1407,703.500000,3,9.870052e-05
1408,704.000000,3,9.360646e-05
1409,704.500000,3,9.155174e-05
1410,705.000000,3,9.447545e-05
1411,705.500000,3,9.456448e-05
1412,706.000000,4,8.412245e-05
1413,706.500000,3,9.921052e-05
1414,707.000000,3,9.710936e-05
1415,707.500000,4,8.678846e-05
1416,708.000000,4,8.402865e-05
1417,708.500000,3,9.456743e-05
1418,709.000000,3,9.286212e-05
1419,709.500000,3,9.382285e-05
1420,710.000000,3,9.699457e-05
1421,710.500000,3,9.818348e-05
1422,711.000000,3,9.732310e-05
1423,711.500000,4,8.418762e-05
1424,712.000000,3,9.536289e-05
1425,712.500000,3,9.531406e-05
1426,713.000000,4,8.402905e-05
1427,713.500000,3,9.594571e-05
1428,714.000000,3,9.519154e-05
1429,714.500000,3,9.595999e-05
1430,715.000000,3,9.736037e-05
1431,715.500000,3,9.869491e-05
1432,716.000000,3,9.403439e-05
1433,716.500000,3,9.127375e-05
1434,717.000000,3,9.091212e-05
1435,717.500000,3,8.762244e-05
1436,718.000000,3,8.467145e-05
1437,718.500000,2,9.988692e-05
1438,719.000000,2,9.855143e-05
1439,719.500000,3,8.807350e-05
1440,720.000000,3,8.769660e-05
1441,720.500000,2,9.576210e-05
1442,721.000000,3,8.525580e-05
1443,721.500000,3,8.708149e-05
1444,722.000000,2,9.854506e-05
1445,722.500000,3,9.064617e-05
1446,723.000000,3,9.610202e-05
1447,723.500000,4,8.960765e-05
1448,724.000000,4,8.916305e-05
1449,724.500000,3,9.877637e-05
1450,725.000000,4,8.932835e-05
1451,725.500000,4,8.591594e-05
1452,726.000000,3,9.283692e-05
1453,726.500000,3,9.283988e-05
1454,727.000000,3,9.852439e-05
1455,727.500000,4,8.933336e-05
1456,728.000000,4,8.838521e-05
1457,728.500000,4,8.601062e-05
1458,729.000000,4,8.397312e-05
1459,729.500000,3,9.869716e-05
1460,730.000000,4,8.679839e-05
1461,730.500000,4,8.705271e-05
1462,731.000000,4,8.106919e-05
1463,731.500000,3,9.378353e-05
1464,732.000000,3,9.005053e-05
1465,732.500000,3,9.340681e-05
1466,733.000000,3,9.539976e-05
1467,733.500000,3,9.152415e-05
1468,734.000000,3,8.963960e-05
1469,734.500000,3,8.814390e-05
1470,735.000000,3,8.379798e-05
1471,735.500000,3,8.390741e-05
1472,736.000000,3,8.635669e-05
1473,736.500000,3,8.950335e-05
1474,737.000000,3,9.549400e-05
1475,737.500000,4,8.901627e-05
1476,738.000000,4,9.042763e-05
1477,738.500000,4,8.715325e-05
1478,739.000000,3,9.769928e-05
1479,739.500000,3,9.718787e-05
1480,740.000000,4,8.446536e-05
1481,740.500000,3,9.413082e-05
1482,741.000000,3,8.713952e-05
1483,741.500000,3,8.738361e-05
1484,742.000000,3,8.504530e-05
1485,742.500000,3,8.132893e-05
1486,743.000000,2,9.703142e-05
1487,743.500000,2,9.953625e-05
1488,744.000000,3,8.491155e-05
1489,744.500000,3,8.719410e-05
1490,745.000000,3,8.270427e-05
1491,745.500000,2,9.585179e-05
1492,746.000000,3,8.578774e-05
1493,746.500000,3,8.960952e-05
1494,747.000000,3,9.151732e-05
1495,747.500000,3,9.910364e-05
1496,748.000000,4,9.106930e-05
1497,748.500000,4,8.790662e-05
1498,749.000000,3,9.520219e-05
1499,749.500000,3,9.576033e-05
1500,750.000000,3,9.805553e-05
1501,750.500000,3,9.892806e-05
1502,751.000000,4,8.810431e-05
1503,751.500000,3,9.902452e-05
1504,752.000000,4,8.528993e-05
1505,752.500000,3,9.584968e-05
1506,753.000000,3,9.266957e-05
1507,753.500000,3,9.294995e-05
1508,754.000000,3,9.210262e-05
1509,754.500000,3,9.155451e-05
1510,755.000000,3,9.234254e-05
1511,755.500000,3,9.331373e-05
1512,756.000000,3,9.706945e-05
1513,756.500000,4,8.874853e-05
1514,757.000000,4,8.923803e-05
1515,757.500000,4,8.824356e-05
1516,758.000000,4,8.750872e-05
1517,758.500000,4,8.573226e-05
1518,759.000000,3,9.974213e-05
1519,759.500000,4,8.519108e-05
1520,760.000000,4,8.366020e-05
1521,760.500000,3,9.245986e-05
1522,761.000000,3,9.335643e-05
1523,761.500000,3,9.833631e-05
1524,762.000000,3,9.992600e-05
1525,762.500000,4,8.033886e-05
1526,763.000000,3,8.810667e-05
1527,763.500000,3,8.283619e-05
1528,764.000000,3,8.116627e-05
1529,764.500000,2,9.451463e-05
1530,765.000000,3,7.918071e-05
1531,765.500000,2,9.823746e-05
1532,766.000000,2,9.709359e-05
1533,766.500000,3,8.526340e-05
1534,767.000000,3,8.510990e-05
1535,767.500000,2,9.739331e-05
1536,768.000000,3,8.954180e-05
1537,768.500000,3,9.672754e-05
1538,769.000000,4,8.827164e-05
1539,769.500000,3,9.919237e-05
1540,770.000000,4,8.956631e-05
1541,770.500000,4,8.916100e-05
1542,771.000000,3,9.866717e-05
1543,771.500000,4,8.741781e-05
1544,772.000000,3,9.964988e-05
1545,772.500000,3,9.956329e-05
1546,773.000000,4,8.619174e-05
1547,773.500000,3,9.122028e-05
1548,774.000000,3,8.555607e-05
1549,774.500000,3,8.808528e-05
1550,775.000000,3,8.809765e-05
1551,775.500000,3,9.026346e-05
1552,776.000000,3,9.370861e-05
1553,776.500000,3,9.783740e-05
1554,777.000000,4,8.656137e-05
1555,777.500000,3,9.793286e-05
1556,778.000000,3,9.907984e-05
1557,778.500000,4,8.801376e-05
1558,779.000000,4,8.435766e-05
1559,779.500000,3,9.441485e-05
1560,780.000000,3,9.566500e-05
1561,780.500000,4,8.570588e-05
1562,781.000000,4,8.490485e-05
1563,781.500000,3,9.834191e-05
1564,782.000000,4,8.838646e-05
1565,782.500000,4,8.939082e-05
1566,783.000000,4,8.543844e-05
1567,783.500000,3,9.702906e-05
1568,784.000000,3,9.879957e-05
1569,784.500000,4,8.606917e-05
1570,785.000000,3,9.596154e-05
1571,785.500000,3,9.172672e-05
1572,786.000000,3,9.427754e-05
1573,786.500000,3,9.220656e-05
1574,787.000000,3,8.890903e-05
1575,787.500000,3,8.489308e-05
1576,788.000000,3,8.171840e-05
1577,788.500000,3,8.188773e-05
1578,789.000000,2,9.746663e-05
1579,789.500000,3,8.465356e-05
1580,790.000000,3,9.403871e-05
1581,790.500000,3,9.766257e-05
1582,791.000000,4,8.579704e-05
1583,791.500000,3,9.972624e-05
1584,792.000000,3,9.798043e-05
1585,792.500000,4,8.350438e-05
1586,793.000000,3,9.016198e-05
1587,793.500000,3,8.579984e-05
1588,794.000000,3,8.617995e-05
1589,794.500000,3,8.228827e-05
1590,795.000000,2,9.928774e-05
1591,795.500000,3,8.416831e-05
1592,796.000000,3,8.758060e-05
1593,796.500000,3,8.776291e-05
1594,797.000000,3,9.110415e-05
1595,797.500000,3,9.743301e-05
1596,798.000000,4,8.981514e-05
1597,798.500000,4,8.744500e-05
1598,799.000000,3,9.671954e-05
1599,799.500000,3,9.798631e-05
1600,800.000000,4,8.711684e-05
1601,800.500000,3,9.717981e-05
1602,801.000000,3,9.794612e-05
1603,801.500000,4,8.809288e-05
1604,802.000000,4,8.591216e-05
1605,802.500000,3,9.838968e-05
1606,803.000000,4,8.676337e-05
1607,803.500000,4,8.507494e-05
1608,804.000000,3,9.410192e-05
1609,804.500000,3,9.232607e-05
1610,805.000000,3,9.314811e-05
1611,805.500000,3,9.652353e-05
1612,806.000000,3,9.809761e-05
1613,806.500000,3,9.733636e-05
1614,807.000000,4,8.320474e-05
1615,807.500000,3,9.475968e-05
1616,808.000000,3,9.406924e-05
1617,808.500000,3,9.972217e-05
1618,809.000000,4,8.597647e-05
1619,809.500000,3,9.994236e-05
1620,810.000000,3,9.741034e-05
1621,810.500000,4,8.356577e-05
1622,811.000000,3,9.307965e-05
1623,811.500000,3,8.694791e-05
1624,812.000000,3,8.597144e-05
1625,812.500000,3,8.336131e-05
1626,813.000000,2,9.651042e-05
1627,813.500000,2,9.970792e-05
1628,814.000000,3,8.582854e-05
1629,814.500000,3,8.274569e-05
1630,815.000000,2,9.919428e-05
1631,815.500000,3,8.718138e-05
1632,816.000000,3,9.321842e-05
1633,816.500000,3,9.918160e-05
1634,817.000000,4,9.364091e-05
1635,817.500000,4,9.239732e-05
1636,818.000000,4,8.795721e-05
1637,818.500000,3,9.897191e-05
1638,819.000000,3,9.768418e-05
1639,819.500000,4,8.430355e-05
1640,820.000000,3,9.513365e-05
1641,820.500000,3,9.491737e-05
1642,821.000000,3,9.900217e-05
1643,821.500000,3,9.922967e-05
1644,822.000000,4,8.205856e-05
1645,822.500000,3,9.149205e-05
1646,823.000000,3,8.979159e-05
1647,823.500000,3,9.444304e-05
1648,824.000000,3,9.605432e-05
1649,824.500000,4,8.557798e-05
1650,825.000000,4,8.308098e-05
1651,825.500000,3,9.450809e-05
1652,826.000000,3,9.919161e-05
1653,826.500000,4,8.718218e-05
1654,827.000000,3,9.895769e-05
1655,827.500000,3,9.694429e-05
1656,828.000000,4,8.405530e-05
1657,828.500000,3,9.303098e-05
1658,829.000000,3,9.273090e-05
1659,829.500000,3,9.940919e-05
1660,830.000000,4,8.531891e-05
1661,830.500000,3,9.602065e-05
1662,831.000000,3,9.345626e-05
1663,831.500000,3,9.818333e-05
1664,832.000000,3,9.894378e-05
1665,832.500000,3,9.932044e-05
1666,833.000000,4,8.640559e-05
1667,833.500000,3,9.690612e-05
1668,834.000000,3,9.865314e-05
1669,834.500000,4,8.616731e-05
1670,835.000000,3,9.728607e-05
1671,835.500000,3,9.414068e-05
1672,836.000000,3,9.521448e-05
1673,836.500000,3,9.286759e-05
1674,837.000000,3,9.378134e-05
1675,837.500000,3,9.766959e-05
1676,838.000000,3,9.930754e-05
1677,838.500000,4,8.522329e-05
1678,839.000000,3,9.859487e-05
1679,839.500000,3,9.913266e-05
1680,840.000000,4,8.675427e-05
1681,840.500000,3,9.974434e-05
1682,841.000000,3,9.474613e-05
1683,841.500000,3,9.819338e-05
1684,842.000000,3,9.948082e-05
1685,842.500000,3,9.853840e-05
1686,843.000000,3,9.861990e-05
1687,843.500000,4,8.243711e-05
1688,844.000000,3,9.494828e-05
1689,844.500000,3,9.587889e-05
1690,845.000000,4,8.756507e-05
1691,845.500000,4,8.597601e-05
1692,846.000000,3,9.688774e-05
1693,846.500000,4,8.262731e-05
1694,847.000000,3,9.576208e-05
1695,847.500000,3,9.222682e-05
1696,848.000000,3,9.535733e-05
1697,848.500000,3,9.814032e-05
1698,849.000000,4,8.241093e-05
1699,849.500000,3,9.095173e-05
1700,850.000000,3,8.830067e-05
1701,850.500000,3,8.923535e-05
1702,851.000000,3,8.811118e-05
1703,851.500000,3,8.801953e-05
1704,852.000000,3,8.661570e-05
1705,852.500000,3,8.557132e-05
1706,853.000000,3,8.780862e-05
1707,853.500000,3,9.187886e-05
1708,854.000000,3,9.616484e-05
1709,854.500000,4,8.591121e-05
1710,855.000000,3,9.768543e-05
1711,855.500000,3,9.562131e-05
1712,856.000000,3,9.818007e-05
1713,856.500000,3,9.630326e-05
1714,857.000000,3,9.257149e-05
1715,857.500000,3,9.138273e-05
1716,858.000000,3,9.307512e-05
1717,858.500000,3,9.354327e-05
1718,859.000000,3,9.842088e-05
1719,859.500000,4,9.134632e-05
1720,860.000000,4,9.049285e-05
1721,860.500000,3,9.936225e-05
1722,861.000000,3,9.995252e-05
1723,861.500000,4,8.502229e-05
1724,862.000000,3,9.648544e-05
1725,862.500000,3,9.181908e-05
1726,863.000000,3,9.482956e-05
1727,863.500000,3,9.927954e-05
1728,864.000000,4,8.465747e-05
1729,864.500000,3,9.817591e-05
1730,865.000000,3,9.795525e-05
1731,865.500000,4,8.728656e-05
1732,866.000000,4,8.433045e-05
1733,866.500000,3,9.814927e-05
1734,867.000000,4,8.730971e-05
1735,867.500000,4,8.626231e-05
1736,868.000000,3,9.711507e-05
1737,868.500000,3,9.881504e-05
1738,869.000000,4,8.204033e-05
1739,869.500000,3,8.819956e-05
1740,870.000000,3,8.088887e-05
1741,870.500000,3,8.059553e-05
1742,871.000000,2,9.719853e-05
1743,871.500000,2,9.799875e-05
1744,872.000000,3,8.494468e-05
1745,872.500000,3,8.748482e-05
1746,873.000000,3,8.374134e-05
1747,873.500000,3,8.461166e-05
1748,874.000000,3,8.985201e-05
1749,874.500000,3,9.434097e-05
1750,875.000000,3,9.802763e-05
1751,875.500000,4,8.714854e-05
1752,876.000000,3,9.672210e-05
1753,876.500000,3,9.185689e-05
1754,877.000000,3,9.283280e-05
1755,877.500000,3,9.149557e-05
1756,878.000000,3,9.060521e-05
1757,878.500000,3,8.940854e-05
1758,879.000000,3,9.053894e-05
1759,879.500000,3,9.629413e-05
1760,880.000000,4,8.883384e-05
1761,880.500000,4,9.028773e-05
1762,881.000000,4,8.939699e-05
1763,881.500000,4,8.867575e-05
1764,882.000000,4,8.622885e-05
1765,882.500000,3,9.849810e-05
1766,883.000000,3,9.793076e-05
1767,883.500000,4,8.204932e-05
1768,884.000000,3,9.208687e-05
1769,884.500000,3,8.429555e-05
1770,885.000000,3,8.228219e-05
1771,885.500000,3,7.995711e-05
1772,886.000000,2,9.836922e-05
1773,886.500000,3,8.430090e-05
1774,887.000000,3,9.310181e-05
1775,887.500000,4,8.404362e-05
1776,888.000000,4,8.558695e-05
1777,888.500000,4,8.520525e-05
1778,889.000000,4,8.496166e-05
1779,889.500000,3,9.912797e-05
1780,890.000000,4,8.549375e-05
1781,890.500000,4,8.260639e-05
1782,891.000000,3,9.070946e-05
1783,891.500000,3,8.735614e-05
1784,892.000000,3,8.735204e-05
1785,892.500000,3,8.839214e-05
1786,893.000000,3,8.549366e-05
1787,893.500000,3,8.073475e-05
1788,894.000000,3,8.015670e-05
1789,894.500000,2,9.676345e-05
1790,895.000000,2,9.818049e-05
1791,895.500000,3,9.052575e-05
1792,896.000000,3,9.494351e-05
1793,896.500000,3,9.506155e-05
1794,897.000000,3,9.447648e-05
1795,897.500000,3,9.232424e-05
1796,898.000000,3,9.062564e-05
1797,898.500000,3,8.840964e-05
1798,899.000000,3,8.820702e-05
1799,899.500000,3,8.777016e-05
1800,900.000000,3,9.025993e-05
1801,900.500000,3,9.560443e-05
1802,901.000000,4,8.646393e-05
1803,901.500000,3,9.928478e-05
1804,902.000000,4,8.546074e-05
1805,902.500000,3,9.852365e-05
1806,903.000000,3,9.841209e-05
1807,903.500000,4,8.957509e-05
1808,904.000000,4,8.667953e-05
1809,904.500000,3,9.932505e-05
1810,905.000000,4,8.380149e-05
1811,905.500000,3,9.448892e-05
1812,906.000000,3,9.376050e-05
1813,906.500000,3,9.971571e-05
1814,907.000000,4,8.496951e-05
1815,907.500000,3,9.805760e-05
1816,908.000000,3,9.951588e-05
1817,908.500000,4,8.596744e-05
1818,909.000000,3,9.770131e-05
1819,909.500000,3,9.080712e-05
1820,910.000000,3,9.418324e-05
1821,910.500000,3,9.445117e-05
1822,911.000000,3,9.047154e-05
1823,911.500000,3,9.117013e-05
1824,912.000000,3,9.423487e-05
1825,912.500000,3,9.758278e-05
1826,913.000000,4,8.982094e-05
1827,913.500000,4,9.120881e-05
1828,914.000000,4,8.991190e-05
1829,914.500000,4,8.731907e-05
1830,915.000000,4,8.269953e-05
1831,915.500000,3,9.201866e-05
1832,916.000000,3,8.988620e-05
1833,916.500000,3,8.739593e-05
1834,917.000000,3,8.193403e-05
1835,917.500000,3,8.011622e-05
1836,918.000000,2,9.401887e-05
1837,918.500000,2,9.526419e-05
1838,919.000000,3,8.517489e-05
1839,919.500000,3,9.089015e-05
1840,920.000000,3,9.427726e-05
1841,920.500000,4,8.673830e-05
1842,921.000000,4,8.476667e-05
1843,921.500000,3,9.628447e-05
1844,922.000000,3,9.879380e-05
1845,922.500000,4,8.410418e-05
1846,923.000000,3,9.163186e-05
1847,923.500000,3,8.834567e-05
1848,924.000000,3,9.046497e-05
1849,924.500000,3,8.942947e-05
1850,925.000000,3,9.267189e-05
1851,925.500000,3,9.989866e-05
1852,926.000000,4,9.045354e-05
1853,926.500000,4,8.716178e-05
1854,927.000000,3,9.758498e-05
1855,927.500000,4,8.388346e-05
1856,928.000000,3,9.744660e-05
1857,928.500000,3,9.751516e-05
1858,929.000000,4,8.479361e-05
1859,929.500000,3,9.240042e-05
1860,930.000000,3,8.736465e-05
1861,930.500000,3,9.053482e-05
1862,931.000000,3,8.783845e-05
1863,931.500000,3,8.465166e-05
1864,932.000000,3,8.267903e-05
1865,932.500000,3,8.178066e-05
1866,933.000000,3,8.432252e-05
1867,933.500000,3,8.873718e-05
1868,934.000000,3,9.532347e-05
1869,934.500000,4,8.798754e-05
1870,935.000000,4,8.788798e-05
1871,935.500000,4,8.469512e-05
1872,936.000000,3,9.768499e-05
1873,936.500000,4,8.492680e-05
1874,937.000000,4,8.370268e-05
1875,937.500000,3,9.329083e-05
1876,938.000000,3,9.359109e-05
1877,938.500000,3,9.752212e-05
1878,939.000000,3,9.989250e-05
1879,939.500000,4,7.999901e-05
1880,940.000000,3,8.605364e-05
1881,940.500000,2,9.638604e-05
1882,941.000000,3,8.416716e-05
1883,941.500000,3,8.928883e-05
1884,942.000000,3,8.948268e-05
1885,942.500000,3,9.374642e-05
1886,943.000000,3,9.863350e-05
1887,943.500000,4,8.591492e-05
1888,944.000000,3,9.889388e-05
1889,944.500000,3,9.962205e-05
1890,945.000000,4,8.645047e-05
1891,945.500000,4,8.378628e-05
1892,946.000000,3,9.496675e-05
1893,946.500000,3,9.876577e-05
1894,947.000000,4,9.010637e-05
1895,947.500000,4,8.932562e-05
1896,948.000000,4,8.383178e-05
1897,948.500000,3,9.425900e-05
1898,949.000000,3,8.987533e-05
1899,949.500000,3,9.228909e-05
1900,950.000000,3,9.015404e-05
1901,950.500000,3,8.435764e-05
1902,951.000000,3,8.209838e-05
1903,951.500000,3,7.988651e-05
1904,952.000000,2,9.277562e-05
1905,952.500000,3,7.946945e-05
1906,953.000000,3,8.477509e-05
1907,953.500000,3,8.623892e-05
1908,954.000000,3,8.992778e-05
1909,954.500000,3,9.688650e-05
1910,955.000000,4,8.952282e-05
1911,955.500000,4,8.966290e-05
1912,956.000000,4,8.628549e-05
1913,956.500000,3,9.779648e-05
1914,957.000000,3,9.898555e-05
1915,957.500000,4,8.594533e-05
1916,958.000000,3,9.768227e-05
1917,958.500000,3,9.682259e-05
1918,959.000000,4,8.802703e-05
1919,959.500000,4,8.773170e-05
1920,960.000000,3,9.904064e-05
1921,960.500000,3,9.984741e-05
1922,961.000000,4,8.496745e-05
1923,961.500000,3,9.824741e-05
1924,962.000000,3,9.246069e-05
1925,962.500000,3,9.350487e-05
1926,963.000000,3,9.565012e-05
1927,963.500000,3,9.586086e-05
1928,964.000000,3,9.382175e-05
1929,964.500000,3,9.161415e-05
1930,965.000000,3,9.104063e-05
1931,965.500000,3,9.295966e-05
1932,966.000000,3,9.346005e-05
1933,966.500000,3,9.661342e-05
1934,967.000000,4,8.605972e-05
1935,967.500000,4,8.405002e-05
1936,968.000000,3,9.453666e-05
1937,968.500000,3,9.613993e-05
1938,969.000000,4,8.302880e-05
1939,969.500000,3,9.258970e-05
1940,970.000000,3,8.770818e-05
1941,970.500000,3,8.739211e-05
1942,971.000000,3,8.828738e-05
1943,971.500000,3,9.366094e-05
1944,972.000000,4,8.442432e-05
1945,972.500000,3,9.758833e-05
1946,973.000000,3,9.997302e-05
1947,973.500000,4,8.746266e-05
1948,974.000000,3,9.850818e-05
1949,974.500000,3,9.754275e-05
1950,975.000000,4,8.332646e-05
1951,975.500000,3,9.441743e-05
1952,976.000000,3,9.285931e-05
1953,976.500000,3,9.745407e-05
1954,977.000000,4,8.192391e-05
1955,977.500000,3,9.550979e-05
1956,978.000000,3,9.453778e-05
1957,978.500000,3,9.741868e-05
1958,979.000000,3,9.921297e-05
1959,979.500000,4,8.488872e-05
1960,980.000000,3,9.992679e-05
1961,980.500000,4,8.315956e-05
1962,981.000000,3,9.798249e-05
1963,981.500000,3,9.592759e-05
1964,982.000000,4,8.201370e-05
1965,982.500000,3,8.994752e-05
1966,983.000000,3,8.533657e-05
1967,983.500000,3,8.140136e-05
1968,984.000000,2,9.298774e-05
1969,984.500000,2,9.721191e-05
1970,985.000000,2,9.960913e-05
1971,985.500000,3,8.855199e-05
1972,986.000000,3,9.647756e-05
1973,986.500000,4,8.633204e-05
1974,987.000000,4,8.606449e-05
1975,987.500000,3,9.712425e-05
1976,988.000000,4,8.640818e-05
1977,988.500000,4,8.613618e-05
1978,989.000000,3,9.683518e-05
1979,989.500000,4,8.590831e-05
1980,990.000000,4,8.374435e-05
1981,990.500000,3,9.261278e-05
1982,991.000000,3,9.367344e-05
1983,991.500000,3,9.645261e-05
1984,992.000000,4,8.208499e-05
1985,992.500000,3,9.741582e-05
1986,993.000000,3,9.595606e-05
1987,993.500000,4,8.276401e-05
1988,994.000000,3,9.822534e-05
1989,994.500000,3,9.560686e-05
1990,995.000000,4,8.115805e-05
1991,995.500000,3,9.619309e-05
1992,996.000000,3,9.658596e-05
1993,996.500000,4,8.503881e-05
1994,997.000000,4,8.171256e-05
1995,997.500000,3,9.463081e-05
1996,998.000000,4,8.281580e-05
1997,998.500000,4,8.317897e-05
1998,999.000000,3,9.696396e-05
1999,999.500000,4,8.321952e-05
2000,1000.000000,4,8.204875e-05
2001,1000.500000,3,9.232894e-05
2002,1001.000000,3,9.323232e-05
2003,1001.500000,3,9.513864e-05
2004,1002.000000,3,9.206839e-05
2005,1002.500000,3,9.200615e-05
2006,1003.000000,3,9.009191e-05
2007,1003.500000,3,8.216651e-05
2008,1004.000000,2,9.897835e-05
2009,1004.500000,2,9.744559e-05
2010,1005.000000,2,9.770795e-05
2011,1005.500000,3,8.404139e-05
2012,1006.000000,2,9.528024e-05
2013,1006.500000,3,8.362067e-05
2014,1007.000000,3,9.149319e-05
2015,1007.500000,4,8.870099e-05
2016,1008.000000,4,9.320633e-05
2017,1008.500000,4,9.328793e-05
2018,1009.000000,4,9.214183e-05
2019,1009.500000,4,8.897853e-05
2020,1010.000000,4,8.510524e-05
2021,1010.500000,3,9.722565e-05
2022,1011.000000,3,9.826458e-05
2023,1011.500000,4,8.473602e-05
2024,1012.000000,3,9.619323e-05
2025,1012.500000,3,9.270977e-05
2026,1013.000000,3,9.630840e-05
2027,1013.500000,3,9.535193e-05
2028,1014.000000,3,9.294397e-05
2029,1014.500000,3,8.886708e-05
2030,1015.000000,3,8.763779e-05
2031,1015.500000,3,8.982617e-05
2032,1016.000000,3,8.884509e-05
2033,1016.500000,3,9.063435e-05
2034,1017.000000,3,9.522136e-05
2035,1017.500000,3,9.813727e-05
2036,1018.000000,4,8.359332e-05
2037,1018.500000,3,9.543358e-05
2038,1019.000000,3,9.261390e-05
2039,1019.500000,3,9.806593e-05
2040,1020.000000,4,8.328312e-05
2041,1020.500000,3,9.518241e-05
2042,1021.000000,3,9.269232e-05
2043,1021.500000,4,8.444249e-05
2044,1022.000000,4,8.533227e-05
2045,1022.500000,3,9.801511e-05
2046,1023.000000,4,8.804399e-05
2047,1023.500000,4,8.837315e-05
2048,1024.000000,4,8.315312e-05
2049,1024.500000,3,9.498837e-05
2050,1025.000000,3,9.509579e-05
2051,1025.500000,3,9.725931e-05
2052,1026.000000,3,9.366096e-05
2053,1026.500000,3,9.173794e-05
2054,1027.000000,3,9.179316e-05
2055,1027.500000,3,8.624054e-05
2056,1028.000000,3,8.048877e-05
2057,1028.500000,3,8.021102e-05
2058,1029.000000,3,8.189905e-05
2059,1029.500000,3,8.632411e-05
2060,1030.000000,3,9.200481e-05
2061,1030.500000,4,8.363611e-05
2062,1031.000000,4,8.554302e-05
2063,1031.500000,4,8.160839e-05
2064,1032.000000,3,9.609131e-05
2065,1032.500000,3,9.424993e-05
2066,1033.000000,3,9.557901e-05
2067,1033.500000,3,9.757510e-05
2068,1034.000000,3,9.529860e-05
2069,1034.500000,3,8.877393e-05
2070,1035.000000,3,8.500570e-05
2071,1035.500000,3,8.541653e-05
2072,1036.000000,3,8.859136e-05
2073,1036.500000,3,9.267127e-05
2074,1037.000000,4,8.605177e-05
2075,1037.500000,4,8.661692e-05
2076,1038.000000,3,9.921944e-05
2077,1038.500000,4,8.743701e-05
2078,1039.000000,4,8.302645e-05
2079,1039.500000,3,9.102821e-05
2080,1040.000000,3,8.959840e-05
2081,1040.500000,3,9.124336e-05
2082,1041.000000,3,9.241988e-05
2083,1041.500000,3,9.268809e-05
2084,1042.000000,3,9.384269e-05
2085,1042.500000,3,9.828917e-05
2086,1043.000000,4,8.938168e-05
2087,1043.500000,4,8.903198e-05
2088,1044.000000,4,8.475754e-05
2089,1044.500000,3,9.404110e-05
2090,1045.000000,3,9.287854e-05
2091,1045.500000,3,9.464193e-05
2092,1046.000000,3,9.369484e-05
2093,1046.500000,3,8.834905e-05
2094,1047.000000,3,8.139810e-05
2095,1047.500000,3,7.844449e-05
2096,1048.000000,2,9.908141e-05
2097,1048.500000,3,8.315628e-05
2098,1049.000000,3,8.905190e-05
2099,1049.500000,3,9.388859e-05
2100,1050.000000,4,8.668219e-05
2101,1050.500000,4,8.714630e-05
2102,1051.000000,4,8.480469e-05
2103,1051.500000,3,9.621631e-05
2104,1052.000000,3,9.753225e-05
2105,1052.500000,4,8.353927e-05
2106,1053.000000,3,9.207144e-05
2107,1053.500000,3,8.561384e-05
2108,1054.000000,3,8.074617e-05
2109,1054.500000,2,9.266022e-05
2110,1055.000000,2,9.350387e-05
2111,1055.500000,2,9.233963e-05
2112,1056.000000,2,9.916600e-05
2113,1056.500000,3,8.485421e-05
2114,1057.000000,3,9.165272e-05
2115,1057.500000,4,8.789393e-05
2116,1058.000000,4,9.250054e-05
2117,1058.500000,4,9.415791e-05
2118,1059.000000,4,9.390681e-05
2119,1059.500000,4,9.041525e-05
2120,1060.000000,4,8.366249e-05
2121,1060.500000,3,9.040261e-05
2122,1061.000000,3,9.014162e-05
2123,1061.500000,3,9.541175e-05
2124,1062.000000,3,9.749164e-05
2125,1062.500000,4,8.353217e-05
2126,1063.000000,3,9.874134e-05
2127,1063.500000,4,8.441489e-05
2128,1064.000000,4,8.444368e-05
2129,1064.500000,3,9.643004e-05
2130,1065.000000,4,8.030504e-05
2131,1065.500000,3,9.156727e-05
2132,1066.000000,3,8.652073e-05
2133,1066.500000,3,9.056525e-05
2134,1067.000000,3,9.578976e-05
2135,1067.500000,4,8.638767e-05
2136,1068.000000,4,8.754244e-05
2137,1068.500000,4,8.553693e-05
2138,1069.000000,4,8.238585e-05
2139,1069.500000,3,9.406546e-05
2140,1070.000000,3,9.341168e-05
2141,1070.500000,3,9.971308e-05
2142,1071.000000,4,8.259620e-05
2143,1071.500000,3,9.820257e-05
2144,1072.000000,3,9.384375e-05
2145,1072.500000,3,9.760497e-05
2146,1073.000000,4,8.206610e-05
2147,1073.500000,3,9.599553e-05
2148,1074.000000,3,8.719049e-05
2149,1074.500000,3,8.637316e-05
2150,1075.000000,3,8.482976e-05
2151,1075.500000,2,9.797631e-05
2152,1076.000000,3,7.826447e-05
2153,1076.500000,3,8.102961e-05
2154,1077.000000,2,9.506086e-05
2155,1077.500000,3,8.353936e-05
2156,1078.000000,3,9.416935e-05
2157,1078.500000,4,8.725216e-05
2158,1079.000000,4,8.957050e-05
2159,1079.500000,4,8.874218e-05
2160,1080.000000,4,8.804470e-05
2161,1080.500000,4,8.646800e-05
2162,1081.000000,4,8.373777e-05
2163,1081.500000,3,9.730634e-05
2164,1082.000000,4,8.187971e-05
2165,1082.500000,3,9.817393e-05
2166,1083.000000,3,9.575948e-05
2167,1083.500000,4,8.109006e-05
2168,1084.000000,3,9.567499e-05
2169,1084.500000,3,9.232998e-05
2170,1085.000000,3,9.491521e-05
2171,1085.500000,3,9.963407e-05
2172,1086.000000,4,8.054501e-05
2173,1086.500000,3,8.934024e-05
2174,1087.000000,3,8.125149e-05
2175,1087.500000,3,8.135389e-05
2176,1088.000000,3,8.198392e-05
2177,1088.500000,2,9.802717e-05
2178,1089.000000,3,8.657335e-05
2179,1089.500000,3,9.988494e-05
2180,1090.000000,4,8.997976e-05
2181,1090.500000,4,8.953549e-05
2182,1091.000000,4,8.551830e-05
2183,1091.500000,3,9.586995e-05
2184,1092.000000,3,9.905248e-05
2185,1092.500000,4,8.642858e-05
2186,1093.000000,4,8.271554e-05
2187,1093.500000,3,9.332769e-05
2188,1094.000000,3,9.475924e-05
2189,1094.500000,3,9.963159e-05
2190,1095.000000,4,8.345182e-05
2191,1095.500000,3,9.719244e-05
2192,1096.000000,3,9.629014e-05
2193,1096.500000,4,8.708812e-05
2194,1097.000000,4,8.289676e-05
2195,1097.500000,3,8.956004e-05
2196,1098.000000,3,8.685106e-05
2197,1098.500000,3,9.070485e-05
2198,1099.000000,3,9.494159e-05
2199,1099.500000,4,8.161512e-05
2200,1100.000000,3,9.940733e-05
2201,1100.500000,4,8.569146e-05
2202,1101.000000,4,8.904821e-05
2203,1101.500000,4,8.562965e-05
2204,1102.000000,4,8.202671e-05
2205,1102.500000,3,9.526625e-05
2206,1103.000000,3,9.662351e-05
2207,1103.500000,4,8.107596e-05
2208,1104.000000,3,9.160630e-05
2209,1104.500000,3,8.616760e-05
2210,1105.000000,3,9.121688e-05
2211,1105.500000,3,9.001394e-05
2212,1106.000000,3,8.524304e-05
2213,1106.500000,3,8.356798e-05
2214,1107.000000,3,8.064220e-05
2215,1107.500000,2,8.887813e-05
2216,1108.000000,2,9.422545e-05
2217,1108.500000,2,9.393529e-05
2218,1109.000000,3,8.395034e-05
2219,1109.500000,3,9.577946e-05
2220,1110.000000,4,8.985936e-05
2221,1110.500000,4,9.016878e-05
2222,1111.000000,4,8.656408e-05
2223,1111.500000,3,9.638013e-05
2224,1112.000000,3,9.645878e-05
2225,1112.500000,4,8.241587e-05
2226,1113.000000,3,9.361471e-05
2227,1113.500000,3,9.064816e-05
2228,1114.000000,3,9.380474e-05
2229,1114.500000,4,8.383983e-05
2230,1115.000000,3,9.984763e-05
2231,1115.500000,4,8.556043e-05
2232,1116.000000,4,8.176769e-05
2233,1116.500000,3,8.837790e-05
2234,1117.000000,3,9.016669e-05
2235,1117.500000,3,9.587443e-05
2236,1118.000000,4,8.499274e-05
2237,1118.500000,4,8.533649e-05
2238,1119.000000,4,8.289455e-05
2239,1119.500000,3,9.712847e-05
2240,1120.000000,3,9.977473e-05
2241,1120.500000,4,8.202769e-05
2242,1121.000000,3,9.154822e-05
2243,1121.500000,3,8.228809e-05
2244,1122.000000,3,8.338445e-05
2245,1122.500000,3,8.789931e-05
2246,1123.000000,3,9.493254e-05
2247,1123.500000,4,8.951780e-05
2248,1124.000000,4,9.057605e-05
2249,1124.500000,4,8.340613e-05
2250,1125.000000,3,8.840059e-05
2251,1125.500000,3,8.560996e-05
2252,1126.000000,3,8.692805e-05
2253,1126.500000,3,8.471154e-05
2254,1127.000000,3,8.547825e-05
2255,1127.500000,3,8.890833e-05
2256,1128.000000,3,9.371183e-05
2257,1128.500000,3,9.818901e-05
2258,1129.000000,4,8.322584e-05
2259,1129.500000,3,9.688516e-05
2260,1130.000000,3,9.338309e-05
2261,1130.500000,3,9.918088e-05
2262,1131.000000,4,8.300040e-05
2263,1131.500000,3,9.795747e-05
2264,1132.000000,3,9.443416e-05
2265,1132.500000,3,9.640520e-05
2266,1133.000000,3,9.867554e-05
2267,1133.500000,4,8.082419e-05
2268,1134.000000,3,9.277544e-05
2269,1134.500000,3,9.356327e-05
2270,1135.000000,4,8.377978e-05
2271,1135.500000,3,9.752120e-05
2272,1136.000000,3,9.776133e-05
2273,1136.500000,4,8.531426e-05
2274,1137.000000,3,9.990428e-05
2275,1137.500000,4,8.445119e-05
2276,1138.000000,4,8.570717e-05
2277,1138.500000,4,8.202329e-05
2278,1139.000000,3,9.672518e-05
2279,1139.500000,3,9.994816e-05
2280,1140.000000,4,8.573750e-05
2281,1140.500000,3,9.539195e-05
2282,1141.000000,3,9.069009e-05
2283,1141.500000,3,9.297634e-05
2284,1142.000000,3,8.697558e-05
2285,1142.500000,3,8.043557e-05
2286,1143.000000,3,7.962597e-05
2287,1143.500000,2,9.958965e-05
2288,1144.000000,3,9.247193e-05
2289,1144.500000,4,9.160044e-05
2290,1145.000000,4,9.012337e-05
2291,1145.500000,4,8.380162e-05
2292,1146.000000,3,9.001124e-05
2293,1146.500000,3,8.941010e-05
2294,1147.000000,3,9.179984e-05
2295,1147.500000,3,9.208676e-05
2296,1148.000000,3,9.643666e-05
2297,1148.500000,4,8.668775e-05
2298,1149.000000,4,8.329673e-05
2299,1149.500000,3,9.387558e-05
2300,1150.000000,3,9.663142e-05
2301,1150.500000,4,8.403739e-05
2302,1151.000000,3,9.812127e-05
2303,1151.500000,4,8.497679e-05
2304,1152.000000,4,8.508382e-05
2305,1152.500000,3,9.926066e-05
2306,1153.000000,4,8.193474e-05
2307,1153.500000,3,9.638160e-05
2308,1154.000000,3,9.322174e-05
2309,1154.500000,3,9.979182e-05
2310,1155.000000,4,8.252437e-05
2311,1155.500000,3,9.697239e-05
2312,1156.000000,3,9.733733e-05
2313,1156.500000,4,8.745646e-05
2314,1157.000000,4,8.588578e-05
2315,1157.500000,3,9.702954e-05
2316,1158.000000,3,9.867984e-05
2317,1158.500000,4,8.340045e-05
2318,1159.000000,4,7.927136e-05
2319,1159.500000,3,8.907028e-05
2320,1160.000000,3,8.580895e-05
2321,1160.500000,3,8.661727e-05
2322,1161.000000,3,8.853711e-05
2323,1161.500000,3,8.955430e-05
2324,1162.000000,3,8.596577e-05
2325,1162.500000,3,8.559968e-05
2326,1163.000000,3,9.069606e-05
2327,1163.500000,3,9.344298e-05
2328,1164.000000,3,9.900633e-05
2329,1164.500000,4,8.774584e-05
2330,1165.000000,4,8.336706e-05
2331,1165.500000,3,8.812200e-05
2332,1166.000000,3,8.284235e-05
2333,1166.500000,3,8.339409e-05
2334,1167.000000,3,8.172733e-05
2335,1167.500000,2,9.789927e-05
2336,1168.000000,3,8.648197e-05
2337,1168.500000,3,9.725650e-05
2338,1169.000000,4,8.808350e-05
2339,1169.500000,4,9.209292e-05
2340,1170.000000,4,9.182791e-05
2341,1170.500000,4,9.131359e-05
2342,1171.000000,4,8.750517e-05
2343,1171.500000,4,8.073904e-05
2344,1172.000000,3,9.312804e-05
2345,1172.500000,3,9.245993e-05
2346,1173.000000,3,9.369813e-05
2347,1173.500000,3,9.786284e-05
2348,1174.000000,4,7.891115e-05
2349,1174.500000,3,8.751380e-05
2350,1175.000000,3,8.222000e-05
2351,1175.500000,3,8.400189e-05
2352,1176.000000,3,8.382918e-05
2353,1176.500000,3,8.293074e-05
2354,1177.000000,3,8.259272e-05
2355,1177.500000,3,8.035635e-05
2356,1178.000000,2,9.607457e-05
2357,1178.500000,3,8.047282e-05
2358,1179.000000,3,8.377108e-05
2359,1179.500000,3,8.398776e-05
2360,1180.000000,3,8.775219e-05
2361,1180.500000,3,9.447468e-05
2362,1181.000000,4,8.477678e-05
2363,1181.500000,3,9.429305e-05
2364,1182.000000,3,9.108888e-05
2365,1182.500000,3,9.148433e-05
2366,1183.000000,3,8.500708e-05
2367,1183.500000,3,8.083284e-05
2368,1184.000000,3,8.494098e-05
2369,1184.500000,3,9.220374e-05
2370,1185.000000,4,8.445457e-05
2371,1185.500000,3,9.917205e-05
2372,1186.000000,4,8.525175e-05
2373,1186.500000,4,8.533478e-05
2374,1187.000000,4,8.308806e-05
2375,1187.500000,4,8.248325e-05
2376,1188.000000,3,9.884215e-05
2377,1188.500000,4,8.559467e-05
2378,1189.000000,4,8.306841e-05
2379,1189.500000,3,9.270588e-05
2380,1190.000000,3,9.467101e-05
2381,1190.500000,4,8.277886e-05
2382,1191.000000,4,8.279571e-05
2383,1191.500000,3,9.999755e-05
2384,1192.000000,4,8.832650e-05
2385,1192.500000,4,9.039395e-05
2386,1193.000000,4,8.583927e-05
2387,1193.500000,3,9.942239e-05
2388,1194.000000,3,9.859579e-05
2389,1194.500000,4,7.978243e-05
2390,1195.000000,3,9.034866e-05
2391,1195.500000,3,7.935598e-05
2392,1196.000000,2,9.688929e-05
2393,1196.500000,3,7.820253e-05
2394,1197.000000,2,9.901383e-05
2395,1197.500000,3,8.659239e-05
2396,1198.000000,4,8.452820e-05
2397,1198.500000,3,9.817975e-05
2398,1199.000000,4,8.588803e-05
2399,1199.500000,3,9.780392e-05
2400,1200.000000,3,9.544359e-05
2401,1200.500000,4,8.318011e-05
2402,1201.000000,3,9.225335e-05
2403,1201.500000,3,9.100119e-05
2404,1202.000000,3,9.446889e-05
2405,1202.500000,3,9.483129e-05
2406,1203.000000,3,9.452409e-05
2407,1203.500000,3,9.446716e-05
2408,1204.000000,3,9.681955e-05
2409,1204.500000,4,8.038915e-05
2410,1205.000000,3,9.484384e-05
2411,1205.500000,3,9.147534e-05
2412,1206.000000,3,9.559875e-05
2413,1206.500000,4,7.968313e-05
2414,1207.000000,3,9.239583e-05
2415,1207.500000,3,8.599424e-05
2416,1208.000000,3,9.171744e-05
2417,1208.500000,3,9.922054e-05
2418,1209.000000,4,8.639726e-05
2419,1209.500000,4,8.513491e-05
2420,1210.000000,4,8.357938e-05
2421,1210.500000,4,8.474292e-05
2422,1211.000000,4,8.613699e-05
2423,1211.500000,4,8.755463e-05
2424,1212.000000,4,8.789584e-05
2425,1212.500000,4,8.694271e-05
2426,1213.000000,4,8.348632e-05
2427,1213.500000,3,9.864872e-05
2428,1214.000000,4,8.054572e-05
2429,1214.500000,3,9.290014e-05
2430,1215.000000,3,8.890302e-05
2431,1215.500000,3,9.503644e-05
2432,1216.000000,4,8.096462e-05
2433,1216.500000,3,9.739670e-05
2434,1217.000000,4,8.563260e-05
2435,1217.500000,4,8.657874e-05
2436,1218.000000,4,8.076401e-05
2437,1218.500000,3,9.132699e-05
2438,1219.000000,3,9.056724e-05
2439,1219.500000,3,9.134341e-05
2440,1220.000000,3,8.442036e-05
2441,1220.500000,3,8.077545e-05
2442,1221.000000,3,7.998413e-05
2443,1221.500000,2,9.365894e-05
2444,1222.000000,3,7.539237e-05
2445,1222.500000,3,8.045920e-05
2446,1223.000000,2,9.393226e-05
2447,1223.500000,3,7.916409e-05
2448,1224.000000,3,8.669223e-05
2449,1224.500000,3,8.571212e-05
2450,1225.000000,3,8.759669e-05
2451,1225.500000,3,9.344801e-05
2452,1226.000000,4,8.376487e-05
2453,1226.500000,3,9.827315e-05
2454,1227.000000,4,8.582834e-05
2455,1227.500000,4,8.460596e-05
2456,1228.000000,3,9.532381e-05
2457,1228.500000,3,9.808492e-05
2458,1229.000000,4,8.494118e-05
2459,1229.500000,3,9.636663e-05
2460,1230.000000,3,9.640874e-05
2461,1230.500000,4,8.563451e-05
2462,1231.000000,4,8.333348e-05
2463,1231.500000,3,9.805829e-05
2464,1232.000000,4,8.923616e-05
2465,1232.500000,4,9.136868e-05
2466,1233.000000,4,9.043406e-05
2467,1233.500000,4,8.739695e-05
2468,1234.000000,4,7.966941e-05
2469,1234.500000,3,9.019156e-05
2470,1235.000000,3,8.817859e-05
2471,1235.500000,3,9.045722e-05
2472,1236.000000,3,9.701979e-05
2473,1236.500000,4,8.849793e-05
2474,1237.000000,4,8.777981e-05
2475,1237.500000,4,8.392194e-05
2476,1238.000000,3,9.812238e-05
2477,1238.500000,4,8.065581e-05
2478,1239.000000,3,9.652771e-05
2479,1239.500000,3,9.459765e-05
2480,1240.000000,4,8.247325e-05
2481,1240.500000,3,9.767287e-05
2482,1241.000000,4,8.069264e-05
2483,1241.500000,4,8.008605e-05
2484,1242.000000,3,8.958633e-05
2485,1242.500000,3,8.554709e-05
2486,1243.000000,3,8.609496e-05
2487,1243.500000,3,8.619129e-05
2488,1244.000000,3,8.085329e-05
2489,1244.500000,2,9.620684e-05
2490,1245.000000,3,7.914020e-05
2491,1245.500000,3,8.176499e-05
2492,1246.000000,2,9.543236e-05
2493,1246.500000,3,7.862260e-05
2494,1247.000000,3,8.021332e-05
2495,1247.500000,2,9.680805e-05
2496,1248.000000,2,9.914649e-05
2497,1248.500000,3,9.263378e-05
2498,1249.000000,4,8.892058e-05
2499,1249.500000,4,9.012876e-05
2500,1250.000000,4,8.808130e-05
2501,1250.500000,4,8.509589e-05
2502,1251.000000,3,9.835362e-05
2503,1251.500000,4,8.602260e-05
2504,1252.000000,4,8.528052e-05
2505,1252.500000,3,9.763371e-05
2506,1253.000000,4,8.554332e-05
2507,1253.500000,4,8.612691e-05
2508,1254.000000,4,8.384801e-05
2509,1254.500000,4,8.265530e-05
2510,1255.000000,3,9.882198e-05
2511,1255.500000,4,8.574821e-05
2512,1256.000000,4,8.669718e-05
2513,1256.500000,4,8.354309e-05
2514,1257.000000,4,8.222696e-05
2515,1257.500000,3,9.880160e-05
2516,1258.000000,4,8.456601e-05
2517,1258.500000,4,8.358402e-05
2518,1259.000000,3,9.434818e-05
2519,1259.500000,3,9.533287e-05
2520,1260.000000,4,7.776681e-05
2521,1260.500000,3,8.842304e-05
2522,1261.000000,3,7.965568e-05
2523,1261.500000,3,8.466829e-05
2524,1262.000000,3,8.882330e-05
2525,1262.500000,3,9.319806e-05
2526,1263.000000,4,8.451651e-05
2527,1263.500000,4,8.567298e-05
2528,1264.000000,4,8.285516e-05
2529,1264.500000,3,9.749671e-05
2530,1265.000000,3,9.805176e-05
2531,1265.500000,4,8.081747e-05
2532,1266.000000,3,8.714069e-05
2533,1266.500000,3,8.171408e-05
2534,1267.000000,2,9.876476e-05
2535,1267.500000,3,7.516212e-05
2536,1268.000000,3,7.911596e-05
2537,1268.500000,2,9.203123e-05
2538,1269.000000,2,9.590526e-05
2539,1269.500000,3,8.620397e-05
2540,1270.000000,3,9.184343e-05
2541,1270.500000,3,9.160073e-05
2542,1271.000000,3,9.550395e-05
2543,1271.500000,3,9.993381e-05
2544,1272.000000,4,8.567533e-05
2545,1272.500000,4,8.307220e-05
2546,1273.000000,3,9.199662e-05
2547,1273.500000,3,9.418500e-05
2548,1274.000000,4,8.361584e-05
2549,1274.500000,4,8.334804e-05
2550,1275.000000,3,9.547006e-05
2551,1275.500000,3,9.985383e-05
2552,1276.000000,4,8.798716e-05
2553,1276.500000,4,8.347775e-05
2554,1277.000000,3,9.094721e-05
2555,1277.500000,3,9.484700e-05
2556,1278.000000,4,8.279047e-05
2557,1278.500000,3,9.338672e-05
2558,1279.000000,3,9.617279e-05
2559,1279.500000,4,8.953679e-05
2560,1280.000000,4,9.239429e-05
2561,1280.500000,4,9.256997e-05
2562,1281.000000,4,8.778993e-05
2563,1281.500000,3,9.739431e-05
2564,1282.000000,3,9.633917e-05
2565,1282.500000,4,8.411953e-05
2566,1283.000000,4,8.647346e-05
2567,1283.500000,4,8.769278e-05
2568,1284.000000,4,8.830972e-05
2569,1284.500000,4,8.658280e-05
2570,1285.000000,4,8.279964e-05
2571,1285.500000,3,9.838052e-05
2572,1286.000000,4,8.141713e-05
2573,1286.500000,3,9.783471e-05
2574,1287.000000,3,9.789637e-05
2575,1287.500000,4,8.145967e-05
2576,1288.000000,3,9.316665e-05
2577,1288.500000,3,8.755531e-05
2578,1289.000000,3,8.552091e-05
2579,1289.500000,3,7.582202e-05
2580,1290.000000,2,9.516552e-05
2581,1290.500000,2,9.081379e-05
2582,1291.000000,2,9.383946e-05
2583,1291.500000,2,9.898243e-05
2584,1292.000000,2,9.405832e-05
2585,1292.500000,3,8.123970e-05
2586,1293.000000,3,8.299411e-05
2587,1293.500000,2,9.992656e-05
2588,1294.000000,3,9.481919e-05
2589,1294.500000,4,9.100282e-05
2590,1295.000000,4,8.972112e-05
2591,1295.500000,4,8.726957e-05
2592,1296.000000,4,8.459644e-05
2593,1296.500000,3,9.799846e-05
2594,1297.000000,4,8.542620e-05
2595,1297.500000,4,8.547803e-05
2596,1298.000000,3,9.738779e-05
2597,1298.500000,3,9.983697e-05
2598,1299.000000,4,8.491905e-05
2599,1299.500000,3,9.596529e-05
2600,1300.000000,3,9.421898e-05
2601,1300.500000,4,8.232929e-05
2602,1301.000000,4,8.259324e-05
2603,1301.500000,3,9.934974e-05
2604,1302.000000,4,9.004261e-05
2605,1302.500000,4,9.375202e-05
2606,1303.000000,4,9.256075e-05
2607,1303.500000,4,9.239469e-05
2608,1304.000000,4,9.301479e-05
2609,1304.500000,4,9.436579e-05
2610,1305.000000,4,9.582375e-05
2611,1305.500000,4,9.560973e-05
2612,1306.000000,4,9.177340e-05
2613,1306.500000,4,8.453787e-05
2614,1307.000000,3,9.728074e-05
2615,1307.500000,3,8.841256e-05
2616,1308.000000,3,8.256038e-05
2617,1308.500000,3,7.908513e-05
2618,1309.000000,2,9.083983e-05
2619,1309.500000,2,9.227188e-05
2620,1310.000000,2,9.858836e-05
2621,1310.500000,3,8.736633e-05
2622,1311.000000,4,8.464353e-05
2623,1311.500000,4,8.422352e-05
2624,1312.000000,3,9.535218e-05
2625,1312.500000,3,9.452590e-05
2626,1313.000000,3,9.242660e-05
2627,1313.500000,3,8.730747e-05
2628,1314.000000,3,8.599120e-05
2629,1314.500000,3,8.211903e-05
2630,1315.000000,2,9.759282e-05
2631,1315.500000,3,8.444934e-05
2632,1316.000000,3,9.245782e-05
2633,1316.500000,3,9.314814e-05
2634,1317.000000,3,9.481450e-05
2635,1317.500000,3,9.793950e-05
2636,1318.000000,3,9.700847e-05
2637,1318.500000,3,9.668757e-05
2638,1319.000000,4,8.443580e-05
2639,1319.500000,4,8.298083e-05
2640,1320.000000,3,9.650688e-05
2641,1320.500000,3,9.996637e-05
2642,1321.000000,4,8.962840e-05
2643,1321.500000,4,8.748012e-05
2644,1322.000000,4,8.293971e-05
2645,1322.500000,3,9.638141e-05
2646,1323.000000,3,9.505216e-05
2647,1323.500000,3,9.812555e-05
2648,1324.000000,4,7.993231e-05
2649,1324.500000,3,9.342046e-05
2650,1325.000000,3,9.489873e-05
2651,1325.500000,4,8.762140e-05
2652,1326.000000,4,8.772563e-05
2653,1326.500000,4,8.650531e-05
2654,1327.000000,4,8.254065e-05
2655,1327.500000,3,9.473045e-05
2656,1328.000000,3,9.501263e-05
2657,1328.500000,3,9.586704e-05
2658,1329.000000,3,9.689587e-05
2659,1329.500000,4,8.203927e-05
2660,1330.000000,3,9.532914e-05
2661,1330.500000,3,9.727654e-05
2662,1331.000000,4,8.306145e-05
2663,1331.500000,3,9.610736e-05
2664,1332.000000,3,9.539043e-05
2665,1332.500000,4,8.124395e-05
2666,1333.000000,3,9.592912e-05
2667,1333.500000,3,9.478341e-05
2668,1334.000000,4,8.244525e-05
2669,1334.500000,4,8.026563e-05
2670,1335.000000,3,9.111955e-05
2671,1335.500000,3,8.607164e-05
2672,1336.000000,3,8.683674e-05
2673,1336.500000,3,8.508531e-05
2674,1337.000000,2,9.914039e-05
2675,1337.500000,3,7.534617e-05
2676,1338.000000,3,7.772867e-05
2677,1338.500000,2,9.215898e-05
2678,1339.000000,2,9.963797e-05
2679,1339.500000,3,9.376145e-05
2680,1340.000000,4,9.023980e-05
2681,1340.500000,4,9.239739e-05
2682,1341.000000,4,9.269760e-05
2683,1341.500000,4,9.129642e-05
2684,1342.000000,4,8.661865e-05
2685,1342.500000,4,8.153326e-05
2686,1343.000000,3,9.477904e-05
2687,1343.500000,3,9.775631e-05
2688,1344.000000,4,8.487371e-05
2689,1344.500000,3,9.853308e-05
2690,1345.000000,3,9.721793e-05
2691,1345.500000,3,9.963720e-05
2692,1346.000000,4,8.006573e-05
2693,1346.500000,3,9.605815e-05
2694,1347.000000,4,8.355277e-05
2695,1347.500000,4,8.961789e-05
2696,1348.000000,4,8.983212e-05
2697,1348.500000,4,9.003050e-05
2698,1349.000000,4,8.591250e-05
2699,1349.500000,3,9.795062e-05
2700,1350.000000,3,9.462811e-05
2701,1350.500000,3,9.905411e-05
2702,1351.000000,3,9.712974e-05
2703,1351.500000,3,9.047130e-05
2704,1352.000000,3,9.286613e-05
2705,1352.500000,3,9.275083e-05
2706,1353.000000,3,8.972912e-05
2707,1353.500000,3,9.516406e-05
2708,1354.000000,3,9.816197e-05
2709,1354.500000,3,9.991537e-05
2710,1355.000000,4,8.520433e-05
2711,1355.500000,4,8.474483e-05
2712,1356.000000,4,8.212143e-05
2713,1356.500000,4,8.230502e-05
2714,1357.000000,3,9.836953e-05
2715,1357.500000,3,9.982895e-05
2716,1358.000000,4,8.298084e-05
2717,1358.500000,3,9.694575e-05
2718,1359.000000,3,8.552739e-05
2719,1359.500000,3,7.920714e-05
2720,1360.000000,3,7.652350e-05
2721,1360.500000,2,9.570011e-05
2722,1361.000000,3,8.002885e-05
2723,1361.500000,3,9.009738e-05
2724,1362.000000,3,9.815378e-05
2725,1362.500000,4,8.923790e-05
2726,1363.000000,4,8.963973e-05
2727,1363.500000,4,8.453465e-05
2728,1364.000000,3,9.770355e-05
2729,1364.500000,3,9.813767e-05
2730,1365.000000,4,8.321348e-05
2731,1365.500000,3,9.697267e-05
2732,1366.000000,4,8.028271e-05
2733,1366.500000,3,9.518234e-05
2734,1367.000000,3,9.715125e-05
2735,1367.500000,4,8.236449e-05
2736,1368.000000,3,9.327807e-05
2737,1368.500000,3,9.196354e-05
2738,1369.000000,3,9.783918e-05
2739,1369.500000,4,8.229127e-05
2740,1370.000000,3,9.271501e-05
2741,1370.500000,3,8.783110e-05
2742,1371.000000,3,9.125588e-05
2743,1371.500000,3,8.939938e-05
2744,1372.000000,3,8.531063e-05
2745,1372.500000,3,8.342596e-05
2746,1373.000000,3,8.561909e-05
2747,1373.500000,3,8.976961e-05
2748,1374.000000,3,9.646528e-05
2749,1374.500000,4,8.562942e-05
2750,1375.000000,4,8.419357e-05
2751,1375.500000,3,9.913324e-05
2752,1376.000000,4,8.668002e-05
2753,1376.500000,4,8.944216e-05
2754,1377.000000,4,8.933272e-05
2755,1377.500000,4,8.839093e-05
2756,1378.000000,4,8.255950e-05
2757,1378.500000,3,9.016444e-05
2758,1379.000000,3,8.797510e-05
2759,1379.500000,3,8.955225e-05
2760,1380.000000,3,8.995785e-05
2761,1380.500000,4,8.330408e-05
2762,1381.000000,4,8.948601e-05
2763,1381.500000,4,8.889098e-05
2764,1382.000000,4,8.609426e-05
2765,1382.500000,4,8.198785e-05
2766,1383.000000,3,9.788943e-05
2767,1383.500000,4,8.107742e-05
2768,1384.000000,4,8.140786e-05
2769,1384.500000,3,9.480291e-05
2770,1385.000000,3,9.555035e-05
2771,1385.500000,4,7.887091e-05
2772,1386.000000,3,9.399973e-05
2773,1386.500000,3,8.877990e-05
2774,1387.000000,3,8.523547e-05
2775,1387.500000,3,8.167066e-05
2776,1388.000000,3,8.181688e-05
2777,1388.500000,3,8.041531e-05
2778,1389.000000,2,9.907102e-05
2779,1389.500000,3,8.476784e-05
2780,1390.000000,3,9.394241e-05
2781,1390.500000,3,9.357211e-05
2782,1391.000000,3,9.421270e-05
2783,1391.500000,3,9.303425e-05
2784,1392.000000,3,9.139420e-05
2785,1392.500000,3,9.319375e-05
2786,1393.000000,3,9.715249e-05
2787,1393.500000,4,8.314698e-05
2788,1394.000000,3,9.829873e-05
2789,1394.500000,3,9.849232e-05
2790,1395.000000,4,8.831583e-05
2791,1395.500000,4,8.612066e-05
2792,1396.000000,3,9.949112e-05
2793,1396.500000,4,8.441496e-05
2794,1397.000000,4,8.267341e-05
2795,1397.500000,3,9.611777e-05
2796,1398.000000,4,8.215411e-05
2797,1398.500000,4,8.087621e-05
2798,1399.000000,3,9.275462e-05
2799,1399.500000,3,9.636275e-05
2800,1400.000000,4,8.212592e-05
2801,1400.500000,3,9.628643e-05
2802,1401.000000,3,9.694952e-05
2803,1401.500000,4,8.476371e-05
2804,1402.000000,4,8.148672e-05
2805,1402.500000,3,9.364656e-05
2806,1403.000000,3,9.668801e-05
2807,1403.500000,4,8.055515e-05
2808,1404.000000,3,9.417099e-05
2809,1404.500000,3,9.528065e-05
2810,1405.000000,4,9.088389e-05
2811,1405.500000,4,9.548073e-05
2812,1406.000000,4,9.290180e-05
2813,1406.500000,4,8.632879e-05
2814,1407.000000,4,7.772720e-05
2815,1407.500000,3,8.805299e-05
2816,1408.000000,3,8.178976e-05
2817,1408.500000,3,8.285315e-05
2818,1409.000000,3,8.678084e-05
2819,1409.500000,3,8.755240e-05
2820,1410.000000,3,8.530128e-05
2821,1410.500000,3,8.598925e-05
2822,1411.000000,3,8.654709e-05
2823,1411.500000,3,8.293682e-05
2824,1412.000000,3,8.007039e-05
2825,1412.500000,3,8.064570e-05
2826,1413.000000,3,8.130945e-05
2827,1413.500000,3,8.121241e-05
2828,1414.000000,2,9.981206e-05
2829,1414.500000,3,8.462700e-05
2830,1415.000000,3,9.301374e-05
2831,1415.500000,3,9.507787e-05
2832,1416.000000,4,8.440531e-05
2833,1416.500000,4,8.314851e-05
2834,1417.000000,3,9.628226e-05
2835,1417.500000,3,9.692084e-05
2836,1418.000000,4,8.266844e-05
2837,1418.500000,3,9.904765e-05
2838,1419.000000,4,8.499771e-05
2839,1419.500000,4,8.742022e-05
2840,1420.000000,4,8.544861e-05
2841,1420.500000,4,8.175389e-05
2842,1421.000000,3,9.531715e-05
2843,1421.500000,3,9.949468e-05
2844,1422.000000,4,8.695402e-05
2845,1422.500000,4,8.467535e-05
2846,1423.000000,3,9.794885e-05
2847,1423.500000,3,9.894545e-05
2848,1424.000000,4,8.216323e-05
2849,1424.500000,3,9.658671e-05
2850,1425.000000,3,9.481611e-05
2851,1425.500000,3,9.804585e-05
2852,1426.000000,4,8.073965e-05
2853,1426.500000,3,9.709401e-05
2854,1427.000000,3,9.877703e-05
2855,1427.500000,4,8.486150e-05
2856,1428.000000,3,9.668101e-05
2857,1428.500000,3,8.939127e-05
2858,1429.000000,3,9.152404e-05
2859,1429.500000,3,9.037425e-05
2860,1430.000000,3,8.688874e-05
2861,1430.500000,3,8.475518e-05
2862,1431.000000,3,8.880431e-05
2863,1431.500000,3,9.800908e-05
2864,1432.000000,4,8.958726e-05
2865,1432.500000,4,9.137050e-05
2866,1433.000000,4,8.885034e-05
2867,1433.500000,4,8.569836e-05
2868,1434.000000,4,7.920407e-05
2869,1434.500000,3,8.898842e-05
2870,1435.000000,3,8.197764e-05
2871,1435.500000,3,7.952669e-05
2872,1436.000000,3,7.861276e-05
2873,1436.500000,2,9.878728e-05
2874,1437.000000,3,8.750302e-05
2875,1437.500000,4,8.362812e-05
2876,1438.000000,4,8.190709e-05
2877,1438.500000,3,9.474949e-05
2878,1439.000000,3,9.289068e-05
2879,1439.500000,3,9.631181e-05
2880,1440.000000,3,9.867611e-05
2881,1440.500000,3,9.977000e-05
2882,1441.000000,4,8.754709e-05
2883,1441.500000,4,8.953882e-05
2884,1442.000000,4,8.924243e-05
2885,1442.500000,4,8.849513e-05
2886,1443.000000,4,8.624197e-05
2887,1443.500000,4,8.272911e-05
2888,1444.000000,3,9.756812e-05
2889,1444.500000,4,8.141418e-05
2890,1445.000000,3,9.786180e-05
2891,1445.500000,4,8.223430e-05
2892,1446.000000,4,8.164396e-05
2893,1446.500000,3,9.215612e-05
2894,1447.000000,3,9.100066e-05
2895,1447.500000,3,9.516063e-05
2896,1448.000000,3,9.222671e-05
2897,1448.500000,3,8.295229e-05
2898,1449.000000,3,7.659776e-05
2899,1449.500000,2,9.625802e-05
2900,1450.000000,2,8.729571e-05
2901,1450.500000,2,9.868005e-05
2902,1451.000000,2,9.950901e-05
2903,1451.500000,3,8.673024e-05
2904,1452.000000,3,9.805960e-05
2905,1452.500000,4,8.940520e-05
2906,1453.000000,4,9.004667e-05
2907,1453.500000,4,8.813914e-05
2908,1454.000000,4,8.489469e-05
2909,1454.500000,3,9.652530e-05
2910,1455.000000,3,9.638504e-05
2911,1455.500000,4,7.983736e-05
2912,1456.000000,3,9.160316e-05
2913,1456.500000,3,9.116857e-05
2914,1457.000000,4,8.240967e-05
2915,1457.500000,3,9.849875e-05
2916,1458.000000,3,9.712603e-05
2917,1458.500000,4,7.969723e-05
2918,1459.000000,3,9.145400e-05
2919,1459.500000,3,9.209541e-05
2920,1460.000000,4,8.258722e-05
2921,1460.500000,4,8.353404e-05
2922,1461.000000,4,8.347981e-05
2923,1461.500000,4,8.426531e-05
2924,1462.000000,4,8.466202e-05
2925,1462.500000,4,8.574793e-05
2926,1463.000000,4,8.684111e-05
2927,1463.500000,4,8.742968e-05
2928,1464.000000,4,8.536684e-05
2929,1464.500000,4,7.950984e-05
2930,1465.000000,3,8.719324e-05
2931,1465.500000,3,8.034622e-05
2932,1466.000000,3,8.032809e-05
2933,1466.500000,2,9.140557e-05
2934,1467.000000,2,9.188445e-05
2935,1467.500000,2,8.771944e-05
2936,1468.000000,2,8.875305e-05
2937,1468.500000,2,9.020543e-05
2938,1469.000000,2,9.324247e-05
2939,1469.500000,3,9.148113e-05
2940,1470.000000,4,8.859954e-05
2941,1470.500000,4,8.626383e-05
2942,1471.000000,3,9.908607e-05
2943,1471.500000,3,9.821038e-05
2944,1472.000000,4,8.450341e-05
2945,1472.500000,3,9.851446e-05
2946,1473.000000,4,8.389516e-05
2947,1473.500000,4,8.461473e-05
2948,1474.000000,3,9.620591e-05
2949,1474.500000,3,9.932145e-05
2950,1475.000000,4,8.704810e-05
2951,1475.500000,4,8.577505e-05
2952,1476.000000,3,9.696924e-05
2953,1476.500000,3,9.764645e-05
2954,1477.000000,3,9.809436e-05
2955,1477.500000,3,9.833383e-05
2956,1478.000000,4,7.772861e-05
2957,1478.500000,3,9.180125e-05
2958,1479.000000,3,8.483000e-05
2959,1479.500000,3,9.180814e-05
2960,1480.000000,3,9.510346e-05
2961,1480.500000,3,9.999744e-05
2962,1481.000000,4,8.729868e-05
2963,1481.500000,4,8.976548e-05
2964,1482.000000,4,8.970364e-05
2965,1482.500000,4,9.264073e-05
2966,1483.000000,4,9.622518e-05
2967,1483.500000,5,8.278147e-05
2968,1484.000000,4,8.966792e-05
2969,1484.500000,4,8.825162e-05
2970,1485.000000,4,8.859094e-05
2971,1485.500000,4,8.444221e-05
2972,1486.000000,3,9.694543e-05
2973,1486.500000,3,9.129185e-05
2974,1487.000000,3,9.315855e-05
2975,1487.500000,3,9.058637e-05
2976,1488.000000,3,7.965244e-05
2977,1488.500000,3,7.175745e-05
2978,1489.000000,2,9.290321e-05
2979,1489.500000,2,8.824058e-05
2980,1490.000000,3,7.644160e-05
2981,1490.500000,3,8.444066e-05
2982,1491.000000,3,8.525600e-05
2983,1491.500000,3,9.060290e-05
2984,1492.000000,3,9.873744e-05
2985,1492.500000,3,9.986007e-05
2986,1493.000000,3,9.928735e-05
2987,1493.500000,4,7.986047e-05
2988,1494.000000,3,9.513374e-05
2989,1494.500000,3,9.399512e-05
2990,1495.000000,4,8.372463e-05
2991,1495.500000,4,8.264957e-05
2992,1496.000000,3,9.618535e-05
2993,1496.500000,4,8.169142e-05
2994,1497.000000,4,8.137936e-05
2995,1497.500000,3,9.400596e-05
2996,1498.000000,3,9.365101e-05
2997,1498.500000,3,9.369136e-05
2998,1499.000000,3,9.267940e-05
2999,1499.500000,3,9.366110e-05
3000,1500.000000,3,9.045999e-05
3001,1500.500000,3,9.200130e-05
3002,1501.000000,4,8.405478e-05
3003,1501.500000,4,8.753155e-05
3004,1502.000000,4,8.874618e-05
3005,1502.500000,4,9.128459e-05
3006,1503.000000,4,9.296943e-05
3007,1503.500000,4,9.333733e-05
3008,1504.000000,4,9.182656e-05
3009,1504.500000,4,8.862944e-05
3010,1505.000000,4,8.412668e-05
3011,1505.500000,3,9.830801e-05
3012,1506.000000,4,7.820844e-05
3013,1506.500000,3,9.602432e-05
3014,1507.000000,3,9.187907e-05
3015,1507.500000,3,9.235799e-05
3016,1508.000000,3,9.556364e-05
3017,1508.500000,4,8.276695e-05
3018,1509.000000,4,8.128237e-05
3019,1509.500000,3,8.813368e-05
3020,1510.000000,3,8.726302e-05
3021,1510.500000,3,8.829859e-05
3022,1511.000000,3,7.941443e-05
3023,1511.500000,2,9.990699e-05
3024,1512.000000,3,7.917115e-05
3025,1512.500000,3,8.226598e-05
3026,1513.000000,3,8.072285e-05
3027,1513.500000,3,8.286702e-05
3028,1514.000000,3,8.362444e-05
3029,1514.500000,3,8.327156e-05
3030,1515.000000,3,8.450648e-05
3031,1515.500000,3,8.615693e-05
3032,1516.000000,3,9.113483e-05
3033,1516.500000,3,9.785427e-05
3034,1517.000000,4,8.252371e-05
3035,1517.500000,3,9.424238e-05
3036,1518.000000,3,9.033781e-05
3037,1518.500000,3,9.664301e-05
3038,1519.000000,3,9.770397e-05
3039,1519.500000,3,9.989402e-05
3040,1520.000000,4,8.771276e-05
3041,1520.500000,4,9.062629e-05
3042,1521.000000,4,9.337182e-05
3043,1521.500000,4,9.715956e-05
3044,1522.000000,5,8.250238e-05
3045,1522.500000,4,8.491308e-05
3046,1523.000000,4,8.474337e-05
3047,1523.500000,4,8.630991e-05
3048,1524.000000,4,8.739237e-05
3049,1524.500000,4,8.810331e-05
3050,1525.000000,4,8.740953e-05
3051,1525.500000,4,8.367057e-05
3052,1526.000000,3,9.885401e-05
3053,1526.500000,3,9.566747e-05
3054,1527.000000,3,9.519844e-05
3055,1527.500000,3,9.386432e-05
3056,1528.000000,3,8.653726e-05
3057,1528.500000,2,9.618644e-05
3058,1529.000000,3,7.259742e-05
3059,1529.500000,2,9.496763e-05
3060,1530.000000,2,9.717470e-05
3061,1530.500000,3,9.290883e-05
3062,1531.000000,4,9.048270e-05
3063,1531.500000,4,9.219983e-05
3064,1532.000000,4,8.866439e-05
3065,1532.500000,4,8.239658e-05
3066,1533.000000,3,9.226316e-05
3067,1533.500000,3,8.528566e-05
3068,1534.000000,3,8.209562e-05
3069,1534.500000,3,8.058488e-05
3070,1535.000000,3,8.129342e-05
3071,1535.500000,3,8.356344e-05
3072,1536.000000,3,8.718747e-05
3073,1536.500000,3,9.117850e-05
3074,1537.000000,3,9.650742e-05
3075,1537.500000,3,9.969371e-05
3076,1538.000000,4,7.892502e-05
3077,1538.500000,3,9.256102e-05
3078,1539.000000,3,9.105678e-05
3079,1539.500000,4,8.189724e-05
3080,1540.000000,4,8.310205e-05
3081,1540.500000,4,8.198210e-05
3082,1541.000000,4,8.026995e-05
3083,1541.500000,3,9.621481e-05
3084,1542.000000,3,9.992227e-05
3085,1542.500000,4,8.461411e-05
3086,1543.000000,3,9.754632e-05
3087,1543.500000,3,9.979232e-05
3088,1544.000000,4,8.956273e-05
3089,1544.500000,4,9.072468e-05
3090,1545.000000,4,9.205977e-05
3091,1545.500000,4,9.339443e-05
3092,1546.000000,4,9.328099e-05
3093,1546.500000,4,9.072432e-05
3094,1547.000000,4,8.744335e-05
3095,1547.500000,4,8.352284e-05
3096,1548.000000,4,7.931669e-05
3097,1548.500000,3,9.294730e-05
3098,1549.000000,3,9.407919e-05
3099,1549.500000,3,9.486984e-05
3100,1550.000000,3,8.814277e-05
3101,1550.500000,3,8.340410e-05
3102,1551.000000,3,7.666975e-05
3103,1551.500000,2,8.386978e-05
3104,1552.000000,2,8.678552e-05
3105,1552.500000,2,9.105070e-05
3106,1553.000000,2,9.738288e-05
3107,1553.500000,3,8.669266e-05
3108,1554.000000,3,9.307077e-05
3109,1554.500000,3,9.524802e-05
3110,1555.000000,3,9.838872e-05
3111,1555.500000,4,8.212804e-05
3112,1556.000000,3,9.607169e-05
3113,1556.500000,3,9.974364e-05
3114,1557.000000,4,9.405021e-05
3115,1557.500000,4,9.587496e-05
3116,1558.000000,4,9.037376e-05
3117,1558.500000,4,8.174565e-05
3118,1559.000000,3,8.951801e-05
3119,1559.500000,3,8.609580e-05
3120,1560.000000,3,8.690100e-05
3121,1560.500000,3,9.020131e-05
3122,1561.000000,3,9.980669e-05
3123,1561.500000,4,9.119312e-05
3124,1562.000000,4,9.222105e-05
3125,1562.500000,4,8.616903e-05
3126,1563.000000,3,9.877643e-05
3127,1563.500000,3,9.955720e-05
3128,1564.000000,4,8.167758e-05
3129,1564.500000,3,9.432114e-05
3130,1565.000000,3,9.016008e-05
3131,1565.500000,3,9.848665e-05
3132,1566.000000,4,8.327200e-05
3133,1566.500000,4,8.218001e-05
3134,1567.000000,3,9.929674e-05
3135,1567.500000,4,8.831267e-05
3136,1568.000000,4,9.244899e-05
3137,1568.500000,4,9.023623e-05
3138,1569.000000,4,8.602798e-05
3139,1569.500000,3,9.682590e-05
3140,1570.000000,3,9.551369e-05
3141,1570.500000,3,9.861151e-05
3142,1571.000000,3,9.436845e-05
3143,1571.500000,3,9.562972e-05
3144,1572.000000,4,7.948849e-05
3145,1572.500000,3,9.475802e-05
3146,1573.000000,3,8.647710e-05
3147,1573.500000,3,8.443419e-05
3148,1574.000000,3,8.175949e-05
3149,1574.500000,2,9.553088e-05
3150,1575.000000,2,9.577693e-05
3151,1575.500000,3,8.023372e-05
3152,1576.000000,3,8.420542e-05
3153,1576.500000,3,9.200944e-05
3154,1577.000000,4,8.347501e-05
3155,1577.500000,3,9.899722e-05
3156,1578.000000,4,7.990698e-05
3157,1578.500000,3,9.997398e-05
3158,1579.000000,4,8.159860e-05
3159,1579.500000,3,9.979366e-05
3160,1580.000000,4,8.042059e-05
3161,1580.500000,4,8.122783e-05
3162,1581.000000,3,9.637192e-05
3163,1581.500000,4,8.446197e-05
3164,1582.000000,4,8.831151e-05
3165,1582.500000,4,8.486831e-05
3166,1583.000000,4,8.073255e-05
3167,1583.500000,3,9.462427e-05
3168,1584.000000,3,9.713184e-05
3169,1584.500000,4,7.993212e-05
3170,1585.000000,3,9.157122e-05
3171,1585.500000,3,8.861967e-05
3172,1586.000000,3,9.480804e-05
3173,1586.500000,3,9.740976e-05
3174,1587.000000,3,9.639916e-05
3175,1587.500000,3,9.673481e-05
3176,1588.000000,4,7.651717e-05
3177,1588.500000,3,9.034249e-05
3178,1589.000000,3,8.227512e-05
3179,1589.500000,3,8.836506e-05
3180,1590.000000,3,9.579367e-05
3181,1590.500000,4,8.321116e-05
3182,1591.000000,4,8.291220e-05
3183,1591.500000,4,8.264092e-05
3184,1592.000000,3,9.892799e-05
3185,1592.500000,4,8.332998e-05
3186,1593.000000,4,7.952003e-05
3187,1593.500000,3,9.147346e-05
3188,1594.000000,3,9.650458e-05
3189,1594.500000,4,9.193711e-05
3190,1595.000000,4,9.371415e-05
3191,1595.500000,4,8.839602e-05
3192,1596.000000,4,8.019937e-05
3193,1596.500000,3,9.363205e-05
3194,1597.000000,3,9.203085e-05
3195,1597.500000,3,9.411383e-05
3196,1598.000000,3,9.603698e-05
3197,1598.500000,3,9.969962e-05
3198,1599.000000,4,7.733222e-05
3199,1599.500000,3,9.074861e-05
3200,1600.000000,3,8.296785e-05
3201,1600.500000,3,7.995905e-05
3202,1601.000000,3,7.784100e-05
3203,1601.500000,3,8.068408e-05
3204,1602.000000,3,8.215547e-05
3205,1602.500000,3,8.889481e-05
3206,1603.000000,4,8.425013e-05
3207,1603.500000,4,8.851584e-05
3208,1604.000000,4,8.696198e-05
3209,1604.500000,4,8.376742e-05
3210,1605.000000,3,9.745422e-05
3211,1605.500000,3,9.535496e-05
3212,1606.000000,4,7.949338e-05
3213,1606.500000,3,9.231991e-05
3214,1607.000000,3,9.381805e-05
3215,1607.500000,4,8.101821e-05
3216,1608.000000,3,9.639794e-05
3217,1608.500000,3,9.597890e-05
3218,1609.000000,4,8.044340e-05
3219,1609.500000,3,9.023172e-05
3220,1610.000000,3,8.640911e-05
3221,1610.500000,3,9.255958e-05
3222,1611.000000,3,9.469949e-05
3223,1611.500000,3,9.469460e-05
3224,1612.000000,3,9.077184e-05
3225,1612.500000,3,8.644349e-05
3226,1613.000000,3,8.406561e-05
3227,1613.500000,2,9.809266e-05
3228,1614.000000,3,7.865682e-05
3229,1614.500000,3,8.768301e-05
3230,1615.000000,3,9.396162e-05
3231,1615.500000,4,8.650092e-05
3232,1616.000000,4,8.855389e-05
3233,1616.500000,4,8.961734e-05
3234,1617.000000,4,8.919190e-05
3235,1617.500000,4,8.563743e-05
3236,1618.000000,4,8.223232e-05
3237,1618.500000,4,8.148557e-05
3238,1619.000000,4,8.125049e-05
3239,1619.500000,3,9.524365e-05
3240,1620.000000,3,9.513179e-05
3241,1620.500000,4,7.525412e-05
3242,1621.000000,3,8.693179e-05
3243,1621.500000,2,9.697473e-05
3244,1622.000000,3,7.969400e-05
3245,1622.500000,3,8.735290e-05
3246,1623.000000,3,8.805010e-05
3247,1623.500000,3,9.510284e-05
3248,1624.000000,4,8.721499e-05
3249,1624.500000,4,9.282237e-05
3250,1625.000000,4,9.342642e-05
3251,1625.500000,4,9.373679e-05
3252,1626.000000,4,9.148725e-05
3253,1626.500000,4,8.545448e-05
3254,1627.000000,3,9.768063e-05
3255,1627.500000,4,7.774724e-05
3256,1628.000000,3,9.819462e-05
3257,1628.500000,3,9.181830e-05
3258,1629.000000,4,7.637654e-05
3259,1629.500000,3,9.321582e-05
3260,1630.000000,3,8.421352e-05
3261,1630.500000,3,8.560436e-05
3262,1631.000000,3,8.778216e-05
3263,1631.500000,3,8.914299e-05
3264,1632.000000,3,9.057525e-05
3265,1632.500000,3,9.458650e-05
3266,1633.000000,4,8.008195e-05
3267,1633.500000,3,9.784055e-05
3268,1634.000000,3,9.690653e-05
3269,1634.500000,4,7.955354e-05
3270,1635.000000,3,8.877869e-05
3271,1635.500000,3,8.355260e-05
3272,1636.000000,3,8.728410e-05
3273,1636.500000,3,8.812364e-05
3274,1637.000000,3,8.890801e-05
3275,1637.500000,3,9.541502e-05
3276,1638.000000,4,8.597164e-05
3277,1638.500000,4,8.979218e-05
3278,1639.000000,4,8.870077e-05
3279,1639.500000,4,8.731551e-05
3280,1640.000000,4,8.337766e-05
3281,1640.500000,3,9.988794e-05
3282,1641.000000,3,9.610508e-05
3283,1641.500000,4,7.716719e-05
3284,1642.000000,3,9.461237e-05
3285,1642.500000,3,8.714347e-05
3286,1643.000000,3,8.878005e-05
3287,1643.500000,3,9.728398e-05
3288,1644.000000,4,8.733949e-05
3289,1644.500000,4,9.179935e-05
3290,1645.000000,4,9.367154e-05
3291,1645.500000,4,9.696261e-05
3292,1646.000000,4,9.901751e-05
3293,1646.500000,4,9.932257e-05
3294,1647.000000,4,9.567514e-05
3295,1647.500000,4,8.920886e-05
3296,1648.000000,4,7.979888e-05
3297,1648.500000,3,8.957606e-05
3298,1649.000000,3,8.000214e-05
3299,1649.500000,3,7.986522e-05
3300,1650.000000,3,8.022693e-05
3301,1650.500000,2,9.727041e-05
3302,1651.000000,3,7.943149e-05
3303,1651.500000,3,8.905084e-05
3304,1652.000000,3,9.032925e-05
3305,1652.500000,3,9.505426e-05
3306,1653.000000,4,8.425470e-05
3307,1653.500000,4,8.293469e-05
3308,1654.000000,3,9.251746e-05
3309,1654.500000,3,8.946090e-05
3310,1655.000000,3,9.496724e-05
3311,1655.500000,3,9.627020e-05
3312,1656.000000,3,9.574761e-05
3313,1656.500000,3,9.853747e-05
3314,1657.000000,4,8.048066e-05
3315,1657.500000,3,9.597570e-05
3316,1658.000000,3,9.663114e-05
3317,1658.500000,4,8.361175e-05
3318,1659.000000,4,8.207630e-05
3319,1659.500000,3,9.644349e-05
3320,1660.000000,4,8.178606e-05
3321,1660.500000,4,8.182622e-05
3322,1661.000000,3,9.263194e-05
3323,1661.500000,3,9.551156e-05
3324,1662.000000,4,7.830773e-05
3325,1662.500000,3,9.008013e-05
3326,1663.000000,3,8.025497e-05
3327,1663.500000,3,8.118734e-05
3328,1664.000000,3,8.052378e-05
3329,1664.500000,2,9.593719e-05
3330,1665.000000,3,7.857033e-05
3331,1665.500000,3,8.770308e-05
3332,1666.000000,3,9.056369e-05
3333,1666.500000,4,8.279256e-05
3334,1667.000000,4,8.587871e-05
3335,1667.500000,4,8.657788e-05
3336,1668.000000,4,8.551495e-05
3337,1668.500000,4,8.146630e-05
3338,1669.000000,3,9.274735e-05
3339,1669.500000,3,8.897972e-05
3340,1670.000000,3,9.598076e-05
3341,1670.500000,4,8.463640e-05
3342,1671.000000,4,8.289781e-05
3343,1671.500000,3,9.736112e-05
3344,1672.000000,3,9.562654e-05
3345,1672.500000,3,9.265342e-05
3346,1673.000000,3,9.182502e-05
3347,1673.500000,3,9.372764e-05
3348,1674.000000,3,9.723200e-05
3349,1674.500000,4,8.194458e-05
3350,1675.000000,3,9.904454e-05
3351,1675.500000,4,8.312899e-05
3352,1676.000000,4,8.198075e-05
3353,1676.500000,3,9.410184e-05
3354,1677.000000,3,9.292564e-05
3355,1677.500000,3,9.307844e-05
3356,1678.000000,3,9.127331e-05
3357,1678.500000,3,8.821701e-05
3358,1679.000000,3,8.542289e-05
3359,1679.500000,3,8.860842e-05
3360,1680.000000,3,9.543260e-05
3361,1680.500000,4,8.481469e-05
3362,1681.000000,4,8.607989e-05
3363,1681.500000,4,8.687801e-05
3364,1682.000000,4,8.526418e-05
3365,1682.500000,3,9.750767e-05
3366,1683.000000,3,9.630711e-05
3367,1683.500000,3,9.734710e-05
3368,1684.000000,3,9.360746e-05
3369,1684.500000,4,8.271877e-05
3370,1685.000000,4,8.644080e-05
3371,1685.500000,4,8.143355e-05
3372,1686.000000,3,9.157327e-05
3373,1686.500000,3,9.089405e-05
3374,1687.000000,3,9.323335e-05
3375,1687.500000,3,9.087394e-05
3376,1688.000000,3,9.145722e-05
3377,1688.500000,3,9.568991e-05
3378,1689.000000,4,8.027658e-05
3379,1689.500000,3,9.716209e-05
3380,1690.000000,3,9.993846e-05
3381,1690.500000,4,8.591947e-05
3382,1691.000000,4,8.178794e-05
3383,1691.500000,3,9.375343e-05
3384,1692.000000,3,9.682360e-05
3385,1692.500000,4,8.766125e-05
3386,1693.000000,4,8.783953e-05
3387,1693.500000,4,8.461674e-05
3388,1694.000000,4,7.955694e-05
3389,1694.500000,3,9.257453e-05
3390,1695.000000,3,9.010668e-05
3391,1695.500000,3,8.537870e-05
3392,1696.000000,3,7.691099e-05
3393,1696.500000,3,7.277090e-05
3394,1697.000000,2,8.328708e-05
3395,1697.500000,2,8.529625e-05
3396,1698.000000,2,9.075856e-05
3397,1698.500000,3,7.903084e-05
3398,1699.000000,3,9.301064e-05
3399,1699.500000,4,8.436984e-05
3400,1700.000000,4,8.715247e-05
3401,1700.500000,4,8.521691e-05
3402,1701.000000,4,8.382899e-05
3403,1701.500000,4,8.206609e-05
3404,1702.000000,4,8.146222e-05
3405,1702.500000,3,9.947230e-05
3406,1703.000000,4,8.524040e-05
3407,1703.500000,4,8.495894e-05
3408,1704.000000,4,7.796867e-05
3409,1704.500000,3,9.190359e-05
3410,1705.000000,3,9.061036e-05
3411,1705.500000,3,9.438495e-05
3412,1706.000000,3,9.821845e-05
3413,1706.500000,4,7.682051e-05
3414,1707.000000,3,9.059099e-05
3415,1707.500000,3,8.881156e-05
3416,1708.000000,3,9.697726e-05
3417,1708.500000,4,8.177643e-05
3418,1709.000000,3,9.592173e-05
3419,1709.500000,3,9.252856e-05
3420,1710.000000,3,9.677008e-05
3421,1710.500000,3,9.624458e-05
3422,1711.000000,3,9.465669e-05
3423,1711.500000,3,9.588799e-05
3424,1712.000000,3,9.960951e-05
3425,1712.500000,4,8.200472e-05
3426,1713.000000,4,7.925879e-05
3427,1713.500000,3,9.526589e-05
3428,1714.000000,4,8.433481e-05
3429,1714.500000,4,8.840980e-05
3430,1715.000000,4,8.656878e-05
3431,1715.500000,4,8.399117e-05
3432,1716.000000,3,9.942603e-05
3433,1716.500000,3,9.825495e-05
3434,1717.000000,4,7.784906e-05
3435,1717.500000,3,8.686846e-05
3436,1718.000000,3,8.283170e-05
3437,1718.500000,3,8.304041e-05
3438,1719.000000,3,7.986081e-05
3439,1719.500000,3,8.499041e-05
3440,1720.000000,3,9.325043e-05
3441,1720.500000,4,8.303616e-05
3442,1721.000000,4,8.485304e-05
3443,1721.500000,4,8.383334e-05
3444,1722.000000,4,8.335384e-05
3445,1722.500000,4,8.045118e-05
3446,1723.000000,3,9.752271e-05
3447,1723.500000,4,8.028811e-05
3448,1724.000000,3,9.839947e-05
3449,1724.500000,3,9.791301e-05
3450,1725.000000,4,8.244975e-05
3451,1725.500000,3,9.379751e-05
3452,1726.000000,3,8.996739e-05
3453,1726.500000,3,9.249317e-05
3454,1727.000000,3,8.640578e-05
3455,1727.500000,3,8.225307e-05
3456,1728.000000,3,8.438480e-05
3457,1728.500000,3,8.853651e-05
3458,1729.000000,3,9.403858e-05
3459,1729.500000,3,9.841284e-05
3460,1730.000000,4,7.703330e-05
3461,1730.500000,3,8.648874e-05
3462,1731.000000,2,9.672764e-05
3463,1731.500000,3,8.031765e-05
3464,1732.000000,3,8.868342e-05
3465,1732.500000,3,9.261767e-05
3466,1733.000000,4,8.604157e-05
3467,1733.500000,4,8.913637e-05
3468,1734.000000,4,8.543806e-05
3469,1734.500000,4,8.081956e-05
3470,1735.000000,3,9.642769e-05
3471,1735.500000,4,8.493452e-05
3472,1736.000000,4,8.881146e-05
3473,1736.500000,4,8.565216e-05
3474,1737.000000,4,8.198991e-05
3475,1737.500000,3,9.609839e-05
3476,1738.000000,3,9.303091e-05
3477,1738.500000,3,9.849894e-05
3478,1739.000000,4,7.942588e-05
3479,1739.500000,3,9.842279e-05
3480,1740.000000,4,7.971536e-05
3481,1740.500000,4,8.194921e-05
3482,1741.000000,4,8.107636e-05
3483,1741.500000,4,8.320757e-05
3484,1742.000000,4,8.490522e-05
3485,1742.500000,4,8.488393e-05
3486,1743.000000,4,8.079709e-05
3487,1743.500000,3,9.669400e-05
3488,1744.000000,3,9.685561e-05
3489,1744.500000,3,9.586526e-05
3490,1745.000000,3,9.215388e-05
3491,1745.500000,3,9.258985e-05
3492,1746.000000,3,8.739448e-05
3493,1746.500000,3,7.870845e-05
3494,1747.000000,3,7.733228e-05
3495,1747.500000,3,8.046582e-05
3496,1748.000000,3,8.374461e-05
3497,1748.500000,3,8.935744e-05
3498,1749.000000,3,9.730169e-05
3499,1749.500000,4,8.433950e-05
3500,1750.000000,4,8.304622e-05
3501,1750.500000,3,9.609580e-05
3502,1751.000000,3,9.192521e-05
3503,1751.500000,3,9.377647e-05
3504,1752.000000,3,9.670969e-05
3505,1752.500000,3,9.382537e-05
3506,1753.000000,3,9.013402e-05
3507,1753.500000,3,9.391430e-05
3508,1754.000000,3,9.845799e-05
3509,1754.500000,4,8.391324e-05
3510,1755.000000,4,8.158327e-05
3511,1755.500000,3,9.585245e-05
3512,1756.000000,3,9.834971e-05
3513,1756.500000,4,8.535738e-05
3514,1757.000000,4,8.400423e-05
3515,1757.500000,4,8.125564e-05
3516,1758.000000,3,9.961298e-05
3517,1758.500000,4,8.549915e-05
3518,1759.000000,4,8.357444e-05
3519,1759.500000,3,9.535127e-05
3520,1760.000000,3,9.434551e-05
3521,1760.500000,3,9.574065e-05
3522,1761.000000,3,9.580569e-05
3523,1761.500000,3,9.870716e-05
3524,1762.000000,4,8.066731e-05
3525,1762.500000,3,9.769322e-05
3526,1763.000000,4,8.234329e-05
3527,1763.500000,4,8.016922e-05
3528,1764.000000,3,9.106003e-05
3529,1764.500000,3,8.759504e-05
3530,1765.000000,3,8.377149e-05
3531,1765.500000,3,7.787695e-05
3532,1766.000000,2,9.943778e-05
3533,1766.500000,2,9.229674e-05
3534,1767.000000,3,7.307833e-05
3535,1767.500000,2,9.710656e-05
3536,1768.000000,2,9.403925e-05
3537,1768.500000,3,8.355599e-05
3538,1769.000000,3,9.519900e-05
3539,1769.500000,3,9.989321e-05
3540,1770.000000,4,8.597863e-05
3541,1770.500000,4,8.329468e-05
3542,1771.000000,3,9.603740e-05
3543,1771.500000,3,9.891192e-05
3544,1772.000000,4,8.902901e-05
3545,1772.500000,4,8.539746e-05
3546,1773.000000,3,9.774435e-05
3547,1773.500000,4,8.278940e-05
3548,1774.000000,4,8.339797e-05
3549,1774.500000,3,9.975407e-05
3550,1775.000000,4,8.655146e-05
3551,1775.500000,4,9.034772e-05
3552,1776.000000,4,9.066473e-05
3553,1776.500000,4,9.277781e-05
3554,1777.000000,4,9.174262e-05
3555,1777.500000,4,8.637558e-05
3556,1778.000000,3,9.991171e-05
3557,1778.500000,3,9.890281e-05
3558,1779.000000,3,9.946235e-05
3559,1779.500000,3,9.238021e-05
3560,1780.000000,3,9.388861e-05
3561,1780.500000,4,8.053940e-05
3562,1781.000000,4,8.379237e-05
3563,1781.500000,4,8.643850e-05
3564,1782.000000,4,8.830457e-05
3565,1782.500000,4,8.490079e-05
3566,1783.000000,3,9.758217e-05
3567,1783.500000,4,7.791884e-05
3568,1784.000000,3,9.815677e-05
3569,1784.500000,4,8.187927e-05
3570,1785.000000,4,8.527575e-05
3571,1785.500000,4,8.316252e-05
3572,1786.000000,4,7.921746e-05
3573,1786.500000,3,9.328340e-05
3574,1787.000000,3,8.910540e-05
3575,1787.500000,3,8.426083e-05
3576,1788.000000,3,8.025486e-05
3577,1788.500000,2,9.852959e-05
3578,1789.000000,2,9.200098e-05
3579,1789.500000,2,9.948080e-05
3580,1790.000000,2,9.361986e-05
3581,1790.500000,3,7.314336e-05
3582,1791.000000,2,9.756748e-05
3583,1791.500000,2,9.736874e-05
3584,1792.000000,3,8.575269e-05
3585,1792.500000,3,9.713699e-05
3586,1793.000000,4,8.397226e-05
3587,1793.500000,4,8.359585e-05
3588,1794.000000,3,9.972419e-05
3589,1794.500000,4,8.698847e-05
3590,1795.000000,4,8.825944e-05
3591,1795.500000,4,8.377167e-05
3592,1796.000000,4,8.037600e-05
3593,1796.500000,3,9.480026e-05
3594,1797.000000,3,9.626316e-05
3595,1797.500000,4,8.340807e-05
3596,1798.000000,4,8.064496e-05
3597,1798.500000,3,9.549743e-05
3598,1799.000000,3,9.826212e-05
3599,1799.500000,4,8.861130e-05
3600,1800.000000,4,8.990539e-05
3601,1800.500000,4,9.059309e-05
3602,1801.000000,4,9.165996e-05
3603,1801.500000,4,9.215136e-05
3604,1802.000000,4,9.265792e-05
3605,1802.500000,4,9.258784e-05
3606,1803.000000,4,9.029152e-05
3607,1803.500000,4,8.470500e-05
3608,1804.000000,3,9.620939e-05
3609,1804.500000,3,9.075182e-05
3610,1805.000000,3,9.198796e-05
3611,1805.500000,3,8.568748e-05
3612,1806.000000,2,9.632806e-05
3613,1806.500000,3,7.296182e-05
3614,1807.000000,2,9.227410e-05
3615,1807.500000,2,9.500491e-05
3616,1808.000000,3,8.210248e-05
3617,1808.500000,3,8.812718e-05
3618,1809.000000,3,9.425079e-05
3619,1809.500000,4,8.640226e-05
3620,1810.000000,4,8.748186e-05
3621,1810.500000,4,8.886403e-05
3622,1811.000000,4,8.943112e-05
3623,1811.500000,4,8.546005e-05
3624,1812.000000,3,9.804704e-05
3625,1812.500000,3,9.691187e-05
3626,1813.000000,3,9.812040e-05
3627,1813.500000,3,9.009251e-05
3628,1814.000000,3,8.157849e-05
3629,1814.500000,3,7.752910e-05
3630,1815.000000,2,9.347887e-05
3631,1815.500000,2,9.430894e-05
3632,1816.000000,3,7.989992e-05
3633,1816.500000,3,8.710421e-05
3634,1817.000000,3,9.167651e-05
3635,1817.500000,3,9.965204e-05
3636,1818.000000,4,8.778910e-05
3637,1818.500000,4,8.665858e-05
3638,1819.000000,4,8.277256e-05
3639,1819.500000,4,7.916369e-05
3640,1820.000000,3,9.545381e-05
3641,1820.500000,4,8.003527e-05
3642,1821.000000,4,8.106031e-05
3643,1821.500000,3,9.811153e-05
3644,1822.000000,4,9.093305e-05
3645,1822.500000,4,9.919309e-05
3646,1823.000000,5,8.380574e-05
3647,1823.500000,4,8.965507e-05
3648,1824.000000,4,8.644922e-05
3649,1824.500000,4,8.579556e-05
3650,1825.000000,4,8.340666e-05
3651,1825.500000,4,8.151301e-05
3652,1826.000000,3,9.856397e-05
3653,1826.500000,4,8.213100e-05
3654,1827.000000,4,7.851397e-05
3655,1827.500000,3,8.464690e-05
3656,1828.000000,3,7.535070e-05
3657,1828.500000,3,7.363792e-05
3658,1829.000000,2,9.343369e-05
3659,1829.500000,2,9.143649e-05
3660,1830.000000,3,7.558874e-05
3661,1830.500000,3,7.855236e-05
3662,1831.000000,2,9.613461e-05
3663,1831.500000,3,8.191728e-05
3664,1832.000000,3,9.413181e-05
3665,1832.500000,3,9.762561e-05
3666,1833.000000,4,8.092497e-05
3667,1833.500000,3,9.622841e-05
3668,1834.000000,3,9.642522e-05
3669,1834.500000,4,8.501247e-05
3670,1835.000000,4,8.297832e-05
3671,1835.500000,3,9.078026e-05
3672,1836.000000,3,9.011872e-05
3673,1836.500000,3,9.328810e-05
3674,1837.000000,3,8.888882e-05
3675,1837.500000,3,8.781174e-05
3676,1838.000000,3,9.271921e-05
3677,1838.500000,4,7.950726e-05
3678,1839.000000,4,8.033555e-05
3679,1839.500000,3,9.826387e-05
3680,1840.000000,4,8.612066e-05
3681,1840.500000,4,9.015280e-05
3682,1841.000000,4,8.767470e-05
3683,1841.500000,4,8.537382e-05
3684,1842.000000,4,8.131436e-05
3685,1842.500000,3,9.734359e-05
3686,1843.000000,3,9.952329e-05
3687,1843.500000,4,8.171683e-05
3688,1844.000000,3,9.605132e-05
3689,1844.500000,3,9.885363e-05
3690,1845.000000,4,9.072305e-05
3691,1845.500000,4,9.715810e-05
3692,1846.000000,4,9.619963e-05
3693,1846.500000,4,9.369671e-05
3694,1847.000000,4,9.194689e-05
3695,1847.500000,4,9.177437e-05
3696,1848.000000,4,9.145774e-05
3697,1848.500000,4,8.986553e-05
3698,1849.000000,4,8.578454e-05
3699,1849.500000,4,7.899942e-05
3700,1850.000000,3,8.723704e-05
3701,1850.500000,3,7.924508e-05
3702,1851.000000,3,8.195368e-05
3703,1851.500000,2,9.948004e-05
3704,1852.000000,3,7.409360e-05
3705,1852.500000,3,7.842384e-05
3706,1853.000000,2,8.627672e-05
3707,1853.500000,2,8.974080e-05
3708,1854.000000,2,8.586247e-05
3709,1854.500000,2,9.307045e-05
3710,1855.000000,2,9.568269e-05
3711,1855.500000,3,7.811530e-05
3712,1856.000000,3,8.918783e-05
3713,1856.500000,4,8.334301e-05
3714,1857.000000,4,8.900932e-05
3715,1857.500000,4,8.911943e-05
3716,1858.000000,4,8.889465e-05
3717,1858.500000,4,8.556523e-05
3718,1859.000000,3,9.971252e-05
3719,1859.500000,4,7.900747e-05
3720,1860.000000,3,9.815341e-05
3721,1860.500000,3,9.686995e-05
3722,1861.000000,4,8.182420e-05
3723,1861.500000,3,9.876116e-05
3724,1862.000000,4,7.875188e-05
3725,1862.500000,4,7.854667e-05
3726,1863.000000,3,9.208245e-05
3727,1863.500000,3,9.184370e-05
3728,1864.000000,3,9.575914e-05
3729,1864.500000,4,7.741795e-05
3730,1865.000000,3,9.880657e-05
3731,1865.500000,3,9.817455e-05
3732,1866.000000,4,8.969422e-05
3733,1866.500000,4,9.579921e-05
3734,1867.000000,5,8.151957e-05
3735,1867.500000,4,9.065193e-05
3736,1868.000000,4,9.240042e-05
3737,1868.500000,4,9.789273e-05
3738,1869.000000,5,8.209170e-05
3739,1869.500000,4,8.908288e-05
3740,1870.000000,4,8.618745e-05
3741,1870.500000,4,8.409824e-05
3742,1871.000000,3,9.858746e-05
3743,1871.500000,4,7.531727e-05
3744,1872.000000,3,9.257116e-05
3745,1872.500000,3,8.036722e-05
3746,1873.000000,3,7.536924e-05
3747,1873.500000,3,7.316680e-05
3748,1874.000000,2,8.729809e-05
3749,1874.500000,2,8.681592e-05
3750,1875.000000,2,9.232286e-05
3751,1875.500000,2,9.291114e-05
3752,1876.000000,3,7.557870e-05
3753,1876.500000,2,9.894689e-05
3754,1877.000000,3,8.212101e-05
3755,1877.500000,3,9.707662e-05
3756,1878.000000,4,9.157244e-05
3757,1878.500000,4,9.821587e-05
3758,1879.000000,4,9.857332e-05
3759,1879.500000,4,9.696519e-05
3760,1880.000000,4,9.078688e-05
3761,1880.500000,4,8.131986e-05
3762,1881.000000,3,8.895107e-05
3763,1881.500000,3,8.806126e-05
3764,1882.000000,3,9.128707e-05
3765,1882.500000,3,8.958177e-05
3766,1883.000000,3,9.444053e-05
3767,1883.500000,4,8.007357e-05
3768,1884.000000,4,7.975690e-05
3769,1884.500000,3,9.689646e-05
3770,1885.000000,4,8.276336e-05
3771,1885.500000,4,8.457069e-05
3772,1886.000000,4,8.111262e-05
3773,1886.500000,3,9.916518e-05
3774,1887.000000,4,8.525705e-05
3775,1887.500000,4,8.693852e-05
3776,1888.000000,4,8.283720e-05
3777,1888.500000,4,7.935233e-05
3778,1889.000000,3,9.498494e-05
3779,1889.500000,3,9.795951e-05
3780,1890.000000,4,8.789800e-05
3781,1890.500000,4,9.139385e-05
3782,1891.000000,4,8.945890e-05
3783,1891.500000,4,8.214604e-05
3784,1892.000000,3,8.792196e-05
3785,1892.500000,3,8.120202e-05
3786,1893.000000,2,9.770100e-05
3787,1893.500000,2,9.458293e-05
3788,1894.000000,2,9.405304e-05
3789,1894.500000,2,8.465748e-05
3790,1895.000000,2,8.933618e-05
3791,1895.500000,2,8.071452e-05
3792,1896.000000,2,8.766989e-05
3793,1896.500000,2,9.818270e-05
3794,1897.000000,3,9.406699e-05
3795,1897.500000,4,8.997189e-05
3796,1898.000000,4,8.842479e-05
3797,1898.500000,4,8.294509e-05
3798,1899.000000,3,9.880385e-05
3799,1899.500000,4,8.307388e-05
3800,1900.000000,4,8.351962e-05
3801,1900.500000,3,9.684483e-05
3802,1901.000000,4,7.890341e-05
3803,1901.500000,3,9.591264e-05
3804,1902.000000,3,9.238200e-05
3805,1902.500000,4,7.818560e-05
3806,1903.000000,3,9.652850e-05
3807,1903.500000,4,8.387350e-05
3808,1904.000000,4,8.863468e-05
3809,1904.500000,4,8.864606e-05
3810,1905.000000,4,8.771125e-05
3811,1905.500000,4,8.460427e-05
3812,1906.000000,4,7.887403e-05
3813,1906.500000,3,9.396766e-05
3814,1907.000000,3,9.454717e-05
3815,1907.500000,3,9.729192e-05
3816,1908.000000,3,9.403044e-05
3817,1908.500000,3,9.588719e-05
3818,1909.000000,4,8.079522e-05
3819,1909.500000,4,8.233855e-05
3820,1910.000000,4,8.116838e-05
3821,1910.500000,4,8.164239e-05
3822,1911.000000,4,8.286320e-05
3823,1911.500000,4,8.469043e-05
3824,1912.000000,4,8.510044e-05
3825,1912.500000,4,8.172055e-05
3826,1913.000000,3,9.716466e-05
3827,1913.500000,3,9.779259e-05
3828,1914.000000,3,9.739470e-05
3829,1914.500000,3,9.198917e-05
3830,1915.000000,3,8.943891e-05
3831,1915.500000,3,8.662656e-05
3832,1916.000000,3,8.080990e-05
3833,1916.500000,3,7.604658e-05
3834,1917.000000,3,7.528453e-05
3835,1917.500000,3,7.770338e-05
3836,1918.000000,3,8.284541e-05
3837,1918.500000,3,8.739007e-05
3838,1919.000000,3,9.366552e-05
3839,1919.500000,4,8.329169e-05
3840,1920.000000,4,8.548866e-05
3841,1920.500000,4,8.160106e-05
3842,1921.000000,3,9.550593e-05
3843,1921.500000,3,9.636499e-05
3844,1922.000000,4,7.866613e-05
3845,1922.500000,3,9.143900e-05
3846,1923.000000,3,7.941706e-05
3847,1923.500000,3,8.011209e-05
3848,1924.000000,3,7.883703e-05
3849,1924.500000,2,9.464842e-05
3850,1925.000000,3,7.793618e-05
3851,1925.500000,3,8.751315e-05
3852,1926.000000,3,9.111772e-05
3853,1926.500000,3,9.970102e-05
3854,1927.000000,4,8.530038e-05
3855,1927.500000,4,7.999887e-05
3856,1928.000000,3,8.579763e-05
3857,1928.500000,3,8.591821e-05
3858,1929.000000,3,9.570476e-05
3859,1929.500000,4,8.346928e-05
3860,1930.000000,4,8.135932e-05
3861,1930.500000,3,9.533849e-05
3862,1931.000000,4,8.202957e-05
3863,1931.500000,4,8.449536e-05
3864,1932.000000,4,8.350414e-05
3865,1932.500000,4,8.264751e-05
3866,1933.000000,4,7.842852e-05
3867,1933.500000,3,9.209944e-05
3868,1934.000000,3,8.843167e-05
3869,1934.500000,3,8.514745e-05
3870,1935.000000,3,8.049669e-05
3871,1935.500000,3,7.829790e-05
3872,1936.000000,2,9.510624e-05
3873,1936.500000,3,7.545628e-05
3874,1937.000000,3,8.756697e-05
3875,1937.500000,3,9.718483e-05
3876,1938.000000,4,9.106554e-05
3877,1938.500000,4,9.777205e-05
3878,1939.000000,4,9.972243e-05
3879,1939.500000,5,8.105139e-05
3880,1940.000000,4,8.514480e-05
3881,1940.500000,3,9.796899e-05
3882,1941.000000,4,7.785101e-05
3883,1941.500000,3,9.408311e-05
3884,1942.000000,3,8.946301e-05
3885,1942.500000,3,8.233856e-05
3886,1943.000000,3,7.086359e-05
3887,1943.500000,2,9.176612e-05
3888,1944.000000,2,7.861712e-05
3889,1944.500000,2,8.781546e-05
3890,1945.000000,2,9.027164e-05
3891,1945.500000,3,9.111969e-05
3892,1946.000000,4,8.566240e-05
3893,1946.500000,4,7.717147e-05
3894,1947.000000,3,8.868767e-05
3895,1947.500000,3,8.862258e-05
3896,1948.000000,3,9.618002e-05
3897,1948.500000,4,8.727048e-05
3898,1949.000000,4,8.995748e-05
3899,1949.500000,4,8.837460e-05
3900,1950.000000,4,8.696633e-05
3901,1950.500000,4,8.334854e-05
3902,1951.000000,3,9.769617e-05
3903,1951.500000,4,8.046972e-05
3904,1952.000000,4,7.803344e-05
3905,1952.500000,3,9.263231e-05
3906,1953.000000,3,9.847403e-05
3907,1953.500000,4,8.683135e-05
3908,1954.000000,4,8.333683e-05
3909,1954.500000,3,9.983235e-05
3910,1955.000000,4,8.408966e-05
3911,1955.500000,4,8.218163e-05
3912,1956.000000,3,9.441166e-05
3913,1956.500000,3,9.234154e-05
3914,1957.000000,3,9.421057e-05
3915,1957.500000,3,9.409498e-05
3916,1958.000000,3,9.077292e-05
3917,1958.500000,3,8.585611e-05
3918,1959.000000,3,9.126574e-05
3919,1959.500000,4,8.355009e-05
3920,1960.000000,4,8.736724e-05
3921,1960.500000,4,8.703976e-05
3922,1961.000000,4,8.239226e-05
3923,1961.500000,3,9.344256e-05
3924,1962.000000,3,9.020392e-05
3925,1962.500000,3,8.283024e-05
3926,1963.000000,2,9.606828e-05
3927,1963.500000,2,9.605585e-05
3928,1964.000000,2,9.080229e-05
3929,1964.500000,3,7.971909e-05
3930,1965.000000,3,8.984095e-05
3931,1965.500000,3,9.688691e-05
3932,1966.000000,4,7.909264e-05
3933,1966.500000,3,8.502021e-05
3934,1967.000000,3,7.855539e-05
3935,1967.500000,3,8.442914e-05
3936,1968.000000,3,9.072488e-05
3937,1968.500000,4,8.336756e-05
3938,1969.000000,4,8.547001e-05
3939,1969.500000,4,8.556992e-05
3940,1970.000000,4,8.526386e-05
3941,1970.500000,4,8.193642e-05
3942,1971.000000,3,9.441449e-05
3943,1971.500000,3,9.229846e-05
3944,1972.000000,3,9.432019e-05
3945,1972.500000,3,8.782201e-05
3946,1973.000000,3,8.445372e-05
3947,1973.500000,3,8.949093e-05
3948,1974.000000,3,9.785231e-05
3949,1974.500000,4,8.628280e-05
3950,1975.000000,4,8.588640e-05
3951,1975.500000,3,9.666791e-05
3952,1976.000000,3,9.393994e-05
3953,1976.500000,3,9.788803e-05
3954,1977.000000,3,9.418142e-05
3955,1977.500000,3,9.514736e-05
3956,1978.000000,4,8.231535e-05
3957,1978.500000,4,8.480628e-05
3958,1979.000000,4,8.216923e-05
3959,1979.500000,4,8.129028e-05
3960,1980.000000,4,8.106872e-05
3961,1980.500000,4,8.187438e-05
3962,1981.000000,4,8.259122e-05
3963,1981.500000,4,8.014411e-05
3964,1982.000000,3,9.546271e-05
3965,1982.500000,3,9.563150e-05
3966,1983.000000,3,9.051840e-05
3967,1983.500000,3,8.499893e-05
3968,1984.000000,3,8.173215e-05
3969,1984.500000,2,9.471596e-05
3970,1985.000000,3,8.341997e-05
3971,1985.500000,3,9.786983e-05
3972,1986.000000,4,8.920755e-05
3973,1986.500000,4,8.797073e-05
3974,1987.000000,4,7.812273e-05
3975,1987.500000,3,8.529030e-05
3976,1988.000000,3,7.793835e-05
3977,1988.500000,3,8.228960e-05
3978,1989.000000,3,8.509892e-05
3979,1989.500000,3,8.801913e-05
3980,1990.000000,3,9.268738e-05
3981,1990.500000,3,9.945996e-05
3982,1991.000000,4,8.022990e-05
3983,1991.500000,3,9.415465e-05
3984,1992.000000,3,8.798928e-05
3985,1992.500000,3,8.429348e-05
3986,1993.000000,3,7.325002e-05
3987,1993.500000,2,9.667812e-05
3988,1994.000000,2,8.810096e-05
3989,1994.500000,2,9.835425e-05
3990,1995.000000,3,8.253234e-05
3991,1995.500000,3,8.976887e-05
3992,1996.000000,3,9.866056e-05
3993,1996.500000,4,8.449555e-05
3994,1997.000000,4,8.121182e-05
3995,1997.500000,3,9.711194e-05
3996,1998.000000,4,8.945465e-05
3997,1998.500000,4,9.629151e-05
3998,1999.000000,4,9.988537e-05
3999,1999.500000,5,8.356737e-05
4000,2000.000000,4,8.542122e-05
