timestep,t,sor_iters,residual
1,0.050000,1000,2.370466e-05
2,0.039839,1000,3.437683e-05
3,0.059759,1000,3.945303e-05
4,0.079679,1000,4.170423e-05
5,0.099598,1000,4.266009e-05
6,0.119518,1000,4.307114e-05
7,0.139438,1000,4.324797e-05
8,0.159357,1000,4.332404e-05
9,0.179277,1000,4.335677e-05
10,0.199197,1000,4.337087e-05
11,0.219117,1000,4.337694e-05
12,0.239036,1000,4.337957e-05
13,0.258956,1000,4.338071e-05
14,0.278876,1000,4.338121e-05
15,0.298795,1000,4.338144e-05
16,0.318715,1000,4.338154e-05
17,0.338635,1000,4.338160e-05
18,0.358554,1000,4.338163e-05
19,0.378474,1000,4.338165e-05
20,0.398394,1000,4.338167e-05
21,0.418313,1000,4.338168e-05
22,0.438233,1000,4.338170e-05
23,0.458153,1000,4.338171e-05
24,0.478072,1000,4.338172e-05
25,0.497992,1000,4.338173e-05
26,0.517912,1000,4.338175e-05
27,0.537831,1000,4.338176e-05
28,0.557751,1000,4.338177e-05
29,0.577671,1000,4.338178e-05
30,0.597591,1000,4.338179e-05
31,0.617510,1000,4.338180e-05
32,0.637430,1000,4.338181e-05
33,0.657350,1000,4.338182e-05
34,0.677269,1000,4.338184e-05
35,0.697189,1000,4.338185e-05
36,0.717109,1000,4.338186e-05
37,0.737028,1000,4.338187e-05
38,0.756948,1000,4.338188e-05
39,0.776868,1000,4.338189e-05
40,0.796787,1000,4.338190e-05
41,0.816707,1000,4.338191e-05
42,0.836627,1000,4.338192e-05
43,0.856546,1000,4.338193e-05
44,0.876466,1000,4.338194e-05
45,0.896386,1000,4.338194e-05
46,0.916305,1000,4.338195e-05
47,0.936225,1000,4.338196e-05
48,0.956145,1000,4.338197e-05
49,0.976065,1000,4.338198e-05
50,0.995984,1000,4.338199e-05
51,1.015904,1000,4.338200e-05
52,1.035824,1000,4.338201e-05
53,1.055743,1000,4.338202e-05
54,1.075663,1000,4.338203e-05
55,1.095583,1000,4.338204e-05
56,1.115502,1000,4.338205e-05
57,1.135422,1000,4.338206e-05
58,1.155342,1000,4.338206e-05
59,1.175261,1000,4.338207e-05
60,1.195181,1000,4.338208e-05
61,1.215101,1000,4.338209e-05
62,1.235020,1000,4.338210e-05
63,1.254940,1000,4.338211e-05
64,1.274860,1000,4.338212e-05
65,1.294779,1000,4.338213e-05
66,1.314699,1000,4.338214e-05
67,1.334619,1000,4.338214e-05
68,1.354539,1000,4.338215e-05
69,1.374458,1000,4.338216e-05
70,1.394378,1000,4.338217e-05
71,1.414298,1000,4.338218e-05
72,1.434217,1000,4.338219e-05
73,1.454137,1000,4.338220e-05
74,1.474057,1000,4.338221e-05
75,1.493976,1000,4.338221e-05
76,1.513896,1000,4.338222e-05
77,1.533816,1000,4.338223e-05
78,1.553735,1000,4.338224e-05
79,1.573655,1000,4.338225e-05
80,1.593575,1000,4.338226e-05
81,1.613494,1000,4.338227e-05
82,1.633414,1000,4.338227e-05
83,1.653334,1000,4.338228e-05
84,1.673253,1000,4.338229e-05
85,1.693173,1000,4.338230e-05
86,1.713093,1000,4.338231e-05
87,1.733012,1000,4.338232e-05
88,1.752932,1000,4.338233e-05
89,1.772852,1000,4.338233e-05
90,1.792772,1000,4.338234e-05
91,1.812691,1000,4.338235e-05
92,1.832611,1000,4.338236e-05
93,1.852531,1000,4.338237e-05
94,1.872450,1000,4.338238e-05
95,1.892370,1000,4.338239e-05
96,1.912290,1000,4.338239e-05
97,1.932209,1000,4.338240e-05
98,1.952129,1000,4.338241e-05
99,1.972049,1000,4.338242e-05
100,1.991968,1000,4.338243e-05
101,2.011888,1000,4.338244e-05
102,2.031808,1000,4.338245e-05
103,2.051727,1000,4.338245e-05
104,2.071647,1000,4.338246e-05
105,2.091567,1000,4.338247e-05
106,2.111486,1000,4.338248e-05
107,2.131406,1000,4.338249e-05
108,2.151326,1000,4.338250e-05
109,2.171246,1000,4.338250e-05
110,2.191165,1000,4.338251e-05
111,2.211085,1000,4.338252e-05
112,2.231005,1000,4.338253e-05
113,2.250924,1000,4.338254e-05
114,2.270844,1000,4.338255e-05
115,2.290764,1000,4.338256e-05
116,2.310683,1000,4.338256e-05
117,2.330603,1000,4.338257e-05
118,2.350523,1000,4.338258e-05
119,2.370442,1000,4.338259e-05
120,2.390362,1000,4.338260e-05
121,2.410282,1000,4.338261e-05
122,2.430201,1000,4.338261e-05
123,2.450121,1000,4.338262e-05
124,2.470041,1000,4.338263e-05
125,2.489960,1000,4.338264e-05
126,2.509880,1000,4.338265e-05
127,2.529800,1000,4.338266e-05
128,2.549720,1000,4.338267e-05
129,2.569639,1000,4.338267e-05
130,2.589559,1000,4.338268e-05
131,2.609479,1000,4.338269e-05
132,2.629398,1000,4.338270e-05
133,2.649318,1000,4.338271e-05
134,2.669238,1000,4.338272e-05
135,2.689157,1000,4.338272e-05
136,2.709077,1000,4.338273e-05
137,2.728997,1000,4.338274e-05
138,2.748916,1000,4.338275e-05
139,2.768836,1000,4.338276e-05
140,2.788756,1000,4.338277e-05
141,2.808675,1000,4.338277e-05
142,2.828595,1000,4.338278e-05
143,2.848515,1000,4.338279e-05
144,2.868434,1000,4.338280e-05
145,2.888354,1000,4.338281e-05
146,2.908274,1000,4.338282e-05
147,2.928194,1000,4.338283e-05
148,2.948113,1000,4.338283e-05
149,2.968033,1000,4.338284e-05
150,2.987953,1000,4.338285e-05
151,3.007872,1000,4.338286e-05
152,3.027792,1000,4.338287e-05
153,3.047712,1000,4.338288e-05
154,3.067631,1000,4.338288e-05
155,3.087551,1000,4.338289e-05
156,3.107471,1000,4.338290e-05
157,3.127390,1000,4.338291e-05
158,3.147310,1000,4.338292e-05
159,3.167230,1000,4.338293e-05
160,3.187149,1000,4.338293e-05
161,3.207069,1000,4.338294e-05
162,3.226989,1000,4.338295e-05
163,3.246908,1000,4.338296e-05
164,3.266828,1000,4.338297e-05
165,3.286748,1000,4.338298e-05
166,3.306668,1000,4.338299e-05
167,3.326587,1000,4.338299e-05
168,3.346507,1000,4.338300e-05
169,3.366427,1000,4.338301e-05
170,3.386346,1000,4.338302e-05
171,3.406266,1000,4.338303e-05
172,3.426186,1000,4.338304e-05
173,3.446105,1000,4.338304e-05
174,3.466025,1000,4.338305e-05
175,3.485945,1000,4.338306e-05
176,3.505864,1000,4.338307e-05
177,3.525784,1000,4.338308e-05
178,3.545704,1000,4.338309e-05
179,3.565623,1000,4.338310e-05
180,3.585543,1000,4.338310e-05
181,3.605463,1000,4.338311e-05
182,3.625382,1000,4.338312e-05
183,3.645302,1000,4.338313e-05
184,3.665222,1000,4.338314e-05
185,3.685142,1000,4.338315e-05
186,3.705061,1000,4.338315e-05
187,3.724981,1000,4.338316e-05
188,3.744901,1000,4.338317e-05
189,3.764820,1000,4.338318e-05
190,3.784740,1000,4.338319e-05
191,3.804660,1000,4.338320e-05
192,3.824579,1000,4.338320e-05
193,3.844499,1000,4.338321e-05
194,3.864419,1000,4.338322e-05
195,3.884338,1000,4.338323e-05
196,3.904258,1000,4.338324e-05
197,3.924178,1000,4.338325e-05
198,3.944097,1000,4.338326e-05
199,3.964017,1000,4.338326e-05
200,3.983937,1000,4.338327e-05
201,4.003856,1000,4.338328e-05
202,4.023776,1000,4.338329e-05
203,4.043696,1000,4.338330e-05
204,4.063616,1000,4.338331e-05
205,4.083535,1000,4.338331e-05
206,4.103455,1000,4.338332e-05
207,4.123375,1000,4.338333e-05
208,4.143294,1000,4.338334e-05
209,4.163214,1000,4.338335e-05
210,4.183134,1000,4.338336e-05
211,4.203053,1000,4.338336e-05
212,4.222973,1000,4.338337e-05
213,4.242893,1000,4.338338e-05
214,4.262812,1000,4.338339e-05
215,4.282732,1000,4.338340e-05
216,4.302652,1000,4.338341e-05
217,4.322571,1000,4.338342e-05
218,4.342491,1000,4.338342e-05
219,4.362411,1000,4.338343e-05
220,4.382330,1000,4.338344e-05
221,4.402250,1000,4.338345e-05
222,4.422170,1000,4.338346e-05
223,4.442089,1000,4.338347e-05
224,4.462009,1000,4.338347e-05
225,4.481929,1000,4.338348e-05
226,4.501849,1000,4.338349e-05
227,4.521768,1000,4.338350e-05
228,4.541688,1000,4.338351e-05
229,4.561608,1000,4.338352e-05
230,4.581527,1000,4.338352e-05
231,4.601447,1000,4.338353e-05
232,4.621367,1000,4.338354e-05
233,4.641286,1000,4.338355e-05
234,4.661206,1000,4.338356e-05
235,4.681126,1000,4.338357e-05
236,4.701045,1000,4.338358e-05
237,4.720965,1000,4.338358e-05
238,4.740885,1000,4.338359e-05
239,4.760804,1000,4.338360e-05
240,4.780724,1000,4.338361e-05
241,4.800644,1000,4.338362e-05
242,4.820563,1000,4.338363e-05
243,4.840483,1000,4.338363e-05
244,4.860403,1000,4.338364e-05
245,4.880323,1000,4.338365e-05
246,4.900242,1000,4.338366e-05
247,4.920162,1000,4.338367e-05
248,4.940082,1000,4.338368e-05
249,4.960001,1000,4.338368e-05
250,4.979921,1000,4.338369e-05
251,4.999841,1000,4.338370e-05
252,5.019760,1000,4.338371e-05
253,5.039680,1000,4.338372e-05
254,5.059600,1000,4.338373e-05
255,5.079519,1000,4.338374e-05
256,5.099439,1000,4.338374e-05
257,5.119359,1000,4.338375e-05
258,5.139278,1000,4.338376e-05
259,5.159198,1000,4.338377e-05
260,5.179118,1000,4.338378e-05
261,5.199037,1000,4.338379e-05
262,5.218957,1000,4.338379e-05
263,5.238877,1000,4.338380e-05
264,5.258797,1000,4.338381e-05
265,5.278716,1000,4.338382e-05
266,5.298636,1000,4.338383e-05
267,5.318556,1000,4.338384e-05
268,5.338475,1000,4.338384e-05
269,5.358395,1000,4.338385e-05
270,5.378315,1000,4.338386e-05
271,5.398234,1000,4.338387e-05
272,5.418154,1000,4.338388e-05
273,5.438074,1000,4.338389e-05
274,5.457993,1000,4.338390e-05
275,5.477913,1000,4.338390e-05
276,5.497833,1000,4.338391e-05
277,5.517752,1000,4.338392e-05
278,5.537672,1000,4.338393e-05
279,5.557592,1000,4.338394e-05
280,5.577511,1000,4.338395e-05
281,5.597431,1000,4.338395e-05
282,5.617351,1000,4.338396e-05
283,5.637271,1000,4.338397e-05
284,5.657190,1000,4.338398e-05
285,5.677110,1000,4.338399e-05
286,5.697030,1000,4.338400e-05
287,5.716949,1000,4.338400e-05
288,5.736869,1000,4.338401e-05
289,5.756789,1000,4.338402e-05
290,5.776708,1000,4.338403e-05
291,5.796628,1000,4.338404e-05
292,5.816548,1000,4.338405e-05
293,5.836467,1000,4.338406e-05
294,5.856387,1000,4.338406e-05
295,5.876307,1000,4.338407e-05
296,5.896226,1000,4.338408e-05
297,5.916146,1000,4.338409e-05
298,5.936066,1000,4.338410e-05
299,5.955985,1000,4.338411e-05
300,5.975905,1000,4.338411e-05
301,5.995825,1000,4.338412e-05
302,6.015745,1000,4.338413e-05
303,6.035664,1000,4.338414e-05
304,6.055584,1000,4.338415e-05
305,6.075504,1000,4.338416e-05
306,6.095423,1000,4.338416e-05
307,6.115343,1000,4.338417e-05
308,6.135263,1000,4.338418e-05
309,6.155182,1000,4.338419e-05
310,6.175102,1000,4.338420e-05
311,6.195022,1000,4.338421e-05
312,6.214941,1000,4.338422e-05
313,6.234861,1000,4.338422e-05
314,6.254781,1000,4.338423e-05
315,6.274700,1000,4.338424e-05
316,6.294620,1000,4.338425e-05
317,6.314540,1000,4.338426e-05
318,6.334459,1000,4.338427e-05
319,6.354379,1000,4.338427e-05
320,6.374299,1000,4.338428e-05
321,6.394219,1000,4.338429e-05
322,6.414138,1000,4.338430e-05
323,6.434058,1000,4.338431e-05
324,6.453978,1000,4.338432e-05
325,6.473897,1000,4.338432e-05
326,6.493817,1000,4.338433e-05
327,6.513737,1000,4.338434e-05
328,6.533656,1000,4.338435e-05
329,6.553576,1000,4.338436e-05
330,6.573496,1000,4.338437e-05
331,6.593415,1000,4.338438e-05
332,6.613335,1000,4.338438e-05
333,6.633255,1000,4.338439e-05
334,6.653174,1000,4.338440e-05
335,6.673094,1000,4.338441e-05
336,6.693014,1000,4.338442e-05
337,6.712933,1000,4.338443e-05
338,6.732853,1000,4.338443e-05
339,6.752773,1000,4.338444e-05
340,6.772693,1000,4.338445e-05
341,6.792612,1000,4.338446e-05
342,6.812532,1000,4.338447e-05
343,6.832452,1000,4.338448e-05
344,6.852371,1000,4.338448e-05
345,6.872291,1000,4.338449e-05
346,6.892211,1000,4.338450e-05
347,6.912130,1000,4.338451e-05
348,6.932050,1000,4.338452e-05
349,6.951970,1000,4.338453e-05
350,6.971889,1000,4.338454e-05
351,6.991809,1000,4.338454e-05
352,7.011729,1000,4.338455e-05
353,7.031648,1000,4.338456e-05
354,7.051568,1000,4.338457e-05
355,7.071488,1000,4.338458e-05
356,7.091407,1000,4.338459e-05
357,7.111327,1000,4.338459e-05
358,7.131247,1000,4.338460e-05
359,7.151166,1000,4.338461e-05
360,7.171086,1000,4.338462e-05
361,7.191006,1000,4.338463e-05
362,7.210926,1000,4.338464e-05
363,7.230845,1000,4.338464e-05
364,7.250765,1000,4.338465e-05
365,7.270685,1000,4.338466e-05
366,7.290604,1000,4.338467e-05
367,7.310524,1000,4.338468e-05
368,7.330444,1000,4.338469e-05
369,7.350363,1000,4.338470e-05
370,7.370283,1000,4.338470e-05
371,7.390203,1000,4.338471e-05
372,7.410122,1000,4.338472e-05
373,7.430042,1000,4.338473e-05
374,7.449962,1000,4.338474e-05
375,7.469881,1000,4.338475e-05
376,7.489801,1000,4.338475e-05
377,7.509721,1000,4.338476e-05
378,7.529640,1000,4.338477e-05
379,7.549560,1000,4.338478e-05
380,7.569480,1000,4.338479e-05
381,7.589400,1000,4.338480e-05
382,7.609319,1000,4.338480e-05
383,7.629239,1000,4.338481e-05
384,7.649159,1000,4.338482e-05
385,7.669078,1000,4.338483e-05
386,7.688998,1000,4.338484e-05
387,7.708918,1000,4.338485e-05
388,7.728837,1000,4.338486e-05
389,7.748757,1000,4.338486e-05
390,7.768677,1000,4.338487e-05
391,7.788596,1000,4.338488e-05
392,7.808516,1000,4.338489e-05
393,7.828436,1000,4.338490e-05
394,7.848355,1000,4.338491e-05
395,7.868275,1000,4.338491e-05
396,7.888195,1000,4.338492e-05
397,7.908114,1000,4.338493e-05
398,7.928034,1000,4.338494e-05
399,7.947954,1000,4.338495e-05
400,7.967874,1000,4.338496e-05
401,7.987793,1000,4.338496e-05
402,8.007713,1000,4.338497e-05
403,8.027633,1000,4.338498e-05
404,8.047552,1000,4.338499e-05
405,8.067472,1000,4.338500e-05
406,8.087392,1000,4.338501e-05
407,8.107311,1000,4.338501e-05
408,8.127231,1000,4.338502e-05
409,8.147151,1000,4.338503e-05
410,8.167070,1000,4.338504e-05
411,8.186990,1000,4.338505e-05
412,8.206910,1000,4.338506e-05
413,8.226829,1000,4.338507e-05
414,8.246749,1000,4.338507e-05
415,8.266669,1000,4.338508e-05
416,8.286588,1000,4.338509e-05
417,8.306508,1000,4.338510e-05
418,8.326428,1000,4.338511e-05
419,8.346348,1000,4.338512e-05
420,8.366267,1000,4.338512e-05
421,8.386187,1000,4.338513e-05
422,8.406107,1000,4.338514e-05
423,8.426026,1000,4.338515e-05
424,8.445946,1000,4.338516e-05
425,8.465866,1000,4.338517e-05
426,8.485785,1000,4.338517e-05
427,8.505705,1000,4.338518e-05
428,8.525625,1000,4.338519e-05
429,8.545544,1000,4.338520e-05
430,8.565464,1000,4.338521e-05
431,8.585384,1000,4.338522e-05
432,8.605303,1000,4.338523e-05
433,8.625223,1000,4.338523e-05
434,8.645143,1000,4.338524e-05
435,8.665062,1000,4.338525e-05
436,8.684982,1000,4.338526e-05
437,8.704902,1000,4.338527e-05
438,8.724822,1000,4.338528e-05
439,8.744741,1000,4.338528e-05
440,8.764661,1000,4.338529e-05
441,8.784581,1000,4.338530e-05
442,8.804500,1000,4.338531e-05
443,8.824420,1000,4.338532e-05
444,8.844340,1000,4.338533e-05
445,8.864259,1000,4.338533e-05
446,8.884179,1000,4.338534e-05
447,8.904099,1000,4.338535e-05
448,8.924018,1000,4.338536e-05
449,8.943938,1000,4.338537e-05
450,8.963858,1000,4.338538e-05
451,8.983777,1000,4.338539e-05
452,9.003697,1000,4.338539e-05
453,9.023617,1000,4.338540e-05
454,9.043536,1000,4.338541e-05
455,9.063456,1000,4.338542e-05
456,9.083376,1000,4.338543e-05
457,9.103296,1000,4.338544e-05
458,9.123215,1000,4.338544e-05
459,9.143135,1000,4.338545e-05
460,9.163055,1000,4.338546e-05
461,9.182974,1000,4.338547e-05
462,9.202894,1000,4.338548e-05
463,9.222814,1000,4.338549e-05
464,9.242733,1000,4.338549e-05
465,9.262653,1000,4.338550e-05
466,9.282573,1000,4.338551e-05
467,9.302492,1000,4.338552e-05
468,9.322412,1000,4.338553e-05
469,9.342332,1000,4.338554e-05
470,9.362251,1000,4.338555e-05
471,9.382171,1000,4.338555e-05
472,9.402091,1000,4.338556e-05
473,9.422010,1000,4.338557e-05
474,9.441930,1000,4.338558e-05
475,9.461850,1000,4.338559e-05
476,9.481770,1000,4.338560e-05
477,9.501689,1000,4.338560e-05
478,9.521609,1000,4.338561e-05
479,9.541529,1000,4.338562e-05
480,9.561448,1000,4.338563e-05
481,9.581368,1000,4.338564e-05
482,9.601288,1000,4.338565e-05
483,9.621207,1000,4.338565e-05
484,9.641127,1000,4.338566e-05
485,9.661047,1000,4.338567e-05
486,9.680966,1000,4.338568e-05
487,9.700886,1000,4.338569e-05
488,9.720806,1000,4.338570e-05
489,9.740725,1000,4.338570e-05
490,9.760645,1000,4.338571e-05
491,9.780565,1000,4.338572e-05
492,9.800484,1000,4.338573e-05
493,9.820404,1000,4.338574e-05
494,9.840324,1000,4.338575e-05
495,9.860243,1000,4.338576e-05
496,9.880163,1000,4.338576e-05
497,9.900083,1000,4.338577e-05
498,9.920003,1000,4.338578e-05
499,9.939922,1000,4.338579e-05
500,9.959842,1000,4.338580e-05
501,9.979762,1000,4.338581e-05
502,9.999681,1000,4.338581e-05
503,10.019601,1000,4.338582e-05
504,10.039521,1000,4.338583e-05
505,10.059440,1000,4.338584e-05
506,10.079360,1000,4.338585e-05
507,10.099280,1000,4.338586e-05
508,10.119199,1000,4.338586e-05
509,10.139119,1000,4.338587e-05
510,10.159039,1000,4.338588e-05
511,10.178958,1000,4.338589e-05
512,10.198878,1000,4.338590e-05
513,10.218798,1000,4.338591e-05
514,10.238717,1000,4.338592e-05
515,10.258637,1000,4.338592e-05
516,10.278557,1000,4.338593e-05
517,10.298477,1000,4.338594e-05
518,10.318396,1000,4.338595e-05
519,10.338316,1000,4.338596e-05
520,10.358236,1000,4.338597e-05
521,10.378155,1000,4.338597e-05
522,10.398075,1000,4.338598e-05
523,10.417995,1000,4.338599e-05
524,10.437914,1000,4.338600e-05
525,10.457834,1000,4.338601e-05
526,10.477754,1000,4.338602e-05
527,10.497673,1000,4.338602e-05
528,10.517593,1000,4.338603e-05
529,10.537513,1000,4.338604e-05
530,10.557432,1000,4.338605e-05
531,10.577352,1000,4.338606e-05
532,10.597272,1000,4.338607e-05
533,10.617191,1000,4.338608e-05
534,10.637111,1000,4.338608e-05
535,10.657031,1000,4.338609e-05
536,10.676951,1000,4.338610e-05
537,10.696870,1000,4.338611e-05
538,10.716790,1000,4.338612e-05
539,10.736710,1000,4.338613e-05
540,10.756629,1000,4.338613e-05
541,10.776549,1000,4.338614e-05
542,10.796469,1000,4.338615e-05
543,10.816388,1000,4.338616e-05
544,10.836308,1000,4.338617e-05
545,10.856228,1000,4.338618e-05
546,10.876147,1000,4.338618e-05
547,10.896067,1000,4.338619e-05
548,10.915987,1000,4.338620e-05
549,10.935906,1000,4.338621e-05
550,10.955826,1000,4.338622e-05
551,10.975746,1000,4.338623e-05
552,10.995665,1000,4.338623e-05
553,11.015585,1000,4.338624e-05
554,11.035505,1000,4.338625e-05
555,11.055425,1000,4.338626e-05
556,11.075344,1000,4.338627e-05
557,11.095264,1000,4.338628e-05
558,11.115184,1000,4.338629e-05
559,11.135103,1000,4.338629e-05
560,11.155023,1000,4.338630e-05
561,11.174943,1000,4.338631e-05
562,11.194862,1000,4.338632e-05
563,11.214782,1000,4.338633e-05
564,11.234702,1000,4.338634e-05
565,11.254621,1000,4.338634e-05
566,11.274541,1000,4.338635e-05
567,11.294461,1000,4.338636e-05
568,11.314380,1000,4.338637e-05
569,11.334300,1000,4.338638e-05
570,11.354220,1000,4.338639e-05
571,11.374139,1000,4.338639e-05
572,11.394059,1000,4.338640e-05
573,11.413979,1000,4.338641e-05
574,11.433899,1000,4.338642e-05
575,11.453818,1000,4.338643e-05
576,11.473738,1000,4.338644e-05
577,11.493658,1000,4.338645e-05
578,11.513577,1000,4.338645e-05
579,11.533497,1000,4.338646e-05
580,11.553417,1000,4.338647e-05
581,11.573336,1000,4.338648e-05
582,11.593256,1000,4.338649e-05
583,11.613176,1000,4.338650e-05
584,11.633095,1000,4.338650e-05
585,11.653015,1000,4.338651e-05
586,11.672935,1000,4.338652e-05
587,11.692854,1000,4.338653e-05
588,11.712774,1000,4.338654e-05
589,11.732694,1000,4.338655e-05
590,11.752613,1000,4.338655e-05
591,11.772533,1000,4.338656e-05
592,11.792453,1000,4.338657e-05
593,11.812373,1000,4.338658e-05
594,11.832292,1000,4.338659e-05
595,11.852212,1000,4.338660e-05
596,11.872132,1000,4.338660e-05
597,11.892051,1000,4.338661e-05
598,11.911971,1000,4.338662e-05
599,11.931891,1000,4.338663e-05
600,11.951810,1000,4.338664e-05
601,11.971730,1000,4.338665e-05
602,11.991650,1000,4.338666e-05
603,12.011569,1000,4.338666e-05
604,12.031489,1000,4.338667e-05
605,12.051409,1000,4.338668e-05
606,12.071328,1000,4.338669e-05
607,12.091248,1000,4.338670e-05
608,12.111168,1000,4.338671e-05
609,12.131087,1000,4.338671e-05
610,12.151007,1000,4.338672e-05
611,12.170927,1000,4.338673e-05
612,12.190847,1000,4.338674e-05
613,12.210766,1000,4.338675e-05
614,12.230686,1000,4.338676e-05
615,12.250606,1000,4.338676e-05
616,12.270525,1000,4.338677e-05
617,12.290445,1000,4.338678e-05
618,12.310365,1000,4.338679e-05
619,12.330284,1000,4.338680e-05
620,12.350204,1000,4.338681e-05
621,12.370124,1000,4.338681e-05
622,12.390043,1000,4.338682e-05
623,12.409963,1000,4.338683e-05
624,12.429883,1000,4.338684e-05
625,12.449802,1000,4.338685e-05
626,12.469722,1000,4.338686e-05
627,12.489642,1000,4.338687e-05
628,12.509561,1000,4.338687e-05
629,12.529481,1000,4.338688e-05
630,12.549401,1000,4.338689e-05
631,12.569320,1000,4.338690e-05
632,12.589240,1000,4.338691e-05
633,12.609160,1000,4.338692e-05
634,12.629080,1000,4.338692e-05
635,12.648999,1000,4.338693e-05
636,12.668919,1000,4.338694e-05
637,12.688839,1000,4.338695e-05
638,12.708758,1000,4.338696e-05
639,12.728678,1000,4.338697e-05
640,12.748598,1000,4.338697e-05
641,12.768517,1000,4.338698e-05
642,12.788437,1000,4.338699e-05
643,12.808357,1000,4.338700e-05
644,12.828276,1000,4.338701e-05
645,12.848196,1000,4.338702e-05
646,12.868116,1000,4.338703e-05
647,12.888035,1000,4.338703e-05
648,12.907955,1000,4.338704e-05
649,12.927875,1000,4.338705e-05
650,12.947794,1000,4.338706e-05
651,12.967714,1000,4.338707e-05
652,12.987634,1000,4.338708e-05
653,13.007554,1000,4.338708e-05
654,13.027473,1000,4.338709e-05
655,13.047393,1000,4.338710e-05
656,13.067313,1000,4.338711e-05
657,13.087232,1000,4.338712e-05
658,13.107152,1000,4.338713e-05
659,13.127072,1000,4.338713e-05
660,13.146991,1000,4.338714e-05
661,13.166911,1000,4.338715e-05
662,13.186831,1000,4.338716e-05
663,13.206750,1000,4.338717e-05
664,13.226670,1000,4.338718e-05
665,13.246590,1000,4.338718e-05
666,13.266509,1000,4.338719e-05
667,13.286429,1000,4.338720e-05
668,13.306349,1000,4.338721e-05
669,13.326268,1000,4.338722e-05
670,13.346188,1000,4.338723e-05
671,13.366108,1000,4.338724e-05
672,13.386028,1000,4.338724e-05
673,13.405947,1000,4.338725e-05
674,13.425867,1000,4.338726e-05
675,13.445787,1000,4.338727e-05
676,13.465706,1000,4.338728e-05
677,13.485626,1000,4.338729e-05
678,13.505546,1000,4.338729e-05
679,13.525465,1000,4.338730e-05
680,13.545385,1000,4.338731e-05
681,13.565305,1000,4.338732e-05
682,13.585224,1000,4.338733e-05
683,13.605144,1000,4.338734e-05
684,13.625064,1000,4.338734e-05
685,13.644983,1000,4.338735e-05
686,13.664903,1000,4.338736e-05
687,13.684823,1000,4.338737e-05
688,13.704742,1000,4.338738e-05
689,13.724662,1000,4.338739e-05
690,13.744582,1000,4.338739e-05
691,13.764502,1000,4.338740e-05
692,13.784421,1000,4.338741e-05
693,13.804341,1000,4.338742e-05
694,13.824261,1000,4.338743e-05
695,13.844180,1000,4.338744e-05
696,13.864100,1000,4.338745e-05
697,13.884020,1000,4.338745e-05
698,13.903939,1000,4.338746e-05
699,13.923859,1000,4.338747e-05
700,13.943779,1000,4.338748e-05
701,13.963698,1000,4.338749e-05
702,13.983618,1000,4.338750e-05
703,14.003538,1000,4.338750e-05
704,14.023457,1000,4.338751e-05
705,14.043377,1000,4.338752e-05
706,14.063297,1000,4.338753e-05
707,14.083216,1000,4.338754e-05
708,14.103136,1000,4.338755e-05
709,14.123056,1000,4.338755e-05
710,14.142976,1000,4.338756e-05
711,14.162895,1000,4.338757e-05
712,14.182815,1000,4.338758e-05
713,14.202735,1000,4.338759e-05
714,14.222654,1000,4.338760e-05
715,14.242574,1000,4.338761e-05
716,14.262494,1000,4.338761e-05
717,14.282413,1000,4.338762e-05
718,14.302333,1000,4.338763e-05
719,14.322253,1000,4.338764e-05
720,14.342172,1000,4.338765e-05
721,14.362092,1000,4.338766e-05
722,14.382012,1000,4.338766e-05
723,14.401931,1000,4.338767e-05
724,14.421851,1000,4.338768e-05
725,14.441771,1000,4.338769e-05
726,14.461690,1000,4.338770e-05
727,14.481610,1000,4.338771e-05
728,14.501530,1000,4.338771e-05
729,14.521450,1000,4.338772e-05
730,14.541369,1000,4.338773e-05
731,14.561289,1000,4.338774e-05
732,14.581209,1000,4.338775e-05
733,14.601128,1000,4.338776e-05
734,14.621048,1000,4.338776e-05
735,14.640968,1000,4.338777e-05
736,14.660887,1000,4.338778e-05
737,14.680807,1000,4.338779e-05
738,14.700727,1000,4.338780e-05
739,14.720646,1000,4.338781e-05
740,14.740566,1000,4.338782e-05
741,14.760486,1000,4.338782e-05
742,14.780405,1000,4.338783e-05
743,14.800325,1000,4.338784e-05
744,14.820245,1000,4.338785e-05
745,14.840164,1000,4.338786e-05
746,14.860084,1000,4.338787e-05
747,14.880004,1000,4.338787e-05
748,14.899924,1000,4.338788e-05
749,14.919843,1000,4.338789e-05
750,14.939763,1000,4.338790e-05
751,14.959683,1000,4.338791e-05
752,14.979602,1000,4.338792e-05
753,14.999522,1000,4.338792e-05
754,15.019442,1000,4.338793e-05
755,15.039361,1000,4.338794e-05
756,15.059281,1000,4.338795e-05
757,15.079201,1000,4.338796e-05
758,15.099120,1000,4.338797e-05
759,15.119040,1000,4.338797e-05
760,15.138960,1000,4.338798e-05
761,15.158879,1000,4.338799e-05
762,15.178799,1000,4.338800e-05
763,15.198719,1000,4.338801e-05
764,15.218638,1000,4.338802e-05
765,15.238558,1000,4.338803e-05
766,15.258478,1000,4.338803e-05
767,15.278398,1000,4.338804e-05
768,15.298317,1000,4.338805e-05
769,15.318237,1000,4.338806e-05
770,15.338157,1000,4.338807e-05
771,15.358076,1000,4.338808e-05
772,15.377996,1000,4.338808e-05
773,15.397916,1000,4.338809e-05
774,15.417835,1000,4.338810e-05
775,15.437755,1000,4.338811e-05
776,15.457675,1000,4.338812e-05
777,15.477594,1000,4.338813e-05
778,15.497514,1000,4.338813e-05
779,15.517434,1000,4.338814e-05
780,15.537353,1000,4.338815e-05
781,15.557273,1000,4.338816e-05
782,15.577193,1000,4.338817e-05
783,15.597112,1000,4.338818e-05
784,15.617032,1000,4.338818e-05
785,15.636952,1000,4.338819e-05
786,15.656871,1000,4.338820e-05
787,15.676791,1000,4.338821e-05
788,15.696711,1000,4.338822e-05
789,15.716631,1000,4.338823e-05
790,15.736550,1000,4.338824e-05
791,15.756470,1000,4.338824e-05
792,15.776390,1000,4.338825e-05
793,15.796309,1000,4.338826e-05
794,15.816229,1000,4.338827e-05
795,15.836149,1000,4.338828e-05
796,15.856068,1000,4.338829e-05
797,15.875988,1000,4.338829e-05
798,15.895908,1000,4.338830e-05
799,15.915827,1000,4.338831e-05
800,15.935747,1000,4.338832e-05
801,15.955667,1000,4.338833e-05
802,15.975586,1000,4.338834e-05
803,15.995506,1000,4.338834e-05
804,16.015426,1000,4.338835e-05
805,16.035345,1000,4.338836e-05
806,16.055265,1000,4.338837e-05
807,16.075185,1000,4.338838e-05
808,16.095105,1000,4.338839e-05
809,16.115024,1000,4.338839e-05
810,16.134944,1000,4.338840e-05
811,16.154864,1000,4.338841e-05
812,16.174783,1000,4.338842e-05
813,16.194703,1000,4.338843e-05
814,16.214623,1000,4.338844e-05
815,16.234542,1000,4.338845e-05
816,16.254462,1000,4.338845e-05
817,16.274382,1000,4.338846e-05
818,16.294301,1000,4.338847e-05
819,16.314221,1000,4.338848e-05
820,16.334141,1000,4.338849e-05
821,16.354060,1000,4.338850e-05
822,16.373980,1000,4.338850e-05
823,16.393900,1000,4.338851e-05
824,16.413819,1000,4.338852e-05
825,16.433739,1000,4.338853e-05
826,16.453659,1000,4.338854e-05
827,16.473579,1000,4.338855e-05
828,16.493498,1000,4.338855e-05
829,16.513418,1000,4.338856e-05
830,16.533338,1000,4.338857e-05
831,16.553257,1000,4.338858e-05
832,16.573177,1000,4.338859e-05
833,16.593097,1000,4.338860e-05
834,16.613016,1000,4.338860e-05
835,16.632936,1000,4.338861e-05
836,16.652856,1000,4.338862e-05
837,16.672775,1000,4.338863e-05
838,16.692695,1000,4.338864e-05
839,16.712615,1000,4.338865e-05
840,16.732534,1000,4.338866e-05
841,16.752454,1000,4.338866e-05
842,16.772374,1000,4.338867e-05
843,16.792293,1000,4.338868e-05
844,16.812213,1000,4.338869e-05
845,16.832133,1000,4.338870e-05
846,16.852053,1000,4.338871e-05
847,16.871972,1000,4.338871e-05
848,16.891892,1000,4.338872e-05
849,16.911812,1000,4.338873e-05
850,16.931731,1000,4.338874e-05
851,16.951651,1000,4.338875e-05
852,16.971571,1000,4.338876e-05
853,16.991490,1000,4.338876e-05
854,17.011410,1000,4.338877e-05
855,17.031330,1000,4.338878e-05
856,17.051249,1000,4.338879e-05
857,17.071169,1000,4.338880e-05
858,17.091089,1000,4.338881e-05
859,17.111008,1000,4.338881e-05
860,17.130928,1000,4.338882e-05
861,17.150848,1000,4.338883e-05
862,17.170767,1000,4.338884e-05
863,17.190687,1000,4.338885e-05
864,17.210607,1000,4.338886e-05
865,17.230527,1000,4.338887e-05
866,17.250446,1000,4.338887e-05
867,17.270366,1000,4.338888e-05
868,17.290286,1000,4.338889e-05
869,17.310205,1000,4.338890e-05
870,17.330125,1000,4.338891e-05
871,17.350045,1000,4.338892e-05
872,17.369964,1000,4.338892e-05
873,17.389884,1000,4.338893e-05
874,17.409804,1000,4.338894e-05
875,17.429723,1000,4.338895e-05
876,17.449643,1000,4.338896e-05
877,17.469563,1000,4.338897e-05
878,17.489482,1000,4.338897e-05
879,17.509402,1000,4.338898e-05
880,17.529322,1000,4.338899e-05
881,17.549241,1000,4.338900e-05
882,17.569161,1000,4.338901e-05
883,17.589081,1000,4.338902e-05
884,17.609001,1000,4.338902e-05
885,17.628920,1000,4.338903e-05
886,17.648840,1000,4.338904e-05
887,17.668760,1000,4.338905e-05
888,17.688679,1000,4.338906e-05
889,17.708599,1000,4.338907e-05
890,17.728519,1000,4.338908e-05
891,17.748438,1000,4.338908e-05
892,17.768358,1000,4.338909e-05
893,17.788278,1000,4.338910e-05
894,17.808197,1000,4.338911e-05
895,17.828117,1000,4.338912e-05
896,17.848037,1000,4.338913e-05
897,17.867956,1000,4.338913e-05
898,17.887876,1000,4.338914e-05
899,17.907796,1000,4.338915e-05
900,17.927715,1000,4.338916e-05
901,17.947635,1000,4.338917e-05
902,17.967555,1000,4.338918e-05
903,17.987475,1000,4.338918e-05
904,18.007394,1000,4.338919e-05
905,18.027314,1000,4.338920e-05
906,18.047234,1000,4.338921e-05
907,18.067153,1000,4.338922e-05
908,18.087073,1000,4.338923e-05
909,18.106993,1000,4.338923e-05
910,18.126912,1000,4.338924e-05
911,18.146832,1000,4.338925e-05
912,18.166752,1000,4.338926e-05
913,18.186671,1000,4.338927e-05
914,18.206591,1000,4.338928e-05
915,18.226511,1000,4.338928e-05
916,18.246430,1000,4.338929e-05
917,18.266350,1000,4.338930e-05
918,18.286270,1000,4.338931e-05
919,18.306189,1000,4.338932e-05
920,18.326109,1000,4.338933e-05
921,18.346029,1000,4.338934e-05
922,18.365948,1000,4.338934e-05
923,18.385868,1000,4.338935e-05
924,18.405788,1000,4.338936e-05
925,18.425708,1000,4.338937e-05
926,18.445627,1000,4.338938e-05
927,18.465547,1000,4.338939e-05
928,18.485467,1000,4.338939e-05
929,18.505386,1000,4.338940e-05
930,18.525306,1000,4.338941e-05
931,18.545226,1000,4.338942e-05
932,18.565145,1000,4.338943e-05
933,18.585065,1000,4.338944e-05
934,18.604985,1000,4.338944e-05
935,18.624904,1000,4.338945e-05
936,18.644824,1000,4.338946e-05
937,18.664744,1000,4.338947e-05
938,18.684663,1000,4.338948e-05
939,18.704583,1000,4.338949e-05
940,18.724503,1000,4.338949e-05
941,18.744422,1000,4.338950e-05
942,18.764342,1000,4.338951e-05
943,18.784262,1000,4.338952e-05
944,18.804182,1000,4.338953e-05
945,18.824101,1000,4.338954e-05
946,18.844021,1000,4.338955e-05
947,18.863941,1000,4.338955e-05
948,18.883860,1000,4.338956e-05
949,18.903780,1000,4.338957e-05
950,18.923700,1000,4.338958e-05
951,18.943619,1000,4.338959e-05
952,18.963539,1000,4.338960e-05
953,18.983459,1000,4.338960e-05
954,19.003378,1000,4.338961e-05
955,19.023298,1000,4.338962e-05
956,19.043218,1000,4.338963e-05
957,19.063137,1000,4.338964e-05
958,19.083057,1000,4.338965e-05
959,19.102977,1000,4.338965e-05
960,19.122896,1000,4.338966e-05
961,19.142816,1000,4.338967e-05
962,19.162736,1000,4.338968e-05
963,19.182656,1000,4.338969e-05
964,19.202575,1000,4.338970e-05
965,19.222495,1000,4.338970e-05
966,19.242415,1000,4.338971e-05
967,19.262334,1000,4.338972e-05
968,19.282254,1000,4.338973e-05
969,19.302174,1000,4.338974e-05
970,19.322093,1000,4.338975e-05
971,19.342013,1000,4.338975e-05
972,19.361933,1000,4.338976e-05
973,19.381852,1000,4.338977e-05
974,19.401772,1000,4.338978e-05
975,19.421692,1000,4.338979e-05
976,19.441611,1000,4.338980e-05
977,19.461531,1000,4.338981e-05
978,19.481451,1000,4.338981e-05
979,19.501370,1000,4.338982e-05
980,19.521290,1000,4.338983e-05
981,19.541210,1000,4.338984e-05
982,19.561130,1000,4.338985e-05
983,19.581049,1000,4.338986e-05
984,19.600969,1000,4.338986e-05
985,19.620889,1000,4.338987e-05
986,19.640808,1000,4.338988e-05
987,19.660728,1000,4.338989e-05
988,19.680648,1000,4.338990e-05
989,19.700567,1000,4.338991e-05
990,19.720487,1000,4.338991e-05
991,19.740407,1000,4.338992e-05
992,19.760326,1000,4.338993e-05
993,19.780246,1000,4.338994e-05
994,19.800166,1000,4.338995e-05
995,19.820085,1000,4.338996e-05
996,19.840005,1000,4.338996e-05
997,19.859925,1000,4.338997e-05
998,19.879844,1000,4.338998e-05
999,19.899764,1000,4.338999e-05
1000,19.919684,1000,4.339000e-05
1001,19.939604,1000,4.339001e-05
1002,19.959523,1000,4.339002e-05
1003,19.979443,1000,4.339002e-05
1004,19.999363,1000,4.339003e-05
1005,20.019282,1000,4.339004e-05
1006,20.039202,1000,4.339005e-05
1007,20.059122,1000,4.339006e-05
1008,20.079041,1000,4.339007e-05
1009,20.098961,1000,4.339007e-05
1010,20.118881,1000,4.339008e-05
1011,20.138800,1000,4.339009e-05
1012,20.158720,1000,4.339010e-05
1013,20.178640,1000,4.339011e-05
1014,20.198559,1000,4.339012e-05
1015,20.218479,1000,4.339012e-05
1016,20.238399,1000,4.339013e-05
1017,20.258318,1000,4.339014e-05
1018,20.278238,1000,4.339015e-05
1019,20.298158,1000,4.339016e-05
1020,20.318078,1000,4.339017e-05
1021,20.337997,1000,4.339017e-05
1022,20.357917,1000,4.339018e-05
1023,20.377837,1000,4.339019e-05
1024,20.397756,1000,4.339020e-05
1025,20.417676,1000,4.339021e-05
1026,20.437596,1000,4.339022e-05
1027,20.457515,1000,4.339022e-05
1028,20.477435,1000,4.339023e-05
1029,20.497355,1000,4.339024e-05
1030,20.517274,1000,4.339025e-05
1031,20.537194,1000,4.339026e-05
1032,20.557114,1000,4.339027e-05
1033,20.577033,1000,4.339028e-05
1034,20.596953,1000,4.339028e-05
1035,20.616873,1000,4.339029e-05
1036,20.636792,1000,4.339030e-05
1037,20.656712,1000,4.339031e-05
1038,20.676632,1000,4.339032e-05
1039,20.696552,1000,4.339033e-05
1040,20.716471,1000,4.339033e-05
1041,20.736391,1000,4.339034e-05
1042,20.756311,1000,4.339035e-05
1043,20.776230,1000,4.339036e-05
1044,20.796150,1000,4.339037e-05
1045,20.816070,1000,4.339038e-05
1046,20.835989,1000,4.339038e-05
1047,20.855909,1000,4.339039e-05
1048,20.875829,1000,4.339040e-05
1049,20.895748,1000,4.339041e-05
1050,20.915668,1000,4.339042e-05
1051,20.935588,1000,4.339043e-05
1052,20.955507,1000,4.339043e-05
1053,20.975427,1000,4.339044e-05
1054,20.995347,1000,4.339045e-05
1055,21.015266,1000,4.339046e-05
1056,21.035186,1000,4.339047e-05
1057,21.055106,1000,4.339048e-05
1058,21.075025,1000,4.339049e-05
1059,21.094945,1000,4.339049e-05
1060,21.114865,1000,4.339050e-05
1061,21.134785,1000,4.339051e-05
1062,21.154704,1000,4.339052e-05
1063,21.174624,1000,4.339053e-05
1064,21.194544,1000,4.339054e-05
1065,21.214463,1000,4.339054e-05
1066,21.234383,1000,4.339055e-05
1067,21.254303,1000,4.339056e-05
1068,21.274222,1000,4.339057e-05
1069,21.294142,1000,4.339058e-05
1070,21.314062,1000,4.339059e-05
1071,21.333981,1000,4.339059e-05
1072,21.353901,1000,4.339060e-05
1073,21.373821,1000,4.339061e-05
1074,21.393740,1000,4.339062e-05
1075,21.413660,1000,4.339063e-05
1076,21.433580,1000,4.339064e-05
1077,21.453499,1000,4.339064e-05
1078,21.473419,1000,4.339065e-05
1079,21.493339,1000,4.339066e-05
1080,21.513259,1000,4.339067e-05
1081,21.533178,1000,4.339068e-05
1082,21.553098,1000,4.339069e-05
1083,21.573018,1000,4.339069e-05
1084,21.592937,1000,4.339070e-05
1085,21.612857,1000,4.339071e-05
1086,21.632777,1000,4.339072e-05
1087,21.652696,1000,4.339073e-05
1088,21.672616,1000,4.339074e-05
1089,21.692536,1000,4.339075e-05
1090,21.712455,1000,4.339075e-05
1091,21.732375,1000,4.339076e-05
1092,21.752295,1000,4.339077e-05
1093,21.772214,1000,4.339078e-05
1094,21.792134,1000,4.339079e-05
1095,21.812054,1000,4.339080e-05
1096,21.831973,1000,4.339080e-05
1097,21.851893,1000,4.339081e-05
1098,21.871813,1000,4.339082e-05
1099,21.891733,1000,4.339083e-05
1100,21.911652,1000,4.339084e-05
1101,21.931572,1000,4.339085e-05
1102,21.951492,1000,4.339085e-05
1103,21.971411,1000,4.339086e-05
1104,21.991331,1000,4.339087e-05
1105,22.011251,1000,4.339088e-05
1106,22.031170,1000,4.339089e-05
1107,22.051090,1000,4.339090e-05
1108,22.071010,1000,4.339090e-05
1109,22.090929,1000,4.339091e-05
1110,22.110849,1000,4.339092e-05
1111,22.130769,1000,4.339093e-05
1112,22.150688,1000,4.339094e-05
1113,22.170608,1000,4.339095e-05
1114,22.190528,1000,4.339095e-05
1115,22.210447,1000,4.339096e-05
1116,22.230367,1000,4.339097e-05
1117,22.250287,1000,4.339098e-05
1118,22.270207,1000,4.339099e-05
1119,22.290126,1000,4.339100e-05
1120,22.310046,1000,4.339101e-05
1121,22.329966,1000,4.339101e-05
1122,22.349885,1000,4.339102e-05
1123,22.369805,1000,4.339103e-05
1124,22.389725,1000,4.339104e-05
1125,22.409644,1000,4.339105e-05
1126,22.429564,1000,4.339106e-05
1127,22.449484,1000,4.339106e-05
1128,22.469403,1000,4.339107e-05
1129,22.489323,1000,4.339108e-05
1130,22.509243,1000,4.339109e-05
1131,22.529162,1000,4.339110e-05
1132,22.549082,1000,4.339111e-05
1133,22.569002,1000,4.339111e-05
1134,22.588921,1000,4.339112e-05
1135,22.608841,1000,4.339113e-05
1136,22.628761,1000,4.339114e-05
1137,22.648681,1000,4.339115e-05
1138,22.668600,1000,4.339116e-05
1139,22.688520,1000,4.339116e-05
1140,22.708440,1000,4.339117e-05
1141,22.728359,1000,4.339118e-05
1142,22.748279,1000,4.339119e-05
1143,22.768199,1000,4.339120e-05
1144,22.788118,1000,4.339121e-05
1145,22.808038,1000,4.339121e-05
1146,22.827958,1000,4.339122e-05
1147,22.847877,1000,4.339123e-05
1148,22.867797,1000,4.339124e-05
1149,22.887717,1000,4.339125e-05
1150,22.907636,1000,4.339126e-05
1151,22.927556,1000,4.339127e-05
1152,22.947476,1000,4.339127e-05
1153,22.967395,1000,4.339128e-05
1154,22.987315,1000,4.339129e-05
1155,23.007235,1000,4.339130e-05
1156,23.027155,1000,4.339131e-05
1157,23.047074,1000,4.339132e-05
1158,23.066994,1000,4.339132e-05
1159,23.086914,1000,4.339133e-05
1160,23.106833,1000,4.339134e-05
1161,23.126753,1000,4.339135e-05
1162,23.146673,1000,4.339136e-05
1163,23.166592,1000,4.339137e-05
1164,23.186512,1000,4.339137e-05
1165,23.206432,1000,4.339138e-05
1166,23.226351,1000,4.339139e-05
1167,23.246271,1000,4.339140e-05
1168,23.266191,1000,4.339141e-05
1169,23.286110,1000,4.339142e-05
1170,23.306030,1000,4.339142e-05
1171,23.325950,1000,4.339143e-05
1172,23.345869,1000,4.339144e-05
1173,23.365789,1000,4.339145e-05
1174,23.385709,1000,4.339146e-05
1175,23.405629,1000,4.339147e-05
1176,23.425548,1000,4.339147e-05
1177,23.445468,1000,4.339148e-05
1178,23.465388,1000,4.339149e-05
1179,23.485307,1000,4.339150e-05
1180,23.505227,1000,4.339151e-05
1181,23.525147,1000,4.339152e-05
1182,23.545066,1000,4.339152e-05
1183,23.564986,1000,4.339153e-05
1184,23.584906,1000,4.339154e-05
1185,23.604825,1000,4.339155e-05
1186,23.624745,1000,4.339156e-05
1187,23.644665,1000,4.339157e-05
1188,23.664584,1000,4.339158e-05
1189,23.684504,1000,4.339158e-05
1190,23.704424,1000,4.339159e-05
1191,23.724343,1000,4.339160e-05
1192,23.744263,1000,4.339161e-05
1193,23.764183,1000,4.339162e-05
1194,23.784102,1000,4.339163e-05
1195,23.804022,1000,4.339163e-05
1196,23.823942,1000,4.339164e-05
1197,23.843862,1000,4.339165e-05
1198,23.863781,1000,4.339166e-05
1199,23.883701,1000,4.339167e-05
1200,23.903621,1000,4.339168e-05
1201,23.923540,1000,4.339168e-05
1202,23.943460,1000,4.339169e-05
1203,23.963380,1000,4.339170e-05
1204,23.983299,1000,4.339171e-05
1205,24.003219,1000,4.339172e-05
1206,24.023139,1000,4.339173e-05
1207,24.043058,1000,4.339173e-05
1208,24.062978,1000,4.339174e-05
1209,24.082898,1000,4.339175e-05
1210,24.102817,1000,4.339176e-05
1211,24.122737,1000,4.339177e-05
1212,24.142657,1000,4.339178e-05
1213,24.162576,1000,4.339178e-05
1214,24.182496,1000,4.339179e-05
1215,24.202416,1000,4.339180e-05
1216,24.222336,1000,4.339181e-05
1217,24.242255,1000,4.339182e-05
1218,24.262175,1000,4.339183e-05
1219,24.282095,1000,4.339184e-05
1220,24.302014,1000,4.339184e-05
1221,24.321934,1000,4.339185e-05
1222,24.341854,1000,4.339186e-05
1223,24.361773,1000,4.339187e-05
1224,24.381693,1000,4.339188e-05
1225,24.401613,1000,4.339189e-05
1226,24.421532,1000,4.339189e-05
1227,24.441452,1000,4.339190e-05
1228,24.461372,1000,4.339191e-05
1229,24.481291,1000,4.339192e-05
1230,24.501211,1000,4.339193e-05
1231,24.521131,1000,4.339194e-05
1232,24.541050,1000,4.339194e-05
1233,24.560970,1000,4.339195e-05
1234,24.580890,1000,4.339196e-05
1235,24.600810,1000,4.339197e-05
1236,24.620729,1000,4.339198e-05
1237,24.640649,1000,4.339199e-05
1238,24.660569,1000,4.339199e-05
1239,24.680488,1000,4.339200e-05
1240,24.700408,1000,4.339201e-05
1241,24.720328,1000,4.339202e-05
1242,24.740247,1000,4.339203e-05
1243,24.760167,1000,4.339204e-05
1244,24.780087,1000,4.339204e-05
1245,24.800006,1000,4.339205e-05
1246,24.819926,1000,4.339206e-05
1247,24.839846,1000,4.339207e-05
1248,24.859765,1000,4.339208e-05
1249,24.879685,1000,4.339209e-05
1250,24.899605,1000,4.339210e-05
1251,24.919524,1000,4.339210e-05
1252,24.939444,1000,4.339211e-05
1253,24.959364,1000,4.339212e-05
1254,24.979284,1000,4.339213e-05
1255,24.999203,1000,4.339214e-05
1256,25.019123,1000,4.339215e-05
1257,25.039043,1000,4.339215e-05
1258,25.058962,1000,4.339216e-05
1259,25.078882,1000,4.339217e-05
1260,25.098802,1000,4.339218e-05
1261,25.118721,1000,4.339219e-05
1262,25.138641,1000,4.339220e-05
1263,25.158561,1000,4.339220e-05
1264,25.178480,1000,4.339221e-05
1265,25.198400,1000,4.339222e-05
1266,25.218320,1000,4.339223e-05
1267,25.238239,1000,4.339224e-05
1268,25.258159,1000,4.339225e-05
1269,25.278079,1000,4.339225e-05
1270,25.297998,1000,4.339226e-05
1271,25.317918,1000,4.339227e-05
1272,25.337838,1000,4.339228e-05
1273,25.357758,1000,4.339229e-05
1274,25.377677,1000,4.339230e-05
1275,25.397597,1000,4.339230e-05
1276,25.417517,1000,4.339231e-05
1277,25.437436,1000,4.339232e-05
1278,25.457356,1000,4.339233e-05
1279,25.477276,1000,4.339234e-05
1280,25.497195,1000,4.339235e-05
1281,25.517115,1000,4.339235e-05
1282,25.537035,1000,4.339236e-05
1283,25.556954,1000,4.339237e-05
1284,25.576874,1000,4.339238e-05
1285,25.596794,1000,4.339239e-05
1286,25.616713,1000,4.339240e-05
1287,25.636633,1000,4.339241e-05
1288,25.656553,1000,4.339241e-05
1289,25.676472,1000,4.339242e-05
1290,25.696392,1000,4.339243e-05
1291,25.716312,1000,4.339244e-05
1292,25.736232,1000,4.339245e-05
1293,25.756151,1000,4.339246e-05
1294,25.776071,1000,4.339246e-05
1295,25.795991,1000,4.339247e-05
1296,25.815910,1000,4.339248e-05
1297,25.835830,1000,4.339249e-05
1298,25.855750,1000,4.339250e-05
1299,25.875669,1000,4.339251e-05
1300,25.895589,1000,4.339251e-05
1301,25.915509,1000,4.339252e-05
1302,25.935428,1000,4.339253e-05
1303,25.955348,1000,4.339254e-05
1304,25.975268,1000,4.339255e-05
1305,25.995187,1000,4.339256e-05
1306,26.015107,1000,4.339256e-05
1307,26.035027,1000,4.339257e-05
1308,26.054946,1000,4.339258e-05
1309,26.074866,1000,4.339259e-05
1310,26.094786,1000,4.339260e-05
1311,26.114706,1000,4.339261e-05
1312,26.134625,1000,4.339261e-05
1313,26.154545,1000,4.339262e-05
1314,26.174465,1000,4.339263e-05
1315,26.194384,1000,4.339264e-05
1316,26.214304,1000,4.339265e-05
1317,26.234224,1000,4.339266e-05
1318,26.254143,1000,4.339266e-05
1319,26.274063,1000,4.339267e-05
1320,26.293983,1000,4.339268e-05
1321,26.313902,1000,4.339269e-05
1322,26.333822,1000,4.339270e-05
1323,26.353742,1000,4.339271e-05
1324,26.373661,1000,4.339272e-05
1325,26.393581,1000,4.339272e-05
1326,26.413501,1000,4.339273e-05
1327,26.433420,1000,4.339274e-05
1328,26.453340,1000,4.339275e-05
1329,26.473260,1000,4.339276e-05
1330,26.493180,1000,4.339277e-05
1331,26.513099,1000,4.339277e-05
1332,26.533019,1000,4.339278e-05
1333,26.552939,1000,4.339279e-05
1334,26.572858,1000,4.339280e-05
1335,26.592778,1000,4.339281e-05
1336,26.612698,1000,4.339282e-05
1337,26.632617,1000,4.339282e-05
1338,26.652537,1000,4.339283e-05
1339,26.672457,1000,4.339284e-05
1340,26.692376,1000,4.339285e-05
1341,26.712296,1000,4.339286e-05
1342,26.732216,1000,4.339287e-05
1343,26.752135,1000,4.339287e-05
1344,26.772055,1000,4.339288e-05
1345,26.791975,1000,4.339289e-05
1346,26.811894,1000,4.339290e-05
1347,26.831814,1000,4.339291e-05
1348,26.851734,1000,4.339292e-05
1349,26.871653,1000,4.339292e-05
1350,26.891573,1000,4.339293e-05
1351,26.911493,1000,4.339294e-05
1352,26.931413,1000,4.339295e-05
1353,26.951332,1000,4.339296e-05
1354,26.971252,1000,4.339297e-05
1355,26.991172,1000,4.339297e-05
1356,27.011091,1000,4.339298e-05
1357,27.031011,1000,4.339299e-05
1358,27.050931,1000,4.339300e-05
1359,27.070850,1000,4.339301e-05
1360,27.090770,1000,4.339302e-05
1361,27.110690,1000,4.339303e-05
1362,27.130609,1000,4.339303e-05
1363,27.150529,1000,4.339304e-05
1364,27.170449,1000,4.339305e-05
1365,27.190368,1000,4.339306e-05
1366,27.210288,1000,4.339307e-05
1367,27.230208,1000,4.339308e-05
1368,27.250127,1000,4.339308e-05
1369,27.270047,1000,4.339309e-05
1370,27.289967,1000,4.339310e-05
1371,27.309887,1000,4.339311e-05
1372,27.329806,1000,4.339312e-05
1373,27.349726,1000,4.339313e-05
1374,27.369646,1000,4.339313e-05
1375,27.389565,1000,4.339314e-05
1376,27.409485,1000,4.339315e-05
1377,27.429405,1000,4.339316e-05
1378,27.449324,1000,4.339317e-05
1379,27.469244,1000,4.339318e-05
1380,27.489164,1000,4.339318e-05
1381,27.509083,1000,4.339319e-05
1382,27.529003,1000,4.339320e-05
1383,27.548923,1000,4.339321e-05
1384,27.568842,1000,4.339322e-05
1385,27.588762,1000,4.339323e-05
1386,27.608682,1000,4.339323e-05
1387,27.628601,1000,4.339324e-05
1388,27.648521,1000,4.339325e-05
1389,27.668441,1000,4.339326e-05
1390,27.688361,1000,4.339327e-05
1391,27.708280,1000,4.339328e-05
1392,27.728200,1000,4.339328e-05
1393,27.748120,1000,4.339329e-05
1394,27.768039,1000,4.339330e-05
1395,27.787959,1000,4.339331e-05
1396,27.807879,1000,4.339332e-05
1397,27.827798,1000,4.339333e-05
1398,27.847718,1000,4.339334e-05
1399,27.867638,1000,4.339334e-05
1400,27.887557,1000,4.339335e-05
1401,27.907477,1000,4.339336e-05
1402,27.927397,1000,4.339337e-05
1403,27.947316,1000,4.339338e-05
1404,27.967236,1000,4.339339e-05
1405,27.987156,1000,4.339339e-05
1406,28.007075,1000,4.339340e-05
1407,28.026995,1000,4.339341e-05
1408,28.046915,1000,4.339342e-05
1409,28.066835,1000,4.339343e-05
1410,28.086754,1000,4.339344e-05
1411,28.106674,1000,4.339344e-05
1412,28.126594,1000,4.339345e-05
1413,28.146513,1000,4.339346e-05
1414,28.166433,1000,4.339347e-05
1415,28.186353,1000,4.339348e-05
1416,28.206272,1000,4.339349e-05
1417,28.226192,1000,4.339349e-05
1418,28.246112,1000,4.339350e-05
1419,28.266031,1000,4.339351e-05
1420,28.285951,1000,4.339352e-05
1421,28.305871,1000,4.339353e-05
1422,28.325790,1000,4.339354e-05
1423,28.345710,1000,4.339354e-05
1424,28.365630,1000,4.339355e-05
1425,28.385549,1000,4.339356e-05
1426,28.405469,1000,4.339357e-05
1427,28.425389,1000,4.339358e-05
1428,28.445309,1000,4.339359e-05
1429,28.465228,1000,4.339359e-05
1430,28.485148,1000,4.339360e-05
1431,28.505068,1000,4.339361e-05
1432,28.524987,1000,4.339362e-05
1433,28.544907,1000,4.339363e-05
1434,28.564827,1000,4.339364e-05
1435,28.584746,1000,4.339364e-05
1436,28.604666,1000,4.339365e-05
1437,28.624586,1000,4.339366e-05
1438,28.644505,1000,4.339367e-05
1439,28.664425,1000,4.339368e-05
1440,28.684345,1000,4.339369e-05
1441,28.704264,1000,4.339370e-05
1442,28.724184,1000,4.339370e-05
1443,28.744104,1000,4.339371e-05
1444,28.764023,1000,4.339372e-05
1445,28.783943,1000,4.339373e-05
1446,28.803863,1000,4.339374e-05
1447,28.823783,1000,4.339375e-05
1448,28.843702,1000,4.339375e-05
1449,28.863622,1000,4.339376e-05
1450,28.883542,1000,4.339377e-05
1451,28.903461,1000,4.339378e-05
1452,28.923381,1000,4.339379e-05
1453,28.943301,1000,4.339380e-05
1454,28.963220,1000,4.339380e-05
1455,28.983140,1000,4.339381e-05
1456,29.003060,1000,4.339382e-05
1457,29.022979,1000,4.339383e-05
1458,29.042899,1000,4.339384e-05
1459,29.062819,1000,4.339385e-05
1460,29.082738,1000,4.339385e-05
1461,29.102658,1000,4.339386e-05
1462,29.122578,1000,4.339387e-05
1463,29.142497,1000,4.339388e-05
1464,29.162417,1000,4.339389e-05
1465,29.182337,1000,4.339390e-05
1466,29.202257,1000,4.339390e-05
1467,29.222176,1000,4.339391e-05
1468,29.242096,1000,4.339392e-05
1469,29.262016,1000,4.339393e-05
1470,29.281935,1000,4.339394e-05
1471,29.301855,1000,4.339395e-05
1472,29.321775,1000,4.339395e-05
1473,29.341694,1000,4.339396e-05
1474,29.361614,1000,4.339397e-05
1475,29.381534,1000,4.339398e-05
1476,29.401453,1000,4.339399e-05
1477,29.421373,1000,4.339400e-05
1478,29.441293,1000,4.339401e-05
1479,29.461212,1000,4.339401e-05
1480,29.481132,1000,4.339402e-05
1481,29.501052,1000,4.339403e-05
1482,29.520971,1000,4.339404e-05
1483,29.540891,1000,4.339405e-05
1484,29.560811,1000,4.339406e-05
1485,29.580730,1000,4.339406e-05
1486,29.600650,1000,4.339407e-05
1487,29.620570,1000,4.339408e-05
1488,29.640490,1000,4.339409e-05
1489,29.660409,1000,4.339410e-05
1490,29.680329,1000,4.339411e-05
1491,29.700249,1000,4.339411e-05
1492,29.720168,1000,4.339412e-05
1493,29.740088,1000,4.339413e-05
1494,29.760008,1000,4.339414e-05
1495,29.779927,1000,4.339415e-05
1496,29.799847,1000,4.339416e-05
1497,29.819767,1000,4.339416e-05
1498,29.839686,1000,4.339417e-05
1499,29.859606,1000,4.339418e-05
1500,29.879526,1000,4.339419e-05
1501,29.899445,1000,4.339420e-05
1502,29.919365,1000,4.339421e-05
1503,29.939285,1000,4.339421e-05
1504,29.959204,1000,4.339422e-05
1505,29.979124,1000,4.339423e-05
1506,29.999044,1000,4.339424e-05
1507,30.018964,1000,4.339425e-05
1508,30.038883,1000,4.339426e-05
1509,30.058803,1000,4.339426e-05
1510,30.078723,1000,4.339427e-05
1511,30.098642,1000,4.339428e-05
1512,30.118562,1000,4.339429e-05
1513,30.138482,1000,4.339430e-05
1514,30.158401,1000,4.339431e-05
1515,30.178321,1000,4.339431e-05
1516,30.198241,1000,4.339432e-05
1517,30.218160,1000,4.339433e-05
1518,30.238080,1000,4.339434e-05
1519,30.258000,1000,4.339435e-05
1520,30.277919,1000,4.339436e-05
1521,30.297839,1000,4.339437e-05
1522,30.317759,1000,4.339437e-05
1523,30.337678,1000,4.339438e-05
1524,30.357598,1000,4.339439e-05
1525,30.377518,1000,4.339440e-05
1526,30.397438,1000,4.339441e-05
1527,30.417357,1000,4.339442e-05
1528,30.437277,1000,4.339442e-05
1529,30.457197,1000,4.339443e-05
1530,30.477116,1000,4.339444e-05
1531,30.497036,1000,4.339445e-05
1532,30.516956,1000,4.339446e-05
1533,30.536875,1000,4.339447e-05
1534,30.556795,1000,4.339447e-05
1535,30.576715,1000,4.339448e-05
1536,30.596634,1000,4.339449e-05
1537,30.616554,1000,4.339450e-05
1538,30.636474,1000,4.339451e-05
1539,30.656393,1000,4.339452e-05
1540,30.676313,1000,4.339452e-05
1541,30.696233,1000,4.339453e-05
1542,30.716152,1000,4.339454e-05
1543,30.736072,1000,4.339455e-05
1544,30.755992,1000,4.339456e-05
1545,30.775912,1000,4.339457e-05
1546,30.795831,1000,4.339457e-05
1547,30.815751,1000,4.339458e-05
1548,30.835671,1000,4.339459e-05
1549,30.855590,1000,4.339460e-05
1550,30.875510,1000,4.339461e-05
1551,30.895430,1000,4.339462e-05
1552,30.915349,1000,4.339462e-05
1553,30.935269,1000,4.339463e-05
1554,30.955189,1000,4.339464e-05
1555,30.975108,1000,4.339465e-05
1556,30.995028,1000,4.339466e-05
1557,31.014948,1000,4.339467e-05
1558,31.034867,1000,4.339467e-05
1559,31.054787,1000,4.339468e-05
1560,31.074707,1000,4.339469e-05
1561,31.094626,1000,4.339470e-05
1562,31.114546,1000,4.339471e-05
1563,31.134466,1000,4.339472e-05
1564,31.154386,1000,4.339472e-05
1565,31.174305,1000,4.339473e-05
1566,31.194225,1000,4.339474e-05
1567,31.214145,1000,4.339475e-05
1568,31.234064,1000,4.339476e-05
1569,31.253984,1000,4.339477e-05
1570,31.273904,1000,4.339478e-05
1571,31.293823,1000,4.339478e-05
1572,31.313743,1000,4.339479e-05
1573,31.333663,1000,4.339480e-05
1574,31.353582,1000,4.339481e-05
1575,31.373502,1000,4.339482e-05
1576,31.393422,1000,4.339483e-05
1577,31.413341,1000,4.339483e-05
1578,31.433261,1000,4.339484e-05
1579,31.453181,1000,4.339485e-05
1580,31.473100,1000,4.339486e-05
1581,31.493020,1000,4.339487e-05
1582,31.512940,1000,4.339488e-05
1583,31.532860,1000,4.339488e-05
1584,31.552779,1000,4.339489e-05
1585,31.572699,1000,4.339490e-05
1586,31.592619,1000,4.339491e-05
1587,31.612538,1000,4.339492e-05
1588,31.632458,1000,4.339493e-05
1589,31.652378,1000,4.339493e-05
1590,31.672297,1000,4.339494e-05
1591,31.692217,1000,4.339495e-05
1592,31.712137,1000,4.339496e-05
1593,31.732056,1000,4.339497e-05
1594,31.751976,1000,4.339498e-05
1595,31.771896,1000,4.339498e-05
1596,31.791815,1000,4.339499e-05
1597,31.811735,1000,4.339500e-05
1598,31.831655,1000,4.339501e-05
1599,31.851574,1000,4.339502e-05
1600,31.871494,1000,4.339503e-05
1601,31.891414,1000,4.339503e-05
1602,31.911334,1000,4.339504e-05
1603,31.931253,1000,4.339505e-05
1604,31.951173,1000,4.339506e-05
1605,31.971093,1000,4.339507e-05
1606,31.991012,1000,4.339508e-05
1607,32.010932,1000,4.339508e-05
1608,32.030852,1000,4.339509e-05
1609,32.050771,1000,4.339510e-05
1610,32.070691,1000,4.339511e-05
1611,32.090611,1000,4.339512e-05
1612,32.110530,1000,4.339513e-05
1613,32.130450,1000,4.339513e-05
1614,32.150370,1000,4.339514e-05
1615,32.170289,1000,4.339515e-05
1616,32.190209,1000,4.339516e-05
1617,32.210129,1000,4.339517e-05
1618,32.230048,1000,4.339518e-05
1619,32.249968,1000,4.339519e-05
1620,32.269888,1000,4.339519e-05
1621,32.289807,1000,4.339520e-05
1622,32.309727,1000,4.339521e-05
1623,32.329647,1000,4.339522e-05
1624,32.349567,1000,4.339523e-05
1625,32.369486,1000,4.339524e-05
1626,32.389406,1000,4.339524e-05
1627,32.409326,1000,4.339525e-05
1628,32.429245,1000,4.339526e-05
1629,32.449165,1000,4.339527e-05
1630,32.469085,1000,4.339528e-05
1631,32.489004,1000,4.339529e-05
1632,32.508924,1000,4.339529e-05
1633,32.528844,1000,4.339530e-05
1634,32.548763,1000,4.339531e-05
1635,32.568683,1000,4.339532e-05
1636,32.588603,1000,4.339533e-05
1637,32.608522,1000,4.339534e-05
1638,32.628442,1000,4.339534e-05
1639,32.648362,1000,4.339535e-05
1640,32.668281,1000,4.339536e-05
1641,32.688201,1000,4.339537e-05
1642,32.708121,1000,4.339538e-05
1643,32.728041,1000,4.339539e-05
1644,32.747960,1000,4.339539e-05
1645,32.767880,1000,4.339540e-05
1646,32.787800,1000,4.339541e-05
1647,32.807719,1000,4.339542e-05
1648,32.827639,1000,4.339543e-05
1649,32.847559,1000,4.339544e-05
1650,32.867478,1000,4.339544e-05
1651,32.887398,1000,4.339545e-05
1652,32.907318,1000,4.339546e-05
1653,32.927237,1000,4.339547e-05
1654,32.947157,1000,4.339548e-05
1655,32.967077,1000,4.339549e-05
1656,32.986996,1000,4.339549e-05
1657,33.006916,1000,4.339550e-05
1658,33.026836,1000,4.339551e-05
1659,33.046755,1000,4.339552e-05
1660,33.066675,1000,4.339553e-05
1661,33.086595,1000,4.339554e-05
1662,33.106515,1000,4.339554e-05
1663,33.126434,1000,4.339555e-05
1664,33.146354,1000,4.339556e-05
1665,33.166274,1000,4.339557e-05
1666,33.186193,1000,4.339558e-05
1667,33.206113,1000,4.339559e-05
1668,33.226033,1000,4.339560e-05
1669,33.245952,1000,4.339560e-05
1670,33.265872,1000,4.339561e-05
1671,33.285792,1000,4.339562e-05
1672,33.305711,1000,4.339563e-05
1673,33.325631,1000,4.339564e-05
1674,33.345551,1000,4.339565e-05
1675,33.365470,1000,4.339565e-05
1676,33.385390,1000,4.339566e-05
1677,33.405310,1000,4.339567e-05
1678,33.425229,1000,4.339568e-05
1679,33.445149,1000,4.339569e-05
1680,33.465069,1000,4.339570e-05
1681,33.484989,1000,4.339570e-05
1682,33.504908,1000,4.339571e-05
1683,33.524828,1000,4.339572e-05
1684,33.544748,1000,4.339573e-05
1685,33.564667,1000,4.339574e-05
1686,33.584587,1000,4.339575e-05
1687,33.604507,1000,4.339575e-05
1688,33.624426,1000,4.339576e-05
1689,33.644346,1000,4.339577e-05
1690,33.664266,1000,4.339578e-05
1691,33.684185,1000,4.339579e-05
1692,33.704105,1000,4.339580e-05
1693,33.724025,1000,4.339580e-05
1694,33.743944,1000,4.339581e-05
1695,33.763864,1000,4.339582e-05
1696,33.783784,1000,4.339583e-05
1697,33.803703,1000,4.339584e-05
1698,33.823623,1000,4.339585e-05
1699,33.843543,1000,4.339585e-05
1700,33.863463,1000,4.339586e-05
1701,33.883382,1000,4.339587e-05
1702,33.903302,1000,4.339588e-05
1703,33.923222,1000,4.339589e-05
1704,33.943141,1000,4.339590e-05
1705,33.963061,1000,4.339590e-05
1706,33.982981,1000,4.339591e-05
1707,34.002900,1000,4.339592e-05
1708,34.022820,1000,4.339593e-05
1709,34.042740,1000,4.339594e-05
1710,34.062659,1000,4.339595e-05
1711,34.082579,1000,4.339595e-05
1712,34.102499,1000,4.339596e-05
1713,34.122418,1000,4.339597e-05
1714,34.142338,1000,4.339598e-05
1715,34.162258,1000,4.339599e-05
1716,34.182177,1000,4.339600e-05
1717,34.202097,1000,4.339600e-05
1718,34.222017,1000,4.339601e-05
1719,34.241937,1000,4.339602e-05
1720,34.261856,1000,4.339603e-05
1721,34.281776,1000,4.339604e-05
1722,34.301696,1000,4.339605e-05
1723,34.321615,1000,4.339606e-05
1724,34.341535,1000,4.339606e-05
1725,34.361455,1000,4.339607e-05
1726,34.381374,1000,4.339608e-05
1727,34.401294,1000,4.339609e-05
1728,34.421214,1000,4.339610e-05
1729,34.441133,1000,4.339611e-05
1730,34.461053,1000,4.339611e-05
1731,34.480973,1000,4.339612e-05
1732,34.500892,1000,4.339613e-05
1733,34.520812,1000,4.339614e-05
1734,34.540732,1000,4.339615e-05
1735,34.560651,1000,4.339616e-05
1736,34.580571,1000,4.339616e-05
1737,34.600491,1000,4.339617e-05
1738,34.620411,1000,4.339618e-05
1739,34.640330,1000,4.339619e-05
1740,34.660250,1000,4.339620e-05
1741,34.680170,1000,4.339621e-05
1742,34.700089,1000,4.339621e-05
1743,34.720009,1000,4.339622e-05
1744,34.739929,1000,4.339623e-05
1745,34.759848,1000,4.339624e-05
1746,34.779768,1000,4.339625e-05
1747,34.799688,1000,4.339626e-05
1748,34.819607,1000,4.339626e-05
1749,34.839527,1000,4.339627e-05
1750,34.859447,1000,4.339628e-05
1751,34.879366,1000,4.339629e-05
1752,34.899286,1000,4.339630e-05
1753,34.919206,1000,4.339631e-05
1754,34.939125,1000,4.339631e-05
1755,34.959045,1000,4.339632e-05
1756,34.978965,1000,4.339633e-05
1757,34.998884,1000,4.339634e-05
1758,35.018804,1000,4.339635e-05
1759,35.038724,1000,4.339636e-05
1760,35.058644,1000,4.339636e-05
1761,35.078563,1000,4.339637e-05
1762,35.098483,1000,4.339638e-05
1763,35.118403,1000,4.339639e-05
1764,35.138322,1000,4.339640e-05
1765,35.158242,1000,4.339641e-05
1766,35.178162,1000,4.339641e-05
1767,35.198081,1000,4.339642e-05
1768,35.218001,1000,4.339643e-05
1769,35.237921,1000,4.339644e-05
1770,35.257840,1000,4.339645e-05
1771,35.277760,1000,4.339646e-05
1772,35.297680,1000,4.339646e-05
1773,35.317599,1000,4.339647e-05
1774,35.337519,1000,4.339648e-05
1775,35.357439,1000,4.339649e-05
1776,35.377358,1000,4.339650e-05
1777,35.397278,1000,4.339651e-05
1778,35.417198,1000,4.339652e-05
1779,35.437118,1000,4.339652e-05
1780,35.457037,1000,4.339653e-05
1781,35.476957,1000,4.339654e-05
1782,35.496877,1000,4.339655e-05
1783,35.516796,1000,4.339656e-05
1784,35.536716,1000,4.339657e-05
1785,35.556636,1000,4.339657e-05
1786,35.576555,1000,4.339658e-05
1787,35.596475,1000,4.339659e-05
1788,35.616395,1000,4.339660e-05
1789,35.636314,1000,4.339661e-05
1790,35.656234,1000,4.339662e-05
1791,35.676154,1000,4.339662e-05
1792,35.696073,1000,4.339663e-05
1793,35.715993,1000,4.339664e-05
1794,35.735913,1000,4.339665e-05
1795,35.755832,1000,4.339666e-05
1796,35.775752,1000,4.339667e-05
1797,35.795672,1000,4.339667e-05
1798,35.815592,1000,4.339668e-05
1799,35.835511,1000,4.339669e-05
1800,35.855431,1000,4.339670e-05
1801,35.875351,1000,4.339671e-05
1802,35.895270,1000,4.339672e-05
1803,35.915190,1000,4.339672e-05
1804,35.935110,1000,4.339673e-05
1805,35.955029,1000,4.339674e-05
1806,35.974949,1000,4.339675e-05
1807,35.994869,1000,4.339676e-05
1808,36.014788,1000,4.339677e-05
1809,36.034708,1000,4.339677e-05
1810,36.054628,1000,4.339678e-05
1811,36.074547,1000,4.339679e-05
1812,36.094467,1000,4.339680e-05
1813,36.114387,1000,4.339681e-05
1814,36.134306,1000,4.339682e-05
1815,36.154226,1000,4.339682e-05
1816,36.174146,1000,4.339683e-05
1817,36.194066,1000,4.339684e-05
1818,36.213985,1000,4.339685e-05
1819,36.233905,1000,4.339686e-05
1820,36.253825,1000,4.339687e-05
1821,36.273744,1000,4.339687e-05
1822,36.293664,1000,4.339688e-05
1823,36.313584,1000,4.339689e-05
1824,36.333503,1000,4.339690e-05
1825,36.353423,1000,4.339691e-05
1826,36.373343,1000,4.339692e-05
1827,36.393262,1000,4.339692e-05
1828,36.413182,1000,4.339693e-05
1829,36.433102,1000,4.339694e-05
1830,36.453021,1000,4.339695e-05
1831,36.472941,1000,4.339696e-05
1832,36.492861,1000,4.339697e-05
1833,36.512780,1000,4.339697e-05
1834,36.532700,1000,4.339698e-05
1835,36.552620,1000,4.339699e-05
1836,36.572540,1000,4.339700e-05
1837,36.592459,1000,4.339701e-05
1838,36.612379,1000,4.339702e-05
1839,36.632299,1000,4.339703e-05
1840,36.652218,1000,4.339703e-05
1841,36.672138,1000,4.339704e-05
1842,36.692058,1000,4.339705e-05
1843,36.711977,1000,4.339706e-05
1844,36.731897,1000,4.339707e-05
1845,36.751817,1000,4.339708e-05
1846,36.771736,1000,4.339708e-05
1847,36.791656,1000,4.339709e-05
1848,36.811576,1000,4.339710e-05
1849,36.831495,1000,4.339711e-05
1850,36.851415,1000,4.339712e-05
1851,36.871335,1000,4.339713e-05
1852,36.891254,1000,4.339713e-05
1853,36.911174,1000,4.339714e-05
1854,36.931094,1000,4.339715e-05
1855,36.951014,1000,4.339716e-05
1856,36.970933,1000,4.339717e-05
1857,36.990853,1000,4.339718e-05
1858,37.010773,1000,4.339718e-05
1859,37.030692,1000,4.339719e-05
1860,37.050612,1000,4.339720e-05
1861,37.070532,1000,4.339721e-05
1862,37.090451,1000,4.339722e-05
1863,37.110371,1000,4.339723e-05
1864,37.130291,1000,4.339723e-05
1865,37.150210,1000,4.339724e-05
1866,37.170130,1000,4.339725e-05
1867,37.190050,1000,4.339726e-05
1868,37.209969,1000,4.339727e-05
1869,37.229889,1000,4.339728e-05
1870,37.249809,1000,4.339728e-05
1871,37.269728,1000,4.339729e-05
1872,37.289648,1000,4.339730e-05
1873,37.309568,1000,4.339731e-05
1874,37.329488,1000,4.339732e-05
1875,37.349407,1000,4.339733e-05
1876,37.369327,1000,4.339733e-05
1877,37.389247,1000,4.339734e-05
1878,37.409166,1000,4.339735e-05
1879,37.429086,1000,4.339736e-05
1880,37.449006,1000,4.339737e-05
1881,37.468925,1000,4.339738e-05
1882,37.488845,1000,4.339738e-05
1883,37.508765,1000,4.339739e-05
1884,37.528684,1000,4.339740e-05
1885,37.548604,1000,4.339741e-05
1886,37.568524,1000,4.339742e-05
1887,37.588443,1000,4.339743e-05
1888,37.608363,1000,4.339743e-05
1889,37.628283,1000,4.339744e-05
1890,37.648202,1000,4.339745e-05
1891,37.668122,1000,4.339746e-05
1892,37.688042,1000,4.339747e-05
1893,37.707961,1000,4.339748e-05
1894,37.727881,1000,4.339748e-05
1895,37.747801,1000,4.339749e-05
1896,37.767721,1000,4.339750e-05
1897,37.787640,1000,4.339751e-05
1898,37.807560,1000,4.339752e-05
1899,37.827480,1000,4.339753e-05
1900,37.847399,1000,4.339753e-05
1901,37.867319,1000,4.339754e-05
1902,37.887239,1000,4.339755e-05
1903,37.907158,1000,4.339756e-05
1904,37.927078,1000,4.339757e-05
1905,37.946998,1000,4.339758e-05
1906,37.966917,1000,4.339758e-05
1907,37.986837,1000,4.339759e-05
1908,38.006757,1000,4.339760e-05
1909,38.026676,1000,4.339761e-05
1910,38.046596,1000,4.339762e-05
1911,38.066516,1000,4.339763e-05
1912,38.086435,1000,4.339764e-05
1913,38.106355,1000,4.339764e-05
1914,38.126275,1000,4.339765e-05
1915,38.146195,1000,4.339766e-05
1916,38.166114,1000,4.339767e-05
1917,38.186034,1000,4.339768e-05
1918,38.205954,1000,4.339769e-05
1919,38.225873,1000,4.339769e-05
1920,38.245793,1000,4.339770e-05
1921,38.265713,1000,4.339771e-05
1922,38.285632,1000,4.339772e-05
1923,38.305552,1000,4.339773e-05
1924,38.325472,1000,4.339774e-05
1925,38.345391,1000,4.339774e-05
1926,38.365311,1000,4.339775e-05
1927,38.385231,1000,4.339776e-05
1928,38.405150,1000,4.339777e-05
1929,38.425070,1000,4.339778e-05
1930,38.444990,1000,4.339779e-05
1931,38.464909,1000,4.339779e-05
1932,38.484829,1000,4.339780e-05
1933,38.504749,1000,4.339781e-05
1934,38.524669,1000,4.339782e-05
1935,38.544588,1000,4.339783e-05
1936,38.564508,1000,4.339784e-05
1937,38.584428,1000,4.339784e-05
1938,38.604347,1000,4.339785e-05
1939,38.624267,1000,4.339786e-05
1940,38.644187,1000,4.339787e-05
1941,38.664106,1000,4.339788e-05
1942,38.684026,1000,4.339789e-05
1943,38.703946,1000,4.339789e-05
1944,38.723865,1000,4.339790e-05
1945,38.743785,1000,4.339791e-05
1946,38.763705,1000,4.339792e-05
1947,38.783624,1000,4.339793e-05
1948,38.803544,1000,4.339794e-05
1949,38.823464,1000,4.339794e-05
1950,38.843383,1000,4.339795e-05
1951,38.863303,1000,4.339796e-05
1952,38.883223,1000,4.339797e-05
1953,38.903143,1000,4.339798e-05
1954,38.923062,1000,4.339799e-05
1955,38.942982,1000,4.339799e-05
1956,38.962902,1000,4.339800e-05
1957,38.982821,1000,4.339801e-05
1958,39.002741,1000,4.339802e-05
1959,39.022661,1000,4.339803e-05
1960,39.042580,1000,4.339804e-05
1961,39.062500,1000,4.339804e-05
1962,39.082420,1000,4.339805e-05
1963,39.102339,1000,4.339806e-05
1964,39.122259,1000,4.339807e-05
1965,39.142179,1000,4.339808e-05
1966,39.162098,1000,4.339809e-05
1967,39.182018,1000,4.339809e-05
1968,39.201938,1000,4.339810e-05
1969,39.221857,1000,4.339811e-05
1970,39.241777,1000,4.339812e-05
1971,39.261697,1000,4.339813e-05
1972,39.281617,1000,4.339814e-05
1973,39.301536,1000,4.339814e-05
1974,39.321456,1000,4.339815e-05
1975,39.341376,1000,4.339816e-05
1976,39.361295,1000,4.339817e-05
1977,39.381215,1000,4.339818e-05
1978,39.401135,1000,4.339819e-05
1979,39.421054,1000,4.339819e-05
1980,39.440974,1000,4.339820e-05
1981,39.460894,1000,4.339821e-05
1982,39.480813,1000,4.339822e-05
1983,39.500733,1000,4.339823e-05
1984,39.520653,1000,4.339824e-05
1985,39.540572,1000,4.339824e-05
1986,39.560492,1000,4.339825e-05
1987,39.580412,1000,4.339826e-05
1988,39.600331,1000,4.339827e-05
1989,39.620251,1000,4.339828e-05
1990,39.640171,1000,4.339829e-05
1991,39.660091,1000,4.339830e-05
1992,39.680010,1000,4.339830e-05
1993,39.699930,1000,4.339831e-05
1994,39.719850,1000,4.339832e-05
1995,39.739769,1000,4.339833e-05
1996,39.759689,1000,4.339834e-05
1997,39.779609,1000,4.339835e-05
1998,39.799528,1000,4.339835e-05
1999,39.819448,1000,4.339836e-05
2000,39.839368,1000,4.339837e-05
2001,39.859287,1000,4.339838e-05
2002,39.879207,1000,4.339839e-05
2003,39.899127,1000,4.339840e-05
2004,39.919046,1000,4.339840e-05
2005,39.938966,1000,4.339841e-05
2006,39.958886,1000,4.339842e-05
2007,39.978805,1000,4.339843e-05
2008,39.998725,1000,4.339844e-05
2009,40.018645,1000,4.339845e-05
2010,40.038565,1000,4.339845e-05
2011,40.058484,1000,4.339846e-05
2012,40.078404,1000,4.339847e-05
2013,40.098324,1000,4.339848e-05
2014,40.118243,1000,4.339849e-05
2015,40.138163,1000,4.339850e-05
2016,40.158083,1000,4.339850e-05
2017,40.178002,1000,4.339851e-05
2018,40.197922,1000,4.339852e-05
2019,40.217842,1000,4.339853e-05
2020,40.237761,1000,4.339854e-05
2021,40.257681,1000,4.339855e-05
2022,40.277601,1000,4.339855e-05
2023,40.297520,1000,4.339856e-05
2024,40.317440,1000,4.339857e-05
2025,40.337360,1000,4.339858e-05
2026,40.357279,1000,4.339859e-05
2027,40.377199,1000,4.339860e-05
2028,40.397119,1000,4.339860e-05
2029,40.417039,1000,4.339861e-05
2030,40.436958,1000,4.339862e-05
2031,40.456878,1000,4.339863e-05
2032,40.476798,1000,4.339864e-05
2033,40.496717,1000,4.339865e-05
2034,40.516637,1000,4.339865e-05
2035,40.536557,1000,4.339866e-05
2036,40.556476,1000,4.339867e-05
2037,40.576396,1000,4.339868e-05
2038,40.596316,1000,4.339869e-05
2039,40.616235,1000,4.339870e-05
2040,40.636155,1000,4.339870e-05
2041,40.656075,1000,4.339871e-05
2042,40.675994,1000,4.339872e-05
2043,40.695914,1000,4.339873e-05
2044,40.715834,1000,4.339874e-05
2045,40.735753,1000,4.339875e-05
2046,40.755673,1000,4.339875e-05
2047,40.775593,1000,4.339876e-05
2048,40.795512,1000,4.339877e-05
2049,40.815432,1000,4.339878e-05
2050,40.835352,1000,4.339879e-05
2051,40.855272,1000,4.339880e-05
2052,40.875191,1000,4.339880e-05
2053,40.895111,1000,4.339881e-05
2054,40.915031,1000,4.339882e-05
2055,40.934950,1000,4.339883e-05
2056,40.954870,1000,4.339884e-05
2057,40.974790,1000,4.339885e-05
2058,40.994709,1000,4.339885e-05
2059,41.014629,1000,4.339886e-05
2060,41.034549,1000,4.339887e-05
2061,41.054468,1000,4.339888e-05
2062,41.074388,1000,4.339889e-05
2063,41.094308,1000,4.339890e-05
2064,41.114227,1000,4.339890e-05
2065,41.134147,1000,4.339891e-05
2066,41.154067,1000,4.339892e-05
2067,41.173986,1000,4.339893e-05
2068,41.193906,1000,4.339894e-05
2069,41.213826,1000,4.339895e-05
2070,41.233746,1000,4.339895e-05
2071,41.253665,1000,4.339896e-05
2072,41.273585,1000,4.339897e-05
2073,41.293505,1000,4.339898e-05
2074,41.313424,1000,4.339899e-05
2075,41.333344,1000,4.339900e-05
2076,41.353264,1000,4.339900e-05
2077,41.373183,1000,4.339901e-05
2078,41.393103,1000,4.339902e-05
2079,41.413023,1000,4.339903e-05
2080,41.432942,1000,4.339904e-05
2081,41.452862,1000,4.339905e-05
2082,41.472782,1000,4.339906e-05
2083,41.492701,1000,4.339906e-05
2084,41.512621,1000,4.339907e-05
2085,41.532541,1000,4.339908e-05
2086,41.552460,1000,4.339909e-05
2087,41.572380,1000,4.339910e-05
2088,41.592300,1000,4.339911e-05
2089,41.612220,1000,4.339911e-05
2090,41.632139,1000,4.339912e-05
2091,41.652059,1000,4.339913e-05
2092,41.671979,1000,4.339914e-05
2093,41.691898,1000,4.339915e-05
2094,41.711818,1000,4.339916e-05
2095,41.731738,1000,4.339916e-05
2096,41.751657,1000,4.339917e-05
2097,41.771577,1000,4.339918e-05
2098,41.791497,1000,4.339919e-05
2099,41.811416,1000,4.339920e-05
2100,41.831336,1000,4.339921e-05
2101,41.851256,1000,4.339921e-05
2102,41.871175,1000,4.339922e-05
2103,41.891095,1000,4.339923e-05
2104,41.911015,1000,4.339924e-05
2105,41.930934,1000,4.339925e-05
2106,41.950854,1000,4.339926e-05
2107,41.970774,1000,4.339926e-05
2108,41.990694,1000,4.339927e-05
2109,42.010613,1000,4.339928e-05
2110,42.030533,1000,4.339929e-05
2111,42.050453,1000,4.339930e-05
2112,42.070372,1000,4.339931e-05
2113,42.090292,1000,4.339931e-05
2114,42.110212,1000,4.339932e-05
2115,42.130131,1000,4.339933e-05
2116,42.150051,1000,4.339934e-05
2117,42.169971,1000,4.339935e-05
2118,42.189890,1000,4.339936e-05
2119,42.209810,1000,4.339936e-05
2120,42.229730,1000,4.339937e-05
2121,42.249649,1000,4.339938e-05
2122,42.269569,1000,4.339939e-05
2123,42.289489,1000,4.339940e-05
2124,42.309408,1000,4.339941e-05
2125,42.329328,1000,4.339941e-05
2126,42.349248,1000,4.339942e-05
2127,42.369168,1000,4.339943e-05
2128,42.389087,1000,4.339944e-05
2129,42.409007,1000,4.339945e-05
2130,42.428927,1000,4.339946e-05
2131,42.448846,1000,4.339946e-05
2132,42.468766,1000,4.339947e-05
2133,42.488686,1000,4.339948e-05
2134,42.508605,1000,4.339949e-05
2135,42.528525,1000,4.339950e-05
2136,42.548445,1000,4.339951e-05
2137,42.568364,1000,4.339951e-05
2138,42.588284,1000,4.339952e-05
2139,42.608204,1000,4.339953e-05
2140,42.628123,1000,4.339954e-05
2141,42.648043,1000,4.339955e-05
2142,42.667963,1000,4.339956e-05
2143,42.687882,1000,4.339956e-05
2144,42.707802,1000,4.339957e-05
2145,42.727722,1000,4.339958e-05
2146,42.747642,1000,4.339959e-05
2147,42.767561,1000,4.339960e-05
2148,42.787481,1000,4.339961e-05
2149,42.807401,1000,4.339961e-05
2150,42.827320,1000,4.339962e-05
2151,42.847240,1000,4.339963e-05
2152,42.867160,1000,4.339964e-05
2153,42.887079,1000,4.339965e-05
2154,42.906999,1000,4.339966e-05
2155,42.926919,1000,4.339966e-05
2156,42.946838,1000,4.339967e-05
2157,42.966758,1000,4.339968e-05
2158,42.986678,1000,4.339969e-05
2159,43.006597,1000,4.339970e-05
2160,43.026517,1000,4.339971e-05
2161,43.046437,1000,4.339971e-05
2162,43.066356,1000,4.339972e-05
2163,43.086276,1000,4.339973e-05
2164,43.106196,1000,4.339974e-05
2165,43.126116,1000,4.339975e-05
2166,43.146035,1000,4.339976e-05
2167,43.165955,1000,4.339976e-05
2168,43.185875,1000,4.339977e-05
2169,43.205794,1000,4.339978e-05
2170,43.225714,1000,4.339979e-05
2171,43.245634,1000,4.339980e-05
2172,43.265553,1000,4.339981e-05
2173,43.285473,1000,4.339981e-05
2174,43.305393,1000,4.339982e-05
2175,43.325312,1000,4.339983e-05
2176,43.345232,1000,4.339984e-05
2177,43.365152,1000,4.339985e-05
2178,43.385071,1000,4.339986e-05
2179,43.404991,1000,4.339986e-05
2180,43.424911,1000,4.339987e-05
2181,43.444830,1000,4.339988e-05
2182,43.464750,1000,4.339989e-05
2183,43.484670,1000,4.339990e-05
2184,43.504589,1000,4.339991e-05
2185,43.524509,1000,4.339991e-05
2186,43.544429,1000,4.339992e-05
2187,43.564349,1000,4.339993e-05
2188,43.584268,1000,4.339994e-05
2189,43.604188,1000,4.339995e-05
2190,43.624108,1000,4.339996e-05
2191,43.644027,1000,4.339996e-05
2192,43.663947,1000,4.339997e-05
2193,43.683867,1000,4.339998e-05
2194,43.703786,1000,4.339999e-05
2195,43.723706,1000,4.340000e-05
2196,43.743626,1000,4.340001e-05
2197,43.763545,1000,4.340001e-05
2198,43.783465,1000,4.340002e-05
2199,43.803385,1000,4.340003e-05
2200,43.823304,1000,4.340004e-05
2201,43.843224,1000,4.340005e-05
2202,43.863144,1000,4.340006e-05
2203,43.883063,1000,4.340006e-05
2204,43.902983,1000,4.340007e-05
2205,43.922903,1000,4.340008e-05
2206,43.942823,1000,4.340009e-05
2207,43.962742,1000,4.340010e-05
2208,43.982662,1000,4.340011e-05
2209,44.002582,1000,4.340012e-05
2210,44.022501,1000,4.340012e-05
2211,44.042421,1000,4.340013e-05
2212,44.062341,1000,4.340014e-05
2213,44.082260,1000,4.340015e-05
2214,44.102180,1000,4.340016e-05
2215,44.122100,1000,4.340017e-05
2216,44.142019,1000,4.340017e-05
2217,44.161939,1000,4.340018e-05
2218,44.181859,1000,4.340019e-05
2219,44.201778,1000,4.340020e-05
2220,44.221698,1000,4.340021e-05
2221,44.241618,1000,4.340022e-05
2222,44.261537,1000,4.340022e-05
2223,44.281457,1000,4.340023e-05
2224,44.301377,1000,4.340024e-05
2225,44.321297,1000,4.340025e-05
2226,44.341216,1000,4.340026e-05
2227,44.361136,1000,4.340027e-05
2228,44.381056,1000,4.340027e-05
2229,44.400975,1000,4.340028e-05
2230,44.420895,1000,4.340029e-05
2231,44.440815,1000,4.340030e-05
2232,44.460734,1000,4.340031e-05
2233,44.480654,1000,4.340032e-05
2234,44.500574,1000,4.340032e-05
2235,44.520493,1000,4.340033e-05
2236,44.540413,1000,4.340034e-05
2237,44.560333,1000,4.340035e-05
2238,44.580252,1000,4.340036e-05
2239,44.600172,1000,4.340037e-05
2240,44.620092,1000,4.340037e-05
2241,44.640011,1000,4.340038e-05
2242,44.659931,1000,4.340039e-05
2243,44.679851,1000,4.340040e-05
2244,44.699771,1000,4.340041e-05
2245,44.719690,1000,4.340042e-05
2246,44.739610,1000,4.340042e-05
2247,44.759530,1000,4.340043e-05
2248,44.779449,1000,4.340044e-05
2249,44.799369,1000,4.340045e-05
2250,44.819289,1000,4.340046e-05
2251,44.839208,1000,4.340047e-05
2252,44.859128,1000,4.340047e-05
2253,44.879048,1000,4.340048e-05
2254,44.898967,1000,4.340049e-05
2255,44.918887,1000,4.340050e-05
2256,44.938807,1000,4.340051e-05
2257,44.958726,1000,4.340052e-05
2258,44.978646,1000,4.340052e-05
2259,44.998566,1000,4.340053e-05
2260,45.018485,1000,4.340054e-05
2261,45.038405,1000,4.340055e-05
2262,45.058325,1000,4.340056e-05
2263,45.078245,1000,4.340057e-05
2264,45.098164,1000,4.340057e-05
2265,45.118084,1000,4.340058e-05
2266,45.138004,1000,4.340059e-05
2267,45.157923,1000,4.340060e-05
2268,45.177843,1000,4.340061e-05
2269,45.197763,1000,4.340062e-05
2270,45.217682,1000,4.340062e-05
2271,45.237602,1000,4.340063e-05
2272,45.257522,1000,4.340064e-05
2273,45.277441,1000,4.340065e-05
2274,45.297361,1000,4.340066e-05
2275,45.317281,1000,4.340067e-05
2276,45.337200,1000,4.340067e-05
2277,45.357120,1000,4.340068e-05
2278,45.377040,1000,4.340069e-05
2279,45.396959,1000,4.340070e-05
2280,45.416879,1000,4.340071e-05
2281,45.436799,1000,4.340072e-05
2282,45.456719,1000,4.340072e-05
2283,45.476638,1000,4.340073e-05
2284,45.496558,1000,4.340074e-05
2285,45.516478,1000,4.340075e-05
2286,45.536397,1000,4.340076e-05
2287,45.556317,1000,4.340077e-05
2288,45.576237,1000,4.340077e-05
2289,45.596156,1000,4.340078e-05
2290,45.616076,1000,4.340079e-05
2291,45.635996,1000,4.340080e-05
2292,45.655915,1000,4.340081e-05
2293,45.675835,1000,4.340082e-05
2294,45.695755,1000,4.340082e-05
2295,45.715674,1000,4.340083e-05
2296,45.735594,1000,4.340084e-05
2297,45.755514,1000,4.340085e-05
2298,45.775433,1000,4.340086e-05
2299,45.795353,1000,4.340087e-05
2300,45.815273,1000,4.340087e-05
2301,45.835193,1000,4.340088e-05
2302,45.855112,1000,4.340089e-05
2303,45.875032,1000,4.340090e-05
2304,45.894952,1000,4.340091e-05
2305,45.914871,1000,4.340092e-05
2306,45.934791,1000,4.340092e-05
2307,45.954711,1000,4.340093e-05
2308,45.974630,1000,4.340094e-05
2309,45.994550,1000,4.340095e-05
2310,46.014470,1000,4.340096e-05
2311,46.034389,1000,4.340097e-05
2312,46.054309,1000,4.340097e-05
2313,46.074229,1000,4.340098e-05
2314,46.094148,1000,4.340099e-05
2315,46.114068,1000,4.340100e-05
2316,46.133988,1000,4.340101e-05
2317,46.153907,1000,4.340102e-05
2318,46.173827,1000,4.340102e-05
2319,46.193747,1000,4.340103e-05
2320,46.213666,1000,4.340104e-05
2321,46.233586,1000,4.340105e-05
2322,46.253506,1000,4.340106e-05
2323,46.273426,1000,4.340107e-05
2324,46.293345,1000,4.340107e-05
2325,46.313265,1000,4.340108e-05
2326,46.333185,1000,4.340109e-05
2327,46.353104,1000,4.340110e-05
2328,46.373024,1000,4.340111e-05
2329,46.392944,1000,4.340112e-05
2330,46.412863,1000,4.340112e-05
2331,46.432783,1000,4.340113e-05
2332,46.452703,1000,4.340114e-05
2333,46.472622,1000,4.340115e-05
2334,46.492542,1000,4.340116e-05
2335,46.512462,1000,4.340117e-05
2336,46.532381,1000,4.340117e-05
2337,46.552301,1000,4.340118e-05
2338,46.572221,1000,4.340119e-05
2339,46.592140,1000,4.340120e-05
2340,46.612060,1000,4.340121e-05
2341,46.631980,1000,4.340122e-05
2342,46.651900,1000,4.340122e-05
2343,46.671819,1000,4.340123e-05
2344,46.691739,1000,4.340124e-05
2345,46.711659,1000,4.340125e-05
2346,46.731578,1000,4.340126e-05
2347,46.751498,1000,4.340127e-05
2348,46.771418,1000,4.340127e-05
2349,46.791337,1000,4.340128e-05
2350,46.811257,1000,4.340129e-05
2351,46.831177,1000,4.340130e-05
2352,46.851096,1000,4.340131e-05
2353,46.871016,1000,4.340132e-05
2354,46.890936,1000,4.340132e-05
2355,46.910855,1000,4.340133e-05
2356,46.930775,1000,4.340134e-05
2357,46.950695,1000,4.340135e-05
2358,46.970614,1000,4.340136e-05
2359,46.990534,1000,4.340137e-05
2360,47.010454,1000,4.340137e-05
2361,47.030374,1000,4.340138e-05
2362,47.050293,1000,4.340139e-05
2363,47.070213,1000,4.340140e-05
2364,47.090133,1000,4.340141e-05
2365,47.110052,1000,4.340142e-05
2366,47.129972,1000,4.340142e-05
2367,47.149892,1000,4.340143e-05
2368,47.169811,1000,4.340144e-05
2369,47.189731,1000,4.340145e-05
2370,47.209651,1000,4.340146e-05
2371,47.229570,1000,4.340147e-05
2372,47.249490,1000,4.340147e-05
2373,47.269410,1000,4.340148e-05
2374,47.289329,1000,4.340149e-05
2375,47.309249,1000,4.340150e-05
2376,47.329169,1000,4.340151e-05
2377,47.349088,1000,4.340152e-05
2378,47.369008,1000,4.340152e-05
2379,47.388928,1000,4.340153e-05
2380,47.408848,1000,4.340154e-05
2381,47.428767,1000,4.340155e-05
2382,47.448687,1000,4.340156e-05
2383,47.468607,1000,4.340157e-05
2384,47.488526,1000,4.340157e-05
2385,47.508446,1000,4.340158e-05
2386,47.528366,1000,4.340159e-05
2387,47.548285,1000,4.340160e-05
2388,47.568205,1000,4.340161e-05
2389,47.588125,1000,4.340162e-05
2390,47.608044,1000,4.340162e-05
2391,47.627964,1000,4.340163e-05
2392,47.647884,1000,4.340164e-05
2393,47.667803,1000,4.340165e-05
2394,47.687723,1000,4.340166e-05
2395,47.707643,1000,4.340167e-05
2396,47.727562,1000,4.340167e-05
2397,47.747482,1000,4.340168e-05
2398,47.767402,1000,4.340169e-05
2399,47.787322,1000,4.340170e-05
2400,47.807241,1000,4.340171e-05
2401,47.827161,1000,4.340172e-05
2402,47.847081,1000,4.340172e-05
2403,47.867000,1000,4.340173e-05
2404,47.886920,1000,4.340174e-05
2405,47.906840,1000,4.340175e-05
2406,47.926759,1000,4.340176e-05
2407,47.946679,1000,4.340177e-05
2408,47.966599,1000,4.340177e-05
2409,47.986518,1000,4.340178e-05
2410,48.006438,1000,4.340179e-05
2411,48.026358,1000,4.340180e-05
2412,48.046277,1000,4.340181e-05
2413,48.066197,1000,4.340182e-05
2414,48.086117,1000,4.340182e-05
2415,48.106036,1000,4.340183e-05
2416,48.125956,1000,4.340184e-05
2417,48.145876,1000,4.340185e-05
2418,48.165796,1000,4.340186e-05
2419,48.185715,1000,4.340187e-05
2420,48.205635,1000,4.340187e-05
2421,48.225555,1000,4.340188e-05
2422,48.245474,1000,4.340189e-05
2423,48.265394,1000,4.340190e-05
2424,48.285314,1000,4.340191e-05
2425,48.305233,1000,4.340192e-05
2426,48.325153,1000,4.340192e-05
2427,48.345073,1000,4.340193e-05
2428,48.364992,1000,4.340194e-05
2429,48.384912,1000,4.340195e-05
2430,48.404832,1000,4.340196e-05
2431,48.424751,1000,4.340197e-05
2432,48.444671,1000,4.340197e-05
2433,48.464591,1000,4.340198e-05
2434,48.484510,1000,4.340199e-05
2435,48.504430,1000,4.340200e-05
2436,48.524350,1000,4.340201e-05
2437,48.544270,1000,4.340202e-05
2438,48.564189,1000,4.340202e-05
2439,48.584109,1000,4.340203e-05
2440,48.604029,1000,4.340204e-05
2441,48.623948,1000,4.340205e-05
2442,48.643868,1000,4.340206e-05
2443,48.663788,1000,4.340207e-05
2444,48.683707,1000,4.340208e-05
2445,48.703627,1000,4.340208e-05
2446,48.723547,1000,4.340209e-05
2447,48.743466,1000,4.340210e-05
2448,48.763386,1000,4.340211e-05
2449,48.783306,1000,4.340212e-05
2450,48.803225,1000,4.340213e-05
2451,48.823145,1000,4.340213e-05
2452,48.843065,1000,4.340214e-05
2453,48.862984,1000,4.340215e-05
2454,48.882904,1000,4.340216e-05
2455,48.902824,1000,4.340217e-05
2456,48.922743,1000,4.340218e-05
2457,48.942663,1000,4.340218e-05
2458,48.962583,1000,4.340219e-05
2459,48.982503,1000,4.340220e-05
2460,49.002422,1000,4.340221e-05
2461,49.022342,1000,4.340222e-05
2462,49.042262,1000,4.340223e-05
2463,49.062181,1000,4.340223e-05
2464,49.082101,1000,4.340224e-05
2465,49.102021,1000,4.340225e-05
2466,49.121940,1000,4.340226e-05
2467,49.141860,1000,4.340227e-05
2468,49.161780,1000,4.340228e-05
2469,49.181699,1000,4.340228e-05
2470,49.201619,1000,4.340229e-05
2471,49.221539,1000,4.340230e-05
2472,49.241458,1000,4.340231e-05
2473,49.261378,1000,4.340232e-05
2474,49.281298,1000,4.340233e-05
2475,49.301217,1000,4.340233e-05
2476,49.321137,1000,4.340234e-05
2477,49.341057,1000,4.340235e-05
2478,49.360977,1000,4.340236e-05
2479,49.380896,1000,4.340237e-05
2480,49.400816,1000,4.340238e-05
2481,49.420736,1000,4.340238e-05
2482,49.440655,1000,4.340239e-05
2483,49.460575,1000,4.340240e-05
2484,49.480495,1000,4.340241e-05
2485,49.500414,1000,4.340242e-05
2486,49.520334,1000,4.340243e-05
2487,49.540254,1000,4.340243e-05
2488,49.560173,1000,4.340244e-05
2489,49.580093,1000,4.340245e-05
2490,49.600013,1000,4.340246e-05
2491,49.619932,1000,4.340247e-05
2492,49.639852,1000,4.340248e-05
2493,49.659772,1000,4.340248e-05
2494,49.679691,1000,4.340249e-05
2495,49.699611,1000,4.340250e-05
2496,49.719531,1000,4.340251e-05
2497,49.739451,1000,4.340252e-05
2498,49.759370,1000,4.340253e-05
2499,49.779290,1000,4.340253e-05
2500,49.799210,1000,4.340254e-05
2501,49.819129,1000,4.340255e-05
2502,49.839049,1000,4.340256e-05
2503,49.858969,1000,4.340257e-05
2504,49.878888,1000,4.340258e-05
2505,49.898808,1000,4.340258e-05
2506,49.918728,1000,4.340259e-05
2507,49.938647,1000,4.340260e-05
2508,49.958567,1000,4.340261e-05
2509,49.978487,1000,4.340262e-05
2510,49.998406,1000,4.340263e-05
2511,50.018326,1000,4.340263e-05
2512,50.038246,1000,4.340264e-05
2513,50.058165,1000,4.340265e-05
2514,50.078085,1000,4.340266e-05
2515,50.098005,1000,4.340267e-05
2516,50.117925,1000,4.340268e-05
2517,50.137844,1000,4.340268e-05
2518,50.157764,1000,4.340269e-05
2519,50.177684,1000,4.340270e-05
2520,50.197603,1000,4.340271e-05
2521,50.217523,1000,4.340272e-05
2522,50.237443,1000,4.340273e-05
2523,50.257362,1000,4.340273e-05
2524,50.277282,1000,4.340274e-05
2525,50.297202,1000,4.340275e-05
2526,50.317121,1000,4.340276e-05
2527,50.337041,1000,4.340277e-05
2528,50.356961,1000,4.340278e-05
2529,50.376880,1000,4.340278e-05
2530,50.396800,1000,4.340279e-05
2531,50.416720,1000,4.340280e-05
2532,50.436639,1000,4.340281e-05
2533,50.456559,1000,4.340282e-05
2534,50.476479,1000,4.340283e-05
2535,50.496399,1000,4.340283e-05
2536,50.516318,1000,4.340284e-05
2537,50.536238,1000,4.340285e-05
2538,50.556158,1000,4.340286e-05
2539,50.576077,1000,4.340287e-05
2540,50.595997,1000,4.340288e-05
2541,50.615917,1000,4.340288e-05
2542,50.635836,1000,4.340289e-05
2543,50.655756,1000,4.340290e-05
2544,50.675676,1000,4.340291e-05
2545,50.695595,1000,4.340292e-05
2546,50.715515,1000,4.340293e-05
2547,50.735435,1000,4.340293e-05
2548,50.755354,1000,4.340294e-05
2549,50.775274,1000,4.340295e-05
2550,50.795194,1000,4.340296e-05
2551,50.815113,1000,4.340297e-05
2552,50.835033,1000,4.340298e-05
2553,50.854953,1000,4.340298e-05
2554,50.874873,1000,4.340299e-05
2555,50.894792,1000,4.340300e-05
2556,50.914712,1000,4.340301e-05
2557,50.934632,1000,4.340302e-05
2558,50.954551,1000,4.340303e-05
2559,50.974471,1000,4.340303e-05
2560,50.994391,1000,4.340304e-05
2561,51.014310,1000,4.340305e-05
2562,51.034230,1000,4.340306e-05
2563,51.054150,1000,4.340307e-05
2564,51.074069,1000,4.340308e-05
2565,51.093989,1000,4.340308e-05
2566,51.113909,1000,4.340309e-05
2567,51.133828,1000,4.340310e-05
2568,51.153748,1000,4.340311e-05
2569,51.173668,1000,4.340312e-05
2570,51.193587,1000,4.340313e-05
2571,51.213507,1000,4.340313e-05
2572,51.233427,1000,4.340314e-05
2573,51.253347,1000,4.340315e-05
2574,51.273266,1000,4.340316e-05
2575,51.293186,1000,4.340317e-05
2576,51.313106,1000,4.340317e-05
2577,51.333025,1000,4.340318e-05
2578,51.352945,1000,4.340319e-05
2579,51.372865,1000,4.340320e-05
2580,51.392784,1000,4.340321e-05
2581,51.412704,1000,4.340322e-05
2582,51.432624,1000,4.340322e-05
2583,51.452543,1000,4.340323e-05
2584,51.472463,1000,4.340324e-05
2585,51.492383,1000,4.340325e-05
2586,51.512302,1000,4.340326e-05
2587,51.532222,1000,4.340327e-05
2588,51.552142,1000,4.340327e-05
2589,51.572061,1000,4.340328e-05
2590,51.591981,1000,4.340329e-05
2591,51.611901,1000,4.340330e-05
2592,51.631820,1000,4.340331e-05
2593,51.651740,1000,4.340332e-05
2594,51.671660,1000,4.340332e-05
2595,51.691580,1000,4.340333e-05
2596,51.711499,1000,4.340334e-05
2597,51.731419,1000,4.340335e-05
2598,51.751339,1000,4.340336e-05
2599,51.771258,1000,4.340337e-05
2600,51.791178,1000,4.340337e-05
2601,51.811098,1000,4.340338e-05
2602,51.831017,1000,4.340339e-05
2603,51.850937,1000,4.340340e-05
2604,51.870857,1000,4.340341e-05
2605,51.890776,1000,4.340342e-05
2606,51.910696,1000,4.340342e-05
2607,51.930616,1000,4.340343e-05
2608,51.950535,1000,4.340344e-05
2609,51.970455,1000,4.340345e-05
2610,51.990375,1000,4.340346e-05
2611,52.010294,1000,4.340347e-05
2612,52.030214,1000,4.340347e-05
2613,52.050134,1000,4.340348e-05
2614,52.070054,1000,4.340349e-05
2615,52.089973,1000,4.340350e-05
2616,52.109893,1000,4.340351e-05
2617,52.129813,1000,4.340352e-05
2618,52.149732,1000,4.340352e-05
2619,52.169652,1000,4.340353e-05
2620,52.189572,1000,4.340354e-05
2621,52.209491,1000,4.340355e-05
2622,52.229411,1000,4.340356e-05
2623,52.249331,1000,4.340357e-05
2624,52.269250,1000,4.340357e-05
2625,52.289170,1000,4.340358e-05
2626,52.309090,1000,4.340359e-05
2627,52.329009,1000,4.340360e-05
2628,52.348929,1000,4.340361e-05
2629,52.368849,1000,4.340362e-05
2630,52.388768,1000,4.340362e-05
2631,52.408688,1000,4.340363e-05
2632,52.428608,1000,4.340364e-05
2633,52.448528,1000,4.340365e-05
2634,52.468447,1000,4.340366e-05
2635,52.488367,1000,4.340367e-05
2636,52.508287,1000,4.340367e-05
2637,52.528206,1000,4.340368e-05
2638,52.548126,1000,4.340369e-05
2639,52.568046,1000,4.340370e-05
2640,52.587965,1000,4.340371e-05
2641,52.607885,1000,4.340372e-05
2642,52.627805,1000,4.340372e-05
2643,52.647724,1000,4.340373e-05
2644,52.667644,1000,4.340374e-05
2645,52.687564,1000,4.340375e-05
2646,52.707483,1000,4.340376e-05
2647,52.727403,1000,4.340377e-05
2648,52.747323,1000,4.340377e-05
2649,52.767242,1000,4.340378e-05
2650,52.787162,1000,4.340379e-05
2651,52.807082,1000,4.340380e-05
2652,52.827002,1000,4.340381e-05
2653,52.846921,1000,4.340382e-05
2654,52.866841,1000,4.340382e-05
2655,52.886761,1000,4.340383e-05
2656,52.906680,1000,4.340384e-05
2657,52.926600,1000,4.340385e-05
2658,52.946520,1000,4.340386e-05
2659,52.966439,1000,4.340387e-05
2660,52.986359,1000,4.340387e-05
2661,53.006279,1000,4.340388e-05
2662,53.026198,1000,4.340389e-05
2663,53.046118,1000,4.340390e-05
2664,53.066038,1000,4.340391e-05
2665,53.085957,1000,4.340392e-05
2666,53.105877,1000,4.340392e-05
2667,53.125797,1000,4.340393e-05
2668,53.145716,1000,4.340394e-05
2669,53.165636,1000,4.340395e-05
2670,53.185556,1000,4.340396e-05
2671,53.205476,1000,4.340397e-05
2672,53.225395,1000,4.340397e-05
2673,53.245315,1000,4.340398e-05
2674,53.265235,1000,4.340399e-05
2675,53.285154,1000,4.340400e-05
2676,53.305074,1000,4.340401e-05
2677,53.324994,1000,4.340402e-05
2678,53.344913,1000,4.340402e-05
2679,53.364833,1000,4.340403e-05
2680,53.384753,1000,4.340404e-05
2681,53.404672,1000,4.340405e-05
2682,53.424592,1000,4.340406e-05
2683,53.444512,1000,4.340407e-05
2684,53.464431,1000,4.340407e-05
2685,53.484351,1000,4.340408e-05
2686,53.504271,1000,4.340409e-05
2687,53.524190,1000,4.340410e-05
2688,53.544110,1000,4.340411e-05
2689,53.564030,1000,4.340412e-05
2690,53.583950,1000,4.340412e-05
2691,53.603869,1000,4.340413e-05
2692,53.623789,1000,4.340414e-05
2693,53.643709,1000,4.340415e-05
2694,53.663628,1000,4.340416e-05
2695,53.683548,1000,4.340417e-05
2696,53.703468,1000,4.340417e-05
2697,53.723387,1000,4.340418e-05
2698,53.743307,1000,4.340419e-05
2699,53.763227,1000,4.340420e-05
2700,53.783146,1000,4.340421e-05
2701,53.803066,1000,4.340422e-05
2702,53.822986,1000,4.340422e-05
2703,53.842905,1000,4.340423e-05
2704,53.862825,1000,4.340424e-05
2705,53.882745,1000,4.340425e-05
2706,53.902664,1000,4.340426e-05
2707,53.922584,1000,4.340427e-05
2708,53.942504,1000,4.340427e-05
2709,53.962424,1000,4.340428e-05
2710,53.982343,1000,4.340429e-05
2711,54.002263,1000,4.340430e-05
2712,54.022183,1000,4.340431e-05
2713,54.042102,1000,4.340432e-05
2714,54.062022,1000,4.340432e-05
2715,54.081942,1000,4.340433e-05
2716,54.101861,1000,4.340434e-05
2717,54.121781,1000,4.340435e-05
2718,54.141701,1000,4.340436e-05
2719,54.161620,1000,4.340437e-05
2720,54.181540,1000,4.340437e-05
2721,54.201460,1000,4.340438e-05
2722,54.221379,1000,4.340439e-05
2723,54.241299,1000,4.340440e-05
2724,54.261219,1000,4.340441e-05
2725,54.281138,1000,4.340442e-05
2726,54.301058,1000,4.340442e-05
2727,54.320978,1000,4.340443e-05
2728,54.340898,1000,4.340444e-05
2729,54.360817,1000,4.340445e-05
2730,54.380737,1000,4.340446e-05
2731,54.400657,1000,4.340447e-05
2732,54.420576,1000,4.340447e-05
2733,54.440496,1000,4.340448e-05
2734,54.460416,1000,4.340449e-05
2735,54.480335,1000,4.340450e-05
2736,54.500255,1000,4.340451e-05
2737,54.520175,1000,4.340452e-05
2738,54.540094,1000,4.340452e-05
2739,54.560014,1000,4.340453e-05
2740,54.579934,1000,4.340454e-05
2741,54.599853,1000,4.340455e-05
2742,54.619773,1000,4.340456e-05
2743,54.639693,1000,4.340457e-05
2744,54.659612,1000,4.340457e-05
2745,54.679532,1000,4.340458e-05
2746,54.699452,1000,4.340459e-05
2747,54.719371,1000,4.340460e-05
2748,54.739291,1000,4.340461e-05
2749,54.759211,1000,4.340462e-05
2750,54.779131,1000,4.340462e-05
2751,54.799050,1000,4.340463e-05
2752,54.818970,1000,4.340464e-05
2753,54.838890,1000,4.340465e-05
2754,54.858809,1000,4.340466e-05
2755,54.878729,1000,4.340467e-05
2756,54.898649,1000,4.340467e-05
2757,54.918568,1000,4.340468e-05
2758,54.938488,1000,4.340469e-05
2759,54.958408,1000,4.340470e-05
2760,54.978327,1000,4.340471e-05
2761,54.998247,1000,4.340472e-05
2762,55.018167,1000,4.340472e-05
2763,55.038086,1000,4.340473e-05
2764,55.058006,1000,4.340474e-05
2765,55.077926,1000,4.340475e-05
2766,55.097845,1000,4.340476e-05
2767,55.117765,1000,4.340477e-05
2768,55.137685,1000,4.340477e-05
2769,55.157605,1000,4.340478e-05
2770,55.177524,1000,4.340479e-05
2771,55.197444,1000,4.340480e-05
2772,55.217364,1000,4.340481e-05
2773,55.237283,1000,4.340482e-05
2774,55.257203,1000,4.340482e-05
2775,55.277123,1000,4.340483e-05
2776,55.297042,1000,4.340484e-05
2777,55.316962,1000,4.340485e-05
2778,55.336882,1000,4.340486e-05
2779,55.356801,1000,4.340487e-05
2780,55.376721,1000,4.340487e-05
2781,55.396641,1000,4.340488e-05
2782,55.416560,1000,4.340489e-05
2783,55.436480,1000,4.340490e-05
2784,55.456400,1000,4.340491e-05
2785,55.476319,1000,4.340492e-05
2786,55.496239,1000,4.340492e-05
2787,55.516159,1000,4.340493e-05
2788,55.536079,1000,4.340494e-05
2789,55.555998,1000,4.340495e-05
2790,55.575918,1000,4.340496e-05
2791,55.595838,1000,4.340497e-05
2792,55.615757,1000,4.340497e-05
2793,55.635677,1000,4.340498e-05
2794,55.655597,1000,4.340499e-05
2795,55.675516,1000,4.340500e-05
2796,55.695436,1000,4.340501e-05
2797,55.715356,1000,4.340502e-05
2798,55.735275,1000,4.340502e-05
2799,55.755195,1000,4.340503e-05
2800,55.775115,1000,4.340504e-05
2801,55.795034,1000,4.340505e-05
2802,55.814954,1000,4.340506e-05
2803,55.834874,1000,4.340507e-05
2804,55.854793,1000,4.340507e-05
2805,55.874713,1000,4.340508e-05
2806,55.894633,1000,4.340509e-05
2807,55.914553,1000,4.340510e-05
2808,55.934472,1000,4.340511e-05
2809,55.954392,1000,4.340512e-05
2810,55.974312,1000,4.340512e-05
2811,55.994231,1000,4.340513e-05
2812,56.014151,1000,4.340514e-05
2813,56.034071,1000,4.340515e-05
2814,56.053990,1000,4.340516e-05
2815,56.073910,1000,4.340517e-05
2816,56.093830,1000,4.340517e-05
2817,56.113749,1000,4.340518e-05
2818,56.133669,1000,4.340519e-05
2819,56.153589,1000,4.340520e-05
2820,56.173508,1000,4.340521e-05
2821,56.193428,1000,4.340521e-05
2822,56.213348,1000,4.340522e-05
2823,56.233267,1000,4.340523e-05
2824,56.253187,1000,4.340524e-05
2825,56.273107,1000,4.340525e-05
2826,56.293027,1000,4.340526e-05
2827,56.312946,1000,4.340526e-05
2828,56.332866,1000,4.340527e-05
2829,56.352786,1000,4.340528e-05
2830,56.372705,1000,4.340529e-05
2831,56.392625,1000,4.340530e-05
2832,56.412545,1000,4.340531e-05
2833,56.432464,1000,4.340531e-05
2834,56.452384,1000,4.340532e-05
2835,56.472304,1000,4.340533e-05
2836,56.492223,1000,4.340534e-05
2837,56.512143,1000,4.340535e-05
2838,56.532063,1000,4.340536e-05
2839,56.551982,1000,4.340536e-05
2840,56.571902,1000,4.340537e-05
2841,56.591822,1000,4.340538e-05
2842,56.611741,1000,4.340539e-05
2843,56.631661,1000,4.340540e-05
2844,56.651581,1000,4.340541e-05
2845,56.671501,1000,4.340541e-05
2846,56.691420,1000,4.340542e-05
2847,56.711340,1000,4.340543e-05
2848,56.731260,1000,4.340544e-05
2849,56.751179,1000,4.340545e-05
2850,56.771099,1000,4.340546e-05
2851,56.791019,1000,4.340546e-05
2852,56.810938,1000,4.340547e-05
2853,56.830858,1000,4.340548e-05
2854,56.850778,1000,4.340549e-05
2855,56.870697,1000,4.340550e-05
2856,56.890617,1000,4.340551e-05
2857,56.910537,1000,4.340551e-05
2858,56.930456,1000,4.340552e-05
2859,56.950376,1000,4.340553e-05
2860,56.970296,1000,4.340554e-05
2861,56.990215,1000,4.340555e-05
2862,57.010135,1000,4.340556e-05
2863,57.030055,1000,4.340556e-05
2864,57.049975,1000,4.340557e-05
2865,57.069894,1000,4.340558e-05
2866,57.089814,1000,4.340559e-05
2867,57.109734,1000,4.340560e-05
2868,57.129653,1000,4.340561e-05
2869,57.149573,1000,4.340561e-05
2870,57.169493,1000,4.340562e-05
2871,57.189412,1000,4.340563e-05
2872,57.209332,1000,4.340564e-05
2873,57.229252,1000,4.340565e-05
2874,57.249171,1000,4.340566e-05
2875,57.269091,1000,4.340566e-05
2876,57.289011,1000,4.340567e-05
2877,57.308930,1000,4.340568e-05
2878,57.328850,1000,4.340569e-05
2879,57.348770,1000,4.340570e-05
2880,57.368689,1000,4.340571e-05
2881,57.388609,1000,4.340571e-05
2882,57.408529,1000,4.340572e-05
2883,57.428448,1000,4.340573e-05
2884,57.448368,1000,4.340574e-05
2885,57.468288,1000,4.340575e-05
2886,57.488208,1000,4.340576e-05
2887,57.508127,1000,4.340576e-05
2888,57.528047,1000,4.340577e-05
2889,57.547967,1000,4.340578e-05
2890,57.567886,1000,4.340579e-05
2891,57.587806,1000,4.340580e-05
2892,57.607726,1000,4.340581e-05
2893,57.627645,1000,4.340581e-05
2894,57.647565,1000,4.340582e-05
2895,57.667485,1000,4.340583e-05
2896,57.687404,1000,4.340584e-05
2897,57.707324,1000,4.340585e-05
2898,57.727244,1000,4.340586e-05
2899,57.747163,1000,4.340586e-05
2900,57.767083,1000,4.340587e-05
2901,57.787003,1000,4.340588e-05
2902,57.806922,1000,4.340589e-05
2903,57.826842,1000,4.340590e-05
2904,57.846762,1000,4.340591e-05
2905,57.866682,1000,4.340591e-05
2906,57.886601,1000,4.340592e-05
2907,57.906521,1000,4.340593e-05
2908,57.926441,1000,4.340594e-05
2909,57.946360,1000,4.340595e-05
2910,57.966280,1000,4.340596e-05
2911,57.986200,1000,4.340596e-05
2912,58.006119,1000,4.340597e-05
2913,58.026039,1000,4.340598e-05
2914,58.045959,1000,4.340599e-05
2915,58.065878,1000,4.340600e-05
2916,58.085798,1000,4.340601e-05
2917,58.105718,1000,4.340601e-05
2918,58.125637,1000,4.340602e-05
2919,58.145557,1000,4.340603e-05
2920,58.165477,1000,4.340604e-05
2921,58.185396,1000,4.340605e-05
2922,58.205316,1000,4.340606e-05
2923,58.225236,1000,4.340606e-05
2924,58.245156,1000,4.340607e-05
2925,58.265075,1000,4.340608e-05
2926,58.284995,1000,4.340609e-05
2927,58.304915,1000,4.340610e-05
2928,58.324834,1000,4.340611e-05
2929,58.344754,1000,4.340611e-05
2930,58.364674,1000,4.340612e-05
2931,58.384593,1000,4.340613e-05
2932,58.404513,1000,4.340614e-05
2933,58.424433,1000,4.340615e-05
2934,58.444352,1000,4.340616e-05
2935,58.464272,1000,4.340616e-05
2936,58.484192,1000,4.340617e-05
2937,58.504111,1000,4.340618e-05
2938,58.524031,1000,4.340619e-05
2939,58.543951,1000,4.340620e-05
2940,58.563870,1000,4.340620e-05
2941,58.583790,1000,4.340621e-05
2942,58.603710,1000,4.340622e-05
2943,58.623630,1000,4.340623e-05
2944,58.643549,1000,4.340624e-05
2945,58.663469,1000,4.340625e-05
2946,58.683389,1000,4.340625e-05
2947,58.703308,1000,4.340626e-05
2948,58.723228,1000,4.340627e-05
2949,58.743148,1000,4.340628e-05
2950,58.763067,1000,4.340629e-05
2951,58.782987,1000,4.340630e-05
2952,58.802907,1000,4.340630e-05
2953,58.822826,1000,4.340631e-05
2954,58.842746,1000,4.340632e-05
2955,58.862666,1000,4.340633e-05
2956,58.882585,1000,4.340634e-05
2957,58.902505,1000,4.340635e-05
2958,58.922425,1000,4.340635e-05
2959,58.942344,1000,4.340636e-05
2960,58.962264,1000,4.340637e-05
2961,58.982184,1000,4.340638e-05
2962,59.002104,1000,4.340639e-05
2963,59.022023,1000,4.340640e-05
2964,59.041943,1000,4.340640e-05
2965,59.061863,1000,4.340641e-05
2966,59.081782,1000,4.340642e-05
2967,59.101702,1000,4.340643e-05
2968,59.121622,1000,4.340644e-05
2969,59.141541,1000,4.340645e-05
2970,59.161461,1000,4.340645e-05
2971,59.181381,1000,4.340646e-05
2972,59.201300,1000,4.340647e-05
2973,59.221220,1000,4.340648e-05
2974,59.241140,1000,4.340649e-05
2975,59.261059,1000,4.340650e-05
2976,59.280979,1000,4.340650e-05
2977,59.300899,1000,4.340651e-05
2978,59.320818,1000,4.340652e-05
2979,59.340738,1000,4.340653e-05
2980,59.360658,1000,4.340654e-05
2981,59.380578,1000,4.340655e-05
2982,59.400497,1000,4.340655e-05
2983,59.420417,1000,4.340656e-05
2984,59.440337,1000,4.340657e-05
2985,59.460256,1000,4.340658e-05
2986,59.480176,1000,4.340659e-05
2987,59.500096,1000,4.340660e-05
2988,59.520015,1000,4.340660e-05
2989,59.539935,1000,4.340661e-05
2990,59.559855,1000,4.340662e-05
2991,59.579774,1000,4.340663e-05
2992,59.599694,1000,4.340664e-05
2993,59.619614,1000,4.340665e-05
2994,59.639533,1000,4.340665e-05
2995,59.659453,1000,4.340666e-05
2996,59.679373,1000,4.340667e-05
2997,59.699292,1000,4.340668e-05
2998,59.719212,1000,4.340669e-05
2999,59.739132,1000,4.340670e-05
3000,59.759052,1000,4.340670e-05
3001,59.778971,1000,4.340671e-05
3002,59.798891,1000,4.340672e-05
3003,59.818811,1000,4.340673e-05
3004,59.838730,1000,4.340674e-05
3005,59.858650,1000,4.340675e-05
3006,59.878570,1000,4.340675e-05
3007,59.898489,1000,4.340676e-05
3008,59.918409,1000,4.340677e-05
3009,59.938329,1000,4.340678e-05
3010,59.958248,1000,4.340679e-05
3011,59.978168,1000,4.340680e-05
3012,59.998088,1000,4.340680e-05
3013,60.018007,1000,4.340681e-05
3014,60.037927,1000,4.340682e-05
3015,60.057847,1000,4.340683e-05
3016,60.077766,1000,4.340684e-05
3017,60.097686,1000,4.340685e-05
3018,60.117606,1000,4.340685e-05
3019,60.137525,1000,4.340686e-05
3020,60.157445,1000,4.340687e-05
3021,60.177365,1000,4.340688e-05
3022,60.197285,1000,4.340689e-05
3023,60.217204,1000,4.340690e-05
3024,60.237124,1000,4.340690e-05
3025,60.257044,1000,4.340691e-05
3026,60.276963,1000,4.340692e-05
3027,60.296883,1000,4.340693e-05
3028,60.316803,1000,4.340694e-05
3029,60.336722,1000,4.340695e-05
3030,60.356642,1000,4.340695e-05
3031,60.376562,1000,4.340696e-05
3032,60.396481,1000,4.340697e-05
3033,60.416401,1000,4.340698e-05
3034,60.436321,1000,4.340699e-05
3035,60.456240,1000,4.340699e-05
3036,60.476160,1000,4.340700e-05
3037,60.496080,1000,4.340701e-05
3038,60.515999,1000,4.340702e-05
3039,60.535919,1000,4.340703e-05
3040,60.555839,1000,4.340704e-05
3041,60.575759,1000,4.340704e-05
3042,60.595678,1000,4.340705e-05
3043,60.615598,1000,4.340706e-05
3044,60.635518,1000,4.340707e-05
3045,60.655437,1000,4.340708e-05
3046,60.675357,1000,4.340709e-05
3047,60.695277,1000,4.340709e-05
3048,60.715196,1000,4.340710e-05
3049,60.735116,1000,4.340711e-05
3050,60.755036,1000,4.340712e-05
3051,60.774955,1000,4.340713e-05
3052,60.794875,1000,4.340714e-05
3053,60.814795,1000,4.340714e-05
3054,60.834714,1000,4.340715e-05
3055,60.854634,1000,4.340716e-05
3056,60.874554,1000,4.340717e-05
3057,60.894473,1000,4.340718e-05
3058,60.914393,1000,4.340719e-05
3059,60.934313,1000,4.340719e-05
3060,60.954233,1000,4.340720e-05
3061,60.974152,1000,4.340721e-05
3062,60.994072,1000,4.340722e-05
3063,61.013992,1000,4.340723e-05
3064,61.033911,1000,4.340724e-05
3065,61.053831,1000,4.340724e-05
3066,61.073751,1000,4.340725e-05
3067,61.093670,1000,4.340726e-05
3068,61.113590,1000,4.340727e-05
3069,61.133510,1000,4.340728e-05
3070,61.153429,1000,4.340729e-05
3071,61.173349,1000,4.340729e-05
3072,61.193269,1000,4.340730e-05
3073,61.213188,1000,4.340731e-05
3074,61.233108,1000,4.340732e-05
3075,61.253028,1000,4.340733e-05
3076,61.272947,1000,4.340734e-05
3077,61.292867,1000,4.340734e-05
3078,61.312787,1000,4.340735e-05
3079,61.332707,1000,4.340736e-05
3080,61.352626,1000,4.340737e-05
3081,61.372546,1000,4.340738e-05
3082,61.392466,1000,4.340739e-05
3083,61.412385,1000,4.340739e-05
3084,61.432305,1000,4.340740e-05
3085,61.452225,1000,4.340741e-05
3086,61.472144,1000,4.340742e-05
3087,61.492064,1000,4.340743e-05
3088,61.511984,1000,4.340744e-05
3089,61.531903,1000,4.340744e-05
3090,61.551823,1000,4.340745e-05
3091,61.571743,1000,4.340746e-05
3092,61.591662,1000,4.340747e-05
3093,61.611582,1000,4.340748e-05
3094,61.631502,1000,4.340749e-05
3095,61.651421,1000,4.340749e-05
3096,61.671341,1000,4.340750e-05
3097,61.691261,1000,4.340751e-05
3098,61.711181,1000,4.340752e-05
3099,61.731100,1000,4.340753e-05
3100,61.751020,1000,4.340754e-05
3101,61.770940,1000,4.340754e-05
3102,61.790859,1000,4.340755e-05
3103,61.810779,1000,4.340756e-05
3104,61.830699,1000,4.340757e-05
3105,61.850618,1000,4.340758e-05
3106,61.870538,1000,4.340759e-05
3107,61.890458,1000,4.340759e-05
3108,61.910377,1000,4.340760e-05
3109,61.930297,1000,4.340761e-05
3110,61.950217,1000,4.340762e-05
3111,61.970136,1000,4.340763e-05
3112,61.990056,1000,4.340764e-05
3113,62.009976,1000,4.340764e-05
3114,62.029895,1000,4.340765e-05
3115,62.049815,1000,4.340766e-05
3116,62.069735,1000,4.340767e-05
3117,62.089655,1000,4.340768e-05
3118,62.109574,1000,4.340768e-05
3119,62.129494,1000,4.340769e-05
3120,62.149414,1000,4.340770e-05
3121,62.169333,1000,4.340771e-05
3122,62.189253,1000,4.340772e-05
3123,62.209173,1000,4.340773e-05
3124,62.229092,1000,4.340773e-05
3125,62.249012,1000,4.340774e-05
3126,62.268932,1000,4.340775e-05
3127,62.288851,1000,4.340776e-05
3128,62.308771,1000,4.340777e-05
3129,62.328691,1000,4.340778e-05
3130,62.348610,1000,4.340778e-05
3131,62.368530,1000,4.340779e-05
3132,62.388450,1000,4.340780e-05
3133,62.408369,1000,4.340781e-05
3134,62.428289,1000,4.340782e-05
3135,62.448209,1000,4.340783e-05
3136,62.468129,1000,4.340783e-05
3137,62.488048,1000,4.340784e-05
3138,62.507968,1000,4.340785e-05
3139,62.527888,1000,4.340786e-05
3140,62.547807,1000,4.340787e-05
3141,62.567727,1000,4.340788e-05
3142,62.587647,1000,4.340788e-05
3143,62.607566,1000,4.340789e-05
3144,62.627486,1000,4.340790e-05
3145,62.647406,1000,4.340791e-05
3146,62.667325,1000,4.340792e-05
3147,62.687245,1000,4.340793e-05
3148,62.707165,1000,4.340793e-05
3149,62.727084,1000,4.340794e-05
3150,62.747004,1000,4.340795e-05
3151,62.766924,1000,4.340796e-05
3152,62.786843,1000,4.340797e-05
3153,62.806763,1000,4.340798e-05
3154,62.826683,1000,4.340798e-05
3155,62.846602,1000,4.340799e-05
3156,62.866522,1000,4.340800e-05
3157,62.886442,1000,4.340801e-05
3158,62.906362,1000,4.340802e-05
3159,62.926281,1000,4.340803e-05
3160,62.946201,1000,4.340803e-05
3161,62.966121,1000,4.340804e-05
3162,62.986040,1000,4.340805e-05
3163,63.005960,1000,4.340806e-05
3164,63.025880,1000,4.340807e-05
3165,63.045799,1000,4.340808e-05
3166,63.065719,1000,4.340808e-05
3167,63.085639,1000,4.340809e-05
3168,63.105558,1000,4.340810e-05
3169,63.125478,1000,4.340811e-05
3170,63.145398,1000,4.340812e-05
3171,63.165317,1000,4.340813e-05
3172,63.185237,1000,4.340813e-05
3173,63.205157,1000,4.340814e-05
3174,63.225076,1000,4.340815e-05
3175,63.244996,1000,4.340816e-05
3176,63.264916,1000,4.340817e-05
3177,63.284836,1000,4.340818e-05
3178,63.304755,1000,4.340818e-05
3179,63.324675,1000,4.340819e-05
3180,63.344595,1000,4.340820e-05
3181,63.364514,1000,4.340821e-05
3182,63.384434,1000,4.340822e-05
3183,63.404354,1000,4.340823e-05
3184,63.424273,1000,4.340823e-05
3185,63.444193,1000,4.340824e-05
3186,63.464113,1000,4.340825e-05
3187,63.484032,1000,4.340826e-05
3188,63.503952,1000,4.340827e-05
3189,63.523872,1000,4.340827e-05
3190,63.543791,1000,4.340828e-05
3191,63.563711,1000,4.340829e-05
3192,63.583631,1000,4.340830e-05
3193,63.603550,1000,4.340831e-05
3194,63.623470,1000,4.340832e-05
3195,63.643390,1000,4.340832e-05
3196,63.663310,1000,4.340833e-05
3197,63.683229,1000,4.340834e-05
3198,63.703149,1000,4.340835e-05
3199,63.723069,1000,4.340836e-05
3200,63.742988,1000,4.340837e-05
3201,63.762908,1000,4.340837e-05
3202,63.782828,1000,4.340838e-05
3203,63.802747,1000,4.340839e-05
3204,63.822667,1000,4.340840e-05
3205,63.842587,1000,4.340841e-05
3206,63.862506,1000,4.340842e-05
3207,63.882426,1000,4.340842e-05
3208,63.902346,1000,4.340843e-05
3209,63.922265,1000,4.340844e-05
3210,63.942185,1000,4.340845e-05
3211,63.962105,1000,4.340846e-05
3212,63.982024,1000,4.340847e-05
3213,64.001944,1000,4.340847e-05
3214,64.021864,1000,4.340848e-05
3215,64.041784,1000,4.340849e-05
3216,64.061703,1000,4.340850e-05
3217,64.081623,1000,4.340851e-05
3218,64.101543,1000,4.340852e-05
3219,64.121462,1000,4.340852e-05
3220,64.141382,1000,4.340853e-05
3221,64.161302,1000,4.340854e-05
3222,64.181221,1000,4.340855e-05
3223,64.201141,1000,4.340856e-05
3224,64.221061,1000,4.340857e-05
3225,64.240980,1000,4.340857e-05
3226,64.260900,1000,4.340858e-05
3227,64.280820,1000,4.340859e-05
3228,64.300739,1000,4.340860e-05
3229,64.320659,1000,4.340861e-05
3230,64.340579,1000,4.340862e-05
3231,64.360498,1000,4.340862e-05
3232,64.380418,1000,4.340863e-05
3233,64.400338,1000,4.340864e-05
3234,64.420258,1000,4.340865e-05
3235,64.440177,1000,4.340866e-05
3236,64.460097,1000,4.340867e-05
3237,64.480017,1000,4.340867e-05
3238,64.499936,1000,4.340868e-05
3239,64.519856,1000,4.340869e-05
3240,64.539776,1000,4.340870e-05
3241,64.559695,1000,4.340871e-05
3242,64.579615,1000,4.340872e-05
3243,64.599535,1000,4.340872e-05
3244,64.619454,1000,4.340873e-05
3245,64.639374,1000,4.340874e-05
3246,64.659294,1000,4.340875e-05
3247,64.679213,1000,4.340876e-05
3248,64.699133,1000,4.340877e-05
3249,64.719053,1000,4.340877e-05
3250,64.738972,1000,4.340878e-05
3251,64.758892,1000,4.340879e-05
3252,64.778812,1000,4.340880e-05
3253,64.798732,1000,4.340881e-05
3254,64.818651,1000,4.340881e-05
3255,64.838571,1000,4.340882e-05
3256,64.858491,1000,4.340883e-05
3257,64.878410,1000,4.340884e-05
3258,64.898330,1000,4.340885e-05
3259,64.918250,1000,4.340886e-05
3260,64.938169,1000,4.340886e-05
3261,64.958089,1000,4.340887e-05
3262,64.978009,1000,4.340888e-05
3263,64.997928,1000,4.340889e-05
3264,65.017848,1000,4.340890e-05
3265,65.037768,1000,4.340891e-05
3266,65.057687,1000,4.340891e-05
3267,65.077607,1000,4.340892e-05
3268,65.097527,1000,4.340893e-05
3269,65.117446,1000,4.340894e-05
3270,65.137366,1000,4.340895e-05
3271,65.157286,1000,4.340896e-05
3272,65.177206,1000,4.340896e-05
3273,65.197125,1000,4.340897e-05
3274,65.217045,1000,4.340898e-05
3275,65.236965,1000,4.340899e-05
3276,65.256884,1000,4.340900e-05
3277,65.276804,1000,4.340901e-05
3278,65.296724,1000,4.340901e-05
3279,65.316643,1000,4.340902e-05
3280,65.336563,1000,4.340903e-05
3281,65.356483,1000,4.340904e-05
3282,65.376402,1000,4.340905e-05
3283,65.396322,1000,4.340906e-05
3284,65.416242,1000,4.340906e-05
3285,65.436161,1000,4.340907e-05
3286,65.456081,1000,4.340908e-05
3287,65.476001,1000,4.340909e-05
3288,65.495920,1000,4.340910e-05
3289,65.515840,1000,4.340911e-05
3290,65.535760,1000,4.340911e-05
3291,65.555680,1000,4.340912e-05
3292,65.575599,1000,4.340913e-05
3293,65.595519,1000,4.340914e-05
3294,65.615439,1000,4.340915e-05
3295,65.635358,1000,4.340916e-05
3296,65.655278,1000,4.340916e-05
3297,65.675198,1000,4.340917e-05
3298,65.695117,1000,4.340918e-05
3299,65.715037,1000,4.340919e-05
3300,65.734957,1000,4.340920e-05
3301,65.754876,1000,4.340921e-05
3302,65.774796,1000,4.340921e-05
3303,65.794716,1000,4.340922e-05
3304,65.814635,1000,4.340923e-05
3305,65.834555,1000,4.340924e-05
3306,65.854475,1000,4.340925e-05
3307,65.874394,1000,4.340926e-05
3308,65.894314,1000,4.340926e-05
3309,65.914234,1000,4.340927e-05
3310,65.934153,1000,4.340928e-05
3311,65.954073,1000,4.340929e-05
3312,65.973993,1000,4.340930e-05
3313,65.993913,1000,4.340930e-05
3314,66.013832,1000,4.340931e-05
3315,66.033752,1000,4.340932e-05
3316,66.053672,1000,4.340933e-05
3317,66.073591,1000,4.340934e-05
3318,66.093511,1000,4.340935e-05
3319,66.113431,1000,4.340935e-05
3320,66.133350,1000,4.340936e-05
3321,66.153270,1000,4.340937e-05
3322,66.173190,1000,4.340938e-05
3323,66.193109,1000,4.340939e-05
3324,66.213029,1000,4.340940e-05
3325,66.232949,1000,4.340940e-05
3326,66.252868,1000,4.340941e-05
3327,66.272788,1000,4.340942e-05
3328,66.292708,1000,4.340943e-05
3329,66.312627,1000,4.340944e-05
3330,66.332547,1000,4.340945e-05
3331,66.352467,1000,4.340945e-05
3332,66.372387,1000,4.340946e-05
3333,66.392306,1000,4.340947e-05
3334,66.412226,1000,4.340948e-05
3335,66.432146,1000,4.340949e-05
3336,66.452065,1000,4.340950e-05
3337,66.471985,1000,4.340950e-05
3338,66.491905,1000,4.340951e-05
3339,66.511824,1000,4.340952e-05
3340,66.531744,1000,4.340953e-05
3341,66.551664,1000,4.340954e-05
3342,66.571583,1000,4.340955e-05
3343,66.591503,1000,4.340955e-05
3344,66.611423,1000,4.340956e-05
3345,66.631342,1000,4.340957e-05
3346,66.651262,1000,4.340958e-05
3347,66.671182,1000,4.340959e-05
3348,66.691101,1000,4.340960e-05
3349,66.711021,1000,4.340960e-05
3350,66.730941,1000,4.340961e-05
3351,66.750861,1000,4.340962e-05
3352,66.770780,1000,4.340963e-05
3353,66.790700,1000,4.340964e-05
3354,66.810620,1000,4.340965e-05
3355,66.830539,1000,4.340965e-05
3356,66.850459,1000,4.340966e-05
3357,66.870379,1000,4.340967e-05
3358,66.890298,1000,4.340968e-05
3359,66.910218,1000,4.340969e-05
3360,66.930138,1000,4.340970e-05
3361,66.950057,1000,4.340970e-05
3362,66.969977,1000,4.340971e-05
3363,66.989897,1000,4.340972e-05
3364,67.009816,1000,4.340973e-05
3365,67.029736,1000,4.340974e-05
3366,67.049656,1000,4.340975e-05
3367,67.069575,1000,4.340975e-05
3368,67.089495,1000,4.340976e-05
3369,67.109415,1000,4.340977e-05
3370,67.129335,1000,4.340978e-05
3371,67.149254,1000,4.340979e-05
3372,67.169174,1000,4.340979e-05
3373,67.189094,1000,4.340980e-05
3374,67.209013,1000,4.340981e-05
3375,67.228933,1000,4.340982e-05
3376,67.248853,1000,4.340983e-05
3377,67.268772,1000,4.340984e-05
3378,67.288692,1000,4.340984e-05
3379,67.308612,1000,4.340985e-05
3380,67.328531,1000,4.340986e-05
3381,67.348451,1000,4.340987e-05
3382,67.368371,1000,4.340988e-05
3383,67.388290,1000,4.340989e-05
3384,67.408210,1000,4.340989e-05
3385,67.428130,1000,4.340990e-05
3386,67.448049,1000,4.340991e-05
3387,67.467969,1000,4.340992e-05
3388,67.487889,1000,4.340993e-05
3389,67.507809,1000,4.340994e-05
3390,67.527728,1000,4.340994e-05
3391,67.547648,1000,4.340995e-05
3392,67.567568,1000,4.340996e-05
3393,67.587487,1000,4.340997e-05
3394,67.607407,1000,4.340998e-05
3395,67.627327,1000,4.340999e-05
3396,67.647246,1000,4.340999e-05
3397,67.667166,1000,4.341000e-05
3398,67.687086,1000,4.341001e-05
3399,67.707005,1000,4.341002e-05
3400,67.726925,1000,4.341003e-05
3401,67.746845,1000,4.341004e-05
3402,67.766764,1000,4.341004e-05
3403,67.786684,1000,4.341005e-05
3404,67.806604,1000,4.341006e-05
3405,67.826523,1000,4.341007e-05
3406,67.846443,1000,4.341008e-05
3407,67.866363,1000,4.341009e-05
3408,67.886283,1000,4.341009e-05
3409,67.906202,1000,4.341010e-05
3410,67.926122,1000,4.341011e-05
3411,67.946042,1000,4.341012e-05
3412,67.965961,1000,4.341013e-05
3413,67.985881,1000,4.341014e-05
3414,68.005801,1000,4.341014e-05
3415,68.025720,1000,4.341015e-05
3416,68.045640,1000,4.341016e-05
3417,68.065560,1000,4.341017e-05
3418,68.085479,1000,4.341018e-05
3419,68.105399,1000,4.341018e-05
3420,68.125319,1000,4.341019e-05
3421,68.145238,1000,4.341020e-05
3422,68.165158,1000,4.341021e-05
3423,68.185078,1000,4.341022e-05
3424,68.204997,1000,4.341023e-05
3425,68.224917,1000,4.341023e-05
3426,68.244837,1000,4.341024e-05
3427,68.264757,1000,4.341025e-05
3428,68.284676,1000,4.341026e-05
3429,68.304596,1000,4.341027e-05
3430,68.324516,1000,4.341028e-05
3431,68.344435,1000,4.341028e-05
3432,68.364355,1000,4.341029e-05
3433,68.384275,1000,4.341030e-05
3434,68.404194,1000,4.341031e-05
3435,68.424114,1000,4.341032e-05
3436,68.444034,1000,4.341033e-05
3437,68.463953,1000,4.341033e-05
3438,68.483873,1000,4.341034e-05
3439,68.503793,1000,4.341035e-05
3440,68.523712,1000,4.341036e-05
3441,68.543632,1000,4.341037e-05
3442,68.563552,1000,4.341038e-05
3443,68.583471,1000,4.341038e-05
3444,68.603391,1000,4.341039e-05
3445,68.623311,1000,4.341040e-05
3446,68.643230,1000,4.341041e-05
3447,68.663150,1000,4.341042e-05
3448,68.683070,1000,4.341043e-05
3449,68.702990,1000,4.341043e-05
3450,68.722909,1000,4.341044e-05
3451,68.742829,1000,4.341045e-05
3452,68.762749,1000,4.341046e-05
3453,68.782668,1000,4.341047e-05
3454,68.802588,1000,4.341048e-05
3455,68.822508,1000,4.341048e-05
3456,68.842427,1000,4.341049e-05
3457,68.862347,1000,4.341050e-05
3458,68.882267,1000,4.341051e-05
3459,68.902186,1000,4.341052e-05
3460,68.922106,1000,4.341053e-05
3461,68.942026,1000,4.341053e-05
3462,68.961945,1000,4.341054e-05
3463,68.981865,1000,4.341055e-05
3464,69.001785,1000,4.341056e-05
3465,69.021704,1000,4.341057e-05
3466,69.041624,1000,4.341058e-05
3467,69.061544,1000,4.341058e-05
3468,69.081464,1000,4.341059e-05
3469,69.101383,1000,4.341060e-05
3470,69.121303,1000,4.341061e-05
3471,69.141223,1000,4.341062e-05
3472,69.161142,1000,4.341062e-05
3473,69.181062,1000,4.341063e-05
3474,69.200982,1000,4.341064e-05
3475,69.220901,1000,4.341065e-05
3476,69.240821,1000,4.341066e-05
3477,69.260741,1000,4.341067e-05
3478,69.280660,1000,4.341067e-05
3479,69.300580,1000,4.341068e-05
3480,69.320500,1000,4.341069e-05
3481,69.340419,1000,4.341070e-05
3482,69.360339,1000,4.341071e-05
3483,69.380259,1000,4.341072e-05
3484,69.400178,1000,4.341072e-05
3485,69.420098,1000,4.341073e-05
3486,69.440018,1000,4.341074e-05
3487,69.459938,1000,4.341075e-05
3488,69.479857,1000,4.341076e-05
3489,69.499777,1000,4.341077e-05
3490,69.519697,1000,4.341077e-05
3491,69.539616,1000,4.341078e-05
3492,69.559536,1000,4.341079e-05
3493,69.579456,1000,4.341080e-05
3494,69.599375,1000,4.341081e-05
3495,69.619295,1000,4.341082e-05
3496,69.639215,1000,4.341082e-05
3497,69.659134,1000,4.341083e-05
3498,69.679054,1000,4.341084e-05
3499,69.698974,1000,4.341085e-05
3500,69.718893,1000,4.341086e-05
3501,69.738813,1000,4.341087e-05
3502,69.758733,1000,4.341087e-05
3503,69.778652,1000,4.341088e-05
3504,69.798572,1000,4.341089e-05
3505,69.818492,1000,4.341090e-05
3506,69.838412,1000,4.341091e-05
3507,69.858331,1000,4.341092e-05
3508,69.878251,1000,4.341092e-05
3509,69.898171,1000,4.341093e-05
3510,69.918090,1000,4.341094e-05
3511,69.938010,1000,4.341095e-05
3512,69.957930,1000,4.341096e-05
3513,69.977849,1000,4.341097e-05
3514,69.997769,1000,4.341097e-05
3515,70.017689,1000,4.341098e-05
3516,70.037608,1000,4.341099e-05
3517,70.057528,1000,4.341100e-05
3518,70.077448,1000,4.341101e-05
3519,70.097367,1000,4.341101e-05
3520,70.117287,1000,4.341102e-05
3521,70.137207,1000,4.341103e-05
3522,70.157126,1000,4.341104e-05
3523,70.177046,1000,4.341105e-05
3524,70.196966,1000,4.341106e-05
3525,70.216886,1000,4.341106e-05
3526,70.236805,1000,4.341107e-05
3527,70.256725,1000,4.341108e-05
3528,70.276645,1000,4.341109e-05
3529,70.296564,1000,4.341110e-05
3530,70.316484,1000,4.341111e-05
3531,70.336404,1000,4.341111e-05
3532,70.356323,1000,4.341112e-05
3533,70.376243,1000,4.341113e-05
3534,70.396163,1000,4.341114e-05
3535,70.416082,1000,4.341115e-05
3536,70.436002,1000,4.341116e-05
3537,70.455922,1000,4.341116e-05
3538,70.475841,1000,4.341117e-05
3539,70.495761,1000,4.341118e-05
3540,70.515681,1000,4.341119e-05
3541,70.535600,1000,4.341120e-05
3542,70.555520,1000,4.341121e-05
3543,70.575440,1000,4.341121e-05
3544,70.595360,1000,4.341122e-05
3545,70.615279,1000,4.341123e-05
3546,70.635199,1000,4.341124e-05
3547,70.655119,1000,4.341125e-05
3548,70.675038,1000,4.341126e-05
3549,70.694958,1000,4.341126e-05
3550,70.714878,1000,4.341127e-05
3551,70.734797,1000,4.341128e-05
3552,70.754717,1000,4.341129e-05
3553,70.774637,1000,4.341130e-05
3554,70.794556,1000,4.341131e-05
3555,70.814476,1000,4.341131e-05
3556,70.834396,1000,4.341132e-05
3557,70.854315,1000,4.341133e-05
3558,70.874235,1000,4.341134e-05
3559,70.894155,1000,4.341135e-05
3560,70.914074,1000,4.341135e-05
3561,70.933994,1000,4.341136e-05
3562,70.953914,1000,4.341137e-05
3563,70.973834,1000,4.341138e-05
3564,70.993753,1000,4.341139e-05
3565,71.013673,1000,4.341140e-05
3566,71.033593,1000,4.341140e-05
3567,71.053512,1000,4.341141e-05
3568,71.073432,1000,4.341142e-05
3569,71.093352,1000,4.341143e-05
3570,71.113271,1000,4.341144e-05
3571,71.133191,1000,4.341145e-05
3572,71.153111,1000,4.341145e-05
3573,71.173030,1000,4.341146e-05
3574,71.192950,1000,4.341147e-05
3575,71.212870,1000,4.341148e-05
3576,71.232789,1000,4.341149e-05
3577,71.252709,1000,4.341150e-05
3578,71.272629,1000,4.341150e-05
3579,71.292548,1000,4.341151e-05
3580,71.312468,1000,4.341152e-05
3581,71.332388,1000,4.341153e-05
3582,71.352307,1000,4.341154e-05
3583,71.372227,1000,4.341155e-05
3584,71.392147,1000,4.341155e-05
3585,71.412067,1000,4.341156e-05
3586,71.431986,1000,4.341157e-05
3587,71.451906,1000,4.341158e-05
3588,71.471826,1000,4.341159e-05
3589,71.491745,1000,4.341160e-05
3590,71.511665,1000,4.341160e-05
3591,71.531585,1000,4.341161e-05
3592,71.551504,1000,4.341162e-05
3593,71.571424,1000,4.341163e-05
3594,71.591344,1000,4.341164e-05
3595,71.611263,1000,4.341165e-05
3596,71.631183,1000,4.341165e-05
3597,71.651103,1000,4.341166e-05
3598,71.671022,1000,4.341167e-05
3599,71.690942,1000,4.341168e-05
3600,71.710862,1000,4.341169e-05
3601,71.730781,1000,4.341170e-05
3602,71.750701,1000,4.341170e-05
3603,71.770621,1000,4.341171e-05
3604,71.790541,1000,4.341172e-05
3605,71.810460,1000,4.341173e-05
3606,71.830380,1000,4.341174e-05
3607,71.850300,1000,4.341174e-05
3608,71.870219,1000,4.341175e-05
3609,71.890139,1000,4.341176e-05
3610,71.910059,1000,4.341177e-05
3611,71.929978,1000,4.341178e-05
3612,71.949898,1000,4.341179e-05
3613,71.969818,1000,4.341179e-05
3614,71.989737,1000,4.341180e-05
3615,72.009657,1000,4.341181e-05
3616,72.029577,1000,4.341182e-05
3617,72.049496,1000,4.341183e-05
3618,72.069416,1000,4.341184e-05
3619,72.089336,1000,4.341184e-05
3620,72.109255,1000,4.341185e-05
3621,72.129175,1000,4.341186e-05
3622,72.149095,1000,4.341187e-05
3623,72.169015,1000,4.341188e-05
3624,72.188934,1000,4.341189e-05
3625,72.208854,1000,4.341189e-05
3626,72.228774,1000,4.341190e-05
3627,72.248693,1000,4.341191e-05
3628,72.268613,1000,4.341192e-05
3629,72.288533,1000,4.341193e-05
3630,72.308452,1000,4.341194e-05
3631,72.328372,1000,4.341194e-05
3632,72.348292,1000,4.341195e-05
3633,72.368211,1000,4.341196e-05
3634,72.388131,1000,4.341197e-05
3635,72.408051,1000,4.341198e-05
3636,72.427970,1000,4.341199e-05
3637,72.447890,1000,4.341199e-05
3638,72.467810,1000,4.341200e-05
3639,72.487729,1000,4.341201e-05
3640,72.507649,1000,4.341202e-05
3641,72.527569,1000,4.341203e-05
3642,72.547489,1000,4.341204e-05
3643,72.567408,1000,4.341204e-05
3644,72.587328,1000,4.341205e-05
3645,72.607248,1000,4.341206e-05
3646,72.627167,1000,4.341207e-05
3647,72.647087,1000,4.341208e-05
3648,72.667007,1000,4.341208e-05
3649,72.686926,1000,4.341209e-05
3650,72.706846,1000,4.341210e-05
3651,72.726766,1000,4.341211e-05
3652,72.746685,1000,4.341212e-05
3653,72.766605,1000,4.341213e-05
3654,72.786525,1000,4.341213e-05
3655,72.806444,1000,4.341214e-05
3656,72.826364,1000,4.341215e-05
3657,72.846284,1000,4.341216e-05
3658,72.866203,1000,4.341217e-05
3659,72.886123,1000,4.341218e-05
3660,72.906043,1000,4.341218e-05
3661,72.925963,1000,4.341219e-05
3662,72.945882,1000,4.341220e-05
3663,72.965802,1000,4.341221e-05
3664,72.985722,1000,4.341222e-05
3665,73.005641,1000,4.341223e-05
3666,73.025561,1000,4.341223e-05
3667,73.045481,1000,4.341224e-05
3668,73.065400,1000,4.341225e-05
3669,73.085320,1000,4.341226e-05
3670,73.105240,1000,4.341227e-05
3671,73.125159,1000,4.341228e-05
3672,73.145079,1000,4.341228e-05
3673,73.164999,1000,4.341229e-05
3674,73.184918,1000,4.341230e-05
3675,73.204838,1000,4.341231e-05
3676,73.224758,1000,4.341232e-05
3677,73.244677,1000,4.341233e-05
3678,73.264597,1000,4.341233e-05
3679,73.284517,1000,4.341234e-05
3680,73.304437,1000,4.341235e-05
3681,73.324356,1000,4.341236e-05
3682,73.344276,1000,4.341237e-05
3683,73.364196,1000,4.341238e-05
3684,73.384115,1000,4.341238e-05
3685,73.404035,1000,4.341239e-05
3686,73.423955,1000,4.341240e-05
3687,73.443874,1000,4.341241e-05
3688,73.463794,1000,4.341242e-05
3689,73.483714,1000,4.341242e-05
3690,73.503633,1000,4.341243e-05
3691,73.523553,1000,4.341244e-05
3692,73.543473,1000,4.341245e-05
3693,73.563392,1000,4.341246e-05
3694,73.583312,1000,4.341247e-05
3695,73.603232,1000,4.341247e-05
3696,73.623151,1000,4.341248e-05
3697,73.643071,1000,4.341249e-05
3698,73.662991,1000,4.341250e-05
3699,73.682911,1000,4.341251e-05
3700,73.702830,1000,4.341252e-05
3701,73.722750,1000,4.341252e-05
3702,73.742670,1000,4.341253e-05
3703,73.762589,1000,4.341254e-05
3704,73.782509,1000,4.341255e-05
3705,73.802429,1000,4.341256e-05
3706,73.822348,1000,4.341257e-05
3707,73.842268,1000,4.341257e-05
3708,73.862188,1000,4.341258e-05
3709,73.882107,1000,4.341259e-05
3710,73.902027,1000,4.341260e-05
3711,73.921947,1000,4.341261e-05
3712,73.941866,1000,4.341262e-05
3713,73.961786,1000,4.341262e-05
3714,73.981706,1000,4.341263e-05
3715,74.001625,1000,4.341264e-05
3716,74.021545,1000,4.341265e-05
3717,74.041465,1000,4.341266e-05
3718,74.061384,1000,4.341267e-05
3719,74.081304,1000,4.341267e-05
3720,74.101224,1000,4.341268e-05
3721,74.121144,1000,4.341269e-05
3722,74.141063,1000,4.341270e-05
3723,74.160983,1000,4.341271e-05
3724,74.180903,1000,4.341272e-05
3725,74.200822,1000,4.341272e-05
3726,74.220742,1000,4.341273e-05
3727,74.240662,1000,4.341274e-05
3728,74.260581,1000,4.341275e-05
3729,74.280501,1000,4.341276e-05
3730,74.300421,1000,4.341276e-05
3731,74.320340,1000,4.341277e-05
3732,74.340260,1000,4.341278e-05
3733,74.360180,1000,4.341279e-05
3734,74.380099,1000,4.341280e-05
3735,74.400019,1000,4.341281e-05
3736,74.419939,1000,4.341281e-05
3737,74.439858,1000,4.341282e-05
3738,74.459778,1000,4.341283e-05
3739,74.479698,1000,4.341284e-05
3740,74.499618,1000,4.341285e-05
3741,74.519537,1000,4.341286e-05
3742,74.539457,1000,4.341286e-05
3743,74.559377,1000,4.341287e-05
3744,74.579296,1000,4.341288e-05
3745,74.599216,1000,4.341289e-05
3746,74.619136,1000,4.341290e-05
3747,74.639055,1000,4.341291e-05
3748,74.658975,1000,4.341291e-05
3749,74.678895,1000,4.341292e-05
3750,74.698814,1000,4.341293e-05
3751,74.718734,1000,4.341294e-05
3752,74.738654,1000,4.341295e-05
3753,74.758573,1000,4.341296e-05
3754,74.778493,1000,4.341296e-05
3755,74.798413,1000,4.341297e-05
3756,74.818332,1000,4.341298e-05
3757,74.838252,1000,4.341299e-05
3758,74.858172,1000,4.341300e-05
3759,74.878092,1000,4.341301e-05
3760,74.898011,1000,4.341301e-05
3761,74.917931,1000,4.341302e-05
3762,74.937851,1000,4.341303e-05
3763,74.957770,1000,4.341304e-05
3764,74.977690,1000,4.341305e-05
3765,74.997610,1000,4.341305e-05
3766,75.017529,1000,4.341306e-05
3767,75.037449,1000,4.341307e-05
3768,75.057369,1000,4.341308e-05
3769,75.077288,1000,4.341309e-05
3770,75.097208,1000,4.341310e-05
3771,75.117128,1000,4.341310e-05
3772,75.137047,1000,4.341311e-05
3773,75.156967,1000,4.341312e-05
3774,75.176887,1000,4.341313e-05
3775,75.196806,1000,4.341314e-05
3776,75.216726,1000,4.341315e-05
3777,75.236646,1000,4.341315e-05
3778,75.256566,1000,4.341316e-05
3779,75.276485,1000,4.341317e-05
3780,75.296405,1000,4.341318e-05
3781,75.316325,1000,4.341319e-05
3782,75.336244,1000,4.341320e-05
3783,75.356164,1000,4.341320e-05
3784,75.376084,1000,4.341321e-05
3785,75.396003,1000,4.341322e-05
3786,75.415923,1000,4.341323e-05
3787,75.435843,1000,4.341324e-05
3788,75.455762,1000,4.341325e-05
3789,75.475682,1000,4.341325e-05
3790,75.495602,1000,4.341326e-05
3791,75.515521,1000,4.341327e-05
3792,75.535441,1000,4.341328e-05
3793,75.555361,1000,4.341329e-05
3794,75.575280,1000,4.341330e-05
3795,75.595200,1000,4.341330e-05
3796,75.615120,1000,4.341331e-05
3797,75.635040,1000,4.341332e-05
3798,75.654959,1000,4.341333e-05
3799,75.674879,1000,4.341334e-05
3800,75.694799,1000,4.341334e-05
3801,75.714718,1000,4.341335e-05
3802,75.734638,1000,4.341336e-05
3803,75.754558,1000,4.341337e-05
3804,75.774477,1000,4.341338e-05
3805,75.794397,1000,4.341339e-05
3806,75.814317,1000,4.341339e-05
3807,75.834236,1000,4.341340e-05
3808,75.854156,1000,4.341341e-05
3809,75.874076,1000,4.341342e-05
3810,75.893995,1000,4.341343e-05
3811,75.913915,1000,4.341344e-05
3812,75.933835,1000,4.341344e-05
3813,75.953754,1000,4.341345e-05
3814,75.973674,1000,4.341346e-05
3815,75.993594,1000,4.341347e-05
3816,76.013514,1000,4.341348e-05
3817,76.033433,1000,4.341349e-05
3818,76.053353,1000,4.341349e-05
3819,76.073273,1000,4.341350e-05
3820,76.093192,1000,4.341351e-05
3821,76.113112,1000,4.341352e-05
3822,76.133032,1000,4.341353e-05
3823,76.152951,1000,4.341354e-05
3824,76.172871,1000,4.341354e-05
3825,76.192791,1000,4.341355e-05
3826,76.212710,1000,4.341356e-05
3827,76.232630,1000,4.341357e-05
3828,76.252550,1000,4.341358e-05
3829,76.272469,1000,4.341359e-05
3830,76.292389,1000,4.341359e-05
3831,76.312309,1000,4.341360e-05
3832,76.332228,1000,4.341361e-05
3833,76.352148,1000,4.341362e-05
3834,76.372068,1000,4.341363e-05
3835,76.391988,1000,4.341363e-05
3836,76.411907,1000,4.341364e-05
3837,76.431827,1000,4.341365e-05
3838,76.451747,1000,4.341366e-05
3839,76.471666,1000,4.341367e-05
3840,76.491586,1000,4.341368e-05
3841,76.511506,1000,4.341368e-05
3842,76.531425,1000,4.341369e-05
3843,76.551345,1000,4.341370e-05
3844,76.571265,1000,4.341371e-05
3845,76.591184,1000,4.341372e-05
3846,76.611104,1000,4.341373e-05
3847,76.631024,1000,4.341373e-05
3848,76.650943,1000,4.341374e-05
3849,76.670863,1000,4.341375e-05
3850,76.690783,1000,4.341376e-05
3851,76.710702,1000,4.341377e-05
3852,76.730622,1000,4.341378e-05
3853,76.750542,1000,4.341378e-05
3854,76.770461,1000,4.341379e-05
3855,76.790381,1000,4.341380e-05
3856,76.810301,1000,4.341381e-05
3857,76.830221,1000,4.341382e-05
3858,76.850140,1000,4.341383e-05
3859,76.870060,1000,4.341383e-05
3860,76.889980,1000,4.341384e-05
3861,76.909899,1000,4.341385e-05
3862,76.929819,1000,4.341386e-05
3863,76.949739,1000,4.341387e-05
3864,76.969658,1000,4.341388e-05
3865,76.989578,1000,4.341388e-05
3866,77.009498,1000,4.341389e-05
3867,77.029417,1000,4.341390e-05
3868,77.049337,1000,4.341391e-05
3869,77.069257,1000,4.341392e-05
3870,77.089176,1000,4.341392e-05
3871,77.109096,1000,4.341393e-05
3872,77.129016,1000,4.341394e-05
3873,77.148935,1000,4.341395e-05
3874,77.168855,1000,4.341396e-05
3875,77.188775,1000,4.341397e-05
3876,77.208695,1000,4.341397e-05
3877,77.228614,1000,4.341398e-05
3878,77.248534,1000,4.341399e-05
3879,77.268454,1000,4.341400e-05
3880,77.288373,1000,4.341401e-05
3881,77.308293,1000,4.341402e-05
3882,77.328213,1000,4.341402e-05
3883,77.348132,1000,4.341403e-05
3884,77.368052,1000,4.341404e-05
3885,77.387972,1000,4.341405e-05
3886,77.407891,1000,4.341406e-05
3887,77.427811,1000,4.341407e-05
3888,77.447731,1000,4.341407e-05
3889,77.467650,1000,4.341408e-05
3890,77.487570,1000,4.341409e-05
3891,77.507490,1000,4.341410e-05
3892,77.527409,1000,4.341411e-05
3893,77.547329,1000,4.341412e-05
3894,77.567249,1000,4.341412e-05
3895,77.587169,1000,4.341413e-05
3896,77.607088,1000,4.341414e-05
3897,77.627008,1000,4.341415e-05
3898,77.646928,1000,4.341416e-05
3899,77.666847,1000,4.341417e-05
3900,77.686767,1000,4.341417e-05
3901,77.706687,1000,4.341418e-05
3902,77.726606,1000,4.341419e-05
3903,77.746526,1000,4.341420e-05
3904,77.766446,1000,4.341421e-05
3905,77.786365,1000,4.341421e-05
3906,77.806285,1000,4.341422e-05
3907,77.826205,1000,4.341423e-05
3908,77.846124,1000,4.341424e-05
3909,77.866044,1000,4.341425e-05
3910,77.885964,1000,4.341426e-05
3911,77.905883,1000,4.341426e-05
3912,77.925803,1000,4.341427e-05
3913,77.945723,1000,4.341428e-05
3914,77.965643,1000,4.341429e-05
3915,77.985562,1000,4.341430e-05
3916,78.005482,1000,4.341431e-05
3917,78.025402,1000,4.341431e-05
3918,78.045321,1000,4.341432e-05
3919,78.065241,1000,4.341433e-05
3920,78.085161,1000,4.341434e-05
3921,78.105080,1000,4.341435e-05
3922,78.125000,1000,4.341436e-05
3923,78.144920,1000,4.341436e-05
3924,78.164839,1000,4.341437e-05
3925,78.184759,1000,4.341438e-05
3926,78.204679,1000,4.341439e-05
3927,78.224598,1000,4.341440e-05
3928,78.244518,1000,4.341441e-05
3929,78.264438,1000,4.341441e-05
3930,78.284357,1000,4.341442e-05
3931,78.304277,1000,4.341443e-05
3932,78.324197,1000,4.341444e-05
3933,78.344117,1000,4.341445e-05
3934,78.364036,1000,4.341446e-05
3935,78.383956,1000,4.341446e-05
3936,78.403876,1000,4.341447e-05
3937,78.423795,1000,4.341448e-05
3938,78.443715,1000,4.341449e-05
3939,78.463635,1000,4.341450e-05
3940,78.483554,1000,4.341450e-05
3941,78.503474,1000,4.341451e-05
3942,78.523394,1000,4.341452e-05
3943,78.543313,1000,4.341453e-05
3944,78.563233,1000,4.341454e-05
3945,78.583153,1000,4.341455e-05
3946,78.603072,1000,4.341455e-05
3947,78.622992,1000,4.341456e-05
3948,78.642912,1000,4.341457e-05
3949,78.662831,1000,4.341458e-05
3950,78.682751,1000,4.341459e-05
3951,78.702671,1000,4.341460e-05
3952,78.722591,1000,4.341460e-05
3953,78.742510,1000,4.341461e-05
3954,78.762430,1000,4.341462e-05
3955,78.782350,1000,4.341463e-05
3956,78.802269,1000,4.341464e-05
3957,78.822189,1000,4.341465e-05
3958,78.842109,1000,4.341465e-05
3959,78.862028,1000,4.341466e-05
3960,78.881948,1000,4.341467e-05
3961,78.901868,1000,4.341468e-05
3962,78.921787,1000,4.341469e-05
3963,78.941707,1000,4.341470e-05
3964,78.961627,1000,4.341470e-05
3965,78.981546,1000,4.341471e-05
3966,79.001466,1000,4.341472e-05
3967,79.021386,1000,4.341473e-05
3968,79.041305,1000,4.341474e-05
3969,79.061225,1000,4.341475e-05
3970,79.081145,1000,4.341475e-05
3971,79.101065,1000,4.341476e-05
3972,79.120984,1000,4.341477e-05
3973,79.140904,1000,4.341478e-05
3974,79.160824,1000,4.341479e-05
3975,79.180743,1000,4.341479e-05
3976,79.200663,1000,4.341480e-05
3977,79.220583,1000,4.341481e-05
3978,79.240502,1000,4.341482e-05
3979,79.260422,1000,4.341483e-05
3980,79.280342,1000,4.341484e-05
3981,79.300261,1000,4.341484e-05
3982,79.320181,1000,4.341485e-05
3983,79.340101,1000,4.341486e-05
3984,79.360020,1000,4.341487e-05
3985,79.379940,1000,4.341488e-05
3986,79.399860,1000,4.341489e-05
3987,79.419779,1000,4.341489e-05
3988,79.439699,1000,4.341490e-05
3989,79.459619,1000,4.341491e-05
3990,79.479539,1000,4.341492e-05
3991,79.499458,1000,4.341493e-05
3992,79.519378,1000,4.341494e-05
3993,79.539298,1000,4.341494e-05
3994,79.559217,1000,4.341495e-05
3995,79.579137,1000,4.341496e-05
3996,79.599057,1000,4.341497e-05
3997,79.618976,1000,4.341498e-05
3998,79.638896,1000,4.341499e-05
3999,79.658816,1000,4.341499e-05
4000,79.678735,1000,4.341500e-05
4001,79.698655,1000,4.341501e-05
4002,79.718575,1000,4.341502e-05
4003,79.738494,1000,4.341503e-05
4004,79.758414,1000,4.341503e-05
4005,79.778334,1000,4.341504e-05
4006,79.798253,1000,4.341505e-05
4007,79.818173,1000,4.341506e-05
4008,79.838093,1000,4.341507e-05
4009,79.858012,1000,4.341508e-05
4010,79.877932,1000,4.341508e-05
4011,79.897852,1000,4.341509e-05
4012,79.917772,1000,4.341510e-05
4013,79.937691,1000,4.341511e-05
4014,79.957611,1000,4.341512e-05
4015,79.977531,1000,4.341513e-05
4016,79.997450,1000,4.341513e-05
4017,80.017370,1000,4.341514e-05
4018,80.037290,1000,4.341515e-05
4019,80.057209,1000,4.341516e-05
4020,80.077129,1000,4.341517e-05
4021,80.097049,1000,4.341518e-05
4022,80.116968,1000,4.341518e-05
4023,80.136888,1000,4.341519e-05
4024,80.156808,1000,4.341520e-05
4025,80.176727,1000,4.341521e-05
4026,80.196647,1000,4.341522e-05
4027,80.216567,1000,4.341523e-05
4028,80.236486,1000,4.341523e-05
4029,80.256406,1000,4.341524e-05
4030,80.276326,1000,4.341525e-05
4031,80.296246,1000,4.341526e-05
4032,80.316165,1000,4.341527e-05
4033,80.336085,1000,4.341527e-05
4034,80.356005,1000,4.341528e-05
4035,80.375924,1000,4.341529e-05
4036,80.395844,1000,4.341530e-05
4037,80.415764,1000,4.341531e-05
4038,80.435683,1000,4.341532e-05
4039,80.455603,1000,4.341532e-05
4040,80.475523,1000,4.341533e-05
4041,80.495442,1000,4.341534e-05
4042,80.515362,1000,4.341535e-05
4043,80.535282,1000,4.341536e-05
4044,80.555201,1000,4.341537e-05
4045,80.575121,1000,4.341537e-05
4046,80.595041,1000,4.341538e-05
4047,80.614960,1000,4.341539e-05
4048,80.634880,1000,4.341540e-05
4049,80.654800,1000,4.341541e-05
4050,80.674720,1000,4.341542e-05
4051,80.694639,1000,4.341542e-05
4052,80.714559,1000,4.341543e-05
4053,80.734479,1000,4.341544e-05
4054,80.754398,1000,4.341545e-05
4055,80.774318,1000,4.341546e-05
4056,80.794238,1000,4.341547e-05
4057,80.814157,1000,4.341547e-05
4058,80.834077,1000,4.341548e-05
4059,80.853997,1000,4.341549e-05
4060,80.873916,1000,4.341550e-05
4061,80.893836,1000,4.341551e-05
4062,80.913756,1000,4.341552e-05
4063,80.933675,1000,4.341552e-05
4064,80.953595,1000,4.341553e-05
4065,80.973515,1000,4.341554e-05
4066,80.993434,1000,4.341555e-05
4067,81.013354,1000,4.341556e-05
4068,81.033274,1000,4.341556e-05
4069,81.053194,1000,4.341557e-05
4070,81.073113,1000,4.341558e-05
4071,81.093033,1000,4.341559e-05
4072,81.112953,1000,4.341560e-05
4073,81.132872,1000,4.341561e-05
4074,81.152792,1000,4.341561e-05
4075,81.172712,1000,4.341562e-05
4076,81.192631,1000,4.341563e-05
4077,81.212551,1000,4.341564e-05
4078,81.232471,1000,4.341565e-05
4079,81.252390,1000,4.341566e-05
4080,81.272310,1000,4.341566e-05
4081,81.292230,1000,4.341567e-05
4082,81.312149,1000,4.341568e-05
4083,81.332069,1000,4.341569e-05
4084,81.351989,1000,4.341570e-05
4085,81.371908,1000,4.341571e-05
4086,81.391828,1000,4.341571e-05
4087,81.411748,1000,4.341572e-05
4088,81.431668,1000,4.341573e-05
4089,81.451587,1000,4.341574e-05
4090,81.471507,1000,4.341575e-05
4091,81.491427,1000,4.341576e-05
4092,81.511346,1000,4.341576e-05
4093,81.531266,1000,4.341577e-05
4094,81.551186,1000,4.341578e-05
4095,81.571105,1000,4.341579e-05
4096,81.591025,1000,4.341580e-05
4097,81.610945,1000,4.341580e-05
4098,81.630864,1000,4.341581e-05
4099,81.650784,1000,4.341582e-05
4100,81.670704,1000,4.341583e-05
4101,81.690623,1000,4.341584e-05
4102,81.710543,1000,4.341585e-05
4103,81.730463,1000,4.341585e-05
4104,81.750382,1000,4.341586e-05
4105,81.770302,1000,4.341587e-05
4106,81.790222,1000,4.341588e-05
4107,81.810142,1000,4.341589e-05
4108,81.830061,1000,4.341590e-05
4109,81.849981,1000,4.341590e-05
4110,81.869901,1000,4.341591e-05
4111,81.889820,1000,4.341592e-05
4112,81.909740,1000,4.341593e-05
4113,81.929660,1000,4.341594e-05
4114,81.949579,1000,4.341595e-05
4115,81.969499,1000,4.341595e-05
4116,81.989419,1000,4.341596e-05
4117,82.009338,1000,4.341597e-05
4118,82.029258,1000,4.341598e-05
4119,82.049178,1000,4.341599e-05
4120,82.069097,1000,4.341600e-05
4121,82.089017,1000,4.341600e-05
4122,82.108937,1000,4.341601e-05
4123,82.128856,1000,4.341602e-05
4124,82.148776,1000,4.341603e-05
4125,82.168696,1000,4.341604e-05
4126,82.188616,1000,4.341604e-05
4127,82.208535,1000,4.341605e-05
4128,82.228455,1000,4.341606e-05
4129,82.248375,1000,4.341607e-05
4130,82.268294,1000,4.341608e-05
4131,82.288214,1000,4.341609e-05
4132,82.308134,1000,4.341609e-05
4133,82.328053,1000,4.341610e-05
4134,82.347973,1000,4.341611e-05
4135,82.367893,1000,4.341612e-05
4136,82.387812,1000,4.341613e-05
4137,82.407732,1000,4.341614e-05
4138,82.427652,1000,4.341614e-05
4139,82.447571,1000,4.341615e-05
4140,82.467491,1000,4.341616e-05
4141,82.487411,1000,4.341617e-05
4142,82.507330,1000,4.341618e-05
4143,82.527250,1000,4.341619e-05
4144,82.547170,1000,4.341619e-05
4145,82.567089,1000,4.341620e-05
4146,82.587009,1000,4.341621e-05
4147,82.606929,1000,4.341622e-05
4148,82.626849,1000,4.341623e-05
4149,82.646768,1000,4.341624e-05
4150,82.666688,1000,4.341624e-05
4151,82.686608,1000,4.341625e-05
4152,82.706527,1000,4.341626e-05
4153,82.726447,1000,4.341627e-05
4154,82.746367,1000,4.341628e-05
4155,82.766286,1000,4.341628e-05
4156,82.786206,1000,4.341629e-05
4157,82.806126,1000,4.341630e-05
4158,82.826045,1000,4.341631e-05
4159,82.845965,1000,4.341632e-05
4160,82.865885,1000,4.341633e-05
4161,82.885804,1000,4.341633e-05
4162,82.905724,1000,4.341634e-05
4163,82.925644,1000,4.341635e-05
4164,82.945563,1000,4.341636e-05
4165,82.965483,1000,4.341637e-05
4166,82.985403,1000,4.341638e-05
4167,83.005323,1000,4.341638e-05
4168,83.025242,1000,4.341639e-05
4169,83.045162,1000,4.341640e-05
4170,83.065082,1000,4.341641e-05
4171,83.085001,1000,4.341642e-05
4172,83.104921,1000,4.341643e-05
4173,83.124841,1000,4.341643e-05
4174,83.144760,1000,4.341644e-05
4175,83.164680,1000,4.341645e-05
4176,83.184600,1000,4.341646e-05
4177,83.204519,1000,4.341647e-05
4178,83.224439,1000,4.341648e-05
4179,83.244359,1000,4.341648e-05
4180,83.264278,1000,4.341649e-05
4181,83.284198,1000,4.341650e-05
4182,83.304118,1000,4.341651e-05
4183,83.324037,1000,4.341652e-05
4184,83.343957,1000,4.341652e-05
4185,83.363877,1000,4.341653e-05
4186,83.383797,1000,4.341654e-05
4187,83.403716,1000,4.341655e-05
4188,83.423636,1000,4.341656e-05
4189,83.443556,1000,4.341657e-05
4190,83.463475,1000,4.341657e-05
4191,83.483395,1000,4.341658e-05
4192,83.503315,1000,4.341659e-05
4193,83.523234,1000,4.341660e-05
4194,83.543154,1000,4.341661e-05
4195,83.563074,1000,4.341662e-05
4196,83.582993,1000,4.341662e-05
4197,83.602913,1000,4.341663e-05
4198,83.622833,1000,4.341664e-05
4199,83.642752,1000,4.341665e-05
4200,83.662672,1000,4.341666e-05
4201,83.682592,1000,4.341667e-05
4202,83.702511,1000,4.341667e-05
4203,83.722431,1000,4.341668e-05
4204,83.742351,1000,4.341669e-05
4205,83.762271,1000,4.341670e-05
4206,83.782190,1000,4.341671e-05
4207,83.802110,1000,4.341672e-05
4208,83.822030,1000,4.341672e-05
4209,83.841949,1000,4.341673e-05
4210,83.861869,1000,4.341674e-05
4211,83.881789,1000,4.341675e-05
4212,83.901708,1000,4.341676e-05
4213,83.921628,1000,4.341676e-05
4214,83.941548,1000,4.341677e-05
4215,83.961467,1000,4.341678e-05
4216,83.981387,1000,4.341679e-05
4217,84.001307,1000,4.341680e-05
4218,84.021226,1000,4.341681e-05
4219,84.041146,1000,4.341681e-05
4220,84.061066,1000,4.341682e-05
4221,84.080985,1000,4.341683e-05
4222,84.100905,1000,4.341684e-05
4223,84.120825,1000,4.341685e-05
4224,84.140745,1000,4.341686e-05
4225,84.160664,1000,4.341686e-05
4226,84.180584,1000,4.341687e-05
4227,84.200504,1000,4.341688e-05
4228,84.220423,1000,4.341689e-05
4229,84.240343,1000,4.341690e-05
4230,84.260263,1000,4.341691e-05
4231,84.280182,1000,4.341691e-05
4232,84.300102,1000,4.341692e-05
4233,84.320022,1000,4.341693e-05
4234,84.339941,1000,4.341694e-05
4235,84.359861,1000,4.341695e-05
4236,84.379781,1000,4.341695e-05
4237,84.399700,1000,4.341696e-05
4238,84.419620,1000,4.341697e-05
4239,84.439540,1000,4.341698e-05
4240,84.459459,1000,4.341699e-05
4241,84.479379,1000,4.341700e-05
4242,84.499299,1000,4.341700e-05
4243,84.519219,1000,4.341701e-05
4244,84.539138,1000,4.341702e-05
4245,84.559058,1000,4.341703e-05
4246,84.578978,1000,4.341704e-05
4247,84.598897,1000,4.341705e-05
4248,84.618817,1000,4.341705e-05
4249,84.638737,1000,4.341706e-05
4250,84.658656,1000,4.341707e-05
4251,84.678576,1000,4.341708e-05
4252,84.698496,1000,4.341709e-05
4253,84.718415,1000,4.341710e-05
4254,84.738335,1000,4.341710e-05
4255,84.758255,1000,4.341711e-05
4256,84.778174,1000,4.341712e-05
4257,84.798094,1000,4.341713e-05
4258,84.818014,1000,4.341714e-05
4259,84.837933,1000,4.341715e-05
4260,84.857853,1000,4.341715e-05
4261,84.877773,1000,4.341716e-05
4262,84.897693,1000,4.341717e-05
4263,84.917612,1000,4.341718e-05
4264,84.937532,1000,4.341719e-05
4265,84.957452,1000,4.341719e-05
4266,84.977371,1000,4.341720e-05
4267,84.997291,1000,4.341721e-05
4268,85.017211,1000,4.341722e-05
4269,85.037130,1000,4.341723e-05
4270,85.057050,1000,4.341724e-05
4271,85.076970,1000,4.341724e-05
4272,85.096889,1000,4.341725e-05
4273,85.116809,1000,4.341726e-05
4274,85.136729,1000,4.341727e-05
4275,85.156648,1000,4.341728e-05
4276,85.176568,1000,4.341729e-05
4277,85.196488,1000,4.341729e-05
4278,85.216407,1000,4.341730e-05
4279,85.236327,1000,4.341731e-05
4280,85.256247,1000,4.341732e-05
4281,85.276166,1000,4.341733e-05
4282,85.296086,1000,4.341734e-05
4283,85.316006,1000,4.341734e-05
4284,85.335926,1000,4.341735e-05
4285,85.355845,1000,4.341736e-05
4286,85.375765,1000,4.341737e-05
4287,85.395685,1000,4.341738e-05
4288,85.415604,1000,4.341739e-05
4289,85.435524,1000,4.341739e-05
4290,85.455444,1000,4.341740e-05
4291,85.475363,1000,4.341741e-05
4292,85.495283,1000,4.341742e-05
4293,85.515203,1000,4.341743e-05
4294,85.535122,1000,4.341743e-05
4295,85.555042,1000,4.341744e-05
4296,85.574962,1000,4.341745e-05
4297,85.594881,1000,4.341746e-05
4298,85.614801,1000,4.341747e-05
4299,85.634721,1000,4.341748e-05
4300,85.654640,1000,4.341748e-05
4301,85.674560,1000,4.341749e-05
4302,85.694480,1000,4.341750e-05
4303,85.714400,1000,4.341751e-05
4304,85.734319,1000,4.341752e-05
4305,85.754239,1000,4.341753e-05
4306,85.774159,1000,4.341753e-05
4307,85.794078,1000,4.341754e-05
4308,85.813998,1000,4.341755e-05
4309,85.833918,1000,4.341756e-05
4310,85.853837,1000,4.341757e-05
4311,85.873757,1000,4.341758e-05
4312,85.893677,1000,4.341758e-05
4313,85.913596,1000,4.341759e-05
4314,85.933516,1000,4.341760e-05
4315,85.953436,1000,4.341761e-05
4316,85.973355,1000,4.341762e-05
4317,85.993275,1000,4.341762e-05
4318,86.013195,1000,4.341763e-05
4319,86.033114,1000,4.341764e-05
4320,86.053034,1000,4.341765e-05
4321,86.072954,1000,4.341766e-05
4322,86.092874,1000,4.341767e-05
4323,86.112793,1000,4.341767e-05
4324,86.132713,1000,4.341768e-05
4325,86.152633,1000,4.341769e-05
4326,86.172552,1000,4.341770e-05
4327,86.192472,1000,4.341771e-05
4328,86.212392,1000,4.341772e-05
4329,86.232311,1000,4.341772e-05
4330,86.252231,1000,4.341773e-05
4331,86.272151,1000,4.341774e-05
4332,86.292070,1000,4.341775e-05
4333,86.311990,1000,4.341776e-05
4334,86.331910,1000,4.341777e-05
4335,86.351829,1000,4.341777e-05
4336,86.371749,1000,4.341778e-05
4337,86.391669,1000,4.341779e-05
4338,86.411588,1000,4.341780e-05
4339,86.431508,1000,4.341781e-05
4340,86.451428,1000,4.341782e-05
4341,86.471348,1000,4.341782e-05
4342,86.491267,1000,4.341783e-05
4343,86.511187,1000,4.341784e-05
4344,86.531107,1000,4.341785e-05
4345,86.551026,1000,4.341786e-05
4346,86.570946,1000,4.341786e-05
4347,86.590866,1000,4.341787e-05
4348,86.610785,1000,4.341788e-05
4349,86.630705,1000,4.341789e-05
4350,86.650625,1000,4.341790e-05
4351,86.670544,1000,4.341791e-05
4352,86.690464,1000,4.341791e-05
4353,86.710384,1000,4.341792e-05
4354,86.730303,1000,4.341793e-05
4355,86.750223,1000,4.341794e-05
4356,86.770143,1000,4.341795e-05
4357,86.790062,1000,4.341796e-05
4358,86.809982,1000,4.341796e-05
4359,86.829902,1000,4.341797e-05
4360,86.849822,1000,4.341798e-05
4361,86.869741,1000,4.341799e-05
4362,86.889661,1000,4.341800e-05
4363,86.909581,1000,4.341801e-05
4364,86.929500,1000,4.341801e-05
4365,86.949420,1000,4.341802e-05
4366,86.969340,1000,4.341803e-05
4367,86.989259,1000,4.341804e-05
4368,87.009179,1000,4.341805e-05
4369,87.029099,1000,4.341805e-05
4370,87.049018,1000,4.341806e-05
4371,87.068938,1000,4.341807e-05
4372,87.088858,1000,4.341808e-05
4373,87.108777,1000,4.341809e-05
4374,87.128697,1000,4.341810e-05
4375,87.148617,1000,4.341810e-05
4376,87.168536,1000,4.341811e-05
4377,87.188456,1000,4.341812e-05
4378,87.208376,1000,4.341813e-05
4379,87.228296,1000,4.341814e-05
4380,87.248215,1000,4.341815e-05
4381,87.268135,1000,4.341815e-05
4382,87.288055,1000,4.341816e-05
4383,87.307974,1000,4.341817e-05
4384,87.327894,1000,4.341818e-05
4385,87.347814,1000,4.341819e-05
4386,87.367733,1000,4.341820e-05
4387,87.387653,1000,4.341820e-05
4388,87.407573,1000,4.341821e-05
4389,87.427492,1000,4.341822e-05
4390,87.447412,1000,4.341823e-05
4391,87.467332,1000,4.341824e-05
4392,87.487251,1000,4.341825e-05
4393,87.507171,1000,4.341825e-05
4394,87.527091,1000,4.341826e-05
4395,87.547010,1000,4.341827e-05
4396,87.566930,1000,4.341828e-05
4397,87.586850,1000,4.341829e-05
4398,87.606770,1000,4.341829e-05
4399,87.626689,1000,4.341830e-05
4400,87.646609,1000,4.341831e-05
4401,87.666529,1000,4.341832e-05
4402,87.686448,1000,4.341833e-05
4403,87.706368,1000,4.341834e-05
4404,87.726288,1000,4.341834e-05
4405,87.746207,1000,4.341835e-05
4406,87.766127,1000,4.341836e-05
4407,87.786047,1000,4.341837e-05
4408,87.805966,1000,4.341838e-05
4409,87.825886,1000,4.341839e-05
4410,87.845806,1000,4.341839e-05
4411,87.865725,1000,4.341840e-05
4412,87.885645,1000,4.341841e-05
4413,87.905565,1000,4.341842e-05
4414,87.925484,1000,4.341843e-05
4415,87.945404,1000,4.341844e-05
4416,87.965324,1000,4.341844e-05
4417,87.985243,1000,4.341845e-05
4418,88.005163,1000,4.341846e-05
4419,88.025083,1000,4.341847e-05
4420,88.045003,1000,4.341848e-05
4421,88.064922,1000,4.341848e-05
4422,88.084842,1000,4.341849e-05
4423,88.104762,1000,4.341850e-05
4424,88.124681,1000,4.341851e-05
4425,88.144601,1000,4.341852e-05
4426,88.164521,1000,4.341853e-05
4427,88.184440,1000,4.341853e-05
4428,88.204360,1000,4.341854e-05
4429,88.224280,1000,4.341855e-05
4430,88.244199,1000,4.341856e-05
4431,88.264119,1000,4.341857e-05
4432,88.284039,1000,4.341858e-05
4433,88.303958,1000,4.341858e-05
4434,88.323878,1000,4.341859e-05
4435,88.343798,1000,4.341860e-05
4436,88.363717,1000,4.341861e-05
4437,88.383637,1000,4.341862e-05
4438,88.403557,1000,4.341863e-05
4439,88.423477,1000,4.341863e-05
4440,88.443396,1000,4.341864e-05
4441,88.463316,1000,4.341865e-05
4442,88.483236,1000,4.341866e-05
4443,88.503155,1000,4.341867e-05
4444,88.523075,1000,4.341867e-05
4445,88.542995,1000,4.341868e-05
4446,88.562914,1000,4.341869e-05
4447,88.582834,1000,4.341870e-05
4448,88.602754,1000,4.341871e-05
4449,88.622673,1000,4.341872e-05
4450,88.642593,1000,4.341872e-05
4451,88.662513,1000,4.341873e-05
4452,88.682432,1000,4.341874e-05
4453,88.702352,1000,4.341875e-05
4454,88.722272,1000,4.341876e-05
4455,88.742191,1000,4.341877e-05
4456,88.762111,1000,4.341877e-05
4457,88.782031,1000,4.341878e-05
4458,88.801951,1000,4.341879e-05
4459,88.821870,1000,4.341880e-05
4460,88.841790,1000,4.341881e-05
4461,88.861710,1000,4.341882e-05
4462,88.881629,1000,4.341882e-05
4463,88.901549,1000,4.341883e-05
4464,88.921469,1000,4.341884e-05
4465,88.941388,1000,4.341885e-05
4466,88.961308,1000,4.341886e-05
4467,88.981228,1000,4.341887e-05
4468,89.001147,1000,4.341887e-05
4469,89.021067,1000,4.341888e-05
4470,89.040987,1000,4.341889e-05
4471,89.060906,1000,4.341890e-05
4472,89.080826,1000,4.341891e-05
4473,89.100746,1000,4.341891e-05
4474,89.120665,1000,4.341892e-05
4475,89.140585,1000,4.341893e-05
4476,89.160505,1000,4.341894e-05
4477,89.180425,1000,4.341895e-05
4478,89.200344,1000,4.341896e-05
4479,89.220264,1000,4.341896e-05
4480,89.240184,1000,4.341897e-05
4481,89.260103,1000,4.341898e-05
4482,89.280023,1000,4.341899e-05
4483,89.299943,1000,4.341900e-05
4484,89.319862,1000,4.341901e-05
4485,89.339782,1000,4.341901e-05
4486,89.359702,1000,4.341902e-05
4487,89.379621,1000,4.341903e-05
4488,89.399541,1000,4.341904e-05
4489,89.419461,1000,4.341905e-05
4490,89.439380,1000,4.341906e-05
4491,89.459300,1000,4.341906e-05
4492,89.479220,1000,4.341907e-05
4493,89.499139,1000,4.341908e-05
4494,89.519059,1000,4.341909e-05
4495,89.538979,1000,4.341910e-05
4496,89.558899,1000,4.341910e-05
4497,89.578818,1000,4.341911e-05
4498,89.598738,1000,4.341912e-05
4499,89.618658,1000,4.341913e-05
4500,89.638577,1000,4.341914e-05
4501,89.658497,1000,4.341915e-05
4502,89.678417,1000,4.341915e-05
4503,89.698336,1000,4.341916e-05
4504,89.718256,1000,4.341917e-05
4505,89.738176,1000,4.341918e-05
4506,89.758095,1000,4.341919e-05
4507,89.778015,1000,4.341920e-05
4508,89.797935,1000,4.341920e-05
4509,89.817854,1000,4.341921e-05
4510,89.837774,1000,4.341922e-05
4511,89.857694,1000,4.341923e-05
4512,89.877613,1000,4.341924e-05
4513,89.897533,1000,4.341925e-05
4514,89.917453,1000,4.341925e-05
4515,89.937373,1000,4.341926e-05
4516,89.957292,1000,4.341927e-05
4517,89.977212,1000,4.341928e-05
4518,89.997132,1000,4.341929e-05
4519,90.017051,1000,4.341929e-05
4520,90.036971,1000,4.341930e-05
4521,90.056891,1000,4.341931e-05
4522,90.076810,1000,4.341932e-05
4523,90.096730,1000,4.341933e-05
4524,90.116650,1000,4.341934e-05
4525,90.136569,1000,4.341934e-05
4526,90.156489,1000,4.341935e-05
4527,90.176409,1000,4.341936e-05
4528,90.196328,1000,4.341937e-05
4529,90.216248,1000,4.341938e-05
4530,90.236168,1000,4.341939e-05
4531,90.256087,1000,4.341939e-05
4532,90.276007,1000,4.341940e-05
4533,90.295927,1000,4.341941e-05
4534,90.315847,1000,4.341942e-05
4535,90.335766,1000,4.341943e-05
4536,90.355686,1000,4.341944e-05
4537,90.375606,1000,4.341944e-05
4538,90.395525,1000,4.341945e-05
4539,90.415445,1000,4.341946e-05
4540,90.435365,1000,4.341947e-05
4541,90.455284,1000,4.341948e-05
4542,90.475204,1000,4.341948e-05
4543,90.495124,1000,4.341949e-05
4544,90.515043,1000,4.341950e-05
4545,90.534963,1000,4.341951e-05
4546,90.554883,1000,4.341952e-05
4547,90.574802,1000,4.341953e-05
4548,90.594722,1000,4.341953e-05
4549,90.614642,1000,4.341954e-05
4550,90.634561,1000,4.341955e-05
4551,90.654481,1000,4.341956e-05
4552,90.674401,1000,4.341957e-05
4553,90.694320,1000,4.341958e-05
4554,90.714240,1000,4.341958e-05
4555,90.734160,1000,4.341959e-05
4556,90.754080,1000,4.341960e-05
4557,90.773999,1000,4.341961e-05
4558,90.793919,1000,4.341962e-05
4559,90.813839,1000,4.341963e-05
4560,90.833758,1000,4.341963e-05
4561,90.853678,1000,4.341964e-05
4562,90.873598,1000,4.341965e-05
4563,90.893517,1000,4.341966e-05
4564,90.913437,1000,4.341967e-05
4565,90.933357,1000,4.341967e-05
4566,90.953276,1000,4.341968e-05
4567,90.973196,1000,4.341969e-05
4568,90.993116,1000,4.341970e-05
4569,91.013035,1000,4.341971e-05
4570,91.032955,1000,4.341972e-05
4571,91.052875,1000,4.341972e-05
4572,91.072794,1000,4.341973e-05
4573,91.092714,1000,4.341974e-05
4574,91.112634,1000,4.341975e-05
4575,91.132554,1000,4.341976e-05
4576,91.152473,1000,4.341977e-05
4577,91.172393,1000,4.341977e-05
4578,91.192313,1000,4.341978e-05
4579,91.212232,1000,4.341979e-05
4580,91.232152,1000,4.341980e-05
4581,91.252072,1000,4.341981e-05
4582,91.271991,1000,4.341982e-05
4583,91.291911,1000,4.341982e-05
4584,91.311831,1000,4.341983e-05
4585,91.331750,1000,4.341984e-05
4586,91.351670,1000,4.341985e-05
4587,91.371590,1000,4.341986e-05
4588,91.391509,1000,4.341986e-05
4589,91.411429,1000,4.341987e-05
4590,91.431349,1000,4.341988e-05
4591,91.451268,1000,4.341989e-05
4592,91.471188,1000,4.341990e-05
4593,91.491108,1000,4.341991e-05
4594,91.511028,1000,4.341991e-05
4595,91.530947,1000,4.341992e-05
4596,91.550867,1000,4.341993e-05
4597,91.570787,1000,4.341994e-05
4598,91.590706,1000,4.341995e-05
4599,91.610626,1000,4.341996e-05
4600,91.630546,1000,4.341996e-05
4601,91.650465,1000,4.341997e-05
4602,91.670385,1000,4.341998e-05
4603,91.690305,1000,4.341999e-05
4604,91.710224,1000,4.342000e-05
4605,91.730144,1000,4.342001e-05
4606,91.750064,1000,4.342001e-05
4607,91.769983,1000,4.342002e-05
4608,91.789903,1000,4.342003e-05
4609,91.809823,1000,4.342004e-05
4610,91.829742,1000,4.342005e-05
4611,91.849662,1000,4.342005e-05
4612,91.869582,1000,4.342006e-05
4613,91.889502,1000,4.342007e-05
4614,91.909421,1000,4.342008e-05
4615,91.929341,1000,4.342009e-05
4616,91.949261,1000,4.342010e-05
4617,91.969180,1000,4.342010e-05
4618,91.989100,1000,4.342011e-05
4619,92.009020,1000,4.342012e-05
4620,92.028939,1000,4.342013e-05
4621,92.048859,1000,4.342014e-05
4622,92.068779,1000,4.342015e-05
4623,92.088698,1000,4.342015e-05
4624,92.108618,1000,4.342016e-05
4625,92.128538,1000,4.342017e-05
4626,92.148457,1000,4.342018e-05
4627,92.168377,1000,4.342019e-05
4628,92.188297,1000,4.342020e-05
4629,92.208216,1000,4.342020e-05
4630,92.228136,1000,4.342021e-05
4631,92.248056,1000,4.342022e-05
4632,92.267976,1000,4.342023e-05
4633,92.287895,1000,4.342024e-05
4634,92.307815,1000,4.342024e-05
4635,92.327735,1000,4.342025e-05
4636,92.347654,1000,4.342026e-05
4637,92.367574,1000,4.342027e-05
4638,92.387494,1000,4.342028e-05
4639,92.407413,1000,4.342029e-05
4640,92.427333,1000,4.342029e-05
4641,92.447253,1000,4.342030e-05
4642,92.467172,1000,4.342031e-05
4643,92.487092,1000,4.342032e-05
4644,92.507012,1000,4.342033e-05
4645,92.526931,1000,4.342034e-05
4646,92.546851,1000,4.342034e-05
4647,92.566771,1000,4.342035e-05
4648,92.586690,1000,4.342036e-05
4649,92.606610,1000,4.342037e-05
4650,92.626530,1000,4.342038e-05
4651,92.646450,1000,4.342039e-05
4652,92.666369,1000,4.342039e-05
4653,92.686289,1000,4.342040e-05
4654,92.706209,1000,4.342041e-05
4655,92.726128,1000,4.342042e-05
4656,92.746048,1000,4.342043e-05
4657,92.765968,1000,4.342043e-05
4658,92.785887,1000,4.342044e-05
4659,92.805807,1000,4.342045e-05
4660,92.825727,1000,4.342046e-05
4661,92.845646,1000,4.342047e-05
4662,92.865566,1000,4.342048e-05
4663,92.885486,1000,4.342048e-05
4664,92.905405,1000,4.342049e-05
4665,92.925325,1000,4.342050e-05
4666,92.945245,1000,4.342051e-05
4667,92.965164,1000,4.342052e-05
4668,92.985084,1000,4.342053e-05
4669,93.005004,1000,4.342053e-05
4670,93.024924,1000,4.342054e-05
4671,93.044843,1000,4.342055e-05
4672,93.064763,1000,4.342056e-05
4673,93.084683,1000,4.342057e-05
4674,93.104602,1000,4.342058e-05
4675,93.124522,1000,4.342058e-05
4676,93.144442,1000,4.342059e-05
4677,93.164361,1000,4.342060e-05
4678,93.184281,1000,4.342061e-05
4679,93.204201,1000,4.342062e-05
4680,93.224120,1000,4.342062e-05
4681,93.244040,1000,4.342063e-05
4682,93.263960,1000,4.342064e-05
4683,93.283879,1000,4.342065e-05
4684,93.303799,1000,4.342066e-05
4685,93.323719,1000,4.342067e-05
4686,93.343638,1000,4.342067e-05
4687,93.363558,1000,4.342068e-05
4688,93.383478,1000,4.342069e-05
4689,93.403398,1000,4.342070e-05
4690,93.423317,1000,4.342071e-05
4691,93.443237,1000,4.342072e-05
4692,93.463157,1000,4.342072e-05
4693,93.483076,1000,4.342073e-05
4694,93.502996,1000,4.342074e-05
4695,93.522916,1000,4.342075e-05
4696,93.542835,1000,4.342076e-05
4697,93.562755,1000,4.342077e-05
4698,93.582675,1000,4.342077e-05
4699,93.602594,1000,4.342078e-05
4700,93.622514,1000,4.342079e-05
4701,93.642434,1000,4.342080e-05
4702,93.662353,1000,4.342081e-05
4703,93.682273,1000,4.342081e-05
4704,93.702193,1000,4.342082e-05
4705,93.722112,1000,4.342083e-05
4706,93.742032,1000,4.342084e-05
4707,93.761952,1000,4.342085e-05
4708,93.781871,1000,4.342086e-05
4709,93.801791,1000,4.342086e-05
4710,93.821711,1000,4.342087e-05
4711,93.841631,1000,4.342088e-05
4712,93.861550,1000,4.342089e-05
4713,93.881470,1000,4.342090e-05
4714,93.901390,1000,4.342091e-05
4715,93.921309,1000,4.342091e-05
4716,93.941229,1000,4.342092e-05
4717,93.961149,1000,4.342093e-05
4718,93.981068,1000,4.342094e-05
4719,94.000988,1000,4.342095e-05
4720,94.020908,1000,4.342095e-05
4721,94.040827,1000,4.342096e-05
4722,94.060747,1000,4.342097e-05
4723,94.080667,1000,4.342098e-05
4724,94.100586,1000,4.342099e-05
4725,94.120506,1000,4.342100e-05
4726,94.140426,1000,4.342100e-05
4727,94.160345,1000,4.342101e-05
4728,94.180265,1000,4.342102e-05
4729,94.200185,1000,4.342103e-05
4730,94.220105,1000,4.342104e-05
4731,94.240024,1000,4.342105e-05
4732,94.259944,1000,4.342105e-05
4733,94.279864,1000,4.342106e-05
4734,94.299783,1000,4.342107e-05
4735,94.319703,1000,4.342108e-05
4736,94.339623,1000,4.342109e-05
4737,94.359542,1000,4.342110e-05
4738,94.379462,1000,4.342110e-05
4739,94.399382,1000,4.342111e-05
4740,94.419301,1000,4.342112e-05
4741,94.439221,1000,4.342113e-05
4742,94.459141,1000,4.342114e-05
4743,94.479060,1000,4.342114e-05
4744,94.498980,1000,4.342115e-05
4745,94.518900,1000,4.342116e-05
4746,94.538819,1000,4.342117e-05
4747,94.558739,1000,4.342118e-05
4748,94.578659,1000,4.342119e-05
4749,94.598579,1000,4.342119e-05
4750,94.618498,1000,4.342120e-05
4751,94.638418,1000,4.342121e-05
4752,94.658338,1000,4.342122e-05
4753,94.678257,1000,4.342123e-05
4754,94.698177,1000,4.342124e-05
4755,94.718097,1000,4.342124e-05
4756,94.738016,1000,4.342125e-05
4757,94.757936,1000,4.342126e-05
4758,94.777856,1000,4.342127e-05
4759,94.797775,1000,4.342128e-05
4760,94.817695,1000,4.342129e-05
4761,94.837615,1000,4.342129e-05
4762,94.857534,1000,4.342130e-05
4763,94.877454,1000,4.342131e-05
4764,94.897374,1000,4.342132e-05
4765,94.917293,1000,4.342133e-05
4766,94.937213,1000,4.342133e-05
4767,94.957133,1000,4.342134e-05
4768,94.977053,1000,4.342135e-05
4769,94.996972,1000,4.342136e-05
4770,95.016892,1000,4.342137e-05
4771,95.036812,1000,4.342138e-05
4772,95.056731,1000,4.342138e-05
4773,95.076651,1000,4.342139e-05
4774,95.096571,1000,4.342140e-05
4775,95.116490,1000,4.342141e-05
4776,95.136410,1000,4.342142e-05
4777,95.156330,1000,4.342143e-05
4778,95.176249,1000,4.342143e-05
4779,95.196169,1000,4.342144e-05
4780,95.216089,1000,4.342145e-05
4781,95.236008,1000,4.342146e-05
4782,95.255928,1000,4.342147e-05
4783,95.275848,1000,4.342148e-05
4784,95.295767,1000,4.342148e-05
4785,95.315687,1000,4.342149e-05
4786,95.335607,1000,4.342150e-05
4787,95.355527,1000,4.342151e-05
4788,95.375446,1000,4.342152e-05
4789,95.395366,1000,4.342152e-05
4790,95.415286,1000,4.342153e-05
4791,95.435205,1000,4.342154e-05
4792,95.455125,1000,4.342155e-05
4793,95.475045,1000,4.342156e-05
4794,95.494964,1000,4.342157e-05
4795,95.514884,1000,4.342157e-05
4796,95.534804,1000,4.342158e-05
4797,95.554723,1000,4.342159e-05
4798,95.574643,1000,4.342160e-05
4799,95.594563,1000,4.342161e-05
4800,95.614482,1000,4.342162e-05
4801,95.634402,1000,4.342162e-05
4802,95.654322,1000,4.342163e-05
4803,95.674241,1000,4.342164e-05
4804,95.694161,1000,4.342165e-05
4805,95.714081,1000,4.342166e-05
4806,95.734001,1000,4.342166e-05
4807,95.753920,1000,4.342167e-05
4808,95.773840,1000,4.342168e-05
4809,95.793760,1000,4.342169e-05
4810,95.813679,1000,4.342170e-05
4811,95.833599,1000,4.342171e-05
4812,95.853519,1000,4.342171e-05
4813,95.873438,1000,4.342172e-05
4814,95.893358,1000,4.342173e-05
4815,95.913278,1000,4.342174e-05
4816,95.933197,1000,4.342175e-05
4817,95.953117,1000,4.342176e-05
4818,95.973037,1000,4.342176e-05
4819,95.992956,1000,4.342177e-05
4820,96.012876,1000,4.342178e-05
4821,96.032796,1000,4.342179e-05
4822,96.052715,1000,4.342180e-05
4823,96.072635,1000,4.342181e-05
4824,96.092555,1000,4.342181e-05
4825,96.112475,1000,4.342182e-05
4826,96.132394,1000,4.342183e-05
4827,96.152314,1000,4.342184e-05
4828,96.172234,1000,4.342185e-05
4829,96.192153,1000,4.342185e-05
4830,96.212073,1000,4.342186e-05
4831,96.231993,1000,4.342187e-05
4832,96.251912,1000,4.342188e-05
4833,96.271832,1000,4.342189e-05
4834,96.291752,1000,4.342190e-05
4835,96.311671,1000,4.342190e-05
4836,96.331591,1000,4.342191e-05
4837,96.351511,1000,4.342192e-05
4838,96.371430,1000,4.342193e-05
4839,96.391350,1000,4.342194e-05
4840,96.411270,1000,4.342195e-05
4841,96.431189,1000,4.342195e-05
4842,96.451109,1000,4.342196e-05
4843,96.471029,1000,4.342197e-05
4844,96.490948,1000,4.342198e-05
4845,96.510868,1000,4.342199e-05
4846,96.530788,1000,4.342200e-05
4847,96.550708,1000,4.342200e-05
4848,96.570627,1000,4.342201e-05
4849,96.590547,1000,4.342202e-05
4850,96.610467,1000,4.342203e-05
4851,96.630386,1000,4.342204e-05
4852,96.650306,1000,4.342204e-05
4853,96.670226,1000,4.342205e-05
4854,96.690145,1000,4.342206e-05
4855,96.710065,1000,4.342207e-05
4856,96.729985,1000,4.342208e-05
4857,96.749904,1000,4.342209e-05
4858,96.769824,1000,4.342209e-05
4859,96.789744,1000,4.342210e-05
4860,96.809663,1000,4.342211e-05
4861,96.829583,1000,4.342212e-05
4862,96.849503,1000,4.342213e-05
4863,96.869422,1000,4.342214e-05
4864,96.889342,1000,4.342214e-05
4865,96.909262,1000,4.342215e-05
4866,96.929182,1000,4.342216e-05
4867,96.949101,1000,4.342217e-05
4868,96.969021,1000,4.342218e-05
4869,96.988941,1000,4.342218e-05
4870,97.008860,1000,4.342219e-05
4871,97.028780,1000,4.342220e-05
4872,97.048700,1000,4.342221e-05
4873,97.068619,1000,4.342222e-05
4874,97.088539,1000,4.342223e-05
4875,97.108459,1000,4.342223e-05
4876,97.128378,1000,4.342224e-05
4877,97.148298,1000,4.342225e-05
4878,97.168218,1000,4.342226e-05
4879,97.188137,1000,4.342227e-05
4880,97.208057,1000,4.342228e-05
4881,97.227977,1000,4.342228e-05
4882,97.247896,1000,4.342229e-05
4883,97.267816,1000,4.342230e-05
4884,97.287736,1000,4.342231e-05
4885,97.307656,1000,4.342232e-05
4886,97.327575,1000,4.342233e-05
4887,97.347495,1000,4.342233e-05
4888,97.367415,1000,4.342234e-05
4889,97.387334,1000,4.342235e-05
4890,97.407254,1000,4.342236e-05
4891,97.427174,1000,4.342237e-05
4892,97.447093,1000,4.342237e-05
4893,97.467013,1000,4.342238e-05
4894,97.486933,1000,4.342239e-05
4895,97.506852,1000,4.342240e-05
4896,97.526772,1000,4.342241e-05
4897,97.546692,1000,4.342242e-05
4898,97.566611,1000,4.342242e-05
4899,97.586531,1000,4.342243e-05
4900,97.606451,1000,4.342244e-05
4901,97.626370,1000,4.342245e-05
4902,97.646290,1000,4.342246e-05
4903,97.666210,1000,4.342247e-05
4904,97.686130,1000,4.342247e-05
4905,97.706049,1000,4.342248e-05
4906,97.725969,1000,4.342249e-05
4907,97.745889,1000,4.342250e-05
4908,97.765808,1000,4.342251e-05
4909,97.785728,1000,4.342251e-05
4910,97.805648,1000,4.342252e-05
4911,97.825567,1000,4.342253e-05
4912,97.845487,1000,4.342254e-05
4913,97.865407,1000,4.342255e-05
4914,97.885326,1000,4.342256e-05
4915,97.905246,1000,4.342256e-05
4916,97.925166,1000,4.342257e-05
4917,97.945085,1000,4.342258e-05
4918,97.965005,1000,4.342259e-05
4919,97.984925,1000,4.342260e-05
4920,98.004844,1000,4.342261e-05
4921,98.024764,1000,4.342261e-05
4922,98.044684,1000,4.342262e-05
4923,98.064604,1000,4.342263e-05
4924,98.084523,1000,4.342264e-05
4925,98.104443,1000,4.342265e-05
4926,98.124363,1000,4.342266e-05
4927,98.144282,1000,4.342266e-05
4928,98.164202,1000,4.342267e-05
4929,98.184122,1000,4.342268e-05
4930,98.204041,1000,4.342269e-05
4931,98.223961,1000,4.342270e-05
4932,98.243881,1000,4.342270e-05
4933,98.263800,1000,4.342271e-05
4934,98.283720,1000,4.342272e-05
4935,98.303640,1000,4.342273e-05
4936,98.323559,1000,4.342274e-05
4937,98.343479,1000,4.342275e-05
4938,98.363399,1000,4.342275e-05
4939,98.383318,1000,4.342276e-05
4940,98.403238,1000,4.342277e-05
4941,98.423158,1000,4.342278e-05
4942,98.443078,1000,4.342279e-05
4943,98.462997,1000,4.342280e-05
4944,98.482917,1000,4.342280e-05
4945,98.502837,1000,4.342281e-05
4946,98.522756,1000,4.342282e-05
4947,98.542676,1000,4.342283e-05
4948,98.562596,1000,4.342284e-05
4949,98.582515,1000,4.342284e-05
4950,98.602435,1000,4.342285e-05
4951,98.622355,1000,4.342286e-05
4952,98.642274,1000,4.342287e-05
4953,98.662194,1000,4.342288e-05
4954,98.682114,1000,4.342289e-05
4955,98.702033,1000,4.342289e-05
4956,98.721953,1000,4.342290e-05
4957,98.741873,1000,4.342291e-05
4958,98.761792,1000,4.342292e-05
4959,98.781712,1000,4.342293e-05
4960,98.801632,1000,4.342294e-05
4961,98.821552,1000,4.342294e-05
4962,98.841471,1000,4.342295e-05
4963,98.861391,1000,4.342296e-05
4964,98.881311,1000,4.342297e-05
4965,98.901230,1000,4.342298e-05
4966,98.921150,1000,4.342299e-05
4967,98.941070,1000,4.342299e-05
4968,98.960989,1000,4.342300e-05
4969,98.980909,1000,4.342301e-05
4970,99.000829,1000,4.342302e-05
4971,99.020748,1000,4.342303e-05
4972,99.040668,1000,4.342303e-05
4973,99.060588,1000,4.342304e-05
4974,99.080507,1000,4.342305e-05
4975,99.100427,1000,4.342306e-05
4976,99.120347,1000,4.342307e-05
4977,99.140266,1000,4.342308e-05
4978,99.160186,1000,4.342308e-05
4979,99.180106,1000,4.342309e-05
4980,99.200025,1000,4.342310e-05
4981,99.219945,1000,4.342311e-05
4982,99.239865,1000,4.342312e-05
4983,99.259785,1000,4.342313e-05
4984,99.279704,1000,4.342313e-05
4985,99.299624,1000,4.342314e-05
4986,99.319544,1000,4.342315e-05
4987,99.339463,1000,4.342316e-05
4988,99.359383,1000,4.342317e-05
4989,99.379303,1000,4.342317e-05
4990,99.399222,1000,4.342318e-05
4991,99.419142,1000,4.342319e-05
4992,99.439062,1000,4.342320e-05
4993,99.458981,1000,4.342321e-05
4994,99.478901,1000,4.342322e-05
4995,99.498821,1000,4.342322e-05
4996,99.518740,1000,4.342323e-05
4997,99.538660,1000,4.342324e-05
4998,99.558580,1000,4.342325e-05
4999,99.578499,1000,4.342326e-05
5000,99.598419,1000,4.342327e-05
5001,99.618339,1000,4.342327e-05
5002,99.638259,1000,4.342328e-05
5003,99.658178,1000,4.342329e-05
5004,99.678098,1000,4.342330e-05
5005,99.698018,1000,4.342331e-05
5006,99.717937,1000,4.342332e-05
5007,99.737857,1000,4.342332e-05
5008,99.757777,1000,4.342333e-05
5009,99.777696,1000,4.342334e-05
5010,99.797616,1000,4.342335e-05
5011,99.817536,1000,4.342336e-05
5012,99.837455,1000,4.342336e-05
5013,99.857375,1000,4.342337e-05
5014,99.877295,1000,4.342338e-05
5015,99.897214,1000,4.342339e-05
5016,99.917134,1000,4.342340e-05
5017,99.937054,1000,4.342341e-05
5018,99.956973,1000,4.342341e-05
5019,99.976893,1000,4.342342e-05
5020,99.996813,1000,4.342343e-05
5021,100.016733,1000,4.342344e-05
5022,100.036652,1000,4.342345e-05
5023,100.056572,1000,4.342346e-05
5024,100.076492,1000,4.342346e-05
5025,100.096411,1000,4.342347e-05
5026,100.116331,1000,4.342348e-05
5027,100.136251,1000,4.342349e-05
5028,100.156170,1000,4.342350e-05
5029,100.176090,1000,4.342350e-05
5030,100.196010,1000,4.342351e-05
5031,100.215929,1000,4.342352e-05
5032,100.235849,1000,4.342353e-05
5033,100.255769,1000,4.342354e-05
5034,100.275688,1000,4.342355e-05
5035,100.295608,1000,4.342355e-05
5036,100.315528,1000,4.342356e-05
5037,100.335447,1000,4.342357e-05
5038,100.355367,1000,4.342358e-05
5039,100.375287,1000,4.342359e-05
5040,100.395207,1000,4.342360e-05
5041,100.415126,1000,4.342360e-05
5042,100.435046,1000,4.342361e-05
5043,100.454966,1000,4.342362e-05
5044,100.474885,1000,4.342363e-05
5045,100.494805,1000,4.342364e-05
5046,100.514725,1000,4.342364e-05
5047,100.534644,1000,4.342365e-05
5048,100.554564,1000,4.342366e-05
5049,100.574484,1000,4.342367e-05
5050,100.594403,1000,4.342368e-05
5051,100.614323,1000,4.342369e-05
5052,100.634243,1000,4.342369e-05
5053,100.654162,1000,4.342370e-05
5054,100.674082,1000,4.342371e-05
5055,100.694002,1000,4.342372e-05
5056,100.713921,1000,4.342373e-05
5057,100.733841,1000,4.342374e-05
5058,100.753761,1000,4.342374e-05
5059,100.773681,1000,4.342375e-05
5060,100.793600,1000,4.342376e-05
5061,100.813520,1000,4.342377e-05
5062,100.833440,1000,4.342378e-05
5063,100.853359,1000,4.342379e-05
5064,100.873279,1000,4.342379e-05
5065,100.893199,1000,4.342380e-05
5066,100.913118,1000,4.342381e-05
5067,100.933038,1000,4.342382e-05
5068,100.952958,1000,4.342383e-05
5069,100.972877,1000,4.342383e-05
5070,100.992797,1000,4.342384e-05
5071,101.012717,1000,4.342385e-05
5072,101.032636,1000,4.342386e-05
5073,101.052556,1000,4.342387e-05
5074,101.072476,1000,4.342388e-05
5075,101.092395,1000,4.342388e-05
5076,101.112315,1000,4.342389e-05
5077,101.132235,1000,4.342390e-05
5078,101.152155,1000,4.342391e-05
5079,101.172074,1000,4.342392e-05
5080,101.191994,1000,4.342393e-05
5081,101.211914,1000,4.342393e-05
5082,101.231833,1000,4.342394e-05
5083,101.251753,1000,4.342395e-05
5084,101.271673,1000,4.342396e-05
5085,101.291592,1000,4.342397e-05
5086,101.311512,1000,4.342397e-05
5087,101.331432,1000,4.342398e-05
5088,101.351351,1000,4.342399e-05
5089,101.371271,1000,4.342400e-05
5090,101.391191,1000,4.342401e-05
5091,101.411110,1000,4.342402e-05
5092,101.431030,1000,4.342402e-05
5093,101.450950,1000,4.342403e-05
5094,101.470869,1000,4.342404e-05
5095,101.490789,1000,4.342405e-05
5096,101.510709,1000,4.342406e-05
5097,101.530629,1000,4.342407e-05
5098,101.550548,1000,4.342407e-05
5099,101.570468,1000,4.342408e-05
5100,101.590388,1000,4.342409e-05
5101,101.610307,1000,4.342410e-05
5102,101.630227,1000,4.342411e-05
5103,101.650147,1000,4.342411e-05
5104,101.670066,1000,4.342412e-05
5105,101.689986,1000,4.342413e-05
5106,101.709906,1000,4.342414e-05
5107,101.729825,1000,4.342415e-05
5108,101.749745,1000,4.342416e-05
5109,101.769665,1000,4.342416e-05
5110,101.789584,1000,4.342417e-05
5111,101.809504,1000,4.342418e-05
5112,101.829424,1000,4.342419e-05
5113,101.849343,1000,4.342420e-05
5114,101.869263,1000,4.342421e-05
5115,101.889183,1000,4.342421e-05
5116,101.909102,1000,4.342422e-05
5117,101.929022,1000,4.342423e-05
5118,101.948942,1000,4.342424e-05
5119,101.968862,1000,4.342425e-05
5120,101.988781,1000,4.342426e-05
5121,102.008701,1000,4.342426e-05
5122,102.028621,1000,4.342427e-05
5123,102.048540,1000,4.342428e-05
5124,102.068460,1000,4.342429e-05
5125,102.088380,1000,4.342430e-05
5126,102.108299,1000,4.342430e-05
5127,102.128219,1000,4.342431e-05
5128,102.148139,1000,4.342432e-05
5129,102.168058,1000,4.342433e-05
5130,102.187978,1000,4.342434e-05
5131,102.207898,1000,4.342435e-05
5132,102.227817,1000,4.342435e-05
5133,102.247737,1000,4.342436e-05
5134,102.267657,1000,4.342437e-05
5135,102.287576,1000,4.342438e-05
5136,102.307496,1000,4.342439e-05
5137,102.327416,1000,4.342440e-05
5138,102.347336,1000,4.342440e-05
5139,102.367255,1000,4.342441e-05
5140,102.387175,1000,4.342442e-05
5141,102.407095,1000,4.342443e-05
5142,102.427014,1000,4.342444e-05
5143,102.446934,1000,4.342444e-05
5144,102.466854,1000,4.342445e-05
5145,102.486773,1000,4.342446e-05
5146,102.506693,1000,4.342447e-05
5147,102.526613,1000,4.342448e-05
5148,102.546532,1000,4.342449e-05
5149,102.566452,1000,4.342449e-05
5150,102.586372,1000,4.342450e-05
5151,102.606291,1000,4.342451e-05
5152,102.626211,1000,4.342452e-05
5153,102.646131,1000,4.342453e-05
5154,102.666050,1000,4.342454e-05
5155,102.685970,1000,4.342454e-05
5156,102.705890,1000,4.342455e-05
5157,102.725810,1000,4.342456e-05
5158,102.745729,1000,4.342457e-05
5159,102.765649,1000,4.342458e-05
5160,102.785569,1000,4.342458e-05
5161,102.805488,1000,4.342459e-05
5162,102.825408,1000,4.342460e-05
5163,102.845328,1000,4.342461e-05
5164,102.865247,1000,4.342462e-05
5165,102.885167,1000,4.342463e-05
5166,102.905087,1000,4.342463e-05
5167,102.925006,1000,4.342464e-05
5168,102.944926,1000,4.342465e-05
5169,102.964846,1000,4.342466e-05
5170,102.984765,1000,4.342467e-05
5171,103.004685,1000,4.342468e-05
5172,103.024605,1000,4.342468e-05
5173,103.044524,1000,4.342469e-05
5174,103.064444,1000,4.342470e-05
5175,103.084364,1000,4.342471e-05
5176,103.104284,1000,4.342472e-05
5177,103.124203,1000,4.342472e-05
5178,103.144123,1000,4.342473e-05
5179,103.164043,1000,4.342474e-05
5180,103.183962,1000,4.342475e-05
5181,103.203882,1000,4.342476e-05
5182,103.223802,1000,4.342477e-05
5183,103.243721,1000,4.342477e-05
5184,103.263641,1000,4.342478e-05
5185,103.283561,1000,4.342479e-05
5186,103.303480,1000,4.342480e-05
5187,103.323400,1000,4.342481e-05
5188,103.343320,1000,4.342482e-05
5189,103.363239,1000,4.342482e-05
5190,103.383159,1000,4.342483e-05
5191,103.403079,1000,4.342484e-05
5192,103.422998,1000,4.342485e-05
5193,103.442918,1000,4.342486e-05
5194,103.462838,1000,4.342486e-05
5195,103.482758,1000,4.342487e-05
5196,103.502677,1000,4.342488e-05
5197,103.522597,1000,4.342489e-05
5198,103.542517,1000,4.342490e-05
5199,103.562436,1000,4.342491e-05
5200,103.582356,1000,4.342491e-05
5201,103.602276,1000,4.342492e-05
5202,103.622195,1000,4.342493e-05
5203,103.642115,1000,4.342494e-05
5204,103.662035,1000,4.342495e-05
5205,103.681954,1000,4.342496e-05
5206,103.701874,1000,4.342496e-05
5207,103.721794,1000,4.342497e-05
5208,103.741713,1000,4.342498e-05
5209,103.761633,1000,4.342499e-05
5210,103.781553,1000,4.342500e-05
5211,103.801472,1000,4.342501e-05
5212,103.821392,1000,4.342501e-05
5213,103.841312,1000,4.342502e-05
5214,103.861232,1000,4.342503e-05
5215,103.881151,1000,4.342504e-05
5216,103.901071,1000,4.342505e-05
5217,103.920991,1000,4.342505e-05
5218,103.940910,1000,4.342506e-05
5219,103.960830,1000,4.342507e-05
5220,103.980750,1000,4.342508e-05
5221,104.000669,1000,4.342509e-05
5222,104.020589,1000,4.342510e-05
5223,104.040509,1000,4.342510e-05
5224,104.060428,1000,4.342511e-05
5225,104.080348,1000,4.342512e-05
5226,104.100268,1000,4.342513e-05
5227,104.120187,1000,4.342514e-05
5228,104.140107,1000,4.342515e-05
5229,104.160027,1000,4.342515e-05
5230,104.179946,1000,4.342516e-05
5231,104.199866,1000,4.342517e-05
5232,104.219786,1000,4.342518e-05
5233,104.239706,1000,4.342519e-05
5234,104.259625,1000,4.342519e-05
5235,104.279545,1000,4.342520e-05
5236,104.299465,1000,4.342521e-05
5237,104.319384,1000,4.342522e-05
5238,104.339304,1000,4.342523e-05
5239,104.359224,1000,4.342524e-05
5240,104.379143,1000,4.342524e-05
5241,104.399063,1000,4.342525e-05
5242,104.418983,1000,4.342526e-05
5243,104.438902,1000,4.342527e-05
5244,104.458822,1000,4.342528e-05
5245,104.478742,1000,4.342529e-05
5246,104.498661,1000,4.342529e-05
5247,104.518581,1000,4.342530e-05
5248,104.538501,1000,4.342531e-05
5249,104.558420,1000,4.342532e-05
5250,104.578340,1000,4.342533e-05
5251,104.598260,1000,4.342533e-05
5252,104.618180,1000,4.342534e-05
5253,104.638099,1000,4.342535e-05
5254,104.658019,1000,4.342536e-05
5255,104.677939,1000,4.342537e-05
5256,104.697858,1000,4.342538e-05
5257,104.717778,1000,4.342538e-05
5258,104.737698,1000,4.342539e-05
5259,104.757617,1000,4.342540e-05
5260,104.777537,1000,4.342541e-05
5261,104.797457,1000,4.342542e-05
5262,104.817376,1000,4.342543e-05
5263,104.837296,1000,4.342543e-05
5264,104.857216,1000,4.342544e-05
5265,104.877135,1000,4.342545e-05
5266,104.897055,1000,4.342546e-05
5267,104.916975,1000,4.342547e-05
5268,104.936894,1000,4.342547e-05
5269,104.956814,1000,4.342548e-05
5270,104.976734,1000,4.342549e-05
5271,104.996653,1000,4.342550e-05
5272,105.016573,1000,4.342551e-05
5273,105.036493,1000,4.342552e-05
5274,105.056413,1000,4.342552e-05
5275,105.076332,1000,4.342553e-05
5276,105.096252,1000,4.342554e-05
5277,105.116172,1000,4.342555e-05
5278,105.136091,1000,4.342556e-05
5279,105.156011,1000,4.342557e-05
5280,105.175931,1000,4.342557e-05
5281,105.195850,1000,4.342558e-05
5282,105.215770,1000,4.342559e-05
5283,105.235690,1000,4.342560e-05
5284,105.255609,1000,4.342561e-05
5285,105.275529,1000,4.342561e-05
5286,105.295449,1000,4.342562e-05
5287,105.315368,1000,4.342563e-05
5288,105.335288,1000,4.342564e-05
5289,105.355208,1000,4.342565e-05
5290,105.375127,1000,4.342566e-05
5291,105.395047,1000,4.342566e-05
5292,105.414967,1000,4.342567e-05
5293,105.434887,1000,4.342568e-05
5294,105.454806,1000,4.342569e-05
5295,105.474726,1000,4.342570e-05
5296,105.494646,1000,4.342571e-05
5297,105.514565,1000,4.342571e-05
5298,105.534485,1000,4.342572e-05
5299,105.554405,1000,4.342573e-05
5300,105.574324,1000,4.342574e-05
5301,105.594244,1000,4.342575e-05
5302,105.614164,1000,4.342575e-05
5303,105.634083,1000,4.342576e-05
5304,105.654003,1000,4.342577e-05
5305,105.673923,1000,4.342578e-05
5306,105.693842,1000,4.342579e-05
5307,105.713762,1000,4.342580e-05
5308,105.733682,1000,4.342580e-05
5309,105.753601,1000,4.342581e-05
5310,105.773521,1000,4.342582e-05
5311,105.793441,1000,4.342583e-05
5312,105.813361,1000,4.342584e-05
5313,105.833280,1000,4.342585e-05
5314,105.853200,1000,4.342585e-05
5315,105.873120,1000,4.342586e-05
5316,105.893039,1000,4.342587e-05
5317,105.912959,1000,4.342588e-05
5318,105.932879,1000,4.342589e-05
5319,105.952798,1000,4.342589e-05
5320,105.972718,1000,4.342590e-05
5321,105.992638,1000,4.342591e-05
5322,106.012557,1000,4.342592e-05
5323,106.032477,1000,4.342593e-05
5324,106.052397,1000,4.342594e-05
5325,106.072316,1000,4.342594e-05
5326,106.092236,1000,4.342595e-05
5327,106.112156,1000,4.342596e-05
5328,106.132075,1000,4.342597e-05
5329,106.151995,1000,4.342598e-05
5330,106.171915,1000,4.342599e-05
5331,106.191835,1000,4.342599e-05
5332,106.211754,1000,4.342600e-05
5333,106.231674,1000,4.342601e-05
5334,106.251594,1000,4.342602e-05
5335,106.271513,1000,4.342603e-05
5336,106.291433,1000,4.342603e-05
5337,106.311353,1000,4.342604e-05
5338,106.331272,1000,4.342605e-05
5339,106.351192,1000,4.342606e-05
5340,106.371112,1000,4.342607e-05
5341,106.391031,1000,4.342608e-05
5342,106.410951,1000,4.342608e-05
5343,106.430871,1000,4.342609e-05
5344,106.450790,1000,4.342610e-05
5345,106.470710,1000,4.342611e-05
5346,106.490630,1000,4.342612e-05
5347,106.510549,1000,4.342613e-05
5348,106.530469,1000,4.342613e-05
5349,106.550389,1000,4.342614e-05
5350,106.570309,1000,4.342615e-05
5351,106.590228,1000,4.342616e-05
5352,106.610148,1000,4.342617e-05
5353,106.630068,1000,4.342617e-05
5354,106.649987,1000,4.342618e-05
5355,106.669907,1000,4.342619e-05
5356,106.689827,1000,4.342620e-05
5357,106.709746,1000,4.342621e-05
5358,106.729666,1000,4.342622e-05
5359,106.749586,1000,4.342622e-05
5360,106.769505,1000,4.342623e-05
5361,106.789425,1000,4.342624e-05
5362,106.809345,1000,4.342625e-05
5363,106.829264,1000,4.342626e-05
5364,106.849184,1000,4.342627e-05
5365,106.869104,1000,4.342627e-05
5366,106.889023,1000,4.342628e-05
5367,106.908943,1000,4.342629e-05
5368,106.928863,1000,4.342630e-05
5369,106.948783,1000,4.342631e-05
5370,106.968702,1000,4.342631e-05
5371,106.988622,1000,4.342632e-05
5372,107.008542,1000,4.342633e-05
5373,107.028461,1000,4.342634e-05
5374,107.048381,1000,4.342635e-05
5375,107.068301,1000,4.342636e-05
5376,107.088220,1000,4.342636e-05
5377,107.108140,1000,4.342637e-05
5378,107.128060,1000,4.342638e-05
5379,107.147979,1000,4.342639e-05
5380,107.167899,1000,4.342640e-05
5381,107.187819,1000,4.342641e-05
5382,107.207738,1000,4.342641e-05
5383,107.227658,1000,4.342642e-05
5384,107.247578,1000,4.342643e-05
5385,107.267497,1000,4.342644e-05
5386,107.287417,1000,4.342645e-05
5387,107.307337,1000,4.342645e-05
5388,107.327257,1000,4.342646e-05
5389,107.347176,1000,4.342647e-05
5390,107.367096,1000,4.342648e-05
5391,107.387016,1000,4.342649e-05
5392,107.406935,1000,4.342650e-05
5393,107.426855,1000,4.342650e-05
5394,107.446775,1000,4.342651e-05
5395,107.466694,1000,4.342652e-05
5396,107.486614,1000,4.342653e-05
5397,107.506534,1000,4.342654e-05
5398,107.526453,1000,4.342655e-05
5399,107.546373,1000,4.342655e-05
5400,107.566293,1000,4.342656e-05
5401,107.586212,1000,4.342657e-05
5402,107.606132,1000,4.342658e-05
5403,107.626052,1000,4.342659e-05
5404,107.645971,1000,4.342659e-05
5405,107.665891,1000,4.342660e-05
5406,107.685811,1000,4.342661e-05
5407,107.705730,1000,4.342662e-05
5408,107.725650,1000,4.342663e-05
5409,107.745570,1000,4.342664e-05
5410,107.765490,1000,4.342664e-05
5411,107.785409,1000,4.342665e-05
5412,107.805329,1000,4.342666e-05
5413,107.825249,1000,4.342667e-05
5414,107.845168,1000,4.342668e-05
5415,107.865088,1000,4.342669e-05
5416,107.885008,1000,4.342669e-05
5417,107.904927,1000,4.342670e-05
5418,107.924847,1000,4.342671e-05
5419,107.944767,1000,4.342672e-05
5420,107.964686,1000,4.342673e-05
5421,107.984606,1000,4.342673e-05
5422,108.004526,1000,4.342674e-05
5423,108.024445,1000,4.342675e-05
5424,108.044365,1000,4.342676e-05
5425,108.064285,1000,4.342677e-05
5426,108.084204,1000,4.342678e-05
5427,108.104124,1000,4.342678e-05
5428,108.124044,1000,4.342679e-05
5429,108.143964,1000,4.342680e-05
5430,108.163883,1000,4.342681e-05
5431,108.183803,1000,4.342682e-05
5432,108.203723,1000,4.342683e-05
5433,108.223642,1000,4.342683e-05
5434,108.243562,1000,4.342684e-05
5435,108.263482,1000,4.342685e-05
5436,108.283401,1000,4.342686e-05
5437,108.303321,1000,4.342687e-05
5438,108.323241,1000,4.342687e-05
5439,108.343160,1000,4.342688e-05
5440,108.363080,1000,4.342689e-05
5441,108.383000,1000,4.342690e-05
5442,108.402919,1000,4.342691e-05
5443,108.422839,1000,4.342692e-05
5444,108.442759,1000,4.342692e-05
5445,108.462678,1000,4.342693e-05
5446,108.482598,1000,4.342694e-05
5447,108.502518,1000,4.342695e-05
5448,108.522438,1000,4.342696e-05
5449,108.542357,1000,4.342697e-05
5450,108.562277,1000,4.342697e-05
5451,108.582197,1000,4.342698e-05
5452,108.602116,1000,4.342699e-05
5453,108.622036,1000,4.342700e-05
5454,108.641956,1000,4.342701e-05
5455,108.661875,1000,4.342701e-05
5456,108.681795,1000,4.342702e-05
5457,108.701715,1000,4.342703e-05
5458,108.721634,1000,4.342704e-05
5459,108.741554,1000,4.342705e-05
5460,108.761474,1000,4.342706e-05
5461,108.781393,1000,4.342706e-05
5462,108.801313,1000,4.342707e-05
5463,108.821233,1000,4.342708e-05
5464,108.841152,1000,4.342709e-05
5465,108.861072,1000,4.342710e-05
5466,108.880992,1000,4.342711e-05
5467,108.900912,1000,4.342711e-05
5468,108.920831,1000,4.342712e-05
5469,108.940751,1000,4.342713e-05
5470,108.960671,1000,4.342714e-05
5471,108.980590,1000,4.342715e-05
5472,109.000510,1000,4.342715e-05
5473,109.020430,1000,4.342716e-05
5474,109.040349,1000,4.342717e-05
5475,109.060269,1000,4.342718e-05
5476,109.080189,1000,4.342719e-05
5477,109.100108,1000,4.342720e-05
5478,109.120028,1000,4.342720e-05
5479,109.139948,1000,4.342721e-05
5480,109.159867,1000,4.342722e-05
5481,109.179787,1000,4.342723e-05
5482,109.199707,1000,4.342724e-05
5483,109.219626,1000,4.342725e-05
5484,109.239546,1000,4.342725e-05
5485,109.259466,1000,4.342726e-05
5486,109.279386,1000,4.342727e-05
5487,109.299305,1000,4.342728e-05
5488,109.319225,1000,4.342729e-05
5489,109.339145,1000,4.342729e-05
5490,109.359064,1000,4.342730e-05
5491,109.378984,1000,4.342731e-05
5492,109.398904,1000,4.342732e-05
5493,109.418823,1000,4.342733e-05
5494,109.438743,1000,4.342734e-05
5495,109.458663,1000,4.342734e-05
5496,109.478582,1000,4.342735e-05
5497,109.498502,1000,4.342736e-05
5498,109.518422,1000,4.342737e-05
5499,109.538341,1000,4.342738e-05
5500,109.558261,1000,4.342739e-05
5501,109.578181,1000,4.342739e-05
5502,109.598100,1000,4.342740e-05
5503,109.618020,1000,4.342741e-05
5504,109.637940,1000,4.342742e-05
5505,109.657860,1000,4.342743e-05
5506,109.677779,1000,4.342743e-05
5507,109.697699,1000,4.342744e-05
5508,109.717619,1000,4.342745e-05
5509,109.737538,1000,4.342746e-05
5510,109.757458,1000,4.342747e-05
5511,109.777378,1000,4.342748e-05
5512,109.797297,1000,4.342748e-05
5513,109.817217,1000,4.342749e-05
5514,109.837137,1000,4.342750e-05
5515,109.857056,1000,4.342751e-05
5516,109.876976,1000,4.342752e-05
5517,109.896896,1000,4.342753e-05
5518,109.916815,1000,4.342753e-05
5519,109.936735,1000,4.342754e-05
5520,109.956655,1000,4.342755e-05
5521,109.976574,1000,4.342756e-05
5522,109.996494,1000,4.342757e-05
5523,110.016414,1000,4.342757e-05
5524,110.036334,1000,4.342758e-05
5525,110.056253,1000,4.342759e-05
5526,110.076173,1000,4.342760e-05
5527,110.096093,1000,4.342761e-05
5528,110.116012,1000,4.342762e-05
5529,110.135932,1000,4.342762e-05
5530,110.155852,1000,4.342763e-05
5531,110.175771,1000,4.342764e-05
5532,110.195691,1000,4.342765e-05
5533,110.215611,1000,4.342766e-05
5534,110.235530,1000,4.342767e-05
5535,110.255450,1000,4.342767e-05
5536,110.275370,1000,4.342768e-05
5537,110.295289,1000,4.342769e-05
5538,110.315209,1000,4.342770e-05
5539,110.335129,1000,4.342771e-05
5540,110.355048,1000,4.342771e-05
5541,110.374968,1000,4.342772e-05
5542,110.394888,1000,4.342773e-05
5543,110.414807,1000,4.342774e-05
5544,110.434727,1000,4.342775e-05
5545,110.454647,1000,4.342776e-05
5546,110.474567,1000,4.342776e-05
5547,110.494486,1000,4.342777e-05
5548,110.514406,1000,4.342778e-05
5549,110.534326,1000,4.342779e-05
5550,110.554245,1000,4.342780e-05
5551,110.574165,1000,4.342781e-05
5552,110.594085,1000,4.342781e-05
5553,110.614004,1000,4.342782e-05
5554,110.633924,1000,4.342783e-05
5555,110.653844,1000,4.342784e-05
5556,110.673763,1000,4.342785e-05
5557,110.693683,1000,4.342785e-05
5558,110.713603,1000,4.342786e-05
5559,110.733522,1000,4.342787e-05
5560,110.753442,1000,4.342788e-05
5561,110.773362,1000,4.342789e-05
5562,110.793281,1000,4.342790e-05
5563,110.813201,1000,4.342790e-05
5564,110.833121,1000,4.342791e-05
5565,110.853041,1000,4.342792e-05
5566,110.872960,1000,4.342793e-05
5567,110.892880,1000,4.342794e-05
5568,110.912800,1000,4.342795e-05
5569,110.932719,1000,4.342795e-05
5570,110.952639,1000,4.342796e-05
5571,110.972559,1000,4.342797e-05
5572,110.992478,1000,4.342798e-05
5573,111.012398,1000,4.342799e-05
5574,111.032318,1000,4.342799e-05
5575,111.052237,1000,4.342800e-05
5576,111.072157,1000,4.342801e-05
5577,111.092077,1000,4.342802e-05
5578,111.111996,1000,4.342803e-05
5579,111.131916,1000,4.342804e-05
5580,111.151836,1000,4.342804e-05
5581,111.171755,1000,4.342805e-05
5582,111.191675,1000,4.342806e-05
5583,111.211595,1000,4.342807e-05
5584,111.231515,1000,4.342808e-05
5585,111.251434,1000,4.342809e-05
5586,111.271354,1000,4.342809e-05
5587,111.291274,1000,4.342810e-05
5588,111.311193,1000,4.342811e-05
5589,111.331113,1000,4.342812e-05
5590,111.351033,1000,4.342813e-05
5591,111.370952,1000,4.342813e-05
5592,111.390872,1000,4.342814e-05
5593,111.410792,1000,4.342815e-05
5594,111.430711,1000,4.342816e-05
5595,111.450631,1000,4.342817e-05
5596,111.470551,1000,4.342818e-05
5597,111.490470,1000,4.342818e-05
5598,111.510390,1000,4.342819e-05
5599,111.530310,1000,4.342820e-05
5600,111.550229,1000,4.342821e-05
5601,111.570149,1000,4.342822e-05
5602,111.590069,1000,4.342822e-05
5603,111.609989,1000,4.342823e-05
5604,111.629908,1000,4.342824e-05
5605,111.649828,1000,4.342825e-05
5606,111.669748,1000,4.342826e-05
5607,111.689667,1000,4.342827e-05
5608,111.709587,1000,4.342827e-05
5609,111.729507,1000,4.342828e-05
5610,111.749426,1000,4.342829e-05
5611,111.769346,1000,4.342830e-05
5612,111.789266,1000,4.342831e-05
5613,111.809185,1000,4.342832e-05
5614,111.829105,1000,4.342832e-05
5615,111.849025,1000,4.342833e-05
5616,111.868944,1000,4.342834e-05
5617,111.888864,1000,4.342835e-05
5618,111.908784,1000,4.342836e-05
5619,111.928703,1000,4.342836e-05
5620,111.948623,1000,4.342837e-05
5621,111.968543,1000,4.342838e-05
5622,111.988463,1000,4.342839e-05
5623,112.008382,1000,4.342840e-05
5624,112.028302,1000,4.342841e-05
5625,112.048222,1000,4.342841e-05
5626,112.068141,1000,4.342842e-05
5627,112.088061,1000,4.342843e-05
5628,112.107981,1000,4.342844e-05
5629,112.127900,1000,4.342845e-05
5630,112.147820,1000,4.342846e-05
5631,112.167740,1000,4.342846e-05
5632,112.187659,1000,4.342847e-05
5633,112.207579,1000,4.342848e-05
5634,112.227499,1000,4.342849e-05
5635,112.247418,1000,4.342850e-05
5636,112.267338,1000,4.342850e-05
5637,112.287258,1000,4.342851e-05
5638,112.307177,1000,4.342852e-05
5639,112.327097,1000,4.342853e-05
5640,112.347017,1000,4.342854e-05
5641,112.366937,1000,4.342855e-05
5642,112.386856,1000,4.342855e-05
5643,112.406776,1000,4.342856e-05
5644,112.426696,1000,4.342857e-05
5645,112.446615,1000,4.342858e-05
5646,112.466535,1000,4.342859e-05
5647,112.486455,1000,4.342860e-05
5648,112.506374,1000,4.342860e-05
5649,112.526294,1000,4.342861e-05
5650,112.546214,1000,4.342862e-05
5651,112.566133,1000,4.342863e-05
5652,112.586053,1000,4.342864e-05
5653,112.605973,1000,4.342864e-05
5654,112.625892,1000,4.342865e-05
5655,112.645812,1000,4.342866e-05
5656,112.665732,1000,4.342867e-05
5657,112.685651,1000,4.342868e-05
5658,112.705571,1000,4.342869e-05
5659,112.725491,1000,4.342869e-05
5660,112.745411,1000,4.342870e-05
5661,112.765330,1000,4.342871e-05
5662,112.785250,1000,4.342872e-05
5663,112.805170,1000,4.342873e-05
5664,112.825089,1000,4.342874e-05
5665,112.845009,1000,4.342874e-05
5666,112.864929,1000,4.342875e-05
5667,112.884848,1000,4.342876e-05
5668,112.904768,1000,4.342877e-05
5669,112.924688,1000,4.342878e-05
5670,112.944607,1000,4.342878e-05
5671,112.964527,1000,4.342879e-05
5672,112.984447,1000,4.342880e-05
5673,113.004366,1000,4.342881e-05
5674,113.024286,1000,4.342882e-05
5675,113.044206,1000,4.342883e-05
5676,113.064125,1000,4.342883e-05
5677,113.084045,1000,4.342884e-05
5678,113.103965,1000,4.342885e-05
5679,113.123884,1000,4.342886e-05
5680,113.143804,1000,4.342887e-05
5681,113.163724,1000,4.342887e-05
5682,113.183644,1000,4.342888e-05
5683,113.203563,1000,4.342889e-05
5684,113.223483,1000,4.342890e-05
5685,113.243403,1000,4.342891e-05
5686,113.263322,1000,4.342892e-05
5687,113.283242,1000,4.342892e-05
5688,113.303162,1000,4.342893e-05
5689,113.323081,1000,4.342894e-05
5690,113.343001,1000,4.342895e-05
5691,113.362921,1000,4.342896e-05
5692,113.382840,1000,4.342897e-05
5693,113.402760,1000,4.342897e-05
5694,113.422680,1000,4.342898e-05
5695,113.442599,1000,4.342899e-05
5696,113.462519,1000,4.342900e-05
5697,113.482439,1000,4.342901e-05
5698,113.502358,1000,4.342901e-05
5699,113.522278,1000,4.342902e-05
5700,113.542198,1000,4.342903e-05
5701,113.562118,1000,4.342904e-05
5702,113.582037,1000,4.342905e-05
5703,113.601957,1000,4.342906e-05
5704,113.621877,1000,4.342906e-05
5705,113.641796,1000,4.342907e-05
5706,113.661716,1000,4.342908e-05
5707,113.681636,1000,4.342909e-05
5708,113.701555,1000,4.342910e-05
5709,113.721475,1000,4.342911e-05
5710,113.741395,1000,4.342911e-05
5711,113.761314,1000,4.342912e-05
5712,113.781234,1000,4.342913e-05
5713,113.801154,1000,4.342914e-05
5714,113.821073,1000,4.342915e-05
5715,113.840993,1000,4.342915e-05
5716,113.860913,1000,4.342916e-05
5717,113.880832,1000,4.342917e-05
5718,113.900752,1000,4.342918e-05
5719,113.920672,1000,4.342919e-05
5720,113.940592,1000,4.342920e-05
5721,113.960511,1000,4.342920e-05
5722,113.980431,1000,4.342921e-05
5723,114.000351,1000,4.342922e-05
5724,114.020270,1000,4.342923e-05
5725,114.040190,1000,4.342924e-05
5726,114.060110,1000,4.342925e-05
5727,114.080029,1000,4.342925e-05
5728,114.099949,1000,4.342926e-05
5729,114.119869,1000,4.342927e-05
5730,114.139788,1000,4.342928e-05
5731,114.159708,1000,4.342929e-05
5732,114.179628,1000,4.342929e-05
5733,114.199547,1000,4.342930e-05
5734,114.219467,1000,4.342931e-05
5735,114.239387,1000,4.342932e-05
5736,114.259306,1000,4.342933e-05
5737,114.279226,1000,4.342934e-05
5738,114.299146,1000,4.342934e-05
5739,114.319066,1000,4.342935e-05
5740,114.338985,1000,4.342936e-05
5741,114.358905,1000,4.342937e-05
5742,114.378825,1000,4.342938e-05
5743,114.398744,1000,4.342938e-05
5744,114.418664,1000,4.342939e-05
5745,114.438584,1000,4.342940e-05
5746,114.458503,1000,4.342941e-05
5747,114.478423,1000,4.342942e-05
5748,114.498343,1000,4.342943e-05
5749,114.518262,1000,4.342943e-05
5750,114.538182,1000,4.342944e-05
5751,114.558102,1000,4.342945e-05
5752,114.578021,1000,4.342946e-05
5753,114.597941,1000,4.342947e-05
5754,114.617861,1000,4.342948e-05
5755,114.637780,1000,4.342948e-05
5756,114.657700,1000,4.342949e-05
5757,114.677620,1000,4.342950e-05
5758,114.697540,1000,4.342951e-05
5759,114.717459,1000,4.342952e-05
5760,114.737379,1000,4.342952e-05
5761,114.757299,1000,4.342953e-05
5762,114.777218,1000,4.342954e-05
5763,114.797138,1000,4.342955e-05
5764,114.817058,1000,4.342956e-05
5765,114.836977,1000,4.342957e-05
5766,114.856897,1000,4.342957e-05
5767,114.876817,1000,4.342958e-05
5768,114.896736,1000,4.342959e-05
5769,114.916656,1000,4.342960e-05
5770,114.936576,1000,4.342961e-05
5771,114.956495,1000,4.342962e-05
5772,114.976415,1000,4.342962e-05
5773,114.996335,1000,4.342963e-05
5774,115.016254,1000,4.342964e-05
5775,115.036174,1000,4.342965e-05
5776,115.056094,1000,4.342966e-05
5777,115.076014,1000,4.342966e-05
5778,115.095933,1000,4.342967e-05
5779,115.115853,1000,4.342968e-05
5780,115.135773,1000,4.342969e-05
5781,115.155692,1000,4.342970e-05
5782,115.175612,1000,4.342971e-05
5783,115.195532,1000,4.342971e-05
5784,115.215451,1000,4.342972e-05
5785,115.235371,1000,4.342973e-05
5786,115.255291,1000,4.342974e-05
5787,115.275210,1000,4.342975e-05
5788,115.295130,1000,4.342975e-05
5789,115.315050,1000,4.342976e-05
5790,115.334969,1000,4.342977e-05
5791,115.354889,1000,4.342978e-05
5792,115.374809,1000,4.342979e-05
5793,115.394728,1000,4.342980e-05
5794,115.414648,1000,4.342980e-05
5795,115.434568,1000,4.342981e-05
5796,115.454488,1000,4.342982e-05
5797,115.474407,1000,4.342983e-05
5798,115.494327,1000,4.342984e-05
5799,115.514247,1000,4.342985e-05
5800,115.534166,1000,4.342985e-05
5801,115.554086,1000,4.342986e-05
5802,115.574006,1000,4.342987e-05
5803,115.593925,1000,4.342988e-05
5804,115.613845,1000,4.342989e-05
5805,115.633765,1000,4.342989e-05
5806,115.653684,1000,4.342990e-05
5807,115.673604,1000,4.342991e-05
5808,115.693524,1000,4.342992e-05
5809,115.713443,1000,4.342993e-05
5810,115.733363,1000,4.342994e-05
5811,115.753283,1000,4.342994e-05
5812,115.773202,1000,4.342995e-05
5813,115.793122,1000,4.342996e-05
5814,115.813042,1000,4.342997e-05
5815,115.832961,1000,4.342998e-05
5816,115.852881,1000,4.342999e-05
5817,115.872801,1000,4.342999e-05
5818,115.892721,1000,4.343000e-05
5819,115.912640,1000,4.343001e-05
5820,115.932560,1000,4.343002e-05
5821,115.952480,1000,4.343003e-05
5822,115.972399,1000,4.343003e-05
5823,115.992319,1000,4.343004e-05
5824,116.012239,1000,4.343005e-05
5825,116.032158,1000,4.343006e-05
5826,116.052078,1000,4.343007e-05
5827,116.071998,1000,4.343008e-05
5828,116.091917,1000,4.343008e-05
5829,116.111837,1000,4.343009e-05
5830,116.131757,1000,4.343010e-05
5831,116.151676,1000,4.343011e-05
5832,116.171596,1000,4.343012e-05
5833,116.191516,1000,4.343012e-05
5834,116.211435,1000,4.343013e-05
5835,116.231355,1000,4.343014e-05
5836,116.251275,1000,4.343015e-05
5837,116.271195,1000,4.343016e-05
5838,116.291114,1000,4.343017e-05
5839,116.311034,1000,4.343017e-05
5840,116.330954,1000,4.343018e-05
5841,116.350873,1000,4.343019e-05
5842,116.370793,1000,4.343020e-05
5843,116.390713,1000,4.343021e-05
5844,116.410632,1000,4.343022e-05
5845,116.430552,1000,4.343022e-05
5846,116.450472,1000,4.343023e-05
5847,116.470391,1000,4.343024e-05
5848,116.490311,1000,4.343025e-05
5849,116.510231,1000,4.343026e-05
5850,116.530150,1000,4.343026e-05
5851,116.550070,1000,4.343027e-05
5852,116.569990,1000,4.343028e-05
5853,116.589909,1000,4.343029e-05
5854,116.609829,1000,4.343030e-05
5855,116.629749,1000,4.343031e-05
5856,116.649669,1000,4.343031e-05
5857,116.669588,1000,4.343032e-05
5858,116.689508,1000,4.343033e-05
5859,116.709428,1000,4.343034e-05
5860,116.729347,1000,4.343035e-05
5861,116.749267,1000,4.343036e-05
5862,116.769187,1000,4.343036e-05
5863,116.789106,1000,4.343037e-05
5864,116.809026,1000,4.343038e-05
5865,116.828946,1000,4.343039e-05
5866,116.848865,1000,4.343040e-05
5867,116.868785,1000,4.343040e-05
5868,116.888705,1000,4.343041e-05
5869,116.908624,1000,4.343042e-05
5870,116.928544,1000,4.343043e-05
5871,116.948464,1000,4.343044e-05
5872,116.968383,1000,4.343045e-05
5873,116.988303,1000,4.343045e-05
5874,117.008223,1000,4.343046e-05
5875,117.028143,1000,4.343047e-05
5876,117.048062,1000,4.343048e-05
5877,117.067982,1000,4.343049e-05
5878,117.087902,1000,4.343049e-05
5879,117.107821,1000,4.343050e-05
5880,117.127741,1000,4.343051e-05
5881,117.147661,1000,4.343052e-05
5882,117.167580,1000,4.343053e-05
5883,117.187500,1000,4.343054e-05
5884,117.207420,1000,4.343054e-05
5885,117.227339,1000,4.343055e-05
5886,117.247259,1000,4.343056e-05
5887,117.267179,1000,4.343057e-05
5888,117.287098,1000,4.343058e-05
5889,117.307018,1000,4.343059e-05
5890,117.326938,1000,4.343059e-05
5891,117.346857,1000,4.343060e-05
5892,117.366777,1000,4.343061e-05
5893,117.386697,1000,4.343062e-05
5894,117.406617,1000,4.343063e-05
5895,117.426536,1000,4.343063e-05
5896,117.446456,1000,4.343064e-05
5897,117.466376,1000,4.343065e-05
5898,117.486295,1000,4.343066e-05
5899,117.506215,1000,4.343067e-05
5900,117.526135,1000,4.343068e-05
5901,117.546054,1000,4.343068e-05
5902,117.565974,1000,4.343069e-05
5903,117.585894,1000,4.343070e-05
5904,117.605813,1000,4.343071e-05
5905,117.625733,1000,4.343072e-05
5906,117.645653,1000,4.343073e-05
5907,117.665572,1000,4.343073e-05
5908,117.685492,1000,4.343074e-05
5909,117.705412,1000,4.343075e-05
5910,117.725331,1000,4.343076e-05
5911,117.745251,1000,4.343077e-05
5912,117.765171,1000,4.343077e-05
5913,117.785091,1000,4.343078e-05
5914,117.805010,1000,4.343079e-05
5915,117.824930,1000,4.343080e-05
5916,117.844850,1000,4.343081e-05
5917,117.864769,1000,4.343082e-05
5918,117.884689,1000,4.343082e-05
5919,117.904609,1000,4.343083e-05
5920,117.924528,1000,4.343084e-05
5921,117.944448,1000,4.343085e-05
5922,117.964368,1000,4.343086e-05
5923,117.984287,1000,4.343086e-05
5924,118.004207,1000,4.343087e-05
5925,118.024127,1000,4.343088e-05
5926,118.044046,1000,4.343089e-05
5927,118.063966,1000,4.343090e-05
5928,118.083886,1000,4.343091e-05
5929,118.103805,1000,4.343091e-05
5930,118.123725,1000,4.343092e-05
5931,118.143645,1000,4.343093e-05
5932,118.163565,1000,4.343094e-05
5933,118.183484,1000,4.343095e-05
5934,118.203404,1000,4.343096e-05
5935,118.223324,1000,4.343096e-05
5936,118.243243,1000,4.343097e-05
5937,118.263163,1000,4.343098e-05
5938,118.283083,1000,4.343099e-05
5939,118.303002,1000,4.343100e-05
5940,118.322922,1000,4.343100e-05
5941,118.342842,1000,4.343101e-05
5942,118.362761,1000,4.343102e-05
5943,118.382681,1000,4.343103e-05
5944,118.402601,1000,4.343104e-05
5945,118.422520,1000,4.343105e-05
5946,118.442440,1000,4.343105e-05
5947,118.462360,1000,4.343106e-05
5948,118.482279,1000,4.343107e-05
5949,118.502199,1000,4.343108e-05
5950,118.522119,1000,4.343109e-05
5951,118.542039,1000,4.343109e-05
5952,118.561958,1000,4.343110e-05
5953,118.581878,1000,4.343111e-05
5954,118.601798,1000,4.343112e-05
5955,118.621717,1000,4.343113e-05
5956,118.641637,1000,4.343114e-05
5957,118.661557,1000,4.343114e-05
5958,118.681476,1000,4.343115e-05
5959,118.701396,1000,4.343116e-05
5960,118.721316,1000,4.343117e-05
5961,118.741235,1000,4.343118e-05
5962,118.761155,1000,4.343119e-05
5963,118.781075,1000,4.343119e-05
5964,118.800994,1000,4.343120e-05
5965,118.820914,1000,4.343121e-05
5966,118.840834,1000,4.343122e-05
5967,118.860753,1000,4.343123e-05
5968,118.880673,1000,4.343123e-05
5969,118.900593,1000,4.343124e-05
5970,118.920512,1000,4.343125e-05
5971,118.940432,1000,4.343126e-05
5972,118.960352,1000,4.343127e-05
5973,118.980272,1000,4.343128e-05
5974,119.000191,1000,4.343128e-05
5975,119.020111,1000,4.343129e-05
5976,119.040031,1000,4.343130e-05
5977,119.059950,1000,4.343131e-05
5978,119.079870,1000,4.343132e-05
5979,119.099790,1000,4.343132e-05
5980,119.119709,1000,4.343133e-05
5981,119.139629,1000,4.343134e-05
5982,119.159549,1000,4.343135e-05
5983,119.179468,1000,4.343136e-05
5984,119.199388,1000,4.343137e-05
5985,119.219308,1000,4.343137e-05
5986,119.239227,1000,4.343138e-05
5987,119.259147,1000,4.343139e-05
5988,119.279067,1000,4.343140e-05
5989,119.298986,1000,4.343141e-05
5990,119.318906,1000,4.343142e-05
5991,119.338826,1000,4.343142e-05
5992,119.358746,1000,4.343143e-05
5993,119.378665,1000,4.343144e-05
5994,119.398585,1000,4.343145e-05
5995,119.418505,1000,4.343146e-05
5996,119.438424,1000,4.343146e-05
5997,119.458344,1000,4.343147e-05
5998,119.478264,1000,4.343148e-05
5999,119.498183,1000,4.343149e-05
6000,119.518103,1000,4.343150e-05
6001,119.538023,1000,4.343151e-05
6002,119.557942,1000,4.343151e-05
6003,119.577862,1000,4.343152e-05
6004,119.597782,1000,4.343153e-05
6005,119.617701,1000,4.343154e-05
6006,119.637621,1000,4.343155e-05
6007,119.657541,1000,4.343156e-05
6008,119.677460,1000,4.343156e-05
6009,119.697380,1000,4.343157e-05
6010,119.717300,1000,4.343158e-05
6011,119.737220,1000,4.343159e-05
6012,119.757139,1000,4.343160e-05
6013,119.777059,1000,4.343160e-05
6014,119.796979,1000,4.343161e-05
6015,119.816898,1000,4.343162e-05
6016,119.836818,1000,4.343163e-05
6017,119.856738,1000,4.343164e-05
6018,119.876657,1000,4.343165e-05
6019,119.896577,1000,4.343165e-05
6020,119.916497,1000,4.343166e-05
6021,119.936416,1000,4.343167e-05
6022,119.956336,1000,4.343168e-05
6023,119.976256,1000,4.343169e-05
6024,119.996175,1000,4.343169e-05
6025,120.016095,1000,4.343170e-05
6026,120.036015,1000,4.343171e-05
6027,120.055934,1000,4.343172e-05
6028,120.075854,1000,4.343173e-05
6029,120.095774,1000,4.343174e-05
6030,120.115694,1000,4.343174e-05
6031,120.135613,1000,4.343175e-05
6032,120.155533,1000,4.343176e-05
6033,120.175453,1000,4.343177e-05
6034,120.195372,1000,4.343178e-05
6035,120.215292,1000,4.343179e-05
6036,120.235212,1000,4.343179e-05
6037,120.255131,1000,4.343180e-05
6038,120.275051,1000,4.343181e-05
6039,120.294971,1000,4.343182e-05
6040,120.314890,1000,4.343183e-05
6041,120.334810,1000,4.343183e-05
6042,120.354730,1000,4.343184e-05
6043,120.374649,1000,4.343185e-05
6044,120.394569,1000,4.343186e-05
6045,120.414489,1000,4.343187e-05
6046,120.434408,1000,4.343188e-05
6047,120.454328,1000,4.343188e-05
6048,120.474248,1000,4.343189e-05
6049,120.494168,1000,4.343190e-05
6050,120.514087,1000,4.343191e-05
6051,120.534007,1000,4.343192e-05
6052,120.553927,1000,4.343192e-05
6053,120.573846,1000,4.343193e-05
6054,120.593766,1000,4.343194e-05
6055,120.613686,1000,4.343195e-05
6056,120.633605,1000,4.343196e-05
6057,120.653525,1000,4.343197e-05
6058,120.673445,1000,4.343197e-05
6059,120.693364,1000,4.343198e-05
6060,120.713284,1000,4.343199e-05
6061,120.733204,1000,4.343200e-05
6062,120.753123,1000,4.343201e-05
6063,120.773043,1000,4.343202e-05
6064,120.792963,1000,4.343202e-05
6065,120.812882,1000,4.343203e-05
6066,120.832802,1000,4.343204e-05
6067,120.852722,1000,4.343205e-05
6068,120.872642,1000,4.343206e-05
6069,120.892561,1000,4.343206e-05
6070,120.912481,1000,4.343207e-05
6071,120.932401,1000,4.343208e-05
6072,120.952320,1000,4.343209e-05
6073,120.972240,1000,4.343210e-05
6074,120.992160,1000,4.343211e-05
6075,121.012079,1000,4.343211e-05
6076,121.031999,1000,4.343212e-05
6077,121.051919,1000,4.343213e-05
6078,121.071838,1000,4.343214e-05
6079,121.091758,1000,4.343215e-05
6080,121.111678,1000,4.343215e-05
6081,121.131597,1000,4.343216e-05
6082,121.151517,1000,4.343217e-05
6083,121.171437,1000,4.343218e-05
6084,121.191356,1000,4.343219e-05
6085,121.211276,1000,4.343220e-05
6086,121.231196,1000,4.343220e-05
6087,121.251116,1000,4.343221e-05
6088,121.271035,1000,4.343222e-05
6089,121.290955,1000,4.343223e-05
6090,121.310875,1000,4.343224e-05
6091,121.330794,1000,4.343225e-05
6092,121.350714,1000,4.343225e-05
6093,121.370634,1000,4.343226e-05
6094,121.390553,1000,4.343227e-05
6095,121.410473,1000,4.343228e-05
6096,121.430393,1000,4.343229e-05
6097,121.450312,1000,4.343229e-05
6098,121.470232,1000,4.343230e-05
6099,121.490152,1000,4.343231e-05
6100,121.510071,1000,4.343232e-05
6101,121.529991,1000,4.343233e-05
6102,121.549911,1000,4.343234e-05
6103,121.569830,1000,4.343234e-05
6104,121.589750,1000,4.343235e-05
6105,121.609670,1000,4.343236e-05
6106,121.629589,1000,4.343237e-05
6107,121.649509,1000,4.343238e-05
6108,121.669429,1000,4.343238e-05
6109,121.689349,1000,4.343239e-05
6110,121.709268,1000,4.343240e-05
6111,121.729188,1000,4.343241e-05
6112,121.749108,1000,4.343242e-05
6113,121.769027,1000,4.343243e-05
6114,121.788947,1000,4.343243e-05
6115,121.808867,1000,4.343244e-05
6116,121.828786,1000,4.343245e-05
6117,121.848706,1000,4.343246e-05
6118,121.868626,1000,4.343247e-05
6119,121.888545,1000,4.343248e-05
6120,121.908465,1000,4.343248e-05
6121,121.928385,1000,4.343249e-05
6122,121.948304,1000,4.343250e-05
6123,121.968224,1000,4.343251e-05
6124,121.988144,1000,4.343252e-05
6125,122.008063,1000,4.343252e-05
6126,122.027983,1000,4.343253e-05
6127,122.047903,1000,4.343254e-05
6128,122.067823,1000,4.343255e-05
6129,122.087742,1000,4.343256e-05
6130,122.107662,1000,4.343257e-05
6131,122.127582,1000,4.343257e-05
6132,122.147501,1000,4.343258e-05
6133,122.167421,1000,4.343259e-05
6134,122.187341,1000,4.343260e-05
6135,122.207260,1000,4.343261e-05
6136,122.227180,1000,4.343261e-05
6137,122.247100,1000,4.343262e-05
6138,122.267019,1000,4.343263e-05
6139,122.286939,1000,4.343264e-05
6140,122.306859,1000,4.343265e-05
6141,122.326778,1000,4.343266e-05
6142,122.346698,1000,4.343266e-05
6143,122.366618,1000,4.343267e-05
6144,122.386537,1000,4.343268e-05
6145,122.406457,1000,4.343269e-05
6146,122.426377,1000,4.343270e-05
6147,122.446297,1000,4.343271e-05
6148,122.466216,1000,4.343271e-05
6149,122.486136,1000,4.343272e-05
6150,122.506056,1000,4.343273e-05
6151,122.525975,1000,4.343274e-05
6152,122.545895,1000,4.343275e-05
6153,122.565815,1000,4.343275e-05
6154,122.585734,1000,4.343276e-05
6155,122.605654,1000,4.343277e-05
6156,122.625574,1000,4.343278e-05
6157,122.645493,1000,4.343279e-05
6158,122.665413,1000,4.343280e-05
6159,122.685333,1000,4.343280e-05
6160,122.705252,1000,4.343281e-05
6161,122.725172,1000,4.343282e-05
6162,122.745092,1000,4.343283e-05
6163,122.765011,1000,4.343284e-05
6164,122.784931,1000,4.343284e-05
6165,122.804851,1000,4.343285e-05
6166,122.824771,1000,4.343286e-05
6167,122.844690,1000,4.343287e-05
6168,122.864610,1000,4.343288e-05
6169,122.884530,1000,4.343289e-05
6170,122.904449,1000,4.343289e-05
6171,122.924369,1000,4.343290e-05
6172,122.944289,1000,4.343291e-05
6173,122.964208,1000,4.343292e-05
6174,122.984128,1000,4.343293e-05
6175,123.004048,1000,4.343293e-05
6176,123.023967,1000,4.343294e-05
6177,123.043887,1000,4.343295e-05
6178,123.063807,1000,4.343296e-05
6179,123.083726,1000,4.343297e-05
6180,123.103646,1000,4.343298e-05
6181,123.123566,1000,4.343298e-05
6182,123.143485,1000,4.343299e-05
6183,123.163405,1000,4.343300e-05
6184,123.183325,1000,4.343301e-05
6185,123.203245,1000,4.343302e-05
6186,123.223164,1000,4.343303e-05
6187,123.243084,1000,4.343303e-05
6188,123.263004,1000,4.343304e-05
6189,123.282923,1000,4.343305e-05
6190,123.302843,1000,4.343306e-05
6191,123.322763,1000,4.343307e-05
6192,123.342682,1000,4.343307e-05
6193,123.362602,1000,4.343308e-05
6194,123.382522,1000,4.343309e-05
6195,123.402441,1000,4.343310e-05
6196,123.422361,1000,4.343311e-05
6197,123.442281,1000,4.343312e-05
6198,123.462200,1000,4.343312e-05
6199,123.482120,1000,4.343313e-05
6200,123.502040,1000,4.343314e-05
6201,123.521959,1000,4.343315e-05
6202,123.541879,1000,4.343316e-05
6203,123.561799,1000,4.343316e-05
6204,123.581719,1000,4.343317e-05
6205,123.601638,1000,4.343318e-05
6206,123.621558,1000,4.343319e-05
6207,123.641478,1000,4.343320e-05
6208,123.661397,1000,4.343321e-05
6209,123.681317,1000,4.343321e-05
6210,123.701237,1000,4.343322e-05
6211,123.721156,1000,4.343323e-05
6212,123.741076,1000,4.343324e-05
6213,123.760996,1000,4.343325e-05
6214,123.780915,1000,4.343326e-05
6215,123.800835,1000,4.343326e-05
6216,123.820755,1000,4.343327e-05
6217,123.840674,1000,4.343328e-05
6218,123.860594,1000,4.343329e-05
6219,123.880514,1000,4.343330e-05
6220,123.900433,1000,4.343330e-05
6221,123.920353,1000,4.343331e-05
6222,123.940273,1000,4.343332e-05
6223,123.960193,1000,4.343333e-05
6224,123.980112,1000,4.343334e-05
6225,124.000032,1000,4.343335e-05
6226,124.019952,1000,4.343335e-05
6227,124.039871,1000,4.343336e-05
6228,124.059791,1000,4.343337e-05
6229,124.079711,1000,4.343338e-05
6230,124.099630,1000,4.343339e-05
6231,124.119550,1000,4.343339e-05
6232,124.139470,1000,4.343340e-05
6233,124.159389,1000,4.343341e-05
6234,124.179309,1000,4.343342e-05
6235,124.199229,1000,4.343343e-05
6236,124.219148,1000,4.343344e-05
6237,124.239068,1000,4.343344e-05
6238,124.258988,1000,4.343345e-05
6239,124.278907,1000,4.343346e-05
6240,124.298827,1000,4.343347e-05
6241,124.318747,1000,4.343348e-05
6242,124.338666,1000,4.343349e-05
6243,124.358586,1000,4.343349e-05
6244,124.378506,1000,4.343350e-05
6245,124.398426,1000,4.343351e-05
6246,124.418345,1000,4.343352e-05
6247,124.438265,1000,4.343353e-05
6248,124.458185,1000,4.343353e-05
6249,124.478104,1000,4.343354e-05
6250,124.498024,1000,4.343355e-05
6251,124.517944,1000,4.343356e-05
6252,124.537863,1000,4.343357e-05
6253,124.557783,1000,4.343358e-05
6254,124.577703,1000,4.343358e-05
6255,124.597622,1000,4.343359e-05
6256,124.617542,1000,4.343360e-05
6257,124.637462,1000,4.343361e-05
6258,124.657381,1000,4.343362e-05
6259,124.677301,1000,4.343362e-05
6260,124.697221,1000,4.343363e-05
6261,124.717140,1000,4.343364e-05
6262,124.737060,1000,4.343365e-05
6263,124.756980,1000,4.343366e-05
6264,124.776900,1000,4.343367e-05
6265,124.796819,1000,4.343367e-05
6266,124.816739,1000,4.343368e-05
6267,124.836659,1000,4.343369e-05
6268,124.856578,1000,4.343370e-05
6269,124.876498,1000,4.343371e-05
6270,124.896418,1000,4.343371e-05
6271,124.916337,1000,4.343372e-05
6272,124.936257,1000,4.343373e-05
6273,124.956177,1000,4.343374e-05
6274,124.976096,1000,4.343375e-05
6275,124.996016,1000,4.343376e-05
6276,125.015936,1000,4.343376e-05
6277,125.035855,1000,4.343377e-05
6278,125.055775,1000,4.343378e-05
6279,125.075695,1000,4.343379e-05
6280,125.095614,1000,4.343380e-05
6281,125.115534,1000,4.343381e-05
6282,125.135454,1000,4.343381e-05
6283,125.155374,1000,4.343382e-05
6284,125.175293,1000,4.343383e-05
6285,125.195213,1000,4.343384e-05
6286,125.215133,1000,4.343385e-05
6287,125.235052,1000,4.343385e-05
6288,125.254972,1000,4.343386e-05
6289,125.274892,1000,4.343387e-05
6290,125.294811,1000,4.343388e-05
6291,125.314731,1000,4.343389e-05
6292,125.334651,1000,4.343390e-05
6293,125.354570,1000,4.343390e-05
6294,125.374490,1000,4.343391e-05
6295,125.394410,1000,4.343392e-05
6296,125.414329,1000,4.343393e-05
6297,125.434249,1000,4.343394e-05
6298,125.454169,1000,4.343394e-05
6299,125.474088,1000,4.343395e-05
6300,125.494008,1000,4.343396e-05
6301,125.513928,1000,4.343397e-05
6302,125.533848,1000,4.343398e-05
6303,125.553767,1000,4.343399e-05
6304,125.573687,1000,4.343399e-05
6305,125.593607,1000,4.343400e-05
6306,125.613526,1000,4.343401e-05
6307,125.633446,1000,4.343402e-05
6308,125.653366,1000,4.343403e-05
6309,125.673285,1000,4.343404e-05
6310,125.693205,1000,4.343404e-05
6311,125.713125,1000,4.343405e-05
6312,125.733044,1000,4.343406e-05
6313,125.752964,1000,4.343407e-05
6314,125.772884,1000,4.343408e-05
6315,125.792803,1000,4.343408e-05
6316,125.812723,1000,4.343409e-05
6317,125.832643,1000,4.343410e-05
6318,125.852562,1000,4.343411e-05
6319,125.872482,1000,4.343412e-05
6320,125.892402,1000,4.343413e-05
6321,125.912322,1000,4.343413e-05
6322,125.932241,1000,4.343414e-05
6323,125.952161,1000,4.343415e-05
6324,125.972081,1000,4.343416e-05
6325,125.992000,1000,4.343417e-05
6326,126.011920,1000,4.343417e-05
6327,126.031840,1000,4.343418e-05
6328,126.051759,1000,4.343419e-05
6329,126.071679,1000,4.343420e-05
6330,126.091599,1000,4.343421e-05
6331,126.111518,1000,4.343422e-05
6332,126.131438,1000,4.343422e-05
6333,126.151358,1000,4.343423e-05
6334,126.171277,1000,4.343424e-05
6335,126.191197,1000,4.343425e-05
6336,126.211117,1000,4.343426e-05
6337,126.231036,1000,4.343426e-05
6338,126.250956,1000,4.343427e-05
6339,126.270876,1000,4.343428e-05
6340,126.290796,1000,4.343429e-05
6341,126.310715,1000,4.343430e-05
6342,126.330635,1000,4.343431e-05
6343,126.350555,1000,4.343431e-05
6344,126.370474,1000,4.343432e-05
6345,126.390394,1000,4.343433e-05
6346,126.410314,1000,4.343434e-05
6347,126.430233,1000,4.343435e-05
6348,126.450153,1000,4.343436e-05
6349,126.470073,1000,4.343436e-05
6350,126.489992,1000,4.343437e-05
6351,126.509912,1000,4.343438e-05
6352,126.529832,1000,4.343439e-05
6353,126.549751,1000,4.343440e-05
6354,126.569671,1000,4.343440e-05
6355,126.589591,1000,4.343441e-05
6356,126.609510,1000,4.343442e-05
6357,126.629430,1000,4.343443e-05
6358,126.649350,1000,4.343444e-05
6359,126.669270,1000,4.343445e-05
6360,126.689189,1000,4.343445e-05
6361,126.709109,1000,4.343446e-05
6362,126.729029,1000,4.343447e-05
6363,126.748948,1000,4.343448e-05
6364,126.768868,1000,4.343449e-05
6365,126.788788,1000,4.343449e-05
6366,126.808707,1000,4.343450e-05
6367,126.828627,1000,4.343451e-05
6368,126.848547,1000,4.343452e-05
6369,126.868466,1000,4.343453e-05
6370,126.888386,1000,4.343454e-05
6371,126.908306,1000,4.343454e-05
6372,126.928225,1000,4.343455e-05
6373,126.948145,1000,4.343456e-05
6374,126.968065,1000,4.343457e-05
6375,126.987984,1000,4.343458e-05
6376,127.007904,1000,4.343458e-05
6377,127.027824,1000,4.343459e-05
6378,127.047743,1000,4.343460e-05
6379,127.067663,1000,4.343461e-05
6380,127.087583,1000,4.343462e-05
6381,127.107503,1000,4.343463e-05
6382,127.127422,1000,4.343463e-05
6383,127.147342,1000,4.343464e-05
6384,127.167262,1000,4.343465e-05
6385,127.187181,1000,4.343466e-05
6386,127.207101,1000,4.343467e-05
6387,127.227021,1000,4.343468e-05
6388,127.246940,1000,4.343468e-05
6389,127.266860,1000,4.343469e-05
6390,127.286780,1000,4.343470e-05
6391,127.306699,1000,4.343471e-05
6392,127.326619,1000,4.343472e-05
6393,127.346539,1000,4.343472e-05
6394,127.366458,1000,4.343473e-05
6395,127.386378,1000,4.343474e-05
6396,127.406298,1000,4.343475e-05
6397,127.426217,1000,4.343476e-05
6398,127.446137,1000,4.343477e-05
6399,127.466057,1000,4.343477e-05
6400,127.485977,1000,4.343478e-05
6401,127.505896,1000,4.343479e-05
6402,127.525816,1000,4.343480e-05
6403,127.545736,1000,4.343481e-05
6404,127.565655,1000,4.343481e-05
6405,127.585575,1000,4.343482e-05
6406,127.605495,1000,4.343483e-05
6407,127.625414,1000,4.343484e-05
6408,127.645334,1000,4.343485e-05
6409,127.665254,1000,4.343486e-05
6410,127.685173,1000,4.343486e-05
6411,127.705093,1000,4.343487e-05
6412,127.725013,1000,4.343488e-05
6413,127.744932,1000,4.343489e-05
6414,127.764852,1000,4.343490e-05
6415,127.784772,1000,4.343490e-05
6416,127.804691,1000,4.343491e-05
6417,127.824611,1000,4.343492e-05
6418,127.844531,1000,4.343493e-05
6419,127.864451,1000,4.343494e-05
6420,127.884370,1000,4.343495e-05
6421,127.904290,1000,4.343495e-05
6422,127.924210,1000,4.343496e-05
6423,127.944129,1000,4.343497e-05
6424,127.964049,1000,4.343498e-05
6425,127.983969,1000,4.343499e-05
6426,128.003888,1000,4.343500e-05
6427,128.023808,1000,4.343500e-05
6428,128.043728,1000,4.343501e-05
6429,128.063647,1000,4.343502e-05
6430,128.083567,1000,4.343503e-05
6431,128.103487,1000,4.343504e-05
6432,128.123406,1000,4.343504e-05
6433,128.143326,1000,4.343505e-05
6434,128.163246,1000,4.343506e-05
6435,128.183165,1000,4.343507e-05
6436,128.203085,1000,4.343508e-05
6437,128.223005,1000,4.343509e-05
6438,128.242925,1000,4.343509e-05
6439,128.262844,1000,4.343510e-05
6440,128.282764,1000,4.343511e-05
6441,128.302684,1000,4.343512e-05
6442,128.322603,1000,4.343513e-05
6443,128.342523,1000,4.343513e-05
6444,128.362443,1000,4.343514e-05
6445,128.382362,1000,4.343515e-05
6446,128.402282,1000,4.343516e-05
6447,128.422202,1000,4.343517e-05
6448,128.442121,1000,4.343518e-05
6449,128.462041,1000,4.343518e-05
6450,128.481961,1000,4.343519e-05
6451,128.501880,1000,4.343520e-05
6452,128.521800,1000,4.343521e-05
6453,128.541720,1000,4.343522e-05
6454,128.561639,1000,4.343522e-05
6455,128.581559,1000,4.343523e-05
6456,128.601479,1000,4.343524e-05
6457,128.621399,1000,4.343525e-05
6458,128.641318,1000,4.343526e-05
6459,128.661238,1000,4.343527e-05
6460,128.681158,1000,4.343527e-05
6461,128.701077,1000,4.343528e-05
6462,128.720997,1000,4.343529e-05
6463,128.740917,1000,4.343530e-05
6464,128.760836,1000,4.343531e-05
6465,128.780756,1000,4.343532e-05
6466,128.800676,1000,4.343532e-05
6467,128.820595,1000,4.343533e-05
6468,128.840515,1000,4.343534e-05
6469,128.860435,1000,4.343535e-05
6470,128.880354,1000,4.343536e-05
6471,128.900274,1000,4.343536e-05
6472,128.920194,1000,4.343537e-05
6473,128.940113,1000,4.343538e-05
6474,128.960033,1000,4.343539e-05
6475,128.979953,1000,4.343540e-05
6476,128.999873,1000,4.343541e-05
6477,129.019792,1000,4.343541e-05
6478,129.039712,1000,4.343542e-05
6479,129.059632,1000,4.343543e-05
6480,129.079551,1000,4.343544e-05
6481,129.099471,1000,4.343545e-05
6482,129.119391,1000,4.343545e-05
6483,129.139310,1000,4.343546e-05
6484,129.159230,1000,4.343547e-05
6485,129.179150,1000,4.343548e-05
6486,129.199069,1000,4.343549e-05
6487,129.218989,1000,4.343550e-05
6488,129.238909,1000,4.343550e-05
6489,129.258828,1000,4.343551e-05
6490,129.278748,1000,4.343552e-05
6491,129.298668,1000,4.343553e-05
6492,129.318587,1000,4.343554e-05
6493,129.338507,1000,4.343554e-05
6494,129.358427,1000,4.343555e-05
6495,129.378347,1000,4.343556e-05
6496,129.398266,1000,4.343557e-05
6497,129.418186,1000,4.343558e-05
6498,129.438106,1000,4.343559e-05
6499,129.458025,1000,4.343559e-05
6500,129.477945,1000,4.343560e-05
6501,129.497865,1000,4.343561e-05
6502,129.517784,1000,4.343562e-05
6503,129.537704,1000,4.343563e-05
6504,129.557624,1000,4.343564e-05
6505,129.577543,1000,4.343564e-05
6506,129.597463,1000,4.343565e-05
6507,129.617383,1000,4.343566e-05
6508,129.637302,1000,4.343567e-05
6509,129.657222,1000,4.343568e-05
6510,129.677142,1000,4.343568e-05
6511,129.697061,1000,4.343569e-05
6512,129.716981,1000,4.343570e-05
6513,129.736901,1000,4.343571e-05
6514,129.756820,1000,4.343572e-05
6515,129.776740,1000,4.343573e-05
6516,129.796660,1000,4.343573e-05
6517,129.816580,1000,4.343574e-05
6518,129.836499,1000,4.343575e-05
6519,129.856419,1000,4.343576e-05
6520,129.876339,1000,4.343577e-05
6521,129.896258,1000,4.343577e-05
6522,129.916178,1000,4.343578e-05
6523,129.936098,1000,4.343579e-05
6524,129.956017,1000,4.343580e-05
6525,129.975937,1000,4.343581e-05
6526,129.995857,1000,4.343582e-05
6527,130.015776,1000,4.343582e-05
6528,130.035696,1000,4.343583e-05
6529,130.055616,1000,4.343584e-05
6530,130.075535,1000,4.343585e-05
6531,130.095455,1000,4.343586e-05
6532,130.115375,1000,4.343586e-05
6533,130.135294,1000,4.343587e-05
6534,130.155214,1000,4.343588e-05
6535,130.175134,1000,4.343589e-05
6536,130.195054,1000,4.343590e-05
6537,130.214973,1000,4.343591e-05
6538,130.234893,1000,4.343591e-05
6539,130.254813,1000,4.343592e-05
6540,130.274732,1000,4.343593e-05
6541,130.294652,1000,4.343594e-05
6542,130.314572,1000,4.343595e-05
6543,130.334491,1000,4.343595e-05
6544,130.354411,1000,4.343596e-05
6545,130.374331,1000,4.343597e-05
6546,130.394250,1000,4.343598e-05
6547,130.414170,1000,4.343599e-05
6548,130.434090,1000,4.343600e-05
6549,130.454009,1000,4.343600e-05
6550,130.473929,1000,4.343601e-05
6551,130.493849,1000,4.343602e-05
6552,130.513768,1000,4.343603e-05
6553,130.533688,1000,4.343604e-05
6554,130.553608,1000,4.343605e-05
6555,130.573528,1000,4.343605e-05
6556,130.593447,1000,4.343606e-05
6557,130.613367,1000,4.343607e-05
6558,130.633287,1000,4.343608e-05
6559,130.653206,1000,4.343609e-05
6560,130.673126,1000,4.343609e-05
6561,130.693046,1000,4.343610e-05
6562,130.712965,1000,4.343611e-05
6563,130.732885,1000,4.343612e-05
6564,130.752805,1000,4.343613e-05
6565,130.772724,1000,4.343614e-05
6566,130.792644,1000,4.343614e-05
6567,130.812564,1000,4.343615e-05
6568,130.832483,1000,4.343616e-05
6569,130.852403,1000,4.343617e-05
6570,130.872323,1000,4.343618e-05
6571,130.892242,1000,4.343618e-05
6572,130.912162,1000,4.343619e-05
6573,130.932082,1000,4.343620e-05
6574,130.952002,1000,4.343621e-05
6575,130.971921,1000,4.343622e-05
6576,130.991841,1000,4.343623e-05
6577,131.011761,1000,4.343623e-05
6578,131.031680,1000,4.343624e-05
6579,131.051600,1000,4.343625e-05
6580,131.071520,1000,4.343626e-05
6581,131.091439,1000,4.343627e-05
6582,131.111359,1000,4.343627e-05
6583,131.131279,1000,4.343628e-05
6584,131.151198,1000,4.343629e-05
6585,131.171118,1000,4.343630e-05
6586,131.191038,1000,4.343631e-05
6587,131.210957,1000,4.343632e-05
6588,131.230877,1000,4.343632e-05
6589,131.250797,1000,4.343633e-05
6590,131.270716,1000,4.343634e-05
6591,131.290636,1000,4.343635e-05
6592,131.310556,1000,4.343636e-05
6593,131.330476,1000,4.343636e-05
6594,131.350395,1000,4.343637e-05
6595,131.370315,1000,4.343638e-05
6596,131.390235,1000,4.343639e-05
6597,131.410154,1000,4.343640e-05
6598,131.430074,1000,4.343641e-05
6599,131.449994,1000,4.343641e-05
6600,131.469913,1000,4.343642e-05
6601,131.489833,1000,4.343643e-05
6602,131.509753,1000,4.343644e-05
6603,131.529672,1000,4.343645e-05
6604,131.549592,1000,4.343646e-05
6605,131.569512,1000,4.343646e-05
6606,131.589431,1000,4.343647e-05
6607,131.609351,1000,4.343648e-05
6608,131.629271,1000,4.343649e-05
6609,131.649190,1000,4.343650e-05
6610,131.669110,1000,4.343650e-05
6611,131.689030,1000,4.343651e-05
6612,131.708950,1000,4.343652e-05
6613,131.728869,1000,4.343653e-05
6614,131.748789,1000,4.343654e-05
6615,131.768709,1000,4.343655e-05
6616,131.788628,1000,4.343655e-05
6617,131.808548,1000,4.343656e-05
6618,131.828468,1000,4.343657e-05
6619,131.848387,1000,4.343658e-05
6620,131.868307,1000,4.343659e-05
6621,131.888227,1000,4.343659e-05
6622,131.908146,1000,4.343660e-05
6623,131.928066,1000,4.343661e-05
6624,131.947986,1000,4.343662e-05
6625,131.967905,1000,4.343663e-05
6626,131.987825,1000,4.343664e-05
6627,132.007745,1000,4.343664e-05
6628,132.027664,1000,4.343665e-05
6629,132.047584,1000,4.343666e-05
6630,132.067504,1000,4.343667e-05
6631,132.087424,1000,4.343668e-05
6632,132.107343,1000,4.343668e-05
6633,132.127263,1000,4.343669e-05
6634,132.147183,1000,4.343670e-05
6635,132.167102,1000,4.343671e-05
6636,132.187022,1000,4.343672e-05
6637,132.206942,1000,4.343673e-05
6638,132.226861,1000,4.343673e-05
6639,132.246781,1000,4.343674e-05
6640,132.266701,1000,4.343675e-05
6641,132.286620,1000,4.343676e-05
6642,132.306540,1000,4.343677e-05
6643,132.326460,1000,4.343677e-05
6644,132.346379,1000,4.343678e-05
6645,132.366299,1000,4.343679e-05
6646,132.386219,1000,4.343680e-05
6647,132.406138,1000,4.343681e-05
6648,132.426058,1000,4.343682e-05
6649,132.445978,1000,4.343682e-05
6650,132.465898,1000,4.343683e-05
6651,132.485817,1000,4.343684e-05
6652,132.505737,1000,4.343685e-05
6653,132.525657,1000,4.343686e-05
6654,132.545576,1000,4.343686e-05
6655,132.565496,1000,4.343687e-05
6656,132.585416,1000,4.343688e-05
6657,132.605335,1000,4.343689e-05
6658,132.625255,1000,4.343690e-05
6659,132.645175,1000,4.343691e-05
6660,132.665094,1000,4.343691e-05
6661,132.685014,1000,4.343692e-05
6662,132.704934,1000,4.343693e-05
6663,132.724853,1000,4.343694e-05
6664,132.744773,1000,4.343695e-05
6665,132.764693,1000,4.343696e-05
6666,132.784612,1000,4.343696e-05
6667,132.804532,1000,4.343697e-05
6668,132.824452,1000,4.343698e-05
6669,132.844371,1000,4.343699e-05
6670,132.864291,1000,4.343700e-05
6671,132.884211,1000,4.343700e-05
6672,132.904131,1000,4.343701e-05
6673,132.924050,1000,4.343702e-05
6674,132.943970,1000,4.343703e-05
6675,132.963890,1000,4.343704e-05
6676,132.983809,1000,4.343705e-05
6677,133.003729,1000,4.343705e-05
6678,133.023649,1000,4.343706e-05
6679,133.043568,1000,4.343707e-05
6680,133.063488,1000,4.343708e-05
6681,133.083408,1000,4.343709e-05
6682,133.103327,1000,4.343709e-05
6683,133.123247,1000,4.343710e-05
6684,133.143167,1000,4.343711e-05
6685,133.163086,1000,4.343712e-05
6686,133.183006,1000,4.343713e-05
6687,133.202926,1000,4.343714e-05
6688,133.222845,1000,4.343714e-05
6689,133.242765,1000,4.343715e-05
6690,133.262685,1000,4.343716e-05
6691,133.282605,1000,4.343717e-05
6692,133.302524,1000,4.343718e-05
6693,133.322444,1000,4.343718e-05
6694,133.342364,1000,4.343719e-05
6695,133.362283,1000,4.343720e-05
6696,133.382203,1000,4.343721e-05
6697,133.402123,1000,4.343722e-05
6698,133.422042,1000,4.343723e-05
6699,133.441962,1000,4.343723e-05
6700,133.461882,1000,4.343724e-05
6701,133.481801,1000,4.343725e-05
6702,133.501721,1000,4.343726e-05
6703,133.521641,1000,4.343727e-05
6704,133.541560,1000,4.343727e-05
6705,133.561480,1000,4.343728e-05
6706,133.581400,1000,4.343729e-05
6707,133.601319,1000,4.343730e-05
6708,133.621239,1000,4.343731e-05
6709,133.641159,1000,4.343732e-05
6710,133.661079,1000,4.343732e-05
6711,133.680998,1000,4.343733e-05
6712,133.700918,1000,4.343734e-05
6713,133.720838,1000,4.343735e-05
6714,133.740757,1000,4.343736e-05
6715,133.760677,1000,4.343736e-05
6716,133.780597,1000,4.343737e-05
6717,133.800516,1000,4.343738e-05
6718,133.820436,1000,4.343739e-05
6719,133.840356,1000,4.343740e-05
6720,133.860275,1000,4.343741e-05
6721,133.880195,1000,4.343741e-05
6722,133.900115,1000,4.343742e-05
6723,133.920034,1000,4.343743e-05
6724,133.939954,1000,4.343744e-05
6725,133.959874,1000,4.343745e-05
6726,133.979793,1000,4.343746e-05
6727,133.999713,1000,4.343746e-05
6728,134.019633,1000,4.343747e-05
6729,134.039553,1000,4.343748e-05
6730,134.059472,1000,4.343749e-05
6731,134.079392,1000,4.343750e-05
6732,134.099312,1000,4.343750e-05
6733,134.119231,1000,4.343751e-05
6734,134.139151,1000,4.343752e-05
6735,134.159071,1000,4.343753e-05
6736,134.178990,1000,4.343754e-05
6737,134.198910,1000,4.343755e-05
6738,134.218830,1000,4.343755e-05
6739,134.238749,1000,4.343756e-05
6740,134.258669,1000,4.343757e-05
6741,134.278589,1000,4.343758e-05
6742,134.298508,1000,4.343759e-05
6743,134.318428,1000,4.343759e-05
6744,134.338348,1000,4.343760e-05
6745,134.358267,1000,4.343761e-05
6746,134.378187,1000,4.343762e-05
6747,134.398107,1000,4.343763e-05
6748,134.418027,1000,4.343764e-05
6749,134.437946,1000,4.343764e-05
6750,134.457866,1000,4.343765e-05
6751,134.477786,1000,4.343766e-05
6752,134.497705,1000,4.343767e-05
6753,134.517625,1000,4.343768e-05
6754,134.537545,1000,4.343768e-05
6755,134.557464,1000,4.343769e-05
6756,134.577384,1000,4.343770e-05
6757,134.597304,1000,4.343771e-05
6758,134.617223,1000,4.343772e-05
6759,134.637143,1000,4.343773e-05
6760,134.657063,1000,4.343773e-05
6761,134.676982,1000,4.343774e-05
6762,134.696902,1000,4.343775e-05
6763,134.716822,1000,4.343776e-05
6764,134.736741,1000,4.343777e-05
6765,134.756661,1000,4.343777e-05
6766,134.776581,1000,4.343778e-05
6767,134.796501,1000,4.343779e-05
6768,134.816420,1000,4.343780e-05
6769,134.836340,1000,4.343781e-05
6770,134.856260,1000,4.343782e-05
6771,134.876179,1000,4.343782e-05
6772,134.896099,1000,4.343783e-05
6773,134.916019,1000,4.343784e-05
6774,134.935938,1000,4.343785e-05
6775,134.955858,1000,4.343786e-05
6776,134.975778,1000,4.343786e-05
6777,134.995697,1000,4.343787e-05
6778,135.015617,1000,4.343788e-05
6779,135.035537,1000,4.343789e-05
6780,135.055456,1000,4.343790e-05
6781,135.075376,1000,4.343791e-05
6782,135.095296,1000,4.343791e-05
6783,135.115215,1000,4.343792e-05
6784,135.135135,1000,4.343793e-05
6785,135.155055,1000,4.343794e-05
6786,135.174975,1000,4.343795e-05
6787,135.194894,1000,4.343796e-05
6788,135.214814,1000,4.343796e-05
6789,135.234734,1000,4.343797e-05
6790,135.254653,1000,4.343798e-05
6791,135.274573,1000,4.343799e-05
6792,135.294493,1000,4.343800e-05
6793,135.314412,1000,4.343800e-05
6794,135.334332,1000,4.343801e-05
6795,135.354252,1000,4.343802e-05
6796,135.374171,1000,4.343803e-05
6797,135.394091,1000,4.343804e-05
6798,135.414011,1000,4.343805e-05
6799,135.433930,1000,4.343805e-05
6800,135.453850,1000,4.343806e-05
6801,135.473770,1000,4.343807e-05
6802,135.493689,1000,4.343808e-05
6803,135.513609,1000,4.343809e-05
6804,135.533529,1000,4.343809e-05
6805,135.553448,1000,4.343810e-05
6806,135.573368,1000,4.343811e-05
6807,135.593288,1000,4.343812e-05
6808,135.613208,1000,4.343813e-05
6809,135.633127,1000,4.343814e-05
6810,135.653047,1000,4.343814e-05
6811,135.672967,1000,4.343815e-05
6812,135.692886,1000,4.343816e-05
6813,135.712806,1000,4.343817e-05
6814,135.732726,1000,4.343818e-05
6815,135.752645,1000,4.343818e-05
6816,135.772565,1000,4.343819e-05
6817,135.792485,1000,4.343820e-05
6818,135.812404,1000,4.343821e-05
6819,135.832324,1000,4.343822e-05
6820,135.852244,1000,4.343823e-05
6821,135.872163,1000,4.343823e-05
6822,135.892083,1000,4.343824e-05
6823,135.912003,1000,4.343825e-05
6824,135.931922,1000,4.343826e-05
6825,135.951842,1000,4.343827e-05
6826,135.971762,1000,4.343827e-05
6827,135.991682,1000,4.343828e-05
6828,136.011601,1000,4.343829e-05
6829,136.031521,1000,4.343830e-05
6830,136.051441,1000,4.343831e-05
6831,136.071360,1000,4.343832e-05
6832,136.091280,1000,4.343832e-05
6833,136.111200,1000,4.343833e-05
6834,136.131119,1000,4.343834e-05
6835,136.151039,1000,4.343835e-05
6836,136.170959,1000,4.343836e-05
6837,136.190878,1000,4.343836e-05
6838,136.210798,1000,4.343837e-05
6839,136.230718,1000,4.343838e-05
6840,136.250637,1000,4.343839e-05
6841,136.270557,1000,4.343840e-05
6842,136.290477,1000,4.343841e-05
6843,136.310396,1000,4.343841e-05
6844,136.330316,1000,4.343842e-05
6845,136.350236,1000,4.343843e-05
6846,136.370156,1000,4.343844e-05
6847,136.390075,1000,4.343845e-05
6848,136.409995,1000,4.343845e-05
6849,136.429915,1000,4.343846e-05
6850,136.449834,1000,4.343847e-05
6851,136.469754,1000,4.343848e-05
6852,136.489674,1000,4.343849e-05
6853,136.509593,1000,4.343850e-05
6854,136.529513,1000,4.343850e-05
6855,136.549433,1000,4.343851e-05
6856,136.569352,1000,4.343852e-05
6857,136.589272,1000,4.343853e-05
6858,136.609192,1000,4.343854e-05
6859,136.629111,1000,4.343854e-05
6860,136.649031,1000,4.343855e-05
6861,136.668951,1000,4.343856e-05
6862,136.688870,1000,4.343857e-05
6863,136.708790,1000,4.343858e-05
6864,136.728710,1000,4.343859e-05
6865,136.748630,1000,4.343859e-05
6866,136.768549,1000,4.343860e-05
6867,136.788469,1000,4.343861e-05
6868,136.808389,1000,4.343862e-05
6869,136.828308,1000,4.343863e-05
6870,136.848228,1000,4.343864e-05
6871,136.868148,1000,4.343864e-05
6872,136.888067,1000,4.343865e-05
6873,136.907987,1000,4.343866e-05
6874,136.927907,1000,4.343867e-05
6875,136.947826,1000,4.343868e-05
6876,136.967746,1000,4.343868e-05
6877,136.987666,1000,4.343869e-05
6878,137.007585,1000,4.343870e-05
6879,137.027505,1000,4.343871e-05
6880,137.047425,1000,4.343872e-05
6881,137.067344,1000,4.343873e-05
6882,137.087264,1000,4.343873e-05
6883,137.107184,1000,4.343874e-05
6884,137.127104,1000,4.343875e-05
6885,137.147023,1000,4.343876e-05
6886,137.166943,1000,4.343877e-05
6887,137.186863,1000,4.343877e-05
6888,137.206782,1000,4.343878e-05
6889,137.226702,1000,4.343879e-05
6890,137.246622,1000,4.343880e-05
6891,137.266541,1000,4.343881e-05
6892,137.286461,1000,4.343882e-05
6893,137.306381,1000,4.343882e-05
6894,137.326300,1000,4.343883e-05
6895,137.346220,1000,4.343884e-05
6896,137.366140,1000,4.343885e-05
6897,137.386059,1000,4.343886e-05
6898,137.405979,1000,4.343886e-05
6899,137.425899,1000,4.343887e-05
6900,137.445818,1000,4.343888e-05
6901,137.465738,1000,4.343889e-05
6902,137.485658,1000,4.343890e-05
6903,137.505578,1000,4.343891e-05
6904,137.525497,1000,4.343891e-05
6905,137.545417,1000,4.343892e-05
6906,137.565337,1000,4.343893e-05
6907,137.585256,1000,4.343894e-05
6908,137.605176,1000,4.343895e-05
6909,137.625096,1000,4.343895e-05
6910,137.645015,1000,4.343896e-05
6911,137.664935,1000,4.343897e-05
6912,137.684855,1000,4.343898e-05
6913,137.704774,1000,4.343899e-05
6914,137.724694,1000,4.343900e-05
6915,137.744614,1000,4.343900e-05
6916,137.764533,1000,4.343901e-05
6917,137.784453,1000,4.343902e-05
6918,137.804373,1000,4.343903e-05
6919,137.824292,1000,4.343904e-05
6920,137.844212,1000,4.343904e-05
6921,137.864132,1000,4.343905e-05
6922,137.884052,1000,4.343906e-05
6923,137.903971,1000,4.343907e-05
6924,137.923891,1000,4.343908e-05
6925,137.943811,1000,4.343909e-05
6926,137.963730,1000,4.343909e-05
6927,137.983650,1000,4.343910e-05
6928,138.003570,1000,4.343911e-05
6929,138.023489,1000,4.343912e-05
6930,138.043409,1000,4.343913e-05
6931,138.063329,1000,4.343913e-05
6932,138.083248,1000,4.343914e-05
6933,138.103168,1000,4.343915e-05
6934,138.123088,1000,4.343916e-05
6935,138.143007,1000,4.343917e-05
6936,138.162927,1000,4.343918e-05
6937,138.182847,1000,4.343918e-05
6938,138.202766,1000,4.343919e-05
6939,138.222686,1000,4.343920e-05
6940,138.242606,1000,4.343921e-05
6941,138.262525,1000,4.343922e-05
6942,138.282445,1000,4.343922e-05
6943,138.302365,1000,4.343923e-05
6944,138.322285,1000,4.343924e-05
6945,138.342204,1000,4.343925e-05
6946,138.362124,1000,4.343926e-05
6947,138.382044,1000,4.343927e-05
6948,138.401963,1000,4.343927e-05
6949,138.421883,1000,4.343928e-05
6950,138.441803,1000,4.343929e-05
6951,138.461722,1000,4.343930e-05
6952,138.481642,1000,4.343931e-05
6953,138.501562,1000,4.343931e-05
6954,138.521481,1000,4.343932e-05
6955,138.541401,1000,4.343933e-05
6956,138.561321,1000,4.343934e-05
6957,138.581240,1000,4.343935e-05
6958,138.601160,1000,4.343936e-05
6959,138.621080,1000,4.343936e-05
6960,138.640999,1000,4.343937e-05
6961,138.660919,1000,4.343938e-05
6962,138.680839,1000,4.343939e-05
6963,138.700759,1000,4.343940e-05
6964,138.720678,1000,4.343940e-05
6965,138.740598,1000,4.343941e-05
6966,138.760518,1000,4.343942e-05
6967,138.780437,1000,4.343943e-05
6968,138.800357,1000,4.343944e-05
6969,138.820277,1000,4.343945e-05
6970,138.840196,1000,4.343945e-05
6971,138.860116,1000,4.343946e-05
6972,138.880036,1000,4.343947e-05
6973,138.899955,1000,4.343948e-05
6974,138.919875,1000,4.343949e-05
6975,138.939795,1000,4.343949e-05
6976,138.959714,1000,4.343950e-05
6977,138.979634,1000,4.343951e-05
6978,138.999554,1000,4.343952e-05
6979,139.019473,1000,4.343953e-05
6980,139.039393,1000,4.343954e-05
6981,139.059313,1000,4.343954e-05
6982,139.079233,1000,4.343955e-05
6983,139.099152,1000,4.343956e-05
6984,139.119072,1000,4.343957e-05
6985,139.138992,1000,4.343958e-05
6986,139.158911,1000,4.343959e-05
6987,139.178831,1000,4.343959e-05
6988,139.198751,1000,4.343960e-05
6989,139.218670,1000,4.343961e-05
6990,139.238590,1000,4.343962e-05
6991,139.258510,1000,4.343963e-05
6992,139.278429,1000,4.343963e-05
6993,139.298349,1000,4.343964e-05
6994,139.318269,1000,4.343965e-05
6995,139.338188,1000,4.343966e-05
6996,139.358108,1000,4.343967e-05
6997,139.378028,1000,4.343968e-05
6998,139.397947,1000,4.343968e-05
6999,139.417867,1000,4.343969e-05
7000,139.437787,1000,4.343970e-05
7001,139.457707,1000,4.343971e-05
7002,139.477626,1000,4.343972e-05
7003,139.497546,1000,4.343972e-05
7004,139.517466,1000,4.343973e-05
7005,139.537385,1000,4.343974e-05
7006,139.557305,1000,4.343975e-05
7007,139.577225,1000,4.343976e-05
7008,139.597144,1000,4.343977e-05
7009,139.617064,1000,4.343977e-05
7010,139.636984,1000,4.343978e-05
7011,139.656903,1000,4.343979e-05
7012,139.676823,1000,4.343980e-05
7013,139.696743,1000,4.343981e-05
7014,139.716662,1000,4.343981e-05
7015,139.736582,1000,4.343982e-05
7016,139.756502,1000,4.343983e-05
7017,139.776421,1000,4.343984e-05
7018,139.796341,1000,4.343985e-05
7019,139.816261,1000,4.343986e-05
7020,139.836181,1000,4.343986e-05
7021,139.856100,1000,4.343987e-05
7022,139.876020,1000,4.343988e-05
7023,139.895940,1000,4.343989e-05
7024,139.915859,1000,4.343990e-05
7025,139.935779,1000,4.343990e-05
7026,139.955699,1000,4.343991e-05
7027,139.975618,1000,4.343992e-05
7028,139.995538,1000,4.343993e-05
7029,140.015458,1000,4.343994e-05
7030,140.035377,1000,4.343995e-05
7031,140.055297,1000,4.343995e-05
7032,140.075217,1000,4.343996e-05
7033,140.095136,1000,4.343997e-05
7034,140.115056,1000,4.343998e-05
7035,140.134976,1000,4.343999e-05
7036,140.154895,1000,4.343999e-05
7037,140.174815,1000,4.344000e-05
7038,140.194735,1000,4.344001e-05
7039,140.214655,1000,4.344002e-05
7040,140.234574,1000,4.344003e-05
7041,140.254494,1000,4.344004e-05
7042,140.274414,1000,4.344004e-05
7043,140.294333,1000,4.344005e-05
7044,140.314253,1000,4.344006e-05
7045,140.334173,1000,4.344007e-05
7046,140.354092,1000,4.344008e-05
7047,140.374012,1000,4.344008e-05
7048,140.393932,1000,4.344009e-05
7049,140.413851,1000,4.344010e-05
7050,140.433771,1000,4.344011e-05
7051,140.453691,1000,4.344012e-05
7052,140.473610,1000,4.344013e-05
7053,140.493530,1000,4.344013e-05
7054,140.513450,1000,4.344014e-05
7055,140.533369,1000,4.344015e-05
7056,140.553289,1000,4.344016e-05
7057,140.573209,1000,4.344017e-05
7058,140.593129,1000,4.344017e-05
7059,140.613048,1000,4.344018e-05
7060,140.632968,1000,4.344019e-05
7061,140.652888,1000,4.344020e-05
7062,140.672807,1000,4.344021e-05
7063,140.692727,1000,4.344022e-05
7064,140.712647,1000,4.344022e-05
7065,140.732566,1000,4.344023e-05
7066,140.752486,1000,4.344024e-05
7067,140.772406,1000,4.344025e-05
7068,140.792325,1000,4.344026e-05
7069,140.812245,1000,4.344026e-05
7070,140.832165,1000,4.344027e-05
7071,140.852084,1000,4.344028e-05
7072,140.872004,1000,4.344029e-05
7073,140.891924,1000,4.344030e-05
7074,140.911843,1000,4.344031e-05
7075,140.931763,1000,4.344031e-05
7076,140.951683,1000,4.344032e-05
7077,140.971602,1000,4.344033e-05
7078,140.991522,1000,4.344034e-05
7079,141.011442,1000,4.344035e-05
7080,141.031362,1000,4.344035e-05
7081,141.051281,1000,4.344036e-05
7082,141.071201,1000,4.344037e-05
7083,141.091121,1000,4.344038e-05
7084,141.111040,1000,4.344039e-05
7085,141.130960,1000,4.344040e-05
7086,141.150880,1000,4.344040e-05
7087,141.170799,1000,4.344041e-05
7088,141.190719,1000,4.344042e-05
7089,141.210639,1000,4.344043e-05
7090,141.230558,1000,4.344044e-05
7091,141.250478,1000,4.344044e-05
7092,141.270398,1000,4.344045e-05
7093,141.290317,1000,4.344046e-05
7094,141.310237,1000,4.344047e-05
7095,141.330157,1000,4.344048e-05
7096,141.350076,1000,4.344049e-05
7097,141.369996,1000,4.344049e-05
7098,141.389916,1000,4.344050e-05
7099,141.409836,1000,4.344051e-05
7100,141.429755,1000,4.344052e-05
7101,141.449675,1000,4.344053e-05
7102,141.469595,1000,4.344053e-05
7103,141.489514,1000,4.344054e-05
7104,141.509434,1000,4.344055e-05
7105,141.529354,1000,4.344056e-05
7106,141.549273,1000,4.344057e-05
7107,141.569193,1000,4.344058e-05
7108,141.589113,1000,4.344058e-05
7109,141.609032,1000,4.344059e-05
7110,141.628952,1000,4.344060e-05
7111,141.648872,1000,4.344061e-05
7112,141.668791,1000,4.344062e-05
7113,141.688711,1000,4.344062e-05
7114,141.708631,1000,4.344063e-05
7115,141.728550,1000,4.344064e-05
7116,141.748470,1000,4.344065e-05
7117,141.768390,1000,4.344066e-05
7118,141.788310,1000,4.344067e-05
7119,141.808229,1000,4.344067e-05
7120,141.828149,1000,4.344068e-05
7121,141.848069,1000,4.344069e-05
7122,141.867988,1000,4.344070e-05
7123,141.887908,1000,4.344071e-05
7124,141.907828,1000,4.344071e-05
7125,141.927747,1000,4.344072e-05
7126,141.947667,1000,4.344073e-05
7127,141.967587,1000,4.344074e-05
7128,141.987506,1000,4.344075e-05
7129,142.007426,1000,4.344076e-05
7130,142.027346,1000,4.344076e-05
7131,142.047265,1000,4.344077e-05
7132,142.067185,1000,4.344078e-05
7133,142.087105,1000,4.344079e-05
7134,142.107024,1000,4.344080e-05
7135,142.126944,1000,4.344080e-05
7136,142.146864,1000,4.344081e-05
7137,142.166784,1000,4.344082e-05
7138,142.186703,1000,4.344083e-05
7139,142.206623,1000,4.344084e-05
7140,142.226543,1000,4.344085e-05
7141,142.246462,1000,4.344085e-05
7142,142.266382,1000,4.344086e-05
7143,142.286302,1000,4.344087e-05
7144,142.306221,1000,4.344088e-05
7145,142.326141,1000,4.344089e-05
7146,142.346061,1000,4.344089e-05
7147,142.365980,1000,4.344090e-05
7148,142.385900,1000,4.344091e-05
7149,142.405820,1000,4.344092e-05
7150,142.425739,1000,4.344093e-05
7151,142.445659,1000,4.344094e-05
7152,142.465579,1000,4.344094e-05
7153,142.485498,1000,4.344095e-05
7154,142.505418,1000,4.344096e-05
7155,142.525338,1000,4.344097e-05
7156,142.545258,1000,4.344098e-05
7157,142.565177,1000,4.344098e-05
7158,142.585097,1000,4.344099e-05
7159,142.605017,1000,4.344100e-05
7160,142.624936,1000,4.344101e-05
7161,142.644856,1000,4.344102e-05
7162,142.664776,1000,4.344103e-05
7163,142.684695,1000,4.344103e-05
7164,142.704615,1000,4.344104e-05
7165,142.724535,1000,4.344105e-05
7166,142.744454,1000,4.344106e-05
7167,142.764374,1000,4.344107e-05
7168,142.784294,1000,4.344107e-05
7169,142.804213,1000,4.344108e-05
7170,142.824133,1000,4.344109e-05
7171,142.844053,1000,4.344110e-05
7172,142.863972,1000,4.344111e-05
7173,142.883892,1000,4.344112e-05
7174,142.903812,1000,4.344112e-05
7175,142.923732,1000,4.344113e-05
7176,142.943651,1000,4.344114e-05
7177,142.963571,1000,4.344115e-05
7178,142.983491,1000,4.344116e-05
7179,143.003410,1000,4.344116e-05
7180,143.023330,1000,4.344117e-05
7181,143.043250,1000,4.344118e-05
7182,143.063169,1000,4.344119e-05
7183,143.083089,1000,4.344120e-05
7184,143.103009,1000,4.344121e-05
7185,143.122928,1000,4.344121e-05
7186,143.142848,1000,4.344122e-05
7187,143.162768,1000,4.344123e-05
7188,143.182687,1000,4.344124e-05
7189,143.202607,1000,4.344125e-05
7190,143.222527,1000,4.344125e-05
7191,143.242446,1000,4.344126e-05
7192,143.262366,1000,4.344127e-05
7193,143.282286,1000,4.344128e-05
7194,143.302206,1000,4.344129e-05
7195,143.322125,1000,4.344130e-05
7196,143.342045,1000,4.344130e-05
7197,143.361965,1000,4.344131e-05
7198,143.381884,1000,4.344132e-05
7199,143.401804,1000,4.344133e-05
7200,143.421724,1000,4.344134e-05
7201,143.441643,1000,4.344134e-05
7202,143.461563,1000,4.344135e-05
7203,143.481483,1000,4.344136e-05
7204,143.501402,1000,4.344137e-05
7205,143.521322,1000,4.344138e-05
7206,143.541242,1000,4.344139e-05
7207,143.561161,1000,4.344139e-05
7208,143.581081,1000,4.344140e-05
7209,143.601001,1000,4.344141e-05
7210,143.620920,1000,4.344142e-05
7211,143.640840,1000,4.344143e-05
7212,143.660760,1000,4.344143e-05
7213,143.680680,1000,4.344144e-05
7214,143.700599,1000,4.344145e-05
7215,143.720519,1000,4.344146e-05
7216,143.740439,1000,4.344147e-05
7217,143.760358,1000,4.344148e-05
7218,143.780278,1000,4.344148e-05
7219,143.800198,1000,4.344149e-05
7220,143.820117,1000,4.344150e-05
7221,143.840037,1000,4.344151e-05
7222,143.859957,1000,4.344152e-05
7223,143.879876,1000,4.344152e-05
7224,143.899796,1000,4.344153e-05
7225,143.919716,1000,4.344154e-05
7226,143.939635,1000,4.344155e-05
7227,143.959555,1000,4.344156e-05
7228,143.979475,1000,4.344157e-05
7229,143.999394,1000,4.344157e-05
7230,144.019314,1000,4.344158e-05
7231,144.039234,1000,4.344159e-05
7232,144.059153,1000,4.344160e-05
7233,144.079073,1000,4.344161e-05
7234,144.098993,1000,4.344161e-05
7235,144.118913,1000,4.344162e-05
7236,144.138832,1000,4.344163e-05
7237,144.158752,1000,4.344164e-05
7238,144.178672,1000,4.344165e-05
7239,144.198591,1000,4.344166e-05
7240,144.218511,1000,4.344166e-05
7241,144.238431,1000,4.344167e-05
7242,144.258350,1000,4.344168e-05
7243,144.278270,1000,4.344169e-05
7244,144.298190,1000,4.344170e-05
7245,144.318109,1000,4.344170e-05
7246,144.338029,1000,4.344171e-05
7247,144.357949,1000,4.344172e-05
7248,144.377868,1000,4.344173e-05
7249,144.397788,1000,4.344174e-05
7250,144.417708,1000,4.344175e-05
7251,144.437627,1000,4.344175e-05
7252,144.457547,1000,4.344176e-05
7253,144.477467,1000,4.344177e-05
7254,144.497387,1000,4.344178e-05
7255,144.517306,1000,4.344179e-05
7256,144.537226,1000,4.344179e-05
7257,144.557146,1000,4.344180e-05
7258,144.577065,1000,4.344181e-05
7259,144.596985,1000,4.344182e-05
7260,144.616905,1000,4.344183e-05
7261,144.636824,1000,4.344184e-05
7262,144.656744,1000,4.344184e-05
7263,144.676664,1000,4.344185e-05
7264,144.696583,1000,4.344186e-05
7265,144.716503,1000,4.344187e-05
7266,144.736423,1000,4.344188e-05
7267,144.756342,1000,4.344188e-05
7268,144.776262,1000,4.344189e-05
7269,144.796182,1000,4.344190e-05
7270,144.816101,1000,4.344191e-05
7271,144.836021,1000,4.344192e-05
7272,144.855941,1000,4.344193e-05
7273,144.875861,1000,4.344193e-05
7274,144.895780,1000,4.344194e-05
7275,144.915700,1000,4.344195e-05
7276,144.935620,1000,4.344196e-05
7277,144.955539,1000,4.344197e-05
7278,144.975459,1000,4.344197e-05
7279,144.995379,1000,4.344198e-05
7280,145.015298,1000,4.344199e-05
7281,145.035218,1000,4.344200e-05
7282,145.055138,1000,4.344201e-05
7283,145.075057,1000,4.344202e-05
7284,145.094977,1000,4.344202e-05
7285,145.114897,1000,4.344203e-05
7286,145.134816,1000,4.344204e-05
7287,145.154736,1000,4.344205e-05
7288,145.174656,1000,4.344206e-05
7289,145.194575,1000,4.344206e-05
7290,145.214495,1000,4.344207e-05
7291,145.234415,1000,4.344208e-05
7292,145.254335,1000,4.344209e-05
7293,145.274254,1000,4.344210e-05
7294,145.294174,1000,4.344211e-05
7295,145.314094,1000,4.344211e-05
7296,145.334013,1000,4.344212e-05
7297,145.353933,1000,4.344213e-05
7298,145.373853,1000,4.344214e-05
7299,145.393772,1000,4.344215e-05
7300,145.413692,1000,4.344215e-05
7301,145.433612,1000,4.344216e-05
7302,145.453531,1000,4.344217e-05
7303,145.473451,1000,4.344218e-05
7304,145.493371,1000,4.344219e-05
7305,145.513290,1000,4.344220e-05
7306,145.533210,1000,4.344220e-05
7307,145.553130,1000,4.344221e-05
7308,145.573049,1000,4.344222e-05
7309,145.592969,1000,4.344223e-05
7310,145.612889,1000,4.344224e-05
7311,145.632809,1000,4.344224e-05
7312,145.652728,1000,4.344225e-05
7313,145.672648,1000,4.344226e-05
7314,145.692568,1000,4.344227e-05
7315,145.712487,1000,4.344228e-05
7316,145.732407,1000,4.344229e-05
7317,145.752327,1000,4.344229e-05
7318,145.772246,1000,4.344230e-05
7319,145.792166,1000,4.344231e-05
7320,145.812086,1000,4.344232e-05
7321,145.832005,1000,4.344233e-05
7322,145.851925,1000,4.344233e-05
7323,145.871845,1000,4.344234e-05
7324,145.891764,1000,4.344235e-05
7325,145.911684,1000,4.344236e-05
7326,145.931604,1000,4.344237e-05
7327,145.951523,1000,4.344238e-05
7328,145.971443,1000,4.344238e-05
7329,145.991363,1000,4.344239e-05
7330,146.011283,1000,4.344240e-05
7331,146.031202,1000,4.344241e-05
7332,146.051122,1000,4.344242e-05
7333,146.071042,1000,4.344242e-05
7334,146.090961,1000,4.344243e-05
7335,146.110881,1000,4.344244e-05
7336,146.130801,1000,4.344245e-05
7337,146.150720,1000,4.344246e-05
7338,146.170640,1000,4.344247e-05
7339,146.190560,1000,4.344247e-05
7340,146.210479,1000,4.344248e-05
7341,146.230399,1000,4.344249e-05
7342,146.250319,1000,4.344250e-05
7343,146.270238,1000,4.344251e-05
7344,146.290158,1000,4.344251e-05
7345,146.310078,1000,4.344252e-05
7346,146.329997,1000,4.344253e-05
7347,146.349917,1000,4.344254e-05
7348,146.369837,1000,4.344255e-05
7349,146.389757,1000,4.344256e-05
7350,146.409676,1000,4.344256e-05
7351,146.429596,1000,4.344257e-05
7352,146.449516,1000,4.344258e-05
7353,146.469435,1000,4.344259e-05
7354,146.489355,1000,4.344260e-05
7355,146.509275,1000,4.344260e-05
7356,146.529194,1000,4.344261e-05
7357,146.549114,1000,4.344262e-05
7358,146.569034,1000,4.344263e-05
7359,146.588953,1000,4.344264e-05
7360,146.608873,1000,4.344265e-05
7361,146.628793,1000,4.344265e-05
7362,146.648712,1000,4.344266e-05
7363,146.668632,1000,4.344267e-05
7364,146.688552,1000,4.344268e-05
7365,146.708471,1000,4.344269e-05
7366,146.728391,1000,4.344269e-05
7367,146.748311,1000,4.344270e-05
7368,146.768230,1000,4.344271e-05
7369,146.788150,1000,4.344272e-05
7370,146.808070,1000,4.344273e-05
7371,146.827990,1000,4.344274e-05
7372,146.847909,1000,4.344274e-05
7373,146.867829,1000,4.344275e-05
7374,146.887749,1000,4.344276e-05
7375,146.907668,1000,4.344277e-05
7376,146.927588,1000,4.344278e-05
7377,146.947508,1000,4.344278e-05
7378,146.967427,1000,4.344279e-05
7379,146.987347,1000,4.344280e-05
7380,147.007267,1000,4.344281e-05
7381,147.027186,1000,4.344282e-05
7382,147.047106,1000,4.344283e-05
7383,147.067026,1000,4.344283e-05
7384,147.086945,1000,4.344284e-05
7385,147.106865,1000,4.344285e-05
7386,147.126785,1000,4.344286e-05
7387,147.146704,1000,4.344287e-05
7388,147.166624,1000,4.344287e-05
7389,147.186544,1000,4.344288e-05
7390,147.206464,1000,4.344289e-05
7391,147.226383,1000,4.344290e-05
7392,147.246303,1000,4.344291e-05
7393,147.266223,1000,4.344292e-05
7394,147.286142,1000,4.344292e-05
7395,147.306062,1000,4.344293e-05
7396,147.325982,1000,4.344294e-05
7397,147.345901,1000,4.344295e-05
7398,147.365821,1000,4.344296e-05
7399,147.385741,1000,4.344296e-05
7400,147.405660,1000,4.344297e-05
7401,147.425580,1000,4.344298e-05
7402,147.445500,1000,4.344299e-05
7403,147.465419,1000,4.344300e-05
7404,147.485339,1000,4.344301e-05
7405,147.505259,1000,4.344301e-05
7406,147.525178,1000,4.344302e-05
7407,147.545098,1000,4.344303e-05
7408,147.565018,1000,4.344304e-05
7409,147.584938,1000,4.344305e-05
7410,147.604857,1000,4.344305e-05
7411,147.624777,1000,4.344306e-05
7412,147.644697,1000,4.344307e-05
7413,147.664616,1000,4.344308e-05
7414,147.684536,1000,4.344309e-05
7415,147.704456,1000,4.344310e-05
7416,147.724375,1000,4.344310e-05
7417,147.744295,1000,4.344311e-05
7418,147.764215,1000,4.344312e-05
7419,147.784134,1000,4.344313e-05
7420,147.804054,1000,4.344314e-05
7421,147.823974,1000,4.344314e-05
7422,147.843893,1000,4.344315e-05
7423,147.863813,1000,4.344316e-05
7424,147.883733,1000,4.344317e-05
7425,147.903652,1000,4.344318e-05
7426,147.923572,1000,4.344319e-05
7427,147.943492,1000,4.344319e-05
7428,147.963412,1000,4.344320e-05
7429,147.983331,1000,4.344321e-05
7430,148.003251,1000,4.344322e-05
7431,148.023171,1000,4.344323e-05
7432,148.043090,1000,4.344323e-05
7433,148.063010,1000,4.344324e-05
7434,148.082930,1000,4.344325e-05
7435,148.102849,1000,4.344326e-05
7436,148.122769,1000,4.344327e-05
7437,148.142689,1000,4.344328e-05
7438,148.162608,1000,4.344328e-05
7439,148.182528,1000,4.344329e-05
7440,148.202448,1000,4.344330e-05
7441,148.222367,1000,4.344331e-05
7442,148.242287,1000,4.344332e-05
7443,148.262207,1000,4.344332e-05
7444,148.282126,1000,4.344333e-05
7445,148.302046,1000,4.344334e-05
7446,148.321966,1000,4.344335e-05
7447,148.341886,1000,4.344336e-05
7448,148.361805,1000,4.344337e-05
7449,148.381725,1000,4.344337e-05
7450,148.401645,1000,4.344338e-05
7451,148.421564,1000,4.344339e-05
7452,148.441484,1000,4.344340e-05
7453,148.461404,1000,4.344341e-05
7454,148.481323,1000,4.344341e-05
7455,148.501243,1000,4.344342e-05
7456,148.521163,1000,4.344343e-05
7457,148.541082,1000,4.344344e-05
7458,148.561002,1000,4.344345e-05
7459,148.580922,1000,4.344346e-05
7460,148.600841,1000,4.344346e-05
7461,148.620761,1000,4.344347e-05
7462,148.640681,1000,4.344348e-05
7463,148.660600,1000,4.344349e-05
7464,148.680520,1000,4.344350e-05
7465,148.700440,1000,4.344350e-05
7466,148.720360,1000,4.344351e-05
7467,148.740279,1000,4.344352e-05
7468,148.760199,1000,4.344353e-05
7469,148.780119,1000,4.344354e-05
7470,148.800038,1000,4.344354e-05
7471,148.819958,1000,4.344355e-05
7472,148.839878,1000,4.344356e-05
7473,148.859797,1000,4.344357e-05
7474,148.879717,1000,4.344358e-05
7475,148.899637,1000,4.344359e-05
7476,148.919556,1000,4.344359e-05
7477,148.939476,1000,4.344360e-05
7478,148.959396,1000,4.344361e-05
7479,148.979315,1000,4.344362e-05
7480,148.999235,1000,4.344363e-05
7481,149.019155,1000,4.344363e-05
7482,149.039074,1000,4.344364e-05
7483,149.058994,1000,4.344365e-05
7484,149.078914,1000,4.344366e-05
7485,149.098834,1000,4.344367e-05
7486,149.118753,1000,4.344368e-05
7487,149.138673,1000,4.344368e-05
7488,149.158593,1000,4.344369e-05
7489,149.178512,1000,4.344370e-05
7490,149.198432,1000,4.344371e-05
7491,149.218352,1000,4.344372e-05
7492,149.238271,1000,4.344372e-05
7493,149.258191,1000,4.344373e-05
7494,149.278111,1000,4.344374e-05
7495,149.298030,1000,4.344375e-05
7496,149.317950,1000,4.344376e-05
7497,149.337870,1000,4.344377e-05
7498,149.357789,1000,4.344377e-05
7499,149.377709,1000,4.344378e-05
7500,149.397629,1000,4.344379e-05
7501,149.417548,1000,4.344380e-05
7502,149.437468,1000,4.344381e-05
7503,149.457388,1000,4.344381e-05
7504,149.477307,1000,4.344382e-05
7505,149.497227,1000,4.344383e-05
7506,149.517147,1000,4.344384e-05
7507,149.537067,1000,4.344385e-05
7508,149.556986,1000,4.344386e-05
7509,149.576906,1000,4.344386e-05
7510,149.596826,1000,4.344387e-05
7511,149.616745,1000,4.344388e-05
7512,149.636665,1000,4.344389e-05
7513,149.656585,1000,4.344390e-05
7514,149.676504,1000,4.344390e-05
7515,149.696424,1000,4.344391e-05
7516,149.716344,1000,4.344392e-05
7517,149.736263,1000,4.344393e-05
7518,149.756183,1000,4.344394e-05
7519,149.776103,1000,4.344395e-05
7520,149.796022,1000,4.344395e-05
7521,149.815942,1000,4.344396e-05
7522,149.835862,1000,4.344397e-05
7523,149.855781,1000,4.344398e-05
7524,149.875701,1000,4.344399e-05
7525,149.895621,1000,4.344399e-05
7526,149.915541,1000,4.344400e-05
7527,149.935460,1000,4.344401e-05
7528,149.955380,1000,4.344402e-05
7529,149.975300,1000,4.344403e-05
7530,149.995219,1000,4.344404e-05
7531,150.015139,1000,4.344404e-05
7532,150.035059,1000,4.344405e-05
7533,150.054978,1000,4.344406e-05
7534,150.074898,1000,4.344407e-05
7535,150.094818,1000,4.344408e-05
7536,150.114737,1000,4.344408e-05
7537,150.134657,1000,4.344409e-05
7538,150.154577,1000,4.344410e-05
7539,150.174496,1000,4.344411e-05
7540,150.194416,1000,4.344412e-05
7541,150.214336,1000,4.344413e-05
7542,150.234255,1000,4.344413e-05
7543,150.254175,1000,4.344414e-05
7544,150.274095,1000,4.344415e-05
7545,150.294015,1000,4.344416e-05
7546,150.313934,1000,4.344417e-05
7547,150.333854,1000,4.344417e-05
7548,150.353774,1000,4.344418e-05
7549,150.373693,1000,4.344419e-05
7550,150.393613,1000,4.344420e-05
7551,150.413533,1000,4.344421e-05
7552,150.433452,1000,4.344422e-05
7553,150.453372,1000,4.344422e-05
7554,150.473292,1000,4.344423e-05
7555,150.493211,1000,4.344424e-05
7556,150.513131,1000,4.344425e-05
7557,150.533051,1000,4.344426e-05
7558,150.552970,1000,4.344426e-05
7559,150.572890,1000,4.344427e-05
7560,150.592810,1000,4.344428e-05
7561,150.612729,1000,4.344429e-05
7562,150.632649,1000,4.344430e-05
7563,150.652569,1000,4.344431e-05
7564,150.672489,1000,4.344431e-05
7565,150.692408,1000,4.344432e-05
7566,150.712328,1000,4.344433e-05
7567,150.732248,1000,4.344434e-05
7568,150.752167,1000,4.344435e-05
7569,150.772087,1000,4.344435e-05
7570,150.792007,1000,4.344436e-05
7571,150.811926,1000,4.344437e-05
7572,150.831846,1000,4.344438e-05
7573,150.851766,1000,4.344439e-05
7574,150.871685,1000,4.344439e-05
7575,150.891605,1000,4.344440e-05
7576,150.911525,1000,4.344441e-05
7577,150.931444,1000,4.344442e-05
7578,150.951364,1000,4.344443e-05
7579,150.971284,1000,4.344444e-05
7580,150.991203,1000,4.344444e-05
7581,151.011123,1000,4.344445e-05
7582,151.031043,1000,4.344446e-05
7583,151.050963,1000,4.344447e-05
7584,151.070882,1000,4.344448e-05
7585,151.090802,1000,4.344448e-05
7586,151.110722,1000,4.344449e-05
7587,151.130641,1000,4.344450e-05
7588,151.150561,1000,4.344451e-05
7589,151.170481,1000,4.344452e-05
7590,151.190400,1000,4.344453e-05
7591,151.210320,1000,4.344453e-05
7592,151.230240,1000,4.344454e-05
7593,151.250159,1000,4.344455e-05
7594,151.270079,1000,4.344456e-05
7595,151.289999,1000,4.344457e-05
7596,151.309918,1000,4.344457e-05
7597,151.329838,1000,4.344458e-05
7598,151.349758,1000,4.344459e-05
7599,151.369677,1000,4.344460e-05
7600,151.389597,1000,4.344461e-05
7601,151.409517,1000,4.344462e-05
7602,151.429437,1000,4.344462e-05
7603,151.449356,1000,4.344463e-05
7604,151.469276,1000,4.344464e-05
7605,151.489196,1000,4.344465e-05
7606,151.509115,1000,4.344466e-05
7607,151.529035,1000,4.344466e-05
7608,151.548955,1000,4.344467e-05
7609,151.568874,1000,4.344468e-05
7610,151.588794,1000,4.344469e-05
7611,151.608714,1000,4.344470e-05
7612,151.628633,1000,4.344471e-05
7613,151.648553,1000,4.344471e-05
7614,151.668473,1000,4.344472e-05
7615,151.688392,1000,4.344473e-05
7616,151.708312,1000,4.344474e-05
7617,151.728232,1000,4.344475e-05
7618,151.748151,1000,4.344475e-05
7619,151.768071,1000,4.344476e-05
7620,151.787991,1000,4.344477e-05
7621,151.807911,1000,4.344478e-05
7622,151.827830,1000,4.344479e-05
7623,151.847750,1000,4.344480e-05
7624,151.867670,1000,4.344480e-05
7625,151.887589,1000,4.344481e-05
7626,151.907509,1000,4.344482e-05
7627,151.927429,1000,4.344483e-05
7628,151.947348,1000,4.344484e-05
7629,151.967268,1000,4.344484e-05
7630,151.987188,1000,4.344485e-05
7631,152.007107,1000,4.344486e-05
7632,152.027027,1000,4.344487e-05
7633,152.046947,1000,4.344488e-05
7634,152.066866,1000,4.344489e-05
7635,152.086786,1000,4.344489e-05
7636,152.106706,1000,4.344490e-05
7637,152.126625,1000,4.344491e-05
7638,152.146545,1000,4.344492e-05
7639,152.166465,1000,4.344493e-05
7640,152.186384,1000,4.344493e-05
7641,152.206304,1000,4.344494e-05
7642,152.226224,1000,4.344495e-05
7643,152.246144,1000,4.344496e-05
7644,152.266063,1000,4.344497e-05
7645,152.285983,1000,4.344498e-05
7646,152.305903,1000,4.344498e-05
7647,152.325822,1000,4.344499e-05
7648,152.345742,1000,4.344500e-05
7649,152.365662,1000,4.344501e-05
7650,152.385581,1000,4.344502e-05
7651,152.405501,1000,4.344502e-05
7652,152.425421,1000,4.344503e-05
7653,152.445340,1000,4.344504e-05
7654,152.465260,1000,4.344505e-05
7655,152.485180,1000,4.344506e-05
7656,152.505099,1000,4.344507e-05
7657,152.525019,1000,4.344507e-05
7658,152.544939,1000,4.344508e-05
7659,152.564858,1000,4.344509e-05
7660,152.584778,1000,4.344510e-05
7661,152.604698,1000,4.344511e-05
7662,152.624618,1000,4.344511e-05
7663,152.644537,1000,4.344512e-05
7664,152.664457,1000,4.344513e-05
7665,152.684377,1000,4.344514e-05
7666,152.704296,1000,4.344515e-05
7667,152.724216,1000,4.344515e-05
7668,152.744136,1000,4.344516e-05
7669,152.764055,1000,4.344517e-05
7670,152.783975,1000,4.344518e-05
7671,152.803895,1000,4.344519e-05
7672,152.823814,1000,4.344520e-05
7673,152.843734,1000,4.344520e-05
7674,152.863654,1000,4.344521e-05
7675,152.883573,1000,4.344522e-05
7676,152.903493,1000,4.344523e-05
7677,152.923413,1000,4.344524e-05
7678,152.943332,1000,4.344524e-05
7679,152.963252,1000,4.344525e-05
7680,152.983172,1000,4.344526e-05
7681,153.003092,1000,4.344527e-05
7682,153.023011,1000,4.344528e-05
7683,153.042931,1000,4.344529e-05
7684,153.062851,1000,4.344529e-05
7685,153.082770,1000,4.344530e-05
7686,153.102690,1000,4.344531e-05
7687,153.122610,1000,4.344532e-05
7688,153.142529,1000,4.344533e-05
7689,153.162449,1000,4.344533e-05
7690,153.182369,1000,4.344534e-05
7691,153.202288,1000,4.344535e-05
7692,153.222208,1000,4.344536e-05
7693,153.242128,1000,4.344537e-05
7694,153.262047,1000,4.344538e-05
7695,153.281967,1000,4.344538e-05
7696,153.301887,1000,4.344539e-05
7697,153.321806,1000,4.344540e-05
7698,153.341726,1000,4.344541e-05
7699,153.361646,1000,4.344542e-05
7700,153.381566,1000,4.344542e-05
7701,153.401485,1000,4.344543e-05
7702,153.421405,1000,4.344544e-05
7703,153.441325,1000,4.344545e-05
7704,153.461244,1000,4.344546e-05
7705,153.481164,1000,4.344547e-05
7706,153.501084,1000,4.344547e-05
7707,153.521003,1000,4.344548e-05
7708,153.540923,1000,4.344549e-05
7709,153.560843,1000,4.344550e-05
7710,153.580762,1000,4.344551e-05
7711,153.600682,1000,4.344551e-05
7712,153.620602,1000,4.344552e-05
7713,153.640521,1000,4.344553e-05
7714,153.660441,1000,4.344554e-05
7715,153.680361,1000,4.344555e-05
7716,153.700280,1000,4.344556e-05
7717,153.720200,1000,4.344556e-05
7718,153.740120,1000,4.344557e-05
7719,153.760040,1000,4.344558e-05
7720,153.779959,1000,4.344559e-05
7721,153.799879,1000,4.344560e-05
7722,153.819799,1000,4.344560e-05
7723,153.839718,1000,4.344561e-05
7724,153.859638,1000,4.344562e-05
7725,153.879558,1000,4.344563e-05
7726,153.899477,1000,4.344564e-05
7727,153.919397,1000,4.344565e-05
7728,153.939317,1000,4.344565e-05
7729,153.959236,1000,4.344566e-05
7730,153.979156,1000,4.344567e-05
7731,153.999076,1000,4.344568e-05
7732,154.018995,1000,4.344569e-05
7733,154.038915,1000,4.344569e-05
7734,154.058835,1000,4.344570e-05
7735,154.078754,1000,4.344571e-05
7736,154.098674,1000,4.344572e-05
7737,154.118594,1000,4.344573e-05
7738,154.138514,1000,4.344573e-05
7739,154.158433,1000,4.344574e-05
7740,154.178353,1000,4.344575e-05
7741,154.198273,1000,4.344576e-05
7742,154.218192,1000,4.344577e-05
7743,154.238112,1000,4.344578e-05
7744,154.258032,1000,4.344578e-05
7745,154.277951,1000,4.344579e-05
7746,154.297871,1000,4.344580e-05
7747,154.317791,1000,4.344581e-05
7748,154.337710,1000,4.344582e-05
7749,154.357630,1000,4.344582e-05
7750,154.377550,1000,4.344583e-05
7751,154.397469,1000,4.344584e-05
7752,154.417389,1000,4.344585e-05
7753,154.437309,1000,4.344586e-05
7754,154.457228,1000,4.344587e-05
7755,154.477148,1000,4.344587e-05
7756,154.497068,1000,4.344588e-05
7757,154.516988,1000,4.344589e-05
7758,154.536907,1000,4.344590e-05
7759,154.556827,1000,4.344591e-05
7760,154.576747,1000,4.344591e-05
7761,154.596666,1000,4.344592e-05
7762,154.616586,1000,4.344593e-05
7763,154.636506,1000,4.344594e-05
7764,154.656425,1000,4.344595e-05
7765,154.676345,1000,4.344596e-05
7766,154.696265,1000,4.344596e-05
7767,154.716184,1000,4.344597e-05
7768,154.736104,1000,4.344598e-05
7769,154.756024,1000,4.344599e-05
7770,154.775943,1000,4.344600e-05
7771,154.795863,1000,4.344600e-05
7772,154.815783,1000,4.344601e-05
7773,154.835702,1000,4.344602e-05
7774,154.855622,1000,4.344603e-05
7775,154.875542,1000,4.344604e-05
7776,154.895461,1000,4.344605e-05
7777,154.915381,1000,4.344605e-05
7778,154.935301,1000,4.344606e-05
7779,154.955221,1000,4.344607e-05
7780,154.975140,1000,4.344608e-05
7781,154.995060,1000,4.344609e-05
7782,155.014980,1000,4.344609e-05
7783,155.034899,1000,4.344610e-05
7784,155.054819,1000,4.344611e-05
7785,155.074739,1000,4.344612e-05
7786,155.094658,1000,4.344613e-05
7787,155.114578,1000,4.344614e-05
7788,155.134498,1000,4.344614e-05
7789,155.154417,1000,4.344615e-05
7790,155.174337,1000,4.344616e-05
7791,155.194257,1000,4.344617e-05
7792,155.214176,1000,4.344618e-05
7793,155.234096,1000,4.344618e-05
7794,155.254016,1000,4.344619e-05
7795,155.273935,1000,4.344620e-05
7796,155.293855,1000,4.344621e-05
7797,155.313775,1000,4.344622e-05
7798,155.333695,1000,4.344622e-05
7799,155.353614,1000,4.344623e-05
7800,155.373534,1000,4.344624e-05
7801,155.393454,1000,4.344625e-05
7802,155.413373,1000,4.344626e-05
7803,155.433293,1000,4.344627e-05
7804,155.453213,1000,4.344627e-05
7805,155.473132,1000,4.344628e-05
7806,155.493052,1000,4.344629e-05
7807,155.512972,1000,4.344630e-05
7808,155.532891,1000,4.344631e-05
7809,155.552811,1000,4.344631e-05
7810,155.572731,1000,4.344632e-05
7811,155.592650,1000,4.344633e-05
7812,155.612570,1000,4.344634e-05
7813,155.632490,1000,4.344635e-05
7814,155.652409,1000,4.344636e-05
7815,155.672329,1000,4.344636e-05
7816,155.692249,1000,4.344637e-05
7817,155.712169,1000,4.344638e-05
7818,155.732088,1000,4.344639e-05
7819,155.752008,1000,4.344640e-05
7820,155.771928,1000,4.344640e-05
7821,155.791847,1000,4.344641e-05
7822,155.811767,1000,4.344642e-05
7823,155.831687,1000,4.344643e-05
7824,155.851606,1000,4.344644e-05
7825,155.871526,1000,4.344645e-05
7826,155.891446,1000,4.344645e-05
7827,155.911365,1000,4.344646e-05
7828,155.931285,1000,4.344647e-05
7829,155.951205,1000,4.344648e-05
7830,155.971124,1000,4.344649e-05
7831,155.991044,1000,4.344649e-05
7832,156.010964,1000,4.344650e-05
7833,156.030883,1000,4.344651e-05
7834,156.050803,1000,4.344652e-05
7835,156.070723,1000,4.344653e-05
7836,156.090643,1000,4.344654e-05
7837,156.110562,1000,4.344654e-05
7838,156.130482,1000,4.344655e-05
7839,156.150402,1000,4.344656e-05
7840,156.170321,1000,4.344657e-05
7841,156.190241,1000,4.344658e-05
7842,156.210161,1000,4.344658e-05
7843,156.230080,1000,4.344659e-05
7844,156.250000,1000,4.344660e-05
7845,156.269920,1000,4.344661e-05
7846,156.289839,1000,4.344662e-05
7847,156.309759,1000,4.344663e-05
7848,156.329679,1000,4.344663e-05
7849,156.349598,1000,4.344664e-05
7850,156.369518,1000,4.344665e-05
7851,156.389438,1000,4.344666e-05
7852,156.409357,1000,4.344667e-05
7853,156.429277,1000,4.344667e-05
7854,156.449197,1000,4.344668e-05
7855,156.469117,1000,4.344669e-05
7856,156.489036,1000,4.344670e-05
7857,156.508956,1000,4.344671e-05
7858,156.528876,1000,4.344671e-05
7859,156.548795,1000,4.344672e-05
7860,156.568715,1000,4.344673e-05
7861,156.588635,1000,4.344674e-05
7862,156.608554,1000,4.344675e-05
7863,156.628474,1000,4.344676e-05
7864,156.648394,1000,4.344676e-05
7865,156.668313,1000,4.344677e-05
7866,156.688233,1000,4.344678e-05
7867,156.708153,1000,4.344679e-05
7868,156.728072,1000,4.344680e-05
7869,156.747992,1000,4.344680e-05
7870,156.767912,1000,4.344681e-05
7871,156.787831,1000,4.344682e-05
7872,156.807751,1000,4.344683e-05
7873,156.827671,1000,4.344684e-05
7874,156.847591,1000,4.344685e-05
7875,156.867510,1000,4.344685e-05
7876,156.887430,1000,4.344686e-05
7877,156.907350,1000,4.344687e-05
7878,156.927269,1000,4.344688e-05
7879,156.947189,1000,4.344689e-05
7880,156.967109,1000,4.344689e-05
7881,156.987028,1000,4.344690e-05
7882,157.006948,1000,4.344691e-05
7883,157.026868,1000,4.344692e-05
7884,157.046787,1000,4.344693e-05
7885,157.066707,1000,4.344694e-05
7886,157.086627,1000,4.344694e-05
7887,157.106546,1000,4.344695e-05
7888,157.126466,1000,4.344696e-05
7889,157.146386,1000,4.344697e-05
7890,157.166305,1000,4.344698e-05
7891,157.186225,1000,4.344698e-05
7892,157.206145,1000,4.344699e-05
7893,157.226065,1000,4.344700e-05
7894,157.245984,1000,4.344701e-05
7895,157.265904,1000,4.344702e-05
7896,157.285824,1000,4.344703e-05
7897,157.305743,1000,4.344703e-05
7898,157.325663,1000,4.344704e-05
7899,157.345583,1000,4.344705e-05
7900,157.365502,1000,4.344706e-05
7901,157.385422,1000,4.344707e-05
7902,157.405342,1000,4.344707e-05
7903,157.425261,1000,4.344708e-05
7904,157.445181,1000,4.344709e-05
7905,157.465101,1000,4.344710e-05
7906,157.485020,1000,4.344711e-05
7907,157.504940,1000,4.344711e-05
7908,157.524860,1000,4.344712e-05
7909,157.544779,1000,4.344713e-05
7910,157.564699,1000,4.344714e-05
7911,157.584619,1000,4.344715e-05
7912,157.604539,1000,4.344716e-05
7913,157.624458,1000,4.344716e-05
7914,157.644378,1000,4.344717e-05
7915,157.664298,1000,4.344718e-05
7916,157.684217,1000,4.344719e-05
7917,157.704137,1000,4.344720e-05
7918,157.724057,1000,4.344720e-05
7919,157.743976,1000,4.344721e-05
7920,157.763896,1000,4.344722e-05
7921,157.783816,1000,4.344723e-05
7922,157.803735,1000,4.344724e-05
7923,157.823655,1000,4.344725e-05
7924,157.843575,1000,4.344725e-05
7925,157.863494,1000,4.344726e-05
7926,157.883414,1000,4.344727e-05
7927,157.903334,1000,4.344728e-05
7928,157.923253,1000,4.344729e-05
7929,157.943173,1000,4.344729e-05
7930,157.963093,1000,4.344730e-05
7931,157.983012,1000,4.344731e-05
7932,158.002932,1000,4.344732e-05
7933,158.022852,1000,4.344733e-05
7934,158.042772,1000,4.344734e-05
7935,158.062691,1000,4.344734e-05
7936,158.082611,1000,4.344735e-05
7937,158.102531,1000,4.344736e-05
7938,158.122450,1000,4.344737e-05
7939,158.142370,1000,4.344738e-05
7940,158.162290,1000,4.344738e-05
7941,158.182209,1000,4.344739e-05
7942,158.202129,1000,4.344740e-05
7943,158.222049,1000,4.344741e-05
7944,158.241968,1000,4.344742e-05
7945,158.261888,1000,4.344743e-05
7946,158.281808,1000,4.344743e-05
7947,158.301727,1000,4.344744e-05
7948,158.321647,1000,4.344745e-05
7949,158.341567,1000,4.344746e-05
7950,158.361486,1000,4.344747e-05
7951,158.381406,1000,4.344747e-05
7952,158.401326,1000,4.344748e-05
7953,158.421246,1000,4.344749e-05
7954,158.441165,1000,4.344750e-05
7955,158.461085,1000,4.344751e-05
7956,158.481005,1000,4.344751e-05
7957,158.500924,1000,4.344752e-05
7958,158.520844,1000,4.344753e-05
7959,158.540764,1000,4.344754e-05
7960,158.560683,1000,4.344755e-05
7961,158.580603,1000,4.344756e-05
7962,158.600523,1000,4.344756e-05
7963,158.620442,1000,4.344757e-05
7964,158.640362,1000,4.344758e-05
7965,158.660282,1000,4.344759e-05
7966,158.680201,1000,4.344760e-05
7967,158.700121,1000,4.344760e-05
7968,158.720041,1000,4.344761e-05
7969,158.739960,1000,4.344762e-05
7970,158.759880,1000,4.344763e-05
7971,158.779800,1000,4.344764e-05
7972,158.799720,1000,4.344765e-05
7973,158.819639,1000,4.344765e-05
7974,158.839559,1000,4.344766e-05
7975,158.859479,1000,4.344767e-05
7976,158.879398,1000,4.344768e-05
7977,158.899318,1000,4.344769e-05
7978,158.919238,1000,4.344769e-05
7979,158.939157,1000,4.344770e-05
7980,158.959077,1000,4.344771e-05
7981,158.978997,1000,4.344772e-05
7982,158.998916,1000,4.344773e-05
7983,159.018836,1000,4.344774e-05
7984,159.038756,1000,4.344774e-05
7985,159.058675,1000,4.344775e-05
7986,159.078595,1000,4.344776e-05
7987,159.098515,1000,4.344777e-05
7988,159.118434,1000,4.344778e-05
7989,159.138354,1000,4.344778e-05
7990,159.158274,1000,4.344779e-05
7991,159.178194,1000,4.344780e-05
7992,159.198113,1000,4.344781e-05
7993,159.218033,1000,4.344782e-05
7994,159.237953,1000,4.344782e-05
7995,159.257872,1000,4.344783e-05
7996,159.277792,1000,4.344784e-05
7997,159.297712,1000,4.344785e-05
7998,159.317631,1000,4.344786e-05
7999,159.337551,1000,4.344787e-05
8000,159.357471,1000,4.344787e-05
8001,159.377390,1000,4.344788e-05
8002,159.397310,1000,4.344789e-05
8003,159.417230,1000,4.344790e-05
8004,159.437149,1000,4.344791e-05
8005,159.457069,1000,4.344791e-05
8006,159.476989,1000,4.344792e-05
8007,159.496908,1000,4.344793e-05
8008,159.516828,1000,4.344794e-05
8009,159.536748,1000,4.344795e-05
8010,159.556668,1000,4.344796e-05
8011,159.576587,1000,4.344796e-05
8012,159.596507,1000,4.344797e-05
8013,159.616427,1000,4.344798e-05
8014,159.636346,1000,4.344799e-05
8015,159.656266,1000,4.344800e-05
8016,159.676186,1000,4.344800e-05
8017,159.696105,1000,4.344801e-05
8018,159.716025,1000,4.344802e-05
8019,159.735945,1000,4.344803e-05
8020,159.755864,1000,4.344804e-05
8021,159.775784,1000,4.344805e-05
8022,159.795704,1000,4.344805e-05
8023,159.815623,1000,4.344806e-05
8024,159.835543,1000,4.344807e-05
8025,159.855463,1000,4.344808e-05
8026,159.875382,1000,4.344809e-05
8027,159.895302,1000,4.344809e-05
8028,159.915222,1000,4.344810e-05
8029,159.935142,1000,4.344811e-05
8030,159.955061,1000,4.344812e-05
8031,159.974981,1000,4.344813e-05
8032,159.994901,1000,4.344814e-05
8033,160.014820,1000,4.344814e-05
8034,160.034740,1000,4.344815e-05
8035,160.054660,1000,4.344816e-05
8036,160.074579,1000,4.344817e-05
8037,160.094499,1000,4.344818e-05
8038,160.114419,1000,4.344818e-05
8039,160.134338,1000,4.344819e-05
8040,160.154258,1000,4.344820e-05
8041,160.174178,1000,4.344821e-05
8042,160.194097,1000,4.344822e-05
8043,160.214017,1000,4.344822e-05
8044,160.233937,1000,4.344823e-05
8045,160.253856,1000,4.344824e-05
8046,160.273776,1000,4.344825e-05
8047,160.293696,1000,4.344826e-05
8048,160.313616,1000,4.344827e-05
8049,160.333535,1000,4.344827e-05
8050,160.353455,1000,4.344828e-05
8051,160.373375,1000,4.344829e-05
8052,160.393294,1000,4.344830e-05
8053,160.413214,1000,4.344831e-05
8054,160.433134,1000,4.344831e-05
8055,160.453053,1000,4.344832e-05
8056,160.472973,1000,4.344833e-05
8057,160.492893,1000,4.344834e-05
8058,160.512812,1000,4.344835e-05
8059,160.532732,1000,4.344836e-05
8060,160.552652,1000,4.344836e-05
8061,160.572571,1000,4.344837e-05
8062,160.592491,1000,4.344838e-05
8063,160.612411,1000,4.344839e-05
8064,160.632330,1000,4.344840e-05
8065,160.652250,1000,4.344840e-05
8066,160.672170,1000,4.344841e-05
8067,160.692089,1000,4.344842e-05
8068,160.712009,1000,4.344843e-05
8069,160.731929,1000,4.344844e-05
8070,160.751849,1000,4.344845e-05
8071,160.771768,1000,4.344845e-05
8072,160.791688,1000,4.344846e-05
8073,160.811608,1000,4.344847e-05
8074,160.831527,1000,4.344848e-05
8075,160.851447,1000,4.344849e-05
8076,160.871367,1000,4.344849e-05
8077,160.891286,1000,4.344850e-05
8078,160.911206,1000,4.344851e-05
8079,160.931126,1000,4.344852e-05
8080,160.951045,1000,4.344853e-05
8081,160.970965,1000,4.344853e-05
8082,160.990885,1000,4.344854e-05
8083,161.010804,1000,4.344855e-05
8084,161.030724,1000,4.344856e-05
8085,161.050644,1000,4.344857e-05
8086,161.070563,1000,4.344858e-05
8087,161.090483,1000,4.344858e-05
8088,161.110403,1000,4.344859e-05
8089,161.130323,1000,4.344860e-05
8090,161.150242,1000,4.344861e-05
8091,161.170162,1000,4.344862e-05
8092,161.190082,1000,4.344862e-05
8093,161.210001,1000,4.344863e-05
8094,161.229921,1000,4.344864e-05
8095,161.249841,1000,4.344865e-05
8096,161.269760,1000,4.344866e-05
8097,161.289680,1000,4.344867e-05
8098,161.309600,1000,4.344867e-05
8099,161.329519,1000,4.344868e-05
8100,161.349439,1000,4.344869e-05
8101,161.369359,1000,4.344870e-05
8102,161.389278,1000,4.344871e-05
8103,161.409198,1000,4.344871e-05
8104,161.429118,1000,4.344872e-05
8105,161.449037,1000,4.344873e-05
8106,161.468957,1000,4.344874e-05
8107,161.488877,1000,4.344875e-05
8108,161.508797,1000,4.344876e-05
8109,161.528716,1000,4.344876e-05
8110,161.548636,1000,4.344877e-05
8111,161.568556,1000,4.344878e-05
8112,161.588475,1000,4.344879e-05
8113,161.608395,1000,4.344880e-05
8114,161.628315,1000,4.344880e-05
8115,161.648234,1000,4.344881e-05
8116,161.668154,1000,4.344882e-05
8117,161.688074,1000,4.344883e-05
8118,161.707993,1000,4.344884e-05
8119,161.727913,1000,4.344884e-05
8120,161.747833,1000,4.344885e-05
8121,161.767752,1000,4.344886e-05
8122,161.787672,1000,4.344887e-05
8123,161.807592,1000,4.344888e-05
8124,161.827511,1000,4.344889e-05
8125,161.847431,1000,4.344889e-05
8126,161.867351,1000,4.344890e-05
8127,161.887271,1000,4.344891e-05
8128,161.907190,1000,4.344892e-05
8129,161.927110,1000,4.344893e-05
8130,161.947030,1000,4.344893e-05
8131,161.966949,1000,4.344894e-05
8132,161.986869,1000,4.344895e-05
8133,162.006789,1000,4.344896e-05
8134,162.026708,1000,4.344897e-05
8135,162.046628,1000,4.344898e-05
8136,162.066548,1000,4.344898e-05
8137,162.086467,1000,4.344899e-05
8138,162.106387,1000,4.344900e-05
8139,162.126307,1000,4.344901e-05
8140,162.146226,1000,4.344902e-05
8141,162.166146,1000,4.344902e-05
8142,162.186066,1000,4.344903e-05
8143,162.205985,1000,4.344904e-05
8144,162.225905,1000,4.344905e-05
8145,162.245825,1000,4.344906e-05
8146,162.265745,1000,4.344907e-05
8147,162.285664,1000,4.344907e-05
8148,162.305584,1000,4.344908e-05
8149,162.325504,1000,4.344909e-05
8150,162.345423,1000,4.344910e-05
8151,162.365343,1000,4.344911e-05
8152,162.385263,1000,4.344911e-05
8153,162.405182,1000,4.344912e-05
8154,162.425102,1000,4.344913e-05
8155,162.445022,1000,4.344914e-05
8156,162.464941,1000,4.344915e-05
8157,162.484861,1000,4.344915e-05
8158,162.504781,1000,4.344916e-05
8159,162.524700,1000,4.344917e-05
8160,162.544620,1000,4.344918e-05
8161,162.564540,1000,4.344919e-05
8162,162.584459,1000,4.344920e-05
8163,162.604379,1000,4.344920e-05
8164,162.624299,1000,4.344921e-05
8165,162.644219,1000,4.344922e-05
8166,162.664138,1000,4.344923e-05
8167,162.684058,1000,4.344924e-05
8168,162.703978,1000,4.344924e-05
8169,162.723897,1000,4.344925e-05
8170,162.743817,1000,4.344926e-05
8171,162.763737,1000,4.344927e-05
8172,162.783656,1000,4.344928e-05
8173,162.803576,1000,4.344929e-05
8174,162.823496,1000,4.344929e-05
8175,162.843415,1000,4.344930e-05
8176,162.863335,1000,4.344931e-05
8177,162.883255,1000,4.344932e-05
8178,162.903174,1000,4.344933e-05
8179,162.923094,1000,4.344933e-05
8180,162.943014,1000,4.344934e-05
8181,162.962933,1000,4.344935e-05
8182,162.982853,1000,4.344936e-05
8183,163.002773,1000,4.344937e-05
8184,163.022693,1000,4.344938e-05
8185,163.042612,1000,4.344938e-05
8186,163.062532,1000,4.344939e-05
8187,163.082452,1000,4.344940e-05
8188,163.102371,1000,4.344941e-05
8189,163.122291,1000,4.344942e-05
8190,163.142211,1000,4.344942e-05
8191,163.162130,1000,4.344943e-05
8192,163.182050,1000,4.344944e-05
8193,163.201970,1000,4.344945e-05
8194,163.221889,1000,4.344946e-05
8195,163.241809,1000,4.344946e-05
8196,163.261729,1000,4.344947e-05
8197,163.281648,1000,4.344948e-05
8198,163.301568,1000,4.344949e-05
8199,163.321488,1000,4.344950e-05
8200,163.341407,1000,4.344951e-05
8201,163.361327,1000,4.344951e-05
8202,163.381247,1000,4.344952e-05
8203,163.401166,1000,4.344953e-05
8204,163.421086,1000,4.344954e-05
8205,163.441006,1000,4.344955e-05
8206,163.460926,1000,4.344955e-05
8207,163.480845,1000,4.344956e-05
8208,163.500765,1000,4.344957e-05
8209,163.520685,1000,4.344958e-05
8210,163.540604,1000,4.344959e-05
8211,163.560524,1000,4.344960e-05
8212,163.580444,1000,4.344960e-05
8213,163.600363,1000,4.344961e-05
8214,163.620283,1000,4.344962e-05
8215,163.640203,1000,4.344963e-05
8216,163.660122,1000,4.344964e-05
8217,163.680042,1000,4.344964e-05
8218,163.699962,1000,4.344965e-05
8219,163.719881,1000,4.344966e-05
8220,163.739801,1000,4.344967e-05
8221,163.759721,1000,4.344968e-05
8222,163.779640,1000,4.344969e-05
8223,163.799560,1000,4.344969e-05
8224,163.819480,1000,4.344970e-05
8225,163.839400,1000,4.344971e-05
8226,163.859319,1000,4.344972e-05
8227,163.879239,1000,4.344973e-05
8228,163.899159,1000,4.344973e-05
8229,163.919078,1000,4.344974e-05
8230,163.938998,1000,4.344975e-05
8231,163.958918,1000,4.344976e-05
8232,163.978837,1000,4.344977e-05
8233,163.998757,1000,4.344977e-05
8234,164.018677,1000,4.344978e-05
8235,164.038596,1000,4.344979e-05
8236,164.058516,1000,4.344980e-05
8237,164.078436,1000,4.344981e-05
8238,164.098355,1000,4.344982e-05
8239,164.118275,1000,4.344982e-05
8240,164.138195,1000,4.344983e-05
8241,164.158114,1000,4.344984e-05
8242,164.178034,1000,4.344985e-05
8243,164.197954,1000,4.344986e-05
8244,164.217874,1000,4.344986e-05
8245,164.237793,1000,4.344987e-05
8246,164.257713,1000,4.344988e-05
8247,164.277633,1000,4.344989e-05
8248,164.297552,1000,4.344990e-05
8249,164.317472,1000,4.344991e-05
8250,164.337392,1000,4.344991e-05
8251,164.357311,1000,4.344992e-05
8252,164.377231,1000,4.344993e-05
8253,164.397151,1000,4.344994e-05
8254,164.417070,1000,4.344995e-05
8255,164.436990,1000,4.344995e-05
8256,164.456910,1000,4.344996e-05
8257,164.476829,1000,4.344997e-05
8258,164.496749,1000,4.344998e-05
8259,164.516669,1000,4.344999e-05
8260,164.536588,1000,4.344999e-05
8261,164.556508,1000,4.345000e-05
8262,164.576428,1000,4.345001e-05
8263,164.596348,1000,4.345002e-05
8264,164.616267,1000,4.345003e-05
8265,164.636187,1000,4.345004e-05
8266,164.656107,1000,4.345004e-05
8267,164.676026,1000,4.345005e-05
8268,164.695946,1000,4.345006e-05
8269,164.715866,1000,4.345007e-05
8270,164.735785,1000,4.345008e-05
8271,164.755705,1000,4.345008e-05
8272,164.775625,1000,4.345009e-05
8273,164.795544,1000,4.345010e-05
8274,164.815464,1000,4.345011e-05
8275,164.835384,1000,4.345012e-05
8276,164.855303,1000,4.345013e-05
8277,164.875223,1000,4.345013e-05
8278,164.895143,1000,4.345014e-05
8279,164.915062,1000,4.345015e-05
8280,164.934982,1000,4.345016e-05
8281,164.954902,1000,4.345017e-05
8282,164.974822,1000,4.345017e-05
8283,164.994741,1000,4.345018e-05
8284,165.014661,1000,4.345019e-05
8285,165.034581,1000,4.345020e-05
8286,165.054500,1000,4.345021e-05
8287,165.074420,1000,4.345022e-05
8288,165.094340,1000,4.345022e-05
8289,165.114259,1000,4.345023e-05
8290,165.134179,1000,4.345024e-05
8291,165.154099,1000,4.345025e-05
8292,165.174018,1000,4.345026e-05
8293,165.193938,1000,4.345026e-05
8294,165.213858,1000,4.345027e-05
8295,165.233777,1000,4.345028e-05
8296,165.253697,1000,4.345029e-05
8297,165.273617,1000,4.345030e-05
8298,165.293536,1000,4.345030e-05
8299,165.313456,1000,4.345031e-05
8300,165.333376,1000,4.345032e-05
8301,165.353296,1000,4.345033e-05
8302,165.373215,1000,4.345034e-05
8303,165.393135,1000,4.345035e-05
8304,165.413055,1000,4.345035e-05
8305,165.432974,1000,4.345036e-05
8306,165.452894,1000,4.345037e-05
8307,165.472814,1000,4.345038e-05
8308,165.492733,1000,4.345039e-05
8309,165.512653,1000,4.345039e-05
8310,165.532573,1000,4.345040e-05
8311,165.552492,1000,4.345041e-05
8312,165.572412,1000,4.345042e-05
8313,165.592332,1000,4.345043e-05
8314,165.612251,1000,4.345044e-05
8315,165.632171,1000,4.345044e-05
8316,165.652091,1000,4.345045e-05
8317,165.672010,1000,4.345046e-05
8318,165.691930,1000,4.345047e-05
8319,165.711850,1000,4.345048e-05
8320,165.731770,1000,4.345048e-05
8321,165.751689,1000,4.345049e-05
8322,165.771609,1000,4.345050e-05
8323,165.791529,1000,4.345051e-05
8324,165.811448,1000,4.345052e-05
8325,165.831368,1000,4.345052e-05
8326,165.851288,1000,4.345053e-05
8327,165.871207,1000,4.345054e-05
8328,165.891127,1000,4.345055e-05
8329,165.911047,1000,4.345056e-05
8330,165.930966,1000,4.345057e-05
8331,165.950886,1000,4.345057e-05
8332,165.970806,1000,4.345058e-05
8333,165.990725,1000,4.345059e-05
8334,166.010645,1000,4.345060e-05
8335,166.030565,1000,4.345061e-05
8336,166.050484,1000,4.345061e-05
8337,166.070404,1000,4.345062e-05
8338,166.090324,1000,4.345063e-05
8339,166.110243,1000,4.345064e-05
8340,166.130163,1000,4.345065e-05
8341,166.150083,1000,4.345066e-05
8342,166.170003,1000,4.345066e-05
8343,166.189922,1000,4.345067e-05
8344,166.209842,1000,4.345068e-05
8345,166.229762,1000,4.345069e-05
8346,166.249681,1000,4.345070e-05
8347,166.269601,1000,4.345070e-05
8348,166.289521,1000,4.345071e-05
8349,166.309440,1000,4.345072e-05
8350,166.329360,1000,4.345073e-05
8351,166.349280,1000,4.345074e-05
8352,166.369199,1000,4.345075e-05
8353,166.389119,1000,4.345075e-05
8354,166.409039,1000,4.345076e-05
8355,166.428958,1000,4.345077e-05
8356,166.448878,1000,4.345078e-05
8357,166.468798,1000,4.345079e-05
8358,166.488717,1000,4.345079e-05
8359,166.508637,1000,4.345080e-05
8360,166.528557,1000,4.345081e-05
8361,166.548477,1000,4.345082e-05
8362,166.568396,1000,4.345083e-05
8363,166.588316,1000,4.345083e-05
8364,166.608236,1000,4.345084e-05
8365,166.628155,1000,4.345085e-05
8366,166.648075,1000,4.345086e-05
8367,166.667995,1000,4.345087e-05
8368,166.687914,1000,4.345088e-05
8369,166.707834,1000,4.345088e-05
8370,166.727754,1000,4.345089e-05
8371,166.747673,1000,4.345090e-05
8372,166.767593,1000,4.345091e-05
8373,166.787513,1000,4.345092e-05
8374,166.807432,1000,4.345092e-05
8375,166.827352,1000,4.345093e-05
8376,166.847272,1000,4.345094e-05
8377,166.867191,1000,4.345095e-05
8378,166.887111,1000,4.345096e-05
8379,166.907031,1000,4.345097e-05
8380,166.926951,1000,4.345097e-05
8381,166.946870,1000,4.345098e-05
8382,166.966790,1000,4.345099e-05
8383,166.986710,1000,4.345100e-05
8384,167.006629,1000,4.345101e-05
8385,167.026549,1000,4.345101e-05
8386,167.046469,1000,4.345102e-05
8387,167.066388,1000,4.345103e-05
8388,167.086308,1000,4.345104e-05
8389,167.106228,1000,4.345105e-05
8390,167.126147,1000,4.345105e-05
8391,167.146067,1000,4.345106e-05
8392,167.165987,1000,4.345107e-05
8393,167.185906,1000,4.345108e-05
8394,167.205826,1000,4.345109e-05
8395,167.225746,1000,4.345110e-05
8396,167.245665,1000,4.345110e-05
8397,167.265585,1000,4.345111e-05
8398,167.285505,1000,4.345112e-05
8399,167.305425,1000,4.345113e-05
8400,167.325344,1000,4.345114e-05
8401,167.345264,1000,4.345114e-05
8402,167.365184,1000,4.345115e-05
8403,167.385103,1000,4.345116e-05
8404,167.405023,1000,4.345117e-05
8405,167.424943,1000,4.345118e-05
8406,167.444862,1000,4.345119e-05
8407,167.464782,1000,4.345119e-05
8408,167.484702,1000,4.345120e-05
8409,167.504621,1000,4.345121e-05
8410,167.524541,1000,4.345122e-05
8411,167.544461,1000,4.345123e-05
8412,167.564380,1000,4.345123e-05
8413,167.584300,1000,4.345124e-05
8414,167.604220,1000,4.345125e-05
8415,167.624139,1000,4.345126e-05
8416,167.644059,1000,4.345127e-05
8417,167.663979,1000,4.345127e-05
8418,167.683899,1000,4.345128e-05
8419,167.703818,1000,4.345129e-05
8420,167.723738,1000,4.345130e-05
8421,167.743658,1000,4.345131e-05
8422,167.763577,1000,4.345132e-05
8423,167.783497,1000,4.345132e-05
8424,167.803417,1000,4.345133e-05
8425,167.823336,1000,4.345134e-05
8426,167.843256,1000,4.345135e-05
8427,167.863176,1000,4.345136e-05
8428,167.883095,1000,4.345136e-05
8429,167.903015,1000,4.345137e-05
8430,167.922935,1000,4.345138e-05
8431,167.942854,1000,4.345139e-05
8432,167.962774,1000,4.345140e-05
8433,167.982694,1000,4.345141e-05
8434,168.002613,1000,4.345141e-05
8435,168.022533,1000,4.345142e-05
8436,168.042453,1000,4.345143e-05
8437,168.062373,1000,4.345144e-05
8438,168.082292,1000,4.345145e-05
8439,168.102212,1000,4.345145e-05
8440,168.122132,1000,4.345146e-05
8441,168.142051,1000,4.345147e-05
8442,168.161971,1000,4.345148e-05
8443,168.181891,1000,4.345149e-05
8444,168.201810,1000,4.345149e-05
8445,168.221730,1000,4.345150e-05
8446,168.241650,1000,4.345151e-05
8447,168.261569,1000,4.345152e-05
8448,168.281489,1000,4.345153e-05
8449,168.301409,1000,4.345154e-05
8450,168.321328,1000,4.345154e-05
8451,168.341248,1000,4.345155e-05
8452,168.361168,1000,4.345156e-05
8453,168.381087,1000,4.345157e-05
8454,168.401007,1000,4.345158e-05
8455,168.420927,1000,4.345158e-05
8456,168.440847,1000,4.345159e-05
8457,168.460766,1000,4.345160e-05
8458,168.480686,1000,4.345161e-05
8459,168.500606,1000,4.345162e-05
8460,168.520525,1000,4.345163e-05
8461,168.540445,1000,4.345163e-05
8462,168.560365,1000,4.345164e-05
8463,168.580284,1000,4.345165e-05
8464,168.600204,1000,4.345166e-05
8465,168.620124,1000,4.345167e-05
8466,168.640043,1000,4.345167e-05
8467,168.659963,1000,4.345168e-05
8468,168.679883,1000,4.345169e-05
8469,168.699802,1000,4.345170e-05
8470,168.719722,1000,4.345171e-05
8471,168.739642,1000,4.345171e-05
8472,168.759561,1000,4.345172e-05
8473,168.779481,1000,4.345173e-05
8474,168.799401,1000,4.345174e-05
8475,168.819320,1000,4.345175e-05
8476,168.839240,1000,4.345176e-05
8477,168.859160,1000,4.345176e-05
8478,168.879080,1000,4.345177e-05
8479,168.898999,1000,4.345178e-05
8480,168.918919,1000,4.345179e-05
8481,168.938839,1000,4.345180e-05
8482,168.958758,1000,4.345180e-05
8483,168.978678,1000,4.345181e-05
8484,168.998598,1000,4.345182e-05
8485,169.018517,1000,4.345183e-05
8486,169.038437,1000,4.345184e-05
8487,169.058357,1000,4.345185e-05
8488,169.078276,1000,4.345185e-05
8489,169.098196,1000,4.345186e-05
8490,169.118116,1000,4.345187e-05
8491,169.138035,1000,4.345188e-05
8492,169.157955,1000,4.345189e-05
8493,169.177875,1000,4.345189e-05
8494,169.197794,1000,4.345190e-05
8495,169.217714,1000,4.345191e-05
8496,169.237634,1000,4.345192e-05
8497,169.257554,1000,4.345193e-05
8498,169.277473,1000,4.345193e-05
8499,169.297393,1000,4.345194e-05
8500,169.317313,1000,4.345195e-05
8501,169.337232,1000,4.345196e-05
8502,169.357152,1000,4.345197e-05
8503,169.377072,1000,4.345198e-05
8504,169.396991,1000,4.345198e-05
8505,169.416911,1000,4.345199e-05
8506,169.436831,1000,4.345200e-05
8507,169.456750,1000,4.345201e-05
8508,169.476670,1000,4.345202e-05
8509,169.496590,1000,4.345202e-05
8510,169.516509,1000,4.345203e-05
8511,169.536429,1000,4.345204e-05
8512,169.556349,1000,4.345205e-05
8513,169.576268,1000,4.345206e-05
8514,169.596188,1000,4.345207e-05
8515,169.616108,1000,4.345207e-05
8516,169.636028,1000,4.345208e-05
8517,169.655947,1000,4.345209e-05
8518,169.675867,1000,4.345210e-05
8519,169.695787,1000,4.345211e-05
8520,169.715706,1000,4.345211e-05
8521,169.735626,1000,4.345212e-05
8522,169.755546,1000,4.345213e-05
8523,169.775465,1000,4.345214e-05
8524,169.795385,1000,4.345215e-05
8525,169.815305,1000,4.345215e-05
8526,169.835224,1000,4.345216e-05
8527,169.855144,1000,4.345217e-05
8528,169.875064,1000,4.345218e-05
8529,169.894983,1000,4.345219e-05
8530,169.914903,1000,4.345220e-05
8531,169.934823,1000,4.345220e-05
8532,169.954742,1000,4.345221e-05
8533,169.974662,1000,4.345222e-05
8534,169.994582,1000,4.345223e-05
8535,170.014502,1000,4.345224e-05
8536,170.034421,1000,4.345224e-05
8537,170.054341,1000,4.345225e-05
8538,170.074261,1000,4.345226e-05
8539,170.094180,1000,4.345227e-05
8540,170.114100,1000,4.345228e-05
8541,170.134020,1000,4.345229e-05
8542,170.153939,1000,4.345229e-05
8543,170.173859,1000,4.345230e-05
8544,170.193779,1000,4.345231e-05
8545,170.213698,1000,4.345232e-05
8546,170.233618,1000,4.345233e-05
8547,170.253538,1000,4.345233e-05
8548,170.273457,1000,4.345234e-05
8549,170.293377,1000,4.345235e-05
8550,170.313297,1000,4.345236e-05
8551,170.333216,1000,4.345237e-05
8552,170.353136,1000,4.345237e-05
8553,170.373056,1000,4.345238e-05
8554,170.392976,1000,4.345239e-05
8555,170.412895,1000,4.345240e-05
8556,170.432815,1000,4.345241e-05
8557,170.452735,1000,4.345242e-05
8558,170.472654,1000,4.345242e-05
8559,170.492574,1000,4.345243e-05
8560,170.512494,1000,4.345244e-05
8561,170.532413,1000,4.345245e-05
8562,170.552333,1000,4.345246e-05
8563,170.572253,1000,4.345246e-05
8564,170.592172,1000,4.345247e-05
8565,170.612092,1000,4.345248e-05
8566,170.632012,1000,4.345249e-05
8567,170.651931,1000,4.345250e-05
8568,170.671851,1000,4.345251e-05
8569,170.691771,1000,4.345251e-05
8570,170.711690,1000,4.345252e-05
8571,170.731610,1000,4.345253e-05
8572,170.751530,1000,4.345254e-05
8573,170.771450,1000,4.345255e-05
8574,170.791369,1000,4.345255e-05
8575,170.811289,1000,4.345256e-05
8576,170.831209,1000,4.345257e-05
8577,170.851128,1000,4.345258e-05
8578,170.871048,1000,4.345259e-05
8579,170.890968,1000,4.345259e-05
8580,170.910887,1000,4.345260e-05
8581,170.930807,1000,4.345261e-05
8582,170.950727,1000,4.345262e-05
8583,170.970646,1000,4.345263e-05
8584,170.990566,1000,4.345264e-05
8585,171.010486,1000,4.345264e-05
8586,171.030405,1000,4.345265e-05
8587,171.050325,1000,4.345266e-05
8588,171.070245,1000,4.345267e-05
8589,171.090164,1000,4.345268e-05
8590,171.110084,1000,4.345268e-05
8591,171.130004,1000,4.345269e-05
8592,171.149924,1000,4.345270e-05
8593,171.169843,1000,4.345271e-05
8594,171.189763,1000,4.345272e-05
8595,171.209683,1000,4.345273e-05
8596,171.229602,1000,4.345273e-05
8597,171.249522,1000,4.345274e-05
8598,171.269442,1000,4.345275e-05
8599,171.289361,1000,4.345276e-05
8600,171.309281,1000,4.345277e-05
8601,171.329201,1000,4.345277e-05
8602,171.349120,1000,4.345278e-05
8603,171.369040,1000,4.345279e-05
8604,171.388960,1000,4.345280e-05
8605,171.408879,1000,4.345281e-05
8606,171.428799,1000,4.345281e-05
8607,171.448719,1000,4.345282e-05
8608,171.468638,1000,4.345283e-05
8609,171.488558,1000,4.345284e-05
8610,171.508478,1000,4.345285e-05
8611,171.528398,1000,4.345286e-05
8612,171.548317,1000,4.345286e-05
8613,171.568237,1000,4.345287e-05
8614,171.588157,1000,4.345288e-05
8615,171.608076,1000,4.345289e-05
8616,171.627996,1000,4.345290e-05
8617,171.647916,1000,4.345290e-05
8618,171.667835,1000,4.345291e-05
8619,171.687755,1000,4.345292e-05
8620,171.707675,1000,4.345293e-05
8621,171.727594,1000,4.345294e-05
8622,171.747514,1000,4.345295e-05
8623,171.767434,1000,4.345295e-05
8624,171.787353,1000,4.345296e-05
8625,171.807273,1000,4.345297e-05
8626,171.827193,1000,4.345298e-05
8627,171.847112,1000,4.345299e-05
8628,171.867032,1000,4.345299e-05
8629,171.886952,1000,4.345300e-05
8630,171.906871,1000,4.345301e-05
8631,171.926791,1000,4.345302e-05
8632,171.946711,1000,4.345303e-05
8633,171.966631,1000,4.345303e-05
8634,171.986550,1000,4.345304e-05
8635,172.006470,1000,4.345305e-05
8636,172.026390,1000,4.345306e-05
8637,172.046309,1000,4.345307e-05
8638,172.066229,1000,4.345308e-05
8639,172.086149,1000,4.345308e-05
8640,172.106068,1000,4.345309e-05
8641,172.125988,1000,4.345310e-05
8642,172.145908,1000,4.345311e-05
8643,172.165827,1000,4.345312e-05
8644,172.185747,1000,4.345312e-05
8645,172.205667,1000,4.345313e-05
8646,172.225586,1000,4.345314e-05
8647,172.245506,1000,4.345315e-05
8648,172.265426,1000,4.345316e-05
8649,172.285345,1000,4.345317e-05
8650,172.305265,1000,4.345317e-05
8651,172.325185,1000,4.345318e-05
8652,172.345105,1000,4.345319e-05
8653,172.365024,1000,4.345320e-05
8654,172.384944,1000,4.345321e-05
8655,172.404864,1000,4.345321e-05
8656,172.424783,1000,4.345322e-05
8657,172.444703,1000,4.345323e-05
8658,172.464623,1000,4.345324e-05
8659,172.484542,1000,4.345325e-05
8660,172.504462,1000,4.345325e-05
8661,172.524382,1000,4.345326e-05
8662,172.544301,1000,4.345327e-05
8663,172.564221,1000,4.345328e-05
8664,172.584141,1000,4.345329e-05
8665,172.604060,1000,4.345330e-05
8666,172.623980,1000,4.345330e-05
8667,172.643900,1000,4.345331e-05
8668,172.663819,1000,4.345332e-05
8669,172.683739,1000,4.345333e-05
8670,172.703659,1000,4.345334e-05
8671,172.723579,1000,4.345334e-05
8672,172.743498,1000,4.345335e-05
8673,172.763418,1000,4.345336e-05
8674,172.783338,1000,4.345337e-05
8675,172.803257,1000,4.345338e-05
8676,172.823177,1000,4.345338e-05
8677,172.843097,1000,4.345339e-05
8678,172.863016,1000,4.345340e-05
8679,172.882936,1000,4.345341e-05
8680,172.902856,1000,4.345342e-05
8681,172.922775,1000,4.345343e-05
8682,172.942695,1000,4.345343e-05
8683,172.962615,1000,4.345344e-05
8684,172.982534,1000,4.345345e-05
8685,173.002454,1000,4.345346e-05
8686,173.022374,1000,4.345347e-05
8687,173.042293,1000,4.345347e-05
8688,173.062213,1000,4.345348e-05
8689,173.082133,1000,4.345349e-05
8690,173.102053,1000,4.345350e-05
8691,173.121972,1000,4.345351e-05
8692,173.141892,1000,4.345352e-05
8693,173.161812,1000,4.345352e-05
8694,173.181731,1000,4.345353e-05
8695,173.201651,1000,4.345354e-05
8696,173.221571,1000,4.345355e-05
8697,173.241490,1000,4.345356e-05
8698,173.261410,1000,4.345356e-05
8699,173.281330,1000,4.345357e-05
8700,173.301249,1000,4.345358e-05
8701,173.321169,1000,4.345359e-05
8702,173.341089,1000,4.345360e-05
8703,173.361008,1000,4.345360e-05
8704,173.380928,1000,4.345361e-05
8705,173.400848,1000,4.345362e-05
8706,173.420767,1000,4.345363e-05
8707,173.440687,1000,4.345364e-05
8708,173.460607,1000,4.345365e-05
8709,173.480527,1000,4.345365e-05
8710,173.500446,1000,4.345366e-05
8711,173.520366,1000,4.345367e-05
8712,173.540286,1000,4.345368e-05
8713,173.560205,1000,4.345369e-05
8714,173.580125,1000,4.345369e-05
8715,173.600045,1000,4.345370e-05
8716,173.619964,1000,4.345371e-05
8717,173.639884,1000,4.345372e-05
8718,173.659804,1000,4.345373e-05
8719,173.679723,1000,4.345374e-05
8720,173.699643,1000,4.345374e-05
8721,173.719563,1000,4.345375e-05
8722,173.739482,1000,4.345376e-05
8723,173.759402,1000,4.345377e-05
8724,173.779322,1000,4.345378e-05
8725,173.799241,1000,4.345378e-05
8726,173.819161,1000,4.345379e-05
8727,173.839081,1000,4.345380e-05
8728,173.859001,1000,4.345381e-05
8729,173.878920,1000,4.345382e-05
8730,173.898840,1000,4.345382e-05
8731,173.918760,1000,4.345383e-05
8732,173.938679,1000,4.345384e-05
8733,173.958599,1000,4.345385e-05
8734,173.978519,1000,4.345386e-05
8735,173.998438,1000,4.345387e-05
8736,174.018358,1000,4.345387e-05
8737,174.038278,1000,4.345388e-05
8738,174.058197,1000,4.345389e-05
8739,174.078117,1000,4.345390e-05
8740,174.098037,1000,4.345391e-05
8741,174.117956,1000,4.345391e-05
8742,174.137876,1000,4.345392e-05
8743,174.157796,1000,4.345393e-05
8744,174.177715,1000,4.345394e-05
8745,174.197635,1000,4.345395e-05
8746,174.217555,1000,4.345395e-05
8747,174.237475,1000,4.345396e-05
8748,174.257394,1000,4.345397e-05
8749,174.277314,1000,4.345398e-05
8750,174.297234,1000,4.345399e-05
8751,174.317153,1000,4.345400e-05
8752,174.337073,1000,4.345400e-05
8753,174.356993,1000,4.345401e-05
8754,174.376912,1000,4.345402e-05
8755,174.396832,1000,4.345403e-05
8756,174.416752,1000,4.345404e-05
8757,174.436671,1000,4.345404e-05
8758,174.456591,1000,4.345405e-05
8759,174.476511,1000,4.345406e-05
8760,174.496430,1000,4.345407e-05
8761,174.516350,1000,4.345408e-05
8762,174.536270,1000,4.345409e-05
8763,174.556189,1000,4.345409e-05
8764,174.576109,1000,4.345410e-05
8765,174.596029,1000,4.345411e-05
8766,174.615948,1000,4.345412e-05
8767,174.635868,1000,4.345413e-05
8768,174.655788,1000,4.345413e-05
8769,174.675708,1000,4.345414e-05
8770,174.695627,1000,4.345415e-05
8771,174.715547,1000,4.345416e-05
8772,174.735467,1000,4.345417e-05
8773,174.755386,1000,4.345417e-05
8774,174.775306,1000,4.345418e-05
8775,174.795226,1000,4.345419e-05
8776,174.815145,1000,4.345420e-05
8777,174.835065,1000,4.345421e-05
8778,174.854985,1000,4.345422e-05
8779,174.874904,1000,4.345422e-05
8780,174.894824,1000,4.345423e-05
8781,174.914744,1000,4.345424e-05
8782,174.934663,1000,4.345425e-05
8783,174.954583,1000,4.345426e-05
8784,174.974503,1000,4.345426e-05
8785,174.994422,1000,4.345427e-05
8786,175.014342,1000,4.345428e-05
8787,175.034262,1000,4.345429e-05
8788,175.054182,1000,4.345430e-05
8789,175.074101,1000,4.345431e-05
8790,175.094021,1000,4.345431e-05
8791,175.113941,1000,4.345432e-05
8792,175.133860,1000,4.345433e-05
8793,175.153780,1000,4.345434e-05
8794,175.173700,1000,4.345435e-05
8795,175.193619,1000,4.345435e-05
8796,175.213539,1000,4.345436e-05
8797,175.233459,1000,4.345437e-05
8798,175.253378,1000,4.345438e-05
8799,175.273298,1000,4.345439e-05
8800,175.293218,1000,4.345439e-05
8801,175.313137,1000,4.345440e-05
8802,175.333057,1000,4.345441e-05
8803,175.352977,1000,4.345442e-05
8804,175.372896,1000,4.345443e-05
8805,175.392816,1000,4.345444e-05
8806,175.412736,1000,4.345444e-05
8807,175.432656,1000,4.345445e-05
8808,175.452575,1000,4.345446e-05
8809,175.472495,1000,4.345447e-05
8810,175.492415,1000,4.345448e-05
8811,175.512334,1000,4.345448e-05
8812,175.532254,1000,4.345449e-05
8813,175.552174,1000,4.345450e-05
8814,175.572093,1000,4.345451e-05
8815,175.592013,1000,4.345452e-05
8816,175.611933,1000,4.345452e-05
8817,175.631852,1000,4.345453e-05
8818,175.651772,1000,4.345454e-05
8819,175.671692,1000,4.345455e-05
8820,175.691611,1000,4.345456e-05
8821,175.711531,1000,4.345457e-05
8822,175.731451,1000,4.345457e-05
8823,175.751370,1000,4.345458e-05
8824,175.771290,1000,4.345459e-05
8825,175.791210,1000,4.345460e-05
8826,175.811130,1000,4.345461e-05
8827,175.831049,1000,4.345461e-05
8828,175.850969,1000,4.345462e-05
8829,175.870889,1000,4.345463e-05
8830,175.890808,1000,4.345464e-05
8831,175.910728,1000,4.345465e-05
8832,175.930648,1000,4.345466e-05
8833,175.950567,1000,4.345466e-05
8834,175.970487,1000,4.345467e-05
8835,175.990407,1000,4.345468e-05
8836,176.010326,1000,4.345469e-05
8837,176.030246,1000,4.345470e-05
8838,176.050166,1000,4.345470e-05
8839,176.070085,1000,4.345471e-05
8840,176.090005,1000,4.345472e-05
8841,176.109925,1000,4.345473e-05
8842,176.129844,1000,4.345474e-05
8843,176.149764,1000,4.345474e-05
8844,176.169684,1000,4.345475e-05
8845,176.189604,1000,4.345476e-05
8846,176.209523,1000,4.345477e-05
8847,176.229443,1000,4.345478e-05
8848,176.249363,1000,4.345479e-05
8849,176.269282,1000,4.345479e-05
8850,176.289202,1000,4.345480e-05
8851,176.309122,1000,4.345481e-05
8852,176.329041,1000,4.345482e-05
8853,176.348961,1000,4.345483e-05
8854,176.368881,1000,4.345483e-05
8855,176.388800,1000,4.345484e-05
8856,176.408720,1000,4.345485e-05
8857,176.428640,1000,4.345486e-05
8858,176.448559,1000,4.345487e-05
8859,176.468479,1000,4.345487e-05
8860,176.488399,1000,4.345488e-05
8861,176.508318,1000,4.345489e-05
8862,176.528238,1000,4.345490e-05
8863,176.548158,1000,4.345491e-05
8864,176.568078,1000,4.345492e-05
8865,176.587997,1000,4.345492e-05
8866,176.607917,1000,4.345493e-05
8867,176.627837,1000,4.345494e-05
8868,176.647756,1000,4.345495e-05
8869,176.667676,1000,4.345496e-05
8870,176.687596,1000,4.345496e-05
8871,176.707515,1000,4.345497e-05
8872,176.727435,1000,4.345498e-05
8873,176.747355,1000,4.345499e-05
8874,176.767274,1000,4.345500e-05
8875,176.787194,1000,4.345501e-05
8876,176.807114,1000,4.345501e-05
8877,176.827033,1000,4.345502e-05
8878,176.846953,1000,4.345503e-05
8879,176.866873,1000,4.345504e-05
8880,176.886792,1000,4.345505e-05
8881,176.906712,1000,4.345505e-05
8882,176.926632,1000,4.345506e-05
8883,176.946552,1000,4.345507e-05
8884,176.966471,1000,4.345508e-05
8885,176.986391,1000,4.345509e-05
8886,177.006311,1000,4.345509e-05
8887,177.026230,1000,4.345510e-05
8888,177.046150,1000,4.345511e-05
8889,177.066070,1000,4.345512e-05
8890,177.085989,1000,4.345513e-05
8891,177.105909,1000,4.345514e-05
8892,177.125829,1000,4.345514e-05
8893,177.145748,1000,4.345515e-05
8894,177.165668,1000,4.345516e-05
8895,177.185588,1000,4.345517e-05
8896,177.205507,1000,4.345518e-05
8897,177.225427,1000,4.345518e-05
8898,177.245347,1000,4.345519e-05
8899,177.265266,1000,4.345520e-05
8900,177.285186,1000,4.345521e-05
8901,177.305106,1000,4.345522e-05
8902,177.325025,1000,4.345522e-05
8903,177.344945,1000,4.345523e-05
8904,177.364865,1000,4.345524e-05
8905,177.384785,1000,4.345525e-05
8906,177.404704,1000,4.345526e-05
8907,177.424624,1000,4.345527e-05
8908,177.444544,1000,4.345527e-05
8909,177.464463,1000,4.345528e-05
8910,177.484383,1000,4.345529e-05
8911,177.504303,1000,4.345530e-05
8912,177.524222,1000,4.345531e-05
8913,177.544142,1000,4.345531e-05
8914,177.564062,1000,4.345532e-05
8915,177.583981,1000,4.345533e-05
8916,177.603901,1000,4.345534e-05
8917,177.623821,1000,4.345535e-05
8918,177.643740,1000,4.345536e-05
8919,177.663660,1000,4.345536e-05
8920,177.683580,1000,4.345537e-05
8921,177.703499,1000,4.345538e-05
8922,177.723419,1000,4.345539e-05
8923,177.743339,1000,4.345540e-05
8924,177.763259,1000,4.345540e-05
8925,177.783178,1000,4.345541e-05
8926,177.803098,1000,4.345542e-05
8927,177.823018,1000,4.345543e-05
8928,177.842937,1000,4.345544e-05
8929,177.862857,1000,4.345544e-05
8930,177.882777,1000,4.345545e-05
8931,177.902696,1000,4.345546e-05
8932,177.922616,1000,4.345547e-05
8933,177.942536,1000,4.345548e-05
8934,177.962455,1000,4.345549e-05
8935,177.982375,1000,4.345549e-05
8936,178.002295,1000,4.345550e-05
8937,178.022214,1000,4.345551e-05
8938,178.042134,1000,4.345552e-05
8939,178.062054,1000,4.345553e-05
8940,178.081973,1000,4.345553e-05
8941,178.101893,1000,4.345554e-05
8942,178.121813,1000,4.345555e-05
8943,178.141733,1000,4.345556e-05
8944,178.161652,1000,4.345557e-05
8945,178.181572,1000,4.345557e-05
8946,178.201492,1000,4.345558e-05
8947,178.221411,1000,4.345559e-05
8948,178.241331,1000,4.345560e-05
8949,178.261251,1000,4.345561e-05
8950,178.281170,1000,4.345562e-05
8951,178.301090,1000,4.345562e-05
8952,178.321010,1000,4.345563e-05
8953,178.340929,1000,4.345564e-05
8954,178.360849,1000,4.345565e-05
8955,178.380769,1000,4.345566e-05
8956,178.400688,1000,4.345566e-05
8957,178.420608,1000,4.345567e-05
8958,178.440528,1000,4.345568e-05
8959,178.460447,1000,4.345569e-05
8960,178.480367,1000,4.345570e-05
8961,178.500287,1000,4.345570e-05
8962,178.520207,1000,4.345571e-05
8963,178.540126,1000,4.345572e-05
8964,178.560046,1000,4.345573e-05
8965,178.579966,1000,4.345574e-05
8966,178.599885,1000,4.345575e-05
8967,178.619805,1000,4.345575e-05
8968,178.639725,1000,4.345576e-05
8969,178.659644,1000,4.345577e-05
8970,178.679564,1000,4.345578e-05
8971,178.699484,1000,4.345579e-05
8972,178.719403,1000,4.345579e-05
8973,178.739323,1000,4.345580e-05
8974,178.759243,1000,4.345581e-05
8975,178.779162,1000,4.345582e-05
8976,178.799082,1000,4.345583e-05
8977,178.819002,1000,4.345584e-05
8978,178.838921,1000,4.345584e-05
8979,178.858841,1000,4.345585e-05
8980,178.878761,1000,4.345586e-05
8981,178.898681,1000,4.345587e-05
8982,178.918600,1000,4.345588e-05
8983,178.938520,1000,4.345588e-05
8984,178.958440,1000,4.345589e-05
8985,178.978359,1000,4.345590e-05
8986,178.998279,1000,4.345591e-05
8987,179.018199,1000,4.345592e-05
8988,179.038118,1000,4.345592e-05
8989,179.058038,1000,4.345593e-05
8990,179.077958,1000,4.345594e-05
8991,179.097877,1000,4.345595e-05
8992,179.117797,1000,4.345596e-05
8993,179.137717,1000,4.345597e-05
8994,179.157636,1000,4.345597e-05
8995,179.177556,1000,4.345598e-05
8996,179.197476,1000,4.345599e-05
8997,179.217395,1000,4.345600e-05
8998,179.237315,1000,4.345601e-05
8999,179.257235,1000,4.345601e-05
9000,179.277155,1000,4.345602e-05
9001,179.297074,1000,4.345603e-05
9002,179.316994,1000,4.345604e-05
9003,179.336914,1000,4.345605e-05
9004,179.356833,1000,4.345605e-05
9005,179.376753,1000,4.345606e-05
9006,179.396673,1000,4.345607e-05
9007,179.416592,1000,4.345608e-05
9008,179.436512,1000,4.345609e-05
9009,179.456432,1000,4.345610e-05
9010,179.476351,1000,4.345610e-05
9011,179.496271,1000,4.345611e-05
9012,179.516191,1000,4.345612e-05
9013,179.536110,1000,4.345613e-05
9014,179.556030,1000,4.345614e-05
9015,179.575950,1000,4.345614e-05
9016,179.595869,1000,4.345615e-05
9017,179.615789,1000,4.345616e-05
9018,179.635709,1000,4.345617e-05
9019,179.655629,1000,4.345618e-05
9020,179.675548,1000,4.345618e-05
9021,179.695468,1000,4.345619e-05
9022,179.715388,1000,4.345620e-05
9023,179.735307,1000,4.345621e-05
9024,179.755227,1000,4.345622e-05
9025,179.775147,1000,4.345623e-05
9026,179.795066,1000,4.345623e-05
9027,179.814986,1000,4.345624e-05
9028,179.834906,1000,4.345625e-05
9029,179.854825,1000,4.345626e-05
9030,179.874745,1000,4.345627e-05
9031,179.894665,1000,4.345627e-05
9032,179.914584,1000,4.345628e-05
9033,179.934504,1000,4.345629e-05
9034,179.954424,1000,4.345630e-05
9035,179.974343,1000,4.345631e-05
9036,179.994263,1000,4.345632e-05
9037,180.014183,1000,4.345632e-05
9038,180.034102,1000,4.345633e-05
9039,180.054022,1000,4.345634e-05
9040,180.073942,1000,4.345635e-05
9041,180.093862,1000,4.345636e-05
9042,180.113781,1000,4.345636e-05
9043,180.133701,1000,4.345637e-05
9044,180.153621,1000,4.345638e-05
9045,180.173540,1000,4.345639e-05
9046,180.193460,1000,4.345640e-05
9047,180.213380,1000,4.345640e-05
9048,180.233299,1000,4.345641e-05
9049,180.253219,1000,4.345642e-05
9050,180.273139,1000,4.345643e-05
9051,180.293058,1000,4.345644e-05
9052,180.312978,1000,4.345645e-05
9053,180.332898,1000,4.345645e-05
9054,180.352817,1000,4.345646e-05
9055,180.372737,1000,4.345647e-05
9056,180.392657,1000,4.345648e-05
9057,180.412576,1000,4.345649e-05
9058,180.432496,1000,4.345649e-05
9059,180.452416,1000,4.345650e-05
9060,180.472336,1000,4.345651e-05
9061,180.492255,1000,4.345652e-05
9062,180.512175,1000,4.345653e-05
9063,180.532095,1000,4.345653e-05
9064,180.552014,1000,4.345654e-05
9065,180.571934,1000,4.345655e-05
9066,180.591854,1000,4.345656e-05
9067,180.611773,1000,4.345657e-05
9068,180.631693,1000,4.345658e-05
9069,180.651613,1000,4.345658e-05
9070,180.671532,1000,4.345659e-05
9071,180.691452,1000,4.345660e-05
9072,180.711372,1000,4.345661e-05
9073,180.731291,1000,4.345662e-05
9074,180.751211,1000,4.345662e-05
9075,180.771131,1000,4.345663e-05
9076,180.791050,1000,4.345664e-05
9077,180.810970,1000,4.345665e-05
9078,180.830890,1000,4.345666e-05
9079,180.850810,1000,4.345666e-05
9080,180.870729,1000,4.345667e-05
9081,180.890649,1000,4.345668e-05
9082,180.910569,1000,4.345669e-05
9083,180.930488,1000,4.345670e-05
9084,180.950408,1000,4.345671e-05
9085,180.970328,1000,4.345671e-05
9086,180.990247,1000,4.345672e-05
9087,181.010167,1000,4.345673e-05
9088,181.030087,1000,4.345674e-05
9089,181.050006,1000,4.345675e-05
9090,181.069926,1000,4.345675e-05
9091,181.089846,1000,4.345676e-05
9092,181.109765,1000,4.345677e-05
9093,181.129685,1000,4.345678e-05
9094,181.149605,1000,4.345679e-05
9095,181.169524,1000,4.345680e-05
9096,181.189444,1000,4.345680e-05
9097,181.209364,1000,4.345681e-05
9098,181.229284,1000,4.345682e-05
9099,181.249203,1000,4.345683e-05
9100,181.269123,1000,4.345684e-05
9101,181.289043,1000,4.345684e-05
9102,181.308962,1000,4.345685e-05
9103,181.328882,1000,4.345686e-05
9104,181.348802,1000,4.345687e-05
9105,181.368721,1000,4.345688e-05
9106,181.388641,1000,4.345688e-05
9107,181.408561,1000,4.345689e-05
9108,181.428480,1000,4.345690e-05
9109,181.448400,1000,4.345691e-05
9110,181.468320,1000,4.345692e-05
9111,181.488239,1000,4.345693e-05
9112,181.508159,1000,4.345693e-05
9113,181.528079,1000,4.345694e-05
9114,181.547998,1000,4.345695e-05
9115,181.567918,1000,4.345696e-05
9116,181.587838,1000,4.345697e-05
9117,181.607758,1000,4.345697e-05
9118,181.627677,1000,4.345698e-05
9119,181.647597,1000,4.345699e-05
9120,181.667517,1000,4.345700e-05
9121,181.687436,1000,4.345701e-05
9122,181.707356,1000,4.345701e-05
9123,181.727276,1000,4.345702e-05
9124,181.747195,1000,4.345703e-05
9125,181.767115,1000,4.345704e-05
9126,181.787035,1000,4.345705e-05
9127,181.806954,1000,4.345706e-05
9128,181.826874,1000,4.345706e-05
9129,181.846794,1000,4.345707e-05
9130,181.866713,1000,4.345708e-05
9131,181.886633,1000,4.345709e-05
9132,181.906553,1000,4.345710e-05
9133,181.926472,1000,4.345710e-05
9134,181.946392,1000,4.345711e-05
9135,181.966312,1000,4.345712e-05
9136,181.986232,1000,4.345713e-05
9137,182.006151,1000,4.345714e-05
9138,182.026071,1000,4.345714e-05
9139,182.045991,1000,4.345715e-05
9140,182.065910,1000,4.345716e-05
9141,182.085830,1000,4.345717e-05
9142,182.105750,1000,4.345718e-05
9143,182.125669,1000,4.345719e-05
9144,182.145589,1000,4.345719e-05
9145,182.165509,1000,4.345720e-05
9146,182.185428,1000,4.345721e-05
9147,182.205348,1000,4.345722e-05
9148,182.225268,1000,4.345723e-05
9149,182.245187,1000,4.345723e-05
9150,182.265107,1000,4.345724e-05
9151,182.285027,1000,4.345725e-05
9152,182.304946,1000,4.345726e-05
9153,182.324866,1000,4.345727e-05
9154,182.344786,1000,4.345727e-05
9155,182.364706,1000,4.345728e-05
9156,182.384625,1000,4.345729e-05
9157,182.404545,1000,4.345730e-05
9158,182.424465,1000,4.345731e-05
9159,182.444384,1000,4.345732e-05
9160,182.464304,1000,4.345732e-05
9161,182.484224,1000,4.345733e-05
9162,182.504143,1000,4.345734e-05
9163,182.524063,1000,4.345735e-05
9164,182.543983,1000,4.345736e-05
9165,182.563902,1000,4.345736e-05
9166,182.583822,1000,4.345737e-05
9167,182.603742,1000,4.345738e-05
9168,182.623661,1000,4.345739e-05
9169,182.643581,1000,4.345740e-05
9170,182.663501,1000,4.345741e-05
9171,182.683420,1000,4.345741e-05
9172,182.703340,1000,4.345742e-05
9173,182.723260,1000,4.345743e-05
9174,182.743180,1000,4.345744e-05
9175,182.763099,1000,4.345745e-05
9176,182.783019,1000,4.345745e-05
9177,182.802939,1000,4.345746e-05
9178,182.822858,1000,4.345747e-05
9179,182.842778,1000,4.345748e-05
9180,182.862698,1000,4.345749e-05
9181,182.882617,1000,4.345749e-05
9182,182.902537,1000,4.345750e-05
9183,182.922457,1000,4.345751e-05
9184,182.942376,1000,4.345752e-05
9185,182.962296,1000,4.345753e-05
9186,182.982216,1000,4.345754e-05
9187,183.002135,1000,4.345754e-05
9188,183.022055,1000,4.345755e-05
9189,183.041975,1000,4.345756e-05
9190,183.061894,1000,4.345757e-05
9191,183.081814,1000,4.345758e-05
9192,183.101734,1000,4.345758e-05
9193,183.121653,1000,4.345759e-05
9194,183.141573,1000,4.345760e-05
9195,183.161493,1000,4.345761e-05
9196,183.181413,1000,4.345762e-05
9197,183.201332,1000,4.345762e-05
9198,183.221252,1000,4.345763e-05
9199,183.241172,1000,4.345764e-05
9200,183.261091,1000,4.345765e-05
9201,183.281011,1000,4.345766e-05
9202,183.300931,1000,4.345767e-05
9203,183.320850,1000,4.345767e-05
9204,183.340770,1000,4.345768e-05
9205,183.360690,1000,4.345769e-05
9206,183.380609,1000,4.345770e-05
9207,183.400529,1000,4.345771e-05
9208,183.420449,1000,4.345771e-05
9209,183.440368,1000,4.345772e-05
9210,183.460288,1000,4.345773e-05
9211,183.480208,1000,4.345774e-05
9212,183.500127,1000,4.345775e-05
9213,183.520047,1000,4.345775e-05
9214,183.539967,1000,4.345776e-05
9215,183.559887,1000,4.345777e-05
9216,183.579806,1000,4.345778e-05
9217,183.599726,1000,4.345779e-05
9218,183.619646,1000,4.345780e-05
9219,183.639565,1000,4.345780e-05
9220,183.659485,1000,4.345781e-05
9221,183.679405,1000,4.345782e-05
9222,183.699324,1000,4.345783e-05
9223,183.719244,1000,4.345784e-05
9224,183.739164,1000,4.345784e-05
9225,183.759083,1000,4.345785e-05
9226,183.779003,1000,4.345786e-05
9227,183.798923,1000,4.345787e-05
9228,183.818842,1000,4.345788e-05
9229,183.838762,1000,4.345788e-05
9230,183.858682,1000,4.345789e-05
9231,183.878601,1000,4.345790e-05
9232,183.898521,1000,4.345791e-05
9233,183.918441,1000,4.345792e-05
9234,183.938361,1000,4.345793e-05
9235,183.958280,1000,4.345793e-05
9236,183.978200,1000,4.345794e-05
9237,183.998120,1000,4.345795e-05
9238,184.018039,1000,4.345796e-05
9239,184.037959,1000,4.345797e-05
9240,184.057879,1000,4.345797e-05
9241,184.077798,1000,4.345798e-05
9242,184.097718,1000,4.345799e-05
9243,184.117638,1000,4.345800e-05
9244,184.137557,1000,4.345801e-05
9245,184.157477,1000,4.345801e-05
9246,184.177397,1000,4.345802e-05
9247,184.197316,1000,4.345803e-05
9248,184.217236,1000,4.345804e-05
9249,184.237156,1000,4.345805e-05
9250,184.257075,1000,4.345806e-05
9251,184.276995,1000,4.345806e-05
9252,184.296915,1000,4.345807e-05
9253,184.316835,1000,4.345808e-05
9254,184.336754,1000,4.345809e-05
9255,184.356674,1000,4.345810e-05
9256,184.376594,1000,4.345810e-05
9257,184.396513,1000,4.345811e-05
9258,184.416433,1000,4.345812e-05
9259,184.436353,1000,4.345813e-05
9260,184.456272,1000,4.345814e-05
9261,184.476192,1000,4.345814e-05
9262,184.496112,1000,4.345815e-05
9263,184.516031,1000,4.345816e-05
9264,184.535951,1000,4.345817e-05
9265,184.555871,1000,4.345818e-05
9266,184.575790,1000,4.345819e-05
9267,184.595710,1000,4.345819e-05
9268,184.615630,1000,4.345820e-05
9269,184.635549,1000,4.345821e-05
9270,184.655469,1000,4.345822e-05
9271,184.675389,1000,4.345823e-05
9272,184.695309,1000,4.345823e-05
9273,184.715228,1000,4.345824e-05
9274,184.735148,1000,4.345825e-05
9275,184.755068,1000,4.345826e-05
9276,184.774987,1000,4.345827e-05
9277,184.794907,1000,4.345827e-05
9278,184.814827,1000,4.345828e-05
9279,184.834746,1000,4.345829e-05
9280,184.854666,1000,4.345830e-05
9281,184.874586,1000,4.345831e-05
9282,184.894505,1000,4.345832e-05
9283,184.914425,1000,4.345832e-05
9284,184.934345,1000,4.345833e-05
9285,184.954264,1000,4.345834e-05
9286,184.974184,1000,4.345835e-05
9287,184.994104,1000,4.345836e-05
9288,185.014023,1000,4.345836e-05
9289,185.033943,1000,4.345837e-05
9290,185.053863,1000,4.345838e-05
9291,185.073783,1000,4.345839e-05
9292,185.093702,1000,4.345840e-05
9293,185.113622,1000,4.345841e-05
9294,185.133542,1000,4.345841e-05
9295,185.153461,1000,4.345842e-05
9296,185.173381,1000,4.345843e-05
9297,185.193301,1000,4.345844e-05
9298,185.213220,1000,4.345845e-05
9299,185.233140,1000,4.345845e-05
9300,185.253060,1000,4.345846e-05
9301,185.272979,1000,4.345847e-05
9302,185.292899,1000,4.345848e-05
9303,185.312819,1000,4.345849e-05
9304,185.332738,1000,4.345849e-05
9305,185.352658,1000,4.345850e-05
9306,185.372578,1000,4.345851e-05
9307,185.392497,1000,4.345852e-05
9308,185.412417,1000,4.345853e-05
9309,185.432337,1000,4.345854e-05
9310,185.452257,1000,4.345854e-05
9311,185.472176,1000,4.345855e-05
9312,185.492096,1000,4.345856e-05
9313,185.512016,1000,4.345857e-05
9314,185.531935,1000,4.345858e-05
9315,185.551855,1000,4.345858e-05
9316,185.571775,1000,4.345859e-05
9317,185.591694,1000,4.345860e-05
9318,185.611614,1000,4.345861e-05
9319,185.631534,1000,4.345862e-05
9320,185.651453,1000,4.345862e-05
9321,185.671373,1000,4.345863e-05
9322,185.691293,1000,4.345864e-05
9323,185.711212,1000,4.345865e-05
9324,185.731132,1000,4.345866e-05
9325,185.751052,1000,4.345867e-05
9326,185.770971,1000,4.345867e-05
9327,185.790891,1000,4.345868e-05
9328,185.810811,1000,4.345869e-05
9329,185.830730,1000,4.345870e-05
9330,185.850650,1000,4.345871e-05
9331,185.870570,1000,4.345871e-05
9332,185.890490,1000,4.345872e-05
9333,185.910409,1000,4.345873e-05
9334,185.930329,1000,4.345874e-05
9335,185.950249,1000,4.345875e-05
9336,185.970168,1000,4.345875e-05
9337,185.990088,1000,4.345876e-05
9338,186.010008,1000,4.345877e-05
9339,186.029927,1000,4.345878e-05
9340,186.049847,1000,4.345879e-05
9341,186.069767,1000,4.345880e-05
9342,186.089686,1000,4.345880e-05
9343,186.109606,1000,4.345881e-05
9344,186.129526,1000,4.345882e-05
9345,186.149445,1000,4.345883e-05
9346,186.169365,1000,4.345884e-05
9347,186.189285,1000,4.345884e-05
9348,186.209204,1000,4.345885e-05
9349,186.229124,1000,4.345886e-05
9350,186.249044,1000,4.345887e-05
9351,186.268964,1000,4.345888e-05
9352,186.288883,1000,4.345888e-05
9353,186.308803,1000,4.345889e-05
9354,186.328723,1000,4.345890e-05
9355,186.348642,1000,4.345891e-05
9356,186.368562,1000,4.345892e-05
9357,186.388482,1000,4.345893e-05
9358,186.408401,1000,4.345893e-05
9359,186.428321,1000,4.345894e-05
9360,186.448241,1000,4.345895e-05
9361,186.468160,1000,4.345896e-05
9362,186.488080,1000,4.345897e-05
9363,186.508000,1000,4.345897e-05
9364,186.527919,1000,4.345898e-05
9365,186.547839,1000,4.345899e-05
9366,186.567759,1000,4.345900e-05
9367,186.587678,1000,4.345901e-05
9368,186.607598,1000,4.345901e-05
9369,186.627518,1000,4.345902e-05
9370,186.647438,1000,4.345903e-05
9371,186.667357,1000,4.345904e-05
9372,186.687277,1000,4.345905e-05
9373,186.707197,1000,4.345906e-05
9374,186.727116,1000,4.345906e-05
9375,186.747036,1000,4.345907e-05
9376,186.766956,1000,4.345908e-05
9377,186.786875,1000,4.345909e-05
9378,186.806795,1000,4.345910e-05
9379,186.826715,1000,4.345910e-05
9380,186.846634,1000,4.345911e-05
9381,186.866554,1000,4.345912e-05
9382,186.886474,1000,4.345913e-05
9383,186.906393,1000,4.345914e-05
9384,186.926313,1000,4.345914e-05
9385,186.946233,1000,4.345915e-05
9386,186.966152,1000,4.345916e-05
9387,186.986072,1000,4.345917e-05
9388,187.005992,1000,4.345918e-05
9389,187.025912,1000,4.345919e-05
9390,187.045831,1000,4.345919e-05
9391,187.065751,1000,4.345920e-05
9392,187.085671,1000,4.345921e-05
9393,187.105590,1000,4.345922e-05
9394,187.125510,1000,4.345923e-05
9395,187.145430,1000,4.345923e-05
9396,187.165349,1000,4.345924e-05
9397,187.185269,1000,4.345925e-05
9398,187.205189,1000,4.345926e-05
9399,187.225108,1000,4.345927e-05
9400,187.245028,1000,4.345927e-05
9401,187.264948,1000,4.345928e-05
9402,187.284867,1000,4.345929e-05
9403,187.304787,1000,4.345930e-05
9404,187.324707,1000,4.345931e-05
9405,187.344626,1000,4.345932e-05
9406,187.364546,1000,4.345932e-05
9407,187.384466,1000,4.345933e-05
9408,187.404386,1000,4.345934e-05
9409,187.424305,1000,4.345935e-05
9410,187.444225,1000,4.345936e-05
9411,187.464145,1000,4.345936e-05
9412,187.484064,1000,4.345937e-05
9413,187.503984,1000,4.345938e-05
9414,187.523904,1000,4.345939e-05
9415,187.543823,1000,4.345940e-05
9416,187.563743,1000,4.345940e-05
9417,187.583663,1000,4.345941e-05
9418,187.603582,1000,4.345942e-05
9419,187.623502,1000,4.345943e-05
9420,187.643422,1000,4.345944e-05
9421,187.663341,1000,4.345945e-05
9422,187.683261,1000,4.345945e-05
9423,187.703181,1000,4.345946e-05
9424,187.723100,1000,4.345947e-05
9425,187.743020,1000,4.345948e-05
9426,187.762940,1000,4.345949e-05
9427,187.782860,1000,4.345949e-05
9428,187.802779,1000,4.345950e-05
9429,187.822699,1000,4.345951e-05
9430,187.842619,1000,4.345952e-05
9431,187.862538,1000,4.345953e-05
9432,187.882458,1000,4.345953e-05
9433,187.902378,1000,4.345954e-05
9434,187.922297,1000,4.345955e-05
9435,187.942217,1000,4.345956e-05
9436,187.962137,1000,4.345957e-05
9437,187.982056,1000,4.345958e-05
9438,188.001976,1000,4.345958e-05
9439,188.021896,1000,4.345959e-05
9440,188.041815,1000,4.345960e-05
9441,188.061735,1000,4.345961e-05
9442,188.081655,1000,4.345962e-05
9443,188.101574,1000,4.345962e-05
9444,188.121494,1000,4.345963e-05
9445,188.141414,1000,4.345964e-05
9446,188.161334,1000,4.345965e-05
9447,188.181253,1000,4.345966e-05
9448,188.201173,1000,4.345966e-05
9449,188.221093,1000,4.345967e-05
9450,188.241012,1000,4.345968e-05
9451,188.260932,1000,4.345969e-05
9452,188.280852,1000,4.345970e-05
9453,188.300771,1000,4.345971e-05
9454,188.320691,1000,4.345971e-05
9455,188.340611,1000,4.345972e-05
9456,188.360530,1000,4.345973e-05
9457,188.380450,1000,4.345974e-05
9458,188.400370,1000,4.345975e-05
9459,188.420289,1000,4.345975e-05
9460,188.440209,1000,4.345976e-05
9461,188.460129,1000,4.345977e-05
9462,188.480048,1000,4.345978e-05
9463,188.499968,1000,4.345979e-05
9464,188.519888,1000,4.345979e-05
9465,188.539807,1000,4.345980e-05
9466,188.559727,1000,4.345981e-05
9467,188.579647,1000,4.345982e-05
9468,188.599567,1000,4.345983e-05
9469,188.619486,1000,4.345984e-05
9470,188.639406,1000,4.345984e-05
9471,188.659326,1000,4.345985e-05
9472,188.679245,1000,4.345986e-05
9473,188.699165,1000,4.345987e-05
9474,188.719085,1000,4.345988e-05
9475,188.739004,1000,4.345988e-05
9476,188.758924,1000,4.345989e-05
9477,188.778844,1000,4.345990e-05
9478,188.798763,1000,4.345991e-05
9479,188.818683,1000,4.345992e-05
9480,188.838603,1000,4.345992e-05
9481,188.858522,1000,4.345993e-05
9482,188.878442,1000,4.345994e-05
9483,188.898362,1000,4.345995e-05
9484,188.918281,1000,4.345996e-05
9485,188.938201,1000,4.345997e-05
9486,188.958121,1000,4.345997e-05
9487,188.978041,1000,4.345998e-05
9488,188.997960,1000,4.345999e-05
9489,189.017880,1000,4.346000e-05
9490,189.037800,1000,4.346001e-05
9491,189.057719,1000,4.346001e-05
9492,189.077639,1000,4.346002e-05
9493,189.097559,1000,4.346003e-05
9494,189.117478,1000,4.346004e-05
9495,189.137398,1000,4.346005e-05
9496,189.157318,1000,4.346005e-05
9497,189.177237,1000,4.346006e-05
9498,189.197157,1000,4.346007e-05
9499,189.217077,1000,4.346008e-05
9500,189.236996,1000,4.346009e-05
9501,189.256916,1000,4.346010e-05
9502,189.276836,1000,4.346010e-05
9503,189.296755,1000,4.346011e-05
9504,189.316675,1000,4.346012e-05
9505,189.336595,1000,4.346013e-05
9506,189.356515,1000,4.346014e-05
9507,189.376434,1000,4.346014e-05
9508,189.396354,1000,4.346015e-05
9509,189.416274,1000,4.346016e-05
9510,189.436193,1000,4.346017e-05
9511,189.456113,1000,4.346018e-05
9512,189.476033,1000,4.346018e-05
9513,189.495952,1000,4.346019e-05
9514,189.515872,1000,4.346020e-05
9515,189.535792,1000,4.346021e-05
9516,189.555711,1000,4.346022e-05
9517,189.575631,1000,4.346023e-05
9518,189.595551,1000,4.346023e-05
9519,189.615470,1000,4.346024e-05
9520,189.635390,1000,4.346025e-05
9521,189.655310,1000,4.346026e-05
9522,189.675229,1000,4.346027e-05
9523,189.695149,1000,4.346027e-05
9524,189.715069,1000,4.346028e-05
9525,189.734989,1000,4.346029e-05
9526,189.754908,1000,4.346030e-05
9527,189.774828,1000,4.346031e-05
9528,189.794748,1000,4.346031e-05
9529,189.814667,1000,4.346032e-05
9530,189.834587,1000,4.346033e-05
9531,189.854507,1000,4.346034e-05
9532,189.874426,1000,4.346035e-05
9533,189.894346,1000,4.346036e-05
9534,189.914266,1000,4.346036e-05
9535,189.934185,1000,4.346037e-05
9536,189.954105,1000,4.346038e-05
9537,189.974025,1000,4.346039e-05
9538,189.993944,1000,4.346040e-05
9539,190.013864,1000,4.346040e-05
9540,190.033784,1000,4.346041e-05
9541,190.053703,1000,4.346042e-05
9542,190.073623,1000,4.346043e-05
9543,190.093543,1000,4.346044e-05
9544,190.113463,1000,4.346044e-05
9545,190.133382,1000,4.346045e-05
9546,190.153302,1000,4.346046e-05
9547,190.173222,1000,4.346047e-05
9548,190.193141,1000,4.346048e-05
9549,190.213061,1000,4.346049e-05
9550,190.232981,1000,4.346049e-05
9551,190.252900,1000,4.346050e-05
9552,190.272820,1000,4.346051e-05
9553,190.292740,1000,4.346052e-05
9554,190.312659,1000,4.346053e-05
9555,190.332579,1000,4.346053e-05
9556,190.352499,1000,4.346054e-05
9557,190.372418,1000,4.346055e-05
9558,190.392338,1000,4.346056e-05
9559,190.412258,1000,4.346057e-05
9560,190.432177,1000,4.346057e-05
9561,190.452097,1000,4.346058e-05
9562,190.472017,1000,4.346059e-05
9563,190.491937,1000,4.346060e-05
9564,190.511856,1000,4.346061e-05
9565,190.531776,1000,4.346062e-05
9566,190.551696,1000,4.346062e-05
9567,190.571615,1000,4.346063e-05
9568,190.591535,1000,4.346064e-05
9569,190.611455,1000,4.346065e-05
9570,190.631374,1000,4.346066e-05
9571,190.651294,1000,4.346066e-05
9572,190.671214,1000,4.346067e-05
9573,190.691133,1000,4.346068e-05
9574,190.711053,1000,4.346069e-05
9575,190.730973,1000,4.346070e-05
9576,190.750892,1000,4.346070e-05
9577,190.770812,1000,4.346071e-05
9578,190.790732,1000,4.346072e-05
9579,190.810651,1000,4.346073e-05
9580,190.830571,1000,4.346074e-05
9581,190.850491,1000,4.346075e-05
9582,190.870411,1000,4.346075e-05
9583,190.890330,1000,4.346076e-05
9584,190.910250,1000,4.346077e-05
9585,190.930170,1000,4.346078e-05
9586,190.950089,1000,4.346079e-05
9587,190.970009,1000,4.346079e-05
9588,190.989929,1000,4.346080e-05
9589,191.009848,1000,4.346081e-05
9590,191.029768,1000,4.346082e-05
9591,191.049688,1000,4.346083e-05
9592,191.069607,1000,4.346083e-05
9593,191.089527,1000,4.346084e-05
9594,191.109447,1000,4.346085e-05
9595,191.129366,1000,4.346086e-05
9596,191.149286,1000,4.346087e-05
9597,191.169206,1000,4.346088e-05
9598,191.189125,1000,4.346088e-05
9599,191.209045,1000,4.346089e-05
9600,191.228965,1000,4.346090e-05
9601,191.248884,1000,4.346091e-05
9602,191.268804,1000,4.346092e-05
9603,191.288724,1000,4.346092e-05
9604,191.308644,1000,4.346093e-05
9605,191.328563,1000,4.346094e-05
9606,191.348483,1000,4.346095e-05
9607,191.368403,1000,4.346096e-05
9608,191.388322,1000,4.346096e-05
9609,191.408242,1000,4.346097e-05
9610,191.428162,1000,4.346098e-05
9611,191.448081,1000,4.346099e-05
9612,191.468001,1000,4.346100e-05
9613,191.487921,1000,4.346101e-05
9614,191.507840,1000,4.346101e-05
9615,191.527760,1000,4.346102e-05
9616,191.547680,1000,4.346103e-05
9617,191.567599,1000,4.346104e-05
9618,191.587519,1000,4.346105e-05
9619,191.607439,1000,4.346105e-05
9620,191.627358,1000,4.346106e-05
9621,191.647278,1000,4.346107e-05
9622,191.667198,1000,4.346108e-05
9623,191.687118,1000,4.346109e-05
9624,191.707037,1000,4.346109e-05
9625,191.726957,1000,4.346110e-05
9626,191.746877,1000,4.346111e-05
9627,191.766796,1000,4.346112e-05
9628,191.786716,1000,4.346113e-05
9629,191.806636,1000,4.346114e-05
9630,191.826555,1000,4.346114e-05
9631,191.846475,1000,4.346115e-05
9632,191.866395,1000,4.346116e-05
9633,191.886314,1000,4.346117e-05
9634,191.906234,1000,4.346118e-05
9635,191.926154,1000,4.346118e-05
9636,191.946073,1000,4.346119e-05
9637,191.965993,1000,4.346120e-05
9638,191.985913,1000,4.346121e-05
9639,192.005832,1000,4.346122e-05
9640,192.025752,1000,4.346122e-05
9641,192.045672,1000,4.346123e-05
9642,192.065592,1000,4.346124e-05
9643,192.085511,1000,4.346125e-05
9644,192.105431,1000,4.346126e-05
9645,192.125351,1000,4.346127e-05
9646,192.145270,1000,4.346127e-05
9647,192.165190,1000,4.346128e-05
9648,192.185110,1000,4.346129e-05
9649,192.205029,1000,4.346130e-05
9650,192.224949,1000,4.346131e-05
9651,192.244869,1000,4.346131e-05
9652,192.264788,1000,4.346132e-05
9653,192.284708,1000,4.346133e-05
9654,192.304628,1000,4.346134e-05
9655,192.324547,1000,4.346135e-05
9656,192.344467,1000,4.346135e-05
9657,192.364387,1000,4.346136e-05
9658,192.384306,1000,4.346137e-05
9659,192.404226,1000,4.346138e-05
9660,192.424146,1000,4.346139e-05
9661,192.444066,1000,4.346139e-05
9662,192.463985,1000,4.346140e-05
9663,192.483905,1000,4.346141e-05
9664,192.503825,1000,4.346142e-05
9665,192.523744,1000,4.346143e-05
9666,192.543664,1000,4.346144e-05
9667,192.563584,1000,4.346144e-05
9668,192.583503,1000,4.346145e-05
9669,192.603423,1000,4.346146e-05
9670,192.623343,1000,4.346147e-05
9671,192.643262,1000,4.346148e-05
9672,192.663182,1000,4.346148e-05
9673,192.683102,1000,4.346149e-05
9674,192.703021,1000,4.346150e-05
9675,192.722941,1000,4.346151e-05
9676,192.742861,1000,4.346152e-05
9677,192.762780,1000,4.346152e-05
9678,192.782700,1000,4.346153e-05
9679,192.802620,1000,4.346154e-05
9680,192.822540,1000,4.346155e-05
9681,192.842459,1000,4.346156e-05
9682,192.862379,1000,4.346157e-05
9683,192.882299,1000,4.346157e-05
9684,192.902218,1000,4.346158e-05
9685,192.922138,1000,4.346159e-05
9686,192.942058,1000,4.346160e-05
9687,192.961977,1000,4.346161e-05
9688,192.981897,1000,4.346161e-05
9689,193.001817,1000,4.346162e-05
9690,193.021736,1000,4.346163e-05
9691,193.041656,1000,4.346164e-05
9692,193.061576,1000,4.346165e-05
9693,193.081495,1000,4.346165e-05
9694,193.101415,1000,4.346166e-05
9695,193.121335,1000,4.346167e-05
9696,193.141254,1000,4.346168e-05
9697,193.161174,1000,4.346169e-05
9698,193.181094,1000,4.346170e-05
9699,193.201014,1000,4.346170e-05
9700,193.220933,1000,4.346171e-05
9701,193.240853,1000,4.346172e-05
9702,193.260773,1000,4.346173e-05
9703,193.280692,1000,4.346174e-05
9704,193.300612,1000,4.346174e-05
9705,193.320532,1000,4.346175e-05
9706,193.340451,1000,4.346176e-05
9707,193.360371,1000,4.346177e-05
9708,193.380291,1000,4.346178e-05
9709,193.400210,1000,4.346178e-05
9710,193.420130,1000,4.346179e-05
9711,193.440050,1000,4.346180e-05
9712,193.459969,1000,4.346181e-05
9713,193.479889,1000,4.346182e-05
9714,193.499809,1000,4.346183e-05
9715,193.519728,1000,4.346183e-05
9716,193.539648,1000,4.346184e-05
9717,193.559568,1000,4.346185e-05
9718,193.579488,1000,4.346186e-05
9719,193.599407,1000,4.346187e-05
9720,193.619327,1000,4.346187e-05
9721,193.639247,1000,4.346188e-05
9722,193.659166,1000,4.346189e-05
9723,193.679086,1000,4.346190e-05
9724,193.699006,1000,4.346191e-05
9725,193.718925,1000,4.346191e-05
9726,193.738845,1000,4.346192e-05
9727,193.758765,1000,4.346193e-05
9728,193.778684,1000,4.346194e-05
9729,193.798604,1000,4.346195e-05
9730,193.818524,1000,4.346196e-05
9731,193.838443,1000,4.346196e-05
9732,193.858363,1000,4.346197e-05
9733,193.878283,1000,4.346198e-05
9734,193.898202,1000,4.346199e-05
9735,193.918122,1000,4.346200e-05
9736,193.938042,1000,4.346200e-05
9737,193.957961,1000,4.346201e-05
9738,193.977881,1000,4.346202e-05
9739,193.997801,1000,4.346203e-05
9740,194.017721,1000,4.346204e-05
9741,194.037640,1000,4.346204e-05
9742,194.057560,1000,4.346205e-05
9743,194.077480,1000,4.346206e-05
9744,194.097399,1000,4.346207e-05
9745,194.117319,1000,4.346208e-05
9746,194.137239,1000,4.346209e-05
9747,194.157158,1000,4.346209e-05
9748,194.177078,1000,4.346210e-05
9749,194.196998,1000,4.346211e-05
9750,194.216917,1000,4.346212e-05
9751,194.236837,1000,4.346213e-05
9752,194.256757,1000,4.346213e-05
9753,194.276676,1000,4.346214e-05
9754,194.296596,1000,4.346215e-05
9755,194.316516,1000,4.346216e-05
9756,194.336435,1000,4.346217e-05
9757,194.356355,1000,4.346217e-05
9758,194.376275,1000,4.346218e-05
9759,194.396195,1000,4.346219e-05
9760,194.416114,1000,4.346220e-05
9761,194.436034,1000,4.346221e-05
9762,194.455954,1000,4.346221e-05
9763,194.475873,1000,4.346222e-05
9764,194.495793,1000,4.346223e-05
9765,194.515713,1000,4.346224e-05
9766,194.535632,1000,4.346225e-05
9767,194.555552,1000,4.346226e-05
9768,194.575472,1000,4.346226e-05
9769,194.595391,1000,4.346227e-05
9770,194.615311,1000,4.346228e-05
9771,194.635231,1000,4.346229e-05
9772,194.655150,1000,4.346230e-05
9773,194.675070,1000,4.346230e-05
9774,194.694990,1000,4.346231e-05
9775,194.714909,1000,4.346232e-05
9776,194.734829,1000,4.346233e-05
9777,194.754749,1000,4.346234e-05
9778,194.774669,1000,4.346234e-05
9779,194.794588,1000,4.346235e-05
9780,194.814508,1000,4.346236e-05
9781,194.834428,1000,4.346237e-05
9782,194.854347,1000,4.346238e-05
9783,194.874267,1000,4.346239e-05
9784,194.894187,1000,4.346239e-05
9785,194.914106,1000,4.346240e-05
9786,194.934026,1000,4.346241e-05
9787,194.953946,1000,4.346242e-05
9788,194.973865,1000,4.346243e-05
9789,194.993785,1000,4.346243e-05
9790,195.013705,1000,4.346244e-05
9791,195.033624,1000,4.346245e-05
9792,195.053544,1000,4.346246e-05
9793,195.073464,1000,4.346247e-05
9794,195.093383,1000,4.346247e-05
9795,195.113303,1000,4.346248e-05
9796,195.133223,1000,4.346249e-05
9797,195.153143,1000,4.346250e-05
9798,195.173062,1000,4.346251e-05
9799,195.192982,1000,4.346252e-05
9800,195.212902,1000,4.346252e-05
9801,195.232821,1000,4.346253e-05
9802,195.252741,1000,4.346254e-05
9803,195.272661,1000,4.346255e-05
9804,195.292580,1000,4.346256e-05
9805,195.312500,1000,4.346256e-05
9806,195.332420,1000,4.346257e-05
9807,195.352339,1000,4.346258e-05
9808,195.372259,1000,4.346259e-05
9809,195.392179,1000,4.346260e-05
9810,195.412098,1000,4.346260e-05
9811,195.432018,1000,4.346261e-05
9812,195.451938,1000,4.346262e-05
9813,195.471857,1000,4.346263e-05
9814,195.491777,1000,4.346264e-05
9815,195.511697,1000,4.346265e-05
9816,195.531617,1000,4.346265e-05
9817,195.551536,1000,4.346266e-05
9818,195.571456,1000,4.346267e-05
9819,195.591376,1000,4.346268e-05
9820,195.611295,1000,4.346269e-05
9821,195.631215,1000,4.346269e-05
9822,195.651135,1000,4.346270e-05
9823,195.671054,1000,4.346271e-05
9824,195.690974,1000,4.346272e-05
9825,195.710894,1000,4.346273e-05
9826,195.730813,1000,4.346273e-05
9827,195.750733,1000,4.346274e-05
9828,195.770653,1000,4.346275e-05
9829,195.790572,1000,4.346276e-05
9830,195.810492,1000,4.346277e-05
9831,195.830412,1000,4.346278e-05
9832,195.850331,1000,4.346278e-05
9833,195.870251,1000,4.346279e-05
9834,195.890171,1000,4.346280e-05
9835,195.910091,1000,4.346281e-05
9836,195.930010,1000,4.346282e-05
9837,195.949930,1000,4.346282e-05
9838,195.969850,1000,4.346283e-05
9839,195.989769,1000,4.346284e-05
9840,196.009689,1000,4.346285e-05
9841,196.029609,1000,4.346286e-05
9842,196.049528,1000,4.346286e-05
9843,196.069448,1000,4.346287e-05
9844,196.089368,1000,4.346288e-05
9845,196.109287,1000,4.346289e-05
9846,196.129207,1000,4.346290e-05
9847,196.149127,1000,4.346290e-05
9848,196.169046,1000,4.346291e-05
9849,196.188966,1000,4.346292e-05
9850,196.208886,1000,4.346293e-05
9851,196.228805,1000,4.346294e-05
9852,196.248725,1000,4.346295e-05
9853,196.268645,1000,4.346295e-05
9854,196.288565,1000,4.346296e-05
9855,196.308484,1000,4.346297e-05
9856,196.328404,1000,4.346298e-05
9857,196.348324,1000,4.346299e-05
9858,196.368243,1000,4.346299e-05
9859,196.388163,1000,4.346300e-05
9860,196.408083,1000,4.346301e-05
9861,196.428002,1000,4.346302e-05
9862,196.447922,1000,4.346303e-05
9863,196.467842,1000,4.346303e-05
9864,196.487761,1000,4.346304e-05
9865,196.507681,1000,4.346305e-05
9866,196.527601,1000,4.346306e-05
9867,196.547520,1000,4.346307e-05
9868,196.567440,1000,4.346308e-05
9869,196.587360,1000,4.346308e-05
9870,196.607279,1000,4.346309e-05
9871,196.627199,1000,4.346310e-05
9872,196.647119,1000,4.346311e-05
9873,196.667039,1000,4.346312e-05
9874,196.686958,1000,4.346312e-05
9875,196.706878,1000,4.346313e-05
9876,196.726798,1000,4.346314e-05
9877,196.746717,1000,4.346315e-05
9878,196.766637,1000,4.346316e-05
9879,196.786557,1000,4.346316e-05
9880,196.806476,1000,4.346317e-05
9881,196.826396,1000,4.346318e-05
9882,196.846316,1000,4.346319e-05
9883,196.866235,1000,4.346320e-05
9884,196.886155,1000,4.346321e-05
9885,196.906075,1000,4.346321e-05
9886,196.925994,1000,4.346322e-05
9887,196.945914,1000,4.346323e-05
9888,196.965834,1000,4.346324e-05
9889,196.985753,1000,4.346325e-05
9890,197.005673,1000,4.346325e-05
9891,197.025593,1000,4.346326e-05
9892,197.045512,1000,4.346327e-05
9893,197.065432,1000,4.346328e-05
9894,197.085352,1000,4.346329e-05
9895,197.105272,1000,4.346329e-05
9896,197.125191,1000,4.346330e-05
9897,197.145111,1000,4.346331e-05
9898,197.165031,1000,4.346332e-05
9899,197.184950,1000,4.346333e-05
9900,197.204870,1000,4.346334e-05
9901,197.224790,1000,4.346334e-05
9902,197.244709,1000,4.346335e-05
9903,197.264629,1000,4.346336e-05
9904,197.284549,1000,4.346337e-05
9905,197.304468,1000,4.346338e-05
9906,197.324388,1000,4.346338e-05
9907,197.344308,1000,4.346339e-05
9908,197.364227,1000,4.346340e-05
9909,197.384147,1000,4.346341e-05
9910,197.404067,1000,4.346342e-05
9911,197.423986,1000,4.346342e-05
9912,197.443906,1000,4.346343e-05
9913,197.463826,1000,4.346344e-05
9914,197.483746,1000,4.346345e-05
9915,197.503665,1000,4.346346e-05
9916,197.523585,1000,4.346346e-05
9917,197.543505,1000,4.346347e-05
9918,197.563424,1000,4.346348e-05
9919,197.583344,1000,4.346349e-05
9920,197.603264,1000,4.346350e-05
9921,197.623183,1000,4.346351e-05
9922,197.643103,1000,4.346351e-05
9923,197.663023,1000,4.346352e-05
9924,197.682942,1000,4.346353e-05
9925,197.702862,1000,4.346354e-05
9926,197.722782,1000,4.346355e-05
9927,197.742701,1000,4.346355e-05
9928,197.762621,1000,4.346356e-05
9929,197.782541,1000,4.346357e-05
9930,197.802460,1000,4.346358e-05
9931,197.822380,1000,4.346359e-05
9932,197.842300,1000,4.346359e-05
9933,197.862220,1000,4.346360e-05
9934,197.882139,1000,4.346361e-05
9935,197.902059,1000,4.346362e-05
9936,197.921979,1000,4.346363e-05
9937,197.941898,1000,4.346364e-05
9938,197.961818,1000,4.346364e-05
9939,197.981738,1000,4.346365e-05
9940,198.001657,1000,4.346366e-05
9941,198.021577,1000,4.346367e-05
9942,198.041497,1000,4.346368e-05
9943,198.061416,1000,4.346368e-05
9944,198.081336,1000,4.346369e-05
9945,198.101256,1000,4.346370e-05
9946,198.121175,1000,4.346371e-05
9947,198.141095,1000,4.346372e-05
9948,198.161015,1000,4.346372e-05
9949,198.180934,1000,4.346373e-05
9950,198.200854,1000,4.346374e-05
9951,198.220774,1000,4.346375e-05
9952,198.240694,1000,4.346376e-05
9953,198.260613,1000,4.346377e-05
9954,198.280533,1000,4.346377e-05
9955,198.300453,1000,4.346378e-05
9956,198.320372,1000,4.346379e-05
9957,198.340292,1000,4.346380e-05
9958,198.360212,1000,4.346381e-05
9959,198.380131,1000,4.346381e-05
9960,198.400051,1000,4.346382e-05
9961,198.419971,1000,4.346383e-05
9962,198.439890,1000,4.346384e-05
9963,198.459810,1000,4.346385e-05
9964,198.479730,1000,4.346385e-05
9965,198.499649,1000,4.346386e-05
9966,198.519569,1000,4.346387e-05
9967,198.539489,1000,4.346388e-05
9968,198.559408,1000,4.346389e-05
9969,198.579328,1000,4.346389e-05
9970,198.599248,1000,4.346390e-05
9971,198.619168,1000,4.346391e-05
9972,198.639087,1000,4.346392e-05
9973,198.659007,1000,4.346393e-05
9974,198.678927,1000,4.346394e-05
9975,198.698846,1000,4.346394e-05
9976,198.718766,1000,4.346395e-05
9977,198.738686,1000,4.346396e-05
9978,198.758605,1000,4.346397e-05
9979,198.778525,1000,4.346398e-05
9980,198.798445,1000,4.346398e-05
9981,198.818364,1000,4.346399e-05
9982,198.838284,1000,4.346400e-05
9983,198.858204,1000,4.346401e-05
9984,198.878123,1000,4.346402e-05
9985,198.898043,1000,4.346402e-05
9986,198.917963,1000,4.346403e-05
9987,198.937882,1000,4.346404e-05
9988,198.957802,1000,4.346405e-05
9989,198.977722,1000,4.346406e-05
9990,198.997642,1000,4.346407e-05
9991,199.017561,1000,4.346407e-05
9992,199.037481,1000,4.346408e-05
9993,199.057401,1000,4.346409e-05
9994,199.077320,1000,4.346410e-05
9995,199.097240,1000,4.346411e-05
9996,199.117160,1000,4.346411e-05
9997,199.137079,1000,4.346412e-05
9998,199.156999,1000,4.346413e-05
9999,199.176919,1000,4.346414e-05
10000,199.196838,1000,4.346415e-05
10001,199.216758,1000,4.346415e-05
10002,199.236678,1000,4.346416e-05
10003,199.256597,1000,4.346417e-05
10004,199.276517,1000,4.346418e-05
10005,199.296437,1000,4.346419e-05
10006,199.316356,1000,4.346420e-05
10007,199.336276,1000,4.346420e-05
10008,199.356196,1000,4.346421e-05
10009,199.376116,1000,4.346422e-05
10010,199.396035,1000,4.346423e-05
10011,199.415955,1000,4.346424e-05
10012,199.435875,1000,4.346424e-05
10013,199.455794,1000,4.346425e-05
10014,199.475714,1000,4.346426e-05
10015,199.495634,1000,4.346427e-05
10016,199.515553,1000,4.346428e-05
10017,199.535473,1000,4.346428e-05
10018,199.555393,1000,4.346429e-05
10019,199.575312,1000,4.346430e-05
10020,199.595232,1000,4.346431e-05
10021,199.615152,1000,4.346432e-05
10022,199.635071,1000,4.346432e-05
10023,199.654991,1000,4.346433e-05
10024,199.674911,1000,4.346434e-05
10025,199.694830,1000,4.346435e-05
10026,199.714750,1000,4.346436e-05
10027,199.734670,1000,4.346437e-05
10028,199.754589,1000,4.346437e-05
10029,199.774509,1000,4.346438e-05
10030,199.794429,1000,4.346439e-05
10031,199.814349,1000,4.346440e-05
10032,199.834268,1000,4.346441e-05
10033,199.854188,1000,4.346441e-05
10034,199.874108,1000,4.346442e-05
10035,199.894027,1000,4.346443e-05
10036,199.913947,1000,4.346444e-05
10037,199.933867,1000,4.346445e-05
10038,199.953786,1000,4.346445e-05
10039,199.973706,1000,4.346446e-05
10040,199.993626,1000,4.346447e-05
10041,200.013545,1000,4.346448e-05
10042,200.033465,1000,4.346449e-05
10043,200.053385,1000,4.346450e-05
10044,200.073304,1000,4.346450e-05
10045,200.093224,1000,4.346451e-05
10046,200.113144,1000,4.346452e-05
10047,200.133063,1000,4.346453e-05
10048,200.152983,1000,4.346454e-05
10049,200.172903,1000,4.346454e-05
10050,200.192823,1000,4.346455e-05
10051,200.212742,1000,4.346456e-05
10052,200.232662,1000,4.346457e-05
10053,200.252582,1000,4.346458e-05
10054,200.272501,1000,4.346458e-05
10055,200.292421,1000,4.346459e-05
10056,200.312341,1000,4.346460e-05
10057,200.332260,1000,4.346461e-05
10058,200.352180,1000,4.346462e-05
10059,200.372100,1000,4.346463e-05
10060,200.392019,1000,4.346463e-05
10061,200.411939,1000,4.346464e-05
10062,200.431859,1000,4.346465e-05
10063,200.451778,1000,4.346466e-05
10064,200.471698,1000,4.346467e-05
10065,200.491618,1000,4.346467e-05
10066,200.511537,1000,4.346468e-05
10067,200.531457,1000,4.346469e-05
10068,200.551377,1000,4.346470e-05
10069,200.571297,1000,4.346471e-05
10070,200.591216,1000,4.346471e-05
10071,200.611136,1000,4.346472e-05
10072,200.631056,1000,4.346473e-05
10073,200.650975,1000,4.346474e-05
10074,200.670895,1000,4.346475e-05
10075,200.690815,1000,4.346475e-05
10076,200.710734,1000,4.346476e-05
10077,200.730654,1000,4.346477e-05
10078,200.750574,1000,4.346478e-05
10079,200.770493,1000,4.346479e-05
10080,200.790413,1000,4.346480e-05
10081,200.810333,1000,4.346480e-05
10082,200.830252,1000,4.346481e-05
10083,200.850172,1000,4.346482e-05
10084,200.870092,1000,4.346483e-05
10085,200.890011,1000,4.346484e-05
10086,200.909931,1000,4.346484e-05
10087,200.929851,1000,4.346485e-05
10088,200.949771,1000,4.346486e-05
10089,200.969690,1000,4.346487e-05
10090,200.989610,1000,4.346488e-05
10091,201.009530,1000,4.346488e-05
10092,201.029449,1000,4.346489e-05
10093,201.049369,1000,4.346490e-05
10094,201.069289,1000,4.346491e-05
10095,201.089208,1000,4.346492e-05
10096,201.109128,1000,4.346493e-05
10097,201.129048,1000,4.346493e-05
10098,201.148967,1000,4.346494e-05
10099,201.168887,1000,4.346495e-05
10100,201.188807,1000,4.346496e-05
10101,201.208726,1000,4.346497e-05
10102,201.228646,1000,4.346497e-05
10103,201.248566,1000,4.346498e-05
10104,201.268485,1000,4.346499e-05
10105,201.288405,1000,4.346500e-05
10106,201.308325,1000,4.346501e-05
10107,201.328245,1000,4.346501e-05
10108,201.348164,1000,4.346502e-05
10109,201.368084,1000,4.346503e-05
10110,201.388004,1000,4.346504e-05
10111,201.407923,1000,4.346505e-05
10112,201.427843,1000,4.346505e-05
10113,201.447763,1000,4.346506e-05
10114,201.467682,1000,4.346507e-05
10115,201.487602,1000,4.346508e-05
10116,201.507522,1000,4.346509e-05
10117,201.527441,1000,4.346510e-05
10118,201.547361,1000,4.346510e-05
10119,201.567281,1000,4.346511e-05
10120,201.587200,1000,4.346512e-05
10121,201.607120,1000,4.346513e-05
10122,201.627040,1000,4.346514e-05
10123,201.646959,1000,4.346514e-05
10124,201.666879,1000,4.346515e-05
10125,201.686799,1000,4.346516e-05
10126,201.706719,1000,4.346517e-05
10127,201.726638,1000,4.346518e-05
10128,201.746558,1000,4.346518e-05
10129,201.766478,1000,4.346519e-05
10130,201.786397,1000,4.346520e-05
10131,201.806317,1000,4.346521e-05
10132,201.826237,1000,4.346522e-05
10133,201.846156,1000,4.346523e-05
10134,201.866076,1000,4.346523e-05
10135,201.885996,1000,4.346524e-05
10136,201.905915,1000,4.346525e-05
10137,201.925835,1000,4.346526e-05
10138,201.945755,1000,4.346527e-05
10139,201.965674,1000,4.346527e-05
10140,201.985594,1000,4.346528e-05
10141,202.005514,1000,4.346529e-05
10142,202.025433,1000,4.346530e-05
10143,202.045353,1000,4.346531e-05
10144,202.065273,1000,4.346531e-05
10145,202.085193,1000,4.346532e-05
10146,202.105112,1000,4.346533e-05
10147,202.125032,1000,4.346534e-05
10148,202.144952,1000,4.346535e-05
10149,202.164871,1000,4.346536e-05
10150,202.184791,1000,4.346536e-05
10151,202.204711,1000,4.346537e-05
10152,202.224630,1000,4.346538e-05
10153,202.244550,1000,4.346539e-05
10154,202.264470,1000,4.346540e-05
10155,202.284389,1000,4.346540e-05
10156,202.304309,1000,4.346541e-05
10157,202.324229,1000,4.346542e-05
10158,202.344148,1000,4.346543e-05
10159,202.364068,1000,4.346544e-05
10160,202.383988,1000,4.346544e-05
10161,202.403907,1000,4.346545e-05
10162,202.423827,1000,4.346546e-05
10163,202.443747,1000,4.346547e-05
10164,202.463666,1000,4.346548e-05
10165,202.483586,1000,4.346548e-05
10166,202.503506,1000,4.346549e-05
10167,202.523426,1000,4.346550e-05
10168,202.543345,1000,4.346551e-05
10169,202.563265,1000,4.346552e-05
10170,202.583185,1000,4.346553e-05
10171,202.603104,1000,4.346553e-05
10172,202.623024,1000,4.346554e-05
10173,202.642944,1000,4.346555e-05
10174,202.662863,1000,4.346556e-05
10175,202.682783,1000,4.346557e-05
10176,202.702703,1000,4.346557e-05
10177,202.722622,1000,4.346558e-05
10178,202.742542,1000,4.346559e-05
10179,202.762462,1000,4.346560e-05
10180,202.782381,1000,4.346561e-05
10181,202.802301,1000,4.346561e-05
10182,202.822221,1000,4.346562e-05
10183,202.842140,1000,4.346563e-05
10184,202.862060,1000,4.346564e-05
10185,202.881980,1000,4.346565e-05
10186,202.901900,1000,4.346566e-05
10187,202.921819,1000,4.346566e-05
10188,202.941739,1000,4.346567e-05
10189,202.961659,1000,4.346568e-05
10190,202.981578,1000,4.346569e-05
10191,203.001498,1000,4.346570e-05
10192,203.021418,1000,4.346570e-05
10193,203.041337,1000,4.346571e-05
10194,203.061257,1000,4.346572e-05
10195,203.081177,1000,4.346573e-05
10196,203.101096,1000,4.346574e-05
10197,203.121016,1000,4.346574e-05
10198,203.140936,1000,4.346575e-05
10199,203.160855,1000,4.346576e-05
10200,203.180775,1000,4.346577e-05
10201,203.200695,1000,4.346578e-05
10202,203.220614,1000,4.346578e-05
10203,203.240534,1000,4.346579e-05
10204,203.260454,1000,4.346580e-05
10205,203.280374,1000,4.346581e-05
10206,203.300293,1000,4.346582e-05
10207,203.320213,1000,4.346583e-05
10208,203.340133,1000,4.346583e-05
10209,203.360052,1000,4.346584e-05
10210,203.379972,1000,4.346585e-05
10211,203.399892,1000,4.346586e-05
10212,203.419811,1000,4.346587e-05
10213,203.439731,1000,4.346587e-05
10214,203.459651,1000,4.346588e-05
10215,203.479570,1000,4.346589e-05
10216,203.499490,1000,4.346590e-05
10217,203.519410,1000,4.346591e-05
10218,203.539329,1000,4.346591e-05
10219,203.559249,1000,4.346592e-05
10220,203.579169,1000,4.346593e-05
10221,203.599088,1000,4.346594e-05
10222,203.619008,1000,4.346595e-05
10223,203.638928,1000,4.346596e-05
10224,203.658848,1000,4.346596e-05
10225,203.678767,1000,4.346597e-05
10226,203.698687,1000,4.346598e-05
10227,203.718607,1000,4.346599e-05
10228,203.738526,1000,4.346600e-05
10229,203.758446,1000,4.346600e-05
10230,203.778366,1000,4.346601e-05
10231,203.798285,1000,4.346602e-05
10232,203.818205,1000,4.346603e-05
10233,203.838125,1000,4.346604e-05
10234,203.858044,1000,4.346604e-05
10235,203.877964,1000,4.346605e-05
10236,203.897884,1000,4.346606e-05
10237,203.917803,1000,4.346607e-05
10238,203.937723,1000,4.346608e-05
10239,203.957643,1000,4.346608e-05
10240,203.977562,1000,4.346609e-05
10241,203.997482,1000,4.346610e-05
10242,204.017402,1000,4.346611e-05
10243,204.037322,1000,4.346612e-05
10244,204.057241,1000,4.346613e-05
10245,204.077161,1000,4.346613e-05
10246,204.097081,1000,4.346614e-05
10247,204.117000,1000,4.346615e-05
10248,204.136920,1000,4.346616e-05
10249,204.156840,1000,4.346617e-05
10250,204.176759,1000,4.346617e-05
10251,204.196679,1000,4.346618e-05
10252,204.216599,1000,4.346619e-05
10253,204.236518,1000,4.346620e-05
10254,204.256438,1000,4.346621e-05
10255,204.276358,1000,4.346621e-05
10256,204.296277,1000,4.346622e-05
10257,204.316197,1000,4.346623e-05
10258,204.336117,1000,4.346624e-05
10259,204.356036,1000,4.346625e-05
10260,204.375956,1000,4.346626e-05
10261,204.395876,1000,4.346626e-05
10262,204.415796,1000,4.346627e-05
10263,204.435715,1000,4.346628e-05
10264,204.455635,1000,4.346629e-05
10265,204.475555,1000,4.346630e-05
10266,204.495474,1000,4.346630e-05
10267,204.515394,1000,4.346631e-05
10268,204.535314,1000,4.346632e-05
10269,204.555233,1000,4.346633e-05
10270,204.575153,1000,4.346634e-05
10271,204.595073,1000,4.346634e-05
10272,204.614992,1000,4.346635e-05
10273,204.634912,1000,4.346636e-05
10274,204.654832,1000,4.346637e-05
10275,204.674751,1000,4.346638e-05
10276,204.694671,1000,4.346638e-05
10277,204.714591,1000,4.346639e-05
10278,204.734510,1000,4.346640e-05
10279,204.754430,1000,4.346641e-05
10280,204.774350,1000,4.346642e-05
10281,204.794270,1000,4.346643e-05
10282,204.814189,1000,4.346643e-05
10283,204.834109,1000,4.346644e-05
10284,204.854029,1000,4.346645e-05
10285,204.873948,1000,4.346646e-05
10286,204.893868,1000,4.346647e-05
10287,204.913788,1000,4.346647e-05
10288,204.933707,1000,4.346648e-05
10289,204.953627,1000,4.346649e-05
10290,204.973547,1000,4.346650e-05
10291,204.993466,1000,4.346651e-05
10292,205.013386,1000,4.346651e-05
10293,205.033306,1000,4.346652e-05
10294,205.053225,1000,4.346653e-05
10295,205.073145,1000,4.346654e-05
10296,205.093065,1000,4.346655e-05
10297,205.112984,1000,4.346655e-05
10298,205.132904,1000,4.346656e-05
10299,205.152824,1000,4.346657e-05
10300,205.172743,1000,4.346658e-05
10301,205.192663,1000,4.346659e-05
10302,205.212583,1000,4.346660e-05
10303,205.232503,1000,4.346660e-05
10304,205.252422,1000,4.346661e-05
10305,205.272342,1000,4.346662e-05
10306,205.292262,1000,4.346663e-05
10307,205.312181,1000,4.346664e-05
10308,205.332101,1000,4.346664e-05
10309,205.352021,1000,4.346665e-05
10310,205.371940,1000,4.346666e-05
10311,205.391860,1000,4.346667e-05
10312,205.411780,1000,4.346668e-05
10313,205.431699,1000,4.346668e-05
10314,205.451619,1000,4.346669e-05
10315,205.471539,1000,4.346670e-05
10316,205.491458,1000,4.346671e-05
10317,205.511378,1000,4.346672e-05
10318,205.531298,1000,4.346673e-05
10319,205.551217,1000,4.346673e-05
10320,205.571137,1000,4.346674e-05
10321,205.591057,1000,4.346675e-05
10322,205.610977,1000,4.346676e-05
10323,205.630896,1000,4.346677e-05
10324,205.650816,1000,4.346677e-05
10325,205.670736,1000,4.346678e-05
10326,205.690655,1000,4.346679e-05
10327,205.710575,1000,4.346680e-05
10328,205.730495,1000,4.346681e-05
10329,205.750414,1000,4.346681e-05
10330,205.770334,1000,4.346682e-05
10331,205.790254,1000,4.346683e-05
10332,205.810173,1000,4.346684e-05
10333,205.830093,1000,4.346685e-05
10334,205.850013,1000,4.346685e-05
10335,205.869932,1000,4.346686e-05
10336,205.889852,1000,4.346687e-05
10337,205.909772,1000,4.346688e-05
10338,205.929691,1000,4.346689e-05
10339,205.949611,1000,4.346690e-05
10340,205.969531,1000,4.346690e-05
10341,205.989451,1000,4.346691e-05
10342,206.009370,1000,4.346692e-05
10343,206.029290,1000,4.346693e-05
10344,206.049210,1000,4.346694e-05
10345,206.069129,1000,4.346694e-05
10346,206.089049,1000,4.346695e-05
10347,206.108969,1000,4.346696e-05
10348,206.128888,1000,4.346697e-05
10349,206.148808,1000,4.346698e-05
10350,206.168728,1000,4.346698e-05
10351,206.188647,1000,4.346699e-05
10352,206.208567,1000,4.346700e-05
10353,206.228487,1000,4.346701e-05
10354,206.248406,1000,4.346702e-05
10355,206.268326,1000,4.346703e-05
10356,206.288246,1000,4.346703e-05
10357,206.308165,1000,4.346704e-05
10358,206.328085,1000,4.346705e-05
10359,206.348005,1000,4.346706e-05
10360,206.367925,1000,4.346707e-05
10361,206.387844,1000,4.346707e-05
10362,206.407764,1000,4.346708e-05
10363,206.427684,1000,4.346709e-05
10364,206.447603,1000,4.346710e-05
10365,206.467523,1000,4.346711e-05
10366,206.487443,1000,4.346711e-05
10367,206.507362,1000,4.346712e-05
10368,206.527282,1000,4.346713e-05
10369,206.547202,1000,4.346714e-05
10370,206.567121,1000,4.346715e-05
10371,206.587041,1000,4.346715e-05
10372,206.606961,1000,4.346716e-05
10373,206.626880,1000,4.346717e-05
10374,206.646800,1000,4.346718e-05
10375,206.666720,1000,4.346719e-05
10376,206.686639,1000,4.346720e-05
10377,206.706559,1000,4.346720e-05
10378,206.726479,1000,4.346721e-05
10379,206.746399,1000,4.346722e-05
10380,206.766318,1000,4.346723e-05
10381,206.786238,1000,4.346724e-05
10382,206.806158,1000,4.346724e-05
10383,206.826077,1000,4.346725e-05
10384,206.845997,1000,4.346726e-05
10385,206.865917,1000,4.346727e-05
10386,206.885836,1000,4.346728e-05
10387,206.905756,1000,4.346728e-05
10388,206.925676,1000,4.346729e-05
10389,206.945595,1000,4.346730e-05
10390,206.965515,1000,4.346731e-05
10391,206.985435,1000,4.346732e-05
10392,207.005354,1000,4.346732e-05
10393,207.025274,1000,4.346733e-05
10394,207.045194,1000,4.346734e-05
10395,207.065113,1000,4.346735e-05
10396,207.085033,1000,4.346736e-05
10397,207.104953,1000,4.346737e-05
10398,207.124873,1000,4.346737e-05
10399,207.144792,1000,4.346738e-05
10400,207.164712,1000,4.346739e-05
10401,207.184632,1000,4.346740e-05
10402,207.204551,1000,4.346741e-05
10403,207.224471,1000,4.346741e-05
10404,207.244391,1000,4.346742e-05
10405,207.264310,1000,4.346743e-05
10406,207.284230,1000,4.346744e-05
10407,207.304150,1000,4.346745e-05
10408,207.324069,1000,4.346745e-05
10409,207.343989,1000,4.346746e-05
10410,207.363909,1000,4.346747e-05
10411,207.383828,1000,4.346748e-05
10412,207.403748,1000,4.346749e-05
10413,207.423668,1000,4.346750e-05
10414,207.443587,1000,4.346750e-05
10415,207.463507,1000,4.346751e-05
10416,207.483427,1000,4.346752e-05
10417,207.503347,1000,4.346753e-05
10418,207.523266,1000,4.346754e-05
10419,207.543186,1000,4.346754e-05
10420,207.563106,1000,4.346755e-05
10421,207.583025,1000,4.346756e-05
10422,207.602945,1000,4.346757e-05
10423,207.622865,1000,4.346758e-05
10424,207.642784,1000,4.346758e-05
10425,207.662704,1000,4.346759e-05
10426,207.682624,1000,4.346760e-05
10427,207.702543,1000,4.346761e-05
10428,207.722463,1000,4.346762e-05
10429,207.742383,1000,4.346762e-05
10430,207.762302,1000,4.346763e-05
10431,207.782222,1000,4.346764e-05
10432,207.802142,1000,4.346765e-05
10433,207.822061,1000,4.346766e-05
10434,207.841981,1000,4.346767e-05
10435,207.861901,1000,4.346767e-05
10436,207.881820,1000,4.346768e-05
10437,207.901740,1000,4.346769e-05
10438,207.921660,1000,4.346770e-05
10439,207.941580,1000,4.346771e-05
10440,207.961499,1000,4.346771e-05
10441,207.981419,1000,4.346772e-05
10442,208.001339,1000,4.346773e-05
10443,208.021258,1000,4.346774e-05
10444,208.041178,1000,4.346775e-05
10445,208.061098,1000,4.346775e-05
10446,208.081017,1000,4.346776e-05
10447,208.100937,1000,4.346777e-05
10448,208.120857,1000,4.346778e-05
10449,208.140776,1000,4.346779e-05
10450,208.160696,1000,4.346779e-05
10451,208.180616,1000,4.346780e-05
10452,208.200535,1000,4.346781e-05
10453,208.220455,1000,4.346782e-05
10454,208.240375,1000,4.346783e-05
10455,208.260294,1000,4.346784e-05
10456,208.280214,1000,4.346784e-05
10457,208.300134,1000,4.346785e-05
10458,208.320054,1000,4.346786e-05
10459,208.339973,1000,4.346787e-05
10460,208.359893,1000,4.346788e-05
10461,208.379813,1000,4.346788e-05
10462,208.399732,1000,4.346789e-05
10463,208.419652,1000,4.346790e-05
10464,208.439572,1000,4.346791e-05
10465,208.459491,1000,4.346792e-05
10466,208.479411,1000,4.346792e-05
10467,208.499331,1000,4.346793e-05
10468,208.519250,1000,4.346794e-05
10469,208.539170,1000,4.346795e-05
10470,208.559090,1000,4.346796e-05
10471,208.579009,1000,4.346797e-05
10472,208.598929,1000,4.346797e-05
10473,208.618849,1000,4.346798e-05
10474,208.638768,1000,4.346799e-05
10475,208.658688,1000,4.346800e-05
10476,208.678608,1000,4.346801e-05
10477,208.698528,1000,4.346801e-05
10478,208.718447,1000,4.346802e-05
10479,208.738367,1000,4.346803e-05
10480,208.758287,1000,4.346804e-05
10481,208.778206,1000,4.346805e-05
10482,208.798126,1000,4.346805e-05
10483,208.818046,1000,4.346806e-05
10484,208.837965,1000,4.346807e-05
10485,208.857885,1000,4.346808e-05
10486,208.877805,1000,4.346809e-05
10487,208.897724,1000,4.346809e-05
10488,208.917644,1000,4.346810e-05
10489,208.937564,1000,4.346811e-05
10490,208.957483,1000,4.346812e-05
10491,208.977403,1000,4.346813e-05
10492,208.997323,1000,4.346814e-05
10493,209.017242,1000,4.346814e-05
10494,209.037162,1000,4.346815e-05
10495,209.057082,1000,4.346816e-05
10496,209.077002,1000,4.346817e-05
10497,209.096921,1000,4.346818e-05
10498,209.116841,1000,4.346818e-05
10499,209.136761,1000,4.346819e-05
10500,209.156680,1000,4.346820e-05
10501,209.176600,1000,4.346821e-05
10502,209.196520,1000,4.346822e-05
10503,209.216439,1000,4.346822e-05
10504,209.236359,1000,4.346823e-05
10505,209.256279,1000,4.346824e-05
10506,209.276198,1000,4.346825e-05
10507,209.296118,1000,4.346826e-05
10508,209.316038,1000,4.346826e-05
10509,209.335957,1000,4.346827e-05
10510,209.355877,1000,4.346828e-05
10511,209.375797,1000,4.346829e-05
10512,209.395716,1000,4.346830e-05
10513,209.415636,1000,4.346831e-05
10514,209.435556,1000,4.346831e-05
10515,209.455476,1000,4.346832e-05
10516,209.475395,1000,4.346833e-05
10517,209.495315,1000,4.346834e-05
10518,209.515235,1000,4.346835e-05
10519,209.535154,1000,4.346835e-05
10520,209.555074,1000,4.346836e-05
10521,209.574994,1000,4.346837e-05
10522,209.594913,1000,4.346838e-05
10523,209.614833,1000,4.346839e-05
10524,209.634753,1000,4.346839e-05
10525,209.654672,1000,4.346840e-05
10526,209.674592,1000,4.346841e-05
10527,209.694512,1000,4.346842e-05
10528,209.714431,1000,4.346843e-05
10529,209.734351,1000,4.346844e-05
10530,209.754271,1000,4.346844e-05
10531,209.774190,1000,4.346845e-05
10532,209.794110,1000,4.346846e-05
10533,209.814030,1000,4.346847e-05
10534,209.833950,1000,4.346848e-05
10535,209.853869,1000,4.346848e-05
10536,209.873789,1000,4.346849e-05
10537,209.893709,1000,4.346850e-05
10538,209.913628,1000,4.346851e-05
10539,209.933548,1000,4.346852e-05
10540,209.953468,1000,4.346852e-05
10541,209.973387,1000,4.346853e-05
10542,209.993307,1000,4.346854e-05
10543,210.013227,1000,4.346855e-05
10544,210.033146,1000,4.346856e-05
10545,210.053066,1000,4.346856e-05
10546,210.072986,1000,4.346857e-05
10547,210.092905,1000,4.346858e-05
10548,210.112825,1000,4.346859e-05
10549,210.132745,1000,4.346860e-05
10550,210.152664,1000,4.346861e-05
10551,210.172584,1000,4.346861e-05
10552,210.192504,1000,4.346862e-05
10553,210.212424,1000,4.346863e-05
10554,210.232343,1000,4.346864e-05
10555,210.252263,1000,4.346865e-05
10556,210.272183,1000,4.346865e-05
10557,210.292102,1000,4.346866e-05
10558,210.312022,1000,4.346867e-05
10559,210.331942,1000,4.346868e-05
10560,210.351861,1000,4.346869e-05
10561,210.371781,1000,4.346869e-05
10562,210.391701,1000,4.346870e-05
10563,210.411620,1000,4.346871e-05
10564,210.431540,1000,4.346872e-05
10565,210.451460,1000,4.346873e-05
10566,210.471379,1000,4.346873e-05
10567,210.491299,1000,4.346874e-05
10568,210.511219,1000,4.346875e-05
10569,210.531138,1000,4.346876e-05
10570,210.551058,1000,4.346877e-05
10571,210.570978,1000,4.346878e-05
10572,210.590898,1000,4.346878e-05
10573,210.610817,1000,4.346879e-05
10574,210.630737,1000,4.346880e-05
10575,210.650657,1000,4.346881e-05
10576,210.670576,1000,4.346882e-05
10577,210.690496,1000,4.346882e-05
10578,210.710416,1000,4.346883e-05
10579,210.730335,1000,4.346884e-05
10580,210.750255,1000,4.346885e-05
10581,210.770175,1000,4.346886e-05
10582,210.790094,1000,4.346886e-05
10583,210.810014,1000,4.346887e-05
10584,210.829934,1000,4.346888e-05
10585,210.849853,1000,4.346889e-05
10586,210.869773,1000,4.346890e-05
10587,210.889693,1000,4.346890e-05
10588,210.909612,1000,4.346891e-05
10589,210.929532,1000,4.346892e-05
10590,210.949452,1000,4.346893e-05
10591,210.969371,1000,4.346894e-05
10592,210.989291,1000,4.346895e-05
10593,211.009211,1000,4.346895e-05
10594,211.029131,1000,4.346896e-05
10595,211.049050,1000,4.346897e-05
10596,211.068970,1000,4.346898e-05
10597,211.088890,1000,4.346899e-05
10598,211.108809,1000,4.346899e-05
10599,211.128729,1000,4.346900e-05
10600,211.148649,1000,4.346901e-05
10601,211.168568,1000,4.346902e-05
10602,211.188488,1000,4.346903e-05
10603,211.208408,1000,4.346903e-05
10604,211.228327,1000,4.346904e-05
10605,211.248247,1000,4.346905e-05
10606,211.268167,1000,4.346906e-05
10607,211.288086,1000,4.346907e-05
10608,211.308006,1000,4.346907e-05
10609,211.327926,1000,4.346908e-05
10610,211.347845,1000,4.346909e-05
10611,211.367765,1000,4.346910e-05
10612,211.387685,1000,4.346911e-05
10613,211.407605,1000,4.346912e-05
10614,211.427524,1000,4.346912e-05
10615,211.447444,1000,4.346913e-05
10616,211.467364,1000,4.346914e-05
10617,211.487283,1000,4.346915e-05
10618,211.507203,1000,4.346916e-05
10619,211.527123,1000,4.346916e-05
10620,211.547042,1000,4.346917e-05
10621,211.566962,1000,4.346918e-05
10622,211.586882,1000,4.346919e-05
10623,211.606801,1000,4.346920e-05
10624,211.626721,1000,4.346920e-05
10625,211.646641,1000,4.346921e-05
10626,211.666560,1000,4.346922e-05
10627,211.686480,1000,4.346923e-05
10628,211.706400,1000,4.346924e-05
10629,211.726319,1000,4.346925e-05
10630,211.746239,1000,4.346925e-05
10631,211.766159,1000,4.346926e-05
10632,211.786079,1000,4.346927e-05
10633,211.805998,1000,4.346928e-05
10634,211.825918,1000,4.346929e-05
10635,211.845838,1000,4.346929e-05
10636,211.865757,1000,4.346930e-05
10637,211.885677,1000,4.346931e-05
10638,211.905597,1000,4.346932e-05
10639,211.925516,1000,4.346933e-05
10640,211.945436,1000,4.346933e-05
10641,211.965356,1000,4.346934e-05
10642,211.985275,1000,4.346935e-05
10643,212.005195,1000,4.346936e-05
10644,212.025115,1000,4.346937e-05
10645,212.045034,1000,4.346937e-05
10646,212.064954,1000,4.346938e-05
10647,212.084874,1000,4.346939e-05
10648,212.104793,1000,4.346940e-05
10649,212.124713,1000,4.346941e-05
10650,212.144633,1000,4.346942e-05
10651,212.164553,1000,4.346942e-05
10652,212.184472,1000,4.346943e-05
10653,212.204392,1000,4.346944e-05
10654,212.224312,1000,4.346945e-05
10655,212.244231,1000,4.346946e-05
10656,212.264151,1000,4.346946e-05
10657,212.284071,1000,4.346947e-05
10658,212.303990,1000,4.346948e-05
10659,212.323910,1000,4.346949e-05
10660,212.343830,1000,4.346950e-05
10661,212.363749,1000,4.346950e-05
10662,212.383669,1000,4.346951e-05
10663,212.403589,1000,4.346952e-05
10664,212.423508,1000,4.346953e-05
10665,212.443428,1000,4.346954e-05
10666,212.463348,1000,4.346954e-05
10667,212.483267,1000,4.346955e-05
10668,212.503187,1000,4.346956e-05
10669,212.523107,1000,4.346957e-05
10670,212.543027,1000,4.346958e-05
10671,212.562946,1000,4.346959e-05
10672,212.582866,1000,4.346959e-05
10673,212.602786,1000,4.346960e-05
10674,212.622705,1000,4.346961e-05
10675,212.642625,1000,4.346962e-05
10676,212.662545,1000,4.346963e-05
10677,212.682464,1000,4.346963e-05
10678,212.702384,1000,4.346964e-05
10679,212.722304,1000,4.346965e-05
10680,212.742223,1000,4.346966e-05
10681,212.762143,1000,4.346967e-05
10682,212.782063,1000,4.346967e-05
10683,212.801982,1000,4.346968e-05
10684,212.821902,1000,4.346969e-05
10685,212.841822,1000,4.346970e-05
10686,212.861741,1000,4.346971e-05
10687,212.881661,1000,4.346971e-05
10688,212.901581,1000,4.346972e-05
10689,212.921501,1000,4.346973e-05
10690,212.941420,1000,4.346974e-05
10691,212.961340,1000,4.346975e-05
10692,212.981260,1000,4.346976e-05
10693,213.001179,1000,4.346976e-05
10694,213.021099,1000,4.346977e-05
10695,213.041019,1000,4.346978e-05
10696,213.060938,1000,4.346979e-05
10697,213.080858,1000,4.346980e-05
10698,213.100778,1000,4.346980e-05
10699,213.120697,1000,4.346981e-05
10700,213.140617,1000,4.346982e-05
10701,213.160537,1000,4.346983e-05
10702,213.180456,1000,4.346984e-05
10703,213.200376,1000,4.346984e-05
10704,213.220296,1000,4.346985e-05
10705,213.240215,1000,4.346986e-05
10706,213.260135,1000,4.346987e-05
10707,213.280055,1000,4.346988e-05
10708,213.299975,1000,4.346988e-05
10709,213.319894,1000,4.346989e-05
10710,213.339814,1000,4.346990e-05
10711,213.359734,1000,4.346991e-05
10712,213.379653,1000,4.346992e-05
10713,213.399573,1000,4.346993e-05
10714,213.419493,1000,4.346993e-05
10715,213.439412,1000,4.346994e-05
10716,213.459332,1000,4.346995e-05
10717,213.479252,1000,4.346996e-05
10718,213.499171,1000,4.346997e-05
10719,213.519091,1000,4.346997e-05
10720,213.539011,1000,4.346998e-05
10721,213.558930,1000,4.346999e-05
10722,213.578850,1000,4.347000e-05
10723,213.598770,1000,4.347001e-05
10724,213.618689,1000,4.347001e-05
10725,213.638609,1000,4.347002e-05
10726,213.658529,1000,4.347003e-05
10727,213.678448,1000,4.347004e-05
10728,213.698368,1000,4.347005e-05
10729,213.718288,1000,4.347005e-05
10730,213.738208,1000,4.347006e-05
10731,213.758127,1000,4.347007e-05
10732,213.778047,1000,4.347008e-05
10733,213.797967,1000,4.347009e-05
10734,213.817886,1000,4.347010e-05
10735,213.837806,1000,4.347010e-05
10736,213.857726,1000,4.347011e-05
10737,213.877645,1000,4.347012e-05
10738,213.897565,1000,4.347013e-05
10739,213.917485,1000,4.347014e-05
10740,213.937404,1000,4.347014e-05
10741,213.957324,1000,4.347015e-05
10742,213.977244,1000,4.347016e-05
10743,213.997163,1000,4.347017e-05
10744,214.017083,1000,4.347018e-05
10745,214.037003,1000,4.347018e-05
10746,214.056922,1000,4.347019e-05
10747,214.076842,1000,4.347020e-05
10748,214.096762,1000,4.347021e-05
10749,214.116682,1000,4.347022e-05
10750,214.136601,1000,4.347022e-05
10751,214.156521,1000,4.347023e-05
10752,214.176441,1000,4.347024e-05
10753,214.196360,1000,4.347025e-05
10754,214.216280,1000,4.347026e-05
10755,214.236200,1000,4.347027e-05
10756,214.256119,1000,4.347027e-05
10757,214.276039,1000,4.347028e-05
10758,214.295959,1000,4.347029e-05
10759,214.315878,1000,4.347030e-05
10760,214.335798,1000,4.347031e-05
10761,214.355718,1000,4.347031e-05
10762,214.375637,1000,4.347032e-05
10763,214.395557,1000,4.347033e-05
10764,214.415477,1000,4.347034e-05
10765,214.435396,1000,4.347035e-05
10766,214.455316,1000,4.347035e-05
10767,214.475236,1000,4.347036e-05
10768,214.495156,1000,4.347037e-05
10769,214.515075,1000,4.347038e-05
10770,214.534995,1000,4.347039e-05
10771,214.554915,1000,4.347039e-05
10772,214.574834,1000,4.347040e-05
10773,214.594754,1000,4.347041e-05
10774,214.614674,1000,4.347042e-05
10775,214.634593,1000,4.347043e-05
10776,214.654513,1000,4.347044e-05
10777,214.674433,1000,4.347044e-05
10778,214.694352,1000,4.347045e-05
10779,214.714272,1000,4.347046e-05
10780,214.734192,1000,4.347047e-05
10781,214.754111,1000,4.347048e-05
10782,214.774031,1000,4.347048e-05
10783,214.793951,1000,4.347049e-05
10784,214.813870,1000,4.347050e-05
10785,214.833790,1000,4.347051e-05
10786,214.853710,1000,4.347052e-05
10787,214.873630,1000,4.347052e-05
10788,214.893549,1000,4.347053e-05
10789,214.913469,1000,4.347054e-05
10790,214.933389,1000,4.347055e-05
10791,214.953308,1000,4.347056e-05
10792,214.973228,1000,4.347056e-05
10793,214.993148,1000,4.347057e-05
10794,215.013067,1000,4.347058e-05
10795,215.032987,1000,4.347059e-05
10796,215.052907,1000,4.347060e-05
10797,215.072826,1000,4.347061e-05
10798,215.092746,1000,4.347061e-05
10799,215.112666,1000,4.347062e-05
10800,215.132585,1000,4.347063e-05
10801,215.152505,1000,4.347064e-05
10802,215.172425,1000,4.347065e-05
10803,215.192344,1000,4.347065e-05
10804,215.212264,1000,4.347066e-05
10805,215.232184,1000,4.347067e-05
10806,215.252104,1000,4.347068e-05
10807,215.272023,1000,4.347069e-05
10808,215.291943,1000,4.347069e-05
10809,215.311863,1000,4.347070e-05
10810,215.331782,1000,4.347071e-05
10811,215.351702,1000,4.347072e-05
10812,215.371622,1000,4.347073e-05
10813,215.391541,1000,4.347073e-05
10814,215.411461,1000,4.347074e-05
10815,215.431381,1000,4.347075e-05
10816,215.451300,1000,4.347076e-05
10817,215.471220,1000,4.347077e-05
10818,215.491140,1000,4.347078e-05
10819,215.511059,1000,4.347078e-05
10820,215.530979,1000,4.347079e-05
10821,215.550899,1000,4.347080e-05
10822,215.570818,1000,4.347081e-05
10823,215.590738,1000,4.347082e-05
10824,215.610658,1000,4.347082e-05
10825,215.630578,1000,4.347083e-05
10826,215.650497,1000,4.347084e-05
10827,215.670417,1000,4.347085e-05
10828,215.690337,1000,4.347086e-05
10829,215.710256,1000,4.347086e-05
10830,215.730176,1000,4.347087e-05
10831,215.750096,1000,4.347088e-05
10832,215.770015,1000,4.347089e-05
10833,215.789935,1000,4.347090e-05
10834,215.809855,1000,4.347090e-05
10835,215.829774,1000,4.347091e-05
10836,215.849694,1000,4.347092e-05
10837,215.869614,1000,4.347093e-05
10838,215.889533,1000,4.347094e-05
10839,215.909453,1000,4.347095e-05
10840,215.929373,1000,4.347095e-05
10841,215.949292,1000,4.347096e-05
10842,215.969212,1000,4.347097e-05
10843,215.989132,1000,4.347098e-05
10844,216.009052,1000,4.347099e-05
10845,216.028971,1000,4.347099e-05
10846,216.048891,1000,4.347100e-05
10847,216.068811,1000,4.347101e-05
10848,216.088730,1000,4.347102e-05
10849,216.108650,1000,4.347103e-05
10850,216.128570,1000,4.347103e-05
10851,216.148489,1000,4.347104e-05
10852,216.168409,1000,4.347105e-05
10853,216.188329,1000,4.347106e-05
10854,216.208248,1000,4.347107e-05
10855,216.228168,1000,4.347107e-05
10856,216.248088,1000,4.347108e-05
10857,216.268007,1000,4.347109e-05
10858,216.287927,1000,4.347110e-05
10859,216.307847,1000,4.347111e-05
10860,216.327766,1000,4.347112e-05
10861,216.347686,1000,4.347112e-05
10862,216.367606,1000,4.347113e-05
10863,216.387525,1000,4.347114e-05
10864,216.407445,1000,4.347115e-05
10865,216.427365,1000,4.347116e-05
10866,216.447285,1000,4.347116e-05
10867,216.467204,1000,4.347117e-05
10868,216.487124,1000,4.347118e-05
10869,216.507044,1000,4.347119e-05
10870,216.526963,1000,4.347120e-05
10871,216.546883,1000,4.347120e-05
10872,216.566803,1000,4.347121e-05
10873,216.586722,1000,4.347122e-05
10874,216.606642,1000,4.347123e-05
10875,216.626562,1000,4.347124e-05
10876,216.646481,1000,4.347124e-05
10877,216.666401,1000,4.347125e-05
10878,216.686321,1000,4.347126e-05
10879,216.706240,1000,4.347127e-05
10880,216.726160,1000,4.347128e-05
10881,216.746080,1000,4.347129e-05
10882,216.765999,1000,4.347129e-05
10883,216.785919,1000,4.347130e-05
10884,216.805839,1000,4.347131e-05
10885,216.825759,1000,4.347132e-05
10886,216.845678,1000,4.347133e-05
10887,216.865598,1000,4.347133e-05
10888,216.885518,1000,4.347134e-05
10889,216.905437,1000,4.347135e-05
10890,216.925357,1000,4.347136e-05
10891,216.945277,1000,4.347137e-05
10892,216.965196,1000,4.347137e-05
10893,216.985116,1000,4.347138e-05
10894,217.005036,1000,4.347139e-05
10895,217.024955,1000,4.347140e-05
10896,217.044875,1000,4.347141e-05
10897,217.064795,1000,4.347141e-05
10898,217.084714,1000,4.347142e-05
10899,217.104634,1000,4.347143e-05
10900,217.124554,1000,4.347144e-05
10901,217.144473,1000,4.347145e-05
10902,217.164393,1000,4.347146e-05
10903,217.184313,1000,4.347146e-05
10904,217.204233,1000,4.347147e-05
10905,217.224152,1000,4.347148e-05
10906,217.244072,1000,4.347149e-05
10907,217.263992,1000,4.347150e-05
10908,217.283911,1000,4.347150e-05
10909,217.303831,1000,4.347151e-05
10910,217.323751,1000,4.347152e-05
10911,217.343670,1000,4.347153e-05
10912,217.363590,1000,4.347154e-05
10913,217.383510,1000,4.347154e-05
10914,217.403429,1000,4.347155e-05
10915,217.423349,1000,4.347156e-05
10916,217.443269,1000,4.347157e-05
10917,217.463188,1000,4.347158e-05
10918,217.483108,1000,4.347158e-05
10919,217.503028,1000,4.347159e-05
10920,217.522947,1000,4.347160e-05
10921,217.542867,1000,4.347161e-05
10922,217.562787,1000,4.347162e-05
10923,217.582707,1000,4.347163e-05
10924,217.602626,1000,4.347163e-05
10925,217.622546,1000,4.347164e-05
10926,217.642466,1000,4.347165e-05
10927,217.662385,1000,4.347166e-05
10928,217.682305,1000,4.347167e-05
10929,217.702225,1000,4.347167e-05
10930,217.722144,1000,4.347168e-05
10931,217.742064,1000,4.347169e-05
10932,217.761984,1000,4.347170e-05
10933,217.781903,1000,4.347171e-05
10934,217.801823,1000,4.347171e-05
10935,217.821743,1000,4.347172e-05
10936,217.841662,1000,4.347173e-05
10937,217.861582,1000,4.347174e-05
10938,217.881502,1000,4.347175e-05
10939,217.901421,1000,4.347175e-05
10940,217.921341,1000,4.347176e-05
10941,217.941261,1000,4.347177e-05
10942,217.961181,1000,4.347178e-05
10943,217.981100,1000,4.347179e-05
10944,218.001020,1000,4.347180e-05
10945,218.020940,1000,4.347180e-05
10946,218.040859,1000,4.347181e-05
10947,218.060779,1000,4.347182e-05
10948,218.080699,1000,4.347183e-05
10949,218.100618,1000,4.347184e-05
10950,218.120538,1000,4.347184e-05
10951,218.140458,1000,4.347185e-05
10952,218.160377,1000,4.347186e-05
10953,218.180297,1000,4.347187e-05
10954,218.200217,1000,4.347188e-05
10955,218.220136,1000,4.347188e-05
10956,218.240056,1000,4.347189e-05
10957,218.259976,1000,4.347190e-05
10958,218.279895,1000,4.347191e-05
10959,218.299815,1000,4.347192e-05
10960,218.319735,1000,4.347192e-05
10961,218.339655,1000,4.347193e-05
10962,218.359574,1000,4.347194e-05
10963,218.379494,1000,4.347195e-05
10964,218.399414,1000,4.347196e-05
10965,218.419333,1000,4.347197e-05
10966,218.439253,1000,4.347197e-05
10967,218.459173,1000,4.347198e-05
10968,218.479092,1000,4.347199e-05
10969,218.499012,1000,4.347200e-05
10970,218.518932,1000,4.347201e-05
10971,218.538851,1000,4.347201e-05
10972,218.558771,1000,4.347202e-05
10973,218.578691,1000,4.347203e-05
10974,218.598610,1000,4.347204e-05
10975,218.618530,1000,4.347205e-05
10976,218.638450,1000,4.347205e-05
10977,218.658369,1000,4.347206e-05
10978,218.678289,1000,4.347207e-05
10979,218.698209,1000,4.347208e-05
10980,218.718129,1000,4.347209e-05
10981,218.738048,1000,4.347209e-05
10982,218.757968,1000,4.347210e-05
10983,218.777888,1000,4.347211e-05
10984,218.797807,1000,4.347212e-05
10985,218.817727,1000,4.347213e-05
10986,218.837647,1000,4.347214e-05
10987,218.857566,1000,4.347214e-05
10988,218.877486,1000,4.347215e-05
10989,218.897406,1000,4.347216e-05
10990,218.917325,1000,4.347217e-05
10991,218.937245,1000,4.347218e-05
10992,218.957165,1000,4.347218e-05
10993,218.977084,1000,4.347219e-05
10994,218.997004,1000,4.347220e-05
10995,219.016924,1000,4.347221e-05
10996,219.036843,1000,4.347222e-05
10997,219.056763,1000,4.347222e-05
10998,219.076683,1000,4.347223e-05
10999,219.096602,1000,4.347224e-05
11000,219.116522,1000,4.347225e-05
11001,219.136442,1000,4.347226e-05
11002,219.156362,1000,4.347226e-05
11003,219.176281,1000,4.347227e-05
11004,219.196201,1000,4.347228e-05
11005,219.216121,1000,4.347229e-05
11006,219.236040,1000,4.347230e-05
11007,219.255960,1000,4.347231e-05
11008,219.275880,1000,4.347231e-05
11009,219.295799,1000,4.347232e-05
11010,219.315719,1000,4.347233e-05
11011,219.335639,1000,4.347234e-05
11012,219.355558,1000,4.347235e-05
11013,219.375478,1000,4.347235e-05
11014,219.395398,1000,4.347236e-05
11015,219.415317,1000,4.347237e-05
11016,219.435237,1000,4.347238e-05
11017,219.455157,1000,4.347239e-05
11018,219.475076,1000,4.347239e-05
11019,219.494996,1000,4.347240e-05
11020,219.514916,1000,4.347241e-05
11021,219.534836,1000,4.347242e-05
11022,219.554755,1000,4.347243e-05
11023,219.574675,1000,4.347243e-05
11024,219.594595,1000,4.347244e-05
11025,219.614514,1000,4.347245e-05
11026,219.634434,1000,4.347246e-05
11027,219.654354,1000,4.347247e-05
11028,219.674273,1000,4.347247e-05
11029,219.694193,1000,4.347248e-05
11030,219.714113,1000,4.347249e-05
11031,219.734032,1000,4.347250e-05
11032,219.753952,1000,4.347251e-05
11033,219.773872,1000,4.347252e-05
11034,219.793791,1000,4.347252e-05
11035,219.813711,1000,4.347253e-05
11036,219.833631,1000,4.347254e-05
11037,219.853550,1000,4.347255e-05
11038,219.873470,1000,4.347256e-05
11039,219.893390,1000,4.347256e-05
11040,219.913310,1000,4.347257e-05
11041,219.933229,1000,4.347258e-05
11042,219.953149,1000,4.347259e-05
11043,219.973069,1000,4.347260e-05
11044,219.992988,1000,4.347260e-05
11045,220.012908,1000,4.347261e-05
11046,220.032828,1000,4.347262e-05
11047,220.052747,1000,4.347263e-05
11048,220.072667,1000,4.347264e-05
11049,220.092587,1000,4.347264e-05
11050,220.112506,1000,4.347265e-05
11051,220.132426,1000,4.347266e-05
11052,220.152346,1000,4.347267e-05
11053,220.172265,1000,4.347268e-05
11054,220.192185,1000,4.347269e-05
11055,220.212105,1000,4.347269e-05
11056,220.232024,1000,4.347270e-05
11057,220.251944,1000,4.347271e-05
11058,220.271864,1000,4.347272e-05
11059,220.291784,1000,4.347273e-05
11060,220.311703,1000,4.347273e-05
11061,220.331623,1000,4.347274e-05
11062,220.351543,1000,4.347275e-05
11063,220.371462,1000,4.347276e-05
11064,220.391382,1000,4.347277e-05
11065,220.411302,1000,4.347277e-05
11066,220.431221,1000,4.347278e-05
11067,220.451141,1000,4.347279e-05
11068,220.471061,1000,4.347280e-05
11069,220.490980,1000,4.347281e-05
11070,220.510900,1000,4.347281e-05
11071,220.530820,1000,4.347282e-05
11072,220.550739,1000,4.347283e-05
11073,220.570659,1000,4.347284e-05
11074,220.590579,1000,4.347285e-05
11075,220.610498,1000,4.347286e-05
11076,220.630418,1000,4.347286e-05
11077,220.650338,1000,4.347287e-05
11078,220.670258,1000,4.347288e-05
11079,220.690177,1000,4.347289e-05
11080,220.710097,1000,4.347290e-05
11081,220.730017,1000,4.347290e-05
11082,220.749936,1000,4.347291e-05
11083,220.769856,1000,4.347292e-05
11084,220.789776,1000,4.347293e-05
11085,220.809695,1000,4.347294e-05
11086,220.829615,1000,4.347294e-05
11087,220.849535,1000,4.347295e-05
11088,220.869454,1000,4.347296e-05
11089,220.889374,1000,4.347297e-05
11090,220.909294,1000,4.347298e-05
11091,220.929213,1000,4.347298e-05
11092,220.949133,1000,4.347299e-05
11093,220.969053,1000,4.347300e-05
11094,220.988972,1000,4.347301e-05
11095,221.008892,1000,4.347302e-05
11096,221.028812,1000,4.347303e-05
11097,221.048732,1000,4.347303e-05
11098,221.068651,1000,4.347304e-05
11099,221.088571,1000,4.347305e-05
11100,221.108491,1000,4.347306e-05
11101,221.128410,1000,4.347307e-05
11102,221.148330,1000,4.347307e-05
11103,221.168250,1000,4.347308e-05
11104,221.188169,1000,4.347309e-05
11105,221.208089,1000,4.347310e-05
11106,221.228009,1000,4.347311e-05
11107,221.247928,1000,4.347311e-05
11108,221.267848,1000,4.347312e-05
11109,221.287768,1000,4.347313e-05
11110,221.307687,1000,4.347314e-05
11111,221.327607,1000,4.347315e-05
11112,221.347527,1000,4.347315e-05
11113,221.367446,1000,4.347316e-05
11114,221.387366,1000,4.347317e-05
11115,221.407286,1000,4.347318e-05
11116,221.427206,1000,4.347319e-05
11117,221.447125,1000,4.347319e-05
11118,221.467045,1000,4.347320e-05
11119,221.486965,1000,4.347321e-05
11120,221.506884,1000,4.347322e-05
11121,221.526804,1000,4.347323e-05
11122,221.546724,1000,4.347324e-05
11123,221.566643,1000,4.347324e-05
11124,221.586563,1000,4.347325e-05
11125,221.606483,1000,4.347326e-05
11126,221.626402,1000,4.347327e-05
11127,221.646322,1000,4.347328e-05
11128,221.666242,1000,4.347328e-05
11129,221.686161,1000,4.347329e-05
11130,221.706081,1000,4.347330e-05
11131,221.726001,1000,4.347331e-05
11132,221.745920,1000,4.347332e-05
11133,221.765840,1000,4.347332e-05
11134,221.785760,1000,4.347333e-05
11135,221.805680,1000,4.347334e-05
11136,221.825599,1000,4.347335e-05
11137,221.845519,1000,4.347336e-05
11138,221.865439,1000,4.347336e-05
11139,221.885358,1000,4.347337e-05
11140,221.905278,1000,4.347338e-05
11141,221.925198,1000,4.347339e-05
11142,221.945117,1000,4.347340e-05
11143,221.965037,1000,4.347341e-05
11144,221.984957,1000,4.347341e-05
11145,222.004876,1000,4.347342e-05
11146,222.024796,1000,4.347343e-05
11147,222.044716,1000,4.347344e-05
11148,222.064635,1000,4.347345e-05
11149,222.084555,1000,4.347345e-05
11150,222.104475,1000,4.347346e-05
11151,222.124394,1000,4.347347e-05
11152,222.144314,1000,4.347348e-05
11153,222.164234,1000,4.347349e-05
11154,222.184153,1000,4.347349e-05
11155,222.204073,1000,4.347350e-05
11156,222.223993,1000,4.347351e-05
11157,222.243913,1000,4.347352e-05
11158,222.263832,1000,4.347353e-05
11159,222.283752,1000,4.347353e-05
11160,222.303672,1000,4.347354e-05
11161,222.323591,1000,4.347355e-05
11162,222.343511,1000,4.347356e-05
11163,222.363431,1000,4.347357e-05
11164,222.383350,1000,4.347358e-05
11165,222.403270,1000,4.347358e-05
11166,222.423190,1000,4.347359e-05
11167,222.443109,1000,4.347360e-05
11168,222.463029,1000,4.347361e-05
11169,222.482949,1000,4.347362e-05
11170,222.502868,1000,4.347362e-05
11171,222.522788,1000,4.347363e-05
11172,222.542708,1000,4.347364e-05
11173,222.562627,1000,4.347365e-05
11174,222.582547,1000,4.347366e-05
11175,222.602467,1000,4.347366e-05
11176,222.622387,1000,4.347367e-05
11177,222.642306,1000,4.347368e-05
11178,222.662226,1000,4.347369e-05
11179,222.682146,1000,4.347370e-05
11180,222.702065,1000,4.347370e-05
11181,222.721985,1000,4.347371e-05
11182,222.741905,1000,4.347372e-05
11183,222.761824,1000,4.347373e-05
11184,222.781744,1000,4.347374e-05
11185,222.801664,1000,4.347374e-05
11186,222.821583,1000,4.347375e-05
11187,222.841503,1000,4.347376e-05
11188,222.861423,1000,4.347377e-05
11189,222.881342,1000,4.347378e-05
11190,222.901262,1000,4.347379e-05
11191,222.921182,1000,4.347379e-05
11192,222.941101,1000,4.347380e-05
11193,222.961021,1000,4.347381e-05
11194,222.980941,1000,4.347382e-05
11195,223.000861,1000,4.347383e-05
11196,223.020780,1000,4.347383e-05
11197,223.040700,1000,4.347384e-05
11198,223.060620,1000,4.347385e-05
11199,223.080539,1000,4.347386e-05
11200,223.100459,1000,4.347387e-05
11201,223.120379,1000,4.347387e-05
11202,223.140298,1000,4.347388e-05
11203,223.160218,1000,4.347389e-05
11204,223.180138,1000,4.347390e-05
11205,223.200057,1000,4.347391e-05
11206,223.219977,1000,4.347391e-05
11207,223.239897,1000,4.347392e-05
11208,223.259816,1000,4.347393e-05
11209,223.279736,1000,4.347394e-05
11210,223.299656,1000,4.347395e-05
11211,223.319575,1000,4.347396e-05
11212,223.339495,1000,4.347396e-05
11213,223.359415,1000,4.347397e-05
11214,223.379335,1000,4.347398e-05
11215,223.399254,1000,4.347399e-05
11216,223.419174,1000,4.347400e-05
11217,223.439094,1000,4.347400e-05
11218,223.459013,1000,4.347401e-05
11219,223.478933,1000,4.347402e-05
11220,223.498853,1000,4.347403e-05
11221,223.518772,1000,4.347404e-05
11222,223.538692,1000,4.347404e-05
11223,223.558612,1000,4.347405e-05
11224,223.578531,1000,4.347406e-05
11225,223.598451,1000,4.347407e-05
11226,223.618371,1000,4.347408e-05
11227,223.638290,1000,4.347408e-05
11228,223.658210,1000,4.347409e-05
11229,223.678130,1000,4.347410e-05
11230,223.698049,1000,4.347411e-05
11231,223.717969,1000,4.347412e-05
11232,223.737889,1000,4.347413e-05
11233,223.757809,1000,4.347413e-05
11234,223.777728,1000,4.347414e-05
11235,223.797648,1000,4.347415e-05
11236,223.817568,1000,4.347416e-05
11237,223.837487,1000,4.347417e-05
11238,223.857407,1000,4.347417e-05
11239,223.877327,1000,4.347418e-05
11240,223.897246,1000,4.347419e-05
11241,223.917166,1000,4.347420e-05
11242,223.937086,1000,4.347421e-05
11243,223.957005,1000,4.347421e-05
11244,223.976925,1000,4.347422e-05
11245,223.996845,1000,4.347423e-05
11246,224.016764,1000,4.347424e-05
11247,224.036684,1000,4.347425e-05
11248,224.056604,1000,4.347425e-05
11249,224.076523,1000,4.347426e-05
11250,224.096443,1000,4.347427e-05
11251,224.116363,1000,4.347428e-05
11252,224.136283,1000,4.347429e-05
11253,224.156202,1000,4.347429e-05
11254,224.176122,1000,4.347430e-05
11255,224.196042,1000,4.347431e-05
11256,224.215961,1000,4.347432e-05
11257,224.235881,1000,4.347433e-05
11258,224.255801,1000,4.347434e-05
11259,224.275720,1000,4.347434e-05
11260,224.295640,1000,4.347435e-05
11261,224.315560,1000,4.347436e-05
11262,224.335479,1000,4.347437e-05
11263,224.355399,1000,4.347438e-05
11264,224.375319,1000,4.347438e-05
11265,224.395238,1000,4.347439e-05
11266,224.415158,1000,4.347440e-05
11267,224.435078,1000,4.347441e-05
11268,224.454997,1000,4.347442e-05
11269,224.474917,1000,4.347442e-05
11270,224.494837,1000,4.347443e-05
11271,224.514757,1000,4.347444e-05
11272,224.534676,1000,4.347445e-05
11273,224.554596,1000,4.347446e-05
11274,224.574516,1000,4.347446e-05
11275,224.594435,1000,4.347447e-05
11276,224.614355,1000,4.347448e-05
11277,224.634275,1000,4.347449e-05
11278,224.654194,1000,4.347450e-05
11279,224.674114,1000,4.347451e-05
11280,224.694034,1000,4.347451e-05
11281,224.713953,1000,4.347452e-05
11282,224.733873,1000,4.347453e-05
11283,224.753793,1000,4.347454e-05
11284,224.773712,1000,4.347455e-05
11285,224.793632,1000,4.347455e-05
11286,224.813552,1000,4.347456e-05
11287,224.833471,1000,4.347457e-05
11288,224.853391,1000,4.347458e-05
11289,224.873311,1000,4.347459e-05
11290,224.893230,1000,4.347459e-05
11291,224.913150,1000,4.347460e-05
11292,224.933070,1000,4.347461e-05
11293,224.952990,1000,4.347462e-05
11294,224.972909,1000,4.347463e-05
11295,224.992829,1000,4.347463e-05
11296,225.012749,1000,4.347464e-05
11297,225.032668,1000,4.347465e-05
11298,225.052588,1000,4.347466e-05
11299,225.072508,1000,4.347467e-05
11300,225.092427,1000,4.347467e-05
11301,225.112347,1000,4.347468e-05
11302,225.132267,1000,4.347469e-05
11303,225.152186,1000,4.347470e-05
11304,225.172106,1000,4.347471e-05
11305,225.192026,1000,4.347472e-05
11306,225.211945,1000,4.347472e-05
11307,225.231865,1000,4.347473e-05
11308,225.251785,1000,4.347474e-05
11309,225.271704,1000,4.347475e-05
11310,225.291624,1000,4.347476e-05
11311,225.311544,1000,4.347476e-05
11312,225.331464,1000,4.347477e-05
11313,225.351383,1000,4.347478e-05
11314,225.371303,1000,4.347479e-05
11315,225.391223,1000,4.347480e-05
11316,225.411142,1000,4.347480e-05
11317,225.431062,1000,4.347481e-05
11318,225.450982,1000,4.347482e-05
11319,225.470901,1000,4.347483e-05
11320,225.490821,1000,4.347484e-05
11321,225.510741,1000,4.347484e-05
11322,225.530660,1000,4.347485e-05
11323,225.550580,1000,4.347486e-05
11324,225.570500,1000,4.347487e-05
11325,225.590419,1000,4.347488e-05
11326,225.610339,1000,4.347489e-05
11327,225.630259,1000,4.347489e-05
11328,225.650178,1000,4.347490e-05
11329,225.670098,1000,4.347491e-05
11330,225.690018,1000,4.347492e-05
11331,225.709938,1000,4.347493e-05
11332,225.729857,1000,4.347493e-05
11333,225.749777,1000,4.347494e-05
11334,225.769697,1000,4.347495e-05
11335,225.789616,1000,4.347496e-05
11336,225.809536,1000,4.347497e-05
11337,225.829456,1000,4.347497e-05
11338,225.849375,1000,4.347498e-05
11339,225.869295,1000,4.347499e-05
11340,225.889215,1000,4.347500e-05
11341,225.909134,1000,4.347501e-05
11342,225.929054,1000,4.347501e-05
11343,225.948974,1000,4.347502e-05
11344,225.968893,1000,4.347503e-05
11345,225.988813,1000,4.347504e-05
11346,226.008733,1000,4.347505e-05
11347,226.028652,1000,4.347505e-05
11348,226.048572,1000,4.347506e-05
11349,226.068492,1000,4.347507e-05
11350,226.088412,1000,4.347508e-05
11351,226.108331,1000,4.347509e-05
11352,226.128251,1000,4.347510e-05
11353,226.148171,1000,4.347510e-05
11354,226.168090,1000,4.347511e-05
11355,226.188010,1000,4.347512e-05
11356,226.207930,1000,4.347513e-05
11357,226.227849,1000,4.347514e-05
11358,226.247769,1000,4.347514e-05
11359,226.267689,1000,4.347515e-05
11360,226.287608,1000,4.347516e-05
11361,226.307528,1000,4.347517e-05
11362,226.327448,1000,4.347518e-05
11363,226.347367,1000,4.347518e-05
11364,226.367287,1000,4.347519e-05
11365,226.387207,1000,4.347520e-05
11366,226.407126,1000,4.347521e-05
11367,226.427046,1000,4.347522e-05
11368,226.446966,1000,4.347522e-05
11369,226.466886,1000,4.347523e-05
11370,226.486805,1000,4.347524e-05
11371,226.506725,1000,4.347525e-05
11372,226.526645,1000,4.347526e-05
11373,226.546564,1000,4.347527e-05
11374,226.566484,1000,4.347527e-05
11375,226.586404,1000,4.347528e-05
11376,226.606323,1000,4.347529e-05
11377,226.626243,1000,4.347530e-05
11378,226.646163,1000,4.347531e-05
11379,226.666082,1000,4.347531e-05
11380,226.686002,1000,4.347532e-05
11381,226.705922,1000,4.347533e-05
11382,226.725841,1000,4.347534e-05
11383,226.745761,1000,4.347535e-05
11384,226.765681,1000,4.347535e-05
11385,226.785600,1000,4.347536e-05
11386,226.805520,1000,4.347537e-05
11387,226.825440,1000,4.347538e-05
11388,226.845360,1000,4.347539e-05
11389,226.865279,1000,4.347539e-05
11390,226.885199,1000,4.347540e-05
11391,226.905119,1000,4.347541e-05
11392,226.925038,1000,4.347542e-05
11393,226.944958,1000,4.347543e-05
11394,226.964878,1000,4.347543e-05
11395,226.984797,1000,4.347544e-05
11396,227.004717,1000,4.347545e-05
11397,227.024637,1000,4.347546e-05
11398,227.044556,1000,4.347547e-05
11399,227.064476,1000,4.347548e-05
11400,227.084396,1000,4.347548e-05
11401,227.104315,1000,4.347549e-05
11402,227.124235,1000,4.347550e-05
11403,227.144155,1000,4.347551e-05
11404,227.164074,1000,4.347552e-05
11405,227.183994,1000,4.347552e-05
11406,227.203914,1000,4.347553e-05
11407,227.223834,1000,4.347554e-05
11408,227.243753,1000,4.347555e-05
11409,227.263673,1000,4.347556e-05
11410,227.283593,1000,4.347556e-05
11411,227.303512,1000,4.347557e-05
11412,227.323432,1000,4.347558e-05
11413,227.343352,1000,4.347559e-05
11414,227.363271,1000,4.347560e-05
11415,227.383191,1000,4.347560e-05
11416,227.403111,1000,4.347561e-05
11417,227.423030,1000,4.347562e-05
11418,227.442950,1000,4.347563e-05
11419,227.462870,1000,4.347564e-05
11420,227.482789,1000,4.347565e-05
11421,227.502709,1000,4.347565e-05
11422,227.522629,1000,4.347566e-05
11423,227.542548,1000,4.347567e-05
11424,227.562468,1000,4.347568e-05
11425,227.582388,1000,4.347569e-05
11426,227.602307,1000,4.347569e-05
11427,227.622227,1000,4.347570e-05
11428,227.642147,1000,4.347571e-05
11429,227.662067,1000,4.347572e-05
11430,227.681986,1000,4.347573e-05
11431,227.701906,1000,4.347573e-05
11432,227.721826,1000,4.347574e-05
11433,227.741745,1000,4.347575e-05
11434,227.761665,1000,4.347576e-05
11435,227.781585,1000,4.347577e-05
11436,227.801504,1000,4.347577e-05
11437,227.821424,1000,4.347578e-05
11438,227.841344,1000,4.347579e-05
11439,227.861263,1000,4.347580e-05
11440,227.881183,1000,4.347581e-05
11441,227.901103,1000,4.347581e-05
11442,227.921022,1000,4.347582e-05
11443,227.940942,1000,4.347583e-05
11444,227.960862,1000,4.347584e-05
11445,227.980781,1000,4.347585e-05
11446,228.000701,1000,4.347586e-05
11447,228.020621,1000,4.347586e-05
11448,228.040541,1000,4.347587e-05
11449,228.060460,1000,4.347588e-05
11450,228.080380,1000,4.347589e-05
11451,228.100300,1000,4.347590e-05
11452,228.120219,1000,4.347590e-05
11453,228.140139,1000,4.347591e-05
11454,228.160059,1000,4.347592e-05
11455,228.179978,1000,4.347593e-05
11456,228.199898,1000,4.347594e-05
11457,228.219818,1000,4.347594e-05
11458,228.239737,1000,4.347595e-05
11459,228.259657,1000,4.347596e-05
11460,228.279577,1000,4.347597e-05
11461,228.299496,1000,4.347598e-05
11462,228.319416,1000,4.347598e-05
11463,228.339336,1000,4.347599e-05
11464,228.359255,1000,4.347600e-05
11465,228.379175,1000,4.347601e-05
11466,228.399095,1000,4.347602e-05
11467,228.419015,1000,4.347602e-05
11468,228.438934,1000,4.347603e-05
11469,228.458854,1000,4.347604e-05
11470,228.478774,1000,4.347605e-05
11471,228.498693,1000,4.347606e-05
11472,228.518613,1000,4.347607e-05
11473,228.538533,1000,4.347607e-05
11474,228.558452,1000,4.347608e-05
11475,228.578372,1000,4.347609e-05
11476,228.598292,1000,4.347610e-05
11477,228.618211,1000,4.347611e-05
11478,228.638131,1000,4.347611e-05
11479,228.658051,1000,4.347612e-05
11480,228.677970,1000,4.347613e-05
11481,228.697890,1000,4.347614e-05
11482,228.717810,1000,4.347615e-05
11483,228.737729,1000,4.347615e-05
11484,228.757649,1000,4.347616e-05
11485,228.777569,1000,4.347617e-05
11486,228.797489,1000,4.347618e-05
11487,228.817408,1000,4.347619e-05
11488,228.837328,1000,4.347619e-05
11489,228.857248,1000,4.347620e-05
11490,228.877167,1000,4.347621e-05
11491,228.897087,1000,4.347622e-05
11492,228.917007,1000,4.347623e-05
11493,228.936926,1000,4.347624e-05
11494,228.956846,1000,4.347624e-05
11495,228.976766,1000,4.347625e-05
11496,228.996685,1000,4.347626e-05
11497,229.016605,1000,4.347627e-05
11498,229.036525,1000,4.347628e-05
11499,229.056444,1000,4.347628e-05
11500,229.076364,1000,4.347629e-05
11501,229.096284,1000,4.347630e-05
11502,229.116203,1000,4.347631e-05
11503,229.136123,1000,4.347632e-05
11504,229.156043,1000,4.347632e-05
11505,229.175963,1000,4.347633e-05
11506,229.195882,1000,4.347634e-05
11507,229.215802,1000,4.347635e-05
11508,229.235722,1000,4.347636e-05
11509,229.255641,1000,4.347636e-05
11510,229.275561,1000,4.347637e-05
11511,229.295481,1000,4.347638e-05
11512,229.315400,1000,4.347639e-05
11513,229.335320,1000,4.347640e-05
11514,229.355240,1000,4.347640e-05
11515,229.375159,1000,4.347641e-05
11516,229.395079,1000,4.347642e-05
11517,229.414999,1000,4.347643e-05
11518,229.434918,1000,4.347644e-05
11519,229.454838,1000,4.347645e-05
11520,229.474758,1000,4.347645e-05
11521,229.494677,1000,4.347646e-05
11522,229.514597,1000,4.347647e-05
11523,229.534517,1000,4.347648e-05
11524,229.554437,1000,4.347649e-05
11525,229.574356,1000,4.347649e-05
11526,229.594276,1000,4.347650e-05
11527,229.614196,1000,4.347651e-05
11528,229.634115,1000,4.347652e-05
11529,229.654035,1000,4.347653e-05
11530,229.673955,1000,4.347653e-05
11531,229.693874,1000,4.347654e-05
11532,229.713794,1000,4.347655e-05
11533,229.733714,1000,4.347656e-05
11534,229.753633,1000,4.347657e-05
11535,229.773553,1000,4.347657e-05
11536,229.793473,1000,4.347658e-05
11537,229.813392,1000,4.347659e-05
11538,229.833312,1000,4.347660e-05
11539,229.853232,1000,4.347661e-05
11540,229.873151,1000,4.347661e-05
11541,229.893071,1000,4.347662e-05
11542,229.912991,1000,4.347663e-05
11543,229.932911,1000,4.347664e-05
11544,229.952830,1000,4.347665e-05
11545,229.972750,1000,4.347666e-05
11546,229.992670,1000,4.347666e-05
11547,230.012589,1000,4.347667e-05
11548,230.032509,1000,4.347668e-05
11549,230.052429,1000,4.347669e-05
11550,230.072348,1000,4.347670e-05
11551,230.092268,1000,4.347670e-05
11552,230.112188,1000,4.347671e-05
11553,230.132107,1000,4.347672e-05
11554,230.152027,1000,4.347673e-05
11555,230.171947,1000,4.347674e-05
11556,230.191866,1000,4.347674e-05
11557,230.211786,1000,4.347675e-05
11558,230.231706,1000,4.347676e-05
11559,230.251625,1000,4.347677e-05
11560,230.271545,1000,4.347678e-05
11561,230.291465,1000,4.347678e-05
11562,230.311384,1000,4.347679e-05
11563,230.331304,1000,4.347680e-05
11564,230.351224,1000,4.347681e-05
11565,230.371144,1000,4.347682e-05
11566,230.391063,1000,4.347682e-05
11567,230.410983,1000,4.347683e-05
11568,230.430903,1000,4.347684e-05
11569,230.450822,1000,4.347685e-05
11570,230.470742,1000,4.347686e-05
11571,230.490662,1000,4.347687e-05
11572,230.510581,1000,4.347687e-05
11573,230.530501,1000,4.347688e-05
11574,230.550421,1000,4.347689e-05
11575,230.570340,1000,4.347690e-05
11576,230.590260,1000,4.347691e-05
11577,230.610180,1000,4.347691e-05
11578,230.630099,1000,4.347692e-05
11579,230.650019,1000,4.347693e-05
11580,230.669939,1000,4.347694e-05
11581,230.689858,1000,4.347695e-05
11582,230.709778,1000,4.347695e-05
11583,230.729698,1000,4.347696e-05
11584,230.749618,1000,4.347697e-05
11585,230.769537,1000,4.347698e-05
11586,230.789457,1000,4.347699e-05
11587,230.809377,1000,4.347699e-05
11588,230.829296,1000,4.347700e-05
11589,230.849216,1000,4.347701e-05
11590,230.869136,1000,4.347702e-05
11591,230.889055,1000,4.347703e-05
11592,230.908975,1000,4.347704e-05
11593,230.928895,1000,4.347704e-05
11594,230.948814,1000,4.347705e-05
11595,230.968734,1000,4.347706e-05
11596,230.988654,1000,4.347707e-05
11597,231.008573,1000,4.347708e-05
11598,231.028493,1000,4.347708e-05
11599,231.048413,1000,4.347709e-05
11600,231.068332,1000,4.347710e-05
11601,231.088252,1000,4.347711e-05
11602,231.108172,1000,4.347712e-05
11603,231.128092,1000,4.347712e-05
11604,231.148011,1000,4.347713e-05
11605,231.167931,1000,4.347714e-05
11606,231.187851,1000,4.347715e-05
11607,231.207770,1000,4.347716e-05
11608,231.227690,1000,4.347716e-05
11609,231.247610,1000,4.347717e-05
11610,231.267529,1000,4.347718e-05
11611,231.287449,1000,4.347719e-05
11612,231.307369,1000,4.347720e-05
11613,231.327288,1000,4.347720e-05
11614,231.347208,1000,4.347721e-05
11615,231.367128,1000,4.347722e-05
11616,231.387047,1000,4.347723e-05
11617,231.406967,1000,4.347724e-05
11618,231.426887,1000,4.347725e-05
11619,231.446806,1000,4.347725e-05
11620,231.466726,1000,4.347726e-05
11621,231.486646,1000,4.347727e-05
11622,231.506566,1000,4.347728e-05
11623,231.526485,1000,4.347729e-05
11624,231.546405,1000,4.347729e-05
11625,231.566325,1000,4.347730e-05
11626,231.586244,1000,4.347731e-05
11627,231.606164,1000,4.347732e-05
11628,231.626084,1000,4.347733e-05
11629,231.646003,1000,4.347733e-05
11630,231.665923,1000,4.347734e-05
11631,231.685843,1000,4.347735e-05
11632,231.705762,1000,4.347736e-05
11633,231.725682,1000,4.347737e-05
11634,231.745602,1000,4.347737e-05
11635,231.765521,1000,4.347738e-05
11636,231.785441,1000,4.347739e-05
11637,231.805361,1000,4.347740e-05
11638,231.825280,1000,4.347741e-05
11639,231.845200,1000,4.347741e-05
11640,231.865120,1000,4.347742e-05
11641,231.885040,1000,4.347743e-05
11642,231.904959,1000,4.347744e-05
11643,231.924879,1000,4.347745e-05
11644,231.944799,1000,4.347746e-05
11645,231.964718,1000,4.347746e-05
11646,231.984638,1000,4.347747e-05
11647,232.004558,1000,4.347748e-05
11648,232.024477,1000,4.347749e-05
11649,232.044397,1000,4.347750e-05
11650,232.064317,1000,4.347750e-05
11651,232.084236,1000,4.347751e-05
11652,232.104156,1000,4.347752e-05
11653,232.124076,1000,4.347753e-05
11654,232.143995,1000,4.347754e-05
11655,232.163915,1000,4.347754e-05
11656,232.183835,1000,4.347755e-05
11657,232.203754,1000,4.347756e-05
11658,232.223674,1000,4.347757e-05
11659,232.243594,1000,4.347758e-05
11660,232.263514,1000,4.347758e-05
11661,232.283433,1000,4.347759e-05
11662,232.303353,1000,4.347760e-05
11663,232.323273,1000,4.347761e-05
11664,232.343192,1000,4.347762e-05
11665,232.363112,1000,4.347762e-05
11666,232.383032,1000,4.347763e-05
11667,232.402951,1000,4.347764e-05
11668,232.422871,1000,4.347765e-05
11669,232.442791,1000,4.347766e-05
11670,232.462710,1000,4.347767e-05
11671,232.482630,1000,4.347767e-05
11672,232.502550,1000,4.347768e-05
11673,232.522469,1000,4.347769e-05
11674,232.542389,1000,4.347770e-05
11675,232.562309,1000,4.347771e-05
11676,232.582228,1000,4.347771e-05
11677,232.602148,1000,4.347772e-05
11678,232.622068,1000,4.347773e-05
11679,232.641988,1000,4.347774e-05
11680,232.661907,1000,4.347775e-05
11681,232.681827,1000,4.347775e-05
11682,232.701747,1000,4.347776e-05
11683,232.721666,1000,4.347777e-05
11684,232.741586,1000,4.347778e-05
11685,232.761506,1000,4.347779e-05
11686,232.781425,1000,4.347779e-05
11687,232.801345,1000,4.347780e-05
11688,232.821265,1000,4.347781e-05
11689,232.841184,1000,4.347782e-05
11690,232.861104,1000,4.347783e-05
11691,232.881024,1000,4.347783e-05
11692,232.900943,1000,4.347784e-05
11693,232.920863,1000,4.347785e-05
11694,232.940783,1000,4.347786e-05
11695,232.960702,1000,4.347787e-05
11696,232.980622,1000,4.347788e-05
11697,233.000542,1000,4.347788e-05
11698,233.020461,1000,4.347789e-05
11699,233.040381,1000,4.347790e-05
11700,233.060301,1000,4.347791e-05
11701,233.080221,1000,4.347792e-05
11702,233.100140,1000,4.347792e-05
11703,233.120060,1000,4.347793e-05
11704,233.139980,1000,4.347794e-05
11705,233.159899,1000,4.347795e-05
11706,233.179819,1000,4.347796e-05
11707,233.199739,1000,4.347796e-05
11708,233.219658,1000,4.347797e-05
11709,233.239578,1000,4.347798e-05
11710,233.259498,1000,4.347799e-05
11711,233.279417,1000,4.347800e-05
11712,233.299337,1000,4.347800e-05
11713,233.319257,1000,4.347801e-05
11714,233.339176,1000,4.347802e-05
11715,233.359096,1000,4.347803e-05
11716,233.379016,1000,4.347804e-05
11717,233.398935,1000,4.347804e-05
11718,233.418855,1000,4.347805e-05
11719,233.438775,1000,4.347806e-05
11720,233.458695,1000,4.347807e-05
11721,233.478614,1000,4.347808e-05
11722,233.498534,1000,4.347809e-05
11723,233.518454,1000,4.347809e-05
11724,233.538373,1000,4.347810e-05
11725,233.558293,1000,4.347811e-05
11726,233.578213,1000,4.347812e-05
11727,233.598132,1000,4.347813e-05
11728,233.618052,1000,4.347813e-05
11729,233.637972,1000,4.347814e-05
11730,233.657891,1000,4.347815e-05
11731,233.677811,1000,4.347816e-05
11732,233.697731,1000,4.347817e-05
11733,233.717650,1000,4.347817e-05
11734,233.737570,1000,4.347818e-05
11735,233.757490,1000,4.347819e-05
11736,233.777409,1000,4.347820e-05
11737,233.797329,1000,4.347821e-05
11738,233.817249,1000,4.347821e-05
11739,233.837169,1000,4.347822e-05
11740,233.857088,1000,4.347823e-05
11741,233.877008,1000,4.347824e-05
11742,233.896928,1000,4.347825e-05
11743,233.916847,1000,4.347825e-05
11744,233.936767,1000,4.347826e-05
11745,233.956687,1000,4.347827e-05
11746,233.976606,1000,4.347828e-05
11747,233.996526,1000,4.347829e-05
11748,234.016446,1000,4.347830e-05
11749,234.036365,1000,4.347830e-05
11750,234.056285,1000,4.347831e-05
11751,234.076205,1000,4.347832e-05
11752,234.096124,1000,4.347833e-05
11753,234.116044,1000,4.347834e-05
11754,234.135964,1000,4.347834e-05
11755,234.155883,1000,4.347835e-05
11756,234.175803,1000,4.347836e-05
11757,234.195723,1000,4.347837e-05
11758,234.215643,1000,4.347838e-05
11759,234.235562,1000,4.347838e-05
11760,234.255482,1000,4.347839e-05
11761,234.275402,1000,4.347840e-05
11762,234.295321,1000,4.347841e-05
11763,234.315241,1000,4.347842e-05
11764,234.335161,1000,4.347842e-05
11765,234.355080,1000,4.347843e-05
11766,234.375000,1000,4.347844e-05
11767,234.394920,1000,4.347845e-05
11768,234.414839,1000,4.347846e-05
11769,234.434759,1000,4.347846e-05
11770,234.454679,1000,4.347847e-05
11771,234.474598,1000,4.347848e-05
11772,234.494518,1000,4.347849e-05
11773,234.514438,1000,4.347850e-05
11774,234.534357,1000,4.347851e-05
11775,234.554277,1000,4.347851e-05
11776,234.574197,1000,4.347852e-05
11777,234.594117,1000,4.347853e-05
11778,234.614036,1000,4.347854e-05
11779,234.633956,1000,4.347855e-05
11780,234.653876,1000,4.347855e-05
11781,234.673795,1000,4.347856e-05
11782,234.693715,1000,4.347857e-05
11783,234.713635,1000,4.347858e-05
11784,234.733554,1000,4.347859e-05
11785,234.753474,1000,4.347859e-05
11786,234.773394,1000,4.347860e-05
11787,234.793313,1000,4.347861e-05
11788,234.813233,1000,4.347862e-05
11789,234.833153,1000,4.347863e-05
11790,234.853072,1000,4.347863e-05
11791,234.872992,1000,4.347864e-05
11792,234.892912,1000,4.347865e-05
11793,234.912831,1000,4.347866e-05
11794,234.932751,1000,4.347867e-05
11795,234.952671,1000,4.347867e-05
11796,234.972591,1000,4.347868e-05
11797,234.992510,1000,4.347869e-05
11798,235.012430,1000,4.347870e-05
11799,235.032350,1000,4.347871e-05
11800,235.052269,1000,4.347872e-05
11801,235.072189,1000,4.347872e-05
11802,235.092109,1000,4.347873e-05
11803,235.112028,1000,4.347874e-05
11804,235.131948,1000,4.347875e-05
11805,235.151868,1000,4.347876e-05
11806,235.171787,1000,4.347876e-05
11807,235.191707,1000,4.347877e-05
11808,235.211627,1000,4.347878e-05
11809,235.231546,1000,4.347879e-05
11810,235.251466,1000,4.347880e-05
11811,235.271386,1000,4.347880e-05
11812,235.291305,1000,4.347881e-05
11813,235.311225,1000,4.347882e-05
11814,235.331145,1000,4.347883e-05
11815,235.351065,1000,4.347884e-05
11816,235.370984,1000,4.347884e-05
11817,235.390904,1000,4.347885e-05
11818,235.410824,1000,4.347886e-05
11819,235.430743,1000,4.347887e-05
11820,235.450663,1000,4.347888e-05
11821,235.470583,1000,4.347888e-05
11822,235.490502,1000,4.347889e-05
11823,235.510422,1000,4.347890e-05
11824,235.530342,1000,4.347891e-05
11825,235.550261,1000,4.347892e-05
11826,235.570181,1000,4.347893e-05
11827,235.590101,1000,4.347893e-05
11828,235.610020,1000,4.347894e-05
11829,235.629940,1000,4.347895e-05
11830,235.649860,1000,4.347896e-05
11831,235.669779,1000,4.347897e-05
11832,235.689699,1000,4.347897e-05
11833,235.709619,1000,4.347898e-05
11834,235.729539,1000,4.347899e-05
11835,235.749458,1000,4.347900e-05
11836,235.769378,1000,4.347901e-05
11837,235.789298,1000,4.347901e-05
11838,235.809217,1000,4.347902e-05
11839,235.829137,1000,4.347903e-05
11840,235.849057,1000,4.347904e-05
11841,235.868976,1000,4.347905e-05
11842,235.888896,1000,4.347905e-05
11843,235.908816,1000,4.347906e-05
11844,235.928735,1000,4.347907e-05
11845,235.948655,1000,4.347908e-05
11846,235.968575,1000,4.347909e-05
11847,235.988494,1000,4.347909e-05
11848,236.008414,1000,4.347910e-05
11849,236.028334,1000,4.347911e-05
11850,236.048253,1000,4.347912e-05
11851,236.068173,1000,4.347913e-05
11852,236.088093,1000,4.347914e-05
11853,236.108012,1000,4.347914e-05
11854,236.127932,1000,4.347915e-05
11855,236.147852,1000,4.347916e-05
11856,236.167772,1000,4.347917e-05
11857,236.187691,1000,4.347918e-05
11858,236.207611,1000,4.347918e-05
11859,236.227531,1000,4.347919e-05
11860,236.247450,1000,4.347920e-05
11861,236.267370,1000,4.347921e-05
11862,236.287290,1000,4.347922e-05
11863,236.307209,1000,4.347922e-05
11864,236.327129,1000,4.347923e-05
11865,236.347049,1000,4.347924e-05
11866,236.366968,1000,4.347925e-05
11867,236.386888,1000,4.347926e-05
11868,236.406808,1000,4.347926e-05
11869,236.426727,1000,4.347927e-05
11870,236.446647,1000,4.347928e-05
11871,236.466567,1000,4.347929e-05
11872,236.486486,1000,4.347930e-05
11873,236.506406,1000,4.347930e-05
11874,236.526326,1000,4.347931e-05
11875,236.546246,1000,4.347932e-05
11876,236.566165,1000,4.347933e-05
11877,236.586085,1000,4.347934e-05
11878,236.606005,1000,4.347934e-05
11879,236.625924,1000,4.347935e-05
11880,236.645844,1000,4.347936e-05
11881,236.665764,1000,4.347937e-05
11882,236.685683,1000,4.347938e-05
11883,236.705603,1000,4.347939e-05
11884,236.725523,1000,4.347939e-05
11885,236.745442,1000,4.347940e-05
11886,236.765362,1000,4.347941e-05
11887,236.785282,1000,4.347942e-05
11888,236.805201,1000,4.347943e-05
11889,236.825121,1000,4.347943e-05
11890,236.845041,1000,4.347944e-05
11891,236.864960,1000,4.347945e-05
11892,236.884880,1000,4.347946e-05
11893,236.904800,1000,4.347947e-05
11894,236.924720,1000,4.347947e-05
11895,236.944639,1000,4.347948e-05
11896,236.964559,1000,4.347949e-05
11897,236.984479,1000,4.347950e-05
11898,237.004398,1000,4.347951e-05
11899,237.024318,1000,4.347951e-05
11900,237.044238,1000,4.347952e-05
11901,237.064157,1000,4.347953e-05
11902,237.084077,1000,4.347954e-05
11903,237.103997,1000,4.347955e-05
11904,237.123916,1000,4.347955e-05
11905,237.143836,1000,4.347956e-05
11906,237.163756,1000,4.347957e-05
11907,237.183675,1000,4.347958e-05
11908,237.203595,1000,4.347959e-05
11909,237.223515,1000,4.347960e-05
11910,237.243434,1000,4.347960e-05
11911,237.263354,1000,4.347961e-05
11912,237.283274,1000,4.347962e-05
11913,237.303194,1000,4.347963e-05
11914,237.323113,1000,4.347964e-05
11915,237.343033,1000,4.347964e-05
11916,237.362953,1000,4.347965e-05
11917,237.382872,1000,4.347966e-05
11918,237.402792,1000,4.347967e-05
11919,237.422712,1000,4.347968e-05
11920,237.442631,1000,4.347968e-05
11921,237.462551,1000,4.347969e-05
11922,237.482471,1000,4.347970e-05
11923,237.502390,1000,4.347971e-05
11924,237.522310,1000,4.347972e-05
11925,237.542230,1000,4.347972e-05
11926,237.562149,1000,4.347973e-05
11927,237.582069,1000,4.347974e-05
11928,237.601989,1000,4.347975e-05
11929,237.621908,1000,4.347976e-05
11930,237.641828,1000,4.347976e-05
11931,237.661748,1000,4.347977e-05
11932,237.681668,1000,4.347978e-05
11933,237.701587,1000,4.347979e-05
11934,237.721507,1000,4.347980e-05
11935,237.741427,1000,4.347981e-05
11936,237.761346,1000,4.347981e-05
11937,237.781266,1000,4.347982e-05
11938,237.801186,1000,4.347983e-05
11939,237.821105,1000,4.347984e-05
11940,237.841025,1000,4.347985e-05
11941,237.860945,1000,4.347985e-05
11942,237.880864,1000,4.347986e-05
11943,237.900784,1000,4.347987e-05
11944,237.920704,1000,4.347988e-05
11945,237.940623,1000,4.347989e-05
11946,237.960543,1000,4.347989e-05
11947,237.980463,1000,4.347990e-05
11948,238.000382,1000,4.347991e-05
11949,238.020302,1000,4.347992e-05
11950,238.040222,1000,4.347993e-05
11951,238.060142,1000,4.347993e-05
11952,238.080061,1000,4.347994e-05
11953,238.099981,1000,4.347995e-05
11954,238.119901,1000,4.347996e-05
11955,238.139820,1000,4.347997e-05
11956,238.159740,1000,4.347997e-05
11957,238.179660,1000,4.347998e-05
11958,238.199579,1000,4.347999e-05
11959,238.219499,1000,4.348000e-05
11960,238.239419,1000,4.348001e-05
11961,238.259338,1000,4.348002e-05
11962,238.279258,1000,4.348002e-05
11963,238.299178,1000,4.348003e-05
11964,238.319097,1000,4.348004e-05
11965,238.339017,1000,4.348005e-05
11966,238.358937,1000,4.348006e-05
11967,238.378856,1000,4.348006e-05
11968,238.398776,1000,4.348007e-05
11969,238.418696,1000,4.348008e-05
11970,238.438616,1000,4.348009e-05
11971,238.458535,1000,4.348010e-05
11972,238.478455,1000,4.348010e-05
11973,238.498375,1000,4.348011e-05
11974,238.518294,1000,4.348012e-05
11975,238.538214,1000,4.348013e-05
11976,238.558134,1000,4.348014e-05
11977,238.578053,1000,4.348014e-05
11978,238.597973,1000,4.348015e-05
11979,238.617893,1000,4.348016e-05
11980,238.637812,1000,4.348017e-05
11981,238.657732,1000,4.348018e-05
11982,238.677652,1000,4.348018e-05
11983,238.697571,1000,4.348019e-05
11984,238.717491,1000,4.348020e-05
11985,238.737411,1000,4.348021e-05
11986,238.757330,1000,4.348022e-05
11987,238.777250,1000,4.348022e-05
11988,238.797170,1000,4.348023e-05
11989,238.817089,1000,4.348024e-05
11990,238.837009,1000,4.348025e-05
11991,238.856929,1000,4.348026e-05
11992,238.876849,1000,4.348027e-05
11993,238.896768,1000,4.348027e-05
11994,238.916688,1000,4.348028e-05
11995,238.936608,1000,4.348029e-05
11996,238.956527,1000,4.348030e-05
11997,238.976447,1000,4.348031e-05
11998,238.996367,1000,4.348031e-05
11999,239.016286,1000,4.348032e-05
12000,239.036206,1000,4.348033e-05
12001,239.056126,1000,4.348034e-05
12002,239.076045,1000,4.348035e-05
12003,239.095965,1000,4.348035e-05
12004,239.115885,1000,4.348036e-05
12005,239.135804,1000,4.348037e-05
12006,239.155724,1000,4.348038e-05
12007,239.175644,1000,4.348039e-05
12008,239.195563,1000,4.348039e-05
12009,239.215483,1000,4.348040e-05
12010,239.235403,1000,4.348041e-05
12011,239.255323,1000,4.348042e-05
12012,239.275242,1000,4.348043e-05
12013,239.295162,1000,4.348043e-05
12014,239.315082,1000,4.348044e-05
12015,239.335001,1000,4.348045e-05
12016,239.354921,1000,4.348046e-05
12017,239.374841,1000,4.348047e-05
12018,239.394760,1000,4.348048e-05
12019,239.414680,1000,4.348048e-05
12020,239.434600,1000,4.348049e-05
12021,239.454519,1000,4.348050e-05
12022,239.474439,1000,4.348051e-05
12023,239.494359,1000,4.348052e-05
12024,239.514278,1000,4.348052e-05
12025,239.534198,1000,4.348053e-05
12026,239.554118,1000,4.348054e-05
12027,239.574037,1000,4.348055e-05
12028,239.593957,1000,4.348056e-05
12029,239.613877,1000,4.348056e-05
12030,239.633797,1000,4.348057e-05
12031,239.653716,1000,4.348058e-05
12032,239.673636,1000,4.348059e-05
12033,239.693556,1000,4.348060e-05
12034,239.713475,1000,4.348060e-05
12035,239.733395,1000,4.348061e-05
12036,239.753315,1000,4.348062e-05
12037,239.773234,1000,4.348063e-05
12038,239.793154,1000,4.348064e-05
12039,239.813074,1000,4.348064e-05
12040,239.832993,1000,4.348065e-05
12041,239.852913,1000,4.348066e-05
12042,239.872833,1000,4.348067e-05
12043,239.892752,1000,4.348068e-05
12044,239.912672,1000,4.348069e-05
12045,239.932592,1000,4.348069e-05
12046,239.952511,1000,4.348070e-05
12047,239.972431,1000,4.348071e-05
12048,239.992351,1000,4.348072e-05
12049,240.012271,1000,4.348073e-05
12050,240.032190,1000,4.348073e-05
12051,240.052110,1000,4.348074e-05
12052,240.072030,1000,4.348075e-05
12053,240.091949,1000,4.348076e-05
12054,240.111869,1000,4.348077e-05
12055,240.131789,1000,4.348077e-05
12056,240.151708,1000,4.348078e-05
12057,240.171628,1000,4.348079e-05
12058,240.191548,1000,4.348080e-05
12059,240.211467,1000,4.348081e-05
12060,240.231387,1000,4.348081e-05
12061,240.251307,1000,4.348082e-05
12062,240.271226,1000,4.348083e-05
12063,240.291146,1000,4.348084e-05
12064,240.311066,1000,4.348085e-05
12065,240.330985,1000,4.348085e-05
12066,240.350905,1000,4.348086e-05
12067,240.370825,1000,4.348087e-05
12068,240.390745,1000,4.348088e-05
12069,240.410664,1000,4.348089e-05
12070,240.430584,1000,4.348089e-05
12071,240.450504,1000,4.348090e-05
12072,240.470423,1000,4.348091e-05
12073,240.490343,1000,4.348092e-05
12074,240.510263,1000,4.348093e-05
12075,240.530182,1000,4.348094e-05
12076,240.550102,1000,4.348094e-05
12077,240.570022,1000,4.348095e-05
12078,240.589941,1000,4.348096e-05
12079,240.609861,1000,4.348097e-05
12080,240.629781,1000,4.348098e-05
12081,240.649700,1000,4.348098e-05
12082,240.669620,1000,4.348099e-05
12083,240.689540,1000,4.348100e-05
12084,240.709459,1000,4.348101e-05
12085,240.729379,1000,4.348102e-05
12086,240.749299,1000,4.348102e-05
12087,240.769219,1000,4.348103e-05
12088,240.789138,1000,4.348104e-05
12089,240.809058,1000,4.348105e-05
12090,240.828978,1000,4.348106e-05
12091,240.848897,1000,4.348106e-05
12092,240.868817,1000,4.348107e-05
12093,240.888737,1000,4.348108e-05
12094,240.908656,1000,4.348109e-05
12095,240.928576,1000,4.348110e-05
12096,240.948496,1000,4.348110e-05
12097,240.968415,1000,4.348111e-05
12098,240.988335,1000,4.348112e-05
12099,241.008255,1000,4.348113e-05
12100,241.028174,1000,4.348114e-05
12101,241.048094,1000,4.348115e-05
12102,241.068014,1000,4.348115e-05
12103,241.087933,1000,4.348116e-05
12104,241.107853,1000,4.348117e-05
12105,241.127773,1000,4.348118e-05
12106,241.147693,1000,4.348119e-05
12107,241.167612,1000,4.348119e-05
12108,241.187532,1000,4.348120e-05
12109,241.207452,1000,4.348121e-05
12110,241.227371,1000,4.348122e-05
12111,241.247291,1000,4.348123e-05
12112,241.267211,1000,4.348123e-05
12113,241.287130,1000,4.348124e-05
12114,241.307050,1000,4.348125e-05
12115,241.326970,1000,4.348126e-05
12116,241.346889,1000,4.348127e-05
12117,241.366809,1000,4.348127e-05
12118,241.386729,1000,4.348128e-05
12119,241.406648,1000,4.348129e-05
12120,241.426568,1000,4.348130e-05
12121,241.446488,1000,4.348131e-05
12122,241.466407,1000,4.348131e-05
12123,241.486327,1000,4.348132e-05
12124,241.506247,1000,4.348133e-05
12125,241.526166,1000,4.348134e-05
12126,241.546086,1000,4.348135e-05
12127,241.566006,1000,4.348135e-05
12128,241.585926,1000,4.348136e-05
12129,241.605845,1000,4.348137e-05
12130,241.625765,1000,4.348138e-05
12131,241.645685,1000,4.348139e-05
12132,241.665604,1000,4.348140e-05
12133,241.685524,1000,4.348140e-05
12134,241.705444,1000,4.348141e-05
12135,241.725363,1000,4.348142e-05
12136,241.745283,1000,4.348143e-05
12137,241.765203,1000,4.348144e-05
12138,241.785122,1000,4.348144e-05
12139,241.805042,1000,4.348145e-05
12140,241.824962,1000,4.348146e-05
12141,241.844881,1000,4.348147e-05
12142,241.864801,1000,4.348148e-05
12143,241.884721,1000,4.348148e-05
12144,241.904640,1000,4.348149e-05
12145,241.924560,1000,4.348150e-05
12146,241.944480,1000,4.348151e-05
12147,241.964400,1000,4.348152e-05
12148,241.984319,1000,4.348152e-05
12149,242.004239,1000,4.348153e-05
12150,242.024159,1000,4.348154e-05
12151,242.044078,1000,4.348155e-05
12152,242.063998,1000,4.348156e-05
12153,242.083918,1000,4.348156e-05
12154,242.103837,1000,4.348157e-05
12155,242.123757,1000,4.348158e-05
12156,242.143677,1000,4.348159e-05
12157,242.163596,1000,4.348160e-05
12158,242.183516,1000,4.348161e-05
12159,242.203436,1000,4.348161e-05
12160,242.223355,1000,4.348162e-05
12161,242.243275,1000,4.348163e-05
12162,242.263195,1000,4.348164e-05
12163,242.283114,1000,4.348165e-05
12164,242.303034,1000,4.348165e-05
12165,242.322954,1000,4.348166e-05
12166,242.342874,1000,4.348167e-05
12167,242.362793,1000,4.348168e-05
12168,242.382713,1000,4.348169e-05
12169,242.402633,1000,4.348169e-05
12170,242.422552,1000,4.348170e-05
12171,242.442472,1000,4.348171e-05
12172,242.462392,1000,4.348172e-05
12173,242.482311,1000,4.348173e-05
12174,242.502231,1000,4.348173e-05
12175,242.522151,1000,4.348174e-05
12176,242.542070,1000,4.348175e-05
12177,242.561990,1000,4.348176e-05
12178,242.581910,1000,4.348177e-05
12179,242.601829,1000,4.348177e-05
12180,242.621749,1000,4.348178e-05
12181,242.641669,1000,4.348179e-05
12182,242.661588,1000,4.348180e-05
12183,242.681508,1000,4.348181e-05
12184,242.701428,1000,4.348181e-05
12185,242.721348,1000,4.348182e-05
12186,242.741267,1000,4.348183e-05
12187,242.761187,1000,4.348184e-05
12188,242.781107,1000,4.348185e-05
12189,242.801026,1000,4.348186e-05
12190,242.820946,1000,4.348186e-05
12191,242.840866,1000,4.348187e-05
12192,242.860785,1000,4.348188e-05
12193,242.880705,1000,4.348189e-05
12194,242.900625,1000,4.348190e-05
12195,242.920544,1000,4.348190e-05
12196,242.940464,1000,4.348191e-05
12197,242.960384,1000,4.348192e-05
12198,242.980303,1000,4.348193e-05
12199,243.000223,1000,4.348194e-05
12200,243.020143,1000,4.348194e-05
12201,243.040062,1000,4.348195e-05
12202,243.059982,1000,4.348196e-05
12203,243.079902,1000,4.348197e-05
12204,243.099822,1000,4.348198e-05
12205,243.119741,1000,4.348198e-05
12206,243.139661,1000,4.348199e-05
12207,243.159581,1000,4.348200e-05
12208,243.179500,1000,4.348201e-05
12209,243.199420,1000,4.348202e-05
12210,243.219340,1000,4.348202e-05
12211,243.239259,1000,4.348203e-05
12212,243.259179,1000,4.348204e-05
12213,243.279099,1000,4.348205e-05
12214,243.299018,1000,4.348206e-05
12215,243.318938,1000,4.348206e-05
12216,243.338858,1000,4.348207e-05
12217,243.358777,1000,4.348208e-05
12218,243.378697,1000,4.348209e-05
12219,243.398617,1000,4.348210e-05
12220,243.418536,1000,4.348211e-05
12221,243.438456,1000,4.348211e-05
12222,243.458376,1000,4.348212e-05
12223,243.478296,1000,4.348213e-05
12224,243.498215,1000,4.348214e-05
12225,243.518135,1000,4.348215e-05
12226,243.538055,1000,4.348215e-05
12227,243.557974,1000,4.348216e-05
12228,243.577894,1000,4.348217e-05
12229,243.597814,1000,4.348218e-05
12230,243.617733,1000,4.348219e-05
12231,243.637653,1000,4.348219e-05
12232,243.657573,1000,4.348220e-05
12233,243.677492,1000,4.348221e-05
12234,243.697412,1000,4.348222e-05
12235,243.717332,1000,4.348223e-05
12236,243.737251,1000,4.348223e-05
12237,243.757171,1000,4.348224e-05
12238,243.777091,1000,4.348225e-05
12239,243.797010,1000,4.348226e-05
12240,243.816930,1000,4.348227e-05
12241,243.836850,1000,4.348227e-05
12242,243.856770,1000,4.348228e-05
12243,243.876689,1000,4.348229e-05
12244,243.896609,1000,4.348230e-05
12245,243.916529,1000,4.348231e-05
12246,243.936448,1000,4.348232e-05
12247,243.956368,1000,4.348232e-05
12248,243.976288,1000,4.348233e-05
12249,243.996207,1000,4.348234e-05
12250,244.016127,1000,4.348235e-05
12251,244.036047,1000,4.348236e-05
12252,244.055966,1000,4.348236e-05
12253,244.075886,1000,4.348237e-05
12254,244.095806,1000,4.348238e-05
12255,244.115725,1000,4.348239e-05
12256,244.135645,1000,4.348240e-05
12257,244.155565,1000,4.348240e-05
12258,244.175484,1000,4.348241e-05
12259,244.195404,1000,4.348242e-05
12260,244.215324,1000,4.348243e-05
12261,244.235243,1000,4.348244e-05
12262,244.255163,1000,4.348244e-05
12263,244.275083,1000,4.348245e-05
12264,244.295003,1000,4.348246e-05
12265,244.314922,1000,4.348247e-05
12266,244.334842,1000,4.348248e-05
12267,244.354762,1000,4.348248e-05
12268,244.374681,1000,4.348249e-05
12269,244.394601,1000,4.348250e-05
12270,244.414521,1000,4.348251e-05
12271,244.434440,1000,4.348252e-05
12272,244.454360,1000,4.348252e-05
12273,244.474280,1000,4.348253e-05
12274,244.494199,1000,4.348254e-05
12275,244.514119,1000,4.348255e-05
12276,244.534039,1000,4.348256e-05
12277,244.553958,1000,4.348257e-05
12278,244.573878,1000,4.348257e-05
12279,244.593798,1000,4.348258e-05
12280,244.613717,1000,4.348259e-05
12281,244.633637,1000,4.348260e-05
12282,244.653557,1000,4.348261e-05
12283,244.673477,1000,4.348261e-05
12284,244.693396,1000,4.348262e-05
12285,244.713316,1000,4.348263e-05
12286,244.733236,1000,4.348264e-05
12287,244.753155,1000,4.348265e-05
12288,244.773075,1000,4.348265e-05
12289,244.792995,1000,4.348266e-05
12290,244.812914,1000,4.348267e-05
12291,244.832834,1000,4.348268e-05
12292,244.852754,1000,4.348269e-05
12293,244.872673,1000,4.348269e-05
12294,244.892593,1000,4.348270e-05
12295,244.912513,1000,4.348271e-05
12296,244.932432,1000,4.348272e-05
12297,244.952352,1000,4.348273e-05
12298,244.972272,1000,4.348273e-05
12299,244.992191,1000,4.348274e-05
12300,245.012111,1000,4.348275e-05
12301,245.032031,1000,4.348276e-05
12302,245.051951,1000,4.348277e-05
12303,245.071870,1000,4.348277e-05
12304,245.091790,1000,4.348278e-05
12305,245.111710,1000,4.348279e-05
12306,245.131629,1000,4.348280e-05
12307,245.151549,1000,4.348281e-05
12308,245.171469,1000,4.348282e-05
12309,245.191388,1000,4.348282e-05
12310,245.211308,1000,4.348283e-05
12311,245.231228,1000,4.348284e-05
12312,245.251147,1000,4.348285e-05
12313,245.271067,1000,4.348286e-05
12314,245.290987,1000,4.348286e-05
12315,245.310906,1000,4.348287e-05
12316,245.330826,1000,4.348288e-05
12317,245.350746,1000,4.348289e-05
12318,245.370665,1000,4.348290e-05
12319,245.390585,1000,4.348290e-05
12320,245.410505,1000,4.348291e-05
12321,245.430425,1000,4.348292e-05
12322,245.450344,1000,4.348293e-05
12323,245.470264,1000,4.348294e-05
12324,245.490184,1000,4.348294e-05
12325,245.510103,1000,4.348295e-05
12326,245.530023,1000,4.348296e-05
12327,245.549943,1000,4.348297e-05
12328,245.569862,1000,4.348298e-05
12329,245.589782,1000,4.348298e-05
12330,245.609702,1000,4.348299e-05
12331,245.629621,1000,4.348300e-05
12332,245.649541,1000,4.348301e-05
12333,245.669461,1000,4.348302e-05
12334,245.689380,1000,4.348302e-05
12335,245.709300,1000,4.348303e-05
12336,245.729220,1000,4.348304e-05
12337,245.749139,1000,4.348305e-05
12338,245.769059,1000,4.348306e-05
12339,245.788979,1000,4.348307e-05
12340,245.808899,1000,4.348307e-05
12341,245.828818,1000,4.348308e-05
12342,245.848738,1000,4.348309e-05
12343,245.868658,1000,4.348310e-05
12344,245.888577,1000,4.348311e-05
12345,245.908497,1000,4.348311e-05
12346,245.928417,1000,4.348312e-05
12347,245.948336,1000,4.348313e-05
12348,245.968256,1000,4.348314e-05
12349,245.988176,1000,4.348315e-05
12350,246.008095,1000,4.348315e-05
12351,246.028015,1000,4.348316e-05
12352,246.047935,1000,4.348317e-05
12353,246.067854,1000,4.348318e-05
12354,246.087774,1000,4.348319e-05
12355,246.107694,1000,4.348319e-05
12356,246.127613,1000,4.348320e-05
12357,246.147533,1000,4.348321e-05
12358,246.167453,1000,4.348322e-05
12359,246.187373,1000,4.348323e-05
12360,246.207292,1000,4.348323e-05
12361,246.227212,1000,4.348324e-05
12362,246.247132,1000,4.348325e-05
12363,246.267051,1000,4.348326e-05
12364,246.286971,1000,4.348327e-05
12365,246.306891,1000,4.348327e-05
12366,246.326810,1000,4.348328e-05
12367,246.346730,1000,4.348329e-05
12368,246.366650,1000,4.348330e-05
12369,246.386569,1000,4.348331e-05
12370,246.406489,1000,4.348332e-05
12371,246.426409,1000,4.348332e-05
12372,246.446328,1000,4.348333e-05
12373,246.466248,1000,4.348334e-05
12374,246.486168,1000,4.348335e-05
12375,246.506087,1000,4.348336e-05
12376,246.526007,1000,4.348336e-05
12377,246.545927,1000,4.348337e-05
12378,246.565847,1000,4.348338e-05
12379,246.585766,1000,4.348339e-05
12380,246.605686,1000,4.348340e-05
12381,246.625606,1000,4.348340e-05
12382,246.645525,1000,4.348341e-05
12383,246.665445,1000,4.348342e-05
12384,246.685365,1000,4.348343e-05
12385,246.705284,1000,4.348344e-05
12386,246.725204,1000,4.348344e-05
12387,246.745124,1000,4.348345e-05
12388,246.765043,1000,4.348346e-05
12389,246.784963,1000,4.348347e-05
12390,246.804883,1000,4.348348e-05
12391,246.824802,1000,4.348348e-05
12392,246.844722,1000,4.348349e-05
12393,246.864642,1000,4.348350e-05
12394,246.884561,1000,4.348351e-05
12395,246.904481,1000,4.348352e-05
12396,246.924401,1000,4.348352e-05
12397,246.944320,1000,4.348353e-05
12398,246.964240,1000,4.348354e-05
12399,246.984160,1000,4.348355e-05
12400,247.004080,1000,4.348356e-05
12401,247.023999,1000,4.348357e-05
12402,247.043919,1000,4.348357e-05
12403,247.063839,1000,4.348358e-05
12404,247.083758,1000,4.348359e-05
12405,247.103678,1000,4.348360e-05
12406,247.123598,1000,4.348361e-05
12407,247.143517,1000,4.348361e-05
12408,247.163437,1000,4.348362e-05
12409,247.183357,1000,4.348363e-05
12410,247.203276,1000,4.348364e-05
12411,247.223196,1000,4.348365e-05
12412,247.243116,1000,4.348365e-05
12413,247.263035,1000,4.348366e-05
12414,247.282955,1000,4.348367e-05
12415,247.302875,1000,4.348368e-05
12416,247.322794,1000,4.348369e-05
12417,247.342714,1000,4.348369e-05
12418,247.362634,1000,4.348370e-05
12419,247.382554,1000,4.348371e-05
12420,247.402473,1000,4.348372e-05
12421,247.422393,1000,4.348373e-05
12422,247.442313,1000,4.348373e-05
12423,247.462232,1000,4.348374e-05
12424,247.482152,1000,4.348375e-05
12425,247.502072,1000,4.348376e-05
12426,247.521991,1000,4.348377e-05
12427,247.541911,1000,4.348377e-05
12428,247.561831,1000,4.348378e-05
12429,247.581750,1000,4.348379e-05
12430,247.601670,1000,4.348380e-05
12431,247.621590,1000,4.348381e-05
12432,247.641509,1000,4.348382e-05
12433,247.661429,1000,4.348382e-05
12434,247.681349,1000,4.348383e-05
12435,247.701268,1000,4.348384e-05
12436,247.721188,1000,4.348385e-05
12437,247.741108,1000,4.348386e-05
12438,247.761028,1000,4.348386e-05
12439,247.780947,1000,4.348387e-05
12440,247.800867,1000,4.348388e-05
12441,247.820787,1000,4.348389e-05
12442,247.840706,1000,4.348390e-05
12443,247.860626,1000,4.348390e-05
12444,247.880546,1000,4.348391e-05
12445,247.900465,1000,4.348392e-05
12446,247.920385,1000,4.348393e-05
12447,247.940305,1000,4.348394e-05
12448,247.960224,1000,4.348394e-05
12449,247.980144,1000,4.348395e-05
12450,248.000064,1000,4.348396e-05
12451,248.019983,1000,4.348397e-05
12452,248.039903,1000,4.348398e-05
12453,248.059823,1000,4.348398e-05
12454,248.079742,1000,4.348399e-05
12455,248.099662,1000,4.348400e-05
12456,248.119582,1000,4.348401e-05
12457,248.139502,1000,4.348402e-05
12458,248.159421,1000,4.348402e-05
12459,248.179341,1000,4.348403e-05
12460,248.199261,1000,4.348404e-05
12461,248.219180,1000,4.348405e-05
12462,248.239100,1000,4.348406e-05
12463,248.259020,1000,4.348407e-05
12464,248.278939,1000,4.348407e-05
12465,248.298859,1000,4.348408e-05
12466,248.318779,1000,4.348409e-05
12467,248.338698,1000,4.348410e-05
12468,248.358618,1000,4.348411e-05
12469,248.378538,1000,4.348411e-05
12470,248.398457,1000,4.348412e-05
12471,248.418377,1000,4.348413e-05
12472,248.438297,1000,4.348414e-05
12473,248.458216,1000,4.348415e-05
12474,248.478136,1000,4.348415e-05
12475,248.498056,1000,4.348416e-05
12476,248.517976,1000,4.348417e-05
12477,248.537895,1000,4.348418e-05
12478,248.557815,1000,4.348419e-05
12479,248.577735,1000,4.348419e-05
12480,248.597654,1000,4.348420e-05
12481,248.617574,1000,4.348421e-05
12482,248.637494,1000,4.348422e-05
12483,248.657413,1000,4.348423e-05
12484,248.677333,1000,4.348423e-05
12485,248.697253,1000,4.348424e-05
12486,248.717172,1000,4.348425e-05
12487,248.737092,1000,4.348426e-05
12488,248.757012,1000,4.348427e-05
12489,248.776931,1000,4.348427e-05
12490,248.796851,1000,4.348428e-05
12491,248.816771,1000,4.348429e-05
12492,248.836690,1000,4.348430e-05
12493,248.856610,1000,4.348431e-05
12494,248.876530,1000,4.348432e-05
12495,248.896450,1000,4.348432e-05
12496,248.916369,1000,4.348433e-05
12497,248.936289,1000,4.348434e-05
12498,248.956209,1000,4.348435e-05
12499,248.976128,1000,4.348436e-05
12500,248.996048,1000,4.348436e-05
12501,249.015968,1000,4.348437e-05
12502,249.035887,1000,4.348438e-05
12503,249.055807,1000,4.348439e-05
12504,249.075727,1000,4.348440e-05
12505,249.095646,1000,4.348440e-05
12506,249.115566,1000,4.348441e-05
12507,249.135486,1000,4.348442e-05
12508,249.155405,1000,4.348443e-05
12509,249.175325,1000,4.348444e-05
12510,249.195245,1000,4.348444e-05
12511,249.215164,1000,4.348445e-05
12512,249.235084,1000,4.348446e-05
12513,249.255004,1000,4.348447e-05
12514,249.274924,1000,4.348448e-05
12515,249.294843,1000,4.348448e-05
12516,249.314763,1000,4.348449e-05
12517,249.334683,1000,4.348450e-05
12518,249.354602,1000,4.348451e-05
12519,249.374522,1000,4.348452e-05
12520,249.394442,1000,4.348452e-05
12521,249.414361,1000,4.348453e-05
12522,249.434281,1000,4.348454e-05
12523,249.454201,1000,4.348455e-05
12524,249.474120,1000,4.348456e-05
12525,249.494040,1000,4.348457e-05
12526,249.513960,1000,4.348457e-05
12527,249.533879,1000,4.348458e-05
12528,249.553799,1000,4.348459e-05
12529,249.573719,1000,4.348460e-05
12530,249.593638,1000,4.348461e-05
12531,249.613558,1000,4.348461e-05
12532,249.633478,1000,4.348462e-05
12533,249.653398,1000,4.348463e-05
12534,249.673317,1000,4.348464e-05
12535,249.693237,1000,4.348465e-05
12536,249.713157,1000,4.348465e-05
12537,249.733076,1000,4.348466e-05
12538,249.752996,1000,4.348467e-05
12539,249.772916,1000,4.348468e-05
12540,249.792835,1000,4.348469e-05
12541,249.812755,1000,4.348469e-05
12542,249.832675,1000,4.348470e-05
12543,249.852594,1000,4.348471e-05
12544,249.872514,1000,4.348472e-05
12545,249.892434,1000,4.348473e-05
12546,249.912353,1000,4.348473e-05
12547,249.932273,1000,4.348474e-05
12548,249.952193,1000,4.348475e-05
12549,249.972112,1000,4.348476e-05
12550,249.992032,1000,4.348477e-05
12551,250.011952,1000,4.348477e-05
12552,250.031871,1000,4.348478e-05
12553,250.051791,1000,4.348479e-05
12554,250.071711,1000,4.348480e-05
12555,250.091631,1000,4.348481e-05
12556,250.111550,1000,4.348481e-05
12557,250.131470,1000,4.348482e-05
12558,250.151390,1000,4.348483e-05
12559,250.171309,1000,4.348484e-05
12560,250.191229,1000,4.348485e-05
12561,250.211149,1000,4.348486e-05
12562,250.231068,1000,4.348486e-05
12563,250.250988,1000,4.348487e-05
12564,250.270908,1000,4.348488e-05
12565,250.290827,1000,4.348489e-05
12566,250.310747,1000,4.348490e-05
12567,250.330667,1000,4.348490e-05
12568,250.350586,1000,4.348491e-05
12569,250.370506,1000,4.348492e-05
12570,250.390426,1000,4.348493e-05
12571,250.410345,1000,4.348494e-05
12572,250.430265,1000,4.348494e-05
12573,250.450185,1000,4.348495e-05
12574,250.470105,1000,4.348496e-05
12575,250.490024,1000,4.348497e-05
12576,250.509944,1000,4.348498e-05
12577,250.529864,1000,4.348498e-05
12578,250.549783,1000,4.348499e-05
12579,250.569703,1000,4.348500e-05
12580,250.589623,1000,4.348501e-05
12581,250.609542,1000,4.348502e-05
12582,250.629462,1000,4.348502e-05
12583,250.649382,1000,4.348503e-05
12584,250.669301,1000,4.348504e-05
12585,250.689221,1000,4.348505e-05
12586,250.709141,1000,4.348506e-05
12587,250.729060,1000,4.348506e-05
12588,250.748980,1000,4.348507e-05
12589,250.768900,1000,4.348508e-05
12590,250.788819,1000,4.348509e-05
12591,250.808739,1000,4.348510e-05
12592,250.828659,1000,4.348511e-05
12593,250.848579,1000,4.348511e-05
12594,250.868498,1000,4.348512e-05
12595,250.888418,1000,4.348513e-05
12596,250.908338,1000,4.348514e-05
12597,250.928257,1000,4.348515e-05
12598,250.948177,1000,4.348515e-05
12599,250.968097,1000,4.348516e-05
12600,250.988016,1000,4.348517e-05
12601,251.007936,1000,4.348518e-05
12602,251.027856,1000,4.348519e-05
12603,251.047775,1000,4.348519e-05
12604,251.067695,1000,4.348520e-05
12605,251.087615,1000,4.348521e-05
12606,251.107534,1000,4.348522e-05
12607,251.127454,1000,4.348523e-05
12608,251.147374,1000,4.348523e-05
12609,251.167293,1000,4.348524e-05
12610,251.187213,1000,4.348525e-05
12611,251.207133,1000,4.348526e-05
12612,251.227053,1000,4.348527e-05
12613,251.246972,1000,4.348527e-05
12614,251.266892,1000,4.348528e-05
12615,251.286812,1000,4.348529e-05
12616,251.306731,1000,4.348530e-05
12617,251.326651,1000,4.348531e-05
12618,251.346571,1000,4.348531e-05
12619,251.366490,1000,4.348532e-05
12620,251.386410,1000,4.348533e-05
12621,251.406330,1000,4.348534e-05
12622,251.426249,1000,4.348535e-05
12623,251.446169,1000,4.348536e-05
12624,251.466089,1000,4.348536e-05
12625,251.486008,1000,4.348537e-05
12626,251.505928,1000,4.348538e-05
12627,251.525848,1000,4.348539e-05
12628,251.545767,1000,4.348540e-05
12629,251.565687,1000,4.348540e-05
12630,251.585607,1000,4.348541e-05
12631,251.605527,1000,4.348542e-05
12632,251.625446,1000,4.348543e-05
12633,251.645366,1000,4.348544e-05
12634,251.665286,1000,4.348544e-05
12635,251.685205,1000,4.348545e-05
12636,251.705125,1000,4.348546e-05
12637,251.725045,1000,4.348547e-05
12638,251.744964,1000,4.348548e-05
12639,251.764884,1000,4.348548e-05
12640,251.784804,1000,4.348549e-05
12641,251.804723,1000,4.348550e-05
12642,251.824643,1000,4.348551e-05
12643,251.844563,1000,4.348552e-05
12644,251.864482,1000,4.348552e-05
12645,251.884402,1000,4.348553e-05
12646,251.904322,1000,4.348554e-05
12647,251.924241,1000,4.348555e-05
12648,251.944161,1000,4.348556e-05
12649,251.964081,1000,4.348556e-05
12650,251.984001,1000,4.348557e-05
12651,252.003920,1000,4.348558e-05
12652,252.023840,1000,4.348559e-05
12653,252.043760,1000,4.348560e-05
12654,252.063679,1000,4.348560e-05
12655,252.083599,1000,4.348561e-05
12656,252.103519,1000,4.348562e-05
12657,252.123438,1000,4.348563e-05
12658,252.143358,1000,4.348564e-05
12659,252.163278,1000,4.348565e-05
12660,252.183197,1000,4.348565e-05
12661,252.203117,1000,4.348566e-05
12662,252.223037,1000,4.348567e-05
12663,252.242956,1000,4.348568e-05
12664,252.262876,1000,4.348569e-05
12665,252.282796,1000,4.348569e-05
12666,252.302715,1000,4.348570e-05
12667,252.322635,1000,4.348571e-05
12668,252.342555,1000,4.348572e-05
12669,252.362475,1000,4.348573e-05
12670,252.382394,1000,4.348573e-05
12671,252.402314,1000,4.348574e-05
12672,252.422234,1000,4.348575e-05
12673,252.442153,1000,4.348576e-05
12674,252.462073,1000,4.348577e-05
12675,252.481993,1000,4.348577e-05
12676,252.501912,1000,4.348578e-05
12677,252.521832,1000,4.348579e-05
12678,252.541752,1000,4.348580e-05
12679,252.561671,1000,4.348581e-05
12680,252.581591,1000,4.348581e-05
12681,252.601511,1000,4.348582e-05
12682,252.621430,1000,4.348583e-05
12683,252.641350,1000,4.348584e-05
12684,252.661270,1000,4.348585e-05
12685,252.681189,1000,4.348585e-05
12686,252.701109,1000,4.348586e-05
12687,252.721029,1000,4.348587e-05
12688,252.740948,1000,4.348588e-05
12689,252.760868,1000,4.348589e-05
12690,252.780788,1000,4.348590e-05
12691,252.800708,1000,4.348590e-05
12692,252.820627,1000,4.348591e-05
12693,252.840547,1000,4.348592e-05
12694,252.860467,1000,4.348593e-05
12695,252.880386,1000,4.348594e-05
12696,252.900306,1000,4.348594e-05
12697,252.920226,1000,4.348595e-05
12698,252.940145,1000,4.348596e-05
12699,252.960065,1000,4.348597e-05
12700,252.979985,1000,4.348598e-05
12701,252.999904,1000,4.348598e-05
12702,253.019824,1000,4.348599e-05
12703,253.039744,1000,4.348600e-05
12704,253.059663,1000,4.348601e-05
12705,253.079583,1000,4.348602e-05
12706,253.099503,1000,4.348602e-05
12707,253.119422,1000,4.348603e-05
12708,253.139342,1000,4.348604e-05
12709,253.159262,1000,4.348605e-05
12710,253.179182,1000,4.348606e-05
12711,253.199101,1000,4.348606e-05
12712,253.219021,1000,4.348607e-05
12713,253.238941,1000,4.348608e-05
12714,253.258860,1000,4.348609e-05
12715,253.278780,1000,4.348610e-05
12716,253.298700,1000,4.348610e-05
12717,253.318619,1000,4.348611e-05
12718,253.338539,1000,4.348612e-05
12719,253.358459,1000,4.348613e-05
12720,253.378378,1000,4.348614e-05
12721,253.398298,1000,4.348614e-05
12722,253.418218,1000,4.348615e-05
12723,253.438137,1000,4.348616e-05
12724,253.458057,1000,4.348617e-05
12725,253.477977,1000,4.348618e-05
12726,253.497896,1000,4.348619e-05
12727,253.517816,1000,4.348619e-05
12728,253.537736,1000,4.348620e-05
12729,253.557656,1000,4.348621e-05
12730,253.577575,1000,4.348622e-05
12731,253.597495,1000,4.348623e-05
12732,253.617415,1000,4.348623e-05
12733,253.637334,1000,4.348624e-05
12734,253.657254,1000,4.348625e-05
12735,253.677174,1000,4.348626e-05
12736,253.697093,1000,4.348627e-05
12737,253.717013,1000,4.348627e-05
12738,253.736933,1000,4.348628e-05
12739,253.756852,1000,4.348629e-05
12740,253.776772,1000,4.348630e-05
12741,253.796692,1000,4.348631e-05
12742,253.816611,1000,4.348631e-05
12743,253.836531,1000,4.348632e-05
12744,253.856451,1000,4.348633e-05
12745,253.876370,1000,4.348634e-05
12746,253.896290,1000,4.348635e-05
12747,253.916210,1000,4.348635e-05
12748,253.936130,1000,4.348636e-05
12749,253.956049,1000,4.348637e-05
12750,253.975969,1000,4.348638e-05
12751,253.995889,1000,4.348639e-05
12752,254.015808,1000,4.348639e-05
12753,254.035728,1000,4.348640e-05
12754,254.055648,1000,4.348641e-05
12755,254.075567,1000,4.348642e-05
12756,254.095487,1000,4.348643e-05
12757,254.115407,1000,4.348644e-05
12758,254.135326,1000,4.348644e-05
12759,254.155246,1000,4.348645e-05
12760,254.175166,1000,4.348646e-05
12761,254.195085,1000,4.348647e-05
12762,254.215005,1000,4.348648e-05
12763,254.234925,1000,4.348648e-05
12764,254.254844,1000,4.348649e-05
12765,254.274764,1000,4.348650e-05
12766,254.294684,1000,4.348651e-05
12767,254.314604,1000,4.348652e-05
12768,254.334523,1000,4.348652e-05
12769,254.354443,1000,4.348653e-05
12770,254.374363,1000,4.348654e-05
12771,254.394282,1000,4.348655e-05
12772,254.414202,1000,4.348656e-05
12773,254.434122,1000,4.348656e-05
12774,254.454041,1000,4.348657e-05
12775,254.473961,1000,4.348658e-05
12776,254.493881,1000,4.348659e-05
12777,254.513800,1000,4.348660e-05
12778,254.533720,1000,4.348660e-05
12779,254.553640,1000,4.348661e-05
12780,254.573559,1000,4.348662e-05
12781,254.593479,1000,4.348663e-05
12782,254.613399,1000,4.348664e-05
12783,254.633318,1000,4.348664e-05
12784,254.653238,1000,4.348665e-05
12785,254.673158,1000,4.348666e-05
12786,254.693078,1000,4.348667e-05
12787,254.712997,1000,4.348668e-05
12788,254.732917,1000,4.348668e-05
12789,254.752837,1000,4.348669e-05
12790,254.772756,1000,4.348670e-05
12791,254.792676,1000,4.348671e-05
12792,254.812596,1000,4.348672e-05
12793,254.832515,1000,4.348673e-05
12794,254.852435,1000,4.348673e-05
12795,254.872355,1000,4.348674e-05
12796,254.892274,1000,4.348675e-05
12797,254.912194,1000,4.348676e-05
12798,254.932114,1000,4.348677e-05
12799,254.952033,1000,4.348677e-05
12800,254.971953,1000,4.348678e-05
12801,254.991873,1000,4.348679e-05
12802,255.011792,1000,4.348680e-05
12803,255.031712,1000,4.348681e-05
12804,255.051632,1000,4.348681e-05
12805,255.071552,1000,4.348682e-05
12806,255.091471,1000,4.348683e-05
12807,255.111391,1000,4.348684e-05
12808,255.131311,1000,4.348685e-05
12809,255.151230,1000,4.348685e-05
12810,255.171150,1000,4.348686e-05
12811,255.191070,1000,4.348687e-05
12812,255.210989,1000,4.348688e-05
12813,255.230909,1000,4.348689e-05
12814,255.250829,1000,4.348689e-05
12815,255.270748,1000,4.348690e-05
12816,255.290668,1000,4.348691e-05
12817,255.310588,1000,4.348692e-05
12818,255.330507,1000,4.348693e-05
12819,255.350427,1000,4.348693e-05
12820,255.370347,1000,4.348694e-05
12821,255.390266,1000,4.348695e-05
12822,255.410186,1000,4.348696e-05
12823,255.430106,1000,4.348697e-05
12824,255.450025,1000,4.348697e-05
12825,255.469945,1000,4.348698e-05
12826,255.489865,1000,4.348699e-05
12827,255.509785,1000,4.348700e-05
12828,255.529704,1000,4.348701e-05
12829,255.549624,1000,4.348702e-05
12830,255.569544,1000,4.348702e-05
12831,255.589463,1000,4.348703e-05
12832,255.609383,1000,4.348704e-05
12833,255.629303,1000,4.348705e-05
12834,255.649222,1000,4.348706e-05
12835,255.669142,1000,4.348706e-05
12836,255.689062,1000,4.348707e-05
12837,255.708981,1000,4.348708e-05
12838,255.728901,1000,4.348709e-05
12839,255.748821,1000,4.348710e-05
12840,255.768740,1000,4.348710e-05
12841,255.788660,1000,4.348711e-05
12842,255.808580,1000,4.348712e-05
12843,255.828499,1000,4.348713e-05
12844,255.848419,1000,4.348714e-05
12845,255.868339,1000,4.348714e-05
12846,255.888259,1000,4.348715e-05
12847,255.908178,1000,4.348716e-05
12848,255.928098,1000,4.348717e-05
12849,255.948018,1000,4.348718e-05
12850,255.967937,1000,4.348718e-05
12851,255.987857,1000,4.348719e-05
12852,256.007777,1000,4.348720e-05
12853,256.027696,1000,4.348721e-05
12854,256.047616,1000,4.348722e-05
12855,256.067536,1000,4.348722e-05
12856,256.087455,1000,4.348723e-05
12857,256.107375,1000,4.348724e-05
12858,256.127295,1000,4.348725e-05
12859,256.147214,1000,4.348726e-05
12860,256.167134,1000,4.348726e-05
12861,256.187054,1000,4.348727e-05
12862,256.206973,1000,4.348728e-05
12863,256.226893,1000,4.348729e-05
12864,256.246813,1000,4.348730e-05
12865,256.266733,1000,4.348731e-05
12866,256.286652,1000,4.348731e-05
12867,256.306572,1000,4.348732e-05
12868,256.326492,1000,4.348733e-05
12869,256.346411,1000,4.348734e-05
12870,256.366331,1000,4.348735e-05
12871,256.386251,1000,4.348735e-05
12872,256.406170,1000,4.348736e-05
12873,256.426090,1000,4.348737e-05
12874,256.446010,1000,4.348738e-05
12875,256.465929,1000,4.348739e-05
12876,256.485849,1000,4.348739e-05
12877,256.505769,1000,4.348740e-05
12878,256.525688,1000,4.348741e-05
12879,256.545608,1000,4.348742e-05
12880,256.565528,1000,4.348743e-05
12881,256.585447,1000,4.348743e-05
12882,256.605367,1000,4.348744e-05
12883,256.625287,1000,4.348745e-05
12884,256.645207,1000,4.348746e-05
12885,256.665126,1000,4.348747e-05
12886,256.685046,1000,4.348747e-05
12887,256.704966,1000,4.348748e-05
12888,256.724885,1000,4.348749e-05
12889,256.744805,1000,4.348750e-05
12890,256.764725,1000,4.348751e-05
12891,256.784644,1000,4.348751e-05
12892,256.804564,1000,4.348752e-05
12893,256.824484,1000,4.348753e-05
12894,256.844403,1000,4.348754e-05
12895,256.864323,1000,4.348755e-05
12896,256.884243,1000,4.348755e-05
12897,256.904162,1000,4.348756e-05
12898,256.924082,1000,4.348757e-05
12899,256.944002,1000,4.348758e-05
12900,256.963921,1000,4.348759e-05
12901,256.983841,1000,4.348760e-05
12902,257.003761,1000,4.348760e-05
12903,257.023681,1000,4.348761e-05
12904,257.043600,1000,4.348762e-05
12905,257.063520,1000,4.348763e-05
12906,257.083440,1000,4.348764e-05
12907,257.103359,1000,4.348764e-05
12908,257.123279,1000,4.348765e-05
12909,257.143199,1000,4.348766e-05
12910,257.163118,1000,4.348767e-05
12911,257.183038,1000,4.348768e-05
12912,257.202958,1000,4.348768e-05
12913,257.222877,1000,4.348769e-05
12914,257.242797,1000,4.348770e-05
12915,257.262717,1000,4.348771e-05
12916,257.282636,1000,4.348772e-05
12917,257.302556,1000,4.348772e-05
12918,257.322476,1000,4.348773e-05
12919,257.342395,1000,4.348774e-05
12920,257.362315,1000,4.348775e-05
12921,257.382235,1000,4.348776e-05
12922,257.402155,1000,4.348776e-05
12923,257.422074,1000,4.348777e-05
12924,257.441994,1000,4.348778e-05
12925,257.461914,1000,4.348779e-05
12926,257.481833,1000,4.348780e-05
12927,257.501753,1000,4.348780e-05
12928,257.521673,1000,4.348781e-05
12929,257.541592,1000,4.348782e-05
12930,257.561512,1000,4.348783e-05
12931,257.581432,1000,4.348784e-05
12932,257.601351,1000,4.348784e-05
12933,257.621271,1000,4.348785e-05
12934,257.641191,1000,4.348786e-05
12935,257.661110,1000,4.348787e-05
12936,257.681030,1000,4.348788e-05
12937,257.700950,1000,4.348789e-05
12938,257.720869,1000,4.348789e-05
12939,257.740789,1000,4.348790e-05
12940,257.760709,1000,4.348791e-05
12941,257.780629,1000,4.348792e-05
12942,257.800548,1000,4.348793e-05
12943,257.820468,1000,4.348793e-05
12944,257.840388,1000,4.348794e-05
12945,257.860307,1000,4.348795e-05
12946,257.880227,1000,4.348796e-05
12947,257.900147,1000,4.348797e-05
12948,257.920066,1000,4.348797e-05
12949,257.939986,1000,4.348798e-05
12950,257.959906,1000,4.348799e-05
12951,257.979825,1000,4.348800e-05
12952,257.999745,1000,4.348801e-05
12953,258.019665,1000,4.348801e-05
12954,258.039584,1000,4.348802e-05
12955,258.059504,1000,4.348803e-05
12956,258.079424,1000,4.348804e-05
12957,258.099343,1000,4.348805e-05
12958,258.119263,1000,4.348805e-05
12959,258.139183,1000,4.348806e-05
12960,258.159102,1000,4.348807e-05
12961,258.179022,1000,4.348808e-05
12962,258.198942,1000,4.348809e-05
12963,258.218862,1000,4.348809e-05
12964,258.238781,1000,4.348810e-05
12965,258.258701,1000,4.348811e-05
12966,258.278621,1000,4.348812e-05
12967,258.298540,1000,4.348813e-05
12968,258.318460,1000,4.348813e-05
12969,258.338380,1000,4.348814e-05
12970,258.358299,1000,4.348815e-05
12971,258.378219,1000,4.348816e-05
12972,258.398139,1000,4.348817e-05
12973,258.418058,1000,4.348818e-05
12974,258.437978,1000,4.348818e-05
12975,258.457898,1000,4.348819e-05
12976,258.477817,1000,4.348820e-05
12977,258.497737,1000,4.348821e-05
12978,258.517657,1000,4.348822e-05
12979,258.537576,1000,4.348822e-05
12980,258.557496,1000,4.348823e-05
12981,258.577416,1000,4.348824e-05
12982,258.597336,1000,4.348825e-05
12983,258.617255,1000,4.348826e-05
12984,258.637175,1000,4.348826e-05
12985,258.657095,1000,4.348827e-05
12986,258.677014,1000,4.348828e-05
12987,258.696934,1000,4.348829e-05
12988,258.716854,1000,4.348830e-05
12989,258.736773,1000,4.348830e-05
12990,258.756693,1000,4.348831e-05
12991,258.776613,1000,4.348832e-05
12992,258.796532,1000,4.348833e-05
12993,258.816452,1000,4.348834e-05
12994,258.836372,1000,4.348834e-05
12995,258.856291,1000,4.348835e-05
12996,258.876211,1000,4.348836e-05
12997,258.896131,1000,4.348837e-05
12998,258.916050,1000,4.348838e-05
12999,258.935970,1000,4.348838e-05
13000,258.955890,1000,4.348839e-05
13001,258.975810,1000,4.348840e-05
13002,258.995729,1000,4.348841e-05
13003,259.015649,1000,4.348842e-05
13004,259.035569,1000,4.348842e-05
13005,259.055488,1000,4.348843e-05
13006,259.075408,1000,4.348844e-05
13007,259.095328,1000,4.348845e-05
13008,259.115247,1000,4.348846e-05
13009,259.135167,1000,4.348847e-05
13010,259.155087,1000,4.348847e-05
13011,259.175006,1000,4.348848e-05
13012,259.194926,1000,4.348849e-05
13013,259.214846,1000,4.348850e-05
13014,259.234765,1000,4.348851e-05
13015,259.254685,1000,4.348851e-05
13016,259.274605,1000,4.348852e-05
13017,259.294524,1000,4.348853e-05
13018,259.314444,1000,4.348854e-05
13019,259.334364,1000,4.348855e-05
13020,259.354284,1000,4.348855e-05
13021,259.374203,1000,4.348856e-05
13022,259.394123,1000,4.348857e-05
13023,259.414043,1000,4.348858e-05
13024,259.433962,1000,4.348859e-05
13025,259.453882,1000,4.348859e-05
13026,259.473802,1000,4.348860e-05
13027,259.493721,1000,4.348861e-05
13028,259.513641,1000,4.348862e-05
13029,259.533561,1000,4.348863e-05
13030,259.553480,1000,4.348863e-05
13031,259.573400,1000,4.348864e-05
13032,259.593320,1000,4.348865e-05
13033,259.613239,1000,4.348866e-05
13034,259.633159,1000,4.348867e-05
13035,259.653079,1000,4.348867e-05
13036,259.672998,1000,4.348868e-05
13037,259.692918,1000,4.348869e-05
13038,259.712838,1000,4.348870e-05
13039,259.732758,1000,4.348871e-05
13040,259.752677,1000,4.348871e-05
13041,259.772597,1000,4.348872e-05
13042,259.792517,1000,4.348873e-05
13043,259.812436,1000,4.348874e-05
13044,259.832356,1000,4.348875e-05
13045,259.852276,1000,4.348876e-05
13046,259.872195,1000,4.348876e-05
13047,259.892115,1000,4.348877e-05
13048,259.912035,1000,4.348878e-05
13049,259.931954,1000,4.348879e-05
13050,259.951874,1000,4.348880e-05
13051,259.971794,1000,4.348880e-05
13052,259.991713,1000,4.348881e-05
13053,260.011633,1000,4.348882e-05
13054,260.031553,1000,4.348883e-05
13055,260.051472,1000,4.348884e-05
13056,260.071392,1000,4.348884e-05
13057,260.091312,1000,4.348885e-05
13058,260.111232,1000,4.348886e-05
13059,260.131151,1000,4.348887e-05
13060,260.151071,1000,4.348888e-05
13061,260.170991,1000,4.348888e-05
13062,260.190910,1000,4.348889e-05
13063,260.210830,1000,4.348890e-05
13064,260.230750,1000,4.348891e-05
13065,260.250669,1000,4.348892e-05
13066,260.270589,1000,4.348892e-05
13067,260.290509,1000,4.348893e-05
13068,260.310428,1000,4.348894e-05
13069,260.330348,1000,4.348895e-05
13070,260.350268,1000,4.348896e-05
13071,260.370187,1000,4.348896e-05
13072,260.390107,1000,4.348897e-05
13073,260.410027,1000,4.348898e-05
13074,260.429946,1000,4.348899e-05
13075,260.449866,1000,4.348900e-05
13076,260.469786,1000,4.348900e-05
13077,260.489706,1000,4.348901e-05
13078,260.509625,1000,4.348902e-05
13079,260.529545,1000,4.348903e-05
13080,260.549465,1000,4.348904e-05
13081,260.569384,1000,4.348904e-05
13082,260.589304,1000,4.348905e-05
13083,260.609224,1000,4.348906e-05
13084,260.629143,1000,4.348907e-05
13085,260.649063,1000,4.348908e-05
13086,260.668983,1000,4.348909e-05
13087,260.688902,1000,4.348909e-05
13088,260.708822,1000,4.348910e-05
13089,260.728742,1000,4.348911e-05
13090,260.748661,1000,4.348912e-05
13091,260.768581,1000,4.348913e-05
13092,260.788501,1000,4.348913e-05
13093,260.808420,1000,4.348914e-05
13094,260.828340,1000,4.348915e-05
13095,260.848260,1000,4.348916e-05
13096,260.868180,1000,4.348917e-05
13097,260.888099,1000,4.348917e-05
13098,260.908019,1000,4.348918e-05
13099,260.927939,1000,4.348919e-05
13100,260.947858,1000,4.348920e-05
13101,260.967778,1000,4.348921e-05
13102,260.987698,1000,4.348921e-05
13103,261.007617,1000,4.348922e-05
13104,261.027537,1000,4.348923e-05
13105,261.047457,1000,4.348924e-05
13106,261.067376,1000,4.348925e-05
13107,261.087296,1000,4.348925e-05
13108,261.107216,1000,4.348926e-05
13109,261.127135,1000,4.348927e-05
13110,261.147055,1000,4.348928e-05
13111,261.166975,1000,4.348929e-05
13112,261.186894,1000,4.348929e-05
13113,261.206814,1000,4.348930e-05
13114,261.226734,1000,4.348931e-05
13115,261.246653,1000,4.348932e-05
13116,261.266573,1000,4.348933e-05
13117,261.286493,1000,4.348933e-05
13118,261.306413,1000,4.348934e-05
13119,261.326332,1000,4.348935e-05
13120,261.346252,1000,4.348936e-05
13121,261.366172,1000,4.348937e-05
13122,261.386091,1000,4.348938e-05
13123,261.406011,1000,4.348938e-05
13124,261.425931,1000,4.348939e-05
13125,261.445850,1000,4.348940e-05
13126,261.465770,1000,4.348941e-05
13127,261.485690,1000,4.348942e-05
13128,261.505609,1000,4.348942e-05
13129,261.525529,1000,4.348943e-05
13130,261.545449,1000,4.348944e-05
13131,261.565368,1000,4.348945e-05
13132,261.585288,1000,4.348946e-05
13133,261.605208,1000,4.348946e-05
13134,261.625127,1000,4.348947e-05
13135,261.645047,1000,4.348948e-05
13136,261.664967,1000,4.348949e-05
13137,261.684887,1000,4.348950e-05
13138,261.704806,1000,4.348950e-05
13139,261.724726,1000,4.348951e-05
13140,261.744646,1000,4.348952e-05
13141,261.764565,1000,4.348953e-05
13142,261.784485,1000,4.348954e-05
13143,261.804405,1000,4.348954e-05
13144,261.824324,1000,4.348955e-05
13145,261.844244,1000,4.348956e-05
13146,261.864164,1000,4.348957e-05
13147,261.884083,1000,4.348958e-05
13148,261.904003,1000,4.348958e-05
13149,261.923923,1000,4.348959e-05
13150,261.943842,1000,4.348960e-05
13151,261.963762,1000,4.348961e-05
13152,261.983682,1000,4.348962e-05
13153,262.003601,1000,4.348962e-05
13154,262.023521,1000,4.348963e-05
13155,262.043441,1000,4.348964e-05
13156,262.063361,1000,4.348965e-05
13157,262.083280,1000,4.348966e-05
13158,262.103200,1000,4.348966e-05
13159,262.123120,1000,4.348967e-05
13160,262.143039,1000,4.348968e-05
13161,262.162959,1000,4.348969e-05
13162,262.182879,1000,4.348970e-05
13163,262.202798,1000,4.348971e-05
13164,262.222718,1000,4.348971e-05
13165,262.242638,1000,4.348972e-05
13166,262.262557,1000,4.348973e-05
13167,262.282477,1000,4.348974e-05
13168,262.302397,1000,4.348975e-05
13169,262.322316,1000,4.348975e-05
13170,262.342236,1000,4.348976e-05
13171,262.362156,1000,4.348977e-05
13172,262.382075,1000,4.348978e-05
13173,262.401995,1000,4.348979e-05
13174,262.421915,1000,4.348979e-05
13175,262.441835,1000,4.348980e-05
13176,262.461754,1000,4.348981e-05
13177,262.481674,1000,4.348982e-05
13178,262.501594,1000,4.348983e-05
13179,262.521513,1000,4.348983e-05
13180,262.541433,1000,4.348984e-05
13181,262.561353,1000,4.348985e-05
13182,262.581272,1000,4.348986e-05
13183,262.601192,1000,4.348987e-05
13184,262.621112,1000,4.348987e-05
13185,262.641031,1000,4.348988e-05
13186,262.660951,1000,4.348989e-05
13187,262.680871,1000,4.348990e-05
13188,262.700790,1000,4.348991e-05
13189,262.720710,1000,4.348991e-05
13190,262.740630,1000,4.348992e-05
13191,262.760549,1000,4.348993e-05
13192,262.780469,1000,4.348994e-05
13193,262.800389,1000,4.348995e-05
13194,262.820309,1000,4.348995e-05
13195,262.840228,1000,4.348996e-05
13196,262.860148,1000,4.348997e-05
13197,262.880068,1000,4.348998e-05
13198,262.899987,1000,4.348999e-05
13199,262.919907,1000,4.349000e-05
13200,262.939827,1000,4.349000e-05
13201,262.959746,1000,4.349001e-05
13202,262.979666,1000,4.349002e-05
13203,262.999586,1000,4.349003e-05
13204,263.019505,1000,4.349004e-05
13205,263.039425,1000,4.349004e-05
13206,263.059345,1000,4.349005e-05
13207,263.079264,1000,4.349006e-05
13208,263.099184,1000,4.349007e-05
13209,263.119104,1000,4.349008e-05
13210,263.139023,1000,4.349008e-05
13211,263.158943,1000,4.349009e-05
13212,263.178863,1000,4.349010e-05
13213,263.198783,1000,4.349011e-05
13214,263.218702,1000,4.349012e-05
13215,263.238622,1000,4.349012e-05
13216,263.258542,1000,4.349013e-05
13217,263.278461,1000,4.349014e-05
13218,263.298381,1000,4.349015e-05
13219,263.318301,1000,4.349016e-05
13220,263.338220,1000,4.349016e-05
13221,263.358140,1000,4.349017e-05
13222,263.378060,1000,4.349018e-05
13223,263.397979,1000,4.349019e-05
13224,263.417899,1000,4.349020e-05
13225,263.437819,1000,4.349020e-05
13226,263.457738,1000,4.349021e-05
13227,263.477658,1000,4.349022e-05
13228,263.497578,1000,4.349023e-05
13229,263.517497,1000,4.349024e-05
13230,263.537417,1000,4.349024e-05
13231,263.557337,1000,4.349025e-05
13232,263.577257,1000,4.349026e-05
13233,263.597176,1000,4.349027e-05
13234,263.617096,1000,4.349028e-05
13235,263.637016,1000,4.349028e-05
13236,263.656935,1000,4.349029e-05
13237,263.676855,1000,4.349030e-05
13238,263.696775,1000,4.349031e-05
13239,263.716694,1000,4.349032e-05
13240,263.736614,1000,4.349033e-05
13241,263.756534,1000,4.349033e-05
13242,263.776453,1000,4.349034e-05
13243,263.796373,1000,4.349035e-05
13244,263.816293,1000,4.349036e-05
13245,263.836212,1000,4.349037e-05
13246,263.856132,1000,4.349037e-05
13247,263.876052,1000,4.349038e-05
13248,263.895971,1000,4.349039e-05
13249,263.915891,1000,4.349040e-05
13250,263.935811,1000,4.349041e-05
13251,263.955730,1000,4.349041e-05
13252,263.975650,1000,4.349042e-05
13253,263.995570,1000,4.349043e-05
13254,264.015490,1000,4.349044e-05
13255,264.035409,1000,4.349045e-05
13256,264.055329,1000,4.349045e-05
13257,264.075249,1000,4.349046e-05
13258,264.095168,1000,4.349047e-05
13259,264.115088,1000,4.349048e-05
13260,264.135008,1000,4.349049e-05
13261,264.154927,1000,4.349049e-05
13262,264.174847,1000,4.349050e-05
13263,264.194767,1000,4.349051e-05
13264,264.214686,1000,4.349052e-05
13265,264.234606,1000,4.349053e-05
13266,264.254526,1000,4.349053e-05
13267,264.274445,1000,4.349054e-05
13268,264.294365,1000,4.349055e-05
13269,264.314285,1000,4.349056e-05
13270,264.334204,1000,4.349057e-05
13271,264.354124,1000,4.349057e-05
13272,264.374044,1000,4.349058e-05
13273,264.393964,1000,4.349059e-05
13274,264.413883,1000,4.349060e-05
13275,264.433803,1000,4.349061e-05
13276,264.453723,1000,4.349061e-05
13277,264.473642,1000,4.349062e-05
13278,264.493562,1000,4.349063e-05
13279,264.513482,1000,4.349064e-05
13280,264.533401,1000,4.349065e-05
13281,264.553321,1000,4.349066e-05
13282,264.573241,1000,4.349066e-05
13283,264.593160,1000,4.349067e-05
13284,264.613080,1000,4.349068e-05
13285,264.633000,1000,4.349069e-05
13286,264.652919,1000,4.349070e-05
13287,264.672839,1000,4.349070e-05
13288,264.692759,1000,4.349071e-05
13289,264.712678,1000,4.349072e-05
13290,264.732598,1000,4.349073e-05
13291,264.752518,1000,4.349074e-05
13292,264.772438,1000,4.349074e-05
13293,264.792357,1000,4.349075e-05
13294,264.812277,1000,4.349076e-05
13295,264.832197,1000,4.349077e-05
13296,264.852116,1000,4.349078e-05
13297,264.872036,1000,4.349078e-05
13298,264.891956,1000,4.349079e-05
13299,264.911875,1000,4.349080e-05
13300,264.931795,1000,4.349081e-05
13301,264.951715,1000,4.349082e-05
13302,264.971634,1000,4.349082e-05
13303,264.991554,1000,4.349083e-05
13304,265.011474,1000,4.349084e-05
13305,265.031393,1000,4.349085e-05
13306,265.051313,1000,4.349086e-05
13307,265.071233,1000,4.349086e-05
13308,265.091152,1000,4.349087e-05
13309,265.111072,1000,4.349088e-05
13310,265.130992,1000,4.349089e-05
13311,265.150912,1000,4.349090e-05
13312,265.170831,1000,4.349090e-05
13313,265.190751,1000,4.349091e-05
13314,265.210671,1000,4.349092e-05
13315,265.230590,1000,4.349093e-05
13316,265.250510,1000,4.349094e-05
13317,265.270430,1000,4.349094e-05
13318,265.290349,1000,4.349095e-05
13319,265.310269,1000,4.349096e-05
13320,265.330189,1000,4.349097e-05
13321,265.350108,1000,4.349098e-05
13322,265.370028,1000,4.349099e-05
13323,265.389948,1000,4.349099e-05
13324,265.409867,1000,4.349100e-05
13325,265.429787,1000,4.349101e-05
13326,265.449707,1000,4.349102e-05
13327,265.469626,1000,4.349103e-05
13328,265.489546,1000,4.349103e-05
13329,265.509466,1000,4.349104e-05
13330,265.529386,1000,4.349105e-05
13331,265.549305,1000,4.349106e-05
13332,265.569225,1000,4.349107e-05
13333,265.589145,1000,4.349107e-05
13334,265.609064,1000,4.349108e-05
13335,265.628984,1000,4.349109e-05
13336,265.648904,1000,4.349110e-05
13337,265.668823,1000,4.349111e-05
13338,265.688743,1000,4.349111e-05
13339,265.708663,1000,4.349112e-05
13340,265.728582,1000,4.349113e-05
13341,265.748502,1000,4.349114e-05
13342,265.768422,1000,4.349115e-05
13343,265.788341,1000,4.349115e-05
13344,265.808261,1000,4.349116e-05
13345,265.828181,1000,4.349117e-05
13346,265.848100,1000,4.349118e-05
13347,265.868020,1000,4.349119e-05
13348,265.887940,1000,4.349119e-05
13349,265.907860,1000,4.349120e-05
13350,265.927779,1000,4.349121e-05
13351,265.947699,1000,4.349122e-05
13352,265.967619,1000,4.349123e-05
13353,265.987538,1000,4.349123e-05
13354,266.007458,1000,4.349124e-05
13355,266.027378,1000,4.349125e-05
13356,266.047297,1000,4.349126e-05
13357,266.067217,1000,4.349127e-05
13358,266.087137,1000,4.349127e-05
13359,266.107056,1000,4.349128e-05
13360,266.126976,1000,4.349129e-05
13361,266.146896,1000,4.349130e-05
13362,266.166815,1000,4.349131e-05
13363,266.186735,1000,4.349132e-05
13364,266.206655,1000,4.349132e-05
13365,266.226574,1000,4.349133e-05
13366,266.246494,1000,4.349134e-05
13367,266.266414,1000,4.349135e-05
13368,266.286334,1000,4.349136e-05
13369,266.306253,1000,4.349136e-05
13370,266.326173,1000,4.349137e-05
13371,266.346093,1000,4.349138e-05
13372,266.366012,1000,4.349139e-05
13373,266.385932,1000,4.349140e-05
13374,266.405852,1000,4.349140e-05
13375,266.425771,1000,4.349141e-05
13376,266.445691,1000,4.349142e-05
13377,266.465611,1000,4.349143e-05
13378,266.485530,1000,4.349144e-05
13379,266.505450,1000,4.349144e-05
13380,266.525370,1000,4.349145e-05
13381,266.545289,1000,4.349146e-05
13382,266.565209,1000,4.349147e-05
13383,266.585129,1000,4.349148e-05
13384,266.605048,1000,4.349148e-05
13385,266.624968,1000,4.349149e-05
13386,266.644888,1000,4.349150e-05
13387,266.664807,1000,4.349151e-05
13388,266.684727,1000,4.349152e-05
13389,266.704647,1000,4.349152e-05
13390,266.724567,1000,4.349153e-05
13391,266.744486,1000,4.349154e-05
13392,266.764406,1000,4.349155e-05
13393,266.784326,1000,4.349156e-05
13394,266.804245,1000,4.349156e-05
13395,266.824165,1000,4.349157e-05
13396,266.844085,1000,4.349158e-05
13397,266.864004,1000,4.349159e-05
13398,266.883924,1000,4.349160e-05
13399,266.903844,1000,4.349160e-05
13400,266.923763,1000,4.349161e-05
13401,266.943683,1000,4.349162e-05
13402,266.963603,1000,4.349163e-05
13403,266.983522,1000,4.349164e-05
13404,267.003442,1000,4.349165e-05
13405,267.023362,1000,4.349165e-05
13406,267.043281,1000,4.349166e-05
13407,267.063201,1000,4.349167e-05
13408,267.083121,1000,4.349168e-05
13409,267.103041,1000,4.349169e-05
13410,267.122960,1000,4.349169e-05
13411,267.142880,1000,4.349170e-05
13412,267.162800,1000,4.349171e-05
13413,267.182719,1000,4.349172e-05
13414,267.202639,1000,4.349173e-05
13415,267.222559,1000,4.349173e-05
13416,267.242478,1000,4.349174e-05
13417,267.262398,1000,4.349175e-05
13418,267.282318,1000,4.349176e-05
13419,267.302237,1000,4.349177e-05
13420,267.322157,1000,4.349177e-05
13421,267.342077,1000,4.349178e-05
13422,267.361996,1000,4.349179e-05
13423,267.381916,1000,4.349180e-05
13424,267.401836,1000,4.349181e-05
13425,267.421755,1000,4.349181e-05
13426,267.441675,1000,4.349182e-05
13427,267.461595,1000,4.349183e-05
13428,267.481515,1000,4.349184e-05
13429,267.501434,1000,4.349185e-05
13430,267.521354,1000,4.349185e-05
13431,267.541274,1000,4.349186e-05
13432,267.561193,1000,4.349187e-05
13433,267.581113,1000,4.349188e-05
13434,267.601033,1000,4.349189e-05
13435,267.620952,1000,4.349189e-05
13436,267.640872,1000,4.349190e-05
13437,267.660792,1000,4.349191e-05
13438,267.680711,1000,4.349192e-05
13439,267.700631,1000,4.349193e-05
13440,267.720551,1000,4.349193e-05
13441,267.740470,1000,4.349194e-05
13442,267.760390,1000,4.349195e-05
13443,267.780310,1000,4.349196e-05
13444,267.800229,1000,4.349197e-05
13445,267.820149,1000,4.349197e-05
13446,267.840069,1000,4.349198e-05
13447,267.859989,1000,4.349199e-05
13448,267.879908,1000,4.349200e-05
13449,267.899828,1000,4.349201e-05
13450,267.919748,1000,4.349202e-05
13451,267.939667,1000,4.349202e-05
13452,267.959587,1000,4.349203e-05
13453,267.979507,1000,4.349204e-05
13454,267.999426,1000,4.349205e-05
13455,268.019346,1000,4.349206e-05
13456,268.039266,1000,4.349206e-05
13457,268.059185,1000,4.349207e-05
13458,268.079105,1000,4.349208e-05
13459,268.099025,1000,4.349209e-05
13460,268.118944,1000,4.349210e-05
13461,268.138864,1000,4.349210e-05
13462,268.158784,1000,4.349211e-05
13463,268.178703,1000,4.349212e-05
13464,268.198623,1000,4.349213e-05
13465,268.218543,1000,4.349214e-05
13466,268.238463,1000,4.349214e-05
13467,268.258382,1000,4.349215e-05
13468,268.278302,1000,4.349216e-05
13469,268.298222,1000,4.349217e-05
13470,268.318141,1000,4.349218e-05
13471,268.338061,1000,4.349218e-05
13472,268.357981,1000,4.349219e-05
13473,268.377900,1000,4.349220e-05
13474,268.397820,1000,4.349221e-05
13475,268.417740,1000,4.349222e-05
13476,268.437659,1000,4.349222e-05
13477,268.457579,1000,4.349223e-05
13478,268.477499,1000,4.349224e-05
13479,268.497418,1000,4.349225e-05
13480,268.517338,1000,4.349226e-05
13481,268.537258,1000,4.349226e-05
13482,268.557177,1000,4.349227e-05
13483,268.577097,1000,4.349228e-05
13484,268.597017,1000,4.349229e-05
13485,268.616937,1000,4.349230e-05
13486,268.636856,1000,4.349230e-05
13487,268.656776,1000,4.349231e-05
13488,268.676696,1000,4.349232e-05
13489,268.696615,1000,4.349233e-05
13490,268.716535,1000,4.349234e-05
13491,268.736455,1000,4.349235e-05
13492,268.756374,1000,4.349235e-05
13493,268.776294,1000,4.349236e-05
13494,268.796214,1000,4.349237e-05
13495,268.816133,1000,4.349238e-05
13496,268.836053,1000,4.349239e-05
13497,268.855973,1000,4.349239e-05
13498,268.875892,1000,4.349240e-05
13499,268.895812,1000,4.349241e-05
13500,268.915732,1000,4.349242e-05
13501,268.935651,1000,4.349243e-05
13502,268.955571,1000,4.349243e-05
13503,268.975491,1000,4.349244e-05
13504,268.995411,1000,4.349245e-05
13505,269.015330,1000,4.349246e-05
13506,269.035250,1000,4.349247e-05
13507,269.055170,1000,4.349247e-05
13508,269.075089,1000,4.349248e-05
13509,269.095009,1000,4.349249e-05
13510,269.114929,1000,4.349250e-05
13511,269.134848,1000,4.349251e-05
13512,269.154768,1000,4.349251e-05
13513,269.174688,1000,4.349252e-05
13514,269.194607,1000,4.349253e-05
13515,269.214527,1000,4.349254e-05
13516,269.234447,1000,4.349255e-05
13517,269.254366,1000,4.349255e-05
13518,269.274286,1000,4.349256e-05
13519,269.294206,1000,4.349257e-05
13520,269.314125,1000,4.349258e-05
13521,269.334045,1000,4.349259e-05
13522,269.353965,1000,4.349259e-05
13523,269.373884,1000,4.349260e-05
13524,269.393804,1000,4.349261e-05
13525,269.413724,1000,4.349262e-05
13526,269.433644,1000,4.349263e-05
13527,269.453563,1000,4.349263e-05
13528,269.473483,1000,4.349264e-05
13529,269.493403,1000,4.349265e-05
13530,269.513322,1000,4.349266e-05
13531,269.533242,1000,4.349267e-05
13532,269.553162,1000,4.349267e-05
13533,269.573081,1000,4.349268e-05
13534,269.593001,1000,4.349269e-05
13535,269.612921,1000,4.349270e-05
13536,269.632840,1000,4.349271e-05
13537,269.652760,1000,4.349272e-05
13538,269.672680,1000,4.349272e-05
13539,269.692599,1000,4.349273e-05
13540,269.712519,1000,4.349274e-05
13541,269.732439,1000,4.349275e-05
13542,269.752358,1000,4.349276e-05
13543,269.772278,1000,4.349276e-05
13544,269.792198,1000,4.349277e-05
13545,269.812118,1000,4.349278e-05
13546,269.832037,1000,4.349279e-05
13547,269.851957,1000,4.349280e-05
13548,269.871877,1000,4.349280e-05
13549,269.891796,1000,4.349281e-05
13550,269.911716,1000,4.349282e-05
13551,269.931636,1000,4.349283e-05
13552,269.951555,1000,4.349284e-05
13553,269.971475,1000,4.349284e-05
13554,269.991395,1000,4.349285e-05
13555,270.011314,1000,4.349286e-05
13556,270.031234,1000,4.349287e-05
13557,270.051154,1000,4.349288e-05
13558,270.071073,1000,4.349288e-05
13559,270.090993,1000,4.349289e-05
13560,270.110913,1000,4.349290e-05
13561,270.130832,1000,4.349291e-05
13562,270.150752,1000,4.349292e-05
13563,270.170672,1000,4.349292e-05
13564,270.190592,1000,4.349293e-05
13565,270.210511,1000,4.349294e-05
13566,270.230431,1000,4.349295e-05
13567,270.250351,1000,4.349296e-05
13568,270.270270,1000,4.349296e-05
13569,270.290190,1000,4.349297e-05
13570,270.310110,1000,4.349298e-05
13571,270.330029,1000,4.349299e-05
13572,270.349949,1000,4.349300e-05
13573,270.369869,1000,4.349300e-05
13574,270.389788,1000,4.349301e-05
13575,270.409708,1000,4.349302e-05
13576,270.429628,1000,4.349303e-05
13577,270.449547,1000,4.349304e-05
13578,270.469467,1000,4.349305e-05
13579,270.489387,1000,4.349305e-05
13580,270.509306,1000,4.349306e-05
13581,270.529226,1000,4.349307e-05
13582,270.549146,1000,4.349308e-05
13583,270.569066,1000,4.349309e-05
13584,270.588985,1000,4.349309e-05
13585,270.608905,1000,4.349310e-05
13586,270.628825,1000,4.349311e-05
13587,270.648744,1000,4.349312e-05
13588,270.668664,1000,4.349313e-05
13589,270.688584,1000,4.349313e-05
13590,270.708503,1000,4.349314e-05
13591,270.728423,1000,4.349315e-05
13592,270.748343,1000,4.349316e-05
13593,270.768262,1000,4.349317e-05
13594,270.788182,1000,4.349317e-05
13595,270.808102,1000,4.349318e-05
13596,270.828021,1000,4.349319e-05
13597,270.847941,1000,4.349320e-05
13598,270.867861,1000,4.349321e-05
13599,270.887780,1000,4.349321e-05
13600,270.907700,1000,4.349322e-05
13601,270.927620,1000,4.349323e-05
13602,270.947540,1000,4.349324e-05
13603,270.967459,1000,4.349325e-05
13604,270.987379,1000,4.349325e-05
13605,271.007299,1000,4.349326e-05
13606,271.027218,1000,4.349327e-05
13607,271.047138,1000,4.349328e-05
13608,271.067058,1000,4.349329e-05
13609,271.086977,1000,4.349329e-05
13610,271.106897,1000,4.349330e-05
13611,271.126817,1000,4.349331e-05
13612,271.146736,1000,4.349332e-05
13613,271.166656,1000,4.349333e-05
13614,271.186576,1000,4.349333e-05
13615,271.206495,1000,4.349334e-05
13616,271.226415,1000,4.349335e-05
13617,271.246335,1000,4.349336e-05
13618,271.266254,1000,4.349337e-05
13619,271.286174,1000,4.349337e-05
13620,271.306094,1000,4.349338e-05
13621,271.326014,1000,4.349339e-05
13622,271.345933,1000,4.349340e-05
13623,271.365853,1000,4.349341e-05
13624,271.385773,1000,4.349342e-05
13625,271.405692,1000,4.349342e-05
13626,271.425612,1000,4.349343e-05
13627,271.445532,1000,4.349344e-05
13628,271.465451,1000,4.349345e-05
13629,271.485371,1000,4.349346e-05
13630,271.505291,1000,4.349346e-05
13631,271.525210,1000,4.349347e-05
13632,271.545130,1000,4.349348e-05
13633,271.565050,1000,4.349349e-05
13634,271.584969,1000,4.349350e-05
13635,271.604889,1000,4.349350e-05
13636,271.624809,1000,4.349351e-05
13637,271.644728,1000,4.349352e-05
13638,271.664648,1000,4.349353e-05
13639,271.684568,1000,4.349354e-05
13640,271.704488,1000,4.349354e-05
13641,271.724407,1000,4.349355e-05
13642,271.744327,1000,4.349356e-05
13643,271.764247,1000,4.349357e-05
13644,271.784166,1000,4.349358e-05
13645,271.804086,1000,4.349358e-05
13646,271.824006,1000,4.349359e-05
13647,271.843925,1000,4.349360e-05
13648,271.863845,1000,4.349361e-05
13649,271.883765,1000,4.349362e-05
13650,271.903684,1000,4.349362e-05
13651,271.923604,1000,4.349363e-05
13652,271.943524,1000,4.349364e-05
13653,271.963443,1000,4.349365e-05
13654,271.983363,1000,4.349366e-05
13655,272.003283,1000,4.349366e-05
13656,272.023202,1000,4.349367e-05
13657,272.043122,1000,4.349368e-05
13658,272.063042,1000,4.349369e-05
13659,272.082961,1000,4.349370e-05
13660,272.102881,1000,4.349370e-05
13661,272.122801,1000,4.349371e-05
13662,272.142721,1000,4.349372e-05
13663,272.162640,1000,4.349373e-05
13664,272.182560,1000,4.349374e-05
13665,272.202480,1000,4.349374e-05
13666,272.222399,1000,4.349375e-05
13667,272.242319,1000,4.349376e-05
13668,272.262239,1000,4.349377e-05
13669,272.282158,1000,4.349378e-05
13670,272.302078,1000,4.349379e-05
13671,272.321998,1000,4.349379e-05
13672,272.341917,1000,4.349380e-05
13673,272.361837,1000,4.349381e-05
13674,272.381757,1000,4.349382e-05
13675,272.401676,1000,4.349383e-05
13676,272.421596,1000,4.349383e-05
13677,272.441516,1000,4.349384e-05
13678,272.461435,1000,4.349385e-05
13679,272.481355,1000,4.349386e-05
13680,272.501275,1000,4.349387e-05
13681,272.521195,1000,4.349387e-05
13682,272.541114,1000,4.349388e-05
13683,272.561034,1000,4.349389e-05
13684,272.580954,1000,4.349390e-05
13685,272.600873,1000,4.349391e-05
13686,272.620793,1000,4.349391e-05
13687,272.640713,1000,4.349392e-05
13688,272.660632,1000,4.349393e-05
13689,272.680552,1000,4.349394e-05
13690,272.700472,1000,4.349395e-05
13691,272.720391,1000,4.349395e-05
13692,272.740311,1000,4.349396e-05
13693,272.760231,1000,4.349397e-05
13694,272.780150,1000,4.349398e-05
13695,272.800070,1000,4.349399e-05
13696,272.819990,1000,4.349399e-05
13697,272.839909,1000,4.349400e-05
13698,272.859829,1000,4.349401e-05
13699,272.879749,1000,4.349402e-05
13700,272.899669,1000,4.349403e-05
13701,272.919588,1000,4.349403e-05
13702,272.939508,1000,4.349404e-05
13703,272.959428,1000,4.349405e-05
13704,272.979347,1000,4.349406e-05
13705,272.999267,1000,4.349407e-05
13706,273.019187,1000,4.349407e-05
13707,273.039106,1000,4.349408e-05
13708,273.059026,1000,4.349409e-05
13709,273.078946,1000,4.349410e-05
13710,273.098865,1000,4.349411e-05
13711,273.118785,1000,4.349411e-05
13712,273.138705,1000,4.349412e-05
13713,273.158624,1000,4.349413e-05
13714,273.178544,1000,4.349414e-05
13715,273.198464,1000,4.349415e-05
13716,273.218383,1000,4.349415e-05
13717,273.238303,1000,4.349416e-05
13718,273.258223,1000,4.349417e-05
13719,273.278143,1000,4.349418e-05
13720,273.298062,1000,4.349419e-05
13721,273.317982,1000,4.349420e-05
13722,273.337902,1000,4.349420e-05
13723,273.357821,1000,4.349421e-05
13724,273.377741,1000,4.349422e-05
13725,273.397661,1000,4.349423e-05
13726,273.417580,1000,4.349424e-05
13727,273.437500,1000,4.349424e-05
13728,273.457420,1000,4.349425e-05
13729,273.477339,1000,4.349426e-05
13730,273.497259,1000,4.349427e-05
13731,273.517179,1000,4.349428e-05
13732,273.537098,1000,4.349428e-05
13733,273.557018,1000,4.349429e-05
13734,273.576938,1000,4.349430e-05
13735,273.596857,1000,4.349431e-05
13736,273.616777,1000,4.349432e-05
13737,273.636697,1000,4.349432e-05
13738,273.656617,1000,4.349433e-05
13739,273.676536,1000,4.349434e-05
13740,273.696456,1000,4.349435e-05
13741,273.716376,1000,4.349436e-05
13742,273.736295,1000,4.349436e-05
13743,273.756215,1000,4.349437e-05
13744,273.776135,1000,4.349438e-05
13745,273.796054,1000,4.349439e-05
13746,273.815974,1000,4.349440e-05
13747,273.835894,1000,4.349440e-05
13748,273.855813,1000,4.349441e-05
13749,273.875733,1000,4.349442e-05
13750,273.895653,1000,4.349443e-05
13751,273.915572,1000,4.349444e-05
13752,273.935492,1000,4.349444e-05
13753,273.955412,1000,4.349445e-05
13754,273.975331,1000,4.349446e-05
13755,273.995251,1000,4.349447e-05
13756,274.015171,1000,4.349448e-05
13757,274.035091,1000,4.349448e-05
13758,274.055010,1000,4.349449e-05
13759,274.074930,1000,4.349450e-05
13760,274.094850,1000,4.349451e-05
13761,274.114769,1000,4.349452e-05
13762,274.134689,1000,4.349452e-05
13763,274.154609,1000,4.349453e-05
13764,274.174528,1000,4.349454e-05
13765,274.194448,1000,4.349455e-05
13766,274.214368,1000,4.349456e-05
13767,274.234287,1000,4.349457e-05
13768,274.254207,1000,4.349457e-05
13769,274.274127,1000,4.349458e-05
13770,274.294046,1000,4.349459e-05
13771,274.313966,1000,4.349460e-05
13772,274.333886,1000,4.349461e-05
13773,274.353805,1000,4.349461e-05
13774,274.373725,1000,4.349462e-05
13775,274.393645,1000,4.349463e-05
13776,274.413565,1000,4.349464e-05
13777,274.433484,1000,4.349465e-05
13778,274.453404,1000,4.349465e-05
13779,274.473324,1000,4.349466e-05
13780,274.493243,1000,4.349467e-05
13781,274.513163,1000,4.349468e-05
13782,274.533083,1000,4.349469e-05
13783,274.553002,1000,4.349469e-05
13784,274.572922,1000,4.349470e-05
13785,274.592842,1000,4.349471e-05
13786,274.612761,1000,4.349472e-05
13787,274.632681,1000,4.349473e-05
13788,274.652601,1000,4.349473e-05
13789,274.672520,1000,4.349474e-05
13790,274.692440,1000,4.349475e-05
13791,274.712360,1000,4.349476e-05
13792,274.732279,1000,4.349477e-05
13793,274.752199,1000,4.349477e-05
13794,274.772119,1000,4.349478e-05
13795,274.792039,1000,4.349479e-05
13796,274.811958,1000,4.349480e-05
13797,274.831878,1000,4.349481e-05
13798,274.851798,1000,4.349481e-05
13799,274.871717,1000,4.349482e-05
13800,274.891637,1000,4.349483e-05
13801,274.911557,1000,4.349484e-05
13802,274.931476,1000,4.349485e-05
13803,274.951396,1000,4.349485e-05
13804,274.971316,1000,4.349486e-05
13805,274.991235,1000,4.349487e-05
13806,275.011155,1000,4.349488e-05
13807,275.031075,1000,4.349489e-05
13808,275.050994,1000,4.349489e-05
13809,275.070914,1000,4.349490e-05
13810,275.090834,1000,4.349491e-05
13811,275.110753,1000,4.349492e-05
13812,275.130673,1000,4.349493e-05
13813,275.150593,1000,4.349494e-05
13814,275.170512,1000,4.349494e-05
13815,275.190432,1000,4.349495e-05
13816,275.210352,1000,4.349496e-05
13817,275.230272,1000,4.349497e-05
13818,275.250191,1000,4.349498e-05
13819,275.270111,1000,4.349498e-05
13820,275.290031,1000,4.349499e-05
13821,275.309950,1000,4.349500e-05
13822,275.329870,1000,4.349501e-05
13823,275.349790,1000,4.349502e-05
13824,275.369709,1000,4.349502e-05
13825,275.389629,1000,4.349503e-05
13826,275.409549,1000,4.349504e-05
13827,275.429468,1000,4.349505e-05
13828,275.449388,1000,4.349506e-05
13829,275.469308,1000,4.349506e-05
13830,275.489227,1000,4.349507e-05
13831,275.509147,1000,4.349508e-05
13832,275.529067,1000,4.349509e-05
13833,275.548986,1000,4.349510e-05
13834,275.568906,1000,4.349510e-05
13835,275.588826,1000,4.349511e-05
13836,275.608746,1000,4.349512e-05
13837,275.628665,1000,4.349513e-05
13838,275.648585,1000,4.349514e-05
13839,275.668505,1000,4.349514e-05
13840,275.688424,1000,4.349515e-05
13841,275.708344,1000,4.349516e-05
13842,275.728264,1000,4.349517e-05
13843,275.748183,1000,4.349518e-05
13844,275.768103,1000,4.349518e-05
13845,275.788023,1000,4.349519e-05
13846,275.807942,1000,4.349520e-05
13847,275.827862,1000,4.349521e-05
13848,275.847782,1000,4.349522e-05
13849,275.867701,1000,4.349522e-05
13850,275.887621,1000,4.349523e-05
13851,275.907541,1000,4.349524e-05
13852,275.927460,1000,4.349525e-05
13853,275.947380,1000,4.349526e-05
13854,275.967300,1000,4.349526e-05
13855,275.987220,1000,4.349527e-05
13856,276.007139,1000,4.349528e-05
13857,276.027059,1000,4.349529e-05
13858,276.046979,1000,4.349530e-05
13859,276.066898,1000,4.349530e-05
13860,276.086818,1000,4.349531e-05
13861,276.106738,1000,4.349532e-05
13862,276.126657,1000,4.349533e-05
13863,276.146577,1000,4.349534e-05
13864,276.166497,1000,4.349535e-05
13865,276.186416,1000,4.349535e-05
13866,276.206336,1000,4.349536e-05
13867,276.226256,1000,4.349537e-05
13868,276.246175,1000,4.349538e-05
13869,276.266095,1000,4.349539e-05
13870,276.286015,1000,4.349539e-05
13871,276.305934,1000,4.349540e-05
13872,276.325854,1000,4.349541e-05
13873,276.345774,1000,4.349542e-05
13874,276.365694,1000,4.349543e-05
13875,276.385613,1000,4.349543e-05
13876,276.405533,1000,4.349544e-05
13877,276.425453,1000,4.349545e-05
13878,276.445372,1000,4.349546e-05
13879,276.465292,1000,4.349547e-05
13880,276.485212,1000,4.349547e-05
13881,276.505131,1000,4.349548e-05
13882,276.525051,1000,4.349549e-05
13883,276.544971,1000,4.349550e-05
13884,276.564890,1000,4.349551e-05
13885,276.584810,1000,4.349551e-05
13886,276.604730,1000,4.349552e-05
13887,276.624649,1000,4.349553e-05
13888,276.644569,1000,4.349554e-05
13889,276.664489,1000,4.349555e-05
13890,276.684408,1000,4.349555e-05
13891,276.704328,1000,4.349556e-05
13892,276.724248,1000,4.349557e-05
13893,276.744168,1000,4.349558e-05
13894,276.764087,1000,4.349559e-05
13895,276.784007,1000,4.349559e-05
13896,276.803927,1000,4.349560e-05
13897,276.823846,1000,4.349561e-05
13898,276.843766,1000,4.349562e-05
13899,276.863686,1000,4.349563e-05
13900,276.883605,1000,4.349563e-05
13901,276.903525,1000,4.349564e-05
13902,276.923445,1000,4.349565e-05
13903,276.943364,1000,4.349566e-05
13904,276.963284,1000,4.349567e-05
13905,276.983204,1000,4.349567e-05
13906,277.003123,1000,4.349568e-05
13907,277.023043,1000,4.349569e-05
13908,277.042963,1000,4.349570e-05
13909,277.062882,1000,4.349571e-05
13910,277.082802,1000,4.349571e-05
13911,277.102722,1000,4.349572e-05
13912,277.122642,1000,4.349573e-05
13913,277.142561,1000,4.349574e-05
13914,277.162481,1000,4.349575e-05
13915,277.182401,1000,4.349576e-05
13916,277.202320,1000,4.349576e-05
13917,277.222240,1000,4.349577e-05
13918,277.242160,1000,4.349578e-05
13919,277.262079,1000,4.349579e-05
13920,277.281999,1000,4.349580e-05
13921,277.301919,1000,4.349580e-05
13922,277.321838,1000,4.349581e-05
13923,277.341758,1000,4.349582e-05
13924,277.361678,1000,4.349583e-05
13925,277.381597,1000,4.349584e-05
13926,277.401517,1000,4.349584e-05
13927,277.421437,1000,4.349585e-05
13928,277.441356,1000,4.349586e-05
13929,277.461276,1000,4.349587e-05
13930,277.481196,1000,4.349588e-05
13931,277.501116,1000,4.349588e-05
13932,277.521035,1000,4.349589e-05
13933,277.540955,1000,4.349590e-05
13934,277.560875,1000,4.349591e-05
13935,277.580794,1000,4.349592e-05
13936,277.600714,1000,4.349592e-05
13937,277.620634,1000,4.349593e-05
13938,277.640553,1000,4.349594e-05
13939,277.660473,1000,4.349595e-05
13940,277.680393,1000,4.349596e-05
13941,277.700312,1000,4.349596e-05
13942,277.720232,1000,4.349597e-05
13943,277.740152,1000,4.349598e-05
13944,277.760071,1000,4.349599e-05
13945,277.779991,1000,4.349600e-05
13946,277.799911,1000,4.349600e-05
13947,277.819830,1000,4.349601e-05
13948,277.839750,1000,4.349602e-05
13949,277.859670,1000,4.349603e-05
13950,277.879589,1000,4.349604e-05
13951,277.899509,1000,4.349604e-05
13952,277.919429,1000,4.349605e-05
13953,277.939349,1000,4.349606e-05
13954,277.959268,1000,4.349607e-05
13955,277.979188,1000,4.349608e-05
13956,277.999108,1000,4.349608e-05
13957,278.019027,1000,4.349609e-05
13958,278.038947,1000,4.349610e-05
13959,278.058867,1000,4.349611e-05
13960,278.078786,1000,4.349612e-05
13961,278.098706,1000,4.349612e-05
13962,278.118626,1000,4.349613e-05
13963,278.138545,1000,4.349614e-05
13964,278.158465,1000,4.349615e-05
13965,278.178385,1000,4.349616e-05
13966,278.198304,1000,4.349617e-05
13967,278.218224,1000,4.349617e-05
13968,278.238144,1000,4.349618e-05
13969,278.258063,1000,4.349619e-05
13970,278.277983,1000,4.349620e-05
13971,278.297903,1000,4.349621e-05
13972,278.317823,1000,4.349621e-05
13973,278.337742,1000,4.349622e-05
13974,278.357662,1000,4.349623e-05
13975,278.377582,1000,4.349624e-05
13976,278.397501,1000,4.349625e-05
13977,278.417421,1000,4.349625e-05
13978,278.437341,1000,4.349626e-05
13979,278.457260,1000,4.349627e-05
13980,278.477180,1000,4.349628e-05
13981,278.497100,1000,4.349629e-05
13982,278.517019,1000,4.349629e-05
13983,278.536939,1000,4.349630e-05
13984,278.556859,1000,4.349631e-05
13985,278.576778,1000,4.349632e-05
13986,278.596698,1000,4.349633e-05
13987,278.616618,1000,4.349633e-05
13988,278.636537,1000,4.349634e-05
13989,278.656457,1000,4.349635e-05
13990,278.676377,1000,4.349636e-05
13991,278.696297,1000,4.349637e-05
13992,278.716216,1000,4.349637e-05
13993,278.736136,1000,4.349638e-05
13994,278.756056,1000,4.349639e-05
13995,278.775975,1000,4.349640e-05
13996,278.795895,1000,4.349641e-05
13997,278.815815,1000,4.349641e-05
13998,278.835734,1000,4.349642e-05
13999,278.855654,1000,4.349643e-05
14000,278.875574,1000,4.349644e-05
14001,278.895493,1000,4.349645e-05
14002,278.915413,1000,4.349645e-05
14003,278.935333,1000,4.349646e-05
14004,278.955252,1000,4.349647e-05
14005,278.975172,1000,4.349648e-05
14006,278.995092,1000,4.349649e-05
14007,279.015011,1000,4.349649e-05
14008,279.034931,1000,4.349650e-05
14009,279.054851,1000,4.349651e-05
14010,279.074771,1000,4.349652e-05
14011,279.094690,1000,4.349653e-05
14012,279.114610,1000,4.349653e-05
14013,279.134530,1000,4.349654e-05
14014,279.154449,1000,4.349655e-05
14015,279.174369,1000,4.349656e-05
14016,279.194289,1000,4.349657e-05
14017,279.214208,1000,4.349657e-05
14018,279.234128,1000,4.349658e-05
14019,279.254048,1000,4.349659e-05
14020,279.273967,1000,4.349660e-05
14021,279.293887,1000,4.349661e-05
14022,279.313807,1000,4.349662e-05
14023,279.333726,1000,4.349662e-05
14024,279.353646,1000,4.349663e-05
14025,279.373566,1000,4.349664e-05
14026,279.393485,1000,4.349665e-05
14027,279.413405,1000,4.349666e-05
14028,279.433325,1000,4.349666e-05
14029,279.453245,1000,4.349667e-05
14030,279.473164,1000,4.349668e-05
14031,279.493084,1000,4.349669e-05
14032,279.513004,1000,4.349670e-05
14033,279.532923,1000,4.349670e-05
14034,279.552843,1000,4.349671e-05
14035,279.572763,1000,4.349672e-05
14036,279.592682,1000,4.349673e-05
14037,279.612602,1000,4.349674e-05
14038,279.632522,1000,4.349674e-05
14039,279.652441,1000,4.349675e-05
14040,279.672361,1000,4.349676e-05
14041,279.692281,1000,4.349677e-05
14042,279.712200,1000,4.349678e-05
14043,279.732120,1000,4.349678e-05
14044,279.752040,1000,4.349679e-05
14045,279.771959,1000,4.349680e-05
14046,279.791879,1000,4.349681e-05
14047,279.811799,1000,4.349682e-05
14048,279.831719,1000,4.349682e-05
14049,279.851638,1000,4.349683e-05
14050,279.871558,1000,4.349684e-05
14051,279.891478,1000,4.349685e-05
14052,279.911397,1000,4.349686e-05
14053,279.931317,1000,4.349686e-05
14054,279.951237,1000,4.349687e-05
14055,279.971156,1000,4.349688e-05
14056,279.991076,1000,4.349689e-05
14057,280.010996,1000,4.349690e-05
14058,280.030915,1000,4.349690e-05
14059,280.050835,1000,4.349691e-05
14060,280.070755,1000,4.349692e-05
14061,280.090674,1000,4.349693e-05
14062,280.110594,1000,4.349694e-05
14063,280.130514,1000,4.349694e-05
14064,280.150433,1000,4.349695e-05
14065,280.170353,1000,4.349696e-05
14066,280.190273,1000,4.349697e-05
14067,280.210193,1000,4.349698e-05
14068,280.230112,1000,4.349698e-05
14069,280.250032,1000,4.349699e-05
14070,280.269952,1000,4.349700e-05
14071,280.289871,1000,4.349701e-05
14072,280.309791,1000,4.349702e-05
14073,280.329711,1000,4.349703e-05
14074,280.349630,1000,4.349703e-05
14075,280.369550,1000,4.349704e-05
14076,280.389470,1000,4.349705e-05
14077,280.409389,1000,4.349706e-05
14078,280.429309,1000,4.349707e-05
14079,280.449229,1000,4.349707e-05
14080,280.469148,1000,4.349708e-05
14081,280.489068,1000,4.349709e-05
14082,280.508988,1000,4.349710e-05
14083,280.528907,1000,4.349711e-05
14084,280.548827,1000,4.349711e-05
14085,280.568747,1000,4.349712e-05
14086,280.588666,1000,4.349713e-05
14087,280.608586,1000,4.349714e-05
14088,280.628506,1000,4.349715e-05
14089,280.648426,1000,4.349715e-05
14090,280.668345,1000,4.349716e-05
14091,280.688265,1000,4.349717e-05
14092,280.708185,1000,4.349718e-05
14093,280.728104,1000,4.349719e-05
14094,280.748024,1000,4.349719e-05
14095,280.767944,1000,4.349720e-05
14096,280.787863,1000,4.349721e-05
14097,280.807783,1000,4.349722e-05
14098,280.827703,1000,4.349723e-05
14099,280.847622,1000,4.349723e-05
14100,280.867542,1000,4.349724e-05
14101,280.887462,1000,4.349725e-05
14102,280.907381,1000,4.349726e-05
14103,280.927301,1000,4.349727e-05
14104,280.947221,1000,4.349727e-05
14105,280.967140,1000,4.349728e-05
14106,280.987060,1000,4.349729e-05
14107,281.006980,1000,4.349730e-05
14108,281.026900,1000,4.349731e-05
14109,281.046819,1000,4.349731e-05
14110,281.066739,1000,4.349732e-05
14111,281.086659,1000,4.349733e-05
14112,281.106578,1000,4.349734e-05
14113,281.126498,1000,4.349735e-05
14114,281.146418,1000,4.349735e-05
14115,281.166337,1000,4.349736e-05
14116,281.186257,1000,4.349737e-05
14117,281.206177,1000,4.349738e-05
14118,281.226096,1000,4.349739e-05
14119,281.246016,1000,4.349739e-05
14120,281.265936,1000,4.349740e-05
14121,281.285855,1000,4.349741e-05
14122,281.305775,1000,4.349742e-05
14123,281.325695,1000,4.349743e-05
14124,281.345614,1000,4.349743e-05
14125,281.365534,1000,4.349744e-05
14126,281.385454,1000,4.349745e-05
14127,281.405374,1000,4.349746e-05
14128,281.425293,1000,4.349747e-05
14129,281.445213,1000,4.349748e-05
14130,281.465133,1000,4.349748e-05
14131,281.485052,1000,4.349749e-05
14132,281.504972,1000,4.349750e-05
14133,281.524892,1000,4.349751e-05
14134,281.544811,1000,4.349752e-05
14135,281.564731,1000,4.349752e-05
14136,281.584651,1000,4.349753e-05
14137,281.604570,1000,4.349754e-05
14138,281.624490,1000,4.349755e-05
14139,281.644410,1000,4.349756e-05
14140,281.664329,1000,4.349756e-05
14141,281.684249,1000,4.349757e-05
14142,281.704169,1000,4.349758e-05
14143,281.724088,1000,4.349759e-05
14144,281.744008,1000,4.349760e-05
14145,281.763928,1000,4.349760e-05
14146,281.783848,1000,4.349761e-05
14147,281.803767,1000,4.349762e-05
14148,281.823687,1000,4.349763e-05
14149,281.843607,1000,4.349764e-05
14150,281.863526,1000,4.349764e-05
14151,281.883446,1000,4.349765e-05
14152,281.903366,1000,4.349766e-05
14153,281.923285,1000,4.349767e-05
14154,281.943205,1000,4.349768e-05
14155,281.963125,1000,4.349768e-05
14156,281.983044,1000,4.349769e-05
14157,282.002964,1000,4.349770e-05
14158,282.022884,1000,4.349771e-05
14159,282.042803,1000,4.349772e-05
14160,282.062723,1000,4.349772e-05
14161,282.082643,1000,4.349773e-05
14162,282.102562,1000,4.349774e-05
14163,282.122482,1000,4.349775e-05
14164,282.142402,1000,4.349776e-05
14165,282.162322,1000,4.349776e-05
14166,282.182241,1000,4.349777e-05
14167,282.202161,1000,4.349778e-05
14168,282.222081,1000,4.349779e-05
14169,282.242000,1000,4.349780e-05
14170,282.261920,1000,4.349780e-05
14171,282.281840,1000,4.349781e-05
14172,282.301759,1000,4.349782e-05
14173,282.321679,1000,4.349783e-05
14174,282.341599,1000,4.349784e-05
14175,282.361518,1000,4.349784e-05
14176,282.381438,1000,4.349785e-05
14177,282.401358,1000,4.349786e-05
14178,282.421277,1000,4.349787e-05
14179,282.441197,1000,4.349788e-05
14180,282.461117,1000,4.349788e-05
14181,282.481036,1000,4.349789e-05
14182,282.500956,1000,4.349790e-05
14183,282.520876,1000,4.349791e-05
14184,282.540796,1000,4.349792e-05
14185,282.560715,1000,4.349793e-05
14186,282.580635,1000,4.349793e-05
14187,282.600555,1000,4.349794e-05
14188,282.620474,1000,4.349795e-05
14189,282.640394,1000,4.349796e-05
14190,282.660314,1000,4.349797e-05
14191,282.680233,1000,4.349797e-05
14192,282.700153,1000,4.349798e-05
14193,282.720073,1000,4.349799e-05
14194,282.739992,1000,4.349800e-05
14195,282.759912,1000,4.349801e-05
14196,282.779832,1000,4.349801e-05
14197,282.799751,1000,4.349802e-05
14198,282.819671,1000,4.349803e-05
14199,282.839591,1000,4.349804e-05
14200,282.859510,1000,4.349805e-05
14201,282.879430,1000,4.349805e-05
14202,282.899350,1000,4.349806e-05
14203,282.919270,1000,4.349807e-05
14204,282.939189,1000,4.349808e-05
14205,282.959109,1000,4.349809e-05
14206,282.979029,1000,4.349809e-05
14207,282.998948,1000,4.349810e-05
14208,283.018868,1000,4.349811e-05
14209,283.038788,1000,4.349812e-05
14210,283.058707,1000,4.349813e-05
14211,283.078627,1000,4.349813e-05
14212,283.098547,1000,4.349814e-05
14213,283.118466,1000,4.349815e-05
14214,283.138386,1000,4.349816e-05
14215,283.158306,1000,4.349817e-05
14216,283.178225,1000,4.349817e-05
14217,283.198145,1000,4.349818e-05
14218,283.218065,1000,4.349819e-05
14219,283.237984,1000,4.349820e-05
14220,283.257904,1000,4.349821e-05
14221,283.277824,1000,4.349821e-05
14222,283.297743,1000,4.349822e-05
14223,283.317663,1000,4.349823e-05
14224,283.337583,1000,4.349824e-05
14225,283.357503,1000,4.349825e-05
14226,283.377422,1000,4.349825e-05
14227,283.397342,1000,4.349826e-05
14228,283.417262,1000,4.349827e-05
14229,283.437181,1000,4.349828e-05
14230,283.457101,1000,4.349829e-05
14231,283.477021,1000,4.349829e-05
14232,283.496940,1000,4.349830e-05
14233,283.516860,1000,4.349831e-05
14234,283.536780,1000,4.349832e-05
14235,283.556699,1000,4.349833e-05
14236,283.576619,1000,4.349833e-05
14237,283.596539,1000,4.349834e-05
14238,283.616458,1000,4.349835e-05
14239,283.636378,1000,4.349836e-05
14240,283.656298,1000,4.349837e-05
14241,283.676217,1000,4.349837e-05
14242,283.696137,1000,4.349838e-05
14243,283.716057,1000,4.349839e-05
14244,283.735977,1000,4.349840e-05
14245,283.755896,1000,4.349841e-05
14246,283.775816,1000,4.349842e-05
14247,283.795736,1000,4.349842e-05
14248,283.815655,1000,4.349843e-05
14249,283.835575,1000,4.349844e-05
14250,283.855495,1000,4.349845e-05
14251,283.875414,1000,4.349846e-05
14252,283.895334,1000,4.349846e-05
14253,283.915254,1000,4.349847e-05
14254,283.935173,1000,4.349848e-05
14255,283.955093,1000,4.349849e-05
14256,283.975013,1000,4.349850e-05
14257,283.994932,1000,4.349850e-05
14258,284.014852,1000,4.349851e-05
14259,284.034772,1000,4.349852e-05
14260,284.054691,1000,4.349853e-05
14261,284.074611,1000,4.349854e-05
14262,284.094531,1000,4.349854e-05
14263,284.114451,1000,4.349855e-05
14264,284.134370,1000,4.349856e-05
14265,284.154290,1000,4.349857e-05
14266,284.174210,1000,4.349858e-05
14267,284.194129,1000,4.349858e-05
14268,284.214049,1000,4.349859e-05
14269,284.233969,1000,4.349860e-05
14270,284.253888,1000,4.349861e-05
14271,284.273808,1000,4.349862e-05
14272,284.293728,1000,4.349862e-05
14273,284.313647,1000,4.349863e-05
14274,284.333567,1000,4.349864e-05
14275,284.353487,1000,4.349865e-05
14276,284.373406,1000,4.349866e-05
14277,284.393326,1000,4.349866e-05
14278,284.413246,1000,4.349867e-05
14279,284.433165,1000,4.349868e-05
14280,284.453085,1000,4.349869e-05
14281,284.473005,1000,4.349870e-05
14282,284.492925,1000,4.349870e-05
14283,284.512844,1000,4.349871e-05
14284,284.532764,1000,4.349872e-05
14285,284.552684,1000,4.349873e-05
14286,284.572603,1000,4.349874e-05
14287,284.592523,1000,4.349874e-05
14288,284.612443,1000,4.349875e-05
14289,284.632362,1000,4.349876e-05
14290,284.652282,1000,4.349877e-05
14291,284.672202,1000,4.349878e-05
14292,284.692121,1000,4.349878e-05
14293,284.712041,1000,4.349879e-05
14294,284.731961,1000,4.349880e-05
14295,284.751880,1000,4.349881e-05
14296,284.771800,1000,4.349882e-05
14297,284.791720,1000,4.349882e-05
14298,284.811639,1000,4.349883e-05
14299,284.831559,1000,4.349884e-05
14300,284.851479,1000,4.349885e-05
14301,284.871399,1000,4.349886e-05
14302,284.891318,1000,4.349887e-05
14303,284.911238,1000,4.349887e-05
14304,284.931158,1000,4.349888e-05
14305,284.951077,1000,4.349889e-05
14306,284.970997,1000,4.349890e-05
14307,284.990917,1000,4.349891e-05
14308,285.010836,1000,4.349891e-05
14309,285.030756,1000,4.349892e-05
14310,285.050676,1000,4.349893e-05
14311,285.070595,1000,4.349894e-05
14312,285.090515,1000,4.349895e-05
14313,285.110435,1000,4.349895e-05
14314,285.130354,1000,4.349896e-05
14315,285.150274,1000,4.349897e-05
14316,285.170194,1000,4.349898e-05
14317,285.190113,1000,4.349899e-05
14318,285.210033,1000,4.349899e-05
14319,285.229953,1000,4.349900e-05
14320,285.249873,1000,4.349901e-05
14321,285.269792,1000,4.349902e-05
14322,285.289712,1000,4.349903e-05
14323,285.309632,1000,4.349903e-05
14324,285.329551,1000,4.349904e-05
14325,285.349471,1000,4.349905e-05
14326,285.369391,1000,4.349906e-05
14327,285.389310,1000,4.349907e-05
14328,285.409230,1000,4.349907e-05
14329,285.429150,1000,4.349908e-05
14330,285.449069,1000,4.349909e-05
14331,285.468989,1000,4.349910e-05
14332,285.488909,1000,4.349911e-05
14333,285.508828,1000,4.349911e-05
14334,285.528748,1000,4.349912e-05
14335,285.548668,1000,4.349913e-05
14336,285.568587,1000,4.349914e-05
14337,285.588507,1000,4.349915e-05
14338,285.608427,1000,4.349915e-05
14339,285.628347,1000,4.349916e-05
14340,285.648266,1000,4.349917e-05
14341,285.668186,1000,4.349918e-05
14342,285.688106,1000,4.349919e-05
14343,285.708025,1000,4.349919e-05
14344,285.727945,1000,4.349920e-05
14345,285.747865,1000,4.349921e-05
14346,285.767784,1000,4.349922e-05
14347,285.787704,1000,4.349923e-05
14348,285.807624,1000,4.349923e-05
14349,285.827543,1000,4.349924e-05
14350,285.847463,1000,4.349925e-05
14351,285.867383,1000,4.349926e-05
14352,285.887302,1000,4.349927e-05
14353,285.907222,1000,4.349927e-05
14354,285.927142,1000,4.349928e-05
14355,285.947061,1000,4.349929e-05
14356,285.966981,1000,4.349930e-05
14357,285.986901,1000,4.349931e-05
14358,286.006820,1000,4.349931e-05
14359,286.026740,1000,4.349932e-05
14360,286.046660,1000,4.349933e-05
14361,286.066580,1000,4.349934e-05
14362,286.086499,1000,4.349935e-05
14363,286.106419,1000,4.349936e-05
14364,286.126339,1000,4.349936e-05
14365,286.146258,1000,4.349937e-05
14366,286.166178,1000,4.349938e-05
14367,286.186098,1000,4.349939e-05
14368,286.206017,1000,4.349940e-05
14369,286.225937,1000,4.349940e-05
14370,286.245857,1000,4.349941e-05
14371,286.265776,1000,4.349942e-05
14372,286.285696,1000,4.349943e-05
14373,286.305616,1000,4.349944e-05
14374,286.325535,1000,4.349944e-05
14375,286.345455,1000,4.349945e-05
14376,286.365375,1000,4.349946e-05
14377,286.385294,1000,4.349947e-05
14378,286.405214,1000,4.349948e-05
14379,286.425134,1000,4.349948e-05
14380,286.445054,1000,4.349949e-05
14381,286.464973,1000,4.349950e-05
14382,286.484893,1000,4.349951e-05
14383,286.504813,1000,4.349952e-05
14384,286.524732,1000,4.349952e-05
14385,286.544652,1000,4.349953e-05
14386,286.564572,1000,4.349954e-05
14387,286.584491,1000,4.349955e-05
14388,286.604411,1000,4.349956e-05
14389,286.624331,1000,4.349956e-05
14390,286.644250,1000,4.349957e-05
14391,286.664170,1000,4.349958e-05
14392,286.684090,1000,4.349959e-05
14393,286.704009,1000,4.349960e-05
14394,286.723929,1000,4.349960e-05
14395,286.743849,1000,4.349961e-05
14396,286.763768,1000,4.349962e-05
14397,286.783688,1000,4.349963e-05
14398,286.803608,1000,4.349964e-05
14399,286.823528,1000,4.349964e-05
14400,286.843447,1000,4.349965e-05
14401,286.863367,1000,4.349966e-05
14402,286.883287,1000,4.349967e-05
14403,286.903206,1000,4.349968e-05
14404,286.923126,1000,4.349968e-05
14405,286.943046,1000,4.349969e-05
14406,286.962965,1000,4.349970e-05
14407,286.982885,1000,4.349971e-05
14408,287.002805,1000,4.349972e-05
14409,287.022724,1000,4.349972e-05
14410,287.042644,1000,4.349973e-05
14411,287.062564,1000,4.349974e-05
14412,287.082483,1000,4.349975e-05
14413,287.102403,1000,4.349976e-05
14414,287.122323,1000,4.349976e-05
14415,287.142242,1000,4.349977e-05
14416,287.162162,1000,4.349978e-05
14417,287.182082,1000,4.349979e-05
14418,287.202002,1000,4.349980e-05
14419,287.221921,1000,4.349980e-05
14420,287.241841,1000,4.349981e-05
14421,287.261761,1000,4.349982e-05
14422,287.281680,1000,4.349983e-05
14423,287.301600,1000,4.349984e-05
14424,287.321520,1000,4.349984e-05
14425,287.341439,1000,4.349985e-05
14426,287.361359,1000,4.349986e-05
14427,287.381279,1000,4.349987e-05
14428,287.401198,1000,4.349988e-05
14429,287.421118,1000,4.349989e-05
14430,287.441038,1000,4.349989e-05
14431,287.460957,1000,4.349990e-05
14432,287.480877,1000,4.349991e-05
14433,287.500797,1000,4.349992e-05
14434,287.520716,1000,4.349993e-05
14435,287.540636,1000,4.349993e-05
14436,287.560556,1000,4.349994e-05
14437,287.580476,1000,4.349995e-05
14438,287.600395,1000,4.349996e-05
14439,287.620315,1000,4.349997e-05
14440,287.640235,1000,4.349997e-05
14441,287.660154,1000,4.349998e-05
14442,287.680074,1000,4.349999e-05
14443,287.699994,1000,4.350000e-05
14444,287.719913,1000,4.350001e-05
14445,287.739833,1000,4.350001e-05
14446,287.759753,1000,4.350002e-05
14447,287.779672,1000,4.350003e-05
14448,287.799592,1000,4.350004e-05
14449,287.819512,1000,4.350005e-05
14450,287.839431,1000,4.350005e-05
14451,287.859351,1000,4.350006e-05
14452,287.879271,1000,4.350007e-05
14453,287.899190,1000,4.350008e-05
14454,287.919110,1000,4.350009e-05
14455,287.939030,1000,4.350009e-05
14456,287.958950,1000,4.350010e-05
14457,287.978869,1000,4.350011e-05
14458,287.998789,1000,4.350012e-05
14459,288.018709,1000,4.350013e-05
14460,288.038628,1000,4.350013e-05
14461,288.058548,1000,4.350014e-05
14462,288.078468,1000,4.350015e-05
14463,288.098387,1000,4.350016e-05
14464,288.118307,1000,4.350017e-05
14465,288.138227,1000,4.350017e-05
14466,288.158146,1000,4.350018e-05
14467,288.178066,1000,4.350019e-05
14468,288.197986,1000,4.350020e-05
14469,288.217905,1000,4.350021e-05
14470,288.237825,1000,4.350021e-05
14471,288.257745,1000,4.350022e-05
14472,288.277664,1000,4.350023e-05
14473,288.297584,1000,4.350024e-05
14474,288.317504,1000,4.350025e-05
14475,288.337424,1000,4.350025e-05
14476,288.357343,1000,4.350026e-05
14477,288.377263,1000,4.350027e-05
14478,288.397183,1000,4.350028e-05
14479,288.417102,1000,4.350029e-05
14480,288.437022,1000,4.350029e-05
14481,288.456942,1000,4.350030e-05
14482,288.476861,1000,4.350031e-05
14483,288.496781,1000,4.350032e-05
14484,288.516701,1000,4.350033e-05
14485,288.536620,1000,4.350033e-05
14486,288.556540,1000,4.350034e-05
14487,288.576460,1000,4.350035e-05
14488,288.596379,1000,4.350036e-05
14489,288.616299,1000,4.350037e-05
14490,288.636219,1000,4.350037e-05
14491,288.656138,1000,4.350038e-05
14492,288.676058,1000,4.350039e-05
14493,288.695978,1000,4.350040e-05
14494,288.715898,1000,4.350041e-05
14495,288.735817,1000,4.350042e-05
14496,288.755737,1000,4.350042e-05
14497,288.775657,1000,4.350043e-05
14498,288.795576,1000,4.350044e-05
14499,288.815496,1000,4.350045e-05
14500,288.835416,1000,4.350046e-05
14501,288.855335,1000,4.350046e-05
14502,288.875255,1000,4.350047e-05
14503,288.895175,1000,4.350048e-05
14504,288.915094,1000,4.350049e-05
14505,288.935014,1000,4.350050e-05
14506,288.954934,1000,4.350050e-05
14507,288.974853,1000,4.350051e-05
14508,288.994773,1000,4.350052e-05
14509,289.014693,1000,4.350053e-05
14510,289.034612,1000,4.350054e-05
14511,289.054532,1000,4.350054e-05
14512,289.074452,1000,4.350055e-05
14513,289.094371,1000,4.350056e-05
14514,289.114291,1000,4.350057e-05
14515,289.134211,1000,4.350058e-05
14516,289.154131,1000,4.350058e-05
14517,289.174050,1000,4.350059e-05
14518,289.193970,1000,4.350060e-05
14519,289.213890,1000,4.350061e-05
14520,289.233809,1000,4.350062e-05
14521,289.253729,1000,4.350062e-05
14522,289.273649,1000,4.350063e-05
14523,289.293568,1000,4.350064e-05
14524,289.313488,1000,4.350065e-05
14525,289.333408,1000,4.350066e-05
14526,289.353327,1000,4.350066e-05
14527,289.373247,1000,4.350067e-05
14528,289.393167,1000,4.350068e-05
14529,289.413086,1000,4.350069e-05
14530,289.433006,1000,4.350070e-05
14531,289.452926,1000,4.350070e-05
14532,289.472845,1000,4.350071e-05
14533,289.492765,1000,4.350072e-05
14534,289.512685,1000,4.350073e-05
14535,289.532605,1000,4.350074e-05
14536,289.552524,1000,4.350074e-05
14537,289.572444,1000,4.350075e-05
14538,289.592364,1000,4.350076e-05
14539,289.612283,1000,4.350077e-05
14540,289.632203,1000,4.350078e-05
14541,289.652123,1000,4.350078e-05
14542,289.672042,1000,4.350079e-05
14543,289.691962,1000,4.350080e-05
14544,289.711882,1000,4.350081e-05
14545,289.731801,1000,4.350082e-05
14546,289.751721,1000,4.350082e-05
14547,289.771641,1000,4.350083e-05
14548,289.791560,1000,4.350084e-05
14549,289.811480,1000,4.350085e-05
14550,289.831400,1000,4.350086e-05
14551,289.851319,1000,4.350086e-05
14552,289.871239,1000,4.350087e-05
14553,289.891159,1000,4.350088e-05
14554,289.911079,1000,4.350089e-05
14555,289.930998,1000,4.350090e-05
14556,289.950918,1000,4.350090e-05
14557,289.970838,1000,4.350091e-05
14558,289.990757,1000,4.350092e-05
14559,290.010677,1000,4.350093e-05
14560,290.030597,1000,4.350094e-05
14561,290.050516,1000,4.350095e-05
14562,290.070436,1000,4.350095e-05
14563,290.090356,1000,4.350096e-05
14564,290.110275,1000,4.350097e-05
14565,290.130195,1000,4.350098e-05
14566,290.150115,1000,4.350099e-05
14567,290.170034,1000,4.350099e-05
14568,290.189954,1000,4.350100e-05
14569,290.209874,1000,4.350101e-05
14570,290.229793,1000,4.350102e-05
14571,290.249713,1000,4.350103e-05
14572,290.269633,1000,4.350103e-05
14573,290.289553,1000,4.350104e-05
14574,290.309472,1000,4.350105e-05
14575,290.329392,1000,4.350106e-05
14576,290.349312,1000,4.350107e-05
14577,290.369231,1000,4.350107e-05
14578,290.389151,1000,4.350108e-05
14579,290.409071,1000,4.350109e-05
14580,290.428990,1000,4.350110e-05
14581,290.448910,1000,4.350111e-05
14582,290.468830,1000,4.350111e-05
14583,290.488749,1000,4.350112e-05
14584,290.508669,1000,4.350113e-05
14585,290.528589,1000,4.350114e-05
14586,290.548508,1000,4.350115e-05
14587,290.568428,1000,4.350115e-05
14588,290.588348,1000,4.350116e-05
14589,290.608267,1000,4.350117e-05
14590,290.628187,1000,4.350118e-05
14591,290.648107,1000,4.350119e-05
14592,290.668027,1000,4.350119e-05
14593,290.687946,1000,4.350120e-05
14594,290.707866,1000,4.350121e-05
14595,290.727786,1000,4.350122e-05
14596,290.747705,1000,4.350123e-05
14597,290.767625,1000,4.350123e-05
14598,290.787545,1000,4.350124e-05
14599,290.807464,1000,4.350125e-05
14600,290.827384,1000,4.350126e-05
14601,290.847304,1000,4.350127e-05
14602,290.867223,1000,4.350127e-05
14603,290.887143,1000,4.350128e-05
14604,290.907063,1000,4.350129e-05
14605,290.926982,1000,4.350130e-05
14606,290.946902,1000,4.350131e-05
14607,290.966822,1000,4.350131e-05
14608,290.986741,1000,4.350132e-05
14609,291.006661,1000,4.350133e-05
14610,291.026581,1000,4.350134e-05
14611,291.046501,1000,4.350135e-05
14612,291.066420,1000,4.350135e-05
14613,291.086340,1000,4.350136e-05
14614,291.106260,1000,4.350137e-05
14615,291.126179,1000,4.350138e-05
14616,291.146099,1000,4.350139e-05
14617,291.166019,1000,4.350139e-05
14618,291.185938,1000,4.350140e-05
14619,291.205858,1000,4.350141e-05
14620,291.225778,1000,4.350142e-05
14621,291.245697,1000,4.350143e-05
14622,291.265617,1000,4.350143e-05
14623,291.285537,1000,4.350144e-05
14624,291.305456,1000,4.350145e-05
14625,291.325376,1000,4.350146e-05
14626,291.345296,1000,4.350147e-05
14627,291.365215,1000,4.350148e-05
14628,291.385135,1000,4.350148e-05
14629,291.405055,1000,4.350149e-05
14630,291.424975,1000,4.350150e-05
14631,291.444894,1000,4.350151e-05
14632,291.464814,1000,4.350152e-05
14633,291.484734,1000,4.350152e-05
14634,291.504653,1000,4.350153e-05
14635,291.524573,1000,4.350154e-05
14636,291.544493,1000,4.350155e-05
14637,291.564412,1000,4.350156e-05
14638,291.584332,1000,4.350156e-05
14639,291.604252,1000,4.350157e-05
14640,291.624171,1000,4.350158e-05
14641,291.644091,1000,4.350159e-05
14642,291.664011,1000,4.350160e-05
14643,291.683930,1000,4.350160e-05
14644,291.703850,1000,4.350161e-05
14645,291.723770,1000,4.350162e-05
14646,291.743689,1000,4.350163e-05
14647,291.763609,1000,4.350164e-05
14648,291.783529,1000,4.350164e-05
14649,291.803448,1000,4.350165e-05
14650,291.823368,1000,4.350166e-05
14651,291.843288,1000,4.350167e-05
14652,291.863208,1000,4.350168e-05
14653,291.883127,1000,4.350168e-05
14654,291.903047,1000,4.350169e-05
14655,291.922967,1000,4.350170e-05
14656,291.942886,1000,4.350171e-05
14657,291.962806,1000,4.350172e-05
14658,291.982726,1000,4.350172e-05
14659,292.002645,1000,4.350173e-05
14660,292.022565,1000,4.350174e-05
14661,292.042485,1000,4.350175e-05
14662,292.062404,1000,4.350176e-05
14663,292.082324,1000,4.350176e-05
14664,292.102244,1000,4.350177e-05
14665,292.122163,1000,4.350178e-05
14666,292.142083,1000,4.350179e-05
14667,292.162003,1000,4.350180e-05
14668,292.181922,1000,4.350180e-05
14669,292.201842,1000,4.350181e-05
14670,292.221762,1000,4.350182e-05
14671,292.241682,1000,4.350183e-05
14672,292.261601,1000,4.350184e-05
14673,292.281521,1000,4.350184e-05
14674,292.301441,1000,4.350185e-05
14675,292.321360,1000,4.350186e-05
14676,292.341280,1000,4.350187e-05
14677,292.361200,1000,4.350188e-05
14678,292.381119,1000,4.350188e-05
14679,292.401039,1000,4.350189e-05
14680,292.420959,1000,4.350190e-05
14681,292.440878,1000,4.350191e-05
14682,292.460798,1000,4.350192e-05
14683,292.480718,1000,4.350192e-05
14684,292.500637,1000,4.350193e-05
14685,292.520557,1000,4.350194e-05
14686,292.540477,1000,4.350195e-05
14687,292.560396,1000,4.350196e-05
14688,292.580316,1000,4.350196e-05
14689,292.600236,1000,4.350197e-05
14690,292.620156,1000,4.350198e-05
14691,292.640075,1000,4.350199e-05
14692,292.659995,1000,4.350200e-05
14693,292.679915,1000,4.350200e-05
14694,292.699834,1000,4.350201e-05
14695,292.719754,1000,4.350202e-05
14696,292.739674,1000,4.350203e-05
14697,292.759593,1000,4.350204e-05
14698,292.779513,1000,4.350204e-05
14699,292.799433,1000,4.350205e-05
14700,292.819352,1000,4.350206e-05
14701,292.839272,1000,4.350207e-05
14702,292.859192,1000,4.350208e-05
14703,292.879111,1000,4.350209e-05
14704,292.899031,1000,4.350209e-05
14705,292.918951,1000,4.350210e-05
14706,292.938870,1000,4.350211e-05
14707,292.958790,1000,4.350212e-05
14708,292.978710,1000,4.350213e-05
14709,292.998630,1000,4.350213e-05
14710,293.018549,1000,4.350214e-05
14711,293.038469,1000,4.350215e-05
14712,293.058389,1000,4.350216e-05
14713,293.078308,1000,4.350217e-05
14714,293.098228,1000,4.350217e-05
14715,293.118148,1000,4.350218e-05
14716,293.138067,1000,4.350219e-05
14717,293.157987,1000,4.350220e-05
14718,293.177907,1000,4.350221e-05
14719,293.197826,1000,4.350221e-05
14720,293.217746,1000,4.350222e-05
14721,293.237666,1000,4.350223e-05
14722,293.257585,1000,4.350224e-05
14723,293.277505,1000,4.350225e-05
14724,293.297425,1000,4.350225e-05
14725,293.317344,1000,4.350226e-05
14726,293.337264,1000,4.350227e-05
14727,293.357184,1000,4.350228e-05
14728,293.377104,1000,4.350229e-05
14729,293.397023,1000,4.350229e-05
14730,293.416943,1000,4.350230e-05
14731,293.436863,1000,4.350231e-05
14732,293.456782,1000,4.350232e-05
14733,293.476702,1000,4.350233e-05
14734,293.496622,1000,4.350233e-05
14735,293.516541,1000,4.350234e-05
14736,293.536461,1000,4.350235e-05
14737,293.556381,1000,4.350236e-05
14738,293.576300,1000,4.350237e-05
14739,293.596220,1000,4.350237e-05
14740,293.616140,1000,4.350238e-05
14741,293.636059,1000,4.350239e-05
14742,293.655979,1000,4.350240e-05
14743,293.675899,1000,4.350241e-05
14744,293.695818,1000,4.350241e-05
14745,293.715738,1000,4.350242e-05
14746,293.735658,1000,4.350243e-05
14747,293.755578,1000,4.350244e-05
14748,293.775497,1000,4.350245e-05
14749,293.795417,1000,4.350245e-05
14750,293.815337,1000,4.350246e-05
14751,293.835256,1000,4.350247e-05
14752,293.855176,1000,4.350248e-05
14753,293.875096,1000,4.350249e-05
14754,293.895015,1000,4.350249e-05
14755,293.914935,1000,4.350250e-05
14756,293.934855,1000,4.350251e-05
14757,293.954774,1000,4.350252e-05
14758,293.974694,1000,4.350253e-05
14759,293.994614,1000,4.350253e-05
14760,294.014533,1000,4.350254e-05
14761,294.034453,1000,4.350255e-05
14762,294.054373,1000,4.350256e-05
14763,294.074292,1000,4.350257e-05
14764,294.094212,1000,4.350257e-05
14765,294.114132,1000,4.350258e-05
14766,294.134052,1000,4.350259e-05
14767,294.153971,1000,4.350260e-05
14768,294.173891,1000,4.350261e-05
14769,294.193811,1000,4.350261e-05
14770,294.213730,1000,4.350262e-05
14771,294.233650,1000,4.350263e-05
14772,294.253570,1000,4.350264e-05
14773,294.273489,1000,4.350265e-05
14774,294.293409,1000,4.350266e-05
14775,294.313329,1000,4.350266e-05
14776,294.333248,1000,4.350267e-05
14777,294.353168,1000,4.350268e-05
14778,294.373088,1000,4.350269e-05
14779,294.393007,1000,4.350270e-05
14780,294.412927,1000,4.350270e-05
14781,294.432847,1000,4.350271e-05
14782,294.452766,1000,4.350272e-05
14783,294.472686,1000,4.350273e-05
14784,294.492606,1000,4.350274e-05
14785,294.512525,1000,4.350274e-05
14786,294.532445,1000,4.350275e-05
14787,294.552365,1000,4.350276e-05
14788,294.572285,1000,4.350277e-05
14789,294.592204,1000,4.350278e-05
14790,294.612124,1000,4.350278e-05
14791,294.632044,1000,4.350279e-05
14792,294.651963,1000,4.350280e-05
14793,294.671883,1000,4.350281e-05
14794,294.691803,1000,4.350282e-05
14795,294.711722,1000,4.350282e-05
14796,294.731642,1000,4.350283e-05
14797,294.751562,1000,4.350284e-05
14798,294.771481,1000,4.350285e-05
14799,294.791401,1000,4.350286e-05
14800,294.811321,1000,4.350286e-05
14801,294.831240,1000,4.350287e-05
14802,294.851160,1000,4.350288e-05
14803,294.871080,1000,4.350289e-05
14804,294.890999,1000,4.350290e-05
14805,294.910919,1000,4.350290e-05
14806,294.930839,1000,4.350291e-05
14807,294.950759,1000,4.350292e-05
14808,294.970678,1000,4.350293e-05
14809,294.990598,1000,4.350294e-05
14810,295.010518,1000,4.350294e-05
14811,295.030437,1000,4.350295e-05
14812,295.050357,1000,4.350296e-05
14813,295.070277,1000,4.350297e-05
14814,295.090196,1000,4.350298e-05
14815,295.110116,1000,4.350298e-05
14816,295.130036,1000,4.350299e-05
14817,295.149955,1000,4.350300e-05
14818,295.169875,1000,4.350301e-05
14819,295.189795,1000,4.350302e-05
14820,295.209714,1000,4.350302e-05
14821,295.229634,1000,4.350303e-05
14822,295.249554,1000,4.350304e-05
14823,295.269473,1000,4.350305e-05
14824,295.289393,1000,4.350306e-05
14825,295.309313,1000,4.350306e-05
14826,295.329233,1000,4.350307e-05
14827,295.349152,1000,4.350308e-05
14828,295.369072,1000,4.350309e-05
14829,295.388992,1000,4.350310e-05
14830,295.408911,1000,4.350310e-05
14831,295.428831,1000,4.350311e-05
14832,295.448751,1000,4.350312e-05
14833,295.468670,1000,4.350313e-05
14834,295.488590,1000,4.350314e-05
14835,295.508510,1000,4.350314e-05
14836,295.528429,1000,4.350315e-05
14837,295.548349,1000,4.350316e-05
14838,295.568269,1000,4.350317e-05
14839,295.588188,1000,4.350318e-05
14840,295.608108,1000,4.350318e-05
14841,295.628028,1000,4.350319e-05
14842,295.647947,1000,4.350320e-05
14843,295.667867,1000,4.350321e-05
14844,295.687787,1000,4.350322e-05
14845,295.707707,1000,4.350322e-05
14846,295.727626,1000,4.350323e-05
14847,295.747546,1000,4.350324e-05
14848,295.767466,1000,4.350325e-05
14849,295.787385,1000,4.350326e-05
14850,295.807305,1000,4.350326e-05
14851,295.827225,1000,4.350327e-05
14852,295.847144,1000,4.350328e-05
14853,295.867064,1000,4.350329e-05
14854,295.886984,1000,4.350330e-05
14855,295.906903,1000,4.350331e-05
14856,295.926823,1000,4.350331e-05
14857,295.946743,1000,4.350332e-05
14858,295.966662,1000,4.350333e-05
14859,295.986582,1000,4.350334e-05
14860,296.006502,1000,4.350335e-05
14861,296.026421,1000,4.350335e-05
14862,296.046341,1000,4.350336e-05
14863,296.066261,1000,4.350337e-05
14864,296.086181,1000,4.350338e-05
14865,296.106100,1000,4.350339e-05
14866,296.126020,1000,4.350339e-05
14867,296.145940,1000,4.350340e-05
14868,296.165859,1000,4.350341e-05
14869,296.185779,1000,4.350342e-05
14870,296.205699,1000,4.350343e-05
14871,296.225618,1000,4.350343e-05
14872,296.245538,1000,4.350344e-05
14873,296.265458,1000,4.350345e-05
14874,296.285377,1000,4.350346e-05
14875,296.305297,1000,4.350347e-05
14876,296.325217,1000,4.350347e-05
14877,296.345136,1000,4.350348e-05
14878,296.365056,1000,4.350349e-05
14879,296.384976,1000,4.350350e-05
14880,296.404895,1000,4.350351e-05
14881,296.424815,1000,4.350351e-05
14882,296.444735,1000,4.350352e-05
14883,296.464655,1000,4.350353e-05
14884,296.484574,1000,4.350354e-05
14885,296.504494,1000,4.350355e-05
14886,296.524414,1000,4.350355e-05
14887,296.544333,1000,4.350356e-05
14888,296.564253,1000,4.350357e-05
14889,296.584173,1000,4.350358e-05
14890,296.604092,1000,4.350359e-05
14891,296.624012,1000,4.350359e-05
14892,296.643932,1000,4.350360e-05
14893,296.663851,1000,4.350361e-05
14894,296.683771,1000,4.350362e-05
14895,296.703691,1000,4.350363e-05
14896,296.723610,1000,4.350363e-05
14897,296.743530,1000,4.350364e-05
14898,296.763450,1000,4.350365e-05
14899,296.783369,1000,4.350366e-05
14900,296.803289,1000,4.350367e-05
14901,296.823209,1000,4.350367e-05
14902,296.843129,1000,4.350368e-05
14903,296.863048,1000,4.350369e-05
14904,296.882968,1000,4.350370e-05
14905,296.902888,1000,4.350371e-05
14906,296.922807,1000,4.350371e-05
14907,296.942727,1000,4.350372e-05
14908,296.962647,1000,4.350373e-05
14909,296.982566,1000,4.350374e-05
14910,297.002486,1000,4.350375e-05
14911,297.022406,1000,4.350375e-05
14912,297.042325,1000,4.350376e-05
14913,297.062245,1000,4.350377e-05
14914,297.082165,1000,4.350378e-05
14915,297.102084,1000,4.350379e-05
14916,297.122004,1000,4.350379e-05
14917,297.141924,1000,4.350380e-05
14918,297.161843,1000,4.350381e-05
14919,297.181763,1000,4.350382e-05
14920,297.201683,1000,4.350383e-05
14921,297.221602,1000,4.350383e-05
14922,297.241522,1000,4.350384e-05
14923,297.261442,1000,4.350385e-05
14924,297.281362,1000,4.350386e-05
14925,297.301281,1000,4.350387e-05
14926,297.321201,1000,4.350387e-05
14927,297.341121,1000,4.350388e-05
14928,297.361040,1000,4.350389e-05
14929,297.380960,1000,4.350390e-05
14930,297.400880,1000,4.350391e-05
14931,297.420799,1000,4.350391e-05
14932,297.440719,1000,4.350392e-05
14933,297.460639,1000,4.350393e-05
14934,297.480558,1000,4.350394e-05
14935,297.500478,1000,4.350395e-05
14936,297.520398,1000,4.350396e-05
14937,297.540317,1000,4.350396e-05
14938,297.560237,1000,4.350397e-05
14939,297.580157,1000,4.350398e-05
14940,297.600076,1000,4.350399e-05
14941,297.619996,1000,4.350400e-05
14942,297.639916,1000,4.350400e-05
14943,297.659836,1000,4.350401e-05
14944,297.679755,1000,4.350402e-05
14945,297.699675,1000,4.350403e-05
14946,297.719595,1000,4.350404e-05
14947,297.739514,1000,4.350404e-05
14948,297.759434,1000,4.350405e-05
14949,297.779354,1000,4.350406e-05
14950,297.799273,1000,4.350407e-05
14951,297.819193,1000,4.350408e-05
14952,297.839113,1000,4.350408e-05
14953,297.859032,1000,4.350409e-05
14954,297.878952,1000,4.350410e-05
14955,297.898872,1000,4.350411e-05
14956,297.918791,1000,4.350412e-05
14957,297.938711,1000,4.350412e-05
14958,297.958631,1000,4.350413e-05
14959,297.978550,1000,4.350414e-05
14960,297.998470,1000,4.350415e-05
14961,298.018390,1000,4.350416e-05
14962,298.038310,1000,4.350416e-05
14963,298.058229,1000,4.350417e-05
14964,298.078149,1000,4.350418e-05
14965,298.098069,1000,4.350419e-05
14966,298.117988,1000,4.350420e-05
14967,298.137908,1000,4.350420e-05
14968,298.157828,1000,4.350421e-05
14969,298.177747,1000,4.350422e-05
14970,298.197667,1000,4.350423e-05
14971,298.217587,1000,4.350424e-05
14972,298.237506,1000,4.350424e-05
14973,298.257426,1000,4.350425e-05
14974,298.277346,1000,4.350426e-05
14975,298.297265,1000,4.350427e-05
14976,298.317185,1000,4.350428e-05
14977,298.337105,1000,4.350428e-05
14978,298.357024,1000,4.350429e-05
14979,298.376944,1000,4.350430e-05
14980,298.396864,1000,4.350431e-05
14981,298.416784,1000,4.350432e-05
14982,298.436703,1000,4.350432e-05
14983,298.456623,1000,4.350433e-05
14984,298.476543,1000,4.350434e-05
14985,298.496462,1000,4.350435e-05
14986,298.516382,1000,4.350436e-05
14987,298.536302,1000,4.350436e-05
14988,298.556221,1000,4.350437e-05
14989,298.576141,1000,4.350438e-05
14990,298.596061,1000,4.350439e-05
14991,298.615980,1000,4.350440e-05
14992,298.635900,1000,4.350440e-05
14993,298.655820,1000,4.350441e-05
14994,298.675739,1000,4.350442e-05
14995,298.695659,1000,4.350443e-05
14996,298.715579,1000,4.350444e-05
14997,298.735498,1000,4.350444e-05
14998,298.755418,1000,4.350445e-05
14999,298.775338,1000,4.350446e-05
15000,298.795258,1000,4.350447e-05
15001,298.815177,1000,4.350448e-05
15002,298.835097,1000,4.350448e-05
15003,298.855017,1000,4.350449e-05
15004,298.874936,1000,4.350450e-05
15005,298.894856,1000,4.350451e-05
15006,298.914776,1000,4.350452e-05
15007,298.934695,1000,4.350452e-05
15008,298.954615,1000,4.350453e-05
15009,298.974535,1000,4.350454e-05
15010,298.994454,1000,4.350455e-05
15011,299.014374,1000,4.350456e-05
15012,299.034294,1000,4.350456e-05
15013,299.054213,1000,4.350457e-05
15014,299.074133,1000,4.350458e-05
15015,299.094053,1000,4.350459e-05
15016,299.113972,1000,4.350460e-05
15017,299.133892,1000,4.350461e-05
15018,299.153812,1000,4.350461e-05
15019,299.173732,1000,4.350462e-05
15020,299.193651,1000,4.350463e-05
15021,299.213571,1000,4.350464e-05
15022,299.233491,1000,4.350465e-05
15023,299.253410,1000,4.350465e-05
15024,299.273330,1000,4.350466e-05
15025,299.293250,1000,4.350467e-05
15026,299.313169,1000,4.350468e-05
15027,299.333089,1000,4.350469e-05
15028,299.353009,1000,4.350469e-05
15029,299.372928,1000,4.350470e-05
15030,299.392848,1000,4.350471e-05
15031,299.412768,1000,4.350472e-05
15032,299.432687,1000,4.350473e-05
15033,299.452607,1000,4.350473e-05
15034,299.472527,1000,4.350474e-05
15035,299.492446,1000,4.350475e-05
15036,299.512366,1000,4.350476e-05
15037,299.532286,1000,4.350477e-05
15038,299.552206,1000,4.350477e-05
15039,299.572125,1000,4.350478e-05
15040,299.592045,1000,4.350479e-05
15041,299.611965,1000,4.350480e-05
15042,299.631884,1000,4.350481e-05
15043,299.651804,1000,4.350481e-05
15044,299.671724,1000,4.350482e-05
15045,299.691643,1000,4.350483e-05
15046,299.711563,1000,4.350484e-05
15047,299.731483,1000,4.350485e-05
15048,299.751402,1000,4.350485e-05
15049,299.771322,1000,4.350486e-05
15050,299.791242,1000,4.350487e-05
15051,299.811161,1000,4.350488e-05
15052,299.831081,1000,4.350489e-05
15053,299.851001,1000,4.350489e-05
15054,299.870920,1000,4.350490e-05
15055,299.890840,1000,4.350491e-05
15056,299.910760,1000,4.350492e-05
15057,299.930680,1000,4.350493e-05
15058,299.950599,1000,4.350493e-05
15059,299.970519,1000,4.350494e-05
15060,299.990439,1000,4.350495e-05
15061,300.010358,1000,4.350496e-05
15062,300.030278,1000,4.350497e-05
15063,300.050198,1000,4.350497e-05
15064,300.070117,1000,4.350498e-05
15065,300.090037,1000,4.350499e-05
15066,300.109957,1000,4.350500e-05
15067,300.129876,1000,4.350501e-05
15068,300.149796,1000,4.350501e-05
15069,300.169716,1000,4.350502e-05
15070,300.189635,1000,4.350503e-05
15071,300.209555,1000,4.350504e-05
15072,300.229475,1000,4.350505e-05
15073,300.249394,1000,4.350505e-05
15074,300.269314,1000,4.350506e-05
15075,300.289234,1000,4.350507e-05
15076,300.309153,1000,4.350508e-05
15077,300.329073,1000,4.350509e-05
15078,300.348993,1000,4.350509e-05
15079,300.368913,1000,4.350510e-05
15080,300.388832,1000,4.350511e-05
15081,300.408752,1000,4.350512e-05
15082,300.428672,1000,4.350513e-05
15083,300.448591,1000,4.350513e-05
15084,300.468511,1000,4.350514e-05
15085,300.488431,1000,4.350515e-05
15086,300.508350,1000,4.350516e-05
15087,300.528270,1000,4.350517e-05
15088,300.548190,1000,4.350517e-05
15089,300.568109,1000,4.350518e-05
15090,300.588029,1000,4.350519e-05
15091,300.607949,1000,4.350520e-05
15092,300.627868,1000,4.350521e-05
15093,300.647788,1000,4.350521e-05
15094,300.667708,1000,4.350522e-05
15095,300.687627,1000,4.350523e-05
15096,300.707547,1000,4.350524e-05
15097,300.727467,1000,4.350525e-05
15098,300.747387,1000,4.350525e-05
15099,300.767306,1000,4.350526e-05
15100,300.787226,1000,4.350527e-05
15101,300.807146,1000,4.350528e-05
15102,300.827065,1000,4.350529e-05
15103,300.846985,1000,4.350529e-05
15104,300.866905,1000,4.350530e-05
15105,300.886824,1000,4.350531e-05
15106,300.906744,1000,4.350532e-05
15107,300.926664,1000,4.350533e-05
15108,300.946583,1000,4.350534e-05
15109,300.966503,1000,4.350534e-05
15110,300.986423,1000,4.350535e-05
15111,301.006342,1000,4.350536e-05
15112,301.026262,1000,4.350537e-05
15113,301.046182,1000,4.350538e-05
15114,301.066101,1000,4.350538e-05
15115,301.086021,1000,4.350539e-05
15116,301.105941,1000,4.350540e-05
15117,301.125861,1000,4.350541e-05
15118,301.145780,1000,4.350542e-05
15119,301.165700,1000,4.350542e-05
15120,301.185620,1000,4.350543e-05
15121,301.205539,1000,4.350544e-05
15122,301.225459,1000,4.350545e-05
15123,301.245379,1000,4.350546e-05
15124,301.265298,1000,4.350546e-05
15125,301.285218,1000,4.350547e-05
15126,301.305138,1000,4.350548e-05
15127,301.325057,1000,4.350549e-05
15128,301.344977,1000,4.350550e-05
15129,301.364897,1000,4.350550e-05
15130,301.384816,1000,4.350551e-05
15131,301.404736,1000,4.350552e-05
15132,301.424656,1000,4.350553e-05
15133,301.444575,1000,4.350554e-05
15134,301.464495,1000,4.350554e-05
15135,301.484415,1000,4.350555e-05
15136,301.504335,1000,4.350556e-05
15137,301.524254,1000,4.350557e-05
15138,301.544174,1000,4.350558e-05
15139,301.564094,1000,4.350558e-05
15140,301.584013,1000,4.350559e-05
15141,301.603933,1000,4.350560e-05
15142,301.623853,1000,4.350561e-05
15143,301.643772,1000,4.350562e-05
15144,301.663692,1000,4.350562e-05
15145,301.683612,1000,4.350563e-05
15146,301.703531,1000,4.350564e-05
15147,301.723451,1000,4.350565e-05
15148,301.743371,1000,4.350566e-05
15149,301.763290,1000,4.350566e-05
15150,301.783210,1000,4.350567e-05
15151,301.803130,1000,4.350568e-05
15152,301.823049,1000,4.350569e-05
15153,301.842969,1000,4.350570e-05
15154,301.862889,1000,4.350570e-05
15155,301.882809,1000,4.350571e-05
15156,301.902728,1000,4.350572e-05
15157,301.922648,1000,4.350573e-05
15158,301.942568,1000,4.350574e-05
15159,301.962487,1000,4.350574e-05
15160,301.982407,1000,4.350575e-05
15161,302.002327,1000,4.350576e-05
15162,302.022246,1000,4.350577e-05
15163,302.042166,1000,4.350578e-05
15164,302.062086,1000,4.350578e-05
15165,302.082005,1000,4.350579e-05
15166,302.101925,1000,4.350580e-05
15167,302.121845,1000,4.350581e-05
15168,302.141764,1000,4.350582e-05
15169,302.161684,1000,4.350582e-05
15170,302.181604,1000,4.350583e-05
15171,302.201523,1000,4.350584e-05
15172,302.221443,1000,4.350585e-05
15173,302.241363,1000,4.350586e-05
15174,302.261283,1000,4.350586e-05
15175,302.281202,1000,4.350587e-05
15176,302.301122,1000,4.350588e-05
15177,302.321042,1000,4.350589e-05
15178,302.340961,1000,4.350590e-05
15179,302.360881,1000,4.350590e-05
15180,302.380801,1000,4.350591e-05
15181,302.400720,1000,4.350592e-05
15182,302.420640,1000,4.350593e-05
15183,302.440560,1000,4.350594e-05
15184,302.460479,1000,4.350594e-05
15185,302.480399,1000,4.350595e-05
15186,302.500319,1000,4.350596e-05
15187,302.520238,1000,4.350597e-05
15188,302.540158,1000,4.350598e-05
15189,302.560078,1000,4.350598e-05
15190,302.579997,1000,4.350599e-05
15191,302.599917,1000,4.350600e-05
15192,302.619837,1000,4.350601e-05
15193,302.639757,1000,4.350602e-05
15194,302.659676,1000,4.350602e-05
15195,302.679596,1000,4.350603e-05
15196,302.699516,1000,4.350604e-05
15197,302.719435,1000,4.350605e-05
15198,302.739355,1000,4.350606e-05
15199,302.759275,1000,4.350606e-05
15200,302.779194,1000,4.350607e-05
15201,302.799114,1000,4.350608e-05
15202,302.819034,1000,4.350609e-05
15203,302.838953,1000,4.350610e-05
15204,302.858873,1000,4.350611e-05
15205,302.878793,1000,4.350611e-05
15206,302.898712,1000,4.350612e-05
15207,302.918632,1000,4.350613e-05
15208,302.938552,1000,4.350614e-05
15209,302.958471,1000,4.350615e-05
15210,302.978391,1000,4.350615e-05
15211,302.998311,1000,4.350616e-05
15212,303.018230,1000,4.350617e-05
15213,303.038150,1000,4.350618e-05
15214,303.058070,1000,4.350619e-05
15215,303.077990,1000,4.350619e-05
15216,303.097909,1000,4.350620e-05
15217,303.117829,1000,4.350621e-05
15218,303.137749,1000,4.350622e-05
15219,303.157668,1000,4.350623e-05
15220,303.177588,1000,4.350623e-05
15221,303.197508,1000,4.350624e-05
15222,303.217427,1000,4.350625e-05
15223,303.237347,1000,4.350626e-05
15224,303.257267,1000,4.350627e-05
15225,303.277186,1000,4.350627e-05
15226,303.297106,1000,4.350628e-05
15227,303.317026,1000,4.350629e-05
15228,303.336945,1000,4.350630e-05
15229,303.356865,1000,4.350631e-05
15230,303.376785,1000,4.350631e-05
15231,303.396704,1000,4.350632e-05
15232,303.416624,1000,4.350633e-05
15233,303.436544,1000,4.350634e-05
15234,303.456464,1000,4.350635e-05
15235,303.476383,1000,4.350635e-05
15236,303.496303,1000,4.350636e-05
15237,303.516223,1000,4.350637e-05
15238,303.536142,1000,4.350638e-05
15239,303.556062,1000,4.350639e-05
15240,303.575982,1000,4.350639e-05
15241,303.595901,1000,4.350640e-05
15242,303.615821,1000,4.350641e-05
15243,303.635741,1000,4.350642e-05
15244,303.655660,1000,4.350643e-05
15245,303.675580,1000,4.350643e-05
15246,303.695500,1000,4.350644e-05
15247,303.715419,1000,4.350645e-05
15248,303.735339,1000,4.350646e-05
15249,303.755259,1000,4.350647e-05
15250,303.775178,1000,4.350647e-05
15251,303.795098,1000,4.350648e-05
15252,303.815018,1000,4.350649e-05
15253,303.834938,1000,4.350650e-05
15254,303.854857,1000,4.350651e-05
15255,303.874777,1000,4.350651e-05
15256,303.894697,1000,4.350652e-05
15257,303.914616,1000,4.350653e-05
15258,303.934536,1000,4.350654e-05
15259,303.954456,1000,4.350655e-05
15260,303.974375,1000,4.350655e-05
15261,303.994295,1000,4.350656e-05
15262,304.014215,1000,4.350657e-05
15263,304.034134,1000,4.350658e-05
15264,304.054054,1000,4.350659e-05
15265,304.073974,1000,4.350659e-05
15266,304.093893,1000,4.350660e-05
15267,304.113813,1000,4.350661e-05
15268,304.133733,1000,4.350662e-05
15269,304.153652,1000,4.350663e-05
15270,304.173572,1000,4.350663e-05
15271,304.193492,1000,4.350664e-05
15272,304.213412,1000,4.350665e-05
15273,304.233331,1000,4.350666e-05
15274,304.253251,1000,4.350667e-05
15275,304.273171,1000,4.350667e-05
15276,304.293090,1000,4.350668e-05
15277,304.313010,1000,4.350669e-05
15278,304.332930,1000,4.350670e-05
15279,304.352849,1000,4.350671e-05
15280,304.372769,1000,4.350671e-05
15281,304.392689,1000,4.350672e-05
15282,304.412608,1000,4.350673e-05
15283,304.432528,1000,4.350674e-05
15284,304.452448,1000,4.350675e-05
15285,304.472367,1000,4.350675e-05
15286,304.492287,1000,4.350676e-05
15287,304.512207,1000,4.350677e-05
15288,304.532126,1000,4.350678e-05
15289,304.552046,1000,4.350679e-05
15290,304.571966,1000,4.350679e-05
15291,304.591886,1000,4.350680e-05
15292,304.611805,1000,4.350681e-05
15293,304.631725,1000,4.350682e-05
15294,304.651645,1000,4.350683e-05
15295,304.671564,1000,4.350683e-05
15296,304.691484,1000,4.350684e-05
15297,304.711404,1000,4.350685e-05
15298,304.731323,1000,4.350686e-05
15299,304.751243,1000,4.350687e-05
15300,304.771163,1000,4.350687e-05
15301,304.791082,1000,4.350688e-05
15302,304.811002,1000,4.350689e-05
15303,304.830922,1000,4.350690e-05
15304,304.850841,1000,4.350691e-05
15305,304.870761,1000,4.350692e-05
15306,304.890681,1000,4.350692e-05
15307,304.910600,1000,4.350693e-05
15308,304.930520,1000,4.350694e-05
15309,304.950440,1000,4.350695e-05
15310,304.970360,1000,4.350696e-05
15311,304.990279,1000,4.350696e-05
15312,305.010199,1000,4.350697e-05
15313,305.030119,1000,4.350698e-05
15314,305.050038,1000,4.350699e-05
15315,305.069958,1000,4.350700e-05
15316,305.089878,1000,4.350700e-05
15317,305.109797,1000,4.350701e-05
15318,305.129717,1000,4.350702e-05
15319,305.149637,1000,4.350703e-05
15320,305.169556,1000,4.350704e-05
15321,305.189476,1000,4.350704e-05
15322,305.209396,1000,4.350705e-05
15323,305.229315,1000,4.350706e-05
15324,305.249235,1000,4.350707e-05
15325,305.269155,1000,4.350708e-05
15326,305.289074,1000,4.350708e-05
15327,305.308994,1000,4.350709e-05
15328,305.328914,1000,4.350710e-05
15329,305.348834,1000,4.350711e-05
15330,305.368753,1000,4.350712e-05
15331,305.388673,1000,4.350712e-05
15332,305.408593,1000,4.350713e-05
15333,305.428512,1000,4.350714e-05
15334,305.448432,1000,4.350715e-05
15335,305.468352,1000,4.350716e-05
15336,305.488271,1000,4.350716e-05
15337,305.508191,1000,4.350717e-05
15338,305.528111,1000,4.350718e-05
15339,305.548030,1000,4.350719e-05
15340,305.567950,1000,4.350720e-05
15341,305.587870,1000,4.350720e-05
15342,305.607789,1000,4.350721e-05
15343,305.627709,1000,4.350722e-05
15344,305.647629,1000,4.350723e-05
15345,305.667548,1000,4.350724e-05
15346,305.687468,1000,4.350724e-05
15347,305.707388,1000,4.350725e-05
15348,305.727307,1000,4.350726e-05
15349,305.747227,1000,4.350727e-05
15350,305.767147,1000,4.350728e-05
15351,305.787067,1000,4.350728e-05
15352,305.806986,1000,4.350729e-05
15353,305.826906,1000,4.350730e-05
15354,305.846826,1000,4.350731e-05
15355,305.866745,1000,4.350732e-05
15356,305.886665,1000,4.350732e-05
15357,305.906585,1000,4.350733e-05
15358,305.926504,1000,4.350734e-05
15359,305.946424,1000,4.350735e-05
15360,305.966344,1000,4.350736e-05
15361,305.986263,1000,4.350736e-05
15362,306.006183,1000,4.350737e-05
15363,306.026103,1000,4.350738e-05
15364,306.046022,1000,4.350739e-05
15365,306.065942,1000,4.350740e-05
15366,306.085862,1000,4.350740e-05
15367,306.105781,1000,4.350741e-05
15368,306.125701,1000,4.350742e-05
15369,306.145621,1000,4.350743e-05
15370,306.165541,1000,4.350744e-05
15371,306.185460,1000,4.350744e-05
15372,306.205380,1000,4.350745e-05
15373,306.225300,1000,4.350746e-05
15374,306.245219,1000,4.350747e-05
15375,306.265139,1000,4.350748e-05
15376,306.285059,1000,4.350748e-05
15377,306.304978,1000,4.350749e-05
15378,306.324898,1000,4.350750e-05
15379,306.344818,1000,4.350751e-05
15380,306.364737,1000,4.350752e-05
15381,306.384657,1000,4.350752e-05
15382,306.404577,1000,4.350753e-05
15383,306.424496,1000,4.350754e-05
15384,306.444416,1000,4.350755e-05
15385,306.464336,1000,4.350756e-05
15386,306.484255,1000,4.350756e-05
15387,306.504175,1000,4.350757e-05
15388,306.524095,1000,4.350758e-05
15389,306.544015,1000,4.350759e-05
15390,306.563934,1000,4.350760e-05
15391,306.583854,1000,4.350760e-05
15392,306.603774,1000,4.350761e-05
15393,306.623693,1000,4.350762e-05
15394,306.643613,1000,4.350763e-05
15395,306.663533,1000,4.350764e-05
15396,306.683452,1000,4.350764e-05
15397,306.703372,1000,4.350765e-05
15398,306.723292,1000,4.350766e-05
15399,306.743211,1000,4.350767e-05
15400,306.763131,1000,4.350768e-05
15401,306.783051,1000,4.350768e-05
15402,306.802970,1000,4.350769e-05
15403,306.822890,1000,4.350770e-05
15404,306.842810,1000,4.350771e-05
15405,306.862729,1000,4.350772e-05
15406,306.882649,1000,4.350772e-05
15407,306.902569,1000,4.350773e-05
15408,306.922489,1000,4.350774e-05
15409,306.942408,1000,4.350775e-05
15410,306.962328,1000,4.350776e-05
15411,306.982248,1000,4.350776e-05
15412,307.002167,1000,4.350777e-05
15413,307.022087,1000,4.350778e-05
15414,307.042007,1000,4.350779e-05
15415,307.061926,1000,4.350780e-05
15416,307.081846,1000,4.350781e-05
15417,307.101766,1000,4.350781e-05
15418,307.121685,1000,4.350782e-05
15419,307.141605,1000,4.350783e-05
15420,307.161525,1000,4.350784e-05
15421,307.181444,1000,4.350785e-05
15422,307.201364,1000,4.350785e-05
15423,307.221284,1000,4.350786e-05
15424,307.241203,1000,4.350787e-05
15425,307.261123,1000,4.350788e-05
15426,307.281043,1000,4.350789e-05
15427,307.300963,1000,4.350789e-05
15428,307.320882,1000,4.350790e-05
15429,307.340802,1000,4.350791e-05
15430,307.360722,1000,4.350792e-05
15431,307.380641,1000,4.350793e-05
15432,307.400561,1000,4.350793e-05
15433,307.420481,1000,4.350794e-05
15434,307.440400,1000,4.350795e-05
15435,307.460320,1000,4.350796e-05
15436,307.480240,1000,4.350797e-05
15437,307.500159,1000,4.350797e-05
15438,307.520079,1000,4.350798e-05
15439,307.539999,1000,4.350799e-05
15440,307.559918,1000,4.350800e-05
15441,307.579838,1000,4.350801e-05
15442,307.599758,1000,4.350801e-05
15443,307.619677,1000,4.350802e-05
15444,307.639597,1000,4.350803e-05
15445,307.659517,1000,4.350804e-05
15446,307.679437,1000,4.350805e-05
15447,307.699356,1000,4.350805e-05
15448,307.719276,1000,4.350806e-05
15449,307.739196,1000,4.350807e-05
15450,307.759115,1000,4.350808e-05
15451,307.779035,1000,4.350809e-05
15452,307.798955,1000,4.350809e-05
15453,307.818874,1000,4.350810e-05
15454,307.838794,1000,4.350811e-05
15455,307.858714,1000,4.350812e-05
15456,307.878633,1000,4.350813e-05
15457,307.898553,1000,4.350813e-05
15458,307.918473,1000,4.350814e-05
15459,307.938392,1000,4.350815e-05
15460,307.958312,1000,4.350816e-05
15461,307.978232,1000,4.350817e-05
15462,307.998151,1000,4.350817e-05
15463,308.018071,1000,4.350818e-05
15464,308.037991,1000,4.350819e-05
15465,308.057911,1000,4.350820e-05
15466,308.077830,1000,4.350821e-05
15467,308.097750,1000,4.350821e-05
15468,308.117670,1000,4.350822e-05
15469,308.137589,1000,4.350823e-05
15470,308.157509,1000,4.350824e-05
15471,308.177429,1000,4.350825e-05
15472,308.197348,1000,4.350825e-05
15473,308.217268,1000,4.350826e-05
15474,308.237188,1000,4.350827e-05
15475,308.257107,1000,4.350828e-05
15476,308.277027,1000,4.350829e-05
15477,308.296947,1000,4.350829e-05
15478,308.316866,1000,4.350830e-05
15479,308.336786,1000,4.350831e-05
15480,308.356706,1000,4.350832e-05
15481,308.376625,1000,4.350833e-05
15482,308.396545,1000,4.350833e-05
15483,308.416465,1000,4.350834e-05
15484,308.436384,1000,4.350835e-05
15485,308.456304,1000,4.350836e-05
15486,308.476224,1000,4.350837e-05
15487,308.496144,1000,4.350837e-05
15488,308.516063,1000,4.350838e-05
15489,308.535983,1000,4.350839e-05
15490,308.555903,1000,4.350840e-05
15491,308.575822,1000,4.350841e-05
15492,308.595742,1000,4.350841e-05
15493,308.615662,1000,4.350842e-05
15494,308.635581,1000,4.350843e-05
15495,308.655501,1000,4.350844e-05
15496,308.675421,1000,4.350845e-05
15497,308.695340,1000,4.350845e-05
15498,308.715260,1000,4.350846e-05
15499,308.735180,1000,4.350847e-05
15500,308.755099,1000,4.350848e-05
15501,308.775019,1000,4.350849e-05
15502,308.794939,1000,4.350849e-05
15503,308.814858,1000,4.350850e-05
15504,308.834778,1000,4.350851e-05
15505,308.854698,1000,4.350852e-05
15506,308.874618,1000,4.350853e-05
15507,308.894537,1000,4.350853e-05
15508,308.914457,1000,4.350854e-05
15509,308.934377,1000,4.350855e-05
15510,308.954296,1000,4.350856e-05
15511,308.974216,1000,4.350857e-05
15512,308.994136,1000,4.350857e-05
15513,309.014055,1000,4.350858e-05
15514,309.033975,1000,4.350859e-05
15515,309.053895,1000,4.350860e-05
15516,309.073814,1000,4.350861e-05
15517,309.093734,1000,4.350861e-05
15518,309.113654,1000,4.350862e-05
15519,309.133573,1000,4.350863e-05
15520,309.153493,1000,4.350864e-05
15521,309.173413,1000,4.350865e-05
15522,309.193332,1000,4.350865e-05
15523,309.213252,1000,4.350866e-05
15524,309.233172,1000,4.350867e-05
15525,309.253092,1000,4.350868e-05
15526,309.273011,1000,4.350869e-05
15527,309.292931,1000,4.350869e-05
15528,309.312851,1000,4.350870e-05
15529,309.332770,1000,4.350871e-05
15530,309.352690,1000,4.350872e-05
15531,309.372610,1000,4.350873e-05
15532,309.392529,1000,4.350874e-05
15533,309.412449,1000,4.350874e-05
15534,309.432369,1000,4.350875e-05
15535,309.452288,1000,4.350876e-05
15536,309.472208,1000,4.350877e-05
15537,309.492128,1000,4.350878e-05
15538,309.512047,1000,4.350878e-05
15539,309.531967,1000,4.350879e-05
15540,309.551887,1000,4.350880e-05
15541,309.571806,1000,4.350881e-05
15542,309.591726,1000,4.350882e-05
15543,309.611646,1000,4.350882e-05
15544,309.631566,1000,4.350883e-05
15545,309.651485,1000,4.350884e-05
15546,309.671405,1000,4.350885e-05
15547,309.691325,1000,4.350886e-05
15548,309.711244,1000,4.350886e-05
15549,309.731164,1000,4.350887e-05
15550,309.751084,1000,4.350888e-05
15551,309.771003,1000,4.350889e-05
15552,309.790923,1000,4.350890e-05
15553,309.810843,1000,4.350890e-05
15554,309.830762,1000,4.350891e-05
15555,309.850682,1000,4.350892e-05
15556,309.870602,1000,4.350893e-05
15557,309.890521,1000,4.350894e-05
15558,309.910441,1000,4.350894e-05
15559,309.930361,1000,4.350895e-05
15560,309.950280,1000,4.350896e-05
15561,309.970200,1000,4.350897e-05
15562,309.990120,1000,4.350898e-05
15563,310.010040,1000,4.350898e-05
15564,310.029959,1000,4.350899e-05
15565,310.049879,1000,4.350900e-05
15566,310.069799,1000,4.350901e-05
15567,310.089718,1000,4.350902e-05
15568,310.109638,1000,4.350902e-05
15569,310.129558,1000,4.350903e-05
15570,310.149477,1000,4.350904e-05
15571,310.169397,1000,4.350905e-05
15572,310.189317,1000,4.350906e-05
15573,310.209236,1000,4.350906e-05
15574,310.229156,1000,4.350907e-05
15575,310.249076,1000,4.350908e-05
15576,310.268995,1000,4.350909e-05
15577,310.288915,1000,4.350910e-05
15578,310.308835,1000,4.350910e-05
15579,310.328754,1000,4.350911e-05
15580,310.348674,1000,4.350912e-05
15581,310.368594,1000,4.350913e-05
15582,310.388514,1000,4.350914e-05
15583,310.408433,1000,4.350914e-05
15584,310.428353,1000,4.350915e-05
15585,310.448273,1000,4.350916e-05
15586,310.468192,1000,4.350917e-05
15587,310.488112,1000,4.350918e-05
15588,310.508032,1000,4.350918e-05
15589,310.527951,1000,4.350919e-05
15590,310.547871,1000,4.350920e-05
15591,310.567791,1000,4.350921e-05
15592,310.587710,1000,4.350922e-05
15593,310.607630,1000,4.350922e-05
15594,310.627550,1000,4.350923e-05
15595,310.647469,1000,4.350924e-05
15596,310.667389,1000,4.350925e-05
15597,310.687309,1000,4.350926e-05
15598,310.707228,1000,4.350926e-05
15599,310.727148,1000,4.350927e-05
15600,310.747068,1000,4.350928e-05
15601,310.766988,1000,4.350929e-05
15602,310.786907,1000,4.350930e-05
15603,310.806827,1000,4.350930e-05
15604,310.826747,1000,4.350931e-05
15605,310.846666,1000,4.350932e-05
15606,310.866586,1000,4.350933e-05
15607,310.886506,1000,4.350934e-05
15608,310.906425,1000,4.350934e-05
15609,310.926345,1000,4.350935e-05
15610,310.946265,1000,4.350936e-05
15611,310.966184,1000,4.350937e-05
15612,310.986104,1000,4.350938e-05
15613,311.006024,1000,4.350938e-05
15614,311.025943,1000,4.350939e-05
15615,311.045863,1000,4.350940e-05
15616,311.065783,1000,4.350941e-05
15617,311.085702,1000,4.350942e-05
15618,311.105622,1000,4.350942e-05
15619,311.125542,1000,4.350943e-05
15620,311.145461,1000,4.350944e-05
15621,311.165381,1000,4.350945e-05
15622,311.185301,1000,4.350946e-05
15623,311.205221,1000,4.350946e-05
15624,311.225140,1000,4.350947e-05
15625,311.245060,1000,4.350948e-05
15626,311.264980,1000,4.350949e-05
15627,311.284899,1000,4.350950e-05
15628,311.304819,1000,4.350950e-05
15629,311.324739,1000,4.350951e-05
15630,311.344658,1000,4.350952e-05
15631,311.364578,1000,4.350953e-05
15632,311.384498,1000,4.350954e-05
15633,311.404417,1000,4.350954e-05
15634,311.424337,1000,4.350955e-05
15635,311.444257,1000,4.350956e-05
15636,311.464176,1000,4.350957e-05
15637,311.484096,1000,4.350958e-05
15638,311.504016,1000,4.350958e-05
15639,311.523935,1000,4.350959e-05
15640,311.543855,1000,4.350960e-05
15641,311.563775,1000,4.350961e-05
15642,311.583695,1000,4.350962e-05
15643,311.603614,1000,4.350962e-05
15644,311.623534,1000,4.350963e-05
15645,311.643454,1000,4.350964e-05
15646,311.663373,1000,4.350965e-05
15647,311.683293,1000,4.350966e-05
15648,311.703213,1000,4.350966e-05
15649,311.723132,1000,4.350967e-05
15650,311.743052,1000,4.350968e-05
15651,311.762972,1000,4.350969e-05
15652,311.782891,1000,4.350970e-05
15653,311.802811,1000,4.350970e-05
15654,311.822731,1000,4.350971e-05
15655,311.842650,1000,4.350972e-05
15656,311.862570,1000,4.350973e-05
15657,311.882490,1000,4.350974e-05
15658,311.902409,1000,4.350974e-05
15659,311.922329,1000,4.350975e-05
15660,311.942249,1000,4.350976e-05
15661,311.962169,1000,4.350977e-05
15662,311.982088,1000,4.350978e-05
15663,312.002008,1000,4.350979e-05
15664,312.021928,1000,4.350979e-05
15665,312.041847,1000,4.350980e-05
15666,312.061767,1000,4.350981e-05
15667,312.081687,1000,4.350982e-05
15668,312.101606,1000,4.350983e-05
15669,312.121526,1000,4.350983e-05
15670,312.141446,1000,4.350984e-05
15671,312.161365,1000,4.350985e-05
15672,312.181285,1000,4.350986e-05
15673,312.201205,1000,4.350987e-05
15674,312.221124,1000,4.350987e-05
15675,312.241044,1000,4.350988e-05
15676,312.260964,1000,4.350989e-05
15677,312.280883,1000,4.350990e-05
15678,312.300803,1000,4.350991e-05
15679,312.320723,1000,4.350991e-05
15680,312.340643,1000,4.350992e-05
15681,312.360562,1000,4.350993e-05
15682,312.380482,1000,4.350994e-05
15683,312.400402,1000,4.350995e-05
15684,312.420321,1000,4.350995e-05
15685,312.440241,1000,4.350996e-05
15686,312.460161,1000,4.350997e-05
15687,312.480080,1000,4.350998e-05
15688,312.500000,1000,4.350999e-05
15689,312.519920,1000,4.350999e-05
15690,312.539839,1000,4.351000e-05
15691,312.559759,1000,4.351001e-05
15692,312.579679,1000,4.351002e-05
15693,312.599598,1000,4.351003e-05
15694,312.619518,1000,4.351003e-05
15695,312.639438,1000,4.351004e-05
15696,312.659357,1000,4.351005e-05
15697,312.679277,1000,4.351006e-05
15698,312.699197,1000,4.351007e-05
15699,312.719117,1000,4.351007e-05
15700,312.739036,1000,4.351008e-05
15701,312.758956,1000,4.351009e-05
15702,312.778876,1000,4.351010e-05
15703,312.798795,1000,4.351011e-05
15704,312.818715,1000,4.351011e-05
15705,312.838635,1000,4.351012e-05
15706,312.858554,1000,4.351013e-05
15707,312.878474,1000,4.351014e-05
15708,312.898394,1000,4.351015e-05
15709,312.918313,1000,4.351015e-05
15710,312.938233,1000,4.351016e-05
15711,312.958153,1000,4.351017e-05
15712,312.978072,1000,4.351018e-05
15713,312.997992,1000,4.351019e-05
15714,313.017912,1000,4.351019e-05
15715,313.037831,1000,4.351020e-05
15716,313.057751,1000,4.351021e-05
15717,313.077671,1000,4.351022e-05
15718,313.097591,1000,4.351023e-05
15719,313.117510,1000,4.351023e-05
15720,313.137430,1000,4.351024e-05
15721,313.157350,1000,4.351025e-05
15722,313.177269,1000,4.351026e-05
15723,313.197189,1000,4.351027e-05
15724,313.217109,1000,4.351027e-05
15725,313.237028,1000,4.351028e-05
15726,313.256948,1000,4.351029e-05
15727,313.276868,1000,4.351030e-05
15728,313.296787,1000,4.351031e-05
15729,313.316707,1000,4.351031e-05
15730,313.336627,1000,4.351032e-05
15731,313.356546,1000,4.351033e-05
15732,313.376466,1000,4.351034e-05
15733,313.396386,1000,4.351035e-05
15734,313.416305,1000,4.351035e-05
15735,313.436225,1000,4.351036e-05
15736,313.456145,1000,4.351037e-05
15737,313.476065,1000,4.351038e-05
15738,313.495984,1000,4.351039e-05
15739,313.515904,1000,4.351039e-05
15740,313.535824,1000,4.351040e-05
15741,313.555743,1000,4.351041e-05
15742,313.575663,1000,4.351042e-05
15743,313.595583,1000,4.351043e-05
15744,313.615502,1000,4.351043e-05
15745,313.635422,1000,4.351044e-05
15746,313.655342,1000,4.351045e-05
15747,313.675261,1000,4.351046e-05
15748,313.695181,1000,4.351047e-05
15749,313.715101,1000,4.351047e-05
15750,313.735020,1000,4.351048e-05
15751,313.754940,1000,4.351049e-05
15752,313.774860,1000,4.351050e-05
15753,313.794779,1000,4.351051e-05
15754,313.814699,1000,4.351051e-05
15755,313.834619,1000,4.351052e-05
15756,313.854539,1000,4.351053e-05
15757,313.874458,1000,4.351054e-05
15758,313.894378,1000,4.351055e-05
15759,313.914298,1000,4.351055e-05
15760,313.934217,1000,4.351056e-05
15761,313.954137,1000,4.351057e-05
15762,313.974057,1000,4.351058e-05
15763,313.993976,1000,4.351059e-05
15764,314.013896,1000,4.351059e-05
15765,314.033816,1000,4.351060e-05
15766,314.053735,1000,4.351061e-05
15767,314.073655,1000,4.351062e-05
15768,314.093575,1000,4.351063e-05
15769,314.113494,1000,4.351063e-05
15770,314.133414,1000,4.351064e-05
15771,314.153334,1000,4.351065e-05
15772,314.173253,1000,4.351066e-05
15773,314.193173,1000,4.351067e-05
15774,314.213093,1000,4.351067e-05
15775,314.233012,1000,4.351068e-05
15776,314.252932,1000,4.351069e-05
15777,314.272852,1000,4.351070e-05
15778,314.292772,1000,4.351071e-05
15779,314.312691,1000,4.351071e-05
15780,314.332611,1000,4.351072e-05
15781,314.352531,1000,4.351073e-05
15782,314.372450,1000,4.351074e-05
15783,314.392370,1000,4.351075e-05
15784,314.412290,1000,4.351075e-05
15785,314.432209,1000,4.351076e-05
15786,314.452129,1000,4.351077e-05
15787,314.472049,1000,4.351078e-05
15788,314.491968,1000,4.351079e-05
15789,314.511888,1000,4.351079e-05
15790,314.531808,1000,4.351080e-05
15791,314.551727,1000,4.351081e-05
15792,314.571647,1000,4.351082e-05
15793,314.591567,1000,4.351083e-05
15794,314.611486,1000,4.351083e-05
15795,314.631406,1000,4.351084e-05
15796,314.651326,1000,4.351085e-05
15797,314.671246,1000,4.351086e-05
15798,314.691165,1000,4.351087e-05
15799,314.711085,1000,4.351087e-05
15800,314.731005,1000,4.351088e-05
15801,314.750924,1000,4.351089e-05
15802,314.770844,1000,4.351090e-05
15803,314.790764,1000,4.351091e-05
15804,314.810683,1000,4.351091e-05
15805,314.830603,1000,4.351092e-05
15806,314.850523,1000,4.351093e-05
15807,314.870442,1000,4.351094e-05
15808,314.890362,1000,4.351095e-05
15809,314.910282,1000,4.351095e-05
15810,314.930201,1000,4.351096e-05
15811,314.950121,1000,4.351097e-05
15812,314.970041,1000,4.351098e-05
15813,314.989960,1000,4.351099e-05
15814,315.009880,1000,4.351100e-05
15815,315.029800,1000,4.351100e-05
15816,315.049720,1000,4.351101e-05
15817,315.069639,1000,4.351102e-05
15818,315.089559,1000,4.351103e-05
15819,315.109479,1000,4.351104e-05
15820,315.129398,1000,4.351104e-05
15821,315.149318,1000,4.351105e-05
15822,315.169238,1000,4.351106e-05
15823,315.189157,1000,4.351107e-05
15824,315.209077,1000,4.351108e-05
15825,315.228997,1000,4.351108e-05
15826,315.248916,1000,4.351109e-05
15827,315.268836,1000,4.351110e-05
15828,315.288756,1000,4.351111e-05
15829,315.308675,1000,4.351112e-05
15830,315.328595,1000,4.351112e-05
15831,315.348515,1000,4.351113e-05
15832,315.368434,1000,4.351114e-05
15833,315.388354,1000,4.351115e-05
15834,315.408274,1000,4.351116e-05
15835,315.428194,1000,4.351116e-05
15836,315.448113,1000,4.351117e-05
15837,315.468033,1000,4.351118e-05
15838,315.487953,1000,4.351119e-05
15839,315.507872,1000,4.351120e-05
15840,315.527792,1000,4.351120e-05
15841,315.547712,1000,4.351121e-05
15842,315.567631,1000,4.351122e-05
15843,315.587551,1000,4.351123e-05
15844,315.607471,1000,4.351124e-05
15845,315.627390,1000,4.351124e-05
15846,315.647310,1000,4.351125e-05
15847,315.667230,1000,4.351126e-05
15848,315.687149,1000,4.351127e-05
15849,315.707069,1000,4.351128e-05
15850,315.726989,1000,4.351128e-05
15851,315.746908,1000,4.351129e-05
15852,315.766828,1000,4.351130e-05
15853,315.786748,1000,4.351131e-05
15854,315.806668,1000,4.351132e-05
15855,315.826587,1000,4.351132e-05
15856,315.846507,1000,4.351133e-05
15857,315.866427,1000,4.351134e-05
15858,315.886346,1000,4.351135e-05
15859,315.906266,1000,4.351136e-05
15860,315.926186,1000,4.351136e-05
15861,315.946105,1000,4.351137e-05
15862,315.966025,1000,4.351138e-05
15863,315.985945,1000,4.351139e-05
15864,316.005864,1000,4.351140e-05
15865,316.025784,1000,4.351140e-05
15866,316.045704,1000,4.351141e-05
15867,316.065623,1000,4.351142e-05
15868,316.085543,1000,4.351143e-05
15869,316.105463,1000,4.351144e-05
15870,316.125382,1000,4.351144e-05
15871,316.145302,1000,4.351145e-05
15872,316.165222,1000,4.351146e-05
15873,316.185142,1000,4.351147e-05
15874,316.205061,1000,4.351148e-05
15875,316.224981,1000,4.351148e-05
15876,316.244901,1000,4.351149e-05
15877,316.264820,1000,4.351150e-05
15878,316.284740,1000,4.351151e-05
15879,316.304660,1000,4.351152e-05
15880,316.324579,1000,4.351152e-05
15881,316.344499,1000,4.351153e-05
15882,316.364419,1000,4.351154e-05
15883,316.384338,1000,4.351155e-05
15884,316.404258,1000,4.351156e-05
15885,316.424178,1000,4.351156e-05
15886,316.444097,1000,4.351157e-05
15887,316.464017,1000,4.351158e-05
15888,316.483937,1000,4.351159e-05
15889,316.503856,1000,4.351160e-05
15890,316.523776,1000,4.351160e-05
15891,316.543696,1000,4.351161e-05
15892,316.563616,1000,4.351162e-05
15893,316.583535,1000,4.351163e-05
15894,316.603455,1000,4.351164e-05
15895,316.623375,1000,4.351164e-05
15896,316.643294,1000,4.351165e-05
15897,316.663214,1000,4.351166e-05
15898,316.683134,1000,4.351167e-05
15899,316.703053,1000,4.351168e-05
15900,316.722973,1000,4.351168e-05
15901,316.742893,1000,4.351169e-05
15902,316.762812,1000,4.351170e-05
15903,316.782732,1000,4.351171e-05
15904,316.802652,1000,4.351172e-05
15905,316.822571,1000,4.351172e-05
15906,316.842491,1000,4.351173e-05
15907,316.862411,1000,4.351174e-05
15908,316.882330,1000,4.351175e-05
15909,316.902250,1000,4.351176e-05
15910,316.922170,1000,4.351176e-05
15911,316.942089,1000,4.351177e-05
15912,316.962009,1000,4.351178e-05
15913,316.981929,1000,4.351179e-05
15914,317.001849,1000,4.351180e-05
15915,317.021768,1000,4.351180e-05
15916,317.041688,1000,4.351181e-05
15917,317.061608,1000,4.351182e-05
15918,317.081527,1000,4.351183e-05
15919,317.101447,1000,4.351184e-05
15920,317.121367,1000,4.351184e-05
15921,317.141286,1000,4.351185e-05
15922,317.161206,1000,4.351186e-05
15923,317.181126,1000,4.351187e-05
15924,317.201045,1000,4.351188e-05
15925,317.220965,1000,4.351188e-05
15926,317.240885,1000,4.351189e-05
15927,317.260804,1000,4.351190e-05
15928,317.280724,1000,4.351191e-05
15929,317.300644,1000,4.351192e-05
15930,317.320563,1000,4.351192e-05
15931,317.340483,1000,4.351193e-05
15932,317.360403,1000,4.351194e-05
15933,317.380323,1000,4.351195e-05
15934,317.400242,1000,4.351196e-05
15935,317.420162,1000,4.351196e-05
15936,317.440082,1000,4.351197e-05
15937,317.460001,1000,4.351198e-05
15938,317.479921,1000,4.351199e-05
15939,317.499841,1000,4.351200e-05
15940,317.519760,1000,4.351200e-05
15941,317.539680,1000,4.351201e-05
15942,317.559600,1000,4.351202e-05
15943,317.579519,1000,4.351203e-05
15944,317.599439,1000,4.351204e-05
15945,317.619359,1000,4.351204e-05
15946,317.639278,1000,4.351205e-05
15947,317.659198,1000,4.351206e-05
15948,317.679118,1000,4.351207e-05
15949,317.699037,1000,4.351208e-05
15950,317.718957,1000,4.351208e-05
15951,317.738877,1000,4.351209e-05
15952,317.758797,1000,4.351210e-05
15953,317.778716,1000,4.351211e-05
15954,317.798636,1000,4.351212e-05
15955,317.818556,1000,4.351212e-05
15956,317.838475,1000,4.351213e-05
15957,317.858395,1000,4.351214e-05
15958,317.878315,1000,4.351215e-05
15959,317.898234,1000,4.351216e-05
15960,317.918154,1000,4.351216e-05
15961,317.938074,1000,4.351217e-05
15962,317.957993,1000,4.351218e-05
15963,317.977913,1000,4.351219e-05
15964,317.997833,1000,4.351220e-05
15965,318.017752,1000,4.351220e-05
15966,318.037672,1000,4.351221e-05
15967,318.057592,1000,4.351222e-05
15968,318.077511,1000,4.351223e-05
15969,318.097431,1000,4.351224e-05
15970,318.117351,1000,4.351224e-05
15971,318.137271,1000,4.351225e-05
15972,318.157190,1000,4.351226e-05
15973,318.177110,1000,4.351227e-05
15974,318.197030,1000,4.351228e-05
15975,318.216949,1000,4.351228e-05
15976,318.236869,1000,4.351229e-05
15977,318.256789,1000,4.351230e-05
15978,318.276708,1000,4.351231e-05
15979,318.296628,1000,4.351232e-05
15980,318.316548,1000,4.351232e-05
15981,318.336467,1000,4.351233e-05
15982,318.356387,1000,4.351234e-05
15983,318.376307,1000,4.351235e-05
15984,318.396226,1000,4.351236e-05
15985,318.416146,1000,4.351236e-05
15986,318.436066,1000,4.351237e-05
15987,318.455985,1000,4.351238e-05
15988,318.475905,1000,4.351239e-05
15989,318.495825,1000,4.351240e-05
15990,318.515745,1000,4.351241e-05
15991,318.535664,1000,4.351241e-05
15992,318.555584,1000,4.351242e-05
15993,318.575504,1000,4.351243e-05
15994,318.595423,1000,4.351244e-05
15995,318.615343,1000,4.351245e-05
15996,318.635263,1000,4.351245e-05
15997,318.655182,1000,4.351246e-05
15998,318.675102,1000,4.351247e-05
15999,318.695022,1000,4.351248e-05
16000,318.714941,1000,4.351249e-05
16001,318.734861,1000,4.351249e-05
16002,318.754781,1000,4.351250e-05
16003,318.774700,1000,4.351251e-05
16004,318.794620,1000,4.351252e-05
16005,318.814540,1000,4.351253e-05
16006,318.834459,1000,4.351253e-05
16007,318.854379,1000,4.351254e-05
16008,318.874299,1000,4.351255e-05
16009,318.894219,1000,4.351256e-05
16010,318.914138,1000,4.351257e-05
16011,318.934058,1000,4.351257e-05
16012,318.953978,1000,4.351258e-05
16013,318.973897,1000,4.351259e-05
16014,318.993817,1000,4.351260e-05
16015,319.013737,1000,4.351261e-05
16016,319.033656,1000,4.351261e-05
16017,319.053576,1000,4.351262e-05
16018,319.073496,1000,4.351263e-05
16019,319.093415,1000,4.351264e-05
16020,319.113335,1000,4.351265e-05
16021,319.133255,1000,4.351265e-05
16022,319.153174,1000,4.351266e-05
16023,319.173094,1000,4.351267e-05
16024,319.193014,1000,4.351268e-05
16025,319.212933,1000,4.351269e-05
16026,319.232853,1000,4.351269e-05
16027,319.252773,1000,4.351270e-05
16028,319.272693,1000,4.351271e-05
16029,319.292612,1000,4.351272e-05
16030,319.312532,1000,4.351273e-05
16031,319.332452,1000,4.351273e-05
16032,319.352371,1000,4.351274e-05
16033,319.372291,1000,4.351275e-05
16034,319.392211,1000,4.351276e-05
16035,319.412130,1000,4.351277e-05
16036,319.432050,1000,4.351277e-05
16037,319.451970,1000,4.351278e-05
16038,319.471889,1000,4.351279e-05
16039,319.491809,1000,4.351280e-05
16040,319.511729,1000,4.351281e-05
16041,319.531648,1000,4.351281e-05
16042,319.551568,1000,4.351282e-05
16043,319.571488,1000,4.351283e-05
16044,319.591407,1000,4.351284e-05
16045,319.611327,1000,4.351285e-05
16046,319.631247,1000,4.351285e-05
16047,319.651166,1000,4.351286e-05
16048,319.671086,1000,4.351287e-05
16049,319.691006,1000,4.351288e-05
16050,319.710926,1000,4.351289e-05
16051,319.730845,1000,4.351289e-05
16052,319.750765,1000,4.351290e-05
16053,319.770685,1000,4.351291e-05
16054,319.790604,1000,4.351292e-05
16055,319.810524,1000,4.351293e-05
16056,319.830444,1000,4.351293e-05
16057,319.850363,1000,4.351294e-05
16058,319.870283,1000,4.351295e-05
16059,319.890203,1000,4.351296e-05
16060,319.910122,1000,4.351297e-05
16061,319.930042,1000,4.351297e-05
16062,319.949962,1000,4.351298e-05
16063,319.969881,1000,4.351299e-05
16064,319.989801,1000,4.351300e-05
16065,320.009721,1000,4.351301e-05
16066,320.029640,1000,4.351301e-05
16067,320.049560,1000,4.351302e-05
16068,320.069480,1000,4.351303e-05
16069,320.089400,1000,4.351304e-05
16070,320.109319,1000,4.351305e-05
16071,320.129239,1000,4.351305e-05
16072,320.149159,1000,4.351306e-05
16073,320.169078,1000,4.351307e-05
16074,320.188998,1000,4.351308e-05
16075,320.208918,1000,4.351309e-05
16076,320.228837,1000,4.351309e-05
16077,320.248757,1000,4.351310e-05
16078,320.268677,1000,4.351311e-05
16079,320.288596,1000,4.351312e-05
16080,320.308516,1000,4.351313e-05
16081,320.328436,1000,4.351313e-05
16082,320.348355,1000,4.351314e-05
16083,320.368275,1000,4.351315e-05
16084,320.388195,1000,4.351316e-05
16085,320.408114,1000,4.351317e-05
16086,320.428034,1000,4.351317e-05
16087,320.447954,1000,4.351318e-05
16088,320.467874,1000,4.351319e-05
16089,320.487793,1000,4.351320e-05
16090,320.507713,1000,4.351321e-05
16091,320.527633,1000,4.351321e-05
16092,320.547552,1000,4.351322e-05
16093,320.567472,1000,4.351323e-05
16094,320.587392,1000,4.351324e-05
16095,320.607311,1000,4.351325e-05
16096,320.627231,1000,4.351325e-05
16097,320.647151,1000,4.351326e-05
16098,320.667070,1000,4.351327e-05
16099,320.686990,1000,4.351328e-05
16100,320.706910,1000,4.351329e-05
16101,320.726829,1000,4.351329e-05
16102,320.746749,1000,4.351330e-05
16103,320.766669,1000,4.351331e-05
16104,320.786588,1000,4.351332e-05
16105,320.806508,1000,4.351333e-05
16106,320.826428,1000,4.351333e-05
16107,320.846348,1000,4.351334e-05
16108,320.866267,1000,4.351335e-05
16109,320.886187,1000,4.351336e-05
16110,320.906107,1000,4.351337e-05
16111,320.926026,1000,4.351337e-05
16112,320.945946,1000,4.351338e-05
16113,320.965866,1000,4.351339e-05
16114,320.985785,1000,4.351340e-05
16115,321.005705,1000,4.351341e-05
16116,321.025625,1000,4.351341e-05
16117,321.045544,1000,4.351342e-05
16118,321.065464,1000,4.351343e-05
16119,321.085384,1000,4.351344e-05
16120,321.105303,1000,4.351345e-05
16121,321.125223,1000,4.351345e-05
16122,321.145143,1000,4.351346e-05
16123,321.165062,1000,4.351347e-05
16124,321.184982,1000,4.351348e-05
16125,321.204902,1000,4.351349e-05
16126,321.224822,1000,4.351349e-05
16127,321.244741,1000,4.351350e-05
16128,321.264661,1000,4.351351e-05
16129,321.284581,1000,4.351352e-05
16130,321.304500,1000,4.351353e-05
16131,321.324420,1000,4.351353e-05
16132,321.344340,1000,4.351354e-05
16133,321.364259,1000,4.351355e-05
16134,321.384179,1000,4.351356e-05
16135,321.404099,1000,4.351357e-05
16136,321.424018,1000,4.351357e-05
16137,321.443938,1000,4.351358e-05
16138,321.463858,1000,4.351359e-05
16139,321.483777,1000,4.351360e-05
16140,321.503697,1000,4.351361e-05
16141,321.523617,1000,4.351361e-05
16142,321.543536,1000,4.351362e-05
16143,321.563456,1000,4.351363e-05
16144,321.583376,1000,4.351364e-05
16145,321.603296,1000,4.351365e-05
16146,321.623215,1000,4.351365e-05
16147,321.643135,1000,4.351366e-05
16148,321.663055,1000,4.351367e-05
16149,321.682974,1000,4.351368e-05
16150,321.702894,1000,4.351369e-05
16151,321.722814,1000,4.351369e-05
16152,321.742733,1000,4.351370e-05
16153,321.762653,1000,4.351371e-05
16154,321.782573,1000,4.351372e-05
16155,321.802492,1000,4.351373e-05
16156,321.822412,1000,4.351373e-05
16157,321.842332,1000,4.351374e-05
16158,321.862251,1000,4.351375e-05
16159,321.882171,1000,4.351376e-05
16160,321.902091,1000,4.351377e-05
16161,321.922010,1000,4.351377e-05
16162,321.941930,1000,4.351378e-05
16163,321.961850,1000,4.351379e-05
16164,321.981770,1000,4.351380e-05
16165,322.001689,1000,4.351381e-05
16166,322.021609,1000,4.351381e-05
16167,322.041529,1000,4.351382e-05
16168,322.061448,1000,4.351383e-05
16169,322.081368,1000,4.351384e-05
16170,322.101288,1000,4.351385e-05
16171,322.121207,1000,4.351385e-05
16172,322.141127,1000,4.351386e-05
16173,322.161047,1000,4.351387e-05
16174,322.180966,1000,4.351388e-05
16175,322.200886,1000,4.351389e-05
16176,322.220806,1000,4.351389e-05
16177,322.240725,1000,4.351390e-05
16178,322.260645,1000,4.351391e-05
16179,322.280565,1000,4.351392e-05
16180,322.300484,1000,4.351393e-05
16181,322.320404,1000,4.351393e-05
16182,322.340324,1000,4.351394e-05
16183,322.360243,1000,4.351395e-05
16184,322.380163,1000,4.351396e-05
16185,322.400083,1000,4.351397e-05
16186,322.420003,1000,4.351397e-05
16187,322.439922,1000,4.351398e-05
16188,322.459842,1000,4.351399e-05
16189,322.479762,1000,4.351400e-05
16190,322.499681,1000,4.351401e-05
16191,322.519601,1000,4.351401e-05
16192,322.539521,1000,4.351402e-05
16193,322.559440,1000,4.351403e-05
16194,322.579360,1000,4.351404e-05
16195,322.599280,1000,4.351405e-05
16196,322.619199,1000,4.351405e-05
16197,322.639119,1000,4.351406e-05
16198,322.659039,1000,4.351407e-05
16199,322.678958,1000,4.351408e-05
16200,322.698878,1000,4.351409e-05
16201,322.718798,1000,4.351409e-05
16202,322.738717,1000,4.351410e-05
16203,322.758637,1000,4.351411e-05
16204,322.778557,1000,4.351412e-05
16205,322.798477,1000,4.351413e-05
16206,322.818396,1000,4.351413e-05
16207,322.838316,1000,4.351414e-05
16208,322.858236,1000,4.351415e-05
16209,322.878155,1000,4.351416e-05
16210,322.898075,1000,4.351417e-05
16211,322.917995,1000,4.351418e-05
16212,322.937914,1000,4.351418e-05
16213,322.957834,1000,4.351419e-05
16214,322.977754,1000,4.351420e-05
16215,322.997673,1000,4.351421e-05
16216,323.017593,1000,4.351422e-05
16217,323.037513,1000,4.351422e-05
16218,323.057432,1000,4.351423e-05
16219,323.077352,1000,4.351424e-05
16220,323.097272,1000,4.351425e-05
16221,323.117191,1000,4.351426e-05
16222,323.137111,1000,4.351426e-05
16223,323.157031,1000,4.351427e-05
16224,323.176951,1000,4.351428e-05
16225,323.196870,1000,4.351429e-05
16226,323.216790,1000,4.351430e-05
16227,323.236710,1000,4.351430e-05
16228,323.256629,1000,4.351431e-05
16229,323.276549,1000,4.351432e-05
16230,323.296469,1000,4.351433e-05
16231,323.316388,1000,4.351434e-05
16232,323.336308,1000,4.351434e-05
16233,323.356228,1000,4.351435e-05
16234,323.376147,1000,4.351436e-05
16235,323.396067,1000,4.351437e-05
16236,323.415987,1000,4.351438e-05
16237,323.435906,1000,4.351438e-05
16238,323.455826,1000,4.351439e-05
16239,323.475746,1000,4.351440e-05
16240,323.495665,1000,4.351441e-05
16241,323.515585,1000,4.351442e-05
16242,323.535505,1000,4.351442e-05
16243,323.555425,1000,4.351443e-05
16244,323.575344,1000,4.351444e-05
16245,323.595264,1000,4.351445e-05
16246,323.615184,1000,4.351446e-05
16247,323.635103,1000,4.351446e-05
16248,323.655023,1000,4.351447e-05
16249,323.674943,1000,4.351448e-05
16250,323.694862,1000,4.351449e-05
16251,323.714782,1000,4.351450e-05
16252,323.734702,1000,4.351450e-05
16253,323.754621,1000,4.351451e-05
16254,323.774541,1000,4.351452e-05
16255,323.794461,1000,4.351453e-05
16256,323.814380,1000,4.351454e-05
16257,323.834300,1000,4.351454e-05
16258,323.854220,1000,4.351455e-05
16259,323.874139,1000,4.351456e-05
16260,323.894059,1000,4.351457e-05
16261,323.913979,1000,4.351458e-05
16262,323.933899,1000,4.351458e-05
16263,323.953818,1000,4.351459e-05
16264,323.973738,1000,4.351460e-05
16265,323.993658,1000,4.351461e-05
16266,324.013577,1000,4.351462e-05
16267,324.033497,1000,4.351462e-05
16268,324.053417,1000,4.351463e-05
16269,324.073336,1000,4.351464e-05
16270,324.093256,1000,4.351465e-05
16271,324.113176,1000,4.351466e-05
16272,324.133095,1000,4.351466e-05
16273,324.153015,1000,4.351467e-05
16274,324.172935,1000,4.351468e-05
16275,324.192854,1000,4.351469e-05
16276,324.212774,1000,4.351470e-05
16277,324.232694,1000,4.351470e-05
16278,324.252613,1000,4.351471e-05
16279,324.272533,1000,4.351472e-05
16280,324.292453,1000,4.351473e-05
16281,324.312373,1000,4.351474e-05
16282,324.332292,1000,4.351474e-05
16283,324.352212,1000,4.351475e-05
16284,324.372132,1000,4.351476e-05
16285,324.392051,1000,4.351477e-05
16286,324.411971,1000,4.351478e-05
16287,324.431891,1000,4.351478e-05
16288,324.451810,1000,4.351479e-05
16289,324.471730,1000,4.351480e-05
16290,324.491650,1000,4.351481e-05
16291,324.511569,1000,4.351482e-05
16292,324.531489,1000,4.351482e-05
16293,324.551409,1000,4.351483e-05
16294,324.571328,1000,4.351484e-05
16295,324.591248,1000,4.351485e-05
16296,324.611168,1000,4.351486e-05
16297,324.631087,1000,4.351486e-05
16298,324.651007,1000,4.351487e-05
16299,324.670927,1000,4.351488e-05
16300,324.690847,1000,4.351489e-05
16301,324.710766,1000,4.351490e-05
16302,324.730686,1000,4.351490e-05
16303,324.750606,1000,4.351491e-05
16304,324.770525,1000,4.351492e-05
16305,324.790445,1000,4.351493e-05
16306,324.810365,1000,4.351494e-05
16307,324.830284,1000,4.351494e-05
16308,324.850204,1000,4.351495e-05
16309,324.870124,1000,4.351496e-05
16310,324.890043,1000,4.351497e-05
16311,324.909963,1000,4.351498e-05
16312,324.929883,1000,4.351498e-05
16313,324.949802,1000,4.351499e-05
16314,324.969722,1000,4.351500e-05
16315,324.989642,1000,4.351501e-05
16316,325.009561,1000,4.351502e-05
16317,325.029481,1000,4.351502e-05
16318,325.049401,1000,4.351503e-05
16319,325.069320,1000,4.351504e-05
16320,325.089240,1000,4.351505e-05
16321,325.109160,1000,4.351506e-05
16322,325.129080,1000,4.351506e-05
16323,325.148999,1000,4.351507e-05
16324,325.168919,1000,4.351508e-05
16325,325.188839,1000,4.351509e-05
16326,325.208758,1000,4.351510e-05
16327,325.228678,1000,4.351510e-05
16328,325.248598,1000,4.351511e-05
16329,325.268517,1000,4.351512e-05
16330,325.288437,1000,4.351513e-05
16331,325.308357,1000,4.351514e-05
16332,325.328276,1000,4.351514e-05
16333,325.348196,1000,4.351515e-05
16334,325.368116,1000,4.351516e-05
16335,325.388035,1000,4.351517e-05
16336,325.407955,1000,4.351518e-05
16337,325.427875,1000,4.351518e-05
16338,325.447794,1000,4.351519e-05
16339,325.467714,1000,4.351520e-05
16340,325.487634,1000,4.351521e-05
16341,325.507554,1000,4.351522e-05
16342,325.527473,1000,4.351522e-05
16343,325.547393,1000,4.351523e-05
16344,325.567313,1000,4.351524e-05
16345,325.587232,1000,4.351525e-05
16346,325.607152,1000,4.351526e-05
16347,325.627072,1000,4.351526e-05
16348,325.646991,1000,4.351527e-05
16349,325.666911,1000,4.351528e-05
16350,325.686831,1000,4.351529e-05
16351,325.706750,1000,4.351530e-05
16352,325.726670,1000,4.351530e-05
16353,325.746590,1000,4.351531e-05
16354,325.766509,1000,4.351532e-05
16355,325.786429,1000,4.351533e-05
16356,325.806349,1000,4.351534e-05
16357,325.826268,1000,4.351534e-05
16358,325.846188,1000,4.351535e-05
16359,325.866108,1000,4.351536e-05
16360,325.886028,1000,4.351537e-05
16361,325.905947,1000,4.351538e-05
16362,325.925867,1000,4.351538e-05
16363,325.945787,1000,4.351539e-05
16364,325.965706,1000,4.351540e-05
16365,325.985626,1000,4.351541e-05
16366,326.005546,1000,4.351542e-05
16367,326.025465,1000,4.351542e-05
16368,326.045385,1000,4.351543e-05
16369,326.065305,1000,4.351544e-05
16370,326.085224,1000,4.351545e-05
16371,326.105144,1000,4.351546e-05
16372,326.125064,1000,4.351546e-05
16373,326.144983,1000,4.351547e-05
16374,326.164903,1000,4.351548e-05
16375,326.184823,1000,4.351549e-05
16376,326.204742,1000,4.351550e-05
16377,326.224662,1000,4.351550e-05
16378,326.244582,1000,4.351551e-05
16379,326.264502,1000,4.351552e-05
16380,326.284421,1000,4.351553e-05
16381,326.304341,1000,4.351554e-05
16382,326.324261,1000,4.351554e-05
16383,326.344180,1000,4.351555e-05
16384,326.364100,1000,4.351556e-05
16385,326.384020,1000,4.351557e-05
16386,326.403939,1000,4.351558e-05
16387,326.423859,1000,4.351558e-05
16388,326.443779,1000,4.351559e-05
16389,326.463698,1000,4.351560e-05
16390,326.483618,1000,4.351561e-05
16391,326.503538,1000,4.351562e-05
16392,326.523457,1000,4.351562e-05
16393,326.543377,1000,4.351563e-05
16394,326.563297,1000,4.351564e-05
16395,326.583216,1000,4.351565e-05
16396,326.603136,1000,4.351566e-05
16397,326.623056,1000,4.351566e-05
16398,326.642976,1000,4.351567e-05
16399,326.662895,1000,4.351568e-05
16400,326.682815,1000,4.351569e-05
16401,326.702735,1000,4.351570e-05
16402,326.722654,1000,4.351570e-05
16403,326.742574,1000,4.351571e-05
16404,326.762494,1000,4.351572e-05
16405,326.782413,1000,4.351573e-05
16406,326.802333,1000,4.351574e-05
16407,326.822253,1000,4.351574e-05
16408,326.842172,1000,4.351575e-05
16409,326.862092,1000,4.351576e-05
16410,326.882012,1000,4.351577e-05
16411,326.901931,1000,4.351578e-05
16412,326.921851,1000,4.351578e-05
16413,326.941771,1000,4.351579e-05
16414,326.961690,1000,4.351580e-05
16415,326.981610,1000,4.351581e-05
16416,327.001530,1000,4.351582e-05
16417,327.021450,1000,4.351582e-05
16418,327.041369,1000,4.351583e-05
16419,327.061289,1000,4.351584e-05
16420,327.081209,1000,4.351585e-05
16421,327.101128,1000,4.351586e-05
16422,327.121048,1000,4.351586e-05
16423,327.140968,1000,4.351587e-05
16424,327.160887,1000,4.351588e-05
16425,327.180807,1000,4.351589e-05
16426,327.200727,1000,4.351590e-05
16427,327.220646,1000,4.351590e-05
16428,327.240566,1000,4.351591e-05
16429,327.260486,1000,4.351592e-05
16430,327.280405,1000,4.351593e-05
16431,327.300325,1000,4.351594e-05
16432,327.320245,1000,4.351594e-05
16433,327.340164,1000,4.351595e-05
16434,327.360084,1000,4.351596e-05
16435,327.380004,1000,4.351597e-05
16436,327.399924,1000,4.351598e-05
16437,327.419843,1000,4.351598e-05
16438,327.439763,1000,4.351599e-05
16439,327.459683,1000,4.351600e-05
16440,327.479602,1000,4.351601e-05
16441,327.499522,1000,4.351602e-05
16442,327.519442,1000,4.351602e-05
16443,327.539361,1000,4.351603e-05
16444,327.559281,1000,4.351604e-05
16445,327.579201,1000,4.351605e-05
16446,327.599120,1000,4.351606e-05
16447,327.619040,1000,4.351606e-05
16448,327.638960,1000,4.351607e-05
16449,327.658879,1000,4.351608e-05
16450,327.678799,1000,4.351609e-05
16451,327.698719,1000,4.351610e-05
16452,327.718638,1000,4.351610e-05
16453,327.738558,1000,4.351611e-05
16454,327.758478,1000,4.351612e-05
16455,327.778398,1000,4.351613e-05
16456,327.798317,1000,4.351614e-05
16457,327.818237,1000,4.351614e-05
16458,327.838157,1000,4.351615e-05
16459,327.858076,1000,4.351616e-05
16460,327.877996,1000,4.351617e-05
16461,327.897916,1000,4.351618e-05
16462,327.917835,1000,4.351618e-05
16463,327.937755,1000,4.351619e-05
16464,327.957675,1000,4.351620e-05
16465,327.977594,1000,4.351621e-05
16466,327.997514,1000,4.351622e-05
16467,328.017434,1000,4.351622e-05
16468,328.037353,1000,4.351623e-05
16469,328.057273,1000,4.351624e-05
16470,328.077193,1000,4.351625e-05
16471,328.097112,1000,4.351626e-05
16472,328.117032,1000,4.351626e-05
16473,328.136952,1000,4.351627e-05
16474,328.156871,1000,4.351628e-05
16475,328.176791,1000,4.351629e-05
16476,328.196711,1000,4.351630e-05
16477,328.216631,1000,4.351630e-05
16478,328.236550,1000,4.351631e-05
16479,328.256470,1000,4.351632e-05
16480,328.276390,1000,4.351633e-05
16481,328.296309,1000,4.351634e-05
16482,328.316229,1000,4.351634e-05
16483,328.336149,1000,4.351635e-05
16484,328.356068,1000,4.351636e-05
16485,328.375988,1000,4.351637e-05
16486,328.395908,1000,4.351638e-05
16487,328.415827,1000,4.351638e-05
16488,328.435747,1000,4.351639e-05
16489,328.455667,1000,4.351640e-05
16490,328.475586,1000,4.351641e-05
16491,328.495506,1000,4.351642e-05
16492,328.515426,1000,4.351642e-05
16493,328.535345,1000,4.351643e-05
16494,328.555265,1000,4.351644e-05
16495,328.575185,1000,4.351645e-05
16496,328.595105,1000,4.351646e-05
16497,328.615024,1000,4.351646e-05
16498,328.634944,1000,4.351647e-05
16499,328.654864,1000,4.351648e-05
16500,328.674783,1000,4.351649e-05
16501,328.694703,1000,4.351650e-05
16502,328.714623,1000,4.351650e-05
16503,328.734542,1000,4.351651e-05
16504,328.754462,1000,4.351652e-05
16505,328.774382,1000,4.351653e-05
16506,328.794301,1000,4.351654e-05
16507,328.814221,1000,4.351654e-05
16508,328.834141,1000,4.351655e-05
16509,328.854060,1000,4.351656e-05
16510,328.873980,1000,4.351657e-05
16511,328.893900,1000,4.351658e-05
16512,328.913819,1000,4.351658e-05
16513,328.933739,1000,4.351659e-05
16514,328.953659,1000,4.351660e-05
16515,328.973579,1000,4.351661e-05
16516,328.993498,1000,4.351662e-05
16517,329.013418,1000,4.351662e-05
16518,329.033338,1000,4.351663e-05
16519,329.053257,1000,4.351664e-05
16520,329.073177,1000,4.351665e-05
16521,329.093097,1000,4.351666e-05
16522,329.113016,1000,4.351666e-05
16523,329.132936,1000,4.351667e-05
16524,329.152856,1000,4.351668e-05
16525,329.172775,1000,4.351669e-05
16526,329.192695,1000,4.351670e-05
16527,329.212615,1000,4.351670e-05
16528,329.232534,1000,4.351671e-05
16529,329.252454,1000,4.351672e-05
16530,329.272374,1000,4.351673e-05
16531,329.292293,1000,4.351674e-05
16532,329.312213,1000,4.351674e-05
16533,329.332133,1000,4.351675e-05
16534,329.352053,1000,4.351676e-05
16535,329.371972,1000,4.351677e-05
16536,329.391892,1000,4.351678e-05
16537,329.411812,1000,4.351678e-05
16538,329.431731,1000,4.351679e-05
16539,329.451651,1000,4.351680e-05
16540,329.471571,1000,4.351681e-05
16541,329.491490,1000,4.351682e-05
16542,329.511410,1000,4.351682e-05
16543,329.531330,1000,4.351683e-05
16544,329.551249,1000,4.351684e-05
16545,329.571169,1000,4.351685e-05
16546,329.591089,1000,4.351686e-05
16547,329.611008,1000,4.351686e-05
16548,329.630928,1000,4.351687e-05
16549,329.650848,1000,4.351688e-05
16550,329.670767,1000,4.351689e-05
16551,329.690687,1000,4.351690e-05
16552,329.710607,1000,4.351690e-05
16553,329.730527,1000,4.351691e-05
16554,329.750446,1000,4.351692e-05
16555,329.770366,1000,4.351693e-05
16556,329.790286,1000,4.351694e-05
16557,329.810205,1000,4.351694e-05
16558,329.830125,1000,4.351695e-05
16559,329.850045,1000,4.351696e-05
16560,329.869964,1000,4.351697e-05
16561,329.889884,1000,4.351698e-05
16562,329.909804,1000,4.351698e-05
16563,329.929723,1000,4.351699e-05
16564,329.949643,1000,4.351700e-05
16565,329.969563,1000,4.351701e-05
16566,329.989482,1000,4.351702e-05
16567,330.009402,1000,4.351702e-05
16568,330.029322,1000,4.351703e-05
16569,330.049241,1000,4.351704e-05
16570,330.069161,1000,4.351705e-05
16571,330.089081,1000,4.351706e-05
16572,330.109001,1000,4.351706e-05
16573,330.128920,1000,4.351707e-05
16574,330.148840,1000,4.351708e-05
16575,330.168760,1000,4.351709e-05
16576,330.188679,1000,4.351710e-05
16577,330.208599,1000,4.351711e-05
16578,330.228519,1000,4.351711e-05
16579,330.248438,1000,4.351712e-05
16580,330.268358,1000,4.351713e-05
16581,330.288278,1000,4.351714e-05
16582,330.308197,1000,4.351715e-05
16583,330.328117,1000,4.351715e-05
16584,330.348037,1000,4.351716e-05
16585,330.367956,1000,4.351717e-05
16586,330.387876,1000,4.351718e-05
16587,330.407796,1000,4.351719e-05
16588,330.427715,1000,4.351719e-05
16589,330.447635,1000,4.351720e-05
16590,330.467555,1000,4.351721e-05
16591,330.487475,1000,4.351722e-05
16592,330.507394,1000,4.351723e-05
16593,330.527314,1000,4.351723e-05
16594,330.547234,1000,4.351724e-05
16595,330.567153,1000,4.351725e-05
16596,330.587073,1000,4.351726e-05
16597,330.606993,1000,4.351727e-05
16598,330.626912,1000,4.351727e-05
16599,330.646832,1000,4.351728e-05
16600,330.666752,1000,4.351729e-05
16601,330.686671,1000,4.351730e-05
16602,330.706591,1000,4.351731e-05
16603,330.726511,1000,4.351731e-05
16604,330.746430,1000,4.351732e-05
16605,330.766350,1000,4.351733e-05
16606,330.786270,1000,4.351734e-05
16607,330.806189,1000,4.351735e-05
16608,330.826109,1000,4.351735e-05
16609,330.846029,1000,4.351736e-05
16610,330.865948,1000,4.351737e-05
16611,330.885868,1000,4.351738e-05
16612,330.905788,1000,4.351739e-05
16613,330.925708,1000,4.351739e-05
16614,330.945627,1000,4.351740e-05
16615,330.965547,1000,4.351741e-05
16616,330.985467,1000,4.351742e-05
16617,331.005386,1000,4.351743e-05
16618,331.025306,1000,4.351743e-05
16619,331.045226,1000,4.351744e-05
16620,331.065145,1000,4.351745e-05
16621,331.085065,1000,4.351746e-05
16622,331.104985,1000,4.351747e-05
16623,331.124904,1000,4.351747e-05
16624,331.144824,1000,4.351748e-05
16625,331.164744,1000,4.351749e-05
16626,331.184663,1000,4.351750e-05
16627,331.204583,1000,4.351751e-05
16628,331.224503,1000,4.351751e-05
16629,331.244422,1000,4.351752e-05
16630,331.264342,1000,4.351753e-05
16631,331.284262,1000,4.351754e-05
16632,331.304182,1000,4.351755e-05
16633,331.324101,1000,4.351755e-05
16634,331.344021,1000,4.351756e-05
16635,331.363941,1000,4.351757e-05
16636,331.383860,1000,4.351758e-05
16637,331.403780,1000,4.351759e-05
16638,331.423700,1000,4.351759e-05
16639,331.443619,1000,4.351760e-05
16640,331.463539,1000,4.351761e-05
16641,331.483459,1000,4.351762e-05
16642,331.503378,1000,4.351763e-05
16643,331.523298,1000,4.351763e-05
16644,331.543218,1000,4.351764e-05
16645,331.563137,1000,4.351765e-05
16646,331.583057,1000,4.351766e-05
16647,331.602977,1000,4.351767e-05
16648,331.622896,1000,4.351767e-05
16649,331.642816,1000,4.351768e-05
16650,331.662736,1000,4.351769e-05
16651,331.682656,1000,4.351770e-05
16652,331.702575,1000,4.351771e-05
16653,331.722495,1000,4.351771e-05
16654,331.742415,1000,4.351772e-05
16655,331.762334,1000,4.351773e-05
16656,331.782254,1000,4.351774e-05
16657,331.802174,1000,4.351775e-05
16658,331.822093,1000,4.351775e-05
16659,331.842013,1000,4.351776e-05
16660,331.861933,1000,4.351777e-05
16661,331.881852,1000,4.351778e-05
16662,331.901772,1000,4.351779e-05
16663,331.921692,1000,4.351779e-05
16664,331.941611,1000,4.351780e-05
16665,331.961531,1000,4.351781e-05
16666,331.981451,1000,4.351782e-05
16667,332.001370,1000,4.351783e-05
16668,332.021290,1000,4.351783e-05
16669,332.041210,1000,4.351784e-05
16670,332.061130,1000,4.351785e-05
16671,332.081049,1000,4.351786e-05
16672,332.100969,1000,4.351787e-05
16673,332.120889,1000,4.351787e-05
16674,332.140808,1000,4.351788e-05
16675,332.160728,1000,4.351789e-05
16676,332.180648,1000,4.351790e-05
16677,332.200567,1000,4.351791e-05
16678,332.220487,1000,4.351791e-05
16679,332.240407,1000,4.351792e-05
16680,332.260326,1000,4.351793e-05
16681,332.280246,1000,4.351794e-05
16682,332.300166,1000,4.351795e-05
16683,332.320085,1000,4.351795e-05
16684,332.340005,1000,4.351796e-05
16685,332.359925,1000,4.351797e-05
16686,332.379844,1000,4.351798e-05
16687,332.399764,1000,4.351799e-05
16688,332.419684,1000,4.351799e-05
16689,332.439604,1000,4.351800e-05
16690,332.459523,1000,4.351801e-05
16691,332.479443,1000,4.351802e-05
16692,332.499363,1000,4.351803e-05
16693,332.519282,1000,4.351803e-05
16694,332.539202,1000,4.351804e-05
16695,332.559122,1000,4.351805e-05
16696,332.579041,1000,4.351806e-05
16697,332.598961,1000,4.351807e-05
16698,332.618881,1000,4.351807e-05
16699,332.638800,1000,4.351808e-05
16700,332.658720,1000,4.351809e-05
16701,332.678640,1000,4.351810e-05
16702,332.698559,1000,4.351811e-05
16703,332.718479,1000,4.351811e-05
16704,332.738399,1000,4.351812e-05
16705,332.758318,1000,4.351813e-05
16706,332.778238,1000,4.351814e-05
16707,332.798158,1000,4.351815e-05
16708,332.818078,1000,4.351815e-05
16709,332.837997,1000,4.351816e-05
16710,332.857917,1000,4.351817e-05
16711,332.877837,1000,4.351818e-05
16712,332.897756,1000,4.351819e-05
16713,332.917676,1000,4.351819e-05
16714,332.937596,1000,4.351820e-05
16715,332.957515,1000,4.351821e-05
16716,332.977435,1000,4.351822e-05
16717,332.997355,1000,4.351823e-05
16718,333.017274,1000,4.351823e-05
16719,333.037194,1000,4.351824e-05
16720,333.057114,1000,4.351825e-05
16721,333.077033,1000,4.351826e-05
16722,333.096953,1000,4.351827e-05
16723,333.116873,1000,4.351827e-05
16724,333.136792,1000,4.351828e-05
16725,333.156712,1000,4.351829e-05
16726,333.176632,1000,4.351830e-05
16727,333.196552,1000,4.351831e-05
16728,333.216471,1000,4.351831e-05
16729,333.236391,1000,4.351832e-05
16730,333.256311,1000,4.351833e-05
16731,333.276230,1000,4.351834e-05
16732,333.296150,1000,4.351835e-05
16733,333.316070,1000,4.351835e-05
16734,333.335989,1000,4.351836e-05
16735,333.355909,1000,4.351837e-05
16736,333.375829,1000,4.351838e-05
16737,333.395748,1000,4.351839e-05
16738,333.415668,1000,4.351839e-05
16739,333.435588,1000,4.351840e-05
16740,333.455507,1000,4.351841e-05
16741,333.475427,1000,4.351842e-05
16742,333.495347,1000,4.351843e-05
16743,333.515266,1000,4.351843e-05
16744,333.535186,1000,4.351844e-05
16745,333.555106,1000,4.351845e-05
16746,333.575025,1000,4.351846e-05
16747,333.594945,1000,4.351847e-05
16748,333.614865,1000,4.351847e-05
16749,333.634785,1000,4.351848e-05
16750,333.654704,1000,4.351849e-05
16751,333.674624,1000,4.351850e-05
16752,333.694544,1000,4.351851e-05
16753,333.714463,1000,4.351851e-05
16754,333.734383,1000,4.351852e-05
16755,333.754303,1000,4.351853e-05
16756,333.774222,1000,4.351854e-05
16757,333.794142,1000,4.351855e-05
16758,333.814062,1000,4.351855e-05
16759,333.833981,1000,4.351856e-05
16760,333.853901,1000,4.351857e-05
16761,333.873821,1000,4.351858e-05
16762,333.893740,1000,4.351859e-05
16763,333.913660,1000,4.351859e-05
16764,333.933580,1000,4.351860e-05
16765,333.953499,1000,4.351861e-05
16766,333.973419,1000,4.351862e-05
16767,333.993339,1000,4.351863e-05
16768,334.013259,1000,4.351863e-05
16769,334.033178,1000,4.351864e-05
16770,334.053098,1000,4.351865e-05
16771,334.073018,1000,4.351866e-05
16772,334.092937,1000,4.351867e-05
16773,334.112857,1000,4.351867e-05
16774,334.132777,1000,4.351868e-05
16775,334.152696,1000,4.351869e-05
16776,334.172616,1000,4.351870e-05
16777,334.192536,1000,4.351871e-05
16778,334.212455,1000,4.351871e-05
16779,334.232375,1000,4.351872e-05
16780,334.252295,1000,4.351873e-05
16781,334.272214,1000,4.351874e-05
16782,334.292134,1000,4.351875e-05
16783,334.312054,1000,4.351875e-05
16784,334.331973,1000,4.351876e-05
16785,334.351893,1000,4.351877e-05
16786,334.371813,1000,4.351878e-05
16787,334.391733,1000,4.351879e-05
16788,334.411652,1000,4.351879e-05
16789,334.431572,1000,4.351880e-05
16790,334.451492,1000,4.351881e-05
16791,334.471411,1000,4.351882e-05
16792,334.491331,1000,4.351883e-05
16793,334.511251,1000,4.351883e-05
16794,334.531170,1000,4.351884e-05
16795,334.551090,1000,4.351885e-05
16796,334.571010,1000,4.351886e-05
16797,334.590929,1000,4.351887e-05
16798,334.610849,1000,4.351887e-05
16799,334.630769,1000,4.351888e-05
16800,334.650688,1000,4.351889e-05
16801,334.670608,1000,4.351890e-05
16802,334.690528,1000,4.351891e-05
16803,334.710447,1000,4.351891e-05
16804,334.730367,1000,4.351892e-05
16805,334.750287,1000,4.351893e-05
16806,334.770207,1000,4.351894e-05
16807,334.790126,1000,4.351895e-05
16808,334.810046,1000,4.351895e-05
16809,334.829966,1000,4.351896e-05
16810,334.849885,1000,4.351897e-05
16811,334.869805,1000,4.351898e-05
16812,334.889725,1000,4.351899e-05
16813,334.909644,1000,4.351899e-05
16814,334.929564,1000,4.351900e-05
16815,334.949484,1000,4.351901e-05
16816,334.969403,1000,4.351902e-05
16817,334.989323,1000,4.351903e-05
16818,335.009243,1000,4.351903e-05
16819,335.029162,1000,4.351904e-05
16820,335.049082,1000,4.351905e-05
16821,335.069002,1000,4.351906e-05
16822,335.088921,1000,4.351907e-05
16823,335.108841,1000,4.351907e-05
16824,335.128761,1000,4.351908e-05
16825,335.148681,1000,4.351909e-05
16826,335.168600,1000,4.351910e-05
16827,335.188520,1000,4.351911e-05
16828,335.208440,1000,4.351911e-05
16829,335.228359,1000,4.351912e-05
16830,335.248279,1000,4.351913e-05
16831,335.268199,1000,4.351914e-05
16832,335.288118,1000,4.351915e-05
16833,335.308038,1000,4.351915e-05
16834,335.327958,1000,4.351916e-05
16835,335.347877,1000,4.351917e-05
16836,335.367797,1000,4.351918e-05
16837,335.387717,1000,4.351919e-05
16838,335.407636,1000,4.351919e-05
16839,335.427556,1000,4.351920e-05
16840,335.447476,1000,4.351921e-05
16841,335.467395,1000,4.351922e-05
16842,335.487315,1000,4.351923e-05
16843,335.507235,1000,4.351923e-05
16844,335.527155,1000,4.351924e-05
16845,335.547074,1000,4.351925e-05
16846,335.566994,1000,4.351926e-05
16847,335.586914,1000,4.351927e-05
16848,335.606833,1000,4.351927e-05
16849,335.626753,1000,4.351928e-05
16850,335.646673,1000,4.351929e-05
16851,335.666592,1000,4.351930e-05
16852,335.686512,1000,4.351931e-05
16853,335.706432,1000,4.351931e-05
16854,335.726351,1000,4.351932e-05
16855,335.746271,1000,4.351933e-05
16856,335.766191,1000,4.351934e-05
16857,335.786110,1000,4.351935e-05
16858,335.806030,1000,4.351935e-05
16859,335.825950,1000,4.351936e-05
16860,335.845869,1000,4.351937e-05
16861,335.865789,1000,4.351938e-05
16862,335.885709,1000,4.351939e-05
16863,335.905629,1000,4.351939e-05
16864,335.925548,1000,4.351940e-05
16865,335.945468,1000,4.351941e-05
16866,335.965388,1000,4.351942e-05
16867,335.985307,1000,4.351943e-05
16868,336.005227,1000,4.351943e-05
16869,336.025147,1000,4.351944e-05
16870,336.045066,1000,4.351945e-05
16871,336.064986,1000,4.351946e-05
16872,336.084906,1000,4.351947e-05
16873,336.104825,1000,4.351947e-05
16874,336.124745,1000,4.351948e-05
16875,336.144665,1000,4.351949e-05
16876,336.164584,1000,4.351950e-05
16877,336.184504,1000,4.351951e-05
16878,336.204424,1000,4.351951e-05
16879,336.224343,1000,4.351952e-05
16880,336.244263,1000,4.351953e-05
16881,336.264183,1000,4.351954e-05
16882,336.284102,1000,4.351955e-05
16883,336.304022,1000,4.351955e-05
16884,336.323942,1000,4.351956e-05
16885,336.343862,1000,4.351957e-05
16886,336.363781,1000,4.351958e-05
16887,336.383701,1000,4.351959e-05
16888,336.403621,1000,4.351959e-05
16889,336.423540,1000,4.351960e-05
16890,336.443460,1000,4.351961e-05
16891,336.463380,1000,4.351962e-05
16892,336.483299,1000,4.351963e-05
16893,336.503219,1000,4.351963e-05
16894,336.523139,1000,4.351964e-05
16895,336.543058,1000,4.351965e-05
16896,336.562978,1000,4.351966e-05
16897,336.582898,1000,4.351967e-05
16898,336.602817,1000,4.351967e-05
16899,336.622737,1000,4.351968e-05
16900,336.642657,1000,4.351969e-05
16901,336.662576,1000,4.351970e-05
16902,336.682496,1000,4.351971e-05
16903,336.702416,1000,4.351971e-05
16904,336.722336,1000,4.351972e-05
16905,336.742255,1000,4.351973e-05
16906,336.762175,1000,4.351974e-05
16907,336.782095,1000,4.351975e-05
16908,336.802014,1000,4.351975e-05
16909,336.821934,1000,4.351976e-05
16910,336.841854,1000,4.351977e-05
16911,336.861773,1000,4.351978e-05
16912,336.881693,1000,4.351979e-05
16913,336.901613,1000,4.351979e-05
16914,336.921532,1000,4.351980e-05
16915,336.941452,1000,4.351981e-05
16916,336.961372,1000,4.351982e-05
16917,336.981291,1000,4.351983e-05
16918,337.001211,1000,4.351983e-05
16919,337.021131,1000,4.351984e-05
16920,337.041050,1000,4.351985e-05
16921,337.060970,1000,4.351986e-05
16922,337.080890,1000,4.351987e-05
16923,337.100810,1000,4.351987e-05
16924,337.120729,1000,4.351988e-05
16925,337.140649,1000,4.351989e-05
16926,337.160569,1000,4.351990e-05
16927,337.180488,1000,4.351991e-05
16928,337.200408,1000,4.351991e-05
16929,337.220328,1000,4.351992e-05
16930,337.240247,1000,4.351993e-05
16931,337.260167,1000,4.351994e-05
16932,337.280087,1000,4.351995e-05
16933,337.300006,1000,4.351995e-05
16934,337.319926,1000,4.351996e-05
16935,337.339846,1000,4.351997e-05
16936,337.359765,1000,4.351998e-05
16937,337.379685,1000,4.351999e-05
16938,337.399605,1000,4.351999e-05
16939,337.419524,1000,4.352000e-05
16940,337.439444,1000,4.352001e-05
16941,337.459364,1000,4.352002e-05
16942,337.479284,1000,4.352003e-05
16943,337.499203,1000,4.352003e-05
16944,337.519123,1000,4.352004e-05
16945,337.539043,1000,4.352005e-05
16946,337.558962,1000,4.352006e-05
16947,337.578882,1000,4.352007e-05
16948,337.598802,1000,4.352007e-05
16949,337.618721,1000,4.352008e-05
16950,337.638641,1000,4.352009e-05
16951,337.658561,1000,4.352010e-05
16952,337.678480,1000,4.352011e-05
16953,337.698400,1000,4.352011e-05
16954,337.718320,1000,4.352012e-05
16955,337.738239,1000,4.352013e-05
16956,337.758159,1000,4.352014e-05
16957,337.778079,1000,4.352015e-05
16958,337.797998,1000,4.352015e-05
16959,337.817918,1000,4.352016e-05
16960,337.837838,1000,4.352017e-05
16961,337.857758,1000,4.352018e-05
16962,337.877677,1000,4.352019e-05
16963,337.897597,1000,4.352019e-05
16964,337.917517,1000,4.352020e-05
16965,337.937436,1000,4.352021e-05
16966,337.957356,1000,4.352022e-05
16967,337.977276,1000,4.352023e-05
16968,337.997195,1000,4.352023e-05
16969,338.017115,1000,4.352024e-05
16970,338.037035,1000,4.352025e-05
16971,338.056954,1000,4.352026e-05
16972,338.076874,1000,4.352027e-05
16973,338.096794,1000,4.352027e-05
16974,338.116713,1000,4.352028e-05
16975,338.136633,1000,4.352029e-05
16976,338.156553,1000,4.352030e-05
16977,338.176472,1000,4.352031e-05
16978,338.196392,1000,4.352031e-05
16979,338.216312,1000,4.352032e-05
16980,338.236232,1000,4.352033e-05
16981,338.256151,1000,4.352034e-05
16982,338.276071,1000,4.352035e-05
16983,338.295991,1000,4.352035e-05
16984,338.315910,1000,4.352036e-05
16985,338.335830,1000,4.352037e-05
16986,338.355750,1000,4.352038e-05
16987,338.375669,1000,4.352039e-05
16988,338.395589,1000,4.352039e-05
16989,338.415509,1000,4.352040e-05
16990,338.435428,1000,4.352041e-05
16991,338.455348,1000,4.352042e-05
16992,338.475268,1000,4.352043e-05
16993,338.495187,1000,4.352043e-05
16994,338.515107,1000,4.352044e-05
16995,338.535027,1000,4.352045e-05
16996,338.554946,1000,4.352046e-05
16997,338.574866,1000,4.352047e-05
16998,338.594786,1000,4.352047e-05
16999,338.614706,1000,4.352048e-05
17000,338.634625,1000,4.352049e-05
17001,338.654545,1000,4.352050e-05
17002,338.674465,1000,4.352051e-05
17003,338.694384,1000,4.352051e-05
17004,338.714304,1000,4.352052e-05
17005,338.734224,1000,4.352053e-05
17006,338.754143,1000,4.352054e-05
17007,338.774063,1000,4.352055e-05
17008,338.793983,1000,4.352055e-05
17009,338.813902,1000,4.352056e-05
17010,338.833822,1000,4.352057e-05
17011,338.853742,1000,4.352058e-05
17012,338.873661,1000,4.352059e-05
17013,338.893581,1000,4.352059e-05
17014,338.913501,1000,4.352060e-05
17015,338.933420,1000,4.352061e-05
17016,338.953340,1000,4.352062e-05
17017,338.973260,1000,4.352063e-05
17018,338.993180,1000,4.352063e-05
17019,339.013099,1000,4.352064e-05
17020,339.033019,1000,4.352065e-05
17021,339.052939,1000,4.352066e-05
17022,339.072858,1000,4.352067e-05
17023,339.092778,1000,4.352067e-05
17024,339.112698,1000,4.352068e-05
17025,339.132617,1000,4.352069e-05
17026,339.152537,1000,4.352070e-05
17027,339.172457,1000,4.352071e-05
17028,339.192376,1000,4.352071e-05
17029,339.212296,1000,4.352072e-05
17030,339.232216,1000,4.352073e-05
17031,339.252135,1000,4.352074e-05
17032,339.272055,1000,4.352075e-05
17033,339.291975,1000,4.352075e-05
17034,339.311894,1000,4.352076e-05
17035,339.331814,1000,4.352077e-05
17036,339.351734,1000,4.352078e-05
17037,339.371653,1000,4.352079e-05
17038,339.391573,1000,4.352079e-05
17039,339.411493,1000,4.352080e-05
17040,339.431413,1000,4.352081e-05
17041,339.451332,1000,4.352082e-05
17042,339.471252,1000,4.352083e-05
17043,339.491172,1000,4.352083e-05
17044,339.511091,1000,4.352084e-05
17045,339.531011,1000,4.352085e-05
17046,339.550931,1000,4.352086e-05
17047,339.570850,1000,4.352087e-05
17048,339.590770,1000,4.352087e-05
17049,339.610690,1000,4.352088e-05
17050,339.630609,1000,4.352089e-05
17051,339.650529,1000,4.352090e-05
17052,339.670449,1000,4.352091e-05
17053,339.690368,1000,4.352091e-05
17054,339.710288,1000,4.352092e-05
17055,339.730208,1000,4.352093e-05
17056,339.750127,1000,4.352094e-05
17057,339.770047,1000,4.352095e-05
17058,339.789967,1000,4.352095e-05
17059,339.809887,1000,4.352096e-05
17060,339.829806,1000,4.352097e-05
17061,339.849726,1000,4.352098e-05
17062,339.869646,1000,4.352099e-05
17063,339.889565,1000,4.352099e-05
17064,339.909485,1000,4.352100e-05
17065,339.929405,1000,4.352101e-05
17066,339.949324,1000,4.352102e-05
17067,339.969244,1000,4.352103e-05
17068,339.989164,1000,4.352103e-05
17069,340.009083,1000,4.352104e-05
17070,340.029003,1000,4.352105e-05
17071,340.048923,1000,4.352106e-05
17072,340.068842,1000,4.352107e-05
17073,340.088762,1000,4.352107e-05
17074,340.108682,1000,4.352108e-05
17075,340.128601,1000,4.352109e-05
17076,340.148521,1000,4.352110e-05
17077,340.168441,1000,4.352111e-05
17078,340.188361,1000,4.352111e-05
17079,340.208280,1000,4.352112e-05
17080,340.228200,1000,4.352113e-05
17081,340.248120,1000,4.352114e-05
17082,340.268039,1000,4.352115e-05
17083,340.287959,1000,4.352115e-05
17084,340.307879,1000,4.352116e-05
17085,340.327798,1000,4.352117e-05
17086,340.347718,1000,4.352118e-05
17087,340.367638,1000,4.352119e-05
17088,340.387557,1000,4.352119e-05
17089,340.407477,1000,4.352120e-05
17090,340.427397,1000,4.352121e-05
17091,340.447316,1000,4.352122e-05
17092,340.467236,1000,4.352123e-05
17093,340.487156,1000,4.352123e-05
17094,340.507075,1000,4.352124e-05
17095,340.526995,1000,4.352125e-05
17096,340.546915,1000,4.352126e-05
17097,340.566835,1000,4.352127e-05
17098,340.586754,1000,4.352127e-05
17099,340.606674,1000,4.352128e-05
17100,340.626594,1000,4.352129e-05
17101,340.646513,1000,4.352130e-05
17102,340.666433,1000,4.352131e-05
17103,340.686353,1000,4.352131e-05
17104,340.706272,1000,4.352132e-05
17105,340.726192,1000,4.352133e-05
17106,340.746112,1000,4.352134e-05
17107,340.766031,1000,4.352135e-05
17108,340.785951,1000,4.352135e-05
17109,340.805871,1000,4.352136e-05
17110,340.825790,1000,4.352137e-05
17111,340.845710,1000,4.352138e-05
17112,340.865630,1000,4.352139e-05
17113,340.885549,1000,4.352139e-05
17114,340.905469,1000,4.352140e-05
17115,340.925389,1000,4.352141e-05
17116,340.945309,1000,4.352142e-05
17117,340.965228,1000,4.352143e-05
17118,340.985148,1000,4.352143e-05
17119,341.005068,1000,4.352144e-05
17120,341.024987,1000,4.352145e-05
17121,341.044907,1000,4.352146e-05
17122,341.064827,1000,4.352147e-05
17123,341.084746,1000,4.352147e-05
17124,341.104666,1000,4.352148e-05
17125,341.124586,1000,4.352149e-05
17126,341.144505,1000,4.352150e-05
17127,341.164425,1000,4.352151e-05
17128,341.184345,1000,4.352151e-05
17129,341.204264,1000,4.352152e-05
17130,341.224184,1000,4.352153e-05
17131,341.244104,1000,4.352154e-05
17132,341.264023,1000,4.352155e-05
17133,341.283943,1000,4.352155e-05
17134,341.303863,1000,4.352156e-05
17135,341.323783,1000,4.352157e-05
17136,341.343702,1000,4.352158e-05
17137,341.363622,1000,4.352159e-05
17138,341.383542,1000,4.352159e-05
17139,341.403461,1000,4.352160e-05
17140,341.423381,1000,4.352161e-05
17141,341.443301,1000,4.352162e-05
17142,341.463220,1000,4.352163e-05
17143,341.483140,1000,4.352163e-05
17144,341.503060,1000,4.352164e-05
17145,341.522979,1000,4.352165e-05
17146,341.542899,1000,4.352166e-05
17147,341.562819,1000,4.352167e-05
17148,341.582738,1000,4.352167e-05
17149,341.602658,1000,4.352168e-05
17150,341.622578,1000,4.352169e-05
17151,341.642497,1000,4.352170e-05
17152,341.662417,1000,4.352171e-05
17153,341.682337,1000,4.352171e-05
17154,341.702257,1000,4.352172e-05
17155,341.722176,1000,4.352173e-05
17156,341.742096,1000,4.352174e-05
17157,341.762016,1000,4.352175e-05
17158,341.781935,1000,4.352175e-05
17159,341.801855,1000,4.352176e-05
17160,341.821775,1000,4.352177e-05
17161,341.841694,1000,4.352178e-05
17162,341.861614,1000,4.352179e-05
17163,341.881534,1000,4.352179e-05
17164,341.901453,1000,4.352180e-05
17165,341.921373,1000,4.352181e-05
17166,341.941293,1000,4.352182e-05
17167,341.961212,1000,4.352183e-05
17168,341.981132,1000,4.352183e-05
17169,342.001052,1000,4.352184e-05
17170,342.020971,1000,4.352185e-05
17171,342.040891,1000,4.352186e-05
17172,342.060811,1000,4.352187e-05
17173,342.080730,1000,4.352187e-05
17174,342.100650,1000,4.352188e-05
17175,342.120570,1000,4.352189e-05
17176,342.140490,1000,4.352190e-05
17177,342.160409,1000,4.352191e-05
17178,342.180329,1000,4.352191e-05
17179,342.200249,1000,4.352192e-05
17180,342.220168,1000,4.352193e-05
17181,342.240088,1000,4.352194e-05
17182,342.260008,1000,4.352195e-05
17183,342.279927,1000,4.352195e-05
17184,342.299847,1000,4.352196e-05
17185,342.319767,1000,4.352197e-05
17186,342.339686,1000,4.352198e-05
17187,342.359606,1000,4.352199e-05
17188,342.379526,1000,4.352199e-05
17189,342.399445,1000,4.352200e-05
17190,342.419365,1000,4.352201e-05
17191,342.439285,1000,4.352202e-05
17192,342.459204,1000,4.352203e-05
17193,342.479124,1000,4.352203e-05
17194,342.499044,1000,4.352204e-05
17195,342.518964,1000,4.352205e-05
17196,342.538883,1000,4.352206e-05
17197,342.558803,1000,4.352206e-05
17198,342.578723,1000,4.352207e-05
17199,342.598642,1000,4.352208e-05
17200,342.618562,1000,4.352209e-05
17201,342.638482,1000,4.352210e-05
17202,342.658401,1000,4.352210e-05
17203,342.678321,1000,4.352211e-05
17204,342.698241,1000,4.352212e-05
17205,342.718160,1000,4.352213e-05
17206,342.738080,1000,4.352214e-05
17207,342.758000,1000,4.352214e-05
17208,342.777919,1000,4.352215e-05
17209,342.797839,1000,4.352216e-05
17210,342.817759,1000,4.352217e-05
17211,342.837678,1000,4.352218e-05
17212,342.857598,1000,4.352218e-05
17213,342.877518,1000,4.352219e-05
17214,342.897438,1000,4.352220e-05
17215,342.917357,1000,4.352221e-05
17216,342.937277,1000,4.352222e-05
17217,342.957197,1000,4.352222e-05
17218,342.977116,1000,4.352223e-05
17219,342.997036,1000,4.352224e-05
17220,343.016956,1000,4.352225e-05
17221,343.036875,1000,4.352226e-05
17222,343.056795,1000,4.352226e-05
17223,343.076715,1000,4.352227e-05
17224,343.096634,1000,4.352228e-05
17225,343.116554,1000,4.352229e-05
17226,343.136474,1000,4.352230e-05
17227,343.156393,1000,4.352230e-05
17228,343.176313,1000,4.352231e-05
17229,343.196233,1000,4.352232e-05
17230,343.216152,1000,4.352233e-05
17231,343.236072,1000,4.352234e-05
17232,343.255992,1000,4.352234e-05
17233,343.275912,1000,4.352235e-05
17234,343.295831,1000,4.352236e-05
17235,343.315751,1000,4.352237e-05
17236,343.335671,1000,4.352238e-05
17237,343.355590,1000,4.352238e-05
17238,343.375510,1000,4.352239e-05
17239,343.395430,1000,4.352240e-05
17240,343.415349,1000,4.352241e-05
17241,343.435269,1000,4.352242e-05
17242,343.455189,1000,4.352242e-05
17243,343.475108,1000,4.352243e-05
17244,343.495028,1000,4.352244e-05
17245,343.514948,1000,4.352245e-05
17246,343.534867,1000,4.352246e-05
17247,343.554787,1000,4.352246e-05
17248,343.574707,1000,4.352247e-05
17249,343.594626,1000,4.352248e-05
17250,343.614546,1000,4.352249e-05
17251,343.634466,1000,4.352250e-05
17252,343.654386,1000,4.352250e-05
17253,343.674305,1000,4.352251e-05
17254,343.694225,1000,4.352252e-05
17255,343.714145,1000,4.352253e-05
17256,343.734064,1000,4.352254e-05
17257,343.753984,1000,4.352254e-05
17258,343.773904,1000,4.352255e-05
17259,343.793823,1000,4.352256e-05
17260,343.813743,1000,4.352257e-05
17261,343.833663,1000,4.352258e-05
17262,343.853582,1000,4.352258e-05
17263,343.873502,1000,4.352259e-05
17264,343.893422,1000,4.352260e-05
17265,343.913341,1000,4.352261e-05
17266,343.933261,1000,4.352262e-05
17267,343.953181,1000,4.352262e-05
17268,343.973100,1000,4.352263e-05
17269,343.993020,1000,4.352264e-05
17270,344.012940,1000,4.352265e-05
17271,344.032860,1000,4.352266e-05
17272,344.052779,1000,4.352266e-05
17273,344.072699,1000,4.352267e-05
17274,344.092619,1000,4.352268e-05
17275,344.112538,1000,4.352269e-05
17276,344.132458,1000,4.352270e-05
17277,344.152378,1000,4.352270e-05
17278,344.172297,1000,4.352271e-05
17279,344.192217,1000,4.352272e-05
17280,344.212137,1000,4.352273e-05
17281,344.232056,1000,4.352274e-05
17282,344.251976,1000,4.352274e-05
17283,344.271896,1000,4.352275e-05
17284,344.291815,1000,4.352276e-05
17285,344.311735,1000,4.352277e-05
17286,344.331655,1000,4.352278e-05
17287,344.351574,1000,4.352278e-05
17288,344.371494,1000,4.352279e-05
17289,344.391414,1000,4.352280e-05
17290,344.411334,1000,4.352281e-05
17291,344.431253,1000,4.352282e-05
17292,344.451173,1000,4.352282e-05
17293,344.471093,1000,4.352283e-05
17294,344.491012,1000,4.352284e-05
17295,344.510932,1000,4.352285e-05
17296,344.530852,1000,4.352286e-05
17297,344.550771,1000,4.352286e-05
17298,344.570691,1000,4.352287e-05
17299,344.590611,1000,4.352288e-05
17300,344.610530,1000,4.352289e-05
17301,344.630450,1000,4.352290e-05
17302,344.650370,1000,4.352290e-05
17303,344.670289,1000,4.352291e-05
17304,344.690209,1000,4.352292e-05
17305,344.710129,1000,4.352293e-05
17306,344.730048,1000,4.352294e-05
17307,344.749968,1000,4.352294e-05
17308,344.769888,1000,4.352295e-05
17309,344.789807,1000,4.352296e-05
17310,344.809727,1000,4.352297e-05
17311,344.829647,1000,4.352298e-05
17312,344.849567,1000,4.352298e-05
17313,344.869486,1000,4.352299e-05
17314,344.889406,1000,4.352300e-05
17315,344.909326,1000,4.352301e-05
17316,344.929245,1000,4.352302e-05
17317,344.949165,1000,4.352302e-05
17318,344.969085,1000,4.352303e-05
17319,344.989004,1000,4.352304e-05
17320,345.008924,1000,4.352305e-05
17321,345.028844,1000,4.352306e-05
17322,345.048763,1000,4.352306e-05
17323,345.068683,1000,4.352307e-05
17324,345.088603,1000,4.352308e-05
17325,345.108522,1000,4.352309e-05
17326,345.128442,1000,4.352310e-05
17327,345.148362,1000,4.352310e-05
17328,345.168281,1000,4.352311e-05
17329,345.188201,1000,4.352312e-05
17330,345.208121,1000,4.352313e-05
17331,345.228041,1000,4.352314e-05
17332,345.247960,1000,4.352314e-05
17333,345.267880,1000,4.352315e-05
17334,345.287800,1000,4.352316e-05
17335,345.307719,1000,4.352317e-05
17336,345.327639,1000,4.352318e-05
17337,345.347559,1000,4.352318e-05
17338,345.367478,1000,4.352319e-05
17339,345.387398,1000,4.352320e-05
17340,345.407318,1000,4.352321e-05
17341,345.427237,1000,4.352322e-05
17342,345.447157,1000,4.352322e-05
17343,345.467077,1000,4.352323e-05
17344,345.486996,1000,4.352324e-05
17345,345.506916,1000,4.352325e-05
17346,345.526836,1000,4.352326e-05
17347,345.546755,1000,4.352326e-05
17348,345.566675,1000,4.352327e-05
17349,345.586595,1000,4.352328e-05
17350,345.606515,1000,4.352329e-05
17351,345.626434,1000,4.352330e-05
17352,345.646354,1000,4.352330e-05
17353,345.666274,1000,4.352331e-05
17354,345.686193,1000,4.352332e-05
17355,345.706113,1000,4.352333e-05
17356,345.726033,1000,4.352334e-05
17357,345.745952,1000,4.352334e-05
17358,345.765872,1000,4.352335e-05
17359,345.785792,1000,4.352336e-05
17360,345.805711,1000,4.352337e-05
17361,345.825631,1000,4.352338e-05
17362,345.845551,1000,4.352338e-05
17363,345.865470,1000,4.352339e-05
17364,345.885390,1000,4.352340e-05
17365,345.905310,1000,4.352341e-05
17366,345.925229,1000,4.352342e-05
17367,345.945149,1000,4.352342e-05
17368,345.965069,1000,4.352343e-05
17369,345.984989,1000,4.352344e-05
17370,346.004908,1000,4.352345e-05
17371,346.024828,1000,4.352346e-05
17372,346.044748,1000,4.352346e-05
17373,346.064667,1000,4.352347e-05
17374,346.084587,1000,4.352348e-05
17375,346.104507,1000,4.352349e-05
17376,346.124426,1000,4.352350e-05
17377,346.144346,1000,4.352350e-05
17378,346.164266,1000,4.352351e-05
17379,346.184185,1000,4.352352e-05
17380,346.204105,1000,4.352353e-05
17381,346.224025,1000,4.352354e-05
17382,346.243944,1000,4.352354e-05
17383,346.263864,1000,4.352355e-05
17384,346.283784,1000,4.352356e-05
17385,346.303703,1000,4.352357e-05
17386,346.323623,1000,4.352358e-05
17387,346.343543,1000,4.352358e-05
17388,346.363463,1000,4.352359e-05
17389,346.383382,1000,4.352360e-05
17390,346.403302,1000,4.352361e-05
17391,346.423222,1000,4.352362e-05
17392,346.443141,1000,4.352362e-05
17393,346.463061,1000,4.352363e-05
17394,346.482981,1000,4.352364e-05
17395,346.502900,1000,4.352365e-05
17396,346.522820,1000,4.352366e-05
17397,346.542740,1000,4.352366e-05
17398,346.562659,1000,4.352367e-05
17399,346.582579,1000,4.352368e-05
17400,346.602499,1000,4.352369e-05
17401,346.622418,1000,4.352370e-05
17402,346.642338,1000,4.352370e-05
17403,346.662258,1000,4.352371e-05
17404,346.682177,1000,4.352372e-05
17405,346.702097,1000,4.352373e-05
17406,346.722017,1000,4.352374e-05
17407,346.741937,1000,4.352374e-05
17408,346.761856,1000,4.352375e-05
17409,346.781776,1000,4.352376e-05
17410,346.801696,1000,4.352377e-05
17411,346.821615,1000,4.352378e-05
17412,346.841535,1000,4.352378e-05
17413,346.861455,1000,4.352379e-05
17414,346.881374,1000,4.352380e-05
17415,346.901294,1000,4.352381e-05
17416,346.921214,1000,4.352382e-05
17417,346.941133,1000,4.352382e-05
17418,346.961053,1000,4.352383e-05
17419,346.980973,1000,4.352384e-05
17420,347.000892,1000,4.352385e-05
17421,347.020812,1000,4.352386e-05
17422,347.040732,1000,4.352386e-05
17423,347.060651,1000,4.352387e-05
17424,347.080571,1000,4.352388e-05
17425,347.100491,1000,4.352389e-05
17426,347.120411,1000,4.352390e-05
17427,347.140330,1000,4.352390e-05
17428,347.160250,1000,4.352391e-05
17429,347.180170,1000,4.352392e-05
17430,347.200089,1000,4.352393e-05
17431,347.220009,1000,4.352394e-05
17432,347.239929,1000,4.352394e-05
17433,347.259848,1000,4.352395e-05
17434,347.279768,1000,4.352396e-05
17435,347.299688,1000,4.352397e-05
17436,347.319607,1000,4.352398e-05
17437,347.339527,1000,4.352398e-05
17438,347.359447,1000,4.352399e-05
17439,347.379366,1000,4.352400e-05
17440,347.399286,1000,4.352401e-05
17441,347.419206,1000,4.352402e-05
17442,347.439125,1000,4.352402e-05
17443,347.459045,1000,4.352403e-05
17444,347.478