timestep,t,sor_iters,residual
1,0.050000,57,6.927120e-01
2,0.008313,61,9.758952e-01
3,0.014157,47,2.806170e-01
4,0.019157,48,2.730811e-01
5,0.024157,45,1.991279e-01
6,0.029157,40,9.676314e-02
7,0.034157,35,5.306407e-02
8,0.039157,32,3.321926e-02
9,0.044157,26,2.114319e-02
10,0.049157,22,1.339480e-02
11,0.054157,18,8.537232e-03
12,0.059157,14,5.468518e-03
13,0.064157,5,3.105702e-03
14,0.069157,11,2.462488e-03
15,0.074157,2,9.865165e-04
16,0.079157,2,8.765126e-04
17,0.084157,1,9.449493e-04
18,0.089157,2,8.614595e-04
19,0.094157,1,9.870183e-04
20,0.099157,2,9.739175e-04
21,0.104157,2,8.983766e-04
22,0.109157,2,9.922474e-04
23,0.114157,2,9.079385e-04
24,0.119157,1,9.220017e-04
25,0.124157,2,9.632638e-04
26,0.129157,2,8.874492e-04
27,0.134157,2,8.902609e-04
28,0.139157,1,9.633883e-04
29,0.144157,2,9.263140e-04
30,0.149157,2,8.944198e-04
31,0.154157,2,9.747807e-04
32,0.159157,2,9.988015e-04
33,0.164157,2,9.060701e-04
34,0.169157,1,9.579603e-04
35,0.174157,2,8.620203e-04
36,0.179157,2,8.654210e-04
37,0.184157,1,9.834918e-04
38,0.189157,2,8.800844e-04
39,0.194157,2,9.351043e-04
40,0.199157,2,9.371534e-04
41,0.204157,2,8.590013e-04
42,0.209157,2,8.955092e-04
43,0.214157,2,9.510556e-04
44,0.219157,2,9.322472e-04
45,0.224157,2,9.356066e-04
46,0.229157,1,9.201843e-04
47,0.234157,2,9.705515e-04
48,0.239157,2,8.915874e-04
49,0.244157,2,8.913418e-04
50,0.249157,2,9.114855e-04
51,0.254157,2,8.815989e-04
52,0.259157,2,8.958597e-04
53,0.264157,2,9.050985e-04
54,0.269157,2,8.680128e-04
55,0.274157,2,9.181703e-04
56,0.279157,1,9.769790e-04
57,0.284157,2,9.661086e-04
58,0.289157,2,9.278004e-04
59,0.294157,2,8.965227e-04
60,0.299157,2,9.184429e-04
61,0.304157,1,9.789827e-04
62,0.309157,1,9.546538e-04
63,0.314157,2,9.374120e-04
64,0.319157,2,8.431725e-04
65,0.324157,1,9.008133e-04
66,0.329157,2,8.930226e-04
67,0.334157,2,9.963249e-04
68,0.339157,2,9.051180e-04
69,0.344157,2,9.637308e-04
70,0.349157,2,9.349383e-04
71,0.354157,1,9.520151e-04
72,0.359157,2,9.080185e-04
73,0.364157,2,9.267125e-04
74,0.369157,2,8.970313e-04
75,0.374157,2,9.129145e-04
76,0.379157,2,9.347351e-04
77,0.384157,2,8.769231e-04
78,0.389157,2,8.644509e-04
79,0.394157,1,9.638727e-04
80,0.399157,2,8.727687e-04
81,0.404157,1,9.829115e-04
82,0.409157,2,9.548870e-04
83,0.414157,1,9.831155e-04
84,0.419157,1,9.736451e-04
85,0.424157,2,9.288103e-04
86,0.429157,2,8.581335e-04
87,0.434157,1,9.678619e-04
88,0.439157,2,9.423205e-04
89,0.444157,1,9.483218e-04
90,0.449157,2,9.063230e-04
91,0.454157,2,8.988367e-04
92,0.459157,1,9.411750e-04
93,0.464157,2,9.861905e-04
94,0.469157,1,9.747800e-04
95,0.474157,2,9.178100e-04
96,0.479157,2,8.933343e-04
97,0.484157,2,9.583166e-04
98,0.489157,1,9.872334e-04
99,0.494157,2,9.935449e-04
100,0.499157,2,8.767976e-04
101,0.504157,2,9.607402e-04
102,0.509157,2,9.673406e-04
103,0.514157,1,9.476403e-04
104,0.519157,1,9.755209e-04
105,0.524157,1,9.737295e-04
106,0.529157,1,9.832503e-04
107,0.534157,1,9.891581e-04
108,0.539157,2,8.938469e-04
109,0.544157,2,9.010714e-04
110,0.549157,2,9.147501e-04
111,0.554157,1,9.701663e-04
112,0.559157,1,9.407543e-04
113,0.564157,2,9.495349e-04
114,0.569157,2,9.533711e-04
115,0.574157,1,9.682643e-04
116,0.579157,1,9.712129e-04
117,0.584157,2,9.750686e-04
118,0.589157,1,9.659859e-04
119,0.594157,2,9.277590e-04
120,0.599157,1,9.951027e-04
121,0.604157,1,9.949144e-04
122,0.609157,2,9.949816e-04
123,0.614157,2,9.910752e-04
124,0.619157,1,9.428014e-04
125,0.624157,2,9.924276e-04
126,0.629157,1,9.191946e-04
127,0.634157,2,9.973997e-04
128,0.639157,2,8.523351e-04
129,0.644157,1,9.711407e-04
130,0.649157,2,9.602986e-04
131,0.654157,2,9.818880e-04
132,0.659157,2,9.114467e-04
133,0.664157,2,9.182626e-04
134,0.669157,1,9.974453e-04
135,0.674157,1,9.700666e-04
136,0.679157,2,8.881286e-04
137,0.684157,2,9.796713e-04
138,0.689157,2,9.539049e-04
139,0.694157,2,9.854807e-04
140,0.699157,2,9.341023e-04
141,0.704157,1,8.709851e-04
142,0.709157,2,8.744610e-04
143,0.714157,2,9.286903e-04
144,0.719157,1,9.582112e-04
145,0.724157,2,9.226921e-04
146,0.729157,1,9.496841e-04
147,0.734157,2,9.119652e-04
148,0.739157,2,8.944476e-04
149,0.744157,2,9.416400e-04
150,0.749157,2,9.264608e-04
151,0.754157,2,9.852970e-04
152,0.759157,2,9.018825e-04
153,0.764157,2,9.109789e-04
154,0.769157,2,9.146644e-04
155,0.774157,2,9.173749e-04
156,0.779157,2,9.067116e-04
157,0.784157,2,9.125762e-04
158,0.789157,2,9.838041e-04
159,0.794157,2,9.751883e-04
160,0.799157,2,9.650286e-04
161,0.804157,2,9.811120e-04
162,0.809157,2,9.779401e-04
163,0.814157,2,9.821150e-04
164,0.819157,1,9.725865e-04
165,0.824157,2,8.698827e-04
166,0.829157,2,8.514784e-04
167,0.834157,2,9.988256e-04
168,0.839157,1,9.922638e-04
169,0.844157,2,9.674428e-04
170,0.849157,2,9.952440e-04
171,0.854157,1,9.933728e-04
172,0.859157,2,9.829513e-04
173,0.864157,2,8.791811e-04
174,0.869157,2,9.253039e-04
175,0.874157,2,9.197458e-04
176,0.879157,2,9.492989e-04
177,0.884157,1,9.830674e-04
178,0.889157,2,9.488970e-04
179,0.894157,1,9.301502e-04
180,0.899157,1,9.302699e-04
181,0.904157,2,8.979297e-04
182,0.909157,2,9.818560e-04
183,0.914157,2,9.745048e-04
184,0.919157,2,8.835908e-04
185,0.924157,2,9.944560e-04
186,0.929157,2,9.241095e-04
187,0.934157,2,9.144579e-04
188,0.939157,2,8.385704e-04
189,0.944157,2,9.382489e-04
190,0.949157,2,9.146672e-04
191,0.954157,2,9.200289e-04
192,0.959157,2,9.363035e-04
193,0.964157,2,9.619233e-04
194,0.969157,2,9.443769e-04
195,0.974157,2,9.525297e-04
196,0.979157,2,9.568650e-04
197,0.984157,1,8.642231e-04
198,0.989157,2,9.577086e-04
199,0.994157,2,8.805927e-04
200,0.999157,2,9.582931e-04
201,1.004157,2,9.210122e-04
202,1.009157,2,9.638991e-04
203,1.014157,1,9.684520e-04
204,1.019157,2,9.206688e-04
205,1.024157,2,8.895475e-04
206,1.029157,1,9.321225e-04
207,1.034157,1,9.254928e-04
208,1.039157,2,9.766484e-04
209,1.044157,2,9.178439e-04
210,1.049157,2,9.173327e-04
211,1.054157,2,9.117687e-04
212,1.059157,1,9.965241e-04
213,1.064157,1,9.966798e-04
214,1.069157,2,9.119820e-04
215,1.074157,2,8.994557e-04
216,1.079157,2,9.117149e-04
217,1.084157,2,9.318464e-04
218,1.089157,2,9.258644e-04
219,1.094157,1,9.291419e-04
220,1.099157,2,9.294142e-04
221,1.104157,2,9.061907e-04
222,1.109157,2,9.208597e-04
223,1.114157,2,9.200344e-04
224,1.119157,2,9.734156e-04
225,1.124157,1,9.939522e-04
226,1.129157,2,9.245121e-04
227,1.134157,2,9.064707e-04
228,1.139157,2,9.390988e-04
229,1.144157,1,9.801599e-04
230,1.149157,2,9.165837e-04
231,1.154157,1,9.674285e-04
232,1.159157,2,8.901557e-04
233,1.164157,2,9.294012e-04
234,1.169157,1,9.905470e-04
235,1.174157,2,9.312507e-04
236,1.179157,1,9.940894e-04
237,1.184157,2,8.648258e-04
238,1.189157,2,9.697658e-04
239,1.194157,2,8.991069e-04
240,1.199157,2,9.487743e-04
241,1.204157,2,8.779086e-04
242,1.209157,2,8.710925e-04
243,1.214157,2,8.684580e-04
244,1.219157,2,8.539698e-04
245,1.224157,2,9.413813e-04
246,1.229157,2,8.846203e-04
247,1.234157,2,8.715608e-04
248,1.239157,1,9.927946e-04
249,1.244157,2,8.837917e-04
250,1.249157,2,8.929509e-04
251,1.254157,2,9.360645e-04
252,1.259157,2,8.846542e-04
253,1.264157,1,9.985111e-04
254,1.269157,2,8.718947e-04
255,1.274157,2,8.557419e-04
256,1.279157,2,8.770129e-04
257,1.284157,2,9.021649e-04
258,1.289157,2,9.033292e-04
259,1.294157,2,9.083320e-04
260,1.299157,2,8.973722e-04
261,1.304157,2,9.952405e-04
262,1.309157,2,9.152490e-04
263,1.314157,2,8.615774e-04
264,1.319157,2,9.130020e-04
265,1.324157,2,9.760904e-04
266,1.329157,2,8.983081e-04
267,1.334157,2,8.641660e-04
268,1.339157,2,8.962284e-04
269,1.344157,2,9.020840e-04
270,1.349157,2,9.123977e-04
271,1.354157,2,8.991763e-04
272,1.359157,2,8.964582e-04
273,1.364157,2,9.055713e-04
274,1.369157,2,9.068193e-04
275,1.374157,2,9.008731e-04
276,1.379157,2,8.932675e-04
277,1.384157,2,8.861107e-04
278,1.389157,2,8.803611e-04
279,1.394157,2,9.892102e-04
280,1.399157,2,8.973432e-04
281,1.404157,2,9.853004e-04
282,1.409157,2,8.839401e-04
283,1.414157,2,9.778460e-04
284,1.419157,2,9.905914e-04
285,1.424157,2,9.962624e-04
286,1.429157,2,9.880450e-04
287,1.434157,2,9.854808e-04
288,1.439157,2,9.701155e-04
289,1.444157,2,9.908736e-04
290,1.449157,2,9.656674e-04
291,1.454157,2,9.731718e-04
292,1.459157,2,9.905560e-04
293,1.464157,2,9.133680e-04
294,1.469157,2,9.139774e-04
295,1.474157,2,9.108210e-04
296,1.479157,2,9.216476e-04
297,1.484157,2,9.244815e-04
298,1.489157,2,9.190186e-04
299,1.494157,2,9.144669e-04
300,1.499157,2,9.122680e-04
301,1.504157,2,9.046610e-04
302,1.509157,2,9.993468e-04
303,1.514157,2,9.220130e-04
304,1.519157,2,8.948043e-04
305,1.524157,2,9.773157e-04
306,1.529157,2,9.302743e-04
307,1.534157,2,9.858382e-04
308,1.539157,2,9.929420e-04
309,1.544157,2,9.972931e-04
310,1.549157,2,9.887743e-04
311,1.554157,2,9.809948e-04
312,1.559157,2,9.137924e-04
313,1.564157,2,8.643542e-04
314,1.569157,2,8.882025e-04
315,1.574157,2,9.635968e-04
316,1.579157,2,9.814500e-04
317,1.584157,2,9.841277e-04
318,1.589157,2,9.711542e-04
319,1.594157,2,9.670983e-04
320,1.599157,2,9.529564e-04
321,1.604157,2,9.687934e-04
322,1.609157,2,9.551934e-04
323,1.614157,2,9.503980e-04
324,1.619157,2,9.481160e-04
325,1.624157,2,9.207706e-04
326,1.629157,1,9.976691e-04
327,1.634157,2,9.627887e-04
328,1.639157,2,9.343413e-04
329,1.644157,2,9.565912e-04
330,1.649157,2,9.447493e-04
331,1.654157,2,9.728149e-04
332,1.659157,2,8.741441e-04
333,1.664157,2,9.976793e-04
334,1.669157,2,9.364519e-04
335,1.674157,2,9.896943e-04
336,1.679157,2,8.886443e-04
337,1.684157,1,9.716620e-04
338,1.689157,1,9.691906e-04
339,1.694157,2,9.644027e-04
340,1.699157,2,9.296015e-04
341,1.704157,2,9.729132e-04
342,1.709157,2,8.945470e-04
343,1.714157,2,9.887227e-04
344,1.719157,2,9.816182e-04
345,1.724157,2,9.931311e-04
346,1.729157,2,9.900587e-04
347,1.734157,1,9.760808e-04
348,1.739157,2,8.728367e-04
349,1.744157,1,9.994498e-04
350,1.749157,2,9.822372e-04
351,1.754157,1,9.790666e-04
352,1.759157,2,9.159896e-04
353,1.764157,2,9.992450e-04
354,1.769157,1,9.706473e-04
355,1.774157,2,9.064685e-04
356,1.779157,2,9.956755e-04
357,1.784157,2,9.920930e-04
358,1.789157,1,9.908129e-04
359,1.794157,2,9.508276e-04
360,1.799157,2,9.752766e-04
361,1.804157,2,9.006650e-04
362,1.809157,2,9.625015e-04
363,1.814157,1,9.731213e-04
364,1.819157,2,9.510849e-04
365,1.824157,2,9.963769e-04
366,1.829157,1,9.779450e-04
367,1.834157,1,9.722320e-04
368,1.839157,2,9.031602e-04
369,1.844157,1,9.772330e-04
370,1.849157,1,9.791990e-04
371,1.854157,2,9.015234e-04
372,1.859157,1,9.697988e-04
373,1.864157,1,9.709355e-04
374,1.869157,2,9.563262e-04
375,1.874157,2,9.882865e-04
376,1.879157,2,8.839113e-04
377,1.884157,2,9.554026e-04
378,1.889157,2,9.777104e-04
379,1.894157,1,9.719783e-04
380,1.899157,2,9.316398e-04
381,1.904157,1,9.927668e-04
382,1.909157,2,9.956383e-04
383,1.914157,1,9.789754e-04
384,1.919157,1,9.803474e-04
385,1.924157,2,9.180496e-04
386,1.929157,2,9.379086e-04
387,1.934157,2,8.707886e-04
388,1.939157,1,9.696430e-04
389,1.944157,2,9.090445e-04
390,1.949157,2,8.678788e-04
391,1.954157,1,9.799271e-04
392,1.959157,2,9.079254e-04
393,1.964157,1,9.870436e-04
394,1.969157,1,9.896579e-04
395,1.974157,2,9.964351e-04
396,1.979157,2,9.905332e-04
397,1.984157,2,9.564422e-04
398,1.989157,2,9.135917e-04
399,1.994157,2,9.645164e-04
400,1.999157,2,9.172183e-04
401,2.004157,2,9.644146e-04
402,2.009157,2,9.852885e-04
403,2.014157,1,9.961623e-04
404,2.019157,2,9.924918e-04
405,2.024157,1,9.824494e-04
406,2.029157,2,9.948070e-04
407,2.034157,1,9.825886e-04
408,2.039157,2,9.697479e-04
409,2.044157,1,9.879492e-04
410,2.049157,2,9.266891e-04
411,2.054157,2,9.083988e-04
412,2.059157,2,9.539713e-04
413,2.064157,2,9.618965e-04
414,2.069157,2,9.697863e-04
415,2.074157,1,9.755565e-04
416,2.079157,2,8.693121e-04
417,2.084157,1,9.670130e-04
418,2.089157,2,9.267155e-04
419,2.094157,2,9.577403e-04
420,2.099157,2,9.614496e-04
421,2.104157,1,9.838113e-04
422,2.109157,2,9.677015e-04
423,2.114157,2,9.808193e-04
424,2.119157,2,9.117315e-04
425,2.124157,2,9.117863e-04
426,2.129157,1,9.968045e-04
427,2.134157,2,9.551620e-04
428,2.139157,1,9.954852e-04
429,2.144157,2,9.743224e-04
430,2.149157,2,9.674034e-04
431,2.154157,2,9.344595e-04
432,2.159157,2,8.984207e-04
433,2.164157,2,9.404492e-04
434,2.169157,1,9.728448e-04
435,2.174157,2,9.463968e-04
436,2.179157,1,9.836373e-04
437,2.184157,2,9.554271e-04
438,2.189157,1,9.839532e-04
439,2.194157,2,9.476648e-04
440,2.199157,1,9.731047e-04
441,2.204157,2,9.386459e-04
442,2.209157,2,9.900119e-04
443,2.214157,1,9.903228e-04
444,2.219157,2,8.821866e-04
445,2.224157,2,9.936112e-04
446,2.229157,2,9.303507e-04
447,2.234157,2,9.948632e-04
448,2.239157,1,9.972776e-04
449,2.244157,2,9.713000e-04
450,2.249157,2,9.569551e-04
451,2.254157,1,9.800097e-04
452,2.259157,2,9.827630e-04
453,2.264157,2,9.532217e-04
454,2.269157,2,8.992218e-04
455,2.274157,2,9.309015e-04
456,2.279157,2,9.995996e-04
457,2.284157,1,9.859602e-04
458,2.289157,2,9.842961e-04
459,2.294157,1,9.977687e-04
460,2.299157,1,9.973693e-04
461,2.304157,2,9.479402e-04
462,2.309157,1,9.883046e-04
463,2.314157,2,9.793690e-04
464,2.319157,1,9.857286e-04
465,2.324157,1,9.679002e-04
466,2.329157,2,8.625907e-04
467,2.334157,1,9.976287e-04
468,2.339157,2,9.093085e-04
469,2.344157,2,9.070464e-04
470,2.349157,2,9.741583e-04
471,2.354157,2,9.996866e-04
472,2.359157,2,9.988386e-04
473,2.364157,2,9.930172e-04
474,2.369157,2,8.560071e-04
475,2.374157,2,9.532832e-04
476,2.379157,2,9.451463e-04
477,2.384157,2,8.722886e-04
478,2.389157,2,9.600388e-04
479,2.394157,1,9.839694e-04
480,2.399157,2,9.500927e-04
481,2.404157,2,9.638206e-04
482,2.409157,1,9.866878e-04
483,2.414157,1,9.990732e-04
484,2.419157,1,9.572280e-04
485,2.424157,1,9.500194e-04
486,2.429157,1,9.590674e-04
487,2.434157,1,9.710345e-04
488,2.439157,1,9.882661e-04
489,2.444157,2,8.646965e-04
490,2.449157,2,8.956382e-04
491,2.454157,2,9.966668e-04
492,2.459157,2,9.041582e-04
493,2.464157,1,9.970740e-04
494,2.469157,1,9.909373e-04
495,2.474157,2,9.662637e-04
496,2.479157,1,9.759279e-04
497,2.484157,1,9.656422e-04
498,2.489157,2,9.783380e-04
499,2.494157,2,9.426886e-04
500,2.499157,2,9.091582e-04
501,2.504157,1,9.654614e-04
502,2.509157,2,9.930306e-04
503,2.514157,2,9.405688e-04
504,2.519157,2,9.734697e-04
505,2.524157,2,8.954629e-04
506,2.529157,1,9.883727e-04
507,2.534157,2,9.342336e-04
508,2.539157,2,9.830384e-04
509,2.544157,2,9.003422e-04
510,2.549157,1,9.600219e-04
511,2.554157,2,9.206046e-04
512,2.559157,2,8.966625e-04
513,2.564157,2,9.679226e-04
514,2.569157,2,9.397690e-04
515,2.574157,1,9.949294e-04
516,2.579157,2,9.276627e-04
517,2.584157,2,9.519402e-04
518,2.589157,2,9.334644e-04
519,2.594157,1,9.864898e-04
520,2.599157,2,9.216431e-04
521,2.604157,2,9.404055e-04
522,2.609157,2,8.614238e-04
523,2.614157,1,9.863070e-04
524,2.619157,1,9.613656e-04
525,2.624157,2,9.457620e-04
526,2.629157,2,9.522247e-04
527,2.634157,2,8.685874e-04
528,2.639157,1,9.825592e-04
529,2.644157,1,9.860793e-04
530,2.649157,1,9.745902e-04
531,2.654157,2,9.076733e-04
532,2.659157,1,9.751780e-04
533,2.664157,1,9.883870e-04
534,2.669157,1,9.654608e-04
535,2.674157,2,9.310715e-04
536,2.679157,2,9.178064e-04
537,2.684157,1,9.678651e-04
538,2.689157,1,9.533413e-04
539,2.694157,2,9.288119e-04
540,2.699157,2,9.985345e-04
541,2.704157,2,8.640340e-04
542,2.709157,2,9.819908e-04
543,2.714157,2,9.253196e-04
544,2.719157,2,9.861627e-04
545,2.724157,2,9.370976e-04
546,2.729157,1,9.651417e-04
547,2.734157,1,9.854954e-04
548,2.739157,1,9.918716e-04
549,2.744157,1,9.996692e-04
550,2.749157,1,9.919832e-04
551,2.754157,1,9.929307e-04
552,2.759157,1,9.779632e-04
553,2.764157,1,9.769292e-04
554,2.769157,1,9.696490e-04
555,2.774157,1,9.713910e-04
556,2.779157,2,9.986015e-04
557,2.784157,2,9.268396e-04
558,2.789157,2,9.677174e-04
559,2.794157,1,9.676787e-04
560,2.799157,1,9.789949e-04
561,2.804157,2,9.975184e-04
562,2.809157,2,9.022939e-04
563,2.814157,2,9.320870e-04
564,2.819157,1,9.882491e-04
565,2.824157,2,9.915932e-04
566,2.829157,1,9.900791e-04
567,2.834157,1,9.999466e-04
568,2.839157,2,9.863071e-04
569,2.844157,2,9.317826e-04
570,2.849157,2,9.598685e-04
571,2.854157,1,9.682943e-04
572,2.859157,2,9.345591e-04
573,2.864157,1,9.921559e-04
574,2.869157,2,9.701616e-04
575,2.874157,1,9.646969e-04
576,2.879157,1,9.581825e-04
577,2.884157,2,9.676455e-04
578,2.889157,1,9.993758e-04
579,2.894157,2,9.966551e-04
580,2.899157,1,9.647461e-04
581,2.904157,1,9.592714e-04
582,2.909157,2,9.242375e-04
583,2.914157,1,9.568474e-04
584,2.919157,2,9.115148e-04
585,2.924157,2,9.898453e-04
586,2.929157,1,9.615670e-04
587,2.934157,1,9.434010e-04
588,2.939157,1,9.795373e-04
589,2.944157,2,9.205054e-04
590,2.949157,2,9.997433e-04
591,2.954157,1,9.703371e-04
592,2.959157,1,9.326723e-04
593,2.964157,1,9.846079e-04
594,2.969157,2,9.796739e-04
595,2.974157,1,9.521902e-04
596,2.979157,1,9.413637e-04
597,2.984157,1,9.874839e-04
598,2.989157,2,9.266777e-04
599,2.994157,2,9.898529e-04
600,2.999157,1,9.798829e-04
601,3.004157,2,9.126146e-04
602,3.009157,2,9.147553e-04
603,3.014157,2,9.060262e-04
604,3.019157,2,9.282969e-04
605,3.024157,2,9.182594e-04
606,3.029157,2,9.255249e-04
607,3.034157,2,9.081645e-04
608,3.039157,2,9.527670e-04
609,3.044157,2,9.609700e-04
610,3.049157,2,9.204623e-04
611,3.054157,2,9.539333e-04
612,3.059157,2,9.492637e-04
613,3.064157,2,9.035633e-04
614,3.069157,2,9.303053e-04
615,3.074157,2,9.445754e-04
616,3.079157,2,9.319919e-04
617,3.084157,2,9.447962e-04
618,3.089157,2,9.457691e-04
619,3.094157,2,9.479848e-04
620,3.099157,2,9.403754e-04
621,3.104157,2,9.314235e-04
622,3.109157,2,9.231797e-04
623,3.114157,2,9.318017e-04
624,3.119157,2,9.271189e-04
625,3.124157,2,9.204908e-04
626,3.129157,2,9.221762e-04
627,3.134157,2,9.104118e-04
628,3.139157,2,9.128886e-04
629,3.144157,2,9.003321e-04
630,3.149157,1,9.978874e-04
631,3.154157,2,9.061634e-04
632,3.159157,1,9.798100e-04
633,3.164157,1,9.982604e-04
634,3.169157,2,9.132701e-04
635,3.174157,2,9.025703e-04
636,3.179157,2,8.984827e-04
637,3.184157,1,9.791014e-04
638,3.189157,1,9.830531e-04
639,3.194157,2,8.974505e-04
640,3.199157,1,9.801618e-04
641,3.204157,1,9.878920e-04
642,3.209157,2,9.074795e-04
643,3.214157,1,9.831167e-04
644,3.219157,1,9.968179e-04
645,3.224157,2,8.887061e-04
646,3.229157,1,9.924988e-04
647,3.234157,2,8.909962e-04
648,3.239157,1,9.895216e-04
649,3.244157,1,9.790137e-04
650,3.249157,1,9.866546e-04
651,3.254157,1,9.888937e-04
652,3.259157,2,8.879792e-04
653,3.264157,1,9.723273e-04
654,3.269157,1,9.857480e-04
655,3.274157,1,9.993226e-04
656,3.279157,1,9.918404e-04
657,3.284157,1,9.876685e-04
658,3.289157,1,9.934927e-04
659,3.294157,1,9.818212e-04
660,3.299157,1,9.901399e-04
661,3.304157,1,9.743651e-04
662,3.309157,1,9.798271e-04
663,3.314157,1,9.674575e-04
664,3.319157,1,9.729468e-04
665,3.324157,1,9.768423e-04
666,3.329157,1,9.639369e-04
667,3.334157,1,9.969718e-04
668,3.339157,2,9.173264e-04
669,3.344157,1,9.885268e-04
670,3.349157,1,9.631794e-04
671,3.354157,1,9.914013e-04
672,3.359157,1,9.984369e-04
673,3.364157,1,9.705802e-04
674,3.369157,1,9.940240e-04
675,3.374157,2,8.859078e-04
676,3.379157,1,9.912672e-04
677,3.384157,1,9.814747e-04
678,3.389157,1,9.469255e-04
679,3.394157,1,9.920042e-04
680,3.399157,1,9.996574e-04
681,3.404157,2,9.108926e-04
682,3.409157,1,9.938249e-04
683,3.414157,1,9.840523e-04
684,3.419157,1,9.842175e-04
685,3.424157,1,9.690295e-04
686,3.429157,1,9.428559e-04
687,3.434157,1,9.948279e-04
688,3.439157,1,9.711969e-04
689,3.444157,2,9.351204e-04
690,3.449157,1,9.703495e-04
691,3.454157,1,9.656988e-04
692,3.459157,1,9.703859e-04
693,3.464157,1,9.553740e-04
694,3.469157,1,9.397675e-04
695,3.474157,1,8.991372e-04
696,3.479157,1,9.430277e-04
697,3.484157,2,9.407775e-04
698,3.489157,2,9.732183e-04
699,3.494157,2,9.733828e-04
700,3.499157,1,9.651724e-04
701,3.504157,1,9.619494e-04
702,3.509157,1,9.806213e-04
703,3.514157,1,9.721909e-04
704,3.519157,1,9.865128e-04
705,3.524157,1,9.258619e-04
706,3.529157,1,9.902409e-04
707,3.534157,1,9.507347e-04
708,3.539157,1,9.806254e-04
709,3.544157,1,9.340262e-04
710,3.549157,1,9.771728e-04
711,3.554157,1,9.392138e-04
712,3.559157,1,9.715597e-04
713,3.564157,1,9.396194e-04
714,3.569157,1,9.689515e-04
715,3.574157,1,9.217357e-04
716,3.579157,1,9.667822e-04
717,3.584157,1,9.298674e-04
718,3.589157,1,9.613019e-04
719,3.594157,1,9.134087e-04
720,3.599157,1,9.493712e-04
721,3.604157,2,9.987832e-04
722,3.609157,2,9.541411e-04
723,3.614157,2,9.903730e-04
724,3.619157,2,9.765145e-04
725,3.624157,1,9.813552e-04
726,3.629157,1,9.957963e-04
727,3.634157,2,9.707814e-04
728,3.639157,2,9.167767e-04
729,3.644157,2,9.468048e-04
730,3.649157,2,9.440544e-04
731,3.654157,2,9.483531e-04
732,3.659157,2,9.456013e-04
733,3.664157,2,9.367879e-04
734,3.669157,2,9.241385e-04
735,3.674157,2,9.278244e-04
736,3.679157,1,9.862432e-04
737,3.684157,2,9.791039e-04
738,3.689157,2,9.145823e-04
739,3.694157,2,9.340061e-04
740,3.699157,2,9.145718e-04
741,3.704157,2,9.040579e-04
742,3.709157,2,9.088545e-04
743,3.714157,2,9.240690e-04
744,3.719157,1,9.948550e-04
745,3.724157,2,9.451568e-04
746,3.729157,1,9.978186e-04
747,3.734157,1,9.252496e-04
748,3.739157,1,9.821734e-04
749,3.744157,2,9.574232e-04
750,3.749157,2,9.066542e-04
751,3.754157,2,9.241745e-04
752,3.759157,1,9.807889e-04
753,3.764157,2,9.295147e-04
754,3.769157,1,9.859274e-04
755,3.774157,2,9.389835e-04
756,3.779157,1,9.862133e-04
757,3.784157,2,9.148881e-04
758,3.789157,1,9.912220e-04
759,3.794157,2,9.417413e-04
760,3.799157,1,9.803232e-04
761,3.804157,2,9.016782e-04
762,3.809157,1,9.838588e-04
763,3.814157,2,9.930693e-04
764,3.819157,1,9.952531e-04
765,3.824157,2,9.056909e-04
766,3.829157,1,9.886988e-04
767,3.834157,1,9.368017e-04
768,3.839157,1,9.546614e-04
769,3.844157,2,9.190967e-04
770,3.849157,1,9.825405e-04
771,3.854157,2,9.915527e-04
772,3.859157,1,9.675524e-04
773,3.864157,2,8.948016e-04
774,3.869157,1,9.686805e-04
775,3.874157,2,9.113841e-04
776,3.879157,1,9.684623e-04
777,3.884157,2,8.768793e-04
778,3.889157,1,9.988863e-04
779,3.894157,2,9.677464e-04
780,3.899157,1,9.890395e-04
781,3.904157,2,8.840249e-04
782,3.909157,1,9.638781e-04
783,3.914157,2,9.378647e-04
784,3.919157,1,9.641822e-04
785,3.924157,2,9.267931e-04
786,3.929157,2,9.851475e-04
787,3.934157,1,9.305788e-04
788,3.939157,2,8.738300e-04
789,3.944157,1,9.960634e-04
790,3.949157,2,8.921718e-04
791,3.954157,1,9.574054e-04
792,3.959157,2,8.591658e-04
793,3.964157,1,9.361604e-04
794,3.969157,2,8.443754e-04
795,3.974157,2,9.980065e-04
796,3.979157,2,9.338268e-04
797,3.984157,2,8.969315e-04
798,3.989157,2,8.217427e-04
799,3.994157,1,9.270664e-04
800,3.999157,2,8.426816e-04
801,4.004157,1,9.609187e-04
802,4.009157,2,9.040695e-04
803,4.014157,1,9.634537e-04
804,4.019157,2,9.703249e-04
805,4.024157,1,9.336623e-04
806,4.029157,2,9.971946e-04
807,4.034157,1,9.863993e-04
808,4.039157,1,9.609000e-04
809,4.044157,2,8.744419e-04
810,4.049157,1,9.968682e-04
811,4.054157,2,8.811834e-04
812,4.059157,1,9.867867e-04
813,4.064157,2,9.099809e-04
814,4.069157,1,9.560315e-04
815,4.074157,2,9.174800e-04
816,4.079157,1,9.633390e-04
817,4.084157,2,8.926989e-04
818,4.089157,1,9.593895e-04
819,4.094157,2,8.593699e-04
820,4.099157,1,9.672697e-04
821,4.104157,2,8.849809e-04
822,4.109157,1,9.470488e-04
823,4.114157,2,8.389793e-04
824,4.119157,1,9.379177e-04
825,4.124157,2,8.691642e-04
826,4.129157,1,9.360093e-04
827,4.134157,2,9.974328e-04
828,4.139157,1,9.184092e-04
829,4.144157,2,9.523399e-04
830,4.149157,1,9.778743e-04
831,4.154157,1,9.462004e-04
832,4.159157,2,9.345011e-04
833,4.164157,1,9.965635e-04
834,4.169157,2,9.099440e-04
835,4.174157,1,9.724477e-04
836,4.179157,2,9.235230e-04
837,4.184157,1,9.534555e-04
838,4.189157,2,8.674141e-04
839,4.194157,1,9.788847e-04
840,4.199157,2,8.828547e-04
841,4.204157,1,9.295450e-04
842,4.209157,2,9.984812e-04
843,4.214157,1,9.294320e-04
844,4.219157,2,8.810264e-04
845,4.224157,1,9.669893e-04
846,4.229157,1,9.489385e-04
847,4.234157,2,9.367543e-04
848,4.239157,1,9.826902e-04
849,4.244157,2,9.912360e-04
850,4.249157,1,9.412487e-04
851,4.254157,2,9.659010e-04
852,4.259157,1,9.428718e-04
853,4.264157,2,8.845334e-04
854,4.269157,2,9.921565e-04
855,4.274157,2,9.141656e-04
856,4.279157,1,9.639292e-04
857,4.284157,2,8.461854e-04
858,4.289157,1,9.181202e-04
859,4.294157,1,8.940244e-04
860,4.299157,1,9.764066e-04
861,4.304157,1,9.232711e-04
862,4.309157,2,9.765317e-04
863,4.314157,1,9.443207e-04
864,4.319157,2,9.750626e-04
865,4.324157,1,9.815440e-04
866,4.329157,2,8.706681e-04
867,4.334157,2,9.783811e-04
868,4.339157,2,8.848447e-04
869,4.344157,1,9.566514e-04
870,4.349157,2,9.572367e-04
871,4.354157,2,9.668183e-04
872,4.359157,2,8.642310e-04
873,4.364157,1,9.402949e-04
874,4.369157,2,9.983267e-04
875,4.374157,1,9.322491e-04
876,4.379157,1,8.914115e-04
877,4.384157,1,9.987020e-04
878,4.389157,1,9.103344e-04
879,4.394157,2,8.960293e-04
880,4.399157,2,9.632790e-04
881,4.404157,2,8.463837e-04
882,4.409157,1,9.191008e-04
883,4.414157,2,8.910952e-04
884,4.419157,2,9.820021e-04
885,4.424157,1,9.288951e-04
886,4.429157,2,9.729702e-04
887,4.434157,2,9.938233e-04
888,4.439157,1,9.740241e-04
889,4.444157,2,8.925705e-04
890,4.449157,1,9.453640e-04
891,4.454157,2,8.744218e-04
892,4.459157,2,9.744993e-04
893,4.464157,1,9.173956e-04
894,4.469157,2,9.301665e-04
895,4.474157,1,8.896203e-04
896,4.479157,2,9.874202e-04
897,4.484157,2,9.826731e-04
898,4.489157,1,9.468164e-04
899,4.494157,2,8.915494e-04
900,4.499157,3,9.984053e-04
901,4.504157,2,8.966390e-04
902,4.509157,1,9.169199e-04
903,4.514157,2,8.820370e-04
904,4.519157,1,8.935028e-04
905,4.524157,2,9.262725e-04
906,4.529157,1,9.752376e-04
907,4.534157,2,9.525129e-04
908,4.539157,1,9.079316e-04
909,4.544157,1,8.729706e-04
910,4.549157,1,9.411166e-04
911,4.554157,1,8.425581e-04
912,4.559157,1,9.942864e-04
913,4.564157,1,9.009548e-04
914,4.569157,2,9.148551e-04
915,4.574157,1,9.817407e-04
916,4.579157,2,9.658254e-04
917,4.584157,1,9.179908e-04
918,4.589157,1,9.451107e-04
919,4.594157,2,9.702743e-04
920,4.599157,1,8.716800e-04
921,4.604157,1,9.632593e-04
922,4.609157,2,8.948925e-04
923,4.614157,1,9.108592e-04
924,4.619157,2,9.210980e-04
925,4.624157,1,9.214085e-04
926,4.629157,2,9.522566e-04
927,4.634157,2,9.690255e-04
928,4.639157,1,9.062692e-04
929,4.644157,1,9.641732e-04
930,4.649157,1,8.626932e-04
931,4.654157,1,9.987814e-04
932,4.659157,1,8.860072e-04
933,4.664157,1,9.709615e-04
934,4.669157,2,9.211179e-04
935,4.674157,1,8.949108e-04
936,4.679157,1,9.942577e-04
937,4.684157,2,9.800016e-04
938,4.689157,1,8.724772e-04
939,4.694157,2,9.028160e-04
940,4.699157,2,9.321333e-04
941,4.704157,1,8.846716e-04
942,4.709157,1,9.824893e-04
943,4.714157,2,9.672521e-04
944,4.719157,1,8.563541e-04
945,4.724157,2,8.701540e-04
946,4.729157,2,9.137393e-04
947,4.734157,1,8.696118e-04
948,4.739157,1,9.781089e-04
949,4.744157,2,9.571610e-04
950,4.749157,1,8.471708e-04
951,4.754157,1,9.935907e-04
952,4.759157,2,8.940108e-04
953,4.764157,2,9.984649e-04
954,4.769157,2,9.818677e-04
955,4.774157,1,9.325323e-04
956,4.779157,2,8.025045e-04
957,4.784157,2,9.725747e-04
958,4.789157,2,9.806862e-04
959,4.794157,2,8.648149e-04
960,4.799157,2,9.686449e-04
961,4.804157,2,9.236300e-04
962,4.809157,2,9.448003e-04
963,4.814157,2,9.844781e-04
964,4.819157,2,8.526659e-04
965,4.824157,1,8.807091e-04
966,4.829157,1,9.398766e-04
967,4.834157,2,8.846676e-04
968,4.839157,2,9.852352e-04
969,4.844157,2,9.624554e-04
970,4.849157,2,9.969982e-04
971,4.854157,1,9.121844e-04
972,4.859157,2,8.400306e-04
973,4.864157,2,9.105000e-04
974,4.869157,1,9.891344e-04
975,4.874157,1,8.887549e-04
976,4.879157,1,9.341153e-04
977,4.884157,2,9.051889e-04
978,4.889157,3,9.915647e-04
979,4.894157,1,9.988991e-04
980,4.899157,2,9.375108e-04
981,4.904157,2,9.450332e-04
982,4.909157,2,8.376249e-04
983,4.914157,2,8.565415e-04
984,4.919157,3,9.355015e-04
985,4.924157,1,9.749926e-04
986,4.929157,2,9.667904e-04
987,4.934157,2,9.536337e-04
988,4.939157,2,8.591628e-04
989,4.944157,1,8.726827e-04
990,4.949157,1,9.351845e-04
991,4.954157,2,9.377482e-04
992,4.959157,2,8.962241e-04
993,4.964157,2,8.212748e-04
994,4.969157,3,9.925471e-04
995,4.974157,1,9.428887e-04
996,4.979157,2,9.392962e-04
997,4.984157,2,9.327119e-04
998,4.989157,2,9.605257e-04
999,4.994157,1,8.890252e-04
1000,4.999157,2,9.142286e-04
1001,5.004157,2,9.204024e-04
1002,5.009157,2,9.501970e-04
1003,5.014157,2,9.200482e-04
1004,5.019157,2,9.527243e-04
1005,5.024157,2,9.985888e-04
1006,5.029157,1,9.634399e-04
1007,5.034157,2,9.209556e-04
1008,5.039157,3,9.633553e-04
1009,5.044157,1,9.588116e-04
1010,5.049157,2,8.528704e-04
1011,5.054157,2,9.407274e-04
1012,5.059157,1,9.985360e-04
1013,5.064157,2,9.576553e-04
1014,5.069157,2,9.823245e-04
1015,5.074157,2,9.978235e-04
1016,5.079157,2,9.763048e-04
1017,5.084157,2,9.834669e-04
1018,5.089157,2,9.493656e-04
1019,5.094157,2,9.798404e-04
1020,5.099157,2,9.428319e-04
1021,5.104157,2,9.692563e-04
1022,5.109157,2,9.427222e-04
1023,5.114157,2,8.781580e-04
1024,5.119157,2,9.254894e-04
1025,5.124157,2,9.239480e-04
1026,5.129157,2,8.895826e-04
1027,5.134157,1,9.412669e-04
1028,5.139157,2,8.822508e-04
1029,5.144157,2,9.093591e-04
1030,5.149157,3,9.686589e-04
1031,5.154157,1,9.206259e-04
1032,5.159157,2,9.215149e-04
1033,5.164157,2,9.178123e-04
1034,5.169157,1,9.683442e-04
1035,5.174157,1,9.577098e-04
1036,5.179157,2,9.643268e-04
1037,5.184157,1,9.032186e-04
1038,5.189157,2,9.797900e-04
1039,5.194157,1,9.956206e-04
1040,5.199157,2,8.756382e-04
1041,5.204157,2,8.725058e-04
1042,5.209157,2,9.189355e-04
1043,5.214157,1,9.186926e-04
1044,5.219157,2,9.338921e-04
1045,5.224157,1,9.876032e-04
1046,5.229157,2,9.176953e-04
1047,5.234157,2,9.592498e-04
1048,5.239157,1,9.470217e-04
1049,5.244157,2,8.490036e-04
1050,5.249157,2,9.869470e-04
1051,5.254157,1,9.812405e-04
1052,5.259157,2,9.996256e-04
1053,5.264157,3,9.852990e-04
1054,5.269157,1,9.251213e-04
1055,5.274157,2,8.123902e-04
1056,5.279157,2,9.494362e-04
1057,5.284157,1,9.035702e-04
1058,5.289157,2,9.682473e-04
1059,5.294157,2,9.989047e-04
1060,5.299157,2,9.449407e-04
1061,5.304157,1,8.496960e-04
1062,5.309157,1,9.274816e-04
1063,5.314157,2,9.318706e-04
1064,5.319157,2,9.546195e-04
1065,5.324157,2,9.895166e-04
1066,5.329157,2,8.363701e-04
1067,5.334157,2,9.374604e-04
1068,5.339157,1,9.253833e-04
1069,5.344157,2,9.448137e-04
1070,5.349157,1,9.844183e-04
1071,5.354157,2,8.702555e-04
1072,5.359157,2,9.112714e-04
1073,5.364157,2,9.116302e-04
1074,5.369157,1,9.301802e-04
1075,5.374157,2,8.808420e-04
1076,5.379157,2,9.427421e-04
1077,5.384157,1,9.486302e-04
1078,5.389157,1,9.617632e-04
1079,5.394157,2,9.311311e-04
1080,5.399157,2,9.031891e-04
1081,5.404157,3,9.896547e-04
1082,5.409157,1,9.590809e-04
1083,5.414157,2,8.181312e-04
1084,5.419157,1,9.191765e-04
1085,5.424157,1,9.772442e-04
1086,5.429157,2,8.494712e-04
1087,5.434157,1,9.670924e-04
1088,5.439157,2,9.266584e-04
1089,5.444157,2,9.876056e-04
1090,5.449157,3,9.336692e-04
1091,5.454157,2,9.118656e-04
1092,5.459157,2,8.496629e-04
1093,5.464157,1,9.253730e-04
1094,5.469157,2,9.383296e-04
1095,5.474157,2,9.620506e-04
1096,5.479157,1,9.728644e-04
1097,5.484157,2,9.797981e-04
1098,5.489157,1,8.460281e-04
1099,5.494157,1,9.357279e-04
1100,5.499157,2,9.211352e-04
1101,5.504157,1,9.415599e-04
1102,5.509157,1,9.512559e-04
1103,5.514157,2,9.595555e-04
1104,5.519157,1,8.754812e-04
1105,5.524157,1,9.272834e-04
1106,5.529157,1,8.975952e-04
1107,5.534157,1,9.902274e-04
1108,5.539157,2,8.486165e-04
1109,5.544157,2,9.520801e-04
1110,5.549157,1,9.918936e-04
1111,5.554157,2,8.753976e-04
1112,5.559157,2,8.953603e-04
1113,5.564157,1,9.199034e-04
1114,5.569157,2,9.639102e-04
1115,5.574157,1,9.362926e-04
1116,5.579157,1,9.507952e-04
1117,5.584157,2,9.776216e-04
1118,5.589157,2,9.359135e-04
1119,5.594157,2,8.213205e-04
1120,5.599157,1,9.277148e-04
1121,5.604157,1,9.569262e-04
1122,5.609157,2,7.983657e-04
1123,5.614157,2,9.232222e-04
1124,5.619157,3,9.106296e-04
1125,5.624157,2,8.568253e-04
1126,5.629157,2,9.136965e-04
1127,5.634157,1,9.378140e-04
1128,5.639157,2,9.497521e-04
1129,5.644157,1,9.589037e-04
1130,5.649157,1,9.671947e-04
1131,5.654157,2,8.316333e-04
1132,5.659157,2,9.938447e-04
1133,5.664157,2,9.356338e-04
1134,5.669157,2,8.812267e-04
1135,5.674157,1,9.852700e-04
1136,5.679157,1,9.116902e-04
1137,5.684157,2,8.337398e-04
1138,5.689157,2,9.899660e-04
1139,5.694157,2,9.198182e-04
1140,5.699157,2,9.346180e-04
1141,5.704157,1,9.093048e-04
1142,5.709157,1,9.382976e-04
1143,5.714157,2,7.886034e-04
1144,5.719157,0,9.480360e-04
1145,5.724157,2,9.322931e-04
1146,5.729157,2,9.956033e-04
1147,5.734157,1,9.233354e-04
1148,5.739157,2,8.778754e-04
1149,5.744157,2,9.731383e-04
1150,5.749157,1,9.659427e-04
1151,5.754157,1,9.677930e-04
1152,5.759157,2,9.638481e-04
1153,5.764157,1,9.824707e-04
1154,5.769157,1,8.841910e-04
1155,5.774157,2,8.717327e-04
1156,5.779157,2,8.111314e-04
1157,5.784157,1,9.613402e-04
1158,5.789157,2,9.135496e-04
1159,5.794157,2,9.264137e-04
1160,5.799157,1,9.893947e-04
1161,5.804157,2,8.188091e-04
1162,5.809157,2,8.350243e-04
1163,5.814157,2,9.748392e-04
1164,5.819157,2,9.762218e-04
1165,5.824157,1,9.654141e-04
1166,5.829157,2,9.186265e-04
1167,5.834157,2,9.069361e-04
1168,5.839157,1,8.823834e-04
1169,5.844157,1,9.153490e-04
1170,5.849157,2,9.818541e-04
1171,5.854157,1,9.053525e-04
1172,5.859157,2,8.712939e-04
1173,5.864157,2,9.481162e-04
1174,5.869157,2,9.354286e-04
1175,5.874157,1,9.401930e-04
1176,5.879157,1,9.658664e-04
1177,5.884157,2,8.504604e-04
1178,5.889157,1,9.072095e-04
1179,5.894157,2,9.776639e-04
1180,5.899157,1,8.430103e-04
1181,5.904157,0,9.460763e-04
1182,5.909157,2,9.838993e-04
1183,5.914157,1,9.964078e-04
1184,5.919157,1,9.798976e-04
1185,5.924157,2,7.484276e-04
1186,5.929157,2,8.783511e-04
1187,5.934157,2,9.629155e-04
1188,5.939157,2,9.130227e-04
1189,5.944157,2,8.721793e-04
1190,5.949157,2,8.946389e-04
1191,5.954157,2,9.892213e-04
1192,5.959157,1,9.851878e-04
1193,5.964157,2,7.902273e-04
1194,5.969157,2,9.466038e-04
1195,5.974157,1,8.703252e-04
1196,5.979157,1,9.551291e-04
1197,5.984157,2,9.398738e-04
1198,5.989157,2,9.056169e-04
1199,5.994157,1,9.007299e-04
1200,5.999157,2,9.659734e-04
1201,6.004157,1,9.962130e-04
1202,6.009157,1,9.732106e-04
1203,6.014157,2,8.901471e-04
1204,6.019157,2,9.970908e-04
1205,6.024157,2,9.696759e-04
1206,6.029157,2,9.391722e-04
1207,6.034157,1,9.692278e-04
1208,6.039157,2,8.297825e-04
1209,6.044157,1,8.561575e-04
1210,6.049157,2,9.449064e-04
1211,6.054157,2,8.103566e-04
1212,6.059157,1,9.667726e-04
1213,6.064157,2,8.504788e-04
1214,6.069157,2,9.005168e-04
1215,6.074157,1,9.697780e-04
1216,6.079157,2,9.293988e-04
1217,6.084157,1,9.732051e-04
1218,6.089157,2,9.764916e-04
1219,6.094157,1,9.745508e-04
1220,6.099157,2,9.511984e-04
1221,6.104157,2,8.688967e-04
1222,6.109157,1,8.205772e-04
1223,6.114157,1,9.739907e-04
1224,6.119157,2,8.812291e-04
1225,6.124157,2,9.464373e-04
1226,6.129157,2,9.668676e-04
1227,6.134157,1,9.311233e-04
1228,6.139157,2,7.544684e-04
1229,6.144157,2,8.631139e-04
1230,6.149157,2,8.298813e-04
1231,6.154157,2,9.818005e-04
1232,6.159157,1,9.157637e-04
1233,6.164157,1,9.593082e-04
1234,6.169157,2,9.405579e-04
1235,6.174157,2,8.077822e-04
1236,6.179157,2,9.273310e-04
1237,6.184157,1,9.942985e-04
1238,6.189157,1,9.500114e-04
1239,6.194157,2,7.997193e-04
1240,6.199157,2,9.591884e-04
1241,6.204157,2,9.130118e-04
1242,6.209157,2,8.933213e-04
1243,6.214157,2,8.967318e-04
1244,6.219157,2,8.383607e-04
1245,6.224157,2,9.544606e-04
1246,6.229157,1,9.785680e-04
1247,6.234157,2,7.919588e-04
1248,6.239157,1,8.942580e-04
1249,6.244157,2,9.571557e-04
1250,6.249157,2,8.081682e-04
1251,6.254157,0,9.996466e-04
1252,6.259157,2,9.378112e-04
1253,6.264157,1,9.101363e-04
1254,6.269157,0,9.866001e-04
1255,6.274157,2,9.214029e-04
1256,6.279157,3,9.733069e-04
1257,6.284157,2,9.056146e-04
1258,6.289157,1,9.598009e-04
1259,6.294157,2,8.266925e-04
1260,6.299157,2,9.403272e-04
1261,6.304157,1,8.730615e-04
1262,6.309157,3,9.635788e-04
1263,6.314157,1,8.554610e-04
1264,6.319157,2,8.892391e-04
1265,6.324157,2,9.974643e-04
1266,6.329157,2,9.908699e-04
1267,6.334157,1,9.627665e-04
1268,6.339157,1,9.171448e-04
1269,6.344157,2,7.412482e-04
1270,6.349157,2,9.242041e-04
1271,6.354157,2,8.565209e-04
1272,6.359157,2,9.289064e-04
1273,6.364157,2,7.735678e-04
1274,6.369157,0,9.867121e-04
1275,6.374157,2,8.938412e-04
1276,6.379157,1,9.826124e-04
1277,6.384157,2,9.945955e-04
1278,6.389157,2,8.281858e-04
1279,6.394157,1,9.600615e-04
1280,6.399157,2,7.765699e-04
1281,6.404157,2,9.936812e-04
1282,6.409157,1,9.712173e-04
1283,6.414157,1,9.428349e-04
1284,6.419157,2,8.262576e-04
1285,6.424157,1,9.550901e-04
1286,6.429157,2,9.022181e-04
1287,6.434157,1,9.681090e-04
1288,6.439157,2,9.154647e-04
1289,6.444157,1,8.914822e-04
1290,6.449157,2,7.612188e-04
1291,6.454157,2,9.587088e-04
1292,6.459157,2,8.863048e-04
1293,6.464157,2,8.927548e-04
1294,6.469157,2,9.925284e-04
1295,6.474157,2,8.531575e-04
1296,6.479157,0,9.651282e-04
1297,6.484157,1,9.865679e-04
1298,6.489157,2,8.654222e-04
1299,6.494157,1,9.161961e-04
1300,6.499157,2,8.834730e-04
1301,6.504157,1,9.848415e-04
1302,6.509157,1,8.484534e-04
1303,6.514157,0,9.494551e-04
1304,6.519157,2,8.530406e-04
1305,6.524157,2,8.492590e-04
1306,6.529157,2,8.259174e-04
1307,6.534157,2,9.237790e-04
1308,6.539157,1,9.178285e-04
1309,6.544157,1,9.692407e-04
1310,6.549157,2,8.395622e-04
1311,6.554157,1,9.809090e-04
1312,6.559157,2,8.150927e-04
1313,6.564157,2,9.456083e-04
1314,6.569157,1,9.297183e-04
1315,6.574157,1,9.585718e-04
1316,6.579157,2,7.785230e-04
1317,6.584157,1,9.511018e-04
1318,6.589157,2,8.600331e-04
1319,6.594157,1,9.030080e-04
1320,6.599157,2,7.233414e-04
1321,6.604157,2,8.658542e-04
1322,6.609157,2,8.798259e-04
1323,6.614157,1,9.192708e-04
1324,6.619157,2,7.681417e-04
1325,6.624157,0,9.948721e-04
1326,6.629157,2,9.125526e-04
1327,6.634157,2,9.171002e-04
1328,6.639157,2,8.311665e-04
1329,6.644157,2,8.748421e-04
1330,6.649157,1,9.316860e-04
1331,6.654157,2,7.989429e-04
1332,6.659157,2,9.663236e-04
1333,6.664157,2,8.484116e-04
1334,6.669157,2,8.561755e-04
1335,6.674157,1,9.573350e-04
1336,6.679157,1,9.670920e-04
1337,6.684157,2,8.722548e-04
1338,6.689157,1,9.723131e-04
1339,6.694157,1,9.835345e-04
1340,6.699157,2,7.477110e-04
1341,6.704157,1,8.038184e-04
1342,6.709157,1,8.010964e-04
1343,6.714157,2,9.029367e-04
1344,6.719157,1,9.462901e-04
1345,6.724157,1,8.713399e-04
1346,6.729157,2,7.352681e-04
1347,6.734157,2,8.172742e-04
1348,6.739157,1,8.997650e-04
1349,6.744157,2,7.875009e-04
1350,6.749157,2,9.340860e-04
1351,6.754157,2,8.735939e-04
1352,6.759157,2,8.157840e-04
1353,6.764157,3,7.698692e-04
1354,6.769157,1,9.278980e-04
1355,6.774157,2,8.489302e-04
1356,6.779157,1,8.869154e-04
1357,6.784157,2,8.731967e-04
1358,6.789157,2,8.368633e-04
1359,6.794157,2,8.731564e-04
1360,6.799157,1,9.668223e-04
1361,6.804157,2,8.691404e-04
1362,6.809157,1,9.736909e-04
1363,6.814157,1,9.975777e-04
1364,6.819157,2,9.267616e-04
1365,6.824157,2,8.621708e-04
1366,6.829157,2,8.332256e-04
1367,6.834157,2,9.908657e-04
1368,6.839157,1,9.537973e-04
1369,6.844157,2,8.630452e-04
1370,6.849157,2,8.100967e-04
1371,6.854157,1,9.002456e-04
1372,6.859157,2,7.786491e-04
1373,6.864157,1,9.503872e-04
1374,6.869157,2,8.769233e-04
1375,6.874157,1,8.253773e-04
1376,6.879157,1,8.922317e-04
1377,6.884157,2,7.365446e-04
1378,6.889157,1,9.078822e-04
1379,6.894157,1,9.137791e-04
1380,6.899157,2,8.991376e-04
1381,6.904157,2,9.426864e-04
1382,6.909157,2,9.678014e-04
1383,6.914157,1,8.764320e-04
1384,6.919157,1,9.533058e-04
1385,6.924157,2,7.744606e-04
1386,6.929157,1,9.834342e-04
1387,6.934157,1,9.011370e-04
1388,6.939157,2,9.258796e-04
1389,6.944157,1,9.430696e-04
1390,6.949157,1,9.307221e-04
1391,6.954157,2,8.645429e-04
1392,6.959157,2,8.978443e-04
1393,6.964157,1,8.974930e-04
1394,6.969157,2,9.173696e-04
1395,6.974157,2,8.165185e-04
1396,6.979157,3,8.388242e-04
1397,6.984157,1,9.500744e-04
1398,6.989157,1,9.409557e-04
1399,6.994157,1,7.950584e-04
1400,6.999157,2,8.206687e-04
1401,7.004157,1,9.384935e-04
1402,7.009157,1,8.834945e-04
1403,7.014157,2,7.058034e-04
1404,7.019157,0,9.883840e-04
1405,7.024157,2,9.199675e-04
1406,7.029157,2,8.493949e-04
1407,7.034157,2,8.926061e-04
1408,7.039157,1,8.825948e-04
1409,7.044157,1,8.307972e-04
1410,7.049157,0,9.899187e-04
1411,7.054157,2,8.745997e-04
1412,7.059157,1,9.423654e-04
1413,7.064157,1,8.313949e-04
1414,7.069157,2,8.432364e-04
1415,7.074157,2,9.214625e-04
1416,7.079157,2,7.732338e-04
1417,7.084157,0,8.987432e-04
1418,7.089157,1,8.980609e-04
1419,7.094157,2,8.412104e-04
1420,7.099157,1,9.243391e-04
1421,7.104157,2,9.354519e-04
1422,7.109157,2,8.553760e-04
1423,7.114157,1,8.620670e-04
1424,7.119157,2,7.628152e-04
1425,7.124157,1,9.503284e-04
1426,7.129157,2,7.600723e-04
1427,7.134157,2,8.726102e-04
1428,7.139157,1,8.967997e-04
1429,7.144157,2,6.604932e-04
1430,7.149157,0,8.725808e-04
1431,7.154157,2,7.801297e-04
1432,7.159157,1,8.847249e-04
1433,7.164157,1,9.033719e-04
1434,7.169157,1,9.021246e-04
1435,7.174157,2,9.092749e-04
1436,7.179157,2,9.623798e-04
1437,7.184157,1,9.885835e-04
1438,7.189157,1,7.803462e-04
1439,7.194157,2,9.383298e-04
1440,7.199157,1,9.700945e-04
1441,7.204157,2,9.017666e-04
1442,7.209157,2,9.445723e-04
1443,7.214157,2,9.234219e-04
1444,7.219157,1,9.294360e-04
1445,7.224157,2,8.110414e-04
1446,7.229157,1,8.423377e-04
1447,7.234157,2,7.714322e-04
1448,7.239157,2,7.750308e-04
1449,7.244157,1,8.309180e-04
1450,7.249157,1,9.137131e-04
1451,7.254157,2,8.876167e-04
1452,7.259157,2,8.166177e-04
1453,7.264157,1,7.984506e-04
1454,7.269157,1,9.544401e-04
1455,7.274157,1,8.575775e-04
1456,7.279157,2,7.600795e-04
1457,7.284157,2,9.657808e-04
1458,7.289157,1,7.782478e-04
1459,7.294157,1,9.027444e-04
1460,7.299157,1,9.870325e-04
1461,7.304157,1,9.368111e-04
1462,7.309157,2,8.756405e-04
1463,7.314157,2,9.242953e-04
1464,7.319157,1,9.695834e-04
1465,7.324157,2,7.116560e-04
1466,7.329157,0,9.061694e-04
1467,7.334157,1,9.027957e-04
1468,7.339157,1,8.858141e-04
1469,7.344157,2,8.482163e-04
1470,7.349157,1,9.639033e-04
1471,7.354157,3,9.869653e-04
1472,7.359157,1,9.359689e-04
1473,7.364157,1,7.906501e-04
1474,7.369157,0,9.834260e-04
1475,7.374157,1,9.617515e-04
1476,7.379157,1,8.582139e-04
1477,7.384157,2,8.213138e-04
1478,7.389157,2,8.632525e-04
1479,7.394157,1,9.884493e-04
1480,7.399157,2,6.961559e-04
1481,7.404157,0,9.802809e-04
1482,7.409157,1,8.956945e-04
1483,7.414157,1,9.902577e-04
1484,7.419157,2,8.068562e-04
1485,7.424157,2,8.508628e-04
1486,7.429157,2,8.363187e-04
1487,7.434157,2,8.844536e-04
1488,7.439157,1,8.999533e-04
1489,7.444157,2,8.132994e-04
1490,7.449157,1,7.742201e-04
1491,7.454157,2,9.073088e-04
1492,7.459157,1,9.679369e-04
1493,7.464157,1,7.708091e-04
1494,7.469157,2,6.947335e-04
1495,7.474157,1,9.003913e-04
1496,7.479157,2,7.713724e-04
1497,7.484157,2,8.464414e-04
1498,7.489157,1,8.208227e-04
1499,7.494157,2,6.835080e-04
1500,7.499157,0,9.834522e-04
1501,7.504157,2,8.902826e-04
1502,7.509157,2,7.821378e-04
1503,7.514157,0,9.931058e-04
1504,7.519157,2,9.006096e-04
1505,7.524157,3,9.564820e-04
1506,7.529157,1,9.199733e-04
1507,7.534157,1,9.041159e-04
1508,7.539157,1,8.634873e-04
1509,7.544157,2,8.806394e-04
1510,7.549157,1,8.315585e-04
1511,7.554157,2,6.350608e-04
1512,7.559157,0,9.607395e-04
1513,7.564157,1,8.856479e-04
1514,7.569157,1,8.457381e-04
1515,7.574157,1,9.726555e-04
1516,7.579157,1,8.006816e-04
1517,7.584157,0,9.675656e-04
1518,7.589157,1,9.422943e-04
1519,7.594157,2,9.686929e-04
1520,7.599157,8,9.069232e-04
1521,7.604157,1,7.735684e-04
1522,7.609157,4,9.929376e-04
1523,7.614157,1,8.947756e-04
1524,7.619157,1,8.940611e-04
1525,7.624157,1,8.627928e-04
1526,7.629157,2,7.374594e-04
1527,7.634157,1,9.749004e-04
1528,7.639157,6,9.814882e-04
1529,7.644157,1,9.400724e-04
1530,7.649157,2,8.675881e-04
1531,7.654157,1,9.271820e-04
1532,7.659157,1,8.747787e-04
1533,7.664157,2,6.640969e-04
1534,7.669157,0,8.457442e-04
1535,7.674157,1,9.435097e-04
1536,7.679157,2,8.409016e-04
1537,7.684157,1,8.635663e-04
1538,7.689157,1,8.634988e-04
1539,7.694157,2,9.206708e-04
1540,7.699157,1,8.637295e-04
1541,7.704157,2,7.588760e-04
1542,7.709157,1,8.897105e-04
1543,7.714157,2,9.250893e-04
1544,7.719157,1,9.181757e-04
1545,7.724157,2,7.482912e-04
1546,7.729157,5,9.723851e-04
1547,7.734157,2,8.534847e-04
1548,7.739157,3,9.398802e-04
1549,7.744157,1,8.741454e-04
1550,7.749157,2,9.981237e-04
1551,7.754157,1,8.326853e-04
1552,7.759157,1,8.187049e-04
1553,7.764157,2,7.123031e-04
1554,7.769157,1,9.269610e-04
1555,7.774157,2,6.776863e-04
1556,7.779157,0,9.413363e-04
1557,7.784157,1,8.442966e-04
1558,7.789157,1,7.726451e-04
1559,7.794157,2,8.674461e-04
1560,7.799157,2,7.984558e-04
1561,7.804157,1,8.567842e-04
1562,7.809157,0,9.863040e-04
1563,7.814157,2,8.737439e-04
1564,7.819157,2,8.748414e-04
1565,7.824157,2,8.863401e-04
1566,7.829157,1,9.802603e-04
1567,7.834157,1,8.682968e-04
1568,7.839157,2,6.903100e-04
1569,7.844157,4,9.109811e-04
1570,7.849157,2,9.215678e-04
1571,7.854157,1,9.085411e-04
1572,7.859157,1,9.892100e-04
1573,7.864157,2,7.373791e-04
1574,7.869157,1,8.736967e-04
1575,7.874157,2,6.924895e-04
1576,7.879157,1,9.065411e-04
1577,7.884157,1,9.077576e-04
1578,7.889157,2,7.921216e-04
1579,7.894157,1,8.591863e-04
1580,7.899157,1,9.919877e-04
1581,7.904157,2,6.914666e-04
1582,7.909157,0,9.349501e-04
1583,7.914157,1,9.501237e-04
1584,7.919157,4,9.937422e-04
1585,7.924157,2,8.266290e-04
1586,7.929157,2,7.753113e-04
1587,7.934157,3,9.622480e-04
1588,7.939157,1,9.899576e-04
1589,7.944157,2,9.841321e-04
1590,7.949157,1,8.532254e-04
1591,7.954157,1,9.485058e-04
1592,7.959157,2,9.186762e-04
1593,7.964157,1,8.197044e-04
1594,7.969157,2,8.366318e-04
1595,7.974157,5,8.589060e-04
1596,7.979157,2,9.478554e-04
1597,7.984157,5,9.620654e-04
1598,7.989157,4,9.900654e-04
1599,7.994157,1,8.158026e-04
1600,7.999157,1,9.827629e-04
1601,8.004157,2,9.577198e-04
1602,8.009157,2,8.530905e-04
1603,8.014157,1,9.134051e-04
1604,8.019157,1,8.242731e-04
1605,8.024157,2,5.698867e-04
1606,8.029157,0,8.685550e-04
1607,8.034157,1,7.643632e-04
1608,8.039157,2,8.672910e-04
1609,8.044157,1,9.441814e-04
1610,8.049157,1,8.784744e-04
1611,8.054157,2,8.018106e-04
1612,8.059157,2,8.341239e-04
1613,8.064157,1,7.572663e-04
1614,8.069157,0,9.492429e-04
1615,8.074157,1,8.927982e-04
1616,8.079157,6,9.707982e-04
1617,8.084157,2,8.300820e-04
1618,8.089157,1,7.574030e-04
1619,8.094157,2,6.292927e-04
1620,8.099157,2,8.787720e-04
1621,8.104157,2,8.964677e-04
1622,8.109157,2,8.927060e-04
1623,8.114157,1,8.962926e-04
1624,8.119157,2,6.529274e-04
1625,8.124157,0,8.697247e-04
1626,8.129157,1,9.485908e-04
1627,8.134157,2,7.698407e-04
1628,8.139157,1,8.434018e-04
1629,8.144157,4,9.471794e-04
1630,8.149157,1,8.647604e-04
1631,8.154157,2,7.873885e-04
1632,8.159157,1,8.559929e-04
1633,8.164157,2,6.352424e-04
1634,8.169157,0,9.257974e-04
1635,8.174157,1,9.606244e-04
1636,8.179157,2,7.716496e-04
1637,8.184157,4,9.691789e-04
1638,8.189157,2,7.516557e-04
1639,8.194157,1,8.996947e-04
1640,8.199157,1,7.506359e-04
1641,8.204157,0,9.945940e-04
1642,8.209157,2,9.331114e-04
1643,8.214157,2,7.718580e-04
1644,8.219157,2,7.456028e-04
1645,8.224157,1,7.996127e-04
1646,8.229157,2,6.540656e-04
1647,8.234157,0,9.243345e-04
1648,8.239157,1,8.828205e-04
1649,8.244157,2,7.566441e-04
1650,8.249157,1,6.963745e-04
1651,8.254157,1,9.904244e-04
1652,8.259157,1,8.383820e-04
1653,8.264157,2,7.544482e-04
1654,8.269157,1,8.857989e-04
1655,8.274157,1,9.178132e-04
1656,8.279157,2,9.500889e-04
1657,8.284157,1,8.886794e-04
1658,8.289157,2,7.945884e-04
1659,8.294157,1,9.462946e-04
1660,8.299157,2,9.140798e-04
1661,8.304157,1,8.361253e-04
1662,8.309157,1,9.421497e-04
1663,8.314157,3,9.760615e-04
1664,8.319157,2,8.172250e-04
1665,8.324157,2,9.614623e-04
1666,8.329157,1,9.384605e-04
1667,8.334157,1,9.205909e-04
1668,8.339157,2,8.574450e-04
1669,8.344157,1,9.324140e-04
1670,8.349157,2,7.899799e-04
1671,8.354157,5,9.273222e-04
1672,8.359157,2,8.517494e-04
1673,8.364157,3,9.513540e-04
1674,8.369157,2,8.159934e-04
1675,8.374157,1,8.280551e-04
1676,8.379157,1,7.632748e-04
1677,8.384157,0,9.945482e-04
1678,8.389157,1,8.828009e-04
1679,8.394157,2,7.412239e-04
1680,8.399157,2,8.055925e-04
1681,8.404157,2,8.355344e-04
1682,8.409157,1,9.291471e-04
1683,8.414157,1,7.432489e-04
1684,8.419157,0,9.876217e-04
1685,8.424157,2,8.175444e-04
1686,8.429157,3,9.353059e-04
1687,8.434157,1,9.965029e-04
1688,8.439157,5,9.629485e-04
1689,8.444157,2,8.613994e-04
1690,8.449157,2,8.965692e-04
1691,8.454157,1,9.391748e-04
1692,8.459157,1,9.853773e-04
1693,8.464157,2,8.437064e-04
1694,8.469157,2,7.531408e-04
1695,8.474157,0,9.442126e-04
1696,8.479157,1,8.726098e-04
1697,8.484157,2,7.748774e-04
1698,8.489157,2,9.117780e-04
1699,8.494157,2,9.460850e-04
1700,8.499157,1,8.753580e-04
1701,8.504157,2,7.713334e-04
1702,8.509157,1,7.817940e-04
1703,8.514157,2,8.414168e-04
1704,8.519157,2,9.516336e-04
1705,8.524157,2,9.111009e-04
1706,8.529157,2,7.889925e-04
1707,8.534157,0,9.743569e-04
1708,8.539157,2,8.494786e-04
1709,8.544157,3,8.811235e-04
1710,8.549157,1,8.978326e-04
1711,8.554157,1,9.747423e-04
1712,8.559157,3,9.626480e-04
1713,8.564157,3,9.916046e-04
1714,8.569157,1,9.403696e-04
1715,8.574157,2,9.223872e-04
1716,8.579157,1,8.291896e-04
1717,8.584157,1,9.150011e-04
1718,8.589157,2,8.137228e-04
1719,8.594157,8,9.814581e-04
1720,8.599157,5,9.957961e-04
1721,8.604157,2,8.913962e-04
1722,8.609157,2,9.224549e-04
1723,8.614157,1,9.506801e-04
1724,8.619157,1,9.419848e-04
1725,8.624157,0,9.996772e-04
1726,8.629157,2,8.984657e-04
1727,8.634157,2,7.837574e-04
1728,8.639157,0,9.461792e-04
1729,8.644157,3,9.910589e-04
1730,8.649157,1,9.841338e-04
1731,8.654157,3,7.691319e-04
1732,8.659157,2,8.263988e-04
1733,8.664157,1,9.441110e-04
1734,8.669157,1,9.647769e-04
1735,8.674157,2,8.508723e-04
1736,8.679157,1,8.246034e-04
1737,8.684157,1,8.507793e-04
1738,8.689157,2,6.939250e-04
1739,8.694157,0,9.467944e-04
1740,8.699157,1,9.471647e-04
1741,8.704157,1,9.760979e-04
1742,8.709157,2,6.677303e-04
1743,8.714157,0,9.713165e-04
1744,8.719157,1,7.321071e-04
1745,8.724157,2,8.074064e-04
1746,8.729157,4,9.794649e-04
1747,8.734157,2,7.605456e-04
1748,8.739157,3,9.228838e-04
1749,8.744157,2,6.984074e-04
1750,8.749157,2,7.435500e-04
1751,8.754157,3,9.473222e-04
1752,8.759157,1,9.605994e-04
1753,8.764157,1,8.073001e-04
1754,8.769157,2,7.701706e-04
1755,8.774157,1,7.808759e-04
1756,8.779157,2,7.018663e-04
1757,8.784157,1,8.101598e-04
1758,8.789157,2,9.716003e-04
1759,8.794157,1,8.426772e-04
1760,8.799157,2,6.267428e-04
1761,8.804157,0,9.768727e-04
1762,8.809157,1,8.113902e-04
1763,8.814157,2,8.288164e-04
1764,8.819157,5,9.727722e-04
1765,8.824157,4,9.740505e-04
1766,8.829157,2,8.734535e-04
1767,8.834157,2,9.560575e-04
1768,8.839157,1,8.526525e-04
1769,8.844157,0,9.773117e-04
1770,8.849157,2,9.639519e-04
1771,8.854157,2,9.261189e-04
1772,8.859157,2,9.595139e-04
1773,8.864157,1,8.403549e-04
1774,8.869157,2,8.350877e-04
1775,8.874157,1,8.461721e-04
1776,8.879157,0,9.801053e-04
1777,8.884157,2,9.606989e-04
1778,8.889157,2,9.892591e-04
1779,8.894157,2,9.263237e-04
1780,8.899157,1,9.111003e-04
1781,8.904157,2,6.488239e-04
1782,8.909157,0,9.020360e-04
1783,8.914157,1,9.108290e-04
1784,8.919157,1,7.879899e-04
1785,8.924157,0,9.435740e-04
1786,8.929157,2,8.424798e-04
1787,8.934157,1,9.005629e-04
1788,8.939157,2,8.146011e-04
1789,8.944157,1,8.183952e-04
1790,8.949157,2,7.757938e-04
1791,8.954157,1,8.746835e-04
1792,8.959157,2,8.133434e-04
1793,8.964157,4,9.944721e-04
1794,8.969157,2,7.284434e-04
1795,8.974157,1,9.144462e-04
1796,8.979157,3,9.747849e-04
1797,8.984157,1,8.352937e-04
1798,8.989157,2,7.950954e-04
1799,8.994157,1,9.351270e-04
1800,8.999157,2,9.500668e-04
1801,9.004157,1,9.277998e-04
1802,9.009157,1,7.709808e-04
1803,9.014157,1,8.000595e-04
1804,9.019157,0,9.598205e-04
1805,9.024157,2,7.635539e-04
1806,9.029157,1,7.552526e-04
1807,9.034157,2,6.913942e-04
1808,9.039157,2,9.936383e-04
1809,9.044157,1,9.341763e-04
1810,9.049157,1,7.724865e-04
1811,9.054157,0,9.708709e-04
1812,9.059157,1,9.186516e-04
1813,9.064157,2,7.429966e-04
1814,9.069157,2,7.032687e-04
1815,9.074157,1,8.653036e-04
1816,9.079157,0,9.460699e-04
1817,9.084157,1,9.549782e-04
1818,9.089157,1,9.283804e-04
1819,9.094157,1,9.801823e-04
1820,9.099157,2,7.919204e-04
1821,9.104157,3,9.400993e-04
1822,9.109157,2,7.162104e-04
1823,9.114157,1,9.195415e-04
1824,9.119157,1,9.159424e-04
1825,9.124157,0,9.930637e-04
1826,9.129157,1,8.651111e-04
1827,9.134157,1,7.155004e-04
1828,9.139157,2,6.935254e-04
1829,9.144157,1,9.996408e-04
1830,9.149157,1,8.313733e-04
1831,9.154157,2,9.122432e-04
1832,9.159157,5,9.907954e-04
1833,9.164157,2,7.706848e-04
1834,9.169157,1,7.527688e-04
1835,9.174157,2,8.021306e-04
1836,9.179157,2,9.158053e-04
1837,9.184157,1,8.194148e-04
1838,9.189157,1,8.773855e-04
1839,9.194157,2,8.385103e-04
1840,9.199157,1,8.836254e-04
1841,9.204157,2,8.433835e-04
1842,9.209157,1,7.567884e-04
1843,9.214157,2,8.482941e-04
1844,9.219157,2,9.053477e-04
1845,9.224157,1,7.878589e-04
1846,9.229157,1,7.703141e-04
1847,9.234157,2,8.635320e-04
1848,9.239157,1,8.122130e-04
1849,9.244157,2,6.480346e-04
1850,9.249157,2,7.991540e-04
1851,9.254157,2,8.237608e-04
1852,9.259157,1,9.977609e-04
1853,9.264157,1,8.152243e-04
1854,9.269157,2,6.142362e-04
1855,9.274157,0,8.847151e-04
1856,9.279157,1,9.843022e-04
1857,9.284157,2,6.486157e-04
1858,9.289157,0,9.476769e-04
1859,9.294157,1,9.282238e-04
1860,9.299157,2,8.652245e-04
1861,9.304157,2,8.487625e-04
1862,9.309157,1,9.081930e-04
1863,9.314157,1,8.299331e-04
1864,9.319157,0,8.834996e-04
1865,9.324157,0,9.804028e-04
1866,9.329157,1,9.789007e-04
1867,9.334157,4,9.974941e-04
1868,9.339157,2,8.509448e-04
1869,9.344157,2,8.794566e-04
1870,9.349157,1,7.843677e-04
1871,9.354157,2,7.383627e-04
1872,9.359157,8,9.792136e-04
1873,9.364157,1,7.514682e-04
1874,9.369157,2,6.995024e-04
1875,9.374157,1,9.210073e-04
1876,9.379157,1,8.464182e-04
1877,9.384157,0,9.155797e-04
1878,9.389157,3,8.651629e-04
1879,9.394157,2,7.394428e-04
1880,9.399157,2,9.299143e-04
1881,9.404157,2,8.294412e-04
1882,9.409157,1,8.341321e-04
1883,9.414157,1,8.292983e-04
1884,9.419157,1,7.969788e-04
1885,9.424157,0,9.211504e-04
1886,9.429157,1,9.611133e-04
1887,9.434157,2,7.175638e-04
1888,9.439157,4,8.454811e-04
1889,9.444157,2,8.418512e-04
1890,9.449157,2,9.702506e-04
1891,9.454157,1,8.934655e-04
1892,9.459157,1,9.464285e-04
1893,9.464157,1,7.833882e-04
1894,9.469157,2,7.879328e-04
1895,9.474157,1,7.742091e-04
1896,9.479157,2,5.682839e-04
1897,9.484157,0,8.674793e-04
1898,9.489157,2,9.009632e-04
1899,9.494157,2,9.458747e-04
1900,9.499157,1,8.527146e-04
1901,9.504157,2,7.516928e-04
1902,9.509157,1,8.576731e-04
1903,9.514157,2,7.479242e-04
1904,9.519157,1,6.707989e-04
1905,9.524157,2,7.996073e-04
1906,9.529157,2,7.279695e-04
1907,9.534157,2,8.975696e-04
1908,9.539157,1,9.280498e-04
1909,9.544157,1,9.172651e-04
1910,9.549157,0,9.457061e-04
1911,9.554157,2,8.405502e-04
1912,9.559157,2,7.879010e-04
1913,9.564157,2,9.279958e-04
1914,9.569157,1,9.441339e-04
1915,9.574157,1,8.253599e-04
1916,9.579157,2,7.189685e-04
1917,9.584157,5,7.823378e-04
1918,9.589157,3,9.103477e-04
1919,9.594157,2,8.812896e-04
1920,9.599157,4,9.770877e-04
1921,9.604157,2,7.739227e-04
1922,9.609157,2,9.856254e-04
1923,9.614157,1,8.121345e-04
1924,9.619157,4,9.679953e-04
1925,9.624157,1,7.098235e-04
1926,9.629157,0,8.668567e-04
1927,9.634157,1,8.534544e-04
1928,9.639157,2,7.631646e-04
1929,9.644157,2,8.951732e-04
1930,9.649157,1,8.738893e-04
1931,9.654157,1,7.297461e-04
1932,9.659157,0,9.039655e-04
1933,9.664157,1,8.298349e-04
1934,9.669157,2,8.205307e-04
1935,9.674157,1,8.903156e-04
1936,9.679157,1,8.054333e-04
1937,9.684157,0,8.603294e-04
1938,9.689157,0,9.735362e-04
1939,9.694157,2,8.293329e-04
1940,9.699157,2,7.757098e-04
1941,9.704157,1,9.915076e-04
1942,9.709157,3,8.513250e-04
1943,9.714157,1,9.798183e-04
1944,9.719157,2,9.708856e-04
1945,9.724157,1,7.344469e-04
1946,9.729157,2,7.818101e-04
1947,9.734157,2,8.734940e-04
1948,9.739157,1,7.837751e-04
1949,9.744157,1,8.140318e-04
1950,9.749157,0,9.726455e-04
1951,9.754157,1,9.533190e-04
1952,9.759157,1,6.797638e-04
1953,9.764157,0,8.436812e-04
1954,9.769157,2,8.171645e-04
1955,9.774157,1,7.929477e-04
1956,9.779157,0,9.827820e-04
1957,9.784157,1,9.379695e-04
1958,9.789157,4,8.244617e-04
1959,9.794157,2,8.435429e-04
1960,9.799157,1,7.660528e-04
1961,9.804157,0,8.910034e-04
1962,9.809157,1,9.193159e-04
1963,9.814157,2,7.520032e-04
1964,9.819157,4,9.105566e-04
1965,9.824157,2,8.484269e-04
1966,9.829157,1,7.705896e-04
1967,9.834157,0,8.965781e-04
1968,9.839157,3,8.302508e-04
1969,9.844157,2,9.508906e-04
1970,9.849157,5,8.945658e-04
1971,9.854157,3,8.541740e-04
1972,9.859157,2,9.491047e-04
1973,9.864157,2,9.323340e-04
1974,9.869157,2,8.555300e-04
1975,9.874157,1,9.304701e-04
1976,9.879157,2,7.524675e-04
1977,9.884157,1,8.874909e-04
1978,9.889157,2,8.629772e-04
1979,9.894157,4,9.862729e-04
1980,9.899157,2,8.731203e-04
1981,9.904157,4,9.747167e-04
1982,9.909157,2,7.625923e-04
1983,9.914157,2,9.989505e-04
1984,9.919157,1,9.490643e-04
1985,9.924157,1,8.904458e-04
1986,9.929157,0,9.161738e-04
1987,9.934157,1,9.875202e-04
1988,9.939157,2,9.763070e-04
1989,9.944157,1,7.765467e-04
1990,9.949157,2,8.177983e-04
1991,9.954157,1,9.999370e-04
1992,9.959157,1,9.508447e-04
1993,9.964157,2,9.039044e-04
1994,9.969157,1,8.331301e-04
1995,9.974157,2,8.834506e-04
1996,9.979157,2,8.728157e-04
1997,9.984157,1,8.632880e-04
1998,9.989157,1,9.074692e-04
1999,9.994157,0,9.761636e-04
2000,9.999157,1,9.859087e-04
2001,10.004157,1,7.778515e-04
2002,10.009157,0,9.956202e-04
2003,10.014157,2,9.516814e-04
2004,10.019157,2,9.165996e-04
2005,10.024157,4,9.901856e-04
2006,10.029157,2,7.648655e-04
2007,10.034157,2,9.143469e-04
2008,10.039157,1,9.365627e-04
2009,10.044157,1,9.244564e-04
2010,10.049157,1,7.730726e-04
2011,10.054157,1,7.053078e-04
2012,10.059157,2,5.960904e-04
2013,10.064157,0,9.458352e-04
2014,10.069157,1,7.981751e-04
2015,10.074157,2,7.664246e-04
2016,10.079157,2,9.139556e-04
2017,10.084157,1,9.542758e-04
2018,10.089157,1,9.978688e-04
2019,10.094157,1,8.672146e-04
2020,10.099157,2,7.057128e-04
2021,10.104157,1,9.238124e-04
2022,10.109157,1,8.679759e-04
2023,10.114157,1,9.570420e-04
2024,10.119157,1,9.422703e-04
2025,10.124157,2,8.398474e-04
2026,10.129157,1,8.030206e-04
2027,10.134157,0,9.748517e-04
2028,10.139157,2,6.853294e-04
2029,10.144157,2,8.847227e-04
2030,10.149157,1,9.572448e-04
2031,10.154157,1,9.839822e-04
2032,10.159157,1,8.358043e-04
2033,10.164157,2,6.376080e-04
2034,10.169157,0,8.144628e-04
2035,10.174157,2,8.671944e-04
2036,10.179157,2,6.838550e-04
2037,10.184157,1,7.203952e-04
2038,10.189157,0,8.703905e-04
2039,10.194157,1,8.417223e-04
2040,10.199157,0,9.212343e-04
2041,10.204157,1,9.147090e-04
2042,10.209157,1,8.679185e-04
2043,10.214157,2,7.076346e-04
2044,10.219157,1,8.298696e-04
2045,10.224157,2,7.734148e-04
2046,10.229157,1,7.274328e-04
2047,10.234157,1,9.054557e-04
2048,10.239157,1,8.666325e-04
2049,10.244157,0,9.789077e-04
2050,10.249157,3,9.372019e-04
2051,10.254157,3,9.848691e-04
2052,10.259157,2,7.704093e-04
2053,10.264157,1,7.956813e-04
2054,10.269157,0,9.277835e-04
2055,10.274157,1,9.307070e-04
2056,10.279157,1,9.052363e-04
2057,10.284157,0,9.765936e-04
2058,10.289157,1,8.533856e-04
2059,10.294157,1,9.118622e-04
2060,10.299157,2,7.886173e-04
2061,10.304157,1,7.929738e-04
2062,10.309157,2,7.549940e-04
2063,10.314157,4,9.992723e-04
2064,10.319157,2,7.189480e-04
2065,10.324157,1,9.226093e-04
2066,10.329157,1,8.573547e-04
2067,10.334157,0,9.258291e-04
2068,10.339157,3,9.187194e-04
2069,10.344157,2,8.145663e-04
2070,10.349157,3,9.133991e-04
2071,10.354157,1,9.281549e-04
2072,10.359157,1,9.053049e-04
2073,10.364157,3,7.649713e-04
2074,10.369157,1,8.247690e-04
2075,10.374157,2,7.633331e-04
2076,10.379157,2,8.590662e-04
2077,10.384157,2,8.695478e-04
2078,10.389157,1,9.295048e-04
2079,10.394157,1,9.792498e-04
2080,10.399157,0,9.945212e-04
2081,10.404157,2,9.511874e-04
2082,10.409157,2,8.058069e-04
2083,10.414157,1,7.844300e-04
2084,10.419157,1,9.216917e-04
2085,10.424157,2,7.544195e-04
2086,10.429157,2,8.582796e-04
2087,10.434157,1,8.785673e-04
2088,10.439157,2,7.883174e-04
2089,10.444157,1,9.556951e-04
2090,10.449157,2,7.910193e-04
2091,10.454157,1,9.574876e-04
2092,10.459157,2,9.138571e-04
2093,10.464157,2,8.338543e-04
2094,10.469157,3,9.847154e-04
2095,10.474157,1,9.575368e-04
2096,10.479157,1,8.904442e-04
2097,10.484157,1,9.857542e-04
2098,10.489157,2,8.135746e-04
2099,10.494157,1,9.431965e-04
2100,10.499157,1,8.118348e-04
2101,10.504157,0,8.248822e-04
2102,10.509157,0,9.119773e-04
2103,10.514157,1,9.650727e-04
2104,10.519157,1,7.465948e-04
2105,10.524157,0,9.375152e-04
2106,10.529157,6,9.807577e-04
2107,10.534157,1,6.743747e-04
2108,10.539157,2,8.859882e-04
2109,10.544157,2,9.604383e-04
2110,10.549157,2,9.756890e-04
2111,10.554157,1,9.225599e-04
2112,10.559157,2,7.856364e-04
2113,10.564157,5,8.921986e-04
2114,10.569157,3,9.329040e-04
2115,10.574157,2,8.573301e-04
2116,10.579157,1,9.627485e-04
2117,10.584157,1,6.782771e-04
2118,10.589157,2,7.270724e-04
2119,10.594157,1,7.319020e-04
2120,10.599157,0,9.968491e-04
2121,10.604157,2,6.786525e-04
2122,10.609157,2,6.666672e-04
2123,10.614157,0,9.834611e-04
2124,10.619157,2,7.824666e-04
2125,10.624157,1,9.467312e-04
2126,10.629157,1,7.851588e-04
2127,10.634157,0,7.879457e-04
2128,10.639157,0,8.598473e-04
2129,10.644157,0,9.448060e-04
2130,10.649157,2,9.215834e-04
2131,10.654157,2,7.311939e-04
2132,10.659157,0,9.099175e-04
2133,10.664157,1,7.309575e-04
2134,10.669157,2,8.842878e-04
2135,10.674157,1,8.341993e-04
2136,10.679157,0,9.732291e-04
2137,10.684157,1,8.490411e-04
2138,10.689157,2,8.384065e-04
2139,10.694157,2,9.429399e-04
2140,10.699157,1,9.329556e-04
2141,10.704157,1,9.830308e-04
2142,10.709157,1,7.992838e-04
2143,10.714157,2,6.302440e-04
2144,10.719157,0,9.082872e-04
2145,10.724157,4,9.670198e-04
2146,10.729157,1,6.771128e-04
2147,10.734157,2,6.801864e-04
2148,10.739157,0,9.767776e-04
2149,10.744157,1,7.548974e-04
2150,10.749157,2,7.168917e-04
2151,10.754157,1,7.037648e-04
2152,10.759157,0,9.741662e-04
2153,10.764157,4,9.240953e-04
2154,10.769157,3,9.070106e-04
2155,10.774157,2,7.827258e-04
2156,10.779157,1,7.242293e-04
2157,10.784157,0,7.969118e-04
2158,10.789157,0,9.014910e-04
2159,10.794157,1,9.183902e-04
2160,10.799157,2,9.499630e-04
2161,10.804157,1,7.697262e-04
2162,10.809157,2,7.312951e-04
2163,10.814157,5,7.010364e-04
2164,10.819157,2,9.015499e-04
2165,10.824157,2,8.409003e-04
2166,10.829157,1,8.819015e-04
2167,10.834157,1,9.334622e-04
2168,10.839157,1,8.560458e-04
2169,10.844157,2,8.593935e-04
2170,10.849157,4,8.939726e-04
2171,10.854157,1,9.595976e-04
2172,10.859157,1,9.047638e-04
2173,10.864157,3,6.678362e-04
2174,10.869157,0,9.590010e-04
2175,10.874157,3,7.853171e-04
2176,10.879157,2,5.701553e-04
2177,10.884157,0,8.956699e-04
2178,10.889157,1,9.560373e-04
2179,10.894157,1,8.284779e-04
2180,10.899157,0,8.919076e-04
2181,10.904157,1,9.781316e-04
2182,10.909157,1,9.145991e-04
2183,10.914157,1,9.004003e-04
2184,10.919157,2,7.343555e-04
2185,10.924157,1,8.666943e-04
2186,10.929157,2,6.414886e-04
2187,10.934157,0,8.936772e-04
2188,10.939157,1,8.728573e-04
2189,10.944157,2,7.492444e-04
2190,10.949157,1,7.373414e-04
2191,10.954157,1,6.753298e-04
2192,10.959157,0,7.667219e-04
2193,10.964157,0,9.198393e-04
2194,10.969157,2,9.143325e-04
2195,10.974157,1,8.318165e-04
2196,10.979157,2,7.367488e-04
2197,10.984157,2,8.198251e-04
2198,10.989157,1,9.304028e-04
2199,10.994157,1,8.259510e-04
2200,10.999157,0,8.578673e-04
2201,11.004157,0,9.466288e-04
2202,11.009157,2,8.882062e-04
2203,11.014157,1,8.838119e-04
2204,11.019157,2,7.513999e-04
2205,11.024157,1,9.498472e-04
2206,11.029157,1,9.270323e-04
2207,11.034157,1,9.935546e-04
2208,11.039157,2,8.603563e-04
2209,11.044157,1,7.887565e-04
2210,11.049157,0,9.632308e-04
2211,11.054157,3,8.981274e-04
2212,11.059157,2,6.952856e-04
2213,11.064157,0,9.089409e-04
2214,11.069157,2,6.495083e-04
2215,11.074157,1,8.423049e-04
2216,11.079157,1,8.126792e-04
2217,11.084157,0,8.721820e-04
2218,11.089157,0,9.717322e-04
2219,11.094157,2,7.688534e-04
2220,11.099157,1,7.124879e-04
2221,11.104157,0,9.756924e-04
2222,11.109157,6,9.170103e-04
2223,11.114157,3,8.946666e-04
2224,11.119157,1,8.301570e-04
2225,11.124157,2,7.906742e-04
2226,11.129157,1,8.870598e-04
2227,11.134157,1,9.037277e-04
2228,11.139157,0,9.973639e-04
2229,11.144157,1,8.648338e-04
2230,11.149157,2,7.269837e-04
2231,11.154157,0,9.512308e-04
2232,11.159157,1,8.139384e-04
2233,11.164157,2,7.904131e-04
2234,11.169157,2,8.602673e-04
2235,11.174157,3,9.970816e-04
2236,11.179157,1,9.591690e-04
2237,11.184157,1,7.741490e-04
2238,11.189157,1,8.847059e-04
2239,11.194157,1,7.916120e-04
2240,11.199157,1,7.022737e-04
2241,11.204157,0,8.646173e-04
2242,11.209157,1,8.930612e-04
2243,11.214157,1,8.282496e-04
2244,11.219157,2,9.175965e-04
2245,11.224157,1,7.479867e-04
2246,11.229157,1,6.367135e-04
2247,11.234157,0,7.594518e-04
2248,11.239157,0,9.611176e-04
2249,11.244157,1,8.315665e-04
2250,11.249157,2,7.458764e-04
2251,11.254157,2,8.453370e-04
2252,11.259157,2,9.230046e-04
2253,11.264157,2,8.863739e-04
2254,11.269157,1,9.229485e-04
2255,11.274157,0,9.827770e-04
2256,11.279157,3,9.188805e-04
2257,11.284157,2,9.511921e-04
2258,11.289157,2,9.401583e-04
2259,11.294157,5,9.432428e-04
2260,11.299157,1,8.450056e-04
2261,11.304157,1,6.180080e-04
2262,11.309157,0,9.985054e-04
2263,11.314157,2,8.396756e-04
2264,11.319157,2,6.888138e-04
2265,11.324157,1,8.101399e-04
2266,11.329157,0,8.632219e-04
2267,11.334157,0,9.743879e-04
2268,11.339157,3,8.759134e-04
2269,11.344157,2,9.144304e-04
2270,11.349157,2,6.972818e-04
2271,11.354157,1,7.605056e-04
2272,11.359157,0,8.399969e-04
2273,11.364157,0,9.352286e-04
2274,11.369157,1,8.652977e-04
2275,11.374157,0,9.233744e-04
2276,11.379157,1,9.038114e-04
2277,11.384157,0,9.495344e-04
2278,11.389157,1,9.282630e-04
2279,11.394157,1,9.261117e-04
2280,11.399157,1,7.872536e-04
2281,11.404157,0,9.184727e-04
2282,11.409157,2,7.113087e-04
2283,11.414157,2,8.511248e-04
2284,11.419157,1,9.252474e-04
2285,11.424157,0,9.752605e-04
2286,11.429157,1,9.241212e-04
2287,11.434157,0,9.516711e-04
2288,11.439157,3,7.378608e-04
2289,11.444157,2,8.166887e-04
2290,11.449157,1,8.946281e-04
2291,11.454157,1,8.381992e-04
2292,11.459157,0,9.593158e-04
2293,11.464157,2,7.967738e-04
2294,11.469157,2,7.293103e-04
2295,11.474157,1,8.442303e-04
2296,11.479157,1,9.853083e-04
2297,11.484157,3,7.082511e-04
2298,11.489157,3,8.772766e-04
2299,11.494157,2,6.472316e-04
2300,11.499157,0,9.757351e-04
2301,11.504157,1,7.782245e-04
2302,11.509157,0,9.899112e-04
2303,11.514157,1,7.984732e-04
2304,11.519157,0,9.272938e-04
2305,11.524157,1,8.976350e-04
2306,11.529157,1,9.587121e-04
2307,11.534157,2,8.528723e-04
2308,11.539157,2,9.836357e-04
2309,11.544157,2,8.777553e-04
2310,11.549157,3,8.960160e-04
2311,11.554157,1,9.010056e-04
2312,11.559157,1,8.196697e-04
2313,11.564157,2,7.735178e-04
2314,11.569157,1,7.623767e-04
2315,11.574157,2,6.200932e-04
2316,11.579157,0,8.278145e-04
2317,11.584157,1,8.766870e-04
2318,11.589157,2,6.595585e-04
2319,11.594157,0,9.744149e-04
2320,11.599157,1,9.950457e-04
2321,11.604157,2,9.618530e-04
2322,11.609157,1,9.554204e-04
2323,11.614157,1,9.717331e-04
2324,11.619157,0,9.673467e-04
2325,11.624157,1,9.874773e-04
2326,11.629157,2,7.381282e-04
2327,11.634157,0,8.583494e-04
2328,11.639157,1,8.806150e-04
2329,11.644157,2,9.169420e-04
2330,11.649157,2,8.662823e-04
2331,11.654157,1,8.711288e-04
2332,11.659157,1,9.164167e-04
2333,11.664157,2,8.750786e-04
2334,11.669157,1,9.877774e-04
2335,11.674157,5,9.787588e-04
2336,11.679157,3,9.793493e-04
2337,11.684157,2,7.955109e-04
2338,11.689157,1,8.926003e-04
2339,11.694157,1,9.565290e-04
2340,11.699157,3,8.320348e-04
2341,11.704157,2,7.397381e-04
2342,11.709157,2,8.201437e-04
2343,11.714157,3,9.632868e-04
2344,11.719157,1,8.807036e-04
2345,11.724157,1,7.557464e-04
2346,11.729157,0,9.661227e-04
2347,11.734157,1,7.805250e-04
2348,11.739157,1,7.517025e-04
2349,11.744157,2,6.854772e-04
2350,11.749157,0,9.632122e-04
2351,11.754157,2,9.249495e-04
2352,11.759157,2,7.200998e-04
2353,11.764157,1,9.210918e-04
2354,11.769157,1,8.405912e-04
2355,11.774157,0,8.716939e-04
2356,11.779157,0,9.324816e-04
2357,11.784157,0,9.899076e-04
2358,11.789157,1,9.503945e-04
2359,11.794157,2,9.153775e-04
2360,11.799157,2,9.550239e-04
2361,11.804157,2,9.415710e-04
2362,11.809157,3,9.509608e-04
2363,11.814157,3,9.313598e-04
2364,11.819157,2,9.265976e-04
2365,11.824157,1,9.229176e-04
2366,11.829157,1,8.764873e-04
2367,11.834157,0,9.320619e-04
2368,11.839157,2,8.377025e-04
2369,11.844157,1,8.510826e-04
2370,11.849157,1,9.771401e-04
2371,11.854157,1,9.322794e-04
2372,11.859157,2,8.096635e-04
2373,11.864157,2,9.060588e-04
2374,11.869157,1,9.649821e-04
2375,11.874157,1,7.981721e-04
2376,11.879157,0,9.409642e-04
2377,11.884157,1,9.624658e-04
2378,11.889157,2,9.784769e-04
2379,11.894157,1,8.292514e-04
2380,11.899157,1,7.867239e-04
2381,11.904157,0,9.134655e-04
2382,11.909157,3,8.747197e-04
2383,11.914157,2,6.675040e-04
2384,11.919157,1,9.757820e-04
2385,11.924157,1,7.855642e-04
2386,11.929157,0,8.119826e-04
2387,11.934157,0,8.993519e-04
2388,11.939157,0,9.904680e-04
2389,11.944157,2,9.862101e-04
2390,11.949157,1,9.970014e-04
2391,11.954157,1,9.219165e-04
2392,11.959157,2,8.309647e-04
2393,11.964157,2,9.008390e-04
2394,11.969157,1,9.743129e-04
2395,11.974157,1,9.668359e-04
2396,11.979157,2,7.628077e-04
2397,11.984157,1,6.956752e-04
2398,11.989157,0,9.957494e-04
2399,11.994157,2,9.170052e-04
2400,11.999157,2,8.516330e-04
2401,12.004157,1,8.913231e-04
2402,12.009157,1,9.914177e-04
2403,12.014157,1,9.585982e-04
2404,12.019157,2,8.524718e-04
2405,12.024157,1,8.621264e-04
2406,12.029157,0,9.098518e-04
2407,12.034157,2,9.004251e-04
2408,12.039157,1,9.539556e-04
2409,12.044157,2,7.301875e-04
2410,12.049157,0,9.369867e-04
2411,12.054157,1,9.119001e-04
2412,12.059157,2,7.131248e-04
2413,12.064157,0,9.634925e-04
2414,12.069157,1,7.563640e-04
2415,12.074157,2,9.223491e-04
2416,12.079157,2,8.574704e-04
2417,12.084157,1,9.590083e-04
2418,12.089157,1,9.476233e-04
2419,12.094157,0,9.947143e-04
2420,12.099157,1,9.564267e-04
2421,12.104157,1,8.333547e-04
2422,12.109157,2,7.268513e-04
2423,12.114157,2,9.301115e-04
2424,12.119157,2,7.952569e-04
2425,12.124157,1,9.630477e-04
2426,12.129157,2,7.876231e-04
2427,12.134157,0,9.869339e-04
2428,12.139157,1,9.104999e-04
2429,12.144157,1,7.895627e-04
2430,12.149157,0,9.398247e-04
2431,12.154157,2,8.178939e-04
2432,12.159157,2,8.115631e-04
2433,12.164157,1,9.585339e-04
2434,12.169157,1,7.616241e-04
2435,12.174157,0,7.472459e-04
2436,12.179157,0,8.000273e-04
2437,12.184157,0,8.614551e-04
2438,12.189157,0,9.294782e-04
2439,12.194157,1,8.277509e-04
2440,12.199157,2,7.995828e-04
2441,12.204157,2,7.785033e-04
2442,12.209157,1,7.758310e-04
2443,12.214157,0,9.137859e-04
2444,12.219157,1,9.249306e-04
2445,12.224157,2,8.839206e-04
2446,12.229157,1,7.845525e-04
2447,12.234157,4,8.715125e-04
2448,12.239157,1,9.968511e-04
2449,12.244157,3,9.098448e-04
2450,12.249157,2,7.497444e-04
2451,12.254157,1,7.613930e-04
2452,12.259157,0,8.253022e-04
2453,12.264157,0,9.353795e-04
2454,12.269157,1,7.888777e-04
2455,12.274157,0,8.077301e-04
2456,12.279157,0,8.575597e-04
2457,12.284157,0,9.109148e-04
2458,12.289157,0,9.634752e-04
2459,12.294157,1,8.551196e-04
2460,12.299157,2,8.541097e-04
2461,12.304157,1,8.499500e-04
2462,12.309157,2,8.080008e-04
2463,12.314157,1,9.998877e-04
2464,12.319157,1,9.903476e-04
2465,12.324157,3,8.579511e-04
2466,12.329157,2,8.027346e-04
2467,12.334157,2,9.236390e-04
2468,12.339157,1,9.679450e-04
2469,12.344157,1,8.472412e-04
2470,12.349157,0,8.452129e-04
2471,12.354157,0,9.120026e-04
2472,12.359157,0,9.862787e-04
2473,12.364157,2,7.882300e-04
2474,12.369157,1,7.340463e-04
2475,12.374157,0,9.892081e-04
2476,12.379157,7,9.365874e-04
2477,12.384157,1,6.734077e-04
2478,12.389157,2,7.985978e-04
2479,12.394157,2,8.679093e-04
2480,12.399157,2,9.339652e-04
2481,12.404157,2,9.376085e-04
2482,12.409157,2,9.654810e-04
2483,12.414157,1,9.732022e-04
2484,12.419157,1,8.502665e-04
2485,12.424157,0,8.470724e-04
2486,12.429157,0,9.005830e-04
2487,12.434157,0,9.610013e-04
2488,12.439157,2,9.589131e-04
2489,12.444157,2,7.864938e-04
2490,12.449157,0,9.632258e-04
2491,12.454157,1,9.881494e-04
2492,12.459157,2,8.781836e-04
2493,12.464157,5,9.012228e-04
2494,12.469157,3,9.731274e-04
2495,12.474157,2,8.931774e-04
2496,12.479157,1,9.641469e-04
2497,12.484157,1,9.591239e-04
2498,12.489157,1,9.212689e-04
2499,12.494157,2,8.796397e-04
2500,12.499157,1,9.267203e-04
2501,12.504157,2,6.761126e-04
2502,12.509157,0,9.254772e-04
2503,12.514157,4,9.809271e-04
2504,12.519157,2,8.069061e-04
2505,12.524157,2,9.777057e-04
2506,12.529157,1,9.989556e-04
2507,12.534157,1,8.641573e-04
2508,12.539157,0,8.771329e-04
2509,12.544157,0,9.607522e-04
2510,12.549157,1,8.802804e-04
2511,12.554157,4,9.239766e-04
2512,12.559157,1,9.787054e-04
2513,12.564157,3,9.501545e-04
2514,12.569157,2,7.658118e-04
2515,12.574157,1,8.569748e-04
2516,12.579157,0,9.093666e-04
2517,12.584157,1,8.458570e-04
2518,12.589157,0,8.544104e-04
2519,12.594157,0,9.118642e-04
2520,12.599157,0,9.710545e-04
2521,12.604157,1,8.984746e-04
2522,12.609157,1,8.336736e-04
2523,12.614157,2,7.370781e-04
2524,12.619157,1,9.246610e-04
2525,12.624157,2,7.471554e-04
2526,12.629157,1,7.806387e-04
2527,12.634157,2,6.378657e-04
2528,12.639157,0,9.109622e-04
2529,12.644157,4,9.850216e-04
2530,12.649157,2,8.159358e-04
2531,12.654157,3,8.784584e-04
2532,12.659157,1,8.503875e-04
2533,12.664157,1,6.838449e-04
2534,12.669157,0,8.302747e-04
2535,12.674157,0,9.755748e-04
2536,12.679157,4,8.954793e-04
2537,12.684157,3,9.005932e-04
2538,12.689157,1,7.468055e-04
2539,12.694157,0,8.697424e-04
2540,12.699157,2,8.241875e-04
2541,12.704157,1,7.656240e-04
2542,12.709157,1,9.433440e-04
2543,12.714157,1,9.140196e-04
2544,12.719157,0,9.524108e-04
2545,12.724157,3,8.332195e-04
2546,12.729157,2,8.605217e-04
2547,12.734157,1,8.932423e-04
2548,12.739157,1,7.725821e-04
2549,12.744157,0,8.366884e-04
2550,12.749157,0,9.182808e-04
2551,12.754157,2,9.039385e-04
2552,12.759157,1,8.856197e-04
2553,12.764157,1,8.167905e-04
2554,12.769157,0,8.933352e-04
2555,12.774157,1,9.746375e-04
2556,12.779157,2,8.428174e-04
2557,12.784157,1,6.953279e-04
2558,12.789157,2,7.297213e-04
2559,12.794157,2,7.357676e-04
2560,12.799157,1,8.690677e-04
2561,12.804157,0,9.997498e-04
2562,12.809157,1,9.956445e-04
2563,12.814157,1,9.667372e-04
2564,12.819157,1,9.842456e-04
2565,12.824157,2,6.766374e-04
2566,12.829157,0,9.288074e-04
2567,12.834157,4,9.972117e-04
2568,12.839157,1,7.352544e-04
2569,12.844157,2,7.579191e-04
2570,12.849157,1,9.507868e-04
2571,12.854157,1,8.261904e-04
2572,12.859157,0,8.802409e-04
2573,12.864157,0,9.692710e-04
2574,12.869157,2,8.903723e-04
2575,12.874157,2,9.321890e-04
2576,12.879157,2,9.380115e-04
2577,12.884157,2,8.007804e-04
2578,12.889157,0,9.591159e-04
2579,12.894157,1,7.319921e-04
2580,12.899157,0,9.865679e-04
2581,12.904157,3,9.871033e-04
2582,12.909157,2,7.693296e-04
2583,12.914157,1,9.727863e-04
2584,12.919157,1,9.301232e-04
2585,12.924157,0,9.949669e-04
2586,12.929157,2,7.670823e-04
2587,12.934157,2,9.835189e-04
2588,12.939157,4,7.796510e-04
2589,12.944157,3,8.726240e-04
2590,12.949157,2,8.451970e-04
2591,12.954157,1,8.926710e-04
2592,12.959157,1,7.947291e-04
2593,12.964157,2,6.809450e-04
2594,12.969157,1,8.466112e-04
2595,12.974157,2,7.236967e-04
2596,12.979157,0,9.697899e-04
2597,12.984157,5,9.742401e-04
2598,12.989157,2,8.798589e-04
2599,12.994157,3,8.881835e-04
2600,12.999157,1,9.863612e-04
2601,13.004157,1,9.184080e-04
2602,13.009157,2,6.254362e-04
2603,13.014157,0,8.311152e-04
2604,13.019157,2,9.445995e-04
2605,13.024157,1,9.222791e-04
2606,13.029157,1,8.610001e-04
2607,13.034157,0,9.153782e-04
2608,13.039157,1,8.976604e-04
2609,13.044157,3,8.355582e-04
2610,13.049157,1,8.627147e-04
2611,13.054157,1,9.154296e-04
2612,13.059157,3,8.565264e-04
2613,13.064157,2,8.199877e-04
2614,13.069157,2,7.778473e-04
2615,13.074157,1,9.013573e-04
2616,13.079157,1,9.543008e-04
2617,13.084157,0,9.901975e-04
2618,13.089157,1,8.771291e-04
2619,13.094157,3,7.268525e-04
2620,13.099157,2,7.034107e-04
2621,13.104157,1,8.492781e-04
2622,13.109157,0,9.712734e-04
2623,13.114157,3,9.275448e-04
2624,13.119157,2,6.622430e-04
2625,13.124157,0,8.424208e-04
2626,13.129157,2,9.017538e-04
2627,13.134157,1,9.413453e-04
2628,13.139157,1,9.266664e-04
2629,13.144157,0,9.367887e-04
2630,13.149157,0,9.906777e-04
2631,13.154157,1,9.458779e-04
2632,13.159157,1,9.508052e-04
2633,13.164157,2,8.196762e-04
2634,13.169157,2,9.339282e-04
2635,13.174157,2,9.125615e-04
2636,13.179157,1,8.169654e-04
2637,13.184157,2,8.753080e-04
2638,13.189157,5,9.838868e-04
2639,13.194157,2,8.652207e-04
2640,13.199157,4,8.449283e-04
2641,13.204157,2,7.586438e-04
2642,13.209157,2,8.725210e-04
2643,13.214157,1,8.470568e-04
2644,13.219157,0,9.254901e-04
2645,13.224157,1,9.486596e-04
2646,13.229157,0,9.821462e-04
2647,13.234157,3,9.890551e-04
2648,13.239157,2,9.513942e-04
2649,13.244157,1,9.676307e-04
2650,13.249157,3,8.353394e-04
2651,13.254157,2,8.138551e-04
2652,13.259157,1,9.808556e-04
2653,13.264157,3,8.236600e-04
2654,13.269157,1,9.049748e-04
2655,13.274157,3,7.553432e-04
2656,13.279157,2,7.108415e-04
2657,13.284157,1,9.353641e-04
2658,13.289157,1,8.132469e-04
2659,13.294157,0,8.185159e-04
2660,13.299157,0,8.654804e-04
2661,13.304157,0,9.148660e-04
2662,13.309157,0,9.674560e-04
2663,13.314157,1,9.203610e-04
2664,13.319157,1,9.003661e-04
2665,13.324157,2,8.656091e-04
2666,13.329157,1,8.900224e-04
2667,13.334157,2,6.602400e-04
2668,13.339157,0,9.655031e-04
2669,13.344157,1,8.921942e-04
2670,13.349157,2,8.610629e-04
2671,13.354157,2,9.348401e-04
2672,13.359157,1,9.502541e-04
2673,13.364157,1,9.561235e-04
2674,13.369157,3,7.582704e-04
2675,13.374157,1,8.959854e-04
2676,13.379157,1,8.833973e-04
2677,13.384157,3,6.697385e-04
2678,13.389157,2,7.741719e-04
2679,13.394157,1,8.633428e-04
2680,13.399157,0,9.880271e-04
2681,13.404157,3,7.447726e-04
2682,13.409157,2,5.522882e-04
2683,13.414157,0,9.278003e-04
2684,13.419157,2,8.591720e-04
2685,13.424157,1,9.781188e-04
2686,13.429157,1,7.726276e-04
2687,13.434157,0,7.799358e-04
2688,13.439157,0,8.229582e-04
2689,13.444157,0,8.696466e-04
2690,13.449157,0,9.197209e-04
2691,13.454157,0,9.718954e-04
2692,13.459157,2,9.970230e-04
2693,13.464157,2,9.294008e-04
2694,13.469157,2,8.695281e-04
2695,13.474157,1,8.760664e-04
2696,13.479157,2,6.508214e-04
2697,13.484157,0,8.657037e-04
2698,13.489157,1,9.879782e-04
2699,13.494157,2,8.603430e-04
2700,13.499157,4,9.016541e-04
2701,13.504157,3,8.117416e-04
2702,13.509157,2,6.751356e-04
2703,13.514157,0,9.595887e-04
2704,13.519157,2,9.612337e-04
2705,13.524157,2,8.735723e-04
2706,13.529157,1,9.235520e-04
2707,13.534157,1,9.762348e-04
2708,13.539157,2,7.866469e-04
2709,13.544157,2,8.883608e-04
2710,13.549157,1,7.689110e-04
2711,13.554157,3,8.596181e-04
2712,13.559157,2,8.003219e-04
2713,13.564157,2,8.854362e-04
2714,13.569157,2,8.876769e-04
2715,13.574157,2,9.742390e-04
2716,13.579157,1,8.214171e-04
2717,13.584157,0,9.999093e-04
2718,13.589157,1,9.461589e-04
2719,13.594157,2,8.773393e-04
2720,13.599157,3,9.270872e-04
2721,13.604157,2,8.177120e-04
2722,13.609157,1,7.912411e-04
2723,13.614157,1,9.410966e-04
2724,13.619157,1,9.943052e-04
2725,13.624157,2,8.303130e-04
2726,13.629157,2,7.673873e-04
2727,13.634157,0,9.358082e-04
2728,13.639157,1,9.018237e-04
2729,13.644157,1,8.535487e-04
2730,13.649157,2,9.174967e-04
2731,13.654157,2,8.100657e-04
2732,13.659157,1,9.171670e-04
2733,13.664157,2,6.832238e-04
2734,13.669157,0,8.193725e-04
2735,13.674157,1,8.100602e-04
2736,13.679157,2,6.416755e-04
2737,13.684157,0,8.933870e-04
2738,13.689157,4,8.881928e-04
2739,13.694157,2,7.750115e-04
2740,13.699157,1,9.614938e-04
2741,13.704157,3,8.504428e-04
2742,13.709157,2,8.636987e-04
2743,13.714157,2,8.866215e-04
2744,13.719157,1,9.816428e-04
2745,13.724157,1,9.440321e-04
2746,13.729157,0,9.698591e-04
2747,13.734157,1,8.235792e-04
2748,13.739157,1,7.751283e-04
2749,13.744157,0,9.301708e-04
2750,13.749157,1,9.580433e-04
2751,13.754157,2,7.891591e-04
2752,13.759157,2,9.270732e-04
2753,13.764157,2,9.494717e-04
2754,13.769157,1,8.348831e-04
2755,13.774157,1,9.390056e-04
2756,13.779157,1,9.909616e-04
2757,13.784157,2,8.598709e-04
2758,13.789157,2,8.434261e-04
2759,13.794157,1,7.114220e-04
2760,13.799157,0,9.305345e-04
2761,13.804157,3,8.474095e-04
2762,13.809157,2,8.967724e-04
2763,13.814157,2,8.716125e-04
2764,13.819157,1,9.038091e-04
2765,13.824157,1,9.462085e-04
2766,13.829157,3,9.679899e-04
2767,13.834157,1,8.907988e-04
2768,13.839157,1,9.211891e-04
2769,13.844157,1,7.631317e-04
2770,13.849157,0,9.651334e-04
2771,13.854157,2,9.086428e-04
2772,13.859157,2,9.715155e-04
2773,13.864157,2,9.745588e-04
2774,13.869157,2,7.841884e-04
2775,13.874157,2,9.118723e-04
2776,13.879157,2,9.128101e-04
2777,13.884157,1,9.962719e-04
2778,13.889157,1,9.779750e-04
2779,13.894157,3,9.450605e-04
2780,13.899157,2,8.602447e-04
2781,13.904157,1,8.910589e-04
2782,13.909157,3,9.777724e-04
2783,13.914157,1,8.672947e-04
2784,13.919157,2,9.795843e-04
2785,13.924157,1,8.755167e-04
2786,13.929157,2,9.998480e-04
2787,13.934157,3,9.426656e-04
2788,13.939157,2,8.213529e-04
2789,13.944157,2,9.191567e-04
2790,13.949157,1,9.505822e-04
2791,13.954157,2,9.147497e-04
2792,13.959157,1,9.193798e-04
2793,13.964157,2,9.015041e-04
2794,13.969157,1,9.474618e-04
2795,13.974157,1,9.291051e-04
2796,13.979157,1,9.338178e-04
2797,13.984157,1,9.149294e-04
2798,13.989157,1,9.280485e-04
2799,13.994157,0,9.755405e-04
2800,13.999157,1,7.679719e-04
2801,14.004157,4,6.409841e-04
2802,14.009157,2,6.751152e-04
2803,14.014157,1,8.811461e-04
2804,14.019157,1,9.737421e-04
2805,14.024157,1,7.783753e-04
2806,14.029157,3,9.581629e-04
2807,14.034157,2,9.727389e-04
2808,14.039157,1,8.172582e-04
2809,14.044157,1,8.919232e-04
2810,14.049157,1,9.034440e-04
2811,14.054157,1,8.253154e-04
2812,14.059157,1,9.329085e-04
2813,14.064157,2,7.339091e-04
2814,14.069157,2,9.394083e-04
2815,14.074157,2,7.178794e-04
2816,14.079157,1,8.752300e-04
2817,14.084157,0,9.647908e-04
2818,14.089157,1,8.771544e-04
2819,14.094157,0,8.930481e-04
2820,14.099157,0,9.525223e-04
2821,14.104157,0,9.971284e-04
2822,14.109157,2,9.776010e-04
2823,14.114157,3,9.876069e-04
2824,14.119157,1,9.853182e-04
2825,14.124157,1,9.498514e-04
2826,14.129157,2,8.531544e-04
2827,14.134157,3,8.906922e-04
2828,14.139157,2,6.485569e-04
2829,14.144157,1,9.284297e-04
2830,14.149157,1,9.923250e-04
2831,14.154157,3,9.935183e-04
2832,14.159157,1,9.736309e-04
2833,14.164157,2,7.850820e-04
2834,14.169157,2,8.811421e-04
2835,14.174157,2,8.826569e-04
2836,14.179157,1,9.961905e-04
2837,14.184157,1,9.995553e-04
2838,14.189157,2,8.949273e-04
2839,14.194157,2,9.242688e-04
2840,14.199157,2,8.495047e-04
2841,14.204157,2,8.629741e-04
2842,14.209157,1,8.471516e-04
2843,14.214157,0,9.092014e-04
2844,14.219157,3,9.802235e-04
2845,14.224157,3,7.262060e-04
2846,14.229157,1,9.935004e-04
2847,14.234157,1,9.721597e-04
2848,14.239157,3,8.502846e-04
2849,14.244157,2,9.574959e-04
2850,14.249157,2,9.510827e-04
2851,14.254157,1,9.789172e-04
2852,14.259157,1,9.958332e-04
2853,14.264157,2,7.907310e-04
2854,14.269157,0,9.425826e-04
2855,14.274157,1,9.829793e-04
2856,14.279157,2,9.612236e-04
2857,14.284157,1,9.792779e-04
2858,14.289157,1,8.352362e-04
2859,14.294157,0,7.933363e-04
2860,14.299157,0,8.094880e-04
2861,14.304157,0,8.598993e-04
2862,14.309157,0,9.334935e-04
2863,14.314157,1,9.912540e-04
2864,14.319157,1,9.828634e-04
2865,14.324157,2,7.654300e-04
2866,14.329157,1,7.750596e-04
2867,14.334157,1,6.285243e-04
2868,14.339157,2,8.386383e-04
2869,14.344157,1,7.858570e-04
2870,14.349157,1,7.726305e-04
2871,14.354157,0,8.415899e-04
2872,14.359157,0,9.774222e-04
2873,14.364157,2,9.176638e-04
2874,14.369157,1,9.455010e-04
2875,14.374157,1,8.910475e-04
2876,14.379157,0,9.041047e-04
2877,14.384157,0,9.486366e-04
2878,14.389157,1,9.317718e-04
2879,14.394157,2,8.152307e-04
2880,14.399157,1,8.530877e-04
2881,14.404157,2,8.382469e-04
2882,14.409157,6,9.728088e-04
2883,14.414157,4,9.623826e-04
2884,14.419157,2,7.897504e-04
2885,14.424157,1,8.998470e-04
2886,14.429157,0,9.752115e-04
2887,14.434157,3,8.560395e-04
2888,14.439157,1,6.897228e-04
2889,14.444157,0,8.759632e-04
2890,14.449157,3,7.637592e-04
2891,14.454157,2,8.527085e-04
2892,14.459157,1,9.573196e-04
2893,14.464157,1,9.319693e-04
2894,14.469157,0,9.914803e-04
2895,14.474157,3,5.218529e-04
2896,14.479157,0,9.852348e-04
2897,14.484157,3,8.271038e-04
2898,14.489157,2,6.548872e-04
2899,14.494157,1,6.848106e-04
2900,14.499157,0,8.476432e-04
2901,14.504157,3,7.265407e-04
2902,14.509157,2,7.840376e-04
2903,14.514157,2,8.179404e-04
2904,14.519157,1,9.253916e-04
2905,14.524157,1,7.777062e-04
2906,14.529157,0,7.798273e-04
2907,14.534157,0,8.185979e-04
2908,14.539157,0,8.571421e-04
2909,14.544157,0,8.963601e-04
2910,14.549157,0,9.359209e-04
2911,14.554157,0,9.757469e-04
2912,14.559157,1,9.271418e-04
2913,14.564157,2,9.164973e-04
2914,14.569157,2,8.838028e-04
2915,14.574157,1,9.024261e-04
2916,14.579157,0,9.476508e-04
2917,14.584157,2,8.780466e-04
2918,14.589157,2,9.304313e-04
2919,14.594157,2,9.225167e-04
2920,14.599157,2,9.637851e-04
2921,14.604157,2,7.566324e-04
2922,14.609157,1,8.415268e-04
2923,14.614157,2,9.226198e-04
2924,14.619157,1,9.895716e-04
2925,14.624157,2,9.520615e-04
2926,14.629157,2,9.251015e-04
2927,14.634157,1,8.857465e-04
2928,14.639157,0,8.952658e-04
2929,14.644157,0,9.566541e-04
2930,14.649157,1,9.656563e-04
2931,14.654157,2,9.525387e-04
2932,14.659157,3,9.852792e-04
2933,14.664157,1,9.840279e-04
2934,14.669157,1,8.758979e-04
2935,14.674157,1,9.861810e-04
2936,14.679157,1,9.906113e-04
2937,14.684157,3,5.822654e-04
2938,14.689157,0,8.104933e-04
2939,14.694157,3,8.418575e-04
2940,14.699157,2,7.870213e-04
2941,14.704157,1,9.550042e-04
2942,14.709157,1,9.261453e-04
2943,14.714157,0,9.898595e-04
2944,14.719157,1,8.623662e-04
2945,14.724157,1,9.768062e-04
2946,14.729157,2,8.638879e-04
2947,14.734157,1,8.856936e-04
2948,14.739157,2,8.761231e-04
2949,14.744157,2,9.442596e-04
2950,14.749157,2,9.482604e-04
2951,14.754157,1,8.420898e-04
2952,14.759157,1,9.754180e-04
2953,14.764157,1,9.182434e-04
2954,14.769157,3,6.960023e-04
2955,14.774157,2,7.456870e-04
2956,14.779157,1,9.065581e-04
2957,14.784157,1,8.718976e-04
2958,14.789157,0,9.433393e-04
2959,14.794157,4,9.200000e-04
2960,14.799157,3,9.827995e-04
2961,14.804157,2,7.109156e-04
2962,14.809157,1,9.403809e-04
2963,14.814157,1,9.357652e-04
2964,14.819157,3,8.372533e-04
2965,14.824157,2,8.103492e-04
2966,14.829157,2,9.212772e-04
2967,14.834157,5,8.632177e-04
2968,14.839157,1,7.672961e-04
2969,14.844157,1,8.114200e-04
2970,14.849157,0,8.915687e-04
2971,14.854157,0,9.944783e-04
2972,14.859157,1,8.777546e-04
2973,14.864157,2,8.028152e-04
2974,14.869157,5,9.562596e-04
2975,14.874157,5,9.020221e-04
2976,14.879157,3,8.215527e-04
2977,14.884157,1,9.180142e-04
2978,14.889157,1,7.448726e-04
2979,14.894157,0,7.958565e-04
2980,14.899157,0,8.712705e-04
2981,14.904157,0,9.432413e-04
2982,14.909157,3,8.184481e-04
2983,14.914157,2,8.220636e-04
2984,14.919157,1,6.689145e-04
2985,14.924157,0,7.462541e-04
2986,14.929157,0,8.737913e-04
2987,14.934157,3,8.671842e-04
2988,14.939157,2,7.988020e-04
2989,14.944157,1,9.505539e-04
2990,14.949157,1,9.945288e-04
2991,14.954157,3,7.833979e-04
2992,14.959157,2,6.651960e-04
2993,14.964157,2,9.082096e-04
2994,14.969157,1,9.204788e-04
2995,14.974157,0,9.644526e-04
2996,14.979157,1,8.872486e-04
2997,14.984157,0,8.894039e-04
2998,14.989157,0,9.405570e-04
2999,14.994157,0,9.901455e-04
3000,14.999157,3,6.341570e-04
3001,15.004157,1,8.893504e-04
3002,15.009157,3,9.908826e-04
3003,15.014157,2,7.831694e-04
3004,15.019157,1,8.519072e-04
3005,15.024157,0,9.884775e-04
3006,15.029157,1,9.216146e-04
3007,15.034157,1,8.905456e-04
3008,15.039157,0,9.159848e-04
3009,15.044157,0,9.495146e-04
3010,15.049157,0,9.861739e-04
3011,15.054157,3,7.006243e-04
3012,15.059157,3,8.819922e-04
3013,15.064157,2,7.676376e-04
3014,15.069157,1,9.001249e-04
3015,15.074157,0,9.815338e-04
3016,15.079157,1,9.188830e-04
3017,15.084157,0,9.603152e-04
3018,15.089157,1,9.978625e-04
3019,15.094157,1,9.392136e-04
3020,15.099157,0,9.213885e-04
3021,15.104157,0,9.382442e-04
3022,15.109157,0,9.539654e-04
3023,15.114157,0,9.726104e-04
3024,15.119157,0,9.941917e-04
3025,15.124157,1,8.906575e-04
3026,15.129157,1,8.358747e-04
3027,15.134157,0,9.484056e-04
3028,15.139157,1,9.158793e-04
3029,15.144157,1,9.537960e-04
3030,15.149157,2,7.723414e-04
3031,15.154157,1,7.877045e-04
3032,15.159157,1,9.692951e-04
3033,15.164157,1,7.949351e-04
3034,15.169157,0,9.368338e-04
3035,15.174157,3,9.206667e-04
3036,15.179157,2,7.223148e-04
3037,15.184157,1,9.467152e-04
3038,15.189157,1,9.576584e-04
3039,15.194157,3,8.653377e-04
3040,15.199157,2,7.293387e-04
3041,15.204157,1,9.573285e-04
3042,15.209157,3,9.254018e-04
3043,15.214157,2,7.314480e-04
3044,15.219157,1,8.597722e-04
3045,15.224157,0,9.927033e-04
3046,15.229157,1,8.435029e-04
3047,15.234157,4,9.582543e-04
3048,15.239157,2,9.116932e-04
3049,15.244157,1,7.491099e-04
3050,15.249157,1,9.670049e-04
3051,15.254157,1,9.831420e-04
3052,15.259157,2,9.920350e-04
3053,15.264157,2,9.277723e-04
3054,15.269157,1,9.641072e-04
3055,15.274157,1,8.733499e-04
3056,15.279157,0,8.953043e-04
3057,15.284157,0,9.454554e-04
3058,15.289157,0,9.876000e-04
3059,15.294157,2,8.994261e-04
3060,15.299157,1,9.890287e-04
3061,15.304157,1,8.661256e-04
3062,15.309157,1,8.429893e-04
3063,15.314157,0,9.648969e-04
3064,15.319157,1,9.310288e-04
3065,15.324157,1,7.968831e-04
3066,15.329157,2,7.349609e-04
3067,15.334157,1,7.292879e-04
3068,15.339157,2,6.986127e-04
3069,15.344157,2,7.522697e-04
3070,15.349157,2,9.944342e-04
3071,15.354157,2,9.651762e-04
3072,15.359157,1,9.153911e-04
3073,15.364157,2,9.466034e-04
3074,15.369157,2,9.917740e-04
3075,15.374157,1,9.864306e-04
3076,15.379157,1,9.907915e-04
3077,15.384157,2,8.521936e-04
3078,15.389157,1,9.456663e-04
3079,15.394157,3,9.477976e-04
3080,15.399157,1,9.866165e-04
3081,15.404157,2,6.638034e-04
3082,15.409157,0,7.739162e-04
3083,15.414157,0,9.269637e-04
3084,15.419157,4,9.886827e-04
3085,15.424157,2,8.416456e-04
3086,15.429157,1,9.894338e-04
3087,15.434157,3,9.293669e-04
3088,15.439157,1,9.606386e-04
3089,15.444157,1,9.585947e-04
3090,15.449157,2,7.932095e-04
3091,15.454157,2,9.754209e-04
3092,15.459157,1,7.843153e-04
3093,15.464157,1,9.808140e-04
3094,15.469157,2,8.551533e-04
3095,15.474157,1,9.456514e-04
3096,15.479157,2,8.152270e-04
3097,15.484157,2,7.693785e-04
3098,15.489157,0,8.959456e-04
3099,15.494157,1,8.790109e-04
3100,15.499157,1,7.234084e-04
3101,15.504157,0,9.678395e-04
3102,15.509157,1,9.119137e-04
3103,15.514157,2,8.311209e-04
3104,15.519157,3,9.174557e-04
3105,15.524157,2,8.339946e-04
3106,15.529157,1,9.233233e-04
3107,15.534157,0,9.795824e-04
3108,15.539157,1,9.622466e-04
3109,15.544157,2,8.734221e-04
3110,15.549157,1,8.727910e-04
3111,15.554157,2,8.978906e-04
3112,15.559157,2,9.605189e-04
3113,15.564157,1,8.834853e-04
3114,15.569157,1,8.520242e-04
3115,15.574157,0,9.104414e-04
3116,15.579157,2,8.687229e-04
3117,15.584157,3,9.227418e-04
3118,15.589157,1,9.523139e-04
3119,15.594157,2,8.299272e-04
3120,15.599157,1,9.794499e-04
3121,15.604157,3,9.086600e-04
3122,15.609157,2,9.180839e-04
3123,15.614157,1,8.476650e-04
3124,15.619157,2,7.121440e-04
3125,15.624157,1,8.353648e-04
3126,15.629157,2,9.215489e-04
3127,15.634157,1,8.755212e-04
3128,15.639157,2,8.201577e-04
3129,15.644157,1,9.065119e-04
3130,15.649157,1,9.090506e-04
3131,15.654157,2,8.593121e-04
3132,15.659157,2,9.566718e-04
3133,15.664157,2,8.560734e-04
3134,15.669157,1,9.993587e-04
3135,15.674157,1,9.268389e-04
3136,15.679157,0,9.329510e-04
3137,15.684157,0,9.897687e-04
3138,15.689157,1,9.319997e-04
3139,15.694157,2,8.634273e-04
3140,15.699157,2,8.493395e-04
3141,15.704157,0,9.650026e-04
3142,15.709157,1,9.709235e-04
3143,15.714157,1,8.183098e-04
3144,15.719157,0,8.531886e-04
3145,15.724157,0,9.721315e-04
3146,15.729157,2,7.881914e-04
3147,15.734157,2,8.933205e-04
3148,15.739157,1,9.833765e-04
3149,15.744157,2,9.792908e-04
3150,15.749157,1,8.852956e-04
3151,15.754157,1,9.704358e-04
3152,15.759157,1,9.356512e-04
3153,15.764157,2,8.951236e-04
3154,15.769157,2,9.202352e-04
3155,15.774157,2,9.474163e-04
3156,15.779157,1,9.145998e-04
3157,15.784157,1,8.608465e-04
3158,15.789157,0,8.959725e-04
3159,15.794157,0,9.791074e-04
3160,15.799157,1,8.684307e-04
3161,15.804157,2,7.241510e-04
3162,15.809157,0,9.854565e-04
3163,15.814157,1,8.031153e-04
3164,15.819157,2,7.504216e-04
3165,15.824157,2,9.271255e-04
3166,15.829157,2,8.738376e-04
3167,15.834157,3,9.885241e-04
3168,15.839157,1,7.572110e-04
3169,15.844157,1,8.825506e-04
3170,15.849157,1,8.183344e-04
3171,15.854157,2,9.218768e-04
3172,15.859157,1,8.692292e-04
3173,15.864157,1,9.062724e-04
3174,15.869157,0,9.714337e-04
3175,15.874157,1,9.601816e-04
3176,15.879157,2,8.164949e-04
3177,15.884157,1,9.754238e-04
3178,15.889157,2,9.513506e-04
3179,15.894157,1,9.649282e-04
3180,15.899157,2,8.671842e-04
3181,15.904157,2,8.927746e-04
3182,15.909157,1,8.766995e-04
3183,15.914157,1,9.460046e-04
3184,15.919157,1,9.310110e-04
3185,15.924157,0,9.853619e-04
3186,15.929157,3,7.739874e-04
3187,15.934157,2,7.315304e-04
3188,15.939157,1,8.489454e-04
3189,15.944157,0,9.898484e-04
3190,15.949157,4,7.725857e-04
3191,15.954157,2,9.577473e-04
3192,15.959157,3,9.221104e-04
3193,15.964157,1,9.252132e-04
3194,15.969157,1,7.561121e-04
3195,15.974157,0,8.537152e-04
3196,15.979157,0,9.742567e-04
3197,15.984157,2,8.071588e-04
3198,15.989157,1,9.172786e-04
3199,15.994157,1,9.126049e-04
3200,15.999157,2,6.880681e-04
3201,16.004157,0,9.362812e-04
3202,16.009157,2,8.712079e-04
3203,16.014157,1,8.753301e-04
3204,16.019157,1,8.268679e-04
3205,16.024157,0,8.772200e-04
3206,16.029157,0,9.774960e-04
3207,16.034157,2,7.110923e-04
3208,16.039157,0,9.777817e-04
3209,16.044157,2,8.386678e-04
3210,16.049157,1,9.792588e-04
3211,16.054157,1,7.020647e-04
3212,16.059157,0,7.619798e-04
3213,16.064157,0,8.793371e-04
3214,16.069157,2,8.033723e-04
3215,16.074157,1,9.564645e-04
3216,16.079157,2,7.590620e-04
3217,16.084157,1,7.601284e-04
3218,16.089157,0,9.482609e-04
3219,16.094157,2,9.019287e-04
3220,16.099157,2,9.532523e-04
3221,16.104157,1,8.008879e-04
3222,16.109157,1,9.897924e-04
3223,16.114157,2,8.879628e-04
3224,16.119157,1,9.963334e-04
3225,16.124157,1,8.729274e-04
3226,16.129157,0,8.902433e-04
3227,16.134157,0,9.407813e-04
3228,16.139157,0,9.877157e-04
3229,16.144157,1,8.016652e-04
3230,16.149157,2,7.104493e-04
3231,16.154157,0,9.048066e-04
3232,16.159157,2,9.820987e-04
3233,16.164157,2,8.612257e-04
3234,16.169157,1,8.647388e-04
3235,16.174157,0,9.505275e-04
3236,16.179157,1,8.935884e-04
3237,16.184157,0,9.439682e-04
3238,16.189157,1,9.788428e-04
3239,16.194157,1,9.981873e-04
3240,16.199157,0,9.962594e-04
3241,16.204157,1,9.610311e-04
3242,16.209157,1,8.190364e-04
3243,16.214157,0,9.240043e-04
3244,16.219157,2,8.729937e-04
3245,16.224157,1,8.321981e-04
3246,16.229157,2,6.899058e-04
3247,16.234157,0,9.705379e-04
3248,16.239157,1,9.073168e-04
3249,16.244157,2,8.064148e-04
3250,16.249157,3,9.156647e-04
3251,16.254157,2,7.110754e-04
3252,16.259157,1,8.862415e-04
3253,16.264157,0,9.951428e-04
3254,16.269157,3,9.278406e-04
3255,16.274157,2,6.050274e-04
3256,16.279157,0,9.790777e-04
3257,16.284157,2,8.541799e-04
3258,16.289157,2,6.969259e-04
3259,16.294157,1,7.026388e-04
3260,16.299157,0,7.754891e-04
3261,16.304157,0,8.771787e-04
3262,16.309157,0,9.658430e-04
3263,16.314157,1,8.753430e-04
3264,16.319157,3,9.450608e-04
3265,16.324157,1,9.730226e-04
3266,16.329157,1,9.590300e-04
3267,16.334157,3,7.957820e-04
3268,16.339157,2,9.028837e-04
3269,16.344157,1,7.159370e-04
3270,16.349157,0,7.601290e-04
3271,16.354157,0,8.372244e-04
3272,16.359157,0,9.229277e-04
3273,16.364157,1,8.604407e-04
3274,16.369157,2,7.683640e-04
3275,16.374157,1,7.384353e-04
3276,16.379157,2,5.611466e-04
3277,16.384157,0,8.476957e-04
3278,16.389157,2,7.417152e-04
3279,16.394157,1,9.519998e-04
3280,16.399157,1,7.232120e-04
3281,16.404157,0,7.372322e-04
3282,16.409157,0,8.166125e-04
3283,16.414157,0,9.007590e-04
3284,16.419157,0,9.883468e-04
3285,16.424157,1,7.325948e-04
3286,16.429157,3,9.445494e-04
3287,16.434157,3,9.472486e-04
3288,16.439157,2,8.139498e-04
3289,16.444157,1,8.494656e-04
3290,16.449157,0,9.531846e-04
3291,16.454157,1,9.305633e-04
3292,16.459157,1,9.382913e-04
3293,16.464157,0,9.899541e-04
3294,16.469157,2,7.638366e-04
3295,16.474157,2,7.832531e-04
3296,16.479157,1,8.005774e-04
3297,16.484157,2,7.764660e-04
3298,16.489157,1,9.398908e-04
3299,16.494157,1,9.501707e-04
3300,16.499157,1,8.905211e-04
3301,16.504157,2,8.378775e-04
3302,16.509157,1,8.759687e-04
3303,16.514157,4,9.252561e-04
3304,16.519157,2,7.555685e-04
3305,16.524157,1,9.469616e-04
3306,16.529157,1,9.522512e-04
3307,16.534157,1,8.416335e-04
3308,16.539157,1,8.043858e-04
3309,16.544157,2,6.602245e-04
3310,16.549157,2,7.810596e-04
3311,16.554157,2,9.746790e-04
3312,16.559157,2,9.587766e-04
3313,16.564157,1,9.857188e-04
3314,16.569157,2,7.509333e-04
3315,16.574157,0,9.887292e-04
3316,16.579157,1,9.805973e-04
3317,16.584157,2,8.407624e-04
3318,16.589157,1,7.464738e-04
3319,16.594157,2,8.425817e-04
3320,16.599157,2,8.170456e-04
3321,16.604157,1,8.462104e-04
3322,16.609157,0,9.594897e-04
3323,16.614157,1,9.423666e-04
3324,16.619157,0,9.936305e-04
3325,16.624157,1,9.527820e-04
3326,16.629157,1,7.306545e-04
3327,16.634157,0,9.948167e-04
3328,16.639157,6,9.107877e-04
3329,16.644157,1,6.352164e-04
3330,16.649157,0,9.889591e-04
3331,16.654157,2,8.979024e-04
3332,16.659157,2,9.129471e-04
3333,16.664157,2,9.170011e-04
3334,16.669157,2,8.797828e-04
3335,16.674157,1,9.483694e-04
3336,16.679157,0,9.797928e-04
3337,16.684157,1,8.989603e-04
3338,16.689157,0,8.953255e-04
3339,16.694157,0,9.531037e-04
3340,16.699157,1,8.590176e-04
3341,16.704157,1,8.872439e-04
3342,16.709157,2,8.747487e-04
3343,16.714157,1,9.510759e-04
3344,16.719157,1,8.529701e-04
3345,16.724157,2,9.669621e-04
3346,16.729157,1,8.219276e-04
3347,16.734157,1,9.980625e-04
3348,16.739157,1,9.874464e-04
3349,16.744157,3,9.067013e-04
3350,16.749157,2,6.842477e-04
3351,16.754157,1,8.641472e-04
3352,16.759157,0,9.793303e-04
3353,16.764157,3,9.910999e-04
3354,16.769157,2,7.487188e-04
3355,16.774157,1,9.429025e-04
3356,16.779157,1,8.736178e-04
3357,16.784157,0,9.250953e-04
3358,16.789157,1,8.166701e-04
3359,16.794157,4,9.753944e-04
3360,16.799157,1,7.939862e-04
3361,16.804157,0,9.279122e-04
3362,16.809157,3,8.629196e-04
3363,16.814157,2,8.706099e-04
3364,16.819157,2,8.807165e-04
3365,16.824157,1,8.851347e-04
3366,16.829157,0,9.079465e-04
3367,16.834157,0,9.761833e-04
3368,16.839157,1,8.491698e-04
3369,16.844157,0,8.679699e-04
3370,16.849157,0,9.271568e-04
3371,16.854157,0,9.755509e-04
3372,16.859157,1,9.864313e-04
3373,16.864157,1,7.801910e-04
3374,16.869157,0,9.473305e-04
3375,16.874157,2,7.508993e-04
3376,16.879157,1,9.738783e-04
3377,16.884157,1,8.799632e-04
3378,16.889157,0,9.916641e-04
3379,16.894157,1,8.816998e-04
3380,16.899157,1,7.928413e-04
3381,16.904157,2,8.973723e-04
3382,16.909157,6,8.958751e-04
3383,16.914157,3,8.987783e-04
3384,16.919157,1,7.730673e-04
3385,16.924157,2,6.664664e-04
3386,16.929157,0,8.972313e-04
3387,16.934157,2,9.121419e-04
3388,16.939157,1,9.500101e-04
3389,16.944157,1,8.347718e-04
3390,16.949157,0,8.350732e-04
3391,16.954157,0,8.932006e-04
3392,16.959157,0,9.535138e-04
3393,16.964157,1,9.421094e-04
3394,16.969157,2,8.359532e-04
3395,16.974157,1,7.590791e-04
3396,16.979157,2,6.729741e-04
3397,16.984157,0,9.928571e-04
3398,16.989157,1,7.430317e-04
3399,16.994157,2,7.434147e-04
3400,16.999157,1,9.697695e-04
3401,17.004157,1,9.421391e-04
3402,17.009157,3,9.029901e-04
3403,17.014157,2,7.631396e-04
3404,17.019157,2,8.328488e-04
3405,17.024157,1,8.856509e-04
3406,17.029157,0,9.103296e-04
3407,17.034157,0,9.898602e-04
3408,17.039157,1,9.273347e-04
3409,17.044157,0,9.402877e-04
3410,17.049157,0,9.991114e-04
3411,17.054157,3,8.072469e-04
3412,17.059157,3,8.030051e-04
3413,17.064157,2,8.274066e-04
3414,17.069157,2,8.845014e-04
3415,17.074157,1,8.933105e-04
3416,17.079157,1,8.228766e-04
3417,17.084157,0,8.543160e-04
3418,17.089157,0,9.199497e-04
3419,17.094157,0,9.846123e-04
3420,17.099157,6,9.365423e-04
3421,17.104157,1,7.718695e-04
3422,17.109157,2,7.011594e-04
3423,17.114157,1,9.711085e-04
3424,17.119157,1,9.988177e-04
3425,17.124157,1,9.248800e-04
3426,17.129157,4,8.756156e-04
3427,17.134157,2,9.163366e-04
3428,17.139157,4,9.638012e-04
3429,17.144157,2,8.631644e-04
3430,17.149157,2,9.087916e-04
3431,17.154157,2,9.083337e-04
3432,17.159157,1,9.771079e-04
3433,17.164157,1,9.637784e-04
3434,17.169157,0,9.817953e-04
3435,17.174157,3,9.624836e-04
3436,17.179157,2,8.216942e-04
3437,17.184157,2,8.677417e-04
3438,17.189157,1,9.667677e-04
3439,17.194157,1,6.950264e-04
3440,17.199157,0,9.524012e-04
3441,17.204157,1,6.987026e-04
3442,17.209157,2,6.486102e-04
3443,17.214157,0,9.902666e-04
3444,17.219157,2,8.379217e-04
3445,17.224157,2,6.032560e-04
3446,17.229157,0,8.628064e-04
3447,17.234157,1,7.140864e-04
3448,17.239157,0,9.039926e-04
3449,17.244157,1,6.663473e-04
3450,17.249157,0,7.431693e-04
3451,17.254157,0,8.383025e-04
3452,17.259157,0,9.000781e-04
3453,17.264157,0,9.449126e-04
3454,17.269157,0,9.819932e-04
3455,17.274157,1,9.200466e-04
3456,17.279157,1,8.149910e-04
3457,17.284157,0,7.985587e-04
3458,17.289157,0,8.165781e-04
3459,17.294157,0,8.282697e-04
3460,17.299157,0,8.393058e-04
3461,17.304157,0,8.511794e-04
3462,17.309157,0,8.643816e-04
3463,17.314157,0,8.789185e-04
3464,17.319157,0,8.946356e-04
3465,17.324157,0,9.113384e-04
3466,17.329157,0,9.288356e-04
3467,17.334157,0,9.469535e-04
3468,17.339157,0,9.655386e-04
3469,17.344157,0,9.844579e-04
3470,17.349157,2,7.849411e-04
3471,17.354157,1,8.664603e-04
3472,17.359157,2,6.296462e-04
3473,17.364157,1,7.793457e-04
3474,17.369157,2,8.232807e-04
3475,17.374157,2,8.769614e-04
3476,17.379157,2,9.205196e-04
3477,17.384157,1,8.279826e-04
3478,17.389157,0,9.069188e-04
3479,17.394157,1,9.788350e-04
3480,17.399157,2,7.954752e-04
3481,17.404157,3,9.830149e-04
3482,17.409157,2,8.741981e-04
3483,17.414157,2,9.190532e-04
3484,17.419157,1,7.869395e-04
3485,17.424157,1,8.017608e-04
3486,17.429157,2,8.133562e-04
3487,17.434157,1,9.005677e-04
3488,17.439157,1,7.751209e-04
3489,17.444157,0,8.216226e-04
3490,17.449157,0,8.903659e-04
3491,17.454157,0,9.604667e-04
3492,17.459157,1,9.746297e-04
3493,17.464157,2,8.197261e-04
3494,17.469157,1,7.097335e-04
3495,17.474157,0,8.186120e-04
3496,17.479157,0,9.746166e-04
3497,17.484157,1,8.057283e-04
3498,17.489157,4,8.874307e-04
3499,17.494157,3,9.503892e-04
3500,17.499157,2,8.192630e-04
3501,17.504157,1,7.645216e-04
3502,17.509157,0,8.352277e-04
3503,17.514157,0,9.336534e-04
3504,17.519157,1,8.851311e-04
3505,17.524157,2,7.535747e-04
3506,17.529157,2,9.411160e-04
3507,17.534157,5,9.885998e-04
3508,17.539157,2,6.991311e-04
3509,17.544157,1,9.590096e-04
3510,17.549157,3,8.779895e-04
3511,17.554157,2,9.246271e-04
3512,17.559157,2,9.063622e-04
3513,17.564157,1,9.592214e-04
3514,17.569157,1,9.185722e-04
3515,17.574157,0,9.315226e-04
3516,17.579157,0,9.870026e-04
3517,17.584157,3,7.784786e-04
3518,17.589157,3,8.947319e-04
3519,17.594157,2,6.973063e-04
3520,17.599157,1,8.301274e-04
3521,17.604157,0,9.722955e-04
3522,17.609157,1,9.636435e-04
3523,17.614157,1,9.378690e-04
3524,17.619157,0,9.835863e-04
3525,17.624157,3,7.644143e-04
3526,17.629157,1,8.111626e-04
3527,17.634157,3,8.581388e-04
3528,17.639157,2,7.230726e-04
3529,17.644157,1,7.455573e-04
3530,17.649157,0,8.443387e-04
3531,17.654157,0,9.872798e-04
3532,17.659157,3,8.731367e-04
3533,17.664157,2,6.321136e-04
3534,17.669157,1,8.659406e-04
3535,17.674157,1,8.042353e-04
3536,17.679157,0,8.959093e-04
3537,17.684157,2,9.103361e-04
3538,17.689157,2,6.879523e-04
3539,17.694157,1,7.485645e-04
3540,17.699157,0,9.549202e-04
3541,17.704157,3,7.166728e-04
3542,17.709157,2,6.053231e-04
3543,17.714157,1,9.735812e-04
3544,17.719157,1,8.999835e-04
3545,17.724157,0,9.976138e-04
3546,17.729157,2,9.087780e-04
3547,17.734157,2,6.758365e-04
3548,17.739157,1,9.168033e-04
3549,17.744157,3,6.485490e-04
3550,17.749157,1,7.583794e-04
3551,17.754157,1,8.496725e-04
3552,17.759157,1,9.927513e-04
3553,17.764157,1,9.535715e-04
3554,17.769157,0,9.307085e-04
3555,17.774157,0,9.295427e-04
3556,17.779157,0,9.389050e-04
3557,17.784157,0,9.554970e-04
3558,17.789157,0,9.773110e-04
3559,17.794157,1,9.884633e-04
3560,17.799157,0,9.933447e-04
3561,17.804157,0,9.901104e-04
3562,17.809157,0,9.861791e-04
3563,17.814157,0,9.852173e-04
3564,17.819157,0,9.870342e-04
3565,17.824157,0,9.911323e-04
3566,17.829157,0,9.970532e-04
3567,17.834157,1,8.079383e-04
3568,17.839157,0,8.070278e-04
3569,17.844157,0,7.985584e-04
3570,17.849157,0,7.893044e-04
3571,17.854157,0,7.827435e-04
3572,17.859157,0,7.790280e-04
3573,17.864157,0,7.779175e-04
3574,17.869157,0,7.791133e-04
3575,17.874157,0,7.823209e-04
3576,17.879157,0,7.872625e-04
3577,17.884157,0,7.936817e-04
3578,17.889157,0,8.013452e-04
3579,17.894157,0,8.100434e-04
3580,17.899157,0,8.195901e-04
3581,17.904157,0,8.298217e-04
3582,17.909157,0,8.405955e-04
3583,17.914157,0,8.517886e-04
3584,17.919157,0,8.632953e-04
3585,17.924157,0,8.750264e-04
3586,17.929157,0,8.869065e-04
3587,17.934157,0,8.988728e-04
3588,17.939157,0,9.108735e-04
3589,17.944157,0,9.228666e-04
3590,17.949157,0,9.348182e-04
3591,17.954157,0,9.467017e-04
3592,17.959157,0,9.584967e-04
3593,17.964157,0,9.701882e-04
3594,17.969157,0,9.817658e-04
3595,17.974157,0,9.932227e-04
3596,17.979157,2,8.324986e-04
3597,17.984157,1,8.715273e-04
3598,17.989157,1,7.774620e-04
3599,17.994157,0,9.875676e-04
3600,17.999157,1,8.912108e-04
3601,18.004157,2,7.375308e-04
3602,18.009157,1,8.600244e-04
3603,18.014157,2,9.263772e-04
3604,18.019157,3,9.984197e-04
3605,18.024157,2,7.922020e-04
3606,18.029157,1,8.781994e-04
3607,18.034157,2,8.072949e-04
3608,18.039157,1,9.797195e-04
3609,18.044157,1,8.377479e-04
3610,18.049157,0,9.135143e-04
3611,18.054157,0,9.842527e-04
3612,18.059157,1,8.471893e-04
3613,18.064157,2,7.583538e-04
3614,18.069157,0,9.925803e-04
3615,18.074157,1,7.834077e-04
3616,18.079157,2,8.381397e-04
3617,18.084157,1,6.784732e-04
3618,18.089157,2,7.294945e-04
3619,18.094157,2,9.170401e-04
3620,18.099157,1,9.778876e-04
3621,18.104157,1,8.472461e-04
3622,18.109157,0,8.555422e-04
3623,18.114157,0,9.044657e-04
3624,18.119157,0,9.543625e-04
3625,18.124157,1,9.931135e-04
3626,18.129157,1,9.127503e-04
3627,18.134157,2,7.477026e-04
3628,18.139157,1,6.737600e-04
3629,18.144157,0,9.705735e-04
3630,18.149157,2,9.397084e-04
3631,18.154157,2,9.122114e-04
3632,18.159157,2,7.664690e-04
3633,18.164157,3,9.008835e-04
3634,18.169157,6,9.633633e-04
3635,18.174157,2,9.462062e-04
3636,18.179157,1,7.202921e-04
3637,18.184157,2,7.120912e-04
3638,18.189157,2,7.810291e-04
3639,18.194157,1,7.181345e-04
3640,18.199157,0,8.017187e-04
3641,18.204157,0,9.203563e-04
3642,18.209157,1,8.720656e-04
3643,18.214157,2,8.000345e-04
3644,18.219157,1,6.610404e-04
3645,18.224157,0,9.795504e-04
3646,18.229157,3,9.101615e-04
3647,18.234157,2,8.161308e-04
3648,18.239157,1,8.162274e-04
3649,18.244157,2,6.889913e-04
3650,18.249157,0,9.784155e-04
3651,18.254157,1,7.413186e-04
3652,18.259157,2,7.849444e-04
3653,18.264157,4,9.999958e-04
3654,18.269157,2,7.349842e-04
3655,18.274157,1,8.224250e-04
3656,18.279157,0,9.861611e-04
3657,18.284157,4,9.833169e-04
3658,18.289157,2,9.021233e-04
3659,18.294157,3,8.669994e-04
3660,18.299157,1,8.402431e-04
3661,18.304157,1,6.798283e-04
3662,18.309157,0,8.249525e-04
3663,18.314157,0,9.893353e-04
3664,18.319157,3,9.855536e-04
3665,18.324157,2,7.855636e-04
3666,18.329157,2,9.496052e-04
3667,18.334157,1,9.323066e-04
3668,18.339157,0,9.928724e-04
3669,18.344157,1,8.325318e-04
3670,18.349157,0,8.427275e-04
3671,18.354157,0,8.925639e-04
3672,18.359157,0,9.351121e-04
3673,18.364157,0,9.757085e-04
3674,18.369157,3,9.504765e-04
3675,18.374157,2,9.847880e-04
3676,18.379157,2,8.641370e-04
3677,18.384157,2,8.591867e-04
3678,18.389157,1,7.904502e-04
3679,18.394157,0,8.329236e-04
3680,18.399157,0,9.416613e-04
3681,18.404157,1,8.498642e-04
3682,18.409157,0,8.940251e-04
3683,18.414157,0,9.992380e-04
3684,18.419157,3,9.328668e-04
3685,18.424157,3,8.474646e-04
3686,18.429157,1,9.721865e-04
3687,18.434157,2,8.843804e-04
3688,18.439157,1,9.013500e-04
3689,18.444157,1,9.633822e-04
3690,18.449157,1,9.766625e-04
3691,18.454157,1,9.864043e-04
3692,18.459157,1,9.695973e-04
3693,18.464157,0,9.795076e-04
3694,18.469157,1,7.046011e-04
3695,18.474157,2,7.417653e-04
3696,18.479157,4,9.775262e-04
3697,18.484157,2,8.221507e-04
3698,18.489157,2,9.105652e-04
3699,18.494157,1,9.035496e-04
3700,18.499157,0,9.562621e-04
3701,18.504157,1,9.913394e-04
3702,18.509157,1,9.186710e-04
3703,18.514157,0,9.461624e-04
3704,18.519157,0,9.859717e-04
3705,18.524157,1,7.855309e-04
3706,18.529157,2,5.641784e-04
3707,18.534157,0,8.607069e-04
3708,18.539157,1,7.872303e-04
3709,18.544157,2,7.327685e-04
3710,18.549157,2,8.811798e-04
3711,18.554157,2,9.662809e-04
3712,18.559157,2,9.732104e-04
3713,18.564157,1,6.152628e-04
3714,18.569157,0,9.752196e-04
3715,18.574157,4,9.227304e-04
3716,18.579157,1,9.288214e-04
3717,18.584157,3,6.382533e-04
3718,18.589157,1,7.929644e-04
3719,18.594157,1,8.027689e-04
3720,18.599157,0,9.533291e-04
3721,18.604157,3,5.523905e-04
3722,18.609157,2,6.236155e-04
3723,18.614157,0,9.326362e-04
3724,18.619157,1,9.867017e-04
3725,18.624157,1,8.125870e-04
3726,18.629157,0,8.288840e-04
3727,18.634157,0,8.872409e-04
3728,18.639157,0,9.487174e-04
3729,18.644157,2,9.423893e-04
3730,18.649157,1,8.534504e-04
3731,18.654157,1,6.912914e-04
3732,18.659157,0,8.238781e-04
3733,18.664157,0,9.782531e-04
3734,18.669157,2,9.820728e-04
3735,18.674157,1,9.708893e-04
3736,18.679157,1,6.749589e-04
3737,18.684157,0,8.258209e-04
3738,18.689157,2,7.534114e-04
3739,18.694157,1,7.737811e-04
3740,18.699157,1,8.773049e-04
3741,18.704157,1,9.513381e-04
3742,18.709157,1,8.731283e-04
3743,18.714157,0,9.186065e-04
3744,18.719157,0,9.589658e-04
3745,18.724157,0,9.974551e-04
3746,18.729157,3,5.103948e-04
3747,18.734157,0,9.175785e-04
3748,18.739157,3,7.331085e-04
3749,18.744157,2,6.932957e-04
3750,18.749157,1,9.029745e-04
3751,18.754157,1,8.706458e-04
3752,18.759157,0,9.493496e-04
3753,18.764157,2,8.599541e-04
3754,18.769157,1,6.569186e-04
3755,18.774157,2,8.454946e-04
3756,18.779157,1,7.353322e-04
3757,18.784157,0,8.632543e-04
3758,18.789157,0,9.903571e-04
3759,18.794157,2,5.679323e-04
3760,18.799157,1,6.804854e-04
3761,18.804157,0,9.589325e-04
3762,18.809157,1,8.846689e-04
3763,18.814157,1,5.610523e-04
3764,18.819157,0,5.560541e-04
3765,18.824157,0,5.843459e-04
3766,18.829157,0,6.224829e-04
3767,18.834157,0,6.662021e-04
3768,18.839157,0,7.110376e-04
3769,18.844157,0,7.541575e-04
3770,18.849157,0,7.941812e-04
3771,18.854157,0,8.306414e-04
3772,18.859157,0,8.635653e-04
3773,18.864157,0,8.932201e-04
3774,18.869157,0,9.199708e-04
3775,18.874157,0,9.442048e-04
3776,18.879157,0,9.662933e-04
3777,18.884157,0,9.865741e-04
3778,18.889157,2,8.243146e-04
3779,18.894157,2,6.993443e-04
3780,18.899157,1,7.506708e-04
3781,18.904157,0,8.966204e-04
3782,18.909157,1,8.849814e-04
3783,18.914157,0,9.768559e-04
3784,18.919157,1,8.164350e-04
3785,18.924157,0,8.598643e-04
3786,18.929157,0,8.981891e-04
3787,18.934157,0,9.230034e-04
3788,18.939157,0,9.436014e-04
3789,18.944157,0,9.633496e-04
3790,18.949157,0,9.832700e-04
3791,18.954157,1,9.668669e-04
3792,18.959157,1,7.337550e-04
3793,18.964157,0,6.953709e-04
3794,18.969157,0,6.808065e-04
3795,18.974157,0,6.763665e-04
3796,18.979157,0,6.822283e-04
3797,18.984157,0,6.968547e-04
3798,18.989157,0,7.184212e-04
3799,18.994157,0,7.452337e-04
3800,18.999157,0,7.758650e-04
3801,19.004157,0,8.091671e-04
3802,19.009157,0,8.442404e-04
3803,19.014157,0,8.803896e-04
3804,19.019157,0,9.170832e-04
3805,19.024157,0,9.539173e-04
3806,19.029157,0,9.905881e-04
3807,19.034157,1,9.892773e-04
3808,19.039157,3,8.217988e-04
3809,19.044157,1,8.780829e-04
3810,19.049157,1,9.259159e-04
3811,19.054157,3,6.823499e-04
3812,19.059157,2,7.912758e-04
3813,19.064157,1,9.947820e-04
3814,19.069157,1,8.643478e-04
3815,19.074157,0,9.129521e-04
3816,19.079157,2,6.468154e-04
3817,19.084157,2,8.812870e-04
3818,19.089157,1,9.462355e-04
3819,19.094157,4,8.814715e-04
3820,19.099157,3,9.255286e-04
3821,19.104157,2,8.973464e-04
3822,19.109157,2,8.679961e-04
3823,19.114157,1,6.648967e-04
3824,19.119157,0,9.754832e-04
3825,19.124157,4,8.283521e-04
3826,19.129157,2,7.430340e-04
3827,19.134157,1,8.685755e-04
3828,19.139157,0,9.870671e-04
3829,19.144157,3,8.358600e-04
3830,19.149157,2,6.696076e-04
3831,19.154157,2,8.854871e-04
3832,19.159157,2,8.103089e-04
3833,19.164157,1,8.839425e-04
3834,19.169157,0,9.790452e-04
3835,19.174157,1,8.589311e-04
3836,19.179157,0,8.810144e-04
3837,19.184157,0,9.361871e-04
3838,19.189157,0,9.824181e-04
3839,19.194157,3,9.306761e-04
3840,19.199157,3,9.076113e-04
3841,19.204157,1,9.247283e-04
3842,19.209157,1,8.747505e-04
3843,19.214157,3,6.443991e-04
3844,19.219157,2,6.522219e-04
3845,19.224157,0,9.982360e-04
3846,19.229157,2,8.229903e-04
3847,19.234157,2,7.785205e-04
3848,19.239157,1,8.821313e-04
3849,19.244157,0,9.112832e-04
3850,19.249157,0,9.805557e-04
3851,19.254157,1,9.434132e-04
3852,19.259157,0,9.527292e-04
3853,19.264157,1,9.891372e-04
3854,19.269157,0,9.746365e-04
3855,19.274157,0,9.955998e-04
3856,19.279157,1,8.207875e-04
3857,19.284157,2,7.305015e-04
3858,19.289157,5,7.644071e-04
3859,19.294157,1,7.416591e-04
3860,19.299157,2,8.504856e-04
3861,19.304157,1,9.667577e-04
3862,19.309157,2,6.876106e-04
3863,19.314157,4,9.113337e-04
3864,19.319157,2,8.097103e-04
3865,19.324157,1,8.607557e-04
3866,19.329157,2,9.345308e-04
3867,19.334157,1,8.091722e-04
3868,19.339157,1,9.163030e-04
3869,19.344157,1,8.379325e-04
3870,19.349157,2,7.916708e-04
3871,19.354157,3,8.520883e-04
3872,19.359157,2,6.148317e-04
3873,19.364157,0,9.923327e-04
3874,19.369157,2,7.209638e-04
3875,19.374157,1,7.674840e-04
3876,19.379157,0,9.019816e-04
3877,19.384157,1,9.344824e-04
3878,19.389157,1,8.348142e-04
3879,19.394157,0,8.640688e-04
3880,19.399157,0,9.486805e-04
3881,19.404157,1,9.103503e-04
3882,19.409157,2,6.355248e-04
3883,19.414157,0,8.256402e-04
3884,19.419157,4,7.387303e-04
3885,19.424157,2,7.935709e-04
3886,19.429157,2,9.043014e-04
3887,19.434157,4,8.734079e-04
3888,19.439157,2,8.465008e-04
3889,19.444157,4,8.137142e-04
3890,19.449157,2,5.601525e-04
3891,19.454157,0,9.588184e-04
3892,19.459157,2,9.450762e-04
3893,19.464157,2,5.802208e-04
3894,19.469157,0,9.133646e-04
3895,19.474157,1,6.018104e-04
3896,19.479157,0,8.500968e-04
3897,19.484157,1,7.248018e-04
3898,19.489157,0,8.800934e-04
3899,19.494157,1,8.744104e-04
3900,19.499157,0,9.575388e-04
3901,19.504157,1,9.410635e-04
3902,19.509157,0,9.674675e-04
3903,19.514157,1,9.228680e-04
3904,19.519157,0,9.409106e-04
3905,19.524157,0,9.702540e-04
3906,19.529157,1,7.337451e-04
3907,19.534157,2,9.149643e-04
3908,19.539157,1,8.380481e-04
3909,19.544157,3,7.991475e-04
3910,19.549157,2,9.568839e-04
3911,19.554157,2,9.594910e-04
3912,19.559157,1,8.608004e-04
3913,19.564157,2,8.425570e-04
3914,19.569157,4,9.511497e-04
3915,19.574157,2,6.115376e-04
3916,19.579157,1,8.077595e-04
3917,19.584157,0,9.692792e-04
3918,19.589157,3,8.511265e-04
3919,19.594157,2,7.431994e-04
3920,19.599157,2,9.791129e-04
3921,19.604157,2,8.898735e-04
3922,19.609157,1,8.993121e-04
3923,19.614157,0,9.340320e-04
3924,19.619157,1,8.275204e-04
3925,19.624157,0,8.330483e-04
3926,19.629157,0,8.770761e-04
3927,19.634157,0,9.181868e-04
3928,19.639157,0,9.608022e-04
3929,19.644157,1,8.539012e-04
3930,19.649157,2,7.311771e-04
3931,19.654157,1,7.446734e-04
3932,19.659157,2,7.988378e-04
3933,19.664157,2,9.881317e-04
3934,19.669157,1,9.169156e-04
3935,19.674157,3,9.886163e-04
3936,19.679157,1,7.803173e-04
3937,19.684157,2,9.097899e-04
3938,19.689157,2,9.680915e-04
3939,19.694157,1,9.790665e-04
3940,19.699157,1,8.814945e-04
3941,19.704157,1,8.027815e-04
3942,19.709157,2,8.182648e-04
3943,19.714157,1,8.397205e-04
3944,19.719157,5,9.522344e-04
3945,19.724157,3,9.554632e-04
3946,19.729157,2,9.656598e-04
3947,19.734157,2,9.797341e-04
3948,19.739157,1,9.473669e-04
3949,19.744157,1,8.926136e-04
3950,19.749157,0,9.367200e-04
3951,19.754157,6,9.475779e-04
3952,19.759157,1,7.857199e-04
3953,19.764157,3,9.725819e-04
3954,19.769157,2,8.864808e-04
3955,19.774157,5,9.776110e-04
3956,19.779157,2,8.091085e-04
3957,19.784157,1,9.445555e-04
3958,19.789157,4,9.893277e-04
3959,19.794157,3,8.522104e-04
3960,19.799157,1,9.409348e-04
3961,19.804157,1,6.927972e-04
3962,19.809157,0,7.464745e-04
3963,19.814157,0,8.127846e-04
3964,19.819157,0,8.910983e-04
3965,19.824157,0,9.787501e-04
3966,19.829157,1,7.322733e-04
3967,19.834157,2,6.930115e-04
3968,19.839157,1,8.571032e-04
3969,19.844157,1,9.505538e-04
3970,19.849157,3,6.923062e-04
3971,19.854157,2,6.677696e-04
3972,19.859157,1,9.196578e-04
3973,19.864157,1,9.879923e-04
3974,19.869157,3,7.732445e-04
3975,19.874157,2,6.464533e-04
3976,19.879157,1,9.222440e-04
3977,19.884157,3,7.293338e-04
3978,19.889157,1,8.923504e-04
3979,19.894157,1,8.002003e-04
3980,19.899157,2,8.749387e-04
3981,19.904157,1,9.131599e-04
3982,19.909157,2,6.646754e-04
3983,19.914157,1,6.843761e-04
3984,19.919157,0,9.804582e-04
3985,19.924157,2,7.082891e-04
3986,19.929157,1,6.607865e-04
3987,19.934157,0,9.110032e-04
3988,19.939157,2,5.138369e-04
3989,19.944157,0,9.172122e-04
3990,19.949157,2,5.964746e-04
3991,19.954157,0,9.314980e-04
3992,19.959157,1,8.434508e-04
3993,19.964157,1,6.035406e-04
3994,19.969157,0,5.637695e-04
3995,19.974157,0,5.664195e-04
3996,19.979157,0,5.766848e-04
3997,19.984157,0,5.921753e-04
3998,19.989157,0,6.105702e-04
3999,19.994157,0,6.302508e-04
4000,19.999157,0,6.502085e-04
4001,20.004157,0,6.698913e-04
4002,20.009157,0,6.890376e-04
4003,20.014157,0,7.075533e-04
4004,20.019157,0,7.254332e-04
4005,20.024157,0,7.427149e-04
4006,20.029157,0,7.594520e-04
4007,20.034157,0,7.757002e-04
4008,20.039157,0,7.915102e-04
4009,20.044157,0,8.069255e-04
4010,20.049157,0,8.219820e-04
4011,20.054157,0,8.367083e-04
4012,20.059157,0,8.511275e-04
4013,20.064157,0,8.652578e-04
4014,20.069157,0,8.791138e-04
4015,20.074157,0,8.927074e-04
4016,20.079157,0,9.060485e-04
4017,20.084157,0,9.191457e-04
4018,20.089157,0,9.320065e-04
4019,20.094157,0,9.446377e-04
4020,20.099157,0,9.570456e-04
4021,20.104157,0,9.692362e-04
4022,20.109157,0,9.812151e-04
4023,20.114157,0,9.929881e-04
4024,20.119157,4,9.641630e-04
4025,20.124157,3,9.513680e-04
4026,20.129157,2,6.930354e-04
4027,20.134157,1,7.799206e-04
4028,20.139157,0,9.376553e-04
4029,20.144157,3,8.390942e-04
4030,20.149157,1,8.456856e-04
4031,20.154157,1,8.561449e-04
4032,20.159157,3,6.228813e-04
4033,20.164157,1,9.736164e-04
4034,20.169157,1,9.077015e-04
4035,20.174157,2,9.461637e-04
4036,20.179157,1,6.817074e-04
4037,20.184157,0,9.722174e-04
4038,20.189157,2,8.107298e-04
4039,20.194157,1,9.296628e-04
4040,20.199157,2,8.831729e-04
4041,20.204157,1,7.163651e-04
4042,20.209157,0,9.680954e-04
4043,20.214157,2,7.770557e-04
4044,20.219157,1,8.760476e-04
4045,20.224157,1,9.026806e-04
4046,20.229157,0,9.888565e-04
4047,20.234157,1,8.851524e-04
4048,20.239157,0,9.059081e-04
4049,20.244157,0,9.299217e-04
4050,20.249157,0,9.419108e-04
4051,20.254157,0,9.535196e-04
4052,20.259157,0,9.670121e-04
4053,20.264157,0,9.824199e-04
4054,20.269157,0,9.992940e-04
4055,20.274157,1,8.306309e-04
4056,20.279157,0,8.541974e-04
4057,20.284157,0,8.782400e-04
4058,20.289157,0,8.898856e-04
4059,20.294157,0,9.008451e-04
4060,20.299157,0,9.136075e-04
4061,20.304157,0,9.282645e-04
4062,20.309157,0,9.443480e-04
4063,20.314157,0,9.613741e-04
4064,20.319157,0,9.789599e-04
4065,20.324157,0,9.968270e-04
4066,20.329157,1,8.149061e-04
4067,20.334157,4,9.595711e-04
4068,20.339157,1,7.780734e-04
4069,20.344157,4,9.550819e-04
4070,20.349157,2,6.584284e-04
4071,20.354157,0,9.469344e-04
4072,20.359157,1,8.301534e-04
4073,20.364157,1,8.061445e-04
4074,20.369157,0,9.273374e-04
4075,20.374157,1,9.119889e-04
4076,20.379157,2,6.453437e-04
4077,20.384157,0,9.723407e-04
4078,20.389157,6,9.449942e-04
4079,20.394157,4,8.652863e-04
4080,20.399157,2,7.868510e-04
4081,20.404157,1,9.608114e-04
4082,20.409157,1,9.423567e-04
4083,20.414157,3,8.158565e-04
4084,20.419157,2,7.971744e-04
4085,20.424157,1,7.369142e-04
4086,20.429157,0,8.702110e-04
4087,20.434157,3,9.242501e-04
4088,20.439157,2,7.378457e-04
4089,20.444157,1,9.422668e-04
4090,20.449157,3,7.549247e-04
4091,20.454157,1,9.860981e-04
4092,20.459157,3,7.352112e-04
4093,20.464157,2,6.599510e-04
4094,20.469157,1,8.179017e-04
4095,20.474157,1,8.544786e-04
4096,20.479157,0,9.020427e-04
4097,20.484157,0,9.770392e-04
4098,20.489157,3,6.982575e-04
4099,20.494157,2,8.505192e-04
4100,20.499157,2,8.114753e-04
4101,20.504157,1,8.222603e-04
4102,20.509157,0,8.681421e-04
4103,20.514157,0,9.509075e-04
4104,20.519157,1,7.426872e-04
4105,20.524157,0,7.257026e-04
4106,20.529157,0,7.581051e-04
4107,20.534157,0,7.895099e-04
4108,20.539157,0,8.191712e-04
4109,20.544157,0,8.481528e-04
4110,20.549157,0,8.775371e-04
4111,20.554157,0,9.078641e-04
4112,20.559157,0,9.392832e-04
4113,20.564157,0,9.717303e-04
4114,20.569157,3,9.676863e-04
4115,20.574157,2,7.876382e-04
4116,20.579157,1,7.230827e-04
4117,20.584157,0,8.606885e-04
4118,20.589157,3,9.012313e-04
4119,20.594157,2,7.236963e-04
4120,20.599157,1,8.969905e-04
4121,20.604157,1,9.751484e-04
4122,20.609157,3,5.810148e-04
4123,20.614157,0,9.544172e-04
4124,20.619157,3,6.974586e-04
4125,20.624157,2,6.254977e-04
4126,20.629157,1,8.538779e-04
4127,20.634157,1,8.620963e-04
4128,20.639157,0,9.305943e-04
4129,20.644157,2,8.060850e-04
4130,20.649157,1,7.004412e-04
4131,20.654157,2,8.809593e-04
4132,20.659157,1,6.659685e-04
4133,20.664157,0,8.043635e-04
4134,20.669157,0,9.601013e-04
4135,20.674157,2,5.182719e-04
4136,20.679157,1,7.326989e-04
4137,20.684157,1,6.743323e-04
4138,20.689157,0,8.096851e-04
4139,20.694157,0,9.043304e-04
4140,20.699157,0,9.727659e-04
4141,20.704157,1,8.936925e-04
4142,20.709157,0,9.905308e-04
4143,20.714157,1,5.236807e-04
4144,20.719157,0,5.577629e-04
4145,20.724157,0,6.136924e-04
4146,20.729157,0,6.609452e-04
4147,20.734157,0,7.060556e-04
4148,20.739157,0,7.499176e-04
4149,20.744157,0,7.918195e-04
4150,20.749157,0,8.310999e-04
4151,20.754157,0,8.674574e-04
4152,20.759157,0,9.008741e-04
4153,20.764157,0,9.315012e-04
4154,20.769157,0,9.595767e-04
4155,20.774157,0,9.853736e-04
4156,20.779157,2,9.027131e-04
4157,20.784157,2,9.159296e-04
4158,20.789157,1,6.764475e-04
4159,20.794157,0,8.012052e-04
4160,20.799157,0,9.269572e-04
4161,20.804157,2,7.382690e-04
4162,20.809157,1,8.320812e-04
4163,20.814157,1,8.123218e-04
4164,20.819157,0,8.816709e-04
4165,20.824157,0,9.365474e-04
4166,20.829157,0,9.744756e-04
4167,20.834157,1,7.767433e-04
4168,20.839157,0,8.157013e-04
4169,20.844157,0,8.578303e-04
4170,20.849157,0,8.875141e-04
4171,20.854157,0,9.156907e-04
4172,20.859157,0,9.454987e-04
4173,20.864157,0,9.770985e-04
4174,20.869157,1,9.378718e-04
4175,20.874157,1,8.330112e-04
4176,20.879157,0,8.296394e-04
4177,20.884157,0,8.391993e-04
4178,20.889157,0,8.465783e-04
4179,20.894157,0,8.555838e-04
4180,20.899157,0,8.668774e-04
4181,20.904157,0,8.802594e-04
4182,20.909157,0,8.953258e-04
4183,20.914157,0,9.116883e-04
4184,20.919157,0,9.290257e-04
4185,20.924157,0,9.470839e-04
4186,20.929157,0,9.656653e-04
4187,20.934157,0,9.846161e-04
4188,20.939157,1,8.713857e-04
4189,20.944157,2,7.832579e-04
4190,20.949157,1,9.720616e-04
4191,20.954157,5,8.949471e-04
4192,20.959157,3,9.123299e-04
4193,20.964157,1,9.171497e-04
4194,20.969157,1,9.102991e-04
4195,20.974157,0,9.844791e-04
4196,20.979157,1,8.911792e-04
4197,20.984157,4,8.203224e-04
4198,20.989157,2,8.483597e-04
4199,20.994157,2,7.777715e-04
4200,20.999157,1,9.817725e-04
4201,21.004157,1,9.441190e-04
4202,21.009157,0,9.896314e-04
4203,21.014157,1,7.681476e-04
4204,21.019157,1,7.663571e-04
4205,21.024157,2,7.494167e-04
4206,21.029157,5,9.824704e-04
4207,21.034157,2,8.291765e-04
4208,21.039157,1,8.859699e-04
4209,21.044157,1,6.838122e-04
4210,21.049157,2,6.504478e-04
4211,21.054157,1,9.403449e-04
4212,21.059157,1,8.904131e-04
4213,21.064157,0,9.742572e-04
4214,21.069157,3,9.490526e-04
4215,21.074157,2,6.956253e-04
4216,21.079157,2,9.003263e-04
4217,21.084157,2,8.043129e-04
4218,21.089157,1,8.282023e-04
4219,21.094157,0,9.304449e-04
4220,21.099157,1,9.270249e-04
4221,21.104157,1,9.614447e-04
4222,21.109157,0,9.781739e-04
4223,21.114157,3,7.243174e-04
4224,21.119157,1,9.041813e-04
4225,21.124157,3,8.458701e-04
4226,21.129157,2,8.066438e-04
4227,21.134157,1,9.163721e-04
4228,21.139157,1,9.108910e-04
4229,21.144157,0,9.839893e-04
4230,21.149157,3,7.120914e-04
4231,21.154157,2,8.041785e-04
4232,21.159157,2,7.347632e-04
4233,21.164157,1,8.442817e-04
4234,21.169157,0,9.390110e-04
4235,21.174157,1,9.215919e-04
4236,21.179157,0,9.723418e-04
4237,21.184157,3,8.319444e-04
4238,21.189157,1,9.692812e-04
4239,21.194157,3,9.098904e-04
4240,21.199157,2,8.482900e-04
4241,21.204157,2,8.499547e-04
4242,21.209157,1,8.598005e-04
4243,21.214157,0,9.304101e-04
4244,21.219157,1,8.600126e-04
4245,21.224157,0,8.696844e-04
4246,21.229157,0,9.146682e-04
4247,21.234157,0,9.601553e-04
4248,21.239157,3,7.009923e-04
4249,21.244157,2,7.495047e-04
4250,21.249157,1,8.306968e-04
4251,21.254157,1,9.951088e-04
4252,21.259157,3,5.940403e-04
4253,21.264157,0,9.886906e-04
4254,21.269157,3,8.581829e-04
4255,21.274157,2,6.706267e-04
4256,21.279157,1,6.925926e-04
4257,21.284157,0,8.138902e-04
4258,21.289157,0,9.636765e-04
4259,21.294157,2,8.559092e-04
4260,21.299157,1,9.184594e-04
4261,21.304157,1,7.329723e-04
4262,21.309157,0,8.178751e-04
4263,21.314157,0,9.092357e-04
4264,21.319157,0,9.988376e-04
4265,21.324157,3,4.998785e-04
4266,21.329157,1,8.029104e-04
4267,21.334157,1,7.678291e-04
4268,21.339157,0,9.939526e-04
4269,21.344157,3,4.710617e-04
4270,21.349157,0,9.752476e-04
4271,21.354157,2,9.697682e-04
4272,21.359157,2,4.760022e-04
4273,21.364157,0,8.302012e-04
4274,21.369157,1,6.248553e-04
4275,21.374157,0,9.301423e-04
4276,21.379157,1,7.181411e-04
4277,21.384157,0,9.010508e-04
4278,21.389157,1,6.575192e-04
4279,21.394157,0,7.241252e-04
4280,21.399157,0,7.710818e-04
4281,21.404157,0,7.986856e-04
4282,21.409157,0,8.187055e-04
4283,21.414157,0,8.360620e-04
4284,21.419157,0,8.528706e-04
4285,21.424157,0,8.699605e-04
4286,21.429157,0,8.875691e-04
4287,21.434157,0,9.056741e-04
4288,21.439157,0,9.241550e-04
4289,21.444157,0,9.428687e-04
4290,21.449157,0,9.616820e-04
4291,21.454157,0,9.804836e-04
4292,21.459157,0,9.991860e-04
4293,21.464157,3,9.917635e-04
4294,21.469157,3,7.954147e-04
4295,21.474157,1,9.673391e-04
4296,21.479157,1,7.054323e-04
4297,21.484157,0,7.832092e-04
4298,21.489157,0,8.738168e-04
4299,21.494157,0,9.682135e-04
4300,21.499157,3,8.670116e-04
4301,21.504157,2,7.628786e-04
4302,21.509157,1,9.336792e-04
4303,21.514157,1,9.051103e-04
4304,21.519157,0,9.988775e-04
4305,21.524157,2,9.321899e-04
4306,21.529157,2,7.781639e-04
4307,21.534157,1,7.834321e-04
4308,21.539157,0,8.734114e-04
4309,21.544157,1,7.616248e-04
4310,21.549157,0,8.069576e-04
4311,21.554157,0,8.812388e-04
4312,21.559157,0,9.644876e-04
4313,21.564157,3,7.232617e-04
4314,21.569157,2,8.023160e-04
4315,21.574157,2,8.773631e-04
4316,21.579157,2,8.624826e-04
4317,21.584157,1,8.357655e-04
4318,21.589157,0,9.184253e-04
4319,21.594157,1,7.386284e-04
4320,21.599157,0,7.541089e-04
4321,21.604157,0,8.294286e-04
4322,21.609157,0,8.966641e-04
4323,21.614157,0,9.590168e-04
4324,21.619157,3,8.603008e-04
4325,21.624157,3,9.733334e-04
4326,21.629157,1,9.849785e-04
4327,21.634157,1,8.600751e-04
4328,21.639157,0,9.818647e-04
4329,21.644157,1,6.297982e-04
4330,21.649157,2,7.283438e-04
4331,21.654157,2,8.576434e-04
4332,21.659157,4,7.105808e-04
4333,21.664157,1,9.334411e-04
4334,21.669157,1,9.673607e-04
4335,21.674157,3,7.049063e-04
4336,21.679157,2,6.691235e-04
4337,21.684157,1,8.404901e-04
4338,21.689157,1,8.080876e-04
4339,21.694157,0,9.045281e-04
4340,21.699157,2,6.968262e-04
4341,21.704157,1,7.857480e-04
4342,21.709157,3,6.602862e-04
4343,21.714157,1,8.213508e-04
4344,21.719157,1,8.745048e-04
4345,21.724157,1,9.042332e-04
4346,21.729157,0,9.543398e-04
4347,21.734157,1,9.378313e-04
4348,21.739157,0,9.586009e-04
4349,21.744157,0,9.894402e-04
4350,21.749157,1,8.710946e-04
4351,21.754157,0,8.708420e-04
4352,21.759157,0,8.796659e-04
4353,21.764157,0,8.810560e-04
4354,21.769157,0,8.829183e-04
4355,21.774157,0,8.870716e-04
4356,21.779157,0,8.937054e-04
4357,21.784157,0,9.024971e-04
4358,21.789157,0,9.130238e-04
4359,21.794157,0,9.248865e-04
4360,21.799157,0,9.377434e-04
4361,21.804157,0,9.513131e-04
4362,21.809157,0,9.653684e-04
4363,21.814157,0,9.797285e-04
4364,21.819157,0,9.942508e-04
4365,21.824157,3,6.630840e-04
4366,21.829157,2,6.221963e-04
4367,21.834157,0,9.600493e-04
4368,21.839157,2,7.788095e-04
4369,21.844157,1,9.106875e-04
4370,21.849157,0,9.888512e-04
4371,21.854157,1,9.720935e-04
4372,21.859157,0,9.968442e-04
4373,21.864157,3,8.776334e-04
4374,21.869157,2,5.654495e-04
4375,21.874157,0,9.590374e-04
4376,21.879157,4,8.943321e-04
4377,21.884157,2,6.687533e-04
4378,21.889157,1,7.881915e-04
4379,21.894157,0,9.460691e-04
4380,21.899157,3,7.630093e-04
4381,21.904157,1,9.715729e-04
4382,21.909157,1,8.846829e-04
4383,21.914157,3,5.000465e-04
4384,21.919157,0,9.999166e-04
4385,21.924157,2,8.831862e-04
4386,21.929157,2,6.154945e-04
4387,21.934157,1,6.754859e-04
4388,21.939157,0,7.781973e-04
4389,21.944157,0,9.287615e-04
4390,21.949157,2,7.774044e-04
4391,21.954157,1,5.146611e-04
4392,21.959157,0,6.913148e-04
4393,21.964157,0,9.126727e-04
4394,21.969157,1,9.224710e-04
4395,21.974157,1,7.339588e-04
4396,21.979157,0,6.994794e-04
4397,21.984157,0,7.082958e-04
4398,21.989157,0,7.259097e-04
4399,21.994157,0,7.499547e-04
4400,21.999157,0,7.777910e-04
4401,22.004157,0,8.075053e-04
4402,22.009157,0,8.377930e-04
4403,22.014157,0,8.678279e-04
4404,22.019157,0,8.971191e-04
4405,22.024157,0,9.253971e-04
4406,22.029157,0,9.525321e-04
4407,22.034157,0,9.784802e-04
4408,22.039157,2,7.791848e-04
4409,22.044157,1,9.655424e-04
4410,22.049157,1,7.880835e-04
4411,22.054157,1,9.008047e-04
4412,22.059157,1,8.650322e-04
4413,22.064157,0,9.590513e-04
4414,22.069157,3,5.061400e-04
4415,22.074157,0,9.718683e-04
4416,22.079157,3,7.916895e-04
4417,22.084157,2,5.607087e-04
4418,22.089157,0,9.714257e-04
4419,22.094157,1,9.385844e-04
4420,22.099157,1,7.955086e-04
4421,22.104157,0,8.644458e-04
4422,22.109157,0,9.323187e-04
4423,22.114157,0,9.853242e-04
4424,22.119157,1,9.225796e-04
4425,22.124157,0,9.808016e-04
4426,22.129157,1,6.753283e-04
4427,22.134157,0,6.804167e-04
4428,22.139157,0,6.966897e-04
4429,22.144157,0,7.099054e-04
4430,22.149157,0,7.257892e-04
4431,22.154157,0,7.455084e-04
4432,22.159157,0,7.685851e-04
4433,22.164157,0,7.941129e-04
4434,22.169157,0,8.212124e-04
4435,22.174157,0,8.491581e-04
4436,22.179157,0,8.773897e-04
4437,22.184157,0,9.054895e-04
4438,22.189157,0,9.331536e-04
4439,22.194157,0,9.601668e-04
4440,22.199157,0,9.863819e-04
4441,22.204157,3,8.794689e-04
4442,22.209157,1,6.647016e-04
4443,22.214157,1,9.826581e-04
4444,22.219157,1,6.916599e-04
4445,22.224157,0,7.566133e-04
4446,22.229157,0,8.563517e-04
4447,22.234157,0,9.641661e-04
4448,22.239157,2,7.166329e-04
4449,22.244157,2,8.424170e-04
4450,22.249157,1,9.627257e-04
4451,22.254157,1,8.975985e-04
4452,22.259157,0,9.778242e-04
4453,22.264157,3,8.823732e-04
4454,22.269157,2,7.597767e-04
4455,22.274157,2,8.653385e-04
4456,22.279157,1,9.889618e-04
4457,22.284157,1,8.408697e-04
4458,22.289157,0,8.626274e-04
4459,22.294157,0,9.163724e-04
4460,22.299157,0,9.718521e-04
4461,22.304157,3,7.786186e-04
4462,22.309157,2,8.539824e-04
4463,22.314157,3,9.796295e-04
4464,22.319157,1,9.935477e-04
4465,22.324157,1,6.850820e-04
4466,22.329157,0,7.198885e-04
4467,22.334157,0,7.945159e-04
4468,22.339157,0,8.729840e-04
4469,22.344157,0,9.556246e-04
4470,22.349157,3,7.661991e-04
4471,22.354157,2,7.973988e-04
4472,22.359157,1,9.361627e-04
4473,22.364157,1,8.257486e-04
4474,22.369157,0,9.084569e-04
4475,22.374157,2,7.721176e-04
4476,22.379157,1,8.842338e-04
4477,22.384157,1,9.367120e-04
4478,22.389157,3,5.172374e-04
4479,22.394157,0,9.110671e-04
4480,22.399157,2,7.898161e-04
4481,22.404157,2,5.535076e-04
4482,22.409157,0,9.342337e-04
4483,22.414157,1,6.827218e-04
4484,22.419157,0,9.126432e-04
4485,22.424157,1,7.994045e-04
4486,22.429157,0,8.531412e-04
4487,22.434157,0,9.448725e-04
4488,22.439157,1,7.636708e-04
4489,22.444157,0,7.596366e-04
4490,22.449157,0,7.961741e-04
4491,22.454157,0,8.251899e-04
4492,22.459157,0,8.481602e-04
4493,22.464157,0,8.680829e-04
4494,22.469157,0,8.870011e-04
4495,22.474157,0,9.059655e-04
4496,22.479157,0,9.254205e-04
4497,22.484157,0,9.454887e-04
4498,22.489157,0,9.661378e-04
4499,22.494157,0,9.872713e-04
4500,22.499157,1,8.671734e-04
4501,22.504157,1,8.679191e-04
4502,22.509157,2,8.063889e-04
4503,22.514157,1,9.347711e-04
4504,22.519157,2,9.661295e-04
4505,22.524157,1,9.242478e-04
4506,22.529157,2,6.917116e-04
4507,22.534157,2,8.919371e-04
4508,22.539157,1,9.663840e-04
4509,22.544157,1,9.391692e-04
4510,22.549157,0,9.784538e-04
4511,22.554157,3,9.908227e-04
4512,22.559157,1,9.865582e-04
4513,22.564157,1,9.981543e-04
4514,22.569157,3,7.348550e-04
4515,22.574157,2,7.458293e-04
4516,22.579157,1,8.764776e-04
4517,22.584157,1,8.708418e-04
4518,22.589157,0,9.443833e-04
4519,22.594157,3,9.198879e-04
4520,22.599157,2,8.220547e-04
4521,22.604157,2,9.664702e-04
4522,22.609157,1,9.278329e-04
4523,22.614157,1,9.114308e-04
4524,22.619157,0,9.596313e-04
4525,22.624157,3,8.778431e-04
4526,22.629157,4,8.902031e-04
4527,22.634157,2,8.274495e-04
4528,22.639157,1,9.743677e-04
4529,22.644157,1,8.513774e-04
4530,22.649157,0,8.794932e-04
4531,22.654157,0,9.519407e-04
4532,22.659157,1,8.578967e-04
4533,22.664157,1,8.595502e-04
4534,22.669157,2,7.747633e-04
4535,22.674157,2,8.173917e-04
4536,22.679157,1,9.790934e-04
4537,22.684157,1,7.963360e-04
4538,22.689157,0,8.030282e-04
4539,22.694157,0,8.633072e-04
4540,22.699157,0,9.214228e-04
4541,22.704157,0,9.796439e-04
4542,22.709157,1,9.559637e-04
4543,22.714157,3,9.723217e-04
4544,22.719157,1,7.928095e-04
4545,22.724157,2,7.222645e-04
4546,22.729157,2,8.825873e-04
4547,22.734157,1,8.843606e-04
4548,22.739157,1,9.215968e-04
4549,22.744157,0,9.594142e-04
4550,22.749157,1,9.693107e-04
4551,22.754157,2,6.293925e-04
4552,22.759157,0,9.555884e-04
4553,22.764157,4,9.242211e-04
4554,22.769157,1,7.511603e-04
4555,22.774157,2,6.840425e-04
4556,22.779157,2,8.937933e-04
4557,22.784157,2,6.717982e-04
4558,22.789157,1,8.027113e-04
4559,22.794157,0,8.724608e-04
4560,22.799157,0,9.769124e-04
4561,22.804157,1,9.824168e-04
4562,22.809157,1,9.408496e-04
4563,22.814157,0,9.300948e-04
4564,22.819157,0,9.723204e-04
4565,22.824157,3,9.680588e-04
4566,22.829157,2,8.667974e-04
4567,22.834157,2,9.736785e-04
4568,22.839157,2,9.828405e-04
4569,22.844157,2,9.503378e-04
4570,22.849157,1,7.636305e-04
4571,22.854157,0,9.988204e-04
4572,22.859157,5,9.508203e-04
4573,22.864157,3,9.715684e-04
4574,22.869157,2,8.340507e-04
4575,22.874157,1,8.097021e-04
4576,22.879157,0,8.626704e-04
4577,22.884157,0,9.432775e-04
4578,22.889157,1,9.475500e-04
4579,22.894157,0,9.883934e-04
4580,22.899157,1,8.807171e-04
4581,22.904157,0,9.094107e-04
4582,22.909157,0,9.597516e-04
4583,22.914157,0,9.991002e-04
4584,22.919157,1,9.091684e-04
4585,22.924157,1,8.352122e-04
4586,22.929157,1,7.624964e-04
4587,22.934157,0,9.267282e-04
4588,22.939157,1,8.455108e-04
4589,22.944157,3,9.714973e-04
4590,22.949157,3,9.439615e-04
4591,22.954157,2,9.443762e-04
4592,22.959157,2,9.074258e-04
4593,22.964157,1,9.307895e-04
4594,22.969157,1,8.829372e-04
4595,22.974157,0,9.063753e-04
4596,22.979157,0,9.763423e-04
4597,22.984157,1,9.676032e-04
4598,22.989157,2,6.647123e-04
4599,22.994157,4,9.027117e-04
4600,22.999157,3,9.652382e-04
4601,23.004157,2,7.467412e-04
4602,23.009157,1,7.215762e-04
4603,23.014157,1,9.220032e-04
4604,23.019157,1,8.435190e-04
4605,23.024157,3,5.799282e-04
4606,23.029157,2,7.719632e-04
4607,23.034157,1,9.211763e-04
4608,23.039157,1,9.271517e-04
4609,23.044157,0,9.826482e-04
4610,23.049157,1,7.864114e-04
4611,23.054157,4,7.422330e-04
4612,23.059157,2,7.586757e-04
4613,23.064157,1,8.830562e-04
4614,23.069157,0,9.551409e-04
4615,23.074157,1,9.270285e-04
4616,23.079157,0,9.860757e-04
4617,23.084157,1,8.787501e-04
4618,23.089157,2,7.954851e-04
4619,23.094157,3,9.260869e-04
4620,23.099157,1,9.981632e-04
4621,23.104157,1,8.403333e-04
4622,23.109157,3,7.517343e-04
4623,23.114157,2,8.562604e-04
4624,23.119157,2,6.690377e-04
4625,23.124157,1,6.759299e-04
4626,23.129157,0,7.277266e-04
4627,23.134157,0,8.144616e-04
4628,23.139157,0,8.879081e-04
4629,23.144157,0,9.529975e-04
4630,23.149157,1,9.438119e-04
4631,23.154157,1,7.986231e-04
4632,23.159157,0,7.799012e-04
4633,23.164157,0,8.082915e-04
4634,23.169157,0,8.382426e-04
4635,23.174157,0,8.709429e-04
4636,23.179157,0,9.051504e-04
4637,23.184157,0,9.400992e-04
4638,23.189157,0,9.753013e-04
4639,23.194157,4,9.502782e-04
4640,23.199157,1,6.868760e-04
4641,23.204157,5,8.220594e-04
4642,23.209157,1,9.633018e-04
4643,23.214157,3,6.791582e-04
4644,23.219157,2,6.104198e-04
4645,23.224157,0,8.869213e-04
4646,23.229157,1,9.711680e-04
4647,23.234157,1,8.412421e-04
4648,23.239157,0,8.650280e-04
4649,23.244157,0,9.333662e-04
4650,23.249157,1,8.604079e-04
4651,23.254157,2,8.158984e-04
4652,23.259157,1,8.040234e-04
4653,23.264157,0,9.145183e-04
4654,23.269157,5,8.724148e-04
4655,23.274157,3,9.054009e-04
4656,23.279157,2,7.763901e-04
4657,23.284157,1,9.440190e-04
4658,23.289157,5,9.105102e-04
4659,23.294157,2,8.919161e-04
4660,23.299157,4,9.499024e-04
4661,23.304157,2,7.106653e-04
4662,23.309157,1,7.492786e-04
4663,23.314157,0,8.861860e-04
4664,23.319157,3,8.232141e-04
4665,23.324157,1,9.303907e-04
4666,23.329157,3,6.967116e-04
4667,23.334157,1,9.339164e-04
4668,23.339157,1,8.536872e-04
4669,23.344157,3,4.259991e-04
4670,23.349157,0,8.832665e-04
4671,23.354157,2,6.796944e-04
4672,23.359157,1,9.895784e-04
4673,23.364157,1,9.016919e-04
4674,23.369157,1,9.380263e-04
4675,23.374157,0,9.408131e-04
4676,23.379157,0,9.776649e-04
4677,23.384157,1,8.851928e-04
4678,23.389157,0,8.805874e-04
4679,23.394157,0,8.966305e-04
4680,23.399157,0,9.165566e-04
4681,23.404157,0,9.417073e-04
4682,23.409157,0,9.703766e-04
4683,23.414157,2,8.473372e-04
4684,23.419157,2,7.497791e-04
4685,23.424157,1,7.520097e-04
4686,23.429157,0,8.783327e-04
4687,23.434157,1,9.968439e-04
4688,23.439157,1,7.312057e-04
4689,23.444157,0,7.362787e-04
4690,23.449157,0,7.756622e-04
4691,23.454157,0,8.255684e-04
4692,23.459157,0,8.841646e-04
4693,23.464157,0,9.479900e-04
4694,23.469157,4,7.909808e-04
4695,23.474157,3,8.278315e-04
4696,23.479157,2,7.849062e-04
4697,23.484157,4,8.787821e-04
4698,23.489157,1,9.495577e-04
4699,23.494157,1,9.252653e-04
4700,23.499157,3,6.995591e-04
4701,23.504157,2,6.483392e-04
4702,23.509157,1,8.693981e-04
4703,23.514157,1,9.306310e-04
4704,23.519157,3,5.551502e-04
4705,23.524157,0,9.894766e-04
4706,23.529157,2,9.473301e-04
4707,23.534157,2,6.825185e-04
4708,23.539157,1,7.405950e-04
4709,23.544157,0,7.693056e-04
4710,23.549157,0,8.552045e-04
4711,23.554157,0,9.480289e-04
4712,23.559157,1,9.668248e-04
4713,23.564157,0,9.681905e-04
4714,23.569157,1,7.982453e-04
4715,23.574157,0,7.848863e-04
4716,23.579157,0,7.981995e-04
4717,23.584157,0,8.162566e-04
4718,23.589157,0,8.385420e-04
4719,23.594157,0,8.633906e-04
4720,23.599157,0,8.896607e-04
4721,23.604157,0,9.165908e-04
4722,23.609157,0,9.436902e-04
4723,23.614157,0,9.706491e-04
4724,23.619157,0,9.972741e-04
4725,23.624157,4,8.695448e-04
4726,23.629157,3,7.775470e-04
4727,23.634157,2,6.621458e-04
4728,23.639157,1,8.304341e-04
4729,23.644157,0,9.966859e-04
4730,23.649157,5,8.148872e-04
4731,23.654157,3,9.205906e-04
4732,23.659157,2,9.002012e-04
4733,23.664157,4,9.546982e-04
4734,23.669157,2,5.735615e-04
4735,23.674157,1,8.146775e-04
4736,23.679157,3,8.432561e-04
4737,23.684157,1,9.545475e-04
4738,23.689157,1,8.649144e-04
4739,23.694157,3,4.345848e-04
4740,23.699157,0,9.416083e-04
4741,23.704157,2,8.804128e-04
4742,23.709157,2,4.802589e-04
4743,23.714157,0,9.297050e-04
4744,23.719157,1,9.680939e-04
4745,23.724157,1,9.153089e-04
4746,23.729157,0,9.261524e-04
4747,23.734157,0,9.667632e-04
4748,23.739157,1,7.047003e-04
4749,23.744157,0,7.067277e-04
4750,23.749157,0,7.368827e-04
4751,23.754157,0,7.673995e-04
4752,23.759157,0,8.009454e-04
4753,23.764157,0,8.369865e-04
4754,23.769157,0,8.746054e-04
4755,23.774157,0,9.129385e-04
4756,23.779157,0,9.513124e-04
4757,23.784157,0,9.892408e-04
4758,23.789157,3,8.356056e-04
4759,23.794157,2,7.826625e-04
4760,23.799157,1,8.477278e-04
4761,23.804157,0,9.635132e-04
4762,23.809157,3,8.344313e-04
4763,23.814157,2,6.967963e-04
4764,23.819157,1,8.140808e-04
4765,23.824157,1,8.425567e-04
4766,23.829157,0,9.643389e-04
4767,23.834157,3,6.328113e-04
4768,23.839157,2,7.187424e-04
4769,23.844157,1,9.409364e-04
4770,23.849157,1,9.952739e-04
4771,23.854157,2,8.927796e-04
4772,23.859157,1,8.519501e-04
4773,23.864157,2,9.147830e-04
4774,23.869157,1,8.178936e-04
4775,23.874157,1,9.222347e-04
4776,23.879157,0,9.814216e-04
4777,23.884157,1,7.375124e-04
4778,23.889157,0,7.587992e-04
4779,23.894157,0,7.924315e-04
4780,23.899157,0,8.274191e-04
4781,23.904157,0,8.681631e-04
4782,23.909157,0,9.135747e-04
4783,23.914157,0,9.618127e-04
4784,23.919157,3,7.910382e-04
4785,23.924157,2,8.493411e-04
4786,23.929157,2,7.463652e-04
4787,23.934157,2,8.512901e-04
4788,23.939157,1,8.423065e-04
4789,23.944157,0,8.754655e-04
4790,23.949157,0,9.696462e-04
4791,23.954157,1,9.775870e-04
4792,23.959157,1,9.520242e-04
4793,23.964157,0,9.552870e-04
4794,23.969157,0,9.962837e-04
4795,23.974157,1,7.738281e-04
4796,23.979157,3,8.117538e-04
4797,23.984157,3,8.970579e-04
4798,23.989157,2,8.289565e-04
4799,23.994157,2,9.809722e-04
4800,23.999157,2,9.769706e-04
4801,24.004157,5,9.852537e-04
4802,24.009157,1,8.174468e-04
4803,24.014157,5,8.604396e-04
4804,24.019157,3,8.249836e-04
4805,24.024157,1,8.743761e-04
4806,24.029157,1,9.452622e-04
4807,24.034157,3,8.404153e-04
4808,24.039157,2,7.832512e-04
4809,24.044157,1,7.124619e-04
4810,24.049157,0,7.908453e-04
4811,24.054157,0,9.430208e-04
4812,24.059157,2,9.545885e-04
4813,24.064157,1,9.422751e-04
4814,24.069157,1,8.809088e-04
4815,24.074157,0,9.263582e-04
4816,24.079157,0,9.927644e-04
4817,24.084157,1,8.838773e-04
4818,24.089157,0,9.332403e-04
4819,24.094157,0,9.943543e-04
4820,24.099157,1,9.840674e-04
4821,24.104157,1,8.970331e-04
4822,24.109157,0,8.945170e-04
4823,24.114157,0,9.115515e-04
4824,24.119157,0,9.254987e-04
4825,24.124157,0,9.422854e-04
4826,24.129157,0,9.622457e-04
4827,24.134157,0,9.847974e-04
4828,24.139157,3,7.711009e-04
4829,24.144157,2,6.393009e-04
4830,24.149157,2,7.425136e-04
4831,24.154157,1,9.318110e-04
4832,24.159157,1,8.558107e-04
4833,24.164157,0,9.354545e-04
4834,24.169157,3,8.925755e-04
4835,24.174157,2,7.519683e-04
4836,24.179157,2,8.574483e-04
4837,24.184157,2,8.835878e-04
4838,24.189157,1,9.842544e-04
4839,24.194157,1,8.803003e-04
4840,24.199157,0,8.826939e-04
4841,24.204157,0,9.357843e-04
4842,24.209157,0,9.941274e-04
4843,24.214157,3,8.526675e-04
4844,24.219157,3,7.580006e-04
4845,24.224157,4,7.525271e-04
4846,24.229157,2,7.877455e-04
4847,24.234157,1,9.108774e-04
4848,24.239157,1,8.126201e-04
4849,24.244157,0,8.802063e-04
4850,24.249157,0,9.863137e-04
4851,24.254157,1,7.519126e-04
4852,24.259157,2,5.179601e-04
4853,24.264157,1,9.550962e-04
4854,24.269157,1,5.903103e-04
4855,24.274157,0,8.906615e-04
4856,24.279157,2,8.911479e-04
4857,24.284157,2,7.755929e-04
4858,24.289157,1,9.521232e-04
4859,24.294157,1,7.465772e-04
4860,24.299157,0,7.296694e-04
4861,24.304157,0,7.621961e-04
4862,24.309157,0,7.914693e-04
4863,24.314157,0,8.211335e-04
4864,24.319157,0,8.513682e-04
4865,24.324157,0,8.821911e-04
4866,24.329157,0,9.134929e-04
4867,24.334157,0,9.451454e-04
4868,24.339157,0,9.770208e-04
4869,24.344157,3,9.276807e-04
4870,24.349157,1,9.648141e-04
4871,24.354157,3,6.813300e-04
4872,24.359157,2,6.591351e-04
4873,24.364157,1,8.007309e-04
4874,24.369157,0,9.413278e-04
4875,24.374157,1,7.886937e-04
4876,24.379157,0,8.531850e-04
4877,24.384157,0,9.456738e-04
4878,24.389157,3,9.091497e-04
4879,24.394157,2,8.686522e-04
4880,24.399157,2,6.710920e-04
4881,24.404157,1,8.152470e-04
4882,24.409157,1,9.527779e-04
4883,24.414157,4,9.241109e-04
4884,24.419157,2,6.691271e-04
4885,24.424157,3,9.256397e-04
4886,24.429157,2,9.226803e-04
4887,24.434157,2,6.957945e-04
4888,24.439157,1,8.902651e-04
4889,24.444157,1,7.933884e-04
4890,24.449157,0,7.981485e-04
4891,24.454157,0,8.443173e-04
4892,24.459157,0,8.859045e-04
4893,24.464157,0,9.271836e-04
4894,24.469157,0,9.692843e-04
4895,24.474157,3,7.959610e-04
4896,24.479157,2,8.596200e-04
4897,24.484157,2,7.465003e-04
4898,24.489157,2,9.154735e-04
4899,24.494157,1,7.498749e-04
4900,24.499157,0,8.485464e-04
4901,24.504157,0,9.926762e-04
4902,24.509157,1,7.684904e-04
4903,24.514157,2,5.550944e-04
4904,24.519157,3,9.463260e-04
4905,24.524157,1,9.279742e-04
4906,24.529157,3,8.327721e-04
4907,24.534157,1,9.180206e-04
4908,24.539157,1,9.535627e-04
4909,24.544157,1,9.329675e-04
4910,24.549157,1,9.072018e-04
4911,24.554157,0,9.672176e-04
4912,24.559157,1,9.090012e-04
4913,24.564157,0,9.713437e-04
4914,24.569157,1,8.895873e-04
4915,24.574157,0,9.465693e-04
4916,24.579157,0,9.739657e-04
4917,24.584157,0,9.976092e-04
4918,24.589157,1,9.178809e-04
4919,24.594157,0,8.921124e-04
4920,24.599157,0,8.851026e-04
4921,24.604157,0,8.862942e-04
4922,24.609157,0,8.938870e-04
4923,24.614157,0,9.066880e-04
4924,24.619157,0,9.236441e-04
4925,24.624157,0,9.438319e-04
4926,24.629157,0,9.664692e-04
4927,24.634157,0,9.909090e-04
4928,24.639157,3,9.699988e-04
4929,24.644157,3,8.331538e-04
4930,24.649157,2,7.165246e-04
4931,24.654157,2,8.664853e-04
4932,24.659157,1,8.161269e-04
4933,24.664157,0,9.459581e-04
4934,24.669157,3,9.752009e-04
4935,24.674157,1,7.153838e-04
4936,24.679157,1,8.703876e-04
4937,24.684157,4,8.192045e-04
4938,24.689157,3,7.251041e-04
4939,24.694157,1,7.599845e-04
4940,24.699157,0,9.669614e-04
4941,24.704157,2,8.381554e-04
4942,24.709157,1,9.238368e-04
4943,24.714157,2,8.114763e-04
4944,24.719157,1,9.005868e-04
4945,24.724157,1,8.569167e-04
4946,24.729157,0,9.420065e-04
4947,24.734157,1,8.020632e-04
4948,24.739157,0,8.694151e-04
4949,24.744157,0,9.111176e-04
4950,24.749157,0,9.413309e-04
4951,24.754157,0,9.735419e-04
4952,24.759157,1,9.497058e-04
4953,24.764157,1,8.511817e-04
4954,24.769157,0,8.985525e-04
4955,24.774157,0,9.290662e-04
4956,24.779157,0,9.486303e-04
4957,24.784157,0,9.680283e-04
4958,24.789157,0,9.886342e-04
4959,24.794157,1,8.856353e-04
4960,24.799157,1,7.405071e-04
4961,24.804157,0,9.853624e-04
4962,24.809157,2,8.695225e-04
4963,24.814157,2,9.355476e-04
4964,24.819157,1,9.518637e-04
4965,24.824157,1,9.583621e-04
4966,24.829157,3,9.875720e-04
4967,24.834157,2,8.785328e-04
4968,24.839157,1,9.479770e-04
4969,24.844157,1,7.579148e-04
4970,24.849157,0,8.642084e-04
4971,24.854157,1,8.190601e-04
4972,24.859157,2,7.056901e-04
4973,24.864157,4,8.908091e-04
4974,24.869157,2,8.942125e-04
4975,24.874157,2,8.172886e-04
4976,24.879157,1,8.358121e-04
4977,24.884157,0,9.342402e-04
4978,24.889157,1,8.981258e-04
4979,24.894157,0,9.437766e-04
4980,24.899157,3,8.801191e-04
4981,24.904157,2,9.173985e-04
4982,24.909157,3,9.488031e-04
4983,24.914157,1,9.180420e-04
4984,24.919157,1,8.175587e-04
4985,24.924157,0,9.597594e-04
4986,24.929157,2,9.282102e-04
4987,24.934157,1,7.871656e-04
4988,24.939157,3,6.283976e-04
4989,24.944157,1,9.832643e-04
4990,24.949157,1,6.895794e-04
4991,24.954157,0,8.444214e-04
4992,24.959157,0,9.596291e-04
4993,24.964157,2,8.961170e-04
4994,24.969157,1,9.059232e-04
4995,24.974157,2,8.501843e-04
4996,24.979157,1,7.288120e-04
4997,24.984157,0,9.152115e-04
4998,24.989157,1,8.041132e-04
4999,24.994157,0,9.348662e-04
5000,24.999157,1,7.406778e-04
5001,25.004157,0,8.471302e-04
5002,25.009157,0,9.139918e-04
5003,25.014157,0,9.560683e-04
5004,25.019157,0,9.909791e-04
5005,25.024157,1,9.998686e-04
5006,25.029157,1,8.196491e-04
5007,25.034157,0,8.554112e-04
5008,25.039157,0,8.817673e-04
5009,25.044157,0,8.980598e-04
5010,25.049157,0,9.135819e-04
5011,25.054157,0,9.302970e-04
5012,25.059157,0,9.482211e-04
5013,25.064157,0,9.669516e-04
5014,25.069157,0,9.860932e-04
5015,25.074157,1,9.433969e-04
5016,25.079157,2,9.017734e-04
5017,25.084157,1,7.637122e-04
5018,25.089157,0,9.108948e-04
5019,25.094157,1,7.755129e-04
5020,25.099157,2,6.197070e-04
5021,25.104157,0,8.655974e-04
5022,25.109157,1,9.134680e-04
5023,25.114157,1,6.637426e-04
5024,25.119157,0,7.312124e-04
5025,25.124157,0,8.201584e-04
5026,25.129157,0,9.087382e-04
5027,25.134157,0,9.976165e-04
5028,25.139157,1,7.433900e-04
5029,25.144157,1,9.155735e-04
5030,25.149157,3,7.073515e-04
5031,25.154157,1,9.212100e-04
5032,25.159157,1,7.683205e-04
5033,25.164157,0,9.613590e-04
5034,25.169157,3,9.091820e-04
5035,25.174157,2,7.197947e-04
5036,25.179157,2,6.859286e-04
5037,25.184157,1,8.412949e-04
5038,25.189157,0,9.249460e-04
5039,25.194157,1,7.443365e-04
5040,25.199157,0,7.823287e-04
5041,25.204157,0,8.471748e-04
5042,25.209157,0,9.101755e-04
5043,25.214157,0,9.730599e-04
5044,25.219157,3,9.212017e-04
5045,25.224157,3,9.028624e-04
5046,25.229157,2,7.339850e-04
5047,25.234157,2,9.576764e-04
5048,25.239157,2,7.580554e-04
5049,25.244157,1,8.511821e-04
5050,25.249157,0,9.777633e-04
5051,25.254157,1,7.848263e-04
5052,25.259157,0,7.984208e-04
5053,25.264157,0,8.653105e-04
5054,25.269157,0,9.223363e-04
5055,25.274157,0,9.716508e-04
5056,25.279157,1,9.958363e-04
5057,25.284157,1,9.131122e-04
5058,25.289157,0,8.977153e-04
5059,25.294157,0,9.144788e-04
5060,25.299157,0,9.336847e-04
5061,25.304157,0,9.563805e-04
5062,25.309157,0,9.821108e-04
5063,25.314157,1,8.064709e-04
5064,25.319157,2,8.537603e-04
5065,25.324157,4,9.242038e-04
5066,25.329157,3,9.088354e-04
5067,25.334157,2,8.584171e-04
5068,25.339157,1,7.641167e-04
5069,25.344157,2,5.683653e-04
5070,25.349157,0,9.309890e-04
5071,25.354157,4,8.110165e-04
5072,25.359157,2,8.458023e-04
5073,25.364157,4,8.772875e-04
5074,25.369157,1,9.755605e-04
5075,25.374157,1,9.535009e-04
5076,25.379157,3,6.027854e-04
5077,25.384157,2,6.102531e-04
5078,25.389157,1,8.454104e-04
5079,25.394157,0,9.525719e-04
5080,25.399157,2,8.743167e-04
5081,25.404157,1,6.687105e-04
5082,25.409157,0,8.939503e-04
5083,25.414157,1,8.088116e-04
5084,25.419157,0,9.464713e-04
5085,25.424157,1,8.996515e-04
5086,25.429157,1,8.903385e-04
5087,25.434157,0,9.168039e-04
5088,25.439157,0,9.601402e-04
5089,25.444157,0,9.959438e-04
5090,25.449157,3,9.340871e-04
5091,25.454157,2,9.353302e-04
5092,25.459157,2,8.239029e-04
5093,25.464157,1,8.561184e-04
5094,25.469157,0,9.567919e-04
5095,25.474157,1,8.375405e-04
5096,25.479157,0,8.425070e-04
5097,25.484157,0,9.211155e-04
5098,25.489157,1,7.446679e-04
5099,25.494157,2,6.228337e-04
5100,25.499157,0,8.992667e-04
5101,25.504157,2,8.882408e-04
5102,25.509157,2,8.227823e-04
5103,25.514157,1,8.264683e-04
5104,25.519157,0,9.684104e-04
5105,25.524157,1,8.664572e-04
5106,25.529157,2,5.801870e-04
5107,25.534157,0,8.841847e-04
5108,25.539157,4,8.483333e-04
5109,25.544157,3,8.435502e-04
5110,25.549157,2,6.417949e-04
5111,25.554157,1,8.708830e-04
5112,25.559157,1,8.581033e-04
5113,25.564157,0,9.678236e-04
5114,25.569157,3,8.718534e-04
5115,25.574157,2,7.359512e-04
5116,25.579157,1,6.986890e-04
5117,25.584157,0,8.885437e-04
5118,25.589157,4,7.993120e-04
5119,25.594157,2,8.090692e-04
5120,25.599157,4,7.982360e-04
5121,25.604157,2,7.508621e-04
5122,25.609157,1,9.504643e-04
5123,25.614157,1,7.960016e-04
5124,25.619157,0,8.977180e-04
5125,25.624157,3,5.142387e-04
5126,25.629157,1,8.498472e-04
5127,25.634157,3,9.869052e-04
5128,25.639157,1,8.720861e-04
5129,25.644157,1,7.197227e-04
5130,25.649157,0,8.451973e-04
5131,25.654157,0,9.976316e-04
5132,25.659157,2,9.023723e-04
5133,25.664157,1,8.716964e-04
5134,25.669157,2,8.918612e-04
5135,25.674157,1,7.210478e-04
5136,25.679157,0,9.484604e-04
5137,25.684157,2,6.632820e-04
5138,25.689157,1,7.624830e-04
5139,25.694157,0,9.608218e-04
5140,25.699157,1,9.938776e-04
5141,25.704157,1,6.761634e-04
5142,25.709157,0,6.585904e-04
5143,25.714157,0,6.698233e-04
5144,25.719157,0,6.886092e-04
5145,25.724157,0,7.160619e-04
5146,25.729157,0,7.491005e-04
5147,25.734157,0,7.849132e-04
5148,25.739157,0,8.215766e-04
5149,25.744157,0,8.579253e-04
5150,25.749157,0,8.933030e-04
5151,25.754157,0,9.273700e-04
5152,25.759157,0,9.599755e-04
5153,25.764157,0,9.910793e-04
5154,25.769157,2,9.359261e-04
5155,25.774157,2,6.534399e-04
5156,25.779157,1,8.230817e-04
5157,25.784157,1,8.786090e-04
5158,25.789157,1,9.877332e-04
5159,25.794157,1,9.300078e-04
5160,25.799157,0,9.383381e-04
5161,25.804157,0,9.671212e-04
5162,25.809157,0,9.940583e-04
5163,25.814157,3,5.041688e-04
5164,25.819157,0,9.951325e-04
5165,25.824157,3,7.376127e-04
5166,25.829157,2,4.867807e-04
5167,25.834157,0,9.647682e-04
5168,25.839157,3,6.943950e-04
5169,25.844157,1,8.097641e-04
5170,25.849157,1,7.384619e-04
5171,25.854157,0,9.397299e-04
5172,25.859157,3,4.532460e-04
5173,25.864157,0,9.803970e-04
5174,25.869157,3,5.886149e-04
5175,25.874157,2,5.481695e-04
5176,25.879157,0,9.589898e-04
5177,25.884157,1,8.746607e-04
5178,25.889157,1,7.103071e-04
5179,25.894157,0,7.508572e-04
5180,25.899157,0,8.168763e-04
5181,25.904157,0,8.758839e-04
5182,25.909157,0,9.290384e-04
5183,25.914157,0,9.770040e-04
5184,25.919157,1,9.984500e-04
5185,25.924157,1,6.298271e-04
5186,25.929157,0,6.134995e-04
5187,25.934157,0,6.416668e-04
5188,25.939157,0,6.792242e-04
5189,25.944157,0,7.193571e-04
5190,25.949157,0,7.586621e-04
5191,25.954157,0,7.959006e-04
5192,25.959157,0,8.307928e-04
5193,25.964157,0,8.634316e-04
5194,25.969157,0,8.940191e-04
5195,25.974157,0,9.227609e-04
5196,25.979157,0,9.498313e-04
5197,25.984157,0,9.753684e-04
5198,25.989157,0,9.994794e-04
5199,25.994157,2,7.786755e-04
5200,25.999157,1,9.712329e-04
5201,26.004157,1,6.703667e-04
5202,26.009157,0,8.045344e-04
5203,26.014157,0,9.647288e-04
5204,26.019157,2,7.739798e-04
5205,26.024157,1,9.080511e-04
5206,26.029157,1,7.603407e-04
5207,26.034157,0,9.806667e-04
5208,26.039157,2,8.899854e-04
5209,26.044157,1,8.905013e-04
5210,26.049157,2,9.330847e-04
5211,26.054157,1,6.144722e-04
5212,26.059157,0,7.769404e-04
5213,26.064157,0,9.251498e-04
5214,26.069157,1,9.856134e-04
5215,26.074157,1,5.182216e-04
5216,26.079157,0,5.276173e-04
5217,26.084157,0,5.836338e-04
5218,26.089157,0,6.446579e-04
5219,26.094157,0,7.035394e-04
5220,26.099157,0,7.576330e-04
5221,26.104157,0,8.064196e-04
5222,26.109157,0,8.502444e-04
5223,26.114157,0,8.897304e-04
5224,26.119157,0,9.255311e-04
5225,26.124157,0,9.582393e-04
5226,26.129157,0,9.883632e-04
5227,26.134157,2,6.373002e-04
5228,26.139157,1,8.679233e-04
5229,26.144157,0,9.736075e-04
5230,26.149157,1,7.695773e-04
5231,26.154157,0,8.100937e-04
5232,26.159157,0,8.543963e-04
5233,26.164157,0,8.924444e-04
5234,26.169157,0,9.295269e-04
5235,26.174157,0,9.666329e-04
5236,26.179157,2,7.362024e-04
5237,26.184157,1,9.586256e-04
5238,26.189157,2,9.567014e-04
5239,26.194157,1,6.365319e-04
5240,26.199157,0,8.320529e-04
5241,26.204157,2,5.182257e-04
5242,26.209157,0,9.686082e-04
5243,26.214157,2,5.863812e-04
5244,26.219157,1,8.534513e-04
5245,26.224157,0,9.630669e-04
5246,26.229157,1,7.913876e-04
5247,26.234157,0,8.149514e-04
5248,26.239157,0,8.478135e-04
5249,26.244157,0,8.723832e-04
5250,26.249157,0,8.934394e-04
5251,26.254157,0,9.125680e-04
5252,26.259157,0,9.302582e-04
5253,26.264157,0,9.466893e-04
5254,26.269157,0,9.619871e-04
5255,26.274157,0,9.762798e-04
5256,26.279157,0,9.897010e-04
5257,26.284157,1,9.601593e-04
5258,26.289157,0,9.209210e-04
5259,26.294157,0,9.184952e-04
5260,26.299157,0,9.285255e-04
5261,26.304157,0,9.492850e-04
5262,26.309157,0,9.767152e-04
5263,26.314157,1,6.268066e-04
5264,26.319157,0,6.288727e-04
5265,26.324157,0,6.438074e-04
5266,26.329157,0,6.532324e-04
5267,26.334157,0,6.607634e-04
5268,26.339157,0,6.678862e-04
5269,26.344157,0,6.750511e-04
5270,26.349157,0,6.823387e-04
5271,26.354157,0,6.897301e-04
5272,26.359157,0,6.971926e-04
5273,26.364157,0,7.047018e-04
5274,26.369157,0,7.122442e-04
5275,26.374157,0,7.198152e-04
5276,26.379157,0,7.274161e-04
5277,26.384157,0,7.350524e-04
5278,26.389157,0,7.427316e-04
5279,26.394157,0,7.504620e-04
5280,26.399157,0,7.582522e-04
5281,26.404157,0,7.661099e-04
5282,26.409157,0,7.740421e-04
5283,26.414157,0,7.820546e-04
5284,26.419157,0,7.901521e-04
5285,26.424157,0,7.983381e-04
5286,26.429157,0,8.066148e-04
5287,26.434157,0,8.149835e-04
5288,26.439157,0,8.234446e-04
5289,26.444157,0,8.319977e-04
5290,26.449157,0,8.406416e-04
5291,26.454157,0,8.493747e-04
5292,26.459157,0,8.581948e-04
5293,26.464157,0,8.670994e-04
5294,26.469157,0,8.760855e-04
5295,26.474157,0,8.851502e-04
5296,26.479157,0,8.942903e-04
5297,26.484157,0,9.035023e-04
5298,26.489157,0,9.127829e-04
5299,26.494157,0,9.221286e-04
5300,26.499157,0,9.315361e-04
5301,26.504157,0,9.410018e-04
5302,26.509157,0,9.505225e-04
5303,26.514157,0,9.600949e-04
5304,26.519157,0,9.697157e-04
5305,26.524157,0,9.793818e-04
5306,26.529157,0,9.890901e-04
5307,26.534157,0,9.988377e-04
5308,26.539157,2,9.145217e-04
5309,26.544157,3,9.104462e-04
5310,26.549157,6,8.115122e-04
5311,26.554157,1,8.010918e-04
5312,26.559157,2,8.261126e-04
5313,26.564157,2,7.613622e-04
5314,26.569157,3,7.673713e-04
5315,26.574157,1,9.286771e-04
5316,26.579157,6,9.191254e-04
5317,26.584157,1,6.516106e-04
5318,26.589157,2,7.314257e-04
5319,26.594157,2,8.620431e-04
5320,26.599157,2,8.488869e-04
5321,26.604157,1,9.696111e-04
5322,26.609157,1,9.185511e-04
5323,26.614157,0,9.307407e-04
5324,26.619157,0,9.973329e-04
5325,26.624157,2,8.990011e-04
5326,26.629157,1,8.585554e-04
5327,26.634157,5,9.520476e-04
5328,26.639157,3,9.797703e-04
5329,26.644157,2,8.604220e-04
5330,26.649157,3,9.462446e-04
5331,26.654157,1,9.775621e-04
5332,26.659157,1,9.622856e-04
5333,26.664157,2,7.760026e-04
5334,26.669157,0,9.829012e-04
5335,26.674157,1,7.961564e-04
5336,26.679157,2,7.806171e-04
5337,26.684157,2,9.359954e-04
5338,26.689157,4,9.609993e-04
5339,26.694157,2,7.750715e-04
5340,26.699157,2,9.279296e-04
5341,26.704157,1,9.508323e-04
5342,26.709157,1,8.967339e-04
5343,26.714157,0,9.155378e-04
5344,26.719157,0,9.723420e-04
5345,26.724157,1,8.519285e-04
5346,26.729157,1,7.721610e-04
5347,26.734157,0,8.913701e-04
5348,26.739157,2,4.897513e-04
5349,26.744157,0,8.608529e-04
5350,26.749157,1,7.047204e-04
5351,26.754157,0,8.855002e-04
5352,26.759157,1,8.840033e-04
5353,26.764157,0,9.329540e-04
5354,26.769157,1,8.738720e-04
5355,26.774157,0,9.079522e-04
5356,26.779157,0,9.769217e-04
5357,26.784157,2,8.912340e-04
5358,26.789157,1,7.691348e-04
5359,26.794157,1,8.408070e-04
5360,26.799157,4,9.973936e-04
5361,26.804157,2,9.841086e-04
5362,26.809157,1,8.598064e-04
5363,26.814157,2,8.271545e-04
5364,26.819157,4,9.791069e-04
5365,26.824157,2,7.461383e-04
5366,26.829157,2,9.621417e-04
5367,26.834157,1,9.148627e-04
5368,26.839157,1,9.798255e-04
5369,26.844157,1,9.968404e-04
5370,26.849157,4,9.530563e-04
5371,26.854157,1,6.369376e-04
5372,26.859157,0,8.371139e-04
5373,26.864157,3,8.712035e-04
5374,26.869157,3,7.832139e-04
5375,26.874157,2,8.915799e-04
5376,26.879157,1,9.149238e-04
5377,26.884157,0,9.806070e-04
5378,26.889157,3,9.831532e-04
5379,26.894157,2,7.596138e-04
5380,26.899157,1,8.876507e-04
5381,26.904157,0,9.756693e-04
5382,26.909157,1,8.776450e-04
5383,26.914157,0,9.239915e-04
5384,26.919157,0,9.760696e-04
5385,26.924157,5,8.433620e-04
5386,26.929157,4,7.757235e-04
5387,26.934157,2,6.655493e-04
5388,26.939157,1,7.694857e-04
5389,26.944157,0,8.981144e-04
5390,26.949157,3,9.313845e-04
5391,26.954157,2,8.240616e-04
5392,26.959157,2,8.400996e-04
5393,26.964157,1,9.146950e-04
5394,26.969157,0,9.507620e-04
5395,26.974157,1,8.778231e-04
5396,26.979157,0,8.781484e-04
5397,26.984157,0,9.287833e-04
5398,26.989157,0,9.820199e-04
5399,26.994157,3,9.975138e-04
5400,26.999157,4,9.387928e-04
5401,27.004157,2,8.633413e-04
5402,27.009157,1,9.145796e-04
5403,27.014157,1,9.036427e-04
5404,27.019157,0,9.663195e-04
5405,27.024157,1,6.671505e-04
5406,27.029157,2,8.456594e-04
5407,27.034157,5,9.575997e-04
5408,27.039157,2,8.690366e-04
5409,27.044157,1,8.497406e-04
5410,27.049157,3,8.063109e-04
5411,27.054157,2,6.439812e-04
5412,27.059157,1,6.393869e-04
5413,27.064157,0,8.062770e-04
5414,27.069157,2,9.358124e-04
5415,27.074157,1,9.126199e-04
5416,27.079157,1,8.761658e-04
5417,27.084157,0,9.409192e-04
5418,27.089157,3,6.581666e-04
5419,27.094157,1,8.143337e-04
5420,27.099157,1,8.439860e-04
5421,27.104157,1,9.898440e-04
5422,27.109157,1,9.902616e-04
5423,27.114157,1,9.806742e-04
5424,27.119157,1,8.844815e-04
5425,27.124157,0,9.786914e-04
5426,27.129157,0,9.983186e-04
5427,27.134157,1,7.369168e-04
5428,27.139157,0,8.435867e-04
5429,27.144157,0,8.786465e-04
5430,27.149157,0,9.013610e-04
5431,27.154157,0,9.269457e-04
5432,27.159157,0,9.578659e-04
5433,27.164157,0,9.936387e-04
5434,27.169157,3,8.667538e-04
5435,27.174157,3,7.710183e-04
5436,27.179157,1,9.505818e-04
5437,27.184157,1,9.283024e-04
5438,27.189157,3,5.661850e-04
5439,27.194157,2,6.036751e-04
5440,27.199157,0,9.199816e-04
5441,27.204157,1,9.552959e-04
5442,27.209157,1,7.683429e-04
5443,27.214157,0,8.038288e-04
5444,27.219157,0,8.873065e-04
5445,27.224157,0,9.774590e-04
5446,27.229157,1,8.032856e-04
5447,27.234157,4,7.730724e-04
5448,27.239157,1,9.839864e-04
5449,27.244157,3,9.234261e-04
5450,27.249157,2,8.752033e-04
5451,27.254157,1,7.637135e-04
5452,27.259157,0,8.896173e-04
5453,27.264157,1,7.853757e-04
5454,27.269157,2,5.545597e-04
5455,27.274157,0,8.405307e-04
5456,27.279157,5,9.965677e-04
5457,27.284157,4,9.847688e-04
5458,27.289157,2,7.397272e-04
5459,27.294157,1,8.907004e-04
5460,27.299157,1,9.491907e-04
5461,27.304157,2,8.682629e-04
5462,27.309157,1,9.950474e-04
5463,27.314157,3,6.671055e-04
5464,27.319157,2,5.612988e-04
5465,27.324157,0,9.211600e-04
5466,27.329157,1,8.122641e-04
5467,27.334157,1,8.771593e-04
5468,27.339157,0,9.556750e-04
5469,27.344157,1,9.638730e-04
5470,27.349157,1,9.027816e-04
5471,27.354157,0,8.998419e-04
5472,27.359157,0,9.268554e-04
5473,27.364157,0,9.545158e-04
5474,27.369157,0,9.872917e-04
5475,27.374157,1,9.913080e-04
5476,27.379157,5,8.367894e-04
5477,27.384157,2,7.938371e-04
5478,27.389157,2,8.559664e-04
5479,27.394157,1,8.377938e-04
5480,27.399157,2,7.235623e-04
5481,27.404157,1,9.525639e-04
5482,27.409157,3,8.210268e-04
5483,27.414157,2,8.247369e-04
5484,27.419157,2,7.765673e-04
5485,27.424157,1,8.399379e-04
5486,27.429157,0,9.453153e-04
5487,27.434157,4,8.104065e-04
5488,27.439157,3,9.719176e-04
5489,27.444157,2,6.618997e-04
5490,27.449157,1,6.973585e-04
5491,27.454157,0,8.744016e-04
5492,27.459157,1,9.950895e-04
5493,27.464157,1,9.293063e-04
5494,27.469157,3,8.524432e-04
5495,27.474157,3,9.542494e-04
5496,27.479157,2,6.896535e-04
5497,27.484157,1,9.533715e-04
5498,27.489157,4,8.553366e-04
5499,27.494157,2,8.762124e-04
5500,27.499157,3,9.767863e-04
5501,27.504157,2,6.079948e-04
5502,27.509157,1,7.615757e-04
5503,27.514157,0,8.883274e-04
5504,27.519157,1,9.573951e-04
5505,27.524157,1,8.862853e-04
5506,27.529157,0,9.060220e-04
5507,27.534157,0,9.745054e-04
5508,27.539157,1,7.707410e-04
5509,27.544157,3,9.054551e-04
5510,27.549157,1,9.882929e-04
5511,27.554157,5,8.713613e-04
5512,27.559157,3,8.661428e-04
5513,27.564157,1,7.264393e-04
5514,27.569157,0,8.481809e-04
5515,27.574157,2,9.796594e-04
5516,27.579157,1,8.893356e-04
5517,27.584157,1,9.240227e-04
5518,27.589157,1,7.748818e-04
5519,27.594157,0,7.830464e-04
5520,27.599157,0,8.462180e-04
5521,27.604157,0,9.202734e-04
5522,27.609157,2,9.056944e-04
5523,27.614157,1,7.110149e-04
5524,27.619157,0,9.669746e-04
5525,27.624157,3,5.294545e-04
5526,27.629157,1,8.624568e-04
5527,27.634157,1,7.372640e-04
5528,27.639157,0,8.625356e-04
5529,27.644157,0,9.945849e-04
5530,27.649157,2,9.254788e-04
5531,27.654157,2,8.017838e-04
5532,27.659157,1,8.438580e-04
5533,27.664157,0,9.944811e-04
5534,27.669157,2,8.835789e-04
5535,27.674157,1,8.306564e-04
5536,27.679157,1,7.903582e-04
5537,27.684157,0,9.006953e-04
5538,27.689157,1,8.972968e-04
5539,27.694157,0,9.930861e-04
5540,27.699157,1,8.154386e-04
5541,27.704157,0,8.525296e-04
5542,27.709157,0,8.788513e-04
5543,27.714157,0,8.878454e-04
5544,27.719157,0,8.934347e-04
5545,27.724157,0,8.998285e-04
5546,27.729157,0,9.080004e-04
5547,27.734157,0,9.179235e-04
5548,27.739157,0,9.293271e-04
5549,27.744157,0,9.419164e-04
5550,27.749157,0,9.554322e-04
5551,27.754157,0,9.696613e-04
5552,27.759157,0,9.844324e-04
5553,27.764157,0,9.996088e-04
5554,27.769157,1,9.805488e-04
5555,27.774157,1,8.007193e-04
5556,27.779157,0,7.878257e-04
5557,27.784157,0,7.928659e-04
5558,27.789157,0,7.972109e-04
5559,27.794157,0,8.043370e-04
5560,27.799157,0,8.140604e-04
5561,27.804157,0,8.255838e-04
5562,27.809157,0,8.381562e-04
5563,27.814157,0,8.512210e-04
5564,27.819157,0,8.643980e-04
5565,27.824157,0,8.774378e-04
5566,27.829157,0,8.901827e-04
5567,27.834157,0,9.025370e-04
5568,27.839157,0,9.144467e-04
5569,27.844157,0,9.258853e-04
5570,27.849157,0,9.368450e-04
5571,27.854157,0,9.473302e-04
5572,27.859157,0,9.573532e-04
5573,27.864157,0,9.669313e-04
5574,27.869157,0,9.760852e-04
5575,27.874157,0,9.848369e-04
5576,27.879157,0,9.932094e-04
5577,27.884157,2,8.315098e-04
5578,27.889157,2,7.388757e-04
5579,27.894157,1,7.230527e-04
5580,27.899157,0,8.562221e-04
5581,27.904157,0,9.993716e-04
5582,27.909157,2,7.704555e-04
5583,27.914157,1,9.120513e-04
5584,27.919157,1,7.267202e-04
5585,27.924157,0,8.655409e-04
5586,27.929157,1,9.534259e-04
5587,27.934157,1,7.681548e-04
5588,27.939157,0,7.974759e-04
5589,27.944157,0,8.392092e-04
5590,27.949157,0,8.769597e-04
5591,27.954157,0,9.146853e-04
5592,27.959157,0,9.525786e-04
5593,27.964157,0,9.901636e-04
5594,27.969157,2,9.939072e-04
5595,27.974157,2,7.617680e-04
5596,27.979157,1,7.254455e-04
5597,27.984157,0,9.138357e-04
5598,27.989157,2,8.435613e-04
5599,27.994157,1,9.496876e-04
5600,27.999157,1,7.119466e-04
5601,28.004157,0,8.160320e-04
5602,28.009157,0,9.353810e-04
5603,28.014157,3,4.944813e-04
5604,28.019157,1,8.216861e-04
5605,28.024157,1,8.904562e-04
5606,28.029157,1,8.982346e-04
5607,28.034157,1,8.188534e-04
5608,28.039157,0,8.438087e-04
5609,28.044157,0,8.658417e-04
5610,28.049157,0,8.850632e-04
5611,28.054157,0,9.078562e-04
5612,28.059157,0,9.348860e-04
5613,28.064157,0,9.655376e-04
5614,28.069157,0,9.990420e-04
5615,28.074157,3,7.363488e-04
5616,28.079157,2,7.435603e-04
5617,28.084157,2,6.057803e-04
5618,28.089157,0,9.356726e-04
5619,28.094157,1,9.530734e-04
5620,28.099157,1,8.155019e-04
5621,28.104157,0,9.121709e-04
5622,28.109157,4,7.397183e-04
5623,28.114157,1,7.946799e-04
5624,28.119157,3,9.729368e-04
5625,28.124157,2,7.306678e-04
5626,28.129157,1,8.395944e-04
5627,28.134157,1,9.178551e-04
5628,28.139157,1,9.501266e-04
5629,28.144157,1,9.534797e-04
5630,28.149157,0,9.908018e-04
5631,28.154157,1,9.522499e-04
5632,28.159157,0,9.849690e-04
5633,28.164157,1,8.936468e-04
5634,28.169157,0,9.169377e-04
5635,28.174157,0,9.335288e-04
5636,28.179157,0,9.429709e-04
5637,28.184157,0,9.547184e-04
5638,28.189157,0,9.701327e-04
5639,28.194157,0,9.889853e-04
5640,28.199157,3,7.464542e-04
5641,28.204157,3,7.269622e-04
5642,28.209157,2,6.650691e-04
5643,28.214157,1,8.325505e-04
5644,28.219157,0,9.857641e-04
5645,28.224157,4,9.949764e-04
5646,28.229157,2,7.293026e-04
5647,28.234157,1,9.184423e-04
5648,28.239157,4,7.252370e-04
5649,28.244157,2,8.455438e-04
5650,28.249157,2,8.969012e-04
5651,28.254157,1,9.615290e-04
5652,28.259157,1,9.937967e-04
5653,28.264157,2,7.692178e-04
5654,28.269157,1,8.057667e-04
5655,28.274157,3,7.366571e-04
5656,28.279157,1,9.527181e-04
5657,28.284157,1,6.717882e-04
5658,28.289157,0,7.255627e-04
5659,28.294157,0,8.104212e-04
5660,28.299157,0,8.960803e-04
5661,28.304157,0,9.819411e-04
5662,28.309157,2,7.622462e-04
5663,28.314157,1,9.258271e-04
5664,28.319157,2,8.832098e-04
5665,28.324157,1,5.676936e-04
5666,28.329157,0,7.474009e-04
5667,28.334157,0,9.295076e-04
5668,28.339157,2,7.752345e-04
5669,28.344157,1,8.518066e-04
5670,28.349157,1,8.102376e-04
5671,28.354157,0,8.580840e-04
5672,28.359157,0,9.385630e-04
5673,28.364157,1,7.105202e-04
5674,28.369157,0,6.661389e-04
5675,28.374157,0,6.694138e-04
5676,28.379157,0,7.017166e-04
5677,28.384157,0,7.506135e-04
5678,28.389157,0,8.073447e-04
5679,28.394157,0,8.663799e-04
5680,28.399157,0,9.245825e-04
5681,28.404157,0,9.803293e-04
5682,28.409157,2,7.384186e-04
5683,28.414157,2,6.662343e-04
5684,28.419157,0,9.185738e-04
5685,28.424157,1,9.524757e-04
5686,28.429157,1,7.118722e-04
5687,28.434157,0,7.357118e-04
5688,28.439157,0,8.226587e-04
5689,28.444157,0,9.180788e-04
5690,28.449157,2,8.926306e-04
5691,28.454157,1,8.416162e-04
5692,28.459157,1,7.965060e-04
5693,28.464157,3,3.926897e-04
5694,28.469157,0,8.053327e-04
5695,28.474157,2,7.763306e-04
5696,28.479157,2,5.189422e-04
5697,28.484157,0,8.641250e-04
5698,28.489157,1,6.768867e-04
5699,28.494157,0,8.539022e-04
5700,28.499157,1,6.889968e-04
5701,28.504157,0,7.660275e-04
5702,28.509157,0,8.401552e-04
5703,28.514157,0,8.969392e-04
5704,28.519157,0,9.464483e-04
5705,28.524157,0,9.923867e-04
5706,28.529157,3,6.697586e-04
5707,28.534157,1,9.693682e-04
5708,28.539157,3,7.466179e-04
5709,28.544157,1,6.855234e-04
5710,28.549157,0,9.240175e-04
5711,28.554157,2,8.656507e-04
5712,28.559157,1,7.420266e-04
5713,28.564157,0,9.748458e-04
5714,28.569157,2,7.455863e-04
5715,28.574157,1,7.452971e-04
5716,28.579157,1,9.366383e-04
5717,28.584157,1,6.743870e-04
5718,28.589157,0,6.729555e-04
5719,28.594157,0,6.842849e-04
5720,28.599157,0,6.958380e-04
5721,28.604157,0,7.117977e-04
5722,28.609157,0,7.320648e-04
5723,28.614157,0,7.556046e-04
5724,28.619157,0,7.813869e-04
5725,28.624157,0,8.086092e-04
5726,28.629157,0,8.366945e-04
5727,28.634157,0,8.652414e-04
5728,28.639157,0,8.939745e-04
5729,28.644157,0,9.227068e-04
5730,28.649157,0,9.513121e-04
5731,28.654157,0,9.797060e-04
5732,28.659157,3,8.722776e-04
5733,28.664157,2,8.112245e-04
5734,28.669157,2,6.196045e-04
5735,28.674157,0,9.651910e-04
5736,28.679157,1,8.694254e-04
5737,28.684157,1,8.101013e-04
5738,28.689157,0,8.757926e-04
5739,28.694157,0,9.625352e-04
5740,28.699157,3,9.790524e-04
5741,28.704157,1,9.667907e-04
5742,28.709157,1,9.112660e-04
5743,28.714157,3,5.947219e-04
5744,28.719157,2,6.931452e-04
5745,28.724157,1,8.212650e-04
5746,28.729157,0,9.611314e-04
5747,28.734157,3,6.844864e-04
5748,28.739157,1,8.909885e-04
5749,28.744157,1,8.310607e-04
5750,28.749157,1,9.935931e-04
5751,28.754157,1,9.534827e-04
5752,28.759157,1,9.635960e-04
5753,28.764157,1,8.691884e-04
5754,28.769157,0,9.659840e-04
5755,28.774157,0,9.986431e-04
5756,28.779157,1,7.743681e-04
5757,28.784157,0,8.840660e-04
5758,28.789157,0,9.203626e-04
5759,28.794157,0,9.376236e-04
5760,28.799157,0,9.545148e-04
5761,28.804157,0,9.750975e-04
5762,28.809157,0,9.995924e-04
5763,28.814157,1,8.964057e-04
5764,28.819157,1,7.621878e-04
5765,28.824157,0,8.154557e-04
5766,28.829157,0,8.223567e-04
5767,28.834157,0,8.195790e-04
5768,28.839157,0,8.184935e-04
5769,28.844157,0,8.211259e-04
5770,28.849157,0,8.272896e-04
5771,28.854157,0,8.363348e-04
5772,28.859157,0,8.475948e-04
5773,28.864157,0,8.604938e-04
5774,28.869157,0,8.745616e-04
5775,28.874157,0,8.894245e-04
5776,28.879157,0,9.047902e-04
5777,28.884157,0,9.204324e-04
5778,28.889157,0,9.361775e-04
5779,28.894157,0,9.518936e-04
5780,28.899157,0,9.674808e-04
5781,28.904157,0,9.828647e-04
5782,28.909157,0,9.979898e-04
5783,28.914157,3,6.418559e-04
5784,28.919157,2,6.172411e-04
5785,28.924157,1,7.860541e-04
5786,28.929157,0,9.897205e-04
5787,28.934157,3,7.336438e-04
5788,28.939157,1,9.930866e-04
5789,28.944157,1,9.036447e-04
5790,28.949157,2,9.768263e-04
5791,28.954157,2,7.346211e-04
5792,28.959157,1,4.455211e-04
5793,28.964157,0,5.789145e-04
5794,28.969157,0,7.032455e-04
5795,28.974157,0,8.206145e-04
5796,28.979157,0,9.367021e-04
5797,28.984157,2,9.428149e-04
5798,28.989157,2,6.421363e-04
5799,28.994157,1,6.946981e-04
5800,28.999157,0,9.182506e-04
5801,29.004157,3,5.213995e-04
5802,29.009157,0,9.179018e-04
5803,29.014157,2,9.901113e-04
5804,29.019157,2,5.325893e-04
5805,29.024157,0,8.758299e-04
5806,29.029157,1,6.298991e-04
5807,29.034157,0,8.617129e-04
5808,29.039157,1,6.338339e-04
5809,29.044157,0,7.443786e-04
5810,29.049157,0,8.400867e-04
5811,29.054157,0,9.076850e-04
5812,29.059157,0,9.605574e-04
5813,29.064157,1,7.996590e-04
5814,29.069157,0,9.188416e-04
5815,29.074157,1,7.330840e-04
5816,29.079157,0,7.979381e-04
5817,29.084157,0,8.373687e-04
5818,29.089157,0,8.605246e-04
5819,29.094157,0,8.801716e-04
5820,29.099157,0,9.001540e-04
5821,29.104157,0,9.214174e-04
5822,29.109157,0,9.439777e-04
5823,29.114157,0,9.675765e-04
5824,29.119157,0,9.919033e-04
5825,29.124157,1,9.840763e-04
5826,29.129157,2,8.123854e-04
5827,29.134157,3,9.542880e-04
5828,29.139157,2,9.839206e-04
5829,29.144157,1,9.551548e-04
5830,29.149157,2,8.631844e-04
5831,29.154157,1,7.405303e-04
5832,29.159157,2,9.018793e-04
5833,29.164157,2,9.719302e-04
5834,29.169157,1,9.970606e-04
5835,29.174157,3,9.910198e-04
5836,29.179157,1,9.766461e-04
5837,29.184157,1,8.167262e-04
5838,29.189157,3,7.043071e-04
5839,29.194157,2,7.986334e-04
5840,29.199157,2,8.162704e-04
5841,29.204157,1,8.801330e-04
5842,29.209157,0,9.764819e-04
5843,29.214157,1,9.667600e-04
5844,29.219157,3,7.355066e-04
5845,29.224157,2,9.706467e-04
5846,29.229157,2,9.079184e-04
5847,29.234157,2,8.710606e-04
5848,29.239157,1,7.778372e-04
5849,29.244157,0,8.461624e-04
5850,29.249157,0,9.516906e-04
5851,29.254157,1,9.342276e-04
5852,29.259157,1,9.596445e-04
5853,29.264157,1,8.658878e-04
5854,29.269157,2,6.907662e-04
5855,29.274157,4,6.040522e-04
5856,29.279157,2,7.443628e-04
5857,29.284157,2,7.824398e-04
5858,29.289157,1,9.786810e-04
5859,29.294157,4,8.336533e-04
5860,29.299157,2,7.537506e-04
5861,29.304157,3,8.172317e-04
5862,29.309157,1,8.922826e-04
5863,29.314157,1,8.787815e-04
5864,29.319157,2,9.093487e-04
5865,29.324157,1,6.009704e-04
5866,29.329157,0,8.099797e-04
5867,29.334157,3,7.557150e-04
5868,29.339157,2,7.328238e-04
5869,29.344157,1,7.959908e-04
5870,29.349157,0,8.715276e-04
5871,29.354157,0,9.710177e-04
5872,29.359157,1,8.977573e-04
5873,29.364157,0,9.147116e-04
5874,29.369157,0,9.603401e-04
5875,29.374157,0,9.996616e-04
5876,29.379157,1,8.212231e-04
5877,29.384157,0,8.563553e-04
5878,29.389157,0,9.046070e-04
5879,29.394157,0,9.401713e-04
5880,29.399157,0,9.727523e-04
5881,29.404157,3,8.490209e-04
5882,29.409157,2,8.023249e-04
5883,29.414157,2,9.644872e-04
5884,29.419157,2,9.908636e-04
5885,29.424157,1,9.652819e-04
5886,29.429157,1,9.721573e-04
5887,29.434157,0,9.920611e-04
5888,29.439157,3,9.250899e-04
5889,29.444157,1,9.900129e-04
5890,29.449157,4,8.439420e-04
5891,29.454157,3,6.367526e-04
5892,29.459157,0,9.900114e-04
5893,29.464157,2,9.503968e-04
5894,29.469157,2,7.087411e-04
5895,29.474157,1,7.979546e-04
5896,29.479157,0,8.775544e-04
5897,29.484157,0,9.893973e-04
5898,29.489157,1,8.654292e-04
5899,29.494157,0,8.795010e-04
5900,29.499157,0,9.586349e-04
5901,29.504157,1,8.827699e-04
5902,29.509157,0,8.744150e-04
5903,29.514157,0,9.190186e-04
5904,29.519157,0,9.543775e-04
5905,29.524157,0,9.844082e-04
5906,29.529157,1,9.611926e-04
5907,29.534157,0,9.625103e-04
5908,29.539157,1,9.251382e-04
5909,29.544157,0,8.984601e-04
5910,29.549157,0,9.090819e-04
5911,29.554157,0,9.146785e-04
5912,29.559157,0,9.195716e-04
5913,29.564157,0,9.246869e-04
5914,29.569157,0,9.305201e-04
5915,29.574157,0,9.372348e-04
5916,29.579157,0,9.448403e-04
5917,29.584157,0,9.532764e-04
5918,29.589157,0,9.624551e-04
5919,29.594157,0,9.722815e-04
5920,29.599157,0,9.826629e-04
5921,29.604157,0,9.935135e-04
5922,29.609157,3,9.662410e-04
5923,29.614157,2,9.094555e-04
5924,29.619157,1,7.495125e-04
5925,29.624157,0,8.933638e-04
5926,29.629157,3,9.252687e-04
5927,29.634157,2,7.459458e-04
5928,29.639157,1,9.895822e-04
5929,29.644157,3,8.253611e-04
5930,29.649157,1,8.385109e-04
5931,29.654157,3,6.735013e-04
5932,29.659157,1,9.583481e-04
5933,29.664157,1,8.979083e-04
5934,29.669157,2,9.323397e-04
5935,29.674157,1,6.126444e-04
5936,29.679157,0,8.924459e-04
5937,29.684157,2,6.984630e-04
5938,29.689157,1,8.986408e-04
5939,29.694157,1,9.552332e-04
5940,29.699157,1,8.828591e-04
5941,29.704157,0,9.136904e-04
5942,29.709157,0,9.705216e-04
5943,29.714157,2,8.615472e-04
5944,29.719157,1,7.780543e-04
5945,29.724157,2,8.506425e-04
5946,29.729157,1,6.681759e-04
5947,29.734157,0,8.718673e-04
5948,29.739157,2,5.950775e-04
5949,29.744157,1,8.221237e-04
5950,29.749157,1,7.966777e-04
5951,29.754157,0,9.699172e-04
5952,29.759157,1,9.422870e-04
5953,29.764157,1,6.571236e-04
5954,29.769157,0,6.396318e-04
5955,29.774157,0,6.401866e-04
5956,29.779157,0,6.479361e-04
5957,29.784157,0,6.659782e-04
5958,29.789157,0,6.916750e-04
5959,29.794157,0,7.217716e-04
5960,29.799157,0,7.537599e-04
5961,29.804157,0,7.860020e-04
5962,29.809157,0,8.175236e-04
5963,29.814157,0,8.477964e-04
5964,29.819157,0,8.765748e-04
5965,29.824157,0,9.037875e-04
5966,29.829157,0,9.294659e-04
5967,29.834157,0,9.536997e-04
5968,29.839157,0,9.766083e-04
5969,29.844157,0,9.983234e-04
5970,29.849157,2,9.308204e-04
5971,29.854157,2,8.888623e-04
5972,29.859157,1,7.255357e-04
5973,29.864157,0,8.340160e-04
5974,29.869157,0,9.376803e-04
5975,29.874157,1,9.719192e-04
5976,29.879157,1,5.801416e-04
5977,29.884157,0,5.946472e-04
5978,29.889157,0,6.661406e-04
5979,29.894157,0,7.489722e-04
5980,29.899157,0,8.324203e-04
5981,29.904157,0,9.117570e-04
5982,29.909157,0,9.855333e-04
5983,29.914157,1,6.873201e-04
5984,29.919157,2,7.792009e-04
5985,29.924157,3,9.671170e-04
5986,29.929157,2,7.397962e-04
5987,29.934157,1,7.115188e-04
5988,29.939157,0,8.161901e-04
5989,29.944157,0,9.415277e-04
5990,29.949157,5,9.073755e-04
5991,29.954157,3,8.016400e-04
5992,29.959157,1,9.748875e-04
5993,29.964157,5,9.388525e-04
5994,29.969157,3,7.076821e-04
5995,29.974157,2,8.002705e-04
5996,29.979157,1,9.110436e-04
5997,29.984157,1,9.178367e-04
5998,29.989157,0,9.866619e-04
5999,29.994157,1,6.516673e-04
6000,29.999157,2,7.133041e-04
6001,30.004157,4,9.426125e-04
6002,30.009157,2,7.581756e-04
6003,30.014157,2,9.519358e-04
6004,30.019157,2,8.050550e-04
6005,30.024157,1,9.072829e-04
6006,30.029157,0,9.765522e-04
6007,30.034157,1,8.604915e-04
6008,30.039157,0,8.805893e-04
6009,30.044157,0,9.359784e-04
6010,30.049157,0,9.785969e-04
6011,30.054157,3,7.865277e-04
6012,30.059157,3,8.345734e-04
6013,30.064157,1,9.411101e-04
6014,30.069157,1,9.052486e-04
6015,30.074157,2,8.280845e-04
6016,30.079157,2,8.077183e-04
6017,30.084157,1,9.184450e-04
6018,30.089157,1,9.480671e-04
6019,30.094157,3,7.409902e-04
6020,30.099157,1,7.277906e-04
6021,30.104157,2,8.920563e-04
6022,30.109157,1,8.621749e-04
6023,30.114157,1,9.123534e-04
6024,30.119157,1,9.619078e-04
6025,30.124157,0,9.812201e-04
6026,30.129157,1,8.478982e-04
6027,30.134157,0,8.211355e-04
6028,30.139157,0,8.177490e-04
6029,30.144157,0,8.327090e-04
6030,30.149157,0,8.612209e-04
6031,30.154157,0,8.993686e-04
6032,30.159157,0,9.440435e-04
6033,30.164157,0,9.929139e-04
6034,30.169157,1,8.181756e-04
6035,30.174157,2,5.942437e-04
6036,30.179157,2,8.879388e-04
6037,30.184157,2,8.662978e-04
6038,30.189157,5,9.008234e-04
6039,30.194157,3,9.246565e-04
6040,30.199157,3,8.640203e-04
6041,30.204157,2,7.243259e-04
6042,30.209157,1,8.639850e-04
6043,30.214157,0,9.289568e-04
6044,30.219157,1,8.613606e-04
6045,30.224157,0,8.910875e-04
6046,30.229157,0,9.698702e-04
6047,30.234157,1,9.625086e-04
6048,30.239157,2,5.558842e-04
6049,30.244157,0,9.786934e-04
6050,30.249157,5,9.608260e-04
6051,30.254157,4,9.954022e-04
6052,30.259157,2,9.044225e-04
6053,30.264157,4,7.834235e-04
6054,30.269157,2,5.990389e-04
6055,30.274157,0,9.999960e-04
6056,30.279157,2,9.675521e-04
6057,30.284157,2,8.597456e-04
6058,30.289157,1,9.214787e-04
6059,30.294157,1,7.809428e-04
6060,30.299157,0,7.793631e-04
6061,30.304157,0,8.381987e-04
6062,30.309157,0,9.023936e-04
6063,30.314157,0,9.706942e-04
6064,30.319157,3,9.568536e-04
6065,30.324157,3,7.844441e-04
6066,30.329157,1,7.878347e-04
6067,30.334157,0,9.446625e-04
6068,30.339157,1,9.258859e-04
6069,30.344157,3,6.956401e-04
6070,30.349157,2,7.256392e-04
6071,30.354157,1,8.635383e-04
6072,30.359157,1,8.886439e-04
6073,30.364157,0,9.867376e-04
6074,30.369157,3,9.122808e-04
6075,30.374157,2,8.330005e-04
6076,30.379157,2,8.628391e-04
6077,30.384157,1,9.653203e-04
6078,30.389157,1,9.298901e-04
6079,30.394157,3,5.572511e-04
6080,30.399157,0,9.464698e-04
6081,30.404157,3,9.692209e-04
6082,30.409157,2,7.979559e-04
6083,30.414157,1,8.691344e-04
6084,30.419157,1,8.015243e-04
6085,30.424157,0,8.689705e-04
6086,30.429157,0,9.764088e-04
6087,30.434157,3,6.282253e-04
6088,30.439157,1,8.313224e-04
6089,30.444157,1,9.359322e-04
6090,30.449157,2,8.687656e-04
6091,30.454157,1,5.477548e-04
6092,30.459157,0,9.144002e-04
6093,30.464157,3,5.294845e-04
6094,30.469157,2,5.206828e-04
6095,30.474157,0,9.408468e-04
6096,30.479157,2,8.509640e-04
6097,30.484157,1,9.407519e-04
6098,30.489157,0,9.392265e-04
6099,30.494157,1,7.057508e-04
6100,30.499157,0,6.696610e-04
6101,30.504157,0,6.804418e-04
6102,30.509157,0,7.024375e-04
6103,30.514157,0,7.320811e-04
6104,30.519157,0,7.662610e-04
6105,30.524157,0,8.029719e-04
6106,30.529157,0,8.408647e-04
6107,30.534157,0,8.790276e-04
6108,30.539157,0,9.168440e-04
6109,30.544157,0,9.538999e-04
6110,30.549157,0,9.899218e-04
6111,30.554157,2,6.571777e-04
6112,30.559157,2,8.313438e-04
6113,30.564157,1,5.943760e-04
6114,30.569157,0,7.232559e-04
6115,30.574157,0,8.954709e-04
6116,30.579157,2,9.350298e-04
6117,30.584157,1,9.489562e-04
6118,30.589157,2,7.944019e-04
6119,30.594157,1,7.122226e-04
6120,30.599157,0,8.988028e-04
6121,30.604157,1,8.699982e-04
6122,30.609157,0,9.658299e-04
6123,30.614157,1,7.620674e-04
6124,30.619157,0,7.898289e-04
6125,30.624157,0,8.371906e-04
6126,30.629157,0,8.745979e-04
6127,30.634157,0,9.102096e-04
6128,30.639157,0,9.467032e-04
6129,30.644157,0,9.845467e-04
6130,30.649157,3,7.755389e-04
6131,30.654157,2,7.962184e-04
6132,30.659157,2,9.377689e-04
6133,30.664157,2,8.823120e-04
6134,30.669157,1,8.362222e-04
6135,30.674157,0,9.131150e-04
6136,30.679157,1,9.087770e-04
6137,30.684157,0,9.426459e-04
6138,30.689157,1,8.819408e-04
6139,30.694157,0,8.950942e-04
6140,30.699157,0,9.213435e-04
6141,30.704157,0,9.537309e-04
6142,30.709157,0,9.908341e-04
6143,30.714157,1,6.359857e-04
6144,30.719157,0,9.929625e-04
6145,30.724157,4,8.452858e-04
6146,30.729157,2,7.991415e-04
6147,30.734157,2,8.891436e-04
6148,30.739157,1,8.666511e-04
6149,30.744157,1,9.879662e-04
6150,30.749157,1,8.443345e-04
6151,30.754157,4,7.239416e-04
6152,30.759157,1,8.308257e-04
6153,30.764157,1,9.712722e-04
6154,30.769157,1,7.972239e-04
6155,30.774157,2,8.053596e-04
6156,30.779157,2,7.782322e-04
6157,30.784157,1,7.865255e-04
6158,30.789157,0,9.074863e-04
6159,30.794157,3,9.208434e-04
6160,30.799157,1,9.419182e-04
6161,30.804157,1,6.455761e-04
6162,30.809157,0,8.381067e-04
6163,30.814157,0,9.863599e-04
6164,30.819157,3,6.822712e-04
6165,30.824157,2,6.154657e-04
6166,30.829157,1,8.846989e-04
6167,30.834157,0,9.902940e-04
6168,30.839157,3,6.326537e-04
6169,30.844157,1,8.184487e-04
6170,30.849157,1,9.433700e-04
6171,30.854157,3,4.395614e-04
6172,30.859157,0,8.639067e-04
6173,30.864157,2,9.907715e-04
6174,30.869157,1,9.225957e-04
6175,30.874157,1,9.419269e-04
6176,30.879157,2,4.651301e-04
6177,30.884157,0,8.756447e-04
6178,30.889157,2,6.152120e-04
6179,30.894157,1,6.947177e-04
6180,30.899157,0,8.713816e-04
6181,30.904157,1,9.562292e-04
6182,30.909157,0,9.760527e-04
6183,30.914157,1,5.710136e-04
6184,30.919157,0,5.429596e-04
6185,30.924157,0,5.516287e-04
6186,30.929157,0,5.705084e-04
6187,30.934157,0,5.955189e-04
6188,30.939157,0,6.232855e-04
6189,30.944157,0,6.516536e-04
6190,30.949157,0,6.793484e-04
6191,30.954157,0,7.057048e-04
6192,30.959157,0,7.304387e-04
6193,30.964157,0,7.534872e-04
6194,30.969157,0,7.749075e-04
6195,30.974157,0,7.948162e-04
6196,30.979157,0,8.133542e-04
6197,30.984157,0,8.306671e-04
6198,30.989157,0,8.468948e-04
6199,30.994157,0,8.621664e-04
6200,30.999157,0,8.765980e-04
6201,31.004157,0,8.902927e-04
6202,31.009157,0,9.033405e-04
6203,31.014157,0,9.158202e-04
6204,31.019157,0,9.277997e-04
6205,31.024157,0,9.393382e-04
6206,31.029157,0,9.504865e-04
6207,31.034157,0,9.612889e-04
6208,31.039157,0,9.717834e-04
6209,31.044157,0,9.820030e-04
6210,31.049157,0,9.919763e-04
6211,31.054157,2,9.595095e-04
6212,31.059157,2,8.262476e-04
6213,31.064157,1,9.897217e-04
6214,31.069157,1,9.064292e-04
6215,31.074157,0,9.483036e-04
6216,31.079157,2,9.288505e-04
6217,31.084157,2,7.827075e-04
6218,31.089157,1,7.165221e-04
6219,31.094157,0,8.535302e-04
6220,31.099157,2,7.053939e-04
6221,31.104157,1,9.439130e-04
6222,31.109157,1,6.400787e-04
6223,31.114157,0,7.120551e-04
6224,31.119157,0,8.101824e-04
6225,31.124157,0,8.944266e-04
6226,31.129157,0,9.735288e-04
6227,31.134157,3,6.225739e-04
6228,31.139157,2,7.863292e-04
6229,31.144157,1,9.642852e-04
6230,31.149157,1,6.527638e-04
6231,31.154157,0,6.880260e-04
6232,31.159157,0,7.574436e-04
6233,31.164157,0,8.370878e-04
6234,31.169157,0,9.220910e-04
6235,31.174157,2,8.666368e-04
6236,31.179157,2,6.440834e-04
6237,31.184157,1,8.582719e-04
6238,31.189157,1,9.461115e-04
6239,31.194157,2,6.154344e-04
6240,31.199157,0,9.617251e-04
6241,31.204157,2,9.332011e-04
6242,31.209157,1,9.577884e-04
6243,31.214157,1,6.792566e-04
6244,31.219157,0,7.238703e-04
6245,31.224157,0,7.905259e-04
6246,31.229157,0,8.571051e-04
6247,31.234157,0,9.225954e-04
6248,31.239157,0,9.860608e-04
6249,31.244157,2,8.076443e-04
6250,31.249157,1,5.862848e-04
6251,31.254157,0,7.936052e-04
6252,31.259157,2,6.455527e-04
6253,31.264157,1,6.497319e-04
6254,31.269157,0,7.611921e-04
6255,31.274157,0,9.293113e-04
6256,31.279157,1,6.186810e-04
6257,31.284157,0,6.367266e-04
6258,31.289157,0,7.193552e-04
6259,31.294157,0,8.020320e-04
6260,31.299157,0,8.745133e-04
6261,31.304157,0,9.381153e-04
6262,31.309157,0,9.950982e-04
6263,31.314157,2,8.527643e-04
6264,31.319157,1,8.054528e-04
6265,31.324157,0,9.334929e-04
6266,31.329157,1,8.367681e-04
6267,31.334157,0,8.484097e-04
6268,31.339157,0,9.011991e-04
6269,31.344157,0,9.435062e-04
6270,31.349157,0,9.820379e-04
6271,31.354157,1,9.170168e-04
6272,31.359157,0,9.259972e-04
6273,31.364157,0,9.688799e-04
6274,31.369157,0,9.987554e-04
6275,31.374157,1,8.708063e-04
6276,31.379157,0,8.734181e-04
6277,31.384157,0,9.038741e-04
6278,31.389157,0,9.209108e-04
6279,31.394157,0,9.321832e-04
6280,31.399157,0,9.423204e-04
6281,31.404157,0,9.530898e-04
6282,31.409157,0,9.648145e-04
6283,31.414157,0,9.773615e-04
6284,31.419157,0,9.905196e-04
6285,31.424157,3,7.523839e-04
6286,31.429157,2,7.886017e-04
6287,31.434157,2,9.627060e-04
6288,31.439157,2,9.593173e-04
6289,31.444157,1,9.335283e-04
6290,31.449157,0,9.955776e-04
6291,31.454157,1,9.062646e-04
6292,31.459157,0,9.046970e-04
6293,31.464157,0,9.443149e-04
6294,31.469157,0,9.774106e-04
6295,31.474157,3,8.687750e-04
6296,31.479157,1,8.634304e-04
6297,31.484157,3,8.070987e-04
6298,31.489157,2,8.120375e-04
6299,31.494157,1,8.513855e-04
6300,31.499157,0,9.528004e-04
6301,31.504157,1,9.383716e-04
6302,31.509157,0,9.816582e-04
6303,31.514157,1,9.541776e-04
6304,31.519157,0,9.833014e-04
6305,31.524157,1,9.218295e-04
6306,31.529157,0,9.145178e-04
6307,31.534157,0,9.215311e-04
6308,31.539157,0,9.368425e-04
6309,31.544157,0,9.583907e-04
6310,31.549157,0,9.845911e-04
6311,31.554157,1,8.292237e-04
6312,31.559157,2,6.518866e-04
6313,31.564157,2,9.010863e-04
6314,31.569157,4,9.349994e-04
6315,31.574157,1,6.732095e-04
6316,31.579157,0,8.306144e-04
6317,31.584157,3,8.172993e-04
6318,31.589157,2,8.675736e-04
6319,31.594157,2,8.762016e-04
6320,31.599157,1,9.612014e-04
6321,31.604157,1,9.644232e-04
6322,31.609157,3,5.041462e-04
6323,31.614157,0,8.804482e-04
6324,31.619157,4,6.850663e-04
6325,31.624157,2,6.767201e-04
6326,31.629157,1,8.377531e-04
6327,31.634157,0,9.824804e-04
6328,31.639157,3,7.405103e-04
6329,31.644157,2,5.485805e-04
6330,31.649157,0,9.910722e-04
6331,31.654157,2,9.778925e-04
6332,31.659157,2,6.985760e-04
6333,31.664157,1,6.364865e-04
6334,31.669157,0,6.736116e-04
6335,31.674157,0,7.560387e-04
6336,31.679157,0,8.355685e-04
6337,31.684157,0,9.122582e-04
6338,31.689157,0,9.874617e-04
6339,31.694157,2,9.733962e-04
6340,31.699157,1,7.302791e-04
6341,31.704157,0,8.296972e-04
6342,31.709157,0,9.841520e-04
6343,31.714157,1,9.163871e-04
6344,31.719157,1,8.023141e-04
6345,31.724157,0,8.277717e-04
6346,31.729157,0,8.870974e-04
6347,31.734157,0,9.459677e-04
6348,31.739157,2,8.732915e-04
6349,31.744157,1,8.475143e-04
6350,31.749157,1,7.696416e-04
6351,31.754157,1,9.694411e-04
6352,31.759157,1,9.615793e-04
6353,31.764157,1,9.924257e-04
6354,31.769157,1,8.693724e-04
6355,31.774157,0,8.414164e-04
6356,31.779157,0,8.413864e-04
6357,31.784157,0,8.471457e-04
6358,31.789157,0,8.603588e-04
6359,31.794157,0,8.799557e-04
6360,31.799157,0,9.044957e-04
6361,31.804157,0,9.326158e-04
6362,31.809157,0,9.631645e-04
6363,31.814157,0,9.952175e-04
6364,31.819157,3,7.197537e-04
6365,31.824157,2,8.900596e-04
6366,31.829157,2,7.806678e-04
6367,31.834157,2,9.406024e-04
6368,31.839157,1,9.231291e-04
6369,31.844157,0,9.433982e-04
6370,31.849157,1,8.043038e-04
6371,31.854157,0,7.910120e-04
6372,31.859157,0,8.120519e-04
6373,31.864157,0,8.341823e-04
6374,31.869157,0,8.574599e-04
6375,31.874157,0,8.817186e-04
6376,31.879157,0,9.069573e-04
6377,31.884157,0,9.331078e-04
6378,31.889157,0,9.600469e-04
6379,31.894157,0,9.876272e-04
6380,31.899157,1,7.578084e-04
6381,31.904157,2,8.649633e-04
6382,31.909157,2,9.021404e-04
6383,31.914157,2,9.558756e-04
6384,31.919157,1,9.631791e-04
6385,31.924157,1,9.832665e-04
6386,31.929157,3,7.817753e-04
6387,31.934157,1,9.122634e-04
6388,31.939157,4,7.945481e-04
6389,31.944157,2,7.258348e-04
6390,31.949157,1,8.972889e-04
6391,31.954157,1,9.746300e-04
6392,31.959157,2,9.008032e-04
6393,31.964157,2,8.153537e-04
6394,31.969157,1,7.983818e-04
6395,31.974157,0,9.774344e-04
6396,31.979157,2,9.633170e-04
6397,31.984157,1,7.689367e-04
6398,31.989157,1,8.169898e-04
6399,31.994157,0,9.218401e-04
6400,31.999157,1,9.907011e-04
6401,32.004157,1,8.992614e-04
6402,32.009157,0,9.276263e-04
6403,32.014157,0,9.810654e-04
6404,32.019157,3,6.506030e-04
6405,32.024157,2,7.671027e-04
6406,32.029157,2,6.024616e-04
6407,32.034157,0,9.771837e-04
6408,32.039157,1,8.095197e-04
6409,32.044157,1,8.069350e-04
6410,32.049157,0,8.673080e-04
6411,32.054157,0,9.607112e-04
6412,32.059157,1,7.834137e-04
6413,32.064157,2,6.624321e-04
6414,32.069157,1,7.443023e-04
6415,32.074157,2,7.577934e-04
6416,32.079157,2,7.578632e-04
6417,32.084157,1,9.564908e-04
6418,32.089157,1,6.892690e-04
6419,32.094157,0,6.874490e-04
6420,32.099157,0,7.267648e-04
6421,32.104157,0,7.711566e-04
6422,32.109157,0,8.196602e-04
6423,32.114157,0,8.704631e-04
6424,32.119157,0,9.224197e-04
6425,32.124157,0,9.747741e-04
6426,32.129157,4,9.137597e-04
6427,32.134157,3,8.647356e-04
6428,32.139157,2,7.312860e-04
6429,32.144157,1,9.951075e-04
6430,32.149157,4,7.499661e-04
6431,32.154157,2,7.290904e-04
6432,32.159157,3,9.041056e-04
6433,32.164157,2,7.007639e-04
6434,32.169157,1,7.743033e-04
6435,32.174157,0,8.746330e-04
6436,32.179157,0,9.985138e-04
6437,32.184157,1,7.302353e-04
6438,32.189157,0,7.481950e-04
6439,32.194157,0,8.232557e-04
6440,32.199157,0,9.036241e-04
6441,32.204157,0,9.784682e-04
6442,32.209157,2,9.355937e-04
6443,32.214157,1,8.630859e-04
6444,32.219157,1,6.707118e-04
6445,32.224157,0,6.065866e-04
6446,32.229157,0,6.280262e-04
6447,32.234157,0,6.730961e-04
6448,32.239157,0,7.340976e-04
6449,32.244157,0,8.046455e-04
6450,32.249157,0,8.806406e-04
6451,32.254157,0,9.594081e-04
6452,32.259157,3,7.350401e-04
6453,32.264157,2,8.104606e-04
6454,32.269157,2,7.606074e-04
6455,32.274157,2,8.187612e-04
6456,32.279157,1,9.204789e-04
6457,32.284157,0,9.847639e-04
6458,32.289157,1,8.205844e-04
6459,32.294157,0,8.474404e-04
6460,32.299157,0,8.994768e-04
6461,32.304157,0,9.500751e-04
6462,32.309157,3,8.530794e-04
6463,32.314157,2,8.686184e-04
6464,32.319157,2,8.285531e-04
6465,32.324157,2,9.930287e-04
6466,32.329157,1,7.958243e-04
6467,32.334157,0,8.925102e-04
6468,32.339157,3,8.686002e-04
6469,32.344157,1,9.702800e-04
6470,32.349157,3,8.175364e-04
6471,32.354157,1,7.230663e-04
6472,32.359157,1,9.391140e-04
6473,32.364157,0,9.831211e-04
6474,32.369157,1,9.465202e-04
6475,32.374157,0,9.608785e-04
6476,32.379157,2,8.598064e-04
6477,32.384157,2,8.787834e-04
6478,32.389157,1,8.355681e-04
6479,32.394157,2,9.053919e-04
6480,32.399157,1,7.336538e-04
6481,32.404157,1,8.802389e-04
6482,32.409157,1,8.858055e-04
6483,32.414157,0,9.872943e-04
6484,32.419157,3,5.521159e-04
6485,32.424157,2,7.815387e-04
6486,32.429157,1,7.915829e-04
6487,32.434157,0,8.696933e-04
6488,32.439157,0,9.725545e-04
6489,32.444157,1,9.432539e-04
6490,32.449157,1,9.371241e-04
6491,32.454157,0,9.826486e-04
6492,32.459157,4,7.906470e-04
6493,32.464157,1,9.436379e-04
6494,32.469157,5,8.929841e-04
6495,32.474157,3,7.359742e-04
6496,32.479157,1,8.437229e-04
6497,32.484157,1,9.358792e-04
6498,32.489157,3,6.038979e-04
6499,32.494157,2,5.675832e-04
6500,32.499157,0,9.904281e-04
6501,32.504157,3,8.088930e-04
6502,32.509157,2,5.968209e-04
6503,32.514157,0,9.211604e-04
6504,32.519157,1,7.670913e-04
6505,32.524157,0,9.245628e-04
6506,32.529157,1,7.251376e-04
6507,32.534157,0,7.961358e-04
6508,32.539157,0,8.931034e-04
6509,32.544157,0,9.748298e-04
6510,32.549157,3,6.926805e-04
6511,32.554157,1,8.673222e-04
6512,32.559157,3,7.190457e-04
6513,32.564157,2,5.823966e-04
6514,32.569157,0,9.379302e-04
6515,32.574157,1,8.156872e-04
6516,32.579157,1,7.899574e-04
6517,32.584157,0,8.546613e-04
6518,32.589157,0,9.227823e-04
6519,32.594157,0,9.782993e-04
6520,32.599157,3,8.930236e-04
6521,32.604157,2,7.397493e-04
6522,32.609157,2,7.808017e-04
6523,32.614157,1,9.593029e-04
6524,32.619157,1,8.209260e-04
6525,32.624157,0,8.532815e-04
6526,32.629157,0,9.292525e-04
6527,32.634157,3,9.475514e-04
6528,32.639157,3,8.439608e-04
6529,32.644157,2,7.738471e-04
6530,32.649157,2,9.622124e-04
6531,32.654157,2,8.357687e-04
6532,32.659157,1,9.567387e-04
6533,32.664157,1,8.547566e-04
6534,32.669157,0,8.744754e-04
6535,32.674157,0,9.170677e-04
6536,32.679157,0,9.515115e-04
6537,32.684157,0,9.841374e-04
6538,32.689157,3,7.877707e-04
6539,32.694157,1,8.392126e-04
6540,32.699157,3,6.648655e-04
6541,32.704157,1,9.221882e-04
6542,32.709157,4,6.342909e-04
6543,32.714157,2,7.327576e-04
6544,32.719157,1,7.059083e-04
6545,32.724157,0,8.237985e-04
6546,32.729157,0,9.532066e-04
6547,32.734157,2,9.390167e-04
6548,32.739157,1,7.865829e-04
6549,32.744157,1,7.905564e-04
6550,32.749157,0,8.411753e-04
6551,32.754157,0,9.222541e-04
6552,32.759157,1,7.696638e-04
6553,32.764157,0,7.550453e-04
6554,32.769157,0,7.698338e-04
6555,32.774157,0,7.977619e-04
6556,32.779157,0,8.325527e-04
6557,32.784157,0,8.705099e-04
6558,32.789157,0,9.092896e-04
6559,32.794157,0,9.474756e-04
6560,32.799157,0,9.842750e-04
6561,32.804157,2,7.120037e-04
6562,32.809157,1,9.146701e-04
6563,32.814157,1,8.615465e-04
6564,32.819157,1,9.278668e-04
6565,32.824157,1,9.576427e-04
6566,32.829157,1,9.870170e-04
6567,32.834157,1,9.305096e-04
6568,32.839157,0,9.126997e-04
6569,32.844157,0,9.291512e-04
6570,32.849157,0,9.478018e-04
6571,32.854157,0,9.710093e-04
6572,32.859157,0,9.977498e-04
6573,32.864157,2,8.586443e-04
6574,32.869157,2,8.439114e-04
6575,32.874157,1,7.351891e-04
6576,32.879157,0,8.965822e-04
6577,32.884157,2,8.500961e-04
6578,32.889157,2,8.177923e-04
6579,32.894157,1,7.145860e-04
6580,32.899157,0,8.237486e-04
6581,32.904157,0,9.606658e-04
6582,32.909157,3,9.558477e-04
6583,32.914157,2,6.483414e-04
6584,32.919157,1,9.113838e-04
6585,32.924157,1,7.843957e-04
6586,32.929157,0,8.499147e-04
6587,32.934157,0,9.546249e-04
6588,32.939157,2,9.123718e-04
6589,32.944157,2,7.667892e-04
6590,32.949157,1,9.816156e-04
6591,32.954157,2,8.738475e-04
6592,32.959157,1,8.086170e-04
6593,32.964157,1,6.273608e-04
6594,32.969157,0,7.109645e-04
6595,32.974157,0,7.862316e-04
6596,32.979157,0,8.506150e-04
6597,32.984157,0,9.159648e-04
6598,32.989157,0,9.847213e-04
6599,32.994157,3,6.576938e-04
6600,32.999157,1,9.015186e-04
6601,33.004157,3,8.373721e-04
6602,33.009157,1,7.940579e-04
6603,33.014157,1,6.853239e-04
6604,33.019157,0,8.533868e-04
6605,33.024157,2,8.786588e-04
6606,33.029157,1,9.299358e-04
6607,33.034157,2,8.973338e-04
6608,33.039157,1,6.535446e-04
6609,33.044157,0,9.125445e-04
6610,33.049157,2,5.770446e-04
6611,33.054157,0,9.583082e-04
6612,33.059157,2,5.736684e-04
6613,33.064157,0,9.580065e-04
6614,33.069157,1,7.744328e-04
6615,33.074157,0,9.487619e-04
6616,33.079157,1,5.768780e-04
6617,33.084157,0,6.543339e-04
6618,33.089157,0,7.150462e-04
6619,33.094157,0,7.494829e-04
6620,33.099157,0,7.744864e-04
6621,33.104157,0,7.963784e-04
6622,33.109157,0,8.172003e-04
6623,33.114157,0,8.375602e-04
6624,33.119157,0,8.576330e-04
6625,33.124157,0,8.774714e-04
6626,33.129157,0,8.970969e-04
6627,33.134157,0,9.165231e-04
6628,33.139157,0,9.357610e-04
6629,33.144157,0,9.548194e-04
6630,33.149157,0,9.737048e-04
6631,33.154157,0,9.924215e-04
6632,33.159157,4,9.001453e-04
6633,33.164157,3,8.478254e-04
6634,33.169157,2,8.457487e-04
6635,33.174157,5,7.645395e-04
6636,33.179157,1,9.281272e-04
6637,33.184157,4,9.415344e-04
6638,33.189157,2,8.080552e-04
6639,33.194157,1,8.125170e-04
6640,33.199157,0,9.939598e-04
6641,33.204157,3,6.628578e-04
6642,33.209157,1,8.677034e-04
6643,33.214157,1,7.666736e-04
6644,33.219157,2,8.738153e-04
6645,33.224157,1,6.085763e-04
6646,33.229157,0,8.060255e-04
6647,33.234157,2,6.250898e-04
6648,33.239157,1,8.922807e-04
6649,33.244157,1,7.590394e-04
6650,33.249157,0,9.064541e-04
6651,33.254157,1,9.307147e-04
6652,33.259157,1,6.473693e-04
6653,33.264157,0,6.553947e-04
6654,33.269157,0,6.778484e-04
6655,33.274157,0,7.081966e-04
6656,33.279157,0,7.455465e-04
6657,33.284157,0,7.861072e-04
6658,33.289157,0,8.269781e-04
6659,33.294157,0,8.664447e-04
6660,33.299157,0,9.036475e-04
6661,33.304157,0,9.382539e-04
6662,33.309157,0,9.702330e-04
6663,33.314157,0,9.997177e-04
6664,33.319157,2,7.654389e-04
6665,33.324157,2,6.465905e-04
6666,33.329157,0,8.803072e-04
6667,33.334157,1,9.669038e-04
6668,33.339157,1,8.041343e-04
6669,33.344157,0,8.803131e-04
6670,33.349157,0,9.477585e-04
6671,33.354157,3,6.810453e-04
6672,33.359157,2,8.847545e-04
6673,33.364157,2,7.131984e-04
6674,33.369157,1,9.170516e-04
6675,33.374157,1,7.331753e-04
6676,33.379157,0,7.867575e-04
6677,33.384157,0,8.483617e-04
6678,33.389157,0,9.074245e-04
6679,33.394157,0,9.660449e-04
6680,33.399157,3,9.695294e-04
6681,33.404157,2,7.458180e-04
6682,33.409157,1,5.593523e-04
6683,33.414157,0,8.580788e-04
6684,33.419157,1,9.771604e-04
6685,33.424157,1,7.474395e-04
6686,33.429157,0,8.785619e-04
6687,33.434157,0,9.780938e-04
6688,33.439157,2,9.348115e-04
6689,33.444157,1,9.252673e-04
6690,33.449157,1,5.843398e-04
6691,33.454157,0,6.983519e-04
6692,33.459157,0,8.652582e-04
6693,33.464157,2,7.105687e-04
6694,33.469157,1,8.816551e-04
6695,33.474157,3,3.097324e-04
6696,33.479157,0,6.847185e-04
6697,33.484157,1,8.879070e-04
6698,33.489157,1,7.197007e-04
6699,33.494157,0,9.599376e-04
6700,33.499157,1,6.975305e-04
6701,33.504157,0,8.599164e-04
6702,33.509157,0,9.560483e-04
6703,33.514157,1,6.844604e-04
6704,33.519157,0,8.208530e-04
6705,33.524157,0,8.905081e-04
6706,33.529157,0,9.254711e-04
6707,33.534157,0,9.495886e-04
6708,33.539157,0,9.708970e-04
6709,33.544157,0,9.916299e-04
6710,33.549157,1,7.824223e-04
6711,33.554157,0,9.326736e-04
6712,33.559157,1,6.612053e-04
6713,33.564157,0,7.610788e-04
6714,33.569157,0,8.138415e-04
6715,33.574157,0,8.420552e-04
6716,33.579157,0,8.637474e-04
6717,33.584157,0,8.847101e-04
6718,33.589157,0,9.062981e-04
6719,33.594157,0,9.285184e-04
6720,33.599157,0,9.510646e-04
6721,33.604157,0,9.736233e-04
6722,33.609157,0,9.959474e-04
6723,33.614157,2,8.261223e-04
6724,33.619157,3,8.926213e-04
6725,33.624157,1,9.572756e-04
6726,33.629157,1,9.016423e-04
6727,33.634157,2,7.012783e-04
6728,33.639157,0,9.301323e-04
6729,33.644157,4,9.964093e-04
6730,33.649157,3,8.813409e-04
6731,33.654157,2,6.621751e-04
6732,33.659157,0,9.907948e-04
6733,33.664157,4,9.970111e-04
6734,33.669157,2,7.290277e-04
6735,33.674157,1,9.758126e-04
6736,33.679157,4,9.799160e-04
6737,33.684157,3,9.774517e-04
6738,33.689157,2,9.053373e-04
6739,33.694157,1,8.471307e-04
6740,33.699157,0,9.110108e-04
6741,33.704157,1,8.874391e-04
6742,33.709157,2,8.581973e-04
6743,33.714157,1,9.443516e-04
6744,33.719157,2,7.349235e-04
6745,33.724157,1,7.189176e-04
6746,33.729157,0,9.647900e-04
6747,33.734157,2,7.115132e-04
6748,33.739157,1,9.729539e-04
6749,33.744157,1,7.525330e-04
6750,33.749157,0,7.460881e-04
6751,33.754157,0,7.983202e-04
6752,33.759157,0,8.556549e-04
6753,33.764157,0,9.177792e-04
6754,33.769157,0,9.821624e-04
6755,33.774157,2,7.430429e-04
6756,33.779157,2,8.158474e-04
6757,33.784157,1,8.288620e-04
6758,33.789157,0,9.042597e-04
6759,33.794157,3,9.153908e-04
6760,33.799157,2,7.756876e-04
6761,33.804157,2,8.114531e-04
6762,33.809157,1,9.222742e-04
6763,33.814157,0,9.939755e-04
6764,33.819157,1,9.246817e-04
6765,33.824157,0,9.497432e-04
6766,33.829157,2,8.482428e-04
6767,33.834157,1,9.637098e-04
6768,33.839157,1,8.971039e-04
6769,33.844157,1,8.930626e-04
6770,33.849157,1,9.018234e-04
6771,33.854157,1,9.733719e-04
6772,33.859157,1,9.876319e-04
6773,33.864157,3,7.537732e-04
6774,33.869157,2,7.891021e-04
6775,33.874157,1,9.996659e-04
6776,33.879157,4,8.556449e-04
6777,33.884157,3,9.319460e-04
6778,33.889157,2,7.934220e-04
6779,33.894157,1,9.721269e-04
6780,33.899157,1,9.534377e-04
6781,33.904157,2,8.834084e-04
6782,33.909157,1,9.045323e-04
6783,33.914157,2,8.353971e-04
6784,33.919157,2,9.448640e-04
6785,33.924157,1,9.608238e-04
6786,33.929157,0,9.921772e-04
6787,33.934157,1,9.314235e-04
6788,33.939157,2,7.088509e-04
6789,33.944157,0,9.669976e-04
6790,33.949157,1,9.895332e-04
6791,33.954157,1,7.857003e-04
6792,33.959157,1,7.012922e-04
6793,33.964157,0,8.233702e-04
6794,33.969157,2,6.643717e-04
6795,33.974157,2,7.930787e-04
6796,33.979157,1,9.061487e-04
6797,33.984157,0,9.726422e-04
6798,33.989157,8,9.173886e-04
6799,33.994157,1,7.704423e-04
6800,33.999157,1,8.759103e-04
6801,34.004157,2,8.716881e-04
6802,34.009157,1,8.589804e-04
6803,34.014157,2,6.497563e-04
6804,34.019157,0,8.580751e-04
6805,34.024157,1,9.710437e-04
6806,34.029157,1,9.392390e-04
6807,34.034157,3,9.646416e-04
6808,34.039157,2,9.784415e-04
6809,34.044157,4,9.060320e-04
6810,34.049157,2,7.335448e-04
6811,34.054157,1,9.463094e-04
6812,34.059157,1,9.059355e-04
6813,34.064157,0,9.576741e-04
6814,34.069157,3,9.894943e-04
6815,34.074157,4,9.594403e-04
6816,34.079157,2,6.422430e-04
6817,34.084157,1,6.688922e-04
6818,34.089157,0,7.616303e-04
6819,34.094157,0,8.870019e-04
6820,34.099157,0,9.957946e-04
6821,34.104157,2,9.949060e-04
6822,34.109157,1,8.268883e-04
6823,34.114157,0,9.819780e-04
6824,34.119157,1,9.175481e-04
6825,34.124157,0,9.640837e-04
6826,34.129157,1,9.334429e-04
6827,34.134157,0,9.582411e-04
6828,34.139157,3,8.096221e-04
6829,34.144157,3,8.061804e-04
6830,34.149157,1,9.653182e-04
6831,34.154157,1,7.599174e-04
6832,34.159157,0,8.086072e-04
6833,34.164157,0,9.154495e-04
6834,34.169157,2,8.746763e-04
6835,34.174157,3,9.531570e-04
6836,34.179157,2,7.978649e-04
6837,34.184157,1,8.106945e-04
6838,34.189157,0,9.023208e-04
6839,34.194157,0,9.836134e-04
6840,34.199157,1,8.359904e-04
6841,34.204157,0,9.186215e-04
6842,34.209157,0,9.836801e-04
6843,34.214157,1,8.542156e-04
6844,34.219157,0,9.513548e-04
6845,34.224157,1,9.405890e-04
6846,34.229157,1,9.291367e-04
6847,34.234157,0,9.572674e-04
6848,34.239157,0,9.857840e-04
6849,34.244157,1,9.875452e-04
6850,34.249157,1,9.197127e-04
6851,34.254157,0,9.111290e-04
6852,34.259157,0,9.164660e-04
6853,34.264157,0,9.169960e-04
6854,34.269157,0,9.183721e-04
6855,34.274157,0,9.216534e-04
6856,34.279157,0,9.269621e-04
6857,34.284157,0,9.341500e-04
6858,34.289157,0,9.430151e-04
6859,34.294157,0,9.533540e-04
6860,34.299157,0,9.649747e-04
6861,34.304157,0,9.776992e-04
6862,34.309157,0,9.913639e-04
6863,34.314157,3,8.579341e-04
6864,34.319157,2,8.914302e-04
6865,34.324157,4,8.674682e-04
6866,34.329157,2,7.134913e-04
6867,34.334157,2,9.584822e-04
6868,34.339157,2,9.122053e-04
6869,34.344157,1,9.370091e-04
6870,34.349157,1,8.966532e-04
6871,34.354157,0,8.843747e-04
6872,34.359157,0,9.168149e-04
6873,34.364157,0,9.519516e-04
6874,34.369157,0,9.901373e-04
6875,34.374157,1,7.690260e-04
6876,34.379157,2,7.503437e-04
6877,34.384157,1,8.176081e-04
6878,34.389157,4,9.676216e-04
6879,34.394157,3,8.413686e-04
6880,34.399157,2,6.641159e-04
6881,34.404157,0,9.981374e-04
6882,34.409157,2,8.414858e-04
6883,34.414157,1,9.219315e-04
6884,34.419157,0,9.660657e-04
6885,34.424157,1,8.065381e-04
6886,34.429157,0,7.956781e-04
6887,34.434157,0,8.482366e-04
6888,34.439157,0,8.989013e-04
6889,34.444157,0,9.505389e-04
6890,34.449157,1,8.411274e-04
6891,34.454157,1,8.757805e-04
6892,34.459157,2,7.993021e-04
6893,34.464157,1,7.814885e-04
6894,34.469157,2,6.381796e-04
6895,34.474157,4,9.591137e-04
6896,34.479157,2,8.069369e-04
6897,34.484157,1,8.321345e-04
6898,34.489157,0,8.865607e-04
6899,34.494157,2,9.311091e-04
6900,34.499157,1,8.457921e-04
6901,34.504157,1,8.580546e-04
6902,34.509157,0,8.700099e-04
6903,34.514157,0,9.292059e-04
6904,34.519157,0,9.905830e-04
6905,34.524157,1,8.815255e-04
6906,34.529157,2,8.453717e-04
6907,34.534157,2,8.005262e-04
6908,34.539157,1,8.874524e-04
6909,34.544157,1,8.331049e-04
6910,34.549157,0,8.937249e-04
6911,34.554157,0,9.968235e-04
6912,34.559157,1,8.454313e-04
6913,34.564157,2,8.439890e-04
6914,34.569157,1,8.827255e-04
6915,34.574157,2,7.332718e-04
6916,34.579157,4,9.040152e-04
6917,34.584157,2,7.460845e-04
6918,34.589157,1,9.394454e-04
6919,34.594157,1,9.636436e-04
6920,34.599157,3,7.317624e-04
6921,34.604157,1,9.292072e-04
6922,34.609157,3,6.376765e-04
6923,34.614157,2,5.142627e-04
6924,34.619157,0,8.714817e-04
6925,34.624157,1,9.431393e-04
6926,34.629157,1,8.530177e-04
6927,34.634157,0,8.861118e-04
6928,34.639157,0,9.634021e-04
6929,34.644157,2,9.906322e-04
6930,34.649157,2,6.716305e-04
6931,34.654157,1,8.104823e-04
6932,34.659157,0,9.364752e-04
6933,34.664157,3,7.387803e-04
6934,34.669157,1,8.636604e-04
6935,34.674157,1,8.661393e-04
6936,34.679157,3,6.639230e-04
6937,34.684157,2,8.937119e-04
6938,34.689157,2,7.277786e-04
6939,34.694157,1,8.283238e-04
6940,34.699157,0,8.938776e-04
6941,34.704157,0,9.742082e-04
6942,34.709157,1,8.182764e-04
6943,34.714157,0,8.352214e-04
6944,34.719157,0,8.963919e-04
6945,34.724157,0,9.428678e-04
6946,34.729157,0,9.805409e-04
6947,34.734157,1,9.959874e-04
6948,34.739157,1,9.192709e-04
6949,34.744157,0,8.989903e-04
6950,34.749157,0,9.157284e-04
6951,34.754157,0,9.327162e-04
6952,34.759157,0,9.520200e-04
6953,34.764157,0,9.734009e-04
6954,34.769157,0,9.965538e-04
6955,34.774157,2,8.426308e-04
6956,34.779157,2,8.467921e-04
6957,34.784157,1,8.905399e-04
6958,34.789157,2,8.124779e-04
6959,34.794157,2,9.149226e-04
6960,34.799157,1,8.906062e-04
6961,34.804157,2,7.147704e-04
6962,34.809157,1,9.508641e-04
6963,34.814157,3,7.957877e-04
6964,34.819157,2,8.434752e-04
6965,34.824157,2,8.339543e-04
6966,34.829157,1,9.860242e-04
6967,34.834157,4,9.410171e-04
6968,34.839157,4,7.883363e-04
6969,34.844157,2,6.937036e-04
6970,34.849157,1,8.862441e-04
6971,34.854157,1,9.004785e-04
6972,34.859157,0,9.796157e-04
6973,34.864157,2,8.064069e-04
6974,34.869157,2,9.543672e-04
6975,34.874157,3,9.457631e-04
6976,34.879157,1,9.874494e-04
6977,34.884157,4,9.625975e-04
6978,34.889157,3,9.808895e-04
6979,34.894157,2,8.111926e-04
6980,34.899157,1,7.753947e-04
6981,34.904157,0,9.106539e-04
6982,34.909157,1,7.617056e-04
6983,34.914157,0,8.543041e-04
6984,34.919157,0,9.141489e-04
6985,34.924157,0,9.524525e-04
6986,34.929157,0,9.880173e-04
6987,34.934157,1,9.047579e-04
6988,34.939157,1,8.548672e-04
6989,34.944157,0,9.180301e-04
6990,34.949157,0,9.661627e-04
6991,34.954157,1,9.379946e-04
6992,34.959157,0,9.245384e-04
6993,34.964157,0,9.336041e-04
6994,34.969157,0,9.475577e-04
6995,34.974157,0,9.649306e-04
6996,34.979157,0,9.849419e-04
6997,34.984157,2,7.409288e-04
6998,34.989157,1,7.638557e-04
6999,34.994157,1,9.067476e-04
7000,34.999157,2,6.664447e-04
7001,35.004157,2,9.847811e-04
7002,35.009157,2,8.598155e-04
7003,35.014157,1,8.797031e-04
7004,35.019157,0,9.689505e-04
7005,35.024157,2,8.618368e-04
7006,35.029157,1,9.440010e-04
7007,35.034157,2,6.853495e-04
7008,35.039157,5,9.440171e-04
7009,35.044157,2,8.614316e-04
7010,35.049157,4,8.868537e-04
7011,35.054157,2,8.115714e-04
7012,35.059157,3,9.317754e-04
7013,35.064157,1,8.329094e-04
7014,35.069157,1,7.525490e-04
7015,35.074157,0,9.216832e-04
7016,35.079157,1,7.865261e-04
7017,35.084157,2,8.433082e-04
7018,35.089157,1,9.358438e-04
7019,35.094157,1,8.288911e-04
7020,35.099157,0,8.816123e-04
7021,35.104157,0,9.799539e-04
7022,35.109157,7,9.934358e-04
7023,35.114157,1,8.047896e-04
7024,35.119157,2,7.745581e-04
7025,35.124157,1,7.160146e-04
7026,35.129157,0,7.907484e-04
7027,35.134157,0,9.133513e-04
7028,35.139157,1,7.942839e-04
7029,35.144157,2,7.160651e-04
7030,35.149157,2,7.271135e-04
7031,35.154157,1,9.805078e-04
7032,35.159157,1,9.262868e-04
7033,35.164157,3,9.080448e-04
7034,35.169157,2,7.033849e-04
7035,35.174157,2,9.472382e-04
7036,35.179157,2,9.792542e-04
7037,35.184157,2,9.668305e-04
7038,35.189157,2,9.472370e-04
7039,35.194157,1,9.029867e-04
7040,35.199157,0,9.201932e-04
7041,35.204157,1,8.719774e-04
7042,35.209157,0,8.577168e-04
7043,35.214157,0,9.114832e-04
7044,35.219157,0,9.654129e-04
7045,35.224157,3,8.535793e-04
7046,35.229157,4,7.554602e-04
7047,35.234157,1,8.102411e-04
7048,35.239157,1,9.076056e-04
7049,35.244157,3,8.382512e-04
7050,35.249157,2,8.864993e-04
7051,35.254157,1,9.559821e-04
7052,35.259157,1,8.844594e-04
7053,35.264157,0,9.514286e-04
7054,35.269157,2,9.295252e-04
7055,35.274157,1,8.945375e-04
7056,35.279157,1,9.042071e-04
7057,35.284157,3,6.654851e-04
7058,35.289157,2,6.132363e-04
7059,35.294157,0,9.750755e-04
7060,35.299157,2,8.924274e-04
7061,35.304157,1,9.950821e-04
7062,35.309157,1,7.649851e-04
7063,35.314157,0,7.662439e-04
7064,35.319157,0,8.148316e-04
7065,35.324157,0,8.696394e-04
7066,35.329157,0,9.279086e-04
7067,35.334157,0,9.876286e-04
7068,35.339157,2,6.418193e-04
7069,35.344157,3,9.918940e-04
7070,35.349157,1,7.548583e-04
7071,35.354157,2,7.374690e-04
7072,35.359157,1,7.288388e-04
7073,35.364157,0,8.330881e-04
7074,35.369157,0,9.440568e-04
7075,35.374157,1,8.863788e-04
7076,35.379157,0,9.936029e-04
7077,35.384157,1,8.786232e-04
7078,35.389157,0,9.724969e-04
7079,35.394157,1,9.713160e-04
7080,35.399157,1,7.406124e-04
7081,35.404157,2,7.024755e-04
7082,35.409157,1,8.647163e-04
7083,35.414157,1,9.106137e-04
7084,35.419157,3,9.537166e-04
7085,35.424157,3,9.658758e-04
7086,35.429157,2,7.719506e-04
7087,35.434157,1,7.661496e-04
7088,35.439157,0,8.633111e-04
7089,35.444157,0,9.853734e-04
7090,35.449157,1,9.679693e-04
7091,35.454157,1,8.867323e-04
7092,35.459157,0,9.040582e-04
7093,35.464157,0,9.635858e-04
7094,35.469157,1,7.515051e-04
7095,35.474157,2,7.845674e-04
7096,35.479157,4,9.671991e-04
7097,35.484157,2,8.670743e-04
7098,35.489157,2,9.816491e-04
7099,35.494157,2,9.674371e-04
7100,35.499157,1,9.855180e-04
7101,35.504157,1,8.614123e-04
7102,35.509157,1,6.518294e-04
7103,35.514157,2,7.772144e-04
7104,35.519157,1,7.673334e-04
7105,35.524157,2,7.598399e-04
7106,35.529157,4,9.273758e-04
7107,35.534157,2,7.364211e-04
7108,35.539157,2,8.269467e-04
7109,35.544157,1,9.400743e-04
7110,35.549157,1,8.945933e-04
7111,35.554157,0,9.611854e-04
7112,35.559157,1,7.830747e-04
7113,35.564157,0,9.736685e-04
7114,35.569157,3,9.881640e-04
7115,35.574157,2,7.784064e-04
7116,35.579157,1,7.621053e-04
7117,35.584157,0,8.775790e-04
7118,35.589157,3,8.092584e-04
7119,35.594157,2,7.676270e-04
7120,35.599157,1,6.414362e-04
7121,35.604157,0,7.024838e-04
7122,35.609157,0,7.921966e-04
7123,35.614157,0,8.889895e-04
7124,35.619157,0,9.868483e-04
7125,35.624157,5,7.129745e-04
7126,35.629157,3,7.613079e-04
7127,35.634157,2,8.765308e-04
7128,35.639157,1,9.601905e-04
7129,35.644157,5,7.473126e-04
7130,35.649157,3,8.286554e-04
7131,35.654157,2,8.731880e-04
7132,35.659157,4,8.323429e-04
7133,35.664157,1,9.264007e-04
7134,35.669157,3,7.061374e-04
7135,35.674157,2,6.897801e-04
7136,35.679157,1,9.553250e-04
7137,35.684157,0,9.938404e-04
7138,35.689157,1,7.394768e-04
7139,35.694157,0,7.489449e-04
7140,35.699157,0,7.924578e-04
7141,35.704157,0,8.365053e-04
7142,35.709157,0,8.825409e-04
7143,35.714157,0,9.300193e-04
7144,35.719157,0,9.783946e-04
7145,35.724157,1,7.938212e-04
7146,35.729157,2,7.600583e-04
7147,35.734157,1,8.387475e-04
7148,35.739157,3,6.797087e-04
7149,35.744157,2,6.151504e-04
7150,35.749157,1,9.540711e-04
7151,35.754157,1,7.939868e-04
7152,35.759157,0,8.688606e-04
7153,35.764157,0,9.791065e-04
7154,35.769157,1,7.576594e-04
7155,35.774157,3,8.676988e-04
7156,35.779157,1,9.238012e-04
7157,35.784157,1,8.819295e-04
7158,35.789157,0,9.855952e-04
7159,35.794157,3,7.222968e-04
7160,35.799157,2,7.354176e-04
7161,35.804157,1,8.815080e-04
7162,35.809157,1,8.648296e-04
7163,35.814157,0,9.511614e-04
7164,35.819157,3,8.235668e-04
7165,35.824157,2,7.764369e-04
7166,35.829157,2,7.345143e-04
7167,35.834157,1,8.771665e-04
7168,35.839157,0,9.672964e-04
7169,35.844157,1,8.984324e-04
7170,35.849157,0,9.440124e-04
7171,35.854157,3,6.119718e-04
7172,35.859157,0,9.905570e-04
7173,35.864157,3,9.215995e-04
7174,35.869157,2,7.177398e-04
7175,35.874157,1,7.226121e-04
7176,35.879157,0,8.500044e-04
7177,35.884157,1,8.450116e-04
7178,35.889157,0,9.010637e-04
7179,35.894157,0,9.713734e-04
7180,35.899157,1,9.148828e-04
7181,35.904157,0,9.697029e-04
7182,35.909157,1,9.206104e-04
7183,35.914157,0,9.511966e-04
7184,35.919157,0,9.805305e-04
7185,35.924157,1,9.021751e-04
7186,35.929157,0,9.183263e-04
7187,35.934157,0,9.296727e-04
7188,35.939157,0,9.324494e-04
7189,35.944157,0,9.349856e-04
7190,35.949157,0,9.394318e-04
7191,35.954157,0,9.462062e-04
7192,35.959157,0,9.551764e-04
7193,35.964157,0,9.660648e-04
7194,35.969157,0,9.785758e-04
7195,35.974157,0,9.924342e-04
7196,35.979157,1,9.549043e-04
7197,35.984157,0,9.830235e-04
7198,35.989157,1,8.432954e-04
7199,35.994157,0,8.547901e-04
7200,35.999157,0,8.634425e-04
7201,36.004157,0,8.667150e-04
7202,36.009157,0,8.708081e-04
7203,36.014157,0,8.770211e-04
7204,36.019157,0,8.853801e-04
7205,36.024157,0,8.955654e-04
7206,36.029157,0,9.072102e-04
7207,36.034157,0,9.199838e-04
7208,36.039157,0,9.336076e-04
7209,36.044157,0,9.478539e-04
7210,36.049157,0,9.625386e-04
7211,36.054157,0,9.775134e-04
7212,36.059157,0,9.926597e-04
7213,36.064157,3,9.303169e-04
7214,36.069157,2,8.601045e-04
7215,36.074157,1,9.589866e-04
7216,36.079157,1,9.400786e-04
7217,36.084157,2,9.287794e-04
7218,36.089157,2,7.604466e-04
7219,36.094157,1,8.306418e-04
7220,36.099157,1,9.994938e-04
7221,36.104157,3,7.340953e-04
7222,36.109157,2,6.502615e-04
7223,36.114157,2,6.658450e-04
7224,36.119157,1,7.330355e-04
7225,36.124157,0,8.335518e-04
7226,36.129157,0,9.554049e-04
7227,36.134157,1,9.312062e-04
7228,36.139157,0,9.838432e-04
7229,36.144157,1,9.325178e-04
7230,36.149157,0,9.415654e-04
7231,36.154157,0,9.791769e-04
7232,36.159157,1,7.507035e-04
7233,36.164157,4,7.279391e-04
7234,36.169157,2,6.113860e-04
7235,36.174157,1,7.747972e-04
7236,36.179157,0,9.566062e-04
7237,36.184157,4,9.942751e-04
7238,36.189157,3,9.726856e-04
7239,36.194157,2,6.800416e-04
7240,36.199157,1,6.768672e-04
7241,36.204157,0,8.400300e-04
7242,36.209157,0,9.910631e-04
7243,36.214157,3,9.579456e-04
7244,36.219157,2,7.054889e-04
7245,36.224157,1,8.806536e-04
7246,36.229157,0,9.890616e-04
7247,36.234157,2,8.882297e-04
7248,36.239157,1,8.851864e-04
7249,36.244157,1,7.713768e-04
7250,36.249157,0,8.526071e-04
7251,36.254157,0,9.247949e-04
7252,36.259157,0,9.817850e-04
7253,36.264157,1,9.734444e-04
7254,36.269157,1,8.602179e-04
7255,36.274157,0,8.976362e-04
7256,36.279157,0,9.420936e-04
7257,36.284157,0,9.760571e-04
7258,36.289157,1,8.070797e-04
7259,36.294157,4,8.969097e-04
7260,36.299157,2,8.368782e-04
7261,36.304157,4,9.263234e-04
7262,36.309157,2,7.513823e-04
7263,36.314157,1,9.087211e-04
7264,36.319157,1,8.707027e-04
7265,36.324157,0,9.221945e-04
7266,36.329157,3,8.540587e-04
7267,36.334157,2,6.924400e-04
7268,36.339157,2,8.730635e-04
7269,36.344157,1,9.647312e-04
7270,36.349157,0,9.990540e-04
7271,36.354157,1,9.614436e-04
7272,36.359157,1,8.477866e-04
7273,36.364157,4,9.495017e-04
7274,36.369157,2,6.837622e-04
7275,36.374157,1,9.777011e-04
7276,36.379157,1,9.344906e-04
7277,36.384157,0,9.952242e-04
7278,36.389157,3,8.127018e-04
7279,36.394157,3,9.397919e-04
7280,36.399157,2,6.895383e-04
7281,36.404157,1,7.822352e-04
7282,36.409157,0,9.687473e-04
7283,36.414157,1,6.927138e-04
7284,36.419157,2,6.684462e-04
7285,36.424157,3,8.654960e-04
7286,36.429157,2,6.029858e-04
7287,36.434157,0,9.855800e-04
7288,36.439157,2,7.567102e-04
7289,36.444157,1,8.824983e-04
7290,36.449157,1,7.983439e-04
7291,36.454157,0,8.077047e-04
7292,36.459157,0,8.586945e-04
7293,36.464157,0,9.063611e-04
7294,36.469157,0,9.548143e-04
7295,36.474157,1,8.424894e-04
7296,36.479157,2,8.280107e-04
7297,36.484157,4,9.558127e-04
7298,36.489157,2,7.708695e-04
7299,36.494157,1,9.740066e-04
7300,36.499157,1,9.966512e-04
7301,36.504157,3,6.833079e-04
7302,36.509157,2,7.142452e-04
7303,36.514157,1,9.530805e-04
7304,36.519157,1,9.599962e-04
7305,36.524157,3,6.442288e-04
7306,36.529157,2,8.459963e-04
7307,36.534157,2,8.449300e-04
7308,36.539157,2,8.598954e-04
7309,36.544157,1,8.833746e-04
7310,36.549157,0,9.023193e-04
7311,36.554157,0,9.899377e-04
7312,36.559157,1,8.804753e-04
7313,36.564157,0,8.692498e-04
7314,36.569157,0,9.225422e-04
7315,36.574157,0,9.708591e-04
7316,36.579157,3,8.165095e-04
7317,36.584157,3,8.221953e-04
7318,36.589157,1,8.633618e-04
7319,36.594157,1,8.913356e-04
7320,36.599157,1,9.905057e-04
7321,36.604157,1,9.920197e-04
7322,36.609157,3,6.997294e-04
7323,36.614157,3,7.117328e-04
7324,36.619157,2,7.825023e-04
7325,36.624157,2,8.024725e-04
7326,36.629157,1,8.824116e-04
7327,36.634157,1,8.592525e-04
7328,36.639157,0,8.932397e-04
7329,36.644157,0,9.582348e-04
7330,36.649157,4,9.846374e-04
7331,36.654157,2,7.465878e-04
7332,36.659157,5,8.434911e-04
7333,36.664157,2,9.441504e-04
7334,36.669157,2,9.592618e-04
7335,36.674157,1,8.907012e-04
7336,36.679157,3,7.331151e-04
7337,36.684157,1,8.722537e-04
7338,36.689157,3,7.845014e-04
7339,36.694157,2,7.413342e-04
7340,36.699157,1,7.513331e-04
7341,36.704157,0,8.046811e-04
7342,36.709157,0,9.054655e-04
7343,36.714157,1,6.039079e-04
7344,36.719157,0,7.064446e-04
7345,36.724157,0,9.474795e-04
7346,36.729157,2,7.232168e-04
7347,36.734157,1,8.870288e-04
7348,36.739157,1,6.973824e-04
7349,36.744157,0,7.134316e-04
7350,36.749157,0,7.835944e-04
7351,36.754157,0,8.592384e-04
7352,36.759157,0,9.364087e-04
7353,36.764157,2,6.337550e-04
7354,36.769157,1,8.718413e-04
7355,36.774157,1,7.759413e-04
7356,36.779157,0,9.826090e-04
7357,36.784157,1,7.507220e-04
7358,36.789157,0,6.863927e-04
7359,36.794157,0,6.852766e-04
7360,36.799157,0,7.148809e-04
7361,36.804157,0,7.622690e-04
7362,36.809157,0,8.188007e-04
7363,36.814157,0,8.789865e-04
7364,36.819157,0,9.396148e-04
7365,36.824157,0,9.989336e-04
7366,36.829157,2,7.340910e-04
7367,36.834157,2,6.617252e-04
7368,36.839157,0,9.646684e-04
7369,36.844157,1,9.061823e-04
7370,36.849157,1,6.869557e-04
7371,36.854157,0,7.655068e-04
7372,36.859157,0,8.903957e-04
7373,36.864157,3,8.522905e-04
7374,36.869157,1,9.775760e-04
7375,36.874157,3,6.245834e-04
7376,36.879157,2,5.708197e-04
7377,36.884157,0,9.306883e-04
7378,36.889157,1,9.850142e-04
7379,36.894157,1,8.824920e-04
7380,36.899157,0,8.880006e-04
7381,36.904157,0,9.441146e-04
7382,36.909157,0,9.967117e-04
7383,36.914157,1,7.367820e-04
7384,36.919157,0,6.983452e-04
7385,36.924157,0,7.104888e-04
7386,36.929157,0,7.414050e-04
7387,36.934157,0,7.775600e-04
7388,36.939157,0,8.140424e-04
7389,36.944157,0,8.492397e-04
7390,36.949157,0,8.828024e-04
7391,36.954157,0,9.148176e-04
7392,36.959157,0,9.454797e-04
7393,36.964157,0,9.749706e-04
7394,36.969157,1,9.746149e-04
7395,36.974157,0,9.373937e-04
7396,36.979157,1,6.015133e-04
7397,36.984157,0,5.728529e-04
7398,36.989157,0,5.853018e-04
7399,36.994157,0,6.023732e-04
7400,36.999157,0,6.221656e-04
7401,37.004157,0,6.433098e-04
7402,37.009157,0,6.651394e-04
7403,37.014157,0,6.872682e-04
7404,37.019157,0,7.094583e-04
7405,37.024157,0,7.315545e-04
7406,37.029157,0,7.534494e-04
7407,37.034157,0,7.750651e-04
7408,37.039157,0,7.963434e-04
7409,37.044157,0,8.172405e-04
7410,37.049157,0,8.377241e-04
7411,37.054157,0,8.577714e-04
7412,37.059157,0,8.773672e-04
7413,37.064157,0,8.965034e-04
7414,37.069157,0,9.151770e-04
7415,37.074157,0,9.333900e-04
7416,37.079157,0,9.511481e-04
7417,37.084157,0,9.684600e-04
7418,37.089157,0,9.853370e-04
7419,37.094157,2,9.578849e-04
7420,37.099157,2,7.166403e-04
7421,37.104157,2,7.304862e-04
7422,37.109157,1,8.762300e-04
7423,37.114157,0,9.607126e-04
7424,37.119157,1,7.811154e-04
7425,37.124157,0,8.053689e-04
7426,37.129157,0,8.663445e-04
7427,37.134157,0,9.171312e-04
7428,37.139157,0,9.627976e-04
7429,37.144157,3,7.357349e-04
7430,37.149157,1,9.103769e-04
7431,37.154157,4,7.075911e-04
7432,37.159157,2,7.920888e-04
7433,37.164157,1,9.170604e-04
7434,37.169157,1,8.975796e-04
7435,37.174157,0,9.465439e-04
7436,37.179157,2,8.083269e-04
7437,37.184157,1,9.929592e-04
7438,37.189157,3,5.857256e-04
7439,37.194157,2,4.819005e-04
7440,37.199157,0,7.611482e-04
7441,37.204157,1,6.641860e-04
7442,37.209157,0,8.601452e-04
7443,37.214157,1,7.506162e-04
7444,37.219157,0,8.522050e-04
7445,37.224157,0,9.568414e-04
7446,37.229157,1,9.180378e-04
7447,37.234157,1,8.603104e-04
7448,37.239157,0,8.700412e-04
7449,37.244157,0,8.931998e-04
7450,37.249157,0,9.130562e-04
7451,37.254157,0,9.347260e-04
7452,37.259157,0,9.587918e-04
7453,37.264157,0,9.850387e-04
7454,37.269157,2,9.332691e-04
7455,37.274157,2,8.004529e-04
7456,37.279157,0,9.388477e-04
7457,37.284157,1,7.312222e-04
7458,37.289157,3,8.110916e-04
7459,37.294157,2,8.072481e-04
7460,37.299157,2,8.283974e-04
7461,37.304157,1,9.334818e-04
7462,37.309157,2,8.248988e-04
7463,37.314157,1,8.892371e-04
7464,37.319157,1,7.976922e-04
7465,37.324157,0,9.714309e-04
7466,37.329157,2,7.855904e-04
7467,37.334157,1,7.652851e-04
7468,37.339157,0,9.011446e-04
7469,37.344157,2,8.166369e-04
7470,37.349157,1,8.095063e-04
7471,37.354157,1,7.607969e-04
7472,37.359157,2,7.221666e-04
7473,37.364157,1,8.603011e-04
7474,37.369157,1,9.839347e-04
7475,37.374157,2,8.576217e-04
7476,37.379157,4,9.677868e-04
7477,37.384157,1,8.913979e-04
7478,37.389157,1,6.275191e-04
7479,37.394157,0,7.809993e-04
7480,37.399157,2,7.263153e-04
7481,37.404157,1,9.239527e-04
7482,37.409157,1,8.136836e-04
7483,37.414157,0,8.847284e-04
7484,37.419157,0,9.650716e-04
7485,37.424157,1,7.642454e-04
7486,37.429157,2,7.271394e-04
7487,37.434157,5,8.963409e-04
7488,37.439157,3,8.411294e-04
7489,37.444157,2,7.674310e-04
7490,37.449157,1,8.423518e-04
7491,37.454157,0,9.766235e-04
7492,37.459157,1,8.086702e-04
7493,37.464157,1,9.928101e-04
7494,37.469157,2,9.449107e-04
7495,37.474157,1,9.225023e-04
7496,37.479157,3,9.411092e-04
7497,37.484157,2,6.885112e-04
7498,37.489157,1,9.792829e-04
7499,37.494157,1,7.671501e-04
7500,37.499157,0,8.058203e-04
7501,37.504157,0,8.831443e-04
7502,37.509157,0,9.610074e-04
7503,37.514157,1,9.547099e-04
7504,37.519157,1,7.879670e-04
7505,37.524157,0,9.572929e-04
7506,37.529157,2,8.069271e-04
7507,37.534157,1,9.703793e-04
7508,37.539157,1,8.190671e-04
7509,37.544157,0,8.942158e-04
7510,37.549157,0,9.926906e-04
7511,37.554157,2,9.266227e-04
7512,37.559157,1,9.147913e-04
7513,37.564157,2,9.301245e-04
7514,37.569157,1,6.887966e-04
7515,37.574157,0,8.576630e-04
7516,37.579157,2,8.632206e-04
7517,37.584157,1,9.859800e-04
7518,37.589157,1,9.977253e-04
7519,37.594157,1,9.030052e-04
7520,37.599157,0,9.144883e-04
7521,37.604157,0,9.503953e-04
7522,37.609157,0,9.852018e-04
7523,37.614157,2,8.448927e-04
7524,37.619157,2,7.294093e-04
7525,37.624157,3,9.785280e-04
7526,37.629157,1,8.963509e-04
7527,37.634157,1,8.839890e-04
7528,37.639157,1,8.607139e-04
7529,37.644157,2,8.145060e-04
7530,37.649157,2,9.514162e-04
7531,37.654157,2,7.587583e-04
7532,37.659157,1,8.341424e-04
7533,37.664157,0,8.973862e-04
7534,37.669157,0,9.893918e-04
7535,37.674157,2,9.173778e-04
7536,37.679157,2,9.537958e-04
7537,37.684157,3,9.333760e-04
7538,37.689157,1,8.530615e-04
7539,37.694157,1,9.656218e-04
7540,37.699157,6,9.736566e-04
7541,37.704157,3,9.396303e-04
7542,37.709157,2,9.611668e-04
7543,37.714157,5,9.286472e-04
7544,37.719157,2,9.723355e-04
7545,37.724157,1,8.026558e-04
7546,37.729157,2,6.889597e-04
7547,37.734157,4,9.065651e-04
7548,37.739157,2,9.080498e-04
7549,37.744157,2,8.688180e-04
7550,37.749157,1,9.744255e-04
7551,37.754157,1,8.822760e-04
7552,37.759157,0,9.356063e-04
7553,37.764157,1,7.777188e-04
7554,37.769157,2,5.943231e-04
7555,37.774157,0,9.090548e-04
7556,37.779157,5,8.257741e-04
7557,37.784157,3,7.035829e-04
7558,37.789157,2,6.573476e-04
7559,37.794157,1,8.626213e-04
7560,37.799157,1,8.574107e-04
7561,37.804157,0,9.370196e-04
7562,37.809157,5,6.617601e-04
7563,37.814157,3,9.754181e-04
7564,37.819157,4,9.523446e-04
7565,37.824157,2,9.219192e-04
7566,37.829157,1,9.922315e-04
7567,37.834157,1,8.519085e-04
7568,37.839157,0,9.062976e-04
7569,37.844157,0,9.877131e-04
7570,37.849157,1,7.801787e-04
7571,37.854157,4,8.254235e-04
7572,37.859157,2,6.490017e-04
7573,37.864157,1,8.092861e-04
7574,37.869157,0,9.515077e-04
7575,37.874157,6,8.747450e-04
7576,37.879157,3,9.677889e-04
7577,37.884157,5,9.203900e-04
7578,37.889157,2,8.880170e-04
7579,37.894157,1,9.501671e-04
7580,37.899157,3,9.040254e-04
7581,37.904157,1,9.614131e-04
7582,37.909157,1,8.613031e-04
7583,37.914157,1,8.668890e-04
7584,37.919157,0,8.899177e-04
7585,37.924157,0,9.415969e-04
7586,37.929157,4,9.439913e-04
7587,37.934157,3,9.246363e-04
7588,37.939157,1,9.860329e-04
7589,37.944157,1,9.403130e-04
7590,37.949157,1,9.999821e-04
7591,37.954157,3,7.717418e-04
7592,37.959157,2,8.933909e-04
7593,37.964157,2,8.702969e-04
7594,37.969157,1,9.915739e-04
7595,37.974157,1,9.646825e-04
7596,37.979157,0,9.910716e-04
7597,37.984157,3,7.800623e-04
7598,37.989157,2,9.286519e-04
7599,37.994157,4,9.235795e-04
7600,37.999157,2,5.490572e-04
7601,38.004157,1,7.007254e-04
7602,38.009157,0,9.125570e-04
7603,38.014157,3,8.647039e-04
7604,38.019157,1,9.852345e-04
7605,38.024157,1,8.512550e-04
7606,38.029157,3,5.568160e-04
7607,38.034157,2,7.105004e-04
7608,38.039157,1,9.886256e-04
7609,38.044157,1,8.423869e-04
7610,38.049157,0,8.850013e-04
7611,38.054157,0,9.740824e-04
7612,38.059157,2,8.568526e-04
7613,38.064157,1,9.531326e-04
7614,38.069157,3,7.518203e-04
7615,38.074157,2,6.753539e-04
7616,38.079157,1,6.937971e-04
7617,38.084157,0,7.324875e-04
7618,38.089157,0,8.304766e-04
7619,38.094157,0,9.280986e-04
7620,38.099157,2,7.939469e-04
7621,38.104157,1,7.474999e-04
7622,38.109157,1,7.075354e-04
7623,38.114157,0,8.012310e-04
7624,38.119157,0,8.930805e-04
7625,38.124157,0,9.760916e-04
7626,38.129157,2,9.554310e-04
7627,38.134157,1,6.143603e-04
7628,38.139157,0,8.600534e-04
7629,38.144157,2,6.579322e-04
7630,38.149157,1,6.909899e-04
7631,38.154157,0,9.653946e-04
7632,38.159157,2,5.726490e-04
7633,38.164157,0,9.526288e-04
7634,38.169157,1,9.527962e-04
7635,38.174157,1,6.650522e-04
7636,38.179157,0,6.960189e-04
7637,38.184157,0,7.270674e-04
7638,38.189157,0,7.463660e-04
7639,38.194157,0,7.653801e-04
7640,38.199157,0,7.866973e-04
7641,38.204157,0,8.099495e-04
7642,38.209157,0,8.342244e-04
7643,38.214157,0,8.587702e-04
7644,38.219157,0,8.830868e-04
7645,38.224157,0,9.068739e-04
7646,38.229157,0,9.299669e-04
7647,38.234157,0,9.522895e-04
7648,38.239157,0,9.738202e-04
7649,38.244157,0,9.945705e-04
7650,38.249157,3,6.708952e-04
7651,38.254157,2,7.280412e-04
7652,38.259157,2,6.132808e-04
7653,38.264157,1,7.446444e-04
7654,38.269157,0,8.629101e-04
7655,38.274157,0,9.913210e-04
7656,38.279157,1,8.364992e-04
7657,38.284157,0,8.795115e-04
7658,38.289157,0,9.701313e-04
7659,38.294157,1,8.842577e-04
7660,38.299157,0,9.116083e-04
7661,38.304157,0,9.651283e-04
7662,38.309157,1,9.486679e-04
7663,38.314157,0,9.653257e-04
7664,38.319157,0,9.991701e-04
7665,38.324157,1,9.464662e-04
7666,38.329157,0,9.503085e-04
7667,38.334157,0,9.699070e-04
7668,38.339157,0,9.811044e-04
7669,38.344157,0,9.894029e-04
7670,38.349157,0,9.973198e-04
7671,38.354157,1,9.717652e-04
7672,38.359157,0,9.735455e-04
7673,38.364157,0,9.876948e-04
7674,38.369157,0,9.925495e-04
7675,38.374157,0,9.939339e-04
7676,38.379157,0,9.944614e-04
7677,38.384157,0,9.952562e-04
7678,38.389157,0,9.966977e-04
7679,38.394157,0,9.988728e-04
7680,38.399157,1,8.876220e-04
7681,38.404157,0,8.847265e-04
7682,38.409157,0,8.940846e-04
7683,38.414157,0,8.953396e-04
7684,38.419157,0,8.934289e-04
7685,38.424157,0,8.906628e-04
7686,38.429157,0,8.880927e-04
7687,38.434157,0,8.861200e-04
7688,38.439157,0,8.848753e-04
7689,38.444157,0,8.843887e-04
7690,38.449157,0,8.846516e-04
7691,38.454157,0,8.856370e-04
7692,38.459157,0,8.873072e-04
7693,38.464157,0,8.896196e-04
7694,38.469157,0,8.925298e-04
7695,38.474157,0,8.959944e-04
7696,38.479157,0,8.999720e-04
7697,38.484157,0,9.044231e-04
7698,38.489157,0,9.093107e-04
7699,38.494157,0,9.145996e-04
7700,38.499157,0,9.202568e-04
7701,38.504157,0,9.262512e-04
7702,38.509157,0,9.325534e-04
7703,38.514157,0,9.391356e-04
7704,38.519157,0,9.459719e-04
7705,38.524157,0,9.530378e-04
7706,38.529157,0,9.603104e-04
7707,38.534157,0,9.677681e-04
7708,38.539157,0,9.753907e-04
7709,38.544157,0,9.831594e-04
7710,38.549157,0,9.910566e-04
7711,38.554157,0,9.990660e-04
7712,38.559157,3,9.592864e-04
7713,38.564157,2,8.710042e-04
7714,38.569157,4,8.650456e-04
7715,38.574157,2,6.743403e-04
7716,38.579157,1,9.054242e-04
7717,38.584157,3,8.983338e-04
7718,38.589157,1,9.763651e-04
7719,38.594157,3,7.640769e-04
7720,38.599157,2,7.581800e-04
7721,38.604157,1,9.152319e-04
7722,38.609157,1,7.655184e-04
7723,38.614157,0,7.770021e-04
7724,38.619157,0,8.242690e-04
7725,38.624157,0,8.778975e-04
7726,38.629157,0,9.365222e-04
7727,38.634157,0,9.982530e-04
7728,38.639157,1,7.658663e-04
7729,38.644157,2,8.642928e-04
7730,38.649157,2,7.259477e-04
7731,38.654157,1,8.182721e-04
7732,38.659157,0,9.925803e-04
7733,38.664157,1,7.432174e-04
7734,38.669157,2,5.657248e-04
7735,38.674157,0,9.003166e-04
7736,38.679157,2,9.257877e-04
7737,38.684157,2,8.194967e-04
7738,38.689157,1,7.824399e-04
7739,38.694157,0,9.195099e-04
7740,38.699157,1,9.222543e-04
7741,38.704157,1,9.239885e-04
7742,38.709157,0,9.279842e-04
7743,38.714157,0,9.812548e-04
7744,38.719157,3,9.767634e-04
7745,38.724157,1,6.204129e-04
7746,38.729157,2,5.899691e-04
7747,38.734157,0,9.502950e-04
7748,38.739157,1,6.358287e-04
7749,38.744157,2,5.501850e-04
7750,38.749157,0,9.511808e-04
7751,38.754157,1,7.875793e-04
7752,38.759157,2,9.153853e-04
7753,38.764157,2,8.722630e-04
7754,38.769157,4,8.974246e-04
7755,38.774157,1,9.929169e-04
7756,38.779157,3,8.311320e-04
7757,38.784157,1,5.740547e-04
7758,38.789157,0,6.582243e-04
7759,38.794157,0,8.128478e-04
7760,38.799157,0,9.659103e-04
7761,38.804157,3,6.435110e-04
7762,38.809157,1,7.983048e-04
7763,38.814157,1,9.216003e-04
7764,38.819157,3,5.207237e-04
7765,38.824157,0,9.368087e-04
7766,38.829157,3,5.358696e-04
7767,38.834157,1,9.237068e-04
7768,38.839157,1,8.592402e-04
7769,38.844157,1,6.898863e-04
7770,38.849157,0,6.676038e-04
7771,38.854157,0,6.719703e-04
7772,38.859157,0,6.951814e-04
7773,38.864157,0,7.299025e-04
7774,38.869157,0,7.712863e-04
7775,38.874157,0,8.161098e-04
7776,38.879157,0,8.623098e-04
7777,38.884157,0,9.086034e-04
7778,38.889157,0,9.542165e-04
7779,38.894157,0,9.987022e-04
7780,38.899157,2,7.636188e-04
7781,38.904157,2,9.083690e-04
7782,38.909157,2,6.078736e-04
7783,38.914157,1,7.505923e-04
7784,38.919157,0,8.960239e-04
7785,38.924157,1,9.178415e-04
7786,38.929157,0,9.582918e-04
7787,38.934157,1,9.558401e-04
7788,38.939157,0,9.590181e-04
7789,38.944157,3,6.917719e-04
7790,38.949157,1,9.612024e-04
7791,38.954157,3,8.575379e-04
7792,38.959157,2,7.077752e-04
7793,38.964157,1,8.584154e-04
7794,38.969157,1,8.819756e-04
7795,38.974157,0,9.936034e-04
7796,38.979157,3,6.019469e-04
7797,38.984157,2,7.665008e-04
7798,38.989157,2,7.162689e-04
7799,38.994157,1,8.736216e-04
7800,38.999157,0,9.485077e-04
7801,39.004157,1,9.089926e-04
7802,39.009157,0,9.330140e-04
7803,39.014157,0,9.980574e-04
7804,39.019157,3,7.967974e-04
7805,39.024157,1,9.826225e-04
7806,39.029157,3,9.088643e-04
7807,39.034157,2,6.992690e-04
7808,39.039157,1,8.043242e-04
7809,39.044157,1,8.046530e-04
7810,39.049157,0,8.794996e-04
7811,39.054157,0,9.761570e-04
7812,39.059157,3,7.178693e-04
7813,39.064157,3,6.706418e-04
7814,39.069157,1,9.773347e-04
7815,39.074157,1,8.518654e-04
7816,39.079157,3,7.018021e-04
7817,39.084157,2,6.166525e-04
7818,39.089157,1,8.365636e-04
7819,39.094157,0,9.618350e-04
7820,39.099157,2,9.506603e-04
7821,39.104157,1,8.315714e-04
7822,39.109157,1,7.616967e-04
7823,39.114157,0,9.066016e-04
7824,39.119157,1,8.419750e-04
7825,39.124157,0,9.818514e-04
7826,39.129157,1,8.788340e-04
7827,39.134157,1,9.003030e-04
7828,39.139157,0,9.719498e-04
7829,39.144157,1,8.895626e-04
7830,39.149157,0,9.437963e-04
7831,39.154157,0,9.627556e-04
7832,39.159157,0,9.658952e-04
7833,39.164157,0,9.682268e-04
7834,39.169157,0,9.726342e-04
7835,39.174157,0,9.792408e-04
7836,39.179157,0,9.877249e-04
7837,39.184157,0,9.977598e-04
7838,39.189157,1,8.357224e-04
7839,39.194157,0,8.788699e-04
7840,39.199157,0,8.917096e-04
7841,39.204157,0,8.906164e-04
7842,39.209157,0,8.894854e-04
7843,39.214157,0,8.909824e-04
7844,39.219157,0,8.951247e-04
7845,39.224157,0,9.014570e-04
7846,39.229157,0,9.095236e-04
7847,39.234157,0,9.189354e-04
7848,39.239157,0,9.293739e-04
7849,39.244157,0,9.405845e-04
7850,39.249157,0,9.523653e-04
7851,39.254157,0,9.645564e-04
7852,39.259157,0,9.770307e-04
7853,39.264157,0,9.896869e-04
7854,39.269157,1,9.754332e-04
7855,39.274157,1,8.388177e-04
7856,39.279157,0,8.473229e-04
7857,39.284157,0,8.472616e-04
7858,39.289157,0,8.420336e-04
7859,39.294157,0,8.390484e-04
7860,39.299157,0,8.393489e-04
7861,39.304157,0,8.426684e-04
7862,39.309157,0,8.485226e-04
7863,39.314157,0,8.564499e-04
7864,39.319157,0,8.660486e-04
7865,39.324157,0,8.769782e-04
7866,39.329157,0,8.889539e-04
7867,39.334157,0,9.017387e-04
7868,39.339157,0,9.151362e-04
7869,39.344157,0,9.289835e-04
7870,39.349157,0,9.431459e-04
7871,39.354157,0,9.575123e-04
7872,39.359157,0,9.719911e-04
7873,39.364157,0,9.865076e-04
7874,39.369157,2,8.953626e-04
7875,39.374157,1,8.648498e-04
7876,39.379157,1,8.182546e-04
7877,39.384157,2,7.747645e-04
7878,39.389157,2,9.221510e-04
7879,39.394157,2,8.417922e-04
7880,39.399157,1,9.172903e-04
7881,39.404157,1,9.465408e-04
7882,39.409157,2,8.125692e-04
7883,39.414157,1,9.250499e-04
7884,39.419157,3,9.400456e-04
7885,39.424157,2,8.415024e-04
7886,39.429157,1,9.737388e-04
7887,39.434157,1,9.267018e-04
7888,39.439157,1,7.896853e-04
7889,39.444157,2,7.448997e-04
7890,39.449157,2,9.746148e-04
7891,39.454157,1,9.055210e-04
7892,39.459157,1,8.180484e-04
7893,39.464157,0,8.548439e-04
7894,39.469157,0,9.368555e-04
7895,39.474157,6,9.983355e-04
7896,39.479157,1,8.025720e-04
7897,39.484157,2,6.569801e-04
7898,39.489157,0,9.936066e-04
7899,39.494157,2,9.527650e-04
7900,39.499157,2,8.203362e-04
7901,39.504157,1,8.936033e-04
7902,39.509157,1,9.780694e-04
7903,39.514157,0,9.862024e-04
7904,39.519157,2,7.510597e-04
7905,39.524157,2,8.338526e-04
7906,39.529157,3,8.968432e-04
7907,39.534157,1,7.540307e-04
7908,39.539157,2,7.906444e-04
7909,39.544157,1,8.470128e-04
7910,39.549157,2,6.360945e-04
7911,39.554157,4,9.124343e-04
7912,39.559157,1,7.234649e-04
7913,39.564157,2,6.639661e-04
7914,39.569157,0,9.364103e-04
7915,39.574157,1,7.336167e-04
7916,39.579157,2,6.549855e-04
7917,39.584157,0,9.496003e-04
7918,39.589157,2,8.502778e-04
7919,39.594157,2,8.204172e-04
7920,39.599157,1,8.588645e-04
7921,39.604157,0,9.214068e-04
7922,39.609157,1,9.253617e-04
7923,39.614157,0,9.465301e-04
7924,39.619157,3,9.704650e-04
7925,39.624157,1,9.099606e-04
7926,39.629157,1,9.710121e-04
7927,39.634157,1,9.945447e-04
7928,39.639157,1,9.721680e-04
7929,39.644157,1,9.399172e-04
7930,39.649157,1,9.220865e-04
7931,39.654157,1,9.389271e-04
7932,39.659157,1,9.785964e-04
7933,39.664157,3,7.442880e-04
7934,39.669157,3,8.186627e-04
7935,39.674157,1,9.974007e-04
7936,39.679157,3,9.204945e-04
7937,39.684157,3,8.013543e-04
7938,39.689157,2,5.953556e-04
7939,39.694157,0,9.080880e-04
7940,39.699157,1,9.801430e-04
7941,39.704157,1,7.174609e-04
7942,39.709157,0,8.326015e-04
7943,39.714157,0,9.480018e-04
7944,39.719157,1,7.850293e-04
7945,39.724157,4,9.741488e-04
7946,39.729157,2,8.416264e-04
7947,39.734157,2,8.297782e-04
7948,39.739157,1,9.818438e-04
7949,39.744157,1,9.559721e-04
7950,39.749157,1,7.106739e-04
7951,39.754157,2,7.242088e-04
7952,39.759157,4,8.717910e-04
7953,39.764157,2,8.174412e-04
7954,39.769157,1,9.730027e-04
7955,39.774157,4,9.863299e-04
7956,39.779157,2,7.699366e-04
7957,39.784157,1,9.875806e-04
7958,39.789157,3,7.595130e-04
7959,39.794157,1,9.405558e-04
7960,39.799157,3,5.378128e-04
7961,39.804157,0,9.240586e-04
7962,39.809157,2,9.418311e-04
7963,39.814157,1,9.808866e-04
7964,39.819157,1,8.651633e-04
7965,39.824157,0,9.110645e-04
7966,39.829157,2,7.167201e-04
7967,39.834157,2,8.126584e-04
7968,39.839157,1,9.020513e-04
7969,39.844157,0,9.494884e-04
7970,39.849157,1,8.318461e-04
7971,39.854157,0,8.114885e-04
7972,39.859157,0,8.281256e-04
7973,39.864157,0,8.461013e-04
7974,39.869157,0,8.679807e-04
7975,39.874157,0,8.929203e-04
7976,39.879157,0,9.202508e-04
7977,39.884157,0,9.493876e-04
7978,39.889157,0,9.798580e-04
7979,39.894157,1,8.496681e-04
7980,39.899157,2,8.757425e-04
7981,39.904157,1,9.219057e-04
7982,39.909157,4,9.417456e-04
7983,39.914157,2,7.675467e-04
7984,39.919157,2,9.924733e-04
7985,39.924157,1,9.492721e-04
7986,39.929157,0,9.511660e-04
7987,39.934157,1,8.487736e-04
7988,39.939157,0,8.612819e-04
7989,39.944157,0,9.188253e-04
7990,39.949157,0,9.759931e-04
7991,39.954157,1,8.756244e-04
7992,39.959157,3,9.903691e-04
7993,39.964157,1,9.137389e-04
7994,39.969157,3,8.949119e-04
7995,39.974157,2,9.830597e-04
7996,39.979157,2,9.876011e-04
7997,39.984157,4,9.701067e-04
7998,39.989157,2,8.952455e-04
7999,39.994157,3,9.355811e-04
8000,39.999157,1,7.981492e-04
8001,40.004157,1,7.021954e-04
8002,40.009157,0,9.133102e-04
8003,40.014157,3,6.718022e-04
8004,40.019157,2,7.486259e-04
8005,40.024157,1,8.617703e-04
8006,40.029157,0,9.952411e-04
8007,40.034157,3,9.640894e-04
8008,40.039157,2,8.314222e-04
8009,40.044157,2,9.312966e-04
8010,40.049157,1,9.134590e-04
8011,40.054157,0,9.268957e-04
8012,40.059157,1,8.589843e-04
8013,40.064157,0,8.591412e-04
8014,40.069157,0,9.072352e-04
8015,40.074157,0,9.587392e-04
8016,40.079157,2,8.166416e-04
8017,40.084157,2,8.716456e-04
8018,40.089157,2,8.541532e-04
8019,40.094157,3,8.415053e-04
8020,40.099157,1,7.940313e-04
8021,40.104157,1,8.957651e-04
8022,40.109157,1,9.749086e-04
8023,40.114157,1,9.723377e-04
8024,40.119157,2,7.725588e-04
8025,40.124157,3,9.677785e-04
8026,40.129157,1,7.205678e-04
8027,40.134157,0,8.063697e-04
8028,40.139157,0,9.937317e-04
8029,40.144157,1,9.933763e-04
8030,40.149157,1,7.619060e-04
8031,40.154157,2,8.463552e-04
8032,40.159157,2,9.425643e-04
8033,40.164157,1,8.361506e-04
8034,40.169157,2,7.696975e-04
8035,40.174157,1,8.014261e-04
8036,40.179157,2,9.819222e-04
8037,40.184157,2,9.733152e-04
8038,40.189157,1,9.839212e-04
8039,40.194157,1,9.869252e-04
8040,40.199157,2,8.144521e-04
8041,40.204157,1,8.117923e-04
8042,40.209157,2,8.201070e-04
8043,40.214157,2,9.484736e-04
8044,40.219157,2,9.478635e-04
8045,40.224157,1,8.860588e-04
8046,40.229157,0,9.699108e-04
8047,40.234157,1,9.149365e-04
8048,40.239157,0,9.308726e-04
8049,40.244157,0,9.951302e-04
8050,40.249157,4,9.558727e-04
8051,40.254157,1,6.924288e-04
8052,40.259157,2,8.405267e-04
8053,40.264157,2,8.910604e-04
8054,40.269157,2,8.836022e-04
8055,40.274157,1,9.459846e-04
8056,40.279157,1,8.930781e-04
8057,40.284157,0,9.049486e-04
8058,40.289157,0,9.756778e-04
8059,40.294157,1,8.388534e-04
8060,40.299157,6,9.610611e-04
8061,40.304157,3,9.432988e-04
8062,40.309157,2,9.436211e-04
8063,40.314157,9,9.394661e-04
8064,40.319157,5,9.733020e-04
8065,40.324157,3,9.385663e-04
8066,40.329157,2,9.444165e-04
8067,40.334157,1,9.859193e-04
8068,40.339157,2,9.006165e-04
8069,40.344157,7,8.426722e-04
8070,40.349157,1,6.809384e-04
8071,40.354157,0,9.384161e-04
8072,40.359157,2,9.780015e-04
8073,40.364157,2,8.897498e-04
8074,40.369157,1,9.403159e-04
8075,40.374157,1,7.845124e-04
8076,40.379157,0,7.986467e-04
8077,40.384157,0,8.541005e-04
8078,40.389157,0,9.139032e-04
8079,40.394157,0,9.783292e-04
8080,40.399157,1,7.938249e-04
8081,40.404157,3,7.348564e-04
8082,40.409157,1,7.362246e-04
8083,40.414157,0,8.960764e-04
8084,40.419157,1,7.658031e-04
8085,40.424157,2,9.037897e-04
8086,40.429157,1,9.975645e-04
8087,40.434157,1,9.630705e-04
8088,40.439157,3,8.365440e-04
8089,40.444157,2,6.155999e-04
8090,40.449157,2,6.562923e-04
8091,40.454157,1,8.657719e-04
8092,40.459157,0,9.574108e-04
8093,40.464157,1,9.310615e-04
8094,40.469157,0,9.477012e-04
8095,40.474157,3,7.839727e-04
8096,40.479157,2,8.266677e-04
8097,40.484157,1,9.819256e-04
8098,40.489157,4,7.482475e-04
8099,40.494157,2,7.191346e-04
8100,40.499157,1,9.141925e-04
8101,40.504157,3,7.245598e-04
8102,40.509157,1,8.022109e-04
8103,40.514157,1,6.962988e-04
8104,40.519157,0,9.446757e-04
8105,40.524157,3,6.747929e-04
8106,40.529157,2,6.632428e-04
8107,40.534157,2,8.407547e-04
8108,40.539157,2,7.895082e-04
8109,40.544157,1,8.194265e-04
8110,40.549157,0,9.097543e-04
8111,40.554157,1,7.913103e-04
8112,40.559157,0,7.918459e-04
8113,40.564157,0,8.395182e-04
8114,40.569157,0,8.794986e-04
8115,40.574157,0,9.141285e-04
8116,40.579157,0,9.461844e-04
8117,40.584157,0,9.774709e-04
8118,40.589157,3,6.288635e-04
8119,40.594157,1,9.483794e-04
8120,40.599157,3,8.478460e-04
8121,40.604157,2,7.106359e-04
8122,40.609157,1,8.312482e-04
8123,40.614157,1,8.404841e-04
8124,40.619157,0,9.151748e-04
8125,40.624157,0,9.966297e-04
8126,40.629157,3,7.918058e-04
8127,40.634157,3,9.301615e-04
8128,40.639157,1,8.225816e-04
8129,40.644157,0,9.728470e-04
8130,40.649157,1,8.925489e-04
8131,40.654157,1,8.566309e-04
8132,40.659157,0,9.074759e-04
8133,40.664157,0,9.687853e-04
8134,40.669157,3,8.957556e-04
8135,40.674157,2,9.689033e-04
8136,40.679157,2,7.459215e-04
8137,40.684157,1,8.508406e-04
8138,40.689157,0,9.079055e-04
8139,40.694157,1,7.458546e-04
8140,40.699157,0,8.112573e-04
8141,40.704157,0,8.991538e-04
8142,40.709157,0,9.877860e-04
8143,40.714157,1,8.258184e-04
8144,40.719157,1,7.867253e-04
8145,40.724157,2,6.881559e-04
8146,40.729157,2,8.397856e-04
8147,40.734157,2,7.908248e-04
8148,40.739157,1,9.459991e-04
8149,40.744157,1,8.523822e-04
8150,40.749157,0,8.455453e-04
8151,40.754157,0,8.932695e-04
8152,40.759157,0,9.399653e-04
8153,40.764157,0,9.879752e-04
8154,40.769157,1,7.507441e-04
8155,40.774157,2,7.653654e-04
8156,40.779157,2,8.173530e-04
8157,40.784157,5,8.868260e-04
8158,40.789157,2,7.966585e-04
8159,40.794157,3,7.514202e-04
8160,40.799157,1,7.604644e-04
8161,40.804157,1,8.432980e-04
8162,40.809157,1,8.531118e-04
8163,40.814157,0,8.990172e-04
8164,40.819157,0,9.705988e-04
8165,40.824157,2,7.953901e-04
8166,40.829157,1,9.274099e-04
8167,40.834157,3,6.971037e-04
8168,40.839157,1,9.921297e-04
8169,40.844157,1,8.579784e-04
8170,40.849157,3,5.449736e-04
8171,40.854157,2,6.528658e-04
8172,40.859157,1,9.586982e-04
8173,40.864157,1,8.021499e-04
8174,40.869157,0,8.289391e-04
8175,40.874157,0,8.875022e-04
8176,40.879157,0,9.448709e-04
8177,40.884157,2,7.387100e-04
8178,40.889157,2,8.246899e-04
8179,40.894157,1,9.153576e-04
8180,40.899157,0,9.867470e-04
8181,40.904157,3,8.245780e-04
8182,40.909157,2,9.065578e-04
8183,40.914157,1,9.932383e-04
8184,40.919157,1,9.692749e-04
8185,40.924157,1,9.132526e-04
8186,40.929157,0,9.426310e-04
8187,40.934157,0,9.631028e-04
8188,40.939157,0,9.821546e-04
8189,40.944157,1,9.645730e-04
8190,40.949157,1,8.610120e-04
8191,40.954157,0,8.800260e-04
8192,40.959157,0,8.910838e-04
8193,40.964157,0,9.046274e-04
8194,40.969157,0,9.237005e-04
8195,40.974157,0,9.473903e-04
8196,40.979157,0,9.745852e-04
8197,40.984157,1,9.080930e-04
8198,40.989157,2,9.137924e-04
8199,40.994157,2,9.579002e-04
8200,40.999157,1,9.891519e-04
8201,41.004157,2,7.318352e-04
8202,41.009157,3,6.239648e-04
8203,41.014157,0,9.141384e-04
8204,41.019157,1,9.469503e-04
8205,41.024157,1,7.770823e-04
8206,41.029157,2,8.831615e-04
8207,41.034157,1,8.073574e-04
8208,41.039157,2,6.983752e-04
8209,41.044157,0,9.628905e-04
8210,41.049157,1,9.970077e-04
8211,41.054157,1,9.104289e-04
8212,41.059157,1,8.382503e-04
8213,41.064157,1,8.294231e-04
8214,41.069157,2,7.401655e-04
8215,41.074157,0,9.891161e-04
8216,41.079157,1,8.786324e-04
8217,41.084157,2,7.960304e-04
8218,41.089157,2,8.685041e-04
8219,41.094157,1,9.308118e-04
8220,41.099157,3,7.884139e-04
8221,41.104157,2,6.685308e-04
8222,41.109157,1,8.354738e-04
8223,41.114157,1,9.933368e-04
8224,41.119157,2,9.138298e-04
8225,41.124157,1,6.412398e-04
8226,41.129157,0,9.435342e-04
8227,41.134157,3,8.516029e-04
8228,41.139157,2,7.374974e-04
8229,41.144157,1,9.307013e-04
8230,41.149157,1,8.300330e-04
8231,41.154157,0,8.997991e-04
8232,41.159157,0,9.842030e-04
8233,41.164157,1,7.677972e-04
8234,41.169157,1,8.854991e-04
8235,41.174157,2,7.220024e-04
8236,41.179157,2,9.870627e-04
8237,41.184157,2,7.922080e-04
8238,41.189157,1,9.088756e-04
8239,41.194157,1,9.509537e-04
8240,41.199157,0,9.640843e-04
8241,41.204157,2,8.854397e-04
8242,41.209157,1,9.144950e-04
8243,41.214157,1,9.275315e-04
8244,41.219157,0,9.605349e-04
8245,41.224157,2,8.064841e-04
8246,41.229157,1,7.211530e-04
8247,41.234157,0,9.329037e-04
8248,41.239157,6,9.384489e-04
8249,41.244157,5,9.547078e-04
8250,41.249157,3,7.574605e-04
8251,41.254157,1,9.238359e-04
8252,41.259157,1,8.158134e-04
8253,41.264157,0,9.090852e-04
8254,41.269157,3,8.495767e-04
8255,41.274157,2,7.776165e-04
8256,41.279157,1,8.626594e-04
8257,41.284157,0,9.664780e-04
8258,41.289157,1,9.906885e-04
8259,41.294157,1,8.723378e-04
8260,41.299157,0,8.958078e-04
8261,41.304157,0,9.671592e-04
8262,41.309157,2,9.833578e-04
8263,41.314157,2,9.036422e-04
8264,41.319157,2,8.237482e-04
8265,41.324157,1,9.383547e-04
8266,41.329157,2,7.728240e-04
8267,41.334157,1,9.441820e-04
8268,41.339157,2,6.846973e-04
8269,41.344157,0,8.423420e-04
8270,41.349157,4,9.361459e-04
8271,41.354157,2,8.785625e-04
8272,41.359157,2,9.379965e-04
8273,41.364157,1,9.358101e-04
8274,41.369157,1,8.932948e-04
8275,41.374157,0,8.950873e-04
8276,41.379157,0,9.531897e-04
8277,41.384157,1,9.803981e-04
8278,41.389157,1,7.110805e-04
8279,41.394157,2,5.525098e-04
8280,41.399157,0,9.326215e-04
8281,41.404157,2,8.910205e-04
8282,41.409157,2,8.284926e-04
8283,41.414157,1,9.550118e-04
8284,41.419157,1,9.690055e-04
8285,41.424157,1,8.908321e-04
8286,41.429157,1,9.252631e-04
8287,41.434157,2,9.149607e-04
8288,41.439157,1,9.797583e-04
8289,41.444157,2,9.243503e-04
8290,41.449157,1,9.793982e-04
8291,41.454157,2,8.419976e-04
8292,41.459157,1,7.039785e-04
8293,41.464157,1,9.971968e-04
8294,41.469157,3,7.374561e-04
8295,41.474157,1,9.060090e-04
8296,41.479157,1,9.887635e-04
8297,41.484157,1,9.898708e-04
8298,41.489157,1,9.183542e-04
8299,41.494157,6,9.612779e-04
8300,41.499157,1,7.873654e-04
8301,41.504157,2,8.181128e-04
8302,41.509157,1,8.752706e-04
8303,41.514157,8,8.576141e-04
8304,41.519157,4,8.935794e-04
8305,41.524157,2,9.838529e-04
8306,41.529157,1,9.446095e-04
8307,41.534157,1,8.053476e-04
8308,41.539157,2,6.064547e-04
8309,41.544157,0,9.076613e-04
8310,41.549157,1,8.809554e-04
8311,41.554157,2,8.213114e-04
8312,41.559157,3,9.105041e-04
8313,41.564157,2,7.110525e-04
8314,41.569157,2,8.777826e-04
8315,41.574157,2,9.794209e-04
8316,41.579157,2,9.277035e-04
8317,41.584157,1,9.947364e-04
8318,41.589157,1,9.189659e-04
8319,41.594157,0,8.940888e-04
8320,41.599157,0,9.318919e-04
8321,41.604157,0,9.672781e-04
8322,41.609157,1,9.108995e-04
8323,41.614157,4,9.181763e-04
8324,41.619157,4,9.355170e-04
8325,41.624157,2,9.201938e-04
8326,41.629157,6,9.433104e-04
8327,41.634157,4,7.253122e-04
8328,41.639157,1,8.286898e-04
8329,41.644157,2,7.615111e-04
8330,41.649157,1,9.762025e-04
8331,41.654157,1,7.803302e-04
8332,41.659157,0,8.243764e-04
8333,41.664157,0,8.827617e-04
8334,41.669157,0,9.393282e-04
8335,41.674157,0,9.971875e-04
8336,41.679157,1,8.439944e-04
8337,41.684157,2,6.954727e-04
8338,41.689157,0,9.710127e-04
8339,41.694157,1,7.563290e-04
8340,41.699157,2,6.069440e-04
8341,41.704157,0,8.841740e-04
8342,41.709157,3,8.933805e-04
8343,41.714157,2,7.566269e-04
8344,41.719157,1,9.149795e-04
8345,41.724157,1,8.380027e-04
8346,41.729157,0,9.185799e-04
8347,41.734157,2,7.240830e-04
8348,41.739157,1,8.784942e-04
8349,41.744157,1,9.519378e-04
8350,41.749157,3,5.584429e-04
8351,41.754157,0,8.064474e-04
8352,41.759157,2,9.514920e-04
8353,41.764157,1,9.951566e-04
8354,41.769157,1,7.508217e-04
8355,41.774157,0,7.811306e-04
8356,41.779157,0,8.787140e-04
8357,41.784157,0,9.868569e-04
8358,41.789157,2,9.105941e-04
8359,41.794157,2,9.545710e-04
8360,41.799157,2,6.905664e-04
8361,41.804157,1,7.130700e-04
8362,41.809157,0,7.714462e-04
8363,41.814157,0,8.734654e-04
8364,41.819157,0,9.602225e-04
8365,41.824157,1,9.015906e-04
8366,41.829157,0,9.558939e-04
8367,41.834157,1,8.624015e-04
8368,41.839157,0,8.543846e-04
8369,41.844157,0,8.976285e-04
8370,41.849157,0,9.382319e-04
8371,41.854157,0,9.792363e-04
8372,41.859157,3,9.397427e-04
8373,41.864157,2,9.124452e-04
8374,41.869157,4,7.057749e-04
8375,41.874157,2,6.994086e-04
8376,41.879157,2,8.813199e-04
8377,41.884157,2,9.598880e-04
8378,41.889157,1,9.852131e-04
8379,41.894157,1,9.069557e-04
8380,41.899157,0,8.878012e-04
8381,41.904157,0,9.323415e-04
8382,41.909157,0,9.791328e-04
8383,41.914157,1,9.504494e-04
8384,41.919157,1,7.441530e-04
8385,41.924157,2,8.012442e-04
8386,41.929157,6,9.280433e-04
8387,41.934157,2,8.581124e-04
8388,41.939157,1,7.587849e-04
8389,41.944157,2,7.362011e-04
8390,41.949157,1,9.832400e-04
8391,41.954157,1,9.574056e-04
8392,41.959157,3,8.593228e-04
8393,41.964157,3,8.261680e-04
8394,41.969157,1,9.306501e-04
8395,41.974157,1,9.098576e-04
8396,41.979157,3,7.019933e-04
8397,41.984157,2,6.386713e-04
8398,41.989157,0,9.249087e-04
8399,41.994157,2,6.936641e-04
8400,41.999157,1,8.316318e-04
8401,42.004157,0,9.496659e-04
8402,42.009157,1,9.559292e-04
8403,42.014157,0,9.558762e-04
8404,42.019157,1,7.711797e-04
8405,42.024157,0,7.376838e-04
8406,42.029157,0,7.486530e-04
8407,42.034157,0,7.649517e-04
8408,42.039157,0,7.857360e-04
8409,42.044157,0,8.094901e-04
8410,42.049157,0,8.352849e-04
8411,42.054157,0,8.624621e-04
8412,42.059157,0,8.905641e-04
8413,42.064157,0,9.192770e-04
8414,42.069157,0,9.483871e-04
8415,42.074157,0,9.777487e-04
8416,42.079157,1,9.855316e-04
8417,42.084157,2,8.166113e-04
8418,42.089157,3,9.488555e-04
8419,42.094157,2,8.375237e-04
8420,42.099157,2,9.146375e-04
8421,42.104157,1,8.912158e-04
8422,42.109157,0,9.980282e-04
8423,42.114157,2,6.740894e-04
8424,42.119157,2,8.224170e-04
8425,42.124157,3,9.855793e-04
8426,42.129157,2,8.814739e-04
8427,42.134157,2,9.077003e-04
8428,42.139157,1,7.328843e-04
8429,42.144157,2,7.295183e-04
8430,42.149157,2,9.403430e-04
8431,42.154157,2,7.817022e-04
8432,42.159157,1,8.456379e-04
8433,42.164157,0,9.604568e-04
8434,42.169157,1,6.489621e-04
8435,42.174157,0,9.463912e-04
8436,42.179157,4,8.753841e-04
8437,42.184157,2,7.045635e-04
8438,42.189157,1,8.867109e-04
8439,42.194157,1,9.747133e-04
8440,42.199157,3,6.300254e-04
8441,42.204157,0,9.634437e-04
8442,42.209157,3,7.811803e-04
8443,42.214157,2,5.432414e-04
8444,42.219157,0,9.352144e-04
8445,42.224157,1,8.859932e-04
8446,42.229157,1,8.124316e-04
8447,42.234157,0,9.236399e-04
8448,42.239157,1,9.213731e-04
8449,42.244157,0,9.961650e-04
8450,42.249157,1,8.149498e-04
8451,42.254157,0,8.680225e-04
8452,42.259157,0,9.103889e-04
8453,42.264157,0,9.390554e-04
8454,42.269157,0,9.671746e-04
8455,42.274157,0,9.976084e-04
8456,42.279157,3,8.813141e-04
8457,42.284157,1,9.924056e-04
8458,42.289157,3,7.584794e-04
8459,42.294157,2,8.334202e-04
8460,42.299157,1,9.883317e-04
8461,42.304157,4,9.053224e-04
8462,42.309157,3,7.112567e-04
8463,42.314157,1,9.269076e-04
8464,42.319157,2,6.618474e-04
8465,42.324157,2,9.462532e-04
8466,42.329157,1,9.830833e-04
8467,42.334157,1,9.656230e-04
8468,42.339157,0,9.528737e-04
8469,42.344157,1,7.497647e-04
8470,42.349157,2,5.991929e-04
8471,42.354157,2,9.293610e-04
8472,42.359157,5,9.433293e-04
8473,42.364157,1,7.056977e-04
8474,42.369157,0,8.471204e-04
8475,42.374157,3,7.825851e-04
8476,42.379157,2,8.316200e-04
8477,42.384157,1,9.547436e-04
8478,42.389157,3,5.772470e-04
8479,42.394157,0,9.890245e-04
8480,42.399157,2,8.192099e-04
8481,42.404157,2,5.428875e-04
8482,42.409157,0,8.426677e-04
8483,42.414157,1,6.102238e-04
8484,42.419157,0,8.524398e-04
8485,42.424157,1,6.440889e-04
8486,42.429157,0,7.090690e-04
8487,42.434157,0,8.197422e-04
8488,42.439157,0,9.062243e-04
8489,42.444157,0,9.730127e-04
8490,42.449157,1,8.598518e-04
8491,42.454157,0,9.471043e-04
8492,42.459157,1,8.273121e-04
8493,42.464157,0,8.339189e-04
8494,42.469157,0,8.638724e-04
8495,42.474157,0,8.874083e-04
8496,42.479157,0,9.075135e-04
8497,42.484157,0,9.260583e-04
8498,42.489157,0,9.441905e-04
8499,42.494157,0,9.624434e-04
8500,42.499157,0,9.810036e-04
8501,42.504157,0,9.998844e-04
8502,42.509157,4,9.890793e-04
8503,42.514157,3,8.682985e-04
8504,42.519157,1,9.515716e-04
8505,42.524157,4,9.977418e-04
8506,42.529157,3,8.064818e-04
8507,42.534157,2,6.240722e-04
8508,42.539157,0,9.522810e-04
8509,42.544157,1,8.540005e-04
8510,42.549157,1,6.557921e-04
8511,42.554157,0,6.965082e-04
8512,42.559157,0,7.709741e-04
8513,42.564157,0,8.485162e-04
8514,42.569157,0,9.281918e-04
8515,42.574157,1,6.899351e-04
8516,42.579157,0,9.552025e-04
8517,42.584157,4,9.353254e-04
8518,42.589157,3,7.920365e-04
8519,42.594157,2,6.035329e-04
8520,42.599157,0,9.268349e-04
8521,42.604157,1,8.897352e-04
8522,42.609157,1,6.362498e-04
8523,42.614157,0,6.711160e-04
8524,42.619157,0,7.366597e-04
8525,42.624157,0,7.963114e-04
8526,42.629157,0,8.501647e-04
8527,42.634157,0,8.981945e-04
8528,42.639157,0,9.411825e-04
8529,42.644157,0,9.800951e-04
8530,42.649157,2,8.722594e-04
8531,42.654157,1,9.842167e-04
8532,42.659157,1,5.609046e-04
8533,42.664157,0,5.746320e-04
8534,42.669157,0,6.540342e-04
8535,42.674157,0,7.467761e-04
8536,42.679157,0,8.440246e-04
8537,42.684157,0,9.415312e-04
8538,42.689157,2,9.602477e-04
8539,42.694157,1,9.615580e-04
8540,42.699157,1,8.791906e-04
8541,42.704157,2,6.109622e-04
8542,42.709157,0,9.886594e-04
8543,42.714157,1,9.079301e-04
8544,42.719157,1,8.132556e-04
8545,42.724157,0,9.885563e-04
8546,42.729157,1,8.445909e-04
8547,42.734157,0,9.709478e-04
8548,42.739157,1,7.006733e-04
8549,42.744157,0,7.888703e-04
8550,42.749157,0,8.219912e-04
8551,42.754157,0,8.391008e-04
8552,42.759157,0,8.569568e-04
8553,42.764157,0,8.785342e-04
8554,42.769157,0,9.035660e-04
8555,42.774157,0,9.311758e-04
8556,42.779157,0,9.605239e-04
8557,42.784157,0,9.909347e-04
8558,42.789157,3,9.199198e-04
8559,42.794157,2,8.869601e-04
8560,42.799157,2,6.887252e-04
8561,42.804157,1,9.101224e-04
8562,42.809157,1,9.580046e-04
8563,42.814157,3,8.517539e-04
8564,42.819157,1,8.866905e-04
8565,42.824157,1,9.746284e-04
8566,42.829157,3,7.742671e-04
8567,42.834157,2,6.947610e-04
8568,42.839157,1,7.734154e-04
8569,42.844157,0,9.907168e-04
8570,42.849157,3,7.290814e-04
8571,42.854157,2,6.594175e-04
8572,42.859157,0,9.817993e-04
8573,42.864157,1,8.059519e-04
8574,42.869157,0,9.812226e-04
8575,42.874157,1,8.645072e-04
8576,42.879157,0,9.075839e-04
8577,42.884157,0,9.965971e-04
8578,42.889157,1,9.845645e-04
8579,42.894157,1,8.942167e-04
8580,42.899157,0,8.697892e-04
8581,42.904157,0,8.724127e-04
8582,42.909157,0,8.764134e-04
8583,42.914157,0,8.842311e-04
8584,42.919157,0,8.953685e-04
8585,42.924157,0,9.092275e-04
8586,42.929157,0,9.252481e-04
8587,42.934157,0,9.429543e-04
8588,42.939157,0,9.619524e-04
8589,42.944157,0,9.819202e-04
8590,42.949157,1,7.587823e-04
8591,42.954157,2,6.610148e-04
8592,42.959157,2,8.225119e-04
8593,42.964157,2,8.039283e-04
8594,42.969157,1,9.160113e-04
8595,42.974157,1,7.845421e-04
8596,42.979157,0,8.140164e-04
8597,42.984157,0,8.765312e-04
8598,42.989157,0,9.398454e-04
8599,42.994157,4,8.838663e-04
8600,42.999157,4,7.620814e-04
8601,43.004157,2,8.130847e-04
8602,43.009157,4,9.555859e-04
8603,43.014157,2,6.918560e-04
8604,43.019157,1,9.222182e-04
8605,43.024157,1,9.960696e-04
8606,43.029157,3,7.639976e-04
8607,43.034157,2,7.329189e-04
8608,43.039157,2,6.802513e-04
8609,43.044157,1,7.842394e-04
8610,43.049157,0,9.080086e-04
8611,43.054157,1,9.949569e-04
8612,43.059157,1,9.938634e-04
8613,43.064157,0,9.926422e-04
8614,43.069157,3,8.087738e-04
8615,43.074157,1,8.784504e-04
8616,43.079157,3,8.930919e-04
8617,43.084157,2,7.011631e-04
8618,43.089157,1,7.543304e-04
8619,43.094157,0,9.047160e-04
8620,43.099157,1,9.046668e-04
8621,43.104157,1,8.229165e-04
8622,43.109157,0,8.811360e-04
8623,43.114157,0,9.358852e-04
8624,43.119157,0,9.966237e-04
8625,43.124157,3,8.606385e-04
8626,43.129157,2,7.312813e-04
8627,43.134157,4,7.069679e-04
8628,43.139157,1,8.851254e-04
8629,43.144157,1,9.573702e-04
8630,43.149157,3,5.344638e-04
8631,43.154157,0,9.898580e-04
8632,43.159157,3,7.376973e-04
8633,43.164157,2,7.169570e-04
8634,43.169157,1,7.723107e-04
8635,43.174157,0,8.564374e-04
8636,43.179157,0,9.856505e-04
8637,43.184157,2,7.797221e-04
8638,43.189157,1,5.822899e-04
8639,43.194157,0,8.516208e-04
8640,43.199157,1,8.965335e-04
8641,43.204157,1,8.160604e-04
8642,43.209157,0,8.537080e-04
8643,43.214157,0,9.143781e-04
8644,43.219157,0,9.689806e-04
8645,43.224157,2,8.820402e-04
8646,43.229157,1,7.722741e-04
8647,43.234157,1,9.221298e-04
8648,43.239157,1,9.184488e-04
8649,43.244157,1,9.361732e-04
8650,43.249157,0,9.855791e-04
8651,43.254157,1,8.183899e-04
8652,43.259157,0,8.212587e-04
8653,43.264157,0,8.215898e-04
8654,43.269157,0,8.165495e-04
8655,43.274157,0,8.153187e-04
8656,43.279157,0,8.194308e-04
8657,43.284157,0,8.284908e-04
8658,43.289157,0,8.416323e-04
8659,43.294157,0,8.579706e-04
8660,43.299157,0,8.767285e-04
8661,43.304157,0,8.972621e-04
8662,43.309157,0,9.190541e-04
8663,43.314157,0,9.416969e-04
8664,43.319157,0,9.648742e-04
8665,43.324157,0,9.883435e-04
8666,43.329157,3,6.717189e-04
8667,43.334157,2,6.586535e-04
8668,43.339157,1,8.683890e-04
8669,43.344157,0,9.913221e-04
8670,43.349157,2,9.422560e-04
8671,43.354157,1,8.430091e-04
8672,43.359157,1,8.390886e-04
8673,43.364157,0,9.303141e-04
8674,43.369157,1,9.272697e-04
8675,43.374157,1,9.022242e-04
8676,43.379157,0,9.569750e-04
8677,43.384157,1,8.876753e-04
8678,43.389157,0,8.630700e-04
8679,43.394157,0,8.546802e-04
8680,43.399157,0,8.545380e-04
8681,43.404157,0,8.608255e-04
8682,43.409157,0,8.723588e-04
8683,43.414157,0,8.881495e-04
8684,43.419157,0,9.073446e-04
8685,43.424157,0,9.292190e-04
8686,43.429157,0,9.531659e-04
8687,43.434157,0,9.786854e-04
8688,43.439157,1,7.909621e-04
8689,43.444157,2,6.900960e-04
8690,43.449157,3,9.048500e-04
8691,43.454157,2,7.910292e-04
8692,43.459157,1,7.726691e-04
8693,43.464157,0,9.217860e-04
8694,43.469157,1,9.223680e-04
8695,43.474157,2,8.463105e-04
8696,43.479157,6,8.106239e-04
8697,43.484157,4,8.909223e-04
8698,43.489157,2,7.366922e-04
8699,43.494157,1,9.767644e-04
8700,43.499157,3,9.710450e-04
8701,43.504157,2,6.654339e-04
8702,43.509157,1,8.085748e-04
8703,43.514157,0,9.933880e-04
8704,43.519157,4,7.870458e-04
8705,43.524157,2,7.926771e-04
8706,43.529157,1,9.126673e-04
8707,43.534157,1,9.582562e-04
8708,43.539157,1,9.894430e-04
8709,43.544157,1,8.911818e-04
8710,43.549157,0,9.002497e-04
8711,43.554157,0,9.322255e-04
8712,43.559157,0,9.820515e-04
8713,43.564157,4,9.726401e-04
8714,43.569157,1,7.186170e-04
8715,43.574157,2,7.275568e-04
8716,43.579157,3,9.526522e-04
8717,43.584157,1,8.936222e-04
8718,43.589157,1,6.994317e-04
8719,43.594157,0,9.616585e-04
8720,43.599157,3,8.816426e-04
8721,43.604157,2,8.802278e-04
8722,43.609157,2,6.473064e-04
8723,43.614157,1,6.886337e-04
8724,43.619157,0,7.746550e-04
8725,43.624157,0,8.875969e-04
8726,43.629157,0,9.865166e-04
8727,43.634157,3,8.213291e-04
8728,43.639157,1,9.669186e-04
8729,43.644157,1,8.903610e-04
8730,43.649157,1,9.900068e-04
8731,43.654157,1,9.417926e-04
8732,43.659157,1,9.966253e-04
8733,43.664157,1,9.937739e-04
8734,43.669157,1,9.918144e-04
8735,43.674157,1,9.287332e-04
8736,43.679157,0,9.628197e-04
8737,43.684157,0,9.835203e-04
8738,43.689157,0,9.971519e-04
8739,43.694157,1,8.836031e-04
8740,43.699157,0,9.412942e-04
8741,43.704157,0,9.727710e-04
8742,43.709157,0,9.918131e-04
8743,43.714157,1,8.999214e-04
8744,43.719157,0,9.744563e-04
8745,43.724157,1,8.829332e-04
8746,43.729157,0,9.470613e-04
8747,43.734157,0,9.777083e-04
8748,43.739157,0,9.938688e-04
8749,43.744157,1,9.143236e-04
8750,43.749157,0,9.883693e-04
8751,43.754157,1,8.516504e-04
8752,43.759157,0,9.066320e-04
8753,43.764157,0,9.246753e-04
8754,43.769157,0,9.276433e-04
8755,43.774157,0,9.284092e-04
8756,43.779157,0,9.301142e-04
8757,43.784157,0,9.334478e-04
8758,43.789157,0,9.384256e-04
8759,43.794157,0,9.448892e-04
8760,43.799157,0,9.526439e-04
8761,43.804157,0,9.614983e-04
8762,43.809157,0,9.712756e-04
8763,43.814157,0,9.818163e-04
8764,43.819157,0,9.929781e-04
8765,43.824157,1,9.772338e-04
8766,43.829157,1,8.425852e-04
8767,43.834157,0,8.603668e-04
8768,43.839157,0,8.563070e-04
8769,43.844157,0,8.440466e-04
8770,43.849157,0,8.321661e-04
8771,43.854157,0,8.224693e-04
8772,43.859157,0,8.152392e-04
8773,43.864157,0,8.103581e-04
8774,43.869157,0,8.076111e-04
8775,43.874157,0,8.067676e-04
8776,43.879157,0,8.076048e-04
8777,43.884157,0,8.099148e-04
8778,43.889157,0,8.135063e-04
8779,43.894157,0,8.182052e-04
8780,43.899157,0,8.238546e-04
8781,43.904157,0,8.303136e-04
8782,43.909157,0,8.374568e-04
8783,43.914157,0,8.451731e-04
8784,43.919157,0,8.533644e-04
8785,43.924157,0,8.619449e-04
8786,43.929157,0,8.708396e-04
8787,43.934157,0,8.799830e-04
8788,43.939157,0,8.893190e-04
8789,43.944157,0,8.987987e-04
8790,43.949157,0,9.083806e-04
8791,43.954157,0,9.180291e-04
8792,43.959157,0,9.277139e-04
8793,43.964157,0,9.374099e-04
8794,43.969157,0,9.470955e-04
8795,43.974157,0,9.567532e-04
8796,43.979157,0,9.663684e-04
8797,43.984157,0,9.759293e-04
8798,43.989157,0,9.854262e-04
8799,43.994157,0,9.948517e-04
8800,43.999157,3,8.282693e-04
8801,44.004157,3,8.920626e-04
8802,44.009157,2,7.629531e-04
8803,44.014157,1,8.517073e-04
8804,44.019157,0,9.588267e-04
8805,44.024157,1,9.616128e-04
8806,44.029157,1,9.620159e-04
8807,44.034157,3,7.546285e-04
8808,44.039157,1,9.864297e-04
8809,44.044157,3,9.430612e-04
8810,44.049157,2,7.678700e-04
8811,44.054157,1,7.739608e-04
8812,44.059157,0,9.602341e-04
8813,44.064157,3,8.914148e-04
8814,44.069157,2,7.631221e-04
8815,44.074157,1,8.007010e-04
8816,44.079157,0,8.916396e-04
8817,44.084157,2,7.494720e-04
8818,44.089157,1,6.148255e-04
8819,44.094157,0,9.221972e-04
8820,44.099157,1,9.450814e-04
8821,44.104157,1,9.118167e-04
8822,44.109157,0,9.965084e-04
8823,44.114157,3,6.369960e-04
8824,44.119157,2,8.536014e-04
8825,44.124157,1,6.055121e-04
8826,44.129157,0,6.974129e-04
8827,44.134157,0,8.323161e-04
8828,44.139157,0,9.589694e-04
8829,44.144157,3,9.356901e-04
8830,44.149157,2,9.076903e-04
8831,44.154157,2,7.732208e-04
8832,44.159157,1,8.875109e-04
8833,44.164157,0,9.863635e-04
8834,44.169157,1,9.685754e-04
8835,44.174157,3,9.090355e-04
8836,44.179157,2,7.630921e-04
8837,44.184157,1,9.850256e-04
8838,44.189157,4,8.764969e-04
8839,44.194157,2,8.848346e-04
8840,44.199157,3,8.608397e-04
8841,44.204157,1,8.474741e-04
8842,44.209157,1,7.547761e-04
8843,44.214157,0,9.370499e-04
8844,44.219157,3,5.982418e-04
8845,44.224157,0,9.013408e-04
8846,44.229157,2,9.659993e-04
8847,44.234157,2,4.915998e-04
8848,44.239157,0,8.553544e-04
8849,44.244157,1,7.060714e-04
8850,44.249157,1,7.102233e-04
8851,44.254157,0,7.497777e-04
8852,44.259157,0,8.192767e-04
8853,44.264157,0,8.858266e-04
8854,44.269157,0,9.510579e-04
8855,44.274157,3,8.807903e-04
8856,44.279157,2,8.344245e-04
8857,44.284157,2,7.066787e-04
8858,44.289157,1,9.886914e-04
8859,44.294157,1,9.069036e-04
8860,44.299157,0,9.858139e-04
8861,44.304157,1,7.318773e-04
8862,44.309157,2,6.879260e-04
8863,44.314157,1,7.479670e-04
8864,44.319157,2,6.402737e-04
8865,44.324157,1,9.941320e-04
8866,44.329157,1,7.680444e-04
8867,44.334157,0,8.299837e-04
8868,44.339157,0,9.248498e-04
8869,44.344157,3,9.401861e-04
8870,44.349157,2,7.344062e-04
8871,44.354157,2,8.900386e-04
8872,44.359157,4,6.573409e-04
8873,44.364157,1,8.654949e-04
8874,44.369157,3,6.637108e-04
8875,44.374157,1,9.170620e-04
8876,44.379157,1,7.899421e-04
8877,44.384157,0,9.401028e-04
8878,44.389157,2,9.439849e-04
8879,44.394157,1,8.629272e-04
8880,44.399157,2,9.013740e-04
8881,44.404157,1,7.719337e-04
8882,44.409157,0,9.791839e-04
8883,44.414157,2,6.821650e-04
8884,44.419157,1,7.656565e-04
8885,44.424157,0,9.726029e-04
8886,44.429157,1,8.580801e-04
8887,44.434157,0,9.869964e-04
8888,44.439157,1,6.826997e-04
8889,44.444157,0,7.544349e-04
8890,44.449157,0,8.102785e-04
8891,44.454157,0,8.481394e-04
8892,44.459157,0,8.834833e-04
8893,44.464157,0,9.197297e-04
8894,44.469157,0,9.569112e-04
8895,44.474157,0,9.943810e-04
8896,44.479157,3,8.137307e-04
8897,44.484157,2,8.814593e-04
8898,44.489157,2,8.499536e-04
8899,44.494157,2,8.011208e-04
8900,44.499157,1,9.277992e-04
8901,44.504157,0,9.312017e-04
8902,44.509157,0,9.888386e-04
8903,44.514157,1,7.810186e-04
8904,44.519157,0,7.644460e-04
8905,44.524157,0,8.079362e-04
8906,44.529157,0,8.546209e-04
8907,44.534157,0,9.013587e-04
8908,44.539157,0,9.472678e-04
8909,44.544157,0,9.922491e-04
8910,44.549157,3,8.156100e-04
8911,44.554157,3,8.813760e-04
8912,44.559157,1,7.213771e-04
8913,44.564157,0,8.454953e-04
8914,44.569157,3,7.599986e-04
8915,44.574157,2,8.907095e-04
8916,44.579157,1,8.584255e-04
8917,44.584157,0,9.639585e-04
8918,44.589157,1,7.736378e-04
8919,44.594157,0,8.342966e-04
8920,44.599157,0,8.714736e-04
8921,44.604157,0,9.110671e-04
8922,44.609157,0,9.559977e-04
8923,44.614157,3,8.348699e-04
8924,44.619157,2,6.539662e-04
8925,44.624157,1,8.468743e-04
8926,44.629157,1,9.392663e-04
8927,44.634157,3,6.315902e-04
8928,44.639157,2,6.413604e-04
8929,44.644157,1,8.572098e-04
8930,44.649157,1,9.381213e-04
8931,44.654157,3,6.186658e-04
8932,44.659157,1,9.015071e-04
8933,44.664157,1,9.631577e-04
8934,44.669157,3,5.488861e-04
8935,44.674157,0,9.621833e-04
8936,44.679157,3,6.877176e-04
8937,44.684157,2,5.912900e-04
8938,44.689157,0,9.832941e-04
8939,44.694157,1,8.523618e-04
8940,44.699157,1,8.147616e-04
8941,44.704157,0,8.643476e-04
8942,44.709157,0,9.338379e-04
8943,44.714157,0,9.948737e-04
8944,44.719157,2,9.032390e-04
8945,44.724157,1,8.093205e-04
8946,44.729157,1,7.021345e-04
8947,44.734157,0,8.484290e-04
8948,44.739157,3,6.572931e-04
8949,44.744157,2,8.182276e-04
8950,44.749157,1,9.894980e-04
8951,44.754157,1,7.033030e-04
8952,44.759157,0,7.367343e-04
8953,44.764157,0,7.906322e-04
8954,44.769157,0,8.402516e-04
8955,44.774157,0,8.853566e-04
8956,44.779157,0,9.261304e-04
8957,44.784157,0,9.631848e-04
8958,44.789157,0,9.971633e-04
8959,44.794157,2,8.489189e-04
8960,44.799157,1,8.652933e-04
8961,44.804157,1,7.888062e-04
8962,44.809157,0,9.727192e-04
8963,44.814157,3,7.770988e-04
8964,44.819157,2,7.409259e-04
8965,44.824157,1,9.404829e-04
8966,44.829157,1,8.434197e-04
8967,44.834157,0,9.405747e-04
8968,44.839157,2,8.903150e-04
8969,44.844157,1,8.081499e-04
8970,44.849157,1,8.931780e-04
8971,44.854157,3,4.451878e-04
8972,44.859157,0,8.887042e-04
8973,44.864157,2,7.210069e-04
8974,44.869157,2,5.545002e-04
8975,44.874157,0,9.504757e-04
8976,44.879157,1,6.372940e-04
8977,44.884157,0,8.546055e-04
8978,44.889157,1,7.210981e-04
8979,44.894157,0,7.817149e-04
8980,44.899157,0,8.560142e-04
8981,44.904157,0,9.113603e-04
8982,44.909157,0,9.549319e-04
8983,44.914157,0,9.918256e-04
8984,44.919157,1,8.577013e-04
8985,44.924157,0,9.013268e-04
8986,44.929157,0,9.464641e-04
8987,44.934157,0,9.696957e-04
8988,44.939157,0,9.816736e-04
8989,44.944157,0,9.888372e-04
8990,44.949157,0,9.944791e-04
8991,44.954157,1,6.373244e-04
8992,44.959157,0,6.591573e-04
8993,44.964157,0,7.033913e-04
8994,44.969157,0,7.335433e-04
8995,44.974157,0,7.554419e-04
8996,44.979157,0,7.737016e-04
8997,44.984157,0,7.907397e-04
8998,44.989157,0,8.076387e-04
8999,44.994157,0,8.248108e-04
9000,44.999157,0,8.423559e-04
9001,45.004157,0,8.602389e-04
9002,45.009157,0,8.783741e-04
9003,45.014157,0,8.966647e-04
9004,45.019157,0,9.150195e-04
9005,45.024157,0,9.333602e-04
9006,45.029157,0,9.516234e-04
9007,45.034157,0,9.697595e-04
9008,45.039157,0,9.877313e-04
9009,45.044157,2,9.710650e-04
9010,45.049157,1,7.809879e-04
9011,45.054157,0,9.490270e-04
9012,45.059157,1,9.805015e-04
9013,45.064157,1,8.502092e-04
9014,45.069157,1,7.978454e-04
9015,45.074157,0,9.918737e-04
9016,45.079157,1,8.043499e-04
9017,45.084157,2,7.172644e-04
9018,45.089157,1,8.581403e-04
9019,45.094157,2,8.453270e-04
9020,45.099157,1,9.100199e-04
9021,45.104157,2,8.668795e-04
9022,45.109157,1,8.873314e-04
9023,45.114157,2,8.008161e-04
9024,45.119157,1,9.613743e-04
9025,45.124157,2,8.685845e-04
9026,45.129157,1,8.348038e-04
9027,45.134157,2,7.002904e-04
9028,45.139157,0,9.363772e-04
9029,45.144157,1,6.929368e-04
9030,45.149157,2,7.320118e-04
9031,45.154157,2,7.552555e-04
9032,45.159157,1,8.562920e-04
9033,45.164157,1,6.559003e-04
9034,45.169157,0,6.255155e-04
9035,45.174157,0,6.451460e-04
9036,45.179157,0,6.721885e-04
9037,45.184157,0,7.065053e-04
9038,45.189157,0,7.460923e-04
9039,45.194157,0,7.893401e-04
9040,45.199157,0,8.349713e-04
9041,45.204157,0,8.820353e-04
9042,45.209157,0,9.298439e-04
9043,45.214157,0,9.779057e-04
9044,45.219157,3,9.568069e-04
9045,45.224157,3,8.979015e-04
9046,45.229157,2,6.228868e-04
9047,45.234157,0,9.671648e-04
9048,45.239157,1,8.622802e-04
9049,45.244157,2,6.605113e-04
9050,45.249157,0,9.197354e-04
9051,45.254157,1,8.586124e-04
9052,45.259157,1,9.067783e-04
9053,45.264157,0,9.325317e-04
9054,45.269157,1,9.258514e-04
9055,45.274157,1,8.162467e-04
9056,45.279157,2,7.880788e-04
9057,45.284157,1,8.136571e-04
9058,45.289157,2,5.621716e-04
9059,45.294157,0,7.633182e-04
9060,45.299157,4,9.225229e-04
9061,45.304157,2,8.351995e-04
9062,45.309157,2,8.514006e-04
9063,45.314157,2,9.810776e-04
9064,45.319157,1,9.627804e-04
9065,45.324157,1,9.881722e-04
9066,45.329157,3,9.435841e-04
9067,45.334157,3,9.245118e-04
9068,45.339157,1,8.019638e-04
9069,45.344157,2,7.585821e-04
9070,45.349157,1,8.218922e-04
9071,45.354157,1,8.762279e-04
9072,45.359157,0,9.766549e-04
9073,45.364157,2,8.597874e-04
9074,45.369157,1,9.986768e-04
9075,45.374157,1,8.985727e-04
9076,45.379157,1,8.469215e-04
9077,45.384157,0,9.439839e-04
9078,45.389157,1,8.356300e-04
9079,45.394157,4,8.267806e-04
9080,45.399157,1,7.081778e-04
9081,45.404157,0,9.030471e-04
9082,45.409157,3,8.639005e-04
9083,45.414157,3,7.781286e-04
9084,45.419157,1,7.578130e-04
9085,45.424157,0,8.822327e-04
9086,45.429157,1,8.986144e-04
9087,45.434157,2,8.885385e-04
9088,45.439157,1,8.756161e-04
9089,45.444157,1,9.181788e-04
9090,45.449157,0,9.748563e-04
9091,45.454157,1,9.680786e-04
9092,45.459157,2,8.799036e-04
9093,45.464157,1,9.071948e-04
9094,45.469157,2,7.187927e-04
9095,45.474157,0,9.736145e-04
9096,45.479157,5,8.630446e-04
9097,45.484157,4,9.413146e-04
9098,45.489157,2,8.424416e-04
9099,45.494157,1,9.708315e-04
9100,45.499157,1,8.213317e-04
9101,45.504157,0,8.481689e-04
9102,45.509157,0,9.078258e-04
9103,45.514157,0,9.682956e-04
9104,45.519157,3,7.462217e-04
9105,45.524157,2,7.746575e-04
9106,45.529157,2,8.601157e-04
9107,45.534157,1,9.141245e-04
9108,45.539157,1,8.449194e-04
9109,45.544157,0,8.948308e-04
9110,45.549157,0,9.766986e-04
9111,45.554157,3,9.061617e-04
9112,45.559157,1,9.271169e-04
9113,45.564157,4,9.740805e-04
9114,45.569157,3,9.746250e-04
9115,45.574157,2,7.453851e-04
9116,45.579157,1,9.142070e-04
9117,45.584157,0,9.595056e-04
9118,45.589157,1,8.891317e-04
9119,45.594157,0,8.856661e-04
9120,45.599157,0,9.173880e-04
9121,45.604157,0,9.475836e-04
9122,45.609157,0,9.799317e-04
9123,45.614157,1,8.710882e-04
9124,45.619157,2,7.570595e-04
9125,45.624157,1,8.810387e-04
9126,45.629157,2,7.243128e-04
9127,45.634157,2,8.480142e-04
9128,45.639157,1,8.835389e-04
9129,45.644157,0,9.020627e-04
9130,45.649157,0,9.823710e-04
9131,45.654157,1,8.591901e-04
9132,45.659157,0,8.764637e-04
9133,45.664157,0,9.446317e-04
9134,45.669157,3,6.897910e-04
9135,45.674157,2,7.874428e-04
9136,45.679157,1,8.360623e-04
9137,45.684157,0,9.823232e-04
9138,45.689157,3,9.655790e-04
9139,45.694157,2,7.463058e-04
9140,45.699157,1,8.839775e-04
9141,45.704157,1,9.371366e-04
9142,45.709157,1,9.829790e-04
9143,45.714157,0,9.955752e-04
9144,45.719157,3,6.854442e-04
9145,45.724157,3,9.071733e-04
9146,45.729157,1,9.918991e-04
9147,45.734157,1,9.138752e-04
9148,45.739157,1,9.511045e-04
9149,45.744157,1,8.949879e-04
9150,45.749157,0,9.484327e-04
9151,45.754157,0,9.944350e-04
9152,45.759157,1,9.600288e-04
9153,45.764157,2,8.646755e-04
9154,45.769157,4,9.108565e-04
9155,45.774157,2,9.193462e-04
9156,45.779157,4,9.692221e-04
9157,45.784157,2,7.862748e-04
9158,45.789157,1,9.659489e-04
9159,45.794157,1,9.454346e-04
9160,45.799157,0,9.725002e-04
9161,45.804157,1,9.865870e-04
9162,45.809157,0,9.866733e-04
9163,45.814157,1,8.868193e-04
9164,45.819157,0,8.725698e-04
9165,45.824157,0,8.838593e-04
9166,45.829157,0,8.946020e-04
9167,45.834157,0,9.109017e-04
9168,45.839157,0,9.325646e-04
9169,45.844157,0,9.587964e-04
9170,45.849157,0,9.887106e-04
9171,45.854157,3,8.357308e-04
9172,45.859157,2,7.729214e-04
9173,45.864157,3,9.371505e-04
9174,45.869157,2,6.490437e-04
9175,45.874157,1,8.940354e-04
9176,45.879157,1,8.654819e-04
9177,45.884157,0,9.075558e-04
9178,45.889157,0,9.932351e-04
9179,45.894157,1,9.631414e-04
9180,45.899157,1,9.980026e-04
9181,45.904157,2,8.435175e-04
9182,45.909157,4,9.410226e-04
9183,45.914157,1,9.421708e-04
9184,45.919157,1,9.834027e-04
9185,45.924157,3,6.123668e-04
9186,45.929157,0,9.777296e-04
9187,45.934157,3,7.069631e-04
9188,45.939157,2,6.608298e-04
9189,45.944157,1,7.755476e-04
9190,45.949157,0,8.871937e-04
9191,45.954157,1,9.255819e-04
9192,45.959157,0,9.501812e-04
9193,45.964157,1,9.100779e-04
9194,45.969157,0,8.992091e-04
9195,45.974157,0,9.354305e-04
9196,45.979157,0,9.713883e-04
9197,45.984157,3,9.745285e-04
9198,45.989157,1,7.956497e-04
9199,45.994157,2,7.821628e-04
9200,45.999157,1,7.837893e-04
9201,46.004157,0,8.289895e-04
9202,46.009157,0,9.135226e-04
9203,46.014157,2,7.923750e-04
9204,46.019157,1,8.166398e-04
9205,46.024157,1,8.517662e-04
9206,46.029157,2,7.039634e-04
9207,46.034157,0,8.572707e-04
9208,46.039157,1,7.527857e-04
9209,46.044157,0,8.323976e-04
9210,46.049157,0,9.575757e-04
9211,46.054157,3,9.517992e-04
9212,46.059157,1,8.858334e-04
9213,46.064157,3,7.077121e-04
9214,46.069157,2,7.061632e-04
9215,46.074157,1,7.690586e-04
9216,46.079157,0,8.664849e-04
9217,46.084157,0,9.965724e-04
9218,46.089157,3,8.893492e-04
9219,46.094157,2,7.254771e-04
9220,46.099157,1,8.513275e-04
9221,46.104157,0,9.786108e-04
9222,46.109157,1,9.038792e-04
9223,46.114157,2,8.071712e-04
9224,46.119157,4,9.978490e-04
9225,46.124157,2,7.783148e-04
9226,46.129157,1,9.715952e-04
9227,46.134157,1,9.847578e-04
9228,46.139157,3,8.148269e-04
9229,46.144157,2,7.752069e-04
9230,46.149157,2,9.411153e-04
9231,46.154157,2,6.960058e-04
9232,46.159157,1,6.696578e-04
9233,46.164157,0,6.973934e-04
9234,46.169157,0,7.799210e-04
9235,46.174157,0,8.579943e-04
9236,46.179157,0,9.314421e-04
9237,46.184157,1,9.838609e-04
9238,46.189157,1,8.285140e-04
9239,46.194157,0,8.084425e-04
9240,46.199157,0,8.364247e-04
9241,46.204157,0,8.661771e-04
9242,46.209157,0,8.976446e-04
9243,46.214157,0,9.296214e-04
9244,46.219157,0,9.616204e-04
9245,46.224157,0,9.934441e-04
9246,46.229157,1,8.800147e-04
9247,46.234157,2,7.651668e-04
9248,46.239157,4,9.686611e-04
9249,46.244157,3,9.004956e-04
9250,46.249157,2,7.607381e-04
9251,46.254157,1,7.562067e-04
9252,46.259157,0,8.239788e-04
9253,46.264157,0,9.303122e-04
9254,46.269157,3,9.197559e-04
9255,46.274157,2,6.041309e-04
9256,46.279157,0,9.356396e-04
9257,46.284157,2,8.003388e-04
9258,46.289157,2,8.106612e-04
9259,46.294157,1,9.633399e-04
9260,46.299157,1,8.495944e-04
9261,46.304157,0,8.467737e-04
9262,46.309157,0,9.074099e-04
9263,46.314157,0,9.706293e-04
9264,46.319157,2,8.866368e-04
9265,46.324157,1,9.655369e-04
9266,46.329157,1,8.504027e-04
9267,46.334157,1,9.727274e-04
9268,46.339157,1,7.478746e-04
9269,46.344157,2,8.655259e-04
9270,46.349157,1,8.449168e-04
9271,46.354157,2,8.312304e-04
9272,46.359157,1,9.551543e-04
9273,46.364157,0,9.754099e-04
9274,46.369157,2,9.832618e-04
9275,46.374157,2,9.725365e-04
9276,46.379157,2,8.114528e-04
9277,46.384157,1,9.211137e-04
9278,46.389157,1,9.138753e-04
9279,46.394157,0,9.276767e-04
9280,46.399157,0,9.912124e-04
9281,46.404157,1,9.020081e-04
9282,46.409157,2,7.188613e-04
9283,46.414157,0,9.445988e-04
9284,46.419157,1,7.345195e-04
9285,46.424157,2,8.869827e-04
9286,46.429157,2,9.418016e-04
9287,46.434157,1,9.670175e-04
9288,46.439157,1,9.982320e-04
9289,46.444157,1,9.725759e-04
9290,46.449157,2,8.784192e-04
9291,46.454157,1,9.962056e-04
9292,46.459157,1,8.341682e-04
9293,46.464157,2,7.504866e-04
9294,46.469157,1,8.718278e-04
9295,46.474157,1,8.681198e-04
9296,46.479157,0,9.946593e-04
9297,46.484157,2,8.961064e-04
9298,46.489157,1,8.979778e-04
9299,46.494157,2,7.644738e-04
9300,46.499157,1,9.870095e-04
9301,46.504157,2,8.844911e-04
9302,46.509157,1,8.104530e-04
9303,46.514157,2,8.461417e-04
9304,46.519157,1,8.719180e-04
9305,46.524157,0,9.701891e-04
9306,46.529157,3,9.631427e-04
9307,46.534157,1,8.132955e-04
9308,46.539157,2,8.055264e-04
9309,46.544157,1,6.912598e-04
9310,46.549157,0,8.579059e-04
9311,46.554157,1,8.336741e-04
9312,46.559157,0,9.190326e-04
9313,46.564157,1,9.212992e-04
9314,46.569157,0,9.764930e-04
9315,46.574157,3,8.842496e-04
9316,46.579157,1,8.332700e-04
9317,46.584157,3,7.469693e-04
9318,46.589157,2,8.068356e-04
9319,46.594157,1,9.172427e-04
9320,46.599157,0,9.647165e-04
9321,46.604157,1,9.340498e-04
9322,46.609157,0,9.394551e-04
9323,46.614157,0,9.874059e-04
9324,46.619157,3,9.520831e-04
9325,46.624157,2,9.110775e-04
9326,46.629157,2,7.812581e-04
9327,46.634157,1,8.597544e-04
9328,46.639157,0,9.034545e-04
9329,46.644157,0,9.855246e-04
9330,46.649157,1,7.074340e-04
9331,46.654157,2,6.426296e-04
9332,46.659157,1,8.827657e-04
9333,46.664157,1,8.122895e-04
9334,46.669157,0,8.917198e-04
9335,46.674157,3,8.506130e-04
9336,46.679157,2,8.452217e-04
9337,46.684157,2,8.536615e-04
9338,46.689157,2,8.460795e-04
9339,46.694157,1,9.289808e-04
9340,46.699157,0,9.571661e-04
9341,46.704157,1,7.454034e-04
9342,46.709157,0,7.542306e-04
9343,46.714157,0,8.148105e-04
9344,46.719157,0,8.798747e-04
9345,46.724157,0,9.480492e-04
9346,46.729157,3,7.955196e-04
9347,46.734157,3,8.504967e-04
9348,46.739157,1,9.051275e-04
9349,46.744157,1,8.955180e-04
9350,46.749157,3,8.057698e-04
9351,46.754157,2,7.157189e-04
9352,46.759157,1,8.177093e-04
9353,46.764157,0,9.800628e-04
9354,46.769157,3,9.315657e-04
9355,46.774157,2,6.392583e-04
9356,46.779157,1,8.194188e-04
9357,46.784157,1,9.382898e-04
9358,46.789157,3,6.112981e-04
9359,46.794157,2,5.659937e-04
9360,46.799157,1,8.464080e-04
9361,46.804157,1,8.820396e-04
9362,46.809157,1,9.857596e-04
9363,46.814157,1,9.577265e-04
9364,46.819157,0,9.977041e-04
9365,46.824157,3,5.389089e-04
9366,46.829157,0,9.329607e-04
9367,46.834157,1,7.075145e-04
9368,46.839157,2,5.513677e-04
9369,46.844157,0,9.616267e-04
9370,46.849157,2,9.174349e-04
9371,46.854157,2,5.957803e-04
9372,46.859157,0,9.248891e-04
9373,46.864157,1,7.211656e-04
9374,46.869157,0,9.580902e-04
9375,46.874157,1,7.121230e-04
9376,46.879157,0,8.450804e-04
9377,46.884157,0,9.714696e-04
9378,46.889157,1,8.683197e-04
9379,46.894157,0,9.774739e-04
9380,46.899157,1,7.668335e-04
9381,46.904157,0,8.022003e-04
9382,46.909157,0,8.302858e-04
9383,46.914157,0,8.398269e-04
9384,46.919157,0,8.432393e-04
9385,46.924157,0,8.454870e-04
9386,46.929157,0,8.483896e-04
9387,46.934157,0,8.524986e-04
9388,46.939157,0,8.578827e-04
9389,46.944157,0,8.644304e-04
9390,46.949157,0,8.719707e-04
9391,46.954157,0,8.803224e-04
9392,46.959157,0,8.893143e-04
9393,46.964157,0,8.987929e-04
9394,46.969157,0,9.086238e-04
9395,46.974157,0,9.186917e-04
9396,46.979157,0,9.288986e-04
9397,46.984157,0,9.391623e-04
9398,46.989157,0,9.494142e-04
9399,46.994157,0,9.595982e-04
9400,46.999157,0,9.696685e-04
9401,47.004157,0,9.795888e-04
9402,47.009157,0,9.893303e-04
9403,47.014157,0,9.988708e-04
9404,47.019157,3,6.652465e-04
9405,47.024157,1,9.198128e-04
9406,47.029157,3,8.401448e-04
9407,47.034157,1,9.081193e-04
9408,47.039157,2,9.256502e-04
9409,47.044157,1,5.849285e-04
9410,47.049157,0,7.645004e-04
9411,47.054157,0,9.499327e-04
9412,47.059157,2,6.726154e-04
9413,47.064157,1,8.587361e-04
9414,47.069157,1,8.290129e-04
9415,47.074157,0,9.425054e-04
9416,47.079157,1,9.416615e-04
9417,47.084157,0,9.812735e-04
9418,47.089157,1,6.931945e-04
9419,47.094157,0,7.070126e-04
9420,47.099157,0,7.348187e-04
9421,47.104157,0,7.649400e-04
9422,47.109157,0,8.003162e-04
9423,47.114157,0,8.395087e-04
9424,47.119157,0,8.806244e-04
9425,47.124157,0,9.222360e-04
9426,47.129157,0,9.634384e-04
9427,47.134157,1,7.923137e-04
9428,47.139157,3,9.371724e-04
9429,47.144157,2,6.820112e-04
9430,47.149157,1,6.901735e-04
9431,47.154157,0,8.370413e-04
9432,47.159157,0,9.919095e-04
9433,47.164157,5,9.550065e-04
9434,47.169157,3,9.106684e-04
9435,47.174157,1,7.201540e-04
9436,47.179157,1,7.289650e-04
9437,47.184157,0,7.963967e-04
9438,47.189157,0,8.935158e-04
9439,47.194157,2,8.950826e-04
9440,47.199157,2,8.347082e-04
9441,47.204157,2,6.111361e-04
9442,47.209157,0,9.848146e-04
9443,47.214157,1,8.419846e-04
9444,47.219157,1,8.823130e-04
9445,47.224157,0,9.717657e-04
9446,47.229157,4,8.657647e-04
9447,47.234157,1,9.403375e-04
9448,47.239157,4,8.691133e-04
9449,47.244157,2,8.030358e-04
9450,47.249157,1,8.284561e-04
9451,47.254157,0,9.274550e-04
9452,47.259157,3,6.346283e-04
9453,47.264157,2,6.933472e-04
9454,47.269157,1,9.086719e-04
9455,47.274157,1,7.677216e-04
9456,47.279157,0,8.690486e-04
9457,47.284157,0,9.590433e-04
9458,47.289157,2,8.856782e-04
9459,47.294157,2,6.569511e-04
9460,47.299157,1,8.165474e-04
9461,47.304157,1,9.570064e-04
9462,47.309157,3,5.064749e-04
9463,47.314157,0,9.242866e-04
9464,47.319157,3,8.349907e-04
9465,47.324157,2,5.487946e-04
9466,47.329157,0,9.508139e-04
9467,47.334157,1,9.671669e-04
9468,47.339157,1,8.702851e-04
9469,47.344157,0,9.679585e-04
9470,47.349157,1,9.301146e-04
9471,47.354157,0,9.848045e-04
9472,47.359157,1,7.467490e-04
9473,47.364157,0,7.577164e-04
9474,47.369157,0,7.687648e-04
9475,47.374157,0,7.748075e-04
9476,47.379157,0,7.841529e-04
9477,47.384157,0,7.984274e-04
9478,47.389157,0,8.172919e-04
9479,47.394157,0,8.398620e-04
9480,47.399157,0,8.652082e-04
9481,47.404157,0,8.925118e-04
9482,47.409157,0,9.211006e-04
9483,47.414157,0,9.504439e-04
9484,47.419157,0,9.801326e-04
9485,47.424157,3,8.895978e-04
9486,47.429157,3,9.420638e-04
9487,47.434157,2,6.741032e-04
9488,47.439157,1,7.092194e-04
9489,47.444157,0,8.110314e-04
9490,47.449157,0,9.033412e-04
9491,47.454157,0,9.874453e-04
9492,47.459157,2,9.580128e-04
9493,47.464157,1,9.302500e-04
9494,47.469157,1,9.080839e-04
9495,47.474157,1,8.253184e-04
9496,47.479157,0,8.808532e-04
9497,47.484157,0,9.622172e-04
9498,47.489157,3,7.962106e-04
9499,47.494157,2,9.223498e-04
9500,47.499157,2,5.811897e-04
9501,47.504157,0,9.475068e-04
9502,47.509157,1,8.638001e-04
9503,47.514157,1,7.061478e-04
9504,47.519157,0,7.889126e-04
9505,47.524157,0,8.912789e-04
9506,47.529157,0,9.848912e-04
9507,47.534157,2,8.696078e-04
9508,47.539157,2,6.657148e-04
9509,47.544157,1,8.550413e-04
9510,47.549157,0,8.841173e-04
9511,47.554157,0,9.502921e-04
9512,47.559157,1,8.603718e-04
9513,47.564157,0,8.784296e-04
9514,47.569157,0,9.288990e-04
9515,47.574157,0,9.783559e-04
9516,47.579157,3,7.628854e-04
9517,47.584157,2,8.415139e-04
9518,47.589157,1,8.677766e-04
9519,47.594157,1,9.951911e-04
9520,47.599157,3,4.987343e-04
9521,47.604157,0,9.188595e-04
9522,47.609157,3,9.265042e-04
9523,47.614157,2,6.278297e-04
9524,47.619157,1,7.072694e-04
9525,47.624157,0,8.862884e-04
9526,47.629157,3,6.494478e-04
9527,47.634157,1,8.918972e-04
9528,47.639157,1,9.049583e-04
9529,47.644157,3,5.301267e-04
9530,47.649157,0,9.846106e-04
9531,47.654157,3,6.444922e-04
9532,47.659157,1,9.757385e-04
9533,47.664157,1,9.686627e-04
9534,47.669157,2,9.115891e-04
9535,47.674157,1,5.471942e-04
9536,47.679157,0,8.540136e-04
9537,47.684157,2,6.566714e-04
9538,47.689157,1,7.707127e-04
9539,47.694157,2,7.549291e-04
9540,47.699157,1,4.765533e-04
9541,47.704157,0,6.560516e-04
9542,47.709157,0,8.273723e-04
9543,47.714157,0,9.725624e-04
9544,47.719157,2,5.893315e-04
9545,47.724157,1,7.553032e-04
9546,47.729157,1,8.886171e-04
9547,47.734157,1,7.778131e-04
9548,47.739157,0,7.866900e-04
9549,47.744157,0,8.117407e-04
9550,47.749157,0,8.337896e-04
9551,47.754157,0,8.551286e-04
9552,47.759157,0,8.760794e-04
9553,47.764157,0,8.965259e-04
9554,47.769157,0,9.163144e-04
9555,47.774157,0,9.353588e-04
9556,47.779157,0,9.536396e-04
9557,47.784157,0,9.711803e-04
9558,47.789157,0,9.880285e-04
9559,47.794157,2,6.812766e-04
9560,47.799157,1,8.812837e-04
9561,47.804157,1,9.394201e-04
9562,47.809157,1,9.185799e-04
9563,47.814157,1,7.581925e-04
9564,47.819157,0,7.684635e-04
9565,47.824157,0,7.821146e-04
9566,47.829157,0,7.968039e-04
9567,47.834157,0,8.181276e-04
9568,47.839157,0,8.454019e-04
9569,47.844157,0,8.765052e-04
9570,47.849157,0,9.094680e-04
9571,47.854157,0,9.428352e-04
9572,47.859157,0,9.756352e-04
9573,47.864157,2,8.667115e-04
9574,47.869157,1,6.608935e-04
9575,47.874157,0,9.994033e-04
9576,47.879157,2,7.552220e-04
9577,47.884157,1,8.778679e-04
9578,47.889157,2,6.222293e-04
9579,47.894157,0,9.348561e-04
9580,47.899157,1,7.066953e-04
9581,47.904157,0,9.589229e-04
9582,47.909157,1,6.102823e-04
9583,47.914157,0,7.474274e-04
9584,47.919157,0,8.266465e-04
9585,47.924157,0,8.695937e-04
9586,47.929157,0,9.010994e-04
9587,47.934157,0,9.294920e-04
9588,47.939157,0,9.569539e-04
9589,47.944157,0,9.838141e-04
9590,47.949157,1,7.868924e-04
9591,47.954157,0,9.613844e-04
9592,47.959157,1,5.612878e-04
9593,47.964157,0,6.460514e-04
9594,47.969157,0,6.945637e-04
9595,47.974157,0,7.147499e-04
9596,47.979157,0,7.272666e-04
9597,47.984157,0,7.394567e-04
9598,47.989157,0,7.532235e-04
9599,47.994157,0,7.686697e-04
9600,47.999157,0,7.854119e-04
9601,48.004157,0,8.030087e-04
9602,48.009157,0,8.210814e-04
9603,48.014157,0,8.393352e-04
9604,48.019157,0,8.575504e-04
9605,48.024157,0,8.755672e-04
9606,48.029157,0,8.932715e-04
9607,48.034157,0,9.105836e-04
9608,48.039157,0,9.274491e-04
9609,48.044157,0,9.438326e-04
9610,48.049157,0,9.597131e-04
9611,48.054157,0,9.750798e-04
9612,48.059157,0,9.899301e-04
9613,48.064157,3,7.100448e-04
9614,48.069157,2,7.255221e-04
9615,48.074157,2,5.897231e-04
9616,48.079157,0,9.476112e-04
9617,48.084157,1,7.094090e-04
9618,48.089157,0,9.501317e-04
9619,48.094157,1,6.543777e-04
9620,48.099157,0,7.177882e-04
9621,48.104157,0,8.215878e-04
9622,48.109157,0,9.028265e-04
9623,48.114157,0,9.666267e-04
9624,48.119157,1,8.377327e-04
9625,48.124157,0,9.347059e-04
9626,48.129157,1,8.285758e-04
9627,48.134157,0,8.774030e-04
9628,48.139157,0,9.284396e-04
9629,48.144157,0,9.677099e-04
9630,48.149157,1,6.890557e-04
9631,48.154157,1,8.994346e-04
9632,48.159157,3,8.074837e-04
9633,48.164157,2,9.292186e-04
9634,48.169157,2,9.142651e-04
9635,48.174157,4,9.436591e-04
9636,48.179157,1,9.561636e-04
9637,48.184157,3,6.191928e-04
9638,48.189157,2,6.665306e-04
9639,48.194157,1,8.013255e-04
9640,48.199157,0,9.664491e-04
9641,48.204157,3,8.006206e-04
9642,48.209157,2,9.021313e-04
9643,48.214157,1,9.861979e-04
9644,48.219157,1,8.317752e-04
9645,48.224157,0,8.715437e-04
9646,48.229157,0,9.391693e-04
9647,48.234157,2,9.251537e-04
9648,48.239157,2,8.030900e-04
9649,48.244157,1,8.686526e-04
9650,48.249157,0,9.764607e-04
9651,48.254157,2,9.318786e-04
9652,48.259157,1,6.201475e-04
9653,48.264157,0,8.540443e-04
9654,48.269157,1,8.143934e-04
9655,48.274157,1,7.624059e-04
9656,48.279157,0,8.461929e-04
9657,48.284157,0,9.354750e-04
9658,48.289157,3,4.933421e-04
9659,48.294157,0,9.331698e-04
9660,48.299157,2,9.585876e-04
9661,48.304157,2,4.715046e-04
9662,48.309157,0,8.144107e-04
9663,48.314157,1,7.550332e-04
9664,48.319157,1,7.138706e-04
9665,48.324157,0,8.160318e-04
9666,48.329157,0,9.134411e-04
9667,48.334157,0,9.998222e-04
9668,48.339157,3,8.235143e-04
9669,48.344157,2,7.455424e-04
9670,48.349157,2,6.373436e-04
9671,48.354157,1,7.760870e-04
9672,48.359157,0,8.097286e-04
9673,48.364157,0,8.885961e-04
9674,48.369157,0,9.670744e-04
9675,48.374157,1,9.030779e-04
9676,48.379157,0,9.390969e-04
9677,48.384157,3,7.916133e-04
9678,48.389157,1,8.105787e-04
9679,48.394157,3,7.177087e-04
9680,48.399157,2,7.303642e-04
9681,48.404157,1,8.938468e-04
9682,48.409157,1,8.589862e-04
9683,48.414157,0,9.056658e-04
9684,48.419157,0,9.766053e-04
9685,48.424157,3,7.171473e-04
9686,48.429157,2,7.194352e-04
9687,48.434157,1,9.178990e-04
9688,48.439157,1,8.842044e-04
9689,48.444157,2,9.375040e-04
9690,48.449157,1,9.024878e-04
9691,48.454157,2,9.141489e-04
9692,48.459157,1,6.710236e-04
9693,48.464157,0,7.403516e-04
9694,48.469157,0,8.420941e-04
9695,48.474157,0,9.474083e-04
9696,48.479157,2,4.611415e-04
9697,48.484157,0,9.730032e-04
9698,48.489157,2,5.927953e-04
9699,48.494157,0,9.716348e-04
9700,48.499157,2,5.423831e-04
9701,48.504157,1,5.106402e-04
9702,48.509157,0,6.037235e-04
9703,48.514157,0,7.151050e-04
9704,48.519157,0,8.057226e-04
9705,48.524157,0,8.809751e-04
9706,48.529157,0,9.448831e-04
9707,48.534157,0,9.998755e-04
9708,48.539157,1,9.063242e-04
9709,48.544157,0,9.778237e-04
9710,48.549157,1,5.536002e-04
9711,48.554157,0,5.615575e-04
9712,48.559157,0,6.431925e-04
9713,48.564157,0,7.184145e-04
9714,48.569157,0,7.832020e-04
9715,48.574157,0,8.386050e-04
9716,48.579157,0,8.859937e-04
9717,48.584157,0,9.265444e-04
9718,48.589157,0,9.612918e-04
9719,48.594157,0,9.911488e-04
9720,48.599157,2,5.164616e-04
9721,48.604157,1,8.103435e-04
9722,48.609157,1,6.171838e-04
9723,48.614157,0,6.647911e-04
9724,48.619157,0,7.224426e-04
9725,48.624157,0,7.622327e-04
9726,48.629157,0,7.949918e-04
9727,48.634157,0,8.254260e-04
9728,48.639157,0,8.550149e-04
9729,48.644157,0,8.841400e-04
9730,48.649157,0,9.129065e-04
9731,48.654157,0,9.413434e-04
9732,48.659157,0,9.694492e-04
9733,48.664157,0,9.972130e-04
9734,48.669157,2,8.406946e-04
9735,48.674157,1,8.856317e-04
9736,48.679157,1,9.711727e-04
9737,48.684157,1,7.587870e-04
9738,48.689157,0,7.490487e-04
9739,48.694157,0,7.805990e-04
9740,48.699157,0,8.237063e-04
9741,48.704157,0,8.775052e-04
9742,48.709157,0,9.381742e-04
9743,48.714157,2,8.640649e-04
9744,48.719157,1,8.929941e-04
9745,48.724157,2,9.472140e-04
9746,48.729157,1,6.610588e-04
9747,48.734157,0,8.731930e-04
9748,48.739157,2,5.935350e-04
9749,48.744157,1,8.373621e-04
9750,48.749157,1,6.595156e-04
9751,48.754157,0,7.719332e-04
9752,48.759157,0,8.632404e-04
9753,48.764157,0,9.351209e-04
9754,48.769157,1,9.976333e-04
9755,48.774157,1,5.788567e-04
9756,48.779157,0,5.375579e-04
9757,48.784157,0,5.527388e-04
9758,48.789157,0,5.888853e-04
9759,48.794157,0,6.384440e-04
9760,48.799157,0,6.937447e-04
9761,48.804157,0,7.495623e-04
9762,48.809157,0,8.030986e-04
9763,48.814157,0,8.530884e-04
9764,48.819157,0,8.990821e-04
9765,48.824157,0,9.410469e-04
9766,48.829157,0,9.791619e-04
9767,48.834157,2,5.993853e-04
9768,48.839157,2,5.528351e-04
9769,48.844157,0,8.015434e-04
9770,48.849157,1,8.586053e-04
9771,48.854157,0,9.807065e-04
9772,48.859157,1,6.504217e-04
9773,48.864157,0,7.156620e-04
9774,48.869157,0,7.893860e-04
9775,48.874157,0,8.490773e-04
9776,48.879157,0,9.052525e-04
9777,48.884157,0,9.610637e-04
9778,48.889157,3,6.777761e-04
9779,48.894157,1,8.958669e-04
9780,48.899157,3,8.796152e-04
9781,48.904157,1,9.027331e-04
9782,48.909157,1,7.911957e-04
9783,48.914157,0,9.396367e-04
9784,48.919157,2,8.117581e-04
9785,48.924157,1,7.789863e-04
9786,48.929157,1,8.596982e-04
9787,48.934157,1,9.427399e-04
9788,48.939157,1,8.691098e-04
9789,48.944157,0,9.261009e-04
9790,48.949157,0,9.740293e-04
9791,48.954157,1,9.599456e-04
9792,48.959157,1,7.478854e-04
9793,48.964157,0,7.222893e-04
9794,48.969157,0,7.116476e-04
9795,48.974157,0,7.097069e-04
9796,48.979157,0,7.187383e-04
9797,48.984157,0,7.368586e-04
9798,48.989157,0,7.615977e-04
9799,48.994157,0,7.908065e-04
9800,48.999157,0,8.227884e-04
9801,49.004157,0,8.562645e-04
9802,49.009157,0,8.903062e-04
9803,49.014157,0,9.242604e-04
9804,49.019157,0,9.576801e-04
9805,49.024157,0,9.902693e-04
9806,49.029157,2,8.473613e-04
9807,49.034157,2,9.162974e-04
9808,49.039157,1,7.366197e-04
9809,49.044157,0,8.504241e-04
9810,49.049157,0,9.833574e-04
9811,49.054157,2,9.371702e-04
9812,49.059157,2,6.575817e-04
9813,49.064157,1,7.542590e-04
9814,49.069157,0,8.679717e-04
9815,49.074157,0,9.821903e-04
9816,49.079157,2,8.659548e-04
9817,49.084157,1,7.577370e-04
9818,49.089157,0,9.993541e-04
9819,49.094157,1,8.430598e-04
9820,49.099157,1,7.119896e-04
9821,49.104157,0,7.903704e-04
9822,49.109157,0,8.700749e-04
9823,49.114157,0,9.413408e-04
9824,49.119157,2,8.602678e-04
9825,49.124157,1,8.073399e-04
9826,49.129157,1,7.728730e-04
9827,49.134157,0,9.215073e-04
9828,49.139157,2,9.845530e-04
9829,49.144157,1,5.717891e-04
9830,49.149157,0,8.987863e-04
9831,49.154157,2,8.212218e-04
9832,49.159157,1,8.689371e-04
9833,49.164157,2,7.485226e-04
9834,49.169157,1,6.655264e-04
9835,49.174157,0,8.967988e-04
9836,49.179157,1,7.654584e-04
9837,49.184157,0,8.699025e-04
9838,49.189157,0,9.259936e-04
9839,49.194157,0,9.586945e-04
9840,49.199157,0,9.862455e-04
9841,49.204157,1,5.618270e-04
9842,49.209157,0,6.498924e-04
9843,49.214157,0,6.998611e-04
9844,49.219157,0,7.208653e-04
9845,49.224157,0,7.331404e-04
9846,49.229157,0,7.438190e-04
9847,49.234157,0,7.549919e-04
9848,49.239157,0,7.671043e-04
9849,49.244157,0,7.801165e-04
9850,49.249157,0,7.938736e-04
9851,49.254157,0,8.082161e-04
9852,49.259157,0,8.230085e-04
9853,49.264157,0,8.381422e-04
9854,49.269157,0,8.535316e-04
9855,49.274157,0,8.691101e-04
9856,49.279157,0,8.848254e-04
9857,49.284157,0,9.006365e-04
9858,49.289157,0,9.165112e-04
9859,49.294157,0,9.324241e-04
9860,49.299157,0,9.483552e-04
9861,49.304157,0,9.642885e-04
9862,49.309157,0,9.802112e-04
9863,49.314157,0,9.961130e-04
9864,49.319157,1,8.908416e-04
9865,49.324157,6,8.944735e-04
9866,49.329157,2,8.029647e-04
9867,49.334157,1,8.335980e-04
9868,49.339157,4,9.541574e-04
9869,49.344157,2,8.757173e-04
9870,49.349157,3,8.861891e-04
9871,49.354157,1,8.791316e-04
9872,49.359157,1,9.590127e-04
9873,49.364157,3,7.941875e-04
9874,49.369157,3,8.374824e-04
9875,49.374157,2,8.740300e-04
9876,49.379157,1,8.789078e-04
9877,49.384157,0,9.080899e-04
9878,49.389157,1,9.314135e-04
9879,49.394157,0,9.549600e-04
9880,49.399157,1,8.981329e-04
9881,49.404157,2,7.818196e-04
9882,49.409157,1,7.773621e-04
9883,49.414157,2,7.248390e-04
9884,49.419157,2,8.259385e-04
9885,49.424157,1,9.850642e-04
9886,49.429157,1,9.908916e-04
9887,49.434157,3,8.180811e-04
9888,49.439157,2,6.813379e-04
9889,49.444157,2,8.777326e-04
9890,49.449157,1,7.437917e-04
9891,49.454157,2,8.226235e-04
9892,49.459157,1,7.491387e-04
9893,49.464157,2,7.024955e-04
9894,49.469157,0,9.948422e-04
9895,49.474157,4,9.794772e-04
9896,49.479157,2,7.641430e-04
9897,49.484157,1,9.348718e-04
9898,49.489157,3,8.394497e-04
9899,49.494157,2,5.566342e-04
9900,49.499157,0,9.644703e-04
9901,49.504157,2,9.407330e-04
9902,49.509157,2,6.086781e-04
9903,49.514157,0,9.465232e-04
9904,49.519157,1,5.552968e-04
9905,49.524157,0,7.330626e-04
9906,49.529157,0,9.482059e-04
9907,49.534157,1,7.021926e-04
9908,49.539157,0,8.650848e-04
9909,49.544157,1,7.772242e-04
9910,49.549157,0,8.553145e-04
9911,49.554157,0,9.410956e-04
9912,49.559157,0,9.983029e-04
9913,49.564157,1,9.407074e-04
9914,49.569157,1,8.931553e-04
9915,49.574157,0,8.943365e-04
9916,49.579157,0,9.255851e-04
9917,49.584157,0,9.509741e-04
9918,49.589157,0,9.780161e-04
9919,49.594157,2,7.673543e-04
9920,49.599157,3,9.039146e-04
9921,49.604157,1,8.388759e-04
9922,49.609157,1,7.903711e-04
9923,49.614157,2,7.423780e-04
9924,49.619157,1,7.152381e-04
9925,49.624157,2,7.440662e-04
9926,49.629157,2,9.918039e-04
9927,49.634157,1,9.800608e-04
9928,49.639157,2,9.519326e-04
9929,49.644157,1,8.276412e-04
9930,49.649157,2,9.369119e-04
9931,49.654157,5,8.711760e-04
9932,49.659157,3,8.895447e-04
9933,49.664157,2,6.981665e-04
9934,49.669157,1,6.318572e-04
9935,49.674157,0,7.570885e-04
9936,49.679157,0,8.817063e-04
9937,49.684157,0,9.868789e-04
9938,49.689157,3,9.132863e-04
9939,49.694157,2,7.380946e-04
9940,49.699157,2,7.004524e-04
9941,49.704157,1,8.868308e-04
9942,49.709157,1,8.369173e-04
9943,49.714157,0,9.018320e-04
9944,49.719157,0,9.898411e-04
9945,49.724157,2,7.904334e-04
9946,49.729157,1,8.888204e-04
9947,49.734157,1,7.862102e-04
9948,49.739157,0,9.532393e-04
9949,49.744157,4,8.402988e-04
9950,49.749157,3,7.737746e-04
9951,49.754157,1,9.915490e-04
9952,49.759157,3,9.406994e-04
9953,49.764157,1,9.402435e-04
9954,49.769157,2,8.764650e-04
9955,49.774157,1,9.267033e-04
9956,49.779157,1,9.955861e-04
9957,49.784157,1,9.032106e-04
9958,49.789157,2,6.897738e-04
9959,49.794157,0,8.870025e-04
9960,49.799157,1,6.774333e-04
9961,49.804157,2,6.477101e-04
9962,49.809157,1,9.258654e-04
9963,49.814157,1,8.648264e-04
9964,49.819157,0,9.683460e-04
9965,49.824157,3,8.136472e-04
9966,49.829157,3,9.398202e-04
9967,49.834157,1,7.920078e-04
9968,49.839157,2,9.631000e-04
9969,49.844157,1,9.198098e-04
9970,49.849157,1,8.609694e-04
9971,49.854157,0,9.254574e-04
9972,49.859157,1,9.839521e-04
9973,49.864157,1,9.718407e-04
9974,49.869157,2,8.637798e-04
9975,49.874157,1,8.912727e-04
9976,49.879157,1,8.823393e-04
9977,49.884157,2,7.217925e-04
9978,49.889157,1,9.732253e-04
9979,49.894157,3,8.033624e-04
9980,49.899157,2,7.690156e-04
9981,49.904157,1,9.759039e-04
9982,49.909157,1,8.545544e-04
9983,49.914157,1,8.276128e-04
9984,49.919157,0,9.907894e-04
9985,49.924157,2,8.808719e-04
9986,49.929157,4,8.929812e-04
9987,49.934157,2,7.313150e-04
9988,49.939157,1,9.507882e-04
9989,49.944157,1,8.052021e-04
9990,49.949157,0,8.633620e-04
9991,49.954157,0,9.508618e-04
9992,49.959157,1,7.130203e-04
9993,49.964157,2,7.607937e-04
9994,49.969157,2,9.108491e-04
9995,49.974157,2,9.352028e-04
9996,49.979157,1,9.478103e-04
9997,49.984157,1,7.696821e-04
9998,49.989157,0,7.776506e-04
9999,49.994157,0,8.336152e-04
10000,49.999157,0,8.920449e-04
10001,50.004157,0,9.548147e-04
