timestep,t,sor_iters,residual
1,0.050000,69,8.793502e-04
2,0.186292,66,9.095048e-04
3,0.273811,51,9.656997e-04
4,0.361683,46,9.265013e-04
5,0.442914,41,9.872018e-04
6,0.518762,35,9.792399e-04
7,0.591344,30,9.062195e-04
8,0.661158,29,8.322182e-04
9,0.728583,22,9.360315e-04
10,0.793921,23,9.576015e-04
11,0.857417,24,9.647643e-04
12,0.919272,26,9.856100e-04
13,0.979658,23,9.833643e-04
14,1.038718,23,9.823519e-04
15,1.096578,22,9.625603e-04
16,1.153343,21,9.921882e-04
17,1.209109,21,9.610590e-04
18,1.263958,21,9.334314e-04
19,1.317962,21,9.357431e-04
20,1.371186,21,9.573197e-04
21,1.423689,21,9.833767e-04
22,1.475523,22,9.028739e-04
23,1.526735,22,9.028598e-04
24,1.577369,22,9.272861e-04
25,1.627463,22,9.487055e-04
26,1.677053,22,9.617386e-04
27,1.726173,22,9.738739e-04
28,1.774852,22,9.826019e-04
29,1.823119,22,9.892539e-04
30,1.871000,22,9.937303e-04
31,1.918517,22,9.962063e-04
32,1.965695,22,9.969201e-04
33,2.012554,22,9.958994e-04
34,2.059113,22,9.934081e-04
35,2.105391,22,9.896057e-04
36,2.151405,22,9.845807e-04
37,2.197171,22,9.784989e-04
38,2.242704,22,9.713182e-04
39,2.288020,22,9.633052e-04
40,2.333131,22,9.544693e-04
41,2.378050,22,9.448821e-04
42,2.422790,22,9.346822e-04
43,2.467363,22,9.239172e-04
44,2.511779,22,9.126070e-04
45,2.556049,21,9.921351e-04
46,2.600185,22,9.002798e-04
47,2.644193,21,9.517478e-04
48,2.688086,21,9.695026e-04
49,2.731870,21,9.559863e-04
50,2.775146,21,8.846123e-04
51,2.818031,20,9.040247e-04
52,2.860599,19,9.961082e-04
53,2.902857,20,8.892802e-04
54,2.944819,19,8.839932e-04
55,2.986490,19,9.541065e-04
56,3.027883,19,9.350838e-04
57,3.069005,18,9.942890e-04
58,3.109865,19,9.476556e-04
59,3.150471,18,9.819517e-04
60,3.190832,18,9.858105e-04
61,3.230956,19,9.074254e-04
62,3.270850,17,9.722238e-04
63,3.310523,19,9.404777e-04
64,3.349983,18,9.554371e-04
65,3.389236,17,9.733585e-04
66,3.428290,19,8.834153e-04
67,3.467152,13,9.967944e-04
68,3.505830,21,9.386364e-04
69,3.544329,10,8.521039e-04
70,3.582658,20,9.897839e-04
71,3.620821,10,8.941744e-04
72,3.658825,21,9.274844e-04
73,3.696676,10,7.585708e-04
74,3.734381,19,9.809388e-04
75,3.771944,12,9.989061e-04
76,3.809372,20,9.529159e-04
77,3.846671,9,9.267460e-04
78,3.883844,18,9.017494e-04
79,3.920899,18,8.823948e-04
80,3.957840,12,9.763683e-04
81,3.994671,18,8.662646e-04
82,4.031398,9,9.117589e-04
83,4.068025,19,9.383840e-04
84,4.104558,9,7.464557e-04
85,4.141000,17,9.903770e-04
86,4.177357,8,9.928522e-04
87,4.213632,19,9.780933e-04
88,4.249828,8,9.087840e-04
89,4.285952,16,8.827059e-04
90,4.322006,16,9.068325e-04
91,4.357994,8,9.189958e-04
92,4.393920,17,9.955847e-04
93,4.429787,8,9.634194e-04
94,4.465600,17,9.807426e-04
95,4.501361,7,9.507048e-04
96,4.537075,14,9.857040e-04
97,4.572745,16,7.587065e-04
98,4.608374,7,9.128472e-04
99,4.643964,14,9.680930e-04
100,4.679521,16,7.580662e-04
101,4.715046,8,8.310693e-04
102,4.750542,10,9.761991e-04
103,4.786012,14,9.967674e-04
104,4.821460,9,9.868269e-04
105,4.856888,16,9.894878e-04
106,4.892299,7,8.279435e-04
107,4.927695,14,9.747075e-04
108,4.963080,7,8.739030e-04
109,4.998455,18,9.228910e-04
110,5.033824,7,9.163141e-04
111,5.069189,8,9.748398e-04
112,5.104552,12,9.606822e-04
113,5.139915,15,8.967574e-04
114,5.175282,7,9.594817e-04
115,5.210654,9,9.619759e-04
116,5.246033,12,9.608191e-04
117,5.281421,14,9.774493e-04
118,5.316822,11,8.987375e-04
119,5.352237,9,9.600147e-04
120,5.387667,16,9.743932e-04
121,5.423116,7,7.707447e-04
122,5.458584,8,9.220527e-04
123,5.494074,16,9.913300e-04
124,5.529589,7,8.705940e-04
125,5.565129,9,9.506024e-04
126,5.600697,18,9.271039e-04
127,5.636293,7,9.709594e-04
128,5.671921,8,8.416292e-04
129,5.707582,11,9.686488e-04
130,5.743278,14,9.815616e-04
131,5.779009,7,8.084978e-04
132,5.814779,9,8.654365e-04
133,5.850589,17,9.487645e-04
134,5.886439,7,9.615585e-04
135,5.922333,9,8.509319e-04
136,5.958271,16,9.768988e-04
137,5.994254,7,9.343071e-04
138,6.030287,17,9.268354e-04
139,6.066368,7,8.974087e-04
140,6.102500,14,9.421711e-04
141,6.138684,7,9.006332e-04
142,6.174923,18,9.844475e-04
143,6.211217,8,8.477013e-04
144,6.247569,11,8.878887e-04
145,6.283979,15,9.722071e-04
146,6.320450,8,9.745304e-04
147,6.356981,19,9.120729e-04
148,6.393576,9,7.661749e-04
149,6.430235,12,9.971904e-04
150,6.466959,16,9.277216e-04
151,6.503750,9,9.769946e-04
152,6.540609,19,9.725196e-04
153,6.577538,9,9.454924e-04
154,6.614537,16,9.605739e-04
155,6.651608,17,9.313468e-04
156,6.688752,10,9.357504e-04
157,6.725970,16,9.997966e-04
158,6.763264,17,9.991709e-04
159,6.800633,10,9.138566e-04
160,6.838081,15,9.402917e-04
161,6.875607,17,9.376179e-04
162,6.911625,23,9.074405e-04
163,6.946415,23,8.698214e-04
164,6.980561,14,9.866985e-04
165,7.014133,19,9.892871e-04
166,7.047187,10,8.381452e-04
167,7.079766,12,9.266157e-04
168,7.111907,14,8.860887e-04
169,7.143643,9,9.387757e-04
170,7.175004,12,8.890339e-04
171,7.206021,11,9.894420e-04
172,7.236721,12,9.018421e-04
173,7.267132,11,9.196474e-04
174,7.297280,11,9.920412e-04
175,7.327190,12,8.647947e-04
176,7.356882,11,9.078860e-04
177,7.386376,11,9.831382e-04
178,7.415690,11,9.955748e-04
179,7.444839,11,9.875196e-04
180,7.473834,11,9.828742e-04
181,7.502687,11,9.769401e-04
182,7.531407,11,9.710685e-04
183,7.560002,11,9.634757e-04
184,7.588478,11,9.527166e-04
185,7.616842,11,9.422048e-04
186,7.645100,11,9.309364e-04
187,7.673257,11,9.190254e-04
188,7.701319,11,9.066279e-04
189,7.729290,11,8.939014e-04
190,7.757176,11,8.808060e-04
191,7.784981,11,8.675472e-04
192,7.812711,10,9.992116e-04
193,7.840370,11,9.109058e-04
194,7.867963,10,9.696010e-04
195,7.895491,11,8.818744e-04
196,7.922912,10,9.770242e-04
197,7.950259,11,8.968817e-04
198,7.977536,10,9.662166e-04
199,8.004747,11,8.776825e-04
200,8.031895,10,9.459354e-04
201,8.058984,10,9.988532e-04
202,8.086016,11,8.690214e-04
203,8.112994,10,8.888463e-04
204,8.139920,10,9.774199e-04
205,8.166796,11,8.553402e-04
206,8.193625,9,9.869307e-04
207,8.220409,11,9.019377e-04
208,8.247150,9,9.977322e-04
209,8.273848,11,9.212124e-04
210,8.300507,9,9.730604e-04
211,8.327128,11,9.207968e-04
212,8.353712,9,9.605667e-04
213,8.380260,11,9.297646e-04
214,8.406776,9,9.450394e-04
215,8.433258,11,9.397054e-04
216,8.459711,8,9.857043e-04
217,8.486134,12,8.976333e-04
218,8.512531,7,9.242108e-04
219,8.538904,12,8.837875e-04
220,8.565257,7,9.450873e-04
221,8.591592,12,9.087818e-04
222,8.617910,7,9.136077e-04
223,8.644214,12,9.013645e-04
224,8.670505,7,9.246225e-04
225,8.696786,12,9.050951e-04
226,8.723057,7,9.206377e-04
227,8.749319,12,9.128489e-04
228,8.775574,7,9.233451e-04
229,8.801822,12,9.184734e-04
230,8.828064,7,9.255355e-04
231,8.854301,12,9.255912e-04
232,8.880534,7,9.270022e-04
233,8.906763,12,9.299439e-04
234,8.932988,7,9.249552e-04
235,8.959211,12,9.287305e-04
236,8.985432,7,9.248161e-04
237,9.011651,12,9.254124e-04
238,9.037870,7,9.248865e-04
239,9.064088,12,9.230526e-04
240,9.090306,7,9.269989e-04
241,9.116525,11,9.945963e-04
242,9.142746,8,9.542081e-04
243,9.168968,12,9.838217e-04
244,9.195192,7,8.983394e-04
245,9.221420,10,9.508312e-04
246,9.247650,11,9.508881e-04
247,9.273884,8,8.631554e-04
248,9.300122,10,9.607038e-04
249,9.326365,10,9.968727e-04
250,9.352612,9,9.318361e-04
251,9.378866,10,9.717219e-04
252,9.405125,9,9.723323e-04
253,9.431390,10,9.743792e-04
254,9.457662,9,9.635097e-04
255,9.483942,10,9.564987e-04
256,9.510229,9,9.496346e-04
257,9.536525,10,9.415252e-04
258,9.562829,9,9.377386e-04
259,9.589142,9,9.944898e-04
260,9.615464,10,9.833300e-04
261,9.641795,9,9.103735e-04
262,9.668137,9,9.782080e-04
263,9.694489,10,9.614755e-04
264,9.720852,9,9.026635e-04
265,9.747226,9,9.676416e-04
266,9.773611,10,9.426842e-04
267,9.800007,9,8.951244e-04
268,9.826416,9,9.587319e-04
269,9.852837,10,9.267395e-04
270,9.879270,9,8.938683e-04
271,9.905716,9,9.547426e-04
272,9.932175,9,9.991308e-04
273,9.958647,9,9.927334e-04
274,9.985133,9,9.978332e-04
275,10.011632,9,9.942780e-04
276,10.038146,9,9.885570e-04
277,10.064674,9,9.816962e-04
278,10.091216,9,9.771149e-04
279,10.117773,9,9.741063e-04
280,10.144346,9,9.725384e-04
281,10.170933,9,9.722271e-04
282,10.197536,9,9.720676e-04
283,10.224154,9,9.730493e-04
284,10.250789,9,9.742591e-04
285,10.277439,9,9.750826e-04
286,10.304106,9,9.755284e-04
287,10.330790,9,9.755513e-04
288,10.357490,9,9.766031e-04
289,10.384207,9,9.779022e-04
290,10.410941,9,9.793606e-04
291,10.437693,9,9.810727e-04
292,10.464462,9,9.825978e-04
293,10.491249,9,9.847008e-04
294,10.518054,9,9.926909e-04
295,10.544877,10,9.197860e-04
296,10.571718,9,9.637888e-04
297,10.598578,10,9.517438e-04
298,10.625457,10,9.964484e-04
299,10.652354,9,9.844285e-04
300,10.679271,10,9.656770e-04
301,10.706207,10,9.676734e-04
302,10.733162,9,9.504903e-04
303,10.760137,10,9.181911e-04
304,10.787132,9,9.559332e-04
305,10.814146,9,9.946874e-04
306,10.841180,10,9.361838e-04
307,10.868235,8,9.777484e-04
308,10.895310,10,9.528995e-04
309,10.922406,9,9.726831e-04
310,10.949522,9,9.605261e-04
311,10.976660,10,9.110744e-04
312,11.003818,8,9.551866e-04
313,11.030997,10,9.360186e-04
314,11.058197,8,9.774573e-04
315,11.085420,10,9.605289e-04
316,11.112663,8,9.714657e-04
317,11.139929,10,9.561380e-04
318,11.167216,8,9.630331e-04
319,11.194526,10,9.396856e-04
320,11.221858,8,9.432798e-04
321,11.249212,10,9.142523e-04
322,11.276589,7,9.888387e-04
323,11.303989,10,9.667845e-04
324,11.331411,7,9.437907e-04
325,11.358857,10,9.665586e-04
326,11.386326,7,9.458435e-04
327,11.413818,10,9.492207e-04
328,11.441334,7,9.307870e-04
329,11.468874,10,9.282151e-04
330,11.496438,7,9.185737e-04
331,11.524026,10,9.071586e-04
332,11.551638,7,9.038945e-04
333,11.579275,10,8.905877e-04
334,11.606937,7,8.955070e-04
335,11.634624,10,8.824651e-04
336,11.662335,7,8.900452e-04
337,11.690072,10,8.813865e-04
338,11.717835,6,9.956482e-04
339,11.745623,10,9.384328e-04
340,11.773437,6,9.416410e-04
341,11.801277,10,9.436244e-04
342,11.829143,6,9.499817e-04
343,11.857036,10,9.419628e-04
344,11.884955,6,9.427916e-04
345,11.912901,10,9.388224e-04
346,11.940874,6,9.419709e-04
347,11.968874,10,9.350242e-04
348,11.996901,6,9.392222e-04
349,12.024955,10,9.327861e-04
350,12.053037,6,9.336131e-04
351,12.081147,10,9.325224e-04
352,12.109285,6,9.318408e-04
353,12.137451,10,9.383724e-04
354,12.165645,6,9.299381e-04
355,12.193868,10,9.474991e-04
356,12.222119,6,9.304451e-04
357,12.250399,10,9.611556e-04
358,12.278708,6,9.306518e-04
359,12.307046,10,9.794295e-04
360,12.335413,6,9.336059e-04
361,12.363809,11,9.005056e-04
362,12.392235,6,8.348902e-04
363,12.420690,10,9.363248e-04
364,12.449175,7,9.481891e-04
365,12.477690,11,9.334769e-04
366,12.506235,6,8.633361e-04
367,12.534809,10,9.873239e-04
368,12.563414,7,9.910106e-04
369,12.592050,12,9.141967e-04
370,12.620715,6,8.142792e-04
371,12.649411,8,9.834046e-04
372,12.678138,11,9.043269e-04
373,12.706896,6,9.111843e-04
374,12.735684,13,9.531026e-04
375,12.764503,6,7.813930e-04
376,12.793353,9,9.443289e-04
377,12.822235,11,8.622958e-04
378,12.851147,6,9.270328e-04
379,12.880091,13,9.561226e-04
380,12.909065,6,8.082272e-04
381,12.938072,9,9.917490e-04
382,12.967109,11,9.292377e-04
383,12.996179,6,9.324600e-04
384,13.025279,13,9.962073e-04
385,13.054412,6,8.123497e-04
386,13.083576,9,9.768065e-04
387,13.112772,11,9.107523e-04
388,13.142000,6,9.227728e-04
389,13.171260,12,9.755100e-04
390,13.200551,6,8.341836e-04
391,13.229875,11,9.394360e-04
392,13.259231,6,9.249939e-04
393,13.288619,12,9.299065e-04
394,13.318040,6,7.888428e-04
395,13.347493,8,9.931764e-04
396,13.376978,10,9.560585e-04
397,13.406495,6,9.614997e-04
398,13.436045,11,9.134959e-04
399,13.465628,6,8.539370e-04
400,13.495243,9,9.948606e-04
401,13.524891,9,9.765741e-04
402,13.554571,7,9.305307e-04
403,13.584284,10,9.127506e-04
404,13.614031,6,9.740454e-04
405,13.643810,10,9.857225e-04
406,13.673623,6,9.526342e-04
407,13.703469,11,9.157991e-04
408,13.733348,6,8.172656e-04
409,13.763260,9,9.698315e-04
410,13.793205,10,9.328073e-04
411,13.823185,6,9.186526e-04
412,13.853197,10,9.321734e-04
413,13.883244,6,9.800114e-04
414,13.913324,11,9.985699e-04
415,13.943438,6,7.921186e-04
416,13.973586,8,9.530851e-04
417,14.003768,10,9.209453e-04
418,14.033984,6,8.612774e-04
419,14.064234,9,9.864207e-04
420,14.094519,9,9.778815e-04
421,14.124838,6,9.897630e-04
422,14.155191,9,9.755686e-04
423,14.185578,6,9.878203e-04
424,14.216000,11,9.065126e-04
425,14.246457,5,9.161284e-04
426,14.276949,7,9.375412e-04
427,14.307474,9,8.768730e-04
428,14.338035,6,9.279541e-04
429,14.368630,10,9.963800e-04
430,14.399260,5,9.572606e-04
431,14.429925,10,9.412820e-04
432,14.460625,5,9.778586e-04
433,14.491359,11,9.642920e-04
434,14.522128,5,8.987254e-04
435,14.552932,8,9.510409e-04
436,14.583770,9,9.830716e-04
437,14.614643,6,9.428859e-04
438,14.645550,10,9.916755e-04
439,14.676493,5,9.701849e-04
440,14.707469,10,9.766789e-04
441,14.738481,5,9.568825e-04
442,14.769526,11,9.579889e-04
443,14.800607,5,9.174082e-04
444,14.831721,8,9.754014e-04
445,14.862870,10,9.028206e-04
446,14.894053,5,9.720349e-04
447,14.925271,9,9.991823e-04
448,14.956522,10,9.651363e-04
449,14.987809,6,8.759708e-04
450,15.019129,8,9.945526e-04
451,15.050483,10,9.542265e-04
452,15.081872,6,9.037911e-04
453,15.113294,10,9.998613e-04
454,15.144750,7,9.004254e-04
455,15.176240,11,9.721688e-04
456,15.207764,6,8.372907e-04
457,15.239322,9,9.690815e-04
458,15.270914,10,8.947344e-04
459,15.302539,6,9.765892e-04
460,15.334198,10,9.427706e-04
461,15.365891,7,9.138828e-04
462,15.397617,11,9.734829e-04
463,15.429376,6,9.062475e-04
464,15.461170,10,9.489430e-04
465,15.492997,11,9.277399e-04
466,15.524857,6,9.828005e-04
467,15.556750,17,9.996545e-04
468,15.588219,15,8.795119e-04
469,15.618838,20,7.943609e-04
470,15.649067,14,9.371976e-04
471,15.678941,15,9.922273e-04
472,15.708494,11,9.570576e-04
473,15.737760,12,9.787785e-04
474,15.766769,6,9.600326e-04
475,15.795549,18,8.763268e-04
476,15.824123,7,7.874032e-04
477,15.852517,7,9.386925e-04
478,15.880753,9,8.961313e-04
479,15.908854,11,9.658469e-04
480,15.936841,6,9.274884e-04
481,15.964737,15,9.592935e-04
482,15.992562,6,9.868115e-04
483,16.020341,8,9.720552e-04
484,16.048095,10,9.688258e-04
485,16.075842,13,9.467129e-04
486,16.103602,6,9.312608e-04
487,16.131394,8,9.773137e-04
488,16.159233,10,9.254495e-04
489,16.187137,13,8.356585e-04
490,16.215120,6,9.452288e-04
491,16.243195,8,9.412099e-04
492,16.271377,9,9.356237e-04
493,16.299677,10,9.797984e-04
494,16.328107,7,9.623729e-04
495,16.356678,10,9.825865e-04
496,16.385399,6,9.401440e-04
497,16.414279,10,9.854592e-04
498,16.443325,5,9.912971e-04
499,16.472543,9,9.671975e-04
500,16.501938,6,9.727416e-04
501,16.531513,9,9.873400e-04
502,16.561274,5,9.908186e-04
503,16.591220,9,9.181524e-04
504,16.621352,5,9.499383e-04
505,16.651669,9,9.490412e-04
506,16.682169,5,9.224204e-04
507,16.712848,9,9.475562e-04
508,16.743703,5,9.235376e-04
509,16.774727,9,9.529824e-04
510,16.805915,5,9.167800e-04
511,16.837260,9,9.434535e-04
512,16.868751,5,9.194274e-04
513,16.900382,9,9.300159e-04
514,16.932142,5,9.265160e-04
515,16.964020,9,9.309392e-04
516,16.996007,5,9.325700e-04
517,17.028091,9,9.367583e-04
518,17.060260,5,9.393752e-04
519,17.092504,9,9.493904e-04
520,17.124810,5,9.435282e-04
521,17.157168,9,9.606727e-04
522,17.189567,5,9.443327e-04
523,17.221995,9,9.687812e-04
524,17.254442,5,9.422406e-04
525,17.286897,9,9.727586e-04
526,17.319349,5,9.371568e-04
527,17.351790,9,9.720322e-04
528,17.384208,5,9.300472e-04
529,17.416594,9,9.683353e-04
530,17.448938,5,9.207761e-04
531,17.481231,9,9.623675e-04
532,17.513465,5,9.106212e-04
533,17.545631,9,9.507834e-04
534,17.577720,5,8.967909e-04
535,17.609724,9,9.287615e-04
536,17.641637,5,8.827946e-04
537,17.673451,9,8.974737e-04
538,17.705159,5,8.676714e-04
539,17.736755,8,9.957187e-04
540,17.768235,6,9.743284e-04
541,17.799591,8,9.938531e-04
542,17.830821,6,8.823424e-04
543,17.861920,7,9.518105e-04
544,17.892884,8,8.251380e-04
545,17.923712,5,9.524898e-04
546,17.954402,8,8.096940e-04
547,17.984953,5,9.917286e-04
548,18.015362,8,9.467608e-04
549,18.045633,5,9.029306e-04
550,18.075763,8,8.927091e-04
551,18.105756,5,9.613659e-04
552,18.135613,8,9.075895e-04
553,18.165336,5,9.409651e-04
554,18.194929,8,9.306720e-04
555,18.224396,5,9.707627e-04
556,18.253741,8,9.801197e-04
557,18.282969,5,9.866487e-04
558,18.312085,9,8.723007e-04
559,18.341095,5,8.844752e-04
560,18.370006,9,8.811461e-04
561,18.398823,5,9.592389e-04
562,18.427555,9,9.159438e-04
563,18.456207,5,9.495878e-04
564,18.484787,9,9.355594e-04
565,18.513303,5,9.777641e-04
566,18.541763,9,9.584304e-04
567,18.570174,5,9.775301e-04
568,18.598543,9,9.655498e-04
569,18.626879,5,9.671560e-04
570,18.655191,9,9.218468e-04
571,18.683488,5,9.590685e-04
572,18.711778,9,8.893753e-04
573,18.740071,5,9.394154e-04
574,18.768375,9,8.656427e-04
575,18.796696,5,9.180183e-04
576,18.825045,9,8.461334e-04
577,18.853427,5,9.015147e-04
578,18.881850,9,8.162324e-04
579,18.910322,5,8.631045e-04
580,18.938849,8,9.611194e-04
581,18.967436,6,8.923674e-04
582,18.996091,7,9.546289e-04
583,19.024818,8,8.314822e-04
584,19.053622,5,8.961700e-04
585,19.082508,7,9.912021e-04
586,19.111479,7,9.664884e-04
587,19.140538,6,8.037451e-04
588,19.169689,6,9.768245e-04
589,19.198934,7,8.476019e-04
590,19.228276,5,9.293575e-04
591,19.257714,8,8.038362e-04
592,19.287249,4,9.020607e-04
593,19.316883,7,9.906741e-04
594,19.346615,5,9.318344e-04
595,19.376445,8,9.004143e-04
596,19.406368,4,8.879466e-04
597,19.436387,5,9.846834e-04
598,19.466497,7,8.361754e-04
599,19.496697,5,8.160081e-04
600,19.526983,8,9.727629e-04
601,19.557352,4,8.673578e-04
602,19.587801,7,9.954012e-04
603,19.618327,5,9.208379e-04
604,19.648924,8,9.746927e-04
605,19.679589,4,8.999893e-04
606,19.710318,5,9.910049e-04
607,19.741106,7,8.833087e-04
608,19.771949,5,8.446910e-04
609,19.802841,8,9.898264e-04
610,19.833779,4,9.120706e-04
611,19.864757,7,9.948439e-04
612,19.895771,5,9.929317e-04
613,19.926816,8,9.670706e-04
614,19.957886,4,9.442387e-04
615,19.988978,7,9.636020e-04
616,20.020086,7,9.793526e-04
617,20.051205,5,9.904599e-04
618,20.082331,8,8.053560e-04
619,20.113459,4,9.852539e-04
620,20.144584,8,9.153872e-04
621,20.175701,4,9.445208e-04
622,20.206805,8,9.609058e-04
623,20.237892,4,9.476793e-04
624,20.268958,8,9.904517e-04
625,20.299997,4,9.533940e-04
626,20.331005,8,9.951557e-04
627,20.361977,4,9.716307e-04
628,20.392906,9,9.652349e-04
629,20.423788,4,9.697554e-04
630,20.454618,6,9.873356e-04
631,20.485390,7,9.864830e-04
632,20.516098,5,9.612836e-04
633,20.546737,10,9.470080e-04
634,20.577301,5,6.076425e-04
635,20.607785,6,7.270617e-04
636,20.638184,7,8.375150e-04
637,20.668491,6,9.420436e-04
638,20.698702,9,9.051473e-04
639,20.728810,5,7.002641e-04
640,20.758811,6,8.712581e-04
641,20.788701,8,8.774104e-04
642,20.818472,5,8.450882e-04
643,20.848122,9,9.299210e-04
644,20.877645,5,6.920179e-04
645,20.907039,6,9.549361e-04
646,20.936299,8,8.797565e-04
647,20.965422,5,8.043614e-04
648,20.994406,8,9.746271e-04
649,21.023248,5,8.593042e-04
650,21.051947,8,9.901183e-04
651,21.080501,4,9.461088e-04
652,21.108908,8,9.796849e-04
653,21.137168,4,9.028621e-04
654,21.165280,8,9.620281e-04
655,21.193245,4,8.638999e-04
656,21.221063,8,9.473330e-04
657,21.248733,4,8.567116e-04
658,21.276259,8,9.270297e-04
659,21.303640,4,8.273271e-04
660,21.330878,8,9.575356e-04
661,21.357976,4,8.252238e-04
662,21.384936,8,9.845399e-04
663,21.411761,4,8.217804e-04
664,21.438455,9,9.106785e-04
665,21.465022,4,8.260100e-04
666,21.491466,8,9.648904e-04
667,21.517791,4,9.635936e-04
668,21.544002,10,9.597188e-04
669,21.570102,5,6.879336e-04
670,21.596096,7,9.023255e-04
671,21.621991,8,8.627068e-04
672,21.647791,6,8.898992e-04
673,21.673501,9,9.669379e-04
674,21.699127,5,8.337958e-04
675,21.724677,10,9.700334e-04
676,21.750155,5,7.488742e-04
677,21.775568,10,9.769776e-04
678,21.800923,5,7.821026e-04
679,21.826226,10,9.704732e-04
680,21.851485,5,7.921110e-04
681,21.876706,11,9.676266e-04
682,21.901896,5,7.485205e-04
683,21.927064,9,9.510490e-04
684,21.952216,9,9.911932e-04
685,21.977360,5,9.678239e-04
686,22.002506,9,9.542538e-04
687,22.027661,10,8.721443e-04
688,22.052832,6,9.185836e-04
689,22.078029,7,9.136320e-04
690,22.103259,9,7.936125e-04
691,22.128530,5,8.319973e-04
692,22.153850,11,9.633878e-04
693,22.179225,5,6.525169e-04
694,22.204663,7,9.406215e-04
695,22.230170,8,8.997487e-04
696,22.255754,5,9.171695e-04
697,22.281420,9,9.458009e-04
698,22.307174,4,8.877371e-04
699,22.333021,8,9.947314e-04
700,22.358967,4,7.737798e-04
701,22.385016,9,9.543648e-04
702,22.411172,4,7.469947e-04
703,22.437439,6,8.972955e-04
704,22.463820,7,7.998452e-04
705,22.490319,4,9.415729e-04
706,22.516937,7,9.888070e-04
707,22.543677,4,8.983622e-04
708,22.570541,8,8.316646e-04
709,22.597529,4,7.118434e-04
710,22.624643,5,7.783598e-04
711,22.651885,6,8.745515e-04
712,22.679252,3,9.557663e-04
713,22.706748,8,9.869929e-04
714,22.734370,3,9.299164e-04
715,22.762119,5,9.643463e-04
716,22.789994,6,7.447153e-04
717,22.817993,4,8.400836e-04
718,22.846117,7,9.970518e-04
719,22.874364,3,9.330826e-04
720,22.902732,6,9.938378e-04
721,22.931220,6,9.204353e-04
722,22.959827,4,8.097889e-04
723,22.988550,6,8.577322e-04
724,23.017389,6,9.395146e-04
725,23.046341,4,9.552673e-04
726,23.075404,6,9.643836e-04
727,23.104577,7,7.089859e-04
728,23.133857,4,7.928476e-04
729,23.163242,5,9.292308e-04
730,23.192731,6,7.913122e-04
731,23.222321,4,8.633215e-04
732,23.252010,7,9.655648e-04
733,23.281796,4,7.215825e-04
734,23.311676,7,8.903407e-04
735,23.341650,4,7.355161e-04
736,23.371713,7,9.022509e-04
737,23.401866,3,9.586114e-04
738,23.432104,7,8.882422e-04
739,23.462427,3,8.964444e-04
740,23.492831,7,9.526660e-04
741,23.523316,3,8.805301e-04
742,23.553878,7,9.341076e-04
743,23.584516,3,8.801170e-04
744,23.615228,7,9.446113e-04
745,23.646011,3,8.711298e-04
746,23.676864,7,9.319508e-04
747,23.707784,3,8.635610e-04
748,23.738770,7,9.685054e-04
749,23.769820,3,8.780605e-04
750,23.800931,7,9.658757e-04
751,23.832102,3,8.932972e-04
752,23.863330,8,9.489765e-04
753,23.894614,3,9.982220e-04
754,23.925952,6,9.021971e-04
755,23.957342,6,8.906954e-04
756,23.988782,4,9.339297e-04
757,24.020271,7,9.221853e-04
758,24.051806,3,9.498263e-04
759,24.083386,7,9.722606e-04
760,24.115008,3,8.528290e-04
761,24.146672,7,9.539726e-04
762,24.178376,3,9.439189e-04
763,24.210118,7,9.536505e-04
764,24.241898,3,9.180207e-04
765,24.273714,7,9.453506e-04
766,24.305565,3,9.897054e-04
767,24.337449,7,9.528056e-04
768,24.369364,4,8.432019e-04
769,24.401310,7,9.230264e-04
770,24.433283,4,7.897126e-04
771,24.465283,7,8.693983e-04
772,24.497308,3,9.561422e-04
773,24.529356,7,8.760589e-04
774,24.561427,3,9.519743e-04
775,24.593518,7,9.247658e-04
776,24.625628,4,8.271907e-04
777,24.657757,6,9.941098e-04
778,24.689904,7,7.263051e-04
779,24.722067,4,8.458144e-04
780,24.754245,5,8.875523e-04
781,24.786438,6,8.529679e-04
782,24.818644,3,9.268786e-04
783,24.850864,8,9.023247e-04
784,24.883095,3,9.750885e-04
785,24.915338,6,8.890591e-04
786,24.947591,6,9.686104e-04
787,24.979854,3,9.999528e-04
788,25.012127,8,9.595630e-04
789,25.044408,4,6.294503e-04
790,25.076697,6,9.660497e-04
791,25.108992,7,8.641501e-04
792,25.141294,4,7.796540e-04
793,25.173601,6,9.506863e-04
794,25.205912,7,8.610195e-04
795,25.238227,4,8.492830e-04
796,25.270543,7,9.773688e-04
797,25.302860,4,9.166344e-04
798,25.335177,8,9.401345e-04
799,25.367493,4,7.867517e-04
800,25.399805,5,9.556122e-04
801,25.432113,7,9.833106e-04
802,25.464415,4,8.262498e-04
803,25.496709,9,9.799166e-04
804,25.528994,4,7.829863e-04
805,25.561268,5,9.066770e-04
806,25.593529,7,7.815840e-04
807,25.625775,4,9.010694e-04
808,25.658004,9,8.403655e-04
809,25.690214,4,8.594824e-04
810,25.722403,5,9.736493e-04
811,25.754568,7,9.260784e-04
812,25.786706,4,9.909675e-04
813,25.818817,9,9.607198e-04
814,25.850895,4,9.691581e-04
815,25.882940,6,8.470709e-04
816,25.914947,7,9.855065e-04
817,25.946914,5,9.645245e-04
818,25.978837,10,9.358295e-04
819,26.010714,5,7.594322e-04
820,26.042540,6,8.639303e-04
821,26.074313,8,9.182784e-04
822,26.106028,5,8.665261e-04
823,26.137682,15,9.671001e-04
824,26.169270,7,8.214961e-04
825,26.200789,5,8.313511e-04
826,26.232234,7,9.755982e-04
827,26.263600,8,7.742993e-04
828,26.294884,5,9.195557e-04
829,26.326080,12,8.995166e-04
830,26.357184,5,9.181397e-04
831,26.388190,7,9.065702e-04
832,26.419093,8,8.986221e-04
833,26.449889,11,9.604039e-04
834,26.480571,5,9.257562e-04
835,26.511134,7,9.262025e-04
836,26.541573,8,9.732375e-04
837,26.571882,11,8.824663e-04
838,26.602055,6,7.877659e-04
839,26.632086,7,9.178672e-04
840,26.661970,9,9.000062e-04
841,26.691701,6,9.913987e-04
842,26.721274,14,9.084763e-04
843,26.750683,6,9.910037e-04
844,26.779924,7,8.345152e-04
845,26.808991,7,9.054896e-04
846,26.837881,9,8.845359e-04
847,26.866589,6,9.453059e-04
848,26.895112,12,9.684008e-04
849,26.923445,6,6.778137e-04
850,26.951586,7,7.653619e-04
851,26.979532,7,9.219598e-04
852,27.007281,8,9.909614e-04
853,27.034831,11,9.425097e-04
854,27.062180,5,9.416276e-04
855,27.089327,6,9.499443e-04
856,27.116273,7,8.905565e-04
857,27.143015,10,8.962090e-04
858,27.169556,5,8.586243e-04
859,27.195894,6,9.302943e-04
860,27.222033,11,9.960120e-04
861,27.247971,5,8.776339e-04
862,27.273713,6,7.332491e-04
863,27.299261,7,9.778671e-04
864,27.324616,9,9.855288e-04
865,27.349783,5,7.798924e-04
866,27.374764,10,9.978938e-04
867,27.399565,5,7.762214e-04
868,27.424187,9,9.725133e-04
869,27.448638,5,8.909425e-04
870,27.472921,12,9.299211e-04
871,27.497042,5,9.459329e-04
872,27.521006,7,8.998783e-04
873,27.544821,9,9.226177e-04
874,27.568494,11,8.706908e-04
875,27.592029,6,9.447636e-04
876,27.615435,8,9.238672e-04
877,27.638716,10,8.839936e-04
878,27.661881,7,9.581723e-04
879,27.684935,13,9.637677e-04
880,27.707887,6,8.646806e-04
881,27.730743,9,9.403090e-04
882,27.753511,11,9.163234e-04
883,27.776198,7,9.460395e-04
884,27.798814,14,9.986641e-04
885,27.821366,7,6.682861e-04
886,27.843862,9,9.456086e-04
887,27.866311,12,9.023598e-04
888,27.888721,7,9.023456e-04
889,27.911100,15,9.382464e-04
890,27.933458,7,6.802506e-04
891,27.955802,9,8.891163e-04
892,27.978141,11,9.204790e-04
893,28.000485,7,9.749536e-04
894,28.022841,15,9.087977e-04
895,28.045220,6,9.919617e-04
896,28.067631,8,9.003075e-04
897,28.090082,10,8.974165e-04
898,28.112584,12,9.519157e-04
899,28.135145,6,8.460600e-04
900,28.157773,8,9.895666e-04
901,28.180477,10,9.527424e-04
902,28.203266,5,9.745036e-04
903,28.226146,13,9.138377e-04
904,28.249126,5,9.455715e-04
905,28.272211,7,9.298241e-04
906,28.295407,8,7.899668e-04
907,28.318721,5,9.468743e-04
908,28.342158,11,9.369546e-04
909,28.365722,5,6.589653e-04
910,28.389416,5,9.426172e-04
911,28.413245,6,9.477399e-04
912,28.437211,4,8.710508e-04
913,28.461317,10,9.859972e-04
914,28.485564,5,9.608508e-04
915,28.509953,4,9.186139e-04
916,28.534484,5,9.917781e-04
917,28.559158,3,9.483919e-04
918,28.583975,9,9.954093e-04
919,28.608933,7,9.132166e-04
920,28.634032,6,7.588536e-04
921,28.659268,4,8.822419e-04
922,28.684641,8,9.704929e-04
923,28.710148,4,6.880736e-04
924,28.735786,4,9.659067e-04
925,28.761553,10,9.717715e-04
926,28.787444,4,9.740702e-04
927,28.813458,5,9.667971e-04
928,28.839589,6,9.612084e-04
929,28.865835,4,8.763202e-04
930,28.892190,10,9.062365e-04
931,28.918653,5,7.754247e-04
932,28.945217,5,9.163048e-04
933,28.971880,7,9.326542e-04
934,28.998637,4,9.925107e-04
935,29.025483,10,9.696933e-04
936,29.052415,5,9.085666e-04
937,29.079428,6,7.866552e-04
938,29.106518,8,8.418442e-04
939,29.133681,4,9.315557e-04
940,29.160913,10,9.078658e-04
941,29.188209,4,9.922133e-04
942,29.215566,6,9.307253e-04
943,29.242979,8,9.408764e-04
944,29.270444,5,9.524437e-04
945,29.297957,11,8.570042e-04
946,29.325514,5,8.529052e-04
947,29.353110,6,8.708468e-04
948,29.380742,7,9.877653e-04
949,29.408404,9,9.476590e-04
950,29.436094,5,7.764823e-04
951,29.463806,9,9.944808e-04
952,29.491537,10,8.278406e-04
953,29.519281,6,9.367932e-04
954,29.547035,7,8.772243e-04
955,29.574794,9,9.146663e-04
956,29.602553,5,8.386565e-04
957,29.630308,13,9.578428e-04
958,29.658053,5,9.133892e-04
959,29.685785,7,8.908882e-04
960,29.713497,8,9.075769e-04
961,29.741184,11,8.024662e-04
962,29.768842,5,9.593906e-04
963,29.796465,9,9.032207e-04
964,29.824048,10,9.723347e-04
965,29.851584,6,9.241415e-04
966,29.879068,13,9.968910e-04
967,29.906494,6,7.298082e-04
968,29.933856,9,8.706481e-04
969,29.961147,10,8.919285e-04
970,29.988362,6,8.953531e-04
971,30.015495,15,9.486665e-04
972,30.042537,6,9.231873e-04
973,30.069484,8,8.196738e-04
974,30.096329,9,9.594505e-04
975,30.123065,12,8.919566e-04
976,30.149686,6,9.075904e-04
977,30.176184,9,9.644160e-04
978,30.202553,12,9.328486e-04
979,30.228788,6,9.731203e-04
980,30.254881,15,9.872263e-04
981,30.280826,6,9.687338e-04
982,30.306617,9,8.537963e-04
983,30.332249,10,9.389895e-04
984,30.357715,7,9.987457e-04
985,30.383012,15,9.300205e-04
986,30.408134,7,8.190890e-04
987,30.433078,8,8.293889e-04
988,30.457840,10,8.687032e-04
989,30.482419,12,9.647831e-04
990,30.506810,6,8.352030e-04
991,30.531014,8,9.380095e-04
992,30.555027,11,9.781861e-04
993,30.578851,6,8.875930e-04
994,30.602484,15,8.492386e-04
995,30.625928,6,9.767345e-04
996,30.649182,7,9.684785e-04
997,30.672248,6,9.646864e-04
998,30.695129,10,9.181427e-04
999,30.717826,6,8.767354e-04
1000,30.740341,11,9.944023e-04
1001,30.762678,6,7.466608e-04
1002,30.784841,7,9.147534e-04
1003,30.806832,6,9.786438e-04
1004,30.828657,10,8.704813e-04
1005,30.850318,5,9.591882e-04
1006,30.871822,12,9.710022e-04
1007,30.893172,5,9.942148e-04
1008,30.914375,8,9.123477e-04
1009,30.935435,9,7.350121e-04
1010,30.956358,10,9.741208e-04
1011,30.977150,6,9.807352e-04
1012,30.997819,13,9.415759e-04
1013,31.018369,6,9.014282e-04
1014,31.038807,9,9.602437e-04
1015,31.059140,11,9.207937e-04
1016,31.079375,7,8.591377e-04
1017,31.099518,14,9.497636e-04
1018,31.119576,7,6.739409e-04
1019,31.139557,9,9.408600e-04
1020,31.159467,11,9.725210e-04
1021,31.179313,7,9.605930e-04
1022,31.199103,15,9.666312e-04
1023,31.218842,7,7.273901e-04
1024,31.238538,8,9.909536e-04
1025,31.258198,11,9.074765e-04
1026,31.277828,13,8.920629e-04
1027,31.297434,7,8.489589e-04
1028,31.317024,9,8.909321e-04
1029,31.336603,11,9.690713e-04
1030,31.356178,6,9.220257e-04
1031,31.375756,15,8.755024e-04
1032,31.395342,6,8.589815e-04
1033,31.414944,7,9.771744e-04
1034,31.434566,9,9.318013e-04
1035,31.454215,11,9.344330e-04
1036,31.473895,6,7.379924e-04
1037,31.493612,7,9.817443e-04
1038,31.513371,11,9.634961e-04
1039,31.533173,6,7.796005e-04
1040,31.553024,6,9.397397e-04
1041,31.572926,10,9.951658e-04
1042,31.592882,5,8.272518e-04
1043,31.612893,6,9.444171e-04
1044,31.632959,10,9.418129e-04
1045,31.653082,5,8.372749e-04
1046,31.673262,7,9.719909e-04
1047,31.693496,9,9.585614e-04
1048,31.713785,5,9.602187e-04
1049,31.734125,16,9.891578e-04
1050,31.754514,7,9.186591e-04
1051,31.774949,7,8.433823e-04
1052,31.795425,8,9.350638e-04
1053,31.815938,9,9.803786e-04
1054,31.836484,7,9.598151e-04
1055,31.857056,11,9.369969e-04
1056,31.877649,6,9.199513e-04
1057,31.898257,15,9.980533e-04
1058,31.918872,7,7.291690e-04
1059,31.939489,8,8.314472e-04
1060,31.960101,10,9.256955e-04
1061,31.980700,8,9.879006e-04
1062,32.001278,13,9.571731e-04
1063,32.021830,7,7.222733e-04
1064,32.042348,8,8.864030e-04
1065,32.062824,11,9.406208e-04
1066,32.083253,7,8.708386e-04
1067,32.103628,14,9.713981e-04
1068,32.123944,7,6.808675e-04
1069,32.144196,7,9.445875e-04
1070,32.164379,9,8.678830e-04
1071,32.184490,11,8.930733e-04
1072,32.204526,6,7.684172e-04
1073,32.224484,7,8.992769e-04
1074,32.244362,9,9.206484e-04
1075,32.264159,6,8.348804e-04
1076,32.283875,11,9.295860e-04
1077,32.303509,5,9.197369e-04
1078,32.323062,6,9.606245e-04
1079,32.342536,9,9.760500e-04
1080,32.361930,6,9.059447e-04
1081,32.381249,13,9.270567e-04
1082,32.400493,6,7.395255e-04
1083,32.419666,7,8.829749e-04
1084,32.438771,9,8.657918e-04
1085,32.457812,11,9.153400e-04
1086,32.476793,6,8.456762e-04
1087,32.495719,10,9.962620e-04
1088,32.514593,12,8.650699e-04
1089,32.533421,6,9.628842e-04
1090,32.552207,10,9.660070e-04
1091,32.570958,12,9.001561e-04
1092,32.589678,6,9.870276e-04
1093,32.608373,15,9.670411e-04
1094,32.627048,6,9.684043e-04
1095,32.645710,9,9.778721e-04
1096,32.664363,11,9.296594e-04
1097,32.683013,7,9.670402e-04
1098,32.701667,16,8.740730e-04
1099,32.720329,7,7.444952e-04
1100,32.739006,8,9.206444e-04
1101,32.757702,10,8.620545e-04
1102,32.776423,12,9.194248e-04
1103,32.795174,6,8.192867e-04
1104,32.813961,11,9.113164e-04
1105,32.832789,12,9.153381e-04
1106,32.851662,6,8.879847e-04
1107,32.870587,8,8.677020e-04
1108,32.889569,10,8.669360e-04
1109,32.908611,5,9.163526e-04
1110,32.927720,14,8.614913e-04
1111,32.946899,5,9.140955e-04
1112,32.966154,6,9.527483e-04
1113,32.985487,7,9.302068e-04
1114,33.004903,9,8.740000e-04
1115,33.024406,4,9.475886e-04
1116,33.043998,8,9.272436e-04
1117,33.063683,4,9.444356e-04
1118,33.083462,10,9.394830e-04
1119,33.103340,5,8.043875e-04
1120,33.123316,5,8.825194e-04
1121,33.143394,4,8.972303e-04
1122,33.163574,6,8.723219e-04
1123,33.183857,3,8.356716e-04
1124,33.204245,8,8.224865e-04
1125,33.224738,3,8.652732e-04
1126,33.245336,4,9.501489e-04
1127,33.266040,5,7.339280e-04
1128,33.286849,3,7.354626e-04
1129,33.307764,7,8.076689e-04
1130,33.328784,3,7.052837e-04
1131,33.349908,4,7.950949e-04
1132,33.371135,5,9.108373e-04
1133,33.392466,3,9.367813e-04
1134,33.413900,8,9.513915e-04
1135,33.435434,4,8.110109e-04
1136,33.457069,3,9.958333e-04
1137,33.478803,5,8.420068e-04
1138,33.500636,6,7.877333e-04
1139,33.522566,4,8.580748e-04
1140,33.544591,8,9.141459e-04
1141,33.566712,3,9.535473e-04
1142,33.588926,5,7.820748e-04
1143,33.611233,5,9.540640e-04
1144,33.633631,4,9.678895e-04
1145,33.656118,8,9.292667e-04
1146,33.678694,4,6.159830e-04
1147,33.701357,4,8.862615e-04
1148,33.724105,5,9.155002e-04
1149,33.746938,7,7.832275e-04
1150,33.769854,3,9.322765e-04
1151,33.792851,4,9.833780e-04
1152,33.815928,8,9.806108e-04
1153,33.839083,4,6.407803e-04
1154,33.862315,4,8.910516e-04
1155,33.885622,6,8.346816e-04
1156,33.909004,3,8.839276e-04
1157,33.932457,9,9.014796e-04
1158,33.955981,4,8.162596e-04
1159,33.979574,4,9.567138e-04
1160,34.003234,5,8.246811e-04
1161,34.026960,6,8.864048e-04
1162,34.050750,3,8.629935e-04
1163,34.074602,9,9.385538e-04
1164,34.098516,4,7.477151e-04
1165,34.122488,5,8.573476e-04
1166,34.146519,3,9.250217e-04
1167,34.170605,6,9.931618e-04
1168,34.194746,3,9.163572e-04
1169,34.218941,9,8.270070e-04
1170,34.243187,4,9.970704e-04
1171,34.267483,5,9.246495e-04
1172,34.291829,3,7.664840e-04
1173,34.316221,6,9.035197e-04
1174,34.340660,3,8.066027e-04
1175,34.365144,9,8.136947e-04
1176,34.389671,4,8.525857e-04
1177,34.414241,5,8.766093e-04
1178,34.438852,3,7.246297e-04
1179,34.463503,6,9.087479e-04
1180,34.488193,3,7.664377e-04
1181,34.512921,8,9.202292e-04
1182,34.537686,3,9.443388e-04
1183,34.562487,5,8.268123e-04
1184,34.587323,3,7.381054e-04
1185,34.612193,5,9.466900e-04
1186,34.637097,3,7.965599e-04
1187,34.662033,8,8.187832e-04
1188,34.687001,4,8.220000e-04
1189,34.712000,3,9.340335e-04
1190,34.737030,5,7.856350e-04
1191,34.762089,3,7.518218e-04
1192,34.787177,7,8.209361e-04
1193,34.812294,3,9.070843e-04
1194,34.837438,4,8.828482e-04
1195,34.862610,3,9.320574e-04
1196,34.887807,9,9.437772e-04
1197,34.913031,4,7.672347e-04
1198,34.938281,3,6.556464e-04
1199,34.963555,4,8.708545e-04
1200,34.988854,5,6.534430e-04
1201,35.014176,3,5.711830e-04
1202,35.039523,4,9.553281e-04
1203,35.064892,6,9.964153e-04
1204,35.090283,3,7.395297e-04
1205,35.115697,3,9.156939e-04
1206,35.141133,5,9.367832e-04
1207,35.166590,3,8.155736e-04
1208,35.192069,10,9.690436e-04
1209,35.217567,5,7.164735e-04
1210,35.243087,3,6.824339e-04
1211,35.268626,4,9.912025e-04
1212,35.294185,5,7.586058e-04
1213,35.319764,3,5.232705e-04
1214,35.345362,3,8.559514e-04
1215,35.370980,5,9.489520e-04
1216,35.396616,3,7.795576e-04
1217,35.422270,8,8.371217e-04
1218,35.447943,3,9.575318e-04
1219,35.473634,4,8.277673e-04
1220,35.499342,3,8.913418e-04
1221,35.525069,5,9.195632e-04
1222,35.550814,3,6.157917e-04
1223,35.576576,4,8.792651e-04
1224,35.602355,5,9.375895e-04
1225,35.628151,3,6.940188e-04
1226,35.653965,4,9.856851e-04
1227,35.679795,9,8.157378e-04
1228,35.705642,4,8.015283e-04
1229,35.731506,7,9.278994e-04
1230,35.757386,3,8.160825e-04
1231,35.783284,6,8.391800e-04
1232,35.809197,3,6.806929e-04
1233,35.835127,4,9.244551e-04
1234,35.861073,8,8.777942e-04
1235,35.887035,4,6.088284e-04
1236,35.913014,3,8.809359e-04
1237,35.939008,5,8.115644e-04
1238,35.965018,3,7.903467e-04
1239,35.991044,6,8.249474e-04
1240,36.017086,3,6.905594e-04
1241,36.043144,4,9.420132e-04
1242,36.069217,9,9.662354e-04
1243,36.095305,4,9.144168e-04
1244,36.121409,5,9.516185e-04
1245,36.147528,3,8.069622e-04
1246,36.173662,5,9.595680e-04
1247,36.199811,3,8.542601e-04
1248,36.225976,6,9.651829e-04
1249,36.252155,3,7.474869e-04
1250,36.278349,4,9.412906e-04
1251,36.304558,9,9.062615e-04
1252,36.330781,4,8.046413e-04
1253,36.357019,5,9.735459e-04
1254,36.383271,3,8.946693e-04
1255,36.409538,6,8.240917e-04
1256,36.435818,3,6.685828e-04
1257,36.462113,4,8.665389e-04
1258,36.488422,8,8.852184e-04
1259,36.514744,4,6.626980e-04
1260,36.541080,3,9.922814e-04
1261,36.567430,5,7.750874e-04
1262,36.593793,3,8.370468e-04
1263,36.620170,6,9.325902e-04
1264,36.646560,3,7.538451e-04
1265,36.672963,4,9.431353e-04
1266,36.699379,7,9.951471e-04
1267,36.725808,3,9.214384e-04
1268,36.752249,4,6.808113e-04
1269,36.778704,5,6.906410e-04
1270,36.805170,3,8.861772e-04
1271,36.831650,6,9.317141e-04
1272,36.858141,3,7.640689e-04
1273,36.884645,8,9.968327e-04
1274,36.911160,3,9.880521e-04
1275,36.937688,4,8.889525e-04
1276,36.964227,5,7.120346e-04
1277,36.990778,3,9.169194e-04
1278,37.017341,7,9.301204e-04
1279,37.043915,3,8.741593e-04
1280,37.070500,4,8.955461e-04
1281,37.097096,5,9.916669e-04
1282,37.123703,7,7.958912e-04
1283,37.150322,4,7.847263e-04
1284,37.176951,4,7.564842e-04
1285,37.203590,5,7.531992e-04
1286,37.230240,4,9.577541e-04
1287,37.256901,6,9.162892e-04
1288,37.283571,3,7.721829e-04
1289,37.310252,6,9.884406e-04
1290,37.336943,3,8.643433e-04
1291,37.363644,7,9.347113e-04
1292,37.390354,3,8.406634e-04
1293,37.417074,4,8.859060e-04
1294,37.443803,5,9.404884e-04
1295,37.470542,4,9.977354e-04
1296,37.497290,6,9.895368e-04
1297,37.524047,3,8.347223e-04
1298,37.550813,5,9.955623e-04
1299,37.577587,6,7.940276e-04
1300,37.604371,3,8.824650e-04
1301,37.631162,5,9.267276e-04
1302,37.657963,6,7.506300e-04
1303,37.684771,3,9.418157e-04
1304,37.711587,6,8.795150e-04
1305,37.738412,4,9.466797e-04
1306,37.765244,6,9.890683e-04
1307,37.792084,3,9.724549e-04
1308,37.818932,7,9.064830e-04
1309,37.845787,3,9.597374e-04
1310,37.872649,5,9.882792e-04
1311,37.899519,6,8.090860e-04
1312,37.926395,4,7.727293e-04
1313,37.953279,6,9.044103e-04
1314,37.980169,4,9.724669e-04
1315,38.007065,7,8.626128e-04
1316,38.033968,4,6.862909e-04
1317,38.060878,5,8.911390e-04
1318,38.087793,6,8.389760e-04
1319,38.114715,4,8.600495e-04
1320,38.141642,6,9.182327e-04
1321,38.168575,4,9.501641e-04
1322,38.195513,6,9.720090e-04
1323,38.222457,4,8.736703e-04
1324,38.249407,6,9.158833e-04
1325,38.276361,4,8.761590e-04
1326,38.303320,5,9.872618e-04
1327,38.330284,6,8.378110e-04
1328,38.357252,4,7.914175e-04
1329,38.384225,5,8.625984e-04
1330,38.411202,5,9.282837e-04
1331,38.438183,5,8.324757e-04
1332,38.465168,5,8.512482e-04
1333,38.492156,5,8.397862e-04
1334,38.519148,5,8.376956e-04
1335,38.546143,5,8.332208e-04
1336,38.573141,5,8.359481e-04
1337,38.600142,5,8.428411e-04
1338,38.627145,5,8.559732e-04
1339,38.654151,5,8.737606e-04
1340,38.681159,5,8.957465e-04
1341,38.708169,5,9.211030e-04
1342,38.735181,5,9.475970e-04
1343,38.762195,5,9.748366e-04
1344,38.789209,11,9.879153e-04
1345,38.816225,5,9.042365e-04
1346,38.843241,4,9.644594e-04
1347,38.870257,5,8.906226e-04
1348,38.897274,3,9.370369e-04
1349,38.924291,5,9.228686e-04
1350,38.951308,3,9.450629e-04
1351,38.978325,8,9.757681e-04
1352,39.005340,4,8.039598e-04
1353,39.032355,4,9.766234e-04
1354,39.059368,5,9.238455e-04
1355,39.086381,3,9.905309e-04
1356,39.113391,13,9.237967e-04
1357,39.140399,6,9.640303e-04
1358,39.167406,4,9.342314e-04
1359,39.194410,9,9.165212e-04
1360,39.221411,4,9.067541e-04
1361,39.248409,9,9.312889e-04
1362,39.275405,5,9.038138e-04
1363,39.302396,5,9.686660e-04
1364,39.329384,4,7.977655e-04
1365,39.356368,5,9.098368e-04
1366,39.383348,7,9.829229e-04
1367,39.410323,4,6.740514e-04
1368,39.437293,5,8.559908e-04
1369,39.464258,11,9.256956e-04
1370,39.491218,5,7.906609e-04
1371,39.518171,6,9.458065e-04
1372,39.545119,4,7.886903e-04
1373,39.572060,6,8.486839e-04
1374,39.598995,4,8.109479e-04
1375,39.625922,10,9.900973e-04
1376,39.652842,5,6.888373e-04
1377,39.679754,4,8.966903e-04
1378,39.706659,6,8.246565e-04
1379,39.733555,4,9.613138e-04
1380,39.760442,12,9.880773e-04
1381,39.787320,6,7.039331e-04
1382,39.814188,4,7.690606e-04
1383,39.841047,6,8.545245e-04
1384,39.867895,4,9.184062e-04
1385,39.894733,7,9.855095e-04
1386,39.921560,4,7.300366e-04
1387,39.948375,10,9.628297e-04
1388,39.975178,4,8.963646e-04
1389,40.001969,5,8.949140e-04
1390,40.028747,6,8.580823e-04
1391,40.055511,4,8.384669e-04
1392,40.082262,10,9.590042e-04
1393,40.108998,5,7.280723e-04
1394,40.135719,4,9.670889e-04
1395,40.162424,6,9.377186e-04
1396,40.189113,8,7.949760e-04
1397,40.215785,4,8.450562e-04
1398,40.242440,5,7.334716e-04
1399,40.269076,6,7.527945e-04
1400,40.295693,4,9.229019e-04
1401,40.322290,7,9.800678e-04
1402,40.348867,4,7.082066e-04
1403,40.375423,10,9.831798e-04
1404,40.401956,4,8.814649e-04
1405,40.428466,5,8.284954e-04
1406,40.454953,6,7.377275e-04
1407,40.481414,4,8.540020e-04
1408,40.507849,8,8.845457e-04
1409,40.534257,4,7.489523e-04
1410,40.560637,11,7.623850e-04
1411,40.586988,4,9.527360e-04
1412,40.613308,6,9.434128e-04
1413,40.639596,4,8.754326e-04
1414,40.665852,7,8.202800e-04
1415,40.692072,4,7.950742e-04
1416,40.718257,10,8.153930e-04
1417,40.744404,4,9.421256e-04
1418,40.770513,5,9.562393e-04
1419,40.796580,6,9.363146e-04
1420,40.822606,9,8.721622e-04
1421,40.848588,4,9.414127e-04
1422,40.874524,5,9.469539e-04
1423,40.900412,10,9.570446e-04
1424,40.926251,5,6.699967e-04
1425,40.952038,5,9.336059e-04
1426,40.977772,8,9.110575e-04
1427,41.003450,4,9.614579e-04
1428,41.029070,10,9.696343e-04
1429,41.054630,5,6.677182e-04
1430,41.080127,6,8.028432e-04
1431,41.105559,6,9.786208e-04
1432,41.130924,9,8.693988e-04
1433,41.156219,5,7.239331e-04
1434,41.181441,11,9.943558e-04
1435,41.206589,5,7.055437e-04
1436,41.231658,6,9.508881e-04
1437,41.256647,7,9.195490e-04
1438,41.281553,9,9.572745e-04
1439,41.306374,5,7.143816e-04
1440,41.331106,7,9.766157e-04
1441,41.355746,12,9.765518e-04
1442,41.380293,6,6.954470e-04
1443,41.404743,6,8.513069e-04
1444,41.429094,7,8.678908e-04
1445,41.453344,9,8.806852e-04
1446,41.477489,5,8.663345e-04
1447,41.501527,13,8.611552e-04
1448,41.525457,6,7.290405e-04
1449,41.549277,6,9.712153e-04
1450,41.572984,7,7.857454e-04
1451,41.596578,6,9.162957e-04
1452,41.620056,11,9.596237e-04
1453,41.643418,5,9.338813e-04
1454,41.666663,6,9.010940e-04
1455,41.689790,7,9.487720e-04
1456,41.712799,11,9.115928e-04
1457,41.735690,5,8.947630e-04
1458,41.758462,6,8.024111e-04
1459,41.781117,6,9.592220e-04
1460,41.803653,8,9.898774e-04
1461,41.826073,5,9.929601e-04
1462,41.848377,12,9.047299e-04
1463,41.870566,5,9.478185e-04
1464,41.892642,6,8.749327e-04
1465,41.914607,7,8.312165e-04
1466,41.936462,8,8.833784e-04
1467,41.958211,10,8.687529e-04
1468,41.979854,5,8.407977e-04
1469,42.001396,8,9.963061e-04
1470,42.022840,9,9.871865e-04
1471,42.044188,5,9.472254e-04
1472,42.065444,10,9.627373e-04
1473,42.086611,5,9.783681e-04
1474,42.107695,11,9.440183e-04
1475,42.128698,6,7.332780e-04
1476,42.149626,9,9.634524e-04
1477,42.170482,10,8.515539e-04
1478,42.191271,6,9.187141e-04
1479,42.211998,10,9.087847e-04
1480,42.232668,10,9.330545e-04
1481,42.253285,7,9.183519e-04
1482,42.273854,10,8.836876e-04
1483,42.294382,8,9.850823e-04
1484,42.314872,11,9.530534e-04
1485,42.335329,6,9.103887e-04
1486,42.355760,10,9.802458e-04
1487,42.376168,10,9.839959e-04
1488,42.396559,7,9.235692e-04
1489,42.416939,9,9.975272e-04
1490,42.437312,10,9.142293e-04
1491,42.457685,6,9.773558e-04
1492,42.478063,10,9.067587e-04
1493,42.498451,6,9.738949e-04
1494,42.518853,11,9.498680e-04
1495,42.539276,6,7.698553e-04
1496,42.559724,8,8.945948e-04
1497,42.580202,9,9.008037e-04
1498,42.600714,6,9.262619e-04
1499,42.621264,9,9.327579e-04
1500,42.641858,6,8.995585e-04
1501,42.662497,8,9.889011e-04
1502,42.683187,6,9.901711e-04
1503,42.703930,8,9.246384e-04
1504,42.724729,6,8.558112e-04
1505,42.745587,7,8.992487e-04
1506,42.766506,6,9.924498e-04
1507,42.787489,7,8.437161e-04
1508,42.808537,6,8.644941e-04
1509,42.829652,6,9.780869e-04
1510,42.850834,6,9.998313e-04
1511,42.872086,6,9.873839e-04
1512,42.893407,7,8.761914e-04
1513,42.914798,6,9.241126e-04
1514,42.936260,14,9.402861e-04
1515,42.957791,6,9.515965e-04
1516,42.979393,6,8.719401e-04
1517,43.001064,6,9.856339e-04
1518,43.022803,7,9.281106e-04
1519,43.044609,9,9.106425e-04
1520,43.066482,6,8.206780e-04
1521,43.088418,12,9.438704e-04
1522,43.110417,6,6.963425e-04
1523,43.132477,7,8.468695e-04
1524,43.154595,9,9.925384e-04
1525,43.176769,12,8.204028e-04
1526,43.198996,6,8.305712e-04
1527,43.221273,7,9.190138e-04
1528,43.243597,11,9.510051e-04
1529,43.265964,6,9.892904e-04
1530,43.288371,14,9.476450e-04
1531,43.310814,7,7.501797e-04
1532,43.333288,8,9.289699e-04
1533,43.355790,11,9.703277e-04
1534,43.378314,13,8.240143e-04
1535,43.400855,7,9.884284e-04
1536,43.423409,10,9.007033e-04
1537,43.445969,12,8.638523e-04
1538,43.468531,7,9.187266e-04
1539,43.491089,16,9.173165e-04
1540,43.513635,7,9.022499e-04
1541,43.536164,11,9.044670e-04
1542,43.558669,12,9.667177e-04
1543,43.581144,9,9.839937e-04
1544,43.603580,16,9.851583e-04
1545,43.625972,8,8.163390e-04
1546,43.648311,11,9.846001e-04
1547,43.670590,13,9.847894e-04
1548,43.692801,9,9.570884e-04
1549,43.714936,17,9.995102e-04
1550,43.736987,8,9.301205e-04
1551,43.758947,12,9.915045e-04
1552,43.780806,14,9.424912e-04
1553,43.802558,9,9.298635e-04
1554,43.824194,18,9.576498e-04
1555,43.845706,9,7.338020e-04
1556,43.867087,13,9.571966e-04
1557,43.888330,15,8.996429e-04
1558,43.909430,9,8.792453e-04
1559,43.930378,17,9.753166e-04
1560,43.951171,8,9.932732e-04
1561,43.971804,17,9.433093e-04
1562,43.992271,8,9.288626e-04
1563,44.012570,16,9.857780e-04
1564,44.032697,8,9.208100e-04
1565,44.052650,17,9.848922e-04
1566,44.072427,8,8.616341e-04
1567,44.092026,12,9.757565e-04
1568,44.111447,14,9.317129e-04
1569,44.130690,8,8.108386e-04
1570,44.149756,15,9.800177e-04
1571,44.168644,8,8.112948e-04
1572,44.187358,15,8.916059e-04
1573,44.205899,7,8.293993e-04
1574,44.224269,8,9.907907e-04
1575,44.242472,13,9.411278e-04
1576,44.260511,7,8.172513e-04
1577,44.278390,14,9.897330e-04
1578,44.296113,6,9.841101e-04
1579,44.313684,9,9.184341e-04
1580,44.331109,11,8.726965e-04
1581,44.348391,6,9.884623e-04
1582,44.365537,14,9.442147e-04
1583,44.382552,6,9.891648e-04
1584,44.399440,10,8.783528e-04
1585,44.416209,11,9.079982e-04
1586,44.432863,10,9.969778e-04
1587,44.449408,12,9.475805e-04
1588,44.465851,10,9.790766e-04
1589,44.482197,13,9.424125e-04
1590,44.498453,9,9.166743e-04
1591,44.514624,14,9.597977e-04
1592,44.530716,8,9.227891e-04
1593,44.546735,15,9.399599e-04
1594,44.562688,8,8.612223e-04
1595,44.578580,14,9.895452e-04
1596,44.594416,9,9.519573e-04
1597,44.610203,15,9.995653e-04
1598,44.625945,8,8.525281e-04
1599,44.641649,14,9.733869e-04
1600,44.657319,8,9.937024e-04
1601,44.672961,16,9.206219e-04
1602,44.688579,8,7.457439e-04
1603,44.704179,10,9.849237e-04
1604,44.719764,13,9.391669e-04
1605,44.735339,7,9.546832e-04
1606,44.750908,15,9.858210e-04
1607,44.766475,7,7.564276e-04
1608,44.782044,10,9.575424e-04
1609,44.797618,12,8.431485e-04
1610,44.813200,6,9.444850e-04
1611,44.828793,13,9.702236e-04
1612,44.844399,6,8.489282e-04
1613,44.860022,11,9.779346e-04
1614,44.875663,6,7.470161e-04
1615,44.891324,12,9.286879e-04
1616,44.907007,6,6.470713e-04
1617,44.922713,7,8.125704e-04
1618,44.938443,9,9.555979e-04
1619,44.954199,5,8.496188e-04
1620,44.969980,11,9.779764e-04
1621,44.985788,5,7.373696e-04
1622,45.001621,6,9.227859e-04
1623,45.017480,8,9.411187e-04
1624,45.033364,5,9.931468e-04
1625,45.049272,11,8.972046e-04
1626,45.065201,5,8.540537e-04
1627,45.081152,7,8.436635e-04
1628,45.097122,9,9.086166e-04
1629,45.113108,6,9.831199e-04
1630,45.129109,12,9.727949e-04
1631,45.145122,6,7.341294e-04
1632,45.161146,7,9.744023e-04
1633,45.177177,9,9.701333e-04
1634,45.193213,11,8.714353e-04
1635,45.209251,6,8.866984e-04
1636,45.225290,8,9.353544e-04
1637,45.241326,9,9.837307e-04
1638,45.257357,7,8.928738e-04
1639,45.273381,10,9.364603e-04
1640,45.289396,6,8.863311e-04
1641,45.305398,10,9.205464e-04
1642,45.321387,6,8.571015e-04
1643,45.337360,10,9.230740e-04
1644,45.353315,6,8.288787e-04
1645,45.369250,10,8.778902e-04
1646,45.385165,6,8.076140e-04
1647,45.401057,9,9.705574e-04
1648,45.416925,6,9.670863e-04
1649,45.432768,10,8.955734e-04
1650,45.448585,5,9.036020e-04
1651,45.464376,8,9.044860e-04
1652,45.480139,8,9.768683e-04
1653,45.495874,6,9.486193e-04
1654,45.511581,8,9.965655e-04
1655,45.527259,6,9.870615e-04
1656,45.542908,9,9.733228e-04
1657,45.558528,5,8.593883e-04
1658,45.574120,8,9.136568e-04
1659,45.589682,8,9.632988e-04
1660,45.605216,6,8.687512e-04
1661,45.620721,8,9.245628e-04
1662,45.636198,6,9.566743e-04
1663,45.651647,11,9.407742e-04
1664,45.667069,5,8.306098e-04
1665,45.682464,6,8.764587e-04
1666,45.697832,7,9.404274e-04
1667,45.713174,10,9.174527e-04
1668,45.728490,5,7.935628e-04
1669,45.743781,6,9.764238e-04
1670,45.759048,12,9.003031e-04
1671,45.774292,5,9.619546e-04
1672,45.789511,6,8.526150e-04
1673,45.804708,8,9.199185e-04
1674,45.819884,10,9.481106e-04
1675,45.835038,5,8.315328e-04
1676,45.850171,7,8.879389e-04
1677,45.865284,11,9.674764e-04
1678,45.880379,5,8.767900e-04
1679,45.895455,7,9.374678e-04
1680,45.910514,12,9.904342e-04
1681,45.925557,5,9.939978e-04
1682,45.940585,7,8.135481e-04
1683,45.955598,9,9.688344e-04
1684,45.970598,11,9.577704e-04
1685,45.985586,7,8.779573e-04
1686,46.000564,7,8.965309e-04
1687,46.015532,9,9.335471e-04
1688,46.030492,11,9.419574e-04
1689,46.045445,5,9.313036e-04
1690,46.060393,8,9.979226e-04
1691,46.075338,10,8.874428e-04
1692,46.090281,5,9.783471e-04
1693,46.105223,14,9.438342e-04
1694,46.120166,6,7.598240e-04
1695,46.135113,8,8.177663e-04
1696,46.150064,9,8.102009e-04
1697,46.165022,11,9.771521e-04
1698,46.179988,5,9.068724e-04
1699,46.194964,10,9.767242e-04
1700,46.209952,12,8.224541e-04
1701,46.224954,6,9.066796e-04
1702,46.239971,7,8.407483e-04
1703,46.255005,9,8.255202e-04
1704,46.270059,7,9.786151e-04
1705,46.285133,13,9.190151e-04
1706,46.300230,6,7.012771e-04
1707,46.315351,7,7.698637e-04
1708,46.330497,8,8.816786e-04
1709,46.345671,10,9.489405e-04
1710,46.360873,5,6.850175e-04
1711,46.376105,7,9.572527e-04
1712,46.391369,9,8.632975e-04
1713,46.406666,5,8.034346e-04
1714,46.421997,6,8.850730e-04
1715,46.437363,8,9.385283e-04
1716,46.452765,4,9.150318e-04
1717,46.468204,12,8.959259e-04
1718,46.483682,4,9.693134e-04
1719,46.499198,5,9.821796e-04
1720,46.514754,6,7.388052e-04
1721,46.530351,4,8.281241e-04
1722,46.545988,7,9.550188e-04
1723,46.561667,4,6.138880e-04
1724,46.577388,5,9.443341e-04
1725,46.593151,6,9.149360e-04
1726,46.608957,3,9.029829e-04
1727,46.624805,4,9.380398e-04
1728,46.640697,5,9.773453e-04
1729,46.656631,3,8.900144e-04
1730,46.672608,7,9.055686e-04
1731,46.688628,3,8.386072e-04
1732,46.704691,4,8.155034e-04
1733,46.720797,5,8.344777e-04
1734,46.736944,3,9.306258e-04
1735,46.753134,8,9.812177e-04
1736,46.769366,4,8.982176e-04
1737,46.785639,3,9.745571e-04
1738,46.801953,5,8.771913e-04
1739,46.818308,6,9.387772e-04
1740,46.834702,3,9.872164e-04
1741,46.851137,4,9.889447e-04
1742,46.867610,10,9.099157e-04
1743,46.884122,4,9.864550e-04
1744,46.900672,4,9.253106e-04
1745,46.917259,4,9.757167e-04
1746,46.933883,5,8.645361e-04
1747,46.950543,3,9.357593e-04
1748,46.967239,8,8.767859e-04
1749,46.983969,4,8.108319e-04
1750,47.000734,5,9.593940e-04
1751,47.017532,7,9.783211e-04
1752,47.034364,4,8.256351e-04
1753,47.051227,5,9.538877e-04
1754,47.068122,6,9.581918e-04
1755,47.085049,3,9.363817e-04
1756,47.102005,10,8.674770e-04
1757,47.118991,3,9.546766e-04
1758,47.136006,5,8.467957e-04
1759,47.153050,3,9.918730e-04
1760,47.170121,6,8.499656e-04
1761,47.187220,3,8.262268e-04
1762,47.204345,8,9.955109e-04
1763,47.221495,4,6.523301e-04
1764,47.238672,5,8.589499e-04
1765,47.255872,6,9.702152e-04
1766,47.273097,3,9.576378e-04
1767,47.290346,10,9.410071e-04
1768,47.307618,5,9.335188e-04
1769,47.324912,3,9.581377e-04
1770,47.342228,5,9.773355e-04
1771,47.359565,3,9.641955e-04
1772,47.376923,8,8.227373e-04
1773,47.394301,4,8.661185e-04
1774,47.411700,9,8.888194e-04
1775,47.429117,6,9.225217e-04
1776,47.446554,3,9.696415e-04
1777,47.464009,5,9.867851e-04
1778,47.481481,3,9.460674e-04
1779,47.498971,8,9.139497e-04
1780,47.516479,4,9.026833e-04
1781,47.534002,9,9.626817e-04
1782,47.551542,6,9.635079e-04
1783,47.569098,4,8.888361e-04
1784,47.586669,5,8.397512e-04
1785,47.604255,3,9.558365e-04
1786,47.621856,7,8.685507e-04
1787,47.639472,3,9.367640e-04
1788,47.657101,9,9.274093e-04
1789,47.674743,4,8.213884e-04
1790,47.692400,6,8.585987e-04
1791,47.710069,3,7.767905e-04
1792,47.727751,4,9.080766e-04
1793,47.745445,5,9.398571e-04
1794,47.763151,7,9.480014e-04
1795,47.780870,4,9.627546e-04
1796,47.798600,4,9.315171e-04
1797,47.816341,6,9.463737e-04
1798,47.834094,3,9.408199e-04
1799,47.851857,8,9.741069e-04
1800,47.869631,4,8.525071e-04
1801,47.887416,4,8.961837e-04
1802,47.905211,4,9.292579e-04
1803,47.923015,5,9.893662e-04
1804,47.940830,3,9.705060e-04
1805,47.958655,8,9.527311e-04
1806,47.976488,4,9.057327e-04
1807,47.994332,4,9.352540e-04
1808,48.012184,4,9.538144e-04
1809,48.030045,6,9.332066e-04
1810,48.047916,3,8.882884e-04
1811,48.065795,8,9.016392e-04
1812,48.083682,4,6.925077e-04
1813,48.101578,4,8.861718e-04
1814,48.119483,4,9.140179e-04
1815,48.137395,5,8.661431e-04
1816,48.155316,3,9.758148e-04
1817,48.173244,8,8.147997e-04
1818,48.191181,4,7.317552e-04
1819,48.209125,4,8.440871e-04
1820,48.227077,4,9.613795e-04
1821,48.245037,6,9.130650e-04
1822,48.263004,3,8.874648e-04
1823,48.280979,8,8.612740e-04
1824,48.298961,3,9.786711e-04
1825,48.316950,4,9.190297e-04
1826,48.334947,4,9.933225e-04
1827,48.352950,5,8.922784e-04
1828,48.370961,4,9.299988e-04
1829,48.388979,7,9.566955e-04
1830,48.407004,3,9.693403e-04
1831,48.425036,4,8.854203e-04
1832,48.443075,5,9.519580e-04
1833,48.461120,7,9.085644e-04
1834,48.479173,4,6.270944e-04
1835,48.497232,4,8.286670e-04
1836,48.515298,5,8.697054e-04
1837,48.533371,5,9.958705e-04
1838,48.551451,5,8.948588e-04
1839,48.569537,5,9.507179e-04
1840,48.587629,5,9.850359e-04
1841,48.605729,6,9.605945e-04
1842,48.623834,4,7.218203e-04
1843,48.641947,5,9.677911e-04
1844,48.660066,6,8.919524e-04
1845,48.678191,4,7.122286e-04
1846,48.696323,5,9.525562e-04
1847,48.714461,6,8.687414e-04
1848,48.732606,4,7.523790e-04
1849,48.750757,6,8.652975e-04
1850,48.768915,4,9.073363e-04
1851,48.787079,6,9.720331e-04
1852,48.805249,4,8.435204e-04
1853,48.823426,6,9.753603e-04
1854,48.841609,4,9.023129e-04
1855,48.859798,6,9.820265e-04
1856,48.877994,4,9.055038e-04
1857,48.896195,6,9.794295e-04
1858,48.914403,4,9.342122e-04
1859,48.932618,6,9.690984e-04
1860,48.950838,4,9.538077e-04
1861,48.969065,6,9.622793e-04
1862,48.987298,4,9.759947e-04
1863,49.005537,6,9.582688e-04
1864,49.023782,5,9.081645e-04
1865,49.042033,5,9.723245e-04
1866,49.060291,6,8.489377e-04
1867,49.078554,5,8.147477e-04
1868,49.096823,5,9.817544e-04
1869,49.115099,6,8.535640e-04
1870,49.133380,5,8.329637e-04
1871,49.151668,5,9.993163e-04
1872,49.169961,6,8.730450e-04
1873,49.188261,5,8.406112e-04
1874,49.206566,6,8.279193e-04
1875,49.224877,5,9.003083e-04
1876,49.243194,6,8.378028e-04
1877,49.261517,5,8.854304e-04
1878,49.279846,6,8.334554e-04
1879,49.298180,5,8.843955e-04
1880,49.316520,6,8.333732e-04
1881,49.334866,5,8.808308e-04
1882,49.353217,6,8.369117e-04
1883,49.371575,5,8.805588e-04
1884,49.389937,6,8.405819e-04
1885,49.408306,5,8.743540e-04
1886,49.426679,6,8.422149e-04
1887,49.445059,5,8.660420e-04
1888,49.463443,5,9.991913e-04
1889,49.481834,6,9.033834e-04
1890,49.500229,5,8.159380e-04
1891,49.518630,5,9.703474e-04
1892,49.537036,6,9.167948e-04
1893,49.555448,4,9.779163e-04
1894,49.573865,6,9.396422e-04
1895,49.592286,4,9.604152e-04
1896,49.610714,7,9.919226e-04
1897,49.629146,4,7.548174e-04
1898,49.647583,5,8.642752e-04
1899,49.666025,6,9.137672e-04
1900,49.684472,4,8.569593e-04
1901,49.702925,10,9.914604e-04
1902,49.721382,4,9.609085e-04
1903,49.739844,4,9.178562e-04
1904,49.758310,5,7.781269e-04
1905,49.776782,5,8.664478e-04
1906,49.795258,5,9.643590e-04
1907,49.813739,8,9.525895e-04
1908,49.832225,4,7.823591e-04
1909,49.850715,5,7.898889e-04
1910,49.869210,6,9.930637e-04
1911,49.887709,4,8.983474e-04
1912,49.906213,11,9.897323e-04
1913,49.924721,5,8.712467e-04
1914,49.943233,4,7.841564e-04
1915,49.961750,5,8.479086e-04
1916,49.980271,5,9.068654e-04
1917,49.998797,5,9.569532e-04
1918,50.017326,7,9.485233e-04
1919,50.035860,4,7.367191e-04
1920,50.054398,10,8.819492e-04
1921,50.072940,4,8.469009e-04
1922,50.091486,5,9.971139e-04
1923,50.110037,6,8.581598e-04
1924,50.128591,4,6.889889e-04
1925,50.147149,5,9.081546e-04
1926,50.165711,8,9.699365e-04
1927,50.184277,4,8.428915e-04
1928,50.202847,5,8.683399e-04
1929,50.221421,11,9.177660e-04
1930,50.239999,5,7.145809e-04
1931,50.258580,5,8.925006e-04
1932,50.277165,6,9.722872e-04
1933,50.295754,4,8.299583e-04
1934,50.314347,6,9.048801e-04
1935,50.332943,8,8.781898e-04
1936,50.351543,4,8.299100e-04
1937,50.370147,5,9.021559e-04
1938,50.388754,11,9.376339e-04
1939,50.407365,5,7.412703e-04
1940,50.425979,5,9.376275e-04
1941,50.444597,7,8.568469e-04
1942,50.463218,4,6.761218e-04
1943,50.481843,5,8.610137e-04
1944,50.500471,9,9.286715e-04
1945,50.519103,4,9.190115e-04
1946,50.537739,5,7.187639e-04
1947,50.556377,6,8.767004e-04
1948,50.575019,5,9.924915e-04
1949,50.593665,9,9.045461e-04
1950,50.612314,4,8.688858e-04
1951,50.630966,5,6.410733e-04
1952,50.649622,5,8.571863e-04
1953,50.668281,6,8.997695e-04
1954,50.686943,4,9.173349e-04
1955,50.705609,9,9.195857e-04
1956,50.724277,4,8.413279e-04
1957,50.742950,5,7.294046e-04
1958,50.761625,5,9.362966e-04
1959,50.780304,6,9.882169e-04
1960,50.798986,4,8.979765e-04
1961,50.817671,10,9.073667e-04
1962,50.836360,4,9.779352e-04
1963,50.855051,5,7.582151e-04
1964,50.873746,5,7.914856e-04
1965,50.892444,5,9.301186e-04
1966,50.911146,6,9.210681e-04
1967,50.929850,4,8.367368e-04
1968,50.948558,9,9.374844e-04
1969,50.967269,4,7.383098e-04
1970,50.985983,4,9.878484e-04
1971,51.004700,5,9.763597e-04
1972,51.023420,6,8.076658e-04
1973,51.042143,4,8.176179e-04
1974,51.060870,9,8.932765e-04
1975,51.079599,4,7.246121e-04
1976,51.098332,5,7.325367e-04
1977,51.117067,5,9.741599e-04
1978,51.135806,6,9.241036e-04
1979,51.154548,4,8.597592e-04
1980,51.173292,9,9.056703e-04
1981,51.192040,4,7.625047e-04
1982,51.210790,4,9.910584e-04
1983,51.229544,6,7.488807e-04
1984,51.248300,4,8.935654e-04
1985,51.267060,8,9.135391e-04
1986,51.285822,4,7.493764e-04
1987,51.304587,5,8.345576e-04
1988,51.323355,7,9.290729e-04
1989,51.342125,4,7.580046e-04
1990,51.360899,8,9.334747e-04
1991,51.379675,4,6.371525e-04
1992,51.398454,5,8.471599e-04
1993,51.417236,6,9.166322e-04
1994,51.436020,4,8.618319e-04
1995,51.454808,9,9.084210e-04
1996,51.473597,4,8.088792e-04
1997,51.492390,4,9.725688e-04
1998,51.511185,6,7.665554e-04
1999,51.529982,4,9.393319e-04
2000,51.548782,8,9.398071e-04
2001,51.567585,4,7.821500e-04
2002,51.586390,5,8.013201e-04
2003,51.605197,7,9.177204e-04
2004,51.624007,4,7.488348e-04
2005,51.642819,8,9.530762e-04
2006,51.661633,4,6.485729e-04
2007,51.680450,5,8.264552e-04
2008,51.699269,6,9.619220e-04
2009,51.718090,4,8.528435e-04
2010,51.736913,10,9.770669e-04
2011,51.755739,5,7.694524e-04
2012,51.774566,4,8.105246e-04
2013,51.793396,5,9.339398e-04
2014,51.812227,6,8.188710e-04
2015,51.831061,4,8.111548e-04
2016,51.849896,9,9.038643e-04
2017,51.868733,4,7.753697e-04
2018,51.887572,5,7.846769e-04
2019,51.906413,5,9.138403e-04
2020,51.925256,6,9.446977e-04
2021,51.944100,4,8.404706e-04
2022,51.962945,9,9.386597e-04
2023,51.981793,4,7.619080e-04
2024,52.000642,4,9.482202e-04
2025,52.019492,5,9.079728e-04
2026,52.038344,6,8.414537e-04
2027,52.057197,4,8.263446e-04
2028,52.076051,9,9.378300e-04
2029,52.094907,4,7.543177e-04
2030,52.113764,5,7.875581e-04
2031,52.132622,5,9.072394e-04
2032,52.151481,6,9.208065e-04
2033,52.170341,4,8.786443e-04
2034,52.189202,10,9.708963e-04
2035,52.208064,5,7.794662e-04
2036,52.226927,4,9.599929e-04
2037,52.245790,6,7.705772e-04
2038,52.264655,4,8.133754e-04
2039,52.283519,8,9.672828e-04
2040,52.302385,4,7.915662e-04
2041,52.321251,5,9.882689e-04
2042,52.340118,11,9.305098e-04
2043,52.358984,5,7.960829e-04
2044,52.377852,6,8.962358e-04
2045,52.396719,4,8.346894e-04
2046,52.415586,6,8.769426e-04
2047,52.434454,4,9.144316e-04
2048,52.453322,9,9.635654e-04
2049,52.472189,4,9.200196e-04
2050,52.491057,5,8.884630e-04
2051,52.509924,7,9.332186e-04
2052,52.528791,4,8.561669e-04
2053,52.547658,9,9.802095e-04
2054,52.566524,4,8.432133e-04
2055,52.585389,5,8.454211e-04
2056,52.604254,6,8.200410e-04
2057,52.623119,4,9.975743e-04
2058,52.641982,13,9.539618e-04
2059,52.660845,6,9.148212e-04
2060,52.679706,4,7.912127e-04
2061,52.698567,5,9.750142e-04
2062,52.717427,6,7.702915e-04
2063,52.736285,4,9.334821e-04
2064,52.755142,10,8.630460e-04
2065,52.773997,4,9.889229e-04
2066,52.792851,5,8.796123e-04
2067,52.811703,6,7.557633e-04
2068,52.830553,4,9.513152e-04
2069,52.849402,9,9.638202e-04
2070,52.868249,4,9.559496e-04
2071,52.887093,5,8.862470e-04
2072,52.905935,7,9.431987e-04
2073,52.924775,4,8.693545e-04
2074,52.943613,13,9.175249e-04
2075,52.962448,6,8.760980e-04
2076,52.981280,4,8.589765e-04
2077,53.000109,6,8.301560e-04
2078,53.018936,4,8.832900e-04
2079,53.037759,7,8.681311e-04
2080,53.056580,4,8.337190e-04
2081,53.075397,10,9.231610e-04
2082,53.094210,4,9.143627e-04
2083,53.113020,5,9.339846e-04
2084,53.131826,6,8.036443e-04
2085,53.150628,4,8.303021e-04
2086,53.169426,7,9.924156e-04
2087,53.188220,4,8.573631e-04
2088,53.207010,12,9.071558e-04
2089,53.225794,9,8.557480e-04
2090,53.244575,4,9.232834e-04
2091,53.263350,7,8.372777e-04
2092,53.282121,4,7.332640e-04
2093,53.300886,8,9.960677e-04
2094,53.319646,4,7.508285e-04
2095,53.338400,6,9.742987e-04
2096,53.357148,7,8.802349e-04
2097,53.375891,4,8.208359e-04
2098,53.394627,6,9.892316e-04
2099,53.413357,7,9.923818e-04
2100,53.432080,4,8.673090e-04
2101,53.450797,14,9.075776e-04
2102,53.469507,6,9.237631e-04
2103,53.488209,5,9.735401e-04
2104,53.506904,6,9.907067e-04
2105,53.525591,5,9.853696e-04
2106,53.544271,8,9.335119e-04
2107,53.562942,4,9.342105e-04
2108,53.581605,10,9.878497e-04
2109,53.600259,4,9.468693e-04
2110,53.618904,6,8.981429e-04
2111,53.637540,7,9.007975e-04
2112,53.656166,5,8.943375e-04
2113,53.674783,15,9.690338e-04
2114,53.693389,7,9.610777e-04
2115,53.711985,5,9.073567e-04
2116,53.730570,9,9.706559e-04
2117,53.749144,5,8.378528e-04
2118,53.767707,11,9.215983e-04
2119,53.786258,5,7.196861e-04
2120,53.804797,6,9.588728e-04
2121,53.823324,8,9.104189e-04
2122,53.841838,11,9.737598e-04
2123,53.860338,7,9.220666e-04
2124,53.878825,5,9.532393e-04
2125,53.897298,8,9.104483e-04
2126,53.915756,5,9.497695e-04
2127,53.934200,12,9.182581e-04
2128,53.952628,6,7.923981e-04
2129,53.971041,6,9.953580e-04
2130,53.989437,8,9.932633e-04
2131,54.007816,11,9.511916e-04
2132,54.026178,5,9.993536e-04
2133,54.044522,7,7.930374e-04
2134,54.062848,9,8.598910e-04
2135,54.081155,5,9.171547e-04
2136,54.099443,12,8.564612e-04
2137,54.117710,5,9.656150e-04
2138,54.135957,7,8.238916e-04
2139,54.154182,8,9.663906e-04
2140,54.172386,11,9.051194e-04
2141,54.190567,5,9.663709e-04
2142,54.208725,7,8.098959e-04
2143,54.226858,9,9.012394e-04
2144,54.244967,6,9.285017e-04
2145,54.263050,12,9.554568e-04
2146,54.281108,6,7.092472e-04
2147,54.299138,7,7.949374e-04
2148,54.317140,9,9.202107e-04
2149,54.335113,11,9.052569e-04
2150,54.353057,6,7.923545e-04
2151,54.370971,7,9.231572e-04
2152,54.388853,10,9.299021e-04
2153,54.406703,6,8.554853e-04
2154,54.424520,13,9.329254e-04
2155,54.442302,6,7.653667e-04
2156,54.460050,7,9.237942e-04
2157,54.477761,9,9.744787e-04
2158,54.495435,11,9.459315e-04
2159,54.513071,6,8.571290e-04
2160,54.530668,8,9.546186e-04
2161,54.548224,11,8.909301e-04
2162,54.565738,6,8.534900e-04
2163,54.583211,14,9.552114e-04
2164,54.600639,6,8.496797e-04
2165,54.618023,8,9.120342e-04
2166,54.635360,10,9.132804e-04
2167,54.652651,7,9.698938e-04
2168,54.669893,14,9.067870e-04
2169,54.687087,6,9.881802e-04
2170,54.704229,8,8.452846e-04
2171,54.721321,10,8.934172e-04
2172,54.738359,12,9.186941e-04
2173,54.755344,6,9.276982e-04
2174,54.772275,9,9.448500e-04
2175,54.789149,11,9.453549e-04
2176,54.805967,6,9.219632e-04
2177,54.822728,14,9.948504e-04
2178,54.839430,6,9.374447e-04
2179,54.856073,8,9.475005e-04
2180,54.872657,10,9.944275e-04
2181,54.889179,7,9.628769e-04
2182,54.905641,14,9.154880e-04
2183,54.922041,7,6.846220e-04
2184,54.938379,7,9.960760e-04
2185,54.954655,9,9.190802e-04
2186,54.970869,12,8.582644e-04
2187,54.987020,6,8.558318e-04
2188,55.003109,8,8.441705e-04
2189,55.019135,12,9.835531e-04
2190,55.035099,6,8.379519e-04
2191,55.051002,8,9.033234e-04
2192,55.066843,13,9.179694e-04
2193,55.082624,6,8.805163e-04
2194,55.098345,7,8.969527e-04
2195,55.114008,11,9.891376e-04
2196,55.129613,6,9.048080e-04
2197,55.145161,13,9.634766e-04
2198,55.160654,6,7.652135e-04
2199,55.176093,7,9.878256e-04
2200,55.191480,11,9.536812e-04
2201,55.206817,6,9.991742e-04
2202,55.222105,14,8.680588e-04
2203,55.237346,6,9.214457e-04
2204,55.252542,8,8.792144e-04
2205,55.267695,10,8.848600e-04
2206,55.282807,12,9.413618e-04
2207,55.297881,6,9.532762e-04
2208,55.312919,10,9.973094e-04
2209,55.327923,12,8.504186e-04
2210,55.342896,6,9.767845e-04
2211,55.357839,11,9.686991e-04
2212,55.372756,12,9.014133e-04
2213,55.387650,7,9.701588e-04
2214,55.402522,11,9.920357e-04
2215,55.417375,12,9.436232e-04
2216,55.432212,7,9.524320e-04
2217,55.447035,11,9.920166e-04
2218,55.461847,12,9.642079e-04
2219,55.476651,7,9.287336e-04
2220,55.491448,11,9.485046e-04
2221,55.506241,12,9.373323e-04
2222,55.521033,6,9.934422e-04
2223,55.535826,11,9.140546e-04
2224,55.550622,12,9.168068e-04
2225,55.565423,7,9.049029e-04
2226,55.580233,9,9.431862e-04
2227,55.595052,11,9.340087e-04
2228,55.609882,6,8.906634e-04
2229,55.624727,13,9.860046e-04
2230,55.639588,6,8.035003e-04
2231,55.654466,9,9.618958e-04
2232,55.669363,10,9.135755e-04
2233,55.684282,6,9.046299e-04
2234,55.699223,10,9.884119e-04
2235,55.714189,6,9.286470e-04
2236,55.729181,12,9.375758e-04
2237,55.744200,6,6.899374e-04
2238,55.759247,7,7.825375e-04
2239,55.774324,8,8.941403e-04
2240,55.789432,6,9.924878e-04
2241,55.804572,10,9.256895e-04
2242,55.819745,5,7.597151e-04
2243,55.834952,6,9.758689e-04
2244,55.850193,8,8.025386e-04
2245,55.865470,5,8.121730e-04
2246,55.880783,7,9.968656e-04
2247,55.896132,7,9.806807e-04
2248,55.911519,5,9.068726e-04
2249,55.926943,7,8.228970e-04
2250,55.942404,5,8.802118e-04
2251,55.957904,7,8.537161e-04
2252,55.973442,4,9.782616e-04
2253,55.989019,7,8.504948e-04
2254,56.004634,4,9.527016e-04
2255,56.020287,7,9.009856e-04
2256,56.035979,4,9.478633e-04
2257,56.051709,7,9.750015e-04
2258,56.067478,4,9.864834e-04
2259,56.083284,8,9.951781e-04
2260,56.099128,4,9.236356e-04
2261,56.115009,8,9.962030e-04
2262,56.130927,4,9.842821e-04
2263,56.146882,9,9.982036e-04
2264,56.162873,5,6.959471e-04
2265,56.178899,7,9.494995e-04
2266,56.194960,8,9.756038e-04
2267,56.211056,5,7.969803e-04
2268,56.227185,10,9.692412e-04
2269,56.243348,5,6.852534e-04
2270,56.259543,7,9.173099e-04
2271,56.275769,9,8.928010e-04
2272,56.292026,5,8.203947e-04
2273,56.308313,11,9.850220e-04
2274,56.324629,5,7.574662e-04
2275,56.340974,7,8.867933e-04
2276,56.357345,9,9.212064e-04
2277,56.373742,5,9.540397e-04
2278,56.390165,12,9.852807e-04
2279,56.406611,5,9.346699e-04
2280,56.423081,7,8.159264e-04
2281,56.439572,8,9.553349e-04
2282,56.456083,11,8.110060e-04
2283,56.472615,5,9.692944e-04
2284,56.489164,7,9.728490e-04
2285,56.505730,11,9.826814e-04
2286,56.522311,6,7.828443e-04
2287,56.538907,12,9.383736e-04
2288,56.555516,6,6.512709e-04
2289,56.572136,8,9.974172e-04
2290,56.588766,10,9.511537e-04
2291,56.605404,5,9.972906e-04
2292,56.622050,13,9.661562e-04
2293,56.638701,6,6.685283e-04
2294,56.655356,8,9.308859e-04
2295,56.672014,10,9.176692e-04
2296,56.688673,6,9.460602e-04
2297,56.705330,13,9.854310e-04
2298,56.721986,6,7.600731e-04
2299,56.738637,8,9.084855e-04
2300,56.755282,10,9.585166e-04
2301,56.771921,12,8.993835e-04
2302,56.788550,6,9.716882e-04
2303,56.805168,9,9.633933e-04
2304,56.821773,11,8.319477e-04
2305,56.838364,6,9.210497e-04
2306,56.854940,13,9.934012e-04
2307,56.871497,6,8.816546e-04
2308,56.888034,11,9.834847e-04
2309,56.904551,11,9.925059e-04
2310,56.921044,7,8.903173e-04
2311,56.937512,11,9.435304e-04
2312,56.953953,12,8.549710e-04
2313,56.970366,6,9.983683e-04
2314,56.986749,10,9.132668e-04
2315,57.003100,11,9.462056e-04
2316,57.019418,7,8.706545e-04
2317,57.035701,11,9.730744e-04
2318,57.051946,12,8.462553e-04
2319,57.068154,7,8.375420e-04
2320,57.084322,9,9.742848e-04
2321,57.100449,11,9.168218e-04
2322,57.116533,6,9.693929e-04
2323,57.132573,12,9.947773e-04
2324,57.148568,6,9.236711e-04
2325,57.164517,12,9.556396e-04
2326,57.180418,6,8.903453e-04
2327,57.196271,11,9.745713e-04
2328,57.212075,6,9.670195e-04
2329,57.227829,13,9.268375e-04
2330,57.243533,6,8.850326e-04
2331,57.259185,8,7.756947e-04
2332,57.274786,9,9.805171e-04
2333,57.290335,11,9.407381e-04
2334,57.305832,6,7.995643e-04
2335,57.321277,8,8.771805e-04
2336,57.336671,10,9.316385e-04
2337,57.352012,6,8.397922e-04
2338,57.367303,12,9.783814e-04
2339,57.382543,6,6.567110e-04
2340,57.397733,7,9.401509e-04
2341,57.412874,10,9.359673e-04
2342,57.427967,6,8.788169e-04
2343,57.443013,13,8.633003e-04
2344,57.458012,6,6.922737e-04
2345,57.472967,7,8.769931e-04
2346,57.487878,9,8.915832e-04
2347,57.502748,11,8.566409e-04
2348,57.517577,6,8.102802e-04
2349,57.532368,9,9.453771e-04
2350,57.547123,11,8.236532e-04
2351,57.561842,6,8.437304e-04
2352,57.576529,11,9.765871e-04
2353,57.591185,11,8.800935e-04
2354,57.605813,7,9.409678e-04
2355,57.620414,11,8.595747e-04
2356,57.634991,7,9.833835e-04
2357,57.649545,13,9.238262e-04
2358,57.664080,6,8.758584e-04
2359,57.678597,9,9.520328e-04
2360,57.693098,11,8.901309e-04
2361,57.707586,6,9.934843e-04
2362,57.722064,14,9.286790e-04
2363,57.736532,6,8.790355e-04
2364,57.750994,9,9.110002e-04
2365,57.765452,10,9.481953e-04
2366,57.779908,8,9.532041e-04
2367,57.794363,13,9.463520e-04
2368,57.808820,6,8.672819e-04
2369,57.823282,9,9.454936e-04
2370,57.837749,10,9.766903e-04
2371,57.852224,7,9.435362e-04
2372,57.866709,12,9.807555e-04
2373,57.881205,6,7.724147e-04
2374,57.895714,10,9.763627e-04
2375,57.910239,10,9.643885e-04
2376,57.924780,6,9.373419e-04
2377,57.939339,10,8.997107e-04
2378,57.953917,6,9.029636e-04
2379,57.968516,11,9.758326e-04
2380,57.983137,5,9.169154e-04
2381,57.997782,7,9.380819e-04
2382,58.012451,9,8.548820e-04
2383,58.027146,5,9.343333e-04
2384,58.041867,11,9.607886e-04
2385,58.056616,5,7.479191e-04
2386,58.071394,7,7.988307e-04
2387,58.086200,8,7.526020e-04
2388,58.101037,5,8.618678e-04
2389,58.115904,9,9.075373e-04
2390,58.130803,5,6.590955e-04
2391,58.145733,6,9.787208e-04
2392,58.160696,7,9.695506e-04
2393,58.175691,5,8.013352e-04
2394,58.190720,7,9.455615e-04
2395,58.205782,5,8.942949e-04
2396,58.220877,7,9.377232e-04
2397,58.236007,4,9.531986e-04
2398,58.251170,6,9.948700e-04
2399,58.266368,6,9.624439e-04
2400,58.281600,5,8.481318e-04
2401,58.296866,6,8.558375e-04
2402,58.312167,5,9.124881e-04
2403,58.327501,6,8.799897e-04
2404,58.342870,5,8.986205e-04
2405,58.358273,6,8.891232e-04
2406,58.373709,5,9.224893e-04
2407,58.389179,6,9.349484e-04
2408,58.404683,5,9.583508e-04
2409,58.420219,7,9.286209e-04
2410,58.435789,4,9.609034e-04
2411,58.451391,6,9.746358e-04
2412,58.467025,7,9.718163e-04
2413,58.482692,4,9.673677e-04
2414,58.498389,6,9.508958e-04
2415,58.514118,8,9.154552e-04
2416,58.529878,4,9.318887e-04
2417,58.545668,5,9.417929e-04
2418,58.561488,7,9.602163e-04
2419,58.577338,5,8.474343e-04
2420,58.593216,10,9.039066e-04
2421,58.609123,5,6.344214e-04
2422,58.625058,5,8.129879e-04
2423,58.641020,6,8.290087e-04
2424,58.657010,7,9.436982e-04
2425,58.673025,5,8.797500e-04
2426,58.689067,10,9.736656e-04
2427,58.705134,5,6.381575e-04
2428,58.721226,5,8.650974e-04
2429,58.737342,6,9.136328e-04
2430,58.753481,8,9.252314e-04
2431,58.769644,5,7.902699e-04
2432,58.785829,11,8.593402e-04
2433,58.802036,5,6.877856e-04
2434,58.818265,6,7.683520e-04
2435,58.834513,6,8.609293e-04
2436,58.850782,7,9.799570e-04
2437,58.867070,9,9.779513e-04
2438,58.883377,4,9.971448e-04
2439,58.899702,6,8.528485e-04
2440,58.916045,8,9.808079e-04
2441,58.932404,5,9.180040e-04
2442,58.948779,11,9.692697e-04
2443,58.965170,5,8.533238e-04
2444,58.981576,6,8.288068e-04
2445,58.997996,6,9.701203e-04
2446,59.014429,9,9.299853e-04
2447,59.030875,5,8.495931e-04
2448,59.047333,12,8.491946e-04
2449,59.063803,5,8.983185e-04
2450,59.080284,6,9.960181e-04
2451,59.096775,7,7.822379e-04
2452,59.113275,9,9.214412e-04
2453,59.129784,5,7.963984e-04
2454,59.146301,12,9.425041e-04
2455,59.162826,5,8.642180e-04
2456,59.179357,6,9.343897e-04
2457,59.195895,7,9.338387e-04
2458,59.212438,10,8.588098e-04
2459,59.228985,5,7.906608e-04
2460,59.245537,7,9.884713e-04
2461,59.262092,13,8.242385e-04
2462,59.278650,6,7.360553e-04
2463,59.295209,6,8.933801e-04
2464,59.311771,7,8.854260e-04
2465,59.328332,9,9.178531e-04
2466,59.344894,5,8.376859e-04
2467,59.361455,12,9.963881e-04
2468,59.378015,5,9.460332e-04
2469,59.394573,7,9.342787e-04
2470,59.411128,8,7.853702e-04
2471,59.427680,11,8.363095e-04
2472,59.444227,5,8.088906e-04
2473,59.460771,7,8.329812e-04
2474,59.477308,9,9.570600e-04
2475,59.493840,5,9.008096e-04
2476,59.510365,12,9.753032e-04
2477,59.526883,5,9.490408e-04
2478,59.543392,7,8.593424e-04
2479,59.559893,7,9.721278e-04
2480,59.576385,11,8.719148e-04
2481,59.592867,5,8.085467e-04
2482,59.609338,7,8.460365e-04
2483,59.625799,12,9.908334e-04
2484,59.642247,5,9.552905e-04
2485,59.658683,6,8.976596e-04
2486,59.675105,8,9.815742e-04
2487,59.691514,10,9.548674e-04
2488,59.707909,5,9.808347e-04
2489,59.724289,7,8.197520e-04
2490,59.740653,9,9.538434e-04
2491,59.757000,5,8.985983e-04
2492,59.773331,13,8.752857e-04
2493,59.789645,6,7.613435e-04
2494,59.805941,6,9.986988e-04
2495,59.822218,7,9.084643e-04
2496,59.838475,10,8.957077e-04
2497,59.854714,5,8.469388e-04
2498,59.870931,13,9.281960e-04
2499,59.887128,5,9.857762e-04
2500,59.903303,7,9.738182e-04
2501,59.919457,8,8.272671e-04
2502,59.935588,11,8.394244e-04
2503,59.951696,5,8.360610e-04
2504,59.967780,7,9.340712e-04
2505,59.983840,10,9.779812e-04
2506,59.999876,5,9.281327e-04
2507,60.015887,13,9.437191e-04
2508,60.031872,6,7.223750e-04
2509,60.047831,7,8.762920e-04
2510,60.063764,8,8.249234e-04
2511,60.079670,10,9.496078e-04
2512,60.095549,5,8.117575e-04
2513,60.111401,9,9.747894e-04
2514,60.127224,10,9.550777e-04
2515,60.143020,5,8.983061e-04
2516,60.158786,7,9.020605e-04
2517,60.174524,9,8.891952e-04
2518,60.190233,5,9.419349e-04
2519,60.205913,13,9.102440e-04
2520,60.221563,6,7.319002e-04
2521,60.237184,6,9.907368e-04
2522,60.252774,7,9.332218e-04
2523,60.268335,9,9.172741e-04
2524,60.283866,5,9.070390e-04
2525,60.299366,13,8.666514e-04
2526,60.314837,5,9.800178e-04
2527,60.330278,7,8.588171e-04
2528,60.345688,7,8.509472e-04
2529,60.361069,7,9.983292e-04
2530,60.376420,11,8.822929e-04
2531,60.391741,5,8.440785e-04
2532,60.407033,6,8.567948e-04
2533,60.422296,8,8.364750e-04
2534,60.437530,10,9.173712e-04
2535,60.452735,5,8.403093e-04
2536,60.467912,6,9.507087e-04
2537,60.483062,8,9.214819e-04
2538,60.498184,5,9.968916e-04
2539,60.513279,12,8.891937e-04
2540,60.528348,5,9.942930e-04
2541,60.543391,6,9.193056e-04
2542,60.558408,7,8.142980e-04
2543,60.573401,9,9.504079e-04
2544,60.588370,5,8.083818e-04
2545,60.603316,12,9.230747e-04
2546,60.618239,5,8.287050e-04
2547,60.633141,6,9.415279e-04
2548,60.648021,7,9.536667e-04
2549,60.662881,9,9.946791e-04
2550,60.677722,5,7.715634e-04
2551,60.692544,12,9.529420e-04
2552,60.707349,5,8.506262e-04
2553,60.722136,7,9.183967e-04
2554,60.736908,8,8.726417e-04
2555,60.751665,5,9.922935e-04
2556,60.766409,12,9.300215e-04
2557,60.781139,5,8.700809e-04
2558,60.795857,6,9.496922e-04
2559,60.810564,8,8.299600e-04
2560,60.825261,10,8.752685e-04
2561,60.839949,5,8.887824e-04
2562,60.854629,7,9.124187e-04
2563,60.869302,9,9.089299e-04
2564,60.883969,5,8.444482e-04
2565,60.898631,12,8.841904e-04
2566,60.913289,5,8.337086e-04
2567,60.927943,7,8.519874e-04
2568,60.942596,8,8.537776e-04
2569,60.957247,10,9.155482e-04
2570,60.971898,5,8.176886e-04
2571,60.986550,7,9.676966e-04
2572,61.001203,9,8.854696e-04
2573,61.015859,5,8.437431e-04
2574,61.030519,12,8.995059e-04
2575,61.045182,5,8.293124e-04
2576,61.059851,7,8.481928e-04
2577,61.074525,7,9.831993e-04
2578,61.089207,8,9.995871e-04
2579,61.103896,5,9.228080e-04
2580,61.118593,12,9.220466e-04
2581,61.133299,5,9.121160e-04
2582,61.148015,5,9.959600e-04
2583,61.162741,7,8.943208e-04
2584,61.177479,8,9.907103e-04
2585,61.192228,5,8.821267e-04
2586,61.206989,11,9.770282e-04
2587,61.221764,5,6.997680e-04
2588,61.236552,6,8.600651e-04
2589,61.251353,7,8.209990e-04
2590,61.266169,4,9.892518e-04
2591,61.281001,10,9.133164e-04
2592,61.295847,4,9.991184e-04
2593,61.310709,5,9.472268e-04
2594,61.325588,7,8.419643e-04
2595,61.340483,5,9.524097e-04
2596,61.355395,10,9.389529e-04
2597,61.370324,5,7.249428e-04
2598,61.385271,5,8.740986e-04
2599,61.400235,6,7.921465e-04
2600,61.415218,6,9.542454e-04
2601,61.430218,6,9.606413e-04
2602,61.445238,6,9.715256e-04
2603,61.460275,6,9.182967e-04
2604,61.475332,5,9.758640e-04
2605,61.490407,6,9.945923e-04
2606,61.505502,5,9.695906e-04
2607,61.520616,6,9.870823e-04
2608,61.535748,5,9.640071e-04
2609,61.550901,6,9.600939e-04
2610,61.566072,5,9.444085e-04
2611,61.581263,6,9.417942e-04
2612,61.596473,5,9.331156e-04
2613,61.611703,6,9.339280e-04
2614,61.626952,5,9.311500e-04
2615,61.642220,6,9.342390e-04
2616,61.657507,5,9.321709e-04
2617,61.672814,6,9.403341e-04
2618,61.688140,5,9.371793e-04
2619,61.703484,6,9.499769e-04
2620,61.718848,5,9.486946e-04
2621,61.734231,6,9.682772e-04
2622,61.749632,5,9.690790e-04
2623,61.765052,6,9.951754e-04
2624,61.780490,5,9.962701e-04
2625,61.795946,7,9.476624e-04
2626,61.811421,4,8.906470e-04
2627,61.826914,6,9.931162e-04
2628,61.842424,7,8.865862e-04
2629,61.857952,4,9.218261e-04
2630,61.873497,6,9.559639e-04
2631,61.889060,7,8.978060e-04
2632,61.904640,4,9.645491e-04
2633,61.920236,7,9.519057e-04
2634,61.935849,5,9.610895e-04
2635,61.951479,9,9.437643e-04
2636,61.967124,5,6.290680e-04
2637,61.982786,5,9.791122e-04
2638,61.998463,7,8.405980e-04
2639,62.014156,5,8.968821e-04
2640,62.029864,9,9.627689e-04
2641,62.045587,5,6.420156e-04
2642,62.061324,6,7.586425e-04
2643,62.077077,7,8.703513e-04
2644,62.092843,5,9.050641e-04
2645,62.108624,9,9.843150e-04
2646,62.124418,5,6.264703e-04
2647,62.140226,6,7.686463e-04
2648,62.156048,7,8.726938e-04
2649,62.171882,5,8.820185e-04
2650,62.187729,10,9.339238e-04
2651,62.203588,5,6.801768e-04
2652,62.219460,5,9.375821e-04
2653,62.235344,6,9.722486e-04
2654,62.251240,7,9.806614e-04
2655,62.267147,4,9.820421e-04
2656,62.283065,11,9.028423e-04
2657,62.298994,5,7.210504e-04
2658,62.314934,5,9.283877e-04
2659,62.330885,6,8.978670e-04
2660,62.346845,7,8.240554e-04
2661,62.362816,5,9.149169e-04
2662,62.378796,10,9.867728e-04
2663,62.394785,5,6.785440e-04
2664,62.410784,5,9.975603e-04
2665,62.426792,7,7.945223e-04
2666,62.442808,5,9.733685e-04
2667,62.458833,10,9.793494e-04
2668,62.474865,5,7.760973e-04
2669,62.490906,5,9.971474e-04
2670,62.506954,7,8.459132e-04
2671,62.523010,9,8.421399e-04
2672,62.539073,5,7.036784e-04
2673,62.555142,6,7.849123e-04
2674,62.571218,7,9.576258e-04
2675,62.587301,5,9.429971e-04
2676,62.603389,11,9.452675e-04
2677,62.619483,5,8.402177e-04
2678,62.635583,5,9.634311e-04
2679,62.651689,6,9.182028e-04
2680,62.667799,7,9.439645e-04
2681,62.683914,5,9.892742e-04
2682,62.700034,11,9.755840e-04
2683,62.716158,5,8.797841e-04
2684,62.732286,6,7.914403e-04
2685,62.748418,6,9.174631e-04
2686,62.764554,7,9.483879e-04
2687,62.780693,9,9.742097e-04
2688,62.796835,5,7.342959e-04
2689,62.812980,6,9.511051e-04
2690,62.829128,12,9.536091e-04
2691,62.845278,5,9.883563e-04
2692,62.861431,6,7.376591e-04
2693,62.877585,7,8.072538e-04
2694,62.893741,6,9.908285e-04
2695,62.909899,10,9.065263e-04
2696,62.926057,5,8.368341e-04
2697,62.942217,6,9.099089e-04
2698,62.958377,13,9.204690e-04
2699,62.974538,6,6.927303e-04
2700,62.990700,6,7.870693e-04
2701,63.006861,7,8.090159e-04
2702,63.023022,5,9.979055e-04
2703,63.039183,10,8.907969e-04
2704,63.055343,5,8.444072e-04
2705,63.071502,6,9.815245e-04
2706,63.087660,13,8.807893e-04
2707,63.103817,6,7.955758e-04
2708,63.119972,6,9.994090e-04
2709,63.136125,7,8.533358e-04
2710,63.152277,5,8.778370e-04
2711,63.168426,10,9.629073e-04
2712,63.184572,5,8.498661e-04
2713,63.200716,12,8.325294e-04
2714,63.216857,6,8.419479e-04
2715,63.232995,7,9.475365e-04
2716,63.249129,5,7.784349e-04
2717,63.265260,7,9.900060e-04
2718,63.281386,10,9.395902e-04
2719,63.297509,5,7.918687e-04
2720,63.313628,6,7.788634e-04
2721,63.329741,7,9.553655e-04
2722,63.345850,10,9.635943e-04
2723,63.361954,5,8.291397e-04
2724,63.378053,6,8.265701e-04
2725,63.394146,8,9.516934e-04
2726,63.410234,5,9.175536e-04
2727,63.426316,14,9.959623e-04
2728,63.442391,7,8.282247e-04
2729,63.458460,5,7.527865e-04
2730,63.474523,6,9.400917e-04
2731,63.490578,7,8.798623e-04
2732,63.506627,9,9.583810e-04
2733,63.522668,5,6.894211e-04
2734,63.538702,6,9.369528e-04
2735,63.554728,12,9.859082e-04
2736,63.570746,5,9.749355e-04
2737,63.586755,5,9.653729e-04
2738,63.602757,7,8.684653e-04
2739,63.618749,8,9.725145e-04
2740,63.634733,5,9.062897e-04
2741,63.650708,13,9.092556e-04
2742,63.666673,6,8.130085e-04
2743,63.682629,7,8.856256e-04
2744,63.698575,5,9.032712e-04
2745,63.714510,8,8.916208e-04
2746,63.730436,5,9.903490e-04
2747,63.746351,12,9.442834e-04
2748,63.762256,6,8.433885e-04
2749,63.778149,7,8.461223e-04
2750,63.794032,5,9.921586e-04
2751,63.809903,8,9.807031e-04
2752,63.825762,10,9.052871e-04
2753,63.841610,5,9.659711e-04
2754,63.857446,7,8.333184e-04
2755,63.873270,8,9.654917e-04
2756,63.889081,11,8.148372e-04
2757,63.904880,5,9.615624e-04
2758,63.920666,7,7.371332e-04
2759,63.936439,7,9.325963e-04
2760,63.952199,10,8.972969e-04
2761,63.967945,5,7.923763e-04
2762,63.983678,6,9.941509e-04
2763,63.999397,13,9.201213e-04
2764,64.015103,6,7.317153e-04
2765,64.030794,5,9.736383e-04
2766,64.046471,7,8.813316e-04
2767,64.062134,8,9.230041e-04
2768,64.077782,5,9.546599e-04
2769,64.093415,13,8.697624e-04
2770,64.109034,6,8.486990e-04
2771,64.124637,7,8.919698e-04
2772,64.140226,5,9.075794e-04
2773,64.155799,8,9.021599e-04
2774,64.171356,10,8.270855e-04
2775,64.186898,5,8.278177e-04
2776,64.202425,6,9.322788e-04
2777,64.217935,7,9.747938e-04
2778,64.233430,10,9.663190e-04
2779,64.248909,5,8.049853e-04
2780,64.264372,6,8.881594e-04
2781,64.279820,8,9.804241e-04
2782,64.295250,5,9.863719e-04
2783,64.310665,14,9.875205e-04
2784,64.326064,7,8.869722e-04
2785,64.341446,5,8.447261e-04
2786,64.356813,7,7.941814e-04
2787,64.372163,7,9.339434e-04
2788,64.387497,10,8.679286e-04
2789,64.402815,5,7.064422e-04
2790,64.418116,6,8.952262e-04
2791,64.433402,8,9.948858e-04
2792,64.448671,5,9.469344e-04
2793,64.463925,12,9.871265e-04
2794,64.479163,6,8.358148e-04
2795,64.494385,6,9.086003e-04
2796,64.509592,6,9.446118e-04
2797,64.524783,8,9.488844e-04
2798,64.539958,5,9.922106e-04
2799,64.555119,12,9.658254e-04
2800,64.570264,6,8.430172e-04
2801,64.585394,7,8.402505e-04
2802,64.600510,5,9.534065e-04
2803,64.615612,8,9.652426e-04
2804,64.630699,10,8.251770e-04
2805,64.645772,5,8.839712e-04
2806,64.660832,6,9.468533e-04
2807,64.675878,7,9.477501e-04
2808,64.690910,10,8.730817e-04
2809,64.705930,5,8.100870e-04
2810,64.720937,6,9.356308e-04
2811,64.735932,9,9.717300e-04
2812,64.750915,5,8.770898e-04
2813,64.765887,12,9.089310e-04
2814,64.780847,5,9.731944e-04
2815,64.795796,6,9.223200e-04
2816,64.810734,7,8.685585e-04
2817,64.825662,9,9.006648e-04
2818,64.840581,5,8.177610e-04
2819,64.855490,12,9.531204e-04
2820,64.870390,5,8.603073e-04
2821,64.885281,6,8.948928e-04
2822,64.900164,7,9.054722e-04
2823,64.915040,9,8.751878e-04
2824,64.929908,5,8.049626e-04
2825,64.944769,12,9.670767e-04
2826,64.959623,5,8.730588e-04
2827,64.974472,6,9.556220e-04
2828,64.989315,7,9.304030e-04
2829,65.004153,5,9.900948e-04
2830,65.018987,12,9.304934e-04
2831,65.033816,6,8.092056e-04
2832,65.048641,5,9.908398e-04
2833,65.063463,7,9.368685e-04
2834,65.078282,9,9.428734e-04
2835,65.093099,5,8.480918e-04
2836,65.107914,12,9.431181e-04
2837,65.122728,5,9.273042e-04
2838,65.137540,7,8.727600e-04
2839,65.152352,5,9.881943e-04
2840,65.167164,9,8.677078e-04
2841,65.181976,5,8.161440e-04
2842,65.196789,11,9.805746e-04
2843,65.211603,5,8.217213e-04
2844,65.226418,7,8.609812e-04
2845,65.241236,7,9.371538e-04
2846,65.256056,7,9.906477e-04
2847,65.270879,11,9.420193e-04
2848,65.285705,5,8.704849e-04
2849,65.300534,6,8.151647e-04
2850,65.315368,7,8.725193e-04
2851,65.330206,9,8.706619e-04
2852,65.345049,5,7.123934e-04
2853,65.359897,6,9.751407e-04
2854,65.374750,11,9.759968e-04
2855,65.389609,5,8.923452e-04
2856,65.404474,6,7.535014e-04
2857,65.419346,7,8.906518e-04
2858,65.434224,9,8.996634e-04
2859,65.449109,5,7.306000e-04
2860,65.464002,6,9.637988e-04
2861,65.478902,12,9.554021e-04
2862,65.493810,6,7.161049e-04
2863,65.508725,5,9.145129e-04
2864,65.523650,7,8.212782e-04
2865,65.538582,5,9.187534e-04
2866,65.553524,9,9.559683e-04
2867,65.568474,5,7.567535e-04
2868,65.583434,6,9.992566e-04
2869,65.598403,13,9.795319e-04
2870,65.613381,6,9.305678e-04
2871,65.628369,7,9.328909e-04
2872,65.643367,5,8.613653e-04
2873,65.658375,7,9.481338e-04
2874,65.673393,5,9.864603e-04
2875,65.688421,9,9.681448e-04
2876,65.703459,5,6.668765e-04
2877,65.718508,6,8.368079e-04
2878,65.733567,8,9.594045e-04
2879,65.748637,5,8.638383e-04
2880,65.763717,16,9.077962e-04
2881,65.778808,7,8.960184e-04
2882,65.793910,5,9.235870e-04
2883,65.809023,14,9.478531e-04
2884,65.824146,6,9.458333e-04
2885,65.839280,10,9.380368e-04
2886,65.854425,5,7.955915e-04
2887,65.869581,9,9.398934e-04
2888,65.884748,5,7.715783e-04
2889,65.899925,14,9.619320e-04
2890,65.915114,6,9.460686e-04
2891,65.930313,6,9.607018e-04
2892,65.945523,7,9.806778e-04
2893,65.960744,5,9.294525e-04
2894,65.975975,10,8.970641e-04
2895,65.991217,5,6.672518e-04
2896,66.006470,5,9.318944e-04
2897,66.021733,6,9.594020e-04
2898,66.037006,8,9.391205e-04
2899,66.052290,5,7.909752e-04
2900,66.067584,14,9.313970e-04
2901,66.082888,7,8.838681e-04
2902,66.098203,5,9.083604e-04
2903,66.113527,9,9.700858e-04
2904,66.128862,5,7.885619e-04
2905,66.144206,10,9.150948e-04
2906,66.159560,5,6.611926e-04
2907,66.174923,6,8.697294e-04
2908,66.190296,7,7.938537e-04
2909,66.205678,5,9.129940e-04
2910,66.221069,11,9.224711e-04
2911,66.236470,5,8.727922e-04
2912,66.251879,6,7.567747e-04
2913,66.267298,6,9.283229e-04
2914,66.282725,7,9.521891e-04
2915,66.298160,5,9.657904e-04
2916,66.313605,10,9.054936e-04
2917,66.329057,5,7.190754e-04
2918,66.344517,6,7.825647e-04
2919,66.359986,7,8.784914e-04
2920,66.375462,9,9.449955e-04
2921,66.390946,5,7.163214e-04
2922,66.406438,6,9.019597e-04
2923,66.421937,8,9.200889e-04
2924,66.437443,5,8.102976e-04
2925,66.452956,11,9.442647e-04
2926,66.468476,5,8.108445e-04
2927,66.484003,6,7.797288e-04
2928,66.499537,7,7.890138e-04
2929,66.515077,7,9.767455e-04
2930,66.530624,8,9.652978e-04
2931,66.546176,5,8.630940e-04
2932,66.561735,12,9.364673e-04
2933,66.577299,5,9.323240e-04
2934,66.592869,6,7.962353e-04
2935,66.608445,7,8.664234e-04
2936,66.624026,8,9.443461e-04
2937,66.639612,5,9.768797e-04
2938,66.655203,13,9.558488e-04
2939,66.670799,6,8.580888e-04
2940,66.686400,6,9.127690e-04
2941,66.702005,7,8.724338e-04
2942,66.717615,8,8.854244e-04
2943,66.733229,10,9.529769e-04
2944,66.748847,5,8.179711e-04
2945,66.764469,7,9.191899e-04
2946,66.780095,9,9.961751e-04
2947,66.795724,5,9.081818e-04
2948,66.811357,14,9.414458e-04
2949,66.826993,6,9.540561e-04
2950,66.842632,6,9.585637e-04
2951,66.858274,7,8.423146e-04
2952,66.873919,7,9.477359e-04
2953,66.889567,9,8.809739e-04
2954,66.905217,5,8.336525e-04
2955,66.920869,12,9.715259e-04
2956,66.936524,5,9.468197e-04
2957,66.952180,6,9.806434e-04
2958,66.967839,8,8.979921e-04
2959,66.983499,5,9.614883e-04
2960,66.999161,16,9.517505e-04
2961,67.014824,7,9.834069e-04
2962,67.030488,5,9.639077e-04
2963,67.046154,7,9.345259e-04
2964,67.061820,8,7.978004e-04
2965,67.077488,5,9.593080e-04
2966,67.093156,11,8.347871e-04
2967,67.108824,5,7.800520e-04
2968,67.124493,6,9.220283e-04
2969,67.140162,8,9.863673e-04
2970,67.155831,12,9.401325e-04
2971,67.171500,6,9.306166e-04
2972,67.187169,6,9.327013e-04
2973,67.202837,7,8.742388e-04
2974,67.218505,8,9.384687e-04
2975,67.234173,5,9.476445e-04
2976,67.249839,10,9.747758e-04
2977,67.265505,5,7.683663e-04
2978,67.281169,6,9.660064e-04
2979,67.296832,9,9.950604e-04
2980,67.312494,5,9.181488e-04
2981,67.328155,14,9.684339e-04
2982,67.343813,7,7.996501e-04
2983,67.359470,6,8.291330e-04
2984,67.375125,7,9.095889e-04
2985,67.390778,8,9.247270e-04
2986,67.406429,5,9.901759e-04
2987,67.422078,11,9.339755e-04
2988,67.437723,5,8.620631e-04
2989,67.453367,6,8.828330e-04
2990,67.469007,7,9.694315e-04
2991,67.484645,11,9.756477e-04
2992,67.500280,6,7.622001e-04
2993,67.515912,6,9.311752e-04
2994,67.531540,9,9.735847e-04
2995,67.547165,5,9.257009e-04
2996,67.562786,12,9.593680e-04
2997,67.578404,6,7.862712e-04
2998,67.594018,6,9.062514e-04
2999,67.609628,7,8.702721e-04
3000,67.625235,9,9.631595e-04
3001,67.640836,5,8.749837e-04
3002,67.656434,13,8.846021e-04
3003,67.672027,6,7.851336e-04
3004,67.687616,6,9.692368e-04
3005,67.703200,7,8.087326e-04
3006,67.718780,6,9.574206e-04
3007,67.734354,11,9.326692e-04
3008,67.749924,5,9.968521e-04
3009,67.765488,6,9.818696e-04
3010,67.781047,14,9.160760e-04
3011,67.796601,6,8.528720e-04
3012,67.812149,6,9.911551e-04
3013,67.827692,7,9.725347e-04
3014,67.843229,6,9.469544e-04
3015,67.858761,10,9.035722e-04
3016,67.874286,5,8.479448e-04
3017,67.889805,13,8.900440e-04
3018,67.905319,6,7.916091e-04
3019,67.920826,8,8.095714e-04
3020,67.936326,5,8.062800e-04
3021,67.951821,8,8.630687e-04
3022,67.967308,5,9.699646e-04
3023,67.982790,13,9.389868e-04
3024,67.998264,6,9.461546e-04
3025,68.013732,6,9.711702e-04
3026,68.029193,7,8.506456e-04
3027,68.044647,6,9.924508e-04
3028,68.060094,10,9.084972e-04
3029,68.075534,5,9.001608e-04
3030,68.090966,13,9.361176e-04
3031,68.106391,6,8.768084e-04
3032,68.121810,8,8.235523e-04
3033,68.137220,5,7.307144e-04
3034,68.152623,7,8.532237e-04
3035,68.168019,8,8.453087e-04
3036,68.183407,5,8.484453e-04
3037,68.198787,11,9.266632e-04
3038,68.214160,5,7.718986e-04
3039,68.229525,6,8.491990e-04
3040,68.244882,7,9.094705e-04
3041,68.260231,6,9.980947e-04
3042,68.275572,11,9.511438e-04
3043,68.290906,5,9.581285e-04
3044,68.306231,6,8.653700e-04
3045,68.321548,7,9.173861e-04
3046,68.336858,8,9.981256e-04
3047,68.352159,5,9.080816e-04
3048,68.367452,8,9.768924e-04
3049,68.382737,5,9.346454e-04
3050,68.398014,9,9.492813e-04
3051,68.413282,5,7.822907e-04
3052,68.428543,7,8.676379e-04
3053,68.443795,8,8.806410e-04
3054,68.459039,5,9.438262e-04
3055,68.474275,8,9.692670e-04
3056,68.489503,5,9.715899e-04
3057,68.504723,9,9.769206e-04
3058,68.519935,5,8.162962e-04
3059,68.535138,7,9.234835e-04
3060,68.550333,8,9.490667e-04
3061,68.565520,5,9.441867e-04
3062,68.580700,9,9.884706e-04
3063,68.595871,5,8.362572e-04
3064,68.611034,8,9.901150e-04
3065,68.626189,5,9.949816e-04
3066,68.641336,12,9.734310e-04
3067,68.656476,6,7.333341e-04
3068,68.671607,6,7.906143e-04
3069,68.686731,7,8.418305e-04
3070,68.701847,8,9.304991e-04
3071,68.716956,5,9.666373e-04
3072,68.732056,12,9.019581e-04
3073,68.747150,5,9.695535e-04
3074,68.762236,6,8.765825e-04
3075,68.777314,7,8.064904e-04
3076,68.792386,8,9.782137e-04
3077,68.807450,10,9.943041e-04
3078,68.822506,5,7.711509e-04
3079,68.837556,7,7.990195e-04
3080,68.852599,8,9.249787e-04
3081,68.867635,5,9.724721e-04
3082,68.882665,13,9.091244e-04
3083,68.897687,6,9.365634e-04
3084,68.912704,6,9.515700e-04
3085,68.927713,6,9.859166e-04
3086,68.942717,8,8.757411e-04
3087,68.957714,10,9.082433e-04
3088,68.972705,5,8.550116e-04
3089,68.987691,7,8.239583e-04
3090,69.002670,8,9.821462e-04
3091,69.017644,5,9.755691e-04
3092,69.032612,13,9.725742e-04
3093,69.047575,7,8.693999e-04
3094,69.062532,5,9.567954e-04
3095,69.077485,7,9.158026e-04
3096,69.092432,8,8.534015e-04
3097,69.107374,5,9.526524e-04
3098,69.122312,12,9.823684e-04
3099,69.137245,6,7.713732e-04
3100,69.152174,6,9.812274e-04
3101,69.167099,7,8.585385e-04
3102,69.182019,8,9.148185e-04
3103,69.196936,5,9.765549e-04
3104,69.211848,13,9.486558e-04
3105,69.226757,6,9.401971e-04
3106,69.241663,6,9.624249e-04
3107,69.256565,7,8.100353e-04
3108,69.271464,7,9.476440e-04
3109,69.286360,9,9.675916e-04
3110,69.301254,5,8.038373e-04
3111,69.316145,13,9.601642e-04
3112,69.331033,5,9.902052e-04
3113,69.345919,6,9.573733e-04
3114,69.360802,7,8.946204e-04
3115,69.375684,6,9.367109e-04
3116,69.390564,9,9.849974e-04
3117,69.405442,5,8.660364e-04
3118,69.420319,14,8.997779e-04
3119,69.435195,6,9.797215e-04
3120,69.450069,8,8.781302e-04
3121,69.464942,5,9.063895e-04
3122,69.479814,8,9.054800e-04
3123,69.494686,5,9.927203e-04
3124,69.509557,11,8.819606e-04
3125,69.524428,5,9.548050e-04
3126,69.539299,7,7.862087e-04
3127,69.554169,8,9.125914e-04
3128,69.569040,11,9.468681e-04
3129,69.583911,6,7.147606e-04
3130,69.598782,7,7.643034e-04
3131,69.613654,8,8.577754e-04
3132,69.628527,6,9.978372e-04
3133,69.643400,9,9.446366e-04
3134,69.658275,5,9.437629e-04
3135,69.673150,8,9.585993e-04
3136,69.688027,8,9.983779e-04
3137,69.702905,6,9.422770e-04
3138,69.717785,8,9.842664e-04
3139,69.732666,8,9.889143e-04
3140,69.747550,6,9.862553e-04
3141,69.762435,8,9.787667e-04
3142,69.777322,8,9.701691e-04
3143,69.792212,6,9.817290e-04
3144,69.807104,8,9.641464e-04
3145,69.821998,7,9.878564e-04
3146,69.836895,8,9.183551e-04
3147,69.851794,6,9.827769e-04
3148,69.866696,9,9.015319e-04
3149,69.881601,5,9.553516e-04
3150,69.896509,8,9.526756e-04
3151,69.911421,8,9.274174e-04
3152,69.926335,6,8.859774e-04
3153,69.941252,8,8.963366e-04
3154,69.956173,6,9.666464e-04
3155,69.971097,9,8.932553e-04
3156,69.986025,5,9.044368e-04
3157,70.000957,8,8.911923e-04
3158,70.015892,8,8.965062e-04
3159,70.030831,6,8.752480e-04
3160,70.045773,8,9.048339e-04
3161,70.060720,6,9.529993e-04
3162,70.075670,9,9.036948e-04
3163,70.090625,5,8.769973e-04
3164,70.105584,7,9.945372e-04
3165,70.120546,8,9.396264e-04
3166,70.135513,5,9.512337e-04
3167,70.150484,8,9.785371e-04
3168,70.165460,6,9.741684e-04
3169,70.180440,9,9.377342e-04
3170,70.195424,5,8.291179e-04
3171,70.210412,7,9.290263e-04
3172,70.225405,8,9.313275e-04
3173,70.240403,5,9.169488e-04
3174,70.255405,9,9.702403e-04
3175,70.270411,5,8.231359e-04
3176,70.285422,9,9.749864e-04
3177,70.300438,5,8.444267e-04
3178,70.315458,11,9.371062e-04
3179,70.330483,5,8.642150e-04
3180,70.345512,6,9.581154e-04
3181,70.360546,8,9.818637e-04
3182,70.375585,10,9.053834e-04
3183,70.390628,5,9.678260e-04
3184,70.405676,7,8.345846e-04
3185,70.420728,9,9.139531e-04
3186,70.435785,6,9.191151e-04
3187,70.450847,13,9.188225e-04
3188,70.465913,6,8.529242e-04
3189,70.480984,7,7.945703e-04
3190,70.496059,8,8.974487e-04
3191,70.511139,10,9.366305e-04
3192,70.526224,6,7.871289e-04
3193,70.541313,14,8.792198e-04
3194,70.556406,6,7.945825e-04
3195,70.571504,7,8.996416e-04
3196,70.586606,8,9.711598e-04
3197,70.601713,10,9.290558e-04
3198,70.616824,6,8.006819e-04
3199,70.631940,14,9.766807e-04
3200,70.647059,6,8.152175e-04
3201,70.662183,7,8.894697e-04
3202,70.677311,8,9.660605e-04
3203,70.692444,9,9.936019e-04
3204,70.707580,6,9.170508e-04
3205,70.722721,14,9.692754e-04
3206,70.737866,6,9.107345e-04
3207,70.753014,6,9.910977e-04
3208,70.768167,8,8.716652e-04
3209,70.783323,6,9.913114e-04
3210,70.798484,11,9.304899e-04
3211,70.813648,6,7.742178e-04
3212,70.828816,7,9.201568e-04
3213,70.843988,14,9.821969e-04
3214,70.859163,6,8.680318e-04
3215,70.874342,6,8.901033e-04
3216,70.889525,8,8.651949e-04
3217,70.904711,5,8.681064e-04
3218,70.919900,9,9.138338e-04
3219,70.935093,5,6.979337e-04
3220,70.950289,7,9.217825e-04
3221,70.965488,9,8.917905e-04
3222,70.980690,5,7.531121e-04
3223,70.995896,6,9.578988e-04
3224,71.011104,9,9.625218e-04
3225,71.026316,5,7.856606e-04
3226,71.041530,6,9.887303e-04
3227,71.056747,9,9.720444e-04
3228,71.071967,5,7.564689e-04
3229,71.087190,6,9.411175e-04
3230,71.102415,8,9.645463e-04
3231,71.117643,5,8.174358e-04
3232,71.132873,10,9.505313e-04
3233,71.148106,5,6.853367e-04
3234,71.163341,6,8.468525e-04
3235,71.178578,7,9.439760e-04
3236,71.193817,8,9.738227e-04
3237,71.209058,5,8.236251e-04
3238,71.224301,8,9.218708e-04
3239,71.239547,5,9.130795e-04
3240,71.254794,10,9.219351e-04
3241,71.270043,5,7.751840e-04
3242,71.285293,6,8.170848e-04
3243,71.300545,7,9.726256e-04
3244,71.315799,9,8.988628e-04
3245,71.331054,5,8.022489e-04
3246,71.346310,6,9.911624e-04
3247,71.361568,8,9.827172e-04
3248,71.376827,5,9.021766e-04
3249,71.392087,11,9.328887e-04
3250,71.407348,5,8.999590e-04
3251,71.422610,6,8.900727e-04
3252,71.437873,7,8.888761e-04
3253,71.453137,8,8.876931e-04
3254,71.468401,5,9.919438e-04
3255,71.483666,9,9.535000e-04
3256,71.498932,5,8.426049e-04
3257,71.514198,8,9.467124e-04
3258,71.529465,6,9.507939e-04
3259,71.544731,9,9.203769e-04
3260,71.559998,5,8.714650e-04
3261,71.575266,7,9.470771e-04
3262,71.590533,8,8.987513e-04
3263,71.605800,5,9.590409e-04
3264,71.621067,8,9.436251e-04
3265,71.636334,6,9.218598e-04
3266,71.651601,8,9.928030e-04
3267,71.666868,5,9.546835e-04
3268,71.682134,9,9.657510e-04
3269,71.697399,5,8.286434e-04
3270,71.712664,7,9.787184e-04
3271,71.727928,8,9.776713e-04
3272,71.743192,5,9.270949e-04
3273,71.758455,9,9.900114e-04
3274,71.773717,5,8.443142e-04
3275,71.788978,8,9.911088e-04
3276,71.804238,5,9.887789e-04
3277,71.819497,10,9.797790e-04
3278,71.834754,5,8.482225e-04
3279,71.850011,6,9.151291e-04
3280,71.865266,8,8.551480e-04
3281,71.880520,5,9.695301e-04
3282,71.895772,9,9.857334e-04
3283,71.911023,5,7.830799e-04
3284,71.926272,7,9.129387e-04
3285,71.941519,8,8.726259e-04
3286,71.956765,5,9.217315e-04
3287,71.972009,8,9.197898e-04
3288,71.987251,5,9.601403e-04
3289,72.002491,8,9.769249e-04
3290,72.017729,5,8.765039e-04
3291,72.032964,8,9.148209e-04
3292,72.048198,5,9.281116e-04
3293,72.063430,8,9.014201e-04
3294,72.078659,5,8.956524e-04
3295,72.093886,8,8.779828e-04
3296,72.109110,5,9.113509e-04
3297,72.124332,8,8.685954e-04
3298,72.139552,5,9.061891e-04
3299,72.154769,8,8.691535e-04
3300,72.169983,5,9.138706e-04
3301,72.185195,8,8.736075e-04
3302,72.200404,5,9.199988e-04
3303,72.215610,8,8.749086e-04
3304,72.230813,5,9.310432e-04
3305,72.246014,8,8.683562e-04
3306,72.261211,5,9.430465e-04
3307,72.276406,8,8.576734e-04
3308,72.291597,5,9.585176e-04
3309,72.306786,8,8.507299e-04
3310,72.321971,5,9.757268e-04
3311,72.337153,8,8.480375e-04
3312,72.352332,5,9.889033e-04
3313,72.367507,8,8.550041e-04
3314,72.382679,6,8.210382e-04
3315,72.397848,7,9.353459e-04
3316,72.413014,7,9.205264e-04
3317,72.428176,7,8.404971e-04
3318,72.443334,7,8.652825e-04
3319,72.458489,7,8.717612e-04
3320,72.473641,7,8.788081e-04
3321,72.488789,7,8.910931e-04
3322,72.503933,7,9.057988e-04
3323,72.519074,7,9.226744e-04
3324,72.534211,7,9.436550e-04
3325,72.549345,7,9.667244e-04
3326,72.564475,7,9.890098e-04
3327,72.579601,8,9.221951e-04
3328,72.594723,6,9.010656e-04
3329,72.609842,8,9.664229e-04
3330,72.624956,6,9.483090e-04
3331,72.640067,9,9.940179e-04
3332,72.655174,5,9.440280e-04
3333,72.670278,8,9.308998e-04
3334,72.685377,8,9.859586e-04
3335,72.700473,6,8.761751e-04
3336,72.715564,8,9.426166e-04
3337,72.730652,6,9.457169e-04
3338,72.745736,9,9.737631e-04
3339,72.760816,5,8.938380e-04
3340,72.775892,7,9.480064e-04
3341,72.790964,8,9.376146e-04
3342,72.806033,5,9.665534e-04
3343,72.821097,8,9.570176e-04
3344,72.836157,5,9.896966e-04
3345,72.851214,9,9.567473e-04
3346,72.866266,5,8.037092e-04
3347,72.881315,7,8.602784e-04
3348,72.896359,8,8.645582e-04
3349,72.911400,5,9.153031e-04
3350,72.926437,8,9.440340e-04
3351,72.941470,5,9.261006e-04
3352,72.956499,9,9.896898e-04
3353,72.971524,5,7.765948e-04
3354,72.986545,7,8.870324e-04
3355,73.001563,8,9.332019e-04
3356,73.016576,5,8.809845e-04
3357,73.031586,8,9.978584e-04
3358,73.046592,5,9.262889e-04
3359,73.061594,10,9.956580e-04
3360,73.076593,5,8.128379e-04
3361,73.091588,6,8.595769e-04
3362,73.106579,7,9.949287e-04
3363,73.121566,9,9.110205e-04
3364,73.136550,5,8.107952e-04
3365,73.151530,6,9.988632e-04
3366,73.166506,8,9.767693e-04
3367,73.181479,5,9.159995e-04
3368,73.196449,11,9.823267e-04
3369,73.211415,5,9.150169e-04
3370,73.226377,6,8.829479e-04
3371,73.241336,7,8.873390e-04
3372,73.256292,8,9.509670e-04
3373,73.271244,5,9.943080e-04
3374,73.286193,11,9.801708e-04
3375,73.301139,5,9.028645e-04
3376,73.316081,6,9.157824e-04
3377,73.331021,7,9.925323e-04
3378,73.345957,9,8.682100e-04
3379,73.360890,5,9.081068e-04
3380,73.375820,8,9.514292e-04
3381,73.390748,9,9.063745e-04
3382,73.405672,5,8.949687e-04
3383,73.420593,7,9.261195e-04
3384,73.435512,8,9.273324e-04
3385,73.450428,5,9.777781e-04
3386,73.465341,10,9.623927e-04
3387,73.480252,5,8.296800e-04
3388,73.495160,7,8.953459e-04
3389,73.510065,8,9.237692e-04
3390,73.524968,5,9.955450e-04
3391,73.539869,10,9.958707e-04
3392,73.554767,5,8.289426e-04
3393,73.569663,7,8.709031e-04
3394,73.584556,8,9.253768e-04
3395,73.599448,6,8.820509e-04
3396,73.614337,10,9.704494e-04
3397,73.629225,5,8.670497e-04
3398,73.644110,7,8.772312e-04
3399,73.658993,8,9.329800e-04
3400,73.673875,6,8.959260e-04
3401,73.688755,10,9.998209e-04
3402,73.703633,5,8.811434e-04
3403,73.718509,7,9.175284e-04
3404,73.733384,8,9.891684e-04
3405,73.748258,6,9.287881e-04
3406,73.763129,12,9.814697e-04
3407,73.778000,6,7.172269e-04
3408,73.792869,6,9.837817e-04
3409,73.807737,8,7.848113e-04
3410,73.822604,8,9.586329e-04
3411,73.837469,7,9.304369e-04
3412,73.852334,9,9.615359e-04
3413,73.867197,5,9.823955e-04
3414,73.882060,9,9.738674e-04
3415,73.896922,5,9.667698e-04
3416,73.911783,10,9.871985e-04
3417,73.926643,5,9.130656e-04
3418,73.941502,7,9.344352e-04
3419,73.956361,8,9.531144e-04
3420,73.971220,6,9.084580e-04
3421,73.986078,9,9.298561e-04
3422,74.000935,6,7.646355e-04
3423,74.015793,8,8.827034e-04
3424,74.030650,7,9.418050e-04
3425,74.045507,7,9.868814e-04
3426,74.060363,8,9.066567e-04
3427,74.075220,6,9.633789e-04
3428,74.090076,8,9.380821e-04
3429,74.104933,7,9.236232e-04
3430,74.119790,7,9.967763e-04
3431,74.134647,8,9.100625e-04
3432,74.149504,6,9.873559e-04
3433,74.164362,8,9.322061e-04
3434,74.179220,6,9.866804e-04
3435,74.194078,8,9.357982e-04
3436,74.208937,6,9.446494e-04
3437,74.223796,8,8.842549e-04
3438,74.238656,6,9.279678e-04
3439,74.253516,8,8.521868e-04
3440,74.268378,6,9.052402e-04
3441,74.283240,7,9.964009e-04
3442,74.298102,7,9.933580e-04
3443,74.312966,7,9.388857e-04
3444,74.327830,7,9.983866e-04
3445,74.342696,10,9.986553e-04
3446,74.357562,6,6.816894e-04
3447,74.372430,7,8.377162e-04
3448,74.387298,8,9.798999e-04
3449,74.402168,6,9.805564e-04
3450,74.417039,15,9.368087e-04
3451,74.431911,7,9.001967e-04
3452,74.446784,6,8.276476e-04
3453,74.461659,7,8.260197e-04
3454,74.476535,7,9.668231e-04
3455,74.491412,9,9.468759e-04
3456,74.506291,5,9.562675e-04
3457,74.521171,13,8.577371e-04
3458,74.536053,6,8.021722e-04
3459,74.550936,7,9.487087e-04
3460,74.565820,8,9.545737e-04
3461,74.580706,12,9.566429e-04
3462,74.595594,6,7.604315e-04
3463,74.610483,6,9.932219e-04
3464,74.625374,8,9.481104e-04
3465,74.640266,10,8.617495e-04
3466,74.655161,5,9.262328e-04
3467,74.670056,7,7.594461e-04
3468,74.684954,8,8.833991e-04
3469,74.699853,6,9.203210e-04
3470,74.714754,13,9.690332e-04
3471,74.729657,6,9.361616e-04
3472,74.744562,6,8.966007e-04
3473,74.759468,7,7.648639e-04
3474,74.774376,7,8.882508e-04
3475,74.789286,8,9.663765e-04
3476,74.804198,5,9.768082e-04
3477,74.819112,10,9.923152e-04
3478,74.834027,5,7.822706e-04
3479,74.848945,6,8.797109e-04
3480,74.863864,7,8.930367e-04
3481,74.878785,6,9.580130e-04
3482,74.893708,8,9.511340e-04
3483,74.908633,5,9.142353e-04
3484,74.923560,8,9.856299e-04
3485,74.938489,5,9.331795e-04
3486,74.953419,9,9.977132e-04
3487,74.968352,5,8.250170e-04
3488,74.983286,7,8.841239e-04
3489,74.998222,8,9.123840e-04
3490,75.013161,5,9.666323e-04
3491,75.028101,8,9.690620e-04
3492,75.043043,5,9.970884e-04
3493,75.057987,15,9.361780e-04
3494,75.072932,7,8.264570e-04
3495,75.087880,6,7.792744e-04
3496,75.102829,7,8.089778e-04
3497,75.117781,7,8.315799e-04
3498,75.132734,7,8.490727e-04
3499,75.147689,7,8.999342e-04
3500,75.162646,7,9.143820e-04
3501,75.177604,7,9.298138e-04
3502,75.192565,7,9.622639e-04
3503,75.207527,8,9.783599e-04
3504,75.222491,6,9.292830e-04
3505,75.237456,15,9.739955e-04
3506,75.252424,7,7.760147e-04
3507,75.267393,6,9.409190e-04
3508,75.282363,8,9.965852e-04
3509,75.297336,10,9.674927e-04
3510,75.312310,6,6.998296e-04
3511,75.327285,7,8.181172e-04
3512,75.342262,8,9.137928e-04
3513,75.357241,6,9.666029e-04
3514,75.372222,9,9.631165e-04
3515,75.387203,5,9.906982e-04
3516,75.402187,8,8.935866e-04
3517,75.417172,7,9.826695e-04
3518,75.432158,7,9.889786e-04
3519,75.447146,8,9.806350e-04
3520,75.462135,6,9.195123e-04
3521,75.477125,9,9.622094e-04
3522,75.492117,6,7.612440e-04
3523,75.507110,8,9.647128e-04
3524,75.522105,9,9.969882e-04
3525,75.537101,5,9.910967e-04
3526,75.552098,7,9.688074e-04
3527,75.567096,9,9.000917e-04
3528,75.582095,5,9.841461e-04
3529,75.597096,7,9.757321e-04
3530,75.612097,9,9.461943e-04
3531,75.627100,5,9.575868e-04
3532,75.642103,7,9.275102e-04
3533,75.657108,8,9.824556e-04
3534,75.672114,6,8.328055e-04
3535,75.687121,8,9.784671e-04
3536,75.702128,6,9.236770e-04
3537,75.717137,8,9.967883e-04
3538,75.732146,6,8.635931e-04
3539,75.747156,8,9.554755e-04
3540,75.762167,6,8.805491e-04
3541,75.777178,8,9.459974e-04
3542,75.792191,6,8.779301e-04
3543,75.807203,8,9.498125e-04
3544,75.822217,6,8.924398e-04
3545,75.837231,8,9.732135e-04
3546,75.852246,6,8.954268e-04
3547,75.867261,8,9.830558e-04
3548,75.882277,6,8.950965e-04
3549,75.897293,8,9.745558e-04
3550,75.912309,6,8.815238e-04
3551,75.927326,8,9.393342e-04
3552,75.942343,6,8.557020e-04
3553,75.957361,7,9.767233e-04
3554,75.972379,7,9.607967e-04
3555,75.987397,6,9.633146e-04
3556,76.002415,7,9.274842e-04
3557,76.017433,6,9.452531e-04
3558,76.032452,7,8.711354e-04
3559,76.047470,6,8.895135e-04
3560,76.062489,7,8.030293e-04
3561,76.077507,6,8.542226e-04
3562,76.092526,6,9.951026e-04
3563,76.107544,7,8.046796e-04
3564,76.122562,6,8.019152e-04
3565,76.137581,7,7.879495e-04
3566,76.152599,6,8.948985e-04
3567,76.167616,7,8.666087e-04
3568,76.182634,6,9.366062e-04
3569,76.197651,7,9.524574e-04
3570,76.212668,7,9.452845e-04
3571,76.227684,6,9.917388e-04
3572,76.242700,8,9.554228e-04
3573,76.257716,5,9.802694e-04
3574,76.272731,9,9.590683e-04
3575,76.287745,5,8.849958e-04
3576,76.302759,7,9.898583e-04
3577,76.317772,8,9.465878e-04
3578,76.332785,6,8.239911e-04
3579,76.347797,8,9.223610e-04
3580,76.362808,6,9.839992e-04
3581,76.377818,9,9.095302e-04
3582,76.392828,5,9.932140e-04
3583,76.407837,8,9.045517e-04
3584,76.422844,8,9.081274e-04
3585,76.437851,6,9.457307e-04
3586,76.452857,8,9.362092e-04
3587,76.467862,7,9.533761e-04
3588,76.482866,8,9.011113e-04
3589,76.497869,6,9.975493e-04
3590,76.512871,8,9.843978e-04
3591,76.527871,6,9.569660e-04
3592,76.542871,8,9.979898e-04
3593,76.557869,6,9.444482e-04
3594,76.572866,8,9.748419e-04
3595,76.587862,6,9.249264e-04
3596,76.602857,8,9.587265e-04
3597,76.617850,6,9.050737e-04
3598,76.632842,8,9.492296e-04
3599,76.647833,6,8.870857e-04
3600,76.662822,8,9.461797e-04
3601,76.677810,6,8.731627e-04
3602,76.692796,8,9.468877e-04
3603,76.707781,5,9.928628e-04
3604,76.722765,9,9.723605e-04
3605,76.737747,5,8.306635e-04
3606,76.752727,7,9.143246e-04
3607,76.767706,8,9.046406e-04
3608,76.782683,5,9.291118e-04
3609,76.797659,8,9.795624e-04
3610,76.812632,5,9.791006e-04
3611,76.827605,13,9.726501e-04
3612,76.842575,6,8.734389e-04
3613,76.857544,6,8.237612e-04
3614,76.872511,7,8.112723e-04
3615,76.887477,7,9.494958e-04
3616,76.902440,8,9.356331e-04
3617,76.917402,6,9.321385e-04
3618,76.932362,11,9.712272e-04
3619,76.947320,5,9.955047e-04
3620,76.962277,6,9.853683e-04
3621,76.977231,8,8.178785e-04
3622,76.992183,6,9.361120e-04
3623,77.007134,12,9.906141e-04
3624,77.022083,6,8.283809e-04
3625,77.037030,6,9.874482e-04
3626,77.051975,7,9.710644e-04
3627,77.066918,8,9.912490e-04
3628,77.081859,6,9.146690e-04
3629,77.096798,11,9.911088e-04
3630,77.111735,6,6.743311e-04
3631,77.126670,7,7.775208e-04
3632,77.141603,7,9.919668e-04
3633,77.156534,8,9.673562e-04
3634,77.171463,6,9.609948e-04
3635,77.186391,13,9.919126e-04
3636,77.201316,6,8.911118e-04
3637,77.216239,6,9.880682e-04
3638,77.231160,7,9.344224e-04
3639,77.246079,8,8.663327e-04
3640,77.260997,6,9.925482e-04
3641,77.275912,11,9.563679e-04
3642,77.290825,6,7.315203e-04
3643,77.305736,7,8.621780e-04
3644,77.320645,8,9.664699e-04
3645,77.335553,15,9.990960e-04
3646,77.350458,7,7.851062e-04
3647,77.365361,7,7.746320e-04
3648,77.380262,7,9.441951e-04
3649,77.395162,8,9.085374e-04
3650,77.410059,6,9.899593e-04
3651,77.424954,8,9.758425e-04
3652,77.439848,7,9.400496e-04
3653,77.454739,8,9.564028e-04
3654,77.469629,15,9.694080e-04
3655,77.484517,7,8.714860e-04
3656,77.499402,7,9.481505e-04
3657,77.514286,8,8.344142e-04
3658,77.529168,7,8.605529e-04
3659,77.544048,8,8.448259e-04
3660,77.558927,7,9.152830e-04
3661,77.573803,8,9.259561e-04
3662,77.588678,7,9.834950e-04
3663,77.603550,9,9.771919e-04
3664,77.618421,6,9.466817e-04
3665,77.633291,14,9.796162e-04
3666,77.648158,6,9.975210e-04
3667,77.663024,7,8.223703e-04
3668,77.677888,8,7.832364e-04
3669,77.692750,8,8.849203e-04
3670,77.707611,8,9.906570e-04
3671,77.722470,10,9.914302e-04
3672,77.737327,6,8.952174e-04
3673,77.752183,14,9.925893e-04
3674,77.767037,6,9.538981e-04
3675,77.781890,7,8.969913e-04
3676,77.796741,8,9.340614e-04
3677,77.811591,10,9.024553e-04
3678,77.826439,6,9.425837e-04
3679,77.841286,14,9.478542e-04
3680,77.856132,6,9.603488e-04
3681,77.870976,7,9.155737e-04
3682,77.885819,8,8.357533e-04
3683,77.900660,7,9.845021e-04
3684,77.915500,12,9.246632e-04
3685,77.930339,6,8.941381e-04
3686,77.945177,7,9.186976e-04
3687,77.960014,9,9.288028e-04
3688,77.974849,7,9.755462e-04
3689,77.989684,14,9.695009e-04
3690,78.004517,7,7.873720e-04
3691,78.019349,7,8.507812e-04
3692,78.034181,7,9.992975e-04
3693,78.049011,8,9.914072e-04
3694,78.063840,9,9.978904e-04
3695,78.078669,7,8.900716e-04
3696,78.093497,12,9.951730e-04
3697,78.108323,6,8.573439e-04
3698,78.123149,7,9.299804e-04
3699,78.137975,8,9.511393e-04
3700,78.152799,8,9.867951e-04
3701,78.167623,9,9.952233e-04
3702,78.182446,6,9.941992e-04
3703,78.197269,9,9.746797e-04
3704,78.212091,6,9.017820e-04
3705,78.226912,8,9.649877e-04
3706,78.241733,7,9.465839e-04
3707,78.256554,7,9.531666e-04
3708,78.271374,7,9.661245e-04
3709,78.286194,7,9.312625e-04
3710,78.301013,7,9.214461e-04
3711,78.315832,7,9.177795e-04
3712,78.330651,7,9.194934e-04
3713,78.345469,7,9.224726e-04
3714,78.360288,7,9.245364e-04
3715,78.375106,7,9.240822e-04
3716,78.389924,7,9.206392e-04
3717,78.404742,7,9.152380e-04
3718,78.419559,7,9.103812e-04
3719,78.434377,7,9.047415e-04
3720,78.449195,7,8.980562e-04
3721,78.464012,7,8.916268e-04
3722,78.478830,7,8.865691e-04
3723,78.493648,7,8.849616e-04
3724,78.508466,7,8.898216e-04
3725,78.523284,7,8.996956e-04
3726,78.538102,7,9.136083e-04
3727,78.552920,7,9.320607e-04
3728,78.567739,7,9.530173e-04
3729,78.582557,7,9.737187e-04
3730,78.597376,7,9.939401e-04
3731,78.612196,8,9.892849e-04
3732,78.627015,6,8.570266e-04
3733,78.641835,8,9.841666e-04
3734,78.656656,6,9.428049e-04
3735,78.671477,11,9.780139e-04
3736,78.686298,6,6.436703e-04
3737,78.701119,6,8.879772e-04
3738,78.715942,7,9.050852e-04
3739,78.730764,8,9.298385e-04
3740,78.745587,6,9.032238e-04
3741,78.760411,11,9.768472e-04
3742,78.775236,5,9.843915e-04
3743,78.790061,6,9.370338e-04
3744,78.804886,7,9.379335e-04
3745,78.819712,9,9.265477e-04
3746,78.834539,5,9.641709e-04
3747,78.849367,12,9.950898e-04
3748,78.864195,5,9.901334e-04
3749,78.879025,6,9.869176e-04
3750,78.893854,7,9.210412e-04
3751,78.908685,7,9.827385e-04
3752,78.923517,10,9.571266e-04
3753,78.938349,5,9.673617e-04
3754,78.953182,7,8.370432e-04
3755,78.968016,8,9.496251e-04
3756,78.982851,6,9.468303e-04
3757,78.997687,12,9.818016e-04
3758,79.012523,6,7.641651e-04
3759,79.027361,6,9.558928e-04
3760,79.042199,7,8.988642e-04
3761,79.057039,8,9.300537e-04
3762,79.071879,11,9.037135e-04
3763,79.086721,6,6.812249e-04
3764,79.101563,7,7.563226e-04
3765,79.116406,7,9.390113e-04
3766,79.131251,10,9.579721e-04
3767,79.146096,6,7.189917e-04
3768,79.160942,7,9.055221e-04
3769,79.175789,13,9.966273e-04
3770,79.190638,6,8.813767e-04
3771,79.205487,6,9.452378e-04
3772,79.220337,7,8.572108e-04
3773,79.235189,7,9.210776e-04
3774,79.250041,9,9.826298e-04
3775,79.264895,6,7.772722e-04
3776,79.279749,13,9.250525e-04
3777,79.294605,6,7.929935e-04
3778,79.309461,7,7.948883e-04
3779,79.324319,7,8.123422e-04
3780,79.339178,6,9.973454e-04
3781,79.354037,8,9.532960e-04
3782,79.368898,6,9.603522e-04
3783,79.383760,13,9.579951e-04
3784,79.398623,6,9.541366e-04
3785,79.413487,7,9.327187e-04
3786,79.428352,7,8.565271e-04
3787,79.443218,7,8.470130e-04
3788,79.458085,8,9.566681e-04
3789,79.472953,11,9.531237e-04
3790,79.487822,6,6.951373e-04
3791,79.502692,7,7.585167e-04
3792,79.517563,7,9.220345e-04
3793,79.532435,8,9.706055e-04
3794,79.547308,12,9.436425e-04
3795,79.562182,6,7.849768e-04
3796,79.577057,7,7.338474e-04
3797,79.591933,7,8.412959e-04
3798,79.606810,7,9.581800e-04
3799,79.621688,9,9.993182e-04
3800,79.636567,5,9.710212e-04
3801,79.651447,15,9.297501e-04
3802,79.666328,7,8.242918e-04
3803,79.681209,7,8.562066e-04
3804,79.696092,7,7.827580e-04
3805,79.710975,6,9.920723e-04
3806,79.725859,8,8.780537e-04
3807,79.740744,6,8.977913e-04
3808,79.755630,12,9.667255e-04
3809,79.770517,6,7.746897e-04
3810,79.785404,7,8.421726e-04
3811,79.800292,7,9.605650e-04
3812,79.815181,7,9.673541e-04
3813,79.830071,16,9.567653e-04
3814,79.844961,7,8.651421e-04
3815,79.859852,6,8.746620e-04
3816,79.874744,7,8.666326e-04
3817,79.889636,7,9.237852e-04
3818,79.904529,7,9.142760e-04
3819,79.919423,7,9.142180e-04
3820,79.934317,7,8.819486e-04
3821,79.949212,7,8.727996e-04
3822,79.964108,7,8.977883e-04
3823,79.979004,7,9.458949e-04
3824,79.993900,7,9.991848e-04
3825,80.008797,8,9.618900e-04
3826,80.023695,7,9.408327e-04
3827,80.038593,8,9.638772e-04
3828,80.053491,7,9.969718e-04
3829,80.068390,8,9.555823e-04
3830,80.083289,7,9.698944e-04
3831,80.098189,8,9.133187e-04
3832,80.113089,7,9.529870e-04
3833,80.127990,8,8.927231e-04
3834,80.142890,7,9.488419e-04
3835,80.157792,8,8.943087e-04
3836,80.172693,7,9.576893e-04
3837,80.187595,8,9.097479e-04
3838,80.202497,7,9.693323e-04
3839,80.217400,8,9.267096e-04
3840,80.232302,7,9.826782e-04
3841,80.247205,8,9.473575e-04
3842,80.262109,7,9.977115e-04
3843,80.277012,8,9.669726e-04
3844,80.291916,8,9.119074e-04
3845,80.306819,7,9.623050e-04
3846,80.321723,8,9.604329e-04
3847,80.336628,8,9.113053e-04
3848,80.351532,7,9.621256e-04
3849,80.366436,8,9.557877e-04
3850,80.381341,7,9.817916e-04
3851,80.396245,8,9.507117e-04
3852,80.411150,7,9.622269e-04
3853,80.426055,8,9.134714e-04
3854,80.440960,7,9.296881e-04
3855,80.455865,8,8.777807e-04
3856,80.470770,7,9.038634e-04
3857,80.485675,8,8.475487e-04
3858,80.500580,7,8.803829e-04
3859,80.515485,7,9.840239e-04
3860,80.530390,8,8.497156e-04
3861,80.545295,6,9.993966e-04
3862,80.560200,8,8.801385e-04
3863,80.575104,6,9.915755e-04
3864,80.590009,8,8.965475e-04
3865,80.604914,6,9.670092e-04
3866,80.619818,8,8.743365e-04
3867,80.634723,6,9.582986e-04
3868,80.649627,8,8.574766e-04
3869,80.664531,6,9.426427e-04
3870,80.679435,7,9.977028e-04
3871,80.694338,7,9.647575e-04
3872,80.709242,7,8.927058e-04
3873,80.724145,7,9.163062e-04
3874,80.739048,7,9.267416e-04
3875,80.753951,7,9.408926e-04
3876,80.768854,7,9.608819e-04
3877,80.783756,7,9.876128e-04
3878,80.798658,8,9.475266e-04
3879,80.813559,6,9.602491e-04
3880,80.828461,13,9.954916e-04
3881,80.843361,6,8.484556e-04
3882,80.858262,6,9.360546e-04
3883,80.873162,7,8.550465e-04
3884,80.888062,7,8.965059e-04
3885,80.902961,7,9.940565e-04
3886,80.917860,10,9.928638e-04
3887,80.932758,6,7.152546e-04
3888,80.947656,7,9.223319e-04
3889,80.962553,14,9.951286e-04
3890,80.977450,6,9.806210e-04
3891,80.992346,6,9.767036e-04
3892,81.007242,7,9.352504e-04
3893,81.022137,7,9.949426e-04
3894,81.037031,9,9.732379e-04
3895,81.051925,6,8.372569e-04
3896,81.066818,13,9.373071e-04
3897,81.081710,6,8.725944e-04
3898,81.096602,7,9.306711e-04
3899,81.111493,7,9.811321e-04
3900,81.126383,10,9.955666e-04
3901,81.141273,6,8.947694e-04
3902,81.156161,13,9.656422e-04
3903,81.171049,6,8.761374e-04
3904,81.185936,7,9.480517e-04
3905,81.200822,7,9.148371e-04
3906,81.215707,8,8.861926e-04
3907,81.230591,11,9.410444e-04
3908,81.245475,6,7.271082e-04
3909,81.260357,7,8.943673e-04
3910,81.275239,14,9.155087e-04
3911,81.290119,6,9.281402e-04
3912,81.304999,6,9.846024e-04
3913,81.319877,8,8.397904e-04
3914,81.334755,9,8.628922e-04
3915,81.349631,6,8.914619e-04
3916,81.364506,13,9.905423e-04
3917,81.379380,6,8.271836e-04
3918,81.394254,7,8.142605e-04
3919,81.409126,8,8.352817e-04
3920,81.423997,9,9.834463e-04
3921,81.438866,6,9.353143e-04
3922,81.453735,13,9.554417e-04
3923,81.468602,6,8.173538e-04
3924,81.483469,7,7.451766e-04
3925,81.498334,7,9.005918e-04
3926,81.513197,8,8.615087e-04
3927,81.528060,9,9.670447e-04
3928,81.542922,6,8.705497e-04
3929,81.557782,13,9.141119e-04
3930,81.572641,6,7.686029e-04
3931,81.587498,7,7.444835e-04
3932,81.602355,7,9.572162e-04
3933,81.617210,8,8.739412e-04
3934,81.632064,7,9.777501e-04
3935,81.646916,11,9.548751e-04
3936,81.661768,6,7.494196e-04
3937,81.676618,7,9.076080e-04
3938,81.691466,8,9.806011e-04
3939,81.706314,10,9.699231e-04
3940,81.721160,6,8.394940e-04
3941,81.736005,8,9.212825e-04
3942,81.750848,9,9.681295e-04
3943,81.765690,6,9.897370e-04
3944,81.780531,11,9.857732e-04
3945,81.795371,6,8.090945e-04
3946,81.810209,8,8.796717e-04
3947,81.825046,9,9.054610e-04
3948,81.839882,7,8.419884e-04
3949,81.854716,8,9.922234e-04
3950,81.869549,9,9.266094e-04
3951,81.884381,6,9.260838e-04
3952,81.899211,8,8.788700e-04
3953,81.914041,7,9.433321e-04
3954,81.928869,7,9.674417e-04
3955,81.943696,7,9.590122e-04
3956,81.958521,7,8.984250e-04
3957,81.973346,7,8.632139e-04
3958,81.988169,7,8.356346e-04
3959,82.002991,7,8.220032e-04
3960,82.017812,7,8.240175e-04
3961,82.032631,7,8.408556e-04
3962,82.047450,7,8.683594e-04
3963,82.062267,7,9.011887e-04
3964,82.077083,7,9.353558e-04
3965,82.091898,7,9.661843e-04
3966,82.106712,7,9.909327e-04
3967,82.121525,8,9.895385e-04
3968,82.136337,6,8.979271e-04
3969,82.151148,8,9.371641e-04
3970,82.165957,6,9.057302e-04
3971,82.180766,8,9.397786e-04
3972,82.195573,6,8.707187e-04
3973,82.210380,7,9.632394e-04
3974,82.225185,7,9.563918e-04
3975,82.239990,7,8.586343e-04
3976,82.254793,7,8.550869e-04
3977,82.269596,7,8.365587e-04
3978,82.284397,7,8.199163e-04
3979,82.299198,7,8.085355e-04
3980,82.313997,7,8.007117e-04
3981,82.328796,7,7.941412e-04
3982,82.343594,7,7.890281e-04
3983,82.358391,6,9.985225e-04
3984,82.373186,7,8.868316e-04
3985,82.387982,6,9.719171e-04
3986,82.402776,7,8.935649e-04
3987,82.417569,6,9.923727e-04
3988,82.432362,7,9.143447e-04
3989,82.447153,7,8.696624e-04
3990,82.461944,7,8.426787e-04
3991,82.476735,7,8.803665e-04
3992,82.491524,7,9.031074e-04
3993,82.506313,7,9.271806e-04
3994,82.521101,7,9.535347e-04
3995,82.535888,7,9.816127e-04
3996,82.550675,8,9.678174e-04
3997,82.565461,6,9.449604e-04
3998,82.580247,8,9.866492e-04
3999,82.595031,6,9.825900e-04
4000,82.609816,14,9.485252e-04
4001,82.624599,6,9.660455e-04
4002,82.639382,6,9.752882e-04
4003,82.654165,7,8.736478e-04
4004,82.668947,7,8.742779e-04
4005,82.683729,7,9.204918e-04
4006,82.698510,8,9.015561e-04
4007,82.713290,7,9.385216e-04
4008,82.728071,12,9.862481e-04
4009,82.742850,6,7.975538e-04
4010,82.757630,7,8.355919e-04
4011,82.772409,8,8.351011e-04
4012,82.787187,7,9.588927e-04
4013,82.801965,11,9.845736e-04
4014,82.816743,6,7.948895e-04
4015,82.831521,7,9.135766e-04
4016,82.846298,9,9.125572e-04
4017,82.861075,6,9.909120e-04
4018,82.875852,13,9.493847e-04
4019,82.890628,6,9.357973e-04
4020,82.905405,7,8.635114e-04
4021,82.920181,8,8.319726e-04
4022,82.934957,9,9.115409e-04
4023,82.949732,8,9.752163e-04
4024,82.964508,13,9.642313e-04
4025,82.979284,7,6.655848e-04
4026,82.994059,7,9.808470e-04
4027,83.008834,8,9.717337e-04
4028,83.023610,12,9.366539e-04
4029,83.038385,6,9.878517e-04
4030,83.053160,8,8.844805e-04
4031,83.067936,14,9.550085e-04
4032,83.082711,7,7.224374e-04
4033,83.097487,7,9.489697e-04
4034,83.112262,8,9.818676e-04
4035,83.127038,11,9.460443e-04
4036,83.141814,6,9.385001e-04
4037,83.156590,9,9.787751e-04
4038,83.171367,13,9.913510e-04
4039,83.186143,7,6.805373e-04
4040,83.200920,7,9.601902e-04
4041,83.215697,8,9.701599e-04
4042,83.230474,11,9.803138e-04
4043,83.245252,6,9.191768e-04
4044,83.260030,8,9.900893e-04
4045,83.274809,15,9.320373e-04
4046,83.289588,7,8.515392e-04
4047,83.304367,7,9.045441e-04
4048,83.319147,7,9.816754e-04
4049,83.333927,8,9.028552e-04
4050,83.348708,8,9.882522e-04
4051,83.363489,12,9.235675e-04
4052,83.378271,6,8.290443e-04
4053,83.393053,7,8.793358e-04
4054,83.407836,8,8.270659e-04
4055,83.422619,6,9.831802e-04
4056,83.437403,10,9.809213e-04
4057,83.452187,6,7.612285e-04
4058,83.466972,7,9.611127e-04
4059,83.481758,14,9.844292e-04
4060,83.496545,7,6.936960e-04
4061,83.511331,6,9.095224e-04
4062,83.526119,7,9.967477e-04
4063,83.540907,8,8.809539e-04
4064,83.555696,6,8.973901e-04
4065,83.570486,11,8.940731e-04
4066,83.585276,6,6.787977e-04
4067,83.600067,7,9.333161e-04
4068,83.614858,14,9.546616e-04
4069,83.629651,6,9.128989e-04
4070,83.644444,6,9.056830e-04
4071,83.659237,8,8.454293e-04
4072,83.674032,9,8.787310e-04
4073,83.688827,6,8.229261e-04
4074,83.703622,12,9.445574e-04
4075,83.718419,6,6.955526e-04
4076,83.733216,7,9.347372e-04
4077,83.748014,14,9.351208e-04
4078,83.762812,6,9.361917e-04
4079,83.777611,6,9.289711e-04
4080,83.792411,8,9.597169e-04
4081,83.807212,10,8.033529e-04
4082,83.822013,5,9.996732e-04
4083,83.836815,7,9.727834e-04
4084,83.851617,14,9.012984e-04
4085,83.866420,6,9.438991e-04
4086,83.881224,6,9.230989e-04
4087,83.896029,7,9.148611e-04
4088,83.910834,8,9.974951e-04
4089,83.925640,11,7.892444e-04
4090,83.940446,6,6.695668e-04
4091,83.955253,7,8.276736e-04
4092,83.970061,9,9.498052e-04
4093,83.984869,6,8.836119e-04
4094,83.999678,13,9.762163e-04
4095,84.014487,6,9.017910e-04
4096,84.029298,7,8.330270e-04
4097,84.044108,7,8.231110e-04
4098,84.058919,7,9.773543e-04
4099,84.073731,10,9.858956e-04
4100,84.088544,5,9.753801e-04
4101,84.103357,7,9.285965e-04
4102,84.118170,13,9.786842e-04
4103,84.132984,6,8.827828e-04
4104,84.147798,7,7.485250e-04
4105,84.162614,7,9.420425e-04
4106,84.177429,8,8.953074e-04
4107,84.192245,9,9.698911e-04
4108,84.207062,6,8.535515e-04
4109,84.221879,14,9.429677e-04
4110,84.236696,6,9.254627e-04
4111,84.251514,7,8.278011e-04
4112,84.266333,7,9.645785e-04
4113,84.281152,8,8.954166e-04
4114,84.295971,11,9.061382e-04
4115,84.310791,6,7.591136e-04
4116,84.325612,7,9.420104e-04
4117,84.340433,15,9.959247e-04
4118,84.355254,7,7.546312e-04
4119,84.370076,6,9.678971e-04
4120,84.384898,8,8.393982e-04
4121,84.399720,6,9.339216e-04
4122,84.414543,8,9.518502e-04
4123,84.429367,6,9.825287e-04
4124,84.444191,11,9.723485e-04
4125,84.459015,6,7.794253e-04
4126,84.473840,7,9.907195e-04
4127,84.488665,16,9.216982e-04
4128,84.503490,7,8.642646e-04
4129,84.518316,7,9.819845e-04
4130,84.533142,9,9.843299e-04
4131,84.547969,6,9.057938e-04
4132,84.562796,10,9.363561e-04
4133,84.577624,6,7.783187e-04
4134,84.592452,9,9.334120e-04
4135,84.607280,11,9.032138e-04
4136,84.622108,6,8.265288e-04
4137,84.636937,8,9.444562e-04
4138,84.651767,15,9.557609e-04
4139,84.666597,7,7.591104e-04
4140,84.681427,7,8.442251e-04
4141,84.696257,8,9.351871e-04
4142,84.711088,9,9.854050e-04
4143,84.725920,7,9.295691e-04
4144,84.740751,11,9.669921e-04
4145,84.755584,6,8.403561e-04
4146,84.770416,14,9.651445e-04
4147,84.785249,6,9.207385e-04
4148,84.800083,7,9.561026e-04
4149,84.814916,9,8.404686e-04
4150,84.829751,11,8.756454e-04
4151,84.844585,6,8.501801e-04
4152,84.859420,8,8.929158e-04
4153,84.874256,10,9.652834e-04
4154,84.889091,6,8.996293e-04
4155,84.903928,13,9.862855e-04
4156,84.918764,6,8.193437e-04
4157,84.933601,7,9.052557e-04
4158,84.948439,8,8.324882e-04
4159,84.963277,7,9.727297e-04
4160,84.978115,10,9.514389e-04
4161,84.992954,6,8.472571e-04
4162,85.007793,8,9.856853e-04
4163,85.022632,13,9.893417e-04
4164,85.037472,6,9.682211e-04
4165,85.052312,7,8.487186e-04
4166,85.067153,8,7.720653e-04
4167,85.081994,7,9.551942e-04
4168,85.096835,9,9.879654e-04
4169,85.111677,6,9.977608e-04
4170,85.126519,14,9.317699e-04
4171,85.141362,7,7.334897e-04
4172,85.156205,7,9.273575e-04
4173,85.171048,8,7.931290e-04
4174,85.185892,8,8.878177e-04
4175,85.200736,12,9.395107e-04
4176,85.215580,6,8.988806e-04
4177,85.230425,8,8.139619e-04
4178,85.245270,15,9.098666e-04
4179,85.260116,7,7.369400e-04
4180,85.274961,7,8.146686e-04
4181,85.289807,8,8.386505e-04
4182,85.304654,8,9.699994e-04
4183,85.319501,11,9.411893e-04
4184,85.334348,6,8.367801e-04
4185,85.349195,8,9.747215e-04
4186,85.364043,16,8.896989e-04
4187,85.378891,7,8.753336e-04
4188,85.393739,7,8.966276e-04
4189,85.408588,8,9.054022e-04
4190,85.423436,7,9.286618e-04
4191,85.438286,8,9.520052e-04
4192,85.453135,8,9.846407e-04
4193,85.467984,11,9.902833e-04
4194,85.482834,6,7.941000e-04
4195,85.497684,15,9.718369e-04
4196,85.512534,6,9.380776e-04
4197,85.527385,8,9.254865e-04
4198,85.542235,9,8.552104e-04
4199,85.557086,6,7.151167e-04
4200,85.571937,7,8.793146e-04
4201,85.586788,8,9.033533e-04
4202,85.601639,6,9.263856e-04
4203,85.616490,13,9.922356e-04
4204,85.631341,6,9.598814e-04
4205,85.646193,7,9.022668e-04
4206,85.661044,7,9.451546e-04
4207,85.675896,7,9.936975e-04
4208,85.690748,10,9.897912e-04
4209,85.705599,6,7.499263e-04
4210,85.720451,7,9.335283e-04
4211,85.735303,13,9.302488e-04
4212,85.750155,6,8.788268e-04
4213,85.765006,7,7.644298e-04
4214,85.779858,7,8.775611e-04
4215,85.794710,7,8.780084e-04
4216,85.809562,7,9.270589e-04
4217,85.824414,8,9.157954e-04
4218,85.839266,6,9.778023e-04
4219,85.854117,13,9.822584e-04
4220,85.868969,6,9.131443e-04
4221,85.883821,7,8.908635e-04
4222,85.898672,7,9.675659e-04
4223,85.913524,7,9.338169e-04
4224,85.928376,7,9.833985e-04
4225,85.943227,8,9.771101e-04
4226,85.958078,6,9.629563e-04
4227,85.972930,13,9.760422e-04
4228,85.987781,6,8.548439e-04
4229,86.002632,7,7.815958e-04
4230,86.017483,7,8.441954e-04
4231,86.032334,7,8.133391e-04
4232,86.047185,7,8.538585e-04
4233,86.062036,7,9.218055e-04
4234,86.076886,7,9.773380e-04
4235,86.091737,8,9.415767e-04
4236,86.106588,6,9.139252e-04
4237,86.121438,8,9.589025e-04
4238,86.136288,6,9.659076e-04
4239,86.151138,13,9.697811e-04
4240,86.165988,6,8.366568e-04
4241,86.180838,6,9.127360e-04
4242,86.195688,7,8.598482e-04
4243,86.210537,7,9.786083e-04
4244,86.225387,8,9.610118e-04
4245,86.240236,6,9.929619e-04
4246,86.255085,12,9.237867e-04
4247,86.269934,6,7.219620e-04
4248,86.284783,7,7.375594e-04
4249,86.299631,7,9.609014e-04
4250,86.314480,9,9.311144e-04
4251,86.329328,6,8.526041e-04
4252,86.344176,13,8.979322e-04
4253,86.359024,6,8.017292e-04
4254,86.373872,7,7.587361e-04
4255,86.388719,7,8.926833e-04
4256,86.403567,8,9.445050e-04
4257,86.418414,10,9.814356e-04
4258,86.433261,5,9.536030e-04
4259,86.448108,7,9.488920e-04
4260,86.462955,14,9.054252e-04
4261,86.477801,6,9.538297e-04
4262,86.492647,6,9.404082e-04
4263,86.507493,7,9.375815e-04
4264,86.522339,8,9.836636e-04
4265,86.537185,11,8.948467e-04
4266,86.552030,6,7.063665e-04
4267,86.566875,7,8.608693e-04
4268,86.581720,9,9.742485e-04
4269,86.596565,6,9.424479e-04
4270,86.611409,15,9.684278e-04
4271,86.626253,8,8.644010e-04
4272,86.641097,6,8.728399e-04
4273,86.655941,7,9.720468e-04
4274,86.670784,7,9.733841e-04
4275,86.685628,7,9.941792e-04
4276,86.700471,9,9.478370e-04
4277,86.715314,6,7.458432e-04
4278,86.730156,7,9.654544e-04
4279,86.744998,15,9.196919e-04
4280,86.759840,7,8.458100e-04
4281,86.774682,7,8.515650e-04
4282,86.789524,7,8.829271e-04
4283,86.804365,7,8.889793e-04
4284,86.819206,7,9.057634e-04
4285,86.834047,7,9.610292e-04
4286,86.848887,8,9.184108e-04
4287,86.863728,6,9.404546e-04
4288,86.878568,8,9.855043e-04
4289,86.893407,14,9.329031e-04
4290,86.908247,7,7.612479e-04
4291,86.923086,7,8.706892e-04
4292,86.937925,7,8.760946e-04
4293,86.952764,7,9.123412e-04
4294,86.967603,7,9.623164e-04
4295,86.982441,8,9.781218e-04
4296,86.997279,6,9.647200e-04
4297,87.012117,13,9.975994e-04
4298,87.026955,6,9.133475e-04
4299,87.041792,7,8.755416e-04
4300,87.056629,7,9.370116e-04
4301,87.071466,8,9.950353e-04
4302,87.086303,13,9.484687e-04
4303,87.101139,6,9.618611e-04
4304,87.115976,7,8.189732e-04
4305,87.130812,7,8.640736e-04
4306,87.145647,11,9.358641e-04
4307,87.160483,6,7.834240e-04
4308,87.175318,7,9.900186e-04
4309,87.190153,14,9.871471e-04
4310,87.204987,7,8.613140e-04
4311,87.219822,7,9.084813e-04
4312,87.234656,7,8.161381e-04
4313,87.249489,8,9.668176e-04
4314,87.264323,12,9.214426e-04
4315,87.279156,6,8.564443e-04
4316,87.293989,7,8.415045e-04
4317,87.308822,7,9.934721e-04
4318,87.323654,16,8.992253e-04
4319,87.338486,7,8.414126e-04
4320,87.353318,6,8.876291e-04
4321,87.368149,7,9.722692e-04
4322,87.382980,10,9.429598e-04
4323,87.397811,5,9.899362e-04
4324,87.412642,7,9.919467e-04
4325,87.427472,14,9.696199e-04
4326,87.442302,7,9.184554e-04
4327,87.457132,8,9.779940e-04
4328,87.471961,5,9.415080e-04
4329,87.486790,9,9.332364e-04
4330,87.501619,5,9.571839e-04
4331,87.516448,14,9.490322e-04
4332,87.531276,11,7.667518e-04
4333,87.546104,6,8.341198e-04
4334,87.560931,8,9.580327e-04
4335,87.575758,5,9.867177e-04
4336,87.590585,12,9.101243e-04
4337,87.605412,6,7.819608e-04
4338,87.620239,7,8.518575e-04
4339,87.635065,7,9.926784e-04
4340,87.649891,15,9.872475e-04
4341,87.664716,7,7.460200e-04
4342,87.679542,6,8.700029e-04
4343,87.694367,8,8.840565e-04
4344,87.709191,6,9.152903e-04
4345,87.724016,8,9.510353e-04
4346,87.738840,6,8.767230e-04
4347,87.753664,8,9.785610e-04
4348,87.768488,13,9.303983e-04
4349,87.783311,6,9.702284e-04
4350,87.798135,7,8.852076e-04
4351,87.812958,7,8.845768e-04
4352,87.827780,7,8.995442e-04
4353,87.842603,7,9.901154e-04
4354,87.857425,8,9.921715e-04
4355,87.872247,6,9.934319e-04
4356,87.887069,13,9.275781e-04
4357,87.901891,6,9.134152e-04
4358,87.916713,7,8.668936e-04
4359,87.931534,7,9.305635e-04
4360,87.946355,7,9.318062e-04
4361,87.961176,8,9.042871e-04
4362,87.975997,7,9.569887e-04
4363,87.990818,9,9.937888e-04
4364,88.005638,6,8.198776e-04
4365,88.020459,7,9.895326e-04
4366,88.035279,8,9.317785e-04
4367,88.050099,6,9.334093e-04
4368,88.064919,8,9.220958e-04
4369,88.079739,6,9.878044e-04
4370,88.094559,8,9.487069e-04
4371,88.109379,6,9.394159e-04
4372,88.124199,8,9.143694e-04
4373,88.139019,6,9.343426e-04
4374,88.153838,8,9.023512e-04
4375,88.168658,6,9.175958e-04
4376,88.183478,8,9.113588e-04
4377,88.198297,6,9.151271e-04
4378,88.213117,8,9.322771e-04
4379,88.227936,6,9.151446e-04
4380,88.242756,8,9.539269e-04
4381,88.257576,6,9.168551e-04
4382,88.272395,8,9.799337e-04
4383,88.287215,6,9.292691e-04
4384,88.302035,14,9.973536e-04
4385,88.316855,7,7.556956e-04
4386,88.331674,6,8.651705e-04
4387,88.346494,7,8.605312e-04
4388,88.361314,7,8.934493e-04
4389,88.376134,7,9.396755e-04
4390,88.390954,8,9.561428e-04
4391,88.405774,6,9.778365e-04
4392,88.420595,12,9.455606e-04
4393,88.435415,6,7.810394e-04
4394,88.450235,7,7.865745e-04
4395,88.465056,8,8.918471e-04
4396,88.479876,10,9.927457e-04
4397,88.494697,6,7.591492e-04
4398,88.509518,8,9.715771e-04
4399,88.524339,10,9.519704e-04
4400,88.539160,6,7.116144e-04
4401,88.553981,7,8.845235e-04
4402,88.568802,9,9.766291e-04
4403,88.583623,6,8.710501e-04
4404,88.598445,12,9.969246e-04
4405,88.613266,6,7.271687e-04
4406,88.628088,7,7.306623e-04
4407,88.642910,8,8.389279e-04
4408,88.657732,9,9.638278e-04
4409,88.672554,6,8.615529e-04
4410,88.687377,12,9.861575e-04
4411,88.702199,6,7.159767e-04
4412,88.717022,7,7.712513e-04
4413,88.731845,8,9.258041e-04
4414,88.746668,10,9.868267e-04
4415,88.761491,6,7.082881e-04
4416,88.776314,7,9.304362e-04
4417,88.791138,12,9.818729e-04
4418,88.805961,6,8.063234e-04
4419,88.820785,7,7.408419e-04
4420,88.835609,8,9.761060e-04
4421,88.850433,11,9.142151e-04
4422,88.865258,6,7.790210e-04
4423,88.880082,7,8.586423e-04
4424,88.894907,14,9.559728e-04
4425,88.909731,6,9.443773e-04
4426,88.924556,6,9.945538e-04
4427,88.939381,8,9.216750e-04
4428,88.954206,10,8.561558e-04
4429,88.969031,6,8.536606e-04
4430,88.983857,15,8.851289e-04
4431,88.998682,6,9.190215e-04
4432,89.013508,7,9.338779e-04
4433,89.028333,8,8.468554e-04
4434,89.043159,7,9.559344e-04
4435,89.057985,11,9.042088e-04
4436,89.072811,6,8.952426e-04
4437,89.087637,16,8.432983e-04
4438,89.102463,7,7.903292e-04
4439,89.117289,8,8.983304e-04
4440,89.132115,8,9.171987e-04
4441,89.146941,8,8.702729e-04
4442,89.161767,8,9.992725e-04
4443,89.176593,11,9.637272e-04
4444,89.191420,6,9.705586e-04
4445,89.206246,16,9.399309e-04
4446,89.221072,7,7.558125e-04
4447,89.235899,8,8.549800e-04
4448,89.250725,9,8.551530e-04
4449,89.265551,7,9.005785e-04
4450,89.280378,9,9.466196e-04
4451,89.295204,7,9.717989e-04
4452,89.310031,11,9.651885e-04
4453,89.324857,6,8.716162e-04
4454,89.339684,8,8.818246e-04
4455,89.354511,9,9.399581e-04
4456,89.369337,6,9.907022e-04
4457,89.384164,9,9.544114e-04
4458,89.398991,6,9.502482e-04
4459,89.413817,9,9.236035e-04
4460,89.428644,6,8.871326e-04
4461,89.443471,9,9.306239e-04
4462,89.458297,6,9.206924e-04
4463,89.473124,11,9.539461e-04
4464,89.487951,6,7.366721e-04
4465,89.502778,7,9.349714e-04
4466,89.517605,9,9.629845e-04
4467,89.532432,6,9.382245e-04
4468,89.547258,13,9.320679e-04
4469,89.562085,6,8.719114e-04
4470,89.576912,7,7.796414e-04
4471,89.591739,8,7.909249e-04
4472,89.606566,9,9.662689e-04
4473,89.621393,6,9.960695e-04
4474,89.636220,13,9.134422e-04
4475,89.651046,6,8.829445e-04
4476,89.665873,7,8.922993e-04
4477,89.680700,8,9.635266e-04
4478,89.695526,12,9.589503e-04
4479,89.710353,6,8.916310e-04
4480,89.725179,7,9.193091e-04
4481,89.740006,13,9.684178e-04
4482,89.754832,6,8.997141e-04
4483,89.769658,7,8.548081e-04
4484,89.784485,9,9.764397e-04
4485,89.799311,6,9.847584e-04
4486,89.814137,16,9.409800e-04
4487,89.828962,8,9.540656e-04
4488,89.843788,6,9.117174e-04
4489,89.858613,8,8.517863e-04
4490,89.873439,6,9.577507e-04
4491,89.888264,9,9.764107e-04
4492,89.903089,6,9.199606e-04
4493,89.917913,15,9.593481e-04
4494,89.932738,11,9.293161e-04
4495,89.947562,6,8.521658e-04
4496,89.962387,8,9.553563e-04
4497,89.977210,6,9.085368e-04
4498,89.992034,8,9.439043e-04
4499,90.006858,6,9.789437e-04
4500,90.021681,15,9.263220e-04
4501,90.036504,8,8.996248e-04
4502,90.051327,6,9.596011e-04
4503,90.066149,8,8.583491e-04
4504,90.080971,6,8.275056e-04
4505,90.095793,7,9.574588e-04
4506,90.110615,8,8.943778e-04
4507,90.125437,6,8.825117e-04
4508,90.140258,13,9.464633e-04
4509,90.155079,6,8.602178e-04
4510,90.169899,7,8.608988e-04
4511,90.184720,7,9.695891e-04
4512,90.199540,7,9.576777e-04
4513,90.214360,7,9.908965e-04
4514,90.229179,8,9.662611e-04
4515,90.243999,6,9.393192e-04
4516,90.258818,12,9.342786e-04
4517,90.273636,6,7.099214e-04
4518,90.288455,6,9.632748e-04
4519,90.303273,7,9.045131e-04
4520,90.318091,7,9.536811e-04
4521,90.332908,7,9.970934e-04
4522,90.347726,8,9.766776e-04
4523,90.362543,6,9.639004e-04
4524,90.377359,8,9.711169e-04
4525,90.392176,6,9.885907e-04
4526,90.406992,8,9.823496e-04
4527,90.421807,6,9.675239e-04
4528,90.436623,8,9.243104e-04
4529,90.451438,6,9.656524e-04
4530,90.466253,8,8.697681e-04
4531,90.481067,6,9.502250e-04
4532,90.495881,7,9.710652e-04
4533,90.510695,7,9.308239e-04
4534,90.525509,7,8.815089e-04
4535,90.540322,7,9.076302e-04
4536,90.555135,7,9.302895e-04
4537,90.569948,7,9.592947e-04
4538,90.584760,7,9.915759e-04
4539,90.599573,8,9.456285e-04
4540,90.614384,7,8.980313e-04
4541,90.629196,8,9.194468e-04
4542,90.644007,7,9.257711e-04
4543,90.658818,8,9.243166e-04
4544,90.673629,7,9.124698e-04
4545,90.688439,7,9.944409e-04
4546,90.703250,8,9.752185e-04
4547,90.718060,6,9.689743e-04
4548,90.732869,9,9.979167e-04
4549,90.747679,6,8.044174e-04
4550,90.762488,8,9.555216e-04
4551,90.777297,13,9.590850e-04
4552,90.792106,6,9.108875e-04
4553,90.806914,7,7.107875e-04
4554,90.821722,7,8.398770e-04
4555,90.836530,7,9.903322e-04
4556,90.851338,9,8.894442e-04
4557,90.866146,6,8.232575e-04
4558,90.880953,13,9.178565e-04
4559,90.895760,6,8.701797e-04
4560,90.910567,7,9.065937e-04
4561,90.925374,8,9.272463e-04
4562,90.940180,11,9.431025e-04
4563,90.954987,6,7.808758e-04
4564,90.969793,7,9.445472e-04
4565,90.984599,11,9.553626e-04
4566,90.999404,6,7.598270e-04
4567,91.014210,7,8.942944e-04
4568,91.029015,9,9.852762e-04
4569,91.043820,6,8.935085e-04
4570,91.058625,13,9.773354e-04
4571,91.073429,6,8.825765e-04
4572,91.088234,7,7.705929e-04
4573,91.103038,7,9.653061e-04
4574,91.117842,9,8.828117e-04
4575,91.132646,6,9.474312e-04
4576,91.147449,13,9.485412e-04
4577,91.162253,6,9.456082e-04
4578,91.177056,7,9.332967e-04
4579,91.191859,8,8.817794e-04
4580,91.206662,10,9.665953e-04
4581,91.221464,6,9.015449e-04
4582,91.236266,14,9.346522e-04
4583,91.251069,6,9.889158e-04
4584,91.265870,7,9.548216e-04
4585,91.280672,8,8.088498e-04
4586,91.295473,7,9.164549e-04
4587,91.310275,10,9.897978e-04
4588,91.325075,6,8.988040e-04
4589,91.339876,15,9.209226e-04
4590,91.354677,7,8.785699e-04
4591,91.369477,8,8.628099e-04
4592,91.384277,7,8.618670e-04
4593,91.399077,8,8.046006e-04
4594,91.413876,7,9.732184e-04
4595,91.428676,10,9.949818e-04
4596,91.443475,6,8.112655e-04
4597,91.458273,8,9.956228e-04
4598,91.473072,16,8.632957e-04
4599,91.487870,7,9.363675e-04
4600,91.502668,13,9.485550e-04
4601,91.517466,7,8.856747e-04
4602,91.532264,11,9.664277e-04
4603,91.547061,6,6.611358e-04
4604,91.561858,7,7.656467e-04
4605,91.576655,7,9.860365e-04
4606,91.591452,11,9.611922e-04
4607,91.606248,6,7.601008e-04
4608,91.621044,7,7.957003e-04
4609,91.635840,12,9.829352e-04
4610,91.650636,6,7.562173e-04
4611,91.665431,7,7.775506e-04
4612,91.680226,10,9.338604e-04
4613,91.695020,6,7.818635e-04
4614,91.709815,12,9.591315e-04
4615,91.724609,6,6.595579e-04
4616,91.739403,6,9.870766e-04
4617,91.754196,7,9.848482e-04
4618,91.768990,9,9.721589e-04
4619,91.783783,6,8.087981e-04
4620,91.798575,12,9.128385e-04
4621,91.813368,6,6.526942e-04
4622,91.828160,6,9.949493e-04
4623,91.842952,7,8.851405e-04
4624,91.857743,7,8.913054e-04
4625,91.872534,8,9.975544e-04
4626,91.887325,6,9.681681e-04
4627,91.902116,12,9.804133e-04
4628,91.916906,6,7.519745e-04
4629,91.931696,6,9.820546e-04
4630,91.946485,7,8.446174e-04
4631,91.961274,6,9.284334e-04
4632,91.976063,7,9.317849e-04
4633,91.990852,7,9.795779e-04
4634,92.005640,7,9.764127e-04
4635,92.020428,7,9.988511e-04
4636,92.035215,7,9.786835e-04
4637,92.050003,7,9.548043e-04
4638,92.064789,7,9.378249e-04
4639,92.079576,7,9.266732e-04
4640,92.094362,7,9.191447e-04
4641,92.109148,7,9.194471e-04
4642,92.123933,7,9.288754e-04
4643,92.138718,7,9.464778e-04
4644,92.153503,7,9.705269e-04
4645,92.168287,7,9.985655e-04
4646,92.183071,14,9.161023e-04
4647,92.197854,7,7.473233e-04
4648,92.212638,6,9.077124e-04
4649,92.227420,7,8.241191e-04
4650,92.242203,7,8.328329e-04
4651,92.256985,7,9.413741e-04
4652,92.271766,10,9.405760e-04
4653,92.286548,6,6.746519e-04
4654,92.301329,7,8.580170e-04
4655,92.316109,14,9.389293e-04
4656,92.330889,6,9.421635e-04
4657,92.345669,6,9.333171e-04
4658,92.360448,7,8.779986e-04
4659,92.375227,7,9.216993e-04
4660,92.390006,7,9.865084e-04
4661,92.404784,11,9.568185e-04
4662,92.419561,6,7.635918e-04
4663,92.434338,7,8.621302e-04
4664,92.449115,15,8.453151e-04
4665,92.463891,6,9.744426e-04
4666,92.478667,7,8.898012e-04
4667,92.493442,8,9.591984e-04
4668,92.508217,6,8.759786e-04
4669,92.522992,7,9.894384e-04
4670,92.537766,8,9.237469e-04
4671,92.552539,6,9.213188e-04
4672,92.567312,13,9.750724e-04
4673,92.582084,6,8.627859e-04
4674,92.596856,7,8.149302e-04
4675,92.611628,7,9.405567e-04
4676,92.626399,7,9.215124e-04
4677,92.641169,7,9.171672e-04
4678,92.655939,7,9.470008e-04
4679,92.670708,7,9.999519e-04
4680,92.685477,8,9.982542e-04
4681,92.700245,7,9.410180e-04
4682,92.715013,8,9.603940e-04
4683,92.729780,7,9.356008e-04
4684,92.744547,7,9.823228e-04
4685,92.759313,8,9.152778e-04
4686,92.774079,6,9.640621e-04
4687,92.788844,8,9.397539e-04
4688,92.803609,6,9.994481e-04
4689,92.818373,15,9.935710e-04
4690,92.833136,7,8.465119e-04
4691,92.847899,6,9.264259e-04
4692,92.862662,7,9.183600e-04
4693,92.877423,7,9.260231e-04
4694,92.892185,7,9.418513e-04
4695,92.906946,8,9.416753e-04
4696,92.921706,7,9.573040e-04
4697,92.936466,13,9.375828e-04
4698,92.951225,6,9.595240e-04
4699,92.965983,7,9.093656e-04
4700,92.980741,7,9.866656e-04
4701,92.995499,8,9.094478e-04
4702,93.010256,12,9.183280e-04
4703,93.025012,6,8.539774e-04
4704,93.039768,7,7.851511e-04
4705,93.054523,8,8.859925e-04
4706,93.069278,10,9.735115e-04
4707,93.084032,6,7.938250e-04
4708,93.098786,7,9.936883e-04
4709,93.113539,14,9.330576e-04
4710,93.128291,7,7.197843e-04
4711,93.143043,6,9.873534e-04
4712,93.157794,8,8.143242e-04
4713,93.172545,8,9.796754e-04
4714,93.187295,12,9.311167e-04
4715,93.202045,6,9.132516e-04
4716,93.216794,7,9.787841e-04
4717,93.231542,16,9.523799e-04
4718,93.246290,7,7.726889e-04
4719,93.261037,7,7.943299e-04
4720,93.275784,8,9.306655e-04
4721,93.290530,8,9.565247e-04
4722,93.305276,7,9.879031e-04
4723,93.320020,12,9.187785e-04
4724,93.334765,6,8.888666e-04
4725,93.349508,7,9.493358e-04
4726,93.364251,16,8.677969e-04
4727,93.378994,7,8.203446e-04
4728,93.393736,8,9.952114e-04
4729,93.408477,12,9.332192e-04
4730,93.423218,6,8.417243e-04
4731,93.437958,7,8.129507e-04
4732,93.452698,7,9.913672e-04
4733,93.467437,8,9.564452e-04
4734,93.482175,6,8.764611e-04
4735,93.496913,7,9.651515e-04
4736,93.511651,12,9.782518e-04
4737,93.526387,6,8.130204e-04
4738,93.541124,7,7.681968e-04
4739,93.555859,8,9.431942e-04
4740,93.570595,12,8.709058e-04
4741,93.585329,6,8.158696e-04
4742,93.600063,7,7.450879e-04
4743,93.614797,7,9.318607e-04
4744,93.629530,12,9.271089e-04
4745,93.644263,6,8.700414e-04
4746,93.658995,7,8.324634e-04
4747,93.673727,12,9.819236e-04
4748,93.688458,6,7.666951e-04
4749,93.703189,7,7.518148e-04
4750,93.717919,7,9.644533e-04
4751,93.732649,8,9.688890e-04
4752,93.747379,6,9.441587e-04
4753,93.762108,13,9.284470e-04
4754,93.776837,6,9.494787e-04
4755,93.791565,7,8.695814e-04
4756,93.806294,6,9.699321e-04
4757,93.821021,7,8.414225e-04
4758,93.835749,7,8.319464e-04
4759,93.850476,7,9.415532e-04
4760,93.865203,12,9.071187e-04
4761,93.879929,6,8.336253e-04
4762,93.894655,7,8.380993e-04
4763,93.909381,7,8.510242e-04
4764,93.924107,7,8.015175e-04
4765,93.938832,7,8.407044e-04
4766,93.953557,7,9.188222e-04
4767,93.968282,7,9.974262e-04
4768,93.983007,12,9.719084e-04
4769,93.997731,6,8.483836e-04
4770,94.012455,7,7.879682e-04
4771,94.027179,7,9.525012e-04
4772,94.041903,8,8.997652e-04
4773,94.056626,7,9.677593e-04
4774,94.071349,11,9.738355e-04
4775,94.086072,6,7.649666e-04
4776,94.100795,7,8.164911e-04
4777,94.115517,8,8.824459e-04
4778,94.130240,8,9.962371e-04
4779,94.144961,8,9.636263e-04
4780,94.159683,7,9.862414e-04
4781,94.174404,10,9.932570e-04
4782,94.189125,6,7.214778e-04
4783,94.203846,7,8.496579e-04
4784,94.218567,8,8.899670e-04
4785,94.233287,6,9.729859e-04
4786,94.248007,12,9.405056e-04
4787,94.262726,6,8.230100e-04
4788,94.277446,6,9.965533e-04
4789,94.292164,7,8.834062e-04
4790,94.306883,7,9.769019e-04
4791,94.321601,10,9.914917e-04
4792,94.336319,6,7.396076e-04
4793,94.351037,7,8.173126e-04
4794,94.365754,7,9.905813e-04
4795,94.380471,13,9.606035e-04
4796,94.395187,6,9.758967e-04
4797,94.409903,6,9.501627e-04
4798,94.424619,7,7.723742e-04
4799,94.439335,7,8.401002e-04
4800,94.454050,7,8.734182e-04
4801,94.468764,7,9.005618e-04
4802,94.483479,7,9.207348e-04
4803,94.498193,7,9.463236e-04
4804,94.512907,7,9.714139e-04
4805,94.527620,7,9.931218e-04
4806,94.542333,8,9.902224e-04
4807,94.557046,6,9.401457e-04
4808,94.571758,7,9.918239e-04
4809,94.586471,8,9.691013e-04
4810,94.601183,6,9.111521e-04
4811,94.615894,7,9.844898e-04
4812,94.630605,8,9.552692e-04
4813,94.645317,6,9.469367e-04
4814,94.660027,8,9.504010e-04
4815,94.674738,7,9.816782e-04
4816,94.689448,8,9.733364e-04
4817,94.704158,7,9.972249e-04
4818,94.718868,13,9.433155e-04
4819,94.733578,6,9.362983e-04
4820,94.748287,7,7.513383e-04
4821,94.762996,7,9.468625e-04
4822,94.777705,8,9.768655e-04
4823,94.792413,11,9.062871e-04
4824,94.807122,6,8.733472e-04
4825,94.821830,8,8.790265e-04
4826,94.836538,14,9.917338e-04
4827,94.851246,7,7.151107e-04
4828,94.865953,7,8.286347e-04
4829,94.880661,8,8.807343e-04
4830,94.895368,10,9.011768e-04
4831,94.910075,7,8.427006e-04
4832,94.924782,13,9.214919e-04
4833,94.939489,6,9.544905e-04
4834,94.954196,7,9.686146e-04
4835,94.968903,8,9.824604e-04
4836,94.983609,11,9.954518e-04
4837,94.998316,6,9.349322e-04
4838,95.013022,8,9.554021e-04
4839,95.027729,12,9.948368e-04
4840,95.042435,6,9.201204e-04
4841,95.057141,7,8.817980e-04
4842,95.071847,8,9.711241e-04
4843,95.086554,11,9.304364e-04
4844,95.101260,6,8.849625e-04
4845,95.115966,7,9.791668e-04
4846,95.130673,13,9.375021e-04
4847,95.145379,6,9.546522e-04
4848,95.160086,7,7.871799e-04
4849,95.174793,8,8.345758e-04
4850,95.189499,8,9.835013e-04
4851,95.204206,12,9.739393e-04
4852,95.218913,6,8.593566e-04
4853,95.233621,7,8.089842e-04
4854,95.248328,7,9.363614e-04
4855,95.263036,8,9.218102e-04
4856,95.277743,11,9.724799e-04
4857,95.292451,6,7.932245e-04
4858,95.307160,7,8.228414e-04
4859,95.321868,7,9.843484e-04
4860,95.336577,8,9.685320e-04
4861,95.351285,7,9.859521e-04
4862,95.365995,12,9.717860e-04
4863,95.380704,6,8.566422e-04
4864,95.395414,7,8.141878e-04
4865,95.410123,8,8.212625e-04
4866,95.424834,9,9.755628e-04
4867,95.439544,7,9.555553e-04
4868,95.454255,14,9.667602e-04
4869,95.468965,7,8.164870e-04
4870,95.483677,7,8.743876e-04
4871,95.498388,8,8.565314e-04
4872,95.513100,10,9.831911e-04
4873,95.527812,7,9.278775e-04
4874,95.542524,15,9.388436e-04
4875,95.557236,7,9.549896e-04
4876,95.571949,7,9.927862e-04
4877,95.586662,8,9.452473e-04
4878,95.601375,11,9.748864e-04
4879,95.616088,7,9.239819e-04
4880,95.630801,15,9.872947e-04
4881,95.645515,7,9.482264e-04
4882,95.660229,8,9.405834e-04
4883,95.674943,8,8.981584e-04
4884,95.689657,11,8.875398e-04
4885,95.704371,7,8.943696e-04
4886,95.719085,15,9.649719e-04
4887,95.733800,7,9.344556e-04
4888,95.748514,8,9.529071e-04
4889,95.763229,8,9.317978e-04
4890,95.777944,10,9.544860e-04
4891,95.792659,7,9.670596e-04
4892,95.807374,14,9.990658e-04
4893,95.822089,7,8.549091e-04
4894,95.836804,8,8.599756e-04
4895,95.851519,8,9.147946e-04
4896,95.866234,10,9.245247e-04
4897,95.880950,6,9.590158e-04
4898,95.895665,13,9.819075e-04
4899,95.910381,6,9.129114e-04
4900,95.925096,7,8.891384e-04
4901,95.939812,8,9.356800e-04
4902,95.954527,10,9.450211e-04
4903,95.969243,6,8.408830e-04
4904,95.983958,12,9.676921e-04
4905,95.998674,6,7.084541e-04
4906,96.013390,7,7.994251e-04
4907,96.028106,8,8.520127e-04
4908,96.042822,7,9.314065e-04
4909,96.057538,11,9.089454e-04
4910,96.072254,6,6.841600e-04
4911,96.086970,6,9.991019e-04
4912,96.101686,7,8.892313e-04
4913,96.116402,7,9.733100e-04
4914,96.131118,8,9.813340e-04
4915,96.145834,6,9.231995e-04
4916,96.160551,8,9.281259e-04
4917,96.175267,6,8.960150e-04
4918,96.189984,7,9.525257e-04
4919,96.204700,7,9.284836e-04
4920,96.219417,7,8.552660e-04
4921,96.234134,7,8.646798e-04
4922,96.248850,7,8.787438e-04
4923,96.263567,7,9.029025e-04
4924,96.278284,7,9.320304e-04
4925,96.293001,7,9.616706e-04
4926,96.307718,7,9.862069e-04
4927,96.322435,8,9.735817e-04
4928,96.337153,6,9.325138e-04
4929,96.351870,8,9.323122e-04
4930,96.366587,6,9.418457e-04
4931,96.381305,8,9.573151e-04
4932,96.396022,6,9.218557e-04
4933,96.410740,8,9.252975e-04
4934,96.425457,6,9.125391e-04
4935,96.440175,7,9.817124e-04
4936,96.454893,7,9.912126e-04
4937,96.469610,7,9.203496e-04
4938,96.484328,7,9.247750e-04
4939,96.499046,7,9.234258e-04
4940,96.513764,7,9.278192e-04
4941,96.528481,7,9.366028e-04
4942,96.543199,7,9.500170e-04
4943,96.557917,7,9.670302e-04
4944,96.572635,7,9.866504e-04
4945,96.587352,8,9.575989e-04
4946,96.602070,6,9.584253e-04
4947,96.616788,8,9.796820e-04
4948,96.631505,7,9.775526e-04
4949,96.646223,8,9.885146e-04
4950,96.660941,7,9.623362e-04
4951,96.675658,8,9.986535e-04
4952,96.690376,7,9.832368e-04
4953,96.705093,12,9.848688e-04
4954,96.719811,6,8.010147e-04
4955,96.734528,7,6.678792e-04
4956,96.749246,7,8.327097e-04
4957,96.763963,7,9.790860e-04
4958,96.778680,8,9.779939e-04
4959,96.793398,7,9.217770e-04
4960,96.808115,8,9.965861e-04
4961,96.822833,7,9.736923e-04
4962,96.837550,8,9.960114e-04
4963,96.852267,7,9.317319e-04
4964,96.866985,7,9.772670e-04
4965,96.881702,8,9.530407e-04
4966,96.896420,6,9.302587e-04
4967,96.911137,7,9.593013e-04
4968,96.925855,7,9.654990e-04
4969,96.940572,7,9.155186e-04
4970,96.955290,7,9.317841e-04
4971,96.970008,7,9.505758e-04
4972,96.984725,7,9.808169e-04
4973,96.999443,8,9.808754e-04
4974,97.014161,6,9.865083e-04
4975,97.028879,12,9.772303e-04
4976,97.043597,6,7.625882e-04
4977,97.058315,7,6.581816e-04
4978,97.073033,7,8.440805e-04
4979,97.087751,7,9.985329e-04
4980,97.102470,9,9.250531e-04
4981,97.117188,6,8.845394e-04
4982,97.131906,8,9.804992e-04
4983,97.146624,10,9.449562e-04
4984,97.161343,6,7.950610e-04
4985,97.176061,7,9.094416e-04
4986,97.190780,8,9.300740e-04
4987,97.205498,7,9.717598e-04
4988,97.220217,9,9.649723e-04
4989,97.234935,6,9.729904e-04
4990,97.249654,8,9.864469e-04
4991,97.264372,8,9.881426e-04
4992,97.279091,7,9.557368e-04
4993,97.293809,8,9.793371e-04
4994,97.308528,8,9.442181e-04
4995,97.323246,7,9.901309e-04
4996,97.337964,9,9.502844e-04
4997,97.352683,6,9.999793e-04
4998,97.367401,9,9.758931e-04
4999,97.382120,6,9.952670e-04
5000,97.396838,10,9.956170e-04
5001,97.411556,6,8.346296e-04
5002,97.426274,7,9.927086e-04
5003,97.440992,8,9.916403e-04
5004,97.455711,7,9.267211e-04
5005,97.470429,8,9.420629e-04
5006,97.485147,7,9.184347e-04
5007,97.499864,7,9.644961e-04
5008,97.514582,7,9.667093e-04
5009,97.529300,7,9.222438e-04
5010,97.544018,7,8.918752e-04
5011,97.558736,7,8.642664e-04
5012,97.573453,7,8.433556e-04
5013,97.588171,7,8.310692e-04
5014,97.602888,7,8.291852e-04
5015,97.617606,7,8.371352e-04
5016,97.632323,7,8.536681e-04
5017,97.647040,7,8.773397e-04
5018,97.661757,7,9.082692e-04
5019,97.676474,7,9.455057e-04
5020,97.691191,7,9.856840e-04
5021,97.705908,11,9.662489e-04
5022,97.720625,6,6.826177e-04
5023,97.735342,6,9.660471e-04
5024,97.750059,7,8.736522e-04
5025,97.764776,8,9.404420e-04
5026,97.779492,7,9.748399e-04
5027,97.794209,12,9.250290e-04
5028,97.808926,6,7.920065e-04
5029,97.823642,7,7.174507e-04
5030,97.838359,7,9.299277e-04
5031,97.853075,10,9.314540e-04
5032,97.867791,6,8.332269e-04
5033,97.882508,13,9.098667e-04
5034,97.897224,6,8.211138e-04
5035,97.911940,7,8.273855e-04
5036,97.926656,7,9.724515e-04
5037,97.941372,10,8.916091e-04
5038,97.956089,6,8.636182e-04
5039,97.970805,13,9.734704e-04
5040,97.985521,6,8.784037e-04
5041,98.000236,7,8.996661e-04
5042,98.014952,7,9.793278e-04
5043,98.029668,10,9.773453e-04
5044,98.044384,6,9.007520e-04
5045,98.059100,14,8.630264e-04
5046,98.073815,7,8.648411e-04
5047,98.088531,7,9.488854e-04
5048,98.103246,7,8.375154e-04
5049,98.117962,8,9.526261e-04
5050,98.132677,12,8.261842e-04
5051,98.147393,6,8.426830e-04
5052,98.162108,7,8.369359e-04
5053,98.176823,15,9.201285e-04
5054,98.191538,6,9.761775e-04
5055,98.206253,7,8.386005e-04
5056,98.220968,9,9.635842e-04
5057,98.235682,6,8.075430e-04
5058,98.250397,12,8.808939e-04
5059,98.265111,6,7.767255e-04
5060,98.279826,7,8.748829e-04
5061,98.294540,15,9.617586e-04
5062,98.309254,7,7.938076e-04
5063,98.323967,7,9.152813e-04
5064,98.338681,9,9.871493e-04
5065,98.353394,6,7.886360e-04
5066,98.368107,7,9.898104e-04
5067,98.382820,10,9.693796e-04
5068,98.397533,6,7.979933e-04
5069,98.412245,7,9.295261e-04
5070,98.426958,14,9.724142e-04
5071,98.441670,7,7.129211e-04
5072,98.456381,7,8.046546e-04
5073,98.471093,7,9.726685e-04
5074,98.485804,7,9.817189e-04
5075,98.500514,7,9.194090e-04
5076,98.515225,7,9.396562e-04
5077,98.529935,8,9.625810e-04
5078,98.544645,7,9.609471e-04
5079,98.559355,13,8.726720e-04
5080,98.574064,6,8.963970e-04
5081,98.588773,7,7.911911e-04
5082,98.603481,7,8.598528e-04
5083,98.618189,7,8.639354e-04
5084,98.632897,7,9.014082e-04
5085,98.647605,7,9.555985e-04
5086,98.662312,7,9.933395e-04
5087,98.677019,7,9.937080e-04
5088,98.691725,7,9.736962e-04
5089,98.706431,7,9.554935e-04
5090,98.721137,7,9.360040e-04
5091,98.735842,7,9.151542e-04
5092,98.750547,7,8.930038e-04
5093,98.765252,7,8.725753e-04
5094,98.779957,7,8.567046e-04
5095,98.794661,7,8.448543e-04
5096,98.809364,7,8.358415e-04
5097,98.824068,7,8.266484e-04
5098,98.838771,7,8.181940e-04
5099,98.853473,7,8.104100e-04
5100,98.868176,7,8.043820e-04
5101,98.882878,7,8.003570e-04
5102,98.897580,7,7.974892e-04
5103,98.912281,7,7.969104e-04
5104,98.926983,7,7.968359e-04
5105,98.941684,7,7.967498e-04
5106,98.956384,7,7.967163e-04
5107,98.971085,7,7.963158e-04
5108,98.985785,7,7.960506e-04
5109,99.000485,7,7.972416e-04
5110,99.015185,7,7.999803e-04
5111,99.029884,7,8.045680e-04
5112,99.044584,7,8.107109e-04
5113,99.059283,7,8.175130e-04
5114,99.073982,7,8.240720e-04
5115,99.088681,7,8.297777e-04
5116,99.103379,7,8.353576e-04
5117,99.118078,7,8.408787e-04
5118,99.132776,7,8.459227e-04
5119,99.147475,7,8.506039e-04
5120,99.162173,7,8.556006e-04
5121,99.176871,7,8.621844e-04
5122,99.191569,7,8.718417e-04
5123,99.206266,7,8.852926e-04
5124,99.220964,7,9.014589e-04
5125,99.235662,7,9.233959e-04
5126,99.250359,7,9.505975e-04
5127,99.265057,7,9.776560e-04
5128,99.279754,8,9.487924e-04
5129,99.294452,7,8.820973e-04
5130,99.309149,7,9.863826e-04
5131,99.323846,13,9.792922e-04
5132,99.338544,6,9.899952e-04
5133,99.353241,7,7.006662e-04
5134,99.367938,7,7.639489e-04
5135,99.382635,7,9.134078e-04
5136,99.397332,8,9.014016e-04
5137,99.412029,7,8.818939e-04
5138,99.426726,8,9.515747e-04
5139,99.441423,7,9.542845e-04
5140,99.456120,14,8.619365e-04
5141,99.470817,7,8.305468e-04
5142,99.485514,7,9.097324e-04
5143,99.500211,7,8.610105e-04
5144,99.514908,7,8.365822e-04
5145,99.529605,7,8.757556e-04
5146,99.544302,7,9.589685e-04
5147,99.558999,8,9.803318e-04
5148,99.573696,7,8.767683e-04
5149,99.588392,7,9.314529e-04
5150,99.603089,7,9.395272e-04
5151,99.617786,7,9.173723e-04
5152,99.632483,7,9.101454e-04
5153,99.647180,7,9.111382e-04
5154,99.661877,7,9.232862e-04
5155,99.676574,7,9.481995e-04
5156,99.691270,7,9.847401e-04
5157,99.705967,14,9.999641e-04
5158,99.720664,7,8.500613e-04
5159,99.735361,7,8.665300e-04
5160,99.750058,7,8.268498e-04
5161,99.764755,7,8.270504e-04
5162,99.779451,7,8.579962e-04
5163,99.794148,7,9.073874e-04
5164,99.808845,7,9.332343e-04
5165,99.823542,7,9.265218e-04
5166,99.838239,7,9.116492e-04
5167,99.852936,7,9.079860e-04
5168,99.867633,7,9.148118e-04
5169,99.882330,7,9.175638e-04
5170,99.897027,7,9.074765e-04
5171,99.911723,7,8.878006e-04
5172,99.926420,7,8.681731e-04
5173,99.941117,7,8.584694e-04
5174,99.955814,7,8.595450e-04
5175,99.970511,7,8.675478e-04
5176,99.985208,7,8.801630e-04
5177,99.999905,7,8.915179e-04
5178,100.014602,7,8.984130e-04
5179,100.029299,7,8.991966e-04
5180,100.043995,7,8.942666e-04
5181,100.058692,7,8.863929e-04
5182,100.073389,7,8.796745e-04
5183,100.088086,7,8.786678e-04
5184,100.102783,7,8.844568e-04
5185,100.117479,7,9.017363e-04
5186,100.132176,7,9.318703e-04
5187,100.146873,7,9.740793e-04
5188,100.161570,8,9.955697e-04
5189,100.176266,6,9.765338e-04
5190,100.190963,13,9.650053e-04
5191,100.205659,6,8.809606e-04
5192,100.220356,6,9.534205e-04
5193,100.235053,7,8.522376e-04
5194,100.249749,7,9.537071e-04
5195,100.264446,8,9.963303e-04
5196,100.279143,11,9.094635e-04
5197,100.293839,6,7.569449e-04
5198,100.308536,7,8.367814e-04
5199,100.323233,8,9.530819e-04
5200,100.337929,12,9.770875e-04
5201,100.352626,6,8.247800e-04
5202,100.367323,7,6.740322e-04
5203,100.382019,7,8.417662e-04
5204,100.396716,7,9.812659e-04
5205,100.411413,8,9.397228e-04
5206,100.426110,6,9.809870e-04
5207,100.440807,8,9.969749e-04
5208,100.455504,7,9.887209e-04
5209,100.470201,8,9.888200e-04
5210,100.484898,7,9.302561e-04
5211,100.499595,7,9.743930e-04
5212,100.514292,7,9.868267e-04
5213,100.528990,7,9.514110e-04
5214,100.543687,7,9.339224e-04
5215,100.558385,7,9.215518e-04
5216,100.573082,7,9.173436e-04
5217,100.587780,7,9.196526e-04
5218,100.602478,7,9.234773e-04
5219,100.617176,7,9.234025e-04
5220,100.631874,7,9.166833e-04
5221,100.646573,7,9.035655e-04
5222,100.661271,7,8.863240e-04
5223,100.675969,7,8.681346e-04
5224,100.690668,7,8.533961e-04
5225,100.705367,7,8.453514e-04
5226,100.720066,7,8.460237e-04
5227,100.734765,7,8.561467e-04
5228,100.749464,7,8.758186e-04
5229,100.764164,7,9.030155e-04
5230,100.778864,7,9.338680e-04
5231,100.793563,7,9.659144e-04
5232,100.808263,7,9.962649e-04
5233,100.822964,14,9.076046e-04
5234,100.837664,7,7.711610e-04
5235,100.852365,7,8.446849e-04
5236,100.867066,7,8.899352e-04
5237,100.881767,7,9.130690e-04
5238,100.896468,7,9.254548e-04
5239,100.911169,7,9.571715e-04
5240,100.925871,7,9.986442e-04
5241,100.940573,12,9.137470e-04
5242,100.955275,6,8.794340e-04
5243,100.969978,7,9.049810e-04
5244,100.984680,8,9.385639e-04
5245,100.999383,7,9.167407e-04
5246,101.014086,13,9.372559e-04
5247,101.028790,6,9.473889e-04
5248,101.043493,7,6.972431e-04
5249,101.058197,7,7.972987e-04
5250,101.072901,7,9.635811e-04
5251,101.087606,9,9.804301e-04
5252,101.102310,6,8.485164e-04
5253,101.117015,7,9.687724e-04
5254,101.131720,13,9.846028e-04
5255,101.146425,6,9.613271e-04
5256,101.161131,7,8.115206e-04
5257,101.175837,7,8.705465e-04
5258,101.190543,7,8.337031e-04
5259,101.205249,7,7.939586e-04
5260,101.219955,7,7.697128e-04
5261,101.234662,7,7.491187e-04
5262,101.249369,6,9.967423e-04
5263,101.264076,7,7.964165e-04
5264,101.278783,6,9.674666e-04
5265,101.293491,7,8.230544e-04
5266,101.308199,7,7.840728e-04
5267,101.322907,7,7.807664e-04
5268,101.337615,7,7.890060e-04
5269,101.352324,7,7.774824e-04
5270,101.367032,7,7.648148e-04
5271,101.381741,7,7.597766e-04
5272,101.396450,7,7.680388e-04
5273,101.411160,7,7.896428e-04
5274,101.425869,7,8.208104e-04
5275,101.440579,7,8.569516e-04
5276,101.455289,7,8.916629e-04
5277,101.469999,7,9.207242e-04
5278,101.484710,7,9.426758e-04
5279,101.499420,7,9.590421e-04
5280,101.514131,7,9.748722e-04
5281,101.528842,7,9.975001e-04
5282,101.543554,14,9.665305e-04
5283,101.558265,7,8.570442e-04
5284,101.572977,7,8.973346e-04
5285,101.587689,7,8.881061e-04
5286,101.602401,7,9.726016e-04
5287,101.617113,12,9.140946e-04
5288,101.631825,6,8.530297e-04
5289,101.646538,7,7.551216e-04
5290,101.661251,7,9.695425e-04
5291,101.675964,14,9.446165e-04
5292,101.690677,7,8.360126e-04
5293,101.705390,7,8.810291e-04
5294,101.720104,7,9.437504e-04
5295,101.734817,7,9.706782e-04
5296,101.749531,7,9.414769e-04
5297,101.764245,7,9.558544e-04
5298,101.778959,8,9.970084e-04
5299,101.793673,7,9.702647e-04
5300,101.808387,14,8.158160e-04
5301,101.823101,7,7.525045e-04
5302,101.837816,7,9.233250e-04
5303,101.852530,7,9.566612e-04
5304,101.867245,7,9.435667e-04
5305,101.881959,7,9.552991e-04
5306,101.896674,8,9.609299e-04
5307,101.911389,7,9.675652e-04
5308,101.926104,13,8.801320e-04
5309,101.940819,6,9.664781e-04
5310,101.955534,7,8.478580e-04
5311,101.970249,7,8.356529e-04
5312,101.984964,7,9.095421e-04
5313,101.999680,9,9.591486e-04
5314,102.014395,6,9.442571e-04
5315,102.029110,13,8.453461e-04
5316,102.043826,6,9.079263e-04
5317,102.058541,7,8.681284e-04
5318,102.073257,7,8.925667e-04
5319,102.087972,7,9.960802e-04
5320,102.102688,12,9.542786e-04
5321,102.117403,6,9.315081e-04
5322,102.132119,7,7.894985e-04
5323,102.146835,8,9.065886e-04
5324,102.161550,12,9.103361e-04
5325,102.176266,6,8.876479e-04
5326,102.190982,7,7.537338e-04
5327,102.205697,7,9.899444e-04
5328,102.220413,11,9.377378e-04
5329,102.235129,6,8.828310e-04
5330,102.249844,7,9.398478e-04
5331,102.264560,14,9.460313e-04
5332,102.279276,7,7.044643e-04
5333,102.293991,7,7.111113e-04
5334,102.308707,7,8.991073e-04
5335,102.323423,8,9.412385e-04
5336,102.338139,10,9.983502e-04
5337,102.352854,6,9.151769e-04
5338,102.367570,14,9.115407e-04
5339,102.382286,6,9.691695e-04
5340,102.397001,7,8.710481e-04
5341,102.411717,7,9.565493e-04
5342,102.426433,8,9.088681e-04
5343,102.441149,11,9.971498e-04
5344,102.455864,6,8.650368e-04
5345,102.470580,7,9.199384e-04
5346,102.485296,14,8.796183e-04
5347,102.500012,7,6.422145e-04
5348,102.514728,7,7.438167e-04
5349,102.529444,7,9.181077e-04
5350,102.544160,8,9.284527e-04
5351,102.558876,7,9.971311e-04
5352,102.573592,13,8.976479e-04
5353,102.588309,7,7.381135e-04
5354,102.603025,7,8.675699e-04
5355,102.617741,7,8.583946e-04
5356,102.632458,7,8.982089e-04
5357,102.647174,8,9.095690e-04
5358,102.661891,7,9.770055e-04
5359,102.676608,13,9.462573e-04
5360,102.691324,7,8.068883e-04
5361,102.706041,7,8.985969e-04
5362,102.720758,7,9.393240e-04
5363,102.735475,9,9.943481e-04
5364,102.750192,6,9.359810e-04
5365,102.764909,13,9.277155e-04
5366,102.779626,6,9.754094e-04
5367,102.794343,7,8.443242e-04
5368,102.809060,7,8.473869e-04
5369,102.823777,8,9.708613e-04
5370,102.838494,11,9.653701e-04
5371,102.853211,6,8.058529e-04
5372,102.867928,7,8.281262e-04
5373,102.882645,14,9.286023e-04
5374,102.897362,6,9.179953e-04
5375,102.912079,6,8.926057e-04
5376,102.926796,7,9.389924e-04
5377,102.941513,9,9.472657e-04
5378,102.956229,6,8.447975e-04
5379,102.970946,13,8.893456e-04
5380,102.985663,6,9.294751e-04
5381,103.000379,7,9.559592e-04
5382,103.015096,8,9.441157e-04
5383,103.029812,12,9.497054e-04
5384,103.044528,6,8.702072e-04
5385,103.059244,7,7.986400e-04
5386,103.073960,10,9.959860e-04
5387,103.088676,6,7.581783e-04
5388,103.103392,12,9.638038e-04
5389,103.118107,6,7.289204e-04
5390,103.132823,6,9.792296e-04
5391,103.147538,7,9.005143e-04
5392,103.162253,9,9.832746e-04
5393,103.176968,6,7.818630e-04
5394,103.191683,7,9.799047e-04
5395,103.206397,13,9.991897e-04
5396,103.221112,7,8.226556e-04
5397,103.235826,6,9.818072e-04
5398,103.250540,7,8.842966e-04
5399,103.265254,6,9.837475e-04
5400,103.279968,11,9.912547e-04
5401,103.294682,6,7.770617e-04
5402,103.309395,7,7.707094e-04
5403,103.324108,7,9.196949e-04
5404,103.338822,13,9.883588e-04
5405,103.353534,6,9.266819e-04
5406,103.368247,7,8.042287e-04
5407,103.382960,7,8.956514e-04
5408,103.397672,8,9.824155e-04
5409,103.412384,11,9.738752e-04
5410,103.427096,6,7.206901e-04
5411,103.441807,7,7.682049e-04
5412,103.456519,7,9.270711e-04
5413,103.471230,12,9.301715e-04
5414,103.485940,6,8.463425e-04
5415,103.500651,7,7.661343e-04
5416,103.515361,8,9.234964e-04
5417,103.530071,10,9.974982e-04
5418,103.544781,6,7.949849e-04
5419,103.559491,7,8.930541e-04
5420,103.574200,8,9.770961e-04
5421,103.588909,12,8.993582e-04
5422,103.603618,6,8.995014e-04
5423,103.618326,7,7.723407e-04
5424,103.633034,7,9.125530e-04
5425,103.647742,8,9.549679e-04
5426,103.662450,9,9.763243e-04
5427,103.677157,7,8.412466e-04
5428,103.691864,8,9.709908e-04
5429,103.706571,11,9.949079e-04
5430,103.721277,6,8.528759e-04
5431,103.735984,7,8.499546e-04
5432,103.750689,8,8.036475e-04
5433,103.765395,7,9.768552e-04
5434,103.780101,11,9.554335e-04
5435,103.794806,6,8.262824e-04
5436,103.809511,7,7.941842e-04
5437,103.824216,7,8.996601e-04
5438,103.838920,7,9.643236e-04
5439,103.853624,8,9.266241e-04
5440,103.868329,7,8.860705e-04
5441,103.883032,7,9.587847e-04
5442,103.897736,7,9.950165e-04
5443,103.912439,8,9.823205e-04
5444,103.927143,7,9.569038e-04
5445,103.941846,14,9.768136e-04
5446,103.956548,7,8.215105e-04
5447,103.971251,7,8.776817e-04
5448,103.985953,7,8.966747e-04
5449,104.000656,7,9.869706e-04
5450,104.015358,10,9.603164e-04
5451,104.030059,6,8.258417e-04
5452,104.044761,14,8.346216e-04
5453,104.059462,7,7.975062e-04
5454,104.074163,7,9.799845e-04
5455,104.088864,8,8.934550e-04
5456,104.103565,12,9.687018e-04
5457,104.118265,6,9.300760e-04
5458,104.132966,7,9.529251e-04
5459,104.147666,14,9.182362e-04
5460,104.162366,7,7.599762e-04
5461,104.177065,7,8.529978e-04
5462,104.191764,8,9.098875e-04
5463,104.206463,10,9.985853e-04
5464,104.221162,6,9.722086e-04
5465,104.235861,15,8.995947e-04
5466,104.250559,7,9.635233e-04
5467,104.265257,8,9.156922e-04
5468,104.279955,7,9.641326e-04
5469,104.294653,12,9.218576e-04
5470,104.309350,7,8.780340e-04
5471,104.324048,15,9.217732e-04
5472,104.338745,7,9.660725e-04
5473,104.353442,9,9.132505e-04
5474,104.368138,11,9.965172e-04
5475,104.382834,7,9.866214e-04
5476,104.397531,16,9.746740e-04
5477,104.412227,8,9.587443e-04
5478,104.426923,7,9.537936e-04
5479,104.441618,12,9.742480e-04
5480,104.456314,13,8.948591e-04
5481,104.471009,9,8.461953e-04
5482,104.485704,7,9.548285e-04
5483,104.500399,14,9.761713e-04
5484,104.515094,7,8.114505e-04
5485,104.529789,7,8.960098e-04
5486,104.544484,17,8.936212e-04
5487,104.559178,7,7.279148e-04
5488,104.573873,7,7.136208e-04
5489,104.588567,8,8.842832e-04
5490,104.603261,9,9.701888e-04
5491,104.617955,6,9.567859e-04
5492,104.632649,14,8.958189e-04
5493,104.647343,7,8.259324e-04
5494,104.662037,7,9.416583e-04
5495,104.676731,8,9.047858e-04
5496,104.691425,7,9.878160e-04
5497,104.706118,13,9.189011e-04
5498,104.720812,7,7.938810e-04
5499,104.735505,7,8.297515e-04
5500,104.750198,8,8.671580e-04
5501,104.764892,11,9.252727e-04
5502,104.779585,6,8.869224e-04
5503,104.794278,7,9.798623e-04
5504,104.808971,13,9.307360e-04
5505,104.823664,7,6.733146e-04
5506,104.838356,7,8.125413e-04
5507,104.853049,8,8.665794e-04
5508,104.867742,8,9.764414e-04
5509,104.882434,10,9.641725e-04
5510,104.897127,6,9.217243e-04
5511,104.911819,8,9.558854e-04
5512,104.926512,13,9.778682e-04
5513,104.941204,7,7.283836e-04
5514,104.955897,7,8.079523e-04
5515,104.970589,7,9.583759e-04
5516,104.985282,8,9.086780e-04
5517,104.999974,7,9.405515e-04
5518,105.014667,10,9.962227e-04
5519,105.029359,6,8.186382e-04
5520,105.044051,7,8.931028e-04
5521,105.058744,8,9.021223e-04
5522,105.073437,7,9.049073e-04
5523,105.088129,8,9.591992e-04
5524,105.102822,7,9.173186e-04
5525,105.117515,7,9.519278e-04
5526,105.132207,7,9.561469e-04
5527,105.146900,7,9.295511e-04
5528,105.161593,7,9.120841e-04
5529,105.176287,7,8.942384e-04
5530,105.190980,7,8.786993e-04
5531,105.205673,7,8.676115e-04
5532,105.220367,7,8.629322e-04
5533,105.235060,7,8.677858e-04
5534,105.249754,7,8.822634e-04
5535,105.264448,7,9.125229e-04
5536,105.279142,7,9.536730e-04
5537,105.293836,13,9.834586e-04
5538,105.308531,6,9.805479e-04
5539,105.323225,7,7.813020e-04
5540,105.337920,6,9.416453e-04
5541,105.352615,7,7.942631e-04
5542,105.367310,7,8.074036e-04
5543,105.382005,7,9.201377e-04
5544,105.396701,12,8.858659e-04
5545,105.411396,6,8.930261e-04
5546,105.426092,7,9.201690e-04
5547,105.440789,7,9.707267e-04
5548,105.455485,15,9.370833e-04
5549,105.470181,7,7.990440e-04
5550,105.484878,6,9.511831e-04
5551,105.499575,7,9.852458e-04
5552,105.514273,7,9.858119e-04
5553,105.528970,6,9.815935e-04
5554,105.543668,7,8.067205e-04
5555,105.558366,6,9.235732e-04
5556,105.573064,7,8.475096e-04
5557,105.587763,7,9.394310e-04
5558,105.602462,14,8.293292e-04
5559,105.617161,7,8.004986e-04
5560,105.631860,8,9.742590e-04
5561,105.646560,6,9.235866e-04
5562,105.661260,7,9.910062e-04
5563,105.675960,8,9.594111e-04
5564,105.690661,6,8.736528e-04
5565,105.705362,7,9.899866e-04
5566,105.720063,12,8.743767e-04
5567,105.734765,6,8.084381e-04
5568,105.749467,7,7.930380e-04
5569,105.764169,7,9.150799e-04
5570,105.778872,8,9.691394e-04
5571,105.793575,12,9.766311e-04
5572,105.808278,6,8.126561e-04
5573,105.822982,7,6.896398e-04
5574,105.837686,7,8.082809e-04
5575,105.852390,7,9.938458e-04
5576,105.867095,9,9.932818e-04
5577,105.881800,6,7.921412e-04
5578,105.896505,7,9.064918e-04
5579,105.911211,8,9.401648e-04
5580,105.925917,7,9.359943e-04
5581,105.940623,14,9.325893e-04
5582,105.955330,7,7.927219e-04
5583,105.970037,7,8.000843e-04
5584,105.984744,7,8.671257e-04
5585,105.999452,7,9.776418e-04
5586,106.014160,8,9.652222e-04
5587,106.028868,10,9.976615e-04
5588,106.043577,6,8.627231e-04
5589,106.058286,8,8.926349e-04
5590,106.072995,14,8.981861e-04
5591,106.087705,7,6.943824e-04
5592,106.102415,7,8.060992e-04
5593,106.117125,7,9.752011e-04
5594,106.131836,8,8.587690e-04
5595,106.146547,7,8.415071e-04
5596,106.161259,7,9.844786e-04
5597,106.175971,8,9.591738e-04
5598,106.190683,7,9.675861e-04
5599,106.205395,13,8.895892e-04
5600,106.220108,6,9.473051e-04
5601,106.234821,7,8.060495e-04
5602,106.249535,7,9.023688e-04
5603,106.264249,7,9.311426e-04
5604,106.278963,7,9.489301e-04
5605,106.293678,7,9.623142e-04
5606,106.308393,7,9.883289e-04
5607,106.323108,8,9.126493e-04
5608,106.337824,7,8.781790e-04
5609,106.352540,7,9.666396e-04
5610,106.367256,7,9.988610e-04
5611,106.381973,7,9.798030e-04
5612,106.396690,7,9.664196e-04
5613,106.411407,7,9.512107e-04
5614,106.426125,7,9.409444e-04
5615,106.440843,7,9.375919e-04
5616,106.455562,7,9.394674e-04
5617,106.470280,7,9.459112e-04
5618,106.485000,7,9.547323e-04
5619,106.499719,7,9.642851e-04
5620,106.514439,7,9.803851e-04
5621,106.529159,7,9.954047e-04
5622,106.543880,8,9.948096e-04
5623,106.558601,6,9.789561e-04
5624,106.573322,8,9.776349e-04
5625,106.588044,6,9.803764e-04
5626,106.602766,14,9.626760e-04
5627,106.617488,7,7.995595e-04
5628,106.632210,6,9.677969e-04
5629,106.646933,7,8.401710e-04
5630,106.661657,7,8.111293e-04
5631,106.676380,7,8.811228e-04
5632,106.691104,8,9.690699e-04
5633,106.705828,6,9.621568e-04
5634,106.720553,12,9.678193e-04
5635,106.735277,6,7.859900e-04
5636,106.750002,7,8.010598e-04
5637,106.764728,7,8.568115e-04
5638,106.779453,7,8.593028e-04
5639,106.794179,7,9.756100e-04
5640,106.808905,13,9.368277e-04
5641,106.823632,6,9.905639e-04
5642,106.838358,7,8.408570e-04
5643,106.853085,6,9.714029e-04
5644,106.867812,7,8.989718e-04
5645,106.882540,7,9.470298e-04
5646,106.897267,13,8.732612e-04
5647,106.911995,6,9.648454e-04
5648,106.926723,7,8.420489e-04
5649,106.941451,7,8.149724e-04
5650,106.956180,7,8.471008e-04
5651,106.970909,7,9.121247e-04
5652,106.985637,7,9.496740e-04
5653,107.000367,7,9.515617e-04
5654,107.015096,7,9.230823e-04
5655,107.029825,7,8.900906e-04
5656,107.044555,7,8.737199e-04
5657,107.059285,7,8.725434e-04
5658,107.074015,7,8.728180e-04
5659,107.088745,7,8.640169e-04
5660,107.103475,7,8.446285e-04
5661,107.118206,7,8.200099e-04
5662,107.132936,7,7.970210e-04
5663,107.147667,7,7.808465e-04
5664,107.162398,7,7.758748e-04
5665,107.177129,7,7.845691e-04
5666,107.191860,7,8.067789e-04
5667,107.206591,7,8.416752e-04
5668,107.221323,7,8.854127e-04
5669,107.236054,7,9.326360e-04
5670,107.250786,7,9.782361e-04
5671,107.265517,14,8.857563e-04
5672,107.280249,7,7.871850e-04
5673,107.294981,7,8.173155e-04
5674,107.309713,7,8.552772e-04
5675,107.324445,7,9.018599e-04
5676,107.339177,7,9.195756e-04
5677,107.353909,7,9.382349e-04
5678,107.368641,7,9.615978e-04
5679,107.383373,7,9.968688e-04
5680,107.398106,13,8.785820e-04
5681,107.412838,7,8.062416e-04
5682,107.427570,7,9.588014e-04
5683,107.442302,7,9.107861e-04
5684,107.457035,7,8.608193e-04
5685,107.471767,7,8.699660e-04
5686,107.486499,7,9.328314e-04
5687,107.501231,7,9.928282e-04
5688,107.515964,13,9.405795e-04
5689,107.530696,7,8.120954e-04
5690,107.545428,7,9.821011e-04
5691,107.560160,7,9.357017e-04
5692,107.574892,7,8.782453e-04
5693,107.589625,7,8.675247e-04
5694,107.604357,7,9.141038e-04
5695,107.619089,7,9.776360e-04
5696,107.633821,8,9.875361e-04
5697,107.648553,7,9.200458e-04
5698,107.663284,8,9.633402e-04
5699,107.678016,7,9.786283e-04
5700,107.692748,14,9.227590e-04
5701,107.707480,7,7.406515e-04
5702,107.722211,7,7.756760e-04
5703,107.736942,7,8.851309e-04
5704,107.751674,7,9.658179e-04
5705,107.766405,7,9.936457e-04
5706,107.781136,8,9.569813e-04
5707,107.795867,7,9.753660e-04
5708,107.810598,13,9.321360e-04
5709,107.825329,7,7.537812e-04
5710,107.840059,7,8.973500e-04
5711,107.854790,7,9.136775e-04
5712,107.869520,8,9.290196e-04
5713,107.884251,12,9.492898e-04
5714,107.898981,6,8.990692e-04
5715,107.913711,7,7.905738e-04
5716,107.928440,7,9.745840e-04
5717,107.943170,12,9.332664e-04
5718,107.957900,6,8.964357e-04
5719,107.972629,7,7.425599e-04
5720,107.987358,7,9.620084e-04
5721,108.002087,12,9.429639e-04
5722,108.016816,6,9.138547e-04
5723,108.031545,7,7.620024e-04
5724,108.046273,7,9.623665e-04
5725,108.061002,11,9.988347e-04
5726,108.075730,6,8.469157e-04
5727,108.090458,7,8.411031e-04
5728,108.105186,13,9.532332e-04
5729,108.119914,6,9.076114e-04
5730,108.134641,7,6.908294e-04
5731,108.149369,7,8.917335e-04
5732,108.164096,8,9.706142e-04
5733,108.178823,11,9.674347e-04
5734,108.193550,6,8.226228e-04
5735,108.208277,7,8.507568e-04
5736,108.223004,9,9.881043e-04
5737,108.237730,12,9.397784e-04
5738,108.252456,6,8.650363e-04
5739,108.267182,7,7.386689e-04
5740,108.281908,7,8.484914e-04
5741,108.296634,8,9.334463e-04
5742,108.311360,10,9.526493e-04
5743,108.326085,6,8.614664e-04
5744,108.340811,8,9.052492e-04
5745,108.355536,14,8.822380e-04
5746,108.370261,7,7.113992e-04
5747,108.384986,7,7.591620e-04
5748,108.399710,7,8.704940e-04
5749,108.414435,8,8.509732e-04
5750,108.429159,8,9.593973e-04
5751,108.443883,12,8.532057e-04
5752,108.458608,6,9.158104e-04
5753,108.473331,7,9.142803e-04
5754,108.488055,8,9.288944e-04
5755,108.502779,14,8.762472e-04
5756,108.517502,7,7.334115e-04
5757,108.532225,7,7.885880e-04
5758,108.546949,7,9.347753e-04
5759,108.561672,9,9.672604e-04
5760,108.576395,7,8.929367e-04
5761,108.591117,12,9.918094e-04
5762,108.605840,6,8.808691e-04
5763,108.620563,7,8.682739e-04
5764,108.635285,7,9.924094e-04
5765,108.650007,12,9.931188e-04
5766,108.664730,6,9.204829e-04
5767,108.679452,7,7.798526e-04
5768,108.694174,7,9.535044e-04
5769,108.708896,8,9.663626e-04
5770,108.723618,7,9.627865e-04
5771,108.738339,12,9.552877e-04
5772,108.753061,6,8.792511e-04
5773,108.767782,7,7.880263e-04
5774,108.782504,7,9.120470e-04
5775,108.797225,8,9.913877e-04
5776,108.811946,12,9.072507e-04
5777,108.826668,6,9.291937e-04
5778,108.841389,7,7.961644e-04
5779,108.856110,7,9.693522e-04
5780,108.870830,12,9.457452e-04
5781,108.885551,6,9.762399e-04
5782,108.900272,7,9.288071e-04
5783,108.914992,15,9.727359e-04
5784,108.929712,7,8.267391e-04
5785,108.944432,7,8.112702e-04
5786,108.959152,8,8.894564e-04
5787,108.973872,10,9.016475e-04
5788,108.988592,7,8.745252e-04
5789,109.003311,15,9.613075e-04
5790,109.018031,8,9.390203e-04
5791,109.032750,8,9.714740e-04
5792,109.047469,8,9.326559e-04
5793,109.062188,12,9.782472e-04
5794,109.076907,7,8.275628e-04
5795,109.091625,15,9.281946e-04
5796,109.106343,7,8.820000e-04
5797,109.121062,9,9.262559e-04
5798,109.135780,6,9.973946e-04
5799,109.150497,11,9.853279e-04
5800,109.165215,6,9.117732e-04
5801,109.179932,15,8.473851e-04
5802,109.194650,7,9.397900e-04
5803,109.209367,8,9.804615e-04
5804,109.224084,7,9.059368e-04
5805,109.238801,12,9.367625e-04
5806,109.253517,6,9.656980e-04
5807,109.268234,14,9.349460e-04
5808,109.282950,7,8.442554e-04
5809,109.297666,8,9.823795e-04
5810,109.312382,7,9.327030e-04
5811,109.327098,12,9.360647e-04
5812,109.341814,6,9.120011e-04
5813,109.356529,7,9.542351e-04
5814,109.371245,15,9.800023e-04
5815,109.385960,7,9.274074e-04
5816,109.400675,8,9.798006e-04
5817,109.415390,7,9.398564e-04
5818,109.430105,8,9.041624e-04
5819,109.444820,7,9.113257e-04
5820,109.459535,8,9.982726e-04
5821,109.474249,13,9.433940e-04
5822,109.488963,7,8.478568e-04
5823,109.503678,7,9.429411e-04
5824,109.518392,7,8.900749e-04
5825,109.533106,7,8.932570e-04
5826,109.547819,7,9.359158e-04
5827,109.562533,8,9.643769e-04
5828,109.577247,7,9.359054e-04
5829,109.591960,13,9.835447e-04
5830,109.606673,6,9.658952e-04
5831,109.621386,7,8.912193e-04
5832,109.636099,7,9.118560e-04
5833,109.650812,7,9.151985e-04
5834,109.665525,7,9.822670e-04
5835,109.680237,8,9.991340e-04
5836,109.694950,6,9.966094e-04
5837,109.709662,12,9.654877e-04
5838,109.724374,6,7.629811e-04
5839,109.739086,7,6.976101e-04
5840,109.753798,7,8.073809e-04
5841,109.768509,7,9.184189e-04
5842,109.783221,8,9.947181e-04
5843,109.797932,10,9.764103e-04
5844,109.812644,6,6.934515e-04
5845,109.827355,7,8.022545e-04
5846,109.842066,8,8.909165e-04
5847,109.856776,10,9.942439e-04
5848,109.871487,6,7.081897e-04
5849,109.886198,7,8.316661e-04
5850,109.900908,8,9.546531e-04
5851,109.915618,10,9.456538e-04
5852,109.930329,6,7.216755e-04
5853,109.945039,7,8.279418e-04
5854,109.959748,8,9.375402e-04
5855,109.974458,10,9.906869e-04
5856,109.989168,6,7.203597e-04
5857,110.003877,7,8.262065e-04
5858,110.018587,8,9.435140e-04
5859,110.033296,11,8.833477e-04
5860,110.048005,6,7.394258e-04
5861,110.062714,7,7.226292e-04
5862,110.077423,7,9.278717e-04
5863,110.092131,11,9.165152e-04
5864,110.106840,6,8.050283e-04
5865,110.121548,7,8.206745e-04
5866,110.136257,13,9.617984e-04
5867,110.150965,6,8.838069e-04
5868,110.165673,6,9.836530e-04
5869,110.180381,7,8.595708e-04
5870,110.195088,7,9.580822e-04
5871,110.209796,11,9.186338e-04
5872,110.224504,6,7.853309e-04
5873,110.239211,7,7.608251e-04
5874,110.253918,7,8.882243e-04
5875,110.268625,7,9.777467e-04
5876,110.283333,12,9.541416e-04
5877,110.298039,6,8.763226e-04
5878,110.312746,7,7.114730e-04
5879,110.327453,6,9.948729e-04
5880,110.342160,7,9.303805e-04
5881,110.356866,7,9.662383e-04
5882,110.371573,7,9.456252e-04
5883,110.386279,7,9.638877e-04
5884,110.400986,7,9.598443e-04
5885,110.415692,7,9.592400e-04
5886,110.430398,7,9.637124e-04
5887,110.445104,7,9.700799e-04
5888,110.459810,7,9.746515e-04
5889,110.474516,7,9.799111e-04
5890,110.489223,7,9.875318e-04
5891,110.503929,7,9.977079e-04
5892,110.518635,8,9.751304e-04
5893,110.533341,7,8.846623e-04
5894,110.548047,7,9.566037e-04
5895,110.562753,8,9.616422e-04
5896,110.577459,7,9.003524e-04
5897,110.592166,7,9.888350e-04
5898,110.606872,8,9.874620e-04
5899,110.621579,7,9.147934e-04
5900,110.636285,8,9.269599e-04
5901,110.650992,7,9.430177e-04
5902,110.665699,8,9.411744e-04
5903,110.680405,7,9.574138e-04
5904,110.695112,8,9.701421e-04
5905,110.709820,7,9.920947e-04
5906,110.724527,12,9.209490e-04
5907,110.739234,6,8.353746e-04
5908,110.753942,7,7.625927e-04
5909,110.768650,7,9.203208e-04
5910,110.783358,9,9.818769e-04
5911,110.798067,7,9.974153e-04
5912,110.812775,13,9.625012e-04
5913,110.827484,7,6.892728e-04
5914,110.842193,7,8.704582e-04
5915,110.856902,7,9.131975e-04
5916,110.871612,10,9.994739e-04
5917,110.886322,7,9.791018e-04
5918,110.901032,14,8.610621e-04
5919,110.915743,7,8.262939e-04
5920,110.930454,7,9.643872e-04
5921,110.945165,7,9.194308e-04
5922,110.959877,8,9.754390e-04
5923,110.974589,13,8.541493e-04
5924,110.989301,7,7.372309e-04
5925,111.004014,7,9.042563e-04
5926,111.018727,8,8.126585e-04
5927,111.033440,13,9.572190e-04
5928,111.048154,7,7.041155e-04
5929,111.062869,7,8.800486e-04
5930,111.077584,8,9.071308e-04
5931,111.092299,13,8.755191e-04
5932,111.107015,7,7.210987e-04
5933,111.121732,7,8.403448e-04
5934,111.136448,7,9.265455e-04
5935,111.151166,8,9.576684e-04
5936,111.165884,13,8.660225e-04
5937,111.180602,7,7.562245e-04
5938,111.195321,7,8.255864e-04
5939,111.210040,7,8.287824e-04
5940,111.224760,7,9.309606e-04
5941,111.239481,8,9.408864e-04
5942,111.254202,7,9.947121e-04
5943,111.268923,13,9.315558e-04
5944,111.283645,7,7.643339e-04
5945,111.298368,7,8.940002e-04
5946,111.313091,7,8.451913e-04
5947,111.327815,7,8.609678e-04
5948,111.342539,7,9.572920e-04
5949,111.357264,11,9.364387e-04
5950,111.371989,6,8.097408e-04
5951,111.386715,7,8.300783e-04
5952,111.401442,7,9.832190e-04
5953,111.416169,15,9.182507e-04
5954,111.430897,7,8.091517e-04
5955,111.445625,6,8.926319e-04
5956,111.460353,7,8.145151e-04
5957,111.475083,7,8.875662e-04
5958,111.489812,7,9.414406e-04
5959,111.504543,8,9.690699e-04
5960,111.519274,6,9.950699e-04
5961,111.534005,13,9.584524e-04
5962,111.548737,7,8.519895e-04
5963,111.563470,8,9.592345e-04
5964,111.578203,6,9.411686e-04
5965,111.592936,8,9.949046e-04
5966,111.607671,14,9.240855e-04
5967,111.622405,7,8.966557e-04
5968,111.637141,7,8.321558e-04
5969,111.651876,7,7.857021e-04
5970,111.666613,7,9.426723e-04
5971,111.681350,12,8.893392e-04
5972,111.696087,6,8.615949e-04
5973,111.710825,7,7.870530e-04
5974,111.725563,7,9.466732e-04
5975,111.740303,14,9.767695e-04
5976,111.755042,7,8.023175e-04
5977,111.769782,6,9.189115e-04
5978,111.784523,7,9.070318e-04
5979,111.799264,7,9.656098e-04
5980,111.814006,7,9.001415e-04
5981,111.828748,7,8.952597e-04
5982,111.843491,7,9.306794e-04
5983,111.858235,12,9.435693e-04
5984,111.872978,6,8.147792e-04
5985,111.887723,7,7.293192e-04
5986,111.902468,6,9.563582e-04
5987,111.917213,7,9.444596e-04
5988,111.931959,8,9.593148e-04
5989,111.946706,6,9.045779e-04
5990,111.961452,12,9.561249e-04
5991,111.976200,6,7.506584e-04
5992,111.990948,7,7.226747e-04
5993,112.005696,7,7.957852e-04
5994,112.020445,7,9.004516e-04
5995,112.035194,10,9.972342e-04
5996,112.049944,6,7.389391e-04
5997,112.064694,7,8.564716e-04
5998,112.079444,8,9.987441e-04
5999,112.094195,6,9.947441e-04
6000,112.108947,13,9.421917e-04
6001,112.123698,6,9.765555e-04
6002,112.138450,7,8.082762e-04
6003,112.153203,7,7.619621e-04
6004,112.167956,7,8.031746e-04
6005,112.182709,7,8.753081e-04
6006,112.197462,7,9.184958e-04
6007,112.212216,7,9.219715e-04
6008,112.226970,7,8.944313e-04
6009,112.241725,7,8.666440e-04
6010,112.256480,7,8.613187e-04
6011,112.271235,7,8.791243e-04
6012,112.285990,7,9.059575e-04
6013,112.300746,7,9.262732e-04
6014,112.315502,7,9.330731e-04
6015,112.330259,7,9.296633e-04
6016,112.345015,7,9.237986e-04
6017,112.359772,7,9.217949e-04
6018,112.374530,7,9.260214e-04
6019,112.389287,7,9.354968e-04
6020,112.404045,7,9.477928e-04
6021,112.418804,7,9.602071e-04
6022,112.433562,7,9.702636e-04
6023,112.448321,7,9.775888e-04
6024,112.463081,7,9.822387e-04
6025,112.477840,7,9.854583e-04
6026,112.492600,7,9.885141e-04
6027,112.507360,7,9.918478e-04
6028,112.522121,7,9.970391e-04
6029,112.536882,14,9.166825e-04
6030,112.551643,7,8.020772e-04
6031,112.566404,7,9.061275e-04
6032,112.581166,7,9.088061e-04
6033,112.595928,7,9.668351e-04
6034,112.610690,8,9.911489e-04
6035,112.625453,6,9.167793e-04
6036,112.640216,8,9.694784e-04
6037,112.654979,6,9.204385e-04
6038,112.669742,8,9.977384e-04
6039,112.684506,6,9.331447e-04
6040,112.699270,14,8.771152e-04
6041,112.714034,7,7.947070e-04
6042,112.728799,7,9.569938e-04
6043,112.743563,7,9.833966e-04
6044,112.758328,7,9.637631e-04
6045,112.773093,7,9.043568e-04
6046,112.787859,7,8.613345e-04
6047,112.802624,7,8.353621e-04
6048,112.817390,7,8.315810e-04
6049,112.832156,7,8.438531e-04
6050,112.846923,7,8.574421e-04
6051,112.861689,7,8.578759e-04
6052,112.876456,7,8.413121e-04
6053,112.891223,6,9.966708e-04
6054,112.905990,7,8.698410e-04
6055,112.920757,6,9.628926e-04
6056,112.935524,7,8.592554e-04
6057,112.950292,6,9.615221e-04
6058,112.965060,7,8.548997e-04
6059,112.979828,6,9.562950e-04
6060,112.994596,7,8.536376e-04
6061,113.009365,6,9.533403e-04
6062,113.024134,7,8.548908e-04
6063,113.038902,6,9.548124e-04
6064,113.053671,7,8.654781e-04
6065,113.068441,6,9.678007e-04
6066,113.083210,7,8.902628e-04
6067,113.097980,6,9.896339e-04
6068,113.112750,7,9.309118e-04
6069,113.127520,7,9.524587e-04
6070,113.142290,7,9.338137e-04
6071,113.157060,7,9.604577e-04
6072,113.171831,7,9.776427e-04
6073,113.186601,7,9.972486e-04
6074,113.201372,15,9.414260e-04
6075,113.216143,7,8.442989e-04
6076,113.230914,7,8.634536e-04
6077,113.245686,7,8.863186e-04
6078,113.260457,7,9.452976e-04
6079,113.275228,7,9.983061e-04
6080,113.290000,8,9.720700e-04
6081,113.304772,7,8.772449e-04
6082,113.319544,7,9.726596e-04
6083,113.334316,14,8.713396e-04
6084,113.349088,7,8.288918e-04
6085,113.363860,7,9.308438e-04
6086,113.378632,7,9.260617e-04
6087,113.393404,7,9.689573e-04
6088,113.408177,8,9.789338e-04
6089,113.422949,12,9.696329e-04
6090,113.437722,6,9.554451e-04
6091,113.452494,7,9.157895e-04
6092,113.467267,8,9.223259e-04
6093,113.482040,15,9.348099e-04
6094,113.496813,7,7.990809e-04
6095,113.511585,6,9.947000e-04
6096,113.526358,7,9.274908e-04
6097,113.541131,8,9.585328e-04
6098,113.555905,7,9.586831e-04
6099,113.570678,12,8.780406e-04
6100,113.585451,6,8.377291e-04
6101,113.600224,7,7.882542e-04
6102,113.614998,7,9.028659e-04
6103,113.629771,8,9.927853e-04
6104,113.644545,12,9.886053e-04
6105,113.659318,6,8.658049e-04
6106,113.674092,7,7.228379e-04
6107,113.688865,7,7.857534e-04
6108,113.703639,7,9.411800e-04
6109,113.718413,9,9.683129e-04
6110,113.733187,6,9.073886e-04
6111,113.747961,13,9.363683e-04
6112,113.762735,6,8.932860e-04
6113,113.777509,7,8.167348e-04
6114,113.792283,7,8.502272e-04
6115,113.807057,7,9.235673e-04
6116,113.821832,9,9.692910e-04
6117,113.836606,6,9.797077e-04
6118,113.851381,13,9.141797e-04
6119,113.866155,6,9.203660e-04
6120,113.880930,7,8.585908e-04
6121,113.895705,7,9.219942e-04
6122,113.910479,8,9.124306e-04
6123,113.925254,12,9.325898e-04
6124,113.940029,6,9.016575e-04
6125,113.954804,7,8.448341e-04
6126,113.969579,8,9.233594e-04
6127,113.984355,12,9.622406e-04
6128,113.999130,6,9.081146e-04
6129,114.013905,7,8.340930e-04
6130,114.028681,8,9.480348e-04
6131,114.043457,12,9.727835e-04
6132,114.058232,6,9.342191e-04
6133,114.073008,7,8.697126e-04
6134,114.087784,9,9.927281e-04
6135,114.102561,13,8.582851e-04
6136,114.117337,7,7.475449e-04
6137,114.132113,7,8.348192e-04
6138,114.146890,8,8.651040e-04
6139,114.161667,12,9.046003e-04
6140,114.176444,6,9.573068e-04
6141,114.191221,8,8.793806e-04
6142,114.205998,16,9.091001e-04
6143,114.220775,7,8.899673e-04
6144,114.235552,7,8.334405e-04
6145,114.250330,7,9.836498e-04
6146,114.265108,9,9.414197e-04
6147,114.279886,7,9.897510e-04
6148,114.294663,14,9.083640e-04
6149,114.309442,7,9.540981e-04
6150,114.324220,8,9.744285e-04
6151,114.338998,7,9.666191e-04
6152,114.353776,16,9.814347e-04
6153,114.368555,7,9.314192e-04
6154,114.383334,7,8.137866e-04
6155,114.398112,8,9.493216e-04
6156,114.412891,11,9.529215e-04
6157,114.427670,6,8.582071e-04
6158,114.442449,7,8.984261e-04
6159,114.457228,8,9.742792e-04
6160,114.472007,13,9.886484e-04
6161,114.486786,7,8.595343e-04
6162,114.501565,7,8.675341e-04
6163,114.516344,7,9.085925e-04
6164,114.531123,8,9.434817e-04
6165,114.545903,11,9.444958e-04
6166,114.560682,6,8.296154e-04
6167,114.575461,7,8.575496e-04
6168,114.590240,8,9.699611e-04
6169,114.605020,12,9.476579e-04
6170,114.619799,6,8.990883e-04
6171,114.634578,7,7.389889e-04
6172,114.649357,7,8.579079e-04
6173,114.664136,10,9.360644e-04
6174,114.678915,6,8.291441e-04
6175,114.693694,14,8.317860e-04
6176,114.708473,6,9.845216e-04
6177,114.723252,7,8.913648e-04
6178,114.738030,7,8.662286e-04
6179,114.752809,9,9.336965e-04
6180,114.767587,12,7.708341e-04
6181,114.782366,6,8.363038e-04
6182,114.797144,7,9.081041e-04
6183,114.811922,16,9.479738e-04
6184,114.826700,6,9.927820e-04
6185,114.841478,7,7.304458e-04
6186,114.856255,9,9.340914e-04
6187,114.871033,6,9.191143e-04
6188,114.885810,12,9.775935e-04
6189,114.900587,6,9.392271e-04
6190,114.915364,15,8.933255e-04
6191,114.930141,10,9.369591e-04
6192,114.944917,6,9.050757e-04
6193,114.959693,9,9.607960e-04
6194,114.974469,6,7.873317e-04
6195,114.989245,11,9.307354e-04
6196,115.004021,6,7.506879e-04
6197,115.018796,15,8.533047e-04
6198,115.033571,6,9.250861e-04
6199,115.048346,8,9.534694e-04
6200,115.063120,9,9.165033e-04
6201,115.077894,5,9.539325e-04
6202,115.092668,7,8.861936e-04
6203,115.107442,12,8.995906e-04
6204,115.122216,6,8.943813e-04
6205,115.136989,7,8.982395e-04
6206,115.151762,15,9.088742e-04
6207,115.166534,7,8.085461e-04
6208,115.181307,11,9.207939e-04
6209,115.196079,6,6.642098e-04
6210,115.210851,7,8.231796e-04
6211,115.225622,7,9.266010e-04
6212,115.240393,7,8.301090e-04
6213,115.255164,7,8.961467e-04
6214,115.269935,8,9.829480e-04
6215,115.284706,6,9.969920e-04
6216,115.299476,16,9.038496e-04
6217,115.314246,8,9.662802e-04
6218,115.329015,6,9.967671e-04
6219,115.343785,13,9.331535e-04
6220,115.358554,7,8.249105e-04
6221,115.373323,10,9.726986e-04
6222,115.388092,6,7.398516e-04
6223,115.402860,7,9.541394e-04
6224,115.417628,13,9.340542e-04
6225,115.432396,7,8.202931e-04
6226,115.447164,6,9.734454e-04
6227,115.461931,7,8.446064e-04
6228,115.476699,7,9.502551e-04
6229,115.491466,8,9.832482e-04
6230,115.506232,7,9.372300e-04
6231,115.520999,8,9.772416e-04
6232,115.535766,7,9.697086e-04
6233,115.550532,8,9.723387e-04
6234,115.565298,7,9.469722e-04
6235,115.580064,8,9.355229e-04
6236,115.594830,7,9.287107e-04
6237,115.609595,8,9.209522e-04
6238,115.624361,7,9.343484e-04
6239,115.639126,8,9.416850e-04
6240,115.653891,7,9.569944e-04
6241,115.668656,8,9.749403e-04
6242,115.683421,7,9.794574e-04
6243,115.698186,12,9.592830e-04
6244,115.712951,6,7.961534e-04
6245,115.727716,7,7.173316e-04
6246,115.742480,7,8.063718e-04
6247,115.757245,7,9.380924e-04
6248,115.772009,12,9.205379e-04
6249,115.786774,6,8.496189e-04
6250,115.801538,7,7.374839e-04
6251,115.816303,7,8.502052e-04
6252,115.831067,8,9.390325e-04
6253,115.845832,12,9.930482e-04
6254,115.860596,6,8.829358e-04
6255,115.875361,7,7.664909e-04
6256,115.890125,7,7.947191e-04
6257,115.904890,7,9.499571e-04
6258,115.919655,12,9.583063e-04
6259,115.934419,6,9.323731e-04
6260,115.949184,7,8.064789e-04
6261,115.963949,7,9.586976e-04
6262,115.978713,15,9.684906e-04
6263,115.993478,7,8.162164e-04
6264,116.008243,6,8.756048e-04
6265,116.023008,7,8.009625e-04
6266,116.037773,7,9.272535e-04
6267,116.052538,9,9.604131e-04
6268,116.067303,6,9.323840e-04
6269,116.082069,14,9.595338e-04
6270,116.096834,7,9.536773e-04
6271,116.111600,8,9.523076e-04
6272,116.126365,6,9.267791e-04
6273,116.141131,8,9.163622e-04
6274,116.155897,13,9.144004e-04
6275,116.170663,7,8.144149e-04
6276,116.185429,7,8.339342e-04
6277,116.200196,7,9.004077e-04
6278,116.214962,13,9.997897e-04
6279,116.229729,6,9.949385e-04
6280,116.244496,7,7.726831e-04
6281,116.259263,7,9.453931e-04
6282,116.274030,13,9.435374e-04
6283,116.288797,6,9.919692e-04
6284,116.303565,7,7.953100e-04
6285,116.318333,7,9.056776e-04
6286,116.333101,12,9.848974e-04
6287,116.347869,6,8.912981e-04
6288,116.362638,7,8.475418e-04
6289,116.377407,13,9.863215e-04
6290,116.392176,6,8.956702e-04
6291,116.406945,7,7.591756e-04
6292,116.421715,7,9.153424e-04
6293,116.436485,7,9.969352e-04
6294,116.451255,11,9.970991e-04
6295,116.466026,6,8.132935e-04
6296,116.480797,7,8.161318e-04
6297,116.495568,7,9.577444e-04
6298,116.510339,8,9.774052e-04
6299,116.525111,7,9.389619e-04
6300,116.539883,8,9.579253e-04
6301,116.554655,7,9.127357e-04
6302,116.569428,7,9.420301e-04
6303,116.584201,7,9.591674e-04
6304,116.598975,7,9.528859e-04
6305,116.613748,7,9.716029e-04
6306,116.628522,8,9.456871e-04
6307,116.643297,7,9.095061e-04
6308,116.658072,7,9.991753e-04
6309,116.672847,13,9.992047e-04
6310,116.687622,6,9.691071e-04
6311,116.702398,7,7.567713e-04
6312,116.717174,7,8.021412e-04
6313,116.731951,7,8.732615e-04
6314,116.746727,7,9.605430e-04
6315,116.761505,8,9.477961e-04
6316,116.776282,7,9.729309e-04
6317,116.791060,14,8.556437e-04
6318,116.805838,7,8.493864e-04
6319,116.820617,7,9.843106e-04
6320,116.835396,7,8.959491e-04
6321,116.850176,7,8.920614e-04
6322,116.864955,7,9.960223e-04
6323,116.879736,12,9.647622e-04
6324,116.894516,6,9.209700e-04
6325,116.909297,7,8.518892e-04
6326,116.924079,7,9.336654e-04
6327,116.938861,8,9.339158e-04
6328,116.953643,13,9.086016e-04
6329,116.968426,6,9.908590e-04
6330,116.983209,7,7.830312e-04
6331,116.997992,7,8.415103e-04
6332,117.012776,7,9.977705e-04
6333,117.027561,11,9.431631e-04
6334,117.042345,6,8.203719e-04
6335,117.057131,7,8.054140e-04
6336,117.071916,7,9.901204e-04
6337,117.086703,15,9.141055e-04
6338,117.101489,7,8.368132e-04
6339,117.116276,6,9.615603e-04
6340,117.131064,7,9.033641e-04
6341,117.145851,7,9.049566e-04
6342,117.160640,7,8.391011e-04
6343,117.175429,7,8.178468e-04
6344,117.190218,7,7.984184e-04
6345,117.205008,7,7.966858e-04
6346,117.219798,7,8.162676e-04
6347,117.234588,7,8.553564e-04
6348,117.249379,7,8.998106e-04
6349,117.264171,7,9.338604e-04
6350,117.278963,7,9.456266e-04
6351,117.293755,7,9.368055e-04
6352,117.308548,7,9.173614e-04
6353,117.323341,7,8.989846e-04
6354,117.338135,7,8.899626e-04
6355,117.352929,7,8.893810e-04
6356,117.367724,7,8.938891e-04
6357,117.382519,7,8.973110e-04
6358,117.397314,7,8.932042e-04
6359,117.412110,7,8.774640e-04
6360,117.426906,7,8.506107e-04
6361,117.441703,6,9.871692e-04
6362,117.456500,7,8.674665e-04
6363,117.471298,6,9.384906e-04
6364,117.486096,7,8.346608e-04
6365,117.500895,6,9.235070e-04
6366,117.515694,7,8.162690e-04
6367,117.530493,6,9.221726e-04
6368,117.545293,7,8.318128e-04
6369,117.560093,6,9.463269e-04
6370,117.574893,7,8.797655e-04
6371,117.589694,6,9.918041e-04
6372,117.604496,7,9.560823e-04
6373,117.619298,7,9.744228e-04
6374,117.634100,7,9.384932e-04
6375,117.648902,7,9.765258e-04
6376,117.663705,14,9.238283e-04
6377,117.678509,7,7.972936e-04
6378,117.693312,6,9.592402e-04
6379,117.708116,7,8.032553e-04
6380,117.722921,7,7.999913e-04
6381,117.737725,7,9.630542e-04
6382,117.752530,10,9.983415e-04
6383,117.767336,6,7.106360e-04
6384,117.782141,7,8.953460e-04
6385,117.796947,15,9.308938e-04
6386,117.811754,7,8.300456e-04
6387,117.826560,6,9.847606e-04
6388,117.841367,7,9.238237e-04
6389,117.856174,7,8.884794e-04
6390,117.870981,7,9.425653e-04
6391,117.885789,10,9.862878e-04
6392,117.900597,6,7.750444e-04
6393,117.915405,15,8.565266e-04
6394,117.930213,7,7.980446e-04
6395,117.945022,7,9.299761e-04
6396,117.959831,7,8.300359e-04
6397,117.974640,6,9.813394e-04
6398,117.989449,7,9.221799e-04
6399,118.004259,8,9.720983e-04
6400,118.019068,6,9.241731e-04
6401,118.033878,14,8.965616e-04
6402,118.048688,11,8.065760e-04
6403,118.063499,6,8.191096e-04
6404,118.078309,7,9.173553e-04
6405,118.093120,6,9.917333e-04
6406,118.107930,7,9.328400e-04
6407,118.122741,7,8.997822e-04
6408,118.137552,6,9.831117e-04
6409,118.152364,7,9.121521e-04
6410,118.167175,7,9.073165e-04
6411,118.181987,7,8.699005e-04
6412,118.196798,7,8.806916e-04
6413,118.211610,7,8.691396e-04
6414,118.226422,7,8.483952e-04
6415,118.241234,6,9.944187e-04
6416,118.256046,7,8.549459e-04
6417,118.270858,6,9.397280e-04
6418,118.285670,7,8.160548e-04
6419,118.300482,6,9.366291e-04
6420,118.315295,7,8.138292e-04
6421,118.330107,6,9.590427e-04
6422,118.344920,7,8.620916e-04
6423,118.359732,7,8.523621e-04
6424,118.374545,7,8.441131e-04
6425,118.389358,7,8.807149e-04
6426,118.404170,7,9.084086e-04
6427,118.418983,7,9.384857e-04
6428,118.433796,7,9.679904e-04
6429,118.448609,7,9.934491e-04
6430,118.463422,8,9.869313e-04
6431,118.478235,6,9.578722e-04
6432,118.493049,8,9.477774e-04
6433,118.507862,6,9.586521e-04
6434,118.522675,8,9.672644e-04
6435,118.537489,6,9.345754e-04
6436,118.552302,7,9.889512e-04
6437,118.567116,7,9.845188e-04
6438,118.581929,7,8.902033e-04
6439,118.596743,7,8.718943e-04
6440,118.611556,7,8.446748e-04
6441,118.626370,7,8.253320e-04
6442,118.641184,7,8.139002e-04
6443,118.655998,7,8.097219e-04
6444,118.670812,7,8.109980e-04
6445,118.685626,7,8.151060e-04
6446,118.700440,7,8.215995e-04
6447,118.715254,7,8.301346e-04
6448,118.730069,7,8.442246e-04
6449,118.744883,7,8.609825e-04
6450,118.759697,7,8.744143e-04
6451,118.774512,7,8.821860e-04
6452,118.789326,7,8.847855e-04
6453,118.804141,7,8.849426e-04
6454,118.818955,7,8.843825e-04
6455,118.833770,7,8.836292e-04
6456,118.848584,7,8.839515e-04
6457,118.863399,7,8.860905e-04
6458,118.878213,7,8.911067e-04
6459,118.893028,7,9.002819e-04
6460,118.907843,7,9.149087e-04
6461,118.922657,7,9.334277e-04
6462,118.937472,7,9.552279e-04
6463,118.952287,7,9.787893e-04
6464,118.967102,8,9.556462e-04
6465,118.981916,6,9.959614e-04
6466,118.996731,8,9.663793e-04
6467,119.011546,7,9.634500e-04
6468,119.026361,7,9.931416e-04
6469,119.041176,8,9.811366e-04
6470,119.055991,6,9.972098e-04
6471,119.070806,8,9.598108e-04
6472,119.085620,6,9.977926e-04
6473,119.100435,8,9.726587e-04
6474,119.115250,6,9.682577e-04
6475,119.130065,8,9.270394e-04
6476,119.144881,6,9.447821e-04
6477,119.159696,7,9.816948e-04
6478,119.174511,7,9.773298e-04
6479,119.189326,7,9.059192e-04
6480,119.204141,7,9.197639e-04
6481,119.218957,7,9.263142e-04
6482,119.233772,7,9.393031e-04
6483,119.248587,7,9.575833e-04
6484,119.263403,7,9.801045e-04
6485,119.278218,8,9.548267e-04
6486,119.293034,6,9.625808e-04
6487,119.307849,8,9.918073e-04
6488,119.322665,12,9.714014e-04
6489,119.337481,6,8.119228e-04
6490,119.352297,7,6.675785e-04
6491,119.367112,7,7.567932e-04
6492,119.381928,7,8.670997e-04
6493,119.396744,7,9.550139e-04
6494,119.411560,8,9.116447e-04
6495,119.426376,6,9.475075e-04
6496,119.441192,13,8.990137e-04
6497,119.456008,6,8.899222e-04
6498,119.470824,7,8.385631e-04
6499,119.485640,7,8.187638e-04
6500,119.500456,6,9.910665e-04
6501,119.515272,7,9.122808e-04
6502,119.530088,7,9.146143e-04
6503,119.544904,7,8.845515e-04
6504,119.559720,7,8.700059e-04
6505,119.574536,6,9.871598e-04
6506,119.589352,7,8.754109e-04
6507,119.604168,6,9.352655e-04
6508,119.618984,7,8.704184e-04
6509,119.633800,6,9.496808e-04
6510,119.648616,7,8.967589e-04
6511,119.663432,6,9.797058e-04
6512,119.678247,7,9.738112e-04
6513,119.693063,11,9.493910e-04
6514,119.707879,6,6.831373e-04
6515,119.722695,6,9.401485e-04
6516,119.737511,7,8.265010e-04
6517,119.752327,7,9.779490e-04
6518,119.767142,12,9.157620e-04
6519,119.781958,6,8.187343e-04
6520,119.796774,6,9.249011e-04
6521,119.811589,7,7.834369e-04
6522,119.826405,8,9.229124e-04
6523,119.841220,6,9.890502e-04
6524,119.856036,12,9.269017e-04
6525,119.870851,6,8.143069e-04
6526,119.885666,7,7.662995e-04
6527,119.900482,7,8.277849e-04
6528,119.915297,7,9.988357e-04
6529,119.930112,11,9.940818e-04
6530,119.944927,6,7.769796e-04
6531,119.959742,6,9.974092e-04
6532,119.974557,7,9.350418e-04
6533,119.989371,10,9.526208e-04
6534,120.004186,6,6.955370e-04
6535,120.019000,7,7.875803e-04
6536,120.033815,8,9.258609e-04
6537,120.048629,6,9.549251e-04
6538,120.063443,12,9.424163e-04
6539,120.078257,6,7.952336e-04
6540,120.093071,6,9.626430e-04
6541,120.107885,7,8.020227e-04
6542,120.122699,7,8.880020e-04
6543,120.137513,7,9.618044e-04
6544,120.152326,8,9.343628e-04
6545,120.167139,6,9.188735e-04
6546,120.181953,7,9.830917e-04
6547,120.196766,8,9.549948e-04
6548,120.211579,6,8.820626e-04
6549,120.226391,7,9.342731e-04
6550,120.241204,7,9.500058e-04
6551,120.256017,7,8.770028e-04
6552,120.270829,7,8.717682e-04
6553,120.285641,7,8.600886e-04
6554,120.300453,7,8.560949e-04
6555,120.315265,7,8.606494e-04
6556,120.330077,7,8.731684e-04
6557,120.344889,7,8.918305e-04
6558,120.359701,7,9.154887e-04
6559,120.374512,7,9.418448e-04
6560,120.389324,7,9.675635e-04
6561,120.404135,7,9.905202e-04
6562,120.418946,8,9.347735e-04
6563,120.433758,6,9.867170e-04
6564,120.448569,8,9.423161e-04
6565,120.463379,7,9.376468e-04
6566,120.478190,7,9.660292e-04
6567,120.493001,8,9.333964e-04
6568,120.507812,6,9.681257e-04
6569,120.522622,8,9.233141e-04
6570,120.537433,6,9.795830e-04
6571,120.552243,8,9.612649e-04
6572,120.567053,6,9.598476e-04
6573,120.581864,8,9.428075e-04
6574,120.596674,6,9.471275e-04
6575,120.611484,8,9.130270e-04
6576,120.626294,6,9.281351e-04
6577,120.641104,7,9.810642e-04
6578,120.655914,7,9.896707e-04
6579,120.670724,7,9.189875e-04
6580,120.685533,7,9.310384e-04
6581,120.700343,7,9.323964e-04
6582,120.715153,7,9.369062e-04
6583,120.729962,7,9.432500e-04
6584,120.744772,7,9.510075e-04
6585,120.759581,7,9.591928e-04
6586,120.774391,7,9.675833e-04
6587,120.789200,7,9.750772e-04
6588,120.804009,7,9.812919e-04
6589,120.818819,7,9.863238e-04
6590,120.833628,7,9.925719e-04
6591,120.848437,8,9.578575e-04
6592,120.863246,6,9.729368e-04
6593,120.878055,8,9.574897e-04
6594,120.892865,7,9.666005e-04
6595,120.907674,8,9.596295e-04
6596,120.922483,7,9.514499e-04
6597,120.937292,8,9.553932e-04
6598,120.952101,7,9.489602e-04
6599,120.966910,8,9.471513e-04
6600,120.981719,7,9.401848e-04
6601,120.996528,8,9.321624e-04
6602,121.011337,7,9.303445e-04
6603,121.026146,7,9.998893e-04
6604,121.040956,8,9.842388e-04
6605,121.055765,7,9.038573e-04
6606,121.070574,7,9.977028e-04
6607,121.085383,8,9.856096e-04
6608,121.100192,7,9.098254e-04
6609,121.115002,8,9.218820e-04
6610,121.129811,7,9.374115e-04
6611,121.144621,8,9.276027e-04
6612,121.159430,7,9.338460e-04
6613,121.174240,8,9.287440e-04
6614,121.189049,7,9.370797e-04
6615,121.203859,8,9.292330e-04
6616,121.218669,7,9.324889e-04
6617,121.233479,8,9.196447e-04
6618,121.248289,7,9.223297e-04
6619,121.263099,7,9.953769e-04
6620,121.277909,8,9.738933e-04
6621,121.292719,6,9.780582e-04
6622,121.307529,8,9.773856e-04
6623,121.322340,7,9.698785e-04
6624,121.337150,7,9.715433e-04
6625,121.351961,8,9.409379e-04
6626,121.366772,6,9.328222e-04
6627,121.381583,8,9.002527e-04
6628,121.396394,6,9.394456e-04
6629,121.411205,8,9.189425e-04
6630,121.426016,6,8.975062e-04
6631,121.440827,7,9.685111e-04
6632,121.455639,7,9.822024e-04
6633,121.470451,7,8.811407e-04
6634,121.485262,7,8.823261e-04
6635,121.500074,7,8.803770e-04
6636,121.514886,7,8.871519e-04
6637,121.529699,7,9.021324e-04
6638,121.544511,7,9.229777e-04
6639,121.559324,7,9.434864e-04
6640,121.574136,7,9.615399e-04
6641,121.588949,7,9.748962e-04
6642,121.603762,7,9.846130e-04
6643,121.618575,7,9.922118e-04
6644,121.633388,7,9.972546e-04
6645,121.648201,7,9.992589e-04
6646,121.663015,7,9.981849e-04
6647,121.677828,7,9.939933e-04
6648,121.692642,7,9.901465e-04
6649,121.707456,7,9.885953e-04
6650,121.722270,7,9.878091e-04
6651,121.737084,7,9.861675e-04
6652,121.751898,7,9.843767e-04
6653,121.766712,7,9.829552e-04
6654,121.781526,7,9.812120e-04
6655,121.796341,7,9.777316e-04
6656,121.811155,7,9.711627e-04
6657,121.825970,7,9.601289e-04
6658,121.840785,7,9.435112e-04
6659,121.855600,7,9.222365e-04
6660,121.870415,7,8.983374e-04
6661,121.885230,7,8.734051e-04
6662,121.900045,7,8.496635e-04
6663,121.914861,7,8.294437e-04
6664,121.929676,7,8.143232e-04
6665,121.944492,7,8.045503e-04
6666,121.959308,7,8.002128e-04
6667,121.974124,6,9.997759e-04
6668,121.988940,7,8.937411e-04
6669,122.003756,6,9.975347e-04
6670,122.018572,7,9.421273e-04
6671,122.033389,7,9.312066e-04
6672,122.048205,7,8.890785e-04
6673,122.063022,7,9.142460e-04
6674,122.077839,7,9.358100e-04
6675,122.092656,7,9.648274e-04
6676,122.107473,7,9.952264e-04
6677,122.122291,8,9.973176e-04
6678,122.137108,6,9.624584e-04
6679,122.151926,13,9.458915e-04
6680,122.166744,6,8.422261e-04
6681,122.181562,6,9.561454e-04
6682,122.196380,7,8.364815e-04
6683,122.211198,7,9.710777e-04
6684,122.226017,9,9.365731e-04
6685,122.240836,6,8.807932e-04
6686,122.255655,13,8.860871e-04
6687,122.270474,6,8.616004e-04
6688,122.285293,7,8.501432e-04
6689,122.300112,7,9.708466e-04
6690,122.314932,8,9.658846e-04
6691,122.329752,11,9.553367e-04
6692,122.344572,6,7.883721e-04
6693,122.359392,7,8.488648e-04
6694,122.374212,8,9.132581e-04
6695,122.389033,11,9.168554e-04
6696,122.403854,6,7.852216e-04
6697,122.418675,7,8.110148e-04
6698,122.433496,7,9.915973e-04
6699,122.448317,9,9.799307e-04
6700,122.463139,6,8.657615e-04
6701,122.477961,8,9.854400e-04
6702,122.492783,14,9.359196e-04
6703,122.507605,7,8.197493e-04
6704,122.522428,7,8.826726e-04
6705,122.537251,7,7.987008e-04
6706,122.552074,7,7.946271e-04
6707,122.566897,7,8.419082e-04
6708,122.581721,7,9.409273e-04
6709,122.596545,8,9.927248e-04
6710,122.611369,7,9.691069e-04
6711,122.626194,14,9.220150e-04
6712,122.641019,7,8.369002e-04
6713,122.655844,7,9.706920e-04
6714,122.670669,7,8.771918e-04
6715,122.685495,7,8.471655e-04
6716,122.700321,7,8.928959e-04
6717,122.715148,7,9.965166e-04
6718,122.729974,10,9.890927e-04
6719,122.744801,6,7.108911e-04
6720,122.759629,7,9.064246e-04
6721,122.774456,14,8.850343e-04
6722,122.789284,6,9.276741e-04
6723,122.804113,6,9.582714e-04
6724,122.818941,7,9.855852e-04
6725,122.833770,8,9.882326e-04
6726,122.848600,6,8.833686e-04
6727,122.863430,11,9.229358e-04
6728,122.878260,6,7.093417e-04
6729,122.893090,7,9.665582e-04
6730,122.907921,14,9.789213e-04
6731,122.922752,6,9.815107e-04
6732,122.937584,6,9.608635e-04
6733,122.952416,8,8.612682e-04
6734,122.967248,7,9.759592e-04
6735,122.982080,8,9.584671e-04
6736,122.996913,10,9.184942e-04
6737,123.011747,6,7.788271e-04
6738,123.026581,15,8.035592e-04
6739,123.041415,6,8.443658e-04
6740,123.056249,7,8.548482e-04
6741,123.071084,8,9.060345e-04
6742,123.085919,6,9.002300e-04
6743,123.100755,8,9.878036e-04
6744,123.115591,10,9.160675e-04
6745,123.130427,6,7.930322e-04
6746,123.145264,15,8.048333e-04
6747,123.160101,6,8.462229e-04
6748,123.174939,7,9.762380e-04
6749,123.189777,9,9.131082e-04
6750,123.204615,5,9.952719e-04
6751,123.219453,7,8.960078e-04
6752,123.234293,8,8.865873e-04
6753,123.249132,6,9.639906e-04
6754,123.263972,14,8.881739e-04
6755,123.278812,7,8.403684e-04
6756,123.293652,7,8.398302e-04
6757,123.308493,7,8.536705e-04
6758,123.323334,7,9.360385e-04
6759,123.338176,8,8.967538e-04
6760,123.353018,7,9.118702e-04
6761,123.367860,8,9.915201e-04
6762,123.382703,7,9.949221e-04
6763,123.397546,14,9.299338e-04
6764,123.412389,7,7.932013e-04
6765,123.427233,7,8.846341e-04
6766,123.442077,7,8.730284e-04
6767,123.456921,7,8.421191e-04
6768,123.471765,7,8.312409e-04
6769,123.486610,7,8.808914e-04
6770,123.501456,7,9.684151e-04
6771,123.516301,12,9.583655e-04
6772,123.531147,6,9.123397e-04
6773,123.545993,7,9.771676e-04
6774,123.560839,14,9.124815e-04
6775,123.575686,7,8.612499e-04
6776,123.590533,10,9.583149e-04
6777,123.605380,6,7.009273e-04
6778,123.620228,7,9.023833e-04
6779,123.635076,8,8.775567e-04
6780,123.649924,6,9.661229e-04
6781,123.664772,13,9.128685e-04
6782,123.679621,6,8.984307e-04
6783,123.694470,7,8.075856e-04
6784,123.709319,7,8.118462e-04
6785,123.724168,7,8.141812e-04
6786,123.739018,7,8.862964e-04
6787,123.753868,7,9.665041e-04
6788,123.768718,8,9.731492e-04
6789,123.783569,6,9.006344e-04
6790,123.798419,7,9.305167e-04
6791,123.813270,7,9.287296e-04
6792,123.828122,6,9.995947e-04
6793,123.842973,7,9.352840e-04
6794,123.857825,7,9.207204e-04
6795,123.872677,7,8.737825e-04
6796,123.887529,7,8.996904e-04
6797,123.902381,7,9.268022e-04
6798,123.917234,7,9.655662e-04
6799,123.932087,14,8.495287e-04
6800,123.946940,7,7.643081e-04
6801,123.961793,7,8.791416e-04
6802,123.976647,6,9.997004e-04
6803,123.991500,7,9.029587e-04
6804,124.006354,6,9.955986e-04
6805,124.021208,7,9.879906e-04
6806,124.036063,8,9.302572e-04
6807,124.050917,6,8.451616e-04
6808,124.065772,13,9.770713e-04
6809,124.080626,6,9.076705e-04
6810,124.095481,7,9.196496e-04
6811,124.110336,7,8.800325e-04
6812,124.125191,6,9.996998e-04
6813,124.140047,7,9.512032e-04
6814,124.154902,8,9.420892e-04
6815,124.169758,6,8.639698e-04
6816,124.184613,7,9.462777e-04
6817,124.199469,7,9.669023e-04
6818,124.214325,6,9.936951e-04
6819,124.229181,7,9.093785e-04
6820,124.244037,6,9.578177e-04
6821,124.258893,7,8.538992e-04
6822,124.273749,6,9.144454e-04
6823,124.288606,7,7.995602e-04
6824,124.303462,6,8.799733e-04
6825,124.318319,7,7.670058e-04
6826,124.333175,6,8.646928e-04
6827,124.348032,7,7.730188e-04
6828,124.362888,6,8.807912e-04
6829,124.377745,7,8.209804e-04
6830,124.392602,6,9.196932e-04
6831,124.407459,7,8.903905e-04
6832,124.422316,6,9.700815e-04
6833,124.437173,7,9.647544e-04
6834,124.452030,13,9.793575e-04
6835,124.466886,6,9.011993e-04
6836,124.481743,7,8.287870e-04
6837,124.496600,6,9.375206e-04
6838,124.511457,7,8.784878e-04
6839,124.526314,6,9.979251e-04
6840,124.541171,8,9.783251e-04
6841,124.556028,6,8.738439e-04
6842,124.570885,12,9.017468e-04
6843,124.585742,6,7.398611e-04
6844,124.600599,7,8.329378e-04
6845,124.615456,7,9.508201e-04
6846,124.630312,7,9.841858e-04
6847,124.645169,12,9.738731e-04
6848,124.660026,6,8.315737e-04
6849,124.674882,6,9.885241e-04
6850,124.689739,7,8.067045e-04
6851,124.704595,7,9.005595e-04
6852,124.719451,7,9.452036e-04
6853,124.734308,7,9.278874e-04
6854,124.749164,7,8.688458e-04
6855,124.764020,7,8.252950e-04
6856,124.778876,6,9.959206e-04
6857,124.793732,7,8.627672e-04
6858,124.808587,6,9.496542e-04
6859,124.823443,7,8.424997e-04
6860,124.838299,6,9.467344e-04
6861,124.853154,7,8.196558e-04
6862,124.868009,6,9.366807e-04
6863,124.882864,7,8.048146e-04
6864,124.897720,6,9.425106e-04
6865,124.912574,7,8.219727e-04
6866,124.927429,6,9.749903e-04
6867,124.942284,7,8.758395e-04
6868,124.957138,7,8.472680e-04
6869,124.971993,7,8.338053e-04
6870,124.986847,7,8.628268e-04
6871,125.001701,7,8.792954e-04
6872,125.016555,7,8.995095e-04
6873,125.031409,7,9.240432e-04
6874,125.046263,7,9.538951e-04
6875,125.061116,7,9.903013e-04
6876,125.075970,8,9.517185e-04
6877,125.090823,7,9.224233e-04
6878,125.105676,8,9.706003e-04
6879,125.120529,13,9.315996e-04
6880,125.135382,6,9.481831e-04
6881,125.150235,7,7.836998e-04
6882,125.165088,7,8.722106e-04
6883,125.179940,8,9.123503e-04
6884,125.194792,10,9.714282e-04
6885,125.209645,6,7.906025e-04
6886,125.224497,7,9.827126e-04
6887,125.239349,12,9.805653e-04
6888,125.254201,6,8.224802e-04
6889,125.269052,7,7.321505e-04
6890,125.283904,7,9.667339e-04
6891,125.298756,9,9.873471e-04
6892,125.313607,6,9.210097e-04
6893,125.328458,14,8.945787e-04
6894,125.343310,7,7.888843e-04
6895,125.358161,7,8.392566e-04
6896,125.373012,7,7.533030e-04
6897,125.387862,7,8.643722e-04
6898,125.402713,10,9.672961e-04
6899,125.417564,6,7.643268e-04
6900,125.432414,7,9.519504e-04
6901,125.447265,13,9.841614e-04
6902,125.462115,6,9.334845e-04
6903,125.476966,7,8.056214e-04
6904,125.491816,7,8.125216e-04
6905,125.506666,7,8.400417e-04
6906,125.521516,7,9.786533e-04
6907,125.536366,11,9.923180e-04
6908,125.551216,6,7.369492e-04
6909,125.566066,7,7.443173e-04
6910,125.580916,7,8.708657e-04
6911,125.595765,7,9.543856e-04
6912,125.610615,12,9.588554e-04
6913,125.625465,6,8.354791e-04
6914,125.640314,6,9.609647e-04
6915,125.655164,7,7.628752e-04
6916,125.670013,7,8.497954e-04
6917,125.684863,7,9.182474e-04
6918,125.699712,7,9.358394e-04
6919,125.714562,7,9.175260e-04
6920,125.729411,7,9.112300e-04
6921,125.744260,7,9.187047e-04
6922,125.759110,7,9.328691e-04
6923,125.773959,7,9.446894e-04
6924,125.788808,7,9.505541e-04
6925,125.803658,7,9.541859e-04
6926,125.818507,7,9.615505e-04
6927,125.833356,7,9.774434e-04
6928,125.848206,8,9.764585e-04
6929,125.863055,6,9.163601e-04
6930,125.877904,14,9.310739e-04
6931,125.892754,6,9.793493e-04
6932,125.907603,6,9.741647e-04
6933,125.922453,7,7.933283e-04
6934,125.937302,6,9.538398e-04
6935,125.952152,8,8.635955e-04
6936,125.967001,6,9.407366e-04
6937,125.981851,12,8.711501e-04
6938,125.996701,6,8.030960e-04
6939,126.011551,7,9.221549e-04
6940,126.026400,15,8.784112e-04
6941,126.041250,7,8.411591e-04
6942,126.056100,10,9.385587e-04
6943,126.070950,5,9.618709e-04
6944,126.085801,7,9.241467e-04
6945,126.100651,8,7.945493e-04
6946,126.115501,6,7.596962e-04
6947,126.130352,7,9.526655e-04
6948,126.145202,12,9.030390e-04
6949,126.160053,6,8.259502e-04
6950,126.174904,7,7.907786e-04
6951,126.189754,7,9.282196e-04
6952,126.204605,12,9.702882e-04
6953,126.219456,6,8.041325e-04
6954,126.234307,6,9.889674e-04
6955,126.249159,8,8.898469e-04
6956,126.264010,9,9.701738e-04
6957,126.278862,5,9.463903e-04
6958,126.293713,7,8.604558e-04
6959,126.308565,7,9.884947e-04
6960,126.323417,7,9.678999e-04
6961,126.338269,8,9.551587e-04
6962,126.353121,6,9.247206e-04
6963,126.367973,8,9.991992e-04
6964,126.382825,6,9.916774e-04
6965,126.397677,13,9.992091e-04
6966,126.412530,6,9.232048e-04
6967,126.427383,6,9.762068e-04
6968,126.442235,7,8.365078e-04
6969,126.457088,7,8.938238e-04
6970,126.471941,7,9.837993e-04
6971,126.486794,8,9.947837e-04
6972,126.501647,6,9.676870e-04
6973,126.516501,13,9.526256e-04
6974,126.531354,6,9.163218e-04
6975,126.546208,7,8.782378e-04
6976,126.561061,7,8.925984e-04
6977,126.575915,7,8.791473e-04
6978,126.590769,7,9.969555e-04
6979,126.605623,13,9.093720e-04
6980,126.620477,6,9.989732e-04
6981,126.635332,7,8.347472e-04
6982,126.650186,6,9.208631e-04
6983,126.665041,7,9.079305e-04
6984,126.679895,7,9.826872e-04
6985,126.694750,11,9.744817e-04
6986,126.709605,6,7.291394e-04
6987,126.724460,7,7.653092e-04
6988,126.739315,7,9.069597e-04
6989,126.754171,8,9.753993e-04
6990,126.769026,6,9.900066e-04
6991,126.783882,14,9.192082e-04
6992,126.798737,7,8.406426e-04
6993,126.813593,6,9.467356e-04
6994,126.828449,7,8.397949e-04
6995,126.843305,6,9.686063e-04
6996,126.858161,7,9.699834e-04
6997,126.873017,8,9.089071e-04
6998,126.887874,6,8.808677e-04
6999,126.902730,13,8.895952e-04
7000,126.917587,6,8.484002e-04
7001,126.932443,7,8.758318e-04
7002,126.947300,7,9.103562e-04
7003,126.962157,7,8.962573e-04
7004,126.977014,8,9.138766e-04
7005,126.991872,7,9.836710e-04
7006,127.006729,13,9.595725e-04
7007,127.021586,6,9.337813e-04
7008,127.036444,7,8.405275e-04
7009,127.051302,7,8.218790e-04
7010,127.066160,7,8.461310e-04
7011,127.081018,7,9.611767e-04
7012,127.095876,8,9.504441e-04
7013,127.110734,6,9.970472e-04
7014,127.125593,12,9.430042e-04
7015,127.140451,6,7.503136e-04
7016,127.155310,7,7.785925e-04
7017,127.170169,7,8.957115e-04
7018,127.185028,7,9.416361e-04
7019,127.199888,8,9.936605e-04
7020,127.214747,12,9.353303e-04
7021,127.229607,6,7.743993e-04
7022,127.244467,7,7.341843e-04
7023,127.259327,7,7.512447e-04
7024,127.274187,7,8.148636e-04
7025,127.289048,7,9.485128e-04
7026,127.303908,8,9.399124e-04
7027,127.318769,6,9.408882e-04
7028,127.333631,8,9.376326e-04
7029,127.348492,6,9.537367e-04
7030,127.363354,8,9.608380e-04
7031,127.378215,6,9.422915e-04
7032,127.393077,8,9.641259e-04
7033,127.407940,6,9.559638e-04
7034,127.422802,8,9.781934e-04
7035,127.437665,6,9.616213e-04
7036,127.452528,8,9.831060e-04
7037,127.467391,6,9.637872e-04
7038,127.482254,8,9.816756e-04
7039,127.497118,6,9.644918e-04
7040,127.511982,8,9.687542e-04
7041,127.526846,6,9.603174e-04
7042,127.541710,8,9.449693e-04
7043,127.556574,6,9.504185e-04
7044,127.571439,8,9.195885e-04
7045,127.586304,6,9.516659e-04
7046,127.601169,8,9.095591e-04
7047,127.616034,6,9.552031e-04
7048,127.630900,8,9.131794e-04
7049,127.645766,6,9.566840e-04
7050,127.660631,8,9.168214e-04
7051,127.675497,6,9.543872e-04
7052,127.690364,8,9.102113e-04
7053,127.705230,6,9.444599e-04
7054,127.720097,8,8.928146e-04
7055,127.734964,6,9.301941e-04
7056,127.749831,8,8.787639e-04
7057,127.764698,6,9.209413e-04
7058,127.779566,8,8.890401e-04
7059,127.794433,6,9.257886e-04
7060,127.809301,8,9.400047e-04
7061,127.824169,6,9.480651e-04
7062,127.839038,12,9.671874e-04
7063,127.853906,6,7.544792e-04
7064,127.868775,6,9.523691e-04
7065,127.883644,7,8.822181e-04
7066,127.898513,8,8.954261e-04
7067,127.913382,6,9.827173e-04
7068,127.928251,12,9.855144e-04
7069,127.943121,6,8.144221e-04
7070,127.957990,7,7.536479e-04
7071,127.972860,7,8.988189e-04
7072,127.987730,9,9.623834e-04
7073,128.002601,6,8.579433e-04
7074,128.017471,13,9.014496e-04
7075,128.032342,6,8.696280e-04
7076,128.047212,7,7.964633e-04
7077,128.062083,6,9.815731e-04
7078,128.076954,8,8.333617e-04
7079,128.091825,6,9.957495e-04
7080,128.106696,12,9.309983e-04
7081,128.121568,6,8.612229e-04
7082,128.136439,7,8.372239e-04
7083,128.151311,7,9.161868e-04
7084,128.166183,9,9.888905e-04
7085,128.181054,6,8.462015e-04
7086,128.195926,13,8.905950e-04
7087,128.210798,6,8.440444e-04
7088,128.225670,7,7.812103e-04
7089,128.240543,6,9.414326e-04
7090,128.255415,7,8.896559e-04
7091,128.270287,7,9.532809e-04
7092,128.285160,8,9.983507e-04
7093,128.300032,6,9.249908e-04
7094,128.314905,13,9.546576e-04
7095,128.329777,6,8.865744e-04
7096,128.344650,7,8.624922e-04
7097,128.359523,6,9.537513e-04
7098,128.374396,7,8.088207e-04
7099,128.389269,6,8.969149e-04
7100,128.404142,7,9.122716e-04
7101,128.419015,7,9.767133e-04
7102,128.433888,7,9.379794e-04
7103,128.448761,7,9.623916e-04
7104,128.463634,7,9.833604e-04
7105,128.478507,14,9.791169e-04
7106,128.493381,6,9.937994e-04
7107,128.508254,7,9.461817e-04
7108,128.523127,13,9.982439e-04
7109,128.538001,6,9.150275e-04
7110,128.552874,11,9.330546e-04
7111,128.567748,6,6.823992e-04
7112,128.582621,7,9.618514e-04
7113,128.597495,15,9.192274e-04
7114,128.612368,7,8.243981e-04
7115,128.627242,6,9.508321e-04
7116,128.642115,8,9.429024e-04
7117,128.656989,6,9.521985e-04
7118,128.671863,8,9.209126e-04
7119,128.686736,6,8.426712e-04
7120,128.701610,7,9.181434e-04
7121,128.716484,7,9.897404e-04
7122,128.731358,13,9.167914e-04
7123,128.746232,6,9.580413e-04
7124,128.761106,7,9.231877e-04
7125,128.775980,7,8.851585e-04
7126,128.790854,7,8.018126e-04
7127,128.805728,7,8.063519e-04
7128,128.820602,7,8.319095e-04
7129,128.835476,7,8.501444e-04
7130,128.850350,7,8.420708e-04
7131,128.865224,6,9.966869e-04
7132,128.880098,7,8.903386e-04
7133,128.894972,6,9.634802e-04
7134,128.909846,7,9.118949e-04
7135,128.924721,7,9.098017e-04
7136,128.939595,7,9.050704e-04
7137,128.954469,7,9.714821e-04
7138,128.969344,14,8.907546e-04
7139,128.984218,7,7.741438e-04
7140,128.999092,7,8.644387e-04
7141,129.013966,6,9.878407e-04
7142,129.028841,7,8.618870e-04
7143,129.043715,7,8.483186e-04
7144,129.058589,7,9.513241e-04
7145,129.073464,11,9.160898e-04
7146,129.088338,6,7.057694e-04
7147,129.103212,7,8.444273e-04
7148,129.118086,8,9.958637e-04
7149,129.132961,14,9.131020e-04
7150,129.147835,7,7.315050e-04
7151,129.162709,7,8.533036e-04
7152,129.177583,7,9.871555e-04
7153,129.192457,13,9.507795e-04
7154,129.207331,6,9.395838e-04
7155,129.222206,7,7.829722e-04
7156,129.237080,8,9.881620e-04
7157,129.251954,14,9.121761e-04
7158,129.266828,7,8.283886e-04
7159,129.281702,7,8.771705e-04
7160,129.296575,7,8.466604e-04
7161,129.311449,7,9.571617e-04
7162,129.326323,10,9.769909e-04
7163,129.341197,6,6.979305e-04
7164,129.356071,7,8.873512e-04
7165,129.370945,12,9.803230e-04
7166,129.385818,6,7.966157e-04
7167,129.400692,7,7.970581e-04
7168,129.415566,8,8.598193e-04
7169,129.430440,13,9.140068e-04
7170,129.445313,6,8.578495e-04
7171,129.460187,7,7.043138e-04
7172,129.475061,7,8.819574e-04
7173,129.489935,8,9.715657e-04
7174,129.504808,10,9.743868e-04
7175,129.519682,6,7.080678e-04
7176,129.534556,7,9.405812e-04
7177,129.549430,15,8.721033e-04
7178,129.564303,7,7.518717e-04
7179,129.579177,6,9.217283e-04
7180,129.594051,7,9.027093e-04
7181,129.608925,7,9.575421e-04
7182,129.623799,8,9.463875e-04
7183,129.638672,11,9.277968e-04
7184,129.653546,6,7.772392e-04
7185,129.668420,8,9.262633e-04
7186,129.683294,15,8.779506e-04
7187,129.698168,7,7.501314e-04
7188,129.713042,7,9.546290e-04
7189,129.727916,11,9.757093e-04
7190,129.742789,6,6.728675e-04
7191,129.757663,7,6.622241e-04
7192,129.772537,7,9.200763e-04
7193,129.787411,9,9.927042e-04
7194,129.802285,6,8.913109e-04
7195,129.817159,15,8.364973e-04
7196,129.832033,7,8.737656e-04
7197,129.846907,13,9.757521e-04
7198,129.861780,7,8.769823e-04
7199,129.876654,11,9.448955e-04
7200,129.891528,6,7.083609e-04
7201,129.906402,7,8.695830e-04
7202,129.921276,7,9.863205e-04
7203,129.936150,7,9.326755e-04
7204,129.951023,7,9.611791e-04
7205,129.965897,7,9.737876e-04
7206,129.980771,7,9.682290e-04
7207,129.995645,7,9.515454e-04
7208,130.010519,7,9.439462e-04
7209,130.025393,7,9.555582e-04
7210,130.040267,7,9.851259e-04
7211,130.055140,14,8.780979e-04
7212,130.070014,7,7.572885e-04
7213,130.084888,6,9.692304e-04
7214,130.099762,7,8.502079e-04
7215,130.114636,6,9.247400e-04
7216,130.129510,7,9.634537e-04
7217,130.144384,9,9.389910e-04
7218,130.159258,5,9.340080e-04
7219,130.174132,14,8.851916e-04
7220,130.189006,7,8.889704e-04
7221,130.203880,8,9.036912e-04
7222,130.218754,5,9.786629e-04
7223,130.233627,8,9.767869e-04
7224,130.248501,11,9.001291e-04
7225,130.263375,6,8.791691e-04
7226,130.278249,7,9.149914e-04
7227,130.293123,16,8.898997e-04
7228,130.307997,6,9.981339e-04
7229,130.322871,7,9.256736e-04
7230,130.337745,8,9.862624e-04
7231,130.352619,6,8.191015e-04
7232,130.367493,9,9.593623e-04
7233,130.382367,6,9.204186e-04
7234,130.397240,15,9.535699e-04
7235,130.412114,12,7.506343e-04
7236,130.426988,7,9.892799e-04
7237,130.441861,9,9.723893e-04
7238,130.456735,6,8.090372e-04
7239,130.471609,14,8.963675e-04
7240,130.486482,7,8.767892e-04
7241,130.501355,8,9.159506e-04
7242,130.516229,6,9.659439e-04
7243,130.531102,11,9.878207e-04
7244,130.545975,6,8.889782e-04
7245,130.560849,14,9.165990e-04
7246,130.575722,7,8.934995e-04
7247,130.590595,8,9.504259e-04
7248,130.605468,6,7.824144e-04
7249,130.620341,7,8.941104e-04
7250,130.635214,7,9.695779e-04
7251,130.650087,7,9.682986e-04
7252,130.664960,8,9.883507e-04
7253,130.679832,6,9.286086e-04
7254,130.694705,15,8.571562e-04
7255,130.709578,7,8.674126e-04
7256,130.724451,7,9.889587e-04
7257,130.739323,8,9.158127e-04
7258,130.754196,6,9.142016e-04
7259,130.769068,8,9.830704e-04
7260,130.783941,6,9.734914e-04
7261,130.798814,11,9.337099e-04
7262,130.813686,6,6.248911e-04
7263,130.828558,6,9.939889e-04
7264,130.843431,7,8.888698e-04
7265,130.858303,7,9.294219e-04
7266,130.873176,8,9.522100e-04
7267,130.888048,6,9.953362e-04
7268,130.902920,12,9.328107e-04
7269,130.917793,6,7.056090e-04
7270,130.932665,7,6.775046e-04
7271,130.947537,7,8.209627e-04
7272,130.962410,7,9.215546e-04
7273,130.977282,8,9.574691e-04
7274,130.992154,7,9.514484e-04
7275,131.007027,8,9.670433e-04
7276,131.021899,7,9.208131e-04
7277,131.036771,7,9.680561e-04
7278,131.051644,7,9.915441e-04
7279,131.066516,7,9.630196e-04
7280,131.081388,7,9.623587e-04
7281,131.096261,7,9.653158e-04
7282,131.111133,7,9.762840e-04
7283,131.126006,7,9.946541e-04
7284,131.140878,8,9.531877e-04
7285,131.155751,6,9.590036e-04
7286,131.170624,8,9.868455e-04
7287,131.185496,6,9.838849e-04
7288,131.200369,14,9.101048e-04
7289,131.215242,6,9.872750e-04
7290,131.230115,7,7.911650e-04
7291,131.244988,6,9.884602e-04
7292,131.259861,7,9.177157e-04
7293,131.274734,7,9.901198e-04
7294,131.289607,10,9.697034e-04
7295,131.304481,6,6.800643e-04
7296,131.319354,7,8.695148e-04
7297,131.334228,14,9.135353e-04
7298,131.349102,6,9.145365e-04
7299,131.363976,6,9.570563e-04
7300,131.378850,7,9.004009e-04
7301,131.393724,6,9.785904e-04
7302,131.408598,7,9.232810e-04
7303,131.423472,6,9.660109e-04
7304,131.438347,7,9.484995e-04
7305,131.453222,7,9.885307e-04
7306,131.468096,7,9.891480e-04
7307,131.482971,14,8.542895e-04
7308,131.497846,6,9.833667e-04
7309,131.512722,12,9.338062e-04
7310,131.527597,6,8.092536e-04
7311,131.542473,9,9.726584e-04
7312,131.557348,5,8.439422e-04
7313,131.572224,7,8.198563e-04
7314,131.587100,6,9.881283e-04
7315,131.601976,7,8.964347e-04
7316,131.616852,6,9.286884e-04
7317,131.631729,7,9.140296e-04
7318,131.646605,6,9.578585e-04
7319,131.661482,7,9.478350e-04
7320,131.676359,6,9.861499e-04
7321,131.691236,7,9.861957e-04
7322,131.706113,7,9.867332e-04
7323,131.720990,6,9.739620e-04
7324,131.735868,7,9.641888e-04
7325,131.750745,7,9.564054e-04
7326,131.765623,6,9.799769e-04
7327,131.780501,7,9.795832e-04
7328,131.795379,7,9.809279e-04
7329,131.810257,6,9.934375e-04
7330,131.825135,7,9.955552e-04
7331,131.840014,7,9.876460e-04
7332,131.854892,6,9.883809e-04
7333,131.869771,7,9.813522e-04
7334,131.884650,7,9.614517e-04
7335,131.899529,6,9.840652e-04
7336,131.914408,7,9.738057e-04
7337,131.929287,7,9.546273e-04
7338,131.944167,6,9.835754e-04
7339,131.959046,7,9.703169e-04
7340,131.973926,7,9.475089e-04
7341,131.988806,6,9.821702e-04
7342,132.003686,7,9.603076e-04
7343,132.018566,7,9.328399e-04
7344,132.033447,6,9.732570e-04
7345,132.048327,7,9.443923e-04
7346,132.063208,7,9.145181e-04
7347,132.078089,6,9.808407e-04
7348,132.092970,7,9.496139e-04
7349,132.107851,7,9.300461e-04
7350,132.122732,7,8.754646e-04
7351,132.137613,7,9.086338e-04
7352,132.152495,7,9.343667e-04
7353,132.167377,7,9.653878e-04
7354,132.182258,7,9.977315e-04
7355,132.197140,8,9.713635e-04
7356,132.212023,6,9.478107e-04
7357,132.226905,8,9.940604e-04
7358,132.241787,11,9.750842e-04
7359,132.256670,6,6.912982e-04
7360,132.271553,7,6.802983e-04
7361,132.286436,7,8.572224e-04
7362,132.301319,7,9.527385e-04
7363,132.316202,8,9.001910e-04
7364,132.331086,6,9.583852e-04
7365,132.345969,8,9.958859e-04
7366,132.360853,6,9.907826e-04
7367,132.375737,12,9.957055e-04
7368,132.390622,6,7.688163e-04
7369,132.405506,6,9.827764e-04
7370,132.420391,7,8.595661e-04
7371,132.435275,7,8.612984e-04
7372,132.450160,7,8.874853e-04
7373,132.465046,7,9.358711e-04
7374,132.479931,7,9.452054e-04
7375,132.494817,7,9.382188e-04
7376,132.509703,7,9.225605e-04
7377,132.524589,7,9.066586e-04
7378,132.539475,7,8.932391e-04
7379,132.554361,7,8.827963e-04
7380,132.569248,7,8.746609e-04
7381,132.584135,7,8.693130e-04
7382,132.599022,7,8.661904e-04
7383,132.613909,7,8.621033e-04
7384,132.628796,7,8.580454e-04
7385,132.643684,7,8.523336e-04
7386,132.658572,6,9.944581e-04
7387,132.673460,7,9.286774e-04
7388,132.688348,6,9.676664e-04
7389,132.703237,7,9.201148e-04
7390,132.718125,6,9.598067e-04
7391,132.733014,7,8.897558e-04
7392,132.747903,6,9.338502e-04
7393,132.762793,7,8.586357e-04
7394,132.777682,6,9.156356e-04
7395,132.792572,7,8.329918e-04
7396,132.807462,6,8.965509e-04
7397,132.822352,7,8.072542e-04
7398,132.837242,6,8.750636e-04
7399,132.852132,6,9.975428e-04
7400,132.867023,7,7.890483e-04
7401,132.881913,6,8.018313e-04
7402,132.896804,6,9.532938e-04
7403,132.911695,6,9.749798e-04
7404,132.926587,6,9.533985e-04
7405,132.941478,6,9.610569e-04
7406,132.956370,6,9.742131e-04
7407,132.971262,6,9.951356e-04
7408,132.986153,7,8.861768e-04
7409,133.001046,6,8.979569e-04
7410,133.015938,7,9.429256e-04
7411,133.030830,13,8.709984e-04
7412,133.045723,6,8.231021e-04
7413,133.060616,6,9.174489e-04
7414,133.075509,6,9.901288e-04
7415,133.090402,7,8.339662e-04
7416,133.105295,6,9.611714e-04
7417,133.120189,10,9.137329e-04
7418,133.135082,5,8.850649e-04
7419,133.149976,7,9.128304e-04
7420,133.164870,14,8.437247e-04
7421,133.179764,6,9.540810e-04
7422,133.194658,7,8.472563e-04
7423,133.209552,6,9.870613e-04
7424,133.224447,8,8.292465e-04
7425,133.239341,6,9.145855e-04
7426,133.254236,11,9.227367e-04
7427,133.269131,6,6.930807e-04
7428,133.284026,7,8.780123e-04
7429,133.298921,14,9.364817e-04
7430,133.313816,6,8.986333e-04
7431,133.328711,6,9.682431e-04
7432,133.343606,8,8.843400e-04
7433,133.358501,6,8.501247e-04
7434,133.373397,8,8.935817e-04
7435,133.388293,6,8.808674e-04
7436,133.403188,11,9.503139e-04
7437,133.418084,6,7.006783e-04
7438,133.432980,7,8.335868e-04
7439,133.447876,8,9.954781e-04
7440,133.462772,6,9.536472e-04
7441,133.477668,14,9.465115e-04
7442,133.492564,7,7.858291e-04
7443,133.507460,6,9.406724e-04
7444,133.522356,7,9.629436e-04
7445,133.537253,7,9.801883e-04
7446,133.552149,6,9.784959e-04
7447,133.567046,7,9.084179e-04
7448,133.581942,6,9.147816e-04
7449,133.596839,7,8.450765e-04
7450,133.611736,6,9.365585e-04
7451,133.626632,7,9.572540e-04
7452,133.641529,14,9.139915e-04
7453,133.656426,6,9.992354e-04
7454,133.671323,12,9.896225e-04
7455,133.686220,6,9.509303e-04
7456,133.701117,10,9.577734e-04
7457,133.716014,5,8.811933e-04
7458,133.730911,6,9.498103e-04
7459,133.745808,7,7.416279e-04
7460,133.760706,6,8.362651e-04
7461,133.775603,7,8.658141e-04
7462,133.790500,6,9.766321e-04
7463,133.805397,7,9.487077e-04
7464,133.820295,7,9.507580e-04
7465,133.835192,6,9.900442e-04
7466,133.850090,7,9.457041e-04
7467,133.864987,7,9.092453e-04
7468,133.879884,6,9.869134e-04
7469,133.894782,7,9.300814e-04
7470,133.909679,7,9.013037e-04
7471,133.924577,7,8.523803e-04
7472,133.939474,7,8.834848e-04
7473,133.954372,7,9.074038e-04
7474,133.969269,7,9.389332e-04
7475,133.984167,7,9.737169e-04
7476,133.999064,8,9.396383e-04
7477,134.013962,6,9.590553e-04
7478,134.028860,8,9.984480e-04
7479,134.043757,10,9.947544e-04
7480,134.058655,6,6.622963e-04
7481,134.073552,7,7.994495e-04
7482,134.088450,8,8.559425e-04
7483,134.103348,11,9.295295e-04
7484,134.118246,6,7.167072e-04
7485,134.133143,7,8.121787e-04
7486,134.148041,8,9.194294e-04
7487,134.162939,11,9.425248e-04
7488,134.177837,6,7.300851e-04
7489,134.192735,7,8.130077e-04
7490,134.207633,8,8.997348e-04
7491,134.222531,11,9.458447e-04
7492,134.237429,6,7.465387e-04
7493,134.252327,7,8.379323e-04
7494,134.267225,8,9.407854e-04
7495,134.282123,11,9.688792e-04
7496,134.297021,6,7.476669e-04
7497,134.311919,7,8.143770e-04
7498,134.326818,8,8.781338e-04
7499,134.341716,11,9.132714e-04
7500,134.356615,6,7.450065e-04
7501,134.371513,7,8.202668e-04
7502,134.386412,8,9.040972e-04
7503,134.401310,11,9.425693e-04
7504,134.416209,6,7.354876e-04
7505,134.431108,7,7.815452e-04
7506,134.446006,7,9.927174e-04
7507,134.460905,10,9.844969e-04
7508,134.475804,6,7.513451e-04
7509,134.490703,7,9.291714e-04
7510,134.505602,14,9.303130e-04
7511,134.520501,6,9.961600e-04
7512,134.535400,6,9.778432e-04
7513,134.550299,7,8.697464e-04
7514,134.565198,7,9.302118e-04
7515,134.580097,8,9.599606e-04
7516,134.594996,10,9.615239e-04
7517,134.609895,6,6.901298e-04
7518,134.624794,7,9.594478e-04
7519,134.639693,15,9.640425e-04
7520,134.654592,7,7.698797e-04
7521,134.669491,6,8.812261e-04
7522,134.684390,8,8.801958e-04
7523,134.699289,8,9.721457e-04
7524,134.714188,7,9.148120e-04
7525,134.729088,11,9.571489e-04
7526,134.743987,6,7.332375e-04
7527,134.758886,7,9.758657e-04
7528,134.773785,16,9.344020e-04
7529,134.788683,7,8.516340e-04
7530,134.803582,7,9.182941e-04
7531,134.818481,10,9.572249e-04
7532,134.833380,5,9.158541e-04
7533,134.848279,7,8.634117e-04
7534,134.863178,9,9.208101e-04
7535,134.878076,5,9.098470e-04
7536,134.892975,13,9.603955e-04
7537,134.907874,6,8.428277e-04
7538,134.922772,7,9.367055e-04
7539,134.937671,8,9.764855e-04
7540,134.952569,5,9.608745e-04
7541,134.967468,11,9.065127e-04
7542,134.982366,5,9.415968e-04
7543,134.997264,6,9.960915e-04
7544,135.012162,13,9.435169e-04
7545,135.027060,6,7.711104e-04
7546,135.041958,6,9.034475e-04
7547,135.056856,8,8.610592e-04
7548,135.071754,5,8.686378e-04
7549,135.086652,8,9.190216e-04
7550,135.101549,5,9.063335e-04
7551,135.116447,11,9.246438e-04
7552,135.131344,5,9.057679e-04
7553,135.146241,6,8.494821e-04
7554,135.161138,7,8.541778e-04
7555,135.176035,6,9.919386e-04
7556,135.190932,11,9.463670e-04
7557,135.205829,6,7.094252e-04
7558,135.220725,6,8.296661e-04
7559,135.235622,7,8.255218e-04
7560,135.250518,8,9.292248e-04
7561,135.265414,5,9.043573e-04
7562,135.280310,11,9.401626e-04
7563,135.295206,5,8.575950e-04
7564,135.310101,6,8.318174e-04
7565,135.324997,7,8.076959e-04
7566,135.339892,6,9.983136e-04
7567,135.354787,12,9.313339e-04
7568,135.369682,6,8.392280e-04
7569,135.384577,6,8.534881e-04
7570,135.399471,7,8.033602e-04
7571,135.414366,9,9.426355e-04
7572,135.429260,5,8.931732e-04
7573,135.444154,13,9.443408e-04
7574,135.459048,6,8.466202e-04
7575,135.473941,6,9.747032e-04
7576,135.488834,7,7.889436e-04
7577,135.503727,6,8.669662e-04
7578,135.518620,8,9.398346e-04
7579,135.533512,5,9.873547e-04
7580,135.548405,14,8.810269e-04
7581,135.563297,10,9.151760e-04
7582,135.578188,5,9.861183e-04
7583,135.593080,8,8.654466e-04
7584,135.607971,5,8.138218e-04
7585,135.622862,7,9.275531e-04
7586,135.637753,8,9.637000e-04
7587,135.652643,5,9.184157e-04
7588,135.667533,14,8.962150e-04
7589,135.682423,6,8.975203e-04
7590,135.697312,7,8.845957e-04
7591,135.712201,7,9.329744e-04
7592,135.727090,6,9.555318e-04
7593,135.741979,7,8.955238e-04
7594,135.756867,6,9.777889e-04
7595,135.771755,8,9.647798e-04
7596,135.786643,5,9.662278e-04
7597,135.801530,13,9.904571e-04
7598,135.816417,6,8.675436e-04
7599,135.831304,7,8.884089e-04
7600,135.846190,7,9.154303e-04
7601,135.861076,6,9.724221e-04
7602,135.875962,7,9.080603e-04
7603,135.890848,6,9.795921e-04
7604,135.905733,7,9.858491e-04
7605,135.920618,8,9.445029e-04
7606,135.935502,5,9.388830e-04
7607,135.950387,7,9.786338e-04
7608,135.965271,8,9.431902e-04
7609,135.980154,5,9.038004e-04
7610,135.995038,7,8.865563e-04
7611,136.009921,7,9.121724e-04
7612,136.024804,6,9.116517e-04
7613,136.039687,7,9.104017e-04
7614,136.054569,7,8.819366e-04
7615,136.069451,6,9.718957e-04
7616,136.084333,7,9.521121e-04
7617,136.099215,7,9.431469e-04
7618,136.114096,7,8.713853e-04
7619,136.128977,7,8.963466e-04
7620,136.143858,7,9.004468e-04
7621,136.158739,7,9.061438e-04
7622,136.173619,7,9.141503e-04
7623,136.188499,7,9.277911e-04
7624,136.203379,7,9.445958e-04
7625,136.218259,7,9.638666e-04
7626,136.233139,7,9.842873e-04
7627,136.248018,8,9.556369e-04
7628,136.262898,6,9.095565e-04
7629,136.277777,8,9.786745e-04
7630,136.292656,6,9.785676e-04
7631,136.307535,14,9.397745e-04
7632,136.322413,7,7.527391e-04
7633,136.337292,6,9.119869e-04
7634,136.352171,7,8.083971e-04
7635,136.367049,7,8.009573e-04
7636,136.381927,7,9.659226e-04
7637,136.396805,11,9.155883e-04
7638,136.411683,6,7.172015e-04
7639,136.426561,7,8.475869e-04
7640,136.441439,15,9.474260e-04
7641,136.456317,6,9.811385e-04
7642,136.471195,7,7.767954e-04
7643,136.486073,7,9.314346e-04
7644,136.500951,7,9.698680e-04
7645,136.515829,8,9.030542e-04
7646,136.530707,6,9.739360e-04
7647,136.545585,13,9.144330e-04
7648,136.560463,6,9.056958e-04
7649,136.575341,7,9.701138e-04
7650,136.590219,8,9.383988e-04
7651,136.605097,7,9.962587e-04
7652,136.619975,15,9.753353e-04
7653,136.634854,7,8.978491e-04
7654,136.649732,7,8.485090e-04
7655,136.664610,7,8.769359e-04
7656,136.679489,7,9.728000e-04
7657,136.694368,8,9.663933e-04
7658,136.709247,6,9.362700e-04
7659,136.724126,8,9.776118e-04
7660,136.739005,6,9.758605e-04
7661,136.753884,14,9.429831e-04
7662,136.768764,7,8.558605e-04
7663,136.783644,7,9.214646e-04
7664,136.798524,7,9.741537e-04
7665,136.813404,8,9.859692e-04
7666,136.828284,10,9.826714e-04
7667,136.843164,6,7.090235e-04
7668,136.858045,7,9.265375e-04
7669,136.872926,10,9.857880e-04
7670,136.887807,6,7.466137e-04
7671,136.902689,7,9.688705e-04
7672,136.917570,9,9.848752e-04
7673,136.932452,6,7.695119e-04
7674,136.947334,8,9.558987e-04
7675,136.962216,9,9.420022e-04
7676,136.977099,5,9.996424e-04
7677,136.991982,8,9.059746e-04
7678,137.006865,9,8.990727e-04
7679,137.021748,5,9.764344e-04
7680,137.036632,7,9.776665e-04
7681,137.051516,9,9.201312e-04
7682,137.066400,5,9.609266e-04
7683,137.081284,8,9.468315e-04
7684,137.096169,9,9.511274e-04
7685,137.111053,5,9.361629e-04
7686,137.125939,7,9.154163e-04
7687,137.140824,8,9.812408e-04
7688,137.155710,5,9.808197e-04
7689,137.170596,12,9.404605e-04
7690,137.185482,6,6.936108e-04
7691,137.200369,6,8.567085e-04
7692,137.215255,7,7.477002e-04
7693,137.230143,6,9.358700e-04
7694,137.245030,8,9.001353e-04
7695,137.259918,5,8.942476e-04
7696,137.274806,8,9.982549e-04
7697,137.289694,5,9.002256e-04
7698,137.304582,14,8.987315e-04
7699,137.319471,7,8.409966e-04
7700,137.334360,6,9.464835e-04
7701,137.349250,7,9.178516e-04
7702,137.364139,5,9.981703e-04
7703,137.379029,7,8.971554e-04
7704,137.393920,5,9.651165e-04
7705,137.408810,7,9.760372e-04
7706,137.423701,5,9.895255e-04
7707,137.438592,11,9.498948e-04
7708,137.453484,5,9.203576e-04
7709,137.468376,6,9.036344e-04
7710,137.483268,7,9.034498e-04
7711,137.498160,6,8.846987e-04
7712,137.513053,7,9.268022e-04
7713,137.527946,6,9.509714e-04
7714,137.542839,7,9.697684e-04
7715,137.557732,6,9.411920e-04
7716,137.572626,7,9.144206e-04
7717,137.587520,6,8.793533e-04
7718,137.602415,6,9.819345e-04
7719,137.617309,7,8.482187e-04
7720,137.632204,5,9.673971e-04
7721,137.647099,7,8.658021e-04
7722,137.661995,5,9.845397e-04
7723,137.676890,7,9.419955e-04
7724,137.691786,6,9.172243e-04
7725,137.706683,7,9.335485e-04
7726,137.721579,6,9.908175e-04
7727,137.736476,13,9.589140e-04
7728,137.751373,6,8.666842e-04
7729,137.766270,6,8.948955e-04
7730,137.781168,7,7.473727e-04
7731,137.796065,6,8.940373e-04
7732,137.810963,7,9.065475e-04
7733,137.825862,7,9.451567e-04
7734,137.840760,7,9.550733e-04
7735,137.855659,11,9.694062e-04
7736,137.870558,6,6.748698e-04
7737,137.885457,7,7.553228e-04
7738,137.900356,7,8.555061e-04
7739,137.915256,6,9.945791e-04
7740,137.930156,8,9.289014e-04
7741,137.945056,5,9.962250e-04
7742,137.959956,12,9.373277e-04
7743,137.974857,6,6.695706e-04
7744,137.989758,6,9.162292e-04
7745,138.004659,7,7.616113e-04
7746,138.019560,6,8.775686e-04
7747,138.034462,7,8.752895e-04
7748,138.049363,7,9.309818e-04
7749,138.064265,7,9.310485e-04
7750,138.079168,7,9.602971e-04
7751,138.094070,7,9.535813e-04
7752,138.108973,7,9.446192e-04
7753,138.123876,7,9.364403e-04
7754,138.138779,7,9.286207e-04
7755,138.153682,7,9.194246e-04
7756,138.168586,7,9.115956e-04
7757,138.183489,7,9.093386e-04
7758,138.198393,7,9.108823e-04
7759,138.213298,7,9.164487e-04
7760,138.228202,7,9.243896e-04
7761,138.243107,7,9.336456e-04
7762,138.258012,7,9.431053e-04
7763,138.272917,7,9.527772e-04
7764,138.287823,7,9.605201e-04
7765,138.302728,7,9.649906e-04
7766,138.317634,7,9.666208e-04
7767,138.332540,7,9.659918e-04
7768,138.347447,7,9.630520e-04
7769,138.362353,7,9.553684e-04
7770,138.377260,7,9.431396e-04
7771,138.392167,7,9.279453e-04
7772,138.407074,7,9.104244e-04
7773,138.421982,7,8.915274e-04
7774,138.436890,7,8.717853e-04
7775,138.451798,7,8.515390e-04
7776,138.466706,6,9.889068e-04
7777,138.481615,7,9.071795e-04
7778,138.496523,6,9.555282e-04
7779,138.511432,7,9.018754e-04
7780,138.526342,6,9.557722e-04
7781,138.541251,7,8.925512e-04
7782,138.556161,6,9.446979e-04
7783,138.571071,7,8.841739e-04
7784,138.585981,6,9.402442e-04
7785,138.600892,7,8.879307e-04
7786,138.615802,6,9.489937e-04
7787,138.630714,7,9.092903e-04
7788,138.645625,6,9.711290e-04
7789,138.660536,7,9.457912e-04
7790,138.675448,7,9.373511e-04
7791,138.690360,6,9.723819e-04
7792,138.705272,7,9.779231e-04
7793,138.720185,7,9.935680e-04
7794,138.735098,7,9.138500e-04
7795,138.750011,7,9.416644e-04
7796,138.764924,7,9.550417e-04
7797,138.779838,7,9.680634e-04
7798,138.794751,7,9.777401e-04
7799,138.809665,7,9.891881e-04
7800,138.824580,7,9.990697e-04
7801,138.839494,8,9.488013e-04
7802,138.854409,6,8.639062e-04
7803,138.869324,8,9.370981e-04
7804,138.884239,6,9.304073e-04
7805,138.899154,9,9.916528e-04
7806,138.914070,5,9.075376e-04
7807,138.928986,7,9.949189e-04
7808,138.943902,8,9.735758e-04
7809,138.958818,6,8.366048e-04
7810,138.973734,8,9.675853e-04
7811,138.988651,6,9.988870e-04
7812,139.003568,10,9.886257e-04
7813,139.018485,5,9.613220e-04
7814,139.033402,7,8.493071e-04
7815,139.048319,8,8.840062e-04
7816,139.063237,6,9.440038e-04
7817,139.078155,10,9.930229e-04
7818,139.093073,5,9.876765e-04
7819,139.107991,7,9.368692e-04
7820,139.122909,8,9.768678e-04
7821,139.137828,6,9.731845e-04
7822,139.152747,13,9.929463e-04
7823,139.167665,6,9.170110e-04
7824,139.182584,7,7.333625e-04
7825,139.197504,7,8.632319e-04
7826,139.212423,8,8.238865e-04
7827,139.227343,7,9.534503e-04
7828,139.242262,11,9.443840e-04
7829,139.257182,6,7.317937e-04
7830,139.272103,7,8.734652e-04
7831,139.287023,9,9.478198e-04
7832,139.301944,6,8.866877e-04
7833,139.316864,14,9.991691e-04
7834,139.331785,7,7.871903e-04
7835,139.346707,6,9.100498e-04
7836,139.361628,7,8.744521e-04
7837,139.376550,7,8.595317e-04
7838,139.391471,7,8.640064e-04
7839,139.406394,7,9.354257e-04
7840,139.421316,7,9.876105e-04
7841,139.436238,12,9.320715e-04
7842,139.451161,6,7.593714e-04
7843,139.466084,7,7.756964e-04
7844,139.481008,7,8.724533e-04
7845,139.495931,7,8.963757e-04
7846,139.510855,8,9.382505e-04
7847,139.525779,6,8.921865e-04
7848,139.540703,13,9.037530e-04
7849,139.555628,6,8.220709e-04
7850,139.570552,6,9.082870e-04
7851,139.585477,7,7.869273e-04
7852,139.600403,6,9.590631e-04
7853,139.615328,8,9.723046e-04
7854,139.630254,5,9.935482e-04
7855,139.645180,12,9.553346e-04
7856,139.660106,6,7.898943e-04
7857,139.675033,7,8.490959e-04
7858,139.689959,7,8.805046e-04
7859,139.704886,7,9.929728e-04
7860,139.719814,11,9.808414e-04
7861,139.734741,6,7.039205e-04
7862,139.749669,6,9.263775e-04
7863,139.764597,7,9.302184e-04
7864,139.779525,9,9.188951e-04
7865,139.794454,5,8.690652e-04
7866,139.809382,7,9.094127e-04
7867,139.824311,8,9.777606e-04
7868,139.839240,5,9.369153e-04
7869,139.854170,8,9.428197e-04
7870,139.869099,5,9.826245e-04
7871,139.884029,8,9.921364e-04
7872,139.898960,5,9.187926e-04
7873,139.913890,7,9.980715e-04
7874,139.928820,7,9.870061e-04
7875,139.943751,6,9.243755e-04
7876,139.958682,7,9.023452e-04
7877,139.973614,6,9.585400e-04
7878,139.988545,7,8.939911e-04
7879,140.003477,6,9.511195e-04
7880,140.018409,7,8.897097e-04
7881,140.033341,6,9.690943e-04
7882,140.048273,7,9.087692e-04
7883,140.063206,6,9.949806e-04
7884,140.078139,7,9.366996e-04
7885,140.093072,7,8.868182e-04
7886,140.108005,7,8.426341e-04
7887,140.122938,7,8.594015e-04
7888,140.137872,7,8.586102e-04
7889,140.152806,7,8.548974e-04
7890,140.167740,7,8.478273e-04
7891,140.182674,7,8.386198e-04
7892,140.197609,7,8.273323e-04
7893,140.212543,7,8.144407e-04
7894,140.227478,7,7.979977e-04
7895,140.242413,6,9.910019e-04
7896,140.257348,7,8.650585e-04
7897,140.272284,6,9.349592e-04
7898,140.287219,7,8.462743e-04
7899,140.302155,6,9.300582e-04
7900,140.317091,7,8.553127e-04
7901,140.332027,6,9.403267e-04
7902,140.346963,7,9.128296e-04
7903,140.361900,6,9.911498e-04
7904,140.376837,8,9.885589e-04
7905,140.391773,5,9.733134e-04
7906,140.406710,13,9.861128e-04
7907,140.421648,6,8.280891e-04
7908,140.436585,6,8.365332e-04
7909,140.451522,6,9.900424e-04
7910,140.466460,7,8.690537e-04
7911,140.481398,7,9.955860e-04
7912,140.496335,10,9.349587e-04
7913,140.511273,5,8.902599e-04
7914,140.526211,7,8.783278e-04
7915,140.541150,14,8.591107e-04
7916,140.556088,6,8.789337e-04
7917,140.571026,6,8.965394e-04
7918,140.585965,7,8.897774e-04
7919,140.600903,7,9.504102e-04
7920,140.615842,8,9.682083e-04
7921,140.630780,6,9.596418e-04
7922,140.645719,12,9.852142e-04
7923,140.660658,6,7.582401e-04
7924,140.675597,6,9.996861e-04
7925,140.690535,7,9.653673e-04
7926,140.705474,9,9.581014e-04
7927,140.720413,5,9.076496e-04
7928,140.735352,13,8.186410e-04
7929,140.750290,6,7.570009e-04
7930,140.765229,7,8.408650e-04
7931,140.780168,6,9.307432e-04
7932,140.795107,7,9.378796e-04
7933,140.810045,9,9.132711e-04
7934,140.824984,5,8.315962e-04
7935,140.839923,7,9.565843e-04
7936,140.854861,12,9.137045e-04
7937,140.869800,6,6.999323e-04
7938,140.884738,6,9.195660e-04
7939,140.899676,7,8.574648e-04
7940,140.914615,6,9.791159e-04
7941,140.929553,8,9.278178e-04
7942,140.944491,5,9.808671e-04
7943,140.959429,13,9.087974e-04
7944,140.974367,6,8.902751e-04
7945,140.989304,7,8.242029e-04
7946,141.004242,6,9.561968e-04
7947,141.019180,7,9.289566e-04
7948,141.034117,8,9.315516e-04
7949,141.049054,6,9.218686e-04
7950,141.063991,13,9.277181e-04
7951,141.078929,6,9.080500e-04
7952,141.093865,7,9.060364e-04
7953,141.108802,6,9.588776e-04
7954,141.123739,7,8.959025e-04
7955,141.138675,7,9.507748e-04
7956,141.153612,11,9.164324e-04
7957,141.168548,6,6.856266e-04
7958,141.183484,7,7.495997e-04
7959,141.198420,7,8.862023e-04
7960,141.213356,7,9.487623e-04
7961,141.228291,11,9.712987e-04
7962,141.243226,6,6.587570e-04
7963,141.258162,6,9.300707e-04
7964,141.273097,7,8.543962e-04
7965,141.288031,7,9.588275e-04
7966,141.302966,8,9.597251e-04
7967,141.317901,6,9.018071e-04
7968,141.332835,14,9.032352e-04
7969,141.347769,6,9.657542e-04
7970,141.362703,6,9.878808e-04
7971,141.377637,7,8.543635e-04
7972,141.392570,6,9.863045e-04
7973,141.407503,8,9.260635e-04
7974,141.422436,6,9.468244e-04
7975,141.437369,12,9.089498e-04
7976,141.452302,6,7.874479e-04
7977,141.467234,7,8.770840e-04
7978,141.482167,8,8.857771e-04
7979,141.497099,11,9.980811e-04
7980,141.512030,6,6.874998e-04
7981,141.526962,7,7.941810e-04
7982,141.541893,8,9.275629e-04
7983,141.556824,6,9.561424e-04
7984,141.571755,11,9.322090e-04
7985,141.586686,6,6.668737e-04
7986,141.601616,7,7.645013e-04
7987,141.616547,8,8.492707e-04
7988,141.631477,6,9.968465e-04
7989,141.646406,12,9.443620e-04
7990,141.661336,6,7.748507e-04
7991,141.676265,6,9.502299e-04
7992,141.691194,7,9.097717e-04
7993,141.706123,8,8.968121e-04
7994,141.721051,6,9.236342e-04
7995,141.735980,10,9.690988e-04
7996,141.750908,5,9.194870e-04
7997,141.765836,7,8.939111e-04
7998,141.780763,8,9.129204e-04
7999,141.795691,6,9.060117e-04
8000,141.810618,10,9.982324e-04
8001,141.825545,5,9.284734e-04
8002,141.840471,7,8.477208e-04
8003,141.855398,8,8.191689e-04
8004,141.870324,6,8.746916e-04
8005,141.885250,8,9.605983e-04
8006,141.900176,6,9.499581e-04
8007,141.915101,9,9.959392e-04
8008,141.930026,5,9.627204e-04
8009,141.944952,8,9.504406e-04
8010,141.959876,9,9.784497e-04
8011,141.974801,5,9.806577e-04
8012,141.989726,7,9.800160e-04
8013,142.004650,8,9.974565e-04
8014,142.019574,6,9.144242e-04
8015,142.034498,13,9.993040e-04
8016,142.049422,6,8.361848e-04
8017,142.064346,6,9.892968e-04
8018,142.079269,7,8.203732e-04
8019,142.094193,7,8.481437e-04
8020,142.109116,8,9.828872e-04
8021,142.124039,11,8.824764e-04
8022,142.138962,6,6.419136e-04
8023,142.153885,7,7.575280e-04
8024,142.168808,7,9.012741e-04
8025,142.183731,8,9.685456e-04
8026,142.198653,12,9.606733e-04
8027,142.213576,6,7.523758e-04
8028,142.228498,7,7.157859e-04
8029,142.243421,7,7.893276e-04
8030,142.258343,7,9.286850e-04
8031,142.273265,9,9.343053e-04
8032,142.288188,6,7.823010e-04
8033,142.303110,12,9.930349e-04
8034,142.318032,6,6.757034e-04
8035,142.332954,7,7.644437e-04
8036,142.347877,7,9.350767e-04
8037,142.362799,8,9.047499e-04
8038,142.377721,11,9.567947e-04
8039,142.392643,6,6.948066e-04
8040,142.407565,7,7.934338e-04
8041,142.422487,8,8.483082e-04
8042,142.437409,7,9.901977e-04
8043,142.452331,12,9.447746e-04
8044,142.467254,6,8.026232e-04
8045,142.482176,7,7.352901e-04
8046,142.497098,7,8.977321e-04
8047,142.512020,8,9.440609e-04
8048,142.526942,11,9.331894e-04
8049,142.541865,6,7.075688e-04
8050,142.556787,7,7.583540e-04
8051,142.571709,7,9.535688e-04
8052,142.586632,10,9.634753e-04
8053,142.601554,5,9.981355e-04
8054,142.616476,7,9.233394e-04
8055,142.631399,14,9.276876e-04
8056,142.646321,6,9.967797e-04
8057,142.661244,6,9.441059e-04
8058,142.676167,7,8.513928e-04
8059,142.691089,7,9.009329e-04
8060,142.706012,8,9.113314e-04
8061,142.720935,6,9.380183e-04
8062,142.735858,12,9.858166e-04
8063,142.750781,6,8.080128e-04
8064,142.765704,7,8.575962e-04
8065,142.780627,7,9.871525e-04
8066,142.795550,10,9.661731e-04
8067,142.810473,5,9.412325e-04
8068,142.825396,12,9.643477e-04
8069,142.840319,5,9.424871e-04
8070,142.855242,7,8.701799e-04
8071,142.870166,8,7.922598e-04
8072,142.885089,6,8.960261e-04
8073,142.900012,12,9.965517e-04
8074,142.914936,6,7.838056e-04
8075,142.929859,6,9.485613e-04
8076,142.944783,7,9.176656e-04
8077,142.959706,9,9.439698e-04
8078,142.974630,5,9.061888e-04
8079,142.989554,13,8.652056e-04
8080,143.004477,6,8.040846e-04
8081,143.019401,7,8.450082e-04
8082,143.034325,6,8.730900e-04
8083,143.049248,7,8.328008e-04
8084,143.064172,7,9.191236e-04
8085,143.079096,7,9.929609e-04
8086,143.094020,11,9.826347e-04
8087,143.108943,5,9.753186e-04
8088,143.123867,7,7.725584e-04
8089,143.138791,7,8.552474e-04
8090,143.153715,6,9.077083e-04
8091,143.168639,7,9.860711e-04
8092,143.183563,11,9.681853e-04
8093,143.198487,5,9.840507e-04
8094,143.213411,6,9.014395e-04
8095,143.228335,6,9.844675e-04
8096,143.243259,7,7.864438e-04
8097,143.258183,6,8.955057e-04
8098,143.273107,7,9.501911e-04
8099,143.288031,7,9.676503e-04
8100,143.302955,6,9.330268e-04
8101,143.317880,7,9.193683e-04
8102,143.332804,6,9.504309e-04
8103,143.347728,7,9.283538e-04
8104,143.362653,6,9.531399e-04
8105,143.377577,7,9.352435e-04
8106,143.392502,6,9.660838e-04
8107,143.407427,7,9.536412e-04
8108,143.422351,6,9.890407e-04
8109,143.437276,7,9.947836e-04
8110,143.452201,7,9.958711e-04
8111,143.467126,6,9.944082e-04
8112,143.482051,8,9.335148e-04
8113,143.496976,5,9.545282e-04
8114,143.511901,8,9.659949e-04
8115,143.526826,5,9.755803e-04
8116,143.541752,9,9.804864e-04
8117,143.556677,5,8.623251e-04
8118,143.571602,7,9.513331e-04
8119,143.586528,8,9.081472e-04
8120,143.601453,6,8.218449e-04
8121,143.616378,8,9.100830e-04
8122,143.631304,6,9.572542e-04
8123,143.646229,8,9.934499e-04
8124,143.661155,6,9.291958e-04
8125,143.676081,9,9.728065e-04
8126,143.691006,5,9.833328e-04
8127,143.705932,8,9.670069e-04
8128,143.720858,9,9.131119e-04
8129,143.735783,6,7.536103e-04
8130,143.750709,7,9.909098e-04
8131,143.765635,8,9.933706e-04
8132,143.780560,6,9.816385e-04
8133,143.795486,12,9.720664e-04
8134,143.810412,6,7.504711e-04
8135,143.825337,7,7.574556e-04
8136,143.840263,8,7.745830e-04
8137,143.855189,8,9.396586e-04
8138,143.870114,8,9.942295e-04
8139,143.885040,10,9.969836e-04
8140,143.899966,6,7.271423e-04
8141,143.914891,7,9.976250e-04
8142,143.929817,9,9.701616e-04
8143,143.944743,6,8.668772e-04
8144,143.959668,14,9.136670e-04
8145,143.974594,6,9.489094e-04
8146,143.989519,7,8.090487e-04
8147,144.004445,7,8.811540e-04
8148,144.019371,8,8.528325e-04
8149,144.034296,8,9.838779e-04
8150,144.049222,9,9.895641e-04
8151,144.064148,6,8.547859e-04
8152,144.079073,14,9.632499e-04
8153,144.093999,6,8.996750e-04
8154,144.108925,6,9.501365e-04
8155,144.123850,7,9.434211e-04
8156,144.138776,7,9.922805e-04
8157,144.153702,8,9.268230e-04
8158,144.168628,6,9.851792e-04
8159,144.183554,13,9.513171e-04
8160,144.198480,6,8.807811e-04
8161,144.213406,6,9.995566e-04
8162,144.228332,7,9.030790e-04
8163,144.243258,7,9.119805e-04
8164,144.258185,8,9.307486e-04
8165,144.273111,6,9.512629e-04
8166,144.288038,13,8.798176e-04
8167,144.302964,6,8.655758e-04
8168,144.317891,6,9.871916e-04
8169,144.332818,7,8.461715e-04
8170,144.347744,6,9.441214e-04
8171,144.362671,8,9.688975e-04
8172,144.377599,6,9.233616e-04
8173,144.392526,13,8.594406e-04
8174,144.407453,6,9.350817e-04
8175,144.422380,7,9.385357e-04
8176,144.437308,6,8.913974e-04
8177,144.452236,7,8.693660e-04
8178,144.467163,7,9.351356e-04
8179,144.482091,9,9.665769e-04
8180,144.497019,5,8.971863e-04
8181,144.511948,7,9.318842e-04
8182,144.526876,14,8.513987e-04
8183,144.541804,6,9.334596e-04
8184,144.556733,7,8.746147e-04
8185,144.571662,7,9.120615e-04
8186,144.586590,6,9.764652e-04
8187,144.601519,7,8.902996e-04
8188,144.616449,6,8.870912e-04
8189,144.631378,7,8.265272e-04
8190,144.646307,6,9.085288e-04
8191,144.661237,7,8.957711e-04
8192,144.676167,6,9.827997e-04
8193,144.691096,8,9.813999e-04
8194,144.706026,5,9.716629e-04
8195,144.720957,7,9.784115e-04
8196,144.735887,7,9.577453e-04
8197,144.750817,6,8.997859e-04
8198,144.765748,7,8.644862e-04
8199,144.780678,6,9.129377e-04
8200,144.795609,7,8.621126e-04
8201,144.810540,6,9.138385e-04
8202,144.825471,7,8.954652e-04
8203,144.840403,6,9.501394e-04
8204,144.855334,7,9.585697e-04
8205,144.870266,6,9.963552e-04
8206,144.885197,8,9.994182e-04
8207,144.900129,5,9.180049e-04
8208,144.915061,13,9.358813e-04
8209,144.929993,6,7.745365e-04
8210,144.944925,6,7.993897e-04
8211,144.959857,6,9.942952e-04
8212,144.974789,7,8.812710e-04
8213,144.989722,7,9.314192e-04
8214,145.004654,8,9.589032e-04
8215,145.019587,6,8.848199e-04
8216,145.034520,12,9.144538e-04
8217,145.049453,6,6.610081e-04
8218,145.064385,6,8.768920e-04
8219,145.079318,7,8.800863e-04
8220,145.094251,8,8.721091e-04
8221,145.109185,6,8.924809e-04
8222,145.124118,11,9.702724e-04
8223,145.139051,5,9.292751e-04
8224,145.153984,6,9.044533e-04
8225,145.168918,7,9.142666e-04
8226,145.183851,8,9.673364e-04
8227,145.198785,5,9.474314e-04
8228,145.213718,10,9.907341e-04
8229,145.228652,5,7.628216e-04
8230,145.243585,6,9.294140e-04
8231,145.258519,7,9.590225e-04
8232,145.273452,8,9.742978e-04
8233,145.288386,5,8.971324e-04
8234,145.303320,7,9.935774e-04
8235,145.318253,8,9.781529e-04
8236,145.333187,5,8.405085e-04
8237,145.348121,7,9.370188e-04
8238,145.363055,8,8.906541e-04
8239,145.377988,5,8.681268e-04
8240,145.392922,7,9.606119e-04
8241,145.407856,8,8.779191e-04
8242,145.422790,5,8.584711e-04
8243,145.437723,7,9.016617e-04
8244,145.452657,7,9.625011e-04
8245,145.467591,6,8.908579e-04
8246,145.482525,7,9.184701e-04
8247,145.497459,6,9.588301e-04
8248,145.512393,7,9.155073e-04
8249,145.527326,6,9.326122e-04
8250,145.542260,7,8.998538e-04
8251,145.557194,6,9.353374e-04
8252,145.572128,7,9.120265e-04
8253,145.587062,6,9.534008e-04
8254,145.601996,7,9.529897e-04
8255,145.616931,6,9.935221e-04
8256,145.631865,8,9.843784e-04
8257,145.646799,5,8.840041e-04
8258,145.661733,8,9.856439e-04
8259,145.676668,5,9.136173e-04
8260,145.691602,15,8.765135e-04
8261,145.706537,7,8.187687e-04
8262,145.721471,6,8.881213e-04
8263,145.736406,7,9.132983e-04
8264,145.751341,6,9.528709e-04
8265,145.766275,7,9.510261e-04
8266,145.781210,7,9.551025e-04
8267,145.796145,6,9.906843e-04
8268,145.811080,8,9.782820e-04
8269,145.826015,5,9.555980e-04
8270,145.840951,15,8.955066e-04
8271,145.855886,7,9.997084e-04
8272,145.870822,9,9.379087e-04
8273,145.885757,5,8.698495e-04
8274,145.900693,8,8.856825e-04
8275,145.915628,6,9.525276e-04
8276,145.930564,8,9.679575e-04
8277,145.945500,5,9.074665e-04
8278,145.960436,12,9.508932e-04
8279,145.975373,6,6.891680e-04
8280,145.990309,6,9.175219e-04
8281,146.005245,7,9.113387e-04
8282,146.020182,6,9.992815e-04
8283,146.035118,9,9.491964e-04
8284,146.050055,5,8.218708e-04
8285,146.064992,7,9.365328e-04
8286,146.079929,13,8.663812e-04
8287,146.094866,6,8.517061e-04
8288,146.109803,6,9.560030e-04
8289,146.124740,7,8.677658e-04
8290,146.139678,6,8.709857e-04
8291,146.154615,7,9.444559e-04
8292,146.169553,8,9.119049e-04
8293,146.184490,5,8.551959e-04
8294,146.199428,8,9.888080e-04
8295,146.214366,5,9.537751e-04
8296,146.229304,15,9.389601e-04
8297,146.244242,8,9.843099e-04
8298,146.259180,5,9.811877e-04
8299,146.274118,9,9.762580e-04
8300,146.289057,5,7.402858e-04
8301,146.303995,6,9.985637e-04
8302,146.318933,8,9.320105e-04
8303,146.333872,5,8.841497e-04
8304,146.348810,12,9.352234e-04
8305,146.363749,6,7.949201e-04
8306,146.378688,7,9.053758e-04
8307,146.393627,8,9.544302e-04
8308,146.408566,5,9.413883e-04
8309,146.423505,13,9.879223e-04
8310,146.438444,6,9.089165e-04
8311,146.453383,6,8.225837e-04
8312,146.468322,6,9.843718e-04
8313,146.483261,7,9.024774e-04
8314,146.498201,6,9.671058e-04
8315,146.513140,8,9.237853e-04
8316,146.528080,5,8.196112e-04
8317,146.543019,7,9.024936e-04
8318,146.557959,7,9.019985e-04
8319,146.572898,6,8.425400e-04
8320,146.587838,7,8.624748e-04
8321,146.602778,6,9.209779e-04
8322,146.617718,7,8.751177e-04
8323,146.632658,6,9.082790e-04
8324,146.647598,7,8.714551e-04
8325,146.662539,6,9.212352e-04
8326,146.677479,7,8.869023e-04
8327,146.692419,6,9.447611e-04
8328,146.707360,7,9.288133e-04
8329,146.722300,6,9.955465e-04
8330,146.737241,8,9.142233e-04
8331,146.752182,5,9.294520e-04
8332,146.767122,8,9.684533e-04
8333,146.782063,5,9.854578e-04
8334,146.797004,12,9.950432e-04
8335,146.811945,6,7.146336e-04
8336,146.826886,6,8.913033e-04
8337,146.841827,7,8.680328e-04
8338,146.856769,7,9.627599e-04
8339,146.871710,8,8.982488e-04
8340,146.886651,6,9.568867e-04
8341,146.901593,9,9.817080e-04
8342,146.916534,5,9.732594e-04
8343,146.931476,9,9.736704e-04
8344,146.946418,5,9.784333e-04
8345,146.961359,9,9.880862e-04
8346,146.976301,5,9.608864e-04
8347,146.991243,9,9.624594e-04
8348,147.006185,5,9.528470e-04
8349,147.021127,8,9.400217e-04
8350,147.036070,6,9.359878e-04
8351,147.051012,8,9.202264e-04
8352,147.065955,6,8.308364e-04
8353,147.080897,7,9.347778e-04
8354,147.095840,7,9.019245e-04
8355,147.110783,6,9.391212e-04
8356,147.125725,7,8.807685e-04
8357,147.140668,6,9.013989e-04
8358,147.155612,7,8.290515e-04
8359,147.170555,6,8.556055e-04
8360,147.185498,6,9.857579e-04
8361,147.200442,6,9.990090e-04
8362,147.215386,6,9.532187e-04
8363,147.230329,6,9.418651e-04
8364,147.245273,6,9.362068e-04
8365,147.260217,6,9.354028e-04
8366,147.275162,6,9.392918e-04
8367,147.290106,6,9.481760e-04
8368,147.305051,6,9.619236e-04
8369,147.319995,6,9.804447e-04
8370,147.334940,7,8.872612e-04
8371,147.349885,5,9.833919e-04
8372,147.364830,7,9.653997e-04
8373,147.379775,5,9.927678e-04
8374,147.394721,13,9.723670e-04
8375,147.409666,6,8.153900e-04
8376,147.424612,6,7.541610e-04
8377,147.439558,6,9.290654e-04
8378,147.454504,6,9.803215e-04
8379,147.469450,6,9.959075e-04
8380,147.484397,7,9.527594e-04
8381,147.499343,6,9.864928e-04
8382,147.514290,11,9.584975e-04
8383,147.529237,5,9.478286e-04
8384,147.544184,6,9.570078e-04
8385,147.559131,8,9.187660e-04
8386,147.574078,5,9.632676e-04
8387,147.589026,15,9.352867e-04
8388,147.603974,7,8.311114e-04
8389,147.618921,5,9.191225e-04
8390,147.633869,7,8.810494e-04
8391,147.648817,7,9.723702e-04
8392,147.663766,7,9.820018e-04
8393,147.678714,9,9.312324e-04
8394,147.693663,5,8.042121e-04
8395,147.708611,13,9.422769e-04
8396,147.723560,5,9.828714e-04
8397,147.738509,6,8.743028e-04
8398,147.753459,7,9.211941e-04
8399,147.768408,9,8.763523e-04
8400,147.783357,5,8.756521e-04
8401,147.798307,13,8.494459e-04
8402,147.813257,5,9.659348e-04
8403,147.828207,6,9.835619e-04
8404,147.843157,7,8.478877e-04
8405,147.858107,5,9.700237e-04
8406,147.873057,10,9.054912e-04
8407,147.888008,5,8.691630e-04
8408,147.902958,12,9.863489e-04
8409,147.917909,6,7.225344e-04
8410,147.932860,7,9.161205e-04
8411,147.947811,6,8.790463e-04
8412,147.962762,7,8.664830e-04
8413,147.977713,8,9.552050e-04
8414,147.992664,5,9.552147e-04
8415,148.007615,13,9.443704e-04
8416,148.022567,6,8.780526e-04
8417,148.037518,7,8.912187e-04
8418,148.052470,6,9.076985e-04
8419,148.067422,7,8.308972e-04
8420,148.082373,6,9.252296e-04
8421,148.097325,8,9.309025e-04
8422,148.112277,5,9.117730e-04
8423,148.127229,11,9.905514e-04
8424,148.142181,5,8.978420e-04
8425,148.157133,6,8.881213e-04
8426,148.172085,7,8.160071e-04
8427,148.187037,6,8.389454e-04
8428,148.201989,7,8.099424e-04
8429,148.216942,6,8.762956e-04
8430,148.231894,7,8.095474e-04
8431,148.246846,6,8.553312e-04
8432,148.261799,6,9.730758e-04
8433,148.276751,6,9.949905e-04
8434,148.291704,6,9.678914e-04
8435,148.306656,6,9.684177e-04
8436,148.321609,6,9.686479e-04
8437,148.336562,6,9.678785e-04
8438,148.351514,6,9.660221e-04
8439,148.366467,6,9.644387e-04
8440,148.381420,6,9.654933e-04
8441,148.396373,6,9.720120e-04
8442,148.411326,6,9.856739e-04
8443,148.426279,7,8.753920e-04
8444,148.441232,5,9.740153e-04
8445,148.456185,7,9.535273e-04
8446,148.471138,5,9.888774e-04
8447,148.486092,9,9.975128e-04
8448,148.501045,5,7.437071e-04
8449,148.515998,6,8.635732e-04
8450,148.530952,7,8.690560e-04
8451,148.545905,5,9.773504e-04
8452,148.560859,8,9.621748e-04
8453,148.575813,5,7.805933e-04
8454,148.590766,7,9.546399e-04
8455,148.605720,8,9.496335e-04
8456,148.620674,5,7.845324e-04
8457,148.635628,6,9.943779e-04
8458,148.650582,7,9.358205e-04
8459,148.665536,5,9.271803e-04
8460,148.680490,8,9.797875e-04
8461,148.695444,5,7.935002e-04
8462,148.710399,7,9.759338e-04
8463,148.725353,8,9.265284e-04
8464,148.740307,5,7.918074e-04
8465,148.755261,7,8.278346e-04
8466,148.770216,7,8.809117e-04
8467,148.785170,6,8.488194e-04
8468,148.800125,7,8.891022e-04
8469,148.815079,6,9.350997e-04
8470,148.830034,7,9.224490e-04
8471,148.844989,6,9.398830e-04
8472,148.859943,7,9.312117e-04
8473,148.874898,6,9.485873e-04
8474,148.889853,7,9.320993e-04
8475,148.904807,6,9.428554e-04
8476,148.919762,7,9.222170e-04
8477,148.934717,6,9.342043e-04
8478,148.949672,7,9.144721e-04
8479,148.964627,6,9.302689e-04
8480,148.979582,7,9.167866e-04
8481,148.994537,6,9.341375e-04
8482,149.009492,7,9.273758e-04
8483,149.024447,6,9.411171e-04
8484,149.039402,7,9.425367e-04
8485,149.054358,6,9.522070e-04
8486,149.069313,7,9.600576e-04
8487,149.084268,6,9.623598e-04
8488,149.099223,7,9.739133e-04
8489,149.114179,6,9.713083e-04
8490,149.129134,7,9.836139e-04
8491,149.144089,6,9.750359e-04
8492,149.159045,7,9.870315e-04
8493,149.174000,6,9.758707e-04
8494,149.188956,7,9.837771e-04
8495,149.203911,6,9.748142e-04
8496,149.218867,7,9.776035e-04
8497,149.233822,6,9.760831e-04
8498,149.248778,7,9.769498e-04
8499,149.263734,6,9.811203e-04
8500,149.278689,7,9.849022e-04
8501,149.293645,6,9.950163e-04
8502,149.308600,8,9.423202e-04
8503,149.323556,5,9.035075e-04
8504,149.338511,8,9.221393e-04
8505,149.353467,5,9.413765e-04
8506,149.368423,9,9.427308e-04
8507,149.383378,5,8.303699e-04
8508,149.398334,7,9.403855e-04
8509,149.413289,8,9.421103e-04
8510,149.428245,5,9.549027e-04
8511,149.443200,8,9.998322e-04
8512,149.458156,6,9.590622e-04
8513,149.473111,13,9.749047e-04
8514,149.488067,6,8.239364e-04
8515,149.503022,6,8.504386e-04
8516,149.517978,7,8.034493e-04
8517,149.532933,7,8.620823e-04
8518,149.547889,7,9.376681e-04
8519,149.562844,8,9.749161e-04
8520,149.577799,6,8.948057e-04
8521,149.592755,13,9.230013e-04
8522,149.607710,6,8.077544e-04
8523,149.622666,6,9.659748e-04
8524,149.637621,7,8.978724e-04
8525,149.652577,6,9.798968e-04
8526,149.667532,8,9.476986e-04
8527,149.682488,5,9.630406e-04
8528,149.697443,12,9.625684e-04
8529,149.712398,6,7.214942e-04
8530,149.727354,6,9.417199e-04
8531,149.742310,7,8.252971e-04
8532,149.757265,6,8.489222e-04
8533,149.772221,7,8.864816e-04
8534,149.787176,6,9.144755e-04
8535,149.802132,7,9.000075e-04
8536,149.817088,5,9.581391e-04
8537,149.832043,7,9.055039e-04
8538,149.846999,5,8.758756e-04
8539,149.861955,7,8.739210e-04
8540,149.876911,5,8.774290e-04
8541,149.891866,7,9.044477e-04
8542,149.906822,5,8.870193e-04
8543,149.921778,7,9.834660e-04
8544,149.936734,5,9.102053e-04
8545,149.951690,9,9.983030e-04
8546,149.966646,5,6.718578e-04
8547,149.981602,6,7.788306e-04
8548,149.996558,7,8.715560e-04
8549,150.011514,5,9.549326e-04
8550,150.026470,12,9.514174e-04
8551,150.041426,6,7.334995e-04
8552,150.056382,5,8.703711e-04
8553,150.071338,6,9.022876e-04
8554,150.086294,6,9.990966e-04
8555,150.101251,8,9.017161e-04
8556,150.116207,5,8.148438e-04
8557,150.131163,12,8.448853e-04
8558,150.146119,5,9.226123e-04
8559,150.161075,6,9.616555e-04
8560,150.176032,7,8.059415e-04
8561,150.190988,5,9.218541e-04
8562,150.205944,10,9.877040e-04
8563,150.220900,5,8.891119e-04
8564,150.235856,7,9.974381e-04
8565,150.250813,13,8.730672e-04
8566,150.265769,6,8.755120e-04
8567,150.280725,7,9.092467e-04
8568,150.295681,5,9.617691e-04
8569,150.310637,7,9.031798e-04
8570,150.325593,5,9.433475e-04
8571,150.340550,8,9.204899e-04
8572,150.355506,5,8.368105e-04
8573,150.370462,12,9.005169e-04
8574,150.385418,6,7.821285e-04
8575,150.400374,7,9.497332e-04
8576,150.415330,6,9.491014e-04
8577,150.430286,7,8.830634e-04
8578,150.445242,6,9.689943e-04
8579,150.460198,11,9.513078e-04
8580,150.475154,5,9.632266e-04
8581,150.490110,6,8.183013e-04
8582,150.505066,6,9.659935e-04
8583,150.520022,7,8.391978e-04
8584,150.534978,6,8.999998e-04
8585,150.549934,7,9.402728e-04
8586,150.564890,6,9.733918e-04
8587,150.579846,7,9.623641e-04
8588,150.594802,6,9.793963e-04
8589,150.609758,7,9.804036e-04
8590,150.624714,12,9.357149e-04
8591,150.639670,6,7.070222e-04
8592,150.654626,6,8.397124e-04
8593,150.669582,6,9.540274e-04
8594,150.684537,7,7.796402e-04
8595,150.699493,5,9.938980e-04
8596,150.714449,8,8.855559e-04
8597,150.729405,5,8.262845e-04
8598,150.744361,11,9.759379e-04
8599,150.759316,5,9.037432e-04
8600,150.774272,6,9.605119e-04
8601,150.789228,7,9.918430e-04
8602,150.804183,14,9.145707e-04
8603,150.819139,6,8.833507e-04
8604,150.834095,6,8.989677e-04
8605,150.849051,7,9.763428e-04
8606,150.864006,8,9.838351e-04
8607,150.878962,5,8.116235e-04
8608,150.893918,7,8.351964e-04
8609,150.908873,7,9.651964e-04
8610,150.923829,7,9.891709e-04
8611,150.938785,13,9.671748e-04
8612,150.953740,6,9.123642e-04
8613,150.968696,7,8.910069e-04
8614,150.983652,6,8.491445e-04
8615,150.998607,7,8.067498e-04
8616,151.013563,6,9.022203e-04
8617,151.028519,7,9.593350e-04
8618,151.043475,8,9.555332e-04
8619,151.058430,5,7.842271e-04
8620,151.073386,6,9.969005e-04
8621,151.088342,7,9.149511e-04
8622,151.103298,5,9.277537e-04
8623,151.118254,8,9.830576e-04
8624,151.133210,5,7.997636e-04
8625,151.148166,7,9.730755e-04
8626,151.163122,8,9.609992e-04
8627,151.178078,5,8.101563e-04
8628,151.193034,7,9.451028e-04
8629,151.207991,9,9.642941e-04
8630,151.222947,5,7.946922e-04
8631,151.237903,7,8.718935e-04
8632,151.252860,8,9.742845e-04
8633,151.267816,5,9.142309e-04
8634,151.282773,12,9.908931e-04
8635,151.297729,5,9.586057e-04
8636,151.312686,6,8.467141e-04
8637,151.327643,7,8.002674e-04
8638,151.342600,7,9.925903e-04
8639,151.357556,9,9.335185e-04
8640,151.372514,5,8.626703e-04
8641,151.387471,12,9.787420e-04
8642,151.402428,5,9.283060e-04
8643,151.417385,6,9.610391e-04
8644,151.432343,8,7.982264e-04
8645,151.447300,6,9.344488e-04
8646,151.462258,12,9.754173e-04
8647,151.477216,6,7.884762e-04
8648,151.492174,6,9.603436e-04
8649,151.507132,7,9.781724e-04
8650,151.522090,9,9.777487e-04
8651,151.537048,5,9.436703e-04
8652,151.552006,13,9.869487e-04
8653,151.566965,6,8.156684e-04
8654,151.581923,7,8.653629e-04
8655,151.596882,7,8.358307e-04
8656,151.611841,7,9.167792e-04
8657,151.626800,9,9.916859e-04
8658,151.641759,5,9.230397e-04
8659,151.656718,14,9.652730e-04
8660,151.671677,6,9.836468e-04
8661,151.686637,8,9.114146e-04
8662,151.701596,5,8.981299e-04
8663,151.716556,8,8.357393e-04
8664,151.731516,5,9.634662e-04
8665,151.746476,12,9.458075e-04
8666,151.761436,6,8.619375e-04
8667,151.776396,7,9.434216e-04
8668,151.791357,15,8.727965e-04
8669,151.806317,7,7.979359e-04
8670,151.821278,9,9.185762e-04
8671,151.836239,5,7.492245e-04
8672,151.851199,6,9.843445e-04
8673,151.866161,7,9.088030e-04
8674,151.881122,5,8.595407e-04
8675,151.896083,7,9.884183e-04
8676,151.911045,12,9.873216e-04
8677,151.926006,6,8.916442e-04
8678,151.940968,6,9.878192e-04
8679,151.955930,6,9.938274e-04
8680,151.970892,8,9.079281e-04
8681,151.985854,5,8.181821e-04
8682,152.000816,12,9.662753e-04
8683,152.015779,6,8.816929e-04
8684,152.030741,6,9.181621e-04
8685,152.045704,6,9.207991e-04
8686,152.060666,8,9.066670e-04
8687,152.075629,5,8.094578e-04
8688,152.090592,12,8.499932e-04
8689,152.105555,5,9.863817e-04
8690,152.120518,6,9.520769e-04
8691,152.135481,6,9.061192e-04
8692,152.150444,6,9.906873e-04
8693,152.165407,9,9.359226e-04
8694,152.180371,5,7.852023e-04
8695,152.195334,12,8.692217e-04
8696,152.210297,6,8.862393e-04
8697,152.225261,7,9.166787e-04
8698,152.240224,4,9.225128e-04
8699,152.255188,6,9.561345e-04
8700,152.270151,7,9.818849e-04
8701,152.285115,5,8.639696e-04
8702,152.300078,11,9.833920e-04
8703,152.315042,5,8.807834e-04
8704,152.330005,7,9.383276e-04
8705,152.344969,4,9.976412e-04
8706,152.359932,8,9.662092e-04
8707,152.374896,4,9.814026e-04
8708,152.389859,12,9.150098e-04
8709,152.404823,9,8.451390e-04
8710,152.419786,5,7.536491e-04
8711,152.434749,7,9.289025e-04
8712,152.449713,4,9.461982e-04
8713,152.464676,8,9.582064e-04
8714,152.479639,4,8.833800e-04
8715,152.494602,6,9.404247e-04
8716,152.509565,11,9.455237e-04
8717,152.524528,5,8.656627e-04
8718,152.539491,5,9.569199e-04
8719,152.554454,6,9.801478e-04
8720,152.569417,7,9.233153e-04
8721,152.584380,5,7.974197e-04
8722,152.599343,12,9.848802e-04
8723,152.614305,6,8.199599e-04
8724,152.629268,5,9.220612e-04
8725,152.644230,6,9.635262e-04
8726,152.659193,7,8.957110e-04
8727,152.674155,5,8.748519e-04
8728,152.689117,10,9.815574e-04
8729,152.704079,5,7.092726e-04
8730,152.719041,6,7.234574e-04
8731,152.734003,6,9.227039e-04
8732,152.748964,7,8.790052e-04
8733,152.763926,5,9.565082e-04
8734,152.778888,9,9.880215e-04
8735,152.793849,5,7.247761e-04
8736,152.808810,6,8.962214e-04
8737,152.823771,7,9.634949e-04
8738,152.838732,6,9.773145e-04
8739,152.853693,9,9.580968e-04
8740,152.868653,5,7.537019e-04
8741,152.883614,6,9.151733e-04
8742,152.898574,7,9.053208e-04
8743,152.913534,6,9.248548e-04
8744,152.928494,7,9.977694e-04
8745,152.943454,7,9.769342e-04
8746,152.958414,6,9.370759e-04
8747,152.973374,7,9.707651e-04
8748,152.988333,7,9.675663e-04
8749,153.003293,6,9.554134e-04
8750,153.018252,7,9.841309e-04
8751,153.033211,7,9.744964e-04
8752,153.048170,6,9.582720e-04
8753,153.063129,7,9.903786e-04
8754,153.078087,7,9.873786e-04
8755,153.093046,6,9.664307e-04
8756,153.108004,8,9.174503e-04
8757,153.122962,5,8.826508e-04
8758,153.137921,8,9.719355e-04
8759,153.152879,5,8.943957e-04
8760,153.167837,10,9.805116e-04
8761,153.182795,5,7.838720e-04
8762,153.197752,6,8.927240e-04
8763,153.212710,7,9.393593e-04
8764,153.227668,9,9.633289e-04
8765,153.242625,5,7.856459e-04
8766,153.257582,6,9.901544e-04
8767,153.272540,8,9.231870e-04
8768,153.287497,5,8.893312e-04
8769,153.302454,13,9.582810e-04
8770,153.317412,6,8.842900e-04
8771,153.332369,6,9.026357e-04
8772,153.347326,6,9.506414e-04
8773,153.362283,6,9.907983e-04
8774,153.377240,7,9.454826e-04
8775,153.392197,10,8.828835e-04
8776,153.407154,5,7.866228e-04
8777,153.422111,6,9.036245e-04
8778,153.437068,7,9.397384e-04
8779,153.452025,15,8.882592e-04
8780,153.466982,6,9.728771e-04
8781,153.481939,6,9.300761e-04
8782,153.496896,7,8.541567e-04
8783,153.511854,6,8.998941e-04
8784,153.526811,7,9.474052e-04
8785,153.541768,7,9.606748e-04
8786,153.556725,6,9.785321e-04
8787,153.571682,13,9.282511e-04
8788,153.586640,6,9.897352e-04
8789,153.601597,12,9.077807e-04
8790,153.616555,10,9.669485e-04
8791,153.631512,5,8.974497e-04
8792,153.646470,7,9.417011e-04
8793,153.661428,8,9.574926e-04
8794,153.676386,5,8.907845e-04
8795,153.691344,15,9.690393e-04
8796,153.706302,7,8.598625e-04
8797,153.721260,6,8.405486e-04
8798,153.736219,7,8.783201e-04
8799,153.751177,6,9.019972e-04
8800,153.766136,7,8.667472e-04
8801,153.781094,6,9.603558e-04
8802,153.796053,10,9.938279e-04
8803,153.811012,5,9.147110e-04
8804,153.825971,15,8.089641e-04
8805,153.840931,6,9.890971e-04
8806,153.855890,13,9.525361e-04
8807,153.870850,7,9.084572e-04
8808,153.885810,6,9.804614e-04
8809,153.900770,8,9.444162e-04
8810,153.915730,5,9.916180e-04
8811,153.930690,15,9.694591e-04
8812,153.945651,8,9.711309e-04
8813,153.960612,5,9.163289e-04
8814,153.975573,8,9.996183e-04
8815,153.990534,5,9.125960e-04
8816,154.005495,10,9.861626e-04
8817,154.020457,5,8.874509e-04
8818,154.035419,14,8.844626e-04
8819,154.050381,6,9.349580e-04
8820,154.065343,8,8.995520e-04
8821,154.080305,5,9.231197e-04
8822,154.095268,8,9.045904e-04
8823,154.110231,5,9.607907e-04
8824,154.125194,11,9.484673e-04
8825,154.140157,5,9.579955e-04
8826,154.155121,7,8.493286e-04
8827,154.170085,14,9.518937e-04
8828,154.185049,6,9.349548e-04
8829,154.200013,7,9.591052e-04
8830,154.214978,8,9.644956e-04
8831,154.229943,5,8.597311e-04
8832,154.244908,7,8.932433e-04
8833,154.259873,7,9.431357e-04
8834,154.274839,6,9.560404e-04
8835,154.289805,14,8.947138e-04
8836,154.304772,7,8.333752e-04
8837,154.319738,6,9.667755e-04
8838,154.334705,7,9.600568e-04
8839,154.349672,6,9.239175e-04
8840,154.364640,7,9.096448e-04
8841,154.379608,6,9.862015e-04
8842,154.394576,11,9.944914e-04
8843,154.409544,5,9.711794e-04
8844,154.424513,6,9.675794e-04
8845,154.439482,7,9.955243e-04
8846,154.454452,15,8.626528e-04
8847,154.469421,6,9.534000e-04
8848,154.484391,6,9.864791e-04
8849,154.499362,13,9.613280e-04
8850,154.514333,6,7.671784e-04
8851,154.529304,6,9.304034e-04
8852,154.544275,8,9.973837e-04
8853,154.559247,5,8.476269e-04
8854,154.574219,13,9.702539e-04
8855,154.589191,6,8.873855e-04
8856,154.604164,7,9.366429e-04
8857,154.619137,8,9.991629e-04
8858,154.634111,5,8.499311e-04
8859,154.649085,7,9.844469e-04
8860,154.664059,8,8.898993e-04
8861,154.679033,5,8.017067e-04
8862,154.694008,7,8.687543e-04
8863,154.708983,8,9.352770e-04
8864,154.723959,5,8.587716e-04
8865,154.738935,13,9.954383e-04
8866,154.753911,6,7.352046e-04
8867,154.768888,6,8.096770e-04
8868,154.783865,7,7.787259e-04
8869,154.798842,6,9.681681e-04
8870,154.813819,8,9.648152e-04
8871,154.828797,5,9.075430e-04
8872,154.843776,12,8.694241e-04
8873,154.858754,5,9.832205e-04
8874,154.873733,6,9.911689e-04
8875,154.888713,7,9.731048e-04
8876,154.903692,10,9.925466e-04
8877,154.918672,5,9.206079e-04
8878,154.933652,7,9.434353e-04
8879,154.948633,12,9.294662e-04
8880,154.963614,6,6.941135e-04
8881,154.978595,6,8.946446e-04
8882,154.993577,7,8.343267e-04
8883,155.008559,6,8.882162e-04
8884,155.023541,8,9.107010e-04
8885,155.038524,5,8.558766e-04
8886,155.053507,12,9.177727e-04
8887,155.068490,5,9.760395e-04
8888,155.083473,6,9.180888e-04
8889,155.098457,7,8.390922e-04
8890,155.113441,5,9.470559e-04
8891,155.128426,9,9.584962e-04
8892,155.143411,5,7.933869e-04
8893,155.158395,13,8.286993e-04
8894,155.173381,6,8.763741e-04
8895,155.188366,7,9.978330e-04
8896,155.203352,5,8.723778e-04
8897,155.218338,7,8.626785e-04
8898,155.233324,5,9.625453e-04
8899,155.248311,9,8.570099e-04
8900,155.263298,5,7.199631e-04
8901,155.278285,6,9.506691e-04
8902,155.293272,13,9.458466e-04
8903,155.308259,6,8.980599e-04
8904,155.323247,8,9.872008e-04
8905,155.338235,5,8.001490e-04
8906,155.353223,7,9.708896e-04
8907,155.368212,7,8.876908e-04
8908,155.383200,6,8.572224e-04
8909,155.398189,8,9.907900e-04
8910,155.413178,5,8.443942e-04
8911,155.428167,12,9.984077e-04
8912,155.443156,5,9.891169e-04
8913,155.458146,6,8.533313e-04
8914,155.473135,7,8.042984e-04
8915,155.488125,5,9.810835e-04
8916,155.503115,7,9.989668e-04
8917,155.518106,5,9.747353e-04
8918,155.533096,9,9.522851e-04
8919,155.548087,5,7.051734e-04
8920,155.563077,6,8.733384e-04
8921,155.578068,7,8.841823e-04
8922,155.593060,5,9.542407e-04
8923,155.608051,8,9.557926e-04
8924,155.623042,5,7.441869e-04
8925,155.638034,7,8.785483e-04
8926,155.653026,6,9.727601e-04
8927,155.668018,6,9.864473e-04
8928,155.683010,7,8.749835e-04
8929,155.698003,5,8.864805e-04
8930,155.712995,7,8.704028e-04
8931,155.727988,5,9.213452e-04
8932,155.742981,7,9.357973e-04
8933,155.757974,5,8.842461e-04
8934,155.772967,7,9.303167e-04
8935,155.787961,5,9.013935e-04
8936,155.802954,7,9.172440e-04
8937,155.817948,5,8.763957e-04
8938,155.832942,7,8.702454e-04
8939,155.847936,5,8.563339e-04
8940,155.862930,6,9.767127e-04
8941,155.877925,6,9.348179e-04
8942,155.892919,6,8.120161e-04
8943,155.907914,6,8.236474e-04
8944,155.922909,6,8.140524e-04
8945,155.937904,6,8.054959e-04
8946,155.952899,6,8.023295e-04
8947,155.967895,6,8.040183e-04
8948,155.982890,6,8.091423e-04
8949,155.997886,6,8.180548e-04
8950,156.012882,6,8.296376e-04
8951,156.027878,6,8.400449e-04
8952,156.042874,6,8.529417e-04
8953,156.057870,6,8.658169e-04
8954,156.072867,6,8.775276e-04
8955,156.087863,6,8.883952e-04
8956,156.102860,6,8.972622e-04
8957,156.117857,6,9.041494e-04
8958,156.132854,6,9.092740e-04
8959,156.147851,6,9.130403e-04
8960,156.162848,6,9.160440e-04
8961,156.177846,6,9.181529e-04
8962,156.192843,6,9.198915e-04
8963,156.207841,6,9.214158e-04
8964,156.222839,6,9.223390e-04
8965,156.237837,6,9.228553e-04
8966,156.252835,6,9.231248e-04
8967,156.267833,6,9.230370e-04
8968,156.282832,6,9.233220e-04
8969,156.297830,6,9.238065e-04
8970,156.312829,6,9.238966e-04
8971,156.327827,6,9.231175e-04
8972,156.342826,6,9.208659e-04
8973,156.357825,6,9.156626e-04
8974,156.372824,6,9.072566e-04
8975,156.387824,6,9.008437e-04
8976,156.402823,6,8.956421e-04
8977,156.417822,6,8.914975e-04
8978,156.432822,6,8.853551e-04
8979,156.447821,6,8.793211e-04
8980,156.462821,6,8.773431e-04
8981,156.477821,6,8.799654e-04
8982,156.492821,6,8.858996e-04
8983,156.507821,6,8.951778e-04
8984,156.522821,6,9.084468e-04
8985,156.537821,6,9.255096e-04
8986,156.552821,6,9.447213e-04
8987,156.567822,6,9.643786e-04
8988,156.582822,6,9.829141e-04
8989,156.597822,6,9.994038e-04
8990,156.612823,7,8.887014e-04
8991,156.627824,5,9.077808e-04
8992,156.642824,7,9.223531e-04
8993,156.657825,5,9.359176e-04
8994,156.672826,7,9.751797e-04
8995,156.687826,5,8.925573e-04
8996,156.702827,7,9.471770e-04
8997,156.717828,5,9.040651e-04
8998,156.732829,7,9.364275e-04
8999,156.747830,5,8.889583e-04
9000,156.762831,7,9.300758e-04
9001,156.777833,5,8.932726e-04
9002,156.792834,7,9.426861e-04
9003,156.807835,5,8.974014e-04
9004,156.822836,7,9.742176e-04
9005,156.837838,5,9.192539e-04
9006,156.852839,8,9.331425e-04
9007,156.867841,5,7.255306e-04
9008,156.882842,7,9.170688e-04
9009,156.897844,7,9.782294e-04
9010,156.912846,5,9.817133e-04
9011,156.927847,8,9.362097e-04
9012,156.942849,5,7.972701e-04
9013,156.957851,8,9.925759e-04
9014,156.972853,5,8.364836e-04
9015,156.987854,9,9.672873e-04
9016,157.002856,5,7.470469e-04
9017,157.017858,7,9.082241e-04
9018,157.032860,8,8.914826e-04
9019,157.047862,5,8.612274e-04
9020,157.062864,8,9.371896e-04
9021,157.077866,5,9.393492e-04
9022,157.092868,9,9.763584e-04
9023,157.107870,5,7.839567e-04
9024,157.122872,7,9.201403e-04
9025,157.137875,8,9.276571e-04
9026,157.152877,5,8.906311e-04
9027,157.167879,8,9.686537e-04
9028,157.182881,5,9.495533e-04
9029,157.197884,9,9.821570e-04
9030,157.212886,5,7.958383e-04
9031,157.227888,7,9.322697e-04
9032,157.242891,8,9.271398e-04
9033,157.257893,5,8.958047e-04
9034,157.272895,8,9.556599e-04
9035,157.287898,5,9.441737e-04
9036,157.302900,9,9.617765e-04
9037,157.317903,5,7.841273e-04
9038,157.332906,7,9.146420e-04
9039,157.347908,8,9.094431e-04
9040,157.362911,5,8.807049e-04
9041,157.377914,8,9.434499e-04
9042,157.392917,5,9.256204e-04
9043,157.407920,9,9.691096e-04
9044,157.422923,5,7.802652e-04
9045,157.437926,7,9.069284e-04
9046,157.452929,8,9.288255e-04
9047,157.467933,5,8.653495e-04
9048,157.482936,8,9.374513e-04
9049,157.497939,5,8.959546e-04
9050,157.512943,9,9.501350e-04
9051,157.527947,5,7.537576e-04
9052,157.542951,6,9.438877e-04
9053,157.557954,7,9.695092e-04
9054,157.572958,5,9.595816e-04
9055,157.587963,8,9.946560e-04
9056,157.602967,5,7.734009e-04
9057,157.617971,7,9.290475e-04
9058,157.632976,6,9.976910e-04
9059,157.647981,7,9.513644e-04
9060,157.662985,5,9.662168e-04
9061,157.677990,8,9.633232e-04
9062,157.692996,5,7.617273e-04
9063,157.708001,7,9.449080e-04
9064,157.723006,8,9.531473e-04
9065,157.738012,5,7.655818e-04
9066,157.753018,6,9.787650e-04
9067,157.768023,8,9.083790e-04
9068,157.783030,5,7.972123e-04
9069,157.798036,12,9.363371e-04
9070,157.813042,5,9.003403e-04
9071,157.828049,6,7.602169e-04
9072,157.843056,6,8.971302e-04
9073,157.858063,7,8.273161e-04
9074,157.873070,6,9.498365e-04
9075,157.888077,10,9.487010e-04
9076,157.903085,5,8.024767e-04
9077,157.918093,6,8.725897e-04
9078,157.933101,8,9.819470e-04
9079,157.948109,5,9.469378e-04
9080,157.963117,14,9.757863e-04
9081,157.978126,7,8.172368e-04
9082,157.993135,5,8.469647e-04
9083,158.008144,7,8.522324e-04
9084,158.023153,5,9.868207e-04
9085,158.038163,8,9.043165e-04
9086,158.053173,5,7.183529e-04
9087,158.068183,7,9.545170e-04
9088,158.083193,9,9.628266e-04
9089,158.098203,5,7.665218e-04
9090,158.113214,6,9.536951e-04
9091,158.128225,14,8.927813e-04
9092,158.143236,6,8.246090e-04
9093,158.158247,6,9.245649e-04
9094,158.173259,13,9.797667e-04
9095,158.188270,6,8.087265e-04
9096,158.203282,6,9.989720e-04
9097,158.218295,12,9.933577e-04
9098,158.233307,6,8.461827e-04
9099,158.248320,9,9.622273e-04
9100,158.263332,5,7.203102e-04
9101,158.278345,7,8.695739e-04
9102,158.293359,6,9.907344e-04
9103,158.308372,7,9.102254e-04
9104,158.323386,5,9.283714e-04
9105,158.338400,7,9.747308e-04
9106,158.353414,5,9.151169e-04
9107,158.368428,8,9.349333e-04
9108,158.383443,5,7.015127e-04
9109,158.398458,6,9.253488e-04
9110,158.413473,7,9.418084e-04
9111,158.428488,5,8.565254e-04
9112,158.443503,8,9.613945e-04
9113,158.458519,5,7.037363e-04
9114,158.473535,6,9.545159e-04
9115,158.488551,7,9.733055e-04
9116,158.503567,5,8.188973e-04
9117,158.518583,7,9.989086e-04
9118,158.533600,5,9.326251e-04
9119,158.548617,9,9.705435e-04
9120,158.563634,5,6.567278e-04
9121,158.578651,5,9.711646e-04
9122,158.593668,7,8.554172e-04
9123,158.608686,5,9.102835e-04
9124,158.623703,9,9.828322e-04
9125,158.638721,5,6.833570e-04
9126,158.653739,5,9.910292e-04
9127,158.668758,7,9.095255e-04
9128,158.683776,5,9.658244e-04
9129,158.698795,10,9.788852e-04
9130,158.713813,5,8.068802e-04
9131,158.728832,5,9.215930e-04
9132,158.743852,6,8.936217e-04
9133,158.758871,7,9.380905e-04
9134,158.773890,5,8.651387e-04
9135,158.788910,10,9.603154e-04
9136,158.803930,5,6.909804e-04
9137,158.818950,5,9.531139e-04
9138,158.833970,6,9.479475e-04
9139,158.848990,7,9.652035e-04
9140,158.864011,5,8.605027e-04
9141,158.879032,10,9.869617e-04
9142,158.894052,5,6.685381e-04
9143,158.909073,5,9.654137e-04
9144,158.924094,6,9.650993e-04
9145,158.939116,7,9.624868e-04
9146,158.954137,5,8.721160e-04
9147,158.969158,11,9.348543e-04
9148,158.984180,5,8.195409e-04
9149,158.999202,5,9.942477e-04
9150,159.014224,6,9.275472e-04
9151,159.029246,6,9.997834e-04
9152,159.044268,9,8.823851e-04
9153,159.059290,5,7.017352e-04
9154,159.074313,6,8.685637e-04
9155,159.089335,8,9.854993e-04
9156,159.104358,5,7.614216e-04
9157,159.119380,10,9.929572e-04
9158,159.134403,5,6.857388e-04
9159,159.149426,6,7.949354e-04
9160,159.164449,7,8.242049e-04
9161,159.179473,5,9.530732e-04
9162,159.194496,9,9.694558e-04
9163,159.209519,5,7.231794e-04
9164,159.224543,6,9.062149e-04
9165,159.239566,8,9.322274e-04
9166,159.254590,5,8.348923e-04
9167,159.269614,9,9.854147e-04
9168,159.284637,5,7.363082e-04
9169,159.299661,7,8.798831e-04
9170,159.314685,8,8.811214e-04
9171,159.329709,5,8.409460e-04
9172,159.344734,7,9.729863e-04
9173,159.359758,8,9.103898e-04
9174,159.374782,5,8.180491e-04
9175,159.389807,7,8.931629e-04
9176,159.404831,7,9.931515e-04
9177,159.419856,6,8.804607e-04
9178,159.434881,7,9.543086e-04
9179,159.449905,6,9.540724e-04
9180,159.464930,7,9.563545e-04
9181,159.479955,5,9.976802e-04
9182,159.494981,8,9.458916e-04
9183,159.510006,5,7.536638e-04
9184,159.525031,7,9.283703e-04
9185,159.540057,7,9.804566e-04
9186,159.555082,5,9.614513e-04
9187,159.570108,7,9.923532e-04
9188,159.585133,5,9.618248e-04
9189,159.600159,9,9.606658e-04
9190,159.615185,5,7.182946e-04
9191,159.630211,6,8.219129e-04
9192,159.645238,7,9.041038e-04
9193,159.660264,5,9.320769e-04
9194,159.675290,8,9.959311e-04
9195,159.690317,5,7.098562e-04
9196,159.705343,6,9.723913e-04
9197,159.720370,7,9.855835e-04
9198,159.735397,5,8.587621e-04
9199,159.750424,8,9.826439e-04
9200,159.765451,5,7.321413e-04
9201,159.780479,7,9.377462e-04
9202,159.795506,8,9.140164e-04
9203,159.810534,5,7.180422e-04
9204,159.825561,6,9.304728e-04
9205,159.840589,7,9.206318e-04
9206,159.855617,5,8.723167e-04
9207,159.870645,8,9.897480e-04
9208,159.885673,5,7.415635e-04
9209,159.900701,7,9.787423e-04
9210,159.915730,8,9.818083e-04
9211,159.930759,5,7.099495e-04
9212,159.945787,6,9.193619e-04
9213,159.960816,7,9.162867e-04
9214,159.975845,5,8.769164e-04
9215,159.990875,8,9.963746e-04
9216,160.005904,5,7.310153e-04
9217,160.020934,7,9.605735e-04
9218,160.035963,8,9.645665e-04
9219,160.050993,5,6.894069e-04
9220,160.066023,6,8.844195e-04
9221,160.081054,7,8.895989e-04
9222,160.096084,5,8.592369e-04
9223,160.111115,8,9.731827e-04
9224,160.126145,5,7.164661e-04
9225,160.141176,6,9.909959e-04
9226,160.156208,8,9.483542e-04
9227,160.171239,5,7.198963e-04
9228,160.186270,6,9.048611e-04
9229,160.201302,7,9.460750e-04
9230,160.216334,5,8.788080e-04
9231,160.231366,8,9.509619e-04
9232,160.246398,5,7.270510e-04
9233,160.261431,6,9.712135e-04
9234,160.276464,7,9.282624e-04
9235,160.291496,5,8.762066e-04
9236,160.306530,7,9.360462e-04
9237,160.321563,5,9.731182e-04
9238,160.336596,7,9.810470e-04
9239,160.351630,5,9.226279e-04
9240,160.366664,7,9.589751e-04
9241,160.381697,5,9.667104e-04
9242,160.396732,7,9.701035e-04
9243,160.411766,5,9.720758e-04
9244,160.426800,7,9.791740e-04
9245,160.441835,5,9.868635e-04
9246,160.456870,7,9.904524e-04
9247,160.471905,5,9.883746e-04
9248,160.486940,7,9.993710e-04
9249,160.501975,5,9.960846e-04
9250,160.517011,8,8.838109e-04
9251,160.532046,5,7.851213e-04
9252,160.547082,7,8.642371e-04
9253,160.562118,6,9.721282e-04
9254,160.577154,7,8.906868e-04
9255,160.592191,6,8.761821e-04
9256,160.607227,7,8.620668e-04
9257,160.622264,6,8.790142e-04
9258,160.637300,7,8.530373e-04
9259,160.652337,6,8.623282e-04
9260,160.667374,6,9.951725e-04
9261,160.682411,7,8.843941e-04
9262,160.697449,5,9.426893e-04
9263,160.712486,7,9.187293e-04
9264,160.727524,5,9.723737e-04
9265,160.742561,7,9.787092e-04
9266,160.757599,5,9.277634e-04
9267,160.772637,7,9.764144e-04
9268,160.787675,5,9.440515e-04
9269,160.802714,8,8.990959e-04
9270,160.817752,5,7.238090e-04
9271,160.832791,6,9.449669e-04
9272,160.847829,7,9.143249e-04
9273,160.862868,5,8.759025e-04
9274,160.877907,7,9.758269e-04
9275,160.892946,5,9.631918e-04
9276,160.907985,8,9.633412e-04
9277,160.923024,5,7.034755e-04
9278,160.938063,6,9.273427e-04
9279,160.953103,7,9.331209e-04
9280,160.968142,5,8.701670e-04
9281,160.983182,8,9.392748e-04
9282,160.998221,5,7.277437e-04
9283,161.013261,7,9.135070e-04
9284,161.028301,6,9.972969e-04
9285,161.043341,7,9.487935e-04
9286,161.058380,5,9.474011e-04
9287,161.073420,8,9.680325e-04
9288,161.088460,5,7.270905e-04
9289,161.103501,6,9.989762e-04
9290,161.118541,8,9.070590e-04
9291,161.133581,5,7.234705e-04
9292,161.148621,6,9.291757e-04
9293,161.163661,7,9.560247e-04
9294,161.178702,5,8.729694e-04
9295,161.193742,8,9.660029e-04
9296,161.208783,5,7.251315e-04
9297,161.223823,7,9.255782e-04
9298,161.238863,7,9.682973e-04
9299,161.253904,5,9.228438e-04
9300,161.268944,7,9.730745e-04
9301,161.283985,5,9.502008e-04
9302,161.299025,9,9.397627e-04
9303,161.314066,5,6.747907e-04
9304,161.329106,6,7.786930e-04
9305,161.344147,7,8.616376e-04
9306,161.359187,5,9.390407e-04
9307,161.374228,8,9.879219e-04
9308,161.389268,5,7.206378e-04
9309,161.404309,7,9.309243e-04
9310,161.419349,8,8.996626e-04
9311,161.434389,5,7.465757e-04
9312,161.449430,6,9.807514e-04
9313,161.464470,7,9.724713e-04
9314,161.479510,5,9.073179e-04
9315,161.494550,10,9.747030e-04
9316,161.509590,5,7.409887e-04
9317,161.524630,6,7.903950e-04
9318,161.539670,7,8.527134e-04
9319,161.554710,6,9.554968e-04
9320,161.569750,8,9.653720e-04
9321,161.584790,5,7.939869e-04
9322,161.599829,8,9.644252e-04
9323,161.614869,5,8.387154e-04
9324,161.629908,9,9.618540e-04
9325,161.644948,5,7.097713e-04
9326,161.659987,6,9.151475e-04
9327,161.675026,7,9.662383e-04
9328,161.690065,5,9.207736e-04
9329,161.705104,10,9.763244e-04
9330,161.720143,5,7.406076e-04
9331,161.735182,6,7.366340e-04
9332,161.750220,7,8.036267e-04
9333,161.765259,5,9.694741e-04
9334,161.780297,9,9.303180e-04
9335,161.795335,5,7.032126e-04
9336,161.810373,6,8.512282e-04
9337,161.825411,8,9.247658e-04
9338,161.840449,5,7.686747e-04
9339,161.855487,11,9.791981e-04
9340,161.870524,5,8.044514e-04
9341,161.885562,5,9.745450e-04
9342,161.900599,6,9.680830e-04
9343,161.915636,7,8.900289e-04
9344,161.930673,5,8.719860e-04
9345,161.945709,11,9.378547e-04
9346,161.960746,5,8.525531e-04
9347,161.975782,6,7.727130e-04
9348,161.990818,6,9.530580e-04
9349,162.005854,7,9.786441e-04
9350,162.020890,5,9.734829e-04
9351,162.035926,13,9.946484e-04
9352,162.050961,7,8.805873e-04
9353,162.065996,5,7.922836e-04
9354,162.081031,7,7.967270e-04
9355,162.096066,5,9.165502e-04
9356,162.111100,8,9.195645e-04
9357,162.126135,5,7.525932e-04
9358,162.141169,12,9.214015e-04
9359,162.156202,5,9.822133e-04
9360,162.171236,7,8.669925e-04
9361,162.186269,5,9.306537e-04
9362,162.201302,8,8.299920e-04
9363,162.216335,5,8.086004e-04
9364,162.231368,12,9.698101e-04
9365,162.246400,6,8.641319e-04
9366,162.261432,6,9.397407e-04
9367,162.276464,6,9.182644e-04
9368,162.291496,7,8.620699e-04
9369,162.306527,5,9.813845e-04
9370,162.321558,10,9.825586e-04
9371,162.336589,5,7.877864e-04
9372,162.351619,6,8.468880e-04
9373,162.366649,7,9.323120e-04
9374,162.381679,10,9.952297e-04
9375,162.396709,5,8.117085e-04
9376,162.411738,6,7.736443e-04
9377,162.426768,7,7.869985e-04
9378,162.441796,5,9.995131e-04
9379,162.456825,8,8.637022e-04
9380,162.471853,5,7.242746e-04
9381,162.486881,6,9.799698e-04
9382,162.501909,7,9.553336e-04
9383,162.516936,5,9.575238e-04
9384,162.531964,8,9.423189e-04
9385,162.546990,5,8.009811e-04
9386,162.562017,7,9.005114e-04
9387,162.577043,6,9.618040e-04
9388,162.592070,7,8.711458e-04
9389,162.607095,6,8.630345e-04
9390,162.622121,7,8.265447e-04
9391,162.637146,6,8.752291e-04
9392,162.652171,7,8.465426e-04
9393,162.667196,6,9.016772e-04
9394,162.682220,7,9.069983e-04
9395,162.697244,6,9.572524e-04
9396,162.712268,7,9.882851e-04
9397,162.727292,8,9.721279e-04
9398,162.742315,5,8.948058e-04
9399,162.757338,7,9.703027e-04
9400,162.772361,8,9.487892e-04
9401,162.787384,5,8.703721e-04
9402,162.802406,7,9.658608e-04
9403,162.817428,8,9.345305e-04
9404,162.832450,5,8.528497e-04
9405,162.847471,7,9.509468e-04
9406,162.862493,8,9.100985e-04
9407,162.877514,5,8.352463e-04
9408,162.892535,7,9.282970e-04
9409,162.907555,8,8.722513e-04
9410,162.922575,5,8.112462e-04
9411,162.937596,7,8.948118e-04
9412,162.952615,7,9.788999e-04
9413,162.967635,5,9.936451e-04
9414,162.982654,8,8.934405e-04
9415,162.997674,5,7.488513e-04
9416,163.012693,7,9.080633e-04
9417,163.027711,6,9.613274e-04
9418,163.042730,7,8.748530e-04
9419,163.057748,5,9.247909e-04
9420,163.072766,7,9.210574e-04
9421,163.087784,5,8.750471e-04
9422,163.102801,7,9.118247e-04
9423,163.117819,5,8.628626e-04
9424,163.132836,7,8.723580e-04
9425,163.147853,5,8.566126e-04
9426,163.162870,7,8.452533e-04
9427,163.177886,5,8.447925e-04
9428,163.192903,7,8.164371e-04
9429,163.207919,5,8.350160e-04
9430,163.222935,6,9.809240e-04
9431,163.237951,6,9.441804e-04
9432,163.252966,6,8.264309e-04
9433,163.267982,6,8.532331e-04
9434,163.282997,6,8.576886e-04
9435,163.298012,6,8.608424e-04
9436,163.313027,6,8.709070e-04
9437,163.328041,6,8.882906e-04
9438,163.343056,6,9.113044e-04
9439,163.358070,6,9.399030e-04
9440,163.373085,6,9.729981e-04
9441,163.388099,7,9.466268e-04
9442,163.403112,5,8.713433e-04
9443,163.418126,14,8.889325e-04
9444,163.433140,6,8.753131e-04
9445,163.448153,5,9.787763e-04
9446,163.463166,7,8.757696e-04
9447,163.478179,5,8.646975e-04
9448,163.493192,8,9.015052e-04
9449,163.508205,5,7.195715e-04
9450,163.523218,9,9.939003e-04
9451,163.538230,5,6.790444e-04
9452,163.553242,6,9.923593e-04
9453,163.568254,14,9.336297e-04
9454,163.583266,6,9.434869e-04
9455,163.598278,6,8.845749e-04
9456,163.613290,7,9.058520e-04
9457,163.628301,5,9.652301e-04
9458,163.643312,8,9.371791e-04
9459,163.658323,5,7.758433e-04
9460,163.673334,10,9.852652e-04
9461,163.688345,5,7.538209e-04
9462,163.703356,6,9.865782e-04
9463,163.718366,15,9.059856e-04
9464,163.733376,6,8.774064e-04
9465,163.748386,6,9.423164e-04
9466,163.763396,13,9.617845e-04
9467,163.778405,6,7.562693e-04
9468,163.793415,6,9.601842e-04
9469,163.808424,13,9.791440e-04
9470,163.823433,6,8.689201e-04
9471,163.838442,7,9.854770e-04
9472,163.853450,9,9.674766e-04
9473,163.868459,5,8.335026e-04
9474,163.883467,7,9.128801e-04
9475,163.898475,9,9.535922e-04
9476,163.913483,5,8.647491e-04
9477,163.928490,6,9.964532e-04
9478,163.943498,8,9.770684e-04
9479,163.958505,5,9.185657e-04
9480,163.973512,13,9.909085e-04
9481,163.988519,6,8.684196e-04
9482,164.003525,6,8.980938e-04
9483,164.018532,7,8.758513e-04
9484,164.033538,7,9.195199e-04
9485,164.048544,7,9.057190e-04
9486,164.063550,7,9.676171e-04
9487,164.078555,8,9.822677e-04
9488,164.093560,6,8.673564e-04
9489,164.108565,14,9.155996e-04
9490,164.123570,6,9.016184e-04
9491,164.138575,6,9.567516e-04
9492,164.153579,7,9.180189e-04
9493,164.168584,6,9.977249e-04
9494,164.183587,8,8.493891e-04
9495,164.198591,6,8.643867e-04
9496,164.213595,9,9.742649e-04
9497,164.228598,5,9.317485e-04
9498,164.243601,13,9.394134e-04
9499,164.258604,6,7.903573e-04
9500,164.273607,7,7.760333e-04
9501,164.288609,7,9.540971e-04
9502,164.303612,8,9.036632e-04
9503,164.318614,9,9.843311e-04
9504,164.333616,6,8.594893e-04
9505,164.348618,12,9.879261e-04
9506,164.363619,6,6.805957e-04
9507,164.378621,7,8.287991e-04
9508,164.393622,8,9.604445e-04
9509,164.408623,11,9.117983e-04
9510,164.423624,6,7.335708e-04
9511,164.438624,7,9.185174e-04
9512,164.453625,9,9.985244e-04
9513,164.468625,6,9.960076e-04
9514,164.483626,14,9.863958e-04
9515,164.498626,7,8.054593e-04
9516,164.513626,7,8.510953e-04
9517,164.528626,7,9.962420e-04
9518,164.543625,9,9.973782e-04
9519,164.558625,11,9.945655e-04
9520,164.573624,6,7.895301e-04
9521,164.588623,8,8.306454e-04
9522,164.603623,10,9.332891e-04
9523,164.618622,6,8.910439e-04
9524,164.633621,14,9.557692e-04
9525,164.648619,6,9.647486e-04
9526,164.663618,7,9.399407e-04
9527,164.678617,7,9.490044e-04
9528,164.693615,8,9.510741e-04
9529,164.708614,11,9.250610e-04
9530,164.723612,6,7.036051e-04
9531,164.738610,7,8.743737e-04
9532,164.753608,8,9.958021e-04
9533,164.768606,12,9.803640e-04
9534,164.783604,6,7.987422e-04
9535,164.798602,7,7.561165e-04
9536,164.813599,7,9.239908e-04
9537,164.828597,8,9.181847e-04
9538,164.843594,6,9.643005e-04
9539,164.858592,12,9.932668e-04
9540,164.873589,6,7.893570e-04
9541,164.888586,7,8.133523e-04
9542,164.903583,7,9.982442e-04
9543,164.918580,8,9.750742e-04
9544,164.933577,6,9.797657e-04
9545,164.948574,14,9.453283e-04
9546,164.963571,7,7.975423e-04
9547,164.978568,6,9.341378e-04
9548,164.993564,7,9.606863e-04
9549,165.008561,7,9.496907e-04
9550,165.023557,7,9.626599e-04
9551,165.038554,8,9.346936e-04
9552,165.053550,6,9.167818e-04
9553,165.068546,9,9.769018e-04
9554,165.083542,5,9.894488e-04
9555,165.098538,14,9.598970e-04
9556,165.113534,6,8.925622e-04
9557,165.128530,6,9.361939e-04
9558,165.143526,7,9.168199e-04
9559,165.158522,7,8.899462e-04
9560,165.173517,7,8.646361e-04
9561,165.188513,7,9.095443e-04
9562,165.203509,7,9.310659e-04
9563,165.218504,7,9.430472e-04
9564,165.233500,7,9.537366e-04
9565,165.248495,7,9.700910e-04
9566,165.263490,7,9.865665e-04
9567,165.278486,7,9.961318e-04
9568,165.293481,7,9.963463e-04
9569,165.308476,7,9.909156e-04
9570,165.323471,7,9.854479e-04
9571,165.338466,7,9.855075e-04
9572,165.353461,7,9.960883e-04
9573,165.368456,9,9.850228e-04
9574,165.383450,5,7.597698e-04
9575,165.398445,6,9.675755e-04
9576,165.413440,8,9.541880e-04
9577,165.428434,5,8.821428e-04
9578,165.443429,12,9.403466e-04
9579,165.458423,5,9.908293e-04
9580,165.473417,6,8.414934e-04
9581,165.488411,6,9.563300e-04
9582,165.503405,7,9.251541e-04
9583,165.518399,9,9.068004e-04
9584,165.533393,5,7.912469e-04
9585,165.548387,7,9.765306e-04
9586,165.563381,12,9.335576e-04
9587,165.578374,6,6.892133e-04
9588,165.593368,6,8.414630e-04
9589,165.608361,6,9.884713e-04
9590,165.623355,7,8.821728e-04
9591,165.638348,6,9.815512e-04
9592,165.653341,11,9.284742e-04
9593,165.668334,5,9.304675e-04
9594,165.683327,6,8.234686e-04
9595,165.698320,7,7.901350e-04
9596,165.713312,6,9.885188e-04
9597,165.728305,10,9.522333e-04
9598,165.743297,5,8.794345e-04
9599,165.758290,6,8.758649e-04
9600,165.773282,7,9.650686e-04
9601,165.788274,9,9.580926e-04
9602,165.803266,5,7.968752e-04
9603,165.818258,6,9.191030e-04
9604,165.833250,7,9.308250e-04
9605,165.848242,6,9.461580e-04
9606,165.863233,9,9.997991e-04
9607,165.878225,5,8.163838e-04
9608,165.893216,6,9.833676e-04
9609,165.908207,8,9.388107e-04
9610,165.923198,5,9.004448e-04
9611,165.938189,13,9.955491e-04
9612,165.953180,6,8.516516e-04
9613,165.968171,6,7.966426e-04
9614,165.983162,7,7.370931e-04
9615,165.998152,6,9.669133e-04
9616,166.013142,7,9.775466e-04
9617,166.028133,7,9.364623e-04
9618,166.043123,6,9.773528e-04
9619,166.058113,11,9.644539e-04
9620,166.073103,5,9.745675e-04
9621,166.088092,6,8.852869e-04
9622,166.103082,7,9.175774e-04
9623,166.118071,7,9.952044e-04
9624,166.133061,7,9.927523e-04
9625,166.148050,13,9.351609e-04
9626,166.163039,6,8.608901e-04
9627,166.178028,6,9.191965e-04
9628,166.193016,7,7.941569e-04
9629,166.208005,6,9.106502e-04
9630,166.222993,7,9.215724e-04
9631,166.237981,6,9.525105e-04
9632,166.252969,7,9.448344e-04
9633,166.267957,6,9.704163e-04
9634,166.282945,7,9.807995e-04
9635,166.297933,13,9.784225e-04
9636,166.312920,6,8.487291e-04
9637,166.327907,7,8.445758e-04
9638,166.342894,7,9.598405e-04
9639,166.357881,6,9.946898e-04
9640,166.372867,7,9.294612e-04
9641,166.387854,6,8.763268e-04
9642,166.402840,6,9.959131e-04
9643,166.417826,7,8.527673e-04
9644,166.432812,5,9.557420e-04
9645,166.447797,7,9.138268e-04
9646,166.462783,5,9.929304e-04
9647,166.477768,8,9.043985e-04
9648,166.492753,5,7.777797e-04
9649,166.507738,7,8.830725e-04
9650,166.522722,7,9.240974e-04
9651,166.537707,6,8.632633e-04
9652,166.552691,7,9.114081e-04
9653,166.567675,6,9.600224e-04
9654,166.582659,7,9.534994e-04
9655,166.597642,6,9.570579e-04
9656,166.612626,7,9.589937e-04
9657,166.627609,6,9.610004e-04
9658,166.642592,7,9.540271e-04
9659,166.657575,6,9.513337e-04
9660,166.672558,7,9.458947e-04
9661,166.687541,6,9.520831e-04
9662,166.702523,7,9.602255e-04
9663,166.717505,6,9.771577e-04
9664,166.732487,15,8.865835e-04
9665,166.747469,6,9.776754e-04
9666,166.762451,6,9.049876e-04
9667,166.777432,7,8.399236e-04
9668,166.792414,6,8.873304e-04
9669,166.807395,7,9.370621e-04
9670,166.822376,6,9.850340e-04
9671,166.837357,8,9.568779e-04
9672,166.852337,5,8.354794e-04
9673,166.867318,7,9.895187e-04
9674,166.882298,9,9.814086e-04
9675,166.897279,5,8.208927e-04
9676,166.912259,6,9.548702e-04
9677,166.927238,8,9.339694e-04
9678,166.942218,5,9.149415e-04
9679,166.957198,14,9.979835e-04
9680,166.972177,6,9.753776e-04
9681,166.987156,6,8.566352e-04
9682,167.002135,7,8.604631e-04
9683,167.017114,7,9.508041e-04
9684,167.032093,7,9.363786e-04
9685,167.047071,7,9.249963e-04
9686,167.062049,7,8.746988e-04
9687,167.077027,6,9.896732e-04
9688,167.092005,7,9.597776e-04
9689,167.106983,7,9.159213e-04
9690,167.121961,6,9.971447e-04
9691,167.136938,8,8.959076e-04
9692,167.151916,6,8.238226e-04
9693,167.166893,7,9.700275e-04
9694,167.181870,7,9.911741e-04
9695,167.196846,7,8.948788e-04
9696,167.211823,7,9.210482e-04
9697,167.226800,7,9.306877e-04
9698,167.241776,7,9.405747e-04
9699,167.256752,7,9.512628e-04
9700,167.271728,7,9.615577e-04
9701,167.286704,7,9.680238e-04
9702,167.301680,7,9.713465e-04
9703,167.316655,7,9.711570e-04
9704,167.331631,7,9.714959e-04
9705,167.346606,7,9.751296e-04
9706,167.361581,7,9.818919e-04
9707,167.376556,7,9.914289e-04
9708,167.391531,8,8.987754e-04
9709,167.406506,6,9.267635e-04
9710,167.421481,8,9.503368e-04
9711,167.436455,6,9.667113e-04
9712,167.451430,9,9.793414e-04
9713,167.466404,5,9.779253e-04
9714,167.481379,8,9.950372e-04
9715,167.496353,9,9.432768e-04
9716,167.511327,6,7.410956e-04
9717,167.526302,7,9.847466e-04
9718,167.541276,8,9.939299e-04
9719,167.556250,6,9.663628e-04
9720,167.571224,13,9.463231e-04
9721,167.586198,6,8.284294e-04
9722,167.601172,7,7.473852e-04
9723,167.616146,7,9.189563e-04
9724,167.631120,8,9.108177e-04
9725,167.646095,10,9.537402e-04
9726,167.661069,5,9.974242e-04
9727,167.676043,8,8.963614e-04
9728,167.691017,9,9.732860e-04
9729,167.705991,6,7.889639e-04
9730,167.720965,8,9.915594e-04
9731,167.735940,10,9.197354e-04
9732,167.750914,5,9.732496e-04
9733,167.765888,7,8.336368e-04
9734,167.780863,8,8.478051e-04
9735,167.795837,6,8.630879e-04
9736,167.810812,9,9.709747e-04
9737,167.825787,5,8.820043e-04
9738,167.840762,7,9.790406e-04
9739,167.855737,8,9.512689e-04
9740,167.870712,5,9.063618e-04
9741,167.885687,7,9.944558e-04
9742,167.900662,9,9.485165e-04
9743,167.915637,5,8.422797e-04
9744,167.930613,6,9.486499e-04
9745,167.945588,8,9.655982e-04
9746,167.960564,5,8.971435e-04
9747,167.975540,15,9.688213e-04
9748,167.990516,7,8.890308e-04
9749,168.005492,5,8.962506e-04
9750,168.020468,7,8.955313e-04
9751,168.035444,6,9.242517e-04
9752,168.050420,7,9.473173e-04
9753,168.065396,8,8.937504e-04
9754,168.080373,5,8.287278e-04
9755,168.095349,11,9.924170e-04
9756,168.110326,5,8.668481e-04
9757,168.125302,6,9.373034e-04
9758,168.140279,16,8.616297e-04
9759,168.155256,6,9.223313e-04
9760,168.170233,7,9.702976e-04
9761,168.185209,10,9.921470e-04
9762,168.200186,5,8.578508e-04
9763,168.215163,6,8.534968e-04
9764,168.230140,7,9.324246e-04
9765,168.245117,6,9.443211e-04
9766,168.260094,8,9.635144e-04
9767,168.275071,5,8.360774e-04
9768,168.290048,13,9.194456e-04
9769,168.305024,6,7.758348e-04
9770,168.320001,6,9.504013e-04
9771,168.334978,8,8.680799e-04
9772,168.349955,5,8.285810e-04
9773,168.364932,7,9.443595e-04
9774,168.379909,7,9.214570e-04
9775,168.394885,6,8.188256e-04
9776,168.409862,7,8.783477e-04
9777,168.424839,6,9.206806e-04
9778,168.439816,7,9.244487e-04
9779,168.454792,5,9.770678e-04
9780,168.469769,7,9.687550e-04
9781,168.484745,5,9.015385e-04
9782,168.499722,7,9.171983e-04
9783,168.514698,5,8.700504e-04
9784,168.529675,7,8.635827e-04
9785,168.544651,5,8.516588e-04
9786,168.559628,7,8.606550e-04
9787,168.574604,5,8.413983e-04
9788,168.589580,7,8.839556e-04
9789,168.604556,5,8.434813e-04
9790,168.619532,7,9.240917e-04
9791,168.634509,5,8.387315e-04
9792,168.649485,7,9.713228e-04
9793,168.664461,5,8.488595e-04
9794,168.679436,9,9.695479e-04
9795,168.694412,5,6.315005e-04
9796,168.709388,5,9.841560e-04
9797,168.724364,7,8.561082e-04
9798,168.739339,5,8.855128e-04
9799,168.754315,9,9.946049e-04
9800,168.769290,5,6.930979e-04
9801,168.784266,6,7.528787e-04
9802,168.799241,7,8.969868e-04
9803,168.814216,5,9.434423e-04
9804,168.829191,9,9.864211e-04
9805,168.844167,5,6.970011e-04
9806,168.859141,6,7.812305e-04
9807,168.874116,7,8.984269e-04
9808,168.889091,5,9.489571e-04
9809,168.904066,9,9.237542e-04
9810,168.919040,5,6.967797e-04
9811,168.934014,6,8.091192e-04
9812,168.948989,7,8.626612e-04
9813,168.963963,5,9.411500e-04
9814,168.978937,7,9.923442e-04
9815,168.993911,5,9.098212e-04
9816,169.008885,7,9.335057e-04
9817,169.023858,5,9.205524e-04
9818,169.038832,7,9.232945e-04
9819,169.053805,5,9.422612e-04
9820,169.068779,7,9.541105e-04
9821,169.083752,5,9.712435e-04
9822,169.098725,8,8.977005e-04
9823,169.113698,5,8.036460e-04
9824,169.128671,7,9.416206e-04
9825,169.143643,8,9.078150e-04
9826,169.158616,5,8.700412e-04
9827,169.173588,7,9.369948e-04
9828,169.188561,8,8.980795e-04
9829,169.203533,5,8.980862e-04
9830,169.218505,7,9.570178e-04
9831,169.233477,8,9.070760e-04
9832,169.248448,5,9.087764e-04
9833,169.263420,7,9.583308e-04
9834,169.278392,8,8.910215e-04
9835,169.293363,5,9.277161e-04
9836,169.308334,7,9.612385e-04
9837,169.323305,8,8.586182e-04
9838,169.338276,5,9.400573e-04
9839,169.353247,7,9.435063e-04
9840,169.368218,7,9.768647e-04
9841,169.383189,6,9.296135e-04
9842,169.398159,7,9.721970e-04
9843,169.413129,6,9.959040e-04
9844,169.428100,7,9.828734e-04
9845,169.443070,6,9.788782e-04
9846,169.458040,7,9.658773e-04
9847,169.473009,6,9.769159e-04
9848,169.487979,7,9.636935e-04
9849,169.502949,6,9.733568e-04
9850,169.517918,7,9.629025e-04
9851,169.532888,6,9.706430e-04
9852,169.547857,7,9.663718e-04
9853,169.562826,6,9.713777e-04
9854,169.577795,7,9.761889e-04
9855,169.592764,6,9.793507e-04
9856,169.607733,7,9.990553e-04
9857,169.622701,6,9.967235e-04
9858,169.637670,8,9.527437e-04
9859,169.652638,5,8.965515e-04
9860,169.667607,8,9.439772e-04
9861,169.682575,5,9.364394e-04
9862,169.697543,9,9.715086e-04
9863,169.712511,5,8.125323e-04
9864,169.727480,7,9.602934e-04
9865,169.742448,8,9.909762e-04
9866,169.757416,5,9.224727e-04
9867,169.772384,10,9.998783e-04
9868,169.787351,5,8.076542e-04
9869,169.802319,7,8.536685e-04
9870,169.817287,8,9.035867e-04
9871,169.832255,5,9.768760e-04
9872,169.847223,11,9.599329e-04
9873,169.862190,5,8.944650e-04
9874,169.877158,6,8.988604e-04
9875,169.892126,7,9.635732e-04
9876,169.907094,9,8.737471e-04
9877,169.922062,5,8.733139e-04
9878,169.937029,7,9.457827e-04
9879,169.951997,9,9.042142e-04
9880,169.966965,5,8.601226e-04
9881,169.981933,7,9.084831e-04
9882,169.996901,8,9.511557e-04
9883,170.011869,5,9.574875e-04
9884,170.026837,10,9.816517e-04
9885,170.041805,5,8.287826e-04
9886,170.056773,7,8.409685e-04
9887,170.071742,8,9.084003e-04
9888,170.086710,6,8.695409e-04
9889,170.101678,10,9.737542e-04
9890,170.116647,5,9.116120e-04
9891,170.131616,7,8.816624e-04
9892,170.146584,8,9.846607e-04
9893,170.161553,6,9.339342e-04
9894,170.176522,12,9.741956e-04
9895,170.191491,6,7.297157e-04
9896,170.206460,6,9.472580e-04
9897,170.221430,7,9.641397e-04
9898,170.236399,8,9.538721e-04
9899,170.251369,6,9.388511e-04
9900,170.266339,11,9.540444e-04
9901,170.281309,6,6.453104e-04
9902,170.296279,6,9.888233e-04
9903,170.311249,8,8.343702e-04
9904,170.326220,6,9.190539e-04
9905,170.341191,10,9.783513e-04
9906,170.356162,5,9.174919e-04
9907,170.371133,6,9.700902e-04
9908,170.386104,8,8.693036e-04
9909,170.401075,6,8.636227e-04
9910,170.416047,10,9.603793e-04
9911,170.431019,5,8.722993e-04
9912,170.445991,6,9.248313e-04
9913,170.460964,7,9.855637e-04
9914,170.475936,10,8.954408e-04
9915,170.490909,5,9.002873e-04
9916,170.505882,6,8.645499e-04
9917,170.520855,7,9.163482e-04
9918,170.535828,9,9.383380e-04
9919,170.550802,5,8.485135e-04
9920,170.565776,7,8.631263e-04
9921,170.580750,9,9.804351e-04
9922,170.595724,5,8.416048e-04
9923,170.610698,6,9.804925e-04
9924,170.625673,9,9.966138e-04
9925,170.640648,5,8.627582e-04
9926,170.655623,6,9.860510e-04
9927,170.670598,11,9.889381e-04
9928,170.685574,5,9.861611e-04
9929,170.700549,6,7.279813e-04
9930,170.715525,6,9.717639e-04
9931,170.730501,7,9.327812e-04
9932,170.745477,6,9.480542e-04
9933,170.760453,9,9.899890e-04
9934,170.775430,5,7.790687e-04
9935,170.790407,6,9.080287e-04
9936,170.805383,7,9.592311e-04
9937,170.820360,6,9.692223e-04
9938,170.835337,12,9.731054e-04
9939,170.850315,6,7.731553e-04
9940,170.865292,6,7.932683e-04
9941,170.880270,6,9.806177e-04
9942,170.895247,7,9.473431e-04
9943,170.910225,6,9.502052e-04
9944,170.925203,10,9.058023e-04
9945,170.940181,5,8.224881e-04
9946,170.955160,6,8.533106e-04
9947,170.970138,7,9.602719e-04
9948,170.985117,10,9.864671e-04
9949,171.000095,5,8.724442e-04
9950,171.015074,6,7.874880e-04
9951,171.030053,7,8.625320e-04
9952,171.045032,7,9.969240e-04
9953,171.060011,6,9.605929e-04
9954,171.074990,9,9.985192e-04
9955,171.089969,5,7.393248e-04
9956,171.104949,6,8.560732e-04
9957,171.119928,7,9.695819e-04
9958,171.134908,5,9.609342e-04
9959,171.149888,14,9.518023e-04
9960,171.164867,6,9.827915e-04
9961,171.179847,5,9.789098e-04
9962,171.194827,7,8.092649e-04
9963,171.209807,5,9.600298e-04
9964,171.224787,8,8.838225e-04
9965,171.239767,5,6.948282e-04
9966,171.254747,6,9.931066e-04
9967,171.269728,8,9.190950e-04
9968,171.284708,5,7.809311e-04
9969,171.299688,13,9.676350e-04
9970,171.314668,6,7.698752e-04
9971,171.329649,6,8.575788e-04
9972,171.344629,7,8.818906e-04
9973,171.359610,6,9.054322e-04
9974,171.374590,7,9.079009e-04
9975,171.389570,6,9.240575e-04
9976,171.404551,7,9.624336e-04
9977,171.419531,7,9.980876e-04
9978,171.434512,6,9.578203e-04
9979,171.449492,14,9.223846e-04
9980,171.464473,6,8.917888e-04
9981,171.479454,6,9.232299e-04
9982,171.494434,7,9.738072e-04
9983,171.509415,6,9.258071e-04
9984,171.524395,7,9.002037e-04
9985,171.539376,5,9.965014e-04
9986,171.554357,7,9.654696e-04
9987,171.569337,5,9.286554e-04
9988,171.584318,7,9.975843e-04
9989,171.599299,5,9.625817e-04
9990,171.614279,9,9.692189e-04
9991,171.629260,5,7.401613e-04
9992,171.644241,6,8.972840e-04
9993,171.659222,7,9.263367e-04
9994,171.674202,5,9.468741e-04
9995,171.689183,7,9.990850e-04
9996,171.704164,5,9.578720e-04
9997,171.719145,7,9.944719e-04
9998,171.734126,5,9.531338e-04
9999,171.749107,8,8.868314e-04
10000,171.764088,5,7.642610e-04
10001,171.779069,7,8.922702e-04
10002,171.794050,7,8.970064e-04
10003,171.809031,6,8.578425e-04
10004,171.824012,7,9.090070e-04
10005,171.838993,6,9.571153e-04
10006,171.853974,7,9.542363e-04
10007,171.868955,6,9.644431e-04
10008,171.883936,7,9.732238e-04
10009,171.898918,6,9.881484e-04
10010,171.913899,7,9.933059e-04
10011,171.928880,6,9.973867e-04
10012,171.943862,7,9.994550e-04
10013,171.958843,6,9.962485e-04
10014,171.973825,7,9.950709e-04
10015,171.988806,6,9.921255e-04
10016,172.003788,7,9.855102e-04
10017,172.018769,6,9.833863e-04
10018,172.033751,7,9.712040e-04
10019,172.048733,6,9.700972e-04
10020,172.063715,7,9.516714e-04
10021,172.078697,6,9.552649e-04
10022,172.093679,7,9.318114e-04
10023,172.108661,6,9.432108e-04
10024,172.123643,7,9.178083e-04
10025,172.138625,6,9.366090e-04
10026,172.153607,7,9.111394e-04
10027,172.168590,6,9.355406e-04
10028,172.183572,7,9.145447e-04
10029,172.198555,6,9.440847e-04
10030,172.213537,7,9.297396e-04
10031,172.228520,6,9.611667e-04
10032,172.243503,7,9.538868e-04
10033,172.258485,6,9.748364e-04
10034,172.273468,7,9.678823e-04
10035,172.288451,6,9.782842e-04
10036,172.303434,7,9.678560e-04
10037,172.318418,6,9.665906e-04
10038,172.333401,7,9.512222e-04
10039,172.348384,6,9.490425e-04
10040,172.363367,7,9.298957e-04
10041,172.378351,6,9.267002e-04
10042,172.393334,7,9.036058e-04
10043,172.408318,6,9.007211e-04
10044,172.423302,7,8.766322e-04
10045,172.438285,6,8.745381e-04
10046,172.453269,7,8.501889e-04
10047,172.468253,5,9.931531e-04
10048,172.483237,7,9.391896e-04
10049,172.498221,5,9.244024e-04
10050,172.513205,7,9.525474e-04
10051,172.528190,5,9.226889e-04
10052,172.543174,7,9.524600e-04
10053,172.558158,5,9.117236e-04
10054,172.573142,7,9.554944e-04
10055,172.588127,5,9.043883e-04
10056,172.603111,7,9.519813e-04
10057,172.618096,5,8.951865e-04
10058,172.633081,7,9.333809e-04
10059,172.648065,5,8.818863e-04
10060,172.663050,7,9.111467e-04
10061,172.678035,5,8.913164e-04
10062,172.693019,7,9.100925e-04
10063,172.708004,5,9.017566e-04
10064,172.722989,7,9.271298e-04
10065,172.737974,5,9.135398e-04
10066,172.752959,7,9.566728e-04
10067,172.767944,5,9.287559e-04
10068,172.782929,7,9.968158e-04
10069,172.797914,5,9.474219e-04
10070,172.812899,8,9.240792e-04
10071,172.827884,5,7.399117e-04
10072,172.842869,7,8.814277e-04
10073,172.857854,6,9.882784e-04
10074,172.872839,7,9.237497e-04
10075,172.887824,5,9.686316e-04
10076,172.902809,7,9.938946e-04
10077,172.917795,5,9.306963e-04
10078,172.932780,7,9.950900e-04
10079,172.947765,5,9.123746e-04
10080,172.962750,7,9.498836e-04
10081,172.977736,5,9.068116e-04
10082,172.992721,7,9.229304e-04
10083,173.007706,5,9.035560e-04
10084,173.022692,7,9.035084e-04
10085,173.037677,5,9.047754e-04
10086,173.052663,7,8.947087e-04
10087,173.067648,5,9.151234e-04
10088,173.082634,7,8.913676e-04
10089,173.097620,5,9.261244e-04
10090,173.112605,7,8.871001e-04
10091,173.127591,5,9.463661e-04
10092,173.142576,7,8.944448e-04
10093,173.157562,5,9.747487e-04
10094,173.172548,7,9.173787e-04
10095,173.187534,5,9.970653e-04
10096,173.202519,7,9.377144e-04
10097,173.217505,6,8.727057e-04
10098,173.232491,7,8.283053e-04
10099,173.247477,6,8.865031e-04
10100,173.262463,7,8.423433e-04
10101,173.277448,6,8.895749e-04
10102,173.292434,7,8.460791e-04
10103,173.307420,6,8.810250e-04
10104,173.322406,7,8.253026e-04
10105,173.337392,6,8.553793e-04
10106,173.352378,6,9.939847e-04
10107,173.367363,7,8.139327e-04
10108,173.382349,5,9.711056e-04
10109,173.397335,7,8.263161e-04
10110,173.412321,5,9.499962e-04
10111,173.427307,7,8.630599e-04
10112,173.442293,5,9.192745e-04
10113,173.457279,7,8.902955e-04
10114,173.472265,5,9.372447e-04
10115,173.487250,7,9.796098e-04
10116,173.502236,5,9.550624e-04
10117,173.517222,14,9.134067e-04
10118,173.532208,6,9.857919e-04
10119,173.547194,6,8.675537e-04
10120,173.562180,6,9.566925e-04
10121,173.577166,7,8.451070e-04
10122,173.592151,5,9.262127e-04
10123,173.607137,8,8.753996e-04
10124,173.622123,5,7.584426e-04
10125,173.637109,9,9.551082e-04
10126,173.652095,5,7.325117e-04
10127,173.667080,7,9.889354e-04
10128,173.682066,14,9.623992e-04
10129,173.697052,6,9.949516e-04
10130,173.712037,11,9.874126e-04
10131,173.727023,6,8.083061e-04
10132,173.742009,9,9.600921e-04
10133,173.756994,5,7.225468e-04
10134,173.771980,6,9.520777e-04
10135,173.786965,7,9.689708e-04
10136,173.801951,5,9.993202e-04
10137,173.816936,13,9.764158e-04
10138,173.831922,6,9.942703e-04
10139,173.846907,6,9.037605e-04
10140,173.861893,7,8.427098e-04
10141,173.876878,6,9.218269e-04
10142,173.891864,7,9.739921e-04
10143,173.906849,6,9.707070e-04
10144,173.921835,9,9.689624e-04
10145,173.936820,5,7.006790e-04
10146,173.951806,6,8.860104e-04
10147,173.966791,7,9.811002e-04
10148,173.981777,5,9.597671e-04
10149,173.996762,13,9.777856e-04
10150,174.011748,6,9.012434e-04
10151,174.026733,5,9.699063e-04
10152,174.041719,7,8.277238e-04
10153,174.056704,5,9.371155e-04
10154,174.071690,8,8.564074e-04
10155,174.086675,5,7.495554e-04
10156,174.101661,9,9.795865e-04
10157,174.116646,5,7.718171e-04
10158,174.131632,14,8.610036e-04
10159,174.146617,6,8.604931e-04
10160,174.161603,6,9.668201e-04
10161,174.176588,7,9.418261e-04
10162,174.191574,5,9.971187e-04
10163,174.206559,8,8.270018e-04
10164,174.221545,5,8.680978e-04
10165,174.236530,10,9.842657e-04
10166,174.251516,5,8.448602e-04
10167,174.266501,7,9.553174e-04
10168,174.281487,14,9.407259e-04
10169,174.296472,6,9.698088e-04
10170,174.311458,7,9.431976e-04
10171,174.326443,8,9.493021e-04
10172,174.341429,5,9.965760e-04
10173,174.356414,8,9.621131e-04
10174,174.371400,9,8.930125e-04
10175,174.386385,5,9.521080e-04
10176,174.401371,8,9.752677e-04
10177,174.416356,14,8.767957e-04
10178,174.431342,6,9.842904e-04
10179,174.446328,8,8.726157e-04
10180,174.461313,6,9.112431e-04
10181,174.476299,8,8.876605e-04
10182,174.491285,5,9.187267e-04
10183,174.506271,8,8.696154e-04
10184,174.521257,5,9.410401e-04
10185,174.536243,12,9.847679e-04
10186,174.551229,6,7.485542e-04
10187,174.566215,6,9.462941e-04
10188,174.581201,7,9.384941e-04
10189,174.596187,6,9.745239e-04
10190,174.611173,7,9.970207e-04
10191,174.626160,8,9.525882e-04
10192,174.641146,5,8.414455e-04
10193,174.656133,7,9.323767e-04
10194,174.671119,8,9.004665e-04
10195,174.686106,5,7.944458e-04
10196,174.701093,7,8.687176e-04
10197,174.716080,7,9.315319e-04
10198,174.731067,5,9.911781e-04
10199,174.746054,7,9.731182e-04
10200,174.761041,5,9.652964e-04
10201,174.776028,8,9.205097e-04
10202,174.791016,5,7.340602e-04
10203,174.806003,7,8.983018e-04
10204,174.820991,7,9.448835e-04
10205,174.835978,6,8.635976e-04
10206,174.850966,7,9.433591e-04
10207,174.865954,6,9.840943e-04
10208,174.880942,8,9.231815e-04
10209,174.895930,5,8.222339e-04
10210,174.910918,8,9.272323e-04
10211,174.925907,5,8.844794e-04
10212,174.940895,9,9.409685e-04
10213,174.955884,5,7.600510e-04
10214,174.970872,7,9.365236e-04
10215,174.985861,8,9.116510e-04
10216,175.000850,5,8.860069e-04
10217,175.015839,8,9.633697e-04
10218,175.030828,5,9.697252e-04
10219,175.045817,9,9.914452e-04
10220,175.060806,5,8.012285e-04
10221,175.075796,7,9.609631e-04
10222,175.090785,8,9.475100e-04
10223,175.105775,5,9.250724e-04
10224,175.120765,8,9.923820e-04
10225,175.135755,5,9.820362e-04
10226,175.150745,9,9.958627e-04
10227,175.165735,5,8.141395e-04
10228,175.180725,7,9.414283e-04
10229,175.195716,8,9.375572e-04
10230,175.210706,5,9.273674e-04
10231,175.225697,8,9.856328e-04
10232,175.240688,5,9.705520e-04
10233,175.255679,10,9.906790e-04
10234,175.270670,5,8.549127e-04
10235,175.285661,6,9.397229e-04
10236,175.300652,8,9.121686e-04
10237,175.315644,5,9.632438e-04
10238,175.330636,12,9.900056e-04
10239,175.345627,6,7.652527e-04
10240,175.360619,6,8.257270e-04
10241,175.375612,7,8.575919e-04
10242,175.390604,8,8.857910e-04
10243,175.405596,5,9.625618e-04
10244,175.420589,11,9.987602e-04
10245,175.435581,5,9.035264e-04
10246,175.450574,6,9.058868e-04
10247,175.465567,8,9.339337e-04
10248,175.480560,10,9.966629e-04
10249,175.495554,5,9.453376e-04
10250,175.510547,6,9.377276e-04
10251,175.525541,8,8.448909e-04
10252,175.540534,10,7.783923e-04
10253,175.555528,5,9.328328e-04
10254,175.570522,7,8.134639e-04
10255,175.585516,9,9.350720e-04
10256,175.600510,5,8.584985e-04
10257,175.615504,12,9.888866e-04
10258,175.630499,5,9.517896e-04
10259,175.645493,6,9.422707e-04
10260,175.660488,7,9.017224e-04
10261,175.675482,9,8.066177e-04
10262,175.690477,5,8.456137e-04
10263,175.705472,12,9.407944e-04
10264,175.720467,5,9.139767e-04
10265,175.735462,6,9.890243e-04
10266,175.750458,8,7.918491e-04
10267,175.765453,5,9.343582e-04
10268,175.780449,11,9.557316e-04
10269,175.795444,5,9.275335e-04
10270,175.810440,6,9.230586e-04
10271,175.825436,7,9.598914e-04
10272,175.840432,9,9.171332e-04
10273,175.855428,5,7.972267e-04
10274,175.870424,7,8.609163e-04
10275,175.885420,8,9.077358e-04
10276,175.900417,5,8.128105e-04
10277,175.915413,7,9.373115e-04
10278,175.930410,8,8.470164e-04
10279,175.945407,5,7.905556e-04
10280,175.960404,6,9.842974e-04
10281,175.975401,7,9.511007e-04
10282,175.990398,5,9.135169e-04
10283,176.005395,8,9.315987e-04
10284,176.020393,5,7.706876e-04
10285,176.035390,7,9.049565e-04
10286,176.050388,6,9.677251e-04
10287,176.065386,7,9.456576e-04
10288,176.080384,5,9.796644e-04
10289,176.095382,8,9.261957e-04
10290,176.110380,5,7.721042e-04
10291,176.125379,7,8.954631e-04
10292,176.140377,6,9.807820e-04
10293,176.155376,7,9.467501e-04
10294,176.170375,6,9.152331e-04
10295,176.185374,7,9.460040e-04
10296,176.200373,6,9.445988e-04
10297,176.215372,7,9.683917e-04
10298,176.230372,6,9.601314e-04
10299,176.245371,7,9.915767e-04
10300,176.260371,6,9.783707e-04
10301,176.275371,8,9.468328e-04
10302,176.290371,5,8.457193e-04
10303,176.305371,7,9.464551e-04
10304,176.320372,7,9.839102e-04
10305,176.335372,6,8.627141e-04
10306,176.350373,7,9.049967e-04
10307,176.365374,6,9.018511e-04
10308,176.380375,7,8.903847e-04
10309,176.395376,5,9.529808e-04
10310,176.410378,7,9.359626e-04
10311,176.425379,5,8.773709e-04
10312,176.440381,7,9.304762e-04
10313,176.455383,5,8.573195e-04
10314,176.470385,7,9.232289e-04
10315,176.485387,5,8.410297e-04
10316,176.500389,7,9.489433e-04
10317,176.515392,5,8.296958e-04
10318,176.530394,7,9.874582e-04
10319,176.545397,5,8.288603e-04
10320,176.560400,8,9.887712e-04
10321,176.575403,5,6.390395e-04
10322,176.590407,6,8.950116e-04
10323,176.605410,7,9.787549e-04
10324,176.620414,5,7.979791e-04
10325,176.635417,11,9.712461e-04
10326,176.650421,5,7.936169e-04
10327,176.665425,5,8.524552e-04
10328,176.680429,6,8.688203e-04
10329,176.695433,6,9.939625e-04
10330,176.710438,8,8.860561e-04
10331,176.725442,5,6.784040e-04
10332,176.740446,11,8.814211e-04
10333,176.755451,5,6.684717e-04
10334,176.770456,6,7.735643e-04
10335,176.785461,6,9.320947e-04
10336,176.800465,6,9.063687e-04
10337,176.815470,7,9.239956e-04
10338,176.830475,5,8.782991e-04
10339,176.845481,11,8.840923e-04
10340,176.860486,5,7.735176e-04
10341,176.875491,5,9.743037e-04
10342,176.890496,7,7.500345e-04
10343,176.905502,5,8.622198e-04
10344,176.920507,8,9.086165e-04
10345,176.935513,5,7.315634e-04
10346,176.950518,12,8.885851e-04
10347,176.965524,5,9.257440e-04
10348,176.980529,6,9.321638e-04
10349,176.995535,6,9.715375e-04
10350,177.010541,6,9.359695e-04
10351,177.025547,7,9.073534e-04
10352,177.040553,5,9.704988e-04
10353,177.055559,11,9.755979e-04
10354,177.070565,5,8.986414e-04
10355,177.085571,6,8.871106e-04
10356,177.100577,7,8.775977e-04
10357,177.115583,6,9.760885e-04
10358,177.130589,15,9.644499e-04
10359,177.145596,7,7.801354e-04
10360,177.160602,5,8.359061e-04
10361,177.175608,7,7.962326e-04
10362,177.190615,6,9.654206e-04
10363,177.205621,7,9.582880e-04
10364,177.220628,6,9.610281e-04
10365,177.235635,8,9.437931e-04
10366,177.250641,5,8.948039e-04
10367,177.265648,15,9.386752e-04
10368,177.280655,7,9.795508e-04
10369,177.295662,9,9.006696e-04
10370,177.310668,5,8.629899e-04
10371,177.325675,8,9.183483e-04
10372,177.340682,6,9.743051e-04
10373,177.355689,9,9.580219e-04
10374,177.370696,5,8.598059e-04
10375,177.385704,15,9.596927e-04
10376,177.400711,6,9.927197e-04
10377,177.415718,7,9.427181e-04
10378,177.430725,7,9.909484e-04
10379,177.445733,7,8.629258e-04
10380,177.460740,7,8.939376e-04
10381,177.475747,7,9.475917e-04
10382,177.490755,8,9.453597e-04
10383,177.505763,5,9.760965e-04
10384,177.520770,16,9.310315e-04
10385,177.535778,8,8.806842e-04
10386,177.550786,5,9.962787e-04
10387,177.565793,9,9.012838e-04
10388,177.580801,5,7.575074e-04
10389,177.595809,7,8.852958e-04
10390,177.610817,8,8.515451e-04
10391,177.625825,5,8.491538e-04
10392,177.640833,7,9.856957e-04
10393,177.655841,9,9.832849e-04
10394,177.670849,5,8.758072e-04
10395,177.685857,15,8.445618e-04
10396,177.700866,6,7.975740e-04
10397,177.715874,14,9.190240e-04
10398,177.730882,6,8.959255e-04
10399,177.745891,9,9.594528e-04
10400,177.760899,5,8.361369e-04
10401,177.775908,9,9.541963e-04
10402,177.790917,5,8.262400e-04
10403,177.805925,14,9.912301e-04
10404,177.820934,6,9.281205e-04
10405,177.835943,7,9.079100e-04
10406,177.850952,8,8.750783e-04
10407,177.865961,5,9.787356e-04
10408,177.880970,9,9.271866e-04
10409,177.895979,5,8.023105e-04
10410,177.910988,8,9.715258e-04
10411,177.925997,9,9.795322e-04
10412,177.941007,5,8.459630e-04
10413,177.956016,7,9.702285e-04
10414,177.971026,9,9.500105e-04
10415,177.986035,5,9.089527e-04
10416,178.001045,13,9.338871e-04
10417,178.016055,5,9.887253e-04
10418,178.031065,6,9.827465e-04
10419,178.046075,7,8.991321e-04
10420,178.061085,7,9.785785e-04
10421,178.076096,9,9.498077e-04
10422,178.091106,5,9.350426e-04
10423,178.106117,13,9.338641e-04
10424,178.121127,6,6.888164e-04
10425,178.136138,6,9.549754e-04
10426,178.151149,7,9.612733e-04
10427,178.166161,7,9.786870e-04
10428,178.181172,9,9.696500e-04
10429,178.196184,5,9.582822e-04
10430,178.211195,13,9.203402e-04
10431,178.226207,6,6.968011e-04
10432,178.241219,6,9.751756e-04
10433,178.256232,7,9.735618e-04
10434,178.271244,7,9.353326e-04
10435,178.286257,8,9.586864e-04
10436,178.301270,6,9.968344e-04
10437,178.316283,14,8.898001e-04
10438,178.331296,6,9.915650e-04
10439,178.346309,7,9.313974e-04
10440,178.361323,7,9.042211e-04
10441,178.376337,7,8.796845e-04
10442,178.391351,7,9.994572e-04
10443,178.406365,9,9.365229e-04
10444,178.421379,5,8.996935e-04
10445,178.436394,7,9.815483e-04
10446,178.451408,13,9.122815e-04
10447,178.466423,6,8.690916e-04
10448,178.481439,6,9.260400e-04
10449,178.496454,7,9.689741e-04
10450,178.511469,8,8.834819e-04
10451,178.526485,5,9.578783e-04
10452,178.541501,11,9.673200e-04
10453,178.556517,5,8.958149e-04
10454,178.571533,6,8.992999e-04
10455,178.586550,8,9.421796e-04
10456,178.601566,5,9.875649e-04
10457,178.616583,15,9.809576e-04
10458,178.631600,7,9.701095e-04
10459,178.646617,5,8.553852e-04
10460,178.661634,7,8.668763e-04
10461,178.676651,7,9.502235e-04
10462,178.691669,8,9.701020e-04
10463,178.706687,5,8.835697e-04
10464,178.721704,12,8.893387e-04
10465,178.736722,5,9.788674e-04
10466,178.751740,7,9.509570e-04
10467,178.766758,14,9.413247e-04
10468,178.781776,7,8.605563e-04
10469,178.796794,9,9.159092e-04
10470,178.811813,5,6.747042e-04
10471,178.826831,6,9.692710e-04
10472,178.841849,8,8.995847e-04
10473,178.856868,5,7.523233e-04
10474,178.871886,12,9.504442e-04
10475,178.886905,5,9.814118e-04
10476,178.901923,7,9.545006e-04
10477,178.916942,5,9.955368e-04
10478,178.931960,17,8.629684e-04
10479,178.946979,5,9.965931e-04
10480,178.961997,12,9.879213e-04
10481,178.977016,8,9.617931e-04
10482,178.992034,6,9.954485e-04
10483,179.007053,7,8.728699e-04
10484,179.022071,5,9.090292e-04
10485,179.037090,12,9.135153e-04
10486,179.052108,6,9.576950e-04
10487,179.067126,11,9.711026e-04
10488,179.082144,9,8.323502e-04
10489,179.097162,5,8.670529e-04
10490,179.112180,7,9.194758e-04
10491,179.127198,5,8.669165e-04
10492,179.142216,10,9.700229e-04
10493,179.157234,5,7.337830e-04
10494,179.172251,5,9.875002e-04
10495,179.187269,6,9.749224e-04
10496,179.202286,8,9.189291e-04
10497,179.217303,5,7.474225e-04
10498,179.232320,12,9.631139e-04
10499,179.247337,5,9.290197e-04
10500,179.262354,6,8.896062e-04
10501,179.277370,5,9.961957e-04
10502,179.292387,7,7.990793e-04
10503,179.307403,5,8.116228e-04
10504,179.322419,10,9.843006e-04
10505,179.337435,5,7.720327e-04
10506,179.352450,6,8.395448e-04
10507,179.367466,7,9.278098e-04
10508,179.382481,5,9.917783e-04
10509,179.397496,15,9.531951e-04
10510,179.412511,7,9.539321e-04
10511,179.427525,5,8.434027e-04
10512,179.442540,7,9.813850e-04
10513,179.457554,5,9.302483e-04
10514,179.472568,9,9.694787e-04
10515,179.487581,5,7.063637e-04
10516,179.502594,6,9.085547e-04
10517,179.517607,8,9.686044e-04
10518,179.532620,5,7.820445e-04
10519,179.547633,12,9.506957e-04
10520,179.562645,6,7.365540e-04
10521,179.577657,6,8.216555e-04
10522,179.592669,6,9.988424e-04
10523,179.607680,7,9.128456e-04
10524,179.622691,5,9.061879e-04
10525,179.637702,8,9.686174e-04
10526,179.652713,5,7.611689e-04
10527,179.667723,12,9.951154e-04
10528,179.682733,5,9.717929e-04
10529,179.697742,6,8.186790e-04
10530,179.712752,7,7.748334e-04
10531,179.727761,5,9.371162e-04
10532,179.742770,8,8.639875e-04
10533,179.757778,5,7.396060e-04
10534,179.772786,11,9.467499e-04
10535,179.787794,5,8.388732e-04
10536,179.802802,6,8.756672e-04
10537,179.817809,7,8.837181e-04
10538,179.832816,5,9.884498e-04
10539,179.847823,11,9.620400e-04
10540,179.862829,6,8.033757e-04
10541,179.877835,6,8.655158e-04
10542,179.892840,7,9.291412e-04
10543,179.907846,8,9.850475e-04
10544,179.922851,5,7.861675e-04
10545,179.937855,7,9.845016e-04
10546,179.952860,8,9.836836e-04
10547,179.967864,5,7.861412e-04
10548,179.982867,7,9.354632e-04
10549,179.997871,8,9.596477e-04
10550,180.012874,5,8.267959e-04
10551,180.027876,8,9.590614e-04
10552,180.042878,5,9.350491e-04
10553,180.057880,9,9.755653e-04
10554,180.072882,5,7.830156e-04
10555,180.087883,7,9.058473e-04
10556,180.102884,8,9.104000e-04
10557,180.117885,5,8.772360e-04
10558,180.132885,8,9.265055e-04
10559,180.147885,5,9.376184e-04
10560,180.162884,8,9.847809e-04
10561,180.177883,5,8.606178e-04
10562,180.192882,8,9.515402e-04
10563,180.207881,5,9.170248e-04
10564,180.222879,8,9.340203e-04
10565,180.237877,5,9.036278e-04
10566,180.252874,8,9.142260e-04
10567,180.267872,5,9.293319e-04
10568,180.282869,8,9.061809e-04
10569,180.297865,5,9.517736e-04
10570,180.312861,8,9.288375e-04
10571,180.327857,5,9.892034e-04
10572,180.342853,8,9.842906e-04
10573,180.357848,6,9.182828e-04
10574,180.372843,8,9.808174e-04
10575,180.387838,6,9.967215e-04
10576,180.402833,9,9.573531e-04
10577,180.417827,6,8.154225e-04
10578,180.432821,9,9.903987e-04
10579,180.447814,6,9.546379e-04
10580,180.462808,13,9.723567e-04
10581,180.477801,6,8.745551e-04
10582,180.492794,7,8.759177e-04
10583,180.507786,9,8.621957e-04
10584,180.522779,11,9.307442e-04
10585,180.537771,6,8.470528e-04
10586,180.552763,8,9.808185e-04
10587,180.567755,13,9.979233e-04
10588,180.582746,6,9.795717e-04
10589,180.597737,7,9.751234e-04
10590,180.612728,10,9.134990e-04
10591,180.627719,7,9.570395e-04
10592,180.642710,14,9.778445e-04
10593,180.657701,7,7.849232e-04
10594,180.672691,7,9.468986e-04
10595,180.687681,8,9.136563e-04
10596,180.702672,12,9.309479e-04
10597,180.717662,6,8.900315e-04
10598,180.732651,8,9.268040e-04
10599,180.747641,15,9.113240e-04
10600,180.762631,7,8.363398e-04
10601,180.777621,7,8.344425e-04
10602,180.792610,7,9.523351e-04
10603,180.807600,10,9.304823e-04
10604,180.822589,6,8.794239e-04
10605,180.837578,14,9.441846e-04
10606,180.852568,7,8.777089e-04
10607,180.867557,8,8.929321e-04
10608,180.882546,6,8.024595e-04
10609,180.897536,8,9.914934e-04
10610,180.912525,12,9.452202e-04
10611,180.927514,6,8.672546e-04
10612,180.942503,7,8.368085e-04
10613,180.957493,7,9.448194e-04
10614,180.972482,11,9.987445e-04
10615,180.987472,6,8.076187e-04
10616,181.002461,7,9.028424e-04
10617,181.017451,14,9.960249e-04
10618,181.032440,6,9.574603e-04
10619,181.047430,6,9.402753e-04
10620,181.062420,7,9.221139e-04
10621,181.077410,5,9.353376e-04
10622,181.092400,7,9.665673e-04
10623,181.107390,5,9.047168e-04
10624,181.122380,9,9.489942e-04
10625,181.137370,5,7.351756e-04
10626,181.152361,6,9.340764e-04
10627,181.167351,14,9.043735e-04
10628,181.182342,6,8.957244e-04
10629,181.197332,6,8.922088e-04
10630,181.212323,8,9.945808e-04
10631,181.227314,5,7.819778e-04
10632,181.242305,10,8.382221e-04
10633,181.257297,5,6.580891e-04
10634,181.272288,6,8.922051e-04
10635,181.287280,12,9.390021e-04
10636,181.302271,6,7.083925e-04
10637,181.317263,5,9.045900e-04
10638,181.332255,7,9.347244e-04
10639,181.347247,8,9.708827e-04
10640,181.362239,5,8.200910e-04
10641,181.377231,11,9.373527e-04
10642,181.392224,5,7.048095e-04
10643,181.407216,6,7.540897e-04
10644,181.422209,6,9.807115e-04
10645,181.437202,7,9.016525e-04
10646,181.452195,5,9.458788e-04
10647,181.467188,11,8.474665e-04
10648,181.482181,5,7.754996e-04
10649,181.497174,5,9.483557e-04
10650,181.512168,6,8.823606e-04
10651,181.527161,6,9.622115e-04
10652,181.542155,9,9.043678e-04
10653,181.557148,5,7.425702e-04
10654,181.572142,6,8.921258e-04
10655,181.587136,10,9.697959e-04
10656,181.602130,5,7.240111e-04
10657,181.617124,6,6.646230e-04
10658,181.632118,6,9.368382e-04
10659,181.647112,6,9.546103e-04
10660,181.662107,6,9.803781e-04
10661,181.677101,7,9.409644e-04
10662,181.692095,5,9.099514e-04
10663,181.707090,7,9.392688e-04
10664,181.722084,5,9.221548e-04
10665,181.737079,7,9.077117e-04
10666,181.752073,5,8.793772e-04
10667,181.767068,7,8.175226e-04
10668,181.782063,5,8.864672e-04
10669,181.797058,7,7.908823e-04
10670,181.812052,5,8.846594e-04
10671,181.827047,7,7.887489e-04
10672,181.842042,5,8.952521e-04
10673,181.857037,7,8.109572e-04
10674,181.872032,5,9.058375e-04
10675,181.887027,7,8.481569e-04
10676,181.902022,5,9.189896e-04
10677,181.917017,7,8.933727e-04
10678,181.932012,5,9.290139e-04
10679,181.947007,7,9.378131e-04
10680,181.962002,5,9.358410e-04
10681,181.976998,7,9.733304e-04
10682,181.991993,5,9.372004e-04
10683,182.006988,7,9.979600e-04
10684,182.021983,5,9.365797e-04
10685,182.036978,8,9.399409e-04
10686,182.051973,5,7.215517e-04
10687,182.066969,6,9.632690e-04
10688,182.081964,7,9.301839e-04
10689,182.096959,5,8.654243e-04
10690,182.111954,7,9.670059e-04
10691,182.126949,5,9.408485e-04
10692,182.141944,8,9.411212e-04
10693,182.156939,5,6.874493e-04
10694,182.171934,6,9.062639e-04
10695,182.186929,7,8.843779e-04
10696,182.201924,5,8.223165e-04
10697,182.216919,7,8.918164e-04
10698,182.231914,5,8.680858e-04
10699,182.246909,7,9.016899e-04
10700,182.261903,5,8.011834e-04
10701,182.276898,6,9.689658e-04
10702,182.291893,6,9.722573e-04
10703,182.306887,5,9.869070e-04
10704,182.321882,6,9.885353e-04
10705,182.336876,5,9.943485e-04
10706,182.351870,6,9.870040e-04
10707,182.366864,5,9.761480e-04
10708,182.381858,6,9.768621e-04
10709,182.396852,5,9.866636e-04
10710,182.411846,7,9.093629e-04
10711,182.426840,5,7.487536e-04
10712,182.441834,6,9.578113e-04
10713,182.456827,7,9.720447e-04
10714,182.471820,5,7.800557e-04
10715,182.486814,7,9.719601e-04
10716,182.501807,5,9.112772e-04
10717,182.516800,14,9.462418e-04
10718,182.531793,6,9.522969e-04
10719,182.546786,5,8.923096e-04
10720,182.561778,6,9.675970e-04
10721,182.576771,7,8.138735e-04
10722,182.591763,5,8.200965e-04
10723,182.606756,7,9.942705e-04
10724,182.621748,5,9.330010e-04
10725,182.636740,9,9.410211e-04
10726,182.651732,5,6.604889e-04
10727,182.666724,6,8.434546e-04
10728,182.681715,13,9.583704e-04
10729,182.696707,5,9.997835e-04
10730,182.711698,6,7.621855e-04
10731,182.726690,7,9.280833e-04
10732,182.741681,5,9.793138e-04
10733,182.756672,8,9.853991e-04
10734,182.771663,5,6.824166e-04
10735,182.786654,6,9.367879e-04
10736,182.801645,7,9.923814e-04
10737,182.816636,5,9.753756e-04
10738,182.831626,14,9.343388e-04
10739,182.846617,7,8.635562e-04
10740,182.861607,5,9.597134e-04
10741,182.876598,7,9.933975e-04
10742,182.891588,6,9.295117e-04
10743,182.906578,7,9.140084e-04
10744,182.921568,6,9.482835e-04
10745,182.936558,7,9.655651e-04
10746,182.951548,6,9.581795e-04
10747,182.966538,7,9.669837e-04
10748,182.981527,6,9.711461e-04
10749,182.996517,7,9.937451e-04
10750,183.011507,6,9.992162e-04
10751,183.026496,8,9.578276e-04
10752,183.041486,5,8.739710e-04
10753,183.056475,7,9.114853e-04
10754,183.071464,6,9.947801e-04
10755,183.086454,7,8.954882e-04
10756,183.101443,6,8.750923e-04
10757,183.116432,7,8.304610e-04
10758,183.131421,6,8.580880e-04
10759,183.146410,6,9.874657e-04
10760,183.161399,7,8.303764e-04
10761,183.176388,5,9.512557e-04
10762,183.191377,7,8.330553e-04
10763,183.206366,5,9.339451e-04
10764,183.221355,7,8.452746e-04
10765,183.236344,5,8.868267e-04
10766,183.251333,6,9.949204e-04
10767,183.266322,6,9.676093e-04
10768,183.281310,6,8.784246e-04
10769,183.296299,6,9.021114e-04
10770,183.311288,6,9.184412e-04
10771,183.326277,6,9.390205e-04
10772,183.341265,6,9.653299e-04
10773,183.356254,6,9.943632e-04
10774,183.371243,7,9.451291e-04
10775,183.386231,5,8.860448e-04
10776,183.401220,7,9.860370e-04
10777,183.416208,5,9.344179e-04
10778,183.431197,9,9.947435e-04
10779,183.446185,5,6.817521e-04
10780,183.461173,6,7.521055e-04
10781,183.476162,7,8.452347e-04
10782,183.491150,5,9.324678e-04
10783,183.506138,8,9.861193e-04
10784,183.521126,5,7.043297e-04
10785,183.536114,6,9.751205e-04
10786,183.551102,8,9.634310e-04
10787,183.566090,5,7.314140e-04
10788,183.581078,6,9.570579e-04
10789,183.596066,8,9.403212e-04
10790,183.611054,5,7.523427e-04
10791,183.626041,6,9.953490e-04
10792,183.641029,8,9.836345e-04
10793,183.656017,5,7.708154e-04
10794,183.671004,7,9.713869e-04
10795,183.685991,8,9.823581e-04
10796,183.700979,5,7.870757e-04
10797,183.715966,7,9.366896e-04
10798,183.730953,8,9.245775e-04
10799,183.745940,5,8.241937e-04
10800,183.760927,7,9.809037e-04
10801,183.775914,8,9.721596e-04
10802,183.790901,5,8.638574e-04
10803,183.805888,8,9.845464e-04
10804,183.820874,10,9.440315e-04
10805,183.835861,5,8.512862e-04
10806,183.850848,6,9.251293e-04
10807,183.865834,7,9.649973e-04
10808,183.880821,8,9.602292e-04
10809,183.895807,6,8.818867e-04
10810,183.910793,11,9.979120e-04
10811,183.925780,5,9.447940e-04
10812,183.940766,7,7.944997e-04
10813,183.955752,8,9.014759e-04
10814,183.970739,6,9.709772e-04
10815,183.985725,13,9.532426e-04
10816,184.000711,6,8.504920e-04
10817,184.015698,6,9.153320e-04
10818,184.030684,7,8.698679e-04
10819,184.045670,8,8.309922e-04
10820,184.060657,6,9.507681e-04
10821,184.075643,11,9.413834e-04
10822,184.090630,5,9.599458e-04
10823,184.105616,7,7.702763e-04
10824,184.120603,8,8.434319e-04
10825,184.135590,6,9.214769e-04
10826,184.150577,12,9.592498e-04
10827,184.165563,6,7.133297e-04
10828,184.180550,6,8.654505e-04
10829,184.195537,7,8.000894e-04
10830,184.210525,6,9.831661e-04
10831,184.225512,8,9.133554e-04
10832,184.240499,5,8.592809e-04
10833,184.255487,8,9.643022e-04
10834,184.270474,5,8.745327e-04
10835,184.285462,9,9.687631e-04
10836,184.300450,5,7.540725e-04
10837,184.315438,6,9.620922e-04
10838,184.330426,7,9.870979e-04
10839,184.345415,5,9.924541e-04
10840,184.360403,12,9.780146e-04
10841,184.375392,6,7.298248e-04
10842,184.390380,6,7.475048e-04
10843,184.405369,6,9.863702e-04
10844,184.420359,7,9.630276e-04
10845,184.435348,9,8.812772e-04
10846,184.450337,5,8.142677e-04
10847,184.465327,7,9.605038e-04
10848,184.480317,12,9.288097e-04
10849,184.495307,6,6.963552e-04
10850,184.510297,6,8.570501e-04
10851,184.525287,7,8.839785e-04
10852,184.540278,8,9.217355e-04
10853,184.555268,5,9.944038e-04
10854,184.570259,12,9.886625e-04
10855,184.585250,6,7.495604e-04
10856,184.600241,6,9.120937e-04
10857,184.615233,7,8.941959e-04
10858,184.630224,8,9.979990e-04
10859,184.645216,5,9.917610e-04
10860,184.660208,12,9.777359e-04
10861,184.675200,6,7.791224e-04
10862,184.690192,6,9.293449e-04
10863,184.705185,7,8.261047e-04
10864,184.720177,7,9.634337e-04
10865,184.735170,10,8.761011e-04
10866,184.750163,5,8.186533e-04
10867,184.765156,6,9.555851e-04
10868,184.780149,12,9.478211e-04
10869,184.795143,6,6.484170e-04
10870,184.810136,5,9.714726e-04
10871,184.825130,7,9.190969e-04
10872,184.840124,8,8.688896e-04
10873,184.855118,5,8.581985e-04
10874,184.870112,12,9.557255e-04
10875,184.885106,5,9.042694e-04
10876,184.900100,6,8.793850e-04
10877,184.915095,7,8.644727e-04
10878,184.930089,6,9.961524e-04
10879,184.945084,11,9.521502e-04
10880,184.960079,6,7.557110e-04
10881,184.975074,6,9.284289e-04
10882,184.990069,8,9.765154e-04
10883,185.005064,11,8.980185e-04
10884,185.020059,6,8.039171e-04
10885,185.035054,6,9.053937e-04
10886,185.050050,7,9.004325e-04
10887,185.065045,8,9.976865e-04
10888,185.080041,5,9.593107e-04
10889,185.095037,13,9.459368e-04
10890,185.110032,6,8.789285e-04
10891,185.125028,6,9.595677e-04
10892,185.140024,7,8.708156e-04
10893,185.155020,7,9.668562e-04
10894,185.170016,11,9.284009e-04
10895,185.185012,5,9.832876e-04
10896,185.200009,6,9.627973e-04
10897,185.215005,8,9.015815e-04
10898,185.230001,5,9.941829e-04
10899,185.244998,14,9.647852e-04
10900,185.259995,7,9.110862e-04
10901,185.274991,5,9.415176e-04
10902,185.289988,7,8.507488e-04
10903,185.304985,5,9.840081e-04
10904,185.319982,8,9.220686e-04
10905,185.334979,5,8.515116e-04
10906,185.349976,12,8.464366e-04
10907,185.364973,5,9.624785e-04
10908,185.379970,6,9.992819e-04
10909,185.394968,7,8.827080e-04
10910,185.409965,5,9.046539e-04
10911,185.424963,8,9.001405e-04
10912,185.439960,5,8.588357e-04
10913,185.454958,13,9.142905e-04
10914,185.469956,6,9.042822e-04
10915,185.484954,7,9.321837e-04
10916,185.499952,5,9.800582e-04
10917,185.514950,7,9.618914e-04
10918,185.529948,5,9.487204e-04
10919,185.544946,9,9.344776e-04
10920,185.559945,5,7.302412e-04
10921,185.574943,6,9.028250e-04
10922,185.589942,7,9.955462e-04
10923,185.604940,5,9.901775e-04
10924,185.619939,9,9.886617e-04
10925,185.634938,5,7.181312e-04
10926,185.649937,6,8.910691e-04
10927,185.664936,8,8.751403e-04
10928,185.679935,5,8.436163e-04
10929,185.694934,9,9.542562e-04
10930,185.709933,5,7.403002e-04
10931,185.724932,7,9.377758e-04
10932,185.739932,8,9.834678e-04
10933,185.754931,5,8.800351e-04
10934,185.769931,11,9.931840e-04
10935,185.784930,5,8.517895e-04
10936,185.799930,6,9.376587e-04
10937,185.814930,8,8.655813e-04
10938,185.829930,6,9.877318e-04
10939,185.844930,12,9.633276e-04
10940,185.859930,6,7.863155e-04
10941,185.874930,6,9.625020e-04
10942,185.889930,8,8.413150e-04
10943,185.904930,10,8.275601e-04
10944,185.919931,5,9.722804e-04
10945,185.934931,8,9.643677e-04
10946,185.949932,10,9.231889e-04
10947,185.964933,5,9.840459e-04
10948,185.979933,7,9.376576e-04
10949,185.994934,9,9.932476e-04
10950,186.009935,6,8.618720e-04
10951,186.024936,14,9.477838e-04
10952,186.039937,6,9.384640e-04
10953,186.054939,7,7.832663e-04
10954,186.069940,7,8.965427e-04
10955,186.084942,8,8.685691e-04
10956,186.099943,8,9.652890e-04
10957,186.114945,9,9.693406e-04
10958,186.129947,5,9.859308e-04
10959,186.144949,15,9.311625e-04
10960,186.159951,6,9.434302e-04
10961,186.174954,6,9.496967e-04
10962,186.189956,7,9.906076e-04
10963,186.204959,8,8.389218e-04
10964,186.219962,6,9.042602e-04
10965,186.234965,11,9.507325e-04
10966,186.249968,5,9.759166e-04
10967,186.264971,7,9.376769e-04
10968,186.279975,14,9.642068e-04
10969,186.294978,6,9.031605e-04
10970,186.309982,6,9.418452e-04
10971,186.324986,8,9.309093e-04
10972,186.339990,5,8.487765e-04
10973,186.354995,7,9.998644e-04
10974,186.369999,7,9.744974e-04
10975,186.385004,6,8.955431e-04
10976,186.400009,12,9.323600e-04
10977,186.415015,6,6.873612e-04
10978,186.430020,6,8.106621e-04
10979,186.445026,7,8.342495e-04
10980,186.460032,5,9.763070e-04
10981,186.475038,8,9.895376e-04
10982,186.490044,5,7.521175e-04
10983,186.505051,12,8.676528e-04
10984,186.520058,5,9.257789e-04
10985,186.535065,6,8.925988e-04
10986,186.550072,6,9.747394e-04
10987,186.565079,7,9.166428e-04
10988,186.580087,9,9.939425e-04
10989,186.595095,5,7.420384e-04
10990,186.610103,6,9.948449e-04
10991,186.625111,13,8.994710e-04
10992,186.640120,6,8.397772e-04
10993,186.655129,6,9.157272e-04
10994,186.670138,6,9.989964e-04
10995,186.685147,7,8.869032e-04
10996,186.700156,5,9.542234e-04
10997,186.715166,11,8.492436e-04
10998,186.730176,5,9.197286e-04
10999,186.745186,6,9.538292e-04
11000,186.760196,14,9.051592e-04
11001,186.775207,6,8.583052e-04
11002,186.790217,10,9.171587e-04
11003,186.805228,5,7.339372e-04
11004,186.820239,6,8.673907e-04
11005,186.835251,7,8.720646e-04
11006,186.850262,5,8.970243e-04
11007,186.865274,11,9.255014e-04
11008,186.880286,5,9.116309e-04
11009,186.895298,6,9.225684e-04
11010,186.910311,8,9.640555e-04
11011,186.925323,5,8.225613e-04
11012,186.940336,13,9.944404e-04
11013,186.955349,6,9.192499e-04
11014,186.970362,5,9.614859e-04
11015,186.985376,7,8.319544e-04
11016,187.000389,5,9.383428e-04
11017,187.015403,10,9.327183e-04
11018,187.030417,5,8.133738e-04
11019,187.045431,6,7.493831e-04
11020,187.060445,6,9.434661e-04
11021,187.075460,7,9.803039e-04
11022,187.090475,5,9.219593e-04
11023,187.105490,14,9.538118e-04
11024,187.120505,7,9.133707e-04
11025,187.135520,5,8.121498e-04
11026,187.150535,7,8.736455e-04
11027,187.165551,5,8.509494e-04
11028,187.180567,7,8.912869e-04
11029,187.195583,5,8.322131e-04
11030,187.210599,8,9.473506e-04
11031,187.225615,5,6.960403e-04
11032,187.240631,12,9.346653e-04
11033,187.255648,5,9.526823e-04
11034,187.270665,7,9.525015e-04
11035,187.285681,5,9.511103e-04
11036,187.300698,8,8.969376e-04
11037,187.315715,5,7.158395e-04
11038,187.330732,12,9.184714e-04
11039,187.345750,5,9.651777e-04
11040,187.360767,6,8.941282e-04
11041,187.375784,6,8.991915e-04
11042,187.390802,6,9.411156e-04
11043,187.405819,7,9.327323e-04
11044,187.420837,5,8.854489e-04
11045,187.435855,8,9.962454e-04
11046,187.450873,5,6.869951e-04
11047,187.465890,6,9.349615e-04
11048,187.480908,7,8.855518e-04
11049,187.495926,5,8.278411e-04
11050,187.510944,7,9.087978e-04
11051,187.525962,5,9.130870e-04
11052,187.540981,7,9.642800e-04
11053,187.555999,5,8.622464e-04
11054,187.571017,7,9.520487e-04
11055,187.586035,5,8.913140e-04
11056,187.601054,7,9.668512e-04
11057,187.616072,5,8.909760e-04
11058,187.631090,7,9.964159e-04
11059,187.646109,5,9.086427e-04
11060,187.661127,8,9.659060e-04
11061,187.676146,5,7.250350e-04
11062,187.691164,6,9.927521e-04
11063,187.706183,7,9.735369e-04
11064,187.721201,5,8.560175e-04
11065,187.736220,7,9.828769e-04
11066,187.751238,5,9.562335e-04
11067,187.766257,8,9.238098e-04
11068,187.781275,5,7.115226e-04
11069,187.796294,6,9.672297e-04
11070,187.811312,7,9.317638e-04
11071,187.826331,5,8.894808e-04
11072,187.841350,8,8.994617e-04
11073,187.856368,5,7.762285e-04
11074,187.871387,7,9.629187e-04
11075,187.886406,8,8.723419e-04
11076,187.901424,5,8.090568e-04
11077,187.916443,7,9.031471e-04
11078,187.931461,8,8.346944e-04
11079,187.946480,5,8.591315e-04
11080,187.961499,7,9.812118e-04
11081,187.976517,8,8.846637e-04
11082,187.991536,5,8.702479e-04
11083,188.006554,7,9.741682e-04
11084,188.021573,8,8.890663e-04
11085,188.036591,5,8.817241e-04
11086,188.051610,7,9.877312e-04
11087,188.066628,8,8.861071e-04
11088,188.081647,5,8.690027e-04
11089,188.096665,7,9.468694e-04
11090,188.111684,8,8.369430e-04
11091,188.126702,5,8.480689e-04
11092,188.141721,7,9.025619e-04
11093,188.156739,7,9.495494e-04
11094,188.171757,6,8.517519e-04
11095,188.186776,7,8.913098e-04
11096,188.201794,6,9.211676e-04
11097,188.216812,7,8.804655e-04
11098,188.231831,5,9.996455e-04
11099,188.246849,7,9.735135e-04
11100,188.261867,5,9.419283e-04
11101,188.276885,7,9.892812e-04
11102,188.291903,5,9.520277e-04
11103,188.306921,7,9.951146e-04
11104,188.321940,5,9.627592e-04
11105,188.336958,8,8.807139e-04
11106,188.351976,5,7.530150e-04
11107,188.366994,7,9.026910e-04
11108,188.382012,7,9.055036e-04
11109,188.397030,6,8.459443e-04
11110,188.412048,7,8.830746e-04
11111,188.427066,6,9.130718e-04
11112,188.442084,7,8.859679e-04
11113,188.457102,5,9.752699e-04
11114,188.472120,7,9.626693e-04
11115,188.487138,5,8.951979e-04
11116,188.502156,7,9.293037e-04
11117,188.517174,5,8.737002e-04
11118,188.532192,7,8.693273e-04
11119,188.547210,5,8.488135e-04
11120,188.562228,7,8.395974e-04
11121,188.577246,5,8.379231e-04
11122,188.592265,7,8.539720e-04
11123,188.607283,5,8.486793e-04
11124,188.622301,7,9.275972e-04
11125,188.637319,5,8.812156e-04
11126,188.652337,9,9.930655e-04
11127,188.667355,5,6.904217e-04
11128,188.682373,6,8.502567e-04
11129,188.697392,7,9.787259e-04
11130,188.712410,5,9.450074e-04
11131,188.727428,13,9.982937e-04
11132,188.742446,6,9.115528e-04
11133,188.757464,5,8.932235e-04
11134,188.772483,6,9.226516e-04
11135,188.787501,6,9.643973e-04
11136,188.802519,7,9.319634e-04
11137,188.817537,6,9.789535e-04
11138,188.832555,11,8.709890e-04
11139,188.847573,5,8.895234e-04
11140,188.862591,6,9.339871e-04
11141,188.877609,7,9.753322e-04
11142,188.892627,14,9.670653e-04
11143,188.907645,6,8.572162e-04
11144,188.922663,6,8.384982e-04
11145,188.937681,7,9.632121e-04
11146,188.952699,8,9.475166e-04
11147,188.967716,5,7.719126e-04
11148,188.982734,6,9.440259e-04
11149,188.997752,7,8.395069e-04
11150,189.012769,5,9.736822e-04
11151,189.027787,12,9.663018e-04
11152,189.042804,6,8.145221e-04
11153,189.057821,6,8.920986e-04
11154,189.072839,7,8.750871e-04
11155,189.087856,6,9.851360e-04
11156,189.102873,8,9.250241e-04
11157,189.117890,5,8.639749e-04
11158,189.132907,8,9.908680e-04
11159,189.147924,5,8.840112e-04
11160,189.162941,9,9.754727e-04
11161,189.177958,5,7.497877e-04
11162,189.192975,6,9.582327e-04
11163,189.207992,8,8.853264e-04
11164,189.223008,5,8.360657e-04
11165,189.238025,12,9.986603e-04
11166,189.253042,5,9.776079e-04
11167,189.268058,6,7.671327e-04
11168,189.283075,6,9.039361e-04
11169,189.298091,7,8.473459e-04
11170,189.313108,5,9.945484e-04
11171,189.328124,10,9.335293e-04
11172,189.343141,5,7.980640e-04
11173,189.358157,6,8.400107e-04
11174,189.373174,7,9.962352e-04
11175,189.388190,14,9.801664e-04
11176,189.403207,6,9.092241e-04
11177,189.418223,6,8.806790e-04
11178,189.433239,6,9.867591e-04
11179,189.448256,7,9.917281e-04
11180,189.463272,5,8.632428e-04
11181,189.478288,8,9.610434e-04
11182,189.493304,5,7.038101e-04
11183,189.508321,10,9.620543e-04
11184,189.523337,5,7.264711e-04
11185,189.538353,6,9.529417e-04
11186,189.553369,15,8.959877e-04
11187,189.568385,6,9.622710e-04
11188,189.583401,13,7.920124e-04
11189,189.598418,6,9.665481e-04
11190,189.613434,9,9.981070e-04
11191,189.628450,5,7.308334e-04
11192,189.643466,11,9.769889e-04
11193,189.658482,5,8.321323e-04
11194,189.673498,7,8.621168e-04
11195,189.688514,5,9.830130e-04
11196,189.703530,8,9.883135e-04
11197,189.718546,5,7.543524e-04
11198,189.733562,12,9.924275e-04
11199,189.748577,5,9.672031e-04
11200,189.763593,6,9.773722e-04
11201,189.778609,6,9.952709e-04
11202,189.793625,6,9.778812e-04
11203,189.808641,8,9.623833e-04
11204,189.823656,5,7.713070e-04
11205,189.838672,11,9.239465e-04
11206,189.853688,5,7.374323e-04
11207,189.868704,6,8.178032e-04
11208,189.883719,6,9.624590e-04
11209,189.898735,6,9.102898e-04
11210,189.913751,6,9.815661e-04
11211,189.928766,8,9.358416e-04
11212,189.943782,5,7.500147e-04
11213,189.958797,6,9.700325e-04
11214,189.973813,7,9.964214e-04
11215,189.988829,5,9.274432e-04
11216,190.003844,8,9.940171e-04
11217,190.018860,5,7.963925e-04
11218,190.033875,8,9.593559e-04
11219,190.048891,5,8.843657e-04
11220,190.063907,14,9.427201e-04
11221,190.078922,6,8.942565e-04
11222,190.093938,6,8.072026e-04
11223,190.108953,7,8.028468e-04
11224,190.123969,6,9.558423e-04
11225,190.138984,8,8.468299e-04
11226,190.154000,5,8.951796e-04
11227,190.169016,9,9.957965e-04
11228,190.184031,5,8.165027e-04
11229,190.199047,14,9.348330e-04
11230,190.214063,6,9.147035e-04
11231,190.229079,6,9.747841e-04
11232,190.244094,7,9.136396e-04
11233,190.259110,6,8.811767e-04
11234,190.274126,7,9.901758e-04
11235,190.289142,9,8.959180e-04
11236,190.304158,5,8.366224e-04
11237,190.319174,14,8.739446e-04
11238,190.334190,6,8.392215e-04
11239,190.349206,7,9.681070e-04
11240,190.364223,6,9.678059e-04
11241,190.379239,7,8.625408e-04
11242,190.394255,6,9.693967e-04
11243,190.409272,9,9.926287e-04
11244,190.424288,5,8.530702e-04
11245,190.439305,14,9.201878e-04
11246,190.454322,7,8.442431e-04
11247,190.469339,8,8.683159e-04
11248,190.484356,5,8.667214e-04
11249,190.499373,7,9.993800e-04
11250,190.514390,8,8.290454e-04
11251,190.529407,5,9.009007e-04
11252,190.544425,12,9.676208e-04
11253,190.559443,5,9.593101e-04
11254,190.574460,7,9.332940e-04
11255,190.589478,8,9.347688e-04
11256,190.604496,5,8.867192e-04
11257,190.619514,13,9.781957e-04
11258,190.634533,6,8.367282e-04
11259,190.649551,5,9.817602e-04
11260,190.664570,7,7.520078e-04
11261,190.679589,5,8.913714e-04
11262,190.694608,7,9.755689e-04
11263,190.709627,5,8.130120e-04
11264,190.724646,6,9.999326e-04
11265,190.739666,6,9.846904e-04
11266,190.754685,6,8.589458e-04
11267,190.769705,6,8.840486e-04
11268,190.784725,6,9.039847e-04
11269,190.799745,6,9.169250e-04
11270,190.814765,6,9.196014e-04
11271,190.829786,6,9.133450e-04
11272,190.844807,6,9.023236e-04
11273,190.859827,6,8.932320e-04
11274,190.874848,6,8.918133e-04
11275,190.889869,6,9.041362e-04
11276,190.904891,6,9.264509e-04
11277,190.919912,6,9.561647e-04
11278,190.934934,6,9.884224e-04
11279,190.949956,8,9.884662e-04
11280,190.964977,5,6.776389e-04
11281,190.979999,6,8.404657e-04
11282,190.995022,7,8.779938e-04
11283,191.010044,5,8.606150e-04
11284,191.025066,7,9.711733e-04
11285,191.040089,5,9.127612e-04
11286,191.055112,8,9.445245e-04
11287,191.070135,5,7.062932e-04
11288,191.085158,6,9.128637e-04
11289,191.100181,7,9.019153e-04
11290,191.115204,5,8.758704e-04
11291,191.130228,7,9.494071e-04
11292,191.145251,5,9.249715e-04
11293,191.160275,7,9.908396e-04
11294,191.175298,5,8.767661e-04
11295,191.190322,7,9.668035e-04
11296,191.205346,5,8.733485e-04
11297,191.220370,7,9.470540e-04
11298,191.235395,5,8.445143e-04
11299,191.250419,7,9.265287e-04
11300,191.265443,5,8.272876e-04
11301,191.280468,6,9.982792e-04
11302,191.295493,7,9.673106e-04
11303,191.310517,5,7.522669e-04
11304,191.325542,6,9.267726e-04
11305,191.340567,7,9.746222e-04
11306,191.355592,5,7.597587e-04
11307,191.370618,6,9.727756e-04
11308,191.385643,12,9.949003e-04
11309,191.400668,6,7.497465e-04
11310,191.415694,5,8.194842e-04
11311,191.430719,6,8.945947e-04
11312,191.445745,6,8.906306e-04
11313,191.460771,5,9.883292e-04
11314,191.475797,8,9.313442e-04
11315,191.490823,4,9.993112e-04
11316,191.505849,6,9.545687e-04
11317,191.520875,12,8.795721e-04
11318,191.535901,6,8.020599e-04
11319,191.550928,8,9.059018e-04
11320,191.565954,4,9.552754e-04
11321,191.580980,6,9.276026e-04
11322,191.596007,7,8.245820e-04
11323,191.611034,5,7.661141e-04
11324,191.626060,10,9.895208e-04
11325,191.641087,5,6.470742e-04
11326,191.656114,6,7.600474e-04
11327,191.671141,7,8.315540e-04
11328,191.686167,5,9.028328e-04
11329,191.701194,15,9.925320e-04
11330,191.716221,7,8.699516e-04
11331,191.731248,5,7.588250e-04
11332,191.746275,7,8.395601e-04
11333,191.761303,5,9.772152e-04
11334,191.776330,7,9.988230e-04
11335,191.791357,5,8.522150e-04
11336,191.806384,8,8.891149e-04
11337,191.821412,5,7.315062e-04
11338,191.836439,13,9.484446e-04
11339,191.851466,6,8.806590e-04
11340,191.866494,7,9.554457e-04
11341,191.881521,6,9.456930e-04
11342,191.896549,7,9.487475e-04
11343,191.911577,8,9.751490e-04
11344,191.926604,5,9.015599e-04
11345,191.941632,14,9.673883e-04
11346,191.956660,7,9.035771e-04
11347,191.971688,8,8.656280e-04
11348,191.986716,5,8.787764e-04
11349,192.001744,7,9.353590e-04
11350,192.016772,7,9.559496e-04
11351,192.031800,6,9.360380e-04
11352,192.046828,9,9.623305e-04
11353,192.061856,5,8.725072e-04
11354,192.076885,15,9.741806e-04
11355,192.091913,7,7.939783e-04
11356,192.106941,7,9.090389e-04
11357,192.121970,7,9.585799e-04
11358,192.136998,7,9.114507e-04
11359,192.152027,7,9.304049e-04
11360,192.167056,8,9.233769e-04
11361,192.182085,10,9.537601e-04
11362,192.197114,5,9.826321e-04
11363,192.212143,16,8.531942e-04
11364,192.227172,6,8.198728e-04
11365,192.242201,7,8.860391e-04
11366,192.257230,8,9.412528e-04
11367,192.272260,6,8.721503e-04
11368,192.287290,8,9.035722e-04
11369,192.302319,6,9.984164e-04
11370,192.317349,12,9.672627e-04
11371,192.332379,6,8.239725e-04
11372,192.347410,7,9.700570e-04
11373,192.362440,16,8.393518e-04
11374,192.377470,7,7.785091e-04
11375,192.392501,9,9.875914e-04
11376,192.407532,6,8.704787e-04
11377,192.422563,9,9.780213e-04
11378,192.437594,5,8.881130e-04
11379,192.452626,7,9.941995e-04
11380,192.467657,9,9.298993e-04
11381,192.482689,5,9.280182e-04
11382,192.497721,14,9.040211e-04
11383,192.512754,6,7.954212e-04
11384,192.527786,7,9.303738e-04
11385,192.542819,8,9.537194e-04
11386,192.557852,5,8.898355e-04
11387,192.572885,7,9.909286e-04
11388,192.587919,8,8.847394e-04
11389,192.602953,5,8.782209e-04
11390,192.617987,13,9.344169e-04
11391,192.633021,5,9.812574e-04
11392,192.648055,6,8.814102e-04
11393,192.663090,7,8.052630e-04
11394,192.678125,5,9.933544e-04
11395,192.693161,8,9.513919e-04
11396,192.708196,5,8.448365e-04
11397,192.723232,12,8.757882e-04
11398,192.738269,5,9.999654e-04
11399,192.753305,6,9.835549e-04
11400,192.768342,7,8.510459e-04
11401,192.783379,5,9.774645e-04
11402,192.798416,9,9.734083e-04
11403,192.813454,5,7.977570e-04
11404,192.828492,12,8.377519e-04
11405,192.843530,5,9.040658e-04
11406,192.858569,7,8.581025e-04
11407,192.873608,5,9.327334e-04
11408,192.888647,7,9.757182e-04
11409,192.903686,8,9.755189e-04
11410,192.918726,5,8.283568e-04
11411,192.933766,12,9.436624e-04
11412,192.948806,5,9.005352e-04
11413,192.963846,6,9.521492e-04
11414,192.978887,7,8.629604e-04
11415,192.993928,5,8.890814e-04
11416,193.008970,10,9.415303e-04
11417,193.024011,5,8.421530e-04
11418,193.039053,7,9.769457e-04
11419,193.054095,13,8.686440e-04
11420,193.069138,6,8.557502e-04
11421,193.084180,6,9.881461e-04
11422,193.099223,7,8.615501e-04
11423,193.114266,5,9.107016e-04
11424,193.129309,8,9.282577e-04
11425,193.144353,5,8.726465e-04
11426,193.159396,12,8.585689e-04
11427,193.174440,6,8.230909e-04
11428,193.189484,8,9.620196e-04
11429,193.204528,5,8.054290e-04
11430,193.219573,8,9.767749e-04
11431,193.234617,5,9.029396e-04
11432,193.249662,13,9.346316e-04
11433,193.264707,7,9.139296e-04
11434,193.279752,5,9.372813e-04
11435,193.294797,7,8.646457e-04
11436,193.309842,5,9.099497e-04
11437,193.324887,8,8.486828e-04
11438,193.339933,5,7.737330e-04
11439,193.354978,10,9.267307e-04
11440,193.370024,5,7.109330e-04
11441,193.385070,6,8.286132e-04
11442,193.400116,7,8.838042e-04
11443,193.415162,5,9.407294e-04
11444,193.430208,16,8.862555e-04
11445,193.445254,7,9.340656e-04
11446,193.460300,5,9.075978e-04
11447,193.475346,15,8.687029e-04
11448,193.490392,8,9.468637e-04
11449,193.505438,10,9.116895e-04
11450,193.520485,6,9.306852e-04
11451,193.535531,7,9.631437e-04
11452,193.550577,14,8.973708e-04
11453,193.565624,7,8.501286e-04
11454,193.580670,9,8.597920e-04
11455,193.595717,5,7.369805e-04
11456,193.610763,7,9.719613e-04
11457,193.625809,8,9.076545e-04
11458,193.640856,5,6.567539e-04
11459,193.655902,6,7.405830e-04
11460,193.670949,6,9.487103e-04
11461,193.685995,6,9.611559e-04
11462,193.701041,7,9.806982e-04
11463,193.716088,5,8.172734e-04
11464,193.731134,14,9.346638e-04
11465,193.746180,7,9.260350e-04
11466,193.761226,5,8.590380e-04
11467,193.776273,7,8.959178e-04
11468,193.791319,4,9.924646e-04
11469,193.806365,8,8.725820e-04
11470,193.821411,4,9.317104e-04
11471,193.836457,10,9.511652e-04
11472,193.851502,5,5.864658e-04
11473,193.866548,6,7.454544e-04
11474,193.881594,7,8.579488e-04
11475,193.896639,5,9.013242e-04
11476,193.911685,15,9.636535e-04
11477,193.926730,7,8.992416e-04
11478,193.941775,5,8.428235e-04
11479,193.956820,14,8.950764e-04
11480,193.971865,6,9.782621e-04
11481,193.986910,10,9.890113e-04
11482,194.001955,5,7.776197e-04
11483,194.016999,7,9.925047e-04
11484,194.032044,8,8.943297e-04
11485,194.047088,5,7.631782e-04
11486,194.062132,6,9.485097e-04
11487,194.077176,8,9.541523e-04
11488,194.092220,5,7.071056e-04
11489,194.107264,6,8.980982e-04
11490,194.122308,7,9.181287e-04
11491,194.137351,5,8.285235e-04
11492,194.152394,7,9.497918e-04
11493,194.167438,5,9.222385e-04
11494,194.182481,7,9.999606e-04
11495,194.197523,5,8.898834e-04
11496,194.212566,7,9.860048e-04
11497,194.227609,5,9.303577e-04
11498,194.242651,7,9.803485e-04
11499,194.257693,5,9.406364e-04
11500,194.272735,7,9.799796e-04
11501,194.287777,5,9.616426e-04
11502,194.302819,7,9.912729e-04
11503,194.317860,5,9.811828e-04
11504,194.332901,8,8.902004e-04
11505,194.347942,5,7.850190e-04
11506,194.362983,7,8.904808e-04
11507,194.378024,7,8.973255e-04
11508,194.393065,6,8.589929e-04
11509,194.408105,7,8.788730e-04
11510,194.423146,6,9.289205e-04
11511,194.438186,7,8.851482e-04
11512,194.453226,6,8.993138e-04
11513,194.468265,7,8.595779e-04
11514,194.483305,6,8.862245e-04
11515,194.498345,7,8.463781e-04
11516,194.513384,5,9.958654e-04
11517,194.528423,7,9.458721e-04
11518,194.543462,5,9.218608e-04
11519,194.558501,7,9.664412e-04
11520,194.573540,5,9.208159e-04
11521,194.588578,7,9.742219e-04
11522,194.603617,5,9.115777e-04
11523,194.618655,7,9.889100e-04
11524,194.633693,5,9.025623e-04
11525,194.648731,7,9.935332e-04
11526,194.663769,5,8.920058e-04
11527,194.678807,7,9.850506e-04
11528,194.693845,5,8.787987e-04
11529,194.708882,7,9.655809e-04
11530,194.723920,5,8.616408e-04
11531,194.738957,7,9.496301e-04
11532,194.753994,5,8.589483e-04
11533,194.769031,7,9.382866e-04
11534,194.784068,5,8.525547e-04
11535,194.799104,7,9.243346e-04
11536,194.814141,5,8.471252e-04
11537,194.829177,7,9.129132e-04
11538,194.844213,5,8.444987e-04
11539,194.859250,7,9.067603e-04
11540,194.874285,5,8.396492e-04
11541,194.889321,7,9.053019e-04
11542,194.904357,5,8.451620e-04
11543,194.919392,7,9.148629e-04
11544,194.934428,5,8.496300e-04
11545,194.949463,7,9.271233e-04
11546,194.964498,5,8.517858e-04
11547,194.979533,7,9.334785e-04
11548,194.994567,5,8.489918e-04
11549,195.009602,7,9.276269e-04
11550,195.024636,5,8.389243e-04
11551,195.039671,7,9.092822e-04
11552,195.054705,5,8.257443e-04
11553,195.069739,7,8.871268e-04
11554,195.084773,5,8.139262e-04
11555,195.099806,6,9.886092e-04
11556,195.114840,7,8.847196e-04
11557,195.129873,5,7.329115e-04
11558,195.144906,6,8.961375e-04
11559,195.159939,6,9.964974e-04
11560,195.174972,6,9.345775e-04
11561,195.190005,6,9.647598e-04
11562,195.205037,6,9.864675e-04
11563,195.220070,11,9.845619e-04
11564,195.235102,5,8.758101e-04
11565,195.250134,5,9.213948e-04
11566,195.265166,6,8.268261e-04
11567,195.280197,6,8.583494e-04
11568,195.295229,6,8.975182e-04
11569,195.310260,7,9.365402e-04
11570,195.325291,5,8.638069e-04
11571,195.340323,12,9.261869e-04
11572,195.355353,6,8.005832e-04
11573,195.370384,6,9.447314e-04
11574,195.385415,6,9.845396e-04
11575,195.400445,7,9.027313e-04
11576,195.415475,5,9.444150e-04
11577,195.430505,12,9.935505e-04
11578,195.445535,6,9.005020e-04
11579,195.460564,5,9.734569e-04
11580,195.475594,7,8.764974e-04
11581,195.490623,8,9.958489e-04
11582,195.505652,5,8.859115e-04
11583,195.520681,14,9.666216e-04
11584,195.535710,7,8.860936e-04
11585,195.550738,5,9.539296e-04
11586,195.565766,7,9.613768e-04
11587,195.580794,7,9.049412e-04
11588,195.595822,6,9.811301e-04
11589,195.610850,10,9.798717e-04
11590,195.625878,5,8.509150e-04
11591,195.640905,7,9.272920e-04
11592,195.655932,15,9.403658e-04
11593,195.670959,6,9.805186e-04
11594,195.685986,7,9.616250e-04
11595,195.701012,9,9.239527e-04
11596,195.716039,5,7.499709e-04
11597,195.731065,7,9.121209e-04
11598,195.746091,8,9.685342e-04
11599,195.761117,5,7.787902e-04
11600,195.776143,13,9.499318e-04
11601,195.791168,6,8.198087e-04
11602,195.806194,6,9.250977e-04
11603,195.821219,7,8.829917e-04
11604,195.836244,5,9.002441e-04
11605,195.851269,9,9.368009e-04
11606,195.866293,5,7.394582e-04
11607,195.881318,6,9.534544e-04
11608,195.896342,13,9.452882e-04
11609,195.911366,6,9.416839e-04
11610,195.926390,9,9.345024e-04
11611,195.941414,5,6.165081e-04
11612,195.956438,6,9.299161e-04
11613,195.971462,8,8.964371e-04
11614,195.986485,5,6.504745e-04
11615,196.001508,5,9.652608e-04
11616,196.016531,6,9.235023e-04
11617,196.031554,5,9.636149e-04
11618,196.046577,7,9.077542e-04
11619,196.061599,4,9.742943e-04
11620,196.076622,6,9.384736e-04
11621,196.091644,6,9.741066e-04
11622,196.106666,5,9.183619e-04
11623,196.121688,6,9.640797e-04
11624,196.136710,6,9.272186e-04
11625,196.151732,5,9.672387e-04
11626,196.166753,7,8.764329e-04
11627,196.181775,5,7.653172e-04
11628,196.196796,6,9.851883e-04
11629,196.211818,7,9.595843e-04
11630,196.226839,5,7.613332e-04
11631,196.241860,6,9.742972e-04
11632,196.256881,7,9.697899e-04
11633,196.271901,5,7.759076e-04
11634,196.286922,6,9.858741e-04
11635,196.301943,7,9.455476e-04
11636,196.316963,5,7.660605e-04
11637,196.331984,6,9.636847e-04
11638,196.347004,7,9.156398e-04
11639,196.362025,5,7.748153e-04
11640,196.377045,6,9.763103e-04
11641,196.392065,7,9.381148e-04
11642,196.407085,5,7.842650e-04
11643,196.422105,6,9.916172e-04
11644,196.437125,7,9.612192e-04
11645,196.452146,5,7.958005e-04
11646,196.467166,6,9.984091e-04
11647,196.482186,7,9.536246e-04
11648,196.497206,5,8.045659e-04
11649,196.512225,7,9.014544e-04
11650,196.527245,5,9.252965e-04
11651,196.542265,7,9.932239e-04
11652,196.557285,5,8.744128e-04
11653,196.572305,8,9.721872e-04
11654,196.587325,5,7.049084e-04
11655,196.602345,6,9.392683e-04
11656,196.617365,7,9.201936e-04
11657,196.632385,5,8.704202e-04
11658,196.647405,7,9.708562e-04
11659,196.662425,5,9.493699e-04
11660,196.677445,8,9.867544e-04
11661,196.692465,5,7.254921e-04
11662,196.707486,6,9.585027e-04
11663,196.722506,7,9.545133e-04
11664,196.737526,5,8.863019e-04
11665,196.752547,7,9.882480e-04
11666,196.767567,5,9.491563e-04
11667,196.782587,8,9.702766e-04
11668,196.797608,5,7.113863e-04
11669,196.812629,6,9.162629e-04
11670,196.827649,7,8.727566e-04
11671,196.842670,5,8.264565e-04
11672,196.857691,6,9.856517e-04
11673,196.872712,6,9.953983e-04
11674,196.887733,6,8.572808e-04
11675,196.902754,6,8.465485e-04
11676,196.917775,6,8.238755e-04
11677,196.932797,5,9.800785e-04
11678,196.947818,6,9.177317e-04
11679,196.962840,5,9.205887e-04
11680,196.977862,6,9.031087e-04
11681,196.992883,5,9.224659e-04
11682,197.007905,6,9.127501e-04
11683,197.022927,5,9.317414e-04
11684,197.037949,6,9.547077e-04
11685,197.052971,5,9.606216e-04
11686,197.067994,7,9.431295e-04
11687,197.083016,4,9.680412e-04
11688,197.098038,7,9.520322e-04
11689,197.113061,4,9.936699e-04
11690,197.128084,13,9.941689e-04
11691,197.143106,6,9.204991e-04
11692,197.158129,5,8.048853e-04
11693,197.173152,6,9.216042e-04
11694,197.188175,6,9.222981e-04
11695,197.203198,5,9.624611e-04
11696,197.218221,7,9.253167e-04
11697,197.233244,4,9.478590e-04
11698,197.248267,8,9.846782e-04
11699,197.263291,4,8.853115e-04
11700,197.278314,6,9.685929e-04
11701,197.293337,14,8.592639e-04
11702,197.308361,7,9.428909e-04
11703,197.323384,5,9.630632e-04
11704,197.338408,12,9.315589e-04
11705,197.353431,6,8.826794e-04
11706,197.368455,10,8.764326e-04
11707,197.383478,5,6.856546e-04
11708,197.398502,7,9.150192e-04
11709,197.413525,5,8.924974e-04
11710,197.428549,12,9.967115e-04
11711,197.443572,6,8.011501e-04
11712,197.458596,5,8.458409e-04
11713,197.473620,6,9.745919e-04
11714,197.488643,6,9.935207e-04
11715,197.503667,5,9.484370e-04
11716,197.518691,7,9.350394e-04
11717,197.533714,4,8.973052e-04
11718,197.548738,6,9.144869e-04
11719,197.563762,5,9.900854e-04
11720,197.578785,6,9.221872e-04
11721,197.593809,5,8.354555e-04
11722,197.608833,5,9.801983e-04
11723,197.623857,6,8.365348e-04
11724,197.638880,5,7.506987e-04
11725,197.653904,5,9.436872e-04
11726,197.668928,6,8.145907e-04
11727,197.683951,5,7.673495e-04
11728,197.698975,5,9.749435e-04
11729,197.713999,6,8.689365e-04
11730,197.729023,5,8.127035e-04
11731,197.744046,6,8.669437e-04
11732,197.759070,5,9.160764e-04
11733,197.774094,6,9.428226e-04
11734,197.789117,5,9.457675e-04
11735,197.804141,7,9.372833e-04
11736,197.819165,4,9.657519e-04
11737,197.834188,6,9.795777e-04
11738,197.849212,7,9.726697e-04
11739,197.864236,4,9.972849e-04
11740,197.879259,6,9.774021e-04
11741,197.894283,8,9.346826e-04
11742,197.909307,5,6.564259e-04
11743,197.924330,6,7.961821e-04
11744,197.939354,7,8.978705e-04
11745,197.954378,5,8.353276e-04
11746,197.969401,8,9.637891e-04
11747,197.984425,5,6.697123e-04
11748,197.999449,6,9.334043e-04
11749,198.014472,7,9.997189e-04
11750,198.029496,5,8.265359e-04
11751,198.044520,8,9.996150e-04
11752,198.059543,5,6.943616e-04
11753,198.074567,6,9.658230e-04
11754,198.089591,8,9.087079e-04
11755,198.104614,5,6.827517e-04
11756,198.119638,6,8.529102e-04
11757,198.134662,7,9.195651e-04
11758,198.149685,5,8.085831e-04
11759,198.164709,7,9.573383e-04
11760,198.179733,5,8.547206e-04
11761,198.194757,7,9.707894e-04
11762,198.209781,5,8.031367e-04
11763,198.224804,7,9.410879e-04
11764,198.239828,5,8.108515e-04
11765,198.254852,7,9.352789e-04
11766,198.269876,5,7.999693e-04
11767,198.284900,7,9.398352e-04
11768,198.299924,5,8.020290e-04
11769,198.314948,7,9.535526e-04
11770,198.329972,5,8.053729e-04
11771,198.344996,7,9.690562e-04
11772,198.360019,5,8.057088e-04
11773,198.375043,7,9.847563e-04
11774,198.390067,5,8.179722e-04
11775,198.405091,8,9.732818e-04
11776,198.420115,4,9.722234e-04
11777,198.435140,6,8.923753e-04
11778,198.450164,7,8.945729e-04
11779,198.465188,5,7.566557e-04
11780,198.480212,7,9.275779e-04
11781,198.495236,5,8.790926e-04
11782,198.510260,7,9.874427e-04
11783,198.525284,5,8.141968e-04
11784,198.540308,7,9.716609e-04
11785,198.555332,5,8.466780e-04
11786,198.570356,7,9.645659e-04
11787,198.585380,5,8.365391e-04
11788,198.600404,7,9.552709e-04
11789,198.615428,5,8.437915e-04
11790,198.630452,7,9.437883e-04
11791,198.645476,5,8.418896e-04
11792,198.660500,7,9.321765e-04
11793,198.675524,5,8.412423e-04
11794,198.690548,7,9.197345e-04
11795,198.705572,5,8.377327e-04
11796,198.720596,7,9.095344e-04
11797,198.735620,5,8.344897e-04
11798,198.750644,7,9.015737e-04
11799,198.765667,5,8.296525e-04
11800,198.780691,7,8.959883e-04
11801,198.795715,5,8.260614e-04
11802,198.810739,7,8.968050e-04
11803,198.825763,5,8.254568e-04
11804,198.840787,7,9.100213e-04
11805,198.855811,5,8.304124e-04
11806,198.870835,7,9.402589e-04
11807,198.885858,5,8.421094e-04
11808,198.900882,7,9.871406e-04
11809,198.915906,5,8.571579e-04
11810,198.930930,12,9.438452e-04
11811,198.945954,5,9.488939e-04
11812,198.960978,5,9.310648e-04
11813,198.976002,6,8.495634e-04
11814,198.991025,5,9.970509e-04
11815,199.006049,7,8.693644e-04
11816,199.021073,5,8.198147e-04
11817,199.036097,10,9.372131e-04
11818,199.051121,5,7.144771e-04
11819,199.066145,6,8.329780e-04
11820,199.081169,7,9.815791e-04
11821,199.096193,14,9.292440e-04
11822,199.111217,6,8.352298e-04
11823,199.126240,6,8.699343e-04
11824,199.141264,7,9.773856e-04
11825,199.156288,5,9.686792e-04
11826,199.171312,8,9.932886e-04
11827,199.186336,5,7.002032e-04
11828,199.201360,7,9.787133e-04
11829,199.216384,11,9.735135e-04
11830,199.231408,5,9.993795e-04
11831,199.246432,7,9.566948e-04
11832,199.261456,14,9.559208e-04
11833,199.276480,7,8.270593e-04
11834,199.291504,10,8.796403e-04
11835,199.306528,5,7.774661e-04
11836,199.321552,6,9.797625e-04
11837,199.336576,7,9.792252e-04
11838,199.351600,5,9.922776e-04
11839,199.366625,11,9.097727e-04
11840,199.381649,5,9.246669e-04
11841,199.396673,6,9.531307e-04
11842,199.411697,14,9.953070e-04
11843,199.426722,6,8.952522e-04
11844,199.441746,7,9.475207e-04
11845,199.456771,8,9.274723e-04
11846,199.471795,5,8.617850e-04
11847,199.486820,8,9.085872e-04
11848,199.501844,5,8.991151e-04
11849,199.516869,10,9.561399e-04
11850,199.531894,5,7.575535e-04
11851,199.546919,6,8.395407e-04
11852,199.561944,7,9.651532e-04
11853,199.576969,12,9.609128e-04
11854,199.591994,6,7.344721e-04
11855,199.607019,6,7.575642e-04
11856,199.622045,6,9.362854e-04
11857,199.637070,7,9.837134e-04
11858,199.652096,6,9.899943e-04
11859,199.667121,10,9.461008e-04
11860,199.682147,5,7.550322e-04
11861,199.697173,6,8.363211e-04
11862,199.712199,7,9.552361e-04
11863,199.727226,10,9.975434e-04
11864,199.742252,5,8.075009e-04
11865,199.757278,6,7.558602e-04
11866,199.772305,7,8.354953e-04
11867,199.787332,8,9.633953e-04
11868,199.802359,5,8.007369e-04
11869,199.817386,8,9.942614e-04
11870,199.832413,5,8.737105e-04
11871,199.847440,13,9.350436e-04
11872,199.862467,6,8.915198e-04
11873,199.877495,5,9.418392e-04
11874,199.892523,6,9.770129e-04
11875,199.907551,7,8.218511e-04
11876,199.922579,5,9.338761e-04
11877,199.937607,10,9.866666e-04
11878,199.952635,5,8.258292e-04
11879,199.967663,6,9.395213e-04
11880,199.982692,14,9.194184e-04
11881,199.997721,6,9.093836e-04
11882,200.012750,8,9.733034e-04
