timestep,t,sor_iters,residual
1,0.050000,0,1.580309e-05
2,1.000000,1,7.407005e-05
3,1.500000,1,9.345774e-05
4,2.000000,1,9.785648e-05
5,2.500000,1,9.614864e-05
6,3.000000,1,9.912387e-05
7,3.500000,1,9.271768e-05
8,4.000000,1,9.664625e-05
9,4.500000,1,9.748855e-05
10,5.000000,1,9.144035e-05
11,5.500000,1,9.130473e-05
12,6.000000,2,9.796018e-05
13,6.500000,1,9.281606e-05
14,7.000000,1,9.381099e-05
15,7.500000,1,9.947646e-05
16,8.000000,1,9.675788e-05
17,8.500000,1,8.953230e-05
18,9.000000,1,9.712833e-05
19,9.500000,1,9.805061e-05
20,10.000000,1,9.057768e-05
21,10.500000,1,8.886074e-05
22,11.000000,1,9.911706e-05
23,11.500000,1,9.915898e-05
24,12.000000,1,9.584130e-05
25,12.500000,1,9.805485e-05
26,13.000000,2,9.163725e-05
27,13.500000,1,9.368399e-05
28,14.000000,1,9.861733e-05
29,14.500000,2,9.384393e-05
30,15.000000,1,9.886017e-05
31,15.500000,1,9.221213e-05
32,16.000000,2,9.923549e-05
33,16.500000,1,9.172419e-05
34,17.000000,2,9.828851e-05
35,17.500000,1,9.673792e-05
36,18.000000,1,9.807074e-05
37,18.500000,1,9.199896e-05
38,19.000000,1,9.918837e-05
39,19.500000,1,9.396213e-05
40,20.000000,1,9.965557e-05
41,20.500000,1,9.923521e-05
42,21.000000,1,9.899672e-05
43,21.500000,1,9.915112e-05
44,22.000000,1,9.948690e-05
45,22.500000,1,9.989052e-05
46,23.000000,1,9.867277e-05
47,23.500000,1,9.852286e-05
48,24.000000,1,9.925492e-05
49,24.500000,1,9.996733e-05
50,25.000000,1,9.886690e-05
51,25.500000,1,9.890691e-05
52,26.000000,1,9.969416e-05
53,26.500000,1,9.839916e-05
54,27.000000,1,9.844348e-05
55,27.500000,1,9.932274e-05
56,28.000000,1,9.808978e-05
57,28.500000,1,9.850920e-05
58,29.000000,1,9.991051e-05
59,29.500000,2,9.722318e-05
60,30.000000,1,9.476978e-05
61,30.500000,1,9.207289e-05
62,31.000000,1,9.390142e-05
63,31.500000,1,9.715494e-05
64,32.000000,1,9.045106e-05
65,32.500000,1,9.990584e-05
66,33.000000,1,9.866416e-05
67,33.500000,2,9.740455e-05
68,34.000000,1,9.023811e-05
69,34.500000,1,8.574554e-05
70,35.000000,1,8.909218e-05
71,35.500000,1,9.437809e-05
72,36.000000,1,9.528072e-05
73,36.500000,1,9.855531e-05
74,37.000000,1,9.759321e-05
75,37.500000,1,9.370540e-05
76,38.000000,1,9.473783e-05
77,38.500000,1,9.339600e-05
78,39.000000,1,9.595179e-05
79,39.500000,1,9.522493e-05
80,40.000000,1,9.187694e-05
81,40.500000,1,9.373130e-05
82,41.000000,1,9.335137e-05
83,41.500000,1,9.055072e-05
84,42.000000,1,9.326269e-05
85,42.500000,1,9.380267e-05
86,43.000000,1,9.134868e-05
87,43.500000,1,8.864120e-05
88,44.000000,1,9.201647e-05
89,44.500000,1,9.368459e-05
90,45.000000,1,9.191735e-05
91,45.500000,1,8.975974e-05
92,46.000000,2,9.963036e-05
93,46.500000,2,9.895386e-05
94,47.000000,1,9.760837e-05
95,47.500000,1,9.892651e-05
96,48.000000,1,9.666734e-05
97,48.500000,1,9.331544e-05
98,49.000000,1,9.041425e-05
99,49.500000,2,9.979188e-05
100,50.000000,2,9.955411e-05
101,50.500000,1,9.937688e-05
102,51.000000,1,9.004768e-05
103,51.500000,2,9.914104e-05
104,52.000000,2,9.752051e-05
105,52.500000,1,9.732979e-05
106,53.000000,1,8.887007e-05
107,53.500000,2,9.878835e-05
108,54.000000,2,9.797811e-05
109,54.500000,1,9.816589e-05
110,55.000000,1,8.949326e-05
111,55.500000,2,9.943468e-05
112,56.000000,2,9.859675e-05
113,56.500000,1,9.831146e-05
114,57.000000,1,8.928843e-05
115,57.500000,2,9.902863e-05
116,58.000000,2,9.807550e-05
117,58.500000,1,8.871609e-05
118,59.000000,1,9.442124e-05
119,59.500000,1,9.738036e-05
120,60.000000,1,8.428994e-05
121,60.500000,1,9.341332e-05
122,61.000000,1,9.806128e-05
123,61.500000,1,8.877820e-05
124,62.000000,2,9.943330e-05
125,62.500000,2,9.691902e-05
126,63.000000,1,9.357502e-05
127,63.500000,1,8.887047e-05
128,64.000000,1,8.799049e-05
129,64.500000,1,8.690190e-05
130,65.000000,1,9.039284e-05
131,65.500000,1,9.830588e-05
132,66.000000,1,9.273680e-05
133,66.500000,1,8.809311e-05
134,67.000000,1,8.524902e-05
135,67.500000,2,9.387705e-05
136,68.000000,1,9.297124e-05
137,68.500000,1,9.137272e-05
138,69.000000,1,9.163830e-05
139,69.500000,1,9.754345e-05
140,70.000000,1,9.540805e-05
141,70.500000,1,8.738512e-05
142,71.000000,1,9.072411e-05
143,71.500000,1,8.837343e-05
144,72.000000,1,8.935611e-05
145,72.500000,1,8.904307e-05
146,73.000000,1,9.052319e-05
147,73.500000,1,9.195565e-05
148,74.000000,1,9.885451e-05
149,74.500000,1,9.622901e-05
150,75.000000,1,9.819589e-05
151,75.500000,2,9.771782e-05
152,76.000000,1,9.241385e-05
153,76.500000,1,9.358297e-05
154,77.000000,1,9.942443e-05
155,77.500000,1,9.216110e-05
156,78.000000,1,9.101055e-05
157,78.500000,1,9.824306e-05
158,79.000000,1,9.365885e-05
159,79.500000,1,9.386790e-05
160,80.000000,2,9.085858e-05
161,80.500000,1,8.593633e-05
162,81.000000,1,8.719588e-05
163,81.500000,1,8.999652e-05
164,82.000000,1,9.170052e-05
165,82.500000,1,8.260289e-05
166,83.000000,1,8.736660e-05
167,83.500000,1,8.703264e-05
168,84.000000,1,8.344849e-05
169,84.500000,1,8.625079e-05
170,85.000000,1,8.600267e-05
171,85.500000,1,8.326732e-05
172,86.000000,1,8.666296e-05
173,86.500000,1,9.156860e-05
174,87.000000,1,9.876109e-05
175,87.500000,1,9.869137e-05
176,88.000000,1,9.980167e-05
177,88.500000,1,9.939611e-05
178,89.000000,1,9.848320e-05
179,89.500000,2,9.025015e-05
180,90.000000,1,9.333274e-05
181,90.500000,2,9.335060e-05
182,91.000000,1,9.703460e-05
183,91.500000,1,9.672512e-05
184,92.000000,1,8.664798e-05
185,92.500000,1,8.172195e-05
186,93.000000,1,8.759570e-05
187,93.500000,1,9.371110e-05
188,94.000000,2,8.850262e-05
189,94.500000,1,9.478830e-05
190,95.000000,1,8.381751e-05
191,95.500000,2,9.028700e-05
192,96.000000,1,7.772877e-05
193,96.500000,2,9.916330e-05
194,97.000000,1,9.547083e-05
195,97.500000,1,9.641445e-05
196,98.000000,1,9.972187e-05
197,98.500000,1,9.543246e-05
198,99.000000,1,8.731573e-05
199,99.500000,1,8.855184e-05
200,100.000000,1,9.049591e-05
201,100.500000,1,9.360620e-05
202,101.000000,2,8.496046e-05
203,101.500000,1,9.112382e-05
204,102.000000,1,9.609051e-05
205,102.500000,1,8.708170e-05
206,103.000000,1,9.351162e-05
207,103.500000,1,9.942741e-05
208,104.000000,1,9.986301e-05
209,104.500000,1,9.004108e-05
210,105.000000,1,9.646216e-05
211,105.500000,1,9.263785e-05
212,106.000000,1,9.875500e-05
213,106.500000,1,8.599620e-05
214,107.000000,2,9.806936e-05
215,107.500000,1,8.986835e-05
216,108.000000,1,9.704490e-05
217,108.500000,1,8.704043e-05
218,109.000000,1,9.224750e-05
219,109.500000,1,9.870265e-05
220,110.000000,2,9.829042e-05
221,110.500000,1,8.349394e-05
222,111.000000,1,8.142400e-05
223,111.500000,1,9.444609e-05
224,112.000000,1,9.274479e-05
225,112.500000,1,8.003442e-05
226,113.000000,1,9.723283e-05
227,113.500000,1,9.172670e-05
228,114.000000,2,9.879797e-05
229,114.500000,1,9.153927e-05
230,115.000000,1,8.244568e-05
231,115.500000,1,8.694032e-05
232,116.000000,1,9.233739e-05
233,116.500000,1,9.747052e-05
234,117.000000,2,9.986052e-05
235,117.500000,1,8.549504e-05
236,118.000000,1,8.103454e-05
237,118.500000,1,9.249093e-05
238,119.000000,1,9.513489e-05
239,119.500000,1,8.295549e-05
240,120.000000,1,9.466138e-05
241,120.500000,1,9.820780e-05
242,121.000000,1,9.748292e-05
243,121.500000,2,9.243526e-05
244,122.000000,1,9.836919e-05
245,122.500000,2,9.575919e-05
246,123.000000,1,9.943689e-05
247,123.500000,1,8.219609e-05
248,124.000000,0,9.992990e-05
249,124.500000,1,8.961695e-05
250,125.000000,1,9.981368e-05
251,125.500000,1,8.438317e-05
252,126.000000,1,9.166004e-05
253,126.500000,1,9.076818e-05
254,127.000000,1,8.985540e-05
255,127.500000,1,9.947083e-05
256,128.000000,2,9.827167e-05
257,128.500000,1,9.586899e-05
258,129.000000,1,9.187460e-05
259,129.500000,1,9.436937e-05
260,130.000000,2,8.922800e-05
261,130.500000,1,9.234019e-05
262,131.000000,1,9.715119e-05
263,131.500000,1,9.932592e-05
264,132.000000,2,9.912100e-05
265,132.500000,1,9.443183e-05
266,133.000000,2,9.069168e-05
267,133.500000,1,8.479557e-05
268,134.000000,1,9.702647e-05
269,134.500000,1,9.161490e-05
270,135.000000,1,8.492543e-05
271,135.500000,1,8.238980e-05
272,136.000000,1,8.960853e-05
273,136.500000,1,9.981554e-05
274,137.000000,1,8.636993e-05
275,137.500000,1,9.124265e-05
276,138.000000,1,8.866931e-05
277,138.500000,1,8.165695e-05
278,139.000000,1,8.762290e-05
279,139.500000,1,9.835507e-05
280,140.000000,2,9.993011e-05
281,140.500000,1,9.187585e-05
282,141.000000,1,9.944067e-05
283,141.500000,1,8.409533e-05
284,142.000000,1,9.386464e-05
285,142.500000,2,9.602145e-05
286,143.000000,1,8.712938e-05
287,143.500000,1,9.636132e-05
288,144.000000,2,9.764723e-05
289,144.500000,1,9.170038e-05
290,145.000000,1,9.586925e-05
291,145.500000,1,9.325810e-05
292,146.000000,1,9.672745e-05
293,146.500000,1,9.918525e-05
294,147.000000,1,9.043418e-05
295,147.500000,1,8.223620e-05
296,148.000000,1,9.595907e-05
297,148.500000,2,9.499265e-05
298,149.000000,1,9.932842e-05
299,149.500000,1,9.014052e-05
300,150.000000,1,9.687325e-05
301,150.500000,1,9.836011e-05
302,151.000000,1,9.650353e-05
303,151.500000,1,8.171244e-05
304,152.000000,1,7.318077e-05
305,152.500000,1,9.460763e-05
306,153.000000,1,9.742548e-05
307,153.500000,1,9.996200e-05
308,154.000000,1,9.588284e-05
309,154.500000,2,9.132151e-05
310,155.000000,1,9.394515e-05
311,155.500000,1,9.539020e-05
312,156.000000,1,9.843194e-05
313,156.500000,1,9.626613e-05
314,157.000000,2,9.151228e-05
315,157.500000,1,9.365711e-05
316,158.000000,1,9.493163e-05
317,158.500000,1,9.173111e-05
318,159.000000,1,8.655150e-05
319,159.500000,1,9.638516e-05
320,160.000000,2,9.117168e-05
321,160.500000,1,7.996662e-05
322,161.000000,1,8.360698e-05
323,161.500000,1,9.424690e-05
324,162.000000,1,7.845393e-05
325,162.500000,1,9.551685e-05
326,163.000000,2,9.750434e-05
327,163.500000,1,9.057370e-05
328,164.000000,1,9.414088e-05
329,164.500000,1,9.729350e-05
330,165.000000,1,7.868127e-05
331,165.500000,1,9.226471e-05
332,166.000000,1,9.913996e-05
333,166.500000,1,9.926146e-05
334,167.000000,1,8.543359e-05
335,167.500000,1,9.978897e-05
336,168.000000,1,9.463644e-05
337,168.500000,1,8.401979e-05
338,169.000000,1,9.332977e-05
339,169.500000,1,8.660627e-05
340,170.000000,1,8.936818e-05
341,170.500000,1,8.102581e-05
342,171.000000,1,9.545185e-05
343,171.500000,2,9.620506e-05
344,172.000000,1,9.111035e-05
345,172.500000,1,9.556113e-05
346,173.000000,1,9.726722e-05
347,173.500000,1,9.168807e-05
348,174.000000,2,8.941083e-05
349,174.500000,1,8.703456e-05
350,175.000000,1,9.026155e-05
351,175.500000,2,9.758533e-05
352,176.000000,1,8.842889e-05
353,176.500000,1,8.666154e-05
354,177.000000,1,8.339243e-05
355,177.500000,1,9.505460e-05
356,178.000000,1,9.794617e-05
357,178.500000,1,9.764372e-05
358,179.000000,1,8.194077e-05
359,179.500000,1,9.380015e-05
360,180.000000,2,9.241397e-05
361,180.500000,1,8.720492e-05
362,181.000000,1,9.245052e-05
363,181.500000,1,9.167009e-05
364,182.000000,1,8.579840e-05
365,182.500000,1,9.323183e-05
366,183.000000,1,9.652299e-05
367,183.500000,1,8.444091e-05
368,184.000000,1,7.456793e-05
369,184.500000,1,8.809470e-05
370,185.000000,1,9.456713e-05
371,185.500000,1,9.651819e-05
372,186.000000,1,9.152764e-05
373,186.500000,1,8.150725e-05
374,187.000000,1,9.182944e-05
375,187.500000,1,9.954222e-05
376,188.000000,1,8.860411e-05
377,188.500000,2,9.459812e-05
378,189.000000,1,9.419404e-05
379,189.500000,2,9.670599e-05
380,190.000000,1,9.344124e-05
381,190.500000,1,9.961768e-05
382,191.000000,1,9.877165e-05
383,191.500000,1,9.923548e-05
384,192.000000,1,9.934742e-05
385,192.500000,1,9.926491e-05
386,193.000000,1,8.180706e-05
387,193.500000,1,9.659699e-05
388,194.000000,1,9.767366e-05
389,194.500000,2,9.923010e-05
390,195.000000,1,8.439844e-05
391,195.500000,2,9.544323e-05
392,196.000000,1,8.537149e-05
393,196.500000,1,9.225443e-05
394,197.000000,1,8.224048e-05
395,197.500000,1,9.495754e-05
396,198.000000,1,9.414705e-05
397,198.500000,1,8.523791e-05
398,199.000000,1,7.699249e-05
399,199.500000,1,8.691123e-05
400,200.000000,1,9.033831e-05
401,200.500000,1,8.514462e-05
402,201.000000,1,9.922164e-05
403,201.500000,1,9.940055e-05
404,202.000000,1,9.609361e-05
405,202.500000,1,8.001657e-05
406,203.000000,1,8.798182e-05
407,203.500000,1,9.657278e-05
408,204.000000,1,9.212248e-05
409,204.500000,1,9.206670e-05
410,205.000000,1,9.615673e-05
411,205.500000,1,9.202150e-05
412,206.000000,1,9.321483e-05
413,206.500000,1,8.064628e-05
414,207.000000,1,7.946181e-05
415,207.500000,1,6.879328e-05
416,208.000000,1,7.839194e-05
417,208.500000,1,8.750114e-05
418,209.000000,1,8.762370e-05
419,209.500000,1,9.739731e-05
420,210.000000,1,9.672537e-05
421,210.500000,1,9.639975e-05
422,211.000000,2,9.913760e-05
423,211.500000,1,8.665648e-05
424,212.000000,1,9.353146e-05
425,212.500000,1,9.644157e-05
426,213.000000,1,7.653122e-05
427,213.500000,1,9.029054e-05
428,214.000000,1,9.274470e-05
429,214.500000,2,9.446138e-05
430,215.000000,2,9.560297e-05
431,215.500000,1,9.968717e-05
432,216.000000,1,9.429278e-05
433,216.500000,2,9.583911e-05
434,217.000000,1,9.776989e-05
435,217.500000,2,9.703935e-05
436,218.000000,1,8.527648e-05
437,218.500000,1,9.477250e-05
438,219.000000,1,9.114962e-05
439,219.500000,1,8.938217e-05
440,220.000000,1,7.786878e-05
441,220.500000,1,8.757861e-05
442,221.000000,1,9.347028e-05
443,221.500000,1,8.594327e-05
444,222.000000,1,7.479665e-05
445,222.500000,1,8.417841e-05
446,223.000000,1,9.092230e-05
447,223.500000,1,9.927253e-05
448,224.000000,1,8.244729e-05
449,224.500000,1,8.299899e-05
450,225.000000,1,9.893985e-05
451,225.500000,1,8.549971e-05
452,226.000000,1,7.902220e-05
453,226.500000,1,9.426851e-05
454,227.000000,1,8.797043e-05
455,227.500000,2,9.936345e-05
456,228.000000,1,9.497904e-05
457,228.500000,2,9.485802e-05
458,229.000000,1,8.588360e-05
459,229.500000,1,9.564976e-05
460,230.000000,1,9.506393e-05
461,230.500000,1,7.637127e-05
462,231.000000,1,9.870021e-05
463,231.500000,1,8.865177e-05
464,232.000000,1,9.721125e-05
465,232.500000,1,7.986882e-05
466,233.000000,1,7.291176e-05
467,233.500000,1,8.473325e-05
468,234.000000,1,8.962476e-05
469,234.500000,1,8.744384e-05
470,235.000000,1,9.724733e-05
471,235.500000,1,9.000078e-05
472,236.000000,1,9.622345e-05
473,236.500000,1,8.655700e-05
474,237.000000,1,7.427813e-05
475,237.500000,1,8.591487e-05
476,238.000000,1,9.364998e-05
477,238.500000,1,9.457432e-05
478,239.000000,1,9.999181e-05
479,239.500000,2,9.261640e-05
480,240.000000,1,9.436109e-05
481,240.500000,1,9.735468e-05
482,241.000000,1,9.455810e-05
483,241.500000,1,9.619385e-05
484,242.000000,1,9.642577e-05
485,242.500000,1,7.675686e-05
486,243.000000,1,9.055947e-05
487,243.500000,1,9.443438e-05
488,244.000000,1,9.535873e-05
489,244.500000,1,9.688906e-05
490,245.000000,1,7.746990e-05
491,245.500000,1,8.716523e-05
492,246.000000,1,9.137187e-05
493,246.500000,1,8.733544e-05
494,247.000000,1,8.982028e-05
495,247.500000,1,9.609968e-05
496,248.000000,1,9.308303e-05
497,248.500000,1,9.322805e-05
498,249.000000,2,9.784322e-05
499,249.500000,1,9.284660e-05
500,250.000000,1,9.593786e-05
501,250.500000,2,9.349479e-05
502,251.000000,1,9.750767e-05
503,251.500000,1,9.905953e-05
504,252.000000,1,9.581150e-05
505,252.500000,1,9.736889e-05
506,253.000000,1,9.831374e-05
507,253.500000,2,9.516993e-05
508,254.000000,1,9.408235e-05
509,254.500000,1,9.999448e-05
510,255.000000,1,9.722439e-05
511,255.500000,1,8.952951e-05
512,256.000000,1,9.791589e-05
513,256.500000,1,9.010329e-05
514,257.000000,1,9.934026e-05
515,257.500000,2,9.543052e-05
516,258.000000,1,9.153618e-05
517,258.500000,1,9.663666e-05
518,259.000000,2,9.753416e-05
519,259.500000,1,9.210535e-05
520,260.000000,1,9.336566e-05
521,260.500000,1,9.669286e-05
522,261.000000,1,9.801739e-05
523,261.500000,1,8.612556e-05
524,262.000000,1,8.980707e-05
525,262.500000,1,9.966381e-05
526,263.000000,1,9.921345e-05
527,263.500000,1,8.041955e-05
528,264.000000,1,9.937559e-05
529,264.500000,1,7.969293e-05
530,265.000000,1,8.845862e-05
531,265.500000,1,9.086798e-05
532,266.000000,1,8.981568e-05
533,266.500000,1,9.818618e-05
534,267.000000,1,9.123355e-05
535,267.500000,1,7.963537e-05
536,268.000000,1,8.292926e-05
537,268.500000,1,9.986899e-05
538,269.000000,1,7.762887e-05
539,269.500000,1,9.230790e-05
540,270.000000,1,9.869402e-05
541,270.500000,1,9.603723e-05
542,271.000000,1,9.576906e-05
543,271.500000,1,9.822914e-05
544,272.000000,1,8.789702e-05
545,272.500000,1,9.613616e-05
546,273.000000,2,8.241058e-05
547,273.500000,1,8.611017e-05
548,274.000000,1,9.504443e-05
549,274.500000,1,9.032892e-05
550,275.000000,1,8.615151e-05
551,275.500000,1,9.090068e-05
552,276.000000,1,9.861627e-05
553,276.500000,1,9.757590e-05
554,277.000000,1,8.489506e-05
555,277.500000,1,9.137036e-05
556,278.000000,1,9.286216e-05
557,278.500000,1,9.181637e-05
558,279.000000,1,8.298180e-05
559,279.500000,1,8.864275e-05
560,280.000000,1,9.501123e-05
561,280.500000,1,9.405389e-05
562,281.000000,1,9.228853e-05
563,281.500000,1,8.957714e-05
564,282.000000,1,9.835082e-05
565,282.500000,1,9.725302e-05
566,283.000000,1,9.837229e-05
567,283.500000,1,8.632600e-05
568,284.000000,1,9.854086e-05
569,284.500000,1,9.581446e-05
570,285.000000,1,8.565869e-05
571,285.500000,1,9.212414e-05
572,286.000000,1,9.756392e-05
573,286.500000,1,9.787024e-05
574,287.000000,1,8.858156e-05
575,287.500000,1,9.368157e-05
576,288.000000,1,9.750975e-05
577,288.500000,1,9.543233e-05
578,289.000000,1,8.477661e-05
579,289.500000,1,9.045368e-05
580,290.000000,1,9.655673e-05
581,290.500000,1,9.395291e-05
582,291.000000,1,8.916069e-05
583,291.500000,1,9.568478e-05
584,292.000000,1,9.854163e-05
585,292.500000,2,9.719376e-05
586,293.000000,1,9.792580e-05
587,293.500000,1,9.529097e-05
588,294.000000,1,9.287071e-05
589,294.500000,1,9.244215e-05
590,295.000000,1,8.697625e-05
591,295.500000,0,9.827352e-05
592,296.000000,1,9.098244e-05
593,296.500000,1,9.128578e-05
594,297.000000,1,9.172562e-05
595,297.500000,1,9.704156e-05
596,298.000000,1,9.233877e-05
597,298.500000,1,8.168788e-05
598,299.000000,1,8.454917e-05
599,299.500000,0,9.654755e-05
600,300.000000,1,9.062317e-05
601,300.500000,1,8.991289e-05
602,301.000000,1,9.162067e-05
603,301.500000,1,9.961067e-05
604,302.000000,2,9.531851e-05
605,302.500000,1,9.083653e-05
606,303.000000,1,9.516652e-05
607,303.500000,1,8.797590e-05
608,304.000000,1,9.391182e-05
609,304.500000,1,9.892689e-05
610,305.000000,1,9.794703e-05
611,305.500000,1,8.743973e-05
612,306.000000,1,9.809174e-05
613,306.500000,1,9.932681e-05
614,307.000000,1,7.171006e-05
615,307.500000,0,9.688420e-05
616,308.000000,1,9.634540e-05
617,308.500000,1,7.712006e-05
618,309.000000,1,7.822087e-05
619,309.500000,1,9.583327e-05
620,310.000000,1,8.305589e-05
621,310.500000,1,9.171894e-05
622,311.000000,1,9.138570e-05
623,311.500000,1,9.915241e-05
624,312.000000,1,8.933833e-05
625,312.500000,1,9.628795e-05
626,313.000000,2,9.998191e-05
627,313.500000,1,9.683817e-05
628,314.000000,1,9.650878e-05
629,314.500000,1,9.621941e-05
630,315.000000,2,9.284683e-05
631,315.500000,1,8.455261e-05
632,316.000000,1,9.748710e-05
633,316.500000,2,9.973416e-05
634,317.000000,1,7.881767e-05
635,317.500000,0,9.778514e-05
636,318.000000,1,9.594335e-05
637,318.500000,1,9.532707e-05
638,319.000000,1,9.578673e-05
639,319.500000,1,9.222437e-05
640,320.000000,1,9.449055e-05
641,320.500000,1,9.696894e-05
642,321.000000,1,9.388232e-05
643,321.500000,1,8.221279e-05
644,322.000000,1,9.841118e-05
645,322.500000,1,9.055896e-05
646,323.000000,1,9.033825e-05
647,323.500000,1,8.358913e-05
648,324.000000,1,9.428683e-05
649,324.500000,1,9.942172e-05
650,325.000000,1,8.066615e-05
651,325.500000,1,8.617501e-05
652,326.000000,1,8.622358e-05
653,326.500000,1,8.911979e-05
654,327.000000,1,9.955261e-05
655,327.500000,1,8.260949e-05
656,328.000000,0,9.508150e-05
657,328.500000,1,9.588982e-05
658,329.000000,2,9.453371e-05
659,329.500000,1,7.981667e-05
660,330.000000,0,9.643861e-05
661,330.500000,1,8.915697e-05
662,331.000000,0,9.714087e-05
663,331.500000,1,9.504894e-05
664,332.000000,1,9.248489e-05
665,332.500000,1,8.432796e-05
666,333.000000,1,9.714370e-05
667,333.500000,1,9.883291e-05
668,334.000000,1,7.917866e-05
669,334.500000,0,9.855907e-05
670,335.000000,1,9.855535e-05
671,335.500000,1,8.044360e-05
672,336.000000,1,9.715509e-05
673,336.500000,1,9.299812e-05
674,337.000000,1,9.922376e-05
675,337.500000,1,8.719827e-05
676,338.000000,1,9.997306e-05
677,338.500000,1,9.975929e-05
678,339.000000,1,9.744522e-05
679,339.500000,1,8.653855e-05
680,340.000000,1,9.834112e-05
681,340.500000,1,9.016729e-05
682,341.000000,1,9.893344e-05
683,341.500000,1,9.248484e-05
684,342.000000,1,9.987926e-05
685,342.500000,1,9.752485e-05
686,343.000000,1,8.521217e-05
687,343.500000,1,9.652626e-05
688,344.000000,1,9.915123e-05
689,344.500000,1,7.816838e-05
690,345.000000,1,8.861889e-05
691,345.500000,1,9.617627e-05
692,346.000000,1,9.723820e-05
693,346.500000,1,9.683382e-05
694,347.000000,2,9.872910e-05
695,347.500000,1,7.670307e-05
696,348.000000,0,9.478603e-05
697,348.500000,1,9.126078e-05
698,349.000000,1,9.190684e-05
699,349.500000,1,9.200598e-05
700,350.000000,1,9.609893e-05
701,350.500000,1,9.186385e-05
702,351.000000,2,9.972053e-05
703,351.500000,1,9.390011e-05
704,352.000000,1,9.651227e-05
705,352.500000,1,8.693318e-05
706,353.000000,1,9.935212e-05
707,353.500000,1,8.088097e-05
708,354.000000,1,9.448943e-05
709,354.500000,1,8.934059e-05
710,355.000000,1,7.976229e-05
711,355.500000,0,9.729730e-05
712,356.000000,1,9.473709e-05
713,356.500000,1,9.388797e-05
714,357.000000,1,8.765448e-05
715,357.500000,1,9.033235e-05
716,358.000000,1,8.919154e-05
717,358.500000,1,8.391179e-05
718,359.000000,1,9.750336e-05
719,359.500000,1,8.357233e-05
720,360.000000,1,8.263164e-05
721,360.500000,0,9.567087e-05
722,361.000000,1,9.684477e-05
723,361.500000,1,9.611586e-05
724,362.000000,1,9.420269e-05
725,362.500000,1,7.465388e-05
726,363.000000,0,9.540735e-05
727,363.500000,1,9.653966e-05
728,364.000000,1,9.883712e-05
729,364.500000,1,9.589179e-05
730,365.000000,1,8.551877e-05
731,365.500000,1,9.389197e-05
732,366.000000,1,7.265754e-05
733,366.500000,0,9.174349e-05
734,367.000000,1,8.695264e-05
735,367.500000,1,7.771475e-05
736,368.000000,0,9.237469e-05
737,368.500000,1,7.951594e-05
738,369.000000,1,9.388343e-05
739,369.500000,1,9.519466e-05
740,370.000000,2,9.900682e-05
741,370.500000,1,9.643916e-05
742,371.000000,1,9.230974e-05
743,371.500000,1,8.365361e-05
744,372.000000,0,9.995457e-05
745,372.500000,1,9.520926e-05
746,373.000000,1,9.586690e-05
747,373.500000,2,9.920709e-05
748,374.000000,1,8.740127e-05
749,374.500000,1,8.959913e-05
750,375.000000,2,8.919960e-05
751,375.500000,1,8.128453e-05
752,376.000000,0,9.938629e-05
753,376.500000,1,9.737466e-05
754,377.000000,1,9.743600e-05
755,377.500000,1,9.275057e-05
756,378.000000,1,9.871918e-05
757,378.500000,2,9.304288e-05
758,379.000000,1,7.676714e-05
759,379.500000,0,9.845639e-05
760,380.000000,1,9.360094e-05
761,380.500000,1,9.671920e-05
762,381.000000,1,9.784250e-05
763,381.500000,1,7.551470e-05
764,382.000000,1,8.044990e-05
765,382.500000,0,9.707924e-05
766,383.000000,1,8.692605e-05
767,383.500000,1,8.762089e-05
768,384.000000,1,7.592351e-05
769,384.500000,0,9.480393e-05
770,385.000000,1,9.300547e-05
771,385.500000,1,7.982719e-05
772,386.000000,0,9.791998e-05
773,386.500000,1,8.965242e-05
774,387.000000,1,8.061539e-05
775,387.500000,0,9.126304e-05
776,388.000000,1,8.209327e-05
777,388.500000,1,9.947164e-05
778,389.000000,2,9.173047e-05
779,389.500000,1,8.032479e-05
780,390.000000,0,9.343196e-05
781,390.500000,1,9.923460e-05
782,391.000000,1,9.390001e-05
783,391.500000,1,9.495593e-05
784,392.000000,1,9.054962e-05
785,392.500000,1,7.879270e-05
786,393.000000,1,8.794636e-05
787,393.500000,1,9.182051e-05
788,394.000000,1,9.649976e-05
789,394.500000,1,9.636966e-05
790,395.000000,2,9.498222e-05
791,395.500000,1,8.283648e-05
792,396.000000,1,8.124829e-05
793,396.500000,0,9.852400e-05
794,397.000000,1,9.902733e-05
795,397.500000,1,9.219938e-05
796,398.000000,1,9.494948e-05
797,398.500000,1,8.645887e-05
798,399.000000,1,9.263916e-05
799,399.500000,1,9.642306e-05
800,400.000000,1,8.622452e-05
801,400.500000,1,9.098752e-05
802,401.000000,1,9.854247e-05
803,401.500000,1,9.638195e-05
804,402.000000,2,9.510707e-05
805,402.500000,1,8.554638e-05
806,403.000000,1,9.559535e-05
807,403.500000,1,8.967101e-05
808,404.000000,1,9.808014e-05
809,404.500000,1,8.808635e-05
810,405.000000,1,9.646737e-05
811,405.500000,1,7.624836e-05
812,406.000000,1,9.571147e-05
813,406.500000,1,9.560077e-05
814,407.000000,1,8.850281e-05
815,407.500000,1,7.207536e-05
816,408.000000,0,8.803228e-05
817,408.500000,1,9.234941e-05
818,409.000000,1,7.993447e-05
819,409.500000,0,9.132745e-05
820,410.000000,1,9.844017e-05
821,410.500000,1,9.578687e-05
822,411.000000,1,8.391875e-05
823,411.500000,0,9.527372e-05
824,412.000000,1,7.496301e-05
825,412.500000,1,9.358136e-05
826,413.000000,1,9.229524e-05
827,413.500000,1,9.352328e-05
828,414.000000,1,7.653082e-05
829,414.500000,0,9.337325e-05
830,415.000000,1,9.638215e-05
831,415.500000,1,9.512378e-05
832,416.000000,2,9.900589e-05
833,416.500000,1,8.240469e-05
834,417.000000,1,8.877376e-05
835,417.500000,1,9.997154e-05
836,418.000000,1,9.736926e-05
837,418.500000,1,8.692653e-05
838,419.000000,1,7.011588e-05
839,419.500000,0,8.933893e-05
840,420.000000,1,7.598985e-05
841,420.500000,0,9.575162e-05
842,421.000000,1,8.890346e-05
843,421.500000,1,9.312800e-05
844,422.000000,1,7.825145e-05
845,422.500000,0,9.185101e-05
846,423.000000,1,9.143290e-05
847,423.500000,1,8.366115e-05
848,424.000000,1,7.722593e-05
849,424.500000,0,9.700070e-05
850,425.000000,1,9.688236e-05
851,425.500000,1,7.412770e-05
852,426.000000,0,9.115915e-05
853,426.500000,1,9.332685e-05
854,427.000000,1,8.086751e-05
855,427.500000,0,9.953184e-05
856,428.000000,1,8.809804e-05
857,428.500000,1,8.798641e-05
858,429.000000,1,9.790300e-05
859,429.500000,1,9.763953e-05
860,430.000000,1,9.555318e-05
861,430.500000,1,9.650925e-05
862,431.000000,1,7.682932e-05
863,431.500000,0,9.933876e-05
864,432.000000,1,9.642553e-05
865,432.500000,1,9.822630e-05
866,433.000000,1,9.485634e-05
867,433.500000,1,9.814194e-05
868,434.000000,2,9.596926e-05
869,434.500000,1,8.477958e-05
870,435.000000,1,9.163126e-05
871,435.500000,1,8.702604e-05
872,436.000000,1,9.615441e-05
873,436.500000,1,9.833373e-05
874,437.000000,1,8.450042e-05
875,437.500000,1,8.452040e-05
876,438.000000,0,9.732142e-05
877,438.500000,2,9.430378e-05
878,439.000000,1,9.823715e-05
879,439.500000,1,9.439363e-05
880,440.000000,1,7.482349e-05
881,440.500000,0,8.878041e-05
882,441.000000,1,9.546557e-05
883,441.500000,1,9.838587e-05
884,442.000000,1,8.322385e-05
885,442.500000,0,9.894543e-05
886,443.000000,1,8.884351e-05
887,443.500000,1,8.222806e-05
888,444.000000,0,9.264573e-05
889,444.500000,1,9.803416e-05
890,445.000000,1,9.393027e-05
891,445.500000,1,8.992749e-05
892,446.000000,1,9.780309e-05
893,446.500000,1,8.741482e-05
894,447.000000,1,9.417409e-05
895,447.500000,2,8.200725e-05
896,448.000000,1,7.716131e-05
897,448.500000,0,9.479465e-05
898,449.000000,1,9.752884e-05
899,449.500000,1,9.325973e-05
900,450.000000,1,8.853694e-05
901,450.500000,0,9.560431e-05
902,451.000000,1,8.889608e-05
903,451.500000,1,8.332108e-05
904,452.000000,0,9.788005e-05
905,452.500000,1,9.757003e-05
906,453.000000,1,8.395534e-05
907,453.500000,1,9.417316e-05
908,454.000000,1,8.387503e-05
909,454.500000,1,9.902780e-05
910,455.000000,2,8.364868e-05
911,455.500000,1,8.247794e-05
912,456.000000,1,7.429398e-05
913,456.500000,0,8.788852e-05
914,457.000000,1,7.993676e-05
915,457.500000,0,9.190971e-05
916,458.000000,1,8.569068e-05
917,458.500000,1,8.878242e-05
918,459.000000,1,7.953292e-05
919,459.500000,0,9.259152e-05
920,460.000000,1,9.684021e-05
921,460.500000,2,7.990360e-05
922,461.000000,1,7.646411e-05
923,461.500000,0,9.289849e-05
924,462.000000,1,9.145479e-05
925,462.500000,1,8.846692e-05
926,463.000000,0,9.959487e-05
927,463.500000,1,9.990715e-05
928,464.000000,2,9.848377e-05
929,464.500000,1,8.925972e-05
930,465.000000,1,9.553305e-05
931,465.500000,1,8.823137e-05
932,466.000000,1,7.949942e-05
933,466.500000,0,9.748001e-05
934,467.000000,1,9.702809e-05
935,467.500000,1,7.312642e-05
936,468.000000,0,9.060305e-05
937,468.500000,1,9.756998e-05
938,469.000000,1,8.385881e-05
939,469.500000,1,9.508346e-05
940,470.000000,1,9.731327e-05
941,470.500000,1,7.559083e-05
942,471.000000,0,9.777556e-05
943,471.500000,1,9.752207e-05
944,472.000000,1,9.796991e-05
945,472.500000,1,9.329266e-05
946,473.000000,1,8.061316e-05
947,473.500000,1,9.943277e-05
948,474.000000,2,9.807718e-05
949,474.500000,1,7.880221e-05
950,475.000000,0,9.613955e-05
951,475.500000,1,9.593175e-05
952,476.000000,1,9.120044e-05
953,476.500000,1,9.682568e-05
954,477.000000,1,9.662644e-05
955,477.500000,1,7.490165e-05
956,478.000000,1,7.940278e-05
957,478.500000,0,8.843544e-05
958,479.000000,1,8.928235e-05
959,479.500000,1,8.241766e-05
960,480.000000,0,9.741858e-05
961,480.500000,1,9.564252e-05
962,481.000000,2,9.935614e-05
963,481.500000,1,9.235047e-05
964,482.000000,1,8.467141e-05
965,482.500000,1,9.404161e-05
966,483.000000,2,8.954041e-05
967,483.500000,1,8.140857e-05
968,484.000000,0,9.849940e-05
969,484.500000,2,9.647872e-05
970,485.000000,1,9.334291e-05
971,485.500000,1,9.258621e-05
972,486.000000,1,9.410594e-05
973,486.500000,1,9.412646e-05
974,487.000000,0,9.887164e-05
975,487.500000,1,9.887889e-05
976,488.000000,1,9.417482e-05
977,488.500000,1,8.820282e-05
978,489.000000,0,9.364050e-05
979,489.500000,1,9.590313e-05
980,490.000000,1,9.025363e-05
981,490.500000,1,9.880510e-05
982,491.000000,1,8.458289e-05
983,491.500000,0,9.983987e-05
984,492.000000,1,9.391819e-05
985,492.500000,1,8.837692e-05
986,493.000000,0,9.824667e-05
987,493.500000,1,9.183047e-05
988,494.000000,1,9.472711e-05
989,494.500000,1,9.835613e-05
990,495.000000,1,7.883931e-05
991,495.500000,1,8.913042e-05
992,496.000000,1,9.791659e-05
993,496.500000,1,9.861589e-05
994,497.000000,1,7.762785e-05
995,497.500000,0,9.922078e-05
996,498.000000,1,9.657233e-05
997,498.500000,1,8.226577e-05
998,499.000000,1,9.266456e-05
999,499.500000,1,9.948932e-05
1000,500.000000,1,9.265123e-05
1001,500.500000,1,9.777018e-05
1002,501.000000,1,8.239603e-05
1003,501.500000,1,9.798728e-05
1004,502.000000,1,9.128722e-05
1005,502.500000,1,9.503625e-05
1006,503.000000,1,7.997894e-05
1007,503.500000,0,9.707351e-05
1008,504.000000,1,9.733112e-05
1009,504.500000,1,8.564842e-05
1010,505.000000,1,8.554423e-05
1011,505.500000,0,9.751843e-05
1012,506.000000,1,9.060374e-05
1013,506.500000,1,9.568575e-05
1014,507.000000,1,9.943573e-05
1015,507.500000,2,8.911030e-05
1016,508.000000,1,8.915943e-05
1017,508.500000,1,8.452503e-05
1018,509.000000,0,9.942389e-05
1019,509.500000,1,8.226111e-05
1020,510.000000,1,8.295362e-05
1021,510.500000,1,9.627449e-05
1022,511.000000,1,9.615195e-05
1023,511.500000,1,8.825018e-05
1024,512.000000,1,8.338094e-05
1025,512.500000,1,7.516511e-05
1026,513.000000,0,9.532963e-05
1027,513.500000,1,9.990074e-05
1028,514.000000,1,9.307692e-05
1029,514.500000,1,9.768412e-05
1030,515.000000,1,8.593053e-05
1031,515.500000,1,9.472228e-05
1032,516.000000,1,9.259686e-05
1033,516.500000,1,8.614763e-05
1034,517.000000,1,8.202490e-05
1035,517.500000,0,9.797021e-05
1036,518.000000,1,8.760070e-05
1037,518.500000,1,8.333739e-05
1038,519.000000,0,9.782702e-05
1039,519.500000,1,8.550003e-05
1040,520.000000,1,9.923924e-05
1041,520.500000,1,9.138686e-05
1042,521.000000,0,9.736968e-05
1043,521.500000,1,9.842986e-05
1044,522.000000,1,8.950469e-05
1045,522.500000,0,9.063140e-05
1046,523.000000,0,9.808086e-05
1047,523.500000,1,9.432962e-05
1048,524.000000,1,8.658615e-05
1049,524.500000,1,9.475888e-05
1050,525.000000,2,9.103259e-05
1051,525.500000,1,8.011803e-05
1052,526.000000,0,9.380850e-05
1053,526.500000,1,8.797023e-05
1054,527.000000,1,7.768789e-05
1055,527.500000,0,9.413732e-05
1056,528.000000,1,9.815144e-05
1057,528.500000,1,9.471684e-05
1058,529.000000,1,8.464465e-05
1059,529.500000,1,7.644251e-05
1060,530.000000,0,9.218205e-05
1061,530.500000,1,9.648972e-05
1062,531.000000,1,7.755975e-05
1063,531.500000,0,8.460724e-05
1064,532.000000,1,8.604128e-05
1065,532.500000,1,9.696737e-05
1066,533.000000,2,9.601282e-05
1067,533.500000,1,8.804637e-05
1068,534.000000,1,8.749421e-05
1069,534.500000,1,8.782494e-05
1070,535.000000,1,9.589218e-05
1071,535.500000,2,9.300210e-05
1072,536.000000,1,8.907815e-05
1073,536.500000,1,8.920082e-05
1074,537.000000,0,9.595175e-05
1075,537.500000,1,8.831868e-05
1076,538.000000,1,9.401804e-05
1077,538.500000,1,9.594510e-05
1078,539.000000,2,9.725897e-05
1079,539.500000,1,8.689990e-05
1080,540.000000,1,8.191037e-05
1081,540.500000,0,9.664147e-05
1082,541.000000,1,9.955839e-05
1083,541.500000,2,8.973757e-05
1084,542.000000,1,8.497078e-05
1085,542.500000,1,9.437672e-05
1086,543.000000,1,7.882353e-05
1087,543.500000,1,9.768734e-05
1088,544.000000,1,9.766111e-05
1089,544.500000,1,8.393445e-05
1090,545.000000,2,9.793206e-05
1091,545.500000,1,9.996271e-05
1092,546.000000,1,9.654729e-05
1093,546.500000,1,8.179767e-05
1094,547.000000,0,9.565451e-05
1095,547.500000,1,9.900459e-05
1096,548.000000,1,8.987637e-05
1097,548.500000,1,9.823325e-05
1098,549.000000,1,7.424037e-05
1099,549.500000,0,9.682789e-05
1100,550.000000,1,8.966718e-05
1101,550.500000,1,9.498651e-05
1102,551.000000,1,7.740899e-05
1103,551.500000,0,8.608850e-05
1104,552.000000,1,9.610133e-05
1105,552.500000,1,8.782843e-05
1106,553.000000,1,8.384900e-05
1107,553.500000,0,9.858701e-05
1108,554.000000,1,9.933479e-05
1109,554.500000,1,8.566386e-05
1110,555.000000,1,9.670016e-05
1111,555.500000,1,9.954626e-05
1112,556.000000,1,9.082639e-05
1113,556.500000,1,7.887043e-05
1114,557.000000,0,9.599036e-05
1115,557.500000,1,9.749449e-05
1116,558.000000,1,8.923782e-05
1117,558.500000,1,7.812301e-05
1118,559.000000,0,8.964858e-05
1119,559.500000,1,9.702547e-05
1120,560.000000,1,8.307113e-05
1121,560.500000,1,9.607513e-05
1122,561.000000,2,9.049035e-05
1123,561.500000,1,8.979034e-05
1124,562.000000,1,9.222976e-05
1125,562.500000,1,8.305191e-05
1126,563.000000,1,9.745170e-05
1127,563.500000,1,9.712976e-05
1128,564.000000,1,8.591846e-05
1129,564.500000,1,7.600091e-05
1130,565.000000,1,9.648267e-05
1131,565.500000,1,8.254324e-05
1132,566.000000,1,9.614158e-05
1133,566.500000,1,8.452358e-05
1134,567.000000,1,7.331917e-05
1135,567.500000,0,9.042388e-05
1136,568.000000,1,8.917705e-05
1137,568.500000,1,7.641848e-05
1138,569.000000,0,9.946520e-05
1139,569.500000,1,9.607223e-05
1140,570.000000,2,9.584071e-05
1141,570.500000,1,8.922486e-05
1142,571.000000,1,7.932233e-05
1143,571.500000,0,9.574991e-05
1144,572.000000,1,8.369188e-05
1145,572.500000,1,8.195529e-05
1146,573.000000,0,9.657340e-05
1147,573.500000,1,8.278655e-05
1148,574.000000,0,9.657789e-05
1149,574.500000,2,9.506505e-05
1150,575.000000,1,9.614907e-05
1151,575.500000,1,9.606618e-05
1152,576.000000,2,9.701450e-05
1153,576.500000,1,9.482200e-05
1154,577.000000,1,9.370944e-05
1155,577.500000,1,9.764304e-05
1156,578.000000,2,9.941449e-05
1157,578.500000,1,8.953701e-05
1158,579.000000,1,8.390053e-05
1159,579.500000,2,9.677622e-05
1160,580.000000,1,9.223303e-05
1161,580.500000,2,9.169607e-05
1162,581.000000,2,9.793612e-05
1163,581.500000,2,9.425690e-05
1164,582.000000,1,8.832667e-05
1165,582.500000,1,7.483209e-05
1166,583.000000,0,8.827457e-05
1167,583.500000,1,9.227326e-05
1168,584.000000,1,9.672756e-05
1169,584.500000,1,7.675270e-05
1170,585.000000,1,8.259041e-05
1171,585.500000,0,9.460622e-05
1172,586.000000,1,9.061814e-05
1173,586.500000,2,9.649225e-05
1174,587.000000,1,9.561730e-05
1175,587.500000,1,7.030564e-05
1176,588.000000,0,8.567287e-05
1177,588.500000,0,9.991188e-05
1178,589.000000,1,8.184480e-05
1179,589.500000,1,8.051607e-05
1180,590.000000,0,9.304796e-05
1181,590.500000,1,9.917251e-05
1182,591.000000,1,8.267089e-05
1183,591.500000,1,9.193734e-05
1184,592.000000,1,8.922471e-05
1185,592.500000,1,9.635699e-05
1186,593.000000,1,9.989051e-05
1187,593.500000,1,9.978202e-05
1188,594.000000,1,9.562996e-05
1189,594.500000,1,8.256566e-05
1190,595.000000,0,9.916055e-05
1191,595.500000,1,7.960801e-05
1192,596.000000,1,9.247931e-05
1193,596.500000,1,9.107726e-05
1194,597.000000,2,9.785873e-05
1195,597.500000,1,7.667907e-05
1196,598.000000,1,9.814163e-05
1197,598.500000,1,8.388608e-05
1198,599.000000,1,7.636560e-05
1199,599.500000,0,9.106219e-05
1200,600.000000,1,8.027857e-05
1201,600.500000,1,8.028720e-05
1202,601.000000,0,9.666933e-05
1203,601.500000,1,9.914352e-05
1204,602.000000,1,9.820243e-05
1205,602.500000,1,9.883369e-05
1206,603.000000,1,8.186621e-05
1207,603.500000,1,8.878594e-05
1208,604.000000,0,9.856539e-05
1209,604.500000,1,9.536855e-05
1210,605.000000,1,8.845234e-05
1211,605.500000,1,8.222831e-05
1212,606.000000,0,8.530362e-05
1213,606.500000,0,9.612376e-05
1214,607.000000,1,8.515225e-05
1215,607.500000,1,8.319167e-05
1216,608.000000,0,9.908250e-05
1217,608.500000,1,8.713968e-05
1218,609.000000,1,9.736635e-05
1219,609.500000,1,9.858524e-05
1220,610.000000,2,9.832338e-05
1221,610.500000,1,9.675472e-05
1222,611.000000,1,9.648391e-05
1223,611.500000,1,8.189446e-05
1224,612.000000,0,9.653856e-05
1225,612.500000,1,8.087779e-05
1226,613.000000,0,9.410211e-05
1227,613.500000,1,9.818070e-05
1228,614.000000,2,9.672337e-05
1229,614.500000,1,8.720845e-05
1230,615.000000,1,9.332675e-05
1231,615.500000,1,8.855456e-05
1232,616.000000,1,9.946888e-05
1233,616.500000,1,7.537083e-05
1234,617.000000,0,9.890427e-05
1235,617.500000,1,9.713351e-05
1236,618.000000,1,9.677305e-05
1237,618.500000,1,9.009299e-05
1238,619.000000,1,8.970960e-05
1239,619.500000,1,8.267273e-05
1240,620.000000,0,9.548930e-05
1241,620.500000,1,9.671811e-05
1242,621.000000,1,9.732350e-05
1243,621.500000,1,8.351650e-05
1244,622.000000,0,9.717635e-05
1245,622.500000,2,9.947357e-05
1246,623.000000,1,8.157885e-05
1247,623.500000,0,9.766842e-05
1248,624.000000,1,8.374738e-05
1249,624.500000,0,8.696303e-05
1250,625.000000,1,9.297676e-05
1251,625.500000,1,9.084779e-05
1252,626.000000,2,9.142233e-05
1253,626.500000,1,8.863247e-05
1254,627.000000,1,8.711332e-05
1255,627.500000,1,7.406678e-05
1256,628.000000,0,8.426527e-05
1257,628.500000,0,9.532603e-05
1258,629.000000,2,9.580964e-05
1259,629.500000,1,8.507728e-05
1260,630.000000,1,9.909796e-05
1261,630.500000,1,8.597116e-05
1262,631.000000,1,9.692854e-05
1263,631.500000,1,9.917993e-05
1264,632.000000,1,7.674134e-05
1265,632.500000,0,9.651005e-05
1266,633.000000,1,9.223757e-05
1267,633.500000,1,8.625942e-05
1268,634.000000,1,9.143971e-05
1269,634.500000,1,8.720696e-05
1270,635.000000,1,9.753299e-05
1271,635.500000,2,8.863950e-05
1272,636.000000,1,8.031207e-05
1273,636.500000,0,9.825542e-05
1274,637.000000,1,8.186298e-05
1275,637.500000,1,8.629679e-05
1276,638.000000,1,7.723531e-05
1277,638.500000,0,9.461747e-05
1278,639.000000,1,9.422621e-05
1279,639.500000,1,8.113291e-05
1280,640.000000,0,9.589644e-05
1281,640.500000,1,9.137417e-05
1282,641.000000,1,8.724229e-05
1283,641.500000,1,9.732965e-05
1284,642.000000,2,9.980874e-05
1285,642.500000,1,9.649810e-05
1286,643.000000,1,8.303451e-05
1287,643.500000,0,9.861086e-05
1288,644.000000,2,9.387014e-05
1289,644.500000,1,8.555825e-05
1290,645.000000,1,8.696417e-05
1291,645.500000,0,9.437817e-05
1292,646.000000,1,8.986580e-05
1293,646.500000,1,9.637744e-05
1294,647.000000,1,9.916073e-05
1295,647.500000,1,9.862462e-05
1296,648.000000,1,8.150341e-05
1297,648.500000,1,7.463568e-05
1298,649.000000,0,9.147562e-05
1299,649.500000,1,9.892893e-05
1300,650.000000,2,9.743019e-05
1301,650.500000,1,8.323474e-05
1302,651.000000,1,9.915717e-05
1303,651.500000,1,9.139808e-05
1304,652.000000,1,7.713121e-05
1305,652.500000,0,9.319225e-05
1306,653.000000,1,9.659206e-05
1307,653.500000,1,8.735722e-05
1308,654.000000,1,8.197348e-05
1309,654.500000,1,9.534812e-05
1310,655.000000,1,8.916565e-05
1311,655.500000,1,8.098261e-05
1312,656.000000,0,9.413389e-05
1313,656.500000,1,9.280936e-05
1314,657.000000,0,9.788586e-05
1315,657.500000,1,9.670627e-05
1316,658.000000,1,9.172689e-05
1317,658.500000,2,9.115871e-05
1318,659.000000,1,9.092689e-05
1319,659.500000,1,9.098064e-05
1320,660.000000,1,9.724191e-05
1321,660.500000,1,9.933935e-05
1322,661.000000,1,8.429849e-05
1323,661.500000,1,6.952401e-05
1324,662.000000,0,8.611334e-05
1325,662.500000,1,8.460700e-05
1326,663.000000,1,7.357811e-05
1327,663.500000,0,9.574491e-05
1328,664.000000,1,8.284961e-05
1329,664.500000,1,9.585842e-05
1330,665.000000,1,9.820148e-05
1331,665.500000,1,9.893894e-05
1332,666.000000,1,9.739042e-05
1333,666.500000,1,9.320416e-05
1334,667.000000,1,7.063518e-05
1335,667.500000,0,9.369598e-05
1336,668.000000,1,7.874438e-05
1337,668.500000,1,7.815062e-05
1338,669.000000,0,9.802644e-05
1339,669.500000,2,9.989026e-05
1340,670.000000,1,8.654339e-05
1341,670.500000,1,9.125118e-05
1342,671.000000,1,9.946578e-05
1343,671.500000,1,9.237740e-05
1344,672.000000,1,9.591896e-05
1345,672.500000,1,9.914594e-05
1346,673.000000,1,8.872297e-05
1347,673.500000,1,7.853131e-05
1348,674.000000,0,9.770941e-05
1349,674.500000,1,9.628837e-05
1350,675.000000,1,7.684769e-05
1351,675.500000,0,9.816701e-05
1352,676.000000,1,8.937333e-05
1353,676.500000,1,8.692906e-05
1354,677.000000,1,8.271972e-05
1355,677.500000,0,9.815414e-05
1356,678.000000,2,8.780202e-05
1357,678.500000,2,9.626789e-05
1358,679.000000,1,8.347102e-05
1359,679.500000,0,9.669325e-05
1360,680.000000,1,8.623124e-05
1361,680.500000,1,9.913330e-05
1362,681.000000,1,7.369824e-05
1363,681.500000,0,9.611787e-05
1364,682.000000,1,9.916334e-05
1365,682.500000,1,9.653867e-05
1366,683.000000,1,8.462265e-05
1367,683.500000,1,9.899618e-05
1368,684.000000,1,8.433384e-05
1369,684.500000,1,8.253962e-05
1370,685.000000,1,6.897412e-05
1371,685.500000,0,8.604539e-05
1372,686.000000,1,9.702025e-05
1373,686.500000,1,8.532036e-05
1374,687.000000,0,9.529371e-05
1375,687.500000,1,9.046785e-05
1376,688.000000,1,7.594063e-05
1377,688.500000,0,9.008788e-05
1378,689.000000,1,8.106337e-05
1379,689.500000,1,8.478799e-05
1380,690.000000,1,7.440148e-05
1381,690.500000,0,9.357832e-05
1382,691.000000,1,9.437889e-05
1383,691.500000,1,9.069816e-05
1384,692.000000,1,8.339647e-05
1385,692.500000,0,8.688556e-05
1386,693.000000,0,9.863939e-05
1387,693.500000,1,9.120556e-05
1388,694.000000,1,9.957249e-05
1389,694.500000,1,8.687552e-05
1390,695.000000,1,9.958016e-05
1391,695.500000,1,9.105111e-05
1392,696.000000,1,8.346327e-05
1393,696.500000,0,9.973390e-05
1394,697.000000,1,8.325339e-05
1395,697.500000,1,7.396301e-05
1396,698.000000,0,9.187330e-05
1397,698.500000,1,9.605728e-05
1398,699.000000,1,7.847294e-05
1399,699.500000,0,9.692529e-05
1400,700.000000,1,8.170777e-05
1401,700.500000,1,7.745485e-05
1402,701.000000,0,8.768149e-05
1403,701.500000,1,9.009739e-05
1404,702.000000,1,9.262452e-05
1405,702.500000,1,9.957673e-05
1406,703.000000,1,7.971938e-05
1407,703.500000,1,9.660654e-05
1408,704.000000,1,9.695391e-05
1409,704.500000,1,9.737907e-05
1410,705.000000,1,8.112468e-05
1411,705.500000,1,9.391677e-05
1412,706.000000,1,8.531819e-05
1413,706.500000,1,7.558615e-05
1414,707.000000,0,9.414856e-05
1415,707.500000,1,9.721167e-05
1416,708.000000,1,8.783639e-05
1417,708.500000,1,8.487577e-05
1418,709.000000,1,8.385167e-05
1419,709.500000,1,8.020958e-05
1420,710.000000,0,9.922936e-05
1421,710.500000,2,9.342403e-05
1422,711.000000,1,9.224078e-05
1423,711.500000,1,7.637451e-05
1424,712.000000,0,8.740751e-05
1425,712.500000,1,9.016655e-05
1426,713.000000,1,9.222622e-05
1427,713.500000,1,9.374560e-05
1428,714.000000,1,7.617744e-05
1429,714.500000,0,9.193056e-05
1430,715.000000,2,9.163428e-05
1431,715.500000,1,8.264425e-05
1432,716.000000,1,9.745460e-05
1433,716.500000,1,9.185927e-05
1434,717.000000,1,8.822336e-05
1435,717.500000,1,9.982158e-05
1436,718.000000,1,9.899910e-05
1437,718.500000,2,9.935967e-05
1438,719.000000,1,8.765815e-05
1439,719.500000,1,9.939867e-05
1440,720.000000,1,8.400030e-05
1441,720.500000,1,9.920616e-05
1442,721.000000,2,9.384927e-05
1443,721.500000,1,9.747176e-05
1444,722.000000,1,9.199523e-05
1445,722.500000,1,9.926279e-05
1446,723.000000,1,8.895871e-05
1447,723.500000,1,9.494751e-05
1448,724.000000,1,9.903115e-05
1449,724.500000,1,9.976285e-05
1450,725.000000,1,9.415863e-05
1451,725.500000,1,9.483586e-05
1452,726.000000,1,9.583730e-05
1453,726.500000,1,9.421877e-05
1454,727.000000,1,8.818273e-05
1455,727.500000,1,8.362315e-05
1456,728.000000,1,7.872451e-05
1457,728.500000,0,9.825638e-05
1458,729.000000,1,8.994410e-05
1459,729.500000,1,9.447433e-05
1460,730.000000,1,8.292677e-05
1461,730.500000,0,9.385745e-05
1462,731.000000,1,9.066751e-05
1463,731.500000,1,8.526353e-05
1464,732.000000,1,8.174022e-05
1465,732.500000,1,9.732467e-05
1466,733.000000,2,9.740313e-05
1467,733.500000,1,8.594567e-05
1468,734.000000,1,7.979694e-05
1469,734.500000,0,9.379099e-05
1470,735.000000,2,9.866455e-05
1471,735.500000,1,8.552401e-05
1472,736.000000,0,9.584277e-05
1473,736.500000,1,9.902044e-05
1474,737.000000,2,8.881316e-05
1475,737.500000,1,8.943726e-05
1476,738.000000,1,8.411798e-05
1477,738.500000,1,9.681797e-05
1478,739.000000,1,6.986729e-05
1479,739.500000,0,9.159791e-05
1480,740.000000,1,9.128247e-05
1481,740.500000,1,8.923372e-05
1482,741.000000,1,8.507280e-05
1483,741.500000,0,9.066680e-05
1484,742.000000,1,7.576640e-05
1485,742.500000,0,8.851399e-05
1486,743.000000,1,9.153779e-05
1487,743.500000,1,8.778225e-05
1488,744.000000,2,9.997568e-05
1489,744.500000,1,9.145890e-05
1490,745.000000,1,9.312021e-05
1491,745.500000,1,8.646225e-05
1492,746.000000,1,9.692157e-05
1493,746.500000,1,7.772008e-05
1494,747.000000,0,9.801619e-05
1495,747.500000,1,9.462309e-05
1496,748.000000,1,9.837243e-05
1497,748.500000,1,9.730973e-05
1498,749.000000,1,9.811326e-05
1499,749.500000,1,9.688068e-05
1500,750.000000,2,9.456425e-05
1501,750.500000,1,8.101221e-05
1502,751.000000,0,9.533718e-05
1503,751.500000,1,9.962633e-05
1504,752.000000,1,7.380267e-05
1505,752.500000,0,9.165517e-05
1506,753.000000,1,9.270720e-05
1507,753.500000,1,8.672197e-05
1508,754.000000,1,9.848601e-05
1509,754.500000,1,8.398742e-05
1510,755.000000,1,7.533794e-05
1511,755.500000,0,9.366614e-05
1512,756.000000,1,7.048329e-05
1513,756.500000,0,8.150961e-05
1514,757.000000,1,9.526342e-05
1515,757.500000,1,9.512701e-05
1516,758.000000,1,8.170900e-05
1517,758.500000,0,9.582870e-05
1518,759.000000,1,9.449773e-05
1519,759.500000,1,8.945073e-05
1520,760.000000,1,8.850053e-05
1521,760.500000,1,8.775060e-05
1522,761.000000,1,9.692777e-05
1523,761.500000,1,8.853055e-05
1524,762.000000,1,8.523576e-05
1525,762.500000,0,9.959604e-05
1526,763.000000,1,9.869685e-05
1527,763.500000,1,8.723697e-05
1528,764.000000,1,9.935215e-05
1529,764.500000,1,8.815841e-05
1530,765.000000,1,9.721793e-05
1531,765.500000,1,8.544347e-05
1532,766.000000,1,7.727167e-05
1533,766.500000,0,9.421187e-05
1534,767.000000,1,8.541212e-05
1535,767.500000,0,9.547161e-05
1536,768.000000,1,9.227315e-05
1537,768.500000,1,9.628168e-05
1538,769.000000,1,8.195656e-05
1539,769.500000,0,9.889529e-05
1540,770.000000,1,9.285123e-05
1541,770.500000,1,8.204066e-05
1542,771.000000,0,9.173853e-05
1543,771.500000,1,9.786979e-05
1544,772.000000,1,9.904227e-05
1545,772.500000,1,9.801572e-05
1546,773.000000,1,9.990099e-05
1547,773.500000,1,9.939449e-05
1548,774.000000,1,7.647453e-05
1549,774.500000,0,9.681528e-05
1550,775.000000,1,9.858206e-05
1551,775.500000,1,7.464141e-05
1552,776.000000,0,9.870511e-05
1553,776.500000,1,9.986429e-05
1554,777.000000,1,9.950345e-05
1555,777.500000,1,9.507385e-05
1556,778.000000,1,8.180740e-05
1557,778.500000,0,9.938577e-05
1558,779.000000,1,9.596662e-05
1559,779.500000,1,8.512524e-05
1560,780.000000,0,9.407302e-05
1561,780.500000,1,8.294919e-05
1562,781.000000,1,9.334602e-05
1563,781.500000,1,8.920678e-05
1564,782.000000,1,9.523657e-05
1565,782.500000,1,9.635097e-05
1566,783.000000,1,7.786539e-05
1567,783.500000,1,9.399917e-05
1568,784.000000,1,7.999134e-05
1569,784.500000,1,9.204357e-05
1570,785.000000,1,9.911066e-05
1571,785.500000,1,8.758680e-05
1572,786.000000,1,8.252843e-05
1573,786.500000,0,9.909362e-05
1574,787.000000,1,8.634530e-05
1575,787.500000,1,8.041569e-05
1576,788.000000,0,9.101712e-05
1577,788.500000,1,9.836274e-05
1578,789.000000,1,9.682646e-05
1579,789.500000,1,9.301647e-05
1580,790.000000,1,9.745165e-05
1581,790.500000,1,7.446128e-05
1582,791.000000,0,9.671088e-05
1583,791.500000,1,9.627908e-05
1584,792.000000,1,9.736837e-05
1585,792.500000,1,9.435400e-05
1586,793.000000,1,9.806656e-05
1587,793.500000,1,7.973133e-05
1588,794.000000,1,8.963204e-05
1589,794.500000,1,9.909796e-05
1590,795.000000,1,9.468626e-05
1591,795.500000,2,9.476703e-05
1592,796.000000,1,9.961632e-05
1593,796.500000,1,8.633768e-05
1594,797.000000,0,8.686164e-05
1595,797.500000,0,9.767310e-05
1596,798.000000,1,9.514119e-05
1597,798.500000,1,8.835560e-05
1598,799.000000,1,8.344461e-05
1599,799.500000,0,9.816094e-05
1600,800.000000,1,9.840911e-05
1601,800.500000,1,8.750673e-05
1602,801.000000,0,8.921035e-05
1603,801.500000,0,9.852786e-05
1604,802.000000,1,9.211597e-05
1605,802.500000,1,7.936571e-05
1606,803.000000,0,9.581418e-05
1607,803.500000,1,9.467727e-05
1608,804.000000,1,9.293843e-05
1609,804.500000,1,8.431183e-05
1610,805.000000,1,7.501480e-05
1611,805.500000,0,9.444343e-05
1612,806.000000,1,7.492676e-05
1613,806.500000,0,9.788098e-05
1614,807.000000,1,8.970544e-05
1615,807.500000,1,9.524154e-05
1616,808.000000,1,8.433510e-05
1617,808.500000,0,9.669438e-05
1618,809.000000,1,9.624568e-05
1619,809.500000,1,9.151874e-05
1620,810.000000,1,8.963816e-05
1621,810.500000,1,9.970535e-05
1622,811.000000,1,7.852857e-05
1623,811.500000,1,9.554402e-05
1624,812.000000,1,7.806003e-05
1625,812.500000,0,9.255387e-05
1626,813.000000,1,8.910427e-05
1627,813.500000,1,9.259272e-05
1628,814.000000,1,8.589476e-05
1629,814.500000,1,8.108072e-05
1630,815.000000,0,9.494041e-05
1631,815.500000,1,8.248847e-05
1632,816.000000,1,8.304373e-05
1633,816.500000,1,9.420887e-05
1634,817.000000,1,8.431538e-05
1635,817.500000,1,7.327096e-05
1636,818.000000,0,9.078577e-05
1637,818.500000,1,7.789405e-05
1638,819.000000,1,8.838346e-05
1639,819.500000,1,9.022123e-05
1640,820.000000,1,7.820314e-05
1641,820.500000,0,9.439302e-05
1642,821.000000,1,9.966546e-05
1643,821.500000,1,7.722852e-05
1644,822.000000,0,9.956289e-05
1645,822.500000,1,9.429971e-05
1646,823.000000,1,7.836260e-05
1647,823.500000,0,9.880818e-05
1648,824.000000,1,9.584893e-05
1649,824.500000,1,8.880382e-05
1650,825.000000,1,9.672923e-05
1651,825.500000,1,8.733112e-05
1652,826.000000,1,9.701277e-05
1653,826.500000,1,7.590271e-05
1654,827.000000,0,9.281353e-05
1655,827.500000,1,8.729683e-05
1656,828.000000,1,9.457675e-05
1657,828.500000,1,9.326480e-05
1658,829.000000,1,8.060598e-05
1659,829.500000,0,9.847200e-05
1660,830.000000,1,9.456963e-05
1661,830.500000,1,9.051501e-05
1662,831.000000,1,9.348891e-05
1663,831.500000,1,9.556399e-05
1664,832.000000,1,9.105670e-05
1665,832.500000,2,9.080664e-05
1666,833.000000,1,9.480367e-05
1667,833.500000,1,8.230813e-05
1668,834.000000,0,9.080736e-05
1669,834.500000,1,8.372323e-05
1670,835.000000,0,9.860066e-05
1671,835.500000,1,8.801992e-05
1672,836.000000,1,9.308140e-05
1673,836.500000,1,8.049353e-05
1674,837.000000,0,9.580925e-05
1675,837.500000,1,9.749621e-05
1676,838.000000,1,7.557107e-05
1677,838.500000,0,9.351968e-05
1678,839.000000,1,9.789862e-05
1679,839.500000,1,7.833241e-05
1680,840.000000,1,8.265693e-05
1681,840.500000,1,9.531074e-05
1682,841.000000,1,9.918747e-05
1683,841.500000,1,8.078204e-05
1684,842.000000,1,8.159761e-05
1685,842.500000,1,9.008065e-05
1686,843.000000,1,8.409716e-05
1687,843.500000,1,8.022462e-05
1688,844.000000,1,9.109229e-05
1689,844.500000,1,9.692620e-05
1690,845.000000,1,7.832443e-05
1691,845.500000,0,9.772252e-05
1692,846.000000,2,9.948132e-05
1693,846.500000,1,9.857410e-05
1694,847.000000,1,8.676314e-05
1695,847.500000,1,8.350252e-05
1696,848.000000,1,9.911513e-05
1697,848.500000,1,8.264860e-05
1698,849.000000,1,7.478213e-05
1699,849.500000,0,8.523969e-05
1700,850.000000,0,9.283155e-05
1701,850.500000,0,9.904619e-05
1702,851.000000,1,8.959388e-05
1703,851.500000,1,8.274691e-05
1704,852.000000,0,9.207382e-05
1705,852.500000,1,9.624054e-05
1706,853.000000,1,9.833708e-05
1707,853.500000,1,9.205409e-05
1708,854.000000,1,9.516021e-05
1709,854.500000,1,9.937259e-05
1710,855.000000,1,9.993693e-05
1711,855.500000,2,8.473863e-05
1712,856.000000,1,8.174110e-05
1713,856.500000,0,9.914735e-05
1714,857.000000,1,7.067136e-05
1715,857.500000,0,9.113538e-05
1716,858.000000,1,7.192200e-05
1717,858.500000,0,9.630792e-05
1718,859.000000,1,9.258974e-05
1719,859.500000,2,9.450210e-05
1720,860.000000,1,7.243801e-05
1721,860.500000,0,8.315785e-05
1722,861.000000,0,9.927236e-05
1723,861.500000,1,9.211197e-05
1724,862.000000,1,8.825592e-05
1725,862.500000,1,9.834779e-05
1726,863.000000,1,8.079955e-05
1727,863.500000,1,9.962059e-05
1728,864.000000,1,9.958640e-05
1729,864.500000,1,8.347382e-05
1730,865.000000,1,8.980103e-05
1731,865.500000,2,9.753696e-05
1732,866.000000,1,8.661872e-05
1733,866.500000,1,9.618452e-05
1734,867.000000,1,8.827984e-05
1735,867.500000,1,9.755974e-05
1736,868.000000,1,7.681081e-05
1737,868.500000,0,9.303554e-05
1738,869.000000,1,9.167109e-05
1739,869.500000,1,9.351970e-05
1740,870.000000,1,8.788912e-05
1741,870.500000,1,9.984867e-05
1742,871.000000,2,9.201579e-05
1743,871.500000,1,8.706419e-05
1744,872.000000,1,7.613350e-05
1745,872.500000,0,9.812526e-05
1746,873.000000,1,9.567795e-05
1747,873.500000,1,7.972878e-05
1748,874.000000,1,9.994856e-05
1749,874.500000,1,9.967025e-05
1750,875.000000,1,9.557037e-05
1751,875.500000,1,8.112671e-05
1752,876.000000,0,9.644189e-05
1753,876.500000,1,9.033397e-05
1754,877.000000,1,8.336767e-05
1755,877.500000,0,9.650808e-05
1756,878.000000,1,8.213510e-05
1757,878.500000,1,9.829767e-05
1758,879.000000,1,8.342035e-05
1759,879.500000,1,9.904075e-05
1760,880.000000,2,9.724844e-05
1761,880.500000,1,9.497682e-05
1762,881.000000,1,7.500236e-05
1763,881.500000,0,9.596533e-05
1764,882.000000,1,9.903325e-05
1765,882.500000,1,7.758327e-05
1766,883.000000,0,9.904093e-05
1767,883.500000,1,8.593597e-05
1768,884.000000,1,9.926102e-05
1769,884.500000,1,9.690953e-05
1770,885.000000,2,9.465407e-05
1771,885.500000,1,9.055597e-05
1772,886.000000,1,9.823895e-05
1773,886.500000,1,7.673264e-05
1774,887.000000,0,9.531016e-05
1775,887.500000,1,9.666848e-05
1776,888.000000,1,9.079830e-05
1777,888.500000,2,9.568066e-05
1778,889.000000,1,8.485825e-05
1779,889.500000,1,9.960681e-05
1780,890.000000,1,7.752545e-05
1781,890.500000,0,9.519235e-05
1782,891.000000,1,9.959910e-05
1783,891.500000,1,9.894272e-05
1784,892.000000,1,8.313271e-05
1785,892.500000,1,8.090988e-05
1786,893.000000,0,9.278976e-05
1787,893.500000,1,7.506167e-05
1788,894.000000,0,9.922811e-05
1789,894.500000,1,9.942810e-05
1790,895.000000,1,7.084382e-05
1791,895.500000,0,9.925980e-05
1792,896.000000,1,9.507593e-05
1793,896.500000,1,9.715270e-05
1794,897.000000,1,6.547247e-05
1795,897.500000,0,8.418778e-05
1796,898.000000,1,7.020963e-05
1797,898.500000,0,9.672712e-05
1798,899.000000,1,7.898493e-05
1799,899.500000,2,8.912436e-05
1800,900.000000,1,9.599680e-05
1801,900.500000,1,9.133871e-05
1802,901.000000,1,7.770884e-05
1803,901.500000,0,9.384613e-05
1804,902.000000,1,9.587095e-05
1805,902.500000,1,9.435834e-05
1806,903.000000,1,9.432115e-05
1807,903.500000,1,9.713682e-05
1808,904.000000,1,9.883153e-05
1809,904.500000,1,9.341841e-05
1810,905.000000,1,9.958246e-05
1811,905.500000,1,7.560280e-05
1812,906.000000,0,9.970146e-05
1813,906.500000,1,9.909392e-05
1814,907.000000,1,9.049487e-05
1815,907.500000,1,8.383453e-05
1816,908.000000,1,9.301165e-05
1817,908.500000,2,9.479083e-05
1818,909.000000,1,9.209110e-05
1819,909.500000,1,7.654520e-05
1820,910.000000,1,9.706999e-05
1821,910.500000,1,8.844955e-05
1822,911.000000,1,7.871151e-05
1823,911.500000,0,9.532900e-05
1824,912.000000,1,9.189444e-05
1825,912.500000,1,9.078983e-05
1826,913.000000,1,9.948797e-05
1827,913.500000,1,7.878583e-05
1828,914.000000,1,9.273414e-05
1829,914.500000,1,7.922676e-05
1830,915.000000,1,9.680211e-05
1831,915.500000,1,9.968127e-05
1832,916.000000,1,9.600518e-05
1833,916.500000,1,9.872222e-05
1834,917.000000,1,8.193360e-05
1835,917.500000,1,9.154515e-05
1836,918.000000,1,8.689951e-05
1837,918.500000,1,8.245509e-05
1838,919.000000,1,9.345478e-05
1839,919.500000,1,9.769050e-05
1840,920.000000,1,9.583884e-05
1841,920.500000,1,8.181587e-05
1842,921.000000,1,9.695818e-05
1843,921.500000,1,7.961265e-05
1844,922.000000,0,9.689589e-05
1845,922.500000,1,9.994340e-05
1846,923.000000,1,9.450681e-05
1847,923.500000,1,8.839560e-05
1848,924.000000,1,8.105539e-05
1849,924.500000,0,9.906048e-05
1850,925.000000,1,9.831684e-05
1851,925.500000,1,8.799326e-05
1852,926.000000,1,9.484529e-05
1853,926.500000,1,7.758945e-05
1854,927.000000,0,9.367884e-05
1855,927.500000,1,9.271067e-05
1856,928.000000,1,8.984836e-05
1857,928.500000,1,7.892892e-05
1858,929.000000,0,9.773531e-05
1859,929.500000,1,9.739739e-05
1860,930.000000,1,9.441504e-05
1861,930.500000,1,8.386540e-05
1862,931.000000,0,8.700845e-05
1863,931.500000,0,9.815280e-05
1864,932.000000,1,9.077744e-05
1865,932.500000,1,9.275600e-05
1866,933.000000,1,7.868763e-05
1867,933.500000,0,9.033347e-05
1868,934.000000,1,9.954618e-05
1869,934.500000,1,8.803608e-05
1870,935.000000,1,9.899212e-05
1871,935.500000,1,9.204048e-05
1872,936.000000,1,9.925298e-05
1873,936.500000,1,9.385229e-05
1874,937.000000,1,9.279856e-05
1875,937.500000,1,9.637446e-05
1876,938.000000,1,9.436660e-05
1877,938.500000,1,9.321481e-05
1878,939.000000,1,7.947309e-05
1879,939.500000,0,9.820532e-05
1880,940.000000,1,9.542026e-05
1881,940.500000,1,7.526755e-05
1882,941.000000,0,9.462884e-05
1883,941.500000,1,9.720619e-05
1884,942.000000,1,9.909988e-05
1885,942.500000,1,7.855296e-05
1886,943.000000,0,9.166648e-05
1887,943.500000,1,9.529603e-05
1888,944.000000,1,8.760254e-05
1889,944.500000,1,7.830143e-05
1890,945.000000,0,9.553207e-05
1891,945.500000,1,9.745592e-05
1892,946.000000,1,7.878283e-05
1893,946.500000,0,9.483482e-05
1894,947.000000,1,9.885404e-05
1895,947.500000,1,8.686049e-05
1896,948.000000,1,9.828369e-05
1897,948.500000,1,9.621189e-05
1898,949.000000,1,9.840011e-05
1899,949.500000,1,8.555712e-05
1900,950.000000,1,8.272615e-05
1901,950.500000,0,9.482371e-05
1902,951.000000,1,9.629034e-05
1903,951.500000,1,8.585452e-05
1904,952.000000,1,9.992790e-05
1905,952.500000,1,9.949200e-05
1906,953.000000,1,9.276261e-05
1907,953.500000,1,9.950171e-05
1908,954.000000,2,9.893486e-05
1909,954.500000,1,8.572798e-05
1910,955.000000,1,8.640276e-05
1911,955.500000,1,8.294947e-05
1912,956.000000,0,9.476427e-05
1913,956.500000,1,7.696000e-05
1914,957.000000,1,9.857262e-05
1915,957.500000,1,9.775755e-05
1916,958.000000,1,8.733297e-05
1917,958.500000,1,7.206061e-05
1918,959.000000,0,8.587750e-05
1919,959.500000,1,9.630213e-05
1920,960.000000,1,9.317543e-05
1921,960.500000,1,8.343737e-05
1922,961.000000,0,9.987658e-05
1923,961.500000,1,8.662094e-05
1924,962.000000,1,8.836525e-05
1925,962.500000,1,9.705263e-05
1926,963.000000,1,8.721873e-05
1927,963.500000,1,9.975808e-05
1928,964.000000,1,8.104784e-05
1929,964.500000,1,9.944791e-05
1930,965.000000,1,9.666253e-05
1931,965.500000,1,7.453169e-05
1932,966.000000,0,8.941224e-05
1933,966.500000,1,9.402118e-05
1934,967.000000,1,9.822493e-05
1935,967.500000,2,9.056576e-05
1936,968.000000,1,9.766308e-05
1937,968.500000,1,6.621230e-05
1938,969.000000,0,8.189521e-05
1939,969.500000,0,9.720956e-05
1940,970.000000,1,8.522186e-05
1941,970.500000,1,8.583387e-05
1942,971.000000,2,9.600571e-05
1943,971.500000,1,8.638022e-05
1944,972.000000,1,9.069873e-05
1945,972.500000,1,8.194567e-05
1946,973.000000,1,9.917533e-05
1947,973.500000,1,8.126928e-05
1948,974.000000,1,9.781991e-05
1949,974.500000,1,8.033566e-05
1950,975.000000,1,9.696382e-05
1951,975.500000,1,9.177524e-05
1952,976.000000,1,7.751386e-05
1953,976.500000,0,9.082685e-05
1954,977.000000,1,7.860250e-05
1955,977.500000,0,9.866983e-05
1956,978.000000,1,8.174848e-05
1957,978.500000,1,8.362851e-05
1958,979.000000,1,9.903697e-05
1959,979.500000,2,9.934256e-05
1960,980.000000,1,7.942145e-05
1961,980.500000,0,9.345014e-05
1962,981.000000,1,9.653663e-05
1963,981.500000,2,9.664769e-05
1964,982.000000,1,9.872025e-05
1965,982.500000,1,7.210373e-05
1966,983.000000,0,8.457646e-05
1967,983.500000,0,9.646561e-05
1968,984.000000,1,7.836347e-05
1969,984.500000,1,7.714278e-05
1970,985.000000,0,8.985699e-05
1971,985.500000,1,9.824342e-05
1972,986.000000,1,8.733418e-05
1973,986.500000,0,9.724861e-05
1974,987.000000,1,8.453266e-05
1975,987.500000,1,8.391538e-05
1976,988.000000,0,9.856826e-05
1977,988.500000,1,9.986609e-05
1978,989.000000,1,9.205538e-05
1979,989.500000,1,8.323127e-05
1980,990.000000,1,9.761165e-05
1981,990.500000,1,7.940225e-05
1982,991.000000,1,9.778553e-05
1983,991.500000,2,9.385540e-05
1984,992.000000,1,9.064486e-05
1985,992.500000,1,9.820930e-05
1986,993.000000,1,8.233385e-05
1987,993.500000,1,8.106368e-05
1988,994.000000,0,8.959812e-05
1989,994.500000,1,7.703019e-05
1990,995.000000,1,8.875786e-05
1991,995.500000,1,9.398552e-05
1992,996.000000,1,9.249456e-05
1993,996.500000,1,9.619542e-05
1994,997.000000,1,9.227924e-05
1995,997.500000,1,9.259043e-05
1996,998.000000,1,7.813836e-05
1997,998.500000,0,9.247039e-05
1998,999.000000,1,9.526375e-05
1999,999.500000,1,9.608467e-05
2000,1000.000000,1,8.334157e-05
2001,1000.500000,0,9.977017e-05
2002,1001.000000,2,9.764868e-05
2003,1001.500000,1,8.356203e-05
2004,1002.000000,0,9.982064e-05
2005,1002.500000,2,9.957105e-05
2006,1003.000000,1,9.633009e-05
2007,1003.500000,1,9.045046e-05
2008,1004.000000,1,9.771136e-05
2009,1004.500000,1,9.542089e-05
2010,1005.000000,1,8.888114e-05
2011,1005.500000,1,7.842877e-05
2012,1006.000000,0,9.461835e-05
2013,1006.500000,2,9.462794e-05
2014,1007.000000,1,8.681198e-05
2015,1007.500000,1,9.072434e-05
2016,1008.000000,1,7.537619e-05
2017,1008.500000,0,9.134257e-05
2018,1009.000000,1,8.676000e-05
2019,1009.500000,1,8.082376e-05
2020,1010.000000,1,7.067157e-05
2021,1010.500000,0,8.472127e-05
2022,1011.000000,0,9.799186e-05
2023,1011.500000,1,9.743084e-05
2024,1012.000000,1,8.703776e-05
2025,1012.500000,1,8.591737e-05
2026,1013.000000,0,9.448257e-05
2027,1013.500000,1,8.717399e-05
2028,1014.000000,1,8.639161e-05
2029,1014.500000,1,7.252075e-05
2030,1015.000000,0,8.720832e-05
2031,1015.500000,1,8.712104e-05
2032,1016.000000,1,9.440696e-05
2033,1016.500000,1,8.580044e-05
2034,1017.000000,0,9.953228e-05
2035,1017.500000,1,9.309942e-05
2036,1018.000000,1,8.053439e-05
2037,1018.500000,0,9.677702e-05
2038,1019.000000,1,9.162075e-05
2039,1019.500000,2,9.783711e-05
2040,1020.000000,1,8.264518e-05
2041,1020.500000,1,7.499500e-05
2042,1021.000000,0,9.850263e-05
2043,1021.500000,1,8.124704e-05
2044,1022.000000,1,8.284572e-05
2045,1022.500000,2,9.995870e-05
2046,1023.000000,1,8.804720e-05
2047,1023.500000,1,9.519182e-05
2048,1024.000000,1,9.796513e-05
2049,1024.500000,1,9.030571e-05
2050,1025.000000,2,8.783655e-05
2051,1025.500000,1,8.133025e-05
2052,1026.000000,0,9.947106e-05
2053,1026.500000,1,9.948203e-05
2054,1027.000000,1,8.621787e-05
2055,1027.500000,1,9.481289e-05
2056,1028.000000,1,9.316726e-05
2057,1028.500000,1,8.851712e-05
2058,1029.000000,1,9.634799e-05
2059,1029.500000,1,8.893931e-05
2060,1030.000000,1,8.886572e-05
2061,1030.500000,0,9.631019e-05
2062,1031.000000,1,9.615522e-05
2063,1031.500000,1,9.508104e-05
2064,1032.000000,1,7.906467e-05
2065,1032.500000,0,9.614639e-05
2066,1033.000000,1,9.847860e-05
2067,1033.500000,1,8.697184e-05
2068,1034.000000,1,7.920497e-05
2069,1034.500000,0,9.965218e-05
2070,1035.000000,1,7.438688e-05
2071,1035.500000,0,9.357095e-05
2072,1036.000000,1,8.046811e-05
2073,1036.500000,1,8.188298e-05
2074,1037.000000,1,9.941293e-05
2075,1037.500000,1,8.480054e-05
2076,1038.000000,1,9.977162e-05
2077,1038.500000,1,8.265959e-05
2078,1039.000000,1,9.692822e-05
2079,1039.500000,1,9.642062e-05
2080,1040.000000,1,7.697608e-05
2081,1040.500000,0,9.851441e-05
2082,1041.000000,1,9.391364e-05
2083,1041.500000,1,9.088434e-05
2084,1042.000000,2,9.158908e-05
2085,1042.500000,1,8.330576e-05
2086,1043.000000,1,9.818947e-05
2087,1043.500000,1,7.496198e-05
2088,1044.000000,0,9.305566e-05
2089,1044.500000,1,9.901835e-05
2090,1045.000000,1,9.697873e-05
2091,1045.500000,2,9.645668e-05
2092,1046.000000,1,8.119800e-05
2093,1046.500000,0,9.891260e-05
2094,1047.000000,1,9.029732e-05
2095,1047.500000,1,8.536364e-05
2096,1048.000000,1,7.758618e-05
2097,1048.500000,0,9.267937e-05
2098,1049.000000,1,9.719907e-05
2099,1049.500000,1,9.674706e-05
2100,1050.000000,1,8.893247e-05
2101,1050.500000,1,7.400012e-05
2102,1051.000000,0,8.713985e-05
2103,1051.500000,1,9.494109e-05
2104,1052.000000,1,7.634886e-05
2105,1052.500000,0,9.412116e-05
2106,1053.000000,1,9.914766e-05
2107,1053.500000,1,9.113171e-05
2108,1054.000000,2,9.604245e-05
2109,1054.500000,1,9.543465e-05
2110,1055.000000,1,9.464614e-05
2111,1055.500000,1,9.523713e-05
2112,1056.000000,2,9.761958e-05
2113,1056.500000,1,8.292880e-05
2114,1057.000000,1,9.143724e-05
2115,1057.500000,1,8.779551e-05
2116,1058.000000,1,7.936181e-05
2117,1058.500000,0,9.774174e-05
2118,1059.000000,1,8.670397e-05
2119,1059.500000,1,8.155774e-05
2120,1060.000000,1,8.826350e-05
2121,1060.500000,1,9.349107e-05
2122,1061.000000,1,7.837218e-05
2123,1061.500000,0,9.368316e-05
2124,1062.000000,1,7.715667e-05
2125,1062.500000,0,9.893735e-05
2126,1063.000000,1,8.846829e-05
2127,1063.500000,1,9.925585e-05
2128,1064.000000,1,9.046553e-05
2129,1064.500000,1,9.597782e-05
2130,1065.000000,1,9.751454e-05
2131,1065.500000,1,7.841224e-05
2132,1066.000000,0,9.167874e-05
2133,1066.500000,1,8.355803e-05
2134,1067.000000,2,9.495893e-05
2135,1067.500000,1,9.027766e-05
2136,1068.000000,1,9.975836e-05
2137,1068.500000,2,9.789773e-05
2138,1069.000000,1,8.353091e-05
2139,1069.500000,0,9.782408e-05
2140,1070.000000,1,8.539562e-05
2141,1070.500000,1,8.283430e-05
2142,1071.000000,0,9.949854e-05
2143,1071.500000,1,9.986215e-05
2144,1072.000000,1,7.068763e-05
2145,1072.500000,0,8.971153e-05
2146,1073.000000,1,8.602521e-05
2147,1073.500000,1,7.703121e-05
2148,1074.000000,0,9.324373e-05
2149,1074.500000,1,9.088574e-05
2150,1075.000000,1,9.154510e-05
2151,1075.500000,1,7.412660e-05
2152,1076.000000,0,9.062355e-05
2153,1076.500000,1,9.034267e-05
2154,1077.000000,1,7.380553e-05
2155,1077.500000,0,9.158013e-05
2156,1078.000000,1,8.784097e-05
2157,1078.500000,1,9.730271e-05
2158,1079.000000,1,9.814437e-05
2159,1079.500000,2,8.979901e-05
2160,1080.000000,1,8.572420e-05
2161,1080.500000,1,9.328956e-05
2162,1081.000000,1,8.368378e-05
2163,1081.500000,1,9.946721e-05
2164,1082.000000,1,9.455295e-05
2165,1082.500000,1,9.632318e-05
2166,1083.000000,2,9.557037e-05
2167,1083.500000,1,8.960712e-05
2168,1084.000000,1,9.274972e-05
2169,1084.500000,1,8.551685e-05
2170,1085.000000,1,9.597698e-05
2171,1085.500000,1,9.751011e-05
2172,1086.000000,1,7.975554e-05
2173,1086.500000,0,9.227906e-05
2174,1087.000000,1,9.517994e-05
2175,1087.500000,1,7.982121e-05
2176,1088.000000,2,9.538290e-05
2177,1088.500000,2,9.754126e-05
2178,1089.000000,1,7.642794e-05
2179,1089.500000,1,9.936224e-05
2180,1090.000000,1,9.911860e-05
2181,1090.500000,1,9.585313e-05
2182,1091.000000,1,8.561565e-05
2183,1091.500000,1,7.898732e-05
2184,1092.000000,0,9.451543e-05
2185,1092.500000,1,9.877027e-05
2186,1093.000000,1,9.050650e-05
2187,1093.500000,1,9.988588e-05
2188,1094.000000,1,6.997333e-05
2189,1094.500000,0,9.259720e-05
2190,1095.000000,1,9.692461e-05
2191,1095.500000,1,8.633914e-05
2192,1096.000000,0,9.446911e-05
2193,1096.500000,1,8.890227e-05
2194,1097.000000,1,7.132265e-05
2195,1097.500000,0,7.490303e-05
2196,1098.000000,0,8.741947e-05
2197,1098.500000,1,8.987832e-05
2198,1099.000000,1,8.356165e-05
2199,1099.500000,1,9.632839e-05
2200,1100.000000,2,9.034966e-05
2201,1100.500000,1,8.293431e-05
2202,1101.000000,1,8.774171e-05
2203,1101.500000,1,7.284537e-05
2204,1102.000000,0,8.425170e-05
2205,1102.500000,1,7.947817e-05
2206,1103.000000,1,9.931681e-05
2207,1103.500000,2,8.908293e-05
2208,1104.000000,1,7.918734e-05
2209,1104.500000,0,9.442953e-05
2210,1105.000000,1,9.713973e-05
2211,1105.500000,2,9.992995e-05
2212,1106.000000,2,9.912296e-05
2213,1106.500000,2,9.632379e-05
2214,1107.000000,1,9.075362e-05
2215,1107.500000,1,7.679921e-05
2216,1108.000000,0,8.958688e-05
2217,1108.500000,1,9.897276e-05
2218,1109.000000,1,7.561285e-05
2219,1109.500000,0,9.183823e-05
2220,1110.000000,1,8.533615e-05
2221,1110.500000,1,9.483914e-05
2222,1111.000000,1,8.586733e-05
2223,1111.500000,1,9.777097e-05
2224,1112.000000,1,9.826967e-05
2225,1112.500000,1,8.603784e-05
2226,1113.000000,1,8.853532e-05
2227,1113.500000,1,9.608090e-05
2228,1114.000000,1,9.600591e-05
2229,1114.500000,1,9.496338e-05
2230,1115.000000,1,7.902572e-05
2231,1115.500000,0,9.522858e-05
2232,1116.000000,1,9.704803e-05
2233,1116.500000,1,9.785296e-05
2234,1117.000000,0,9.962540e-05
2235,1117.500000,1,7.868319e-05
2236,1118.000000,1,9.707150e-05
2237,1118.500000,1,8.776798e-05
2238,1119.000000,2,9.294405e-05
2239,1119.500000,1,9.504575e-05
2240,1120.000000,1,9.906796e-05
2241,1120.500000,1,9.699319e-05
2242,1121.000000,1,7.354648e-05
2243,1121.500000,0,9.088651e-05
2244,1122.000000,1,9.136502e-05
2245,1122.500000,1,8.432292e-05
2246,1123.000000,1,7.802946e-05
2247,1123.500000,0,9.533662e-05
2248,1124.000000,1,8.871638e-05
2249,1124.500000,1,8.235925e-05
2250,1125.000000,1,9.166423e-05
2251,1125.500000,1,8.832178e-05
2252,1126.000000,1,7.419504e-05
2253,1126.500000,0,9.478830e-05
2254,1127.000000,1,7.837444e-05
2255,1127.500000,1,7.908412e-05
2256,1128.000000,1,9.567892e-05
2257,1128.500000,1,6.986502e-05
2258,1129.000000,0,9.187275e-05
2259,1129.500000,1,8.361460e-05
2260,1130.000000,1,8.177534e-05
2261,1130.500000,1,8.135904e-05
2262,1131.000000,1,7.984162e-05
2263,1131.500000,1,9.177886e-05
2264,1132.000000,1,9.908363e-05
2265,1132.500000,1,9.780849e-05
2266,1133.000000,1,9.227347e-05
2267,1133.500000,1,9.705153e-05
2268,1134.000000,1,8.926993e-05
2269,1134.500000,1,9.980032e-05
2270,1135.000000,1,9.854966e-05
2271,1135.500000,1,9.916311e-05
2272,1136.000000,2,9.771466e-05
2273,1136.500000,1,7.565560e-05
2274,1137.000000,0,9.323531e-05
2275,1137.500000,1,6.682354e-05
2276,1138.000000,0,9.192536e-05
2277,1138.500000,1,6.997311e-05
2278,1139.000000,0,9.703667e-05
2279,1139.500000,1,8.582810e-05
2280,1140.000000,1,8.044461e-05
2281,1140.500000,0,9.940751e-05
2282,1141.000000,1,7.751174e-05
2283,1141.500000,2,9.398431e-05
2284,1142.000000,1,9.663864e-05
2285,1142.500000,1,9.651273e-05
2286,1143.000000,2,9.820815e-05
2287,1143.500000,1,9.164958e-05
2288,1144.000000,1,8.354658e-05
2289,1144.500000,0,9.536840e-05
2290,1145.000000,1,9.365181e-05
2291,1145.500000,1,9.283270e-05
2292,1146.000000,1,8.735343e-05
2293,1146.500000,1,9.065826e-05
2294,1147.000000,2,9.883971e-05
2295,1147.500000,1,8.246830e-05
2296,1148.000000,0,9.747586e-05
2297,1148.500000,1,7.977183e-05
2298,1149.000000,0,9.162763e-05
2299,1149.500000,1,9.310983e-05
2300,1150.000000,1,9.957649e-05
2301,1150.500000,1,9.550173e-05
2302,1151.000000,1,8.291787e-05
2303,1151.500000,0,8.398437e-05
2304,1152.000000,0,9.588376e-05
2305,1152.500000,2,8.488425e-05
2306,1153.000000,2,8.289348e-05
2307,1153.500000,0,8.798023e-05
2308,1154.000000,0,9.535322e-05
2309,1154.500000,1,9.414539e-05
2310,1155.000000,1,7.885283e-05
2311,1155.500000,0,8.903051e-05
2312,1156.000000,0,9.894083e-05
2313,1156.500000,1,8.507254e-05
2314,1157.000000,1,8.286429e-05
2315,1157.500000,0,9.557853e-05
2316,1158.000000,2,9.083989e-05
2317,1158.500000,1,8.926234e-05
2318,1159.000000,1,9.039919e-05
2319,1159.500000,1,8.257484e-05
2320,1160.000000,0,9.882020e-05
2321,1160.500000,1,9.175056e-05
2322,1161.000000,1,9.007943e-05
2323,1161.500000,1,7.980846e-05
2324,1162.000000,0,9.879603e-05
2325,1162.500000,1,9.110958e-05
2326,1163.000000,1,8.921191e-05
2327,1163.500000,1,7.840340e-05
2328,1164.000000,0,9.628161e-05
2329,1164.500000,1,9.620595e-05
2330,1165.000000,1,7.419511e-05
2331,1165.500000,0,9.551949e-05
2332,1166.000000,1,7.139713e-05
2333,1166.500000,2,8.674099e-05
2334,1167.000000,1,6.928530e-05
2335,1167.500000,0,9.117035e-05
2336,1168.000000,1,9.645890e-05
2337,1168.500000,1,9.035991e-05
2338,1169.000000,1,7.770523e-05
2339,1169.500000,0,9.923956e-05
2340,1170.000000,1,8.687360e-05
2341,1170.500000,1,8.430438e-05
2342,1171.000000,1,8.336933e-05
2343,1171.500000,1,9.575034e-05
2344,1172.000000,1,9.630935e-05
2345,1172.500000,1,8.713030e-05
2346,1173.000000,1,9.844925e-05
2347,1173.500000,1,9.512221e-05
2348,1174.000000,1,8.232458e-05
2349,1174.500000,1,7.611082e-05
2350,1175.000000,0,9.624920e-05
2351,1175.500000,1,9.817833e-05
2352,1176.000000,1,8.108951e-05
2353,1176.500000,1,9.302318e-05
2354,1177.000000,1,7.282054e-05
2355,1177.500000,1,7.081955e-05
2356,1178.000000,0,8.751619e-05
2357,1178.500000,1,9.834938e-05
2358,1179.000000,1,8.784116e-05
2359,1179.500000,1,7.557785e-05
2360,1180.000000,0,8.853546e-05
2361,1180.500000,1,7.578428e-05
2362,1181.000000,1,9.810959e-05
2363,1181.500000,2,9.461793e-05
2364,1182.000000,1,7.804295e-05
2365,1182.500000,1,9.504451e-05
2366,1183.000000,1,9.705687e-05
2367,1183.500000,1,8.029942e-05
2368,1184.000000,0,9.272643e-05
2369,1184.500000,1,7.941031e-05
2370,1185.000000,1,7.590905e-05
2371,1185.500000,0,9.226897e-05
2372,1186.000000,1,9.866828e-05
2373,1186.500000,1,9.455407e-05
2374,1187.000000,1,9.848677e-05
2375,1187.500000,1,7.708706e-05
2376,1188.000000,0,9.758684e-05
2377,1188.500000,1,8.893201e-05
2378,1189.000000,1,7.483673e-05
2379,1189.500000,0,9.530709e-05
2380,1190.000000,2,9.777717e-05
2381,1190.500000,1,9.543789e-05
2382,1191.000000,1,9.484726e-05
2383,1191.500000,1,9.767320e-05
2384,1192.000000,2,8.668556e-05
2385,1192.500000,1,9.444110e-05
2386,1193.000000,1,9.389758e-05
2387,1193.500000,1,8.084439e-05
2388,1194.000000,0,9.378600e-05
2389,1194.500000,1,8.880015e-05
2390,1195.000000,1,9.016135e-05
2391,1195.500000,2,9.867197e-05
2392,1196.000000,1,7.908628e-05
2393,1196.500000,1,9.640170e-05
2394,1197.000000,1,8.714357e-05
2395,1197.500000,1,7.934386e-05
2396,1198.000000,0,9.703708e-05
2397,1198.500000,1,8.556742e-05
2398,1199.000000,1,8.284477e-05
2399,1199.500000,2,9.921104e-05
2400,1200.000000,1,8.186208e-05
2401,1200.500000,1,9.149041e-05
2402,1201.000000,1,9.131624e-05
2403,1201.500000,1,8.343736e-05
2404,1202.000000,0,9.544569e-05
2405,1202.500000,1,7.997239e-05
2406,1203.000000,2,9.446416e-05
2407,1203.500000,1,9.284858e-05
2408,1204.000000,1,9.541431e-05
2409,1204.500000,1,9.784602e-05
2410,1205.000000,1,9.218699e-05
2411,1205.500000,1,8.013572e-05
2412,1206.000000,0,9.608219e-05
2413,1206.500000,1,9.622529e-05
2414,1207.000000,1,8.897536e-05
2415,1207.500000,1,8.055056e-05
2416,1208.000000,0,9.671751e-05
2417,1208.500000,1,9.995538e-05
2418,1209.000000,1,8.471854e-05
2419,1209.500000,0,9.432912e-05
2420,1210.000000,1,8.624689e-05
2421,1210.500000,1,9.007762e-05
2422,1211.000000,1,9.741146e-05
2423,1211.500000,1,9.083071e-05
2424,1212.000000,2,9.577049e-05
2425,1212.500000,1,7.709930e-05
2426,1213.000000,0,9.881745e-05
2427,1213.500000,1,9.798600e-05
2428,1214.000000,1,9.466609e-05
2429,1214.500000,2,9.775284e-05
2430,1215.000000,1,8.467616e-05
2431,1215.500000,1,9.562663e-05
2432,1216.000000,1,8.628041e-05
2433,1216.500000,0,9.925458e-05
2434,1217.000000,1,9.807107e-05
2435,1217.500000,1,8.259258e-05
2436,1218.000000,1,7.495023e-05
2437,1218.500000,0,9.486141e-05
2438,1219.000000,1,9.844987e-05
2439,1219.500000,1,7.863297e-05
2440,1220.000000,1,8.652936e-05
2441,1220.500000,1,8.244407e-05
2442,1221.000000,0,9.791562e-05
2443,1221.500000,1,7.343861e-05
2444,1222.000000,0,9.566264e-05
2445,1222.500000,1,8.131596e-05
2446,1223.000000,1,9.706868e-05
2447,1223.500000,1,9.394052e-05
2448,1224.000000,1,7.897615e-05
2449,1224.500000,0,9.093871e-05
2450,1225.000000,1,7.923473e-05
2451,1225.500000,1,7.564775e-05
2452,1226.000000,0,9.055642e-05
2453,1226.500000,1,9.626761e-05
2454,1227.000000,1,8.231069e-05
2455,1227.500000,1,9.696773e-05
2456,1228.000000,1,7.613120e-05
2457,1228.500000,0,9.698012e-05
2458,1229.000000,1,9.734817e-05
2459,1229.500000,1,9.002466e-05
2460,1230.000000,1,9.060551e-05
2461,1230.500000,1,8.052696e-05
2462,1231.000000,0,9.588054e-05
2463,1231.500000,1,9.441127e-05
2464,1232.000000,1,9.125534e-05
2465,1232.500000,1,7.878259e-05
2466,1233.000000,0,9.372796e-05
2467,1233.500000,1,9.648293e-05
2468,1234.000000,1,8.593534e-05
2469,1234.500000,2,9.509836e-05
2470,1235.000000,1,7.445555e-05
2471,1235.500000,0,9.369132e-05
2472,1236.000000,1,8.197847e-05
2473,1236.500000,1,8.180833e-05
2474,1237.000000,0,9.321444e-05
2475,1237.500000,1,9.987327e-05
2476,1238.000000,1,8.587978e-05
2477,1238.500000,1,8.828495e-05
2478,1239.000000,1,8.066273e-05
2479,1239.500000,0,9.918278e-05
2480,1240.000000,1,9.052248e-05
2481,1240.500000,1,9.116047e-05
2482,1241.000000,1,8.100982e-05
2483,1241.500000,1,9.304866e-05
2484,1242.000000,2,9.387096e-05
2485,1242.500000,1,8.155835e-05
2486,1243.000000,1,7.354776e-05
2487,1243.500000,0,9.267427e-05
2488,1244.000000,1,7.338905e-05
2489,1244.500000,0,9.759611e-05
2490,1245.000000,1,9.414647e-05
2491,1245.500000,1,8.739751e-05
2492,1246.000000,2,9.588178e-05
2493,1246.500000,1,8.689471e-05
2494,1247.000000,1,9.269622e-05
2495,1247.500000,1,8.639591e-05
2496,1248.000000,0,9.762190e-05
2497,1248.500000,1,9.816300e-05
2498,1249.000000,1,9.118509e-05
2499,1249.500000,1,9.803602e-05
2500,1250.000000,1,9.787098e-05
2501,1250.500000,2,9.895084e-05
2502,1251.000000,1,8.027843e-05
2503,1251.500000,0,9.137172e-05
2504,1252.000000,1,8.550284e-05
2505,1252.500000,1,8.138046e-05
2506,1253.000000,2,9.828971e-05
2507,1253.500000,1,8.642141e-05
2508,1254.000000,1,9.872880e-05
2509,1254.500000,2,9.599976e-05
2510,1255.000000,1,8.379109e-05
2511,1255.500000,1,7.837182e-05
2512,1256.000000,0,9.676888e-05
2513,1256.500000,1,9.601463e-05
2514,1257.000000,1,8.037042e-05
2515,1257.500000,0,9.562742e-05
2516,1258.000000,1,8.851448e-05
2517,1258.500000,2,9.381358e-05
2518,1259.000000,1,8.545840e-05
2519,1259.500000,1,8.430278e-05
2520,1260.000000,0,9.503879e-05
2521,1260.500000,1,7.904480e-05
2522,1261.000000,1,8.420234e-05
2523,1261.500000,0,9.481222e-05
2524,1262.000000,1,9.919874e-05
2525,1262.500000,1,8.018837e-05
2526,1263.000000,1,8.933308e-05
2527,1263.500000,1,9.828361e-05
2528,1264.000000,1,9.147250e-05
2529,1264.500000,1,9.452014e-05
2530,1265.000000,1,7.768704e-05
2531,1265.500000,0,9.034909e-05
2532,1266.000000,1,9.659469e-05
2533,1266.500000,1,8.077132e-05
2534,1267.000000,1,9.595889e-05
2535,1267.500000,1,9.853270e-05
2536,1268.000000,1,9.075032e-05
2537,1268.500000,2,9.993862e-05
2538,1269.000000,1,9.249527e-05
2539,1269.500000,2,9.806057e-05
2540,1270.000000,1,9.035984e-05
2541,1270.500000,1,9.016839e-05
2542,1271.000000,0,9.758392e-05
2543,1271.500000,1,8.926227e-05
2544,1272.000000,1,9.903799e-05
2545,1272.500000,1,9.595853e-05
2546,1273.000000,2,9.952728e-05
2547,1273.500000,1,8.281168e-05
2548,1274.000000,0,9.611551e-05
2549,1274.500000,1,9.973831e-05
2550,1275.000000,1,7.033411e-05
2551,1275.500000,0,8.709429e-05
2552,1276.000000,1,9.213739e-05
2553,1276.500000,1,7.790486e-05
2554,1277.000000,0,9.347886e-05
2555,1277.500000,1,7.363053e-05
2556,1278.000000,0,9.472619e-05
2557,1278.500000,1,8.067445e-05
2558,1279.000000,1,9.380152e-05
2559,1279.500000,1,8.629864e-05
2560,1280.000000,1,7.652107e-05
2561,1280.500000,0,8.720456e-05
2562,1281.000000,0,9.623982e-05
2563,1281.500000,1,7.851431e-05
2564,1282.000000,1,7.686270e-05
2565,1282.500000,0,9.127769e-05
2566,1283.000000,1,9.480314e-05
2567,1283.500000,1,9.448206e-05
2568,1284.000000,1,8.857376e-05
2569,1284.500000,0,9.265865e-05
2570,1285.000000,1,7.871297e-05
2571,1285.500000,1,9.638272e-05
2572,1286.000000,1,9.727124e-05
2573,1286.500000,1,9.932443e-05
2574,1287.000000,1,8.641841e-05
2575,1287.500000,1,9.773005e-05
2576,1288.000000,2,7.654591e-05
2577,1288.500000,1,7.766963e-05
2578,1289.000000,0,9.543253e-05
2579,1289.500000,1,8.218931e-05
2580,1290.000000,1,6.964900e-05
2581,1290.500000,0,8.368082e-05
2582,1291.000000,1,7.584187e-05
2583,1291.500000,0,9.390734e-05
2584,1292.000000,1,9.949056e-05
2585,1292.500000,2,9.467285e-05
2586,1293.000000,1,8.741160e-05
2587,1293.500000,1,9.142514e-05
2588,1294.000000,1,9.923946e-05
2589,1294.500000,1,7.664595e-05
2590,1295.000000,1,9.397191e-05
2591,1295.500000,1,9.442137e-05
2592,1296.000000,1,9.641955e-05
2593,1296.500000,1,7.965955e-05
2594,1297.000000,0,9.026489e-05
2595,1297.500000,1,9.042417e-05
2596,1298.000000,1,6.694396e-05
2597,1298.500000,0,8.475563e-05
2598,1299.000000,1,9.236994e-05
2599,1299.500000,1,8.928266e-05
2600,1300.000000,1,8.594363e-05
2601,1300.500000,1,8.760263e-05
2602,1301.000000,1,7.911593e-05
2603,1301.500000,0,8.783699e-05
2604,1302.000000,1,7.812095e-05
2605,1302.500000,0,9.760039e-05
2606,1303.000000,1,8.801903e-05
2607,1303.500000,2,9.214474e-05
2608,1304.000000,1,9.182317e-05
2609,1304.500000,1,8.986099e-05
2610,1305.000000,1,9.030145e-05
2611,1305.500000,1,8.007274e-05
2612,1306.000000,0,9.533258e-05
2613,1306.500000,2,9.922304e-05
2614,1307.000000,1,8.067650e-05
2615,1307.500000,0,9.632166e-05
2616,1308.000000,2,8.831995e-05
2617,1308.500000,1,8.820812e-05
2618,1309.000000,1,8.835596e-05
2619,1309.500000,1,9.296541e-05
2620,1310.000000,1,9.054023e-05
2621,1310.500000,1,9.979684e-05
2622,1311.000000,1,9.983429e-05
2623,1311.500000,1,9.002294e-05
2624,1312.000000,1,8.130175e-05
2625,1312.500000,0,9.342835e-05
2626,1313.000000,1,9.816851e-05
2627,1313.500000,1,9.814121e-05
2628,1314.000000,0,9.920458e-05
2629,1314.500000,1,8.297798e-05
2630,1315.000000,1,9.487323e-05
2631,1315.500000,1,9.631806e-05
2632,1316.000000,1,8.002657e-05
2633,1316.500000,1,7.271303e-05
2634,1317.000000,0,8.970137e-05
2635,1317.500000,1,8.634399e-05
2636,1318.000000,0,9.719865e-05
2637,1318.500000,1,7.669757e-05
2638,1319.000000,1,8.221406e-05
2639,1319.500000,2,9.177799e-05
2640,1320.000000,1,7.966543e-05
2641,1320.500000,1,6.924178e-05
2642,1321.000000,0,8.068463e-05
2643,1321.500000,0,9.920176e-05
2644,1322.000000,1,9.627928e-05
2645,1322.500000,1,7.984179e-05
2646,1323.000000,1,9.762829e-05
2647,1323.500000,1,7.369107e-05
2648,1324.000000,0,9.669599e-05
2649,1324.500000,1,8.264179e-05
2650,1325.000000,1,8.704229e-05
2651,1325.500000,1,9.898249e-05
2652,1326.000000,1,9.378601e-05
2653,1326.500000,1,8.603683e-05
2654,1327.000000,0,9.909486e-05
2655,1327.500000,1,8.573184e-05
2656,1328.000000,1,8.320278e-05
2657,1328.500000,1,9.731745e-05
2658,1329.000000,1,9.451723e-05
2659,1329.500000,1,9.603934e-05
2660,1330.000000,1,7.778057e-05
2661,1330.500000,0,8.900688e-05
2662,1331.000000,1,9.310765e-05
2663,1331.500000,1,9.711848e-05
2664,1332.000000,1,7.400717e-05
2665,1332.500000,1,9.772897e-05
2666,1333.000000,1,6.904977e-05
2667,1333.500000,0,9.300781e-05
2668,1334.000000,1,7.643712e-05
2669,1334.500000,1,8.325731e-05
2670,1335.000000,1,9.914966e-05
2671,1335.500000,1,9.681077e-05
2672,1336.000000,1,9.765804e-05
2673,1336.500000,2,8.909000e-05
2674,1337.000000,1,8.512906e-05
2675,1337.500000,1,8.415439e-05
2676,1338.000000,1,9.686384e-05
2677,1338.500000,1,9.604037e-05
2678,1339.000000,1,9.847268e-05
2679,1339.500000,1,8.721538e-05
2680,1340.000000,1,7.452409e-05
2681,1340.500000,0,8.608198e-05
2682,1341.000000,0,9.545393e-05
2683,1341.500000,1,7.175975e-05
2684,1342.000000,1,7.020988e-05
2685,1342.500000,0,8.666444e-05
2686,1343.000000,1,8.391550e-05
2687,1343.500000,1,9.702080e-05
2688,1344.000000,1,9.382362e-05
2689,1344.500000,2,9.621988e-05
2690,1345.000000,1,8.982696e-05
2691,1345.500000,1,8.244101e-05
2692,1346.000000,0,9.384937e-05
2693,1346.500000,1,7.648007e-05
2694,1347.000000,1,7.525900e-05
2695,1347.500000,0,8.564923e-05
2696,1348.000000,0,9.862192e-05
2697,1348.500000,2,9.411146e-05
2698,1349.000000,1,9.157867e-05
2699,1349.500000,1,9.039984e-05
2700,1350.000000,1,8.821977e-05
2701,1350.500000,1,7.845576e-05
2702,1351.000000,0,9.536390e-05
2703,1351.500000,1,8.471368e-05
2704,1352.000000,1,8.765438e-05
2705,1352.500000,1,7.334817e-05
2706,1353.000000,0,8.616341e-05
2707,1353.500000,0,9.838096e-05
2708,1354.000000,1,9.167714e-05
2709,1354.500000,1,7.354415e-05
2710,1355.000000,0,8.674693e-05
2711,1355.500000,1,9.856141e-05
2712,1356.000000,1,7.582731e-05
2713,1356.500000,1,9.271557e-05
2714,1357.000000,1,7.639091e-05
2715,1357.500000,1,8.530485e-05
2716,1358.000000,2,9.964395e-05
2717,1358.500000,1,8.720320e-05
2718,1359.000000,1,7.120917e-05
2719,1359.500000,0,8.204958e-05
2720,1360.000000,0,9.605281e-05
2721,1360.500000,1,9.423810e-05
2722,1361.000000,2,9.171257e-05
2723,1361.500000,1,8.638170e-05
2724,1362.000000,1,8.235924e-05
2725,1362.500000,1,7.550366e-05
2726,1363.000000,0,9.187278e-05
2727,1363.500000,1,9.697682e-05
2728,1364.000000,1,9.377282e-05
2729,1364.500000,1,8.143925e-05
2730,1365.000000,0,9.303309e-05
2731,1365.500000,1,7.472517e-05
2732,1366.000000,1,7.304739e-05
2733,1366.500000,0,8.474586e-05
2734,1367.000000,0,9.724949e-05
2735,1367.500000,1,9.969618e-05
2736,1368.000000,1,9.356703e-05
2737,1368.500000,1,9.679470e-05
2738,1369.000000,1,7.260884e-05
2739,1369.500000,0,9.162475e-05
2740,1370.000000,4,9.669702e-05
2741,1370.500000,1,7.477067e-05
2742,1371.000000,0,9.784286e-05
2743,1371.500000,2,9.464475e-05
2744,1372.000000,1,9.814581e-05
2745,1372.500000,1,8.648286e-05
2746,1373.000000,2,9.434597e-05
2747,1373.500000,1,9.782855e-05
2748,1374.000000,1,9.585956e-05
2749,1374.500000,1,8.121303e-05
2750,1375.000000,0,9.358504e-05
2751,1375.500000,1,9.750134e-05
2752,1376.000000,1,8.955748e-05
2753,1376.500000,1,9.806575e-05
2754,1377.000000,1,7.457338e-05
2755,1377.500000,0,9.905202e-05
2756,1378.000000,1,8.957285e-05
2757,1378.500000,1,8.186640e-05
2758,1379.000000,1,8.735139e-05
2759,1379.500000,1,8.974283e-05
2760,1380.000000,1,9.511423e-05
2761,1380.500000,1,7.752048e-05
2762,1381.000000,0,9.348488e-05
2763,1381.500000,1,9.752711e-05
2764,1382.000000,2,9.914891e-05
2765,1382.500000,1,8.055840e-05
2766,1383.000000,0,9.658028e-05
2767,1383.500000,1,9.932287e-05
2768,1384.000000,1,9.058209e-05
2769,1384.500000,1,9.626790e-05
2770,1385.000000,1,7.474018e-05
2771,1385.500000,0,9.637720e-05
2772,1386.000000,1,9.539591e-05
2773,1386.500000,1,9.621508e-05
2774,1387.000000,1,9.926140e-05
2775,1387.500000,1,9.859464e-05
2776,1388.000000,1,7.847376e-05
2777,1388.500000,1,9.819134e-05
2778,1389.000000,2,9.604815e-05
2779,1389.500000,1,9.966631e-05
2780,1390.000000,2,8.926475e-05
2781,1390.500000,1,9.521580e-05
2782,1391.000000,1,9.870167e-05
2783,1391.500000,1,9.992254e-05
2784,1392.000000,1,9.440834e-05
2785,1392.500000,1,9.259051e-05
2786,1393.000000,1,8.500029e-05
2787,1393.500000,2,9.569338e-05
2788,1394.000000,1,8.696265e-05
2789,1394.500000,1,9.624777e-05
2790,1395.000000,1,9.230414e-05
2791,1395.500000,1,9.018462e-05
2792,1396.000000,1,8.499530e-05
2793,1396.500000,1,7.327194e-05
2794,1397.000000,0,8.768142e-05
2795,1397.500000,1,9.940953e-05
2796,1398.000000,1,9.658638e-05
2797,1398.500000,1,9.225068e-05
2798,1399.000000,1,7.585131e-05
2799,1399.500000,0,9.223239e-05
2800,1400.000000,1,7.444156e-05
2801,1400.500000,0,9.859274e-05
2802,1401.000000,1,6.753170e-05
2803,1401.500000,1,8.360178e-05
2804,1402.000000,1,8.752495e-05
2805,1402.500000,1,8.770310e-05
2806,1403.000000,1,9.629922e-05
2807,1403.500000,2,9.475637e-05
2808,1404.000000,1,8.935232e-05
2809,1404.500000,1,8.509066e-05
2810,1405.000000,0,8.749091e-05
2811,1405.500000,0,9.428122e-05
2812,1406.000000,1,7.933848e-05
2813,1406.500000,1,8.130945e-05
2814,1407.000000,0,9.985331e-05
2815,1407.500000,1,8.116237e-05
2816,1408.000000,1,9.403966e-05
2817,1408.500000,1,9.684037e-05
2818,1409.000000,1,8.825538e-05
2819,1409.500000,1,7.279427e-05
2820,1410.000000,0,8.343250e-05
2821,1410.500000,1,8.199245e-05
2822,1411.000000,1,7.702967e-05
2823,1411.500000,0,9.901862e-05
2824,1412.000000,1,7.537319e-05
2825,1412.500000,1,9.013253e-05
2826,1413.000000,1,9.895746e-05
2827,1413.500000,1,9.471808e-05
2828,1414.000000,1,9.729816e-05
2829,1414.500000,1,9.466070e-05
2830,1415.000000,1,8.814946e-05
2831,1415.500000,0,9.203238e-05
2832,1416.000000,1,8.853050e-05
2833,1416.500000,1,9.757163e-05
2834,1417.000000,1,9.319225e-05
2835,1417.500000,1,7.225665e-05
2836,1418.000000,0,9.031521e-05
2837,1418.500000,1,8.396685e-05
2838,1419.000000,0,9.598613e-05
2839,1419.500000,1,9.172517e-05
2840,1420.000000,0,9.400760e-05
2841,1420.500000,0,9.982199e-05
2842,1421.000000,1,8.170910e-05
2843,1421.500000,2,9.087787e-05
2844,1422.000000,1,8.236459e-05
2845,1422.500000,1,9.997005e-05
2846,1423.000000,1,9.811629e-05
2847,1423.500000,1,7.990342e-05
2848,1424.000000,0,9.200837e-05
2849,1424.500000,1,8.255332e-05
2850,1425.000000,1,8.540205e-05
2851,1425.500000,1,9.882586e-05
2852,1426.000000,1,9.770346e-05
2853,1426.500000,1,8.385102e-05
2854,1427.000000,1,8.085309e-05
2855,1427.500000,0,9.243981e-05
2856,1428.000000,1,7.552852e-05
2857,1428.500000,1,8.266708e-05
2858,1429.000000,0,9.201142e-05
2859,1429.500000,1,9.252272e-05
2860,1430.000000,1,8.804116e-05
2861,1430.500000,1,8.193564e-05
2862,1431.000000,0,9.178671e-05
2863,1431.500000,2,9.581187e-05
2864,1432.000000,1,9.665205e-05
2865,1432.500000,1,8.979756e-05
2866,1433.000000,1,7.991666e-05
2867,1433.500000,0,9.230568e-05
2868,1434.000000,1,9.896779e-05
2869,1434.500000,1,9.628731e-05
2870,1435.000000,1,7.871675e-05
2871,1435.500000,0,9.728446e-05
2872,1436.000000,4,9.189481e-05
2873,1436.500000,1,8.204147e-05
2874,1437.000000,0,9.979785e-05
2875,1437.500000,1,8.462214e-05
2876,1438.000000,1,9.825684e-05
2877,1438.500000,1,9.842776e-05
2878,1439.000000,2,9.790161e-05
2879,1439.500000,1,8.290102e-05
2880,1440.000000,0,9.817561e-05
2881,1440.500000,1,8.346391e-05
2882,1441.000000,1,9.519613e-05
2883,1441.500000,1,9.888474e-05
2884,1442.000000,1,9.996733e-05
2885,1442.500000,1,8.148758e-05
2886,1443.000000,0,9.696748e-05
2887,1443.500000,1,9.936237e-05
2888,1444.000000,1,7.892074e-05
2889,1444.500000,0,9.922112e-05
2890,1445.000000,1,8.965858e-05
2891,1445.500000,1,7.691381e-05
2892,1446.000000,0,9.031714e-05
2893,1446.500000,1,6.986621e-05
2894,1447.000000,0,9.130430e-05
2895,1447.500000,1,7.825424e-05
2896,1448.000000,3,9.762831e-05
2897,1448.500000,1,8.996316e-05
2898,1449.000000,2,9.314776e-05
2899,1449.500000,1,8.190754e-05
2900,1450.000000,1,9.106557e-05
2901,1450.500000,1,8.365853e-05
2902,1451.000000,0,9.543310e-05
2903,1451.500000,1,9.932847e-05
2904,1452.000000,2,8.917151e-05
2905,1452.500000,1,8.630637e-05
2906,1453.000000,1,7.630629e-05
2907,1453.500000,0,9.218227e-05
2908,1454.000000,1,7.611487e-05
2909,1454.500000,0,8.572108e-05
2910,1455.000000,1,9.396828e-05
2911,1455.500000,1,8.328259e-05
2912,1456.000000,0,8.953397e-05
2913,1456.500000,1,7.247990e-05
2914,1457.000000,0,9.600747e-05
2915,1457.500000,1,7.369213e-05
2916,1458.000000,0,9.018367e-05
2917,1458.500000,1,8.278450e-05
2918,1459.000000,1,8.661370e-05
2919,1459.500000,1,6.897917e-05
2920,1460.000000,0,8.226540e-05
2921,1460.500000,2,9.750271e-05
2922,1461.000000,1,8.793693e-05
2923,1461.500000,1,8.593689e-05
2924,1462.000000,1,8.454307e-05
2925,1462.500000,1,8.902597e-05
2926,1463.000000,1,9.526984e-05
2927,1463.500000,1,9.990416e-05
2928,1464.000000,1,8.876090e-05
2929,1464.500000,1,8.031407e-05
2930,1465.000000,0,8.411679e-05
2931,1465.500000,0,9.396157e-05
2932,1466.000000,1,9.957130e-05
2933,1466.500000,1,8.915336e-05
2934,1467.000000,1,7.701314e-05
2935,1467.500000,0,8.761648e-05
2936,1468.000000,0,9.665164e-05
2937,1468.500000,1,8.009407e-05
2938,1469.000000,1,7.679075e-05
2939,1469.500000,0,8.867054e-05
2940,1470.000000,1,8.607825e-05
2941,1470.500000,1,7.953895e-05
2942,1471.000000,0,9.652549e-05
2943,1471.500000,1,8.279232e-05
2944,1472.000000,1,8.771099e-05
2945,1472.500000,1,9.993413e-05
2946,1473.000000,1,7.968268e-05
2947,1473.500000,0,9.317567e-05
2948,1474.000000,1,8.032522e-05
2949,1474.500000,2,8.912986e-05
2950,1475.000000,1,7.695254e-05
2951,1475.500000,0,9.761734e-05
2952,1476.000000,1,9.630488e-05
2953,1476.500000,1,8.308165e-05
2954,1477.000000,0,8.989451e-05
2955,1477.500000,1,8.438204e-05
2956,1478.000000,1,8.640063e-05
2957,1478.500000,1,7.604500e-05
2958,1479.000000,0,9.834740e-05
2959,1479.500000,1,8.047101e-05
2960,1480.000000,1,8.959739e-05
2961,1480.500000,1,9.899184e-05
2962,1481.000000,1,9.813782e-05
2963,1481.500000,1,9.573577e-05
2964,1482.000000,1,9.962920e-05
2965,1482.500000,1,9.418249e-05
2966,1483.000000,1,7.709801e-05
2967,1483.500000,1,8.206009e-05
2968,1484.000000,0,9.737060e-05
2969,1484.500000,1,8.353992e-05
2970,1485.000000,1,7.059434e-05
2971,1485.500000,0,8.802475e-05
2972,1486.000000,1,7.917873e-05
2973,1486.500000,2,9.802747e-05
2974,1487.000000,1,9.859335e-05
2975,1487.500000,1,9.730599e-05
2976,1488.000000,2,9.527952e-05
2977,1488.500000,1,8.780166e-05
2978,1489.000000,1,7.877101e-05
2979,1489.500000,0,8.724763e-05
2980,1490.000000,0,9.695578e-05
2981,1490.500000,1,8.470316e-05
2982,1491.000000,1,8.561077e-05
2983,1491.500000,2,9.598828e-05
2984,1492.000000,1,8.931042e-05
2985,1492.500000,1,9.667347e-05
2986,1493.000000,1,8.382463e-05
2987,1493.500000,1,8.028333e-05
2988,1494.000000,0,9.268862e-05
2989,1494.500000,1,6.959444e-05
2990,1495.000000,0,8.956984e-05
2991,1495.500000,1,9.299694e-05
2992,1496.000000,1,6.564348e-05
2993,1496.500000,0,8.409908e-05
2994,1497.000000,1,7.738414e-05
2995,1497.500000,2,9.796683e-05
2996,1498.000000,1,8.284595e-05
2997,1498.500000,2,9.928343e-05
2998,1499.000000,1,7.728161e-05
2999,1499.500000,1,7.424633e-05
3000,1500.000000,0,9.823858e-05
3001,1500.500000,1,8.687358e-05
3002,1501.000000,1,9.922472e-05
3003,1501.500000,1,9.984643e-05
3004,1502.000000,1,8.497631e-05
3005,1502.500000,0,9.739458e-05
3006,1503.000000,1,8.752689e-05
3007,1503.500000,1,8.052067e-05
3008,1504.000000,0,9.544991e-05
3009,1504.500000,1,9.569661e-05
3010,1505.000000,1,8.684126e-05
3011,1505.500000,1,7.771770e-05
3012,1506.000000,0,9.826497e-05
3013,1506.500000,1,9.278795e-05
3014,1507.000000,1,9.938321e-05
3015,1507.500000,1,9.864879e-05
3016,1508.000000,1,7.506987e-05
3017,1508.500000,0,8.259415e-05
3018,1509.000000,1,7.081922e-05
3019,1509.500000,0,9.623120e-05
3020,1510.000000,1,7.135785e-05
3021,1510.500000,2,8.840280e-05
3022,1511.000000,1,7.296538e-05
3023,1511.500000,1,8.829792e-05
3024,1512.000000,1,8.753101e-05
3025,1512.500000,1,9.710864e-05
3026,1513.000000,1,9.441565e-05
3027,1513.500000,1,7.870118e-05
3028,1514.000000,1,7.164982e-05
3029,1514.500000,0,9.044030e-05
3030,1515.000000,1,9.077041e-05
3031,1515.500000,1,7.521929e-05
3032,1516.000000,0,9.250321e-05
3033,1516.500000,1,9.655300e-05
3034,1517.000000,1,8.741964e-05
3035,1517.500000,1,9.746071e-05
3036,1518.000000,1,9.871676e-05
3037,1518.500000,1,9.099397e-05
3038,1519.000000,1,7.754097e-05
3039,1519.500000,1,9.042782e-05
3040,1520.000000,1,9.474681e-05
3041,1520.500000,1,7.269880e-05
3042,1521.000000,0,8.873000e-05
3043,1521.500000,1,9.564493e-05
3044,1522.000000,1,9.777715e-05
3045,1522.500000,1,9.229777e-05
3046,1523.000000,1,9.644366e-05
3047,1523.500000,1,9.915111e-05
3048,1524.000000,1,9.105149e-05
3049,1524.500000,1,7.967261e-05
3050,1525.000000,0,9.619420e-05
3051,1525.500000,1,9.888015e-05
3052,1526.000000,1,8.121388e-05
3053,1526.500000,0,9.569932e-05
3054,1527.000000,1,8.964278e-05
3055,1527.500000,1,9.276633e-05
3056,1528.000000,1,9.689057e-05
3057,1528.500000,1,9.494885e-05
3058,1529.000000,1,8.391837e-05
3059,1529.500000,1,9.559395e-05
3060,1530.000000,1,9.743402e-05
3061,1530.500000,1,7.716718e-05
3062,1531.000000,1,8.560800e-05
3063,1531.500000,1,9.383803e-05
3064,1532.000000,1,8.876876e-05
3065,1532.500000,1,9.414810e-05
3066,1533.000000,1,9.821541e-05
3067,1533.500000,1,7.688334e-05
3068,1534.000000,0,8.956875e-05
3069,1534.500000,1,9.955950e-05
3070,1535.000000,1,9.759564e-05
3071,1535.500000,1,8.057499e-05
3072,1536.000000,1,7.102822e-05
3073,1536.500000,0,8.812916e-05
3074,1537.000000,1,7.061320e-05
3075,1537.500000,0,9.016262e-05
3076,1538.000000,1,9.908062e-05
3077,1538.500000,2,9.975116e-05
3078,1539.000000,1,9.251835e-05
3079,1539.500000,1,8.103343e-05
3080,1540.000000,0,8.925123e-05
3081,1540.500000,0,9.973522e-05
3082,1541.000000,1,8.297239e-05
3083,1541.500000,1,7.779222e-05
3084,1542.000000,0,8.990565e-05
3085,1542.500000,1,9.877922e-05
3086,1543.000000,1,7.886726e-05
3087,1543.500000,1,8.370982e-05
3088,1544.000000,0,9.782406e-05
3089,1544.500000,1,7.905350e-05
3090,1545.000000,1,8.908243e-05
3091,1545.500000,1,8.768285e-05
3092,1546.000000,1,9.331705e-05
3093,1546.500000,1,9.778801e-05
3094,1547.000000,1,9.836307e-05
3095,1547.500000,1,8.472536e-05
3096,1548.000000,1,7.625486e-05
3097,1548.500000,0,9.273515e-05
3098,1549.000000,1,9.402737e-05
3099,1549.500000,1,9.329250e-05
3100,1550.000000,1,8.530788e-05
3101,1550.500000,0,9.963447e-05
3102,1551.000000,1,8.550157e-05
3103,1551.500000,2,9.423539e-05
3104,1552.000000,1,8.368197e-05
3105,1552.500000,1,7.548034e-05
3106,1553.000000,1,9.232315e-05
3107,1553.500000,1,9.331877e-05
3108,1554.000000,1,9.058997e-05
3109,1554.500000,1,9.694891e-05
3110,1555.000000,1,8.770184e-05
3111,1555.500000,1,7.637071e-05
3112,1556.000000,0,9.418662e-05
3113,1556.500000,1,9.377245e-05
3114,1557.000000,1,9.803521e-05
3115,1557.500000,1,8.713584e-05
3116,1558.000000,1,8.416554e-05
3117,1558.500000,1,7.148277e-05
3118,1559.000000,0,8.801238e-05
3119,1559.500000,1,9.871627e-05
3120,1560.000000,1,8.702510e-05
3121,1560.500000,0,9.696946e-05
3122,1561.000000,1,8.975654e-05
3123,1561.500000,1,8.277856e-05
3124,1562.000000,0,9.333490e-05
3125,1562.500000,1,7.626345e-05
3126,1563.000000,0,9.968176e-05
3127,1563.500000,1,8.319037e-05
3128,1564.000000,1,6.612192e-05
3129,1564.500000,0,8.822246e-05
3130,1565.000000,1,9.059980e-05
3131,1565.500000,1,8.510243e-05
3132,1566.000000,1,9.706880e-05
3133,1566.500000,2,9.283784e-05
3134,1567.000000,1,9.243931e-05
3135,1567.500000,1,9.482432e-05
3136,1568.000000,1,7.449243e-05
3137,1568.500000,0,9.292241e-05
3138,1569.000000,1,9.881051e-05
3139,1569.500000,1,9.375414e-05
3140,1570.000000,1,8.513093e-05
3141,1570.500000,1,7.520145e-05
3142,1571.000000,0,9.187373e-05
3143,1571.500000,1,9.419702e-05
3144,1572.000000,1,8.434665e-05
3145,1572.500000,2,9.234233e-05
3146,1573.000000,1,7.510656e-05
3147,1573.500000,1,8.479363e-05
3148,1574.000000,1,7.601078e-05
3149,1574.500000,0,9.177364e-05
3150,1575.000000,1,7.692078e-05
3151,1575.500000,2,9.926120e-05
3152,1576.000000,1,9.246156e-05
3153,1576.500000,3,9.728354e-05
3154,1577.000000,1,9.674939e-05
3155,1577.500000,1,8.005771e-05
3156,1578.000000,1,7.482459e-05
3157,1578.500000,1,9.929970e-05
3158,1579.000000,1,6.574521e-05
3159,1579.500000,0,9.034065e-05
3160,1580.000000,1,8.067617e-05
3161,1580.500000,1,6.621973e-05
3162,1581.000000,0,8.111321e-05
3163,1581.500000,2,9.922613e-05
3164,1582.000000,2,9.655835e-05
3165,1582.500000,1,9.383094e-05
3166,1583.000000,1,9.709378e-05
3167,1583.500000,1,9.909515e-05
3168,1584.000000,1,9.368265e-05
3169,1584.500000,1,9.681965e-05
3170,1585.000000,1,8.819987e-05
3171,1585.500000,1,9.299839e-05
3172,1586.000000,1,8.178950e-05
3173,1586.500000,0,9.724881e-05
3174,1587.000000,1,9.099370e-05
3175,1587.500000,0,9.727123e-05
3176,1588.000000,1,8.277469e-05
3177,1588.500000,1,9.185546e-05
3178,1589.000000,1,8.690549e-05
3179,1589.500000,1,7.947299e-05
3180,1590.000000,1,9.065905e-05
3181,1590.500000,1,9.355515e-05
3182,1591.000000,1,9.359640e-05
3183,1591.500000,1,9.344520e-05
3184,1592.000000,1,9.086239e-05
3185,1592.500000,1,8.241907e-05
3186,1593.000000,1,8.415151e-05
3187,1593.500000,1,9.178194e-05
3188,1594.000000,1,9.176753e-05
3189,1594.500000,1,7.073500e-05
3190,1595.000000,0,8.296810e-05
3191,1595.500000,0,9.990188e-05
3192,1596.000000,1,9.797618e-05
3193,1596.500000,1,8.069936e-05
3194,1597.000000,1,9.413976e-05
3195,1597.500000,1,7.726665e-05
3196,1598.000000,0,9.844799e-05
3197,1598.500000,1,9.804074e-05
3198,1599.000000,1,9.533557e-05
3199,1599.500000,1,9.121981e-05
3200,1600.000000,1,9.709370e-05
3201,1600.500000,1,9.999220e-05
3202,1601.000000,2,9.741022e-05
3203,1601.500000,1,8.793736e-05
3204,1602.000000,1,7.274604e-05
3205,1602.500000,0,8.273069e-05
3206,1603.000000,0,9.938921e-05
3207,1603.500000,1,7.340017e-05
3208,1604.000000,1,7.340691e-05
3209,1604.500000,1,9.181041e-05
3210,1605.000000,1,8.916799e-05
3211,1605.500000,1,9.685697e-05
3212,1606.000000,2,9.421527e-05
3213,1606.500000,1,9.772412e-05
3214,1607.000000,1,9.688686e-05
3215,1607.500000,1,7.758553e-05
3216,1608.000000,1,8.550623e-05
3217,1608.500000,1,9.876947e-05
3218,1609.000000,1,9.581380e-05
3219,1609.500000,1,7.844698e-05
3220,1610.000000,0,8.505448e-05
3221,1610.500000,0,9.623368e-05
3222,1611.000000,2,9.184531e-05
3223,1611.500000,1,8.628394e-05
3224,1612.000000,1,9.013519e-05
3225,1612.500000,0,9.890247e-05
3226,1613.000000,1,8.394022e-05
3227,1613.500000,1,9.123399e-05
3228,1614.000000,1,9.344619e-05
3229,1614.500000,1,8.565674e-05
3230,1615.000000,1,7.677879e-05
3231,1615.500000,0,9.002629e-05
3232,1616.000000,0,9.971274e-05
3233,1616.500000,1,9.327258e-05
3234,1617.000000,1,8.431111e-05
3235,1617.500000,1,9.732970e-05
3236,1618.000000,1,9.530181e-05
3237,1618.500000,1,9.723056e-05
3238,1619.000000,1,9.647644e-05
3239,1619.500000,1,8.095555e-05
3240,1620.000000,0,9.429610e-05
3241,1620.500000,1,9.645499e-05
3242,1621.000000,1,7.249426e-05
3243,1621.500000,0,9.052446e-05
3244,1622.000000,1,9.836825e-05
3245,1622.500000,1,7.709131e-05
3246,1623.000000,1,8.328530e-05
3247,1623.500000,0,9.634589e-05
3248,1624.000000,1,7.492202e-05
3249,1624.500000,1,9.363576e-05
3250,1625.000000,1,8.729447e-05
3251,1625.500000,1,9.467817e-05
3252,1626.000000,1,7.903754e-05
3253,1626.500000,0,9.277092e-05
3254,1627.000000,1,8.141028e-05
3255,1627.500000,2,9.992470e-05
3256,1628.000000,1,7.585244e-05
3257,1628.500000,0,9.522322e-05
3258,1629.000000,1,8.559042e-05
3259,1629.500000,1,7.894869e-05
3260,1630.000000,1,7.318564e-05
3261,1630.500000,0,9.689838e-05
3262,1631.000000,2,9.854043e-05
3263,1631.500000,1,9.228763e-05
3264,1632.000000,3,9.559737e-05
3265,1632.500000,2,8.642983e-05
3266,1633.000000,1,9.527844e-05
3267,1633.500000,1,9.890617e-05
3268,1634.000000,1,9.600827e-05
3269,1634.500000,1,8.634939e-05
3270,1635.000000,1,7.617113e-05
3271,1635.500000,0,8.719244e-05
3272,1636.000000,0,9.707877e-05
3273,1636.500000,1,8.263221e-05
3274,1637.000000,1,8.601187e-05
3275,1637.500000,0,9.940402e-05
3276,1638.000000,2,9.567017e-05
3277,1638.500000,1,8.965546e-05
3278,1639.000000,2,9.532657e-05
3279,1639.500000,1,9.232003e-05
3280,1640.000000,1,7.909983e-05
3281,1640.500000,0,9.700635e-05
3282,1641.000000,2,8.690043e-05
3283,1641.500000,1,9.468652e-05
3284,1642.000000,1,8.790343e-05
3285,1642.500000,1,9.607601e-05
3286,1643.000000,1,9.494248e-05
3287,1643.500000,0,9.837461e-05
3288,1644.000000,1,7.339086e-05
3289,1644.500000,1,9.016747e-05
3290,1645.000000,1,9.826272e-05
3291,1645.500000,1,9.591777e-05
3292,1646.000000,1,9.950076e-05
3293,1646.500000,1,9.651153e-05
3294,1647.000000,1,8.825286e-05
3295,1647.500000,0,9.320962e-05
3296,1648.000000,1,8.509108e-05
3297,1648.500000,1,8.667272e-05
3298,1649.000000,1,9.522746e-05
3299,1649.500000,1,9.705786e-05
3300,1650.000000,1,9.844004e-05
3301,1650.500000,1,7.695403e-05
3302,1651.000000,1,7.213208e-05
3303,1651.500000,0,8.058842e-05
3304,1652.000000,0,9.251184e-05
3305,1652.500000,1,7.888023e-05
3306,1653.000000,1,9.626962e-05
3307,1653.500000,1,9.710451e-05
3308,1654.000000,1,9.535891e-05
3309,1654.500000,1,9.801917e-05
3310,1655.000000,1,9.980283e-05
3311,1655.500000,1,8.814960e-05
3312,1656.000000,1,7.882890e-05
3313,1656.500000,0,9.454005e-05
3314,1657.000000,1,9.222096e-05
3315,1657.500000,1,9.610558e-05
3316,1658.000000,1,9.224694e-05
3317,1658.500000,1,7.894520e-05
3318,1659.000000,0,9.399190e-05
3319,1659.500000,1,8.230711e-05
3320,1660.000000,1,7.833789e-05
3321,1660.500000,0,9.365102e-05
3322,1661.000000,1,6.917922e-05
3323,1661.500000,0,9.924975e-05
3324,1662.000000,4,9.065843e-05
3325,1662.500000,3,9.712351e-05
3326,1663.000000,1,9.142756e-05
3327,1663.500000,2,8.991692e-05
3328,1664.000000,1,8.715709e-05
3329,1664.500000,1,9.089541e-05
3330,1665.000000,2,9.137818e-05
3331,1665.500000,1,9.583992e-05
3332,1666.000000,1,9.206898e-05
3333,1666.500000,1,7.617135e-05
3334,1667.000000,0,8.677963e-05
3335,1667.500000,0,9.808839e-05
3336,1668.000000,1,8.879056e-05
3337,1668.500000,1,9.189795e-05
3338,1669.000000,1,7.655013e-05
3339,1669.500000,0,9.458201e-05
3340,1670.000000,1,9.113549e-05
3341,1670.500000,1,8.874033e-05
3342,1671.000000,1,7.984125e-05
3343,1671.500000,0,9.397958e-05
3344,1672.000000,1,6.897024e-05
3345,1672.500000,0,9.770048e-05
3346,1673.000000,1,6.721713e-05
3347,1673.500000,0,8.929263e-05
3348,1674.000000,1,9.003756e-05
3349,1674.500000,2,9.348370e-05
3350,1675.000000,1,9.485132e-05
3351,1675.500000,1,9.798299e-05
3352,1676.000000,1,9.323529e-05
3353,1676.500000,1,9.659619e-05
3354,1677.000000,1,9.697372e-05
3355,1677.500000,1,8.987457e-05
3356,1678.000000,2,8.621959e-05
3357,1678.500000,1,7.964919e-05
3358,1679.000000,0,9.881688e-05
3359,1679.500000,1,9.494752e-05
3360,1680.000000,1,8.558090e-05
3361,1680.500000,0,9.713279e-05
3362,1681.000000,1,8.904194e-05
3363,1681.500000,1,9.409038e-05
3364,1682.000000,1,9.723648e-05
3365,1682.500000,1,9.038583e-05
3366,1683.000000,1,9.635042e-05
3367,1683.500000,1,9.952652e-05
3368,1684.000000,2,9.496323e-05
3369,1684.500000,1,8.909326e-05
3370,1685.000000,1,9.708891e-05
3371,1685.500000,1,7.809174e-05
3372,1686.000000,0,9.747321e-05
3373,1686.500000,1,9.704335e-05
3374,1687.000000,1,9.091325e-05
3375,1687.500000,2,9.196937e-05
3376,1688.000000,1,9.363629e-05
3377,1688.500000,1,8.335729e-05
3378,1689.000000,1,7.092746e-05
3379,1689.500000,0,8.705871e-05
3380,1690.000000,1,7.677220e-05
3381,1690.500000,1,8.627712e-05
3382,1691.000000,1,9.729117e-05
3383,1691.500000,1,8.990945e-05
3384,1692.000000,1,9.911092e-05
3385,1692.500000,1,9.800318e-05
3386,1693.000000,1,8.668394e-05
3387,1693.500000,1,7.998115e-05
3388,1694.000000,0,9.097243e-05
3389,1694.500000,0,9.869603e-05
3390,1695.000000,1,9.563090e-05
3391,1695.500000,1,9.321493e-05
3392,1696.000000,2,9.585188e-05
3393,1696.500000,1,8.103442e-05
3394,1697.000000,1,9.029459e-05
3395,1697.500000,1,8.200701e-05
3396,1698.000000,0,9.319810e-05
3397,1698.500000,2,9.769992e-05
3398,1699.000000,1,9.028372e-05
3399,1699.500000,1,9.497706e-05
3400,1700.000000,1,7.882532e-05
3401,1700.500000,1,7.809561e-05
3402,1701.000000,0,9.131711e-05
3403,1701.500000,1,9.755395e-05
3404,1702.000000,1,8.897294e-05
3405,1702.500000,1,7.384555e-05
3406,1703.000000,0,8.445642e-05
3407,1703.500000,1,7.080193e-05
3408,1704.000000,0,9.113506e-05
3409,1704.500000,1,8.088387e-05
3410,1705.000000,1,9.780840e-05
3411,1705.500000,1,6.649773e-05
3412,1706.000000,0,8.776438e-05
3413,1706.500000,1,9.519196e-05
3414,1707.000000,1,8.637943e-05
3415,1707.500000,1,9.896867e-05
3416,1708.000000,1,9.045404e-05
3417,1708.500000,1,9.624949e-05
3418,1709.000000,1,9.137293e-05
3419,1709.500000,2,9.799367e-05
3420,1710.000000,1,7.505085e-05
3421,1710.500000,0,9.392005e-05
3422,1711.000000,1,7.946160e-05
3423,1711.500000,1,7.927638e-05
3424,1712.000000,0,9.709866e-05
3425,1712.500000,1,7.073452e-05
3426,1713.000000,0,8.878492e-05
3427,1713.500000,1,8.615943e-05
3428,1714.000000,1,8.186231e-05
3429,1714.500000,1,9.573600e-05
3430,1715.000000,1,9.733521e-05
3431,1715.500000,2,8.601705e-05
3432,1716.000000,1,9.089753e-05
3433,1716.500000,1,7.953393e-05
3434,1717.000000,1,7.655497e-05
3435,1717.500000,0,9.851523e-05
3436,1718.000000,2,8.911126e-05
3437,1718.500000,2,9.982556e-05
3438,1719.000000,1,9.364097e-05
3439,1719.500000,1,9.933432e-05
3440,1720.000000,1,9.823933e-05
3441,1720.500000,1,8.969890e-05
3442,1721.000000,1,9.256660e-05
3443,1721.500000,1,8.743728e-05
3444,1722.000000,1,9.826229e-05
3445,1722.500000,2,9.873138e-05
3446,1723.000000,1,8.162891e-05
3447,1723.500000,1,8.164941e-05
3448,1724.000000,1,7.914185e-05
3449,1724.500000,1,9.153765e-05
3450,1725.000000,1,6.365643e-05
3451,1725.500000,0,8.375009e-05
3452,1726.000000,1,8.302186e-05
3453,1726.500000,0,9.472625e-05
3454,1727.000000,1,6.538271e-05
3455,1727.500000,2,9.205373e-05
3456,1728.000000,1,8.720404e-05
3457,1728.500000,1,6.298037e-05
3458,1729.000000,0,8.502117e-05
3459,1729.500000,1,9.898202e-05
3460,1730.000000,1,7.589574e-05
3461,1730.500000,1,9.163449e-05
3462,1731.000000,1,9.422279e-05
3463,1731.500000,1,9.570277e-05
3464,1732.000000,1,7.720363e-05
3465,1732.500000,0,9.781216e-05
3466,1733.000000,1,8.444515e-05
3467,1733.500000,0,9.612512e-05
3468,1734.000000,1,8.736954e-05
3469,1734.500000,1,9.285006e-05
3470,1735.000000,1,9.416533e-05
3471,1735.500000,1,9.648943e-05
3472,1736.000000,2,9.551311e-05
3473,1736.500000,1,8.770307e-05
3474,1737.000000,1,7.747364e-05
3475,1737.500000,0,9.073200e-05
3476,1738.000000,1,9.255480e-05
3477,1738.500000,1,8.147887e-05
3478,1739.000000,1,8.787548e-05
3479,1739.500000,1,8.261295e-05
3480,1740.000000,1,8.983829e-05
3481,1740.500000,1,9.318977e-05
3482,1741.000000,1,9.969001e-05
3483,1741.500000,1,8.184538e-05
3484,1742.000000,1,8.877007e-05
3485,1742.500000,2,9.303072e-05
3486,1743.000000,1,8.160168e-05
3487,1743.500000,1,9.094631e-05
3488,1744.000000,1,8.076583e-05
3489,1744.500000,0,9.510679e-05
3490,1745.000000,1,9.369345e-05
3491,1745.500000,1,7.128445e-05
3492,1746.000000,0,9.111887e-05
3493,1746.500000,1,8.507878e-05
3494,1747.000000,2,9.600038e-05
3495,1747.500000,1,7.765899e-05
3496,1748.000000,0,9.727001e-05
3497,1748.500000,1,8.715506e-05
3498,1749.000000,1,7.858673e-05
3499,1749.500000,0,9.032998e-05
3500,1750.000000,1,8.243287e-05
3501,1750.500000,1,8.634228e-05
3502,1751.000000,1,7.396616e-05
3503,1751.500000,0,9.339785e-05
3504,1752.000000,1,9.332903e-05
3505,1752.500000,1,7.406730e-05
3506,1753.000000,0,9.003617e-05
3507,1753.500000,1,8.319108e-05
3508,1754.000000,1,9.139298e-05
3509,1754.500000,1,9.851050e-05
3510,1755.000000,1,9.048123e-05
3511,1755.500000,1,9.366827e-05
3512,1756.000000,1,9.313379e-05
3513,1756.500000,1,9.280812e-05
3514,1757.000000,1,9.430815e-05
3515,1757.500000,1,9.777192e-05
3516,1758.000000,1,9.887817e-05
3517,1758.500000,1,9.951754e-05
3518,1759.000000,1,8.301294e-05
3519,1759.500000,0,9.956214e-05
3520,1760.000000,1,9.024924e-05
3521,1760.500000,1,8.617653e-05
3522,1761.000000,0,9.821042e-05
3523,1761.500000,1,9.747886e-05
3524,1762.000000,1,8.652560e-05
3525,1762.500000,1,9.570731e-05
3526,1763.000000,1,6.732406e-05
3527,1763.500000,0,8.703273e-05
3528,1764.000000,2,9.798413e-05
3529,1764.500000,1,7.765827e-05
3530,1765.000000,1,8.296704e-05
3531,1765.500000,1,8.539024e-05
3532,1766.000000,1,8.831126e-05
3533,1766.500000,1,9.321379e-05
3534,1767.000000,1,9.977528e-05
3535,1767.500000,1,9.628904e-05
3536,1768.000000,1,8.608203e-05
3537,1768.500000,1,7.705590e-05
3538,1769.000000,0,9.629857e-05
3539,1769.500000,1,9.683315e-05
3540,1770.000000,1,7.691273e-05
3541,1770.500000,1,9.856400e-05
3542,1771.000000,1,9.349607e-05
3543,1771.500000,2,9.893517e-05
3544,1772.000000,1,7.681460e-05
3545,1772.500000,1,7.643644e-05
3546,1773.000000,0,9.922869e-05
3547,1773.500000,1,7.418165e-05
3548,1774.000000,2,9.953536e-05
3549,1774.500000,2,8.901435e-05
3550,1775.000000,2,9.546370e-05
3551,1775.500000,1,9.153049e-05
3552,1776.000000,1,9.733199e-05
3553,1776.500000,2,9.115214e-05
3554,1777.000000,1,7.763725e-05
3555,1777.500000,0,9.858541e-05
3556,1778.000000,1,9.114108e-05
3557,1778.500000,1,8.798513e-05
3558,1779.000000,2,9.135010e-05
3559,1779.500000,1,7.756527e-05
3560,1780.000000,1,9.135048e-05
3561,1780.500000,1,8.435115e-05
3562,1781.000000,1,7.834927e-05
3563,1781.500000,0,9.556342e-05
3564,1782.000000,1,9.526240e-05
3565,1782.500000,0,9.636699e-05
3566,1783.000000,1,9.420670e-05
3567,1783.500000,1,7.940339e-05
3568,1784.000000,1,7.527140e-05
3569,1784.500000,0,8.548032e-05
3570,1785.000000,0,9.276933e-05
3571,1785.500000,0,9.883092e-05
3572,1786.000000,1,7.361274e-05
3573,1786.500000,0,9.660021e-05
3574,1787.000000,1,8.484149e-05
3575,1787.500000,2,9.326323e-05
3576,1788.000000,1,9.250041e-05
3577,1788.500000,1,9.199314e-05
3578,1789.000000,1,8.482154e-05
3579,1789.500000,0,9.520225e-05
3580,1790.000000,1,7.636799e-05
3581,1790.500000,0,9.798460e-05
3582,1791.000000,1,8.542400e-05
3583,1791.500000,1,7.847418e-05
3584,1792.000000,1,9.261853e-05
3585,1792.500000,1,8.699289e-05
3586,1793.000000,1,9.729382e-05
3587,1793.500000,1,9.768139e-05
3588,1794.000000,1,8.633436e-05
3589,1794.500000,1,7.766591e-05
3590,1795.000000,0,9.472555e-05
3591,1795.500000,1,9.625892e-05
3592,1796.000000,1,8.617809e-05
3593,1796.500000,1,7.821419e-05
3594,1797.000000,0,9.085829e-05
3595,1797.500000,1,7.364771e-05
3596,1798.000000,0,8.370453e-05
3597,1798.500000,1,7.639378e-05
3598,1799.000000,2,8.959139e-05
3599,1799.500000,1,7.708683e-05
3600,1800.000000,1,9.108980e-05
3601,1800.500000,1,8.747343e-05
3602,1801.000000,1,9.427390e-05
3603,1801.500000,1,9.690044e-05
3604,1802.000000,1,9.315239e-05
3605,1802.500000,2,9.321354e-05
3606,1803.000000,1,9.501607e-05
3607,1803.500000,1,8.840035e-05
3608,1804.000000,1,9.591870e-05
3609,1804.500000,1,8.615936e-05
3610,1805.000000,1,8.317820e-05
3611,1805.500000,0,9.956433e-05
3612,1806.000000,1,7.909967e-05
3613,1806.500000,2,8.877947e-05
3614,1807.000000,1,8.544593e-05
3615,1807.500000,1,8.653827e-05
3616,1808.000000,1,7.512699e-05
3617,1808.500000,0,9.596260e-05
3618,1809.000000,1,6.712762e-05
3619,1809.500000,0,8.055484e-05
3620,1810.000000,1,7.831129e-05
3621,1810.500000,2,8.755472e-05
3622,1811.000000,1,9.533139e-05
3623,1811.500000,1,8.557886e-05
3624,1812.000000,1,9.911049e-05
3625,1812.500000,2,9.133321e-05
3626,1813.000000,1,8.531075e-05
3627,1813.500000,1,7.844209e-05
3628,1814.000000,2,9.911795e-05
3629,1814.500000,1,8.342504e-05
3630,1815.000000,1,8.380072e-05
3631,1815.500000,0,9.891616e-05
3632,1816.000000,1,7.357199e-05
3633,1816.500000,0,9.549758e-05
3634,1817.000000,1,7.723926e-05
3635,1817.500000,1,7.435330e-05
3636,1818.000000,0,9.643838e-05
3637,1818.500000,1,7.650697e-05
3638,1819.000000,1,7.435688e-05
3639,1819.500000,0,9.496644e-05
3640,1820.000000,1,8.864650e-05
3641,1820.500000,1,9.662603e-05
3642,1821.000000,1,8.053972e-05
3643,1821.500000,0,9.711483e-05
3644,1822.000000,1,7.351693e-05
3645,1822.500000,0,9.771277e-05
3646,1823.000000,1,7.598570e-05
3647,1823.500000,0,9.898518e-05
3648,1824.000000,1,8.179574e-05
3649,1824.500000,2,9.605540e-05
3650,1825.000000,1,8.044773e-05
3651,1825.500000,1,6.203677e-05
3652,1826.000000,0,7.608779e-05
3653,1826.500000,0,9.963258e-05
3654,1827.000000,1,7.234116e-05
3655,1827.500000,1,7.659145e-05
3656,1828.000000,1,9.505402e-05
3657,1828.500000,1,9.931911e-05
3658,1829.000000,1,9.197747e-05
3659,1829.500000,1,8.169845e-05
3660,1830.000000,0,9.469800e-05
3661,1830.500000,1,8.878263e-05
3662,1831.000000,1,8.792141e-05
3663,1831.500000,1,9.935130e-05
3664,1832.000000,1,9.901683e-05
3665,1832.500000,1,9.757562e-05
3666,1833.000000,2,9.454673e-05
3667,1833.500000,1,8.348825e-05
3668,1834.000000,1,7.185234e-05
3669,1834.500000,0,8.234729e-05
3670,1835.000000,0,9.225936e-05
3671,1835.500000,1,8.786950e-05
3672,1836.000000,0,8.792531e-05
3673,1836.500000,0,9.240774e-05
3674,1837.000000,0,9.976778e-05
3675,1837.500000,1,8.021899e-05
3676,1838.000000,1,8.878484e-05
3677,1838.500000,1,7.275471e-05
3678,1839.000000,0,8.515039e-05
3679,1839.500000,1,7.184734e-05
3680,1840.000000,0,9.154228e-05
3681,1840.500000,1,8.907543e-05
3682,1841.000000,1,8.645583e-05
3683,1841.500000,2,9.985309e-05
3684,1842.000000,1,7.969290e-05
3685,1842.500000,1,7.202010e-05
3686,1843.000000,0,8.617770e-05
3687,1843.500000,1,7.332524e-05
3688,1844.000000,0,9.051696e-05
3689,1844.500000,1,8.838619e-05
3690,1845.000000,1,9.013070e-05
3691,1845.500000,1,7.477002e-05
3692,1846.000000,0,8.916277e-05
3693,1846.500000,2,9.619735e-05
3694,1847.000000,2,9.443575e-05
3695,1847.500000,1,9.790171e-05
3696,1848.000000,1,8.096753e-05
3697,1848.500000,1,9.467572e-05
3698,1849.000000,1,9.783111e-05
3699,1849.500000,1,9.830693e-05
3700,1850.000000,1,8.691408e-05
3701,1850.500000,1,7.614626e-05
3702,1851.000000,0,9.174004e-05
3703,1851.500000,1,8.853202e-05
3704,1852.000000,1,7.326429e-05
3705,1852.500000,0,9.312948e-05
3706,1853.000000,1,8.173754e-05
3707,1853.500000,1,7.519967e-05
3708,1854.000000,0,8.894510e-05
3709,1854.500000,1,9.153216e-05
3710,1855.000000,0,9.357403e-05
3711,1855.500000,0,9.765943e-05
3712,1856.000000,1,9.292156e-05
3713,1856.500000,1,8.475645e-05
3714,1857.000000,1,9.851652e-05
3715,1857.500000,1,7.652256e-05
3716,1858.000000,1,8.203731e-05
3717,1858.500000,0,9.992605e-05
3718,1859.000000,1,9.191853e-05
3719,1859.500000,1,8.348040e-05
3720,1860.000000,1,9.311533e-05
3721,1860.500000,1,9.354576e-05
3722,1861.000000,1,9.776523e-05
3723,1861.500000,1,9.695468e-05
3724,1862.000000,1,9.017479e-05
3725,1862.500000,1,7.597247e-05
3726,1863.000000,0,8.863743e-05
3727,1863.500000,1,9.630011e-05
3728,1864.000000,1,7.246665e-05
3729,1864.500000,0,9.486790e-05
3730,1865.000000,1,7.774613e-05
3731,1865.500000,1,8.275994e-05
3732,1866.000000,1,9.770262e-05
3733,1866.500000,1,9.734300e-05
3734,1867.000000,2,8.833778e-05
3735,1867.500000,1,9.417633e-05
3736,1868.000000,1,8.556160e-05
3737,1868.500000,1,7.552534e-05
3738,1869.000000,0,9.047957e-05
3739,1869.500000,1,9.117006e-05
3740,1870.000000,0,9.758544e-05
3741,1870.500000,1,8.310122e-05
3742,1871.000000,1,6.931076e-05
3743,1871.500000,0,8.406068e-05
3744,1872.000000,1,7.508998e-05
3745,1872.500000,0,9.448949e-05
3746,1873.000000,2,9.009443e-05
3747,1873.500000,1,9.149468e-05
3748,1874.000000,1,8.851989e-05
3749,1874.500000,1,7.675098e-05
3750,1875.000000,1,8.421548e-05
3751,1875.500000,1,8.806237e-05
3752,1876.000000,1,9.774391e-05
3753,1876.500000,1,9.876286e-05
3754,1877.000000,1,9.802585e-05
3755,1877.500000,1,8.282002e-05
3756,1878.000000,0,9.938512e-05
3757,1878.500000,1,9.463394e-05
3758,1879.000000,1,7.882341e-05
3759,1879.500000,0,9.202505e-05
3760,1880.000000,1,8.512781e-05
3761,1880.500000,1,9.608655e-05
3762,1881.000000,2,9.567655e-05
3763,1881.500000,1,8.169833e-05
3764,1882.000000,0,9.578487e-05
3765,1882.500000,1,7.693167e-05
3766,1883.000000,0,9.496082e-05
3767,1883.500000,1,7.837860e-05
3768,1884.000000,3,9.664386e-05
3769,1884.500000,1,9.758354e-05
3770,1885.000000,1,7.727999e-05
3771,1885.500000,1,8.255166e-05
3772,1886.000000,1,9.588741e-05
3773,1886.500000,1,9.303372e-05
3774,1887.000000,1,8.897492e-05
3775,1887.500000,1,8.781569e-05
3776,1888.000000,1,9.568399e-05
3777,1888.500000,1,9.506605e-05
3778,1889.000000,1,9.559386e-05
3779,1889.500000,1,9.757209e-05
3780,1890.000000,1,9.999041e-05
3781,1890.500000,1,9.908998e-05
3782,1891.000000,2,9.682051e-05
3783,1891.500000,1,9.259960e-05
3784,1892.000000,1,9.835820e-05
3785,1892.500000,1,8.417648e-05
3786,1893.000000,1,8.675464e-05
3787,1893.500000,1,9.717905e-05
3788,1894.000000,1,9.954075e-05
3789,1894.500000,1,7.705779e-05
3790,1895.000000,1,6.373731e-05
3791,1895.500000,0,8.019024e-05
3792,1896.000000,2,9.286912e-05
3793,1896.500000,1,8.880588e-05
3794,1897.000000,1,8.792726e-05
3795,1897.500000,1,8.125220e-05
3796,1898.000000,1,8.057902e-05
3797,1898.500000,1,8.030285e-05
3798,1899.000000,1,8.409623e-05
3799,1899.500000,1,9.013205e-05
3800,1900.000000,1,9.880867e-05
3801,1900.500000,1,9.883620e-05
3802,1901.000000,2,9.404349e-05
3803,1901.500000,1,8.791809e-05
3804,1902.000000,1,7.804005e-05
3805,1902.500000,0,8.866416e-05
3806,1903.000000,0,9.913912e-05
3807,1903.500000,1,9.822432e-05
3808,1904.000000,1,9.107456e-05
3809,1904.500000,1,8.040456e-05
3810,1905.000000,0,9.708143e-05
3811,1905.500000,1,8.829951e-05
3812,1906.000000,1,7.875365e-05
3813,1906.500000,0,9.644664e-05
3814,1907.000000,2,9.339641e-05
3815,1907.500000,1,9.190349e-05
3816,1908.000000,1,9.616254e-05
3817,1908.500000,1,8.886844e-05
3818,1909.000000,1,9.754484e-05
3819,1909.500000,1,8.342793e-05
3820,1910.000000,1,7.591717e-05
3821,1910.500000,0,8.743076e-05
3822,1911.000000,0,9.844639e-05
3823,1911.500000,1,9.129617e-05
3824,1912.000000,1,7.383058e-05
3825,1912.500000,0,8.117721e-05
3826,1913.000000,0,9.673850e-05
3827,1913.500000,1,8.596378e-05
3828,1914.000000,1,7.489627e-05
3829,1914.500000,0,9.765492e-05
3830,1915.000000,1,8.106115e-05
3831,1915.500000,1,8.058178e-05
3832,1916.000000,1,6.484148e-05
3833,1916.500000,0,8.199471e-05
3834,1917.000000,0,9.907262e-05
3835,1917.500000,1,8.687406e-05
3836,1918.000000,1,7.975131e-05
3837,1918.500000,0,9.554728e-05
3838,1919.000000,1,8.612075e-05
3839,1919.500000,2,8.606119e-05
3840,1920.000000,1,7.791242e-05
3841,1920.500000,1,6.587670e-05
3842,1921.000000,0,8.518112e-05
3843,1921.500000,1,6.900994e-05
3844,1922.000000,0,9.849821e-05
3845,1922.500000,1,8.362331e-05
3846,1923.000000,2,8.281455e-05
3847,1923.500000,1,8.926068e-05
3848,1924.000000,1,8.497902e-05
3849,1924.500000,0,9.979096e-05
3850,1925.000000,1,7.753347e-05
3851,1925.500000,0,9.715469e-05
3852,1926.000000,1,8.011013e-05
3853,1926.500000,2,9.391596e-05
3854,1927.000000,1,9.009505e-05
3855,1927.500000,1,9.285745e-05
3856,1928.000000,1,9.052176e-05
3857,1928.500000,2,9.762404e-05
3858,1929.000000,1,9.534777e-05
3859,1929.500000,1,9.506834e-05
3860,1930.000000,1,7.263541e-05
3861,1930.500000,0,8.917209e-05
3862,1931.000000,1,9.047617e-05
3863,1931.500000,1,9.967256e-05
3864,1932.000000,1,9.619440e-05
3865,1932.500000,2,9.386868e-05
3866,1933.000000,1,8.398716e-05
3867,1933.500000,1,9.636240e-05
3868,1934.000000,1,8.923004e-05
3869,1934.500000,2,9.429594e-05
3870,1935.000000,1,8.958331e-05
3871,1935.500000,1,8.762984e-05
3872,1936.000000,2,9.322137e-05
3873,1936.500000,1,8.347036e-05
3874,1937.000000,1,6.936862e-05
3875,1937.500000,0,8.339921e-05
3876,1938.000000,1,9.535508e-05
3877,1938.500000,1,9.441353e-05
3878,1939.000000,1,9.042956e-05
3879,1939.500000,1,9.909805e-05
3880,1940.000000,1,9.992000e-05
3881,1940.500000,1,9.452983e-05
3882,1941.000000,1,9.328098e-05
3883,1941.500000,1,9.687983e-05
3884,1942.000000,1,6.742788e-05
3885,1942.500000,0,8.514608e-05
3886,1943.000000,1,9.976084e-05
3887,1943.500000,1,8.544781e-05
3888,1944.000000,1,9.777187e-05
3889,1944.500000,1,9.704366e-05
3890,1945.000000,1,9.954563e-05
3891,1945.500000,1,9.727782e-05
3892,1946.000000,1,8.932690e-05
3893,1946.500000,1,8.454709e-05
3894,1947.000000,0,9.048668e-05
3895,1947.500000,1,7.775322e-05
3896,1948.000000,1,9.314558e-05
3897,1948.500000,1,9.738640e-05
3898,1949.000000,1,8.816651e-05
3899,1949.500000,1,8.484563e-05
3900,1950.000000,1,9.038848e-05
3901,1950.500000,1,9.563536e-05
3902,1951.000000,1,9.566965e-05
3903,1951.500000,1,8.531392e-05
3904,1952.000000,1,9.482849e-05
3905,1952.500000,1,9.351899e-05
3906,1953.000000,1,9.673026e-05
3907,1953.500000,2,9.262387e-05
3908,1954.000000,1,7.710575e-05
3909,1954.500000,0,9.827401e-05
3910,1955.000000,1,8.241450e-05
3911,1955.500000,1,9.590512e-05
3912,1956.000000,1,9.220841e-05
3913,1956.500000,1,7.625871e-05
3914,1957.000000,0,9.179422e-05
3915,1957.500000,1,7.412053e-05
3916,1958.000000,2,8.675725e-05
3917,1958.500000,1,8.767203e-05
3918,1959.000000,1,8.291706e-05
3919,1959.500000,1,8.429945e-05
3920,1960.000000,1,9.226303e-05
3921,1960.500000,1,9.461486e-05
3922,1961.000000,1,9.979288e-05
3923,1961.500000,2,9.415907e-05
3924,1962.000000,1,8.435926e-05
3925,1962.500000,2,9.671386e-05
3926,1963.000000,1,8.253637e-05
3927,1963.500000,1,6.951141e-05
3928,1964.000000,0,8.899251e-05
3929,1964.500000,2,9.654787e-05
3930,1965.000000,1,7.842911e-05
3931,1965.500000,1,7.379095e-05
3932,1966.000000,2,9.903030e-05
3933,1966.500000,1,9.530052e-05
3934,1967.000000,1,7.043276e-05
3935,1967.500000,0,9.068323e-05
3936,1968.000000,2,8.938965e-05
3937,1968.500000,1,9.007708e-05
3938,1969.000000,1,8.551532e-05
3939,1969.500000,1,9.178409e-05
3940,1970.000000,1,9.696564e-05
3941,1970.500000,1,7.816032e-05
3942,1971.000000,1,6.757967e-05
3943,1971.500000,0,9.587886e-05
3944,1972.000000,1,8.718761e-05
3945,1972.500000,2,9.883216e-05
3946,1973.000000,1,7.787679e-05
3947,1973.500000,0,9.770982e-05
3948,1974.000000,1,8.370824e-05
3949,1974.500000,1,8.420047e-05
3950,1975.000000,1,7.364150e-05
3951,1975.500000,0,8.703585e-05
3952,1976.000000,1,9.581887e-05
3953,1976.500000,1,7.274845e-05
3954,1977.000000,0,8.936164e-05
3955,1977.500000,1,8.451315e-05
3956,1978.000000,1,9.228770e-05
3957,1978.500000,1,8.616833e-05
3958,1979.000000,0,9.802989e-05
3959,1979.500000,1,7.310009e-05
3960,1980.000000,0,9.492889e-05
3961,1980.500000,1,9.745855e-05
3962,1981.000000,1,8.031976e-05
3963,1981.500000,0,9.748022e-05
3964,1982.000000,1,6.991868e-05
3965,1982.500000,0,9.526379e-05
3966,1983.000000,1,7.934594e-05
3967,1983.500000,2,9.978484e-05
3968,1984.000000,1,7.981673e-05
3969,1984.500000,1,9.922809e-05
3970,1985.000000,1,8.502144e-05
3971,1985.500000,1,9.754709e-05
3972,1986.000000,1,9.727442e-05
3973,1986.500000,1,8.859694e-05
3974,1987.000000,1,8.921231e-05
3975,1987.500000,1,8.939779e-05
3976,1988.000000,1,9.573075e-05
3977,1988.500000,1,6.753292e-05
3978,1989.000000,0,9.267250e-05
3979,1989.500000,1,6.680044e-05
3980,1990.000000,0,9.497429e-05
3981,1990.500000,2,9.715372e-05
3982,1991.000000,2,9.107434e-05
3983,1991.500000,1,9.743572e-05
3984,1992.000000,1,8.506582e-05
3985,1992.500000,1,9.013476e-05
3986,1993.000000,1,9.736207e-05
3987,1993.500000,2,9.576335e-05
3988,1994.000000,1,8.753044e-05
3989,1994.500000,1,8.780700e-05
3990,1995.000000,1,7.604348e-05
3991,1995.500000,0,8.694266e-05
3992,1996.000000,0,9.772695e-05
3993,1996.500000,1,9.841736e-05
3994,1997.000000,1,8.725190e-05
3995,1997.500000,1,9.116065e-05
3996,1998.000000,1,7.800019e-05
3997,1998.500000,0,9.449896e-05
3998,1999.000000,1,8.885959e-05
3999,1999.500000,1,8.435477e-05
4000,2000.000000,1,9.005772e-05
