timestep,t,sor_iters,residual
1,0.050000,136,9.711184e-04
2,0.186292,130,9.906601e-04
3,0.273811,102,9.174468e-04
4,0.361683,90,9.876140e-04
5,0.442914,82,9.613071e-04
6,0.518761,70,9.538418e-04
7,0.591343,58,9.659836e-04
8,0.661157,57,9.763916e-04
9,0.728582,42,9.619506e-04
10,0.793920,46,9.783437e-04
11,0.857416,46,9.902395e-04
12,0.919271,53,9.769068e-04
13,0.979657,44,9.905218e-04
14,1.038718,46,9.884985e-04
15,1.096577,43,9.954759e-04
16,1.153343,42,9.817383e-04
17,1.209109,41,9.980417e-04
18,1.263957,41,9.806587e-04
19,1.317961,41,9.864082e-04
20,1.371186,42,9.483601e-04
21,1.423689,42,9.571377e-04
22,1.475523,42,9.885106e-04
23,1.526735,43,9.594837e-04
24,1.577369,43,9.655685e-04
25,1.627463,43,9.855129e-04
26,1.677053,44,9.561922e-04
27,1.726173,43,9.927360e-04
28,1.774853,44,9.828065e-04
29,1.823120,44,9.719487e-04
30,1.871000,44,9.761479e-04
31,1.918518,44,9.860646e-04
32,1.965696,44,9.848991e-04
33,2.012555,44,9.855938e-04
34,2.059114,44,9.805752e-04
35,2.105392,44,9.785390e-04
36,2.151406,44,9.741194e-04
37,2.197172,44,9.685482e-04
38,2.242705,44,9.610325e-04
39,2.288021,44,9.545982e-04
40,2.333132,43,9.903053e-04
41,2.378051,43,9.822857e-04
42,2.422792,43,9.783482e-04
43,2.467364,43,9.592175e-04
44,2.511781,43,9.539222e-04
45,2.556051,42,9.870450e-04
46,2.600186,42,9.752531e-04
47,2.644195,42,9.678082e-04
48,2.688087,42,9.475577e-04
49,2.731871,41,9.956235e-04
50,2.775148,40,9.945952e-04
51,2.818033,39,9.717923e-04
52,2.860600,38,9.809595e-04
53,2.902859,38,9.943344e-04
54,2.944820,38,9.451847e-04
55,2.986492,37,9.785226e-04
56,3.027884,37,9.790641e-04
57,3.069006,37,9.767295e-04
58,3.109865,37,9.415616e-04
59,3.150471,37,9.526695e-04
60,3.190831,36,9.830611e-04
61,3.230955,36,9.834503e-04
62,3.270849,36,9.887596e-04
63,3.310522,35,9.787028e-04
64,3.349981,35,9.865910e-04
65,3.389234,35,9.911860e-04
66,3.428288,35,9.432097e-04
67,3.467150,35,9.605880e-04
68,3.505827,34,9.878819e-04
69,3.544326,34,9.834800e-04
70,3.582654,34,9.854014e-04
71,3.620817,34,9.470587e-04
72,3.658821,34,9.583342e-04
73,3.696672,33,9.902136e-04
74,3.734376,33,9.808055e-04
75,3.771940,33,9.942596e-04
76,3.809368,32,9.589390e-04
77,3.846666,32,9.900009e-04
78,3.883841,32,9.887429e-04
79,3.920895,31,9.964656e-04
80,3.957836,32,9.769029e-04
81,3.994667,31,9.664672e-04
82,4.031395,31,9.328623e-04
83,4.068023,32,9.462498e-04
84,4.104556,26,9.856257e-04
85,4.140999,34,9.968209e-04
86,4.177356,16,9.120550e-04
87,4.213631,35,9.965899e-04
88,4.249828,16,9.286502e-04
89,4.285951,35,9.566551e-04
90,4.322005,15,9.470507e-04
91,4.357993,34,9.953172e-04
92,4.393920,15,9.416951e-04
93,4.429788,35,9.709566e-04
94,4.465601,15,8.914251e-04
95,4.501363,31,9.815813e-04
96,4.537078,15,8.989300e-04
97,4.572748,37,9.626314e-04
98,4.608377,15,9.475154e-04
99,4.643969,19,9.133499e-04
100,4.679526,36,9.914273e-04
101,4.715051,15,9.184646e-04
102,4.750548,20,9.916532e-04
103,4.786019,31,9.743686e-04
104,4.821467,14,9.971531e-04
105,4.856896,17,9.731266e-04
106,4.892307,37,9.681583e-04
107,4.927704,15,8.742219e-04
108,4.963089,16,9.548079e-04
109,4.998465,25,9.841280e-04
110,5.033834,12,9.906972e-04
111,5.069200,34,9.844344e-04
112,5.104563,13,9.343939e-04
113,5.139927,18,9.461767e-04
114,5.175294,20,9.915325e-04
115,5.210666,30,9.117817e-04
116,5.246045,12,9.567499e-04
117,5.281435,18,9.893708e-04
118,5.316836,35,9.377553e-04
119,5.352250,14,9.396016e-04
120,5.387681,15,9.609483e-04
121,5.423130,24,9.607438e-04
122,5.458599,12,9.965904e-04
123,5.494089,35,9.400334e-04
124,5.529604,13,9.686479e-04
125,5.565144,15,9.222114e-04
126,5.600712,18,9.779278e-04
127,5.636309,25,9.807713e-04
128,5.671937,12,9.461786e-04
129,5.707598,35,9.091759e-04
130,5.743294,15,9.791568e-04
131,5.779026,22,9.904157e-04
132,5.814796,12,9.244536e-04
133,5.850606,34,9.584018e-04
134,5.886457,14,9.794521e-04
135,5.922351,17,9.839688e-04
136,5.958289,35,9.774597e-04
137,5.994274,15,8.859449e-04
138,6.030306,19,9.863464e-04
139,6.066388,27,9.857667e-04
140,6.102520,13,9.854557e-04
141,6.138705,36,9.826997e-04
142,6.174944,14,9.476877e-04
143,6.211239,22,9.652171e-04
144,6.247591,26,9.213921e-04
145,6.284001,18,9.959752e-04
146,6.320472,37,9.858065e-04
147,6.357004,17,8.694747e-04
148,6.393598,23,9.685871e-04
149,6.430257,30,9.950207e-04
150,6.466982,20,9.831603e-04
151,6.503773,38,9.921711e-04
152,6.540632,18,9.359691e-04
153,6.577561,27,9.982597e-04
154,6.614561,33,9.606473e-04
155,6.651632,20,9.420225e-04
156,6.688776,38,9.777549e-04
157,6.725994,19,9.641509e-04
158,6.763287,34,9.849296e-04
159,6.800657,20,9.609640e-04
160,6.838104,39,9.924927e-04
161,6.875630,19,9.191470e-04
162,6.911649,46,9.893843e-04
163,6.946439,44,9.575449e-04
164,6.980585,35,9.916190e-04
165,7.014157,33,9.617859e-04
166,7.047212,19,9.805845e-04
167,7.079791,31,9.553628e-04
168,7.111932,18,8.750948e-04
169,7.143667,22,9.904494e-04
170,7.175029,25,9.591647e-04
171,7.206045,20,9.591343e-04
172,7.236745,23,9.892166e-04
173,7.267156,22,9.981867e-04
174,7.297304,23,9.344102e-04
175,7.327213,22,9.636927e-04
176,7.356905,23,9.242790e-04
177,7.386400,22,9.584586e-04
178,7.415714,22,9.993899e-04
179,7.444862,23,9.275595e-04
180,7.473858,22,9.554593e-04
181,7.502711,22,9.909218e-04
182,7.531431,22,9.927074e-04
183,7.560025,22,9.829861e-04
184,7.588502,22,9.748353e-04
185,7.616866,22,9.626737e-04
186,7.645124,22,9.530953e-04
187,7.673281,22,9.382469e-04
188,7.701343,22,9.285558e-04
189,7.729314,21,9.858115e-04
190,7.757200,22,9.392841e-04
191,7.785005,21,9.538089e-04
192,7.812735,21,9.706123e-04
193,7.840394,21,9.648551e-04
194,7.867986,21,9.442455e-04
195,7.895515,21,9.332983e-04
196,7.922936,21,9.405513e-04
197,7.950283,21,9.465004e-04
198,7.977560,21,9.357067e-04
199,8.004770,21,9.285588e-04
200,8.031918,20,9.959637e-04
201,8.059007,21,9.421639e-04
202,8.086039,20,9.681096e-04
203,8.113017,20,9.945150e-04
204,8.139943,21,9.226190e-04
205,8.166819,20,9.394560e-04
206,8.193648,20,9.838715e-04
207,8.220432,21,9.226559e-04
208,8.247173,19,9.900101e-04
209,8.273871,21,9.490088e-04
210,8.300530,20,9.558701e-04
211,8.327150,20,9.660418e-04
212,8.353734,21,9.285230e-04
213,8.380283,19,9.648404e-04
214,8.406797,21,9.598597e-04
215,8.433280,19,9.870497e-04
216,8.459732,21,9.733922e-04
217,8.486155,19,9.882794e-04
218,8.512552,21,9.776139e-04
219,8.538925,19,9.724120e-04
220,8.565278,21,9.675952e-04
221,8.591612,18,9.858640e-04
222,8.617930,22,9.605952e-04
223,8.644234,15,9.503585e-04
224,8.670525,23,9.795060e-04
225,8.696806,14,9.476331e-04
226,8.723077,23,9.857213e-04
227,8.749339,14,9.582240e-04
228,8.775594,23,9.927553e-04
229,8.801842,14,9.555849e-04
230,8.828084,23,9.953126e-04
231,8.854322,14,9.527330e-04
232,8.880554,23,9.916434e-04
233,8.906783,14,9.618251e-04
234,8.933009,23,9.993811e-04
235,8.959232,14,9.552925e-04
236,8.985452,23,9.935930e-04
237,9.011672,14,9.567324e-04
238,9.037890,23,9.959250e-04
239,9.064108,14,9.600554e-04
240,9.090326,23,9.930801e-04
241,9.116545,14,9.543067e-04
242,9.142766,23,9.809055e-04
243,9.168988,14,9.604123e-04
244,9.195213,23,9.786652e-04
245,9.221440,14,9.560236e-04
246,9.247670,22,9.875035e-04
247,9.273904,15,9.502953e-04
248,9.300143,23,9.906228e-04
249,9.326385,14,9.463440e-04
250,9.352633,21,9.610543e-04
251,9.378886,16,9.947797e-04
252,9.405146,23,9.798123e-04
253,9.431412,14,9.405250e-04
254,9.457684,20,9.667666e-04
255,9.483964,19,9.889275e-04
256,9.510252,17,9.952990e-04
257,9.536547,21,9.676391e-04
258,9.562851,15,9.950767e-04
259,9.589164,21,9.777103e-04
260,9.615487,16,9.602138e-04
261,9.641818,21,9.626049e-04
262,9.668160,16,9.536142e-04
263,9.694513,20,9.763312e-04
264,9.720875,17,9.818712e-04
265,9.747249,19,9.821514e-04
266,9.773634,18,9.883598e-04
267,9.800031,18,9.754513e-04
268,9.826439,19,9.559232e-04
269,9.852860,17,9.967955e-04
270,9.879293,19,9.620422e-04
271,9.905739,18,9.690660e-04
272,9.932197,18,9.604921e-04
273,9.958669,18,9.979206e-04
274,9.985155,18,9.819139e-04
275,10.011654,18,9.879809e-04
276,10.038168,18,9.822121e-04
277,10.064695,18,9.780415e-04
278,10.091238,18,9.808566e-04
279,10.117795,18,9.773464e-04
280,10.144367,18,9.823354e-04
281,10.170955,18,9.772421e-04
282,10.197558,18,9.773047e-04
283,10.224176,18,9.785237e-04
284,10.250811,18,9.788774e-04
285,10.277462,18,9.779211e-04
286,10.304129,18,9.786460e-04
287,10.330812,18,9.783624e-04
288,10.357513,18,9.841869e-04
289,10.384230,18,9.828305e-04
290,10.410964,18,9.852791e-04
291,10.437716,18,9.847909e-04
292,10.464486,18,9.861409e-04
293,10.491273,18,9.937124e-04
294,10.518078,19,9.433933e-04
295,10.544901,18,9.828535e-04
296,10.571742,19,9.937927e-04
297,10.598602,20,9.910232e-04
298,10.625481,18,9.985443e-04
299,10.652378,20,9.769664e-04
300,10.679295,20,9.915225e-04
301,10.706230,18,9.730886e-04
302,10.733186,19,9.884341e-04
303,10.760160,19,9.965881e-04
304,10.787155,18,9.940362e-04
305,10.814169,19,9.850350e-04
306,10.841204,18,9.954595e-04
307,10.868259,19,9.657201e-04
308,10.895334,18,9.802013e-04
309,10.922429,18,9.890074e-04
310,10.949545,19,9.551142e-04
311,10.976683,17,9.950306e-04
312,11.003841,19,9.699744e-04
313,11.031020,18,9.938966e-04
314,11.058221,18,9.803799e-04
315,11.085442,19,9.568185e-04
316,11.112686,17,9.856774e-04
317,11.139951,19,9.593736e-04
318,11.167239,18,9.625992e-04
319,11.194548,18,9.419121e-04
320,11.221880,18,9.821011e-04
321,11.249234,18,9.497250e-04
322,11.276611,18,9.521213e-04
323,11.304010,17,9.947701e-04
324,11.331433,18,9.796229e-04
325,11.358878,17,9.750637e-04
326,11.386347,18,9.628829e-04
327,11.413840,17,9.705999e-04
328,11.441356,18,9.433263e-04
329,11.468896,17,9.577967e-04
330,11.496459,17,9.873772e-04
331,11.524047,18,9.310710e-04
332,11.551660,16,9.770851e-04
333,11.579297,18,9.596058e-04
334,11.606958,17,9.511163e-04
335,11.634645,17,9.457237e-04
336,11.662356,18,9.213652e-04
337,11.690093,16,9.607382e-04
338,11.717856,18,9.501340e-04
339,11.745644,16,9.907838e-04
340,11.773458,18,9.507246e-04
341,11.801298,16,9.909413e-04
342,11.829164,18,9.450820e-04
343,11.857056,16,9.876104e-04
344,11.884975,18,9.402359e-04
345,11.912921,16,9.785558e-04
346,11.940894,18,9.441573e-04
347,11.968894,16,9.812006e-04
348,11.996921,18,9.418831e-04
349,12.024975,16,9.762769e-04
350,12.053057,17,9.916943e-04
351,12.081167,18,9.377673e-04
352,12.109304,15,9.559578e-04
353,12.137470,18,9.981561e-04
354,12.165664,16,9.855684e-04
355,12.193886,17,9.978735e-04
356,12.222137,18,9.649091e-04
357,12.250417,15,9.576291e-04
358,12.278725,19,9.550404e-04
359,12.307063,13,9.805099e-04
360,12.335430,21,9.473071e-04
361,12.363826,11,9.971085e-04
362,12.392251,20,9.965395e-04
363,12.420706,13,9.503284e-04
364,12.449191,22,9.720335e-04
365,12.477706,11,9.658025e-04
366,12.506250,21,9.872126e-04
367,12.534825,13,9.429834e-04
368,12.563430,23,9.678815e-04
369,12.592065,11,9.380770e-04
370,12.620731,21,9.994092e-04
371,12.649427,14,9.760236e-04
372,12.678154,24,9.515113e-04
373,12.706911,11,9.915710e-04
374,12.735699,20,9.843992e-04
375,12.764519,21,9.955551e-04
376,12.793369,12,9.974336e-04
377,12.822250,24,9.804242e-04
378,12.851162,12,8.644134e-04
379,12.880106,25,9.636776e-04
380,12.909081,12,8.223776e-04
381,12.938087,21,9.835404e-04
382,12.967125,22,9.889188e-04
383,12.996194,12,9.677082e-04
384,13.025295,21,9.853524e-04
385,13.054428,23,9.547503e-04
386,13.083592,12,9.386108e-04
387,13.112788,17,9.845276e-04
388,13.142016,22,9.309767e-04
389,13.171275,12,9.212720e-04
390,13.200567,24,9.925582e-04
391,13.229891,12,8.601283e-04
392,13.259247,21,9.679569e-04
393,13.288635,13,9.583436e-04
394,13.318055,23,9.919971e-04
395,13.347507,11,9.616421e-04
396,13.376992,18,9.687691e-04
397,13.406510,19,9.853585e-04
398,13.436060,13,9.733521e-04
399,13.465642,20,9.905152e-04
400,13.495257,13,9.222933e-04
401,13.524905,21,9.492603e-04
402,13.554586,12,9.232620e-04
403,13.584299,19,9.678905e-04
404,13.614045,14,9.762969e-04
405,13.643825,21,9.682766e-04
406,13.673637,12,9.210237e-04
407,13.703483,19,9.706710e-04
408,13.733362,19,9.567751e-04
409,13.763274,13,9.785668e-04
410,13.793220,20,9.836697e-04
411,13.823199,13,9.303452e-04
412,13.853212,23,9.773528e-04
413,13.883258,11,9.170571e-04
414,13.913338,16,9.803204e-04
415,13.943452,20,9.580107e-04
416,13.973600,12,9.587092e-04
417,14.003782,22,9.660688e-04
418,14.033998,11,9.109987e-04
419,14.064248,19,9.594651e-04
420,14.094533,14,9.824846e-04
421,14.124852,21,9.884685e-04
422,14.155205,11,9.394290e-04
423,14.185593,17,9.904402e-04
424,14.216015,18,9.753785e-04
425,14.246472,13,9.260086e-04
426,14.276963,18,9.819377e-04
427,14.307489,13,9.893040e-04
428,14.338050,20,9.922828e-04
429,14.368645,11,9.713460e-04
430,14.399275,19,9.704050e-04
431,14.429940,13,9.531010e-04
432,14.460640,22,9.610756e-04
433,14.491374,11,8.587505e-04
434,14.522143,15,9.814192e-04
435,14.552947,19,9.665550e-04
436,14.583785,12,9.487948e-04
437,14.614658,22,9.904404e-04
438,14.645566,11,8.338515e-04
439,14.676508,16,9.831429e-04
440,14.707485,18,9.987885e-04
441,14.738496,12,9.965439e-04
442,14.769542,21,9.873897e-04
443,14.800623,10,9.733172e-04
444,14.831737,19,9.706413e-04
445,14.862886,13,9.561197e-04
446,14.894070,22,9.926432e-04
447,14.925287,11,8.608375e-04
448,14.956539,15,9.838112e-04
449,14.987825,20,9.551043e-04
450,15.019145,11,9.801968e-04
451,15.050500,25,9.813746e-04
452,15.081888,11,9.051168e-04
453,15.113310,14,9.982548e-04
454,15.144766,18,9.309769e-04
455,15.176257,14,9.848490e-04
456,15.207781,25,9.811473e-04
457,15.239338,11,9.887623e-04
458,15.270930,14,9.549503e-04
459,15.302555,17,9.677474e-04
460,15.334214,22,9.665715e-04
461,15.365907,11,9.311579e-04
462,15.397633,18,9.690578e-04
463,15.429392,20,9.492712e-04
464,15.461185,13,9.899534e-04
465,15.493012,24,9.724031e-04
466,15.524872,12,9.423944e-04
467,15.556766,35,9.265753e-04
468,15.588226,30,9.091314e-04
469,15.618842,38,9.954050e-04
470,15.649069,29,9.777721e-04
471,15.678940,30,9.614887e-04
472,15.708492,25,9.858171e-04
473,15.737757,24,9.794157e-04
474,15.766765,16,9.647317e-04
475,15.795543,31,9.853067e-04
476,15.824117,13,9.866925e-04
477,15.852511,16,8.980222e-04
478,15.880747,20,9.467471e-04
479,15.908848,26,9.699826e-04
480,15.936835,12,9.508199e-04
481,15.964730,16,9.947580e-04
482,15.992556,21,9.622675e-04
483,16.020336,27,9.372248e-04
484,16.048090,13,9.395334e-04
485,16.075838,17,8.885876e-04
486,16.103599,19,9.780944e-04
487,16.131392,25,9.292873e-04
488,16.159233,12,9.064691e-04
489,16.187138,18,9.683579e-04
490,16.215122,21,9.862198e-04
491,16.243198,13,9.542034e-04
492,16.271381,24,9.868556e-04
493,16.299683,11,9.765361e-04
494,16.328114,17,9.777303e-04
495,16.356686,18,9.766981e-04
496,16.385409,13,9.928909e-04
497,16.414290,19,9.617456e-04
498,16.443336,12,9.592019e-04
499,16.472555,19,9.600492e-04
500,16.501951,11,9.368819e-04
501,16.531528,18,9.486397e-04
502,16.561289,11,9.869207e-04
503,16.591236,18,9.667357e-04
504,16.621369,10,9.669462e-04
505,16.651686,17,9.917251e-04
506,16.682186,12,9.563520e-04
507,16.712866,18,9.804526e-04
508,16.743721,9,9.898341e-04
509,16.774746,17,9.500593e-04
510,16.805933,11,9.906110e-04
511,16.837277,19,9.456997e-04
512,16.868769,9,9.141984e-04
513,16.900399,16,9.536079e-04
514,16.932158,16,9.822136e-04
515,16.964036,12,9.670692e-04
516,16.996022,16,9.734797e-04
517,17.028104,13,9.922634e-04
518,17.060273,17,9.808628e-04
519,17.092515,12,9.158094e-04
520,17.124820,17,9.718888e-04
521,17.157176,12,9.451629e-04
522,17.189573,18,9.663237e-04
523,17.221999,10,9.471180e-04
524,17.254444,18,9.407746e-04
525,17.286897,10,9.534336e-04
526,17.319348,18,9.944510e-04
527,17.351786,9,9.823762e-04
528,17.384202,18,9.944603e-04
529,17.416586,9,9.683269e-04
530,17.448928,19,9.761697e-04
531,17.481219,9,9.039113e-04
532,17.513451,17,9.568886e-04
533,17.545614,12,9.955652e-04
534,17.577701,19,9.370257e-04
535,17.609703,9,9.304515e-04
536,17.641613,16,9.239565e-04
537,17.673425,16,9.484892e-04
538,17.705131,12,9.069975e-04
539,17.736725,15,9.947720e-04
540,17.768202,15,9.908911e-04
541,17.799556,12,9.983541e-04
542,17.830784,15,9.721127e-04
543,17.861880,12,9.988027e-04
544,17.892843,15,9.812396e-04
545,17.923670,12,9.826671e-04
546,17.954358,13,9.837013e-04
547,17.984907,14,9.988986e-04
548,18.015315,12,9.114777e-04
549,18.045584,13,9.934539e-04
550,18.075713,14,9.215746e-04
551,18.105705,12,9.485708e-04
552,18.135561,13,9.825849e-04
553,18.165283,14,9.628211e-04
554,18.194876,12,9.667048e-04
555,18.224342,15,9.703140e-04
556,18.253686,12,9.950845e-04
557,18.282913,17,9.636785e-04
558,18.312029,11,9.259063e-04
559,18.341038,17,9.733399e-04
560,18.369949,11,9.776134e-04
561,18.398766,18,9.715380e-04
562,18.427498,10,9.899583e-04
563,18.456150,18,9.464820e-04
564,18.484730,11,9.566472e-04
565,18.513247,19,9.624742e-04
566,18.541707,10,9.552089e-04
567,18.570118,18,9.375239e-04
568,18.598488,11,9.942412e-04
569,18.626824,19,9.343790e-04
570,18.655137,10,9.355668e-04
571,18.683434,17,9.597519e-04
572,18.711726,16,9.893820e-04
573,18.740019,13,9.588988e-04
574,18.768323,16,9.879113e-04
575,18.796646,13,9.643242e-04
576,18.824995,16,9.809830e-04
577,18.853378,13,9.620581e-04
578,18.881803,14,9.767848e-04
579,18.910276,16,9.196781e-04
580,18.938803,11,9.244076e-04
581,18.967392,16,9.310987e-04
582,18.996048,11,9.461925e-04
583,19.024776,17,9.162499e-04
584,19.053582,8,9.976206e-04
585,19.082468,15,9.339275e-04
586,19.111440,11,9.690914e-04
587,19.140501,16,9.899457e-04
588,19.169653,8,9.690941e-04
589,19.198900,15,8.654665e-04
590,19.228242,9,9.727654e-04
591,19.257681,16,8.989559e-04
592,19.287217,8,9.122276e-04
593,19.316852,15,8.818877e-04
594,19.346584,9,9.869299e-04
595,19.376413,16,8.885448e-04
596,19.406338,8,9.366231e-04
597,19.436356,15,9.306109e-04
598,19.466466,9,9.818164e-04
599,19.496665,16,9.219713e-04
600,19.526950,8,9.595753e-04
601,19.557319,15,9.654272e-04
602,19.587767,9,9.910738e-04
603,19.618291,16,9.410758e-04
604,19.648887,8,9.781169e-04
605,19.679551,15,9.735503e-04
606,19.710278,10,9.499093e-04
607,19.741064,16,9.951134e-04
608,19.771905,9,9.084785e-04
609,19.802795,15,9.526650e-04
610,19.833731,10,9.559445e-04
611,19.864707,16,9.909529e-04
612,19.895718,9,9.075950e-04
613,19.926760,15,9.735902e-04
614,19.957828,10,9.510529e-04
615,19.988917,16,9.915124e-04
616,20.020023,9,9.098242e-04
617,20.051139,15,9.747927e-04
618,20.082263,10,9.570401e-04
619,20.113387,16,9.963274e-04
620,20.144509,9,9.084017e-04
621,20.175623,15,9.871258e-04
622,20.206724,10,9.655442e-04
623,20.237808,17,9.025632e-04
624,20.268871,9,8.558397e-04
625,20.299907,11,9.789397e-04
626,20.330911,15,9.593303e-04
627,20.361879,10,9.029133e-04
628,20.392806,17,9.971354e-04
629,20.423685,9,8.438565e-04
630,20.454511,15,9.780893e-04
631,20.485280,11,9.743851e-04
632,20.515984,17,9.845372e-04
633,20.546620,9,8.609839e-04
634,20.577180,12,9.840133e-04
635,20.607660,15,9.640042e-04
636,20.638055,9,9.804924e-04
637,20.668358,19,9.895186e-04
638,20.698565,9,7.556624e-04
639,20.728669,11,9.802553e-04
640,20.758666,14,9.297938e-04
641,20.788552,11,9.518986e-04
642,20.818319,19,9.721805e-04
643,20.847965,9,8.107830e-04
644,20.877484,11,9.188972e-04
645,20.906874,14,9.206768e-04
646,20.936130,11,9.914132e-04
647,20.965249,19,9.843048e-04
648,20.994229,9,8.104103e-04
649,21.023067,11,8.973922e-04
650,21.051763,14,9.000691e-04
651,21.080312,11,9.715885e-04
652,21.108716,18,9.456164e-04
653,21.136973,8,9.958483e-04
654,21.165082,11,9.420005e-04
655,21.193043,14,9.063264e-04
656,21.220858,9,9.670510e-04
657,21.248526,18,9.342432e-04
658,21.276048,8,8.841495e-04
659,21.303426,11,9.682529e-04
660,21.330661,14,9.184822e-04
661,21.357757,9,9.668486e-04
662,21.384714,18,9.548299e-04
663,21.411537,8,8.746781e-04
664,21.438229,13,9.694537e-04
665,21.464793,15,8.614072e-04
666,21.491235,8,9.818844e-04
667,21.517558,20,9.382026e-04
668,21.543767,8,9.347517e-04
669,21.569865,14,9.962564e-04
670,21.595859,15,9.434588e-04
671,21.621752,11,9.602786e-04
672,21.647550,21,9.911472e-04
673,21.673259,9,9.724375e-04
674,21.698885,15,9.845349e-04
675,21.724434,17,8.753446e-04
676,21.749911,11,9.786466e-04
677,21.775324,23,9.569120e-04
678,21.800679,10,8.847831e-04
679,21.825982,15,9.342256e-04
680,21.851240,17,9.598190e-04
681,21.876461,12,9.948515e-04
682,21.901652,24,9.602640e-04
683,21.926820,10,9.360598e-04
684,21.951972,14,9.523500e-04
685,21.977118,17,9.354526e-04
686,22.002264,14,9.879812e-04
687,22.027420,24,9.776694e-04
688,22.052593,10,9.323882e-04
689,22.077792,13,9.962278e-04
690,22.103023,17,8.762970e-04
691,22.128296,13,9.649351e-04
692,22.153618,20,9.823592e-04
693,22.178995,9,8.424161e-04
694,22.204435,17,9.622376e-04
695,22.229945,9,9.799332e-04
696,22.255532,21,9.959346e-04
697,22.281200,9,9.070776e-04
698,22.306957,11,9.248734e-04
699,22.332808,14,9.758495e-04
700,22.358756,17,9.287663e-04
701,22.384808,9,9.423009e-04
702,22.410967,11,9.199398e-04
703,22.437237,14,8.476913e-04
704,22.463621,8,9.995610e-04
705,22.490122,18,9.930058e-04
706,22.516742,7,9.948870e-04
707,22.543484,12,9.811772e-04
708,22.570350,12,9.265317e-04
709,22.597341,9,8.739186e-04
710,22.624457,13,9.937876e-04
711,22.651700,6,9.908870e-04
712,22.679070,16,9.857287e-04
713,22.706568,6,9.231572e-04
714,22.734191,10,8.730574e-04
715,22.761942,11,8.384942e-04
716,22.789818,8,9.592681e-04
717,22.817819,16,9.112800e-04
718,22.845944,7,8.718986e-04
719,22.874192,9,9.438137e-04
720,22.902561,11,8.379000e-04
721,22.931050,14,9.136645e-04
722,22.959658,7,9.849389e-04
723,22.988382,11,9.442512e-04
724,23.017221,12,8.996186e-04
725,23.046173,8,9.459490e-04
726,23.075236,12,9.629978e-04
727,23.104409,13,8.650791e-04
728,23.133688,8,9.441489e-04
729,23.163073,11,9.868318e-04
730,23.192562,12,8.964654e-04
731,23.222151,7,9.682157e-04
732,23.251839,13,9.802358e-04
733,23.281624,7,9.634794e-04
734,23.311503,14,9.783223e-04
735,23.341476,7,7.925632e-04
736,23.371538,13,9.817004e-04
737,23.401689,12,9.943885e-04
738,23.431926,9,9.459608e-04
739,23.462248,12,9.476488e-04
740,23.492651,6,9.653897e-04
741,23.523134,15,9.096207e-04
742,23.553695,6,9.805886e-04
743,23.584332,11,9.908359e-04
744,23.615042,12,8.527267e-04
745,23.645824,7,9.497985e-04
746,23.676675,15,9.482783e-04
747,23.707593,6,9.934564e-04
748,23.738577,13,9.335881e-04
749,23.769625,6,9.278799e-04
750,23.800734,16,9.596140e-04
751,23.831902,7,8.838786e-04
752,23.863128,10,8.941108e-04
753,23.894410,12,8.863747e-04
754,23.925746,8,9.927116e-04
755,23.957134,16,9.995172e-04
756,23.988571,7,8.540066e-04
757,24.020057,10,9.113006e-04
758,24.051589,12,8.172484e-04
759,24.083166,7,9.809620e-04
760,24.114785,16,9.349838e-04
761,24.146446,7,8.325135e-04
762,24.178146,10,9.671554e-04
763,24.209885,12,8.498430e-04
764,24.241661,7,9.793732e-04
765,24.273474,16,9.329564e-04
766,24.305322,7,8.492545e-04
767,24.337202,10,9.680038e-04
768,24.369115,12,8.769118e-04
769,24.401057,7,9.825269e-04
770,24.433027,16,9.379523e-04
771,24.465023,7,8.547669e-04
772,24.497044,10,9.568938e-04
773,24.529089,12,8.889543e-04
774,24.561156,7,9.648273e-04
775,24.593243,16,8.993517e-04
776,24.625350,7,8.007211e-04
777,24.657475,10,9.223844e-04
778,24.689618,12,8.628039e-04
779,24.721777,7,9.238438e-04
780,24.753951,15,9.766724e-04
781,24.786140,7,7.536861e-04
782,24.818342,11,9.253730e-04
783,24.850558,12,9.948675e-04
784,24.882785,7,8.690122e-04
785,24.915024,16,9.201570e-04
786,24.947273,7,8.237289e-04
787,24.979532,10,9.886829e-04
788,25.011801,12,9.985735e-04
789,25.044077,7,9.712404e-04
790,25.076362,18,9.735068e-04
791,25.108653,8,9.718480e-04
792,25.140950,10,9.922892e-04
793,25.173253,12,9.669856e-04
794,25.205560,15,9.170672e-04
795,25.237870,8,8.567641e-04
796,25.270182,12,9.480531e-04
797,25.302494,14,9.356080e-04
798,25.334807,7,9.403810e-04
799,25.367118,12,9.708039e-04
800,25.399425,14,8.848086e-04
801,25.431728,8,8.620550e-04
802,25.464025,18,9.985078e-04
803,25.496314,8,7.893771e-04
804,25.528594,11,9.837613e-04
805,25.560863,13,9.333101e-04
806,25.593119,8,8.952602e-04
807,25.625359,18,9.343497e-04
808,25.657583,8,8.340728e-04
809,25.689787,10,9.466049e-04
810,25.721970,14,9.176269e-04
811,25.754129,8,9.740000e-04
812,25.786262,18,9.694832e-04
813,25.818366,8,9.471296e-04
814,25.850439,11,8.989515e-04
815,25.882477,14,9.711736e-04
816,25.914478,9,9.901722e-04
817,25.946438,19,9.680770e-04
818,25.978355,9,9.009740e-04
819,26.010225,11,9.836301e-04
820,26.042044,17,9.911178e-04
821,26.073810,9,9.537670e-04
822,26.105518,31,9.504706e-04
823,26.137164,14,8.623455e-04
824,26.168745,9,9.620753e-04
825,26.200256,15,9.169548e-04
826,26.231693,10,9.794520e-04
827,26.263051,19,9.444595e-04
828,26.294327,9,9.498189e-04
829,26.325514,25,9.855959e-04
830,26.356609,11,8.565748e-04
831,26.387605,15,9.086205e-04
832,26.418499,16,8.996221e-04
833,26.449285,22,9.809321e-04
834,26.479958,10,9.543813e-04
835,26.510511,15,9.796824e-04
836,26.540939,18,9.781237e-04
837,26.571237,11,9.414234e-04
838,26.601399,28,9.840684e-04
839,26.631420,12,9.921502e-04
840,26.661292,14,9.167503e-04
841,26.691012,15,9.133679e-04
842,26.720573,18,9.549617e-04
843,26.749970,12,9.884431e-04
844,26.779199,25,9.966143e-04
845,26.808254,11,9.992587e-04
846,26.837131,13,9.764760e-04
847,26.865827,15,9.435105e-04
848,26.894337,19,9.581487e-04
849,26.922658,11,9.319369e-04
850,26.950786,26,9.682219e-04
851,26.978720,11,9.151522e-04
852,27.006456,12,9.983309e-04
853,27.033993,14,9.093824e-04
854,27.061329,13,9.737570e-04
855,27.088464,21,9.955056e-04
856,27.115396,10,9.522906e-04
857,27.142126,12,9.122693e-04
858,27.168654,14,9.818021e-04
859,27.194980,20,9.729082e-04
860,27.221106,10,8.541297e-04
861,27.247033,12,8.478796e-04
862,27.272763,15,9.753211e-04
863,27.298299,20,8.933207e-04
864,27.323643,10,8.129674e-04
865,27.348798,12,8.746138e-04
866,27.373768,17,9.431270e-04
867,27.398558,11,9.741694e-04
868,27.423170,22,9.802181e-04
869,27.447610,10,9.015072e-04
870,27.471884,13,9.693862e-04
871,27.495995,18,9.714771e-04
872,27.519950,21,9.126037e-04
873,27.543756,13,9.378888e-04
874,27.567420,15,9.504030e-04
875,27.590948,19,9.314246e-04
876,27.614346,22,9.561638e-04
877,27.637620,12,9.988654e-04
878,27.660777,20,9.467911e-04
879,27.683825,22,9.837815e-04
880,27.706771,13,9.632085e-04
881,27.729621,22,9.689936e-04
882,27.752384,24,9.109394e-04
883,27.775067,13,9.930070e-04
884,27.797678,21,9.657746e-04
885,27.820226,24,9.348265e-04
886,27.842718,13,9.678613e-04
887,27.865164,24,9.907134e-04
888,27.887571,25,9.531387e-04
889,27.909949,14,9.785930e-04
890,27.932305,21,9.600930e-04
891,27.954647,24,9.319233e-04
892,27.976986,12,9.902877e-04
893,27.999329,23,9.891005e-04
894,28.021685,24,9.898279e-04
895,28.044065,14,9.583991e-04
896,28.066476,18,9.758609e-04
897,28.088929,22,9.596268e-04
898,28.111433,11,9.448224e-04
899,28.133996,27,9.900673e-04
900,28.156627,11,9.662811e-04
901,28.179335,16,9.710395e-04
902,28.202127,19,9.080892e-04
903,28.225011,11,9.339148e-04
904,28.247995,25,9.256834e-04
905,28.271085,10,8.975953e-04
906,28.294286,12,9.393894e-04
907,28.317606,14,9.645508e-04
908,28.341048,18,9.059558e-04
909,28.364617,8,9.776459e-04
910,28.388318,11,9.963849e-04
911,28.412153,14,9.389981e-04
912,28.436126,8,9.844889e-04
913,28.460238,20,9.580015e-04
914,28.484491,10,9.621443e-04
915,28.508887,12,8.377421e-04
916,28.533425,7,8.084528e-04
917,28.558106,16,9.785587e-04
918,28.582929,7,8.243101e-04
919,28.607894,8,9.234852e-04
920,28.632999,20,9.980632e-04
921,28.658242,9,9.705149e-04
922,28.683622,13,9.631978e-04
923,28.709135,7,8.364070e-04
924,28.734780,15,9.912512e-04
925,28.760553,7,9.620331e-04
926,28.786450,17,9.994528e-04
927,28.812469,12,9.522598e-04
928,28.838607,12,8.542701e-04
929,28.864858,16,9.120826e-04
930,28.891219,8,8.306079e-04
931,28.917687,11,9.185227e-04
932,28.944257,22,9.074195e-04
933,28.970926,9,9.838049e-04
934,28.997688,10,8.780038e-04
935,29.024540,12,9.688295e-04
936,29.051477,15,9.069144e-04
937,29.078496,8,8.875673e-04
938,29.105591,22,9.070398e-04
939,29.132760,9,9.136289e-04
940,29.159997,13,9.225163e-04
941,29.187299,14,8.829990e-04
942,29.214661,19,8.954897e-04
943,29.242079,9,7.764281e-04
944,29.269550,13,9.642867e-04
945,29.297068,17,9.001811e-04
946,29.324630,9,8.761627e-04
947,29.352231,22,9.950843e-04
948,29.379869,9,9.443230e-04
949,29.407537,14,9.121830e-04
950,29.435232,16,8.759997e-04
951,29.462950,10,9.867847e-04
952,29.490687,24,9.448938e-04
953,29.518437,11,8.623931e-04
954,29.546198,13,9.482432e-04
955,29.573963,16,9.612457e-04
956,29.601728,21,8.933754e-04
957,29.629490,10,9.598975e-04
958,29.657242,14,9.884952e-04
959,29.684980,19,9.425634e-04
960,29.712700,11,9.142433e-04
961,29.740395,26,9.679323e-04
962,29.768061,11,9.773447e-04
963,29.795692,15,9.228799e-04
964,29.823282,17,9.458369e-04
965,29.850826,22,9.241946e-04
966,29.878319,11,8.734938e-04
967,29.905754,18,9.615891e-04
968,29.933125,21,9.282192e-04
969,29.960426,11,9.748997e-04
970,29.987651,30,9.812852e-04
971,30.014794,11,9.557226e-04
972,30.041847,16,9.692399e-04
973,30.068805,18,9.563797e-04
974,30.095662,24,8.997319e-04
975,30.122409,12,9.713253e-04
976,30.149042,18,9.707857e-04
977,30.175553,23,9.578166e-04
978,30.201935,12,9.825611e-04
979,30.228183,31,9.438357e-04
980,30.254290,13,8.748036e-04
981,30.280250,17,9.100090e-04
982,30.306056,19,9.784605e-04
983,30.331703,24,9.399306e-04
984,30.357185,12,9.344648e-04
985,30.382497,21,9.761082e-04
986,30.407635,25,9.379419e-04
987,30.432595,12,9.718360e-04
988,30.457374,16,9.082702e-04
989,30.481969,21,9.685430e-04
990,30.506377,12,9.926307e-04
991,30.530597,29,9.790030e-04
992,30.554628,13,9.631962e-04
993,30.578469,14,9.964288e-04
994,30.602119,14,9.990135e-04
995,30.625580,21,9.906371e-04
996,30.648851,11,9.954635e-04
997,30.671934,27,9.372799e-04
998,30.694831,14,9.898779e-04
999,30.717544,15,9.617925e-04
1000,30.740075,11,8.561226e-04
1001,30.762428,20,9.405150e-04
1002,30.784606,11,8.788385e-04
1003,30.806613,23,9.135196e-04
1004,30.828451,10,9.884840e-04
1005,30.850127,16,9.265389e-04
1006,30.871644,11,9.645365e-04
1007,30.893008,19,9.921822e-04
1008,30.914223,11,9.422806e-04
1009,30.935295,25,9.780659e-04
1010,30.956230,11,9.458910e-04
1011,30.977034,15,9.745601e-04
1012,30.997713,17,9.712669e-04
1013,31.018273,22,9.853074e-04
1014,31.038720,12,9.671268e-04
1015,31.059062,25,9.969143e-04
1016,31.079305,13,8.722832e-04
1017,31.099456,24,9.905563e-04
1018,31.119521,13,8.901437e-04
1019,31.139508,29,9.607290e-04
1020,31.159423,13,8.989968e-04
1021,31.179274,18,9.519804e-04
1022,31.199067,22,9.891054e-04
1023,31.218810,15,9.817825e-04
1024,31.238509,30,9.845697e-04
1025,31.258171,13,9.344712e-04
1026,31.277802,16,9.756739e-04
1027,31.297410,20,9.908271e-04
1028,31.316999,25,9.318329e-04
1029,31.336578,12,9.546382e-04
1030,31.356151,17,9.916599e-04
1031,31.375727,22,9.842311e-04
1032,31.395311,12,9.207718e-04
1033,31.414909,28,9.500731e-04
1034,31.434528,11,9.959035e-04
1035,31.454172,14,9.999237e-04
1036,31.473848,17,9.710384e-04
1037,31.493560,12,9.799674e-04
1038,31.513312,24,9.775902e-04
1039,31.533108,11,8.499779e-04
1040,31.552952,12,9.227355e-04
1041,31.572847,16,9.788440e-04
1042,31.592795,11,9.463790e-04
1043,31.612798,22,9.996217e-04
1044,31.632857,10,9.385994e-04
1045,31.652972,12,8.903387e-04
1046,31.673143,16,9.075427e-04
1047,31.693369,19,9.177434e-04
1048,31.713649,10,9.773938e-04
1049,31.733981,17,9.759613e-04
1050,31.754362,21,9.862685e-04
1051,31.774788,11,9.707699e-04
1052,31.795257,17,9.954413e-04
1053,31.815762,32,9.894389e-04
1054,31.836300,14,9.228695e-04
1055,31.856866,14,9.447834e-04
1056,31.877452,17,9.310082e-04
1057,31.898053,19,9.510342e-04
1058,31.918663,14,9.857621e-04
1059,31.939275,22,9.722477e-04
1060,31.959881,13,8.911467e-04
1061,31.980475,29,9.799822e-04
1062,32.001049,13,9.338418e-04
1063,32.021597,15,9.945028e-04
1064,32.042111,21,9.755107e-04
1065,32.062585,14,9.663557e-04
1066,32.083011,29,9.582744e-04
1067,32.103385,13,9.697361e-04
1068,32.123699,15,8.751424e-04
1069,32.143949,16,9.748026e-04
1070,32.164132,22,9.698358e-04
1071,32.184242,12,8.640483e-04
1072,32.204277,15,9.628304e-04
1073,32.224235,21,9.770045e-04
1074,32.244113,11,8.572972e-04
1075,32.263910,13,9.137802e-04
1076,32.283626,16,9.823027e-04
1077,32.303261,12,9.797815e-04
1078,32.322815,23,9.437558e-04
1079,32.342289,10,9.876170e-04
1080,32.361684,12,9.383568e-04
1081,32.381003,17,9.802541e-04
1082,32.400248,21,9.889506e-04
1083,32.419421,11,9.008120e-04
1084,32.438527,14,9.895896e-04
1085,32.457569,26,9.845428e-04
1086,32.476551,12,8.423230e-04
1087,32.495477,16,9.903628e-04
1088,32.514351,30,9.320737e-04
1089,32.533179,13,9.743745e-04
1090,32.551966,15,9.204661e-04
1091,32.570717,20,9.474837e-04
1092,32.589437,25,9.635038e-04
1093,32.608131,12,9.440945e-04
1094,32.626806,21,9.492154e-04
1095,32.645467,25,9.286215e-04
1096,32.664120,12,9.568298e-04
1097,32.682770,21,9.852971e-04
1098,32.701422,24,9.585275e-04
1099,32.720084,12,9.865832e-04
1100,32.738759,22,9.750760e-04
1101,32.757454,24,9.485661e-04
1102,32.776173,13,9.624519e-04
1103,32.794923,17,9.868939e-04
1104,32.813708,22,9.248923e-04
1105,32.832534,11,9.275271e-04
1106,32.851406,28,9.758391e-04
1107,32.870329,11,9.196487e-04
1108,32.889308,15,9.766094e-04
1109,32.908348,17,9.717953e-04
1110,32.927454,14,9.902435e-04
1111,32.946631,24,9.971511e-04
1112,32.965882,10,9.375711e-04
1113,32.985213,12,9.107492e-04
1114,33.004626,14,9.919420e-04
1115,33.024126,18,9.793868e-04
1116,33.043715,8,9.345144e-04
1117,33.063396,11,9.703145e-04
1118,33.083173,14,9.540636e-04
1119,33.103047,8,9.545566e-04
1120,33.123020,19,8.799536e-04
1121,33.143094,8,8.538272e-04
1122,33.163271,10,9.478609e-04
1123,33.183551,6,8.855242e-04
1124,33.203935,12,8.837547e-04
1125,33.224425,6,8.138044e-04
1126,33.245020,15,9.149875e-04
1127,33.265720,6,9.064713e-04
1128,33.286526,8,9.645855e-04
1129,33.307438,9,9.461371e-04
1130,33.328454,6,9.124441e-04
1131,33.349574,14,9.102218e-04
1132,33.370799,6,8.980009e-04
1133,33.392126,8,8.986694e-04
1134,33.413556,16,9.910057e-04
1135,33.435087,7,8.054662e-04
1136,33.456719,8,8.958027e-04
1137,33.478449,10,9.639422e-04
1138,33.500279,6,9.017329e-04
1139,33.522205,15,9.801886e-04
1140,33.544227,7,8.024717e-04
1141,33.566344,9,9.114603e-04
1142,33.588555,18,9.612230e-04
1143,33.610858,7,9.993781e-04
1144,33.633252,8,9.773120e-04
1145,33.655736,11,8.651889e-04
1146,33.678308,6,8.253912e-04
1147,33.700968,14,9.572597e-04
1148,33.723713,6,9.188250e-04
1149,33.746542,19,8.903655e-04
1150,33.769454,7,9.938370e-04
1151,33.792447,11,9.138553e-04
1152,33.815521,6,9.297838e-04
1153,33.838672,12,9.801038e-04
1154,33.861901,6,9.277264e-04
1155,33.885205,18,9.158059e-04
1156,33.908582,9,8.762162e-04
1157,33.932032,10,8.918399e-04
1158,33.955552,6,9.935257e-04
1159,33.979141,13,9.893833e-04
1160,34.002797,6,9.386220e-04
1161,34.026520,18,9.178737e-04
1162,34.050306,9,9.086990e-04
1163,34.074155,10,9.678266e-04
1164,34.098064,6,8.988999e-04
1165,34.122033,13,9.045987e-04
1166,34.146060,6,8.690550e-04
1167,34.170143,17,9.717376e-04
1168,34.194280,7,9.647901e-04
1169,34.218471,10,8.875966e-04
1170,34.242713,6,8.979850e-04
1171,34.267006,13,9.188527e-04
1172,34.291347,6,9.611655e-04
1173,34.315736,17,8.873843e-04
1174,34.340171,12,9.588883e-04
1175,34.364651,6,7.311723e-04
1176,34.389174,9,9.376292e-04
1177,34.413740,10,9.104132e-04
1178,34.438347,5,9.296236e-04
1179,34.462994,16,9.189272e-04
1180,34.487679,6,8.540549e-04
1181,34.512403,7,9.440121e-04
1182,34.537164,10,9.099794e-04
1183,34.561961,5,9.896442e-04
1184,34.586793,21,9.848119e-04
1185,34.611659,9,8.831958e-04
1186,34.636559,5,9.858974e-04
1187,34.661491,9,9.598876e-04
1188,34.686455,6,9.707911e-04
1189,34.711450,12,9.026414e-04
1190,34.736476,6,7.166535e-04
1191,34.761531,7,9.129771e-04
1192,34.786615,16,9.999591e-04
1193,34.811728,7,8.801127e-04
1194,34.836868,8,9.989531e-04
1195,34.862035,10,9.062011e-04
1196,34.887229,5,9.346001e-04
1197,34.912449,14,9.372527e-04
1198,34.937694,6,8.330293e-04
1199,34.962964,7,9.609988e-04
1200,34.988258,18,9.606208e-04
1201,35.013577,7,9.656020e-04
1202,35.038919,11,9.865246e-04
1203,35.064284,5,9.798073e-04
1204,35.089671,10,8.800875e-04
1205,35.115081,5,9.329137e-04
1206,35.140512,11,9.790160e-04
1207,35.165965,5,9.963356e-04
1208,35.191439,15,9.569719e-04
1209,35.216934,6,9.847565e-04
1210,35.242449,7,9.523191e-04
1211,35.267984,8,9.628630e-04
1212,35.293539,10,8.790033e-04
1213,35.319114,5,9.190769e-04
1214,35.344707,14,9.911083e-04
1215,35.370320,6,8.076138e-04
1216,35.395951,7,9.038088e-04
1217,35.421601,9,9.074421e-04
1218,35.447270,5,9.864070e-04
1219,35.472956,14,9.893113e-04
1220,35.498661,6,9.378431e-04
1221,35.524383,6,9.855141e-04
1222,35.550123,7,9.608801e-04
1223,35.575880,8,9.676903e-04
1224,35.601655,10,9.480635e-04
1225,35.627447,5,9.574406e-04
1226,35.653256,7,9.956721e-04
1227,35.679082,10,9.631005e-04
1228,35.704925,6,7.505086e-04
1229,35.730785,7,9.975637e-04
1230,35.756661,15,9.435732e-04
1231,35.782554,7,7.766582e-04
1232,35.808464,6,8.782966e-04
1233,35.834390,7,9.775549e-04
1234,35.860332,8,9.685922e-04
1235,35.886290,7,9.817502e-04
1236,35.912265,10,9.934833e-04
1237,35.938255,5,9.920825e-04
1238,35.964262,9,9.852464e-04
1239,35.990284,16,9.544905e-04
1240,36.016323,7,9.370990e-04
1241,36.042377,8,9.122067e-04
1242,36.068447,7,9.541357e-04
1243,36.094532,9,9.355241e-04
1244,36.120633,6,9.136565e-04
1245,36.146749,12,9.394573e-04
1246,36.172881,6,7.338082e-04
1247,36.199027,7,9.958956e-04
1248,36.225190,18,9.693229e-04
1249,36.251367,8,9.441112e-04
1250,36.277559,12,9.786534e-04
1251,36.303766,6,7.346899e-04
1252,36.329988,10,9.584532e-04
1253,36.356224,6,9.898960e-04
1254,36.382475,12,9.917409e-04
1255,36.408741,6,8.019157e-04
1256,36.435021,7,9.546163e-04
1257,36.461315,18,9.340859e-04
1258,36.487624,7,9.235145e-04
1259,36.513946,7,9.840351e-04
1260,36.540282,11,9.552276e-04
1261,36.566633,6,8.004797e-04
1262,36.592997,8,9.695146e-04
1263,36.619374,10,8.600488e-04
1264,36.645766,6,8.821904e-04
1265,36.672170,15,9.841850e-04
1266,36.698588,7,7.061193e-04
1267,36.725019,7,9.566279e-04
1268,36.751463,9,9.029521e-04
1269,36.777920,11,8.945604e-04
1270,36.804390,6,8.929899e-04
1271,36.830872,15,9.859950e-04
1272,36.857368,6,9.659652e-04
1273,36.883875,8,8.866739e-04
1274,36.910395,9,9.387567e-04
1275,36.936927,11,9.714959e-04
1276,36.963472,6,9.105404e-04
1277,36.990028,16,9.814818e-04
1278,37.016596,7,7.909311e-04
1279,37.043176,8,9.000736e-04
1280,37.069768,9,9.858804e-04
1281,37.096371,11,9.653265e-04
1282,37.122985,6,9.407502e-04
1283,37.149611,16,9.978553e-04
1284,37.176248,7,7.969568e-04
1285,37.202896,8,9.144645e-04
1286,37.229555,9,9.632286e-04
1287,37.256224,11,9.039266e-04
1288,37.282905,6,9.628212e-04
1289,37.309596,15,9.531215e-04
1290,37.336297,6,9.843423e-04
1291,37.363008,8,9.352664e-04
1292,37.389730,10,8.826267e-04
1293,37.416462,7,9.900386e-04
1294,37.443203,14,9.811228e-04
1295,37.469955,6,9.916045e-04
1296,37.496716,8,9.168687e-04
1297,37.523487,10,9.373252e-04
1298,37.550267,12,9.513154e-04
1299,37.577056,6,9.875042e-04
1300,37.603855,10,8.933724e-04
1301,37.630662,11,9.686963e-04
1302,37.657479,6,9.984437e-04
1303,37.684304,13,9.787701e-04
1304,37.711138,6,9.693277e-04
1305,37.737980,12,9.847675e-04
1306,37.764831,6,9.974591e-04
1307,37.791690,14,9.689249e-04
1308,37.818558,7,7.276645e-04
1309,37.845433,9,9.980582e-04
1310,37.872317,11,9.965219e-04
1311,37.899208,7,9.596773e-04
1312,37.926107,15,9.193957e-04
1313,37.953013,7,7.792470e-04
1314,37.979927,9,9.483800e-04
1315,38.006848,11,9.111491e-04
1316,38.033776,12,9.960649e-04
1317,38.060711,8,9.341996e-04
1318,38.087653,11,9.921074e-04
1319,38.114602,12,9.554403e-04
1320,38.141557,7,9.532742e-04
1321,38.168519,11,9.642132e-04
1322,38.195487,12,9.185841e-04
1323,38.222461,7,9.891596e-04
1324,38.249442,11,9.324038e-04
1325,38.276428,11,9.932364e-04
1326,38.303420,9,8.902336e-04
1327,38.330418,10,9.943766e-04
1328,38.357421,11,9.097533e-04
1329,38.384430,9,9.120660e-04
1330,38.411443,10,9.781744e-04
1331,38.438462,11,9.038951e-04
1332,38.465485,9,9.090632e-04
1333,38.492513,10,9.636364e-04
1334,38.519546,10,9.857390e-04
1335,38.546583,10,9.120524e-04
1336,38.573623,10,9.256046e-04
1337,38.600668,10,9.214053e-04
1338,38.627716,10,9.260118e-04
1339,38.654768,10,9.321623e-04
1340,38.681823,10,9.437990e-04
1341,38.708882,10,9.583103e-04
1342,38.735943,10,9.765749e-04
1343,38.763006,10,9.971133e-04
1344,38.790072,23,9.744674e-04
1345,38.817141,10,9.939838e-04
1346,38.844211,9,9.747929e-04
1347,38.871283,9,9.900902e-04
1348,38.898356,9,9.814556e-04
1349,38.925430,9,9.751223e-04
1350,38.952506,10,9.919280e-04
1351,38.979582,15,9.926722e-04
1352,39.006658,7,8.442014e-04
1353,39.033735,9,8.739680e-04
1354,39.060812,11,9.199834e-04
1355,39.087889,7,9.560025e-04
1356,39.114965,26,9.725216e-04
1357,39.142040,13,9.367324e-04
1358,39.169115,7,9.490744e-04
1359,39.196188,17,9.404877e-04
1360,39.223259,8,8.553611e-04
1361,39.250329,11,9.929680e-04
1362,39.277397,18,9.951272e-04
1363,39.304462,8,8.582335e-04
1364,39.331525,9,9.043589e-04
1365,39.358584,10,9.848882e-04
1366,39.385640,8,9.986224e-04
1367,39.412693,12,9.580199e-04
1368,39.439742,7,8.601220e-04
1369,39.466787,22,9.493739e-04
1370,39.493827,11,9.514857e-04
1371,39.520862,14,9.151026e-04
1372,39.547892,7,9.552035e-04
1373,39.574916,17,9.923935e-04
1374,39.601935,8,8.197749e-04
1375,39.628947,11,9.939280e-04
1376,39.655952,20,9.852925e-04
1377,39.682951,9,8.620161e-04
1378,39.709942,10,9.398749e-04
1379,39.736925,12,9.103433e-04
1380,39.763901,7,9.631849e-04
1381,39.790868,12,9.843274e-04
1382,39.817826,20,9.637320e-04
1383,39.844775,9,8.505047e-04
1384,39.871714,9,9.940853e-04
1385,39.898644,11,9.142864e-04
1386,39.925562,13,9.436135e-04
1387,39.952470,7,9.975041e-04
1388,39.979367,22,9.425674e-04
1389,40.006251,9,9.810303e-04
1390,40.033123,10,9.652963e-04
1391,40.059982,11,9.063389e-04
1392,40.086828,9,9.981282e-04
1393,40.113659,16,9.838987e-04
1394,40.140476,8,8.445313e-04
1395,40.167277,11,9.816291e-04
1396,40.194063,20,9.816084e-04
1397,40.220832,9,8.590852e-04
1398,40.247584,10,9.221856e-04
1399,40.274318,12,8.915245e-04
1400,40.301033,8,8.899644e-04
1401,40.327729,13,9.743949e-04
1402,40.354405,8,8.925310e-04
1403,40.381059,21,9.641942e-04
1404,40.407692,10,8.368607e-04
1405,40.434302,9,9.703805e-04
1406,40.460888,12,8.797074e-04
1407,40.487450,8,9.991358e-04
1408,40.513986,19,9.781697e-04
1409,40.540495,9,9.511163e-04
1410,40.566976,11,9.674186e-04
1411,40.593428,22,9.533290e-04
1412,40.619850,9,9.805641e-04
1413,40.646240,11,9.251688e-04
1414,40.672597,13,9.097125e-04
1415,40.698920,8,9.115063e-04
1416,40.725207,17,9.536064e-04
1417,40.751456,8,9.025429e-04
1418,40.777667,22,9.151431e-04
1419,40.803838,9,9.125203e-04
1420,40.829967,13,9.665961e-04
1421,40.856051,9,9.153738e-04
1422,40.882090,15,9.424481e-04
1423,40.908082,8,9.741571e-04
1424,40.934023,22,9.466636e-04
1425,40.959914,10,9.083817e-04
1426,40.985750,11,9.746641e-04
1427,41.011531,12,9.465163e-04
1428,41.037253,16,9.480791e-04
1429,41.062915,9,9.409061e-04
1430,41.088514,22,9.870551e-04
1431,41.114048,10,8.871159e-04
1432,41.139514,12,9.898470e-04
1433,41.164909,13,9.673371e-04
1434,41.190231,17,9.953362e-04
1435,41.215478,9,9.694069e-04
1436,41.240646,24,9.766853e-04
1437,41.265732,11,8.665467e-04
1438,41.290735,13,9.765215e-04
1439,41.315650,14,9.133326e-04
1440,41.340476,18,9.348245e-04
1441,41.365209,10,8.845927e-04
1442,41.389846,25,9.826730e-04
1443,41.414385,11,9.069417e-04
1444,41.438823,13,9.601928e-04
1445,41.463156,14,9.294386e-04
1446,41.487383,17,9.670028e-04
1447,41.511501,11,9.907206e-04
1448,41.535507,25,9.960206e-04
1449,41.559398,11,9.789585e-04
1450,41.583174,13,9.590073e-04
1451,41.606832,13,9.344514e-04
1452,41.630371,14,9.786056e-04
1453,41.653789,23,9.436651e-04
1454,41.677084,11,8.706001e-04
1455,41.700257,12,9.670998e-04
1456,41.723306,13,9.924109e-04
1457,41.746230,22,9.798754e-04
1458,41.769030,10,9.834085e-04
1459,41.791705,12,8.744444e-04
1460,41.814255,14,9.491392e-04
1461,41.836682,20,9.876825e-04
1462,41.858985,10,8.884051e-04
1463,41.881165,12,9.275143e-04
1464,41.903224,16,9.861071e-04
1465,41.925164,12,9.719247e-04
1466,41.946985,22,9.812271e-04
1467,41.968691,10,9.737547e-04
1468,41.990283,12,9.690171e-04
1469,42.011763,16,9.487050e-04
1470,42.033135,19,9.453663e-04
1471,42.054402,11,8.929127e-04
1472,42.075567,18,9.501433e-04
1473,42.096633,19,9.403310e-04
1474,42.117604,12,9.219214e-04
1475,42.138484,18,9.591345e-04
1476,42.159278,19,9.720220e-04
1477,42.179989,13,9.596766e-04
1478,42.200623,19,9.837288e-04
1479,42.221184,20,9.719575e-04
1480,42.241677,13,9.943161e-04
1481,42.262106,19,9.922691e-04
1482,42.282477,21,9.235006e-04
1483,42.302795,13,9.659806e-04
1484,42.323065,20,9.455415e-04
1485,42.343292,21,9.415820e-04
1486,42.363482,14,9.397400e-04
1487,42.383639,20,9.489020e-04
1488,42.403769,20,9.808553e-04
1489,42.423877,15,9.556924e-04
1490,42.443969,20,9.543204e-04
1491,42.464049,14,9.977098e-04
1492,42.484123,22,9.884277e-04
1493,42.504198,12,9.247019e-04
1494,42.524277,19,9.692048e-04
1495,42.544366,19,9.703302e-04
1496,42.564471,14,9.321610e-04
1497,42.584597,18,9.576021e-04
1498,42.604748,15,9.819600e-04
1499,42.624929,17,9.720240e-04
1500,42.645144,15,9.724824e-04
1501,42.665398,15,9.876862e-04
1502,42.685694,15,9.931279e-04
1503,42.706036,14,9.792834e-04
1504,42.726428,14,9.848739e-04
1505,42.746872,14,9.459369e-04
1506,42.767371,13,9.721543e-04
1507,42.787928,13,9.916479e-04
1508,42.808544,13,9.623376e-04
1509,42.829222,13,9.307007e-04
1510,42.849962,13,9.303200e-04
1511,42.870766,13,9.499905e-04
1512,42.891635,13,9.991489e-04
1513,42.912568,15,9.831763e-04
1514,42.933568,27,9.613106e-04
1515,42.954632,13,8.478097e-04
1516,42.975761,12,9.840689e-04
1517,42.996954,13,9.854342e-04
1518,43.018211,16,9.317130e-04
1519,43.039529,19,9.984865e-04
1520,43.060907,12,8.870023e-04
1521,43.082344,25,9.428794e-04
1522,43.103837,12,7.993293e-04
1523,43.125384,14,9.819274e-04
1524,43.146982,22,9.918211e-04
1525,43.168629,13,9.141212e-04
1526,43.190321,27,9.743555e-04
1527,43.212054,13,8.030621e-04
1528,43.233826,17,9.316182e-04
1529,43.255631,22,9.814720e-04
1530,43.277466,26,9.052233e-04
1531,43.299325,14,9.611516e-04
1532,43.321205,20,9.278344e-04
1533,43.343100,23,9.839413e-04
1534,43.365004,14,9.891582e-04
1535,43.386912,31,9.903520e-04
1536,43.408818,14,9.309783e-04
1537,43.430715,21,9.514285e-04
1538,43.452598,24,9.967776e-04
1539,43.474459,29,9.957006e-04
1540,43.496291,16,9.460276e-04
1541,43.518087,25,9.565044e-04
1542,43.539839,27,9.681967e-04
1543,43.561540,18,9.437016e-04
1544,43.583183,31,9.872958e-04
1545,43.604758,17,9.129422e-04
1546,43.626258,33,9.865757e-04
1547,43.647676,16,9.742671e-04
1548,43.669001,30,9.870820e-04
1549,43.690227,19,9.994240e-04
1550,43.711345,35,9.893490e-04
1551,43.732347,17,9.215482e-04
1552,43.753227,25,9.918001e-04
1553,43.773976,30,9.536595e-04
1554,43.794588,17,9.694134e-04
1555,43.815058,36,9.788930e-04
1556,43.835380,17,8.685394e-04
1557,43.855548,28,9.943051e-04
1558,43.875559,30,9.227813e-04
1559,43.895409,16,9.749173e-04
1560,43.915095,29,9.859504e-04
1561,43.934614,18,9.970031e-04
1562,43.953965,34,9.972612e-04
1563,43.973147,16,9.104060e-04
1564,43.992158,18,9.839625e-04
1565,44.010999,28,9.890210e-04
1566,44.029670,15,9.402123e-04
1567,44.048173,32,9.767199e-04
1568,44.066510,14,9.218070e-04
1569,44.084682,16,9.679495e-04
1570,44.102692,24,9.636037e-04
1571,44.120544,14,9.280203e-04
1572,44.138240,27,9.737285e-04
1573,44.155785,13,8.193386e-04
1574,44.173183,16,9.616788e-04
1575,44.190439,22,9.503523e-04
1576,44.207557,24,8.954278e-04
1577,44.224541,15,9.436744e-04
1578,44.241399,20,9.438031e-04
1579,44.258134,23,9.079557e-04
1580,44.274752,15,9.656779e-04
1581,44.291259,28,9.581768e-04
1582,44.307661,14,9.425410e-04
1583,44.323964,26,9.849243e-04
1584,44.340174,25,9.711064e-04
1585,44.356296,19,9.743552e-04
1586,44.372336,26,9.770070e-04
1587,44.388301,26,9.850560e-04
1588,44.404196,20,9.911475e-04
1589,44.420027,28,9.564239e-04
1590,44.435801,18,9.608568e-04
1591,44.451522,31,9.874827e-04
1592,44.467196,15,9.901960e-04
1593,44.482830,28,9.916365e-04
1594,44.498428,27,9.843194e-04
1595,44.513995,19,9.509707e-04
1596,44.529537,27,9.781170e-04
1597,44.545059,18,9.938416e-04
1598,44.560565,31,9.751476e-04
1599,44.576059,15,8.351134e-04
1600,44.591547,20,9.919462e-04
1601,44.607032,25,9.647185e-04
1602,44.622518,14,9.594941e-04
1603,44.638008,30,9.904877e-04
1604,44.653507,13,8.902945e-04
1605,44.669017,18,9.668850e-04
1606,44.684542,21,9.631970e-04
1607,44.700083,12,9.933600e-04
1608,44.715643,28,9.507459e-04
1609,44.731225,11,9.433612e-04
1610,44.746830,13,9.405305e-04
1611,44.762460,16,9.382200e-04
1612,44.778117,20,9.155316e-04
1613,44.793801,9,9.827387e-04
1614,44.809514,13,9.750078e-04
1615,44.825256,17,9.745204e-04
1616,44.841027,9,9.018401e-04
1617,44.856829,22,9.466739e-04
1618,44.872659,9,9.782541e-04
1619,44.888518,14,9.411547e-04
1620,44.904405,15,9.712375e-04
1621,44.920318,10,9.545886e-04
1622,44.936257,20,9.714035e-04
1623,44.952219,9,9.226187e-04
1624,44.968202,15,9.958299e-04
1625,44.984206,17,9.687468e-04
1626,45.000227,10,9.289475e-04
1627,45.016264,23,9.632468e-04
1628,45.032315,10,9.011514e-04
1629,45.048377,14,9.707201e-04
1630,45.064448,17,9.488536e-04
1631,45.080526,11,9.960772e-04
1632,45.096608,22,9.362443e-04
1633,45.112693,10,8.783893e-04
1634,45.128779,14,9.739957e-04
1635,45.144862,17,9.158287e-04
1636,45.160941,12,9.865680e-04
1637,45.177015,21,9.351198e-04
1638,45.193082,10,8.753746e-04
1639,45.209139,15,9.429301e-04
1640,45.225186,17,9.329195e-04
1641,45.241220,11,9.658775e-04
1642,45.257241,20,9.596271e-04
1643,45.273247,10,8.665874e-04
1644,45.289238,16,9.858487e-04
1645,45.305212,17,9.169092e-04
1646,45.321168,11,9.122765e-04
1647,45.337106,17,9.607879e-04
1648,45.353025,11,9.865632e-04
1649,45.368925,19,9.243373e-04
1650,45.384805,10,8.305657e-04
1651,45.400664,14,9.286625e-04
1652,45.416503,16,9.180958e-04
1653,45.432321,11,9.050747e-04
1654,45.448118,16,9.913452e-04
1655,45.463893,11,9.745668e-04
1656,45.479648,17,9.621361e-04
1657,45.495380,10,8.969708e-04
1658,45.511091,15,9.903354e-04
1659,45.526781,15,9.864314e-04
1660,45.542448,12,9.475332e-04
1661,45.558094,15,9.730218e-04
1662,45.573717,15,9.855515e-04
1663,45.589318,13,9.332788e-04
1664,45.604897,15,9.759615e-04
1665,45.620453,15,9.881177e-04
1666,45.635986,13,9.755174e-04
1667,45.651497,16,9.914517e-04
1668,45.666984,12,9.551378e-04
1669,45.682449,23,9.873107e-04
1670,45.697890,10,9.846550e-04
1671,45.713307,12,9.180246e-04
1672,45.728702,14,8.839385e-04
1673,45.744072,17,9.973264e-04
1674,45.759420,11,9.410368e-04
1675,45.774744,24,9.670256e-04
1676,45.790044,10,9.639221e-04
1677,45.805321,12,9.200366e-04
1678,45.820576,14,9.343053e-04
1679,45.835807,20,9.260483e-04
1680,45.851017,10,8.732479e-04
1681,45.866205,24,9.936161e-04
1682,45.881373,10,8.973123e-04
1683,45.896520,14,9.780185e-04
1684,45.911647,17,9.191607e-04
1685,45.926757,22,8.904282e-04
1686,45.941849,10,9.351787e-04
1687,45.956924,14,9.769884e-04
1688,45.971985,18,9.116277e-04
1689,45.987032,22,9.989736e-04
1690,46.002067,14,9.948638e-04
1691,46.017092,14,9.808677e-04
1692,46.032107,19,9.303366e-04
1693,46.047116,11,9.887998e-04
1694,46.062118,28,9.769948e-04
1695,46.077117,12,9.070145e-04
1696,46.092114,15,8.784123e-04
1697,46.107111,17,9.101418e-04
1698,46.122110,22,9.875616e-04
1699,46.137113,10,9.452909e-04
1700,46.152122,28,9.643143e-04
1701,46.167138,11,9.842843e-04
1702,46.182165,16,9.512667e-04
1703,46.197203,18,9.555661e-04
1704,46.212255,13,9.842453e-04
1705,46.227323,28,9.429519e-04
1706,46.242408,11,9.826603e-04
1707,46.257513,13,9.442521e-04
1708,46.272639,15,9.530699e-04
1709,46.287787,18,9.739315e-04
1710,46.302960,9,9.281334e-04
1711,46.318159,27,9.652400e-04
1712,46.333386,10,9.770517e-04
1713,46.348642,11,9.203391e-04
1714,46.363928,14,9.159736e-04
1715,46.379245,9,9.972858e-04
1716,46.394596,20,9.923330e-04
1717,46.409981,9,9.101321e-04
1718,46.425400,11,9.885611e-04
1719,46.440856,15,9.603437e-04
1720,46.456349,8,9.139106e-04
1721,46.471879,20,9.514063e-04
1722,46.487448,9,8.738278e-04
1723,46.503056,11,9.077089e-04
1724,46.518703,7,9.747603e-04
1725,46.534391,14,9.077175e-04
1726,46.550119,7,8.016052e-04
1727,46.565888,10,9.838710e-04
1728,46.581698,12,9.769981e-04
1729,46.597549,6,9.549167e-04
1730,46.613442,8,9.825882e-04
1731,46.629376,11,9.178049e-04
1732,46.645352,6,9.041975e-04
1733,46.661369,14,9.671608e-04
1734,46.677427,6,9.090854e-04
1735,46.693526,8,8.817916e-04
1736,46.709666,10,8.948353e-04
1737,46.725847,7,9.515952e-04
1738,46.742068,17,9.993409e-04
1739,46.758329,8,9.523112e-04
1740,46.774630,7,9.633435e-04
1741,46.790970,9,9.423246e-04
1742,46.807349,11,9.981951e-04
1743,46.823766,6,9.680773e-04
1744,46.840221,17,9.706594e-04
1745,46.856714,8,9.059051e-04
1746,46.873243,9,9.691651e-04
1747,46.889809,9,9.580985e-04
1748,46.906410,13,9.594957e-04
1749,46.923047,7,8.037903e-04
1750,46.939719,17,9.544965e-04
1751,46.956425,7,9.155088e-04
1752,46.973164,9,9.660309e-04
1753,46.989936,10,9.070026e-04
1754,47.006741,8,9.802372e-04
1755,47.023578,16,9.883438e-04
1756,47.040446,7,9.837306e-04
1757,47.057344,9,9.247519e-04
1758,47.074273,20,9.468472e-04
1759,47.091231,8,9.072272e-04
1760,47.108217,9,9.222236e-04
1761,47.125233,11,9.254290e-04
1762,47.142276,6,9.849962e-04
1763,47.159346,14,9.329608e-04
1764,47.176442,7,8.187192e-04
1765,47.193565,19,9.324589e-04
1766,47.210713,8,8.488216e-04
1767,47.227886,11,9.346345e-04
1768,47.245084,7,9.823251e-04
1769,47.262305,13,9.671781e-04
1770,47.279549,7,8.658114e-04
1771,47.296817,19,9.655642e-04
1772,47.314106,9,8.609496e-04
1773,47.331418,10,9.600014e-04
1774,47.348750,8,9.967580e-04
1775,47.366103,12,9.827484e-04
1776,47.383477,7,9.454031e-04
1777,47.400870,18,9.329686e-04
1778,47.418283,8,9.530077e-04
1779,47.435714,10,9.292491e-04
1780,47.453164,11,9.417652e-04
1781,47.470631,15,9.789122e-04
1782,47.488116,7,9.000767e-04
1783,47.505618,10,9.957264e-04
1784,47.523136,19,9.378492e-04
1785,47.540671,8,9.493032e-04
1786,47.558221,9,8.921454e-04
1787,47.575787,11,8.798988e-04
1788,47.593367,8,9.966298e-04
1789,47.610962,15,9.708587e-04
1790,47.628572,7,9.296008e-04
1791,47.646195,19,9.804035e-04
1792,47.663831,8,9.027843e-04
1793,47.681481,12,8.952751e-04
1794,47.699143,7,8.758203e-04
1795,47.716818,12,9.544016e-04
1796,47.734505,7,9.636627e-04
1797,47.752204,18,9.931876e-04
1798,47.769914,8,8.970139e-04
1799,47.787636,9,9.658606e-04
1800,47.805368,12,9.555778e-04
1801,47.823111,15,9.585952e-04
1802,47.840864,8,8.323610e-04
1803,47.858628,10,9.476024e-04
1804,47.876401,13,9.094307e-04
1805,47.894183,7,9.890958e-04
1806,47.911975,16,9.724022e-04
1807,47.929776,7,9.752576e-04
1808,47.947586,11,9.358186e-04
1809,47.965404,13,9.105468e-04
1810,47.983230,8,9.092382e-04
1811,48.001064,16,9.937125e-04
1812,48.018907,8,7.721751e-04
1813,48.036757,11,9.425802e-04
1814,48.054614,13,8.757523e-04
1815,48.072479,8,9.505455e-04
1816,48.090351,15,9.882103e-04
1817,48.108229,8,8.389401e-04
1818,48.126114,13,9.722034e-04
1819,48.144006,13,9.820301e-04
1820,48.161904,9,9.604560e-04
1821,48.179808,13,9.389171e-04
1822,48.197718,13,9.616374e-04
1823,48.215634,10,9.288368e-04
1824,48.233556,12,9.812943e-04
1825,48.251483,13,9.526807e-04
1826,48.269415,10,9.181583e-04
1827,48.287353,13,9.487062e-04
1828,48.305296,11,9.778537e-04
1829,48.323243,12,9.802154e-04
1830,48.341196,13,9.667001e-04
1831,48.359153,10,9.691850e-04
1832,48.377115,13,9.853797e-04
1833,48.395081,11,9.816510e-04
1834,48.413051,13,9.928464e-04
1835,48.431026,11,9.766067e-04
1836,48.449004,13,9.978473e-04
1837,48.466987,11,9.749707e-04
1838,48.484973,13,9.978335e-04
1839,48.502963,11,9.645597e-04
1840,48.520957,13,9.833425e-04
1841,48.538954,11,9.470521e-04
1842,48.556955,12,9.979057e-04
1843,48.574959,12,9.967649e-04
1844,48.592966,11,9.842167e-04
1845,48.610976,12,9.993990e-04
1846,48.628989,11,9.893394e-04
1847,48.647005,12,9.917130e-04
1848,48.665024,11,9.796111e-04
1849,48.683046,12,9.843845e-04
1850,48.701070,11,9.673347e-04
1851,48.719097,12,9.819733e-04
1852,48.737126,11,9.601147e-04
1853,48.755158,12,9.860413e-04
1854,48.773191,10,9.938977e-04
1855,48.791227,24,9.999834e-04
1856,48.809265,10,9.879064e-04
1857,48.827305,10,8.735788e-04
1858,48.845347,10,9.411845e-04
1859,48.863391,10,9.703879e-04
1860,48.881437,10,9.974616e-04
1861,48.899484,14,9.740695e-04
1862,48.917532,8,9.669818e-04
1863,48.935583,21,8.676849e-04
1864,48.953634,9,8.409785e-04
1865,48.971687,11,9.819504e-04
1866,48.989741,10,9.829496e-04
1867,49.007796,9,9.823387e-04
1868,49.025853,10,9.449011e-04
1869,49.043910,17,9.541574e-04
1870,49.061968,9,8.850089e-04
1871,49.080027,21,9.081617e-04
1872,49.098087,15,8.832892e-04
1873,49.116147,8,7.874681e-04
1874,49.134208,9,9.829301e-04
1875,49.152270,10,9.217804e-04
1876,49.170331,15,9.457994e-04
1877,49.188394,8,8.642107e-04
1878,49.206456,20,9.753072e-04
1879,49.224518,9,8.287074e-04
1880,49.242581,11,9.819803e-04
1881,49.260643,9,9.625816e-04
1882,49.278705,10,9.910270e-04
1883,49.296767,12,9.528897e-04
1884,49.314829,18,9.932851e-04
1885,49.332891,8,9.927073e-04
1886,49.350952,10,9.217254e-04
1887,49.369012,11,9.618998e-04
1888,49.387072,25,9.918786e-04
1889,49.405131,10,9.203818e-04
1890,49.423189,9,9.494857e-04
1891,49.441246,11,9.276220e-04
1892,49.459302,11,9.723258e-04
1893,49.477357,12,9.679400e-04
1894,49.495411,18,9.555161e-04
1895,49.513464,8,9.572779e-04
1896,49.531515,10,8.796283e-04
1897,49.549565,11,9.414744e-04
1898,49.567613,13,9.996547e-04
1899,49.585660,9,9.973073e-04
1900,49.603705,22,9.711124e-04
1901,49.621748,10,9.279274e-04
1902,49.639789,10,9.779323e-04
1903,49.657828,11,8.728915e-04
1904,49.675865,10,9.708198e-04
1905,49.693900,13,9.811353e-04
1906,49.711932,19,9.906569e-04
1907,49.729962,9,8.551884e-04
1908,49.747989,11,8.827034e-04
1909,49.766014,11,9.730509e-04
1910,49.784036,13,9.604518e-04
1911,49.802055,21,9.460469e-04
1912,49.820071,9,9.971595e-04
1913,49.838084,11,8.448096e-04
1914,49.856094,11,9.012963e-04
1915,49.874101,12,9.110733e-04
1916,49.892104,14,9.722436e-04
1917,49.910104,9,9.959284e-04
1918,49.928100,23,9.226731e-04
1919,49.946092,10,8.783230e-04
1920,49.964080,11,9.744712e-04
1921,49.982064,12,8.816734e-04
1922,50.000043,10,9.417255e-04
1923,50.018019,13,9.473059e-04
1924,50.035990,19,9.975346e-04
1925,50.053956,9,8.524861e-04
1926,50.071917,11,9.066537e-04
1927,50.089874,13,9.043669e-04
1928,50.107825,15,9.945559e-04
1929,50.125771,9,9.257287e-04
1930,50.143711,24,9.738488e-04
1931,50.161646,10,8.798680e-04
1932,50.179575,11,8.941733e-04
1933,50.197498,12,8.789632e-04
1934,50.215414,11,9.454629e-04
1935,50.233324,14,9.841983e-04
1936,50.251228,19,9.500105e-04
1937,50.269124,9,7.958035e-04
1938,50.287014,11,9.682062e-04
1939,50.304896,13,8.727970e-04
1940,50.322770,11,9.868092e-04
1941,50.340637,25,9.728089e-04
1942,50.358495,11,9.315435e-04
1943,50.376346,11,9.075884e-04
1944,50.394187,12,9.318966e-04
1945,50.412020,13,9.812585e-04
1946,50.429843,16,9.929177e-04
1947,50.447657,9,9.217211e-04
1948,50.465461,25,9.534239e-04
1949,50.483255,10,9.541326e-04
1950,50.501038,12,9.646846e-04
1951,50.518811,13,9.040830e-04
1952,50.536572,11,9.792169e-04
1953,50.554321,17,9.542621e-04
1954,50.572059,9,9.903952e-04
1955,50.589784,25,9.512313e-04
1956,50.607496,11,9.020512e-04
1957,50.625196,14,9.319944e-04
1958,50.642881,11,9.440219e-04
1959,50.660552,15,9.166384e-04
1960,50.678209,18,9.142065e-04
1961,50.695851,9,9.403421e-04
1962,50.713477,26,9.656722e-04
1963,50.731087,10,9.478811e-04
1964,50.748680,13,9.925782e-04
1965,50.766257,14,9.604796e-04
1966,50.783815,13,9.901382e-04
1967,50.801355,21,9.960165e-04
1968,50.818877,10,8.268278e-04
1969,50.836379,12,9.850363e-04
1970,50.853860,17,9.939841e-04
1971,50.871321,11,9.533121e-04
1972,50.888761,25,9.865093e-04
1973,50.906178,11,9.135219e-04
1974,50.923573,12,9.815647e-04
1975,50.940944,15,9.235977e-04
1976,50.958291,18,9.607604e-04
1977,50.975613,10,9.489590e-04
1978,50.992910,26,9.591564e-04
1979,51.010180,11,8.235955e-04
1980,51.027423,13,9.403885e-04
1981,51.044638,16,9.379603e-04
1982,51.061824,19,9.728505e-04
1983,51.078981,10,9.479994e-04
1984,51.096108,20,9.804939e-04
1985,51.113203,11,9.056928e-04
1986,51.130267,21,9.428347e-04
1987,51.147298,10,9.390904e-04
1988,51.164296,18,9.641101e-04
1989,51.181260,19,9.796165e-04
1990,51.198188,11,9.156530e-04
1991,51.215081,19,9.698639e-04
1992,51.231938,11,9.981603e-04
1993,51.248757,22,9.867178e-04
1994,51.265538,11,8.208114e-04
1995,51.282281,14,9.315762e-04
1996,51.298985,19,9.636494e-04
1997,51.315648,11,9.265762e-04
1998,51.332272,23,9.808156e-04
1999,51.348854,11,7.700189e-04
2000,51.365395,14,9.172287e-04
2001,51.381893,17,9.800473e-04
2002,51.398350,21,9.617405e-04
2003,51.414764,10,9.902089e-04
2004,51.431134,14,9.566759e-04
2005,51.447462,17,9.553088e-04
2006,51.463746,12,9.608495e-04
2007,51.479987,23,9.933462e-04
2008,51.496184,10,9.951162e-04
2009,51.512338,13,8.659097e-04
2010,51.528449,15,9.878902e-04
2011,51.544516,21,9.201370e-04
2012,51.560541,10,8.978826e-04
2013,51.576524,13,9.259185e-04
2014,51.592464,23,9.747647e-04
2015,51.608363,11,7.872202e-04
2016,51.624222,13,8.648301e-04
2017,51.640041,22,9.747562e-04
2018,51.655820,10,9.637555e-04
2019,51.671562,23,9.966397e-04
2020,51.687266,10,8.859918e-04
2021,51.702934,16,9.824511e-04
2022,51.718568,19,9.562231e-04
2023,51.734167,10,9.091816e-04
2024,51.749734,25,9.799613e-04
2025,51.765270,10,9.318706e-04
2026,51.780777,15,9.123550e-04
2027,51.796255,17,9.958645e-04
2028,51.811707,23,8.758680e-04
2029,51.827134,11,9.244491e-04
2030,51.842538,15,9.137294e-04
2031,51.857921,19,9.330872e-04
2032,51.873284,23,9.649458e-04
2033,51.888629,16,9.159977e-04
2034,51.903957,15,9.805033e-04
2035,51.919272,20,9.930651e-04
2036,51.934574,10,9.582642e-04
2037,51.949866,27,9.822003e-04
2038,51.965149,11,8.954639e-04
2039,51.980425,15,9.261798e-04
2040,51.995696,17,9.996752e-04
2041,52.010965,23,9.664479e-04
2042,52.026232,11,8.662581e-04
2043,52.041500,15,9.631997e-04
2044,52.056770,19,9.709340e-04
2045,52.072045,14,9.918211e-04
2046,52.087326,26,9.425662e-04
2047,52.102615,11,9.009295e-04
2048,52.117913,14,9.090197e-04
2049,52.133223,17,8.980066e-04
2050,52.148545,22,9.725734e-04
2051,52.163883,10,9.505885e-04
2052,52.179236,15,9.668710e-04
2053,52.194606,18,9.920162e-04
2054,52.209996,10,9.670436e-04
2055,52.225406,25,9.343132e-04
2056,52.240838,10,9.252840e-04
2057,52.256293,14,9.025360e-04
2058,52.271772,14,9.828561e-04
2059,52.287276,13,9.679208e-04
2060,52.302807,20,9.908804e-04
2061,52.318365,9,9.197542e-04
2062,52.333952,11,9.971916e-04
2063,52.349568,15,9.504951e-04
2064,52.365215,9,9.766664e-04
2065,52.380893,23,9.810521e-04
2066,52.396602,10,9.646615e-04
2067,52.412345,11,9.339928e-04
2068,52.428120,11,9.608147e-04
2069,52.443930,12,9.557706e-04
2070,52.459774,12,9.818183e-04
2071,52.475652,11,9.892213e-04
2072,52.491566,14,9.760920e-04
2073,52.507516,7,9.403534e-04
2074,52.523502,13,9.749066e-04
2075,52.539524,7,9.714412e-04
2076,52.555583,16,9.880694e-04
2077,52.571679,8,7.670916e-04
2078,52.587812,9,8.496653e-04
2079,52.603982,11,8.890293e-04
2080,52.620189,9,9.960936e-04
2081,52.636433,12,9.664401e-04
2082,52.652715,7,8.786807e-04
2083,52.669034,11,9.408623e-04
2084,52.685390,10,9.951293e-04
2085,52.701783,9,9.652585e-04
2086,52.718214,11,9.489069e-04
2087,52.734681,8,9.175065e-04
2088,52.751185,12,9.638240e-04
2089,52.767725,7,9.404049e-04
2090,52.784302,13,9.628393e-04
2091,52.800915,7,8.868855e-04
2092,52.817563,12,9.889045e-04
2093,52.834248,8,9.405677e-04
2094,52.850967,15,9.453032e-04
2095,52.867721,7,9.747069e-04
2096,52.884510,9,9.734775e-04
2097,52.901333,12,9.903346e-04
2098,52.918189,8,9.496233e-04
2099,52.935080,16,9.612561e-04
2100,52.952003,8,7.732675e-04
2101,52.968959,9,9.830573e-04
2102,52.985947,12,9.602608e-04
2103,53.002967,14,9.938275e-04
2104,53.020018,8,8.549955e-04
2105,53.037100,11,9.261586e-04
2106,53.054212,13,9.836247e-04
2107,53.071355,8,8.704023e-04
2108,53.088527,17,9.757420e-04
2109,53.105728,8,7.802149e-04
2110,53.122957,10,9.841129e-04
2111,53.140214,13,9.670077e-04
2112,53.157499,8,9.692268e-04
2113,53.174811,19,9.717574e-04
2114,53.192149,9,7.955526e-04
2115,53.209513,10,9.240896e-04
2116,53.226902,12,9.556226e-04
2117,53.244316,14,9.994379e-04
2118,53.261754,8,9.289688e-04
2119,53.279217,19,9.809932e-04
2120,53.296702,8,9.480024e-04
2121,53.314210,11,9.042833e-04
2122,53.331740,13,9.142394e-04
2123,53.349292,10,9.919809e-04
2124,53.366865,19,9.729345e-04
2125,53.384458,9,8.195719e-04
2126,53.402072,11,8.703402e-04
2127,53.419704,13,9.339429e-04
2128,53.437356,16,9.876746e-04
2129,53.455026,9,8.367572e-04
2130,53.472714,13,9.553378e-04
2131,53.490419,16,9.567293e-04
2132,53.508140,9,8.757033e-04
2133,53.525878,13,9.685945e-04
2134,53.543632,16,9.843547e-04
2135,53.561401,9,9.288218e-04
2136,53.579184,21,9.924793e-04
2137,53.596981,9,9.505611e-04
2138,53.614792,11,9.713401e-04
2139,53.632616,13,9.700157e-04
2140,53.650452,16,9.545836e-04
2141,53.668300,10,8.656182e-04
2142,53.686160,19,9.961118e-04
2143,53.704030,9,9.535403e-04
2144,53.721911,12,9.652363e-04
2145,53.739802,15,9.989517e-04
2146,53.757702,10,9.545537e-04
2147,53.775611,23,9.777741e-04
2148,53.793528,10,9.449197e-04
2149,53.811454,11,9.088898e-04
2150,53.829386,12,9.114440e-04
2151,53.847326,13,9.389686e-04
2152,53.865271,17,9.648754e-04
2153,53.883223,10,8.504114e-04
2154,53.901180,22,9.947515e-04
2155,53.919142,10,8.151378e-04
2156,53.937109,11,9.463060e-04
2157,53.955079,12,9.864957e-04
2158,53.973053,13,9.599197e-04
2159,53.991030,21,9.753563e-04
2160,54.009009,10,8.802053e-04
2161,54.026991,11,9.174162e-04
2162,54.044974,12,9.587158e-04
2163,54.062958,20,9.806164e-04
2164,54.080943,10,8.719390e-04
2165,54.098928,11,9.063051e-04
2166,54.116912,20,9.930813e-04
2167,54.134896,10,7.975791e-04
2168,54.152879,11,9.232883e-04
2169,54.170861,20,9.986049e-04
2170,54.188840,10,8.211991e-04
2171,54.206817,11,9.070497e-04
2172,54.224790,22,9.808401e-04
2173,54.242761,10,8.533574e-04
2174,54.260727,10,9.581639e-04
2175,54.278689,13,9.474179e-04
2176,54.296647,18,9.434042e-04
2177,54.314599,9,9.310317e-04
2178,54.332545,11,9.681441e-04
2179,54.350486,24,9.884171e-04
2180,54.368420,10,9.447075e-04
2181,54.386347,10,9.788535e-04
2182,54.404266,12,9.691196e-04
2183,54.422178,14,9.631810e-04
2184,54.440082,19,9.999114e-04
2185,54.457976,9,8.187193e-04
2186,54.475862,12,8.810214e-04
2187,54.493737,16,9.836998e-04
2188,54.511603,9,9.807659e-04
2189,54.529458,23,9.933462e-04
2190,54.547302,11,9.421228e-04
2191,54.565135,12,9.776498e-04
2192,54.582955,12,9.616289e-04
2193,54.600763,18,9.780786e-04
2194,54.618559,9,9.909543e-04
2195,54.636341,24,9.209999e-04
2196,54.654109,11,9.430521e-04
2197,54.671862,14,8.847447e-04
2198,54.689601,9,9.281473e-04
2199,54.707325,18,9.520099e-04
2200,54.725033,10,9.892314e-04
2201,54.742724,24,9.016077e-04
2202,54.760399,11,9.844094e-04
2203,54.778057,14,9.760292e-04
2204,54.795696,9,9.571065e-04
2205,54.813318,17,9.859298e-04
2206,54.830921,20,8.870726e-04
2207,54.848504,11,9.430983e-04
2208,54.866068,13,8.997298e-04
2209,54.883611,15,9.840266e-04
2210,54.901133,21,9.071381e-04
2211,54.918634,10,7.873835e-04
2212,54.936113,12,9.736038e-04
2213,54.953570,16,9.524725e-04
2214,54.971003,20,9.494231e-04
2215,54.988413,10,9.475628e-04
2216,55.005798,13,9.227805e-04
2217,55.023159,16,9.551020e-04
2218,55.040495,20,9.702818e-04
2219,55.057805,10,8.636799e-04
2220,55.075089,13,9.837416e-04
2221,55.092345,17,9.420533e-04
2222,55.109574,10,9.969908e-04
2223,55.126776,24,9.737448e-04
2224,55.143948,11,8.279441e-04
2225,55.161092,13,8.924949e-04
2226,55.178206,14,9.599075e-04
2227,55.195289,18,9.926469e-04
2228,55.212342,10,9.404390e-04
2229,55.229364,25,9.859819e-04
2230,55.246354,11,8.268036e-04
2231,55.263311,13,9.228288e-04
2232,55.280236,14,9.729316e-04
2233,55.297128,17,9.780021e-04
2234,55.313986,11,9.865980e-04
2235,55.330810,25,9.447971e-04
2236,55.347600,11,8.439053e-04
2237,55.364354,12,9.912496e-04
2238,55.381074,14,9.527269e-04
2239,55.397758,16,9.564741e-04
2240,55.414406,20,9.283455e-04
2241,55.431017,10,8.093565e-04
2242,55.447593,14,9.461875e-04
2243,55.464131,16,9.865745e-04
2244,55.480633,11,9.380023e-04
2245,55.497097,22,9.625747e-04
2246,55.513525,10,8.581070e-04
2247,55.529915,12,9.348884e-04
2248,55.546268,15,9.086135e-04
2249,55.562584,19,9.206834e-04
2250,55.578863,10,8.393115e-04
2251,55.595104,13,9.665338e-04
2252,55.611309,17,9.926832e-04
2253,55.627477,10,9.105691e-04
2254,55.643609,22,9.630154e-04
2255,55.659704,10,8.188916e-04
2256,55.675764,12,9.540225e-04
2257,55.691788,15,9.111697e-04
2258,55.707778,19,9.539329e-04
2259,55.723733,10,8.147145e-04
2260,55.739654,13,9.141239e-04
2261,55.755543,18,9.720934e-04
2262,55.771399,10,8.764569e-04
2263,55.787223,22,9.600069e-04
2264,55.803016,10,7.911023e-04
2265,55.818779,12,9.971332e-04
2266,55.834513,15,9.985612e-04
2267,55.850219,19,9.893169e-04
2268,55.865898,10,8.811790e-04
2269,55.881550,13,9.164216e-04
2270,55.897177,18,9.561247e-04
2271,55.912780,10,9.189769e-04
2272,55.928361,23,9.388001e-04
2273,55.943919,10,8.607493e-04
2274,55.959457,13,8.961940e-04
2275,55.974976,15,9.867543e-04
2276,55.990476,20,8.822176e-04
2277,56.005960,10,8.610415e-04
2278,56.021428,13,9.982255e-04
2279,56.036882,18,9.671078e-04
2280,56.052324,10,9.565778e-04
2281,56.067753,24,9.011835e-04
2282,56.083173,10,9.074333e-04
2283,56.098584,13,9.853221e-04
2284,56.113988,15,9.465974e-04
2285,56.129385,20,8.816291e-04
2286,56.144778,10,8.572516e-04
2287,56.160167,17,9.623441e-04
2288,56.175555,19,9.685045e-04
2289,56.190941,10,9.329379e-04
2290,56.206329,14,9.846833e-04
2291,56.221718,17,9.930954e-04
2292,56.237110,9,9.912876e-04
2293,56.252507,24,9.402848e-04
2294,56.267910,9,9.930328e-04
2295,56.283320,13,9.429211e-04
2296,56.298737,14,9.762219e-04
2297,56.314164,18,9.855390e-04
2298,56.329602,9,9.062608e-04
2299,56.345051,17,9.955848e-04
2300,56.360512,19,9.080449e-04
2301,56.375987,11,9.639323e-04
2302,56.391477,12,8.543741e-04
2303,56.406982,15,8.953497e-04
2304,56.422504,9,9.349501e-04
2305,56.438043,21,9.337874e-04
2306,56.453600,9,8.912603e-04
2307,56.469176,11,9.401619e-04
2308,56.484772,13,9.186999e-04
2309,56.500389,17,8.983975e-04
2310,56.516027,8,9.050084e-04
2311,56.531686,11,9.647770e-04
2312,56.547368,13,9.961061e-04
2313,56.563073,8,9.810650e-04
2314,56.578801,18,9.559128e-04
2315,56.594553,8,8.399659e-04
2316,56.610330,10,9.352627e-04
2317,56.626131,11,9.899134e-04
2318,56.641958,13,9.428198e-04
2319,56.657810,8,8.840025e-04
2320,56.673688,14,9.774452e-04
2321,56.689592,7,9.954919e-04
2322,56.705523,14,9.439450e-04
2323,56.721480,7,9.215885e-04
2324,56.737464,11,9.810652e-04
2325,56.753475,12,9.125309e-04
2326,56.769513,8,8.479506e-04
2327,56.785578,11,9.742951e-04
2328,56.801670,12,8.909933e-04
2329,56.817790,8,8.570244e-04
2330,56.833937,11,9.522343e-04
2331,56.850111,12,8.752861e-04
2332,56.866313,8,8.631307e-04
2333,56.882542,11,9.647383e-04
2334,56.898798,12,9.002283e-04
2335,56.915081,8,8.654304e-04
2336,56.931392,11,9.785811e-04
2337,56.947729,12,9.319683e-04
2338,56.964094,8,8.701860e-04
2339,56.980484,11,9.981803e-04
2340,56.996902,12,9.619275e-04
2341,57.013345,8,8.730083e-04
2342,57.029815,12,9.294341e-04
2343,57.046311,8,9.999108e-04
2344,57.062832,14,9.594044e-04
2345,57.079379,7,9.672158e-04
2346,57.095951,10,9.832881e-04
2347,57.112548,12,9.718621e-04
2348,57.129170,8,9.014880e-04
2349,57.145816,15,9.683654e-04
2350,57.162487,7,9.903532e-04
2351,57.179181,10,9.739493e-04
2352,57.195899,12,9.437937e-04
2353,57.212640,8,9.405191e-04
2354,57.229404,16,9.518762e-04
2355,57.246191,8,7.720456e-04
2356,57.262999,10,8.901128e-04
2357,57.279830,12,9.345736e-04
2358,57.296683,9,9.818831e-04
2359,57.313557,16,9.614542e-04
2360,57.330451,8,8.342370e-04
2361,57.347367,10,9.199527e-04
2362,57.364302,12,9.981323e-04
2363,57.381258,15,9.383262e-04
2364,57.398233,8,8.549044e-04
2365,57.415227,10,9.980581e-04
2366,57.432240,13,8.927279e-04
2367,57.449272,8,9.452410e-04
2368,57.466321,17,9.875704e-04
2369,57.483389,8,8.536053e-04
2370,57.500474,10,9.571196e-04
2371,57.517575,13,9.150717e-04
2372,57.534694,9,9.601413e-04
2373,57.551828,18,9.541591e-04
2374,57.568979,8,9.742432e-04
2375,57.586145,10,9.068230e-04
2376,57.603326,12,9.383736e-04
2377,57.620522,14,9.858502e-04
2378,57.637733,8,9.190881e-04
2379,57.654957,14,9.825350e-04
2380,57.672195,8,9.995912e-04
2381,57.689447,18,9.718136e-04
2382,57.706711,9,7.867739e-04
2383,57.723987,10,9.170275e-04
2384,57.741276,13,9.042602e-04
2385,57.758577,15,9.201883e-04
2386,57.775889,8,9.622649e-04
2387,57.793212,12,9.918629e-04
2388,57.810545,14,9.998966e-04
2389,57.827889,8,9.716860e-04
2390,57.845243,19,9.717478e-04
2391,57.862606,8,9.958926e-04
2392,57.879978,11,9.379588e-04
2393,57.897359,13,9.140097e-04
2394,57.914749,16,9.352767e-04
2395,57.932147,9,8.423381e-04
2396,57.949552,12,9.762303e-04
2397,57.966965,15,9.763716e-04
2398,57.984385,9,8.831850e-04
2399,58.001811,20,9.877497e-04
2400,58.019244,9,8.734158e-04
2401,58.036682,11,9.334152e-04
2402,58.054126,13,9.095613e-04
2403,58.071575,15,9.614642e-04
2404,58.089029,9,9.805069e-04
2405,58.106488,21,9.586794e-04
2406,58.123950,9,9.640164e-04
2407,58.141417,11,8.739077e-04
2408,58.158886,13,8.984493e-04
2409,58.176359,14,9.854764e-04
2410,58.193835,11,9.867197e-04
2411,58.211312,21,9.568326e-04
2412,58.228792,10,7.909383e-04
2413,58.246273,11,8.687088e-04
2414,58.263756,12,9.600261e-04
2415,58.281239,14,9.591377e-04
2416,58.298723,12,9.961902e-04
2417,58.316207,22,9.444452e-04
2418,58.333691,10,9.065306e-04
2419,58.351175,11,9.221755e-04
2420,58.368657,12,9.186738e-04
2421,58.386139,13,9.720945e-04
2422,58.403618,19,9.541482e-04
2423,58.421096,10,8.133716e-04
2424,58.438571,12,8.859428e-04
2425,58.456044,24,9.678759e-04
2426,58.473514,11,7.795057e-04
2427,58.490980,11,8.551382e-04
2428,58.508443,12,9.829397e-04
2429,58.525902,14,9.418563e-04
2430,58.543356,19,9.732263e-04
2431,58.560805,9,9.716934e-04
2432,58.578249,12,8.869293e-04
2433,58.595688,23,9.976004e-04
2434,58.613120,10,9.527929e-04
2435,58.630546,11,8.728815e-04
2436,58.647966,13,9.478004e-04
2437,58.665379,16,9.754022e-04
2438,58.682784,9,9.830424e-04
2439,58.700181,24,9.360937e-04
2440,58.717571,10,9.141641e-04
2441,58.734951,12,9.133374e-04
2442,58.752323,12,9.498693e-04
2443,58.769686,12,9.630951e-04
2444,58.787039,20,9.785559e-04
2445,58.804382,10,8.729907e-04
2446,58.821714,12,9.957040e-04
2447,58.839036,25,9.323746e-04
2448,58.856346,11,9.047322e-04
2449,58.873645,12,9.800300e-04
2450,58.890932,13,9.312451e-04
2451,58.908207,12,9.900017e-04
2452,58.925469,20,9.963928e-04
2453,58.942718,10,8.236050e-04
2454,58.959954,12,9.669697e-04
2455,58.977175,25,9.359613e-04
2456,58.994383,11,8.833649e-04
2457,59.011576,12,9.556277e-04
2458,59.028753,14,9.057908e-04
2459,59.045916,10,9.818383e-04
2460,59.063062,23,9.386987e-04
2461,59.080193,10,9.987516e-04
2462,59.097307,11,9.768399e-04
2463,59.114404,14,9.919688e-04
2464,59.131484,19,9.927280e-04
2465,59.148546,9,9.556458e-04
2466,59.165589,12,9.328057e-04
2467,59.182615,24,9.607334e-04
2468,59.199622,10,9.549795e-04
2469,59.216609,11,9.645135e-04
2470,59.233577,16,9.396704e-04
2471,59.250525,9,9.939815e-04
2472,59.267453,22,9.822390e-04
2473,59.284360,10,8.650224e-04
2474,59.301246,12,9.131966e-04
2475,59.318111,13,8.919087e-04
2476,59.334955,17,9.604057e-04
2477,59.351776,9,9.936975e-04
2478,59.368576,25,9.385863e-04
2479,59.385353,12,9.025371e-04
2480,59.402107,14,9.133194e-04
2481,59.418838,9,9.865240e-04
2482,59.435546,16,9.872058e-04
2483,59.452231,19,9.117152e-04
2484,59.468891,10,8.597807e-04
2485,59.485528,12,9.434744e-04
2486,59.502141,14,9.512575e-04
2487,59.518729,20,9.339716e-04
2488,59.535293,9,9.927630e-04
2489,59.551833,12,8.714681e-04
2490,59.568347,15,9.945683e-04
2491,59.584837,20,8.932483e-04
2492,59.601302,10,9.043253e-04
2493,59.617742,12,8.785314e-04
2494,59.634157,13,9.741623e-04
2495,59.650547,18,9.891903e-04
2496,59.666912,9,9.138888e-04
2497,59.683252,23,9.790240e-04
2498,59.699568,10,8.146946e-04
2499,59.715858,12,9.231670e-04
2500,59.732124,13,9.498968e-04
2501,59.748365,14,9.953992e-04
2502,59.764582,20,9.947771e-04
2503,59.780775,9,9.326286e-04
2504,59.796943,11,9.252874e-04
2505,59.813088,13,9.912061e-04
2506,59.829210,19,9.429406e-04
2507,59.845308,9,9.868906e-04
2508,59.861383,12,8.895848e-04
2509,59.877436,24,9.996040e-04
2510,59.893467,10,9.848084e-04
2511,59.909477,11,8.746251e-04
2512,59.925465,13,9.332909e-04
2513,59.941432,15,9.913740e-04
2514,59.957379,20,9.341228e-04
2515,59.973307,9,9.684075e-04
2516,59.989215,12,9.101643e-04
2517,60.005104,14,9.568108e-04
2518,60.020976,20,8.882713e-04
2519,60.036830,10,7.953140e-04
2520,60.052667,12,8.390248e-04
2521,60.068488,15,9.163988e-04
2522,60.084294,19,9.205089e-04
2523,60.100085,9,9.758851e-04
2524,60.115861,12,9.430964e-04
2525,60.131625,15,9.811115e-04
2526,60.147376,19,9.759615e-04
2527,60.163114,10,9.121682e-04
2528,60.178842,12,9.227085e-04
2529,60.194560,14,9.979031e-04
2530,60.210268,19,8.948790e-04
2531,60.225967,9,9.203238e-04
2532,60.241658,12,9.605803e-04
2533,60.257342,16,9.697941e-04
2534,60.273019,10,9.559971e-04
2535,60.288691,22,9.776003e-04
2536,60.304359,10,8.783346e-04
2537,60.320022,12,8.817872e-04
2538,60.335682,13,9.444925e-04
2539,60.351340,17,9.341182e-04
2540,60.366997,9,8.789415e-04
2541,60.382653,22,9.975088e-04
2542,60.398308,9,9.696275e-04
2543,60.413965,12,9.054885e-04
2544,60.429623,14,9.036122e-04
2545,60.445284,18,9.400919e-04
2546,60.460948,9,8.595388e-04
2547,60.476616,12,9.997381e-04
2548,60.492288,16,9.800128e-04
2549,60.507966,9,9.245745e-04
2550,60.523649,21,9.854890e-04
2551,60.539339,9,9.267364e-04
2552,60.555037,12,8.770371e-04
2553,60.570742,13,9.060163e-04
2554,60.586456,16,9.487932e-04
2555,60.602180,9,8.266716e-04
2556,60.617913,20,9.819793e-04
2557,60.633656,9,8.526112e-04
2558,60.649410,11,9.547013e-04
2559,60.665176,14,9.162186e-04
2560,60.680953,9,9.171606e-04
2561,60.696743,21,9.473897e-04
2562,60.712546,9,9.534849e-04
2563,60.728362,10,9.882438e-04
2564,60.744191,12,9.100482e-04
2565,60.760034,14,9.086414e-04
2566,60.775892,9,9.108418e-04
2567,60.791764,19,9.616569e-04
2568,60.807652,9,7.603460e-04
2569,60.823555,10,9.802653e-04
2570,60.839473,12,9.824956e-04
2571,60.855407,14,9.503621e-04
2572,60.871357,8,9.819289e-04
2573,60.887323,15,9.894934e-04
2574,60.903306,8,9.316765e-04
2575,60.919306,15,9.963146e-04
2576,60.935322,8,8.643055e-04
2577,60.951355,12,9.936077e-04
2578,60.967405,13,9.902924e-04
2579,60.983473,8,9.888434e-04
2580,60.999557,13,9.994356e-04
2581,61.015659,9,9.907194e-04
2582,61.031778,15,9.783652e-04
2583,61.047915,8,8.576103e-04
2584,61.064069,11,9.400712e-04
2585,61.080240,13,9.103755e-04
2586,61.096429,8,9.638629e-04
2587,61.112635,14,9.821195e-04
2588,61.128859,8,8.925642e-04
2589,61.145100,14,9.531595e-04
2590,61.161358,8,8.915066e-04
2591,61.177633,14,9.532989e-04
2592,61.193926,8,9.024171e-04
2593,61.210235,14,9.578935e-04
2594,61.226561,8,9.033939e-04
2595,61.242904,14,9.805085e-04
2596,61.259264,8,9.157173e-04
2597,61.275640,14,9.952144e-04
2598,61.292032,8,9.268522e-04
2599,61.308441,15,9.631278e-04
2600,61.324865,8,8.857076e-04
2601,61.341306,13,9.496213e-04
2602,61.357762,13,9.836439e-04
2603,61.374234,9,9.511087e-04
2604,61.390721,13,9.985439e-04
2605,61.407223,14,9.907661e-04
2606,61.423740,9,8.502982e-04
2607,61.440272,12,9.676395e-04
2608,61.456818,14,9.291612e-04
2609,61.473379,9,8.392658e-04
2610,61.489954,14,9.742578e-04
2611,61.506542,9,9.559536e-04
2612,61.523144,17,9.871668e-04
2613,61.539760,9,7.650759e-04
2614,61.556389,11,8.727630e-04
2615,61.573031,13,9.620152e-04
2616,61.589685,10,9.635880e-04
2617,61.606352,17,9.711219e-04
2618,61.623031,8,9.973560e-04
2619,61.639722,11,8.884798e-04
2620,61.656425,13,9.327242e-04
2621,61.673139,9,9.739994e-04
2622,61.689865,17,9.964675e-04
2623,61.706602,8,9.746041e-04
2624,61.723349,11,8.756883e-04
2625,61.740107,13,9.277328e-04
2626,61.756876,10,9.679592e-04
2627,61.773654,17,9.694059e-04
2628,61.790442,9,7.635330e-04
2629,61.807240,11,8.973056e-04
2630,61.824047,13,9.652347e-04
2631,61.840863,10,9.989410e-04
2632,61.857687,18,9.688701e-04
2633,61.874521,9,8.325990e-04
2634,61.891362,11,8.724317e-04
2635,61.908212,13,9.569545e-04
2636,61.925070,16,9.271326e-04
2637,61.941935,9,8.371190e-04
2638,61.958808,12,9.368338e-04
2639,61.975687,14,9.883510e-04
2640,61.992574,9,9.267754e-04
2641,62.009467,19,9.949920e-04
2642,62.026367,9,8.273230e-04
2643,62.043272,11,8.940398e-04
2644,62.060184,13,9.249538e-04
2645,62.077101,15,9.606135e-04
2646,62.094024,9,8.924688e-04
2647,62.110952,14,9.820853e-04
2648,62.127885,16,9.538104e-04
2649,62.144823,9,8.327861e-04
2650,62.161765,11,9.739674e-04
2651,62.178712,14,9.070854e-04
2652,62.195662,9,9.434042e-04
2653,62.212617,19,9.737458e-04
2654,62.229575,9,8.629368e-04
2655,62.246537,11,8.972184e-04
2656,62.263501,13,9.431435e-04
2657,62.280469,15,9.878940e-04
2658,62.297440,9,9.204679e-04
2659,62.314413,15,9.744762e-04
2660,62.331388,9,9.826764e-04
2661,62.348365,19,9.900150e-04
2662,62.365345,9,9.334467e-04
2663,62.382326,11,9.112503e-04
2664,62.399309,14,9.000310e-04
2665,62.416293,16,9.969053e-04
2666,62.433278,9,9.183364e-04
2667,62.450264,13,9.756900e-04
2668,62.467250,16,9.266923e-04
2669,62.484237,9,8.915766e-04
2670,62.501225,13,9.778702e-04
2671,62.518212,16,9.423237e-04
2672,62.535200,9,9.022574e-04
2673,62.552187,13,9.939981e-04
2674,62.569173,16,9.432299e-04
2675,62.586159,9,9.011297e-04
2676,62.603144,13,9.799659e-04
2677,62.620128,16,9.379414e-04
2678,62.637111,9,9.136841e-04
2679,62.654092,13,9.985731e-04
2680,62.671072,16,9.410206e-04
2681,62.688050,9,9.257145e-04
2682,62.705025,13,9.939731e-04
2683,62.721999,15,9.963616e-04
2684,62.738970,9,9.651763e-04
2685,62.755939,21,9.946743e-04
2686,62.772905,9,9.979181e-04
2687,62.789868,12,8.401446e-04
2688,62.806828,13,9.772620e-04
2689,62.823784,15,9.588449e-04
2690,62.840737,10,9.555886e-04
2691,62.857687,21,9.850437e-04
2692,62.874632,10,8.132013e-04
2693,62.891574,11,9.873828e-04
2694,62.908511,13,9.881239e-04
2695,62.925444,15,9.805834e-04
2696,62.942372,10,9.516034e-04
2697,62.959296,21,9.920742e-04
2698,62.976215,10,8.020050e-04
2699,62.993128,11,9.795244e-04
2700,63.010037,13,9.437495e-04
2701,63.026940,15,9.490773e-04
2702,63.043837,10,9.545177e-04
2703,63.060729,22,9.643151e-04
2704,63.077615,10,8.759465e-04
2705,63.094494,11,9.506042e-04
2706,63.111367,13,8.844247e-04
2707,63.128234,13,9.968844e-04
2708,63.145094,18,9.951744e-04
2709,63.161948,10,8.075548e-04
2710,63.178795,12,9.796430e-04
2711,63.195634,24,9.672837e-04
2712,63.212466,11,8.556445e-04
2713,63.229291,11,9.195245e-04
2714,63.246108,13,9.122452e-04
2715,63.262918,13,9.859242e-04
2716,63.279719,17,9.729048e-04
2717,63.296513,10,8.947675e-04
2718,63.313298,25,9.379969e-04
2719,63.330075,11,8.629506e-04
2720,63.346843,12,9.504140e-04
2721,63.363603,13,9.530324e-04
2722,63.380354,12,9.710802e-04
2723,63.397096,17,9.760896e-04
2724,63.413828,10,9.268349e-04
2725,63.430552,25,9.494325e-04
2726,63.447266,11,9.617057e-04
2727,63.463970,14,9.501956e-04
2728,63.480665,11,9.235253e-04
2729,63.497350,13,9.974051e-04
2730,63.514025,16,9.882294e-04
2731,63.530690,10,9.625927e-04
2732,63.547344,24,9.954956e-04
2733,63.563988,11,9.068546e-04
2734,63.580622,14,9.524146e-04
2735,63.597245,10,9.674360e-04
2736,63.613857,14,9.534004e-04
2737,63.630458,18,9.337287e-04
2738,63.647049,10,8.804624e-04
2739,63.663628,25,9.336654e-04
2740,63.680196,11,9.691797e-04
2741,63.696752,15,9.638431e-04
2742,63.713298,9,9.349652e-04
2743,63.729831,14,9.901726e-04
2744,63.746353,18,9.915576e-04
2745,63.762864,10,8.383712e-04
2746,63.779362,25,9.332236e-04
2747,63.795849,11,8.769331e-04
2748,63.812324,15,9.172903e-04
2749,63.828786,9,9.838675e-04
2750,63.845237,16,9.531746e-04
2751,63.861675,10,9.269288e-04
2752,63.878101,24,9.915912e-04
2753,63.894515,11,9.827393e-04
2754,63.910916,13,9.602086e-04
2755,63.927305,12,9.826404e-04
2756,63.943682,14,9.950637e-04
2757,63.960046,20,9.766301e-04
2758,63.976398,10,9.148405e-04
2759,63.992737,13,9.450173e-04
2760,64.009064,26,9.929915e-04
2761,64.025378,11,9.921832e-04
2762,64.041679,12,9.587574e-04
2763,64.057968,13,9.961059e-04
2764,64.074244,13,9.522660e-04
2765,64.090508,18,9.500891e-04
2766,64.106760,9,9.950090e-04
2767,64.122998,24,9.380851e-04
2768,64.139225,10,9.297741e-04
2769,64.155439,14,9.217967e-04
2770,64.171640,13,9.595980e-04
2771,64.187830,12,9.828638e-04
2772,64.204007,23,9.647261e-04
2773,64.220172,11,8.809752e-04
2774,64.236325,11,9.913706e-04
2775,64.252465,15,9.940313e-04
2776,64.268594,20,9.624801e-04
2777,64.284711,10,9.333722e-04
2778,64.300817,12,8.922058e-04
2779,64.316910,15,9.466441e-04
2780,64.332992,19,9.835493e-04
2781,64.349063,10,8.680763e-04
2782,64.365123,12,9.830828e-04
2783,64.381172,25,9.960236e-04
2784,64.397209,11,8.642034e-04
2785,64.413236,11,8.645340e-04
2786,64.429252,14,9.122636e-04
2787,64.445258,15,9.959974e-04
2788,64.461253,10,9.863318e-04
2789,64.477239,24,9.594117e-04
2790,64.493214,10,9.919526e-04
2791,64.509180,11,9.432716e-04
2792,64.525136,13,9.086606e-04
2793,64.541083,13,9.824950e-04
2794,64.557021,19,9.867696e-04
2795,64.572950,10,8.662608e-04
2796,64.588870,25,9.618961e-04
2797,64.604782,11,8.989039e-04
2798,64.620685,14,9.686805e-04
2799,64.636581,11,9.439951e-04
2800,64.652469,14,9.478822e-04
2801,64.668349,16,9.859678e-04
2802,64.684223,10,9.210150e-04
2803,64.700089,24,9.393358e-04
2804,64.715949,10,9.645823e-04
2805,64.731803,12,9.494656e-04
2806,64.747650,14,9.100462e-04
2807,64.763492,11,9.545194e-04
2808,64.779328,19,9.732195e-04
2809,64.795158,10,8.772205e-04
2810,64.810984,25,9.338025e-04
2811,64.826805,11,8.939976e-04
2812,64.842622,14,9.667726e-04
2813,64.858435,10,9.923045e-04
2814,64.874244,14,9.804968e-04
2815,64.890049,15,9.929297e-04
2816,64.905852,10,9.901552e-04
2817,64.921651,23,9.923808e-04
2818,64.937448,10,9.363859e-04
2819,64.953242,12,9.031729e-04
2820,64.969035,14,8.923729e-04
2821,64.984826,11,9.643379e-04
2822,65.000615,22,9.991402e-04
2823,65.016403,11,8.792260e-04
2824,65.032191,12,9.453918e-04
2825,65.047978,25,9.845708e-04
2826,65.063765,11,8.705615e-04
2827,65.079552,12,8.972290e-04
2828,65.095339,14,9.505387e-04
2829,65.111127,11,9.806554e-04
2830,65.126916,18,9.635553e-04
2831,65.142705,10,8.088891e-04
2832,65.158497,24,9.752675e-04
2833,65.174290,10,9.472529e-04
2834,65.190085,13,9.160381e-04
2835,65.205882,14,9.070278e-04
2836,65.221682,11,9.469107e-04
2837,65.237484,18,9.856376e-04
2838,65.253289,10,8.241464e-04
2839,65.269098,24,9.975728e-04
2840,65.284910,10,9.720430e-04
2841,65.300726,13,8.902484e-04
2842,65.316545,13,9.905839e-04
2843,65.332369,12,9.679725e-04
2844,65.348197,15,9.913187e-04
2845,65.364030,10,9.428922e-04
2846,65.379868,23,9.408669e-04
2847,65.395710,10,9.774474e-04
2848,65.411558,12,9.220466e-04
2849,65.427411,13,9.714542e-04
2850,65.443269,13,9.910675e-04
2851,65.459134,17,9.986155e-04
2852,65.475004,9,9.506332e-04
2853,65.490880,25,9.473831e-04
2854,65.506763,10,9.967234e-04
2855,65.522652,13,9.373438e-04
2856,65.538548,13,9.162445e-04
2857,65.554450,11,9.715036e-04
2858,65.570359,15,9.877690e-04
2859,65.586275,9,9.969181e-04
2860,65.602198,22,9.385196e-04
2861,65.618128,10,9.007338e-04
2862,65.634066,12,9.284426e-04
2863,65.650011,14,9.006719e-04
2864,65.665964,11,9.692337e-04
2865,65.681924,20,9.978478e-04
2866,65.697892,10,8.906136e-04
2867,65.713867,12,9.515105e-04
2868,65.729851,16,9.860568e-04
2869,65.745842,9,9.811678e-04
2870,65.761842,19,9.514216e-04
2871,65.777849,9,8.933710e-04
2872,65.793865,12,8.986458e-04
2873,65.809889,14,8.837093e-04
2874,65.825921,10,9.694434e-04
2875,65.841961,18,9.501941e-04
2876,65.858009,9,8.746553e-04
2877,65.874066,12,8.777403e-04
2878,65.890131,14,9.488989e-04
2879,65.906205,10,9.586266e-04
2880,65.922287,18,9.991039e-04
2881,65.938377,9,8.813486e-04
2882,65.954476,11,9.872105e-04
2883,65.970583,14,9.777107e-04
2884,65.986698,10,9.674764e-04
2885,66.002822,29,9.840191e-04
2886,66.018954,13,9.934902e-04
2887,66.035095,10,8.743850e-04
2888,66.051244,12,9.873173e-04
2889,66.067401,13,9.504292e-04
2890,66.083566,12,9.972325e-04
2891,66.099740,17,9.364309e-04
2892,66.115922,9,8.834908e-04
2893,66.132112,12,9.984932e-04
2894,66.148311,21,9.927508e-04
2895,66.164517,10,9.079728e-04
2896,66.180731,11,9.634247e-04
2897,66.196954,14,9.814310e-04
2898,66.213184,18,9.483508e-04
2899,66.229422,10,8.681422e-04
2900,66.245668,13,9.401925e-04
2901,66.261922,25,9.764065e-04
2902,66.278183,11,9.556494e-04
2903,66.294453,12,8.865957e-04
2904,66.310729,13,9.529099e-04
2905,66.327013,13,9.974116e-04
2906,66.343305,15,9.941837e-04
2907,66.359604,10,9.626037e-04
2908,66.375910,22,9.418909e-04
2909,66.392223,10,8.617916e-04
2910,66.408544,11,9.461408e-04
2911,66.424871,13,9.474115e-04
2912,66.441206,14,9.324955e-04
2913,66.457547,12,9.670640e-04
2914,66.473895,20,9.600093e-04
2915,66.490249,10,8.083666e-04
2916,66.506611,12,8.469007e-04
2917,66.522978,14,9.363743e-04
2918,66.539352,17,9.612907e-04
2919,66.555733,9,9.661088e-04
2920,66.572119,14,9.633214e-04
2921,66.588512,17,9.403866e-04
2922,66.604910,9,9.916325e-04
2923,66.621315,14,9.778085e-04
2924,66.637725,17,9.795365e-04
2925,66.654141,10,8.700570e-04
2926,66.670563,26,9.763205e-04
2927,66.686990,11,8.855552e-04
2928,66.703422,12,8.827902e-04
2929,66.719860,13,9.954740e-04
2930,66.736303,15,9.287988e-04
2931,66.752751,12,9.749248e-04
2932,66.769204,20,9.554241e-04
2933,66.785662,10,8.579473e-04
2934,66.802124,13,9.152643e-04
2935,66.818591,29,9.641648e-04
2936,66.835063,12,9.101575e-04
2937,66.851539,12,8.787530e-04
2938,66.868020,15,9.013256e-04
2939,66.884504,14,9.983439e-04
2940,66.900993,15,9.571506e-04
2941,66.917486,16,9.838508e-04
2942,66.933982,11,9.602878e-04
2943,66.950482,27,9.760586e-04
2944,66.966986,12,9.104587e-04
2945,66.983494,12,9.260166e-04
2946,67.000005,14,9.957061e-04
2947,67.016519,16,9.144754e-04
2948,67.033037,11,9.685967e-04
2949,67.049557,23,9.451781e-04
2950,67.066081,11,8.099952e-04
2951,67.082607,12,9.478307e-04
2952,67.099136,14,9.894775e-04
2953,67.115668,17,9.367956e-04
2954,67.132202,10,9.572412e-04
2955,67.148739,20,9.963539e-04
2956,67.165278,10,8.593131e-04
2957,67.181819,13,9.753324e-04
2958,67.198362,15,9.647572e-04
2959,67.214908,11,9.508576e-04
2960,67.231455,18,9.812759e-04
2961,67.248004,10,8.507257e-04
2962,67.264555,14,9.336135e-04
2963,67.281107,15,9.785978e-04
2964,67.297660,11,9.393876e-04
2965,67.314215,16,9.729621e-04
2966,67.330772,10,9.534828e-04
2967,67.347329,16,9.810142e-04
2968,67.363887,10,9.175863e-04
2969,67.380447,15,9.983188e-04
2970,67.397007,11,9.571551e-04
2971,67.413568,16,9.561159e-04
2972,67.430129,10,8.913977e-04
2973,67.446691,14,9.887688e-04
2974,67.463253,15,9.282039e-04
2975,67.479816,10,9.926671e-04
2976,67.496379,14,9.964558e-04
2977,67.512941,15,9.610899e-04
2978,67.529504,10,9.858244e-04
2979,67.546067,15,9.379017e-04
2980,67.562629,11,9.606900e-04
2981,67.579192,17,9.621680e-04
2982,67.595753,10,8.133905e-04
2983,67.612314,13,9.607863e-04
2984,67.628875,15,9.724277e-04
2985,67.645435,10,9.527718e-04
2986,67.661994,17,9.970034e-04
2987,67.678552,10,8.215598e-04
2988,67.695109,15,9.867200e-04
2989,67.711665,16,9.857010e-04
2990,67.728219,10,9.128833e-04
2991,67.744772,14,9.911728e-04
2992,67.761324,16,9.834481e-04
2993,67.777874,10,8.983725e-04
2994,67.794423,15,9.923704e-04
2995,67.810970,17,9.588842e-04
2996,67.827515,10,8.624856e-04
2997,67.844058,13,9.606148e-04
2998,67.860599,15,9.987182e-04
2999,67.877138,10,9.965814e-04
3000,67.893675,20,9.989109e-04
3001,67.910209,10,8.304756e-04
3002,67.926742,12,9.207546e-04
3003,67.943271,14,9.491933e-04
3004,67.959798,15,9.954598e-04
3005,67.976322,11,9.794243e-04
3006,67.992844,16,9.863368e-04
3007,68.009362,10,9.304684e-04
3008,68.025878,17,9.796050e-04
3009,68.042390,10,8.316432e-04
3010,68.058900,14,9.673509e-04
3011,68.075406,15,9.719507e-04
3012,68.091909,10,9.851590e-04
3013,68.108408,15,9.897957e-04
3014,68.124904,11,9.660283e-04
3015,68.141396,18,9.727995e-04
3016,68.157885,10,8.035236e-04
3017,68.174369,12,9.674188e-04
3018,68.190850,15,9.443660e-04
3019,68.207327,10,9.701544e-04
3020,68.223800,20,9.674224e-04
3021,68.240269,10,8.196392e-04
3022,68.256734,12,8.786592e-04
3023,68.273194,14,9.450396e-04
3024,68.289650,16,9.913608e-04
3025,68.306102,10,9.505395e-04
3026,68.322549,16,9.980748e-04
3027,68.338991,10,9.901210e-04
3028,68.355429,19,9.841330e-04
3029,68.371862,10,8.267625e-04
3030,68.388291,12,9.638279e-04
3031,68.404714,15,9.439189e-04
3032,68.421133,12,9.733602e-04
3033,68.437546,18,9.697076e-04
3034,68.453955,10,8.821337e-04
3035,68.470358,13,9.949775e-04
3036,68.486756,16,9.327330e-04
3037,68.503148,11,8.753910e-04
3038,68.519536,17,9.735410e-04
3039,68.535917,10,9.571127e-04
3040,68.552294,16,9.865742e-04
3041,68.568665,11,9.360694e-04
3042,68.585030,17,9.919180e-04
3043,68.601389,10,9.256350e-04
3044,68.617743,15,9.874318e-04
3045,68.634091,16,9.586004e-04
3046,68.650433,11,8.806312e-04
3047,68.666769,14,9.944159e-04
3048,68.683100,16,9.630823e-04
3049,68.699424,10,9.890199e-04
3050,68.715742,15,9.926978e-04
3051,68.732054,17,9.832797e-04
3052,68.748360,10,9.127330e-04
3053,68.764659,13,9.780400e-04
3054,68.780953,16,9.832244e-04
3055,68.797239,10,9.635681e-04
3056,68.813520,25,9.739561e-04
3057,68.829794,11,9.395518e-04
3058,68.846062,12,8.762574e-04
3059,68.862323,13,8.830349e-04
3060,68.878577,14,9.584913e-04
3061,68.894825,18,9.984188e-04
3062,68.911066,10,9.047369e-04
3063,68.927300,25,9.716496e-04
3064,68.943528,11,8.561378e-04
3065,68.959748,13,9.065284e-04
3066,68.975962,14,9.032191e-04
3067,68.992169,12,9.854043e-04
3068,69.008369,24,9.542957e-04
3069,69.024562,11,9.942603e-04
3070,69.040748,12,9.506523e-04
3071,69.056927,15,9.591751e-04
3072,69.073099,21,9.980455e-04
3073,69.089264,11,8.381790e-04
3074,69.105422,12,9.965379e-04
3075,69.121572,17,9.643584e-04
3076,69.137716,11,9.355411e-04
3077,69.153852,31,9.726587e-04
3078,69.169980,15,9.024457e-04
3079,69.186102,10,9.330212e-04
3080,69.202216,14,9.124060e-04
3081,69.218323,15,8.919025e-04
3082,69.234423,17,9.883216e-04
3083,69.250515,10,9.847379e-04
3084,69.266600,24,9.666951e-04
3085,69.282677,11,8.274043e-04
3086,69.298747,12,9.466999e-04
3087,69.314810,15,9.579450e-04
3088,69.330865,20,9.530121e-04
3089,69.346913,11,8.915658e-04
3090,69.362954,28,9.397167e-04
3091,69.378987,13,9.163668e-04
3092,69.395013,15,9.890211e-04
3093,69.411031,11,9.123465e-04
3094,69.427042,16,9.302894e-04
3095,69.443046,11,9.768186e-04
3096,69.459042,23,9.349970e-04
3097,69.475031,11,8.577347e-04
3098,69.491013,13,9.076748e-04
3099,69.506987,16,9.377198e-04
3100,69.522954,32,9.250370e-04
3101,69.538914,13,9.228341e-04
3102,69.554867,13,9.610540e-04
3103,69.570813,17,9.814836e-04
3104,69.586751,11,8.994157e-04
3105,69.602683,20,9.436204e-04
3106,69.618607,10,8.682265e-04
3107,69.634524,13,9.573344e-04
3108,69.650435,16,9.114528e-04
3109,69.666338,22,9.272533e-04
3110,69.682235,11,9.289345e-04
3111,69.698125,13,9.847226e-04
3112,69.714008,16,9.487824e-04
3113,69.729884,20,9.487924e-04
3114,69.745754,11,8.578608e-04
3115,69.761617,14,9.662158e-04
3116,69.777474,17,9.950337e-04
3117,69.793325,11,9.286727e-04
3118,69.809169,21,9.762930e-04
3119,69.825007,10,9.758220e-04
3120,69.840839,14,9.122094e-04
3121,69.856665,16,9.362302e-04
3122,69.872485,12,9.684306e-04
3123,69.888299,20,9.607155e-04
3124,69.904107,10,9.836195e-04
3125,69.919910,14,9.335206e-04
3126,69.935707,16,9.707289e-04
3127,69.951499,12,9.557820e-04
3128,69.967285,19,9.860150e-04
3129,69.983066,10,9.895909e-04
3130,69.998842,15,9.633733e-04
3131,70.014614,16,9.966370e-04
3132,70.030380,12,9.417847e-04
3133,70.046142,17,9.818933e-04
3134,70.061899,11,9.788192e-04
3135,70.077651,18,9.657863e-04
3136,70.093399,11,8.666035e-04
3137,70.109143,16,9.611617e-04
3138,70.124883,15,9.927259e-04
3139,70.140619,14,9.208728e-04
3140,70.156352,15,9.622990e-04
3141,70.172080,14,9.656829e-04
3142,70.187805,15,9.382620e-04
3143,70.203527,14,9.499761e-04
3144,70.219246,14,9.909830e-04
3145,70.234961,15,9.503307e-04
3146,70.250674,13,9.674316e-04
3147,70.266384,15,9.709802e-04
3148,70.282091,14,9.699284e-04
3149,70.297796,14,9.836835e-04
3150,70.313499,15,9.983165e-04
3151,70.329199,14,9.731117e-04
3152,70.344898,16,9.851843e-04
3153,70.360595,12,9.745493e-04
3154,70.376291,24,9.776796e-04
3155,70.391985,11,9.337398e-04
3156,70.407677,12,9.409270e-04
3157,70.423369,14,9.847016e-04
3158,70.439060,17,9.821157e-04
3159,70.454750,11,9.409432e-04
3160,70.470439,25,9.434381e-04
3161,70.486128,11,9.717818e-04
3162,70.501817,13,9.302220e-04
3163,70.517506,15,9.697399e-04
3164,70.533195,20,9.925818e-04
3165,70.548884,11,9.056923e-04
3166,70.564574,27,9.363641e-04
3167,70.580264,11,9.808894e-04
3168,70.595955,14,9.312906e-04
3169,70.611647,15,9.602596e-04
3170,70.627340,17,9.753533e-04
3171,70.643034,21,9.643921e-04
3172,70.658730,11,8.650356e-04
3173,70.674428,17,9.960898e-04
3174,70.690127,28,9.684795e-04
3175,70.705828,13,8.165793e-04
3176,70.721531,13,8.860004e-04
3177,70.737237,15,9.261007e-04
3178,70.752944,16,9.841903e-04
3179,70.768655,14,9.782742e-04
3180,70.784368,22,9.732371e-04
3181,70.800084,11,8.954828e-04
3182,70.815803,14,9.301670e-04
3183,70.831525,29,9.773606e-04
3184,70.847251,12,9.880995e-04
3185,70.862980,12,9.563043e-04
3186,70.878712,15,9.876663e-04
3187,70.894448,17,9.418401e-04
3188,70.910188,10,9.996973e-04
3189,70.925932,15,9.821995e-04
3190,70.941680,19,9.417676e-04
3191,70.957432,10,9.495851e-04
3192,70.973189,13,9.540956e-04
3193,70.988950,29,9.986525e-04
3194,71.004716,12,9.502347e-04
3195,71.020486,12,8.887663e-04
3196,71.036261,15,9.520268e-04
3197,71.052041,18,9.991507e-04
3198,71.067826,10,8.881854e-04
3199,71.083616,14,9.931371e-04
3200,71.099411,20,9.829174e-04
3201,71.115211,10,9.506930e-04
3202,71.131017,13,9.180668e-04
3203,71.146828,29,9.695707e-04
3204,71.162645,12,9.369192e-04
3205,71.178467,11,9.871906e-04
3206,71.194295,14,9.415036e-04
3207,71.210129,17,8.889358e-04
3208,71.225969,10,9.215533e-04
3209,71.241814,22,9.318498e-04
3210,71.257665,10,9.020079e-04
3211,71.273522,14,9.362237e-04
3212,71.289386,28,9.884182e-04
3213,71.305255,12,9.276947e-04
3214,71.321130,11,9.614875e-04
3215,71.337012,15,9.027158e-04
3216,71.352900,17,9.017102e-04
3217,71.368794,10,9.057030e-04
3218,71.384694,16,9.840252e-04
3219,71.400601,19,9.213892e-04
3220,71.416514,10,9.084364e-04
3221,71.432433,13,9.440420e-04
3222,71.448359,29,9.377039e-04
3223,71.464291,12,8.774770e-04
3224,71.480229,12,8.503460e-04
3225,71.496174,15,9.722962e-04
3226,71.512125,18,9.372715e-04
3227,71.528082,10,8.513912e-04
3228,71.544046,13,9.244315e-04
3229,71.560017,16,9.146614e-04
3230,71.575993,10,9.805898e-04
3231,71.591976,23,9.859079e-04
3232,71.607966,11,8.756906e-04
3233,71.623962,12,9.640860e-04
3234,71.639964,14,9.897210e-04
3235,71.655973,17,9.488389e-04
3236,71.671987,10,9.441418e-04
3237,71.688009,19,9.929389e-04
3238,71.704036,10,8.685521e-04
3239,71.720070,16,9.707210e-04
3240,71.736109,16,9.788761e-04
3241,71.752155,11,9.299128e-04
3242,71.768208,16,9.908698e-04
3243,71.784266,11,9.526078e-04
3244,71.800330,19,9.516204e-04
3245,71.816401,10,8.466350e-04
3246,71.832477,13,9.485158e-04
3247,71.848559,16,9.725932e-04
3248,71.864647,10,9.845136e-04
3249,71.880742,20,9.858683e-04
3250,71.896841,10,8.515051e-04
3251,71.912947,13,9.494851e-04
3252,71.929059,16,9.687612e-04
3253,71.945176,11,9.578384e-04
3254,71.961298,21,9.581250e-04
3255,71.977426,10,9.412484e-04
3256,71.993560,13,9.292052e-04
3257,72.009699,16,9.579303e-04
3258,72.025844,19,9.397080e-04
3259,72.041994,10,9.955487e-04
3260,72.058149,15,9.276349e-04
3261,72.074309,17,9.260511e-04
3262,72.090475,11,9.025460e-04
3263,72.106645,20,9.610887e-04
3264,72.122821,10,9.621024e-04
3265,72.139001,17,9.995830e-04
3266,72.155187,18,9.401312e-04
3267,72.171377,11,8.768348e-04
3268,72.187572,17,9.500737e-04
3269,72.203772,18,9.504147e-04
3270,72.219976,11,9.051221e-04
3271,72.236185,17,9.538648e-04
3272,72.252398,18,9.837717e-04
3273,72.268616,11,9.133358e-04
3274,72.284839,17,9.493982e-04
3275,72.301065,18,9.908297e-04
3276,72.317296,11,9.131591e-04
3277,72.333531,16,9.994628e-04
3278,72.349770,18,9.623320e-04
3279,72.366013,11,8.742787e-04
3280,72.382259,16,9.883303e-04
3281,72.398510,18,9.466508e-04
3282,72.414765,11,8.728579e-04
3283,72.431023,16,9.834284e-04
3284,72.447285,18,9.115119e-04
3285,72.463550,11,8.769590e-04
3286,72.479819,16,9.550904e-04
3287,72.496092,17,9.685143e-04
3288,72.512367,11,9.392046e-04
3289,72.528646,17,9.496728e-04
3290,72.544929,12,9.692793e-04
3291,72.561214,18,9.965833e-04
3292,72.577502,10,9.752064e-04
3293,72.593794,16,9.995377e-04
3294,72.610088,17,9.148902e-04
3295,72.626385,11,9.114055e-04
3296,72.642685,16,9.444688e-04
3297,72.658987,17,9.163296e-04
3298,72.675292,11,9.384878e-04
3299,72.691600,16,9.936854e-04
3300,72.707910,17,9.980033e-04
3301,72.724223,11,9.316847e-04
3302,72.740538,17,9.564661e-04
3303,72.756855,18,9.712764e-04
3304,72.773174,11,8.998307e-04
3305,72.789495,15,9.962105e-04
3306,72.805818,18,9.057807e-04
3307,72.822144,11,8.733635e-04
3308,72.838471,17,9.946046e-04
3309,72.854800,18,9.879646e-04
3310,72.871130,11,9.107228e-04
3311,72.887462,16,9.553332e-04
3312,72.903796,18,9.125639e-04
3313,72.920131,11,8.860043e-04
3314,72.936468,15,9.992154e-04
3315,72.952806,17,9.775651e-04
3316,72.969145,11,8.943608e-04
3317,72.985486,16,9.755646e-04
3318,73.001827,17,9.218849e-04
3319,73.018170,11,9.188827e-04
3320,73.034514,15,9.506038e-04
3321,73.050858,16,9.125791e-04
3322,73.067204,11,9.663994e-04
3323,73.083550,15,9.801329e-04
3324,73.099897,15,9.533233e-04
3325,73.116245,12,9.524006e-04
3326,73.132593,15,9.268653e-04
3327,73.148942,12,9.871507e-04
3328,73.165291,15,9.613812e-04
3329,73.181641,12,9.423292e-04
3330,73.197991,14,9.974011e-04
3331,73.214342,14,9.400025e-04
3332,73.230693,13,9.014127e-04
3333,73.247043,14,9.056169e-04
3334,73.263394,13,9.333492e-04
3335,73.279746,13,9.912497e-04
3336,73.296097,14,9.263238e-04
3337,73.312448,12,9.879428e-04
3338,73.328799,14,9.730345e-04
3339,73.345150,13,9.683784e-04
3340,73.361501,14,9.233180e-04
3341,73.377851,13,9.722236e-04
3342,73.394201,14,9.634395e-04
3343,73.410551,14,9.557127e-04
3344,73.426900,14,9.379441e-04
3345,73.443249,14,9.824892e-04
3346,73.459598,15,9.613812e-04
3347,73.475946,13,9.885039e-04
3348,73.492293,16,9.909082e-04
3349,73.508640,12,9.540132e-04
3350,73.524986,18,9.893514e-04
3351,73.541332,11,8.488154e-04
3352,73.557676,17,9.676484e-04
3353,73.574020,12,9.592969e-04
3354,73.590363,19,9.621002e-04
3355,73.606706,11,8.315305e-04
3356,73.623047,15,9.635822e-04
3357,73.639387,17,9.332162e-04
3358,73.655726,11,9.490739e-04
3359,73.672065,17,9.674429e-04
3360,73.688402,12,9.557225e-04
3361,73.704738,18,9.754625e-04
3362,73.721073,11,8.678228e-04
3363,73.737407,16,9.689281e-04
3364,73.753740,16,9.692379e-04
3365,73.770072,12,9.981438e-04
3366,73.786402,16,9.877308e-04
3367,73.802731,14,9.980425e-04
3368,73.819059,15,9.902920e-04
3369,73.835385,16,9.450236e-04
3370,73.851710,13,9.594339e-04
3371,73.868034,16,9.914519e-04
3372,73.884356,15,9.956376e-04
3373,73.900677,15,9.612112e-04
3374,73.916996,16,9.790445e-04
3375,73.933314,14,9.923481e-04
3376,73.949630,17,9.753768e-04
3377,73.965945,13,9.518388e-04
3378,73.982258,18,9.823784e-04
3379,73.998570,12,9.076992e-04
3380,74.014880,18,9.840778e-04
3381,74.031189,12,9.151025e-04
3382,74.047495,18,9.880008e-04
3383,74.063801,11,9.986777e-04
3384,74.080104,18,9.880022e-04
3385,74.096406,11,9.689852e-04
3386,74.112706,18,9.715771e-04
3387,74.129004,11,9.584345e-04
3388,74.145300,17,9.979327e-04
3389,74.161595,12,9.665932e-04
3390,74.177888,18,9.834807e-04
3391,74.194179,11,9.405771e-04
3392,74.210468,17,9.613464e-04
3393,74.226755,12,9.850332e-04
3394,74.243040,18,9.963679e-04
3395,74.259324,11,9.445743e-04
3396,74.275605,17,9.979137e-04
3397,74.291884,13,9.817027e-04
3398,74.308162,19,9.974421e-04
3399,74.324437,11,9.228592e-04
3400,74.340710,16,9.653308e-04
3401,74.356981,18,9.573388e-04
3402,74.373250,11,9.690128e-04
3403,74.389517,16,9.683447e-04
3404,74.405782,18,9.526722e-04
3405,74.422044,11,9.424929e-04
3406,74.438304,15,9.796108e-04
3407,74.454562,17,9.845934e-04
3408,74.470818,11,9.615487e-04
3409,74.487071,18,9.866210e-04
3410,74.503322,11,9.162576e-04
3411,74.519570,20,9.875206e-04
3412,74.535816,11,8.175873e-04
3413,74.552060,14,9.359791e-04
3414,74.568301,17,9.701249e-04
3415,74.584540,11,9.391964e-04
3416,74.600776,23,9.576899e-04
3417,74.617009,11,8.377933e-04
3418,74.633240,13,8.553291e-04
3419,74.649468,15,9.251012e-04
3420,74.665693,18,9.441458e-04
3421,74.681916,11,8.971901e-04
3422,74.698136,22,9.938324e-04
3423,74.714353,11,7.902215e-04
3424,74.730567,13,9.529502e-04
3425,74.746778,16,9.473980e-04
3426,74.762986,12,9.705321e-04
3427,74.779191,23,9.435310e-04
3428,74.795394,11,8.811129e-04
3429,74.811593,12,9.663092e-04
3430,74.827789,14,9.102027e-04
3431,74.843981,15,9.757021e-04
3432,74.860171,15,9.984837e-04
3433,74.876357,16,9.887847e-04
3434,74.892540,12,9.411472e-04
3435,74.908719,16,9.808826e-04
3436,74.924895,11,9.679157e-04
3437,74.941068,17,9.755878e-04
3438,74.957237,11,8.445896e-04
3439,74.973402,14,9.929479e-04
3440,74.989564,15,9.792278e-04
3441,75.005722,12,9.513291e-04
3442,75.021877,16,9.548657e-04
3443,75.038027,12,9.331394e-04
3444,75.054174,17,9.931932e-04
3445,75.070317,11,9.291746e-04
3446,75.086456,18,9.946668e-04
3447,75.102591,11,8.837667e-04
3448,75.118721,16,9.986911e-04
3449,75.134848,18,9.916105e-04
3450,75.150971,11,8.903520e-04
3451,75.167089,14,9.599626e-04
3452,75.183203,16,9.969842e-04
3453,75.199312,12,9.505480e-04
3454,75.215418,23,9.959225e-04
3455,75.231518,11,9.399807e-04
3456,75.247615,13,8.727680e-04
3457,75.263706,15,9.089883e-04
3458,75.279793,19,9.745673e-04
3459,75.295876,11,9.250816e-04
3460,75.311953,27,9.786522e-04
3461,75.328026,12,8.790361e-04
3462,75.344094,13,9.084543e-04
3463,75.360156,14,9.351838e-04
3464,75.376214,15,9.695745e-04
3465,75.392267,20,9.795974e-04
3466,75.408314,11,9.062650e-04
3467,75.424356,14,9.840397e-04
3468,75.440393,30,9.568222e-04
3469,75.456425,13,9.922229e-04
3470,75.472451,13,9.703825e-04
3471,75.488471,14,9.695016e-04
3472,75.504486,14,9.567255e-04
3473,75.520496,16,9.730317e-04
3474,75.536499,21,9.462421e-04
3475,75.552497,11,8.725396e-04
3476,75.568489,13,9.901385e-04
3477,75.584475,17,9.961148e-04
3478,75.600455,12,9.758507e-04
3479,75.616428,34,9.694492e-04
3480,75.632396,16,9.538449e-04
3481,75.648358,12,9.457601e-04
3482,75.664313,23,9.988886e-04
3483,75.680262,11,9.759436e-04
3484,75.696204,15,9.878424e-04
3485,75.712140,19,9.946155e-04
3486,75.728070,11,8.454669e-04
3487,75.743992,14,9.821535e-04
3488,75.759909,29,9.789738e-04
3489,75.775818,13,9.136484e-04
3490,75.791721,12,9.552778e-04
3491,75.807617,17,9.934905e-04
3492,75.823506,11,9.577583e-04
3493,75.839388,21,9.371549e-04
3494,75.855263,11,8.264778e-04
3495,75.871131,14,9.469594e-04
3496,75.886992,29,9.910702e-04
3497,75.902846,13,9.193768e-04
3498,75.918693,13,9.790108e-04
3499,75.934533,17,9.554057e-04
3500,75.950365,11,8.482114e-04
3501,75.966190,18,9.695977e-04
3502,75.982008,10,9.834802e-04
3503,75.997819,21,9.810025e-04
3504,76.013622,11,7.784959e-04
3505,76.029418,13,9.480259e-04
3506,76.045206,17,9.960447e-04
3507,76.060988,11,9.070583e-04
3508,76.076761,26,9.898147e-04
3509,76.092528,12,9.364389e-04
3510,76.108287,12,9.710985e-04
3511,76.124039,14,9.663159e-04
3512,76.139783,16,9.654868e-04
3513,76.155520,11,9.805191e-04
3514,76.171249,19,9.496523e-04
3515,76.186972,10,9.328273e-04
3516,76.202687,13,9.539626e-04
3517,76.218394,15,9.631800e-04
3518,76.234095,12,9.444559e-04
3519,76.249788,18,9.830222e-04
3520,76.265474,10,9.721120e-04
3521,76.281154,14,9.536765e-04
3522,76.296826,16,9.803181e-04
3523,76.312491,11,9.370533e-04
3524,76.328149,24,9.992763e-04
3525,76.343800,11,9.592717e-04
3526,76.359445,12,9.493698e-04
3527,76.375083,14,9.315682e-04
3528,76.390714,15,9.968092e-04
3529,76.406339,13,9.887633e-04
3530,76.421958,19,9.938807e-04
3531,76.437570,11,8.141270e-04
3532,76.453176,14,9.425789e-04
3533,76.468776,29,9.883580e-04
3534,76.484370,13,8.670711e-04
3535,76.499958,12,9.145498e-04
3536,76.515540,14,9.885313e-04
3537,76.531117,15,9.571716e-04
3538,76.546688,13,9.383012e-04
3539,76.562254,16,9.815693e-04
3540,76.577814,13,9.917787e-04
3541,76.593370,24,9.992904e-04
3542,76.608920,12,8.667305e-04
3543,76.624466,14,9.319920e-04
3544,76.640008,18,9.662608e-04
3545,76.655545,12,9.386116e-04
3546,76.671077,27,9.855610e-04
3547,76.686606,13,8.498080e-04
3548,76.702131,13,8.808854e-04
3549,76.717652,14,9.804008e-04
3550,76.733169,16,9.395915e-04
3551,76.748683,13,9.737794e-04
3552,76.764194,17,9.856208e-04
3553,76.779702,12,8.952305e-04
3554,76.795208,16,9.938559e-04
3555,76.810710,16,9.775734e-04
3556,76.826211,13,9.604760e-04
3557,76.841709,17,9.768206e-04
3558,76.857206,12,9.500248e-04
3559,76.872700,20,9.820726e-04
3560,76.888194,11,8.726063e-04
3561,76.903685,14,9.245708e-04
3562,76.919176,16,9.219564e-04
3563,76.934666,12,9.503276e-04
3564,76.950156,16,9.678252e-04
3565,76.965645,12,9.624204e-04
3566,76.981134,15,9.819740e-04
3567,76.996623,13,9.786973e-04
3568,77.012112,14,9.632395e-04
3569,77.027602,14,9.405936e-04
3570,77.043092,13,9.661294e-04
3571,77.058584,14,9.477619e-04
3572,77.074076,13,9.858936e-04
3573,77.089570,14,9.489768e-04
3574,77.105065,13,9.927740e-04
3575,77.120562,14,9.543670e-04
3576,77.136061,14,9.257321e-04
3577,77.151563,13,9.865560e-04
3578,77.167066,14,9.903473e-04
3579,77.182573,14,9.745120e-04
3580,77.198082,14,9.649778e-04
3581,77.213594,15,9.468733e-04
3582,77.229109,14,9.617739e-04
3583,77.244628,15,9.896425e-04
3584,77.260150,16,9.800770e-04
3585,77.275676,13,9.514810e-04
3586,77.291206,17,9.944016e-04
3587,77.306740,11,9.952807e-04
3588,77.322279,20,9.903560e-04
3589,77.337822,11,8.275591e-04
3590,77.353370,14,9.385226e-04
3591,77.368922,16,9.877106e-04
3592,77.384480,12,9.690050e-04
3593,77.400043,19,9.940373e-04
3594,77.415611,11,8.347376e-04
3595,77.431184,14,9.934074e-04
3596,77.446764,17,9.332881e-04
3597,77.462349,11,9.320325e-04
3598,77.477940,18,9.863314e-04
3599,77.493537,11,8.938411e-04
3600,77.509140,18,9.797699e-04
3601,77.524750,11,8.833125e-04
3602,77.540366,18,9.868240e-04
3603,77.555989,11,8.966045e-04
3604,77.571618,18,9.816557e-04
3605,77.587254,11,9.046684e-04
3606,77.602897,18,9.853003e-04
3607,77.618547,11,9.151485e-04
3608,77.634204,18,9.816891e-04
3609,77.649869,11,9.286486e-04
3610,77.665540,18,9.895757e-04
3611,77.681219,11,9.517853e-04
3612,77.696906,19,9.673558e-04
3613,77.712600,11,9.093907e-04
3614,77.728301,17,9.906368e-04
3615,77.744010,17,9.875292e-04
3616,77.759727,13,9.046890e-04
3617,77.775452,17,9.528556e-04
3618,77.791184,13,9.748612e-04
3619,77.806925,19,9.652653e-04
3620,77.822673,11,9.499132e-04
3621,77.838429,17,9.616842e-04
3622,77.854193,17,9.868371e-04
3623,77.869965,13,9.124637e-04
3624,77.885746,17,9.613337e-04
3625,77.901534,13,9.609529e-04
3626,77.917331,19,9.648000e-04
3627,77.933135,11,9.504174e-04
3628,77.948948,16,9.869845e-04
3629,77.964769,17,9.992997e-04
3630,77.980598,12,9.697139e-04
3631,77.996435,18,9.658500e-04
3632,78.012281,12,9.261293e-04
3633,78.028134,19,9.968628e-04
3634,78.043996,11,9.771219e-04
3635,78.059866,19,9.718359e-04
3636,78.075744,12,8.913215e-04
3637,78.091630,19,9.994684e-04
3638,78.107524,12,8.844001e-04
3639,78.123426,20,9.804067e-04
3640,78.139337,11,9.888611e-04
3641,78.155255,18,9.746077e-04
3642,78.171182,13,9.724630e-04
3643,78.187116,20,9.970690e-04
3644,78.203058,11,9.867869e-04
3645,78.219009,15,9.859941e-04
3646,78.234967,18,9.489420e-04
3647,78.250933,12,8.907323e-04
3648,78.266907,17,9.755806e-04
3649,78.282888,13,9.958777e-04
3650,78.298877,18,9.941546e-04
3651,78.314874,11,9.873552e-04
3652,78.330879,16,9.683169e-04
3653,78.346891,16,9.749290e-04
3654,78.362910,13,9.225203e-04
3655,78.378937,15,9.839042e-04
3656,78.394972,15,9.740593e-04
3657,78.411013,14,9.371120e-04
3658,78.427062,15,9.524129e-04
3659,78.443118,14,9.603080e-04
3660,78.459182,14,9.996130e-04
3661,78.475252,15,9.472025e-04
3662,78.491329,13,9.908104e-04
3663,78.507414,15,9.469584e-04
3664,78.523505,14,9.300595e-04
3665,78.539603,14,9.603956e-04
3666,78.555707,14,9.899419e-04
3667,78.571819,14,9.785176e-04
3668,78.587937,14,9.758721e-04
3669,78.604061,14,9.714388e-04
3670,78.620192,14,9.664510e-04
3671,78.636329,14,9.612541e-04
3672,78.652473,14,9.575364e-04
3673,78.668623,14,9.550944e-04
3674,78.684779,14,9.551953e-04
3675,78.700941,14,9.594880e-04
3676,78.717109,14,9.688969e-04
3677,78.733284,14,9.836244e-04
3678,78.749464,15,9.522124e-04
3679,78.765650,13,9.943863e-04
3680,78.781842,16,9.916679e-04
3681,78.798039,12,9.707345e-04
3682,78.814242,25,9.958167e-04
3683,78.830451,12,8.263041e-04
3684,78.846665,12,9.361029e-04
3685,78.862884,14,8.609674e-04
3686,78.879109,14,9.223322e-04
3687,78.895339,14,9.784420e-04
3688,78.911575,17,9.777470e-04
3689,78.927815,11,9.176936e-04
3690,78.944061,24,9.901823e-04
3691,78.960311,11,9.171128e-04
3692,78.976566,12,9.777777e-04
3693,78.992827,14,9.464058e-04
3694,79.009091,14,9.801170e-04
3695,79.025361,19,9.819143e-04
3696,79.041635,11,8.277428e-04
3697,79.057914,14,9.385081e-04
3698,79.074198,23,9.989028e-04
3699,79.090485,11,9.364192e-04
3700,79.106777,12,9.573369e-04
3701,79.123074,14,9.222074e-04
3702,79.139375,14,9.364896e-04
3703,79.155679,14,9.413771e-04
3704,79.171988,15,9.785192e-04
3705,79.188301,13,9.819528e-04
3706,79.204619,16,9.771971e-04
3707,79.220940,11,9.692628e-04
3708,79.237265,16,9.634301e-04
3709,79.253593,11,9.517990e-04
3710,79.269926,16,9.879676e-04
3711,79.286263,11,9.433616e-04
3712,79.302603,18,9.901851e-04
3713,79.318947,10,9.740805e-04
3714,79.335294,14,9.824259e-04
3715,79.351646,17,9.989775e-04
3716,79.368000,11,8.797652e-04
3717,79.384359,15,9.971350e-04
3718,79.400720,28,9.491405e-04
3719,79.417086,13,8.778082e-04
3720,79.433454,12,9.663157e-04
3721,79.449826,13,9.963703e-04
3722,79.466202,14,9.220985e-04
3723,79.482581,13,9.961281e-04
3724,79.498963,17,9.923227e-04
3725,79.515348,11,9.126754e-04
3726,79.531737,26,9.608546e-04
3727,79.548129,12,9.105896e-04
3728,79.564524,14,9.289214e-04
3729,79.580922,15,9.399839e-04
3730,79.597323,13,9.955837e-04
3731,79.613728,19,9.962320e-04
3732,79.630136,11,9.049244e-04
3733,79.646547,26,9.913343e-04
3734,79.662961,12,8.245633e-04
3735,79.679378,13,9.882763e-04
3736,79.695798,15,9.118159e-04
3737,79.712221,14,9.660872e-04
3738,79.728647,17,9.666950e-04
3739,79.745077,12,9.728538e-04
3740,79.761509,24,9.745252e-04
3741,79.777945,11,9.991314e-04
3742,79.794383,13,9.119535e-04
3743,79.810825,14,9.785633e-04
3744,79.827269,14,9.956544e-04
3745,79.843717,15,9.725959e-04
3746,79.860168,14,9.884799e-04
3747,79.876622,15,9.684562e-04
3748,79.893078,14,9.630442e-04
3749,79.909538,14,9.660397e-04
3750,79.926001,14,9.723955e-04
3751,79.942468,14,9.414514e-04
3752,79.958937,14,9.286746e-04
3753,79.975409,14,9.195869e-04
3754,79.991885,14,9.123871e-04
3755,80.008363,14,9.119289e-04
3756,80.024845,14,9.177571e-04
3757,80.041330,14,9.253092e-04
3758,80.057818,14,9.317949e-04
3759,80.074309,14,9.352535e-04
3760,80.090803,14,9.332535e-04
3761,80.107301,14,9.302257e-04
3762,80.123802,14,9.260560e-04
3763,80.140306,14,9.225076e-04
3764,80.156814,14,9.228663e-04
3765,80.173325,14,9.301790e-04
3766,80.189839,14,9.468491e-04
3767,80.206356,14,9.740084e-04
3768,80.222877,15,9.387039e-04
3769,80.239401,14,9.801007e-04
3770,80.255929,16,9.768819e-04
3771,80.272460,15,9.945646e-04
3772,80.288995,28,9.881877e-04
3773,80.305533,13,8.828017e-04
3774,80.322075,13,9.436083e-04
3775,80.338621,14,9.734134e-04
3776,80.355170,15,9.293565e-04
3777,80.371722,14,9.870366e-04
3778,80.388279,16,9.811264e-04
3779,80.404839,14,9.717581e-04
3780,80.421402,18,9.952542e-04
3781,80.437970,12,9.348703e-04
3782,80.454541,33,9.440112e-04
3783,80.471117,14,9.662251e-04
3784,80.487696,14,9.565503e-04
3785,80.504279,17,9.809775e-04
3786,80.520866,13,9.697142e-04
3787,80.537457,19,9.924547e-04
3788,80.554052,11,9.406660e-04
3789,80.570651,16,9.407982e-04
3790,80.587254,17,9.638674e-04
3791,80.603862,13,9.416187e-04
3792,80.620473,30,9.834573e-04
3793,80.637089,14,8.755066e-04
3794,80.653709,13,9.893201e-04
3795,80.670333,15,9.701599e-04
3796,80.686962,15,9.823113e-04
3797,80.703595,15,9.801747e-04
3798,80.720232,16,9.805771e-04
3799,80.736873,15,9.978480e-04
3800,80.753519,18,9.966722e-04
3801,80.770170,13,9.296931e-04
3802,80.786825,27,9.959961e-04
3803,80.803484,13,7.880659e-04
3804,80.820148,13,9.952087e-04
3805,80.836817,15,9.875419e-04
3806,80.853490,16,9.508791e-04
3807,80.870168,14,9.814611e-04
3808,80.886851,18,9.857107e-04
3809,80.903538,12,9.778455e-04
3810,80.920230,28,9.790403e-04
3811,80.936927,13,8.718695e-04
3812,80.953628,13,9.773728e-04
3813,80.970335,15,9.266643e-04
3814,80.987046,15,9.295754e-04
3815,81.003762,15,9.634754e-04
3816,81.020483,17,9.744442e-04
3817,81.037209,13,9.671753e-04
3818,81.053940,27,9.875241e-04
3819,81.070676,13,8.284018e-04
3820,81.087417,13,9.890204e-04
3821,81.104163,15,8.966563e-04
3822,81.120914,14,9.361599e-04
3823,81.137671,15,9.860422e-04
3824,81.154432,17,9.871487e-04
3825,81.171198,12,9.820629e-04
3826,81.187969,26,9.571114e-04
3827,81.204746,12,8.985512e-04
3828,81.221528,13,9.764786e-04
3829,81.238315,15,8.768605e-04
3830,81.255107,13,9.989952e-04
3831,81.271904,16,9.710273e-04
3832,81.288706,17,9.890768e-04
3833,81.305514,12,9.857735e-04
3834,81.322327,17,9.849308e-04
3835,81.339145,12,9.648593e-04
3836,81.355968,21,9.926745e-04
3837,81.372796,11,8.883644e-04
3838,81.389630,13,9.390752e-04
3839,81.406469,14,9.920197e-04
3840,81.423313,14,9.453777e-04
3841,81.440163,14,9.384151e-04
3842,81.457017,14,9.412225e-04
3843,81.473877,14,9.335406e-04
3844,81.490743,14,9.235869e-04
3845,81.507613,13,9.942236e-04
3846,81.524489,14,9.609385e-04
3847,81.541370,13,9.898382e-04
3848,81.558256,14,9.578665e-04
3849,81.575148,14,9.372751e-04
3850,81.592045,13,9.826940e-04
3851,81.608947,15,9.437488e-04
3852,81.625854,12,9.805677e-04
3853,81.642767,17,9.824988e-04
3854,81.659685,11,8.512196e-04
3855,81.676608,16,9.844953e-04
3856,81.693536,12,9.720479e-04
3857,81.710470,24,9.915969e-04
3858,81.727409,11,9.671894e-04
3859,81.744353,12,9.126718e-04
3860,81.761302,13,9.895681e-04
3861,81.778256,15,9.462685e-04
3862,81.795216,20,9.704586e-04
3863,81.812180,11,7.934251e-04
3864,81.829150,13,9.490947e-04
3865,81.846125,25,9.715155e-04
3866,81.863105,12,7.920530e-04
3867,81.880090,12,9.143146e-04
3868,81.897080,14,9.826615e-04
3869,81.914076,17,9.513322e-04
3870,81.931076,11,9.396496e-04
3871,81.948081,26,9.334069e-04
3872,81.965091,12,8.658888e-04
3873,81.982106,13,9.594464e-04
3874,81.999126,14,8.933891e-04
3875,82.016151,13,9.693969e-04
3876,82.033181,18,9.686109e-04
3877,82.050216,11,9.319187e-04
3878,82.067256,26,9.714741e-04
3879,82.084300,12,9.252746e-04
3880,82.101350,14,9.883290e-04
3881,82.118404,14,9.632687e-04
3882,82.135463,13,9.852991e-04
3883,82.152526,15,9.587222e-04
3884,82.169595,16,9.817781e-04
3885,82.186668,13,9.507996e-04
3886,82.203745,16,9.744233e-04
3887,82.220828,13,9.777001e-04
3888,82.237915,15,9.976393e-04
3889,82.255006,15,9.590237e-04
3890,82.272102,14,9.270847e-04
3891,82.289203,15,9.397401e-04
3892,82.306308,14,9.694951e-04
3893,82.323418,15,9.336474e-04
3894,82.340533,14,9.639444e-04
3895,82.357652,15,9.323937e-04
3896,82.374775,14,9.698385e-04
3897,82.391903,15,9.399900e-04
3898,82.409035,14,9.741570e-04
3899,82.426172,15,9.402614e-04
3900,82.443313,14,9.704014e-04
3901,82.460458,15,9.344179e-04
3902,82.477608,14,9.639933e-04
3903,82.494763,15,9.256010e-04
3904,82.511921,14,9.563624e-04
3905,82.529084,15,9.178789e-04
3906,82.546251,14,9.495748e-04
3907,82.563423,14,9.977260e-04
3908,82.580598,15,9.373094e-04
3909,82.597778,14,9.262251e-04
3910,82.614963,14,9.920390e-04
3911,82.632151,15,9.449320e-04
3912,82.649343,14,9.371165e-04
3913,82.666540,15,9.332537e-04
3914,82.683741,14,9.657678e-04
3915,82.700946,15,9.601654e-04
3916,82.718155,14,9.925287e-04
3917,82.735368,16,9.942992e-04
3918,82.752585,13,9.693046e-04
3919,82.769806,32,9.339663e-04
3920,82.787030,14,9.514679e-04
3921,82.804259,13,9.436182e-04
3922,82.821492,14,9.589475e-04
3923,82.838729,14,9.613521e-04
3924,82.855969,15,9.886923e-04
3925,82.873213,18,9.870671e-04
3926,82.890461,11,8.675916e-04
3927,82.907713,15,9.416783e-04
3928,82.924968,25,9.587748e-04
3929,82.942227,12,9.211718e-04
3930,82.959490,13,9.652360e-04
3931,82.976757,15,9.760270e-04
3932,82.994026,20,9.839159e-04
3933,83.011300,11,9.849375e-04
3934,83.028577,28,9.954239e-04
3935,83.045858,12,9.990473e-04
3936,83.063142,15,9.379466e-04
3937,83.080429,14,9.493230e-04
3938,83.097720,15,9.084830e-04
3939,83.115014,17,9.855672e-04
3940,83.132312,22,9.989699e-04
3941,83.149613,11,9.903204e-04
3942,83.166917,14,9.905053e-04
3943,83.184224,17,9.760601e-04
3944,83.201535,26,9.736120e-04
3945,83.218849,13,8.580312e-04
3946,83.236166,14,8.686857e-04
3947,83.253486,15,8.906166e-04
3948,83.270809,15,9.962694e-04
3949,83.288136,17,9.551202e-04
3950,83.305465,16,9.959442e-04
3951,83.322798,27,9.474222e-04
3952,83.340133,13,9.014655e-04
3953,83.357472,15,8.806126e-04
3954,83.374813,16,9.144894e-04
3955,83.392157,17,9.845864e-04
3956,83.409505,24,9.826065e-04
3957,83.426855,12,9.814062e-04
3958,83.444208,15,8.968454e-04
3959,83.461563,17,9.891419e-04
3960,83.478922,23,9.895338e-04
3961,83.496283,12,9.548067e-04
3962,83.513647,15,9.076052e-04
3963,83.531014,17,9.735324e-04
3964,83.548384,21,9.984774e-04
3965,83.565756,12,9.542468e-04
3966,83.583131,16,9.235595e-04
3967,83.600508,18,9.643824e-04
3968,83.617888,13,9.557410e-04
3969,83.635271,19,9.943922e-04
3970,83.652656,12,9.642997e-04
3971,83.670044,17,9.752648e-04
3972,83.687434,14,9.899653e-04
3973,83.704826,16,9.764682e-04
3974,83.722221,15,9.667432e-04
3975,83.739618,15,9.631108e-04
3976,83.757018,16,9.421006e-04
3977,83.774420,14,9.918708e-04
3978,83.791824,17,9.869501e-04
3979,83.809230,14,9.780098e-04
3980,83.826638,25,9.821095e-04
3981,83.844049,12,9.220077e-04
3982,83.861461,14,8.526598e-04
3983,83.878876,16,9.246184e-04
3984,83.896292,20,9.729351e-04
3985,83.913711,12,9.078536e-04
3986,83.931131,27,9.751482e-04
3987,83.948553,12,9.188379e-04
3988,83.965977,14,9.430857e-04
3989,83.983402,17,9.240321e-04
3990,84.000829,22,9.808349e-04
3991,84.018257,12,8.916583e-04
3992,84.035687,28,9.988335e-04
3993,84.053118,12,9.327738e-04
3994,84.070551,16,9.035395e-04
3995,84.087985,18,9.458261e-04
3996,84.105419,23,9.861562e-04
3997,84.122855,12,8.599404e-04
3998,84.140292,17,9.821811e-04
3999,84.157730,31,9.218965e-04
4000,84.175168,14,8.461099e-04
4001,84.192607,13,9.702863e-04
4002,84.210047,16,9.962889e-04
4003,84.227487,19,9.794854e-04
4004,84.244928,12,9.697028e-04
4005,84.262369,28,9.449295e-04
4006,84.279810,13,9.193555e-04
4007,84.297251,15,9.820834e-04
4008,84.314692,16,9.861268e-04
4009,84.332133,22,9.801346e-04
4010,84.349574,12,9.521293e-04
4011,84.367014,27,9.521635e-04
4012,84.384453,12,9.524641e-04
4013,84.401893,15,9.183015e-04
4014,84.419331,16,8.916700e-04
4015,84.436768,14,9.733151e-04
4016,84.454205,18,9.632247e-04
4017,84.471640,13,9.529582e-04
4018,84.489074,19,9.809856e-04
4019,84.506506,12,9.331534e-04
4020,84.523937,16,9.935764e-04
4021,84.541366,16,9.715153e-04
4022,84.558793,14,9.845302e-04
4023,84.576218,16,9.698150e-04
4024,84.593641,15,9.788263e-04
4025,84.611062,16,9.341223e-04
4026,84.628479,15,9.900568e-04
4027,84.645894,16,9.874096e-04
4028,84.663307,17,9.680452e-04
4029,84.680715,15,9.698755e-04
4030,84.698121,18,9.983908e-04
4031,84.715523,14,9.759272e-04
4032,84.732921,30,9.893003e-04
4033,84.750315,14,8.821134e-04
4034,84.767705,14,9.304854e-04
4035,84.785091,16,8.827301e-04
4036,84.802471,16,9.598778e-04
4037,84.819847,16,9.979754e-04
4038,84.837217,17,9.647969e-04
4039,84.854582,15,9.908983e-04
4040,84.871941,18,9.686402e-04
4041,84.889294,16,9.862879e-04
4042,84.906640,29,9.999020e-04
4043,84.923980,14,8.554785e-04
4044,84.941313,15,9.070891e-04
4045,84.958638,17,9.011117e-04
4046,84.975955,17,9.392070e-04
4047,84.993264,17,9.574580e-04
4048,85.010564,18,9.840711e-04
4049,85.027856,20,9.953916e-04
4050,85.045138,15,9.829860e-04
4051,85.062410,27,9.975589e-04
4052,85.079672,14,8.217191e-04
4053,85.096924,16,9.450067e-04
4054,85.114164,19,9.471883e-04
4055,85.131392,19,9.984489e-04
4056,85.148608,19,9.795373e-04
4057,85.165811,23,9.792055e-04
4058,85.183001,14,9.420460e-04
4059,85.200177,21,9.885890e-04
4060,85.217339,23,9.955371e-04
4061,85.234485,14,9.576754e-04
4062,85.251615,20,9.839844e-04
4063,85.268729,23,9.635601e-04
4064,85.285826,14,9.740234e-04
4065,85.302904,23,9.677849e-04
4066,85.319964,15,9.975889e-04
4067,85.337004,30,9.685147e-04
4068,85.354023,15,8.516792e-04
4069,85.371021,17,9.320922e-04
4070,85.387997,21,9.901884e-04
4071,85.404949,25,9.756019e-04
4072,85.421878,15,9.138359e-04
4073,85.438780,25,9.923571e-04
4074,85.455657,16,9.976262e-04
4075,85.472505,30,9.990498e-04
4076,85.489326,15,9.445715e-04
4077,85.506116,19,9.747366e-04
4078,85.522874,25,9.717010e-04
4079,85.539600,17,9.747621e-04
4080,85.556293,31,9.882310e-04
4081,85.572949,15,9.984381e-04
4082,85.589569,21,9.370406e-04
4083,85.606151,25,9.621867e-04
4084,85.622693,28,9.899492e-04
4085,85.639193,17,9.524491e-04
4086,85.655650,25,9.483636e-04
4087,85.672061,27,9.479783e-04
4088,85.688427,17,9.858184e-04
4089,85.704743,27,9.976382e-04
4090,85.721009,28,9.565136e-04
4091,85.737223,18,9.715011e-04
4092,85.753383,25,9.704714e-04
4093,85.769487,26,9.832180e-04
4094,85.785532,20,9.657090e-04
4095,85.801518,27,9.909216e-04
4096,85.817441,20,9.945808e-04
4097,85.833300,29,9.520063e-04
4098,85.849093,17,9.716942e-04
4099,85.864818,27,9.695550e-04
4100,85.880473,20,9.843999e-04
4101,85.896057,27,9.790403e-04
4102,85.911566,18,9.892995e-04
4103,85.927000,27,9.756352e-04
4104,85.942357,18,9.692992e-04
4105,85.957635,27,9.694428e-04
4106,85.972832,18,9.293659e-04
4107,85.987949,26,9.904717e-04
4108,86.002982,18,9.805096e-04
4109,86.017931,27,9.697070e-04
4110,86.032796,17,9.068896e-04
4111,86.047575,26,9.867848e-04
4112,86.062269,17,9.674504e-04
4113,86.076877,28,9.603515e-04
4114,86.091398,15,9.982248e-04
4115,86.105834,25,9.981155e-04
4116,86.120184,26,9.506579e-04
4117,86.134449,16,9.324047e-04
4118,86.148630,26,9.731095e-04
4119,86.162728,16,9.649647e-04
4120,86.176745,31,9.617509e-04
4121,86.190682,15,9.063095e-04
4122,86.204540,19,9.754468e-04
4123,86.218321,28,9.880837e-04
4124,86.232028,16,9.292674e-04
4125,86.245663,32,9.812199e-04
4126,86.259228,15,9.452402e-04
4127,86.272725,24,9.589119e-04
4128,86.286158,27,9.274720e-04
4129,86.299529,18,9.884959e-04
4130,86.312841,33,9.607851e-04
4131,86.326098,17,8.686114e-04
4132,86.339301,29,9.724840e-04
4133,86.352454,28,9.933369e-04
4134,86.365561,23,9.569154e-04
4135,86.378625,29,9.975051e-04
4136,86.391649,27,9.928920e-04
4137,86.404636,26,9.833043e-04
4138,86.417590,29,9.868855e-04
4139,86.430515,25,9.672472e-04
4140,86.443412,29,9.944824e-04
4141,86.456287,27,9.963413e-04
4142,86.469142,27,9.570909e-04
4143,86.481980,28,9.905369e-04
4144,86.494805,26,9.757894e-04
4145,86.507620,28,9.715425e-04
4146,86.520427,26,9.951056e-04
4147,86.533231,27,9.674042e-04
4148,86.546033,27,9.700227e-04
4149,86.558837,25,9.713776e-04
4150,86.571645,27,9.619408e-04
4151,86.584460,24,9.969766e-04
4152,86.597284,26,9.803525e-04
4153,86.610120,26,9.662801e-04
4154,86.622971,21,9.944916e-04
4155,86.635837,27,9.576074e-04
4156,86.648721,15,9.805763e-04
4157,86.661625,29,9.982027e-04
4158,86.674551,14,9.406875e-04
4159,86.687500,25,9.905149e-04
4160,86.700473,14,9.582463e-04
4161,86.713473,28,9.722152e-04
4162,86.726499,13,9.646100e-04
4163,86.739554,16,9.538972e-04
4164,86.752638,21,9.958893e-04
4165,86.765752,12,9.642304e-04
4166,86.778897,27,9.594616e-04
4167,86.792073,12,8.873333e-04
4168,86.805281,14,9.896696e-04
4169,86.818521,16,9.337288e-04
4170,86.831793,12,9.558635e-04
4171,86.845098,21,9.811234e-04
4172,86.858436,11,8.001477e-04
4173,86.871807,13,9.281292e-04
4174,86.885210,17,9.672680e-04
4175,86.898646,11,9.453242e-04
4176,86.912115,23,9.771139e-04
4177,86.925615,11,8.556050e-04
4178,86.939147,12,9.831663e-04
4179,86.952709,15,9.462694e-04
4180,86.966303,18,9.939802e-04
4181,86.979926,11,8.535845e-04
4182,86.993579,19,9.661578e-04
4183,87.007261,11,9.113699e-04
4184,87.020970,20,9.720278e-04
4185,87.034707,11,8.303357e-04
4186,87.048470,19,9.728383e-04
4187,87.062259,11,9.738795e-04
4188,87.076072,21,9.715756e-04
4189,87.089908,11,8.645086e-04
4190,87.103768,18,9.856210e-04
4191,87.117649,19,9.209816e-04
4192,87.131551,11,9.722150e-04
4193,87.145472,19,9.792305e-04
4194,87.159412,12,9.825211e-04
4195,87.173370,23,9.532193e-04
4196,87.187345,11,9.291771e-04
4197,87.201335,14,8.826021e-04
4198,87.215341,18,9.539959e-04
4199,87.229359,21,9.214605e-04
4200,87.243391,11,9.829842e-04
4201,87.257435,15,8.989023e-04
4202,87.271490,18,9.300071e-04
4203,87.285555,12,9.233098e-04
4204,87.299629,23,9.526065e-04
4205,87.313712,11,8.487096e-04
4206,87.327803,13,9.583682e-04
4207,87.341902,15,9.868289e-04
4208,87.356007,20,9.254315e-04
4209,87.370119,11,8.244497e-04
4210,87.384236,13,9.879333e-04
4211,87.398358,17,9.502515e-04
4212,87.412485,11,9.394179e-04
4213,87.426617,22,9.664981e-04
4214,87.440753,11,7.841456e-04
4215,87.454893,13,8.551767e-04
4216,87.469037,14,9.226538e-04
4217,87.483185,14,9.666135e-04
4218,87.497336,16,9.994951e-04
4219,87.511491,11,9.844850e-04
4220,87.525650,26,9.933107e-04
4221,87.539812,12,8.654951e-04
4222,87.553979,12,9.786865e-04
4223,87.568149,14,9.111236e-04
4224,87.582324,12,9.854479e-04
4225,87.596504,15,9.514966e-04
4226,87.610688,17,9.778433e-04
4227,87.624877,11,8.920070e-04
4228,87.639072,29,9.333261e-04
4229,87.653273,12,9.756488e-04
4230,87.667480,14,9.858045e-04
4231,87.681693,14,9.558122e-04
4232,87.695913,13,8.982996e-04
4233,87.710141,14,9.564834e-04
4234,87.724376,16,9.624989e-04
4235,87.738619,11,9.966945e-04
4236,87.752871,28,9.754562e-04
4237,87.767132,13,9.402991e-04
4238,87.781403,15,9.750188e-04
4239,87.795683,13,9.552304e-04
4240,87.809973,14,9.682506e-04
4241,87.824274,14,9.625600e-04
4242,87.838585,14,9.773610e-04
4243,87.852908,16,9.645949e-04
4244,87.867243,12,9.612032e-04
4245,87.881589,28,9.628459e-04
4246,87.895948,12,9.878111e-04
4247,87.910319,13,9.644181e-04
4248,87.924703,15,8.914991e-04
4249,87.939100,13,9.286659e-04
4250,87.953510,15,9.436978e-04
4251,87.967934,14,9.933299e-04
4252,87.982372,15,9.792477e-04
4253,87.996823,15,9.971294e-04
4254,88.011289,15,9.728515e-04
4255,88.025768,15,9.889250e-04
4256,88.040262,15,9.737990e-04
4257,88.054770,14,9.937354e-04
4258,88.069293,15,9.666548e-04
4259,88.083830,14,9.685019e-04
4260,88.098382,15,9.284525e-04
4261,88.112948,14,9.387186e-04
4262,88.127528,14,9.687891e-04
4263,88.142123,14,9.761121e-04
4264,88.156733,14,9.481506e-04
4265,88.171356,14,9.329287e-04
4266,88.185995,14,9.177935e-04
4267,88.200647,13,9.920600e-04
4268,88.215313,14,9.567133e-04
4269,88.229994,13,9.698098e-04
4270,88.244688,14,9.313796e-04
4271,88.259396,13,9.477950e-04
4272,88.274118,13,9.965505e-04
4273,88.288854,14,9.176971e-04
4274,88.303602,12,9.923641e-04
4275,88.318364,14,9.405054e-04
4276,88.333139,12,9.992457e-04
4277,88.347926,14,9.625862e-04
4278,88.362726,13,9.533125e-04
4279,88.377539,13,9.985756e-04
4280,88.392363,14,9.779127e-04
4281,88.407200,13,9.603118e-04
4282,88.422049,14,9.708437e-04
4283,88.436909,13,9.926361e-04
4284,88.451781,14,9.873262e-04
4285,88.466664,14,9.624336e-04
4286,88.481558,13,9.774319e-04
4287,88.496462,14,9.962948e-04
4288,88.511378,14,9.764816e-04
4289,88.526303,14,9.535278e-04
4290,88.541239,14,9.792901e-04
4291,88.556185,15,9.551216e-04
4292,88.571141,13,9.678975e-04
4293,88.586107,16,9.730605e-04
4294,88.601082,12,9.387136e-04
4295,88.616066,19,9.915522e-04
4296,88.631059,11,8.219969e-04
4297,88.646061,14,9.812808e-04
4298,88.661072,17,9.688709e-04
4299,88.676091,11,9.396678e-04
4300,88.691119,24,9.919364e-04
4301,88.706154,11,9.399541e-04
4302,88.721198,13,8.712086e-04
4303,88.736250,14,9.751857e-04
4304,88.751309,16,9.657874e-04
4305,88.766376,13,9.777883e-04
4306,88.781450,24,9.611082e-04
4307,88.796532,12,8.078220e-04
4308,88.811620,13,9.108078e-04
4309,88.826716,14,9.964466e-04
4310,88.841818,17,9.785164e-04
4311,88.856927,12,9.292960e-04
4312,88.872043,26,9.939859e-04
4313,88.887165,12,9.551319e-04
4314,88.902293,13,9.613100e-04
4315,88.917427,14,9.123100e-04
4316,88.932568,14,9.840495e-04
4317,88.947714,18,9.577847e-04
4318,88.962866,11,9.303584e-04
4319,88.978023,25,9.783940e-04
4320,88.993187,12,7.999044e-04
4321,89.008355,14,8.971856e-04
4322,89.023529,15,9.507156e-04
4323,89.038708,16,9.963203e-04
4324,89.053893,21,9.745586e-04
4325,89.069082,11,9.152990e-04
4326,89.084276,15,9.489401e-04
4327,89.099475,20,9.899471e-04
4328,89.114679,11,9.811223e-04
4329,89.129887,25,9.841865e-04
4330,89.145100,11,9.928693e-04
4331,89.160317,14,9.170132e-04
4332,89.175538,16,9.106763e-04
4333,89.190764,18,9.858577e-04
4334,89.205993,12,9.430311e-04
4335,89.221227,24,9.940458e-04
4336,89.236465,12,7.854302e-04
4337,89.251706,13,9.820170e-04
4338,89.266951,16,9.441329e-04
4339,89.282200,20,9.497066e-04
4340,89.297452,11,9.340107e-04
4341,89.312708,14,9.650702e-04
4342,89.327967,17,9.561221e-04
4343,89.343230,12,8.985407e-04
4344,89.358495,18,9.930506e-04
4345,89.373764,11,9.365366e-04
4346,89.389036,16,9.625735e-04
4347,89.404311,14,9.867567e-04
4348,89.419588,15,9.765391e-04
4349,89.434869,15,9.813029e-04
4350,89.450152,14,9.975844e-04
4351,89.465438,16,9.898341e-04
4352,89.480726,14,9.902577e-04
4353,89.496017,22,9.875260e-04
4354,89.511310,11,9.921529e-04
4355,89.526606,14,9.470073e-04
4356,89.541904,18,9.671108e-04
4357,89.557204,12,9.967509e-04
4358,89.572506,32,9.667530e-04
4359,89.587811,15,9.522744e-04
4360,89.603117,13,9.425623e-04
4361,89.618425,15,9.440485e-04
4362,89.633735,15,9.618058e-04
4363,89.649048,17,9.541731e-04
4364,89.664361,22,9.615325e-04
4365,89.679677,12,9.114118e-04
4366,89.694994,32,9.868709e-04
4367,89.710313,13,9.147628e-04
4368,89.725633,15,9.472264e-04
4369,89.740955,17,8.993246e-04
4370,89.756278,13,9.412966e-04
4371,89.771602,20,9.689086e-04
4372,89.786928,13,9.854709e-04
4373,89.802255,33,9.533353e-04
4374,89.817583,17,9.897058e-04
4375,89.832913,18,9.774115e-04
4376,89.848243,13,9.042260e-04
4377,89.863574,16,9.903042e-04
4378,89.878906,19,9.337576e-04
4379,89.894239,13,9.692545e-04
4380,89.909573,32,9.368927e-04
4381,89.924907,17,9.833158e-04
4382,89.940242,19,9.578788e-04
4383,89.955577,12,8.452448e-04
4384,89.970913,15,9.684013e-04
4385,89.986249,18,9.240764e-04
4386,90.001585,12,9.467727e-04
4387,90.016922,31,9.252096e-04
4388,90.032259,16,9.611597e-04
4389,90.047595,18,9.545587e-04
4390,90.062932,12,8.607348e-04
4391,90.078268,16,9.949529e-04
4392,90.093604,19,9.613768e-04
4393,90.108939,12,8.868857e-04
4394,90.124274,29,9.675519e-04
4395,90.139608,13,8.818646e-04
4396,90.154942,15,9.383139e-04
4397,90.170274,16,9.081806e-04
4398,90.185605,17,9.827023e-04
4399,90.200936,23,9.618404e-04
4400,90.216265,12,8.648295e-04
4401,90.231592,29,9.575806e-04
4402,90.246918,12,9.140843e-04
4403,90.262243,16,9.556693e-04
4404,90.277565,18,9.764270e-04
4405,90.292886,12,9.627006e-04
4406,90.308204,25,9.530745e-04
4407,90.323520,12,8.764543e-04
4408,90.338833,15,9.196167e-04
4409,90.354144,20,9.957815e-04
4410,90.369452,12,9.790376e-04
4411,90.384757,26,9.825522e-04
4412,90.400059,12,9.226534e-04
4413,90.415357,14,9.376251e-04
4414,90.430652,16,9.376619e-04
4415,90.445943,18,9.496534e-04
4416,90.461230,14,9.733562e-04
4417,90.476512,22,9.944669e-04
4418,90.491790,12,8.531279e-04
4419,90.507064,15,9.717628e-04
4420,90.522333,18,9.621997e-04
4421,90.537596,13,9.863223e-04
4422,90.552854,26,9.856061e-04
4423,90.568107,13,8.218958e-04
4424,90.583353,15,8.659424e-04
4425,90.598594,17,9.173144e-04
4426,90.613828,20,9.809590e-04
4427,90.629055,13,9.731678e-04
4428,90.644276,29,9.374789e-04
4429,90.659489,13,9.610925e-04
4430,90.674694,15,9.241100e-04
4431,90.689892,17,8.964997e-04
4432,90.705081,20,9.930435e-04
4433,90.720262,14,9.998358e-04
4434,90.735435,30,9.387600e-04
4435,90.750598,14,9.258801e-04
4436,90.765751,15,9.819192e-04
4437,90.780895,16,9.864136e-04
4438,90.796028,20,9.836711e-04
4439,90.811151,25,9.974709e-04
4440,90.826263,13,8.765878e-04
4441,90.841363,16,9.837513e-04
4442,90.856451,22,9.747241e-04
4443,90.871527,14,9.782139e-04
4444,90.886591,29,9.830638e-04
4445,90.901641,14,8.724763e-04
4446,90.916678,16,8.813097e-04
4447,90.931700,18,9.217566e-04
4448,90.946708,23,9.852819e-04
4449,90.961701,14,9.124290e-04
4450,90.976678,30,9.474697e-04
4451,90.991638,14,8.764903e-04
4452,91.006582,16,9.879013e-04
4453,91.021509,21,9.297415e-04
4454,91.036418,26,9.150494e-04
4455,91.051308,14,9.048698e-04
4456,91.066179,18,9.632371e-04
4457,91.081030,25,9.900676e-04
4458,91.095861,14,9.334092e-04
4459,91.110670,28,9.526817e-04
4460,91.125458,14,8.457484e-04
4461,91.140224,19,9.765980e-04
4462,91.154966,22,9.978804e-04
4463,91.169684,15,9.685941e-04
4464,91.184377,27,9.871196e-04
4465,91.199045,14,8.473439e-04
4466,91.213687,18,9.945314e-04
4467,91.228302,22,9.785467e-04
4468,91.242890,15,9.731714e-04
4469,91.257449,26,9.515401e-04
4470,91.271978,14,8.359317e-04
4471,91.286478,19,9.862782e-04
4472,91.300946,22,9.300678e-04
4473,91.315384,15,9.507007e-04
4474,91.329788,24,9.681642e-04
4475,91.344160,14,9.252504e-04
4476,91.358498,23,9.801442e-04
4477,91.372801,15,9.496872e-04
4478,91.387068,24,9.664085e-04
4479,91.401300,14,9.111943e-04
4480,91.415495,23,9.530203e-04
4481,91.429652,15,9.755098e-04
4482,91.443772,24,9.655976e-04
4483,91.457852,14,9.045051e-04
4484,91.471894,22,9.820973e-04
4485,91.485896,18,9.912506e-04
4486,91.499859,21,9.900892e-04
4487,91.513780,17,9.879445e-04
4488,91.527662,24,9.532430e-04
4489,91.541502,14,8.939500e-04
4490,91.555301,20,9.876891e-04
4491,91.569058,23,9.670312e-04
4492,91.582775,14,8.894825e-04
4493,91.596450,19,9.857897e-04
4494,91.610084,24,9.598049e-04
4495,91.623677,13,9.573751e-04
4496,91.637230,17,9.899897e-04
4497,91.650742,26,9.836697e-04
4498,91.664215,13,9.913207e-04
4499,91.677649,16,9.901844e-04
4500,91.691044,27,9.788264e-04
4501,91.704401,14,8.335549e-04
4502,91.717721,17,9.711217e-04
4503,91.731005,26,9.923945e-04
4504,91.744255,14,8.583224e-04
4505,91.757470,27,9.655244e-04
4506,91.770653,13,9.613004e-04
4507,91.783804,25,9.703627e-04
4508,91.796926,14,9.753518e-04
4509,91.810018,30,9.478523e-04
4510,91.823083,14,8.997836e-04
4511,91.836123,20,9.772242e-04
4512,91.849139,24,9.620764e-04
4513,91.862132,27,9.898742e-04
4514,91.875104,19,9.495288e-04
4515,91.888057,23,9.824690e-04
4516,91.900993,26,9.152836e-04
4517,91.913913,15,9.776794e-04
4518,91.926820,31,9.790059e-04
4519,91.939714,15,9.152060e-04
4520,91.952598,29,9.606706e-04
4521,91.965473,15,9.207646e-04
4522,91.978342,30,9.975325e-04
4523,91.991206,15,9.100103e-04
4524,92.004067,29,9.849026e-04
4525,92.016926,15,9.205752e-04
4526,92.029785,30,9.739542e-04
4527,92.042647,15,8.965317e-04
4528,92.055512,29,9.751770e-04
4529,92.068383,15,8.962779e-04
4530,92.081260,29,9.809428e-04
4531,92.094146,14,9.876029e-04
4532,92.107042,29,9.890245e-04
4533,92.119950,14,9.358791e-04
4534,92.132870,28,9.552095e-04
4535,92.145805,14,9.100764e-04
4536,92.158756,28,9.936690e-04
4537,92.171723,14,8.468004e-04
4538,92.184709,26,9.922217e-04
4539,92.197714,13,9.688817e-04
4540,92.210739,28,9.593627e-04
4541,92.223786,13,9.240582e-04
4542,92.236856,19,9.822437e-04
4543,92.249949,22,9.854694e-04
4544,92.263067,13,9.349105e-04
4545,92.276210,27,9.943117e-04
4546,92.289379,12,9.510465e-04
4547,92.302574,17,9.380426e-04
4548,92.315798,20,9.308268e-04
4549,92.329049,12,9.630030e-04
4550,92.342329,26,9.897026e-04
4551,92.355638,12,8.296909e-04
4552,92.368977,14,9.448574e-04
4553,92.382346,17,9.096481e-04
4554,92.395746,13,9.843081e-04
4555,92.409176,24,9.757189e-04
4556,92.422638,12,8.192878e-04
4557,92.436131,13,9.186243e-04
4558,92.449656,14,9.800385e-04
4559,92.463212,16,9.800546e-04
4560,92.476800,12,9.861998e-04
4561,92.490420,22,9.619174e-04
4562,92.504073,11,8.498638e-04
4563,92.517757,13,8.509099e-04
4564,92.531474,14,8.956521e-04
4565,92.545222,13,9.831770e-04
4566,92.559003,15,9.442057e-04
4567,92.572816,12,9.873856e-04
4568,92.586660,15,9.829034e-04
4569,92.600536,12,9.968953e-04
4570,92.614444,15,9.843156e-04
4571,92.628383,12,9.854014e-04
4572,92.642353,15,9.752612e-04
4573,92.656355,12,9.846874e-04
4574,92.670386,15,9.792820e-04
4575,92.684449,12,9.817219e-04
4576,92.698541,15,9.804010e-04
4577,92.712663,12,9.759065e-04
4578,92.726815,15,9.784450e-04
4579,92.740996,12,9.743550e-04
4580,92.755206,15,9.880016e-04
4581,92.769444,12,9.843441e-04
4582,92.783710,16,9.656213e-04
4583,92.798004,11,9.465017e-04
4584,92.812326,16,9.897211e-04
4585,92.826674,11,9.719277e-04
4586,92.841049,18,9.711146e-04
4587,92.855450,11,8.113095e-04
4588,92.869877,15,9.511216e-04
4589,92.884329,16,9.709403e-04
4590,92.898806,12,9.089908e-04
4591,92.913307,16,9.937763e-04
4592,92.927832,12,9.927833e-04
4593,92.942381,19,9.858324e-04
4594,92.956953,11,7.996858e-04
4595,92.971547,14,9.321499e-04
4596,92.986164,16,9.619982e-04
4597,93.000802,12,9.259608e-04
4598,93.015462,18,9.887148e-04
4599,93.030142,11,8.609682e-04
4600,93.044842,16,9.757162e-04
4601,93.059563,17,9.457709e-04
4602,93.074302,11,9.667275e-04
4603,93.089061,16,9.407173e-04
4604,93.103838,17,9.628455e-04
4605,93.118633,11,9.923751e-04
4606,93.133445,16,9.906254e-04
4607,93.148274,18,9.426198e-04
4608,93.163120,11,9.249877e-04
4609,93.177982,15,9.459317e-04
4610,93.192859,17,9.694633e-04
4611,93.207751,12,8.952822e-04
4612,93.222658,18,9.862481e-04
4613,93.237579,11,9.720817e-04
4614,93.252513,19,9.651543e-04
4615,93.267461,11,8.852184e-04
4616,93.282421,15,9.999706e-04
4617,93.297394,17,9.842367e-04
4618,93.312378,11,9.990516e-04
4619,93.327374,17,9.675681e-04
4620,93.342381,12,9.704907e-04
4621,93.357397,19,9.815299e-04
4622,93.372424,11,8.827914e-04
4623,93.387461,14,9.946653e-04
4624,93.402506,17,9.445539e-04
4625,93.417560,12,8.843097e-04
4626,93.432623,17,9.846429e-04
4627,93.447693,12,9.673961e-04
4628,93.462770,19,9.656800e-04
4629,93.477854,11,9.179103e-04
4630,93.492945,15,9.619236e-04
4631,93.508042,17,9.553037e-04
4632,93.523145,12,9.411045e-04
4633,93.538253,18,9.822104e-04
4634,93.553366,12,9.173632e-04
4635,93.568483,20,9.979506e-04
4636,93.583604,11,9.597799e-04
4637,93.598730,15,9.849253e-04
4638,93.613858,18,9.657769e-04
4639,93.628990,12,9.091754e-04
4640,93.644124,19,9.914010e-04
4641,93.659260,12,8.937241e-04
4642,93.674399,20,9.891760e-04
4643,93.689538,11,9.930526e-04
4644,93.704679,17,9.840701e-04
4645,93.719821,20,9.973009e-04
4646,93.734963,12,8.374521e-04
4647,93.750106,15,9.595568e-04
4648,93.765248,25,9.935955e-04
4649,93.780390,12,9.782056e-04
4650,93.795531,14,8.955034e-04
4651,93.810671,17,9.932198e-04
4652,93.825809,24,9.677342e-04
4653,93.840946,12,9.956928e-04
4654,93.856080,15,8.827532e-04
4655,93.871212,30,9.840122e-04
4656,93.886341,13,9.535846e-04
4657,93.901467,14,8.887319e-04
4658,93.916590,18,9.350408e-04
4659,93.931709,23,9.152717e-04
4660,93.946824,13,8.985108e-04
4661,93.961934,32,9.185043e-04
4662,93.977040,13,9.504163e-04
4663,93.992142,17,9.479973e-04
4664,94.007238,18,9.483826e-04
4665,94.022328,17,9.898296e-04
4666,94.037413,30,9.496985e-04
4667,94.052491,14,9.979479e-04
4668,94.067563,16,9.951039e-04
4669,94.082628,32,9.987747e-04
4670,94.097686,15,8.481423e-04
4671,94.112737,18,9.840135e-04
4672,94.127780,23,9.655668e-04
4673,94.142815,13,9.735182e-04
4674,94.157841,33,9.379498e-04
4675,94.172859,14,9.055374e-04
4676,94.187868,16,9.701670e-04
4677,94.202867,19,9.376608e-04
4678,94.217857,26,9.520544e-04
4679,94.232836,14,9.368687e-04
4680,94.247806,32,9.996323e-04
4681,94.262764,15,8.823551e-04
4682,94.277711,20,9.969737e-04
4683,94.292647,20,9.858834e-04
4684,94.307571,29,9.546397e-04
4685,94.322483,14,9.211902e-04
4686,94.337382,19,9.704499e-04
4687,94.352268,33,9.277768e-04
4688,94.367140,15,9.324008e-04
4689,94.381999,16,9.892071e-04
4690,94.396843,20,9.819799e-04
4691,94.411673,27,9.609318e-04
4692,94.426487,15,9.187810e-04
4693,94.441286,34,9.380033e-04
4694,94.456068,15,9.370548e-04
4695,94.470834,21,9.437490e-04
4696,94.485583,21,9.756509e-04
4697,94.500315,29,9.875917e-04
4698,94.515029,15,8.325518e-04
4699,94.529723,34,9.421560e-04
4700,94.544399,15,8.703342e-04
4701,94.559056,20,9.344996e-04
4702,94.573692,24,9.875822e-04
4703,94.588307,15,9.955326e-04
4704,94.602901,35,9.587579e-04
4705,94.617473,15,9.396438e-04
4706,94.632022,17,9.751350e-04
4707,94.646548,20,9.928398e-04
4708,94.661051,25,9.136087e-04
4709,94.675529,15,9.860426e-04
4710,94.689981,35,9.699623e-04
4711,94.704408,15,9.484134e-04
4712,94.718808,19,9.113717e-04
4713,94.733181,22,9.116382e-04
4714,94.747526,24,9.856466e-04
4715,94.761842,19,9.929054e-04
4716,94.776129,30,9.917013e-04
4717,94.790385,15,9.035313e-04
4718,94.804611,21,9.710126e-04
4719,94.818804,24,9.408811e-04
4720,94.832965,16,9.507095e-04
4721,94.847092,25,9.673531e-04
4722,94.861185,15,9.975488e-04
4723,94.875243,25,9.478371e-04
4724,94.889265,15,9.425964e-04
4725,94.903250,23,9.991959e-04
4726,94.917198,20,9.886544e-04
4727,94.931107,20,9.918683e-04
4728,94.944978,21,9.763266e-04
4729,94.958808,19,9.853597e-04
4730,94.972598,21,9.404054e-04
4731,94.986347,19,9.842203e-04
4732,95.000053,20,9.809816e-04
4733,95.013717,20,9.481499e-04
4734,95.027337,19,9.790439e-04
4735,95.040913,20,9.528394e-04
4736,95.054445,19,9.744514e-04
4737,95.067932,20,9.317046e-04
4738,95.081373,19,9.675722e-04
4739,95.094768,20,9.303809e-04
4740,95.108117,19,9.690693e-04
4741,95.121419,20,9.454552e-04
4742,95.134674,19,9.860222e-04
4743,95.147883,20,9.774332e-04
4744,95.161044,20,9.816794e-04
4745,95.174158,20,9.701478e-04
4746,95.187225,21,9.720395e-04
4747,95.200245,19,9.903308e-04
4748,95.213219,24,9.827644e-04
4749,95.226146,14,9.727685e-04
4750,95.239027,28,9.601585e-04
4751,95.251864,14,8.565994e-04
4752,95.264655,20,9.830631e-04
4753,95.277403,25,9.930994e-04
4754,95.290107,14,9.068940e-04
4755,95.302769,29,9.974250e-04
4756,95.315390,14,8.441763e-04
4757,95.327971,25,9.851584e-04
4758,95.340513,26,9.227511e-04
4759,95.353017,14,9.642934e-04
4760,95.365485,28,9.773396e-04
4761,95.377917,15,9.833738e-04
4762,95.390317,31,9.797839e-04
4763,95.402684,15,8.835091e-04
4764,95.415021,23,9.960251e-04
4765,95.427329,26,9.960747e-04
4766,95.439610,18,9.793894e-04
4767,95.451865,32,9.662144e-04
4768,95.464097,16,8.535523e-04
4769,95.476308,28,9.703200e-04
4770,95.488498,28,9.454737e-04
4771,95.500670,19,9.787870e-04
4772,95.512825,28,9.948640e-04
4773,95.524966,29,9.472566e-04
4774,95.537095,19,9.933021e-04
4775,95.549212,28,9.739403e-04
4776,95.561320,29,9.465436e-04
4777,95.573421,19,9.867098e-04
4778,95.585516,28,9.900586e-04
4779,95.597608,29,9.385556e-04
4780,95.609697,19,9.625974e-04
4781,95.621786,28,9.425391e-04
4782,95.633877,28,9.820772e-04
4783,95.645970,20,9.418539e-04
4784,95.658068,28,9.362487e-04
4785,95.670171,17,9.927767e-04
4786,95.682282,32,9.942126e-04
4787,95.694403,15,9.228757e-04
4788,95.706533,21,9.657354e-04
4789,95.718675,25,9.876199e-04
4790,95.730830,15,9.969399e-04
4791,95.742999,33,9.371388e-04
4792,95.755184,14,9.428326e-04
4793,95.767385,19,9.524453e-04
4794,95.779604,22,9.306810e-04
4795,95.791841,27,9.269708e-04
4796,95.804097,14,8.951865e-04
4797,95.816375,20,9.557525e-04
4798,95.828673,23,9.829927e-04
4799,95.840994,12,9.942649e-04
4800,95.853337,28,9.834304e-04
4801,95.865704,13,8.683593e-04
4802,95.878096,19,9.735562e-04
4803,95.890512,21,8.906787e-04
4804,95.902953,12,9.807909e-04
4805,95.915420,25,9.811829e-04
4806,95.927914,12,8.444837e-04
4807,95.940434,16,9.681858e-04
4808,95.952982,19,9.714027e-04
4809,95.965557,12,9.051293e-04
4810,95.978160,24,9.818292e-04
4811,95.990790,11,9.466374e-04
4812,96.003450,14,9.253688e-04
4813,96.016137,16,9.890196e-04
4814,96.028853,19,9.437920e-04
4815,96.041598,11,9.609723e-04
4816,96.054372,16,9.972896e-04
4817,96.067175,19,9.370397e-04
4818,96.080007,11,8.936255e-04
4819,96.092868,15,9.393659e-04
4820,96.105758,18,9.392734e-04
4821,96.118677,11,9.739901e-04
4822,96.131625,22,9.839137e-04
4823,96.144602,11,8.830779e-04
4824,96.157608,15,9.130022e-04
4825,96.170642,18,9.883208e-04
4826,96.183705,12,9.481579e-04
4827,96.196795,26,9.768570e-04
4828,96.209914,12,9.303903e-04
4829,96.223061,13,9.960369e-04
4830,96.236236,15,9.979347e-04
4831,96.249438,19,9.980560e-04
4832,96.262668,12,9.426866e-04
4833,96.275924,27,9.858734e-04
4834,96.289207,12,9.966110e-04
4835,96.302516,14,9.735743e-04
4836,96.315852,15,9.605984e-04
4837,96.329213,18,9.782520e-04
4838,96.342600,24,9.280430e-04
4839,96.356012,12,8.366397e-04
4840,96.369449,14,9.179213e-04
4841,96.382910,15,9.591733e-04
4842,96.396395,23,9.607318e-04
4843,96.409905,12,8.606476e-04
4844,96.423437,14,8.891853e-04
4845,96.436993,27,9.452279e-04
4846,96.450571,12,9.417626e-04
4847,96.464172,13,8.646968e-04
4848,96.477794,14,9.775310e-04
4849,96.491438,17,9.748421e-04
4850,96.505103,13,9.870826e-04
4851,96.518789,26,9.573908e-04
4852,96.532494,12,9.415823e-04
4853,96.546220,13,9.751768e-04
4854,96.559965,14,9.563075e-04
4855,96.573730,16,9.734335e-04
4856,96.587512,22,9.702387e-04
4857,96.601313,11,9.623910e-04
4858,96.615132,14,9.289607e-04
4859,96.628967,25,9.776338e-04
4860,96.642820,12,8.479643e-04
4861,96.656689,13,9.326977e-04
4862,96.670574,17,9.459250e-04
4863,96.684474,12,9.957289e-04
4864,96.698390,23,9.966206e-04
4865,96.712320,11,9.920971e-04
4866,96.726265,13,9.731943e-04
4867,96.740223,17,9.839107e-04
4868,96.754194,22,8.943663e-04
4869,96.768179,11,9.888246e-04
4870,96.782176,13,9.874514e-04
4871,96.796185,16,9.570238e-04
4872,96.810205,20,9.363507e-04
4873,96.824237,11,9.376008e-04
4874,96.838280,14,9.629280e-04
4875,96.852333,23,9.724435e-04
4876,96.866396,12,8.246134e-04
4877,96.880469,13,9.324284e-04
4878,96.894551,16,9.802246e-04
4879,96.908641,20,9.546700e-04
4880,96.922740,11,9.439180e-04
4881,96.936848,14,8.850827e-04
4882,96.950963,16,9.798598e-04
4883,96.965085,21,9.322833e-04
4884,96.979214,11,9.287949e-04
4885,96.993350,13,9.569182e-04
4886,97.007492,14,9.678156e-04
4887,97.021640,15,9.919777e-04
4888,97.035793,15,9.953503e-04
4889,97.049952,15,9.895075e-04
4890,97.064116,15,9.944704e-04
4891,97.078285,15,9.895971e-04
4892,97.092457,15,9.811887e-04
4893,97.106634,15,9.736957e-04
4894,97.120815,15,9.700812e-04
4895,97.134999,15,9.725557e-04
4896,97.149186,15,9.797386e-04
4897,97.163376,15,9.918132e-04
4898,97.177569,16,9.976177e-04
4899,97.191765,14,9.690001e-04
4900,97.205962,25,9.977972e-04
4901,97.220162,12,8.953284e-04
4902,97.234363,13,8.802129e-04
4903,97.248566,14,9.014606e-04
4904,97.262770,15,9.451303e-04
4905,97.276975,17,9.830695e-04
4906,97.291181,13,9.479573e-04
4907,97.305388,26,9.782279e-04
4908,97.319595,12,9.988329e-04
4909,97.333802,14,8.785561e-04
4910,97.348010,15,9.052982e-04
4911,97.362218,16,9.763928e-04
4912,97.376425,23,9.872876e-04
4913,97.390632,12,8.969716e-04
4914,97.404839,14,9.000400e-04
4915,97.419045,17,9.723228e-04
4916,97.433250,23,9.729005e-04
4917,97.447454,12,8.967354e-04
4918,97.461657,14,8.395340e-04
4919,97.475859,15,9.096479e-04
4920,97.490060,16,9.803737e-04
4921,97.504260,15,9.716423e-04
4922,97.518458,25,9.675295e-04
4923,97.532654,12,9.691363e-04
4924,97.546849,13,9.681896e-04
4925,97.561043,14,8.953143e-04
4926,97.575234,14,9.453913e-04
4927,97.589423,15,9.489361e-04
4928,97.603611,14,9.810988e-04
4929,97.617797,15,9.881979e-04
4930,97.631980,15,9.926970e-04
4931,97.646161,14,9.697092e-04
4932,97.660341,15,9.757855e-04
4933,97.674518,14,9.905721e-04
4934,97.688692,15,9.692669e-04
4935,97.702865,14,9.814076e-04
4936,97.717035,15,9.565240e-04
4937,97.731203,14,9.793083e-04
4938,97.745369,15,9.622828e-04
4939,97.759532,14,9.968850e-04
4940,97.773692,15,9.884270e-04
4941,97.787851,15,9.960713e-04
4942,97.802007,15,9.623325e-04
4943,97.816160,15,9.726794e-04
4944,97.830311,15,9.781679e-04
4945,97.844460,15,9.842390e-04
4946,97.858606,15,9.891842e-04
4947,97.872750,15,9.920405e-04
4948,97.886892,15,9.923017e-04
4949,97.901031,15,9.897497e-04
4950,97.915168,15,9.831496e-04
4951,97.929303,15,9.722062e-04
4952,97.943436,15,9.576359e-04
4953,97.957566,14,9.912202e-04
4954,97.971694,15,9.730898e-04
4955,97.985820,14,9.845935e-04
4956,97.999943,15,9.464960e-04
4957,98.014065,14,9.611390e-04
4958,98.028184,14,9.838635e-04
4959,98.042302,15,9.616117e-04
4960,98.056418,13,9.956519e-04
4961,98.070531,16,9.897543e-04
4962,98.084643,12,9.745398e-04
4963,98.098753,28,9.790435e-04
4964,98.112862,13,9.350427e-04
4965,98.126968,13,8.895286e-04
4966,98.141073,13,9.927464e-04
4967,98.155177,14,9.424808e-04
4968,98.169279,14,9.870790e-04
4969,98.183379,20,9.843664e-04
4970,98.197478,11,8.680675e-04
4971,98.211576,14,9.663181e-04
4972,98.225672,30,9.739225e-04
4973,98.239767,14,9.819412e-04
4974,98.253861,20,9.676162e-04
4975,98.267954,11,8.419842e-04
4976,98.282046,17,9.965317e-04
4977,98.296137,18,9.328675e-04
4978,98.310227,11,8.839406e-04
4979,98.324316,14,9.521670e-04
4980,98.338404,30,9.477237e-04
4981,98.352492,14,9.375729e-04
4982,98.366579,13,9.494925e-04
4983,98.380665,14,9.568302e-04
4984,98.394751,14,9.284360e-04
4985,98.408837,14,9.410222e-04
4986,98.422922,15,9.973045e-04
4987,98.437006,22,9.591930e-04
4988,98.451091,11,9.816404e-04
4989,98.465175,14,8.769813e-04
4990,98.479260,16,9.730444e-04
4991,98.493344,24,9.860571e-04
4992,98.507428,12,8.658502e-04
4993,98.521513,13,8.998950e-04
4994,98.535598,14,9.032203e-04
4995,98.549683,15,9.290867e-04
4996,98.563768,14,9.693134e-04
4997,98.577854,16,9.852975e-04
4998,98.591940,12,9.979739e-04
4999,98.606026,24,9.837976e-04
5000,98.620114,12,7.866558e-04
5001,98.634202,13,8.584661e-04
5002,98.648290,14,8.781787e-04
5003,98.662380,13,9.431663e-04
5004,98.676470,14,9.077652e-04
5005,98.690562,13,9.911908e-04
5006,98.704654,15,9.685023e-04
5007,98.718747,13,9.938086e-04
5008,98.732841,28,9.453141e-04
5009,98.746937,13,9.692295e-04
5010,98.761033,15,9.754811e-04
5011,98.775131,14,9.570492e-04
5012,98.789230,14,9.264514e-04
5013,98.803331,13,9.981621e-04
5014,98.817433,14,9.457417e-04
5015,98.831536,13,9.975777e-04
5016,98.845640,14,9.871653e-04
5017,98.859746,16,9.957212e-04
5018,98.873854,12,9.973522e-04
5019,98.887963,28,9.351106e-04
5020,98.902074,13,8.591346e-04
5021,98.916186,13,9.399554e-04
5022,98.930300,15,9.297503e-04
5023,98.944416,14,9.338532e-04
5024,98.958534,14,9.306969e-04
5025,98.972653,14,9.431356e-04
5026,98.986774,14,9.703568e-04
5027,99.000896,16,9.841532e-04
5028,99.015021,14,9.840455e-04
5029,99.029147,27,9.467615e-04
5030,99.043276,13,8.199263e-04
5031,99.057406,14,9.048624e-04
5032,99.071538,15,9.657388e-04
5033,99.085672,13,9.991110e-04
5034,99.099807,14,9.829226e-04
5035,99.113945,13,9.948330e-04
5036,99.128085,13,9.952321e-04
5037,99.142227,13,9.785104e-04
5038,99.156370,13,9.558593e-04
5039,99.170516,13,9.623313e-04
5040,99.184664,13,9.820689e-04
5041,99.198813,14,9.202937e-04
5042,99.212965,13,9.591564e-04
5043,99.227118,14,9.349932e-04
5044,99.241274,13,9.871875e-04
5045,99.255431,14,9.635871e-04
5046,99.269590,14,9.752011e-04
5047,99.283752,14,9.702675e-04
5048,99.297915,14,9.974844e-04
5049,99.312080,15,9.923658e-04
5050,99.326247,13,9.672618e-04
5051,99.340416,14,9.803930e-04
5052,99.354587,14,9.816098e-04
5053,99.368760,13,9.844106e-04
5054,99.382934,14,9.492923e-04
5055,99.397110,13,9.757475e-04
5056,99.411289,14,9.194863e-04
5057,99.425469,13,9.580048e-04
5058,99.439650,13,9.972806e-04
5059,99.453834,14,9.215732e-04
5060,99.468019,13,9.413952e-04
5061,99.482206,13,9.952716e-04
5062,99.496394,14,9.196926e-04
5063,99.510584,13,9.414102e-04
5064,99.524776,13,9.934883e-04
5065,99.538969,14,9.132744e-04
5066,99.553164,13,9.359728e-04
5067,99.567360,13,9.880212e-04
5068,99.581557,14,9.036357e-04
5069,99.595756,13,9.314584e-04
5070,99.609957,13,9.929608e-04
5071,99.624159,14,9.317204e-04
5072,99.638362,13,9.790629e-04
5073,99.652566,14,9.800656e-04
5074,99.666772,15,9.888653e-04
5075,99.680978,14,9.685558e-04
5076,99.695186,27,9.437181e-04
5077,99.709395,13,8.602026e-04
5078,99.723605,13,9.051285e-04
5079,99.737816,13,9.494369e-04
5080,99.752028,14,9.062069e-04
5081,99.766241,15,9.662759e-04
5082,99.780455,21,9.217430e-04
5083,99.794670,11,9.432100e-04
5084,99.808886,14,9.316256e-04
5085,99.823102,30,9.485411e-04
5086,99.837319,13,9.563877e-04
5087,99.851536,13,9.591198e-04
5088,99.865755,15,9.633816e-04
5089,99.879973,14,9.678561e-04
5090,99.894193,15,9.680845e-04
5091,99.908412,17,9.829887e-04
5092,99.922633,12,9.515865e-04
5093,99.936853,27,9.753909e-04
5094,99.951074,13,9.695052e-04
5095,99.965295,15,9.509029e-04
5096,99.979516,13,9.560265e-04
5097,99.993737,15,9.522074e-04
5098,100.007958,19,9.906521e-04
5099,100.022179,11,9.813912e-04
5100,100.036401,25,9.569030e-04
5101,100.050622,12,8.062107e-04
5102,100.064843,14,8.549766e-04
5103,100.079063,15,8.956702e-04
5104,100.093284,15,9.993379e-04
5105,100.107504,24,9.392293e-04
5106,100.121723,12,9.282486e-04
5107,100.135942,13,9.976294e-04
5108,100.150161,15,9.644276e-04
5109,100.164379,23,9.901951e-04
5110,100.178596,12,9.320727e-04
5111,100.192812,14,8.994532e-04
5112,100.207028,25,9.816911e-04
5113,100.221243,12,9.570983e-04
5114,100.235457,14,8.986067e-04
5115,100.249670,21,9.932966e-04
5116,100.263882,12,9.424846e-04
5117,100.278093,26,9.632737e-04
5118,100.292303,12,9.394136e-04
5119,100.306511,14,8.884779e-04
5120,100.320718,15,9.902518e-04
5121,100.334924,24,9.648166e-04
5122,100.349128,12,9.906508e-04
5123,100.363331,14,9.183815e-04
5124,100.377533,27,9.960521e-04
5125,100.391733,13,7.962963e-04
5126,100.405931,13,9.251923e-04
5127,100.420127,16,9.513509e-04
5128,100.434322,22,9.720596e-04
5129,100.448514,12,8.833679e-04
5130,100.462705,14,9.107533e-04
5131,100.476894,28,9.705513e-04
5132,100.491081,13,8.594843e-04
5133,100.505265,13,8.846648e-04
5134,100.519448,15,9.324055e-04
5135,100.533628,19,9.846897e-04
5136,100.547806,12,9.176648e-04
5137,100.561981,28,9.732031e-04
5138,100.576154,14,9.317515e-04
5139,100.590325,15,9.856961e-04
5140,100.604492,14,9.290022e-04
5141,100.618657,18,9.637313e-04
5142,100.632820,24,9.050343e-04
5143,100.646979,12,9.186523e-04
5144,100.661136,14,9.180098e-04
5145,100.675289,33,9.460966e-04
5146,100.689440,13,8.798526e-04
5147,100.703587,13,9.799380e-04
5148,100.717732,19,9.329226e-04
5149,100.731873,11,8.013721e-04
5150,100.746010,14,9.085451e-04
5151,100.760144,26,9.985228e-04
5152,100.774275,13,9.999027e-04
5153,100.788402,14,9.511887e-04
5154,100.802526,31,9.938933e-04
5155,100.816645,13,9.760493e-04
5156,100.830761,18,9.898217e-04
5157,100.844873,11,8.933279e-04
5158,100.858981,16,9.763119e-04
5159,100.873086,11,9.841819e-04
5160,100.887186,16,9.764237e-04
5161,100.901282,11,9.591241e-04
5162,100.915373,26,9.414283e-04
5163,100.929461,13,9.127653e-04
5164,100.943544,14,9.345494e-04
5165,100.957622,13,9.657748e-04
5166,100.971696,14,9.449899e-04
5167,100.985766,14,9.724411e-04
5168,100.999830,15,9.927749e-04
5169,101.013891,14,9.839656e-04
5170,101.027946,14,9.857404e-04
5171,101.041996,14,9.773446e-04
5172,101.056042,13,9.871997e-04
5173,101.070082,14,9.333314e-04
5174,101.084118,13,9.463421e-04
5175,101.098148,13,9.838457e-04
5176,101.112174,14,9.136456e-04
5177,101.126193,13,9.267196e-04
5178,101.140208,13,9.982685e-04
5179,101.154217,14,9.595723e-04
5180,101.168221,13,9.736760e-04
5181,101.182220,14,9.643445e-04
5182,101.196212,14,9.609214e-04
5183,101.210200,13,9.878502e-04
5184,101.224181,14,9.917272e-04
5185,101.238157,14,9.885701e-04
5186,101.252127,14,9.582669e-04
5187,101.266091,14,9.778104e-04
5188,101.280050,14,9.999120e-04
5189,101.294002,23,9.601714e-04
5190,101.307948,11,9.128184e-04
5191,101.321889,12,9.404864e-04
5192,101.335823,13,9.299200e-04
5193,101.349751,14,9.733680e-04
5194,101.363673,21,9.494411e-04
5195,101.377589,11,8.694036e-04
5196,101.391499,13,8.976029e-04
5197,101.405402,27,9.455855e-04
5198,101.419299,12,8.832351e-04
5199,101.433189,12,9.163191e-04
5200,101.447073,14,9.132671e-04
5201,101.460951,16,9.796962e-04
5202,101.474822,21,9.952694e-04
5203,101.488686,11,8.449360e-04
5204,101.502544,13,9.835456e-04
5205,101.516395,29,9.664563e-04
5206,101.530240,12,9.767823e-04
5207,101.544078,12,9.466152e-04
5208,101.557909,14,9.811347e-04
5209,101.571734,17,9.396810e-04
5210,101.585552,11,9.457511e-04
5211,101.599363,24,9.761723e-04
5212,101.613168,11,9.991641e-04
5213,101.626966,14,9.300839e-04
5214,101.640757,29,9.999082e-04
5215,101.654541,13,9.604699e-04
5216,101.668319,21,9.716937e-04
5217,101.682089,11,8.575226e-04
5218,101.695853,14,9.357844e-04
5219,101.709611,15,9.390529e-04
5220,101.723362,12,9.977033e-04
5221,101.737106,24,9.855183e-04
5222,101.750843,12,8.747158e-04
5223,101.764574,13,9.292171e-04
5224,101.778298,14,9.974942e-04
5225,101.792015,32,9.411622e-04
5226,101.805726,13,9.133854e-04
5227,101.819431,12,9.728204e-04
5228,101.833129,14,9.860386e-04
5229,101.846821,18,9.769289e-04
5230,101.860506,11,8.186906e-04
5231,101.874186,13,9.043668e-04
5232,101.887859,14,9.800678e-04
5233,101.901525,15,9.994064e-04
5234,101.915186,13,9.785541e-04
5235,101.928841,27,9.694661e-04
5236,101.942489,13,9.149963e-04
5237,101.956132,14,9.504793e-04
5238,101.969770,14,9.655578e-04
5239,101.983401,14,9.418310e-04
5240,101.997027,14,9.336374e-04
5241,102.010647,14,9.726695e-04
5242,102.024262,19,9.882142e-04
5243,102.037872,11,8.303363e-04
5244,102.051477,13,9.397581e-04
5245,102.065076,15,9.964308e-04
5246,102.078671,22,9.482047e-04
5247,102.092261,11,9.290997e-04
5248,102.105846,13,8.241543e-04
5249,102.119426,13,9.949297e-04
5250,102.133002,15,9.552906e-04
5251,102.146574,13,9.809476e-04
5252,102.160142,16,9.928320e-04
5253,102.173705,12,9.824769e-04
5254,102.187265,20,9.962348e-04
5255,102.200821,11,8.535972e-04
5256,102.214373,13,9.224244e-04
5257,102.227922,15,9.332613e-04
5258,102.241468,14,9.895924e-04
5259,102.255011,18,9.985143e-04
5260,102.268551,11,9.517407e-04
5261,102.282088,15,9.440223e-04
5262,102.295622,18,9.640147e-04
5263,102.309154,11,9.547961e-04
5264,102.322684,15,9.509273e-04
5265,102.336212,20,9.810485e-04
5266,102.349738,11,9.449013e-04
5267,102.363262,14,8.967434e-04
5268,102.376785,24,9.706675e-04
5269,102.390306,12,8.510180e-04
5270,102.403827,13,9.109240e-04
5271,102.417346,17,9.603018e-04
5272,102.430865,22,9.957439e-04
5273,102.444383,12,8.280022e-04
5274,102.457900,14,8.681031e-04
5275,102.471418,25,9.784811e-04
5276,102.484935,12,9.293415e-04
5277,102.498453,14,9.083015e-04
5278,102.511971,26,9.551434e-04
5279,102.525490,12,9.823725e-04
5280,102.539009,13,9.458637e-04
5281,102.552530,17,9.677479e-04
5282,102.566051,23,9.524015e-04
5283,102.579574,12,8.821265e-04
5284,102.593099,14,8.354907e-04
5285,102.606625,16,9.662746e-04
5286,102.620153,23,9.721032e-04
5287,102.633683,12,8.819095e-04
5288,102.647216,13,9.765300e-04
5289,102.660751,15,9.924498e-04
5290,102.674288,22,9.861138e-04
5291,102.687829,12,8.481375e-04
5292,102.701372,13,9.287984e-04
5293,102.714919,15,9.692775e-04
5294,102.728468,21,9.700715e-04
5295,102.742022,11,9.594879e-04
5296,102.755578,13,9.161169e-04
5297,102.769139,15,9.773380e-04
5298,102.782703,22,9.643944e-04
5299,102.796272,12,8.305174e-04
5300,102.809845,13,8.504383e-04
5301,102.823422,14,9.434294e-04
5302,102.837003,20,9.599393e-04
5303,102.850590,11,9.010131e-04
5304,102.864181,13,9.322222e-04
5305,102.877777,26,9.840508e-04
5306,102.891377,12,9.343614e-04
5307,102.904983,12,8.612550e-04
5308,102.918595,13,8.894268e-04
5309,102.932211,14,9.918109e-04
5310,102.945833,18,9.653621e-04
5311,102.959461,11,8.713281e-04
5312,102.973094,25,9.467002e-04
5313,102.986733,11,9.789152e-04
5314,103.000377,13,9.165592e-04
5315,103.014028,13,9.506695e-04
5316,103.027684,13,9.495581e-04
5317,103.041347,16,9.882644e-04
5318,103.055016,12,9.483763e-04
5319,103.068691,25,8.999937e-04
5320,103.082372,12,9.876824e-04
5321,103.096060,14,9.834244e-04
5322,103.109754,12,9.106308e-04
5323,103.123454,13,9.164527e-04
5324,103.137161,13,9.478383e-04
5325,103.150875,13,9.944032e-04
5326,103.164595,14,9.983986e-04
5327,103.178321,12,9.927765e-04
5328,103.192055,14,9.574298e-04
5329,103.205795,12,9.878756e-04
5330,103.219542,14,9.714470e-04
5331,103.233295,13,9.989293e-04
5332,103.247055,14,9.866575e-04
5333,103.260822,26,9.329458e-04
5334,103.274596,13,8.845264e-04
5335,103.288377,13,9.584002e-04
5336,103.302164,13,9.100571e-04
5337,103.315958,13,9.672241e-04
5338,103.329759,15,9.903107e-04
5339,103.343567,13,9.936173e-04
5340,103.357382,21,9.740996e-04
5341,103.371203,11,7.869815e-04
5342,103.385031,12,9.820299e-04
5343,103.398866,14,9.288029e-04
5344,103.412707,25,9.923094e-04
5345,103.426556,12,8.641464e-04
5346,103.440411,12,8.981820e-04
5347,103.454272,13,9.227113e-04
5348,103.468140,14,9.661429e-04
5349,103.482015,12,9.631741e-04
5350,103.495896,13,9.753712e-04
5351,103.509784,13,9.396320e-04
5352,103.523679,12,9.755461e-04
5353,103.537579,13,9.701388e-04
5354,103.551486,13,9.878371e-04
5355,103.565400,13,9.911161e-04
5356,103.579320,14,9.828432e-04
5357,103.593246,12,9.721371e-04
5358,103.607178,13,9.716485e-04
5359,103.621117,13,9.492671e-04
5360,103.635061,12,9.779878e-04
5361,103.649012,13,9.339187e-04
5362,103.662968,12,9.946832e-04
5363,103.676931,13,9.658712e-04
5364,103.690899,13,9.715720e-04
5365,103.704873,13,9.625901e-04
5366,103.718853,13,9.735659e-04
5367,103.732838,13,9.696960e-04
5368,103.746829,13,9.607888e-04
5369,103.760826,13,9.498586e-04
5370,103.774828,13,9.404919e-04
5371,103.788836,13,9.354149e-04
5372,103.802848,13,9.360367e-04
5373,103.816867,13,9.420736e-04
5374,103.830890,13,9.520927e-04
5375,103.844918,13,9.647080e-04
5376,103.858952,13,9.789167e-04
5377,103.872990,13,9.923742e-04
5378,103.887033,14,9.535758e-04
5379,103.901082,13,9.606533e-04
5380,103.915134,13,9.984451e-04
5381,103.929192,14,9.658188e-04
5382,103.943254,13,9.712892e-04
5383,103.957321,14,9.463753e-04
5384,103.971392,13,9.887390e-04
5385,103.985468,14,9.527957e-04
5386,103.999547,13,9.929356e-04
5387,104.013631,14,9.572482e-04
5388,104.027720,14,9.430073e-04
5389,104.041812,13,9.763290e-04
5390,104.055908,14,9.558241e-04
5391,104.070008,13,9.996166e-04
5392,104.084112,14,9.581095e-04
5393,104.098220,13,9.918191e-04
5394,104.112331,14,9.370171e-04
5395,104.126446,13,9.688588e-04
5396,104.140565,13,9.951597e-04
5397,104.154687,14,9.138440e-04
5398,104.168812,13,9.147172e-04
5399,104.182941,13,9.505076e-04
5400,104.197073,13,9.577486e-04
5401,104.211207,13,9.412022e-04
5402,104.225345,13,9.329543e-04
5403,104.239486,13,9.238551e-04
5404,104.253630,13,9.160942e-04
5405,104.267777,13,9.074731e-04
5406,104.281926,13,9.032218e-04
5407,104.296078,13,9.045830e-04
5408,104.310232,13,9.109825e-04
5409,104.324389,13,9.203944e-04
5410,104.338548,13,9.316154e-04
5411,104.352710,13,9.433671e-04
5412,104.366874,13,9.541681e-04
5413,104.381040,13,9.634581e-04
5414,104.395208,13,9.688188e-04
5415,104.409378,13,9.726385e-04
5416,104.423550,13,9.760752e-04
5417,104.437724,13,9.783813e-04
5418,104.451899,13,9.787829e-04
5419,104.466076,13,9.770331e-04
5420,104.480255,13,9.740156e-04
5421,104.494435,13,9.687912e-04
5422,104.508617,13,9.613762e-04
5423,104.522800,13,9.554102e-04
5424,104.536984,13,9.502836e-04
5425,104.551169,13,9.449853e-04
5426,104.565356,13,9.400152e-04
5427,104.579544,13,9.371028e-04
5428,104.593732,13,9.374554e-04
5429,104.607921,13,9.413858e-04
5430,104.622112,13,9.487099e-04
5431,104.636302,13,9.599992e-04
5432,104.650494,13,9.755812e-04
5433,104.664686,13,9.946690e-04
5434,104.678879,14,9.350265e-04
5435,104.693072,13,9.628859e-04
5436,104.707265,14,9.424393e-04
5437,104.721458,13,9.996987e-04
5438,104.735652,14,9.838988e-04
5439,104.749846,14,9.857024e-04
5440,104.764040,14,9.651489e-04
5441,104.778234,14,9.743167e-04
5442,104.792428,14,9.798656e-04
5443,104.806622,14,9.883628e-04
5444,104.820815,14,9.990845e-04
5445,104.835008,25,9.639220e-04
5446,104.849201,12,9.114142e-04
5447,104.863393,13,8.531696e-04
5448,104.877585,13,8.615799e-04
5449,104.891776,13,9.538410e-04
5450,104.905967,15,9.892254e-04
5451,104.920157,21,9.907423e-04
5452,104.934346,11,9.478146e-04
5453,104.948534,13,9.386660e-04
5454,104.962722,15,9.866915e-04
5455,104.976908,28,9.794837e-04
5456,104.991093,13,9.419407e-04
5457,105.005277,13,8.582108e-04
5458,105.019460,13,9.916164e-04
5459,105.033642,18,9.655690e-04
5460,105.047822,12,9.781430e-04
5461,105.062001,25,9.327257e-04
5462,105.076179,12,9.554437e-04
5463,105.090355,14,9.434145e-04
5464,105.104529,15,9.958034e-04
5465,105.118702,30,9.816914e-04
5466,105.132873,13,9.730359e-04
5467,105.147042,13,9.097633e-04
5468,105.161210,25,9.712395e-04
5469,105.175375,12,8.422982e-04
5470,105.189539,13,8.453287e-04
5471,105.203700,14,9.949135e-04
5472,105.217859,23,9.872164e-04
5473,105.232017,12,8.818659e-04
5474,105.246171,13,8.708432e-04
5475,105.260324,13,9.425214e-04
5476,105.274474,14,9.527701e-04
5477,105.288622,25,9.935424e-04
5478,105.302767,12,9.752449e-04
5479,105.316910,13,9.022728e-04
5480,105.331050,13,9.028719e-04
5481,105.345187,13,9.967479e-04
5482,105.359322,25,9.692430e-04
5483,105.373454,12,9.589043e-04
5484,105.387583,13,8.420714e-04
5485,105.401709,13,9.041724e-04
5486,105.415832,14,9.447846e-04
5487,105.429952,14,9.988261e-04
5488,105.444069,22,9.607056e-04
5489,105.458183,11,9.460349e-04
5490,105.472293,13,8.476937e-04
5491,105.486401,13,9.540903e-04
5492,105.500504,15,9.878888e-04
5493,105.514605,22,9.379724e-04
5494,105.528702,11,9.297966e-04
5495,105.542795,12,9.697661e-04
5496,105.556885,13,8.825233e-04
5497,105.570972,14,9.353269e-04
5498,105.585054,14,9.728965e-04
5499,105.599133,13,9.973822e-04
5500,105.613208,21,9.688311e-04
5501,105.627279,11,8.146569e-04
5502,105.641346,12,9.120670e-04
5503,105.655410,13,8.865106e-04
5504,105.669469,13,9.812553e-04
5505,105.683524,19,9.699451e-04
5506,105.697575,10,9.761011e-04
5507,105.711622,12,9.938612e-04
5508,105.725664,14,9.884852e-04
5509,105.739702,21,9.463387e-04
5510,105.753736,11,8.427920e-04
5511,105.767765,12,9.083653e-04
5512,105.781790,13,9.007579e-04
5513,105.795810,14,9.856220e-04
5514,105.809826,22,9.764051e-04
5515,105.823837,11,9.466788e-04
5516,105.837844,12,9.673264e-04
5517,105.851845,13,9.614847e-04
5518,105.865842,21,9.989316e-04
5519,105.879834,11,9.180019e-04
5520,105.893822,13,8.774494e-04
5521,105.907804,26,9.610523e-04
5522,105.921781,12,8.983857e-04
5523,105.935753,12,8.939612e-04
5524,105.949721,13,8.892598e-04
5525,105.963683,13,9.609782e-04
5526,105.977640,19,9.665743e-04
5527,105.991592,11,8.548921e-04
5528,106.005539,25,9.964004e-04
5529,106.019480,12,8.787479e-04
5530,106.033416,14,9.753962e-04
5531,106.047347,11,9.935427e-04
5532,106.061273,13,9.454582e-04
5533,106.075193,14,9.461789e-04
5534,106.089108,22,9.399438e-04
5535,106.103017,11,8.687312e-04
5536,106.116921,12,9.273910e-04
5537,106.130820,13,8.698886e-04
5538,106.144713,14,9.806871e-04
5539,106.158600,22,9.549392e-04
5540,106.172482,11,9.532093e-04
5541,106.186359,12,9.242091e-04
5542,106.200230,13,9.254635e-04
5543,106.214095,18,9.998049e-04
5544,106.227955,10,9.607558e-04
5545,106.241810,13,9.840677e-04
5546,106.255658,23,9.881308e-04
5547,106.269501,11,9.896225e-04
5548,106.283339,12,8.985968e-04
5549,106.297171,13,8.729157e-04
5550,106.310998,13,9.906350e-04
5551,106.324819,15,9.796139e-04
5552,106.338634,12,9.792887e-04
5553,106.352444,24,9.594561e-04
5554,106.366248,12,8.917408e-04
5555,106.380047,13,8.838766e-04
5556,106.393840,13,9.148202e-04
5557,106.407628,13,9.963294e-04
5558,106.421410,15,9.805081e-04
5559,106.435187,12,9.881759e-04
5560,106.448959,25,9.542258e-04
5561,106.462725,13,8.916179e-04
5562,106.476486,13,9.264764e-04
5563,106.490242,13,8.914471e-04
5564,106.503992,13,9.441905e-04
5565,106.517738,13,9.856406e-04
5566,106.531478,14,9.623707e-04
5567,106.545213,13,9.849403e-04
5568,106.558943,24,9.969611e-04
5569,106.572667,12,9.025900e-04
5570,106.586387,13,8.991823e-04
5571,106.600102,13,8.974737e-04
5572,106.613813,13,9.333070e-04
5573,106.627518,13,9.902979e-04
5574,106.641219,14,9.937013e-04
5575,106.654915,19,9.776119e-04
5576,106.668606,11,8.047917e-04
5577,106.682293,13,8.289457e-04
5578,106.695976,13,9.788432e-04
5579,106.709654,15,9.926640e-04
5580,106.723328,13,9.763755e-04
5581,106.736998,21,9.821305e-04
5582,106.750664,11,8.184084e-04
5583,106.764326,12,9.264085e-04
5584,106.777984,13,8.877863e-04
5585,106.791638,13,9.782636e-04
5586,106.805288,17,9.928562e-04
5587,106.818935,11,9.162091e-04
5588,106.832578,14,9.785987e-04
5589,106.846218,21,9.647028e-04
5590,106.859855,11,8.321442e-04
5591,106.873488,12,9.128406e-04
5592,106.887118,13,8.640082e-04
5593,106.900745,13,9.209850e-04
5594,106.914370,14,9.974870e-04
5595,106.927992,21,9.649664e-04
5596,106.941611,11,8.326020e-04
5597,106.955227,12,9.384860e-04
5598,106.968841,13,8.633270e-04
5599,106.982453,13,9.538603e-04
5600,106.996063,19,9.782989e-04
5601,107.009670,11,8.500778e-04
5602,107.023276,13,8.857648e-04
5603,107.036880,15,9.701446e-04
5604,107.050482,13,9.741316e-04
5605,107.064083,22,9.587018e-04
5606,107.077682,11,8.877803e-04
5607,107.091281,12,9.337110e-04
5608,107.104877,13,8.693848e-04
5609,107.118473,13,9.399780e-04
5610,107.132068,19,9.917688e-04
5611,107.145663,11,8.745773e-04
5612,107.159256,13,9.366139e-04
5613,107.172850,24,9.846391e-04
5614,107.186442,12,7.816206e-04
5615,107.200035,12,9.318456e-04
5616,107.213627,13,8.713087e-04
5617,107.227220,13,8.707252e-04
5618,107.240813,13,9.686603e-04
5619,107.254405,22,9.459182e-04
5620,107.267999,11,9.424677e-04
5621,107.281593,12,9.974284e-04
5622,107.295187,13,9.319799e-04
5623,107.308783,14,9.959499e-04
5624,107.322379,24,9.578145e-04
5625,107.335976,12,9.041890e-04
5626,107.349575,12,9.913352e-04
5627,107.363174,13,8.697464e-04
5628,107.376775,14,9.505540e-04
5629,107.390378,22,9.902500e-04
5630,107.403982,12,8.460514e-04
5631,107.417589,13,8.810197e-04
5632,107.431197,14,9.855505e-04
5633,107.444807,26,9.645689e-04
5634,107.458419,12,9.884567e-04
5635,107.472033,12,9.524166e-04
5636,107.485650,13,9.065110e-04
5637,107.499269,15,9.553736e-04
5638,107.512890,21,9.584699e-04
5639,107.526515,11,9.618957e-04
5640,107.540142,13,9.468927e-04
5641,107.553772,27,9.472072e-04
5642,107.567405,12,9.229846e-04
5643,107.581041,12,9.714531e-04
5644,107.594680,14,9.124407e-04
5645,107.608322,14,9.394008e-04
5646,107.621968,14,9.864091e-04
5647,107.635617,22,9.801382e-04
5648,107.649270,11,9.639776e-04
5649,107.662926,13,8.726728e-04
5650,107.676586,14,9.505843e-04
5651,107.690250,23,9.681400e-04
5652,107.703917,12,8.317037e-04
5653,107.717589,12,9.966735e-04
5654,107.731264,14,9.626188e-04
5655,107.744944,19,9.360802e-04
5656,107.758627,11,8.599532e-04
5657,107.772315,13,9.303171e-04
5658,107.786007,26,9.634976e-04
5659,107.799703,12,9.467897e-04
5660,107.813404,12,9.020101e-04
5661,107.827109,13,8.983613e-04
5662,107.840819,14,9.364071e-04
5663,107.854533,14,9.806560e-04
5664,107.868252,20,9.821587e-04
5665,107.881975,11,8.800573e-04
5666,107.895703,13,9.099567e-04
5667,107.909435,28,9.682321e-04
5668,107.923173,12,9.974997e-04
5669,107.936915,12,9.920999e-04
5670,107.950662,14,9.503284e-04
5671,107.964413,13,9.787011e-04
5672,107.978170,13,9.763423e-04
5673,107.991931,14,9.331358e-04
5674,108.005697,13,9.800893e-04
5675,108.019469,24,9.923696e-04
5676,108.033245,12,9.309305e-04
5677,108.047026,14,9.602175e-04
5678,108.060812,13,9.403913e-04
5679,108.074603,13,9.002784e-04
5680,108.088399,13,9.162588e-04
5681,108.102199,13,9.582257e-04
5682,108.116005,13,9.967494e-04
5683,108.129816,13,9.888474e-04
5684,108.143632,13,9.491417e-04
5685,108.157453,13,9.118370e-04
5686,108.171279,13,8.966757e-04
5687,108.185110,13,9.025539e-04
5688,108.198945,13,9.197750e-04
5689,108.212786,13,9.404174e-04
5690,108.226632,13,9.625716e-04
5691,108.240483,13,9.877681e-04
5692,108.254338,14,9.922748e-04
5693,108.268199,13,9.921470e-04
5694,108.282064,14,9.965378e-04
5695,108.295935,25,9.884253e-04
5696,108.309810,12,8.917226e-04
5697,108.323690,12,9.453501e-04
5698,108.337575,12,9.995504e-04
5699,108.351464,13,9.826965e-04
5700,108.365359,14,9.482850e-04
5701,108.379258,12,9.839955e-04
5702,108.393162,20,9.663608e-04
5703,108.407070,10,9.677736e-04
5704,108.420984,13,8.611714e-04
5705,108.434901,27,9.035430e-04
5706,108.448824,12,8.909389e-04
5707,108.462751,12,9.710449e-04
5708,108.476682,22,9.942254e-04
5709,108.490618,11,8.668667e-04
5710,108.504558,12,9.774308e-04
5711,108.518502,21,9.664640e-04
5712,108.532451,11,8.205159e-04
5713,108.546404,13,8.625963e-04
5714,108.560362,23,9.861541e-04
5715,108.574323,11,9.959918e-04
5716,108.588289,13,8.457321e-04
5717,108.602258,13,9.277597e-04
5718,108.616232,13,9.872893e-04
5719,108.630209,18,9.938562e-04
5720,108.644191,10,9.695809e-04
5721,108.658176,13,8.953775e-04
5722,108.672165,23,9.533690e-04
5723,108.686158,11,9.402347e-04
5724,108.700155,12,9.113674e-04
5725,108.714155,13,8.915882e-04
5726,108.728159,13,9.738480e-04
5727,108.742166,15,9.838893e-04
5728,108.756177,13,9.772298e-04
5729,108.770191,23,9.990663e-04
5730,108.784208,11,9.665639e-04
5731,108.798229,12,9.848839e-04
5732,108.812253,13,8.695370e-04
5733,108.826280,13,8.851806e-04
5734,108.840311,13,9.721051e-04
5735,108.854344,14,9.881944e-04
5736,108.868380,13,9.874409e-04
5737,108.882419,14,9.619852e-04
5738,108.896461,13,9.460116e-04
5739,108.910506,13,9.424818e-04
5740,108.924554,13,9.458173e-04
5741,108.938604,13,9.244099e-04
5742,108.952657,13,9.102765e-04
5743,108.966712,12,9.995114e-04
5744,108.980770,13,9.301973e-04
5745,108.994830,12,9.892989e-04
5746,109.008892,13,9.237192e-04
5747,109.022957,12,9.976740e-04
5748,109.037024,13,9.452759e-04
5749,109.051093,13,9.456309e-04
5750,109.065164,13,9.422759e-04
5751,109.079237,13,9.686017e-04
5752,109.093312,13,9.910905e-04
5753,109.107389,14,9.787351e-04
5754,109.121467,13,9.702678e-04
5755,109.135548,14,9.677149e-04
5756,109.149630,13,9.960509e-04
5757,109.163713,14,9.872789e-04
5758,109.177798,14,9.933852e-04
5759,109.191884,13,9.766078e-04
5760,109.205972,14,9.854284e-04
5761,109.220061,14,9.806041e-04
5762,109.234151,13,9.713650e-04
5763,109.248242,14,9.751594e-04
5764,109.262335,13,9.981612e-04
5765,109.276428,14,9.913619e-04
5766,109.290522,26,9.782161e-04
5767,109.304617,13,8.648395e-04
5768,109.318713,12,9.627451e-04
5769,109.332810,13,8.631007e-04
5770,109.346907,12,9.879988e-04
5771,109.361005,13,9.334624e-04
5772,109.375103,13,9.464222e-04
5773,109.389202,14,9.612751e-04
5774,109.403301,24,9.306971e-04
5775,109.417400,12,9.538132e-04
5776,109.431500,14,9.920467e-04
5777,109.445599,13,9.363278e-04
5778,109.459699,13,9.532846e-04
5779,109.473799,22,9.778423e-04
5780,109.487898,12,8.411599e-04
5781,109.501998,13,8.894201e-04
5782,109.516097,26,9.229937e-04
5783,109.530196,12,9.042844e-04
5784,109.544295,13,9.446416e-04
5785,109.558393,14,9.793879e-04
5786,109.572491,13,9.331243e-04
5787,109.586588,13,9.964176e-04
5788,109.600685,21,9.645690e-04
5789,109.614781,11,9.191943e-04
5790,109.628876,13,8.982394e-04
5791,109.642971,28,9.573897e-04
5792,109.657064,12,9.952465e-04
5793,109.671157,13,9.870941e-04
5794,109.685249,19,9.654603e-04
5795,109.699340,11,8.109299e-04
5796,109.713429,13,9.073050e-04
5797,109.727518,20,9.805088e-04
5798,109.741605,11,9.407334e-04
5799,109.755691,27,9.110221e-04
5800,109.769775,12,8.706726e-04
5801,109.783858,14,9.394366e-04
5802,109.797940,15,9.988885e-04
5803,109.812020,13,9.628519e-04
5804,109.826098,22,9.828886e-04
5805,109.840175,12,8.352017e-04
5806,109.854250,14,9.945222e-04
5807,109.868323,29,9.910502e-04
5808,109.882394,13,9.598605e-04
5809,109.896464,24,9.326188e-04
5810,109.910531,12,8.257510e-04
5811,109.924597,21,9.536701e-04
5812,109.938660,11,8.819277e-04
5813,109.952721,13,9.933591e-04
5814,109.966781,28,9.876301e-04
5815,109.980837,13,9.795074e-04
5816,109.994892,13,9.346640e-04
5817,110.008944,14,9.910565e-04
5818,110.022994,24,9.835505e-04
5819,110.037041,12,9.640634e-04
5820,110.051086,13,9.795091e-04
5821,110.065128,26,9.560689e-04
5822,110.079168,12,9.634032e-04
5823,110.093205,14,9.916301e-04
5824,110.107239,19,9.972861e-04
5825,110.121270,11,8.383418e-04
5826,110.135299,13,9.229829e-04
5827,110.149325,23,9.927663e-04
5828,110.163348,12,8.478277e-04
5829,110.177367,13,8.970914e-04
5830,110.191384,13,9.940630e-04
5831,110.205398,21,9.801940e-04
5832,110.219409,11,9.019105e-04
5833,110.233416,12,9.962497e-04
5834,110.247421,14,9.269683e-04
5835,110.261422,13,9.927940e-04
5836,110.275420,14,9.942914e-04
5837,110.289414,14,9.852195e-04
5838,110.303405,13,9.781609e-04
5839,110.317393,23,9.524164e-04
5840,110.331378,11,9.294762e-04
5841,110.345358,12,9.112068e-04
5842,110.359336,12,9.911240e-04
5843,110.373310,13,9.597365e-04
5844,110.387280,15,9.933117e-04
5845,110.401247,13,9.805596e-04
5846,110.415210,23,9.126167e-04
5847,110.429169,11,9.318697e-04
5848,110.443125,12,9.646662e-04
5849,110.457077,13,8.836520e-04
5850,110.471025,13,9.630446e-04
5851,110.484970,20,9.606610e-04
5852,110.498911,11,8.564635e-04
5853,110.512848,13,8.570570e-04
5854,110.526781,22,9.589249e-04
5855,110.540711,11,8.252477e-04
5856,110.554636,12,8.818423e-04
5857,110.568558,13,9.610729e-04
5858,110.582476,15,9.746133e-04
5859,110.596390,12,9.951151e-04
5860,110.610300,24,9.338380e-04
5861,110.624206,12,8.440830e-04
5862,110.638108,12,9.233857e-04
5863,110.652007,12,9.643684e-04
5864,110.665901,14,9.258143e-04
5865,110.679792,20,9.913424e-04
5866,110.693679,11,8.954686e-04
5867,110.707561,13,9.215378e-04
5868,110.721440,24,9.984946e-04
5869,110.735315,11,9.794176e-04
5870,110.749187,12,8.926443e-04
5871,110.763054,13,9.299151e-04
5872,110.776917,14,9.709204e-04
5873,110.790777,20,9.833115e-04
5874,110.804633,11,8.562960e-04
5875,110.818485,13,9.160117e-04
5876,110.832333,26,9.324323e-04
5877,110.846177,12,8.717664e-04
5878,110.860018,12,9.151749e-04
5879,110.873855,13,9.520867e-04
5880,110.887688,13,9.850513e-04
5881,110.901518,17,9.761491e-04
5882,110.915344,11,8.965330e-04
5883,110.929167,24,9.155220e-04
5884,110.942986,11,9.367804e-04
5885,110.956801,13,9.362787e-04
5886,110.970613,13,9.594738e-04
5887,110.984422,13,9.292673e-04
5888,110.998227,22,9.596138e-04
5889,111.012029,11,9.582435e-04
5890,111.025828,12,9.749014e-04
5891,111.039623,23,9.994860e-04
5892,111.053416,11,8.560118e-04
5893,111.067205,12,9.117921e-04
5894,111.080991,13,9.958264e-04
5895,111.094775,13,9.665890e-04
5896,111.108555,13,9.771281e-04
5897,111.122333,22,9.825606e-04
5898,111.136107,11,8.834985e-04
5899,111.149879,12,8.753038e-04
5900,111.163649,12,9.334468e-04
5901,111.177416,13,9.343491e-04
5902,111.191180,18,9.966127e-04
5903,111.204942,10,9.367193e-04
5904,111.218701,13,8.955808e-04
5905,111.232459,24,9.600559e-04
5906,111.246214,11,9.928665e-04
5907,111.259966,12,9.293213e-04
5908,111.273717,12,9.590633e-04
5909,111.287466,12,9.607251e-04
5910,111.301213,13,8.972993e-04
5911,111.314958,13,9.788701e-04
5912,111.328702,21,9.811371e-04
5913,111.342444,11,8.251366e-04
5914,111.356184,12,9.322759e-04
5915,111.369923,12,9.741195e-04
5916,111.383661,13,9.255132e-04
5917,111.397397,23,9.816060e-04
5918,111.411133,12,8.418884e-04
5919,111.424867,12,8.662398e-04
5920,111.438600,12,8.831140e-04
5921,111.452332,13,8.787294e-04
5922,111.466064,13,9.482110e-04
5923,111.479795,13,9.636045e-04
5924,111.493525,13,9.860639e-04
5925,111.507255,14,9.869248e-04
5926,111.520985,13,9.694920e-04
5927,111.534714,13,9.951700e-04
5928,111.548443,24,9.581901e-04
5929,111.562172,12,7.929952e-04
5930,111.575901,12,9.041611e-04
5931,111.589630,12,9.773479e-04
5932,111.603359,13,9.116905e-04
5933,111.617088,13,9.407181e-04
5934,111.630818,14,9.870076e-04
5935,111.644549,20,9.430480e-04
5936,111.658280,10,9.894137e-04
5937,111.672012,12,9.442082e-04
5938,111.685744,13,9.396972e-04
5939,111.699477,21,9.850079e-04
5940,111.713212,11,8.611862e-04
5941,111.726947,12,8.916196e-04
5942,111.740684,13,9.258472e-04
5943,111.754421,14,9.618846e-04
5944,111.768160,12,9.886929e-04
5945,111.781901,13,9.938528e-04
5946,111.795643,13,9.892007e-04
5947,111.809387,13,9.417307e-04
5948,111.823132,13,9.411870e-04
5949,111.836879,13,9.385471e-04
5950,111.850628,13,9.349862e-04
5951,111.864379,13,9.258871e-04
5952,111.878132,13,9.107269e-04
5953,111.891887,12,9.921579e-04
5954,111.905644,13,9.203767e-04
5955,111.919403,12,9.778239e-04
5956,111.933164,13,9.065491e-04
5957,111.946928,12,9.779598e-04
5958,111.960695,13,9.071787e-04
5959,111.974464,12,9.835915e-04
5960,111.988235,13,9.184573e-04
5961,112.002009,12,9.959724e-04
5962,112.015786,13,9.311969e-04
5963,112.029565,13,9.096729e-04
5964,112.043348,12,9.970580e-04
5965,112.057133,13,9.503995e-04
5966,112.070921,13,9.387159e-04
5967,112.084712,13,9.286356e-04
5968,112.098506,13,9.433013e-04
5969,112.112303,13,9.541340e-04
5970,112.126104,13,9.665585e-04
5971,112.139907,13,9.794301e-04
5972,112.153714,13,9.913232e-04
5973,112.167524,14,9.652532e-04
5974,112.181337,13,9.451581e-04
5975,112.195154,13,9.780152e-04
5976,112.208974,14,9.749562e-04
5977,112.222797,13,9.533853e-04
5978,112.236624,13,9.863982e-04
5979,112.250454,14,9.846925e-04
5980,112.264288,13,9.541190e-04
5981,112.278125,13,9.798754e-04
5982,112.291966,14,9.747758e-04
5983,112.305810,13,9.422027e-04
5984,112.319658,13,9.634478e-04
5985,112.333510,13,9.858211e-04
5986,112.347365,13,9.815206e-04
5987,112.361224,13,9.825777e-04
5988,112.375086,13,9.802803e-04
5989,112.388953,13,9.786726e-04
5990,112.402822,13,9.763698e-04
5991,112.416696,13,9.742943e-04
5992,112.430573,13,9.719724e-04
5993,112.444453,13,9.697794e-04
5994,112.458338,13,9.680035e-04
5995,112.472226,13,9.687090e-04
5996,112.486117,13,9.726720e-04
5997,112.500012,13,9.777453e-04
5998,112.513911,13,9.816007e-04
5999,112.527814,13,9.827125e-04
6000,112.541720,13,9.809373e-04
6001,112.555629,13,9.759997e-04
6002,112.569543,13,9.697172e-04
6003,112.583459,13,9.601808e-04
6004,112.597380,13,9.516092e-04
6005,112.611303,13,9.438661e-04
6006,112.625231,13,9.367903e-04
6007,112.639161,13,9.308268e-04
6008,112.653095,13,9.270787e-04
6009,112.667033,13,9.248775e-04
6010,112.680974,13,9.239269e-04
6011,112.694918,13,9.245244e-04
6012,112.708866,13,9.269961e-04
6013,112.722817,13,9.307109e-04
6014,112.736771,13,9.351493e-04
6015,112.750728,13,9.396386e-04
6016,112.764688,13,9.438564e-04
6017,112.778652,13,9.480923e-04
6018,112.792619,13,9.525318e-04
6019,112.806589,13,9.574936e-04
6020,112.820562,13,9.631098e-04
6021,112.834538,13,9.696031e-04
6022,112.848516,13,9.778305e-04
6023,112.862498,13,9.884860e-04
6024,112.876483,14,9.407015e-04
6025,112.890470,13,9.452841e-04
6026,112.904461,13,9.993557e-04
6027,112.918454,14,9.920659e-04
6028,112.932449,14,9.644063e-04
6029,112.946448,14,9.530897e-04
6030,112.960449,14,9.804646e-04
6031,112.974452,22,9.741485e-04
6032,112.988458,11,9.148164e-04
6033,113.002467,12,9.727453e-04
6034,113.016478,13,9.755741e-04
6035,113.030491,16,9.661835e-04
6036,113.044506,13,9.572247e-04
6037,113.058524,23,9.596574e-04
6038,113.072544,11,9.940472e-04
6039,113.086566,13,8.452206e-04
6040,113.100590,13,9.877796e-04
6041,113.114617,18,9.709770e-04
6042,113.128645,12,9.095060e-04
6043,113.142675,25,9.199150e-04
6044,113.156707,12,8.888816e-04
6045,113.170741,13,9.229275e-04
6046,113.184776,13,9.930393e-04
6047,113.198813,16,9.786512e-04
6048,113.212852,22,9.400709e-04
6049,113.226892,12,8.230858e-04
6050,113.240934,13,9.404449e-04
6051,113.254977,16,9.805248e-04
6052,113.269022,24,9.762826e-04
6053,113.283068,12,9.321979e-04
6054,113.297115,13,8.818565e-04
6055,113.311163,14,9.289482e-04
6056,113.325213,21,9.904817e-04
6057,113.339263,12,8.617321e-04
6058,113.353315,14,9.513855e-04
6059,113.367368,29,9.723241e-04
6060,113.381421,14,8.832636e-04
6061,113.395475,13,9.032506e-04
6062,113.409530,13,9.425692e-04
6063,113.423586,13,9.948393e-04
6064,113.437642,18,9.661223e-04
6065,113.451699,11,9.886699e-04
6066,113.465756,26,9.038354e-04
6067,113.479814,13,9.350368e-04
6068,113.493872,21,9.924271e-04
6069,113.507930,11,8.690852e-04
6070,113.521989,21,9.405864e-04
6071,113.536048,11,8.354774e-04
6072,113.550107,13,9.084761e-04
6073,113.564166,25,9.638035e-04
6074,113.578225,12,8.912726e-04
6075,113.592284,12,9.142619e-04
6076,113.606343,13,8.859354e-04
6077,113.620401,14,9.702953e-04
6078,113.634459,19,9.550415e-04
6079,113.648517,11,8.456418e-04
6080,113.662575,13,9.331203e-04
6081,113.676632,25,9.459754e-04
6082,113.690688,12,8.400156e-04
6083,113.704744,12,9.027261e-04
6084,113.718800,13,9.623431e-04
6085,113.732854,16,9.701286e-04
6086,113.746908,12,9.537027e-04
6087,113.760961,23,9.186168e-04
6088,113.775013,11,9.430007e-04
6089,113.789064,13,8.668376e-04
6090,113.803114,15,9.942184e-04
6091,113.817163,26,9.960891e-04
6092,113.831210,12,9.288859e-04
6093,113.845257,12,8.602486e-04
6094,113.859302,14,9.490615e-04
6095,113.873346,19,9.749372e-04
6096,113.887388,11,8.787269e-04
6097,113.901430,25,9.407406e-04
6098,113.915469,11,9.843273e-04
6099,113.929507,14,9.079606e-04
6100,113.943543,16,9.585708e-04
6101,113.957578,23,9.896782e-04
6102,113.971611,11,9.870460e-04
6103,113.985642,13,8.629643e-04
6104,113.999672,22,9.954612e-04
6105,114.013699,11,9.713013e-04
6106,114.027724,24,9.633126e-04
6107,114.041748,11,9.724367e-04
6108,114.055769,13,9.613228e-04
6109,114.069789,17,9.967034e-04
6110,114.083806,23,9.565515e-04
6111,114.097821,12,8.759227e-04
6112,114.111834,13,8.173411e-04
6113,114.125844,13,8.753526e-04
6114,114.139852,19,9.589141e-04
6115,114.153858,11,9.301800e-04
6116,114.167861,26,9.607139e-04
6117,114.181862,12,9.818634e-04
6118,114.195861,14,9.822093e-04
6119,114.209857,12,9.659273e-04
6120,114.223850,13,9.775486e-04
6121,114.237841,16,9.908976e-04
6122,114.251829,22,9.032236e-04
6123,114.265814,11,9.193717e-04
6124,114.279797,13,8.746638e-04
6125,114.293777,13,9.308729e-04
6126,114.307754,24,9.821807e-04
6127,114.321728,12,8.741419e-04
6128,114.335700,12,9.286352e-04
6129,114.349668,14,9.238845e-04
6130,114.363634,19,9.790008e-04
6131,114.377597,11,8.100430e-04
6132,114.391557,12,9.628521e-04
6133,114.405513,13,9.999784e-04
6134,114.419467,24,9.841694e-04
6135,114.433418,12,8.558103e-04
6136,114.447366,12,8.448155e-04
6137,114.461311,12,9.062816e-04
6138,114.475252,13,8.659010e-04
6139,114.489191,13,8.943194e-04
6140,114.503126,13,9.249977e-04
6141,114.517058,13,9.629437e-04
6142,114.530987,13,9.782250e-04
6143,114.544913,13,9.698584e-04
6144,114.558836,13,9.491975e-04
6145,114.572756,13,9.289387e-04
6146,114.586672,13,9.166366e-04
6147,114.600585,13,9.145300e-04
6148,114.614495,13,9.242223e-04
6149,114.628402,13,9.457788e-04
6150,114.642305,13,9.750542e-04
6151,114.656206,27,9.364755e-04
6152,114.670103,13,9.285042e-04
6153,114.683997,12,9.910941e-04
6154,114.697887,13,9.016111e-04
6155,114.711775,12,9.848362e-04
6156,114.725659,13,9.364367e-04
6157,114.739540,13,9.321072e-04
6158,114.753418,13,9.320476e-04
6159,114.767293,13,9.729575e-04
6160,114.781164,22,9.991111e-04
6161,114.795033,11,9.281794e-04
6162,114.808898,13,9.958894e-04
6163,114.822760,26,9.756510e-04
6164,114.836620,21,9.291340e-04
6165,114.850476,11,9.333177e-04
6166,114.864329,13,9.526433e-04
6167,114.878179,12,9.351607e-04
6168,114.892027,12,9.533945e-04
6169,114.905871,12,9.627435e-04
6170,114.919712,12,9.673679e-04
6171,114.933551,12,9.950790e-04
6172,114.947387,13,9.346992e-04
6173,114.961220,13,9.526424e-04
6174,114.975050,13,9.892845e-04
6175,114.988878,28,9.509963e-04
6176,115.002703,14,9.917915e-04
6177,115.016525,24,8.866958e-04
6178,115.030345,20,9.180395e-04
6179,115.044163,11,8.808569e-04
6180,115.057978,13,8.843875e-04
6181,115.071791,12,9.774853e-04
6182,115.085601,13,9.570001e-04
6183,115.099409,13,9.509602e-04
6184,115.113215,12,9.744538e-04
6185,115.127019,13,9.085335e-04
6186,115.140821,12,9.556005e-04
6187,115.154620,12,9.987065e-04
6188,115.168418,13,9.143446e-04
6189,115.182214,12,9.390090e-04
6190,115.196008,12,9.769055e-04
6191,115.209801,12,9.747060e-04
6192,115.223591,12,9.560583e-04
6193,115.237381,12,9.513535e-04
6194,115.251168,12,9.553693e-04
6195,115.264955,12,9.689752e-04
6196,115.278739,12,9.940941e-04
6197,115.292523,13,9.425388e-04
6198,115.306305,13,9.535798e-04
6199,115.320087,13,9.617199e-04
6200,115.333867,13,9.783399e-04
6201,115.347646,13,9.815350e-04
6202,115.361424,13,9.764474e-04
6203,115.375202,13,9.667867e-04
6204,115.388978,13,9.561614e-04
6205,115.402755,13,9.458702e-04
6206,115.416530,13,9.378694e-04
6207,115.430305,13,9.327738e-04
6208,115.444080,13,9.294686e-04
6209,115.457854,13,9.288075e-04
6210,115.471628,13,9.310339e-04
6211,115.485402,13,9.324218e-04
6212,115.499176,13,9.298780e-04
6213,115.512950,13,9.218770e-04
6214,115.526724,12,9.959506e-04
6215,115.540498,13,9.344526e-04
6216,115.554272,12,9.792170e-04
6217,115.568047,13,9.066448e-04
6218,115.581822,12,9.532156e-04
6219,115.595598,12,9.818514e-04
6220,115.609374,12,9.815660e-04
6221,115.623151,12,9.668791e-04
6222,115.636928,12,9.627887e-04
6223,115.650707,12,9.610809e-04
6224,115.664486,12,9.636587e-04
6225,115.678266,12,9.712216e-04
6226,115.692048,12,9.839746e-04
6227,115.705830,13,9.113788e-04
6228,115.719614,12,9.658383e-04
6229,115.733399,13,9.382039e-04
6230,115.747185,13,9.473144e-04
6231,115.760973,12,9.987955e-04
6232,115.774762,13,9.732588e-04
6233,115.788553,13,9.694411e-04
6234,115.802346,13,9.381692e-04
6235,115.816140,12,9.961918e-04
6236,115.829936,13,9.468214e-04
6237,115.843734,12,9.866308e-04
6238,115.857534,13,9.361148e-04
6239,115.871336,12,9.807029e-04
6240,115.885140,13,9.248579e-04
6241,115.898946,12,9.709983e-04
6242,115.912754,13,9.172357e-04
6243,115.926564,12,9.711350e-04
6244,115.940377,13,9.266215e-04
6245,115.954192,12,9.891477e-04
6246,115.968009,13,9.575624e-04
6247,115.981829,13,9.655253e-04
6248,115.995652,13,9.507415e-04
6249,116.009476,13,9.639540e-04
6250,116.023304,13,9.751071e-04
6251,116.037134,13,9.879053e-04
6252,116.050967,14,9.921319e-04
6253,116.064802,12,9.971683e-04
6254,116.078640,14,9.926518e-04
6255,116.092481,25,9.835381e-04
6256,116.106325,12,9.454858e-04
6257,116.120172,12,9.840917e-04
6258,116.134021,12,9.674243e-04
6259,116.147874,13,9.100005e-04
6260,116.161729,13,9.478902e-04
6261,116.175588,13,9.943631e-04
6262,116.189449,17,9.988091e-04
6263,116.203314,10,9.904857e-04
6264,116.217181,13,9.414752e-04
6265,116.231052,25,9.578038e-04
6266,116.244925,12,9.232607e-04
6267,116.258802,13,9.285389e-04
6268,116.272682,13,9.653066e-04
6269,116.286565,13,9.597197e-04
6270,116.300451,13,9.632980e-04
6271,116.314340,14,9.706411e-04
6272,116.328233,20,9.996524e-04
6273,116.342128,11,8.256659e-04
6274,116.356027,12,9.811565e-04
6275,116.369929,13,9.557671e-04
6276,116.383834,14,9.969522e-04
6277,116.397743,21,9.592298e-04
6278,116.411654,11,8.427966e-04
6279,116.425569,12,9.078568e-04
6280,116.439487,13,8.488453e-04
6281,116.453408,13,9.686722e-04
6282,116.467332,17,9.966543e-04
6283,116.481259,11,8.658522e-04
6284,116.495190,13,9.660307e-04
6285,116.509123,24,9.757677e-04
6286,116.523060,12,8.248809e-04
6287,116.537000,12,9.195101e-04
6288,116.550943,12,9.565150e-04
6289,116.564889,12,9.819666e-04
6290,116.578838,13,8.866509e-04
6291,116.592790,13,9.206359e-04
6292,116.606745,13,9.838428e-04
6293,116.620703,14,9.991195e-04
6294,116.634664,13,9.509105e-04
6295,116.648628,13,9.550829e-04
6296,116.662594,13,9.628555e-04
6297,116.676564,13,9.396351e-04
6298,116.690536,13,9.099433e-04
6299,116.704511,12,9.703652e-04
6300,116.718489,12,9.947396e-04
6301,116.732470,12,9.750333e-04
6302,116.746453,12,9.584183e-04
6303,116.760439,12,9.602244e-04
6304,116.774428,12,9.692611e-04
6305,116.788419,12,9.854519e-04
6306,116.802412,13,8.913255e-04
6307,116.816408,12,9.615512e-04
6308,116.830407,13,9.118196e-04
6309,116.844407,12,9.861104e-04
6310,116.858410,13,9.166663e-04
6311,116.872416,12,9.764672e-04
6312,116.886423,13,8.924038e-04
6313,116.900433,12,9.513226e-04
6314,116.914445,12,9.881401e-04
6315,116.928459,12,9.880928e-04
6316,116.942475,12,9.769444e-04
6317,116.956493,12,9.750802e-04
6318,116.970513,12,9.748733e-04
6319,116.984535,12,9.794160e-04
6320,116.998559,12,9.891712e-04
6321,117.012584,13,8.828931e-04
6322,117.026611,12,9.639045e-04
6323,117.040640,13,9.230343e-04
6324,117.054670,13,9.340761e-04
6325,117.068702,13,9.426213e-04
6326,117.082735,13,9.717082e-04
6327,117.096770,13,9.953210e-04
6328,117.110806,14,9.940075e-04
6329,117.124844,13,9.834575e-04
6330,117.138883,14,9.840040e-04
6331,117.152923,14,9.964733e-04
6332,117.166964,13,9.762057e-04
6333,117.181006,14,9.991342e-04
6334,117.195049,24,9.408306e-04
6335,117.209093,12,8.258745e-04
6336,117.223138,12,8.970812e-04
6337,117.237184,12,9.206494e-04
6338,117.251230,13,8.868493e-04
6339,117.265277,13,9.948952e-04
6340,117.279325,18,9.689968e-04
6341,117.293374,11,8.259704e-04
6342,117.307422,13,9.641864e-04
6343,117.321472,25,9.922729e-04
6344,117.335521,12,9.325847e-04
6345,117.349571,13,9.426992e-04
6346,117.363621,13,9.415920e-04
6347,117.377671,13,9.198783e-04
6348,117.391722,13,9.719222e-04
6349,117.405772,20,9.960689e-04
6350,117.419822,11,8.725619e-04
6351,117.433872,13,9.194756e-04
6352,117.447922,26,9.391729e-04
6353,117.461972,12,9.091391e-04
6354,117.476022,13,9.999501e-04
6355,117.490071,21,9.460285e-04
6356,117.504119,11,8.293814e-04
6357,117.518167,13,8.521653e-04
6358,117.532214,22,9.921042e-04
6359,117.546261,11,9.197102e-04
6360,117.560307,12,9.968868e-04
6361,117.574353,15,9.870102e-04
6362,117.588397,31,9.569910e-04
6363,117.602440,13,9.585894e-04
6364,117.616483,13,9.331002e-04
6365,117.630524,22,9.769008e-04
6366,117.644565,11,9.360400e-04
6367,117.658604,14,9.158492e-04
6368,117.672642,21,9.613056e-04
6369,117.686679,11,9.531108e-04
6370,117.700714,28,9.392679e-04
6371,117.714748,13,9.773151e-04
6372,117.728780,15,9.986715e-04
6373,117.742811,14,9.792697e-04
6374,117.756841,20,9.353301e-04
6375,117.770868,12,8.509516e-04
6376,117.784894,26,9.171367e-04
6377,117.798919,12,9.454651e-04
6378,117.812941,14,9.828600e-04
6379,117.826962,17,9.605420e-04
6380,117.840981,13,9.983601e-04
6381,117.854997,27,9.607875e-04
6382,117.869012,13,9.613531e-04
6383,117.883025,13,8.722187e-04
6384,117.897035,13,9.759537e-04
6385,117.911044,20,9.604205e-04
6386,117.925050,12,9.387601e-04
6387,117.939054,25,9.910793e-04
6388,117.953056,12,9.283977e-04
6389,117.967055,14,9.484460e-04
6390,117.981052,13,9.522751e-04
6391,117.995046,14,9.733100e-04
6392,118.009038,22,9.786078e-04
6393,118.023028,12,8.524684e-04
6394,118.037014,13,9.013492e-04
6395,118.050999,14,9.920164e-04
6396,118.064980,24,9.762903e-04
6397,118.078959,12,8.955026e-04
6398,118.092936,12,9.946407e-04
6399,118.106909,13,9.332470e-04
6400,118.120880,14,9.811721e-04
6401,118.134848,20,9.552016e-04
6402,118.148813,11,9.645823e-04
6403,118.162775,13,9.716816e-04
6404,118.176735,25,9.901039e-04
6405,118.190691,12,8.783788e-04
6406,118.204645,13,8.368224e-04
6407,118.218595,14,8.889168e-04
6408,118.232543,15,9.580501e-04
6409,118.246487,22,9.892837e-04
6410,118.260429,12,8.409918e-04
6411,118.274368,13,9.619728e-04
6412,118.288303,26,9.807054e-04
6413,118.302236,12,9.249891e-04
6414,118.316165,13,8.696164e-04
6415,118.330091,15,9.364631e-04
6416,118.344015,17,9.968632e-04
6417,118.357935,12,9.563658e-04
6418,118.371852,26,9.187131e-04
6419,118.385766,12,9.436472e-04
6420,118.399677,13,9.004021e-04
6421,118.413585,13,9.232647e-04
6422,118.427490,13,9.953830e-04
6423,118.441392,21,9.669569e-04
6424,118.455290,12,8.742522e-04
6425,118.469186,14,9.719231e-04
6426,118.483079,28,9.782146e-04
6427,118.496968,13,9.749387e-04
6428,118.510855,15,9.897477e-04
6429,118.524739,13,9.219273e-04
6430,118.538619,15,9.542659e-04
6431,118.552497,18,9.545599e-04
6432,118.566371,11,9.655598e-04
6433,118.580243,26,9.290490e-04
6434,118.594112,12,9.916719e-04
6435,118.607978,22,9.990885e-04
6436,118.621841,11,9.476326e-04
6437,118.635701,23,9.125693e-04
6438,118.649559,11,9.304262e-04
6439,118.663413,13,9.315386e-04
6440,118.677265,27,9.709035e-04
6441,118.691114,12,9.825657e-04
6442,118.704960,12,9.666557e-04
6443,118.718804,16,9.773081e-04
6444,118.732645,18,9.825407e-04
6445,118.746484,11,9.596665e-04
6446,118.760319,25,9.949521e-04
6447,118.774153,12,8.012224e-04
6448,118.787984,12,9.835104e-04
6449,118.801812,14,9.492964e-04
6450,118.815638,18,9.617303e-04
6451,118.829462,11,9.503589e-04
6452,118.843283,25,9.274048e-04
6453,118.857103,12,8.307021e-04
6454,118.870919,13,9.218697e-04
6455,118.884734,13,8.850287e-04
6456,118.898547,13,8.803754e-04
6457,118.912358,14,9.696527e-04
6458,118.926166,21,9.234136e-04
6459,118.939973,11,8.611985e-04
6460,118.953778,12,9.592018e-04
6461,118.967581,13,8.720838e-04
6462,118.981382,13,9.797256e-04
6463,118.995182,21,9.807385e-04
6464,119.008980,11,8.621406e-04
6465,119.022776,12,8.774596e-04
6466,119.036571,12,9.410438e-04
6467,119.050364,13,9.280501e-04
6468,119.064156,14,9.650642e-04
6469,119.077947,13,9.616307e-04
6470,119.091736,14,9.808636e-04
6471,119.105524,14,9.916005e-04
6472,119.119311,13,9.657663e-04
6473,119.133098,14,9.844295e-04
6474,119.146883,14,9.996696e-04
6475,119.160667,13,9.930976e-04
6476,119.174450,23,9.502152e-04
6477,119.188233,11,9.091832e-04
6478,119.202014,12,8.535737e-04
6479,119.215796,12,9.708074e-04
6480,119.229576,14,9.253950e-04
6481,119.243357,19,9.260101e-04
6482,119.257136,11,8.639378e-04
6483,119.270916,13,9.944941e-04
6484,119.284695,26,9.365003e-04
6485,119.298474,12,9.369134e-04
6486,119.312252,12,9.491219e-04
6487,119.326031,13,9.177164e-04
6488,119.339810,13,9.932146e-04
6489,119.353589,18,9.515447e-04
6490,119.367367,11,9.408804e-04
6491,119.381147,25,9.301731e-04
6492,119.394926,12,9.048055e-04
6493,119.408706,14,9.857612e-04
6494,119.422486,13,9.123125e-04
6495,119.436267,13,9.756256e-04
6496,119.450048,22,9.641821e-04
6497,119.463830,12,8.657147e-04
6498,119.477612,13,9.034450e-04
6499,119.491395,26,9.642808e-04
6500,119.505179,12,8.537812e-04
6501,119.518964,12,9.481762e-04
6502,119.532750,13,9.997716e-04
6503,119.546537,13,9.712502e-04
6504,119.560325,13,9.258137e-04
6505,119.574114,13,9.893412e-04
6506,119.587904,22,9.562656e-04
6507,119.601696,11,9.321576e-04
6508,119.615489,12,9.998575e-04
6509,119.629283,13,9.156231e-04
6510,119.643079,13,9.311339e-04
6511,119.656876,14,9.703679e-04
6512,119.670675,14,9.999757e-04
6513,119.684475,13,9.733618e-04
6514,119.698277,13,9.728163e-04
6515,119.712081,13,9.370410e-04
6516,119.725886,12,9.913633e-04
6517,119.739694,13,8.949535e-04
6518,119.753503,12,9.590635e-04
6519,119.767314,13,8.794587e-04
6520,119.781127,12,9.711896e-04
6521,119.794942,13,9.109223e-04
6522,119.808760,13,9.120238e-04
6523,119.822579,13,9.171991e-04
6524,119.836400,13,9.436774e-04
6525,119.850224,13,9.627497e-04
6526,119.864050,13,9.755109e-04
6527,119.877878,13,9.803684e-04
6528,119.891709,13,9.765749e-04
6529,119.905542,13,9.644899e-04
6530,119.919377,13,9.458347e-04
6531,119.933215,13,9.236683e-04
6532,119.947056,13,9.005070e-04
6533,119.960898,12,9.842007e-04
6534,119.974744,13,9.027791e-04
6535,119.988592,12,9.657427e-04
6536,120.002442,13,8.879345e-04
6537,120.016295,12,9.623925e-04
6538,120.030151,13,8.845271e-04
6539,120.044009,12,9.634964e-04
6540,120.057870,13,8.878553e-04
6541,120.071734,12,9.687838e-04
6542,120.085600,13,8.923961e-04
6543,120.099469,12,9.738607e-04
6544,120.113341,13,8.935110e-04
6545,120.127215,12,9.740369e-04
6546,120.141093,13,8.918748e-04
6547,120.154973,12,9.752283e-04
6548,120.168855,13,8.926404e-04
6549,120.182741,12,9.760152e-04
6550,120.196629,13,8.951675e-04
6551,120.210520,12,9.777185e-04
6552,120.224414,13,8.938837e-04
6553,120.238311,12,9.770672e-04
6554,120.252210,13,8.908746e-04
6555,120.266112,12,9.744096e-04
6556,120.280017,13,8.860447e-04
6557,120.293924,12,9.727060e-04
6558,120.307834,13,8.845173e-04
6559,120.321747,12,9.748840e-04
6560,120.335663,13,8.895808e-04
6561,120.349581,12,9.833410e-04
6562,120.363502,13,9.023334e-04
6563,120.377426,12,9.963218e-04
6564,120.391352,13,9.212159e-04
6565,120.405281,13,9.015788e-04
6566,120.419212,13,8.878432e-04
6567,120.433146,13,8.921493e-04
6568,120.447083,13,8.902408e-04
6569,120.461022,13,8.873764e-04
6570,120.474964,12,9.995669e-04
6571,120.488908,13,9.191772e-04
6572,120.502855,12,9.858826e-04
6573,120.516804,13,8.954481e-04
6574,120.530756,12,9.563763e-04
6575,120.544710,12,9.826991e-04
6576,120.558666,12,9.666692e-04
6577,120.572625,12,9.378072e-04
6578,120.586585,12,9.200786e-04
6579,120.600549,12,9.057275e-04
6580,120.614514,12,8.959362e-04
6581,120.628482,12,8.920294e-04
6582,120.642452,12,8.949410e-04
6583,120.656424,12,9.043383e-04
6584,120.670398,12,9.207461e-04
6585,120.684374,12,9.445565e-04
6586,120.698352,12,9.763944e-04
6587,120.712332,13,9.012273e-04
6588,120.726314,12,9.981120e-04
6589,120.740298,13,9.850481e-04
6590,120.754283,26,9.657288e-04
6591,120.768271,13,9.246621e-04
6592,120.782260,13,9.950556e-04
6593,120.796251,12,9.952480e-04
6594,120.810243,13,8.971756e-04
6595,120.824238,12,9.910064e-04
6596,120.838233,13,9.810070e-04
6597,120.852231,15,9.941807e-04
6598,120.866229,12,9.375291e-04
6599,120.880229,24,9.170552e-04
6600,120.894231,12,8.736344e-04
6601,120.908233,23,9.749094e-04
6602,120.922237,11,9.986419e-04
6603,120.936242,22,8.919339e-04
6604,120.950249,11,8.468522e-04
6605,120.964256,12,9.517595e-04
6606,120.978265,12,9.854805e-04
6607,120.992274,13,8.828500e-04
6608,121.006284,13,9.281956e-04
6609,121.020295,13,9.859311e-04
6610,121.034307,25,9.972745e-04
6611,121.048320,13,9.148316e-04
6612,121.062333,13,9.047370e-04
6613,121.076348,12,9.072158e-04
6614,121.090362,12,9.982643e-04
6615,121.104377,13,9.016447e-04
6616,121.118393,12,9.876138e-04
6617,121.132409,13,9.580600e-04
6618,121.146426,13,9.562098e-04
6619,121.160442,13,9.365577e-04
6620,121.174459,13,9.458262e-04
6621,121.188476,13,9.544087e-04
6622,121.202494,13,9.585234e-04
6623,121.216511,13,9.479937e-04
6624,121.230528,13,9.234319e-04
6625,121.244546,12,9.914971e-04
6626,121.258563,13,9.114341e-04
6627,121.272580,12,9.675171e-04
6628,121.286596,13,8.959553e-04
6629,121.300613,12,9.691355e-04
6630,121.314629,13,9.041806e-04
6631,121.328645,12,9.804938e-04
6632,121.342660,13,9.187754e-04
6633,121.356674,12,9.924551e-04
6634,121.370689,13,9.277809e-04
6635,121.384702,12,9.920892e-04
6636,121.398715,13,9.184296e-04
6637,121.412727,12,9.811474e-04
6638,121.426738,13,9.003027e-04
6639,121.440748,12,9.655297e-04
6640,121.454757,13,8.846118e-04
6641,121.468766,12,9.575338e-04
6642,121.482773,13,8.794810e-04
6643,121.496779,12,9.552706e-04
6644,121.510784,13,8.796898e-04
6645,121.524788,12,9.566078e-04
6646,121.538791,13,8.803563e-04
6647,121.552792,12,9.542241e-04
6648,121.566792,12,9.979394e-04
6649,121.580791,13,8.933608e-04
6650,121.594788,12,9.488159e-04
6651,121.608783,13,8.901288e-04
6652,121.622778,12,9.711712e-04
6653,121.636770,13,9.086388e-04
6654,121.650761,12,9.932012e-04
6655,121.664750,13,9.446083e-04
6656,121.678737,13,9.582664e-04
6657,121.692723,13,9.616657e-04
6658,121.706706,13,9.901282e-04
6659,121.720688,14,9.991299e-04
6660,121.734668,13,9.935905e-04
6661,121.748646,27,9.192873e-04
6662,121.762622,13,9.226979e-04
6663,121.776596,13,9.710528e-04
6664,121.790568,13,8.942032e-04
6665,121.804538,13,8.899242e-04
6666,121.818506,13,9.357692e-04
6667,121.832471,14,9.796601e-04
6668,121.846434,20,9.250674e-04
6669,121.860395,11,7.840114e-04
6670,121.874354,13,8.476083e-04
6671,121.888311,27,9.277385e-04
6672,121.902265,12,9.608551e-04
6673,121.916216,23,9.032794e-04
6674,121.930166,11,9.268633e-04
6675,121.944112,14,9.343450e-04
6676,121.958057,14,9.880345e-04
6677,121.971999,13,9.705327e-04
6678,121.985938,25,9.060053e-04
6679,121.999875,12,9.684754e-04
6680,122.013809,14,9.369436e-04
6681,122.027741,12,9.748303e-04
6682,122.041670,14,9.389150e-04
6683,122.055597,20,9.871061e-04
6684,122.069520,11,8.860630e-04
6685,122.083442,13,8.949150e-04
6686,122.097360,24,9.946224e-04
6687,122.111276,12,7.940750e-04
6688,122.125189,13,8.484040e-04
6689,122.139099,13,9.713398e-04
6690,122.153007,13,9.754021e-04
6691,122.166912,13,9.680125e-04
6692,122.180814,13,9.895040e-04
6693,122.194714,14,9.602917e-04
6694,122.208611,13,9.809338e-04
6695,122.222505,14,9.598234e-04
6696,122.236396,13,9.968147e-04
6697,122.250284,14,9.709921e-04
6698,122.264170,14,9.657920e-04
6699,122.278053,13,9.912400e-04
6700,122.291934,14,9.887181e-04
6701,122.305811,14,9.733776e-04
6702,122.319687,13,9.933559e-04
6703,122.333559,14,9.853235e-04
6704,122.347429,14,9.693184e-04
6705,122.361296,13,9.938880e-04
6706,122.375160,14,9.897010e-04
6707,122.389022,14,9.743319e-04
6708,122.402881,13,9.945140e-04
6709,122.416738,14,9.950193e-04
6710,122.430592,14,9.881274e-04
6711,122.444444,14,9.613026e-04
6712,122.458293,14,9.746644e-04
6713,122.472139,14,9.936283e-04
6714,122.485984,24,9.509464e-04
6715,122.499825,12,8.286931e-04
6716,122.513665,12,9.855981e-04
6717,122.527502,13,8.946886e-04
6718,122.541337,14,9.198520e-04
6719,122.555169,19,9.870974e-04
6720,122.569000,11,9.502760e-04
6721,122.582828,26,9.243342e-04
6722,122.596654,12,8.880121e-04
6723,122.610478,13,9.780203e-04
6724,122.624299,14,8.964174e-04
6725,122.638119,13,9.960716e-04
6726,122.651937,23,9.814002e-04
6727,122.665753,12,9.493887e-04
6728,122.679566,14,9.350740e-04
6729,122.693378,30,9.668710e-04
6730,122.707189,13,9.732478e-04
6731,122.720997,14,9.332431e-04
6732,122.734804,14,9.716271e-04
6733,122.748609,14,9.825621e-04
6734,122.762412,20,9.910132e-04
6735,122.776214,12,8.533345e-04
6736,122.790015,27,9.168230e-04
6737,122.803814,13,9.408674e-04
6738,122.817612,20,9.844123e-04
6739,122.831408,11,9.096263e-04
6740,122.845203,25,9.762408e-04
6741,122.858997,12,8.380428e-04
6742,122.872790,13,8.912126e-04
6743,122.886581,14,9.957357e-04
6744,122.900372,27,9.778963e-04
6745,122.914162,13,9.258949e-04
6746,122.927950,12,9.431933e-04
6747,122.941738,13,9.007221e-04
6748,122.955526,14,9.391711e-04
6749,122.969312,14,9.993549e-04
6750,122.983098,22,9.881203e-04
6751,122.996884,11,9.639979e-04
6752,123.010669,13,8.631931e-04
6753,123.024453,13,9.193762e-04
6754,123.038237,14,9.670169e-04
6755,123.052021,22,9.701607e-04
6756,123.065805,11,9.604406e-04
6757,123.079589,12,9.640451e-04
6758,123.093372,13,8.904557e-04
6759,123.107155,15,9.942371e-04
6760,123.120939,13,9.704425e-04
6761,123.134723,20,9.987971e-04
6762,123.148506,11,7.975481e-04
6763,123.162291,12,9.417837e-04
6764,123.176075,13,9.664341e-04
6765,123.189860,20,9.544366e-04
6766,123.203645,11,8.192404e-04
6767,123.217431,12,9.346755e-04
6768,123.231217,14,9.283413e-04
6769,123.245004,19,9.573113e-04
6770,123.258791,10,9.756729e-04
6771,123.272580,12,9.613125e-04
6772,123.286369,13,9.904667e-04
6773,123.300159,17,9.984321e-04
6774,123.313950,10,9.870632e-04
6775,123.327742,13,9.726654e-04
6776,123.341535,20,9.967353e-04
6777,123.355329,11,8.118222e-04
6778,123.369124,12,9.087993e-04
6779,123.382921,13,9.208768e-04
6780,123.396719,13,9.804329e-04
6781,123.410518,14,9.598463e-04
6782,123.424318,13,9.674261e-04
6783,123.438120,14,9.458336e-04
6784,123.451924,13,9.703858e-04
6785,123.465729,13,9.922304e-04
6786,123.479536,14,9.612719e-04
6787,123.493344,13,9.430223e-04
6788,123.507154,13,9.639132e-04
6789,123.520966,13,9.711935e-04
6790,123.534779,13,9.506742e-04
6791,123.548595,13,9.353111e-04
6792,123.562412,13,9.186204e-04
6793,123.576231,13,9.047415e-04
6794,123.590052,13,8.959227e-04
6795,123.603876,13,8.945741e-04
6796,123.617701,13,9.023050e-04
6797,123.631528,13,9.200788e-04
6798,123.645358,13,9.481837e-04
6799,123.659190,13,9.860704e-04
6800,123.673023,28,9.314750e-04
6801,123.686860,14,9.379761e-04
6802,123.700698,12,9.767271e-04
6803,123.714539,13,9.305974e-04
6804,123.728382,13,9.076300e-04
6805,123.742227,13,8.944291e-04
6806,123.756075,13,9.552412e-04
6807,123.769926,19,9.642674e-04
6808,123.783779,10,9.738025e-04
6809,123.797634,13,9.587306e-04
6810,123.811491,29,9.887505e-04
6811,123.825352,21,9.600040e-04
6812,123.839215,12,9.384924e-04
6813,123.853080,17,9.984410e-04
6814,123.866948,10,9.729137e-04
6815,123.880818,13,9.395807e-04
6816,123.894691,15,9.585139e-04
6817,123.908567,12,9.429247e-04
6818,123.922445,26,9.367499e-04
6819,123.936326,20,9.905292e-04
6820,123.950209,12,9.926242e-04
6821,123.964095,14,9.988446e-04
6822,123.977984,13,9.573012e-04
6823,123.991875,14,9.597458e-04
6824,124.005769,26,9.458770e-04
6825,124.019665,13,9.845723e-04
6826,124.033564,14,9.944385e-04
6827,124.047466,12,9.185616e-04
6828,124.061370,13,9.321699e-04
6829,124.075276,13,9.620606e-04
6830,124.089186,13,9.771407e-04
6831,124.103098,13,9.963380e-04
6832,124.117012,13,9.668069e-04
6833,124.130929,13,9.260128e-04
6834,124.144848,13,9.054002e-04
6835,124.158770,13,9.104318e-04
6836,124.172695,13,9.309666e-04
6837,124.186622,13,9.538191e-04
6838,124.200551,13,9.703976e-04
6839,124.214483,13,9.794763e-04
6840,124.228417,13,9.846433e-04
6841,124.242354,13,9.918613e-04
6842,124.256293,14,9.594035e-04
6843,124.270234,13,9.715338e-04
6844,124.284178,14,9.824576e-04
6845,124.298123,25,9.538237e-04
6846,124.312072,12,9.132810e-04
6847,124.326022,13,8.773732e-04
6848,124.339975,12,9.427729e-04
6849,124.353929,13,8.749141e-04
6850,124.367886,13,9.155395e-04
6851,124.381845,14,9.874173e-04
6852,124.395807,21,9.266957e-04
6853,124.409770,11,8.248893e-04
6854,124.423735,12,9.797148e-04
6855,124.437702,13,9.578901e-04
6856,124.451671,25,9.893302e-04
6857,124.465642,12,8.619274e-04
6858,124.479615,12,8.537383e-04
6859,124.493589,12,9.971465e-04
6860,124.507566,14,9.662661e-04
6861,124.521544,13,9.895697e-04
6862,124.535523,20,9.928343e-04
6863,124.549505,10,9.739412e-04
6864,124.563488,12,9.532449e-04
6865,124.577472,13,9.775505e-04
6866,124.591458,23,9.408746e-04
6867,124.605445,11,9.098067e-04
6868,124.619434,12,8.677576e-04
6869,124.633424,13,8.694459e-04
6870,124.647415,13,9.987807e-04
6871,124.661407,21,9.902019e-04
6872,124.675401,11,8.720380e-04
6873,124.689396,12,9.617477e-04
6874,124.703391,13,9.780720e-04
6875,124.717388,24,9.718281e-04
6876,124.731386,12,8.266895e-04
6877,124.745384,12,9.051185e-04
6878,124.759384,13,8.564187e-04
6879,124.773384,13,8.969673e-04
6880,124.787385,13,9.042589e-04
6881,124.801387,13,9.240608e-04
6882,124.815389,13,9.538091e-04
6883,124.829392,13,9.931154e-04
6884,124.843395,26,9.135235e-04
6885,124.857399,13,9.216382e-04
6886,124.871403,20,9.854292e-04
6887,124.885408,11,8.423243e-04
6888,124.899413,13,9.791167e-04
6889,124.913418,14,9.639904e-04
6890,124.927424,12,8.854271e-04
6891,124.941430,12,9.919094e-04
6892,124.955435,12,9.923979e-04
6893,124.969441,12,9.945837e-04
6894,124.983447,13,9.073816e-04
6895,124.997453,13,9.061823e-04
6896,125.011458,13,8.976157e-04
6897,125.025464,12,9.938593e-04
6898,125.039469,13,8.798958e-04
6899,125.053474,12,9.319303e-04
6900,125.067479,12,9.602509e-04
6901,125.081484,12,9.493116e-04
6902,125.095488,12,9.337519e-04
6903,125.109491,12,9.367006e-04
6904,125.123495,12,9.471894e-04
6905,125.137497,12,9.633694e-04
6906,125.151499,12,9.823924e-04
6907,125.165501,13,8.682873e-04
6908,125.179501,12,9.542416e-04
6909,125.193501,13,8.851557e-04
6910,125.207500,12,9.760197e-04
6911,125.221499,13,8.967024e-04
6912,125.235496,12,9.893955e-04
6913,125.249492,13,9.139191e-04
6914,125.263488,13,8.968625e-04
6915,125.277482,13,8.894946e-04
6916,125.291476,13,9.091877e-04
6917,125.305468,13,9.271582e-04
6918,125.319459,13,9.462831e-04
6919,125.333448,13,9.619042e-04
6920,125.347437,13,9.721283e-04
6921,125.361424,13,9.764373e-04
6922,125.375410,13,9.749706e-04
6923,125.389394,13,9.693184e-04
6924,125.403377,13,9.604390e-04
6925,125.417358,13,9.476158e-04
6926,125.431338,13,9.320787e-04
6927,125.445316,13,9.148805e-04
6928,125.459293,13,8.968778e-04
6929,125.473268,13,8.790291e-04
6930,125.487241,12,9.863957e-04
6931,125.501212,13,8.863264e-04
6932,125.515182,12,9.592412e-04
6933,125.529150,13,8.616195e-04
6934,125.543116,12,9.432946e-04
6935,125.557080,12,9.832706e-04
6936,125.571042,12,9.819961e-04
6937,125.585002,12,9.693110e-04
6938,125.598960,12,9.658872e-04
6939,125.612916,12,9.611246e-04
6940,125.626870,12,9.574183e-04
6941,125.640822,12,9.537754e-04
6942,125.654772,12,9.497903e-04
6943,125.668720,12,9.454698e-04
6944,125.682665,12,9.407778e-04
6945,125.696609,12,9.342902e-04
6946,125.710550,12,9.275481e-04
6947,125.724489,12,9.206192e-04
6948,125.738426,12,9.132011e-04
6949,125.752360,12,9.057439e-04
6950,125.766292,12,8.975873e-04
6951,125.780222,12,8.892828e-04
6952,125.794150,12,8.809088e-04
6953,125.808075,12,8.735596e-04
6954,125.821998,12,8.689342e-04
6955,125.835918,12,8.666489e-04
6956,125.849836,12,8.674522e-04
6957,125.863752,12,8.704045e-04
6958,125.877666,12,8.765658e-04
6959,125.891576,12,8.870558e-04
6960,125.905485,12,8.994538e-04
6961,125.919391,12,9.116808e-04
6962,125.933295,12,9.230933e-04
6963,125.947196,12,9.327127e-04
6964,125.961095,12,9.401712e-04
6965,125.974991,12,9.450379e-04
6966,125.988885,12,9.473994e-04
6967,126.002776,12,9.469709e-04
6968,126.016665,12,9.438557e-04
6969,126.030552,12,9.381622e-04
6970,126.044436,12,9.289714e-04
6971,126.058318,12,9.170631e-04
6972,126.072197,12,9.038749e-04
6973,126.086074,12,8.906727e-04
6974,126.099949,12,8.774492e-04
6975,126.113821,12,8.656627e-04
6976,126.127691,12,8.572367e-04
6977,126.141558,12,8.543910e-04
6978,126.155423,12,8.577768e-04
6979,126.169286,12,8.673590e-04
6980,126.183146,12,8.832498e-04
6981,126.197004,12,9.052762e-04
6982,126.210860,12,9.331375e-04
6983,126.224714,12,9.658005e-04
6984,126.238565,13,8.869594e-04
6985,126.252415,12,9.778958e-04
6986,126.266262,13,9.505834e-04
6987,126.280107,13,9.700015e-04
6988,126.293950,13,9.634979e-04
6989,126.307791,13,9.775315e-04
6990,126.321630,13,9.843277e-04
6991,126.335467,13,9.914528e-04
6992,126.349302,13,9.980693e-04
6993,126.363135,14,9.771975e-04
6994,126.376966,13,9.498552e-04
6995,126.390795,13,9.649249e-04
6996,126.404623,13,9.971031e-04
6997,126.418448,13,9.988037e-04
6998,126.432272,14,9.816286e-04
6999,126.446095,13,9.542540e-04
7000,126.459915,13,9.752292e-04
7001,126.473735,14,9.864974e-04
7002,126.487552,13,9.606461e-04
7003,126.501368,13,9.857891e-04
7004,126.515183,25,9.748403e-04
7005,126.528996,12,8.798186e-04
7006,126.542808,12,9.271919e-04
7007,126.556618,12,9.608229e-04
7008,126.570428,13,8.809500e-04
7009,126.584236,13,9.499305e-04
7010,126.598043,20,9.534061e-04
7011,126.611848,10,9.850263e-04
7012,126.625653,12,9.550880e-04
7013,126.639457,13,9.754806e-04
7014,126.653260,27,9.635046e-04
7015,126.667061,13,8.308111e-04
7016,126.680862,12,8.962797e-04
7017,126.694663,13,8.945725e-04
7018,126.708462,13,9.143389e-04
7019,126.722261,13,9.303942e-04
7020,126.736059,14,9.406268e-04
7021,126.749857,14,9.957960e-04
7022,126.763654,24,9.461956e-04
7023,126.777450,12,9.103450e-04
7024,126.791247,14,9.683811e-04
7025,126.805043,14,9.822610e-04
7026,126.818838,14,9.474996e-04
7027,126.832634,24,9.726101e-04
7028,126.846429,12,8.978206e-04
7029,126.860224,13,8.361973e-04
7030,126.874019,13,8.923447e-04
7031,126.887814,14,9.748412e-04
7032,126.901610,19,9.630804e-04
7033,126.915405,11,8.528359e-04
7034,126.929201,13,9.181405e-04
7035,126.942997,25,9.742418e-04
7036,126.956793,12,8.519257e-04
7037,126.970589,12,9.544612e-04
7038,126.984387,13,8.889589e-04
7039,126.998184,13,8.887400e-04
7040,127.011982,13,9.561093e-04
7041,127.025781,20,9.727904e-04
7042,127.039580,11,8.350735e-04
7043,127.053380,12,9.908660e-04
7044,127.067181,13,9.489591e-04
7045,127.080983,13,9.824999e-04
7046,127.094786,25,9.867188e-04
7047,127.108589,12,9.469024e-04
7048,127.122394,13,8.532171e-04
7049,127.136200,12,9.290164e-04
7050,127.150006,13,8.688688e-04
7051,127.163814,12,9.680424e-04
7052,127.177623,13,8.993914e-04
7053,127.191433,12,9.905746e-04
7054,127.205245,13,9.320108e-04
7055,127.219058,13,9.235339e-04
7056,127.232872,13,9.197327e-04
7057,127.246688,13,9.559023e-04
7058,127.260505,14,9.632071e-04
7059,127.274323,14,9.926682e-04
7060,127.288143,14,9.832855e-04
7061,127.301965,14,9.810599e-04
7062,127.315788,13,9.992895e-04
7063,127.329613,28,9.323815e-04
7064,127.343440,13,9.540375e-04
7065,127.357268,13,9.724584e-04
7066,127.371098,14,9.439465e-04
7067,127.384930,29,9.639438e-04
7068,127.398764,13,9.954102e-04
7069,127.412599,24,9.914765e-04
7070,127.426437,19,9.856288e-04
7071,127.440276,12,9.305921e-04
7072,127.454117,14,9.258053e-04
7073,127.467960,26,9.242664e-04
7074,127.481806,12,9.878661e-04
7075,127.495653,13,9.134797e-04
7076,127.509502,12,9.600815e-04
7077,127.523353,13,8.797005e-04
7078,127.537206,14,9.502263e-04
7079,127.551062,23,9.715796e-04
7080,127.564919,11,9.767202e-04
7081,127.578779,13,8.320596e-04
7082,127.592640,12,9.408361e-04
7083,127.606504,13,9.152633e-04
7084,127.620370,23,9.614147e-04
7085,127.634239,11,9.963703e-04
7086,127.648109,12,9.485208e-04
7087,127.661981,13,8.740254e-04
7088,127.675856,14,9.972684e-04
7089,127.689733,22,9.825324e-04
7090,127.703612,11,9.639366e-04
7091,127.717494,12,9.988499e-04
7092,127.731377,13,9.184825e-04
7093,127.745263,23,9.840000e-04
7094,127.759151,12,8.285004e-04
7095,127.773041,13,8.355331e-04
7096,127.786933,15,9.889755e-04
7097,127.800828,21,9.717641e-04
7098,127.814724,11,8.942715e-04
7099,127.828623,13,8.029746e-04
7100,127.842524,13,9.743971e-04
7101,127.856427,20,9.958236e-04
7102,127.870333,11,8.961194e-04
7103,127.884240,13,9.415163e-04
7104,127.898149,26,9.456535e-04
7105,127.912061,12,9.601388e-04
7106,127.925975,12,9.759233e-04
7107,127.939890,13,9.049537e-04
7108,127.953808,13,9.558615e-04
7109,127.967728,14,9.998673e-04
7110,127.981650,21,9.254385e-04
7111,127.995573,11,9.296286e-04
7112,128.009499,13,9.087005e-04
7113,128.023427,15,9.745629e-04
7114,128.037357,26,9.882629e-04
7115,128.051288,13,8.313049e-04
7116,128.065221,12,9.635260e-04
7117,128.079157,13,9.428691e-04
7118,128.093094,14,9.612286e-04
7119,128.107033,14,9.653978e-04
7120,128.120973,14,9.696794e-04
7121,128.134916,14,9.884349e-04
7122,128.148860,14,9.854185e-04
7123,128.162806,14,9.664337e-04
7124,128.176753,13,9.820711e-04
7125,128.190702,14,9.526188e-04
7126,128.204653,13,9.623038e-04
7127,128.218605,13,9.805613e-04
7128,128.232559,14,9.584789e-04
7129,128.246514,13,9.628973e-04
7130,128.260471,14,9.622976e-04
7131,128.274429,13,9.983687e-04
7132,128.288389,14,9.933281e-04
7133,128.302350,26,9.875814e-04
7134,128.316312,13,8.736945e-04
7135,128.330276,13,9.250444e-04
7136,128.344241,12,9.818736e-04
7137,128.358207,13,9.434079e-04
7138,128.372174,14,9.460545e-04
7139,128.386142,19,9.951822e-04
7140,128.400112,10,9.792848e-04
7141,128.414082,13,8.231781e-04
7142,128.428054,13,9.506804e-04
7143,128.442026,14,9.756435e-04
7144,128.456000,14,9.886992e-04
7145,128.469974,13,9.522945e-04
7146,128.483949,13,9.619051e-04
7147,128.497925,13,9.450249e-04
7148,128.511901,13,9.084713e-04
7149,128.525879,12,9.949452e-04
7150,128.539857,13,9.212630e-04
7151,128.553835,12,9.798707e-04
7152,128.567814,13,9.131855e-04
7153,128.581794,12,9.803171e-04
7154,128.595774,13,9.130285e-04
7155,128.609754,12,9.768671e-04
7156,128.623735,13,9.101439e-04
7157,128.637716,12,9.753882e-04
7158,128.651698,13,9.094459e-04
7159,128.665679,12,9.736873e-04
7160,128.679661,13,9.049565e-04
7161,128.693643,12,9.705175e-04
7162,128.707625,13,9.064568e-04
7163,128.721607,12,9.810862e-04
7164,128.735589,13,9.242594e-04
7165,128.749570,13,9.117701e-04
7166,128.763552,12,9.923618e-04
7167,128.777534,13,9.539778e-04
7168,128.791515,13,9.475762e-04
7169,128.805496,13,9.311651e-04
7170,128.819477,13,9.426713e-04
7171,128.833458,13,9.483096e-04
7172,128.847438,13,9.547355e-04
7173,128.861417,13,9.613712e-04
7174,128.875396,13,9.674825e-04
7175,128.889375,13,9.721688e-04
7176,128.903353,13,9.750704e-04
7177,128.917331,13,9.764090e-04
7178,128.931308,13,9.773743e-04
7179,128.945284,13,9.778402e-04
7180,128.959259,13,9.771288e-04
7181,128.973234,13,9.746527e-04
7182,128.987208,13,9.699913e-04
7183,129.001181,13,9.632709e-04
7184,129.015153,13,9.549707e-04
7185,129.029124,13,9.457388e-04
7186,129.043094,13,9.375566e-04
7187,129.057063,13,9.320434e-04
7188,129.071031,13,9.277712e-04
7189,129.084998,13,9.240438e-04
7190,129.098964,13,9.216541e-04
7191,129.112929,13,9.224177e-04
7192,129.126893,13,9.263580e-04
7193,129.140855,13,9.321744e-04
7194,129.154816,13,9.403814e-04
7195,129.168776,13,9.528142e-04
7196,129.182734,13,9.686219e-04
7197,129.196691,13,9.860941e-04
7198,129.210647,14,9.702075e-04
7199,129.224601,13,9.676293e-04
7200,129.238554,13,9.958523e-04
7201,129.252505,27,9.314514e-04
7202,129.266454,13,8.857752e-04
7203,129.280403,12,9.782012e-04
7204,129.294349,13,9.124649e-04
7205,129.308294,13,8.999427e-04
7206,129.322237,13,9.085581e-04
7207,129.336179,13,9.607528e-04
7208,129.350119,14,9.610943e-04
7209,129.364057,14,9.783912e-04
7210,129.377994,24,9.232342e-04
7211,129.391928,12,9.040096e-04
7212,129.405861,14,9.945648e-04
7213,129.419792,13,9.727535e-04
7214,129.433722,13,9.591198e-04
7215,129.447649,27,9.665165e-04
7216,129.461575,13,9.550728e-04
7217,129.475498,12,8.788329e-04
7218,129.489420,12,9.779378e-04
7219,129.503340,14,9.229503e-04
7220,129.517258,14,9.994891e-04
7221,129.531174,13,9.642701e-04
7222,129.545088,14,9.843059e-04
7223,129.559000,24,9.885860e-04
7224,129.572910,12,9.197473e-04
7225,129.586819,14,9.280178e-04
7226,129.600725,12,9.722884e-04
7227,129.614629,14,9.364172e-04
7228,129.628531,24,9.759524e-04
7229,129.642432,12,9.469479e-04
7230,129.656330,13,8.842489e-04
7231,129.670226,13,9.712199e-04
7232,129.684120,25,9.574966e-04
7233,129.698013,12,9.031316e-04
7234,129.711903,12,9.616649e-04
7235,129.725791,14,9.216292e-04
7236,129.739678,20,9.707303e-04
7237,129.753562,11,8.128555e-04
7238,129.767444,12,9.826532e-04
7239,129.781325,14,9.541291e-04
7240,129.795203,21,9.886954e-04
7241,129.809080,11,9.356043e-04
7242,129.822954,13,8.441889e-04
7243,129.836827,14,9.226375e-04
7244,129.850697,17,9.900315e-04
7245,129.864566,11,9.391189e-04
7246,129.878433,14,9.904762e-04
7247,129.892298,19,9.975659e-04
7248,129.906162,11,8.274816e-04
7249,129.920023,13,8.170719e-04
7250,129.933883,13,9.795670e-04
7251,129.947741,14,9.504573e-04
7252,129.961597,14,9.478539e-04
7253,129.975451,13,9.842826e-04
7254,129.989304,14,9.621501e-04
7255,130.003155,13,9.833066e-04
7256,130.017005,14,9.323039e-04
7257,130.030853,13,9.523391e-04
7258,130.044699,13,9.664290e-04
7259,130.058544,13,9.711279e-04
7260,130.072387,13,9.521956e-04
7261,130.086229,13,9.395454e-04
7262,130.100069,13,9.233235e-04
7263,130.113908,13,9.061454e-04
7264,130.127746,13,8.868164e-04
7265,130.141582,12,9.933591e-04
7266,130.155417,13,8.954367e-04
7267,130.169251,12,9.640231e-04
7268,130.183084,13,8.708408e-04
7269,130.196915,12,9.487144e-04
7270,130.210746,12,9.943976e-04
7271,130.224575,13,8.644684e-04
7272,130.238403,12,9.325298e-04
7273,130.252231,12,9.997800e-04
7274,130.266057,13,8.846230e-04
7275,130.279883,12,9.521762e-04
7276,130.293707,13,9.002515e-04
7277,130.307531,12,9.915289e-04
7278,130.321355,13,9.406308e-04
7279,130.335177,13,9.440219e-04
7280,130.348999,13,9.404659e-04
7281,130.362821,13,9.607992e-04
7282,130.376641,13,9.747814e-04
7283,130.390462,13,9.880271e-04
7284,130.404282,13,9.995511e-04
7285,130.418101,14,9.684460e-04
7286,130.431920,13,9.529803e-04
7287,130.445739,13,9.763449e-04
7288,130.459558,14,9.588036e-04
7289,130.473376,13,9.431223e-04
7290,130.487194,13,9.683906e-04
7291,130.501013,13,9.920150e-04
7292,130.514831,13,9.858495e-04
7293,130.528649,13,9.827275e-04
7294,130.542467,13,9.744442e-04
7295,130.556285,13,9.644428e-04
7296,130.570104,13,9.539115e-04
7297,130.583923,13,9.464251e-04
7298,130.597742,13,9.431648e-04
7299,130.611561,13,9.434085e-04
7300,130.625381,13,9.480182e-04
7301,130.639201,13,9.577673e-04
7302,130.653021,13,9.730702e-04
7303,130.666842,13,9.935078e-04
7304,130.680664,14,9.924217e-04
7305,130.694486,13,9.950887e-04
7306,130.708309,14,9.970427e-04
7307,130.722133,27,9.702153e-04
7308,130.735957,13,9.492968e-04
7309,130.749782,15,9.890807e-04
7310,130.763608,12,9.452723e-04
7311,130.777435,15,9.974782e-04
7312,130.791263,12,9.859972e-04
7313,130.805092,21,9.750405e-04
7314,130.818922,11,7.798286e-04
7315,130.832753,12,9.293837e-04
7316,130.846585,14,9.158200e-04
7317,130.860419,29,9.586395e-04
7318,130.874253,14,9.644769e-04
7319,130.888089,22,9.376686e-04
7320,130.901926,11,9.518872e-04
7321,130.915764,21,8.912887e-04
7322,130.929604,10,9.891638e-04
7323,130.943446,12,9.392087e-04
7324,130.957288,12,9.789295e-04
7325,130.971132,13,9.382802e-04
7326,130.984978,25,9.981158e-04
7327,130.998826,13,9.020510e-04
7328,131.012674,12,9.223362e-04
7329,131.026525,12,9.898286e-04
7330,131.040377,14,9.334041e-04
7331,131.054231,12,9.820692e-04
7332,131.068087,13,9.841978e-04
7333,131.081944,13,9.552501e-04
7334,131.095803,12,9.863456e-04
7335,131.109664,13,9.732629e-04
7336,131.123527,14,9.970814e-04
7337,131.137392,13,9.803526e-04
7338,131.151258,28,9.015480e-04
7339,131.165126,13,9.351336e-04
7340,131.178997,25,9.488989e-04
7341,131.192869,20,9.027892e-04
7342,131.206743,11,8.698454e-04
7343,131.220619,13,9.105452e-04
7344,131.234497,13,9.371106e-04
7345,131.248377,13,9.984723e-04
7346,131.262259,25,9.753544e-04
7347,131.276143,13,9.132115e-04
7348,131.290029,14,9.653212e-04
7349,131.303917,13,9.810308e-04
7350,131.317807,22,9.944735e-04
7351,131.331700,11,9.282338e-04
7352,131.345594,13,9.022272e-04
7353,131.359490,23,9.273919e-04
7354,131.373388,11,9.057803e-04
7355,131.387289,12,9.942466e-04
7356,131.401191,14,8.967598e-04
7357,131.415095,13,9.351784e-04
7358,131.429002,14,9.708435e-04
7359,131.442911,23,9.878058e-04
7360,131.456821,11,9.925463e-04
7361,131.470734,13,8.221493e-04
7362,131.484649,12,9.280455e-04
7363,131.498565,13,8.861107e-04
7364,131.512484,13,9.693465e-04
7365,131.526405,20,9.821566e-04
7366,131.540328,11,8.239269e-04
7367,131.554253,12,9.707270e-04
7368,131.568180,13,9.273984e-04
7369,131.582109,13,9.949805e-04
7370,131.596040,23,9.740319e-04
7371,131.609972,11,9.717534e-04
7372,131.623907,12,9.448563e-04
7373,131.637844,12,9.251313e-04
7374,131.651783,12,9.492820e-04
7375,131.665723,13,8.528495e-04
7376,131.679666,12,9.799888e-04
7377,131.693610,13,9.726862e-04
7378,131.707556,13,9.936287e-04
7379,131.721505,13,9.674606e-04
7380,131.735454,13,9.463408e-04
7381,131.749406,13,9.150426e-04
7382,131.763359,12,9.991585e-04
7383,131.777315,13,9.173087e-04
7384,131.791271,12,9.841148e-04
7385,131.805230,13,9.069234e-04
7386,131.819190,12,9.862108e-04
7387,131.833152,13,9.140869e-04
7388,131.847116,12,9.995661e-04
7389,131.861081,13,9.315886e-04
7390,131.875047,13,9.125574e-04
7391,131.889015,13,8.986200e-04
7392,131.902985,13,9.060334e-04
7393,131.916956,13,9.068850e-04
7394,131.930928,13,9.098985e-04
7395,131.944902,13,9.139864e-04
7396,131.958877,13,9.183338e-04
7397,131.972854,13,9.217217e-04
7398,131.986832,13,9.216222e-04
7399,132.000811,13,9.179879e-04
7400,132.014791,13,9.106768e-04
7401,132.028772,13,9.008024e-04
7402,132.042755,13,8.864170e-04
7403,132.056739,12,9.867154e-04
7404,132.070724,13,8.944274e-04
7405,132.084709,12,9.521384e-04
7406,132.098696,12,9.961361e-04
7407,132.112684,12,9.949303e-04
7408,132.126673,12,9.792850e-04
7409,132.140662,12,9.759158e-04
7410,132.154652,12,9.749353e-04
7411,132.168643,12,9.801112e-04
7412,132.182635,12,9.908314e-04
7413,132.196628,13,8.941803e-04
7414,132.210621,12,9.566625e-04
7415,132.224615,13,9.176585e-04
7416,132.238609,12,9.965825e-04
7417,132.252604,13,9.527595e-04
7418,132.266600,13,9.505989e-04
7419,132.280595,13,9.293241e-04
7420,132.294591,13,9.375717e-04
7421,132.308588,13,9.424948e-04
7422,132.322585,13,9.501996e-04
7423,132.336582,13,9.599099e-04
7424,132.350579,13,9.695774e-04
7425,132.364576,13,9.788347e-04
7426,132.378574,13,9.862537e-04
7427,132.392571,13,9.913829e-04
7428,132.406569,13,9.923084e-04
7429,132.420566,13,9.883218e-04
7430,132.434564,13,9.813081e-04
7431,132.448561,13,9.715255e-04
7432,132.462558,13,9.612483e-04
7433,132.476555,13,9.496581e-04
7434,132.490551,13,9.363301e-04
7435,132.504547,13,9.209609e-04
7436,132.518543,13,9.031114e-04
7437,132.532538,12,9.913235e-04
7438,132.546533,13,9.104611e-04
7439,132.560528,12,9.605033e-04
7440,132.574522,12,9.986961e-04
7441,132.588515,12,9.952015e-04
7442,132.602507,12,9.735263e-04
7443,132.616499,12,9.660510e-04
7444,132.630491,12,9.608711e-04
7445,132.644481,12,9.599355e-04
7446,132.658471,12,9.629946e-04
7447,132.672459,12,9.698852e-04
7448,132.686447,12,9.791538e-04
7449,132.700434,12,9.883085e-04
7450,132.714420,12,9.945797e-04
7451,132.728405,12,9.970662e-04
7452,132.742389,12,9.952560e-04
7453,132.756372,12,9.904358e-04
7454,132.770353,12,9.822506e-04
7455,132.784334,12,9.700905e-04
7456,132.798313,12,9.553785e-04
7457,132.812291,12,9.416555e-04
7458,132.826268,12,9.297938e-04
7459,132.840243,12,9.196105e-04
7460,132.854218,12,9.116958e-04
7461,132.868191,12,9.068639e-04
7462,132.882162,12,9.064766e-04
7463,132.896132,12,9.116466e-04
7464,132.910101,12,9.228334e-04
7465,132.924068,12,9.387143e-04
7466,132.938033,12,9.575629e-04
7467,132.951997,12,9.801528e-04
7468,132.965960,13,8.802302e-04
7469,132.979921,12,9.549037e-04
7470,132.993880,13,9.067566e-04
7471,133.007838,12,9.919657e-04
7472,133.021794,13,9.327907e-04
7473,133.035748,13,9.158702e-04
7474,133.049701,12,9.978706e-04
7475,133.063652,13,9.456512e-04
7476,133.077601,13,9.148806e-04
7477,133.091548,12,9.937232e-04
7478,133.105494,13,9.335655e-04
7479,133.119438,13,9.034733e-04
7480,133.133380,12,9.884674e-04
7481,133.147320,13,9.213517e-04
7482,133.161258,12,9.832092e-04
7483,133.175195,13,9.039021e-04
7484,133.189129,12,9.691591e-04
7485,133.203062,13,8.823212e-04
7486,133.216993,12,9.514681e-04
7487,133.230922,12,9.992207e-04
7488,133.244849,13,8.733705e-04
7489,133.258774,12,9.267265e-04
7490,133.272697,12,9.935965e-04
7491,133.286618,13,8.745097e-04
7492,133.300538,12,9.367988e-04
7493,133.314455,13,8.783900e-04
7494,133.328370,12,9.697301e-04
7495,133.342284,13,9.056917e-04
7496,133.356195,12,9.954729e-04
7497,133.370105,13,9.396001e-04
7498,133.384012,13,9.321213e-04
7499,133.397918,13,9.222736e-04
7500,133.411821,13,9.350828e-04
7501,133.425723,13,9.398989e-04
7502,133.439623,13,9.454306e-04
7503,133.453521,13,9.523112e-04
7504,133.467417,13,9.599499e-04
7505,133.481311,13,9.688195e-04
7506,133.495203,13,9.790407e-04
7507,133.509094,13,9.916340e-04
7508,133.522982,14,9.592920e-04
7509,133.536869,13,9.643666e-04
7510,133.550754,14,9.531838e-04
7511,133.564637,13,9.985472e-04
7512,133.578518,14,9.918229e-04
7513,133.592398,24,9.869875e-04
7514,133.606275,12,8.251523e-04
7515,133.620151,12,9.357178e-04
7516,133.634026,12,9.867189e-04
7517,133.647898,13,9.403886e-04
7518,133.661769,14,9.272009e-04
7519,133.675638,14,9.772921e-04
7520,133.689506,21,9.782838e-04
7521,133.703372,11,8.573486e-04
7522,133.717237,13,8.883635e-04
7523,133.731100,28,9.395207e-04
7524,133.744961,12,9.329056e-04
7525,133.758821,12,9.791167e-04
7526,133.772680,16,9.953601e-04
7527,133.786537,11,9.112105e-04
7528,133.800393,14,9.550307e-04
7529,133.814247,13,9.916545e-04
7530,133.828101,13,9.878316e-04
7531,133.841953,24,9.561438e-04
7532,133.855803,12,9.177024e-04
7533,133.869653,13,9.552845e-04
7534,133.883501,13,9.554727e-04
7535,133.897349,14,9.433745e-04
7536,133.911195,21,9.642493e-04
7537,133.925040,11,8.765216e-04
7538,133.938884,12,9.889900e-04
7539,133.952728,13,9.702809e-04
7540,133.966570,15,9.812024e-04
7541,133.980411,11,9.730379e-04
7542,133.994252,14,9.440595e-04
7543,134.008092,13,9.489280e-04
7544,134.021931,12,9.926972e-04
7545,134.035770,13,9.456356e-04
7546,134.049608,13,9.103723e-04
7547,134.063445,12,9.877658e-04
7548,134.077282,13,9.422221e-04
7549,134.091118,13,9.174920e-04
7550,134.104954,12,9.876640e-04
7551,134.118789,13,9.387423e-04
7552,134.132624,12,9.944141e-04
7553,134.146459,13,9.298391e-04
7554,134.160293,12,9.831075e-04
7555,134.174128,13,9.093197e-04
7556,134.187962,12,9.604117e-04
7557,134.201796,13,8.829981e-04
7558,134.215629,12,9.344344e-04
7559,134.229463,12,9.785306e-04
7560,134.243297,12,9.844526e-04
7561,134.257131,12,9.692580e-04
7562,134.270965,12,9.617364e-04
7563,134.284800,12,9.505460e-04
7564,134.298634,12,9.379657e-04
7565,134.312469,12,9.261198e-04
7566,134.326304,12,9.155907e-04
7567,134.340139,12,9.072588e-04
7568,134.353975,12,9.019112e-04
7569,134.367811,12,8.999339e-04
7570,134.381648,12,9.028003e-04
7571,134.395485,12,9.075883e-04
7572,134.409323,12,9.137153e-04
7573,134.423161,12,9.219579e-04
7574,134.437001,12,9.298102e-04
7575,134.450840,12,9.355162e-04
7576,134.464681,12,9.393875e-04
7577,134.478523,12,9.414052e-04
7578,134.492365,12,9.421733e-04
7579,134.506208,12,9.411765e-04
7580,134.520052,12,9.413115e-04
7581,134.533897,12,9.439077e-04
7582,134.547743,12,9.478930e-04
7583,134.561590,12,9.522137e-04
7584,134.575438,12,9.572516e-04
7585,134.589288,12,9.624700e-04
7586,134.603138,12,9.671189e-04
7587,134.616990,12,9.712294e-04
7588,134.630842,12,9.737690e-04
7589,134.644697,12,9.785465e-04
7590,134.658552,12,9.831805e-04
7591,134.672409,12,9.870601e-04
7592,134.686267,12,9.917751e-04
7593,134.700126,12,9.958971e-04
7594,134.713987,12,9.992745e-04
7595,134.727850,13,8.824266e-04
7596,134.741714,12,9.297621e-04
7597,134.755579,12,9.976096e-04
7598,134.769446,13,8.944861e-04
7599,134.783314,12,9.382257e-04
7600,134.797184,13,8.858459e-04
7601,134.811056,12,9.642251e-04
7602,134.824930,13,8.994744e-04
7603,134.838805,12,9.759492e-04
7604,134.852681,13,9.166844e-04
7605,134.866560,12,9.941741e-04
7606,134.880440,13,9.410141e-04
7607,134.894322,13,9.291201e-04
7608,134.908205,13,9.119738e-04
7609,134.922091,13,9.288387e-04
7610,134.935978,13,9.415643e-04
7611,134.949867,13,9.564932e-04
7612,134.963758,13,9.722975e-04
7613,134.977651,13,9.877225e-04
7614,134.991545,14,9.544746e-04
7615,135.005441,13,9.539279e-04
7616,135.019340,13,9.865046e-04
7617,135.033240,14,9.755917e-04
7618,135.047142,13,9.625829e-04
7619,135.061046,13,9.906042e-04
7620,135.074952,14,9.733029e-04
7621,135.088859,13,9.519805e-04
7622,135.102769,13,9.720427e-04
7623,135.116680,13,9.901125e-04
7624,135.130594,13,9.739022e-04
7625,135.144509,13,9.646547e-04
7626,135.158426,13,9.520779e-04
7627,135.172345,13,9.389982e-04
7628,135.186267,13,9.244491e-04
7629,135.200189,13,9.099437e-04
7630,135.214114,12,9.920055e-04
7631,135.228041,13,9.270620e-04
7632,135.241969,12,9.792610e-04
7633,135.255900,13,9.130950e-04
7634,135.269832,12,9.763031e-04
7635,135.283766,13,9.091973e-04
7636,135.297702,12,9.760486e-04
7637,135.311640,13,9.077877e-04
7638,135.325580,12,9.755333e-04
7639,135.339521,13,9.013935e-04
7640,135.353464,12,9.684247e-04
7641,135.367409,13,8.900244e-04
7642,135.381356,12,9.609262e-04
7643,135.395304,13,8.774489e-04
7644,135.409254,12,9.515934e-04
7645,135.423206,13,8.662271e-04
7646,135.437159,12,9.465730e-04
7647,135.451114,13,8.603168e-04
7648,135.465071,12,9.462257e-04
7649,135.479030,13,8.646676e-04
7650,135.492990,12,9.577347e-04
7651,135.506951,13,8.833432e-04
7652,135.520914,12,9.809887e-04
7653,135.534879,13,9.129923e-04
7654,135.548845,13,8.977792e-04
7655,135.562813,13,8.926217e-04
7656,135.576782,13,9.083154e-04
7657,135.590752,13,9.149791e-04
7658,135.604724,13,9.205724e-04
7659,135.618697,13,9.241640e-04
7660,135.632672,13,9.256204e-04
7661,135.646647,13,9.253749e-04
7662,135.660625,13,9.231730e-04
7663,135.674603,13,9.190988e-04
7664,135.688583,13,9.136985e-04
7665,135.702564,13,9.087085e-04
7666,135.716546,13,9.048768e-04
7667,135.730529,13,9.033713e-04
7668,135.744513,13,9.049205e-04
7669,135.758498,13,9.091792e-04
7670,135.772485,13,9.172279e-04
7671,135.786472,13,9.290945e-04
7672,135.800460,13,9.437115e-04
7673,135.814450,13,9.603887e-04
7674,135.828440,13,9.782668e-04
7675,135.842431,13,9.966824e-04
7676,135.856423,14,9.539874e-04
7677,135.870416,13,9.659667e-04
7678,135.884409,14,9.450460e-04
7679,135.898403,13,9.896988e-04
7680,135.912398,14,9.625407e-04
7681,135.926394,14,9.605096e-04
7682,135.940390,13,9.721219e-04
7683,135.954387,14,9.574379e-04
7684,135.968384,13,9.908651e-04
7685,135.982381,14,9.578401e-04
7686,135.996380,13,9.912328e-04
7687,136.010378,14,9.520385e-04
7688,136.024377,13,9.837275e-04
7689,136.038377,14,9.415819e-04
7690,136.052376,13,9.702713e-04
7691,136.066376,13,9.930217e-04
7692,136.080376,14,9.460508e-04
7693,136.094377,13,9.313040e-04
7694,136.108377,13,9.558737e-04
7695,136.122378,13,9.601789e-04
7696,136.136378,13,9.379016e-04
7697,136.150379,13,9.246560e-04
7698,136.164379,13,9.111440e-04
7699,136.178380,13,8.985067e-04
7700,136.192380,13,8.891403e-04
7701,136.206381,12,9.987795e-04
7702,136.220381,13,9.300557e-04
7703,136.234381,12,9.989689e-04
7704,136.248381,13,9.376133e-04
7705,136.262380,13,9.145597e-04
7706,136.276379,13,8.971160e-04
7707,136.290378,13,9.026234e-04
7708,136.304376,13,9.001875e-04
7709,136.318374,13,8.971633e-04
7710,136.332371,13,8.935953e-04
7711,136.346368,12,9.976100e-04
7712,136.360364,13,9.286045e-04
7713,136.374360,12,9.875892e-04
7714,136.388355,13,9.216358e-04
7715,136.402349,12,9.876485e-04
7716,136.416343,13,9.191745e-04
7717,136.430336,12,9.831362e-04
7718,136.444328,13,9.200684e-04
7719,136.458320,12,9.857462e-04
7720,136.472310,13,9.306276e-04
7721,136.486300,12,9.977593e-04
7722,136.500289,13,9.531232e-04
7723,136.514277,13,9.467179e-04
7724,136.528264,13,9.299140e-04
7725,136.542250,13,9.393046e-04
7726,136.556235,13,9.423335e-04
7727,136.570219,13,9.459201e-04
7728,136.584201,13,9.486194e-04
7729,136.598183,13,9.525207e-04
7730,136.612164,13,9.579817e-04
7731,136.626143,13,9.638679e-04
7732,136.640121,13,9.690418e-04
7733,136.654098,13,9.731712e-04
7734,136.668074,13,9.763547e-04
7735,136.682048,13,9.798275e-04
7736,136.696021,13,9.864245e-04
7737,136.709993,13,9.949996e-04
7738,136.723963,14,9.576749e-04
7739,136.737932,12,9.831316e-04
7740,136.751900,14,9.626551e-04
7741,136.765866,13,9.868563e-04
7742,136.779830,13,9.807482e-04
7743,136.793793,14,9.751765e-04
7744,136.807755,12,9.914005e-04
7745,136.821715,14,9.881073e-04
7746,136.835673,22,9.597624e-04
7747,136.849630,11,8.361766e-04
7748,136.863586,12,8.675667e-04
7749,136.877540,12,9.323550e-04
7750,136.891492,13,8.799423e-04
7751,136.905442,13,9.928080e-04
7752,136.919391,20,9.461590e-04
7753,136.933338,10,9.584582e-04
7754,136.947284,12,9.302882e-04
7755,136.961227,13,9.427751e-04
7756,136.975169,20,9.795818e-04
7757,136.989110,10,9.697800e-04
7758,137.003048,12,9.245055e-04
7759,137.016985,14,9.322541e-04
7760,137.030921,19,9.756844e-04
7761,137.044854,10,9.259206e-04
7762,137.058786,12,9.557127e-04
7763,137.072716,14,9.131851e-04
7764,137.086644,20,9.880638e-04
7765,137.100570,10,9.682046e-04
7766,137.114495,12,9.108613e-04
7767,137.128418,13,9.490364e-04
7768,137.142339,18,9.949405e-04
7769,137.156259,10,9.295543e-04
7770,137.170176,13,9.442279e-04
7771,137.184092,24,9.876805e-04
7772,137.198007,12,8.189880e-04
7773,137.211919,12,8.741672e-04
7774,137.225830,12,9.567663e-04
7775,137.239739,13,9.123133e-04
7776,137.253646,13,9.666198e-04
7777,137.267552,14,9.930943e-04
7778,137.281456,21,9.438877e-04
7779,137.295358,11,8.244022e-04
7780,137.309259,12,9.806025e-04
7781,137.323158,13,8.963307e-04
7782,137.337055,13,9.170258e-04
7783,137.350951,14,9.506002e-04
7784,137.364845,13,9.974691e-04
7785,137.378738,14,9.614989e-04
7786,137.392629,12,9.990236e-04
7787,137.406518,13,9.621134e-04
7788,137.420406,13,9.157803e-04
7789,137.434293,12,9.625507e-04
7790,137.448178,13,8.858437e-04
7791,137.462062,12,9.496160e-04
7792,137.475944,13,8.712897e-04
7793,137.489825,12,9.575319e-04
7794,137.503705,13,8.939495e-04
7795,137.517583,12,9.908194e-04
7796,137.531460,13,9.477658e-04
7797,137.545336,13,9.571622e-04
7798,137.559211,13,9.648483e-04
7799,137.573084,13,9.965151e-04
7800,137.586957,14,9.665561e-04
7801,137.600828,13,9.707476e-04
7802,137.614698,13,9.971610e-04
7803,137.628567,14,9.674053e-04
7804,137.642436,13,9.576085e-04
7805,137.656303,13,9.878742e-04
7806,137.670169,14,9.572345e-04
7807,137.684035,13,9.576457e-04
7808,137.697899,13,9.975223e-04
7809,137.711763,14,9.792462e-04
7810,137.725626,13,9.759746e-04
7811,137.739489,14,9.574391e-04
7812,137.753351,13,9.925597e-04
7813,137.767212,14,9.636548e-04
7814,137.781072,13,9.969969e-04
7815,137.794932,14,9.676534e-04
7816,137.808792,14,9.703377e-04
7817,137.822651,13,9.690218e-04
7818,137.836510,14,9.537222e-04
7819,137.850368,13,9.838503e-04
7820,137.864226,14,9.489327e-04
7821,137.878084,13,9.785881e-04
7822,137.891941,13,9.972105e-04
7823,137.905799,14,9.600545e-04
7824,137.919656,13,9.516635e-04
7825,137.933513,13,9.778487e-04
7826,137.947370,13,9.930402e-04
7827,137.961227,13,9.813407e-04
7828,137.975084,13,9.773130e-04
7829,137.988942,13,9.711535e-04
7830,138.002799,13,9.660864e-04
7831,138.016656,13,9.628498e-04
7832,138.030514,13,9.603900e-04
7833,138.044372,13,9.591542e-04
7834,138.058230,13,9.607415e-04
7835,138.072089,13,9.652677e-04
7836,138.085948,13,9.724763e-04
7837,138.099808,13,9.820177e-04
7838,138.113668,13,9.932723e-04
7839,138.127528,14,9.470039e-04
7840,138.141389,13,9.610376e-04
7841,138.155251,13,9.926496e-04
7842,138.169113,14,9.554464e-04
7843,138.182976,13,9.547971e-04
7844,138.196840,13,9.786462e-04
7845,138.210705,13,9.867088e-04
7846,138.224570,13,9.687563e-04
7847,138.238437,13,9.543144e-04
7848,138.252304,13,9.331983e-04
7849,138.266172,13,9.087151e-04
7850,138.280041,12,9.998187e-04
7851,138.293911,13,9.026658e-04
7852,138.307783,12,9.568266e-04
7853,138.321655,13,8.589721e-04
7854,138.335528,12,9.325683e-04
7855,138.349403,12,9.840307e-04
7856,138.363279,12,9.906602e-04
7857,138.377156,12,9.892975e-04
7858,138.391034,13,8.532813e-04
7859,138.404914,12,9.434694e-04
7860,138.418795,13,8.774547e-04
7861,138.432677,12,9.886510e-04
7862,138.446560,13,9.266619e-04
7863,138.460445,13,9.131306e-04
7864,138.474332,13,9.209133e-04
7865,138.488220,13,9.501113e-04
7866,138.502109,13,9.692011e-04
7867,138.516000,13,9.855787e-04
7868,138.529892,13,9.981451e-04
7869,138.543786,14,9.211632e-04
7870,138.557681,13,9.398813e-04
7871,138.571578,13,9.771067e-04
7872,138.585477,13,9.825526e-04
7873,138.599377,13,9.605758e-04
7874,138.613278,13,9.455916e-04
7875,138.627181,13,9.307664e-04
7876,138.641086,13,9.202316e-04
7877,138.654993,13,9.153430e-04
7878,138.668901,13,9.175618e-04
7879,138.682811,13,9.266942e-04
7880,138.696722,13,9.418684e-04
7881,138.710635,13,9.632606e-04
7882,138.724550,13,9.903786e-04
7883,138.738466,14,9.691546e-04
7884,138.752384,13,9.968650e-04
7885,138.766304,27,9.536736e-04
7886,138.780225,13,8.735441e-04
7887,138.794148,13,9.216285e-04
7888,138.808073,13,9.264536e-04
7889,138.822000,13,9.458034e-04
7890,138.835928,13,9.778758e-04
7891,138.849857,14,9.808644e-04
7892,138.863789,19,9.960189e-04
7893,138.877722,10,9.648817e-04
7894,138.891656,13,8.981772e-04
7895,138.905593,27,9.447599e-04
7896,138.919531,12,9.206376e-04
7897,138.933470,12,9.525835e-04
7898,138.947411,13,9.943482e-04
7899,138.961354,14,9.528866e-04
7900,138.975299,12,9.792558e-04
7901,138.989245,15,9.954368e-04
7902,139.003192,12,9.790465e-04
7903,139.017141,22,9.632690e-04
7904,139.031092,11,8.165939e-04
7905,139.045044,12,9.443942e-04
7906,139.058997,13,9.381657e-04
7907,139.072952,13,9.741355e-04
7908,139.086909,22,9.864588e-04
7909,139.100867,11,8.797624e-04
7910,139.114826,12,8.869444e-04
7911,139.128787,13,9.130151e-04
7912,139.142749,19,9.982576e-04
7913,139.156712,10,9.521844e-04
7914,139.170677,12,9.916358e-04
7915,139.184643,15,9.889220e-04
7916,139.198610,11,9.920612e-04
7917,139.212579,25,9.781540e-04
7918,139.226548,12,9.556493e-04
7919,139.240519,12,9.981729e-04
7920,139.254491,12,9.868150e-04
7921,139.268464,12,9.798783e-04
7922,139.282438,13,9.298519e-04
7923,139.296414,14,9.830403e-04
7924,139.310390,21,9.584368e-04
7925,139.324367,11,7.831115e-04
7926,139.338346,12,9.458169e-04
7927,139.352325,12,9.688986e-04
7928,139.366305,12,9.489642e-04
7929,139.380286,12,9.992772e-04
7930,139.394268,13,9.521293e-04
7931,139.408250,13,9.638621e-04
7932,139.422234,13,9.669501e-04
7933,139.436218,13,9.640809e-04
7934,139.450203,13,9.444977e-04
7935,139.464188,13,9.292570e-04
7936,139.478174,13,9.208528e-04
7937,139.492161,13,9.149649e-04
7938,139.506149,13,9.067015e-04
7939,139.520136,12,9.942929e-04
7940,139.534125,13,9.262466e-04
7941,139.548114,12,9.731046e-04
7942,139.562103,13,9.024951e-04
7943,139.576093,12,9.551857e-04
7944,139.590083,13,8.816354e-04
7945,139.604074,12,9.396263e-04
7946,139.618064,12,9.931058e-04
7947,139.632055,13,9.013417e-04
7948,139.646047,12,9.507278e-04
7949,139.660038,13,9.396210e-04
7950,139.674030,13,9.660078e-04
7951,139.688022,13,9.865812e-04
7952,139.702014,27,9.930079e-04
7953,139.716006,13,8.963070e-04
7954,139.729997,14,9.932277e-04
7955,139.743989,12,9.207355e-04
7956,139.757981,13,8.943443e-04
7957,139.771973,13,9.129967e-04
7958,139.785964,13,9.971466e-04
7959,139.799956,21,9.639612e-04
7960,139.813947,10,9.867663e-04
7961,139.827938,12,9.032833e-04
7962,139.841928,13,8.850620e-04
7963,139.855919,12,9.982110e-04
7964,139.869908,29,9.571749e-04
7965,139.883898,14,8.845074e-04
7966,139.897887,12,9.511143e-04
7967,139.911875,28,9.460050e-04
7968,139.925863,14,9.954991e-04
7969,139.939850,21,9.600512e-04
7970,139.953837,11,8.300981e-04
7971,139.967823,13,9.949568e-04
7972,139.981809,23,9.590203e-04
7973,139.995793,11,9.770269e-04
7974,140.009777,13,9.366243e-04
7975,140.023761,14,9.587578e-04
7976,140.037743,12,9.458102e-04
7977,140.051724,13,9.873605e-04
7978,140.065705,15,9.994602e-04
7979,140.079685,26,9.099695e-04
7980,140.093664,13,9.350682e-04
7981,140.107641,15,9.881058e-04
7982,140.121618,11,9.598147e-04
7983,140.135594,14,9.088110e-04
7984,140.149569,12,9.862075e-04
7985,140.163542,13,9.771265e-04
7986,140.177515,13,9.712062e-04
7987,140.191486,13,9.334996e-04
7988,140.205456,13,9.499754e-04
7989,140.219425,13,9.951520e-04
7990,140.233393,28,9.675269e-04
7991,140.247359,21,9.032865e-04
7992,140.261324,12,9.417627e-04
7993,140.275288,14,9.875353e-04
7994,140.289251,12,9.922765e-04
7995,140.303212,14,9.453964e-04
7996,140.317172,12,9.793200e-04
7997,140.331130,13,9.477302e-04
7998,140.345087,13,9.233502e-04
7999,140.359043,13,9.161336e-04
8000,140.372997,13,9.714105e-04
8001,140.386949,14,9.996442e-04
8002,140.400900,27,9.953598e-04
8003,140.414850,13,9.146388e-04
8004,140.428798,24,9.713847e-04
8005,140.442744,13,9.398083e-04
8006,140.456689,21,9.104051e-04
8007,140.470632,11,8.775979e-04
8008,140.484574,13,8.681907e-04
8009,140.498513,13,9.784867e-04
8010,140.512452,27,9.502553e-04
8011,140.526388,12,9.478392e-04
8012,140.540323,12,9.608499e-04
8013,140.554257,13,9.906860e-04
8014,140.568188,14,9.569238e-04
8015,140.582118,13,9.097445e-04
8016,140.596046,13,9.192124e-04
8017,140.609973,13,9.218413e-04
8018,140.623897,13,9.556618e-04
8019,140.637820,14,9.826225e-04
8020,140.651742,26,9.550254e-04
8021,140.665661,13,8.544761e-04
8022,140.679579,14,9.432415e-04
8023,140.693495,13,9.532094e-04
8024,140.707409,13,9.891362e-04
8025,140.721322,14,9.363371e-04
8026,140.735233,14,9.745832e-04
8027,140.749142,24,9.535842e-04
8028,140.763049,12,8.872823e-04
8029,140.776955,14,8.933740e-04
8030,140.790859,13,9.596750e-04
8031,140.804761,14,9.744069e-04
8032,140.818662,26,9.674046e-04
8033,140.832561,13,8.432225e-04
8034,140.846458,12,9.602988e-04
8035,140.860353,13,9.147475e-04
8036,140.874247,13,9.872273e-04
8037,140.888139,14,9.449060e-04
8038,140.902030,13,9.222622e-04
8039,140.915919,13,9.558568e-04
8040,140.929806,14,9.370635e-04
8041,140.943692,13,9.941195e-04
8042,140.957576,27,9.559853e-04
8043,140.971459,13,8.806575e-04
8044,140.985340,23,9.423838e-04
8045,140.999219,12,8.729369e-04
8046,141.013097,20,9.869945e-04
8047,141.026974,11,8.040171e-04
8048,141.040849,13,8.660322e-04
8049,141.054722,13,9.597489e-04
8050,141.068595,13,9.786161e-04
8051,141.082465,14,9.913747e-04
8052,141.096335,13,9.956794e-04
8053,141.110202,14,9.743849e-04
8054,141.124069,13,9.806924e-04
8055,141.137934,13,9.971539e-04
8056,141.151798,14,9.573235e-04
8057,141.165661,13,9.414133e-04
8058,141.179522,13,9.831684e-04
8059,141.193383,14,9.562775e-04
8060,141.207242,13,9.542935e-04
8061,141.221100,14,9.449927e-04
8062,141.234956,13,9.740849e-04
8063,141.248812,14,9.510267e-04
8064,141.262667,13,9.783472e-04
8065,141.276520,14,9.625493e-04
8066,141.290373,13,9.935748e-04
8067,141.304224,14,9.873449e-04
8068,141.318075,25,9.724038e-04
8069,141.331924,12,8.827655e-04
8070,141.345773,13,8.790544e-04
8071,141.359621,12,9.708502e-04
8072,141.373468,13,9.430900e-04
8073,141.387314,14,9.544317e-04
8074,141.401160,22,9.720417e-04
8075,141.415005,11,9.605739e-04
8076,141.428849,13,9.826914e-04
8077,141.442693,28,9.482068e-04
8078,141.456536,12,9.897960e-04
8079,141.470378,22,9.854736e-04
8080,141.484220,11,8.566230e-04
8081,141.498061,14,9.154352e-04
8082,141.511902,16,9.675548e-04
8083,141.525742,11,9.944025e-04
8084,141.539582,29,9.550702e-04
8085,141.553422,21,9.152442e-04
8086,141.567261,11,9.857167e-04
8087,141.581101,17,9.751692e-04
8088,141.594939,10,9.185755e-04
8089,141.608778,24,9.138110e-04
8090,141.622616,11,9.654368e-04
8091,141.636455,14,9.805786e-04
8092,141.650293,29,9.434338e-04
8093,141.664131,13,9.716776e-04
8094,141.677969,21,9.961269e-04
8095,141.691807,11,7.742696e-04
8096,141.705645,13,9.175275e-04
8097,141.719483,14,9.752572e-04
8098,141.733322,13,9.996017e-04
8099,141.747160,27,9.288154e-04
8100,141.760999,14,9.691677e-04
8101,141.774837,12,9.963727e-04
8102,141.788676,13,9.763725e-04
8103,141.802515,14,9.518728e-04
8104,141.816355,22,9.548120e-04
8105,141.830195,11,9.878379e-04
8106,141.844035,14,9.141591e-04
8107,141.857875,26,9.286666e-04
8108,141.871716,12,9.256908e-04
8109,141.885558,14,9.481559e-04
8110,141.899400,13,9.932079e-04
8111,141.913242,13,9.353729e-04
8112,141.927085,13,9.281469e-04
8113,141.940928,13,9.897072e-04
8114,141.954772,23,9.435172e-04
8115,141.968617,12,8.501806e-04
8116,141.982462,13,9.554415e-04
8117,141.996308,15,9.766012e-04
8118,142.010155,27,9.992520e-04
8119,142.024002,13,8.683289e-04
8120,142.037850,12,9.370120e-04
8121,142.051699,14,9.139350e-04
8122,142.065549,15,9.778168e-04
8123,142.079399,12,9.925307e-04
8124,142.093251,21,9.876259e-04
8125,142.107103,11,9.213021e-04
8126,142.120956,28,9.923647e-04
8127,142.134810,13,9.356977e-04
8128,142.148665,17,9.807276e-04
8129,142.162521,11,8.778602e-04
8130,142.176378,15,9.647692e-04
8131,142.190235,18,9.895660e-04
8132,142.204094,11,9.825291e-04
8133,142.217954,30,9.737892e-04
8134,142.231815,22,9.010932e-04
8135,142.245677,12,9.218844e-04
8136,142.259540,20,9.176261e-04
8137,142.273404,11,9.885394e-04
8138,142.287269,26,9.437752e-04
8139,142.301135,13,8.773736e-04
8140,142.315002,24,9.991187e-04
8141,142.328871,13,9.273518e-04
8142,142.342740,25,9.960983e-04
8143,142.356611,12,9.655136e-04
8144,142.370483,15,9.577035e-04
8145,142.384356,32,9.567849e-04
8146,142.398230,14,9.035174e-04
8147,142.412106,17,9.955298e-04
8148,142.425982,19,9.616075e-04
8149,142.439860,12,8.532111e-04
8150,142.453739,21,9.918320e-04
8151,142.467619,11,9.645840e-04
8152,142.481501,28,9.978974e-04
8153,142.495383,12,9.946475e-04
8154,142.509267,13,8.853292e-04
8155,142.523152,13,9.511441e-04
8156,142.537038,14,9.646363e-04
8157,142.550925,22,9.500061e-04
8158,142.564814,12,8.331883e-04
8159,142.578703,13,9.351901e-04
8160,142.592594,14,9.862488e-04
8161,142.606486,26,9.932538e-04
8162,142.620380,12,9.892594e-04
8163,142.634274,13,8.632267e-04
8164,142.648170,13,8.811268e-04
8165,142.662066,14,9.144392e-04
8166,142.675964,22,9.341016e-04
8167,142.689863,11,9.603851e-04
8168,142.703763,13,9.079612e-04
8169,142.717665,15,9.966313e-04
8170,142.731567,24,9.606696e-04
8171,142.745470,12,9.024011e-04
8172,142.759375,13,8.388391e-04
8173,142.773281,13,9.254085e-04
8174,142.787187,16,9.853093e-04
8175,142.801095,21,9.282460e-04
8176,142.815004,11,8.996812e-04
8177,142.828914,13,9.465791e-04
8178,142.842825,27,9.708356e-04
8179,142.856737,12,9.515463e-04
8180,142.870649,12,9.847379e-04
8181,142.884563,15,9.429513e-04
8182,142.898478,16,9.922047e-04
8183,142.912394,12,9.883595e-04
8184,142.926310,25,9.577522e-04
8185,142.940228,12,9.519607e-04
8186,142.954146,13,9.908856e-04
8187,142.968065,15,9.611668e-04
8188,142.981985,32,9.493473e-04
8189,142.995906,13,8.946724e-04
8190,143.009827,12,9.447802e-04
8191,143.023750,14,9.811345e-04
8192,143.037673,18,9.721514e-04
8193,143.051596,10,9.998042e-04
8194,143.065521,13,9.377972e-04
8195,143.079446,15,9.794473e-04
8196,143.093372,26,9.773748e-04
8197,143.107298,14,9.902998e-04
8198,143.121225,15,9.347360e-04
8199,143.135153,13,9.344486e-04
8200,143.149081,16,9.861107e-04
8201,143.163009,22,9.838260e-04
8202,143.176938,12,8.407546e-04
8203,143.190868,13,9.349674e-04
8204,143.204798,14,9.827873e-04
8205,143.218728,22,9.954291e-04
8206,143.232659,11,9.889109e-04
8207,143.246590,13,8.773070e-04
8208,143.260522,14,9.784366e-04
8209,143.274454,19,9.985211e-04
8210,143.288386,11,9.060743e-04
8211,143.302318,14,9.123322e-04
8212,143.316250,27,9.795931e-04
8213,143.330183,13,8.436309e-04
8214,143.344116,12,9.385570e-04
8215,143.358049,13,9.506199e-04
8216,143.371982,14,9.081724e-04
8217,143.385915,13,9.981671e-04
8218,143.399848,15,9.638265e-04
8219,143.413781,13,9.918345e-04
8220,143.427714,25,9.599970e-04
8221,143.441648,12,9.606456e-04
8222,143.455581,14,9.053426e-04
8223,143.469514,13,9.439772e-04
8224,143.483446,14,9.145101e-04
8225,143.497379,14,9.888512e-04
8226,143.511311,25,9.457136e-04
8227,143.525244,13,8.837375e-04
8228,143.539176,13,9.127989e-04
8229,143.553107,12,9.612045e-04
8230,143.567039,13,9.218706e-04
8231,143.580970,13,9.493060e-04
8232,143.594900,13,9.910635e-04
8233,143.608831,14,9.857120e-04
8234,143.622760,26,9.308064e-04
8235,143.636690,13,9.437798e-04
8236,143.650619,15,9.377109e-04
8237,143.664547,11,9.839547e-04
8238,143.678475,14,8.755057e-04
8239,143.692402,12,9.991936e-04
8240,143.706329,14,9.351514e-04
8241,143.720255,14,9.677580e-04
8242,143.734181,14,9.561933e-04
8243,143.748105,25,9.936446e-04
8244,143.762029,12,9.448510e-04
8245,143.775953,14,9.587124e-04
8246,143.789875,13,9.871929e-04
8247,143.803797,13,9.654591e-04
8248,143.817718,13,9.741677e-04
8249,143.831639,14,9.306293e-04
8250,143.845558,14,9.680523e-04
8251,143.859477,14,9.919256e-04
8252,143.873394,15,9.987344e-04
8253,143.887311,13,9.583829e-04
8254,143.901227,14,9.623583e-04
8255,143.915142,14,9.725689e-04
8256,143.929056,13,9.760269e-04
8257,143.942969,14,9.390253e-04
8258,143.956881,13,9.520980e-04
8259,143.970793,13,9.643707e-04
8260,143.984703,13,9.615325e-04
8261,143.998612,13,9.419420e-04
8262,144.012520,13,9.358077e-04
8263,144.026427,13,9.327548e-04
8264,144.040332,13,9.313767e-04
8265,144.054237,13,9.297218e-04
8266,144.068141,13,9.264100e-04
8267,144.082044,13,9.214272e-04
8268,144.095945,13,9.148877e-04
8269,144.109845,13,9.060824e-04
8270,144.123744,13,8.964712e-04
8271,144.137642,13,8.876036e-04
8272,144.151539,12,9.987088e-04
8273,144.165435,13,9.218296e-04
8274,144.179329,12,9.919797e-04
8275,144.193223,13,9.254395e-04
8276,144.207115,13,8.967730e-04
8277,144.221006,13,8.884129e-04
8278,144.234895,13,8.987162e-04
8279,144.248783,13,9.018211e-04
8280,144.262671,13,9.048285e-04
8281,144.276557,13,9.067553e-04
8282,144.290441,13,9.067794e-04
8283,144.304325,13,9.052311e-04
8284,144.318207,13,9.026664e-04
8285,144.332087,13,8.988161e-04
8286,144.345967,13,8.938700e-04
8287,144.359845,13,8.887427e-04
8288,144.373722,13,8.848468e-04
8289,144.387598,13,8.839391e-04
8290,144.401473,13,8.853564e-04
8291,144.415346,13,8.881823e-04
8292,144.429218,13,8.907998e-04
8293,144.443089,13,8.942318e-04
8294,144.456958,13,8.994370e-04
8295,144.470826,13,9.081215e-04
8296,144.484693,13,9.209315e-04
8297,144.498559,13,9.378442e-04
8298,144.512423,13,9.580310e-04
8299,144.526286,13,9.804076e-04
8300,144.540148,14,9.690290e-04
8301,144.554009,13,9.732085e-04
8302,144.567869,14,9.707150e-04
8303,144.581727,13,9.921853e-04
8304,144.595584,14,9.780080e-04
8305,144.609440,13,9.940391e-04
8306,144.623295,14,9.772874e-04
8307,144.637148,13,9.913888e-04
8308,144.651001,14,9.711920e-04
8309,144.664852,13,9.834322e-04
8310,144.678703,14,9.591417e-04
8311,144.692552,13,9.711198e-04
8312,144.706400,13,9.912973e-04
8313,144.720247,14,9.780815e-04
8314,144.734093,12,9.932284e-04
8315,144.747938,14,9.791067e-04
8316,144.761782,13,9.926363e-04
8317,144.775625,13,9.869588e-04
8318,144.789467,14,9.773089e-04
8319,144.803308,12,9.912071e-04
8320,144.817148,14,9.863341e-04
8321,144.830987,23,9.641951e-04
8322,144.844826,11,9.141738e-04
8323,144.858663,12,9.130769e-04
8324,144.872500,12,9.420659e-04
8325,144.886336,13,8.755075e-04
8326,144.900171,13,9.848490e-04
8327,144.914006,21,9.764827e-04
8328,144.927840,11,8.158726e-04
8329,144.941673,12,9.365414e-04
8330,144.955505,13,9.174778e-04
8331,144.969337,14,9.947532e-04
8332,144.983168,23,9.964025e-04
8333,144.996998,11,9.691726e-04
8334,145.010829,12,9.639205e-04
8335,145.024658,12,9.766625e-04
8336,145.038487,13,9.636203e-04
8337,145.052316,18,9.984055e-04
8338,145.066144,10,9.612834e-04
8339,145.079971,14,9.692514e-04
8340,145.093799,24,9.873999e-04
8341,145.107626,12,8.413239e-04
8342,145.121452,13,9.071742e-04
8343,145.135279,12,9.851649e-04
8344,145.149105,13,8.935581e-04
8345,145.162931,13,9.146178e-04
8346,145.176757,22,9.775646e-04
8347,145.190582,11,8.973968e-04
8348,145.204408,12,9.804188e-04
8349,145.218233,13,9.242225e-04
8350,145.232058,13,9.670718e-04
8351,145.245884,24,9.691738e-04
8352,145.259709,12,8.631624e-04
8353,145.273534,12,9.380801e-04
8354,145.287360,12,9.793900e-04
8355,145.301185,13,8.953859e-04
8356,145.315011,12,9.862766e-04
8357,145.328837,13,9.708573e-04
8358,145.342663,13,9.512686e-04
8359,145.356489,13,9.282992e-04
8360,145.370315,13,9.262107e-04
8361,145.384142,13,9.097595e-04
8362,145.397969,12,9.947364e-04
8363,145.411797,13,9.267249e-04
8364,145.425624,12,9.758223e-04
8365,145.439453,13,9.120516e-04
8366,145.453281,12,9.761682e-04
8367,145.467110,13,9.115026e-04
8368,145.480940,12,9.779093e-04
8369,145.494770,13,9.100311e-04
8370,145.508601,12,9.742440e-04
8371,145.522432,13,8.996456e-04
8372,145.536264,12,9.667333e-04
8373,145.550097,13,8.944231e-04
8374,145.563930,12,9.697105e-04
8375,145.577764,13,9.009245e-04
8376,145.591599,12,9.835514e-04
8377,145.605434,13,9.214445e-04
8378,145.619271,13,9.021367e-04
8379,145.633108,13,9.004272e-04
8380,145.646945,13,9.223007e-04
8381,145.660784,13,9.376579e-04
8382,145.674624,13,9.549246e-04
8383,145.688464,13,9.736139e-04
8384,145.702306,13,9.928849e-04
8385,145.716148,14,9.377999e-04
8386,145.729991,13,9.612830e-04
8387,145.743836,14,9.331266e-04
8388,145.757681,13,9.805405e-04
8389,145.771527,14,9.397496e-04
8390,145.785375,13,9.797113e-04
8391,145.799223,14,9.314854e-04
8392,145.813073,13,9.680988e-04
8393,145.826923,13,9.982435e-04
8394,145.840775,14,9.338187e-04
8395,145.854628,13,9.378842e-04
8396,145.868482,13,9.754869e-04
8397,145.882337,13,9.817164e-04
8398,145.896193,13,9.632430e-04
8399,145.910050,13,9.544191e-04
8400,145.923909,13,9.415818e-04
8401,145.937769,13,9.303959e-04
8402,145.951630,13,9.211354e-04
8403,145.965492,13,9.138538e-04
8404,145.979355,13,9.090368e-04
8405,145.993220,13,9.078771e-04
8406,146.007086,13,9.098874e-04
8407,146.020953,13,9.130888e-04
8408,146.034821,13,9.177836e-04
8409,146.048691,13,9.255273e-04
8410,146.062562,13,9.358405e-04
8411,146.076434,13,9.468810e-04
8412,146.090307,13,9.585998e-04
8413,146.104182,13,9.685538e-04
8414,146.118057,13,9.754142e-04
8415,146.131935,13,9.804884e-04
8416,146.145813,13,9.826200e-04
8417,146.159693,13,9.845106e-04
8418,146.173574,13,9.868857e-04
8419,146.187456,13,9.894285e-04
8420,146.201339,13,9.906265e-04
8421,146.215224,13,9.896298e-04
8422,146.229110,13,9.879087e-04
8423,146.242997,13,9.859934e-04
8424,146.256886,13,9.843704e-04
8425,146.270775,13,9.834138e-04
8426,146.284666,13,9.834942e-04
8427,146.298559,13,9.850151e-04
8428,146.312452,13,9.882129e-04
8429,146.326347,13,9.925196e-04
8430,146.340242,13,9.973860e-04
8431,146.354139,14,9.108827e-04
8432,146.368038,13,9.449976e-04
8433,146.381937,13,9.972981e-04
8434,146.395837,14,9.263146e-04
8435,146.409739,13,9.564317e-04
8436,146.423642,14,9.218130e-04
8437,146.437546,13,9.843709e-04
8438,146.451451,14,9.431092e-04
8439,146.465357,14,9.384905e-04
8440,146.479264,13,9.953577e-04
8441,146.493173,14,9.850751e-04
8442,146.507082,14,9.926565e-04
8443,146.520992,14,9.806576e-04
8444,146.534904,15,9.780977e-04
8445,146.548816,14,9.655072e-04
8446,146.562730,15,9.789102e-04
8447,146.576644,26,9.596687e-04
8448,146.590559,12,9.745020e-04
8449,146.604475,13,8.778436e-04
8450,146.618392,13,9.077945e-04
8451,146.632310,14,9.127921e-04
8452,146.646229,15,9.863986e-04
8453,146.660149,20,9.932024e-04
8454,146.674070,11,9.218624e-04
8455,146.687991,15,9.784344e-04
8456,146.701913,30,9.655901e-04
8457,146.715836,14,9.206317e-04
8458,146.729759,14,9.618110e-04
8459,146.743684,15,9.661192e-04
8460,146.757608,15,9.616621e-04
8461,146.771534,20,9.408427e-04
8462,146.785460,12,9.028290e-04
8463,146.799387,29,9.270449e-04
8464,146.813314,14,9.910488e-04
8465,146.827242,20,9.924762e-04
8466,146.841170,11,9.227793e-04
8467,146.855099,24,9.411721e-04
8468,146.869029,12,8.830093e-04
8469,146.882958,29,9.394546e-04
8470,146.896888,13,8.706403e-04
8471,146.910819,16,9.808479e-04
8472,146.924750,12,9.872159e-04
8473,146.938681,16,9.721359e-04
8474,146.952612,13,9.780660e-04
8475,146.966544,26,9.463236e-04
8476,146.980476,14,9.791686e-04
8477,146.994408,25,9.417096e-04
8478,147.008340,20,9.590750e-04
8479,147.022272,11,9.512712e-04
8480,147.036205,14,9.682801e-04
8481,147.050137,14,9.760820e-04
8482,147.064069,13,9.459141e-04
8483,147.078002,14,9.716871e-04
8484,147.091934,14,9.942395e-04
8485,147.105866,27,9.587329e-04
8486,147.119798,13,9.402051e-04
8487,147.133730,13,9.303757e-04
8488,147.147662,13,9.177913e-04
8489,147.161594,14,9.203611e-04
8490,147.175525,14,9.597725e-04
8491,147.189456,14,9.792822e-04
8492,147.203387,14,9.915916e-04
8493,147.217317,14,9.626555e-04
8494,147.231247,13,9.665195e-04
8495,147.245177,14,9.457015e-04
8496,147.259106,13,9.582738e-04
8497,147.273034,13,9.950928e-04
8498,147.286963,14,9.657687e-04
8499,147.300890,12,9.934660e-04
8500,147.314817,14,9.592596e-04
8501,147.328744,13,9.649289e-04
8502,147.342669,13,9.705221e-04
8503,147.356594,13,9.978029e-04
8504,147.370519,13,9.941609e-04
8505,147.384443,14,9.451639e-04
8506,147.398366,12,9.999096e-04
8507,147.412288,14,9.740301e-04
8508,147.426209,14,9.868117e-04
8509,147.440130,13,9.532404e-04
8510,147.454049,14,9.653625e-04
8511,147.467968,14,9.747692e-04
8512,147.481886,13,9.836832e-04
8513,147.495803,14,9.931882e-04
8514,147.509719,15,9.945193e-04
8515,147.523634,12,9.543142e-04
8516,147.537548,14,9.935445e-04
8517,147.551462,23,9.584425e-04
8518,147.565374,11,9.338311e-04
8519,147.579285,12,9.191182e-04
8520,147.593195,12,9.982637e-04
8521,147.607103,13,9.700089e-04
8522,147.621011,14,9.795523e-04
8523,147.634918,18,9.838376e-04
8524,147.648823,10,9.651889e-04
8525,147.662727,14,9.174529e-04
8526,147.676631,24,9.947853e-04
8527,147.690532,12,7.950920e-04
8528,147.704433,12,9.349638e-04
8529,147.718333,13,9.316050e-04
8530,147.732231,13,9.659146e-04
8531,147.746128,14,9.801563e-04
8532,147.760023,22,9.340161e-04
8533,147.773918,11,8.947048e-04
8534,147.787811,13,8.428466e-04
8535,147.801703,13,9.099995e-04
8536,147.815593,14,9.549728e-04
8537,147.829482,23,9.337128e-04
8538,147.843370,11,9.573468e-04
8539,147.857256,12,9.572144e-04
8540,147.871141,12,9.950566e-04
8541,147.885025,13,9.845891e-04
8542,147.898907,15,9.706025e-04
8543,147.912788,11,9.845822e-04
8544,147.926667,26,9.358628e-04
8545,147.940545,12,9.981979e-04
8546,147.954422,14,9.414206e-04
8547,147.968297,12,9.092586e-04
8548,147.982171,13,8.797718e-04
8549,147.996043,12,9.607724e-04
8550,148.009914,13,9.293713e-04
8551,148.023784,13,9.609515e-04
8552,148.037652,13,9.784052e-04
8553,148.051519,13,9.911760e-04
8554,148.065384,13,9.814457e-04
8555,148.079248,13,9.768472e-04
8556,148.093111,13,9.782539e-04
8557,148.106972,13,9.767359e-04
8558,148.120832,13,9.648007e-04
8559,148.134690,13,9.436777e-04
8560,148.148547,13,9.196294e-04
8561,148.162403,13,8.984387e-04
8562,148.176257,12,9.964842e-04
8563,148.190110,13,9.200559e-04
8564,148.203962,12,9.818110e-04
8565,148.217812,13,9.117518e-04
8566,148.231661,12,9.802898e-04
8567,148.245509,13,9.030758e-04
8568,148.259355,12,9.686622e-04
8569,148.273201,13,8.873445e-04
8570,148.287045,12,9.491394e-04
8571,148.300887,12,9.977636e-04
8572,148.314729,12,9.915763e-04
8573,148.328569,12,9.691120e-04
8574,148.342409,12,9.612070e-04
8575,148.356247,12,9.573861e-04
8576,148.370084,12,9.592249e-04
8577,148.383920,12,9.666727e-04
8578,148.397755,12,9.817614e-04
8579,148.411589,13,8.754628e-04
8580,148.425421,12,9.647921e-04
8581,148.439253,13,9.425956e-04
8582,148.453084,13,9.564838e-04
8583,148.466914,13,9.760273e-04
8584,148.480742,14,9.564838e-04
8585,148.494570,13,9.849528e-04
8586,148.508397,14,9.699528e-04
8587,148.522224,14,9.695751e-04
8588,148.536049,13,9.881962e-04
8589,148.549874,14,9.712308e-04
8590,148.563697,14,9.585964e-04
8591,148.577520,13,9.885666e-04
8592,148.591343,14,9.766605e-04
8593,148.605164,14,9.688482e-04
8594,148.618985,14,9.425878e-04
8595,148.632805,14,9.482249e-04
8596,148.646625,14,9.497529e-04
8597,148.660444,14,9.547061e-04
8598,148.674262,14,9.611956e-04
8599,148.688080,14,9.681776e-04
8600,148.701898,14,9.736639e-04
8601,148.715715,14,9.770357e-04
8602,148.729531,14,9.784116e-04
8603,148.743347,14,9.784222e-04
8604,148.757163,14,9.778751e-04
8605,148.770978,14,9.782553e-04
8606,148.784793,14,9.803354e-04
8607,148.798608,14,9.845662e-04
8608,148.812423,14,9.906655e-04
8609,148.826237,14,9.986437e-04
8610,148.840051,15,9.906854e-04
8611,148.853865,13,9.899379e-04
8612,148.867679,27,9.841904e-04
8613,148.881493,13,8.485522e-04
8614,148.895307,13,9.333443e-04
8615,148.909120,13,8.814296e-04
8616,148.922934,13,8.483817e-04
8617,148.936748,13,9.833289e-04
8618,148.950562,22,9.767191e-04
8619,148.964376,11,8.975766e-04
8620,148.978190,12,9.926023e-04
8621,148.992005,13,9.290192e-04
8622,149.005819,13,9.332718e-04
8623,149.019634,14,9.527619e-04
8624,149.033449,24,9.655817e-04
8625,149.047265,12,8.490077e-04
8626,149.061081,13,8.793439e-04
8627,149.074897,13,8.740963e-04
8628,149.088713,13,9.023610e-04
8629,149.102530,13,9.895825e-04
8630,149.116348,15,9.702425e-04
8631,149.130166,12,9.974539e-04
8632,149.143984,15,9.865150e-04
8633,149.157803,12,9.760430e-04
8634,149.171623,14,9.514841e-04
8635,149.185443,13,9.686305e-04
8636,149.199264,13,9.694956e-04
8637,149.213085,13,9.924118e-04
8638,149.226908,13,9.855095e-04
8639,149.240730,13,9.847975e-04
8640,149.254554,13,9.787350e-04
8641,149.268378,13,9.716870e-04
8642,149.282203,13,9.646163e-04
8643,149.296029,13,9.587219e-04
8644,149.309856,13,9.533485e-04
8645,149.323683,13,9.489230e-04
8646,149.337511,13,9.482748e-04
8647,149.351340,13,9.514681e-04
8648,149.365170,13,9.575360e-04
8649,149.379001,13,9.656574e-04
8650,149.392833,13,9.754039e-04
8651,149.406666,13,9.861760e-04
8652,149.420499,13,9.983381e-04
8653,149.434334,14,9.396654e-04
8654,149.448170,13,9.438780e-04
8655,149.462006,14,9.252253e-04
8656,149.475844,13,9.710256e-04
8657,149.489682,14,9.507362e-04
8658,149.503522,13,9.944488e-04
8659,149.517362,14,9.848062e-04
8660,149.531204,15,9.887335e-04
8661,149.545046,12,9.763411e-04
8662,149.558890,15,9.936251e-04
8663,149.572735,27,9.538745e-04
8664,149.586581,13,9.282404e-04
8665,149.600427,13,9.348304e-04
8666,149.614275,13,9.046380e-04
8667,149.628124,13,9.712598e-04
8668,149.641975,14,9.333388e-04
8669,149.655826,13,9.726646e-04
8670,149.669678,14,9.891903e-04
8671,149.683532,15,9.978701e-04
8672,149.697386,13,9.540408e-04
8673,149.711242,28,9.262491e-04
8674,149.725099,14,9.624921e-04
8675,149.738957,21,9.795727e-04
8676,149.752816,11,8.672390e-04
8677,149.766676,15,9.709362e-04
8678,149.780538,17,9.892101e-04
8679,149.794400,10,9.976180e-04
8680,149.808264,13,8.852051e-04
8681,149.822129,13,9.302279e-04
8682,149.835995,13,9.111752e-04
8683,149.849862,13,9.642346e-04
8684,149.863730,13,9.803416e-04
8685,149.877600,13,9.747154e-04
8686,149.891470,13,9.526707e-04
8687,149.905342,13,9.195157e-04
8688,149.919215,12,9.775127e-04
8689,149.933088,13,8.904692e-04
8690,149.946963,12,9.154430e-04
8691,149.960840,12,9.624259e-04
8692,149.974717,12,9.593662e-04
8693,149.988595,12,9.502193e-04
8694,150.002474,12,9.598247e-04
8695,150.016355,12,9.750185e-04
8696,150.030236,12,9.950543e-04
8697,150.044119,13,9.101000e-04
8698,150.058002,12,9.602757e-04
8699,150.071887,13,9.481389e-04
8700,150.085772,13,9.458743e-04
8701,150.099658,13,9.419244e-04
8702,150.113546,13,9.624041e-04
8703,150.127434,13,9.759723e-04
8704,150.141324,13,9.929842e-04
8705,150.155214,14,9.800777e-04
8706,150.169105,13,9.753877e-04
8707,150.182997,14,9.808754e-04
8708,150.196890,28,9.295431e-04
8709,150.210783,13,9.666779e-04
8710,150.224678,23,9.837610e-04
8711,150.238573,12,9.976182e-04
8712,150.252469,21,9.798593e-04
8713,150.266366,11,8.543711e-04
8714,150.280264,13,8.409241e-04
8715,150.294162,12,9.491036e-04
8716,150.308061,13,9.654211e-04
8717,150.321961,28,9.720960e-04
8718,150.335861,14,8.915198e-04
8719,150.349762,11,9.440201e-04
8720,150.363664,13,8.992554e-04
8721,150.377566,12,9.921544e-04
8722,150.391469,13,9.793741e-04
8723,150.405373,13,9.954505e-04
8724,150.419277,13,9.937984e-04
8725,150.433181,14,9.564543e-04
8726,150.447087,13,9.457907e-04
8727,150.460992,13,9.765834e-04
8728,150.474898,13,9.910387e-04
8729,150.488805,13,9.733370e-04
8730,150.502711,13,9.604211e-04
8731,150.516619,13,9.409195e-04
8732,150.530526,13,9.189755e-04
8733,150.544434,13,8.977623e-04
8734,150.558343,12,9.893981e-04
8735,150.572251,13,9.229462e-04
8736,150.586160,12,9.773196e-04
8737,150.600069,13,9.244171e-04
8738,150.613979,12,9.923891e-04
8739,150.627888,13,9.412719e-04
8740,150.641798,13,9.142098e-04
8741,150.655708,12,9.988388e-04
8742,150.669618,13,9.546063e-04
8743,150.683528,13,9.147338e-04
8744,150.697438,12,9.988297e-04
8745,150.711349,13,9.586000e-04
8746,150.725259,13,9.376916e-04
8747,150.739169,13,9.468144e-04
8748,150.753080,13,9.899433e-04
8749,150.766990,14,9.860891e-04
8750,150.780900,27,9.314896e-04
8751,150.794811,13,9.140210e-04
8752,150.808721,13,9.811283e-04
8753,150.822631,13,9.487840e-04
8754,150.836541,13,9.613050e-04
8755,150.850450,13,9.935948e-04
8756,150.864360,14,9.837531e-04
8757,150.878269,16,9.939982e-04
8758,150.892178,12,9.542297e-04
8759,150.906086,26,9.014400e-04
8760,150.919995,12,9.502550e-04
8761,150.933903,14,9.745503e-04
8762,150.947811,14,9.273697e-04
8763,150.961718,13,9.151366e-04
8764,150.975625,14,9.605335e-04
8765,150.989532,22,9.738018e-04
8766,151.003438,11,9.530908e-04
8767,151.017344,13,8.641687e-04
8768,151.031249,13,9.437190e-04
8769,151.045154,14,9.394223e-04
8770,151.059058,21,9.930734e-04
8771,151.072962,11,8.637902e-04
8772,151.086865,13,8.102310e-04
8773,151.100768,13,9.250305e-04
8774,151.114670,13,9.911753e-04
8775,151.128572,14,9.994351e-04
8776,151.142473,24,9.965563e-04
8777,151.156373,12,8.837663e-04
8778,151.170273,13,9.014332e-04
8779,151.184172,13,8.598005e-04
8780,151.198070,13,8.830658e-04
8781,151.211968,13,9.690718e-04
8782,151.225865,15,9.643858e-04
8783,151.239761,22,9.673640e-04
8784,151.253656,11,9.226914e-04
8785,151.267551,13,9.192504e-04
8786,151.281445,13,9.942652e-04
8787,151.295338,14,9.800119e-04
8788,151.309230,27,9.965831e-04
8789,151.323122,13,9.231354e-04
8790,151.337012,12,9.223697e-04
8791,151.350902,13,8.820703e-04
8792,151.364791,13,9.814478e-04
8793,151.378679,14,9.859957e-04
8794,151.392566,14,9.832269e-04
8795,151.406453,14,9.855160e-04
8796,151.420338,24,9.562301e-04
8797,151.434223,12,8.710596e-04
8798,151.448106,13,9.903536e-04
8799,151.461989,14,9.141679e-04
8800,151.475871,13,9.533498e-04
8801,151.489752,14,9.825391e-04
8802,151.503632,15,9.970087e-04
8803,151.517510,13,9.820811e-04
8804,151.531388,15,9.823813e-04
8805,151.545266,13,9.849325e-04
8806,151.559142,14,9.711367e-04
8807,151.573017,14,9.513651e-04
8808,151.586891,13,9.523993e-04
8809,151.600764,13,9.861242e-04
8810,151.614636,13,9.739535e-04
8811,151.628508,13,9.498592e-04
8812,151.642378,13,9.391807e-04
8813,151.656247,13,9.335258e-04
8814,151.670116,13,9.352968e-04
8815,151.683983,13,9.449362e-04
8816,151.697850,13,9.621502e-04
8817,151.711715,13,9.842798e-04
8818,151.725580,14,9.379979e-04
8819,151.739444,13,9.710268e-04
8820,151.753306,14,9.699926e-04
8821,151.767168,14,9.868550e-04
8822,151.781029,14,9.723185e-04
8823,151.794889,14,9.955036e-04
8824,151.808748,15,9.926114e-04
8825,151.822606,13,9.820101e-04
8826,151.836464,25,9.540100e-04
8827,151.850320,12,8.466262e-04
8828,151.864175,12,9.291575e-04
8829,151.878030,13,8.845393e-04
8830,151.891884,13,9.701303e-04
8831,151.905737,15,9.426963e-04
8832,151.919589,14,9.841426e-04
8833,151.933440,22,9.447674e-04
8834,151.947290,11,8.918639e-04
8835,151.961140,13,8.915299e-04
8836,151.974988,14,9.300707e-04
8837,151.988836,24,9.835112e-04
8838,152.002683,12,8.484410e-04
8839,152.016530,12,9.719528e-04
8840,152.030375,13,9.924420e-04
8841,152.044220,15,9.598157e-04
8842,152.058064,12,9.977335e-04
8843,152.071908,22,9.642718e-04
8844,152.085750,11,9.187345e-04
8845,152.099592,13,9.018496e-04
8846,152.113434,14,9.434016e-04
8847,152.127274,26,9.809276e-04
8848,152.141114,12,9.628569e-04
8849,152.154954,12,9.632508e-04
8850,152.168793,13,9.508434e-04
8851,152.182631,14,9.539626e-04
8852,152.196469,14,9.654178e-04
8853,152.210306,14,9.993324e-04
8854,152.224143,24,9.811830e-04
8855,152.237979,12,8.867054e-04
8856,152.251815,13,9.722161e-04
8857,152.265650,13,9.750241e-04
8858,152.279485,13,9.955131e-04
8859,152.293320,15,9.557844e-04
8860,152.307154,24,9.334190e-04
8861,152.320988,12,8.629950e-04
8862,152.334821,13,8.697880e-04
8863,152.348655,12,9.690594e-04
8864,152.362488,13,9.205434e-04
8865,152.376320,13,9.083770e-04
8866,152.390153,13,9.243905e-04
8867,152.403986,13,9.583876e-04
8868,152.417818,13,9.767006e-04
8869,152.431650,13,9.892720e-04
8870,152.445482,13,9.989703e-04
8871,152.459314,14,9.475346e-04
8872,152.473146,12,9.974680e-04
8873,152.486978,14,9.187685e-04
8874,152.500810,12,9.607345e-04
8875,152.514643,13,9.460452e-04
8876,152.528475,13,9.003912e-04
8877,152.542307,12,9.636585e-04
8878,152.556139,13,9.098434e-04
8879,152.569972,12,9.721700e-04
8880,152.583804,13,9.330527e-04
8881,152.597637,13,9.223699e-04
8882,152.611470,13,9.282657e-04
8883,152.625303,13,9.641641e-04
8884,152.639137,13,9.927010e-04
8885,152.652971,14,9.751942e-04
8886,152.666805,13,9.774018e-04
8887,152.680639,14,9.724156e-04
8888,152.694474,14,9.806490e-04
8889,152.708309,13,9.699729e-04
8890,152.722145,14,9.659961e-04
8891,152.735981,13,9.863660e-04
8892,152.749817,14,9.615943e-04
8893,152.763654,13,9.804638e-04
8894,152.777491,14,9.497966e-04
8895,152.791329,13,9.702201e-04
8896,152.805168,13,9.977310e-04
8897,152.819007,14,9.766157e-04
8898,152.832846,13,9.626599e-04
8899,152.846686,14,9.511640e-04
8900,152.860527,13,9.767704e-04
8901,152.874368,14,9.543696e-04
8902,152.888210,13,9.761112e-04
8903,152.902053,14,9.541037e-04
8904,152.915896,13,9.753104e-04
8905,152.929740,14,9.526997e-04
8906,152.943584,13,9.742788e-04
8907,152.957430,14,9.527863e-04
8908,152.971276,13,9.764385e-04
8909,152.985123,14,9.572068e-04
8910,152.998970,13,9.826201e-04
8911,153.012819,14,9.671021e-04
8912,153.026668,13,9.943733e-04
8913,153.040518,14,9.832474e-04
8914,153.054369,14,9.981001e-04
8915,153.068221,13,9.786170e-04
8916,153.082073,14,9.952156e-04
8917,153.095927,25,9.521875e-04
8918,153.109781,12,8.507824e-04
8919,153.123637,12,9.380730e-04
8920,153.137493,12,9.930869e-04
8921,153.151350,13,9.097850e-04
8922,153.165208,13,9.245177e-04
8923,153.179066,14,9.653920e-04
8924,153.192926,19,9.907022e-04
8925,153.206787,10,9.363781e-04
8926,153.220649,13,9.406560e-04
8927,153.234511,28,9.839242e-04
8928,153.248375,12,9.655022e-04
8929,153.262239,12,9.835472e-04
8930,153.276104,15,9.692975e-04
8931,153.289971,12,9.773849e-04
8932,153.303838,16,9.964505e-04
8933,153.317706,11,8.892766e-04
8934,153.331575,15,9.861386e-04
8935,153.345445,22,9.964332e-04
8936,153.359316,11,9.568480e-04
8937,153.373188,14,9.095337e-04
8938,153.387061,26,9.848600e-04
8939,153.400935,13,8.700698e-04
8940,153.414810,21,9.855244e-04
8941,153.428686,11,7.847061e-04
8942,153.442563,13,8.728183e-04
8943,153.456440,13,9.246175e-04
8944,153.470319,12,9.254876e-04
8945,153.484198,12,9.970948e-04
8946,153.498078,13,8.787668e-04
8947,153.511960,12,9.683289e-04
8948,153.525842,13,9.736130e-04
8949,153.539725,13,9.983657e-04
8950,153.553609,13,9.988214e-04
8951,153.567494,14,9.567556e-04
8952,153.581380,12,9.824731e-04
8953,153.595266,13,9.592836e-04
8954,153.609154,12,9.986329e-04
8955,153.623042,13,8.932473e-04
8956,153.636931,12,9.404973e-04
8957,153.650821,12,9.969352e-04
8958,153.664712,13,8.680865e-04
8959,153.678604,12,9.322915e-04
8960,153.692496,13,8.984144e-04
8961,153.706390,13,8.997148e-04
8962,153.720284,13,9.205615e-04
8963,153.734179,13,9.584727e-04
8964,153.748074,13,9.823267e-04
8965,153.761971,13,9.979891e-04
8966,153.775868,14,9.532456e-04
8967,153.789766,13,9.475245e-04
8968,153.803664,13,9.729658e-04
8969,153.817563,13,9.793966e-04
8970,153.831463,13,9.602461e-04
8971,153.845364,13,9.530823e-04
8972,153.859265,13,9.456625e-04
8973,153.873167,13,9.400281e-04
8974,153.887069,13,9.359951e-04
8975,153.900972,13,9.344597e-04
8976,153.914875,13,9.355666e-04
8977,153.928779,13,9.399179e-04
8978,153.942684,13,9.474783e-04
8979,153.956589,13,9.589404e-04
8980,153.970495,13,9.707927e-04
8981,153.984401,13,9.806043e-04
8982,153.998307,13,9.888711e-04
8983,154.012214,13,9.943483e-04
8984,154.026121,13,9.969949e-04
8985,154.040029,13,9.965443e-04
8986,154.053937,13,9.933451e-04
8987,154.067845,13,9.879009e-04
8988,154.081754,13,9.827592e-04
8989,154.095663,13,9.788982e-04
8990,154.109572,13,9.740464e-04
8991,154.123481,13,9.673609e-04
8992,154.137391,13,9.584225e-04
8993,154.151301,13,9.480077e-04
8994,154.165211,13,9.394076e-04
8995,154.179121,13,9.322820e-04
8996,154.193032,13,9.276859e-04
8997,154.206942,13,9.264052e-04
8998,154.220853,13,9.289797e-04
8999,154.234763,13,9.352311e-04
9000,154.248674,13,9.452920e-04
9001,154.262585,13,9.599141e-04
9002,154.276495,13,9.786273e-04
9003,154.290406,14,9.455834e-04
9004,154.304317,13,9.598062e-04
9005,154.318227,14,9.533678e-04
9006,154.332137,13,9.912613e-04
9007,154.346048,14,9.760180e-04
9008,154.359958,14,9.813796e-04
9009,154.373868,13,9.801666e-04
9010,154.387778,14,9.770688e-04
9011,154.401687,14,9.703966e-04
9012,154.415597,13,9.795317e-04
9013,154.429506,14,9.715170e-04
9014,154.443415,14,9.604137e-04
9015,154.457323,13,9.770988e-04
9016,154.471232,14,9.695756e-04
9017,154.485139,14,9.573945e-04
9018,154.499047,13,9.805689e-04
9019,154.512954,14,9.727158e-04
9020,154.526861,14,9.577970e-04
9021,154.540767,13,9.855379e-04
9022,154.554673,14,9.730489e-04
9023,154.568578,14,9.501311e-04
9024,154.582483,13,9.784980e-04
9025,154.596388,14,9.595900e-04
9026,154.610292,13,9.901141e-04
9027,154.624195,14,9.518430e-04
9028,154.638098,13,9.827754e-04
9029,154.652000,14,9.328959e-04
9030,154.665902,13,9.592936e-04
9031,154.679803,13,9.932460e-04
9032,154.693703,14,9.144799e-04
9033,154.707603,13,9.078402e-04
9034,154.721502,13,9.526310e-04
9035,154.735401,13,9.557343e-04
9036,154.749298,13,9.346699e-04
9037,154.763196,13,9.242704e-04
9038,154.777092,13,9.166151e-04
9039,154.790988,13,9.116215e-04
9040,154.804882,13,9.071949e-04
9041,154.818777,13,9.049643e-04
9042,154.832670,13,9.066364e-04
9043,154.846562,13,9.130873e-04
9044,154.860454,13,9.242246e-04
9045,154.874345,13,9.388748e-04
9046,154.888235,13,9.567296e-04
9047,154.902125,13,9.763592e-04
9048,154.916013,13,9.967286e-04
9049,154.929901,14,9.698321e-04
9050,154.943787,13,9.691678e-04
9051,154.957673,14,9.572374e-04
9052,154.971558,13,9.790169e-04
9053,154.985442,14,9.522798e-04
9054,154.999325,13,9.711357e-04
9055,155.013207,13,9.997697e-04
9056,155.027089,14,9.613001e-04
9057,155.040969,13,9.446753e-04
9058,155.054848,13,9.851855e-04
9059,155.068727,14,9.322528e-04
9060,155.082604,12,9.903691e-04
9061,155.096480,14,9.230219e-04
9062,155.110356,12,9.892513e-04
9063,155.124230,13,9.973887e-04
9064,155.138104,13,9.804728e-04
9065,155.151976,13,9.477744e-04
9066,155.165848,13,9.576422e-04
9067,155.179718,13,9.591264e-04
9068,155.193587,13,9.627977e-04
9069,155.207456,13,9.684863e-04
9070,155.221323,13,9.760697e-04
9071,155.235190,13,9.847450e-04
9072,155.249055,13,9.947545e-04
9073,155.262919,14,9.466743e-04
9074,155.276783,13,9.531243e-04
9075,155.290645,13,9.959149e-04
9076,155.304506,14,9.525874e-04
9077,155.318367,13,9.448594e-04
9078,155.332226,13,9.865020e-04
9079,155.346084,14,9.310076e-04
9080,155.359941,13,9.242144e-04
9081,155.373798,13,9.652790e-04
9082,155.387653,13,9.772980e-04
9083,155.401507,13,9.656347e-04
9084,155.415361,13,9.649536e-04
9085,155.429213,13,9.640311e-04
9086,155.443065,13,9.655105e-04
9087,155.456915,13,9.695037e-04
9088,155.470765,13,9.741762e-04
9089,155.484613,13,9.779327e-04
9090,155.498461,13,9.793416e-04
9091,155.512308,13,9.769662e-04
9092,155.526154,13,9.719684e-04
9093,155.539999,13,9.654595e-04
9094,155.553843,13,9.576177e-04
9095,155.567686,13,9.485431e-04
9096,155.581529,13,9.412061e-04
9097,155.595370,13,9.354658e-04
9098,155.609211,13,9.308302e-04
9099,155.623051,13,9.276465e-04
9100,155.636890,13,9.250329e-04
9101,155.650728,13,9.218473e-04
9102,155.664566,13,9.181485e-04
9103,155.678402,13,9.145191e-04
9104,155.692238,13,9.122388e-04
9105,155.706074,13,9.111797e-04
9106,155.719908,13,9.114393e-04
9107,155.733742,13,9.135285e-04
9108,155.747575,13,9.183018e-04
9109,155.761408,13,9.270410e-04
9110,155.775240,13,9.393788e-04
9111,155.789071,13,9.564146e-04
9112,155.802901,13,9.771071e-04
9113,155.816731,13,9.995142e-04
9114,155.830561,14,9.698592e-04
9115,155.844390,13,9.719755e-04
9116,155.858218,14,9.603039e-04
9117,155.872046,13,9.814267e-04
9118,155.885873,14,9.488131e-04
9119,155.899700,13,9.579120e-04
9120,155.913526,13,9.715766e-04
9121,155.927352,13,9.729202e-04
9122,155.941178,13,9.461605e-04
9123,155.955003,13,9.284288e-04
9124,155.968828,13,9.077534e-04
9125,155.982652,12,9.924832e-04
9126,155.996476,13,9.205948e-04
9127,156.010300,12,9.624137e-04
9128,156.024124,13,8.946738e-04
9129,156.037947,12,9.534197e-04
9130,156.051770,13,8.856406e-04
9131,156.065593,12,9.528645e-04
9132,156.079415,13,8.913338e-04
9133,156.093238,12,9.641654e-04
9134,156.107060,13,9.110858e-04
9135,156.120882,12,9.871224e-04
9136,156.134705,13,9.484312e-04
9137,156.148527,13,9.383168e-04
9138,156.162349,13,9.364518e-04
9139,156.176171,13,9.604100e-04
9140,156.189993,13,9.710588e-04
9141,156.203815,13,9.799846e-04
9142,156.217637,13,9.875905e-04
9143,156.231459,13,9.937589e-04
9144,156.245282,13,9.969259e-04
9145,156.259104,13,9.950181e-04
9146,156.272927,13,9.873436e-04
9147,156.286749,13,9.748007e-04
9148,156.300572,13,9.588283e-04
9149,156.314395,13,9.423880e-04
9150,156.328219,13,9.265386e-04
9151,156.342042,13,9.121961e-04
9152,156.355866,13,8.986319e-04
9153,156.369691,12,9.910635e-04
9154,156.383515,13,9.274500e-04
9155,156.397340,12,9.738090e-04
9156,156.411165,13,9.109595e-04
9157,156.424991,12,9.719281e-04
9158,156.438817,13,9.079689e-04
9159,156.452643,12,9.773578e-04
9160,156.466470,13,9.168367e-04
9161,156.480298,12,9.901558e-04
9162,156.494126,13,9.304063e-04
9163,156.507954,13,8.963778e-04
9164,156.521783,12,9.976231e-04
9165,156.535612,13,9.503657e-04
9166,156.549442,13,9.135967e-04
9167,156.563273,13,8.983048e-04
9168,156.577104,13,9.074788e-04
9169,156.590936,13,9.060947e-04
9170,156.604768,13,9.053684e-04
9171,156.618601,13,9.036468e-04
9172,156.632435,13,9.020718e-04
9173,156.646270,13,9.018221e-04
9174,156.660105,13,9.036657e-04
9175,156.673941,13,9.068762e-04
9176,156.687777,13,9.111791e-04
9177,156.701615,13,9.156818e-04
9178,156.715453,13,9.189074e-04
9179,156.729291,13,9.208341e-04
9180,156.743131,13,9.210043e-04
9181,156.756972,13,9.191479e-04
9182,156.770813,13,9.147460e-04
9183,156.784655,13,9.090610e-04
9184,156.798498,13,9.020207e-04
9185,156.812342,13,8.941867e-04
9186,156.826186,12,9.989358e-04
9187,156.840032,13,9.349408e-04
9188,156.853878,12,9.868766e-04
9189,156.867725,13,9.272997e-04
9190,156.881573,12,9.855728e-04
9191,156.895422,13,9.212455e-04
9192,156.909272,12,9.778314e-04
9193,156.923123,13,9.134106e-04
9194,156.936975,12,9.775425e-04
9195,156.950828,13,9.196847e-04
9196,156.964681,12,9.905804e-04
9197,156.978536,13,9.392689e-04
9198,156.992391,13,9.141514e-04
9199,157.006247,13,9.027312e-04
9200,157.020104,13,9.207519e-04
9201,157.033963,13,9.304640e-04
9202,157.047822,13,9.408493e-04
9203,157.061682,13,9.519180e-04
9204,157.075543,13,9.610865e-04
9205,157.089404,13,9.682717e-04
9206,157.103267,13,9.741467e-04
9207,157.117131,13,9.774980e-04
9208,157.130996,13,9.780127e-04
9209,157.144861,13,9.757763e-04
9210,157.158728,13,9.712616e-04
9211,157.172595,13,9.644800e-04
9212,157.186463,13,9.555625e-04
9213,157.200333,13,9.459954e-04
9214,157.214203,13,9.365925e-04
9215,157.228074,13,9.280006e-04
9216,157.241946,13,9.210832e-04
9217,157.255818,13,9.159341e-04
9218,157.269692,13,9.127321e-04
9219,157.283567,13,9.114900e-04
9220,157.297442,13,9.121367e-04
9221,157.311319,13,9.139907e-04
9222,157.325196,13,9.159824e-04
9223,157.339074,13,9.179485e-04
9224,157.352953,13,9.198344e-04
9225,157.366833,13,9.211785e-04
9226,157.380714,13,9.204445e-04
9227,157.394595,13,9.176512e-04
9228,157.408477,13,9.124373e-04
9229,157.422361,13,9.042520e-04
9230,157.436245,13,8.940373e-04
9231,157.450129,13,8.835268e-04
9232,157.464015,12,9.975317e-04
9233,157.477901,13,9.141939e-04
9234,157.491788,12,9.713629e-04
9235,157.505676,13,8.915422e-04
9236,157.519565,12,9.631289e-04
9237,157.533454,13,8.816892e-04
9238,157.547344,12,9.552795e-04
9239,157.561235,13,8.755922e-04
9240,157.575126,12,9.530945e-04
9241,157.589018,13,8.864468e-04
9242,157.602911,12,9.694986e-04
9243,157.616804,13,9.144440e-04
9244,157.630698,12,9.976770e-04
9245,157.644593,13,9.564393e-04
9246,157.658488,13,9.442542e-04
9247,157.672383,13,9.431673e-04
9248,157.686280,13,9.682458e-04
9249,157.700176,13,9.836755e-04
9250,157.714074,13,9.966558e-04
9251,157.727971,14,9.534423e-04
9252,157.741870,13,9.462204e-04
9253,157.755768,13,9.917313e-04
9254,157.769668,14,9.698753e-04
9255,157.783567,13,9.549373e-04
9256,157.797467,14,9.496179e-04
9257,157.811368,13,9.772762e-04
9258,157.825268,14,9.642141e-04
9259,157.839169,13,9.858325e-04
9260,157.853071,14,9.722628e-04
9261,157.866972,13,9.909537e-04
9262,157.880874,14,9.750274e-04
9263,157.894777,13,9.937290e-04
9264,157.908679,14,9.772924e-04
9265,157.922582,13,9.984662e-04
9266,157.936485,14,9.839579e-04
9267,157.950388,14,9.836362e-04
9268,157.964291,13,9.705336e-04
9269,157.978194,14,9.869967e-04
9270,157.992097,14,9.896757e-04
9271,158.006001,13,9.881283e-04
9272,158.019905,15,9.706686e-04
9273,158.033808,12,9.617466e-04
9274,158.047712,15,9.958133e-04
9275,158.061615,13,9.938109e-04
9276,158.075519,14,9.948125e-04
9277,158.089422,15,9.981075e-04
9278,158.103326,12,9.514842e-04
9279,158.117229,15,9.554140e-04
9280,158.131133,13,9.812537e-04
9281,158.145036,14,9.896716e-04
9282,158.158939,15,9.879743e-04
9283,158.172842,12,9.600121e-04
9284,158.186744,15,9.560914e-04
9285,158.200647,12,9.988528e-04
9286,158.214549,16,9.909031e-04
9287,158.228451,11,9.202774e-04
9288,158.242353,15,9.635969e-04
9289,158.256254,13,9.841739e-04
9290,158.270155,14,9.470470e-04
9291,158.284056,13,9.910139e-04
9292,158.297956,14,9.358140e-04
9293,158.311856,13,9.517708e-04
9294,158.325756,13,9.797072e-04
9295,158.339655,13,9.973517e-04
9296,158.353554,13,9.845866e-04
9297,158.367453,13,9.830841e-04
9298,158.381351,13,9.792630e-04
9299,158.395249,13,9.759817e-04
9300,158.409146,13,9.726576e-04
9301,158.423042,13,9.690016e-04
9302,158.436939,13,9.644613e-04
9303,158.450834,13,9.590383e-04
9304,158.464729,13,9.531078e-04
9305,158.478624,13,9.476666e-04
9306,158.492518,13,9.415542e-04
9307,158.506411,13,9.327469e-04
9308,158.520304,13,9.225844e-04
9309,158.534196,13,9.113388e-04
9310,158.548088,12,9.946867e-04
9311,158.561979,13,9.383502e-04
9312,158.575869,12,9.730320e-04
9313,158.589759,13,9.195296e-04
9314,158.603647,12,9.686307e-04
9315,158.617536,13,9.113746e-04
9316,158.631423,12,9.590027e-04
9317,158.645310,13,8.999766e-04
9318,158.659197,12,9.477907e-04
9319,158.673082,13,8.858339e-04
9320,158.686967,12,9.371716e-04
9321,158.700851,13,8.776433e-04
9322,158.714734,12,9.363301e-04
9323,158.728617,13,8.813185e-04
9324,158.742498,12,9.461838e-04
9325,158.756379,13,8.947006e-04
9326,158.770260,12,9.621593e-04
9327,158.784139,13,9.164566e-04
9328,158.798018,12,9.843183e-04
9329,158.811896,13,9.408587e-04
9330,158.825773,13,9.151618e-04
9331,158.839649,13,9.024265e-04
9332,158.853524,13,9.173889e-04
9333,158.867399,13,9.231628e-04
9334,158.881273,13,9.304297e-04
9335,158.895146,13,9.395373e-04
9336,158.909018,13,9.508306e-04
9337,158.922890,13,9.640316e-04
9338,158.936760,13,9.781230e-04
9339,158.950630,13,9.934556e-04
9340,158.964499,14,9.517791e-04
9341,158.978367,13,9.575824e-04
9342,158.992234,14,9.445502e-04
9343,159.006101,13,9.849565e-04
9344,159.019967,14,9.639809e-04
9345,159.033832,14,9.704654e-04
9346,159.047696,13,9.777344e-04
9347,159.061559,14,9.799247e-04
9348,159.075422,14,9.855090e-04
9349,159.089284,13,9.913056e-04
9350,159.103145,14,9.983444e-04
9351,159.117005,15,9.965968e-04
9352,159.130865,12,9.608004e-04
9353,159.144724,15,9.613014e-04
9354,159.158582,12,9.935056e-04
9355,159.172439,26,9.759623e-04
9356,159.186296,12,9.119257e-04
9357,159.200152,12,9.152292e-04
9358,159.214007,13,8.750671e-04
9359,159.227862,13,8.917583e-04
9360,159.241715,13,9.471397e-04
9361,159.255569,14,9.395197e-04
9362,159.269421,14,9.713925e-04
9363,159.283273,22,9.509452e-04
9364,159.297124,11,8.785175e-04
9365,159.310975,13,9.324245e-04
9366,159.324825,14,9.896041e-04
9367,159.338674,26,9.844076e-04
9368,159.352523,12,9.413473e-04
9369,159.366371,12,9.784206e-04
9370,159.380219,14,9.142390e-04
9371,159.394066,15,9.360801e-04
9372,159.407912,12,9.856942e-04
9373,159.421758,15,9.413655e-04
9374,159.435604,14,9.666266e-04
9375,159.449449,15,9.678868e-04
9376,159.463293,26,9.396252e-04
9377,159.477137,12,9.498849e-04
9378,159.490981,13,9.397077e-04
9379,159.504824,14,8.753673e-04
9380,159.518667,13,9.822330e-04
9381,159.532509,14,9.968173e-04
9382,159.546351,15,9.768861e-04
9383,159.560193,14,9.720954e-04
9384,159.574034,24,9.932746e-04
9385,159.587875,12,8.372706e-04
9386,159.601716,13,9.618308e-04
9387,159.615557,13,9.856185e-04
9388,159.629397,13,9.316061e-04
9389,159.643237,13,9.444953e-04
9390,159.657077,13,9.925326e-04
9391,159.670917,14,9.509542e-04
9392,159.684756,13,9.428106e-04
9393,159.698596,13,9.467339e-04
9394,159.712435,13,9.099844e-04
9395,159.726274,12,9.844148e-04
9396,159.740113,13,8.826114e-04
9397,159.753952,12,9.290728e-04
9398,159.767792,12,9.873850e-04
9399,159.781631,12,9.837835e-04
9400,159.795470,12,9.681723e-04
9401,159.809309,12,9.724670e-04
9402,159.823148,12,9.817702e-04
9403,159.836987,12,9.963137e-04
9404,159.850827,13,8.941116e-04
9405,159.864666,12,9.531183e-04
9406,159.878506,13,9.223796e-04
9407,159.892346,12,9.870599e-04
9408,159.906186,13,9.349675e-04
9409,159.920026,12,9.827430e-04
9410,159.933867,13,9.239895e-04
9411,159.947707,12,9.705648e-04
9412,159.961548,13,9.068480e-04
9413,159.975390,12,9.572205e-04
9414,159.989231,13,8.905413e-04
9415,160.003073,12,9.482801e-04
9416,160.016916,13,8.817800e-04
9417,160.030758,12,9.424542e-04
9418,160.044601,13,8.793177e-04
9419,160.058444,12,9.460615e-04
9420,160.072288,13,8.887490e-04
9421,160.086132,12,9.576670e-04
9422,160.099977,13,9.062773e-04
9423,160.113822,12,9.738374e-04
9424,160.127668,13,9.276321e-04
9425,160.141514,12,9.909384e-04
9426,160.155360,13,9.490507e-04
9427,160.169208,13,9.258701e-04
9428,160.183055,13,9.125525e-04
9429,160.196903,13,9.273109e-04
9430,160.210752,13,9.335644e-04
9431,160.224602,13,9.420628e-04
9432,160.238452,13,9.537111e-04
9433,160.252302,13,9.686926e-04
9434,160.266153,13,9.866901e-04
9435,160.280005,14,9.506123e-04
9436,160.293858,13,9.561378e-04
9437,160.307711,14,9.568741e-04
9438,160.321565,14,9.762223e-04
9439,160.335419,13,9.905251e-04
9440,160.349274,16,9.986247e-04
9441,160.363130,11,9.084695e-04
9442,160.376987,25,9.718554e-04
9443,160.390844,11,9.719154e-04
9444,160.404702,12,8.750234e-04
9445,160.418561,13,8.690840e-04
9446,160.432420,14,9.212464e-04
9447,160.446281,16,9.777439e-04
9448,160.460142,11,9.845463e-04
9449,160.474003,25,9.457953e-04
9450,160.487866,12,9.001656e-04
9451,160.501729,13,9.489833e-04
9452,160.515593,14,9.076222e-04
9453,160.529458,16,9.841606e-04
9454,160.543324,23,9.389794e-04
9455,160.557190,11,9.456787e-04
9456,160.571057,13,8.483417e-04
9457,160.584925,13,9.792751e-04
9458,160.598794,19,9.693166e-04
9459,160.612664,11,8.466534e-04
9460,160.626534,25,9.755238e-04
9461,160.640405,11,9.583407e-04
9462,160.654277,13,9.460953e-04
9463,160.668149,13,9.417041e-04
9464,160.682023,13,9.261017e-04
9465,160.695897,14,9.921600e-04
9466,160.709772,20,9.771048e-04
9467,160.723647,11,8.166540e-04
9468,160.737524,13,9.026665e-04
9469,160.751401,14,9.979811e-04
9470,160.765279,27,9.571449e-04
9471,160.779157,12,9.979403e-04
9472,160.793037,12,9.962299e-04
9473,160.806917,13,9.786954e-04
9474,160.820798,15,9.270010e-04
9475,160.834679,18,9.994656e-04
9476,160.848561,11,8.946436e-04
9477,160.862444,15,9.733235e-04
9478,160.876328,23,9.878338e-04
9479,160.890213,11,9.782957e-04
9480,160.904098,13,9.097858e-04
9481,160.917984,14,9.307933e-04
9482,160.931870,15,9.925704e-04
9483,160.945757,26,9.657825e-04
9484,160.959645,12,9.799116e-04
9485,160.973534,13,9.084750e-04
9486,160.987423,13,8.630632e-04
9487,161.001313,13,9.798045e-04
9488,161.015203,17,9.883513e-04
9489,161.029095,11,9.249822e-04
9490,161.042986,24,9.404463e-04
9491,161.056879,11,9.225709e-04
9492,161.070772,13,9.814953e-04
9493,161.084666,14,9.505541e-04
9494,161.098560,12,9.957659e-04
9495,161.112455,29,9.755422e-04
9496,161.126350,13,9.564389e-04
9497,161.140246,12,9.856530e-04
9498,161.154143,14,9.469154e-04
9499,161.168040,15,9.778490e-04
9500,161.181938,12,9.613490e-04
9501,161.195836,14,9.828196e-04
9502,161.209734,14,9.539547e-04
9503,161.223634,13,9.255897e-04
9504,161.237533,14,9.542628e-04
9505,161.251433,27,9.466620e-04
9506,161.265334,13,9.007839e-04
9507,161.279235,14,9.566054e-04
9508,161.293136,13,9.193437e-04
9509,161.307038,13,9.704290e-04
9510,161.320940,14,9.418142e-04
9511,161.334842,15,9.748803e-04
9512,161.348745,13,9.972420e-04
9513,161.362648,24,9.916923e-04
9514,161.376551,12,8.237976e-04
9515,161.390455,13,9.655686e-04
9516,161.404359,13,9.940348e-04
9517,161.418263,13,9.409942e-04
9518,161.432168,14,9.289840e-04
9519,161.446073,23,9.844122e-04
9520,161.459978,11,9.472418e-04
9521,161.473883,13,8.281937e-04
9522,161.487789,12,9.998082e-04
9523,161.501694,13,9.698584e-04
9524,161.515600,14,9.461566e-04
9525,161.529506,13,9.823057e-04
9526,161.543412,15,9.838730e-04
9527,161.557318,11,9.913478e-04
9528,161.571225,14,9.939160e-04
9529,161.585131,15,9.896895e-04
9530,161.599037,11,9.518879e-04
9531,161.612944,14,9.313850e-04
9532,161.626850,13,9.897481e-04
9533,161.640757,13,9.723061e-04
9534,161.654663,14,9.555615e-04
9535,161.668570,12,9.788711e-04
9536,161.682476,14,9.579915e-04
9537,161.696383,13,9.703044e-04
9538,161.710289,13,9.765220e-04
9539,161.724195,14,9.544836e-04
9540,161.738102,12,9.826678e-04
9541,161.752008,14,9.751210e-04
9542,161.765913,14,9.758558e-04
9543,161.779819,13,9.321113e-04
9544,161.793724,14,9.565437e-04
9545,161.807630,14,9.685227e-04
9546,161.821535,13,9.882451e-04
9547,161.835440,15,9.894989e-04
9548,161.849344,12,9.791847e-04
9549,161.863248,23,9.940455e-04
9550,161.877152,11,8.790995e-04
9551,161.891056,12,8.965112e-04
9552,161.904959,13,9.216466e-04
9553,161.918862,14,9.292375e-04
9554,161.932765,15,9.609686e-04
9555,161.946667,13,9.974321e-04
9556,161.960568,22,9.903548e-04
9557,161.974470,11,8.490261e-04
9558,161.988371,12,9.783841e-04
9559,162.002271,13,9.899840e-04
9560,162.016171,14,9.476380e-04
9561,162.030070,14,9.951853e-04
9562,162.043969,21,9.860091e-04
9563,162.057868,11,7.870254e-04
9564,162.071766,12,9.408950e-04
9565,162.085663,13,8.927205e-04
9566,162.099560,13,8.964284e-04
9567,162.113456,13,9.568681e-04
9568,162.127352,13,9.832818e-04
9569,162.141247,13,9.734573e-04
9570,162.155141,13,9.551879e-04
9571,162.169035,13,9.391488e-04
9572,162.182928,13,9.295136e-04
9573,162.196821,13,9.274424e-04
9574,162.210713,13,9.291563e-04
9575,162.224604,13,9.328688e-04
9576,162.238494,13,9.352937e-04
9577,162.252384,13,9.344831e-04
9578,162.266273,13,9.301642e-04
9579,162.280162,13,9.239422e-04
9580,162.294050,13,9.162125e-04
9581,162.307937,13,9.076813e-04
9582,162.321823,13,8.957680e-04
9583,162.335708,12,9.902627e-04
9584,162.349593,13,9.216154e-04
9585,162.363477,12,9.553426e-04
9586,162.377360,13,8.757661e-04
9587,162.391243,12,9.239211e-04
9588,162.405124,12,9.788179e-04
9589,162.419005,12,9.777005e-04
9590,162.432885,12,9.581922e-04
9591,162.446765,12,9.542846e-04
9592,162.460643,12,9.547554e-04
9593,162.474521,12,9.597082e-04
9594,162.488398,12,9.676602e-04
9595,162.502274,12,9.766039e-04
9596,162.516150,12,9.850631e-04
9597,162.530024,12,9.921190e-04
9598,162.543898,12,9.963572e-04
9599,162.557771,12,9.975977e-04
9600,162.571644,12,9.961449e-04
9601,162.585515,12,9.908752e-04
9602,162.599386,12,9.820946e-04
9603,162.613256,12,9.736116e-04
9604,162.627125,12,9.635984e-04
9605,162.640993,12,9.538707e-04
9606,162.654861,12,9.451965e-04
9607,162.668727,12,9.384544e-04
9608,162.682593,12,9.348144e-04
9609,162.696459,12,9.339113e-04
9610,162.710323,12,9.374745e-04
9611,162.724187,12,9.460479e-04
9612,162.738050,12,9.587433e-04
9613,162.751912,12,9.747163e-04
9614,162.765774,12,9.941126e-04
9615,162.779634,13,9.095320e-04
9616,162.793494,12,9.487086e-04
9617,162.807354,13,9.353754e-04
9618,162.821212,12,9.961011e-04
9619,162.835070,13,9.641169e-04
9620,162.848927,13,9.400194e-04
9621,162.862784,12,9.982698e-04
9622,162.876640,13,9.737452e-04
9623,162.890495,13,9.285773e-04
9624,162.904349,12,9.830689e-04
9625,162.918203,13,9.400362e-04
9626,162.932056,12,9.742744e-04
9627,162.945909,13,9.088266e-04
9628,162.959761,12,9.552428e-04
9629,162.973612,13,8.837780e-04
9630,162.987463,12,9.421538e-04
9631,163.001313,13,8.707362e-04
9632,163.015163,12,9.400289e-04
9633,163.029012,13,8.741434e-04
9634,163.042861,12,9.487597e-04
9635,163.056709,13,8.903731e-04
9636,163.070556,12,9.676256e-04
9637,163.084403,13,9.157526e-04
9638,163.098250,12,9.904607e-04
9639,163.112096,13,9.419922e-04
9640,163.125942,13,9.127642e-04
9641,163.139787,13,8.973797e-04
9642,163.153632,13,9.063384e-04
9643,163.167477,13,9.007175e-04
9644,163.181321,12,9.987069e-04
9645,163.195165,13,9.407857e-04
9646,163.209008,12,9.815027e-04
9647,163.222851,13,9.272117e-04
9648,163.236694,12,9.812412e-04
9649,163.250537,13,9.303732e-04
9650,163.264380,12,9.885160e-04
9651,163.278222,13,9.484238e-04
9652,163.292064,13,9.278267e-04
9653,163.305906,13,9.185368e-04
9654,163.319748,13,9.465343e-04
9655,163.333590,13,9.694781e-04
9656,163.347431,13,9.964415e-04
9657,163.361273,14,9.726266e-04
9658,163.375114,13,9.804060e-04
9659,163.388955,14,9.903258e-04
9660,163.402797,15,9.893740e-04
9661,163.416638,12,9.573438e-04
9662,163.430479,15,9.725400e-04
9663,163.444321,13,9.977696e-04
9664,163.458162,15,9.718648e-04
9665,163.472004,13,9.766346e-04
9666,163.485845,14,9.998078e-04
9667,163.499687,15,9.916809e-04
9668,163.513529,12,9.763981e-04
9669,163.527371,15,9.691977e-04
9670,163.541213,13,9.910453e-04
9671,163.555055,14,9.926827e-04
9672,163.568898,15,9.591508e-04
9673,163.582741,12,9.630177e-04
9674,163.596584,14,9.874431e-04
9675,163.610427,14,9.862283e-04
9676,163.624271,13,9.612394e-04
9677,163.638115,14,9.560200e-04
9678,163.651959,13,9.867261e-04
9679,163.665804,14,9.465941e-04
9680,163.679649,13,9.774269e-04
9681,163.693494,14,9.355091e-04
9682,163.707340,13,9.663113e-04
9683,163.721186,14,9.214426e-04
9684,163.735033,13,9.492129e-04
9685,163.748881,13,9.824355e-04
9686,163.762728,13,9.924729e-04
9687,163.776577,13,9.716358e-04
9688,163.790426,13,9.597706e-04
9689,163.804275,13,9.425908e-04
9690,163.818125,13,9.232133e-04
9691,163.831976,13,9.022729e-04
9692,163.845827,12,9.881118e-04
9693,163.859679,13,9.217533e-04
9694,163.873532,12,9.540635e-04
9695,163.887385,13,8.934786e-04
9696,163.901239,12,9.397160e-04
9697,163.915094,13,8.810031e-04
9698,163.928950,12,9.316839e-04
9699,163.942806,12,9.992228e-04
9700,163.956663,13,9.031206e-04
9701,163.970520,12,9.245443e-04
9702,163.984379,13,9.008279e-04
9703,163.998238,12,9.574519e-04
9704,164.012099,13,9.220857e-04
9705,164.025960,12,9.752146e-04
9706,164.039821,13,9.460587e-04
9707,164.053684,12,9.971194e-04
9708,164.067548,13,9.721271e-04
9709,164.081412,13,9.456854e-04
9710,164.095277,13,9.255734e-04
9711,164.109143,13,9.441155e-04
9712,164.123010,13,9.547545e-04
9713,164.136878,13,9.685074e-04
9714,164.150747,13,9.860253e-04
9715,164.164617,14,9.429420e-04
9716,164.178487,13,9.457645e-04
9717,164.192359,14,9.492575e-04
9718,164.206231,13,9.981183e-04
9719,164.220104,14,9.924656e-04
9720,164.233979,15,9.726252e-04
9721,164.247854,12,9.538096e-04
9722,164.261730,15,9.731558e-04
9723,164.275607,15,9.999692e-04
9724,164.289485,12,9.817470e-04
9725,164.303364,15,9.896848e-04
9726,164.317244,17,9.749581e-04
9727,164.331124,11,8.619373e-04
9728,164.345006,14,9.476546e-04
9729,164.358889,16,9.605027e-04
9730,164.372772,11,9.546707e-04
9731,164.386657,20,9.912102e-04
9732,164.400543,10,9.678965e-04
9733,164.414429,13,9.405578e-04
9734,164.428317,15,9.744826e-04
9735,164.442205,19,9.505425e-04
9736,164.456094,10,9.828406e-04
9737,164.469985,13,9.221157e-04
9738,164.483876,15,9.062857e-04
9739,164.497768,12,9.807756e-04
9740,164.511661,19,9.889334e-04
9741,164.525555,10,9.340752e-04
9742,164.539451,13,8.829637e-04
9743,164.553347,14,9.724150e-04
9744,164.567244,13,9.959856e-04
9745,164.581141,15,9.832444e-04
9746,164.595040,11,9.831347e-04
9747,164.608940,15,9.623808e-04
9748,164.622841,11,9.418311e-04
9749,164.636742,14,9.862547e-04
9750,164.650645,12,9.972114e-04
9751,164.664548,14,9.343678e-04
9752,164.678452,12,9.545119e-04
9753,164.692357,13,9.770123e-04
9754,164.706263,13,9.721660e-04
9755,164.720170,13,9.380065e-04
9756,164.734078,13,9.593349e-04
9757,164.747986,13,9.754050e-04
9758,164.761895,13,9.962663e-04
9759,164.775805,14,9.728832e-04
9760,164.789716,13,9.781234e-04
9761,164.803628,14,9.926004e-04
9762,164.817540,27,9.346094e-04
9763,164.831453,12,9.884857e-04
9764,164.845367,13,9.231853e-04
9765,164.859281,13,9.473082e-04
9766,164.873196,13,9.695508e-04
9767,164.887112,13,9.810191e-04
9768,164.901028,14,9.248417e-04
9769,164.914946,13,9.686429e-04
9770,164.928863,16,9.912865e-04
9771,164.942782,11,9.824831e-04
9772,164.956700,29,9.424302e-04
9773,164.970620,14,9.907768e-04
9774,164.984540,20,9.731156e-04
9775,164.998460,11,8.097136e-04
9776,165.012382,14,9.781143e-04
9777,165.026303,16,9.352586e-04
9778,165.040225,10,9.921311e-04
9779,165.054148,13,9.628685e-04
9780,165.068071,14,9.531229e-04
9781,165.081994,13,9.884762e-04
9782,165.095918,28,9.883669e-04
9783,165.109842,13,9.529341e-04
9784,165.123767,15,9.745050e-04
9785,165.137692,14,9.927048e-04
9786,165.151617,14,9.787265e-04
9787,165.165543,14,9.427219e-04
9788,165.179469,13,9.763406e-04
9789,165.193395,14,9.983048e-04
9790,165.207322,21,9.815204e-04
9791,165.221249,11,8.749140e-04
9792,165.235176,13,9.820545e-04
9793,165.249103,29,9.702396e-04
9794,165.263030,13,8.788956e-04
9795,165.276958,14,9.943334e-04
9796,165.290886,20,9.839870e-04
9797,165.304814,11,7.976186e-04
9798,165.318742,13,8.239612e-04
9799,165.332670,14,8.727167e-04
9800,165.346598,14,9.511809e-04
9801,165.360526,27,9.374561e-04
9802,165.374455,13,8.951304e-04
9803,165.388383,13,9.486276e-04
9804,165.402312,14,8.941305e-04
9805,165.416240,13,9.934703e-04
9806,165.430169,14,9.965644e-04
9807,165.444097,16,9.947377e-04
9808,165.458025,12,9.438625e-04
9809,165.471954,29,9.258045e-04
9810,165.485882,14,9.081015e-04
9811,165.499810,16,9.987280e-04
9812,165.513738,11,9.785258e-04
9813,165.527666,15,9.356922e-04
9814,165.541594,12,9.738286e-04
9815,165.555521,15,9.537300e-04
9816,165.569449,12,9.533506e-04
9817,165.583376,14,9.994838e-04
9818,165.597303,16,9.854549e-04
9819,165.611230,11,9.075208e-04
9820,165.625157,15,9.618999e-04
9821,165.639083,27,9.211466e-04
9822,165.653009,12,9.650240e-04
9823,165.666935,13,9.483932e-04
9824,165.680861,15,9.595473e-04
9825,165.694786,13,9.899474e-04
9826,165.708711,21,9.741534e-04
9827,165.722636,11,7.881078e-04
9828,165.736560,13,8.465132e-04
9829,165.750484,15,9.582311e-04
9830,165.764407,22,9.613503e-04
9831,165.778331,11,8.564817e-04
9832,165.792253,12,9.973339e-04
9833,165.806176,13,9.949478e-04
9834,165.820097,14,9.861199e-04
9835,165.834019,14,9.915275e-04
9836,165.847940,15,9.900456e-04
9837,165.861860,14,9.948159e-04
9838,165.875780,25,9.682275e-04
9839,165.889700,12,8.403582e-04
9840,165.903619,13,8.894861e-04
9841,165.917537,13,9.629211e-04
9842,165.931455,13,9.929671e-04
9843,165.945372,14,9.486313e-04
9844,165.959289,14,9.680618e-04
9845,165.973205,15,9.548450e-04
9846,165.987120,13,9.757292e-04
9847,166.001035,15,9.788015e-04
9848,166.014950,14,9.914834e-04
9849,166.028863,14,9.788514e-04
9850,166.042776,15,9.734005e-04
9851,166.056689,13,9.467540e-04
9852,166.070600,14,9.807892e-04
9853,166.084512,14,9.690428e-04
9854,166.098422,13,9.619394e-04
9855,166.112332,14,9.408286e-04
9856,166.126241,13,9.553941e-04
9857,166.140149,14,9.236463e-04
9858,166.154057,13,9.501907e-04
9859,166.167964,13,9.983446e-04
9860,166.181871,14,9.686966e-04
9861,166.195776,12,9.970895e-04
9862,166.209681,14,9.946075e-04
9863,166.223586,13,9.915535e-04
9864,166.237489,13,9.910141e-04
9865,166.251392,14,9.694436e-04
9866,166.265295,12,9.582233e-04
9867,166.279196,14,9.459849e-04
9868,166.293097,12,9.545562e-04
9869,166.306998,13,9.969467e-04
9870,166.320897,13,9.925774e-04
9871,166.334796,13,9.437969e-04
9872,166.348694,13,9.437201e-04
9873,166.362592,12,9.984892e-04
9874,166.376488,13,9.941401e-04
9875,166.390385,13,9.668418e-04
9876,166.404280,12,9.891415e-04
9877,166.418175,14,9.504173e-04
9878,166.432069,11,9.534605e-04
9879,166.445962,14,9.655800e-04
9880,166.459855,11,9.663482e-04
9881,166.473747,14,9.935210e-04
9882,166.487638,11,9.759882e-04
9883,166.501529,15,9.804910e-04
9884,166.515419,10,9.471130e-04
9885,166.529308,15,9.672629e-04
9886,166.543197,10,9.801818e-04
9887,166.557085,16,9.995381e-04
9888,166.570972,10,9.017265e-04
9889,166.584859,15,9.861989e-04
9890,166.598745,11,9.744517e-04
9891,166.612630,26,9.710487e-04
9892,166.626515,12,8.972575e-04
9893,166.640399,12,9.146882e-04
9894,166.654283,13,9.014284e-04
9895,166.668165,12,9.644164e-04
9896,166.682048,14,9.089389e-04
9897,166.695929,14,9.979894e-04
9898,166.709810,21,9.751085e-04
9899,166.723691,10,9.729438e-04
9900,166.737571,12,9.722958e-04
9901,166.751450,13,9.341189e-04
9902,166.765329,12,9.815240e-04
9903,166.779207,15,9.578416e-04
9904,166.793084,11,9.863468e-04
9905,166.806962,24,9.647102e-04
9906,166.820838,11,9.631839e-04
9907,166.834714,13,8.789888e-04
9908,166.848590,13,9.146991e-04
9909,166.862465,13,9.521332e-04
9910,166.876340,15,9.810441e-04
9911,166.890214,21,9.512076e-04
9912,166.904088,11,7.930321e-04
9913,166.917962,13,8.242828e-04
9914,166.931835,13,9.420021e-04
9915,166.945708,14,9.753440e-04
9916,166.959580,17,9.788225e-04
9917,166.973452,10,9.486741e-04
9918,166.987324,14,9.137522e-04
9919,167.001196,14,9.835346e-04
9920,167.015067,12,9.685785e-04
9921,167.028938,14,9.704388e-04
9922,167.042808,13,9.695562e-04
9923,167.056679,13,9.826871e-04
9924,167.070549,14,9.554940e-04
9925,167.084419,13,9.514808e-04
9926,167.098288,14,9.543146e-04
9927,167.112158,14,9.606158e-04
9928,167.126027,13,9.844351e-04
9929,167.139897,15,9.603473e-04
9930,167.153766,12,9.761656e-04
9931,167.167635,16,9.786295e-04
9932,167.181504,11,9.404297e-04
9933,167.195372,16,9.984075e-04
9934,167.209241,11,9.528155e-04
9935,167.223110,17,9.998481e-04
9936,167.236978,10,9.830712e-04
9937,167.250847,15,9.883637e-04
9938,167.264716,16,9.648433e-04
9939,167.278584,11,9.357405e-04
9940,167.292453,14,9.769957e-04
9941,167.306321,15,9.855514e-04
9942,167.320190,12,9.360592e-04
9943,167.334058,15,9.808210e-04
9944,167.347927,15,9.978362e-04
9945,167.361796,12,9.875947e-04
9946,167.375665,15,9.735625e-04
9947,167.389534,13,9.959020e-04
9948,167.403403,15,9.922141e-04
9949,167.417272,13,9.901538e-04
9950,167.431141,15,9.886750e-04
9951,167.445010,13,9.908552e-04
9952,167.458880,15,9.868442e-04
9953,167.472750,13,9.864520e-04
9954,167.486620,15,9.787634e-04
9955,167.500490,13,9.803207e-04
9956,167.514360,15,9.681218e-04
9957,167.528231,13,9.716431e-04
9958,167.542102,14,9.906291e-04
9959,167.555973,15,9.870450e-04
9960,167.569844,12,9.709819e-04
9961,167.583715,15,9.613923e-04
9962,167.597587,12,9.930987e-04
9963,167.611459,15,9.988264e-04
9964,167.625332,12,9.873669e-04
9965,167.639204,15,9.964190e-04
9966,167.653077,12,9.823084e-04
9967,167.666951,15,9.794724e-04
9968,167.680825,12,9.669430e-04
9969,167.694699,14,9.926472e-04
9970,167.708573,14,9.800266e-04
9971,167.722448,13,9.297345e-04
9972,167.736323,14,9.207971e-04
9973,167.750199,13,9.451591e-04
9974,167.764075,13,9.833115e-04
9975,167.777951,14,9.250919e-04
9976,167.791828,12,9.872568e-04
9977,167.805706,14,9.401335e-04
9978,167.819583,13,9.430329e-04
9979,167.833462,13,9.553145e-04
9980,167.847340,13,9.845828e-04
9981,167.861219,13,9.701276e-04
9982,167.875099,13,9.685881e-04
9983,167.888979,13,9.659095e-04
9984,167.902860,13,9.660680e-04
9985,167.916741,13,9.675661e-04
9986,167.930623,13,9.710254e-04
9987,167.944505,13,9.739360e-04
9988,167.958388,13,9.769752e-04
9989,167.972271,13,9.818381e-04
9990,167.986155,13,9.888100e-04
9991,168.000039,13,9.953828e-04
9992,168.013924,14,9.272426e-04
9993,168.027809,12,9.892400e-04
9994,168.041695,14,9.571614e-04
9995,168.055582,13,9.628023e-04
9996,168.069469,13,9.805081e-04
9997,168.083356,14,9.419588e-04
9998,168.097245,12,9.962845e-04
9999,168.111133,14,9.659196e-04
10000,168.125023,13,9.697655e-04
10001,168.138912,13,9.863929e-04
10002,168.152803,14,9.447696e-04
10003,168.166694,13,9.297209e-04
10004,168.180585,13,9.929164e-04
10005,168.194477,14,9.382692e-04
10006,168.208370,13,9.270665e-04
10007,168.222263,13,9.900955e-04
10008,168.236157,14,9.323009e-04
10009,168.250052,13,9.284090e-04
10010,168.263946,13,9.955288e-04
10011,168.277842,14,9.420176e-04
10012,168.291738,13,9.465583e-04
10013,168.305634,14,9.319682e-04
10014,168.319532,13,9.861044e-04
10015,168.333429,14,9.576013e-04
10016,168.347327,14,9.500887e-04
10017,168.361226,13,9.929149e-04
10018,168.375125,14,9.900123e-04
10019,168.389025,14,9.755280e-04
10020,168.402925,14,9.451631e-04
10021,168.416826,14,9.509467e-04
10022,168.430728,14,9.422006e-04
10023,168.444629,14,9.303183e-04
10024,168.458532,13,9.911188e-04
10025,168.472435,14,9.509119e-04
10026,168.486338,13,9.669404e-04
10027,168.500242,14,9.092697e-04
10028,168.514146,13,9.283148e-04
10029,168.528051,13,9.544779e-04
10030,168.541956,13,9.457797e-04
10031,168.555861,13,9.096017e-04
10032,168.569767,13,8.860832e-04
10033,168.583674,12,9.922048e-04
10034,168.597581,13,9.059705e-04
10035,168.611488,12,9.480584e-04
10036,168.625395,13,8.664831e-04
10037,168.639303,12,9.298340e-04
10038,168.653212,13,8.508012e-04
10039,168.667121,12,9.229865e-04
10040,168.681030,13,8.535027e-04
10041,168.694939,12,9.311832e-04
10042,168.708849,13,8.749427e-04
10043,168.722758,12,9.552650e-04
10044,168.736669,13,9.108862e-04
10045,168.750579,12,9.847421e-04
10046,168.764490,13,9.448165e-04
10047,168.778401,13,9.095143e-04
10048,168.792312,12,9.967725e-04
10049,168.806223,13,9.658207e-04
10050,168.820135,13,9.165638e-04
10051,168.834047,12,9.959707e-04
10052,168.847959,13,9.594603e-04
10053,168.861870,12,9.977562e-04
10054,168.875783,13,9.463322e-04
10055,168.889695,12,9.900482e-04
10056,168.903607,13,9.320225e-04
10057,168.917519,12,9.777452e-04
10058,168.931432,13,9.204995e-04
10059,168.945344,12,9.696007e-04
10060,168.959257,13,9.140866e-04
10061,168.973169,12,9.664822e-04
10062,168.987081,13,9.132407e-04
10063,169.000994,12,9.676092e-04
10064,169.014906,13,9.173680e-04
10065,169.028818,12,9.732275e-04
10066,169.042730,13,9.274525e-04
10067,169.056642,12,9.818940e-04
10068,169.070554,13,9.397822e-04
10069,169.084466,12,9.900706e-04
10070,169.098378,13,9.473241e-04
10071,169.112289,12,9.950885e-04
10072,169.126200,13,9.597067e-04
10073,169.140111,13,9.283950e-04
10074,169.154022,13,9.095573e-04
10075,169.167933,13,9.272504e-04
10076,169.181843,13,9.359191e-04
10077,169.195753,13,9.469149e-04
10078,169.209662,13,9.585496e-04
10079,169.223572,13,9.727702e-04
10080,169.237481,13,9.906440e-04
10081,169.251390,14,9.497519e-04
10082,169.265298,13,9.463098e-04
10083,169.279206,14,9.507159e-04
10084,169.293113,13,9.930505e-04
10085,169.307020,14,9.883790e-04
10086,169.320927,14,9.932871e-04
10087,169.334833,13,9.938890e-04
10088,169.348739,15,9.818861e-04
10089,169.362644,12,9.586797e-04
10090,169.376549,17,9.959059e-04
10091,169.390453,10,9.487714e-04
10092,169.404357,16,9.792049e-04
10093,169.418260,11,9.666031e-04
10094,169.432163,25,9.957489e-04
10095,169.446065,12,8.506194e-04
10096,169.459966,12,8.716663e-04
10097,169.473867,13,9.018381e-04
10098,169.487767,14,8.949700e-04
10099,169.501667,14,9.843283e-04
10100,169.515566,20,9.949581e-04
10101,169.529464,10,9.955593e-04
10102,169.543362,13,9.626766e-04
10103,169.557259,28,9.633055e-04
10104,169.571155,12,9.384616e-04
10105,169.585050,12,9.376463e-04
10106,169.598945,14,9.466200e-04
10107,169.612839,14,9.435165e-04
10108,169.626732,13,9.537921e-04
10109,169.640624,15,9.829513e-04
10110,169.654516,21,9.483774e-04
10111,169.668407,11,8.487529e-04
10112,169.682297,13,9.900273e-04
10113,169.696186,29,9.388498e-04
10114,169.710075,13,8.675135e-04
10115,169.723962,16,9.965784e-04
10116,169.737849,12,9.930480e-04
10117,169.751735,16,9.882243e-04
10118,169.765621,10,9.188382e-04
10119,169.779505,13,9.432511e-04
10120,169.793388,13,9.624162e-04
10121,169.807271,13,9.752589e-04
10122,169.821153,25,9.891010e-04
10123,169.835034,12,8.909009e-04
10124,169.848914,13,9.166375e-04
10125,169.862793,13,9.244129e-04
10126,169.876671,13,8.956530e-04
10127,169.890549,13,9.088891e-04
10128,169.904426,13,9.686566e-04
10129,169.918301,14,9.636886e-04
10130,169.932176,13,9.848230e-04
10131,169.946051,14,9.773697e-04
10132,169.959924,14,9.774429e-04
10133,169.973796,13,9.948872e-04
10134,169.987668,15,9.811724e-04
10135,170.001539,12,9.801063e-04
10136,170.015409,15,9.977933e-04
10137,170.029278,12,9.916382e-04
10138,170.043146,15,9.940102e-04
10139,170.057014,12,9.689081e-04
10140,170.070881,14,9.866178e-04
10141,170.084747,13,9.990163e-04
10142,170.098612,13,9.805837e-04
10143,170.112476,13,9.929673e-04
10144,170.126340,13,9.677273e-04
10145,170.140203,13,9.595179e-04
10146,170.154065,13,9.532591e-04
10147,170.167927,13,9.501337e-04
10148,170.181788,13,9.472799e-04
10149,170.195648,13,9.450338e-04
10150,170.209508,13,9.432560e-04
10151,170.223366,13,9.407468e-04
10152,170.237224,13,9.371810e-04
10153,170.251082,13,9.327928e-04
10154,170.264939,13,9.275086e-04
10155,170.278795,13,9.220072e-04
10156,170.292651,13,9.178019e-04
10157,170.306506,13,9.148592e-04
10158,170.320360,13,9.126909e-04
10159,170.334214,13,9.122327e-04
10160,170.348068,13,9.132406e-04
10161,170.361921,13,9.183289e-04
10162,170.375773,13,9.289800e-04
10163,170.389625,13,9.446561e-04
10164,170.403476,13,9.644089e-04
10165,170.417327,13,9.891431e-04
10166,170.431178,14,9.637177e-04
10167,170.445028,13,9.778107e-04
10168,170.458877,14,9.906012e-04
10169,170.472726,26,9.415230e-04
10170,170.486575,12,9.106005e-04
10171,170.500423,13,8.823103e-04
10172,170.514271,13,9.044344e-04
10173,170.528119,13,9.259283e-04
10174,170.541966,14,9.090438e-04
10175,170.555813,15,9.799459e-04
10176,170.569660,21,9.500584e-04
10177,170.583506,11,8.149211e-04
10178,170.597352,13,9.931753e-04
10179,170.611198,30,9.790122e-04
10180,170.625044,13,8.704546e-04
10181,170.638889,13,9.422053e-04
10182,170.652734,22,9.959377e-04
10183,170.666579,11,8.398005e-04
10184,170.680424,12,9.686392e-04
10185,170.694269,16,9.533264e-04
10186,170.708113,23,9.764762e-04
10187,170.721957,13,9.742710e-04
10188,170.735802,14,9.492480e-04
10189,170.749646,30,9.512001e-04
10190,170.763490,13,9.827065e-04
10191,170.777334,20,9.511381e-04
10192,170.791178,10,9.607521e-04
10193,170.805021,13,9.464906e-04
10194,170.818865,15,8.824788e-04
10195,170.832709,11,9.188192e-04
10196,170.846553,25,9.951499e-04
10197,170.860397,12,9.283479e-04
10198,170.874241,13,9.456166e-04
10199,170.888084,14,9.972965e-04
10200,170.901928,31,9.626929e-04
10201,170.915773,13,9.275645e-04
10202,170.929617,12,9.630081e-04
10203,170.943461,17,9.830558e-04
10204,170.957305,10,9.347699e-04
10205,170.971150,14,9.735259e-04
10206,170.984994,14,9.585254e-04
10207,170.998839,12,9.109505e-04
10208,171.012684,14,9.500658e-04
10209,171.026529,24,9.856449e-04
10210,171.040375,11,9.966998e-04
10211,171.054220,13,8.559854e-04
10212,171.068066,13,9.982916e-04
10213,171.081912,14,9.970091e-04
10214,171.095758,14,9.931066e-04
10215,171.109605,13,9.920508e-04
10216,171.123451,15,9.900843e-04
10217,171.137298,11,9.587726e-04
10218,171.151146,15,9.628921e-04
10219,171.164994,11,9.284883e-04
10220,171.178842,14,9.691394e-04
10221,171.192690,12,9.715167e-04
10222,171.206539,13,9.542552e-04
10223,171.220388,13,9.146378e-04
10224,171.234237,12,9.450647e-04
10225,171.248087,13,9.031317e-04
10226,171.261938,12,9.459751e-04
10227,171.275788,13,8.969449e-04
10228,171.289639,12,9.530289e-04
10229,171.303491,13,9.082008e-04
10230,171.317343,12,9.628500e-04
10231,171.331196,13,9.168689e-04
10232,171.345049,12,9.668963e-04
10233,171.358902,13,9.173149e-04
10234,171.372756,12,9.704746e-04
10235,171.386611,13,9.257494e-04
10236,171.400466,12,9.906335e-04
10237,171.414321,13,9.605799e-04
10238,171.428177,13,9.557643e-04
10239,171.442034,13,9.588692e-04
10240,171.455891,14,9.490284e-04
10241,171.469749,13,9.704073e-04
10242,171.483607,14,9.876777e-04
10243,171.497466,27,9.440351e-04
10244,171.511326,12,9.710522e-04
10245,171.525186,13,9.001163e-04
10246,171.539047,13,9.549278e-04
10247,171.552908,13,9.917593e-04
10248,171.566770,14,9.160400e-04
10249,171.580632,13,9.631455e-04
10250,171.594496,15,9.550452e-04
10251,171.608359,16,9.885856e-04
10252,171.622224,12,9.491511e-04
10253,171.636089,29,9.343356e-04
10254,171.649955,13,9.096104e-04
10255,171.663821,14,9.686329e-04
10256,171.677688,15,9.801225e-04
10257,171.691556,12,9.659875e-04
10258,171.705424,14,9.851488e-04
10259,171.719293,14,9.515220e-04
10260,171.733163,13,9.854880e-04
10261,171.747033,21,9.834510e-04
10262,171.760904,11,8.441548e-04
10263,171.774775,13,9.425345e-04
10264,171.788647,15,9.429721e-04
10265,171.802520,12,9.944233e-04
10266,171.816394,18,9.899021e-04
10267,171.830268,10,9.833001e-04
10268,171.844143,14,9.392762e-04
10269,171.858018,15,9.081376e-04
10270,171.871895,12,9.124041e-04
10271,171.885771,14,9.675131e-04
10272,171.899649,14,9.434359e-04
10273,171.913527,13,9.299466e-04
10274,171.927406,14,9.131648e-04
10275,171.941285,13,9.372821e-04
10276,171.955165,13,9.742811e-04
10277,171.969046,13,9.745337e-04
10278,171.982927,13,9.443567e-04
10279,171.996809,13,9.284178e-04
10280,172.010692,13,9.146001e-04
10281,172.024575,13,9.068022e-04
10282,172.038459,13,9.057302e-04
10283,172.052343,13,9.120656e-04
10284,172.066228,13,9.253688e-04
10285,172.080114,13,9.441422e-04
10286,172.094000,13,9.660738e-04
10287,172.107887,13,9.883117e-04
10288,172.121774,14,9.535122e-04
10289,172.135662,13,9.542667e-04
10290,172.149551,14,9.463447e-04
10291,172.163440,13,9.726765e-04
10292,172.177329,14,9.489520e-04
10293,172.191219,13,9.760791e-04
10294,172.205110,14,9.606935e-04
10295,172.219001,13,9.972168e-04
10296,172.232893,14,9.906178e-04
10297,172.246785,15,9.753975e-04
10298,172.260678,12,9.315410e-04
10299,172.274571,15,9.734049e-04
10300,172.288465,17,9.616085e-04
10301,172.302359,10,9.299868e-04
10302,172.316253,14,9.269026e-04
10303,172.330148,16,9.322235e-04
10304,172.344044,11,8.937121e-04
10305,172.357940,20,9.960039e-04
10306,172.371836,10,9.239981e-04
10307,172.385732,13,9.607619e-04
10308,172.399629,16,9.318462e-04
10309,172.413526,11,9.805399e-04
10310,172.427424,23,9.815467e-04
10311,172.441322,11,8.932520e-04
10312,172.455220,12,9.948349e-04
10313,172.469118,14,8.935611e-04
10314,172.483017,16,9.469483e-04
10315,172.496916,13,9.837186e-04
10316,172.510815,23,9.624440e-04
10317,172.524714,11,9.354098e-04
10318,172.538614,13,8.731458e-04
10319,172.552514,14,9.195011e-04
10320,172.566414,16,9.588171e-04
10321,172.580314,13,9.934595e-04
10322,172.594214,23,9.950017e-04
10323,172.608115,11,9.295615e-04
10324,172.622015,13,8.388331e-04
10325,172.635916,13,9.334075e-04
10326,172.649817,13,9.832886e-04
10327,172.663718,14,9.865229e-04
10328,172.677619,14,9.902080e-04
10329,172.691520,14,9.706155e-04
10330,172.705421,14,9.667422e-04
10331,172.719322,13,9.918356e-04
10332,172.733223,14,9.748094e-04
10333,172.747124,13,9.827748e-04
10334,172.761026,14,9.509513e-04
10335,172.774927,13,9.604199e-04
10336,172.788828,13,9.783530e-04
10337,172.802729,13,9.913358e-04
10338,172.816630,13,9.720002e-04
10339,172.830531,13,9.675898e-04
10340,172.844432,13,9.623733e-04
10341,172.858333,13,9.563136e-04
10342,172.872233,13,9.481569e-04
10343,172.886134,13,9.395499e-04
10344,172.900034,13,9.300544e-04
10345,172.913935,13,9.212580e-04
10346,172.927835,13,9.130085e-04
10347,172.941735,12,9.995370e-04
10348,172.955635,13,9.660215e-04
10349,172.969534,13,9.234377e-04
10350,172.983433,12,9.907148e-04
10351,172.997333,13,9.831307e-04
10352,173.011231,13,9.545764e-04
10353,173.025130,13,9.388041e-04
10354,173.039028,13,9.611024e-04
10355,173.052926,13,9.743207e-04
10356,173.066824,13,9.889865e-04
10357,173.080721,14,9.394967e-04
10358,173.094619,12,9.975619e-04
10359,173.108515,14,9.739593e-04
10360,173.122412,13,9.789779e-04
10361,173.136308,13,9.911481e-04
10362,173.150203,14,9.513756e-04
10363,173.164099,12,9.899756e-04
10364,173.177994,14,9.493161e-04
10365,173.191888,12,9.973650e-04
10366,173.205782,14,9.407923e-04
10367,173.219676,12,9.844595e-04
10368,173.233569,14,9.210025e-04
10369,173.247462,12,9.703210e-04
10370,173.261355,13,9.948964e-04
10371,173.275246,13,9.744438e-04
10372,173.289138,13,9.285932e-04
10373,173.303029,13,9.399490e-04
10374,173.316920,13,9.403627e-04
10375,173.330810,13,9.421519e-04
10376,173.344699,13,9.465414e-04
10377,173.358588,13,9.527846e-04
10378,173.372477,13,9.596871e-04
10379,173.386365,13,9.671672e-04
10380,173.400253,13,9.736530e-04
10381,173.414140,13,9.777458e-04
10382,173.428026,13,9.791692e-04
10383,173.441913,13,9.784194e-04
10384,173.455798,13,9.756239e-04
10385,173.469683,13,9.694050e-04
10386,173.483568,13,9.584780e-04
10387,173.497452,13,9.490614e-04
10388,173.511335,13,9.397871e-04
10389,173.525218,13,9.312271e-04
10390,173.539100,13,9.243013e-04
10391,173.552982,13,9.188292e-04
10392,173.566863,13,9.144132e-04
10393,173.580744,13,9.116088e-04
10394,173.594624,13,9.107356e-04
10395,173.608503,13,9.121530e-04
10396,173.622382,13,9.167791e-04
10397,173.636261,13,9.243552e-04
10398,173.650139,13,9.360699e-04
10399,173.664016,13,9.517960e-04
10400,173.677893,13,9.703259e-04
10401,173.691769,13,9.889892e-04
10402,173.705645,14,9.409980e-04
10403,173.719520,13,9.397044e-04
10404,173.733394,14,9.376817e-04
10405,173.747268,13,9.746331e-04
10406,173.761142,14,9.551666e-04
10407,173.775015,13,9.822407e-04
10408,173.788887,14,9.577197e-04
10409,173.802759,13,9.778354e-04
10410,173.816630,14,9.441041e-04
10411,173.830501,13,9.530567e-04
10412,173.844371,13,9.830805e-04
10413,173.858241,13,9.949985e-04
10414,173.872110,13,9.680511e-04
10415,173.885979,13,9.553724e-04
10416,173.899847,13,9.420378e-04
10417,173.913715,13,9.320426e-04
10418,173.927583,13,9.252123e-04
10419,173.941450,13,9.232328e-04
10420,173.955316,13,9.269015e-04
10421,173.969182,13,9.365786e-04
10422,173.983048,13,9.516864e-04
10423,173.996913,13,9.713870e-04
10424,174.010778,13,9.941782e-04
10425,174.024642,14,9.887969e-04
10426,174.038506,12,9.762923e-04
10427,174.052370,26,9.826587e-04
10428,174.066233,12,8.816793e-04
10429,174.080096,12,8.816327e-04
10430,174.093959,12,9.980243e-04
10431,174.107821,13,9.036992e-04
10432,174.121683,12,9.838386e-04
10433,174.135545,15,9.738612e-04
10434,174.149406,11,9.249728e-04
10435,174.163267,21,9.792994e-04
10436,174.177127,10,9.176303e-04
10437,174.190988,12,9.474817e-04
10438,174.204848,14,9.244563e-04
10439,174.218707,12,9.669991e-04
10440,174.232567,26,9.877643e-04
10441,174.246426,12,9.303407e-04
10442,174.260285,12,8.693134e-04
10443,174.274144,13,8.983065e-04
10444,174.288002,13,9.596261e-04
10445,174.301861,13,9.462126e-04
10446,174.315719,13,9.166404e-04
10447,174.329577,13,8.911711e-04
10448,174.343435,13,8.934591e-04
10449,174.357292,13,9.142648e-04
10450,174.371150,13,9.405935e-04
10451,174.385007,13,9.587041e-04
10452,174.398865,13,9.603911e-04
10453,174.412722,13,9.448742e-04
10454,174.426579,13,9.169011e-04
10455,174.440436,12,9.843287e-04
10456,174.454293,13,9.111795e-04
10457,174.468150,12,9.299822e-04
10458,174.482007,12,9.861621e-04
10459,174.495864,12,9.919623e-04
10460,174.509721,12,9.747120e-04
10461,174.523578,12,9.786570e-04
10462,174.537435,12,9.880317e-04
10463,174.551292,13,9.015967e-04
10464,174.565150,12,9.351755e-04
10465,174.579007,13,9.392857e-04
10466,174.592864,13,9.463010e-04
10467,174.606722,13,9.458317e-04
10468,174.620579,13,9.846842e-04
10469,174.634437,14,9.750101e-04
10470,174.648295,12,9.841029e-04
10471,174.662153,15,9.970563e-04
10472,174.676011,10,9.929096e-04
10473,174.689869,27,9.868128e-04
10474,174.703728,12,9.456660e-04
10475,174.717587,12,8.653644e-04
10476,174.731445,13,8.877821e-04
10477,174.745305,13,9.032597e-04
10478,174.759164,13,9.638575e-04
10479,174.773023,14,9.808974e-04
10480,174.786883,14,9.882234e-04
10481,174.800743,14,9.751255e-04
10482,174.814603,15,9.893750e-04
10483,174.828464,13,9.765022e-04
10484,174.842325,27,9.694220e-04
10485,174.856186,12,9.320656e-04
10486,174.870047,12,9.829022e-04
10487,174.883908,14,9.402139e-04
10488,174.897770,13,9.849686e-04
10489,174.911632,14,9.258490e-04
10490,174.925495,13,9.729916e-04
10491,174.939358,14,9.558483e-04
10492,174.953221,14,9.913299e-04
10493,174.967084,15,9.739635e-04
10494,174.980948,14,9.954883e-04
10495,174.994812,26,9.561501e-04
10496,175.008676,12,8.693808e-04
10497,175.022541,13,9.137875e-04
10498,175.036406,14,9.291099e-04
10499,175.050272,14,9.403977e-04
10500,175.064138,14,9.929870e-04
10501,175.078004,16,9.854155e-04
10502,175.091871,11,9.832426e-04
10503,175.105738,21,9.990763e-04
10504,175.119606,10,9.914661e-04
10505,175.133474,13,9.133340e-04
10506,175.147342,15,9.338089e-04
10507,175.161211,12,9.996500e-04
10508,175.175080,28,9.672733e-04
10509,175.188950,13,9.014826e-04
10510,175.202820,12,9.767699e-04
10511,175.216691,14,9.053627e-04
10512,175.230562,13,9.871658e-04
10513,175.244433,15,9.434281e-04
10514,175.258305,12,9.903225e-04
10515,175.272178,16,9.744537e-04
10516,175.286051,11,9.299357e-04
10517,175.299924,25,9.860246e-04
10518,175.313798,12,8.669221e-04
10519,175.327672,13,9.881847e-04
10520,175.341546,14,9.626981e-04
10521,175.355422,13,9.585431e-04
10522,175.369297,15,9.518835e-04
10523,175.383173,23,9.945179e-04
10524,175.397050,11,9.297275e-04
10525,175.410927,13,8.725096e-04
10526,175.424804,13,9.861598e-04
10527,175.438682,14,9.322040e-04
10528,175.452560,15,9.534181e-04
10529,175.466439,15,9.940791e-04
10530,175.480318,25,9.649865e-04
10531,175.494198,12,8.434573e-04
10532,175.508078,13,9.635352e-04
10533,175.521959,13,9.753323e-04
10534,175.535840,13,9.351931e-04
10535,175.549721,13,9.869516e-04
10536,175.563603,15,9.428180e-04
10537,175.577485,12,9.692083e-04
10538,175.591368,16,9.829803e-04
10539,175.605251,11,8.820272e-04
10540,175.619135,14,9.563825e-04
10541,175.633019,13,9.697516e-04
10542,175.646903,13,9.267560e-04
10543,175.660788,13,9.377709e-04
10544,175.674673,13,9.075304e-04
10545,175.688559,12,9.922868e-04
10546,175.702445,13,9.440764e-04
10547,175.716332,12,9.743513e-04
10548,175.730218,13,9.379902e-04
10549,175.744106,12,9.899697e-04
10550,175.757993,13,9.623334e-04
10551,175.771881,13,9.340229e-04
10552,175.785769,13,9.222830e-04
10553,175.799658,13,9.416718e-04
10554,175.813547,13,9.450807e-04
10555,175.827436,13,9.430707e-04
10556,175.841326,13,9.395833e-04
10557,175.855216,13,9.361263e-04
10558,175.869106,13,9.318451e-04
10559,175.882996,13,9.246356e-04
10560,175.896887,13,9.207644e-04
10561,175.910778,13,9.237308e-04
10562,175.924670,13,9.311819e-04
10563,175.938561,13,9.403159e-04
10564,175.952453,13,9.495397e-04
10565,175.966345,13,9.590595e-04
10566,175.980238,13,9.674344e-04
10567,175.994130,13,9.732571e-04
10568,176.008023,13,9.759172e-04
10569,176.021916,13,9.754588e-04
10570,176.035809,13,9.723955e-04
10571,176.049703,13,9.674504e-04
10572,176.063596,13,9.612164e-04
10573,176.077490,13,9.552284e-04
10574,176.091384,13,9.501939e-04
10575,176.105278,13,9.469419e-04
10576,176.119172,13,9.462055e-04
10577,176.133067,13,9.478266e-04
10578,176.146961,13,9.530230e-04
10579,176.160856,13,9.622043e-04
10580,176.174750,13,9.738070e-04
10581,176.188645,13,9.882284e-04
10582,176.202540,14,9.691576e-04
10583,176.216435,12,9.796736e-04
10584,176.230330,15,9.977989e-04
10585,176.244225,11,9.264372e-04
10586,176.258120,27,9.962173e-04
10587,176.272015,12,9.703410e-04
10588,176.285910,12,8.953338e-04
10589,176.299806,13,8.866418e-04
10590,176.313701,12,9.790815e-04
10591,176.327596,14,9.214579e-04
10592,176.341491,12,9.685871e-04
10593,176.355386,17,9.860221e-04
10594,176.369281,10,8.834946e-04
10595,176.383176,25,9.541943e-04
10596,176.397071,11,9.412534e-04
10597,176.410966,13,9.772679e-04
10598,176.424860,14,9.592644e-04
10599,176.438755,11,9.777091e-04
10600,176.452649,15,9.590121e-04
10601,176.466543,11,9.892162e-04
10602,176.480437,26,9.595213e-04
10603,176.494331,13,9.631376e-04
10604,176.508225,14,9.901076e-04
10605,176.522119,12,9.163334e-04
10606,176.536012,13,9.680435e-04
10607,176.549905,13,9.385487e-04
10608,176.563798,12,9.975212e-04
10609,176.577690,13,9.952087e-04
10610,176.591583,13,9.292465e-04
10611,176.605475,12,9.573419e-04
10612,176.619367,13,9.172416e-04
10613,176.633258,12,9.531089e-04
10614,176.647149,13,9.163105e-04
10615,176.661040,12,9.662282e-04
10616,176.674931,13,9.314621e-04
10617,176.688821,12,9.675314e-04
10618,176.702711,13,9.217484e-04
10619,176.716601,12,9.445009e-04
10620,176.730490,12,9.926637e-04
10621,176.744379,12,9.949839e-04
10622,176.758267,12,9.665661e-04
10623,176.772156,12,9.543768e-04
10624,176.786043,12,9.466995e-04
10625,176.799931,12,9.459333e-04
10626,176.813818,12,9.478951e-04
10627,176.827704,12,9.554102e-04
10628,176.841590,12,9.686969e-04
10629,176.855476,12,9.861291e-04
10630,176.869361,13,9.281474e-04
10631,176.883246,12,9.438501e-04
10632,176.897130,13,9.620664e-04
10633,176.911014,13,9.690814e-04
10634,176.924898,12,9.998154e-04
10635,176.938780,14,9.859822e-04
10636,176.952663,11,9.675841e-04
10637,176.966545,15,9.896640e-04
10638,176.980426,10,9.330515e-04
10639,176.994307,15,9.731968e-04
10640,177.008188,10,9.509692e-04
10641,177.022067,15,9.618724e-04
10642,177.035947,10,9.410348e-04
10643,177.049826,14,9.866689e-04
10644,177.063704,12,9.841650e-04
10645,177.077582,13,9.752742e-04
10646,177.091459,13,9.573080e-04
10647,177.105335,12,9.812909e-04
10648,177.119211,13,9.600502e-04
10649,177.133087,12,9.893864e-04
10650,177.146962,13,9.436612e-04
10651,177.160836,12,9.830973e-04
10652,177.174710,13,9.323063e-04
10653,177.188583,12,9.747959e-04
10654,177.202455,13,9.213755e-04
10655,177.216327,12,9.646087e-04
10656,177.230199,13,9.085982e-04
10657,177.244070,12,9.518696e-04
10658,177.257940,13,8.932290e-04
10659,177.271810,12,9.360351e-04
10660,177.285679,12,9.985879e-04
10661,177.299548,13,8.841583e-04
10662,177.313416,12,8.876887e-04
10663,177.327283,12,9.677078e-04
10664,177.341150,12,9.754105e-04
10665,177.355016,12,9.511467e-04
10666,177.368882,12,9.435605e-04
10667,177.382748,12,9.383076e-04
10668,177.396612,12,9.365658e-04
10669,177.410476,12,9.392157e-04
10670,177.424340,12,9.480228e-04
10671,177.438203,12,9.572575e-04
10672,177.452066,12,9.697756e-04
10673,177.465928,12,9.872236e-04
10674,177.479790,13,9.040269e-04
10675,177.493651,12,9.396745e-04
10676,177.507512,13,9.406085e-04
10677,177.521372,13,9.305983e-04
10678,177.535231,12,9.953913e-04
10679,177.549091,13,9.998814e-04
10680,177.562949,13,9.695970e-04
10681,177.576808,13,9.354072e-04
10682,177.590665,13,9.415070e-04
10683,177.604523,13,9.336492e-04
10684,177.618380,13,9.252403e-04
10685,177.632236,13,9.179854e-04
10686,177.646092,13,9.107876e-04
10687,177.659948,12,9.933290e-04
10688,177.673803,13,9.572461e-04
10689,177.687658,12,9.750610e-04
10690,177.701512,13,9.276208e-04
10691,177.715366,12,9.588784e-04
10692,177.729220,13,9.068798e-04
10693,177.743073,12,9.437322e-04
10694,177.756926,13,8.934332e-04
10695,177.770779,12,9.370769e-04
10696,177.784631,13,8.955918e-04
10697,177.798483,12,9.480697e-04
10698,177.812334,13,9.185995e-04
10699,177.826186,12,9.775853e-04
10700,177.840037,13,9.618243e-04
10701,177.853887,13,9.581076e-04
10702,177.867738,13,9.483546e-04
10703,177.881588,13,9.749336e-04
10704,177.895438,13,9.846470e-04
10705,177.909288,13,9.875598e-04
10706,177.923137,13,9.833601e-04
10707,177.936987,13,9.730087e-04
10708,177.950836,13,9.574617e-04
10709,177.964685,13,9.378182e-04
10710,177.978534,12,9.966741e-04
10711,177.992382,13,9.511846e-04
10712,178.006231,12,9.592838e-04
10713,178.020079,13,8.967524e-04
10714,178.033928,12,9.202962e-04
10715,178.047776,12,9.677408e-04
10716,178.061624,12,9.687564e-04
10717,178.075472,12,9.435386e-04
10718,178.089320,12,9.383880e-04
10719,178.103168,12,9.386033e-04
10720,178.117016,12,9.458058e-04
10721,178.130864,12,9.593386e-04
10722,178.144712,12,9.784958e-04
10723,178.158560,13,8.806983e-04
10724,178.172408,12,9.371074e-04
10725,178.186256,13,9.269649e-04
10726,178.200105,13,9.207841e-04
10727,178.213953,13,9.182636e-04
10728,178.227801,13,9.465990e-04
10729,178.241650,13,9.571234e-04
10730,178.255498,13,9.637419e-04
10731,178.269347,13,9.645693e-04
10732,178.283196,13,9.595422e-04
10733,178.297045,13,9.487576e-04
10734,178.310894,13,9.340705e-04
10735,178.324744,13,9.168038e-04
10736,178.338593,12,9.989049e-04
10737,178.352443,13,9.471529e-04
10738,178.366293,12,9.769779e-04
10739,178.380144,13,9.282387e-04
10740,178.393994,12,9.784998e-04
10741,178.407845,13,9.345928e-04
10742,178.421697,12,9.917913e-04
10743,178.435548,13,9.594856e-04
10744,178.449400,13,9.395985e-04
10745,178.463252,13,9.287721e-04
10746,178.477104,13,9.561858e-04
10747,178.490957,13,9.743384e-04
10748,178.504810,13,9.925184e-04
10749,178.518664,14,9.448546e-04
10750,178.532518,13,9.506332e-04
10751,178.546372,14,9.426144e-04
10752,178.560227,13,9.874860e-04
10753,178.574082,14,9.707480e-04
10754,178.587938,14,9.738049e-04
10755,178.601794,14,9.518869e-04
10756,178.615650,14,9.813697e-04
10757,178.629507,15,9.748002e-04
10758,178.643364,13,9.916686e-04
10759,178.657222,28,9.984060e-04
10760,178.671081,13,8.767401e-04
10761,178.684939,12,9.959887e-04
10762,178.698799,14,8.760611e-04
10763,178.712659,13,9.251095e-04
10764,178.726519,14,9.904243e-04
10765,178.740380,17,9.929111e-04
10766,178.754242,11,9.214172e-04
10767,178.768104,26,9.743585e-04
10768,178.781967,12,9.068296e-04
10769,178.795830,14,9.767504e-04
10770,178.809694,14,9.826501e-04
10771,178.823559,14,9.611184e-04
10772,178.837424,28,9.922368e-04
10773,178.851290,13,8.839458e-04
10774,178.865156,12,9.222707e-04
10775,178.879024,13,9.480754e-04
10776,178.892891,14,8.970913e-04
10777,178.906760,14,9.472228e-04
10778,178.920629,15,9.891113e-04
10779,178.934499,13,9.837677e-04
10780,178.948369,25,9.959681e-04
10781,178.962240,12,8.711883e-04
10782,178.976112,13,9.851019e-04
10783,178.989985,14,9.333468e-04
10784,179.003858,12,9.863656e-04
10785,179.017732,15,9.842554e-04
10786,179.031606,23,9.524836e-04
10787,179.045482,11,9.387571e-04
10788,179.059358,13,8.610532e-04
10789,179.073234,13,9.391629e-04
10790,179.087112,14,9.579866e-04
10791,179.100990,18,9.831043e-04
10792,179.114868,10,9.987516e-04
10793,179.128748,26,9.674349e-04
10794,179.142628,11,9.596825e-04
10795,179.156509,13,9.420743e-04
10796,179.170391,14,8.817460e-04
10797,179.184273,13,9.317740e-04
10798,179.198156,17,9.981164e-04
10799,179.212040,11,9.582724e-04
10800,179.225924,25,9.915504e-04
10801,179.239809,12,8.485649e-04
10802,179.253695,13,9.856115e-04
10803,179.267582,14,9.055446e-04
10804,179.281469,13,9.781062e-04
10805,179.295357,23,9.893077e-04
10806,179.309245,11,9.942036e-04
10807,179.323134,13,9.584977e-04
10808,179.337024,27,9.614073e-04
10809,179.350915,12,8.969838e-04
10810,179.364806,13,9.045356e-04
10811,179.378698,14,9.348680e-04
10812,179.392591,13,9.458383e-04
10813,179.406484,15,9.937387e-04
10814,179.420378,21,9.800188e-04
10815,179.434272,11,7.920335e-04
10816,179.448168,13,8.789226e-04
10817,179.462063,14,9.925611e-04
10818,179.475960,30,9.658439e-04
10819,179.489857,13,8.988425e-04
10820,179.503754,11,9.948222e-04
10821,179.517653,14,9.184838e-04
10822,179.531551,14,9.750295e-04
10823,179.545451,12,9.651287e-04
10824,179.559351,14,9.745933e-04
10825,179.573251,13,9.757436e-04
10826,179.587152,14,9.975269e-04
10827,179.601054,24,9.781224e-04
10828,179.614956,12,8.544293e-04
10829,179.628858,13,9.861366e-04
10830,179.642761,14,9.742233e-04
10831,179.656665,12,9.992255e-04
10832,179.670569,16,9.851460e-04
10833,179.684473,10,9.748276e-04
10834,179.698378,25,9.399497e-04
10835,179.712283,12,8.675107e-04
10836,179.726189,13,9.146161e-04
10837,179.740095,13,9.227198e-04
10838,179.754001,13,9.500350e-04
10839,179.767908,14,9.689773e-04
10840,179.781815,15,9.820644e-04
10841,179.795723,11,9.726068e-04
10842,179.809631,18,9.959186e-04
10843,179.823539,10,8.367304e-04
10844,179.837447,12,9.977119e-04
10845,179.851356,14,9.953041e-04
10846,179.865265,11,9.669626e-04
10847,179.879174,27,9.611611e-04
10848,179.893083,13,8.795418e-04
10849,179.906992,11,9.304878e-04
10850,179.920902,13,9.105446e-04
10851,179.934812,12,9.443787e-04
10852,179.948722,13,9.696415e-04
10853,179.962632,14,9.948118e-04
10854,179.976543,11,9.974424e-04
10855,179.990453,21,9.951978e-04
10856,180.004364,10,8.672568e-04
10857,180.018274,12,8.484299e-04
10858,180.032185,14,9.328784e-04
10859,180.046096,28,9.973431e-04
10860,180.060007,12,9.561859e-04
10861,180.073917,12,9.361435e-04
10862,180.087828,26,9.485856e-04
10863,180.101739,11,9.708039e-04
10864,180.115650,13,9.757332e-04
10865,180.129561,17,9.328146e-04
10866,180.143471,10,8.308354e-04
10867,180.157382,25,9.495838e-04
10868,180.171293,11,8.961089e-04
10869,180.185203,12,9.880867e-04
10870,180.199113,13,9.550111e-04
10871,180.213024,11,9.987472e-04
10872,180.226934,17,9.928908e-04
10873,180.240844,10,8.702625e-04
10874,180.254753,25,9.202444e-04
10875,180.268663,11,9.804738e-04
10876,180.282572,15,9.964772e-04
10877,180.296482,10,8.479010e-04
10878,180.310391,14,8.980851e-04
10879,180.324299,14,9.654872e-04
10880,180.338208,21,9.672961e-04
10881,180.352116,10,8.953342e-04
10882,180.366024,12,9.324111e-04
10883,180.379932,13,9.889723e-04
10884,180.393839,15,9.774444e-04
10885,180.407746,11,9.665975e-04
10886,180.421653,27,9.499370e-04
10887,180.435559,13,9.319127e-04
10888,180.449465,12,9.588907e-04
10889,180.463371,13,9.543853e-04
10890,180.477276,13,9.424075e-04
10891,180.491181,14,9.431331e-04
10892,180.505086,15,9.888045e-04
10893,180.518990,11,9.661325e-04
10894,180.532894,25,9.790409e-04
10895,180.546798,11,9.950681e-04
10896,180.560701,13,9.632365e-04
10897,180.574604,14,9.428330e-04
10898,180.588506,12,9.436994e-04
10899,180.602408,17,9.781911e-04
10900,180.616309,10,9.250429e-04
10901,180.630210,27,9.379811e-04
10902,180.644111,13,9.796488e-04
10903,180.658011,15,9.896024e-04
10904,180.671911,10,9.518245e-04
10905,180.685810,15,8.987917e-04
10906,180.699709,11,9.861145e-04
10907,180.713607,21,9.761272e-04
10908,180.727505,10,9.748893e-04
10909,180.741403,13,8.873145e-04
10910,180.755300,16,9.875157e-04
10911,180.769196,11,9.843726e-04
10912,180.783092,32,9.630329e-04
10913,180.796987,15,9.972969e-04
10914,180.810882,11,9.964575e-04
10915,180.824777,25,9.795807e-04
10916,180.838671,12,8.689322e-04
10917,180.852564,17,9.801903e-04
10918,180.866457,19,9.443277e-04
10919,180.880350,11,9.051445e-04
10920,180.894242,14,9.708976e-04
10921,180.908133,28,9.778612e-04
10922,180.922024,13,8.404793e-04
10923,180.935915,13,9.385981e-04
10924,180.949805,16,9.870681e-04
10925,180.963694,11,9.213067e-04
10926,180.977583,15,9.609557e-04
10927,180.991472,12,9.494686e-04
10928,181.005360,15,9.386869e-04
10929,181.019248,23,9.908797e-04
10930,181.033135,11,9.490981e-04
10931,181.047021,13,9.423373e-04
10932,181.060907,14,9.756637e-04
10933,181.074793,13,9.994532e-04
10934,181.088678,16,9.950073e-04
10935,181.102563,11,9.538616e-04
10936,181.116448,27,9.394133e-04
10937,181.130332,12,9.648833e-04
10938,181.144215,14,9.434108e-04
10939,181.158098,13,9.682131e-04
10940,181.171981,13,9.322848e-04
10941,181.185863,13,9.004883e-04
10942,181.199745,12,9.856542e-04
10943,181.213627,13,9.578129e-04
10944,181.227508,13,9.238665e-04
10945,181.241389,13,9.298262e-04
10946,181.255269,13,9.981322e-04
10947,181.269149,28,9.869712e-04
10948,181.283029,13,8.925905e-04
10949,181.296909,15,9.919403e-04
10950,181.310788,18,9.785367e-04
10951,181.324666,10,9.036248e-04
10952,181.338545,13,9.992815e-04
10953,181.352423,15,9.470062e-04
10954,181.366301,10,9.536878e-04
10955,181.380178,14,9.651547e-04
10956,181.394056,15,9.428197e-04
10957,181.407933,11,8.974541e-04
10958,181.421809,14,9.974106e-04
10959,181.435686,25,9.655694e-04
10960,181.449562,12,8.211138e-04
10961,181.463438,12,9.378616e-04
10962,181.477314,13,9.523591e-04
10963,181.491190,13,9.655910e-04
10964,181.505065,13,9.636454e-04
10965,181.518940,14,9.399056e-04
10966,181.532815,13,9.690649e-04
10967,181.546690,15,9.864377e-04
10968,181.560564,12,9.693026e-04
10969,181.574439,23,9.697654e-04
10970,181.588313,11,8.186764e-04
10971,181.602188,12,8.938980e-04
10972,181.616062,13,9.736977e-04
10973,181.629936,13,9.897197e-04
10974,181.643809,14,9.313156e-04
10975,181.657683,13,9.744918e-04
10976,181.671557,15,9.716105e-04
10977,181.685431,12,9.981560e-04
10978,181.699304,25,9.632395e-04
10979,181.713178,11,9.993854e-04
10980,181.727051,12,9.838051e-04
10981,181.740925,14,8.529283e-04
10982,181.754798,12,9.904788e-04
10983,181.768672,15,9.490177e-04
10984,181.782546,14,9.945728e-04
10985,181.796419,15,9.968245e-04
10986,181.810293,20,9.980453e-04
10987,181.824167,11,7.911697e-04
10988,181.838041,13,9.285728e-04
10989,181.851915,14,9.974308e-04
10990,181.865789,15,9.918347e-04
10991,181.879663,25,9.734730e-04
10992,181.893538,12,8.396360e-04
10993,181.907412,13,8.861458e-04
10994,181.921287,13,9.561103e-04
10995,181.935162,14,9.427875e-04
10996,181.949037,15,9.941969e-04
10997,181.962913,21,9.959640e-04
10998,181.976789,11,8.119936e-04
10999,181.990665,13,9.194394e-04
11000,182.004541,15,9.155244e-04
11001,182.018417,13,9.989463e-04
11002,182.032294,30,9.724317e-04
11003,182.046171,14,9.686726e-04
11004,182.060049,12,9.689577e-04
11005,182.073927,14,9.927428e-04
11006,182.087805,13,9.887714e-04
11007,182.101683,13,9.752132e-04
11008,182.115562,13,9.598535e-04
11009,182.129441,13,9.107113e-04
11010,182.143321,13,9.057275e-04
11011,182.157201,13,9.336011e-04
11012,182.171081,13,9.884686e-04
11013,182.184962,29,9.204030e-04
11014,182.198843,13,9.549754e-04
11015,182.212724,24,9.383331e-04
11016,182.226606,12,8.463192e-04
11017,182.240489,17,9.582259e-04
11018,182.254371,10,9.087615e-04
11019,182.268255,14,9.242912e-04
11020,182.282138,13,9.677059e-04
11021,182.296022,13,9.429456e-04
11022,182.309907,14,9.454860e-04
11023,182.323792,12,9.967106e-04
11024,182.337678,15,9.694862e-04
11025,182.351564,11,9.732620e-04
11026,182.365450,27,9.499836e-04
11027,182.379337,12,9.442593e-04
11028,182.393224,12,9.758372e-04
11029,182.407112,14,9.518336e-04
11030,182.421001,13,9.963368e-04
11031,182.434890,15,9.666532e-04
11032,182.448779,12,9.769709e-04
11033,182.462669,19,9.967493e-04
11034,182.476559,10,8.944080e-04
11035,182.490450,13,9.599441e-04
11036,182.504341,16,9.673049e-04
11037,182.518233,10,9.812099e-04
11038,182.532126,22,9.762119e-04
11039,182.546019,10,9.372672e-04
11040,182.559912,12,9.104310e-04
11041,182.573806,14,8.667917e-04
11042,182.587700,14,9.854526e-04
11043,182.601595,14,9.915709e-04
11044,182.615490,16,9.710866e-04
11045,182.629386,10,9.747472e-04
11046,182.643283,20,9.948195e-04
11047,182.657180,10,8.597059e-04
11048,182.671077,12,9.886437e-04
11049,182.684975,15,9.710263e-04
11050,182.698873,11,9.452487e-04
11051,182.712772,20,9.891905e-04
11052,182.726671,10,8.618460e-04
11053,182.740571,12,8.855694e-04
11054,182.754471,14,8.938860e-04
11055,182.768372,15,9.767538e-04
11056,182.782273,11,9.653426e-04
11057,182.796175,17,9.942798e-04
11058,182.810077,10,8.499780e-04
11059,182.823979,15,9.869266e-04
11060,182.837882,16,9.746506e-04
11061,182.851786,10,9.113804e-04
11062,182.865689,14,9.289895e-04
11063,182.879593,15,9.453655e-04
11064,182.893498,10,9.849742e-04
11065,182.907403,15,9.611708e-04
11066,182.921308,11,9.487851e-04
11067,182.935214,16,9.909677e-04
11068,182.949120,10,8.706323e-04
11069,182.963027,14,9.573215e-04
11070,182.976934,14,9.757113e-04
11071,182.990841,11,9.802869e-04
11072,183.004748,14,9.594441e-04
11073,183.018656,11,9.813693e-04
11074,183.032565,14,9.887028e-04
11075,183.046473,11,9.508277e-04
11076,183.060382,14,9.572465e-04
11077,183.074291,11,9.382467e-04
11078,183.088201,13,9.991022e-04
11079,183.102111,12,9.978481e-04
11080,183.116021,13,9.389416e-04
11081,183.129931,12,9.522235e-04
11082,183.143842,13,9.366919e-04
11083,183.157753,12,9.556679e-04
11084,183.171664,13,9.630603e-04
11085,183.185576,12,9.887672e-04
11086,183.199488,14,9.887164e-04
11087,183.213400,11,9.408789e-04
11088,183.227312,28,9.841123e-04
11089,183.241224,13,9.328010e-04
11090,183.255137,11,9.723563e-04
11091,183.269049,13,9.448621e-04
11092,183.282962,11,9.407681e-04
11093,183.296876,13,9.486877e-04
11094,183.310789,15,9.712493e-04
11095,183.324702,10,9.498942e-04
11096,183.338616,23,9.134758e-04
11097,183.352529,10,9.399343e-04
11098,183.366443,12,9.951433e-04
11099,183.380357,15,9.455514e-04
11100,183.394271,10,9.226995e-04
11101,183.408185,32,9.827974e-04
11102,183.422099,15,9.062201e-04
11103,183.436013,10,9.368323e-04
11104,183.449927,24,9.893447e-04
11105,183.463841,11,9.471014e-04
11106,183.477755,13,9.867096e-04
11107,183.491669,17,9.427969e-04
11108,183.505583,10,8.333667e-04
11109,183.519497,14,9.717547e-04
11110,183.533411,29,9.537567e-04
11111,183.547325,14,9.419040e-04
11112,183.561238,11,9.861714e-04
11113,183.575152,16,9.933632e-04
11114,183.589066,10,8.499140e-04
11115,183.602979,14,9.651020e-04
11116,183.616893,14,9.705905e-04
11117,183.630806,11,9.754331e-04
11118,183.644719,22,9.913732e-04
11119,183.658632,11,8.024195e-04
11120,183.672545,12,9.505132e-04
11121,183.686457,15,9.739460e-04
11122,183.700370,10,9.930588e-04
11123,183.714282,33,9.504437e-04
11124,183.728194,15,9.446948e-04
11125,183.742106,10,9.852640e-04
11126,183.756018,31,9.630993e-04
11127,183.769929,16,9.921113e-04
11128,183.783840,21,9.085312e-04
11129,183.797751,12,9.199873e-04
11130,183.811662,26,9.430668e-04
11131,183.825572,12,9.488766e-04
11132,183.839482,18,9.925885e-04
11133,183.853392,10,7.725974e-04
11134,183.867301,13,8.925717e-04
11135,183.881210,14,9.819321e-04
11136,183.895119,11,9.789497e-04
11137,183.909027,25,9.833794e-04
11138,183.922935,12,8.414934e-04
11139,183.936843,11,9.863784e-04
11140,183.950750,13,9.641119e-04
11141,183.964657,13,9.572877e-04
11142,183.978563,13,9.356136e-04
11143,183.992469,14,9.321947e-04
11144,184.006375,12,9.783453e-04
11145,184.020280,14,9.986551e-04
11146,184.034185,13,9.812617e-04
11147,184.048089,13,9.674936e-04
11148,184.061993,14,9.419854e-04
11149,184.075897,12,9.681594e-04
11150,184.089800,14,9.833038e-04
11151,184.103702,14,9.881378e-04
11152,184.117604,13,9.486923e-04
11153,184.131506,15,9.694451e-04
11154,184.145407,11,9.896213e-04
11155,184.159307,30,9.549545e-04
11156,184.173207,13,9.544925e-04
11157,184.187107,12,9.514885e-04
11158,184.201006,14,9.723679e-04
11159,184.214905,13,9.953337e-04
11160,184.228803,14,9.594679e-04
11161,184.242700,13,9.811839e-04
11162,184.256597,14,9.541816e-04
11163,184.270494,13,9.983520e-04
11164,184.284390,15,9.790251e-04
11165,184.298285,24,9.795170e-04
11166,184.312180,11,9.985539e-04
11167,184.326075,13,9.838108e-04
11168,184.339968,15,9.151298e-04
11169,184.353862,12,9.572919e-04
11170,184.367755,17,9.858370e-04
11171,184.381647,11,9.150488e-04
11172,184.395539,27,9.869934e-04
11173,184.409430,13,8.890830e-04
11174,184.423320,14,9.327059e-04
11175,184.437211,13,9.777709e-04
11176,184.451100,14,9.511494e-04
11177,184.464989,14,9.897810e-04
11178,184.478878,17,9.652113e-04
11179,184.492766,11,9.527361e-04
11180,184.506654,27,9.770729e-04
11181,184.520541,12,9.657607e-04
11182,184.534427,14,9.744396e-04
11183,184.548313,15,9.581510e-04
11184,184.562199,13,9.933642e-04
11185,184.576084,20,9.986820e-04
11186,184.589968,11,9.242479e-04
11187,184.603852,29,9.492253e-04
11188,184.617736,13,9.716654e-04
11189,184.631619,16,9.933886e-04
11190,184.645502,11,9.681520e-04
11191,184.659384,15,9.301382e-04
11192,184.673266,13,9.621868e-04
11193,184.687148,15,9.887130e-04
11194,184.701029,20,9.739260e-04
11195,184.714909,11,8.563853e-04
11196,184.728789,31,9.118878e-04
11197,184.742669,12,8.858235e-04
11198,184.756549,14,9.978001e-04
11199,184.770428,17,9.487980e-04
11200,184.784306,10,9.798965e-04
11201,184.798185,14,8.964852e-04
11202,184.812063,14,9.369802e-04
11203,184.825940,13,9.246740e-04
11204,184.839818,16,9.989324e-04
11205,184.853695,27,9.659346e-04
11206,184.867571,13,9.369661e-04
11207,184.881448,16,9.597578e-04
11208,184.895324,11,9.480517e-04
11209,184.909199,16,9.210771e-04
11210,184.923075,11,8.861316e-04
11211,184.936950,16,9.495445e-04
11212,184.950825,11,9.442858e-04
11213,184.964700,24,9.956025e-04
11214,184.978574,11,9.936108e-04
11215,184.992449,13,9.561075e-04
11216,185.006323,15,9.469664e-04
11217,185.020197,12,9.810696e-04
11218,185.034070,20,9.758073e-04
11219,185.047944,10,9.909667e-04
11220,185.061817,13,9.215812e-04
11221,185.075690,15,9.884107e-04
11222,185.089563,12,9.628795e-04
11223,185.103436,20,9.784707e-04
11224,185.117309,10,9.384984e-04
11225,185.131182,12,9.598933e-04
11226,185.145054,14,9.146696e-04
11227,185.158927,13,9.920737e-04
11228,185.172799,16,9.962005e-04
11229,185.186671,10,9.711117e-04
11230,185.200544,23,9.929192e-04
11231,185.214416,10,9.915005e-04
11232,185.228288,12,8.294429e-04
11233,185.242160,13,8.845957e-04
11234,185.256032,13,9.264112e-04
11235,185.269905,14,9.657166e-04
11236,185.283777,19,9.983500e-04
11237,185.297649,10,8.439983e-04
11238,185.311521,12,9.288683e-04
11239,185.325393,14,9.229794e-04
11240,185.339266,19,9.727176e-04
11241,185.353138,10,8.537338e-04
11242,185.367011,12,8.978101e-04
11243,185.380883,14,9.047382e-04
11244,185.394756,17,9.594266e-04
11245,185.408628,10,8.625954e-04
11246,185.422501,13,9.556333e-04
11247,185.436374,16,9.698567e-04
11248,185.450247,10,8.962687e-04
11249,185.464121,25,9.549377e-04
11250,185.477994,11,9.005707e-04
11251,185.491867,12,8.752071e-04
11252,185.505741,13,8.481081e-04
11253,185.519615,12,9.425268e-04
11254,185.533489,13,9.872489e-04
11255,185.547363,14,9.452835e-04
11256,185.561238,12,9.483650e-04
11257,185.575112,15,9.840571e-04
11258,185.588987,10,9.986589e-04
11259,185.602862,26,9.590870e-04
11260,185.616737,12,8.727765e-04
11261,185.630613,12,9.298478e-04
11262,185.644489,14,8.961492e-04
11263,185.658365,12,9.433880e-04
11264,185.672241,14,9.236515e-04
11265,185.686118,13,9.538601e-04
11266,185.699995,14,9.520867e-04
11267,185.713872,14,9.795725e-04
11268,185.727750,13,9.790939e-04
11269,185.741627,15,9.723550e-04
11270,185.755506,11,9.940553e-04
11271,185.769384,28,9.629618e-04
11272,185.783263,12,9.465911e-04
11273,185.797142,12,9.121667e-04
11274,185.811022,14,9.012182e-04
11275,185.824902,13,9.877409e-04
11276,185.838782,14,9.757096e-04
11277,185.852663,13,9.915587e-04
11278,185.866544,14,9.778198e-04
11279,185.880425,14,9.903615e-04
11280,185.894307,14,9.771237e-04
11281,185.908189,26,9.835736e-04
11282,185.922072,12,8.995831e-04
11283,185.935955,13,9.193733e-04
11284,185.949839,13,9.481877e-04
11285,185.963723,13,9.750022e-04
11286,185.977608,15,9.545695e-04
11287,185.991493,18,9.966568e-04
11288,186.005378,10,8.742961e-04
11289,186.019264,14,9.859617e-04
11290,186.033150,26,9.612223e-04
11291,186.047037,12,8.930015e-04
11292,186.060924,12,9.732612e-04
11293,186.074812,14,9.228255e-04
11294,186.088700,14,9.502345e-04
11295,186.102589,16,9.722636e-04
11296,186.116478,12,9.909259e-04
11297,186.130368,26,9.586249e-04
11298,186.144258,12,9.419996e-04
11299,186.158149,14,9.274748e-04
11300,186.172040,13,9.947822e-04
11301,186.185931,14,9.738369e-04
11302,186.199824,17,9.456127e-04
11303,186.213716,11,9.413578e-04
11304,186.227609,26,9.949319e-04
11305,186.241503,12,9.105562e-04
11306,186.255397,14,9.446157e-04
11307,186.269291,14,9.202431e-04
11308,186.283187,13,9.692354e-04
11309,186.297082,15,9.637802e-04
11310,186.310978,17,9.777857e-04
11311,186.324875,11,9.407076e-04
11312,186.338772,18,9.972086e-04
11313,186.352669,11,8.948178e-04
11314,186.366567,27,9.834926e-04
11315,186.380466,12,9.269311e-04
11316,186.394365,12,9.683132e-04
11317,186.408265,14,9.097702e-04
11318,186.422165,14,9.221944e-04
11319,186.436065,13,9.901200e-04
11320,186.449966,15,9.187345e-04
11321,186.463868,12,9.756251e-04
11322,186.477770,16,9.735325e-04
11323,186.491672,11,9.551568e-04
11324,186.505575,25,9.832308e-04
11325,186.519479,11,9.530458e-04
11326,186.533383,12,9.319995e-04
11327,186.547288,14,8.651539e-04
11328,186.561193,12,9.800688e-04
11329,186.575098,14,9.434167e-04
11330,186.589004,12,9.390870e-04
11331,186.602911,13,9.811449e-04
11332,186.616817,13,9.599250e-04
11333,186.630725,13,9.262269e-04
11334,186.644633,13,9.586753e-04
11335,186.658541,13,9.785460e-04
11336,186.672450,13,9.892004e-04
11337,186.686359,13,9.875752e-04
11338,186.700268,13,9.783859e-04
11339,186.714178,13,9.695232e-04
11340,186.728088,13,9.661621e-04
11341,186.741999,13,9.691469e-04
11342,186.755910,13,9.747346e-04
11343,186.769822,13,9.779153e-04
11344,186.783733,13,9.794831e-04
11345,186.797646,13,9.756634e-04
11346,186.811558,13,9.657544e-04
11347,186.825471,13,9.517069e-04
11348,186.839384,13,9.357745e-04
11349,186.853297,13,9.198371e-04
11350,186.867211,13,9.059572e-04
11351,186.881125,12,9.936829e-04
11352,186.895039,13,9.624201e-04
11353,186.908954,12,9.876830e-04
11354,186.922868,13,9.539349e-04
11355,186.936783,12,9.946106e-04
11356,186.950698,13,9.588959e-04
11357,186.964614,12,9.983987e-04
11358,186.978529,13,9.660415e-04
11359,186.992445,13,9.267208e-04
11360,187.006361,12,9.925305e-04
11361,187.020276,13,9.909487e-04
11362,187.034193,13,9.545358e-04
11363,187.048109,13,9.344153e-04
11364,187.062025,13,9.558008e-04
11365,187.075941,13,9.673139e-04
11366,187.089858,13,9.787364e-04
11367,187.103774,13,9.914986e-04
11368,187.117691,14,9.614188e-04
11369,187.131608,12,9.828611e-04
11370,187.145524,15,9.738515e-04
11371,187.159441,11,9.337226e-04
11372,187.173358,16,9.936900e-04
11373,187.187274,10,9.386201e-04
11374,187.201191,17,9.900391e-04
11375,187.215108,10,8.801185e-04
11376,187.229024,15,9.733132e-04
11377,187.242941,17,9.741063e-04
11378,187.256857,10,8.895349e-04
11379,187.270774,13,9.481973e-04
11380,187.284690,15,9.516705e-04
11381,187.298606,11,9.048409e-04
11382,187.312522,22,9.732813e-04
11383,187.326438,10,9.876107e-04
11384,187.340353,12,8.546363e-04
11385,187.354269,13,9.149751e-04
11386,187.368184,14,9.510828e-04
11387,187.382099,16,9.874667e-04
11388,187.396014,10,9.760161e-04
11389,187.409929,24,9.779530e-04
11390,187.423843,11,8.324049e-04
11391,187.437758,11,9.905378e-04
11392,187.451672,13,9.378100e-04
11393,187.465585,13,9.230178e-04
11394,187.479499,13,9.977154e-04
11395,187.493412,19,9.953565e-04
11396,187.507324,10,9.002443e-04
11397,187.521237,12,9.585575e-04
11398,187.535149,14,9.732987e-04
11399,187.549061,18,9.864124e-04
11400,187.562972,10,8.750656e-04
11401,187.576883,12,9.611114e-04
11402,187.590794,14,8.729666e-04
11403,187.604704,11,9.643124e-04
11404,187.618614,14,9.509636e-04
11405,187.632523,11,9.837876e-04
11406,187.646432,13,9.896959e-04
11407,187.660341,13,9.128552e-04
11408,187.674249,12,9.297887e-04
11409,187.688156,13,9.116682e-04
11410,187.702063,12,9.637635e-04
11411,187.715970,13,9.105719e-04
11412,187.729876,12,9.629401e-04
11413,187.743782,13,9.109023e-04
11414,187.757688,12,9.667207e-04
11415,187.771592,13,9.160026e-04
11416,187.785497,12,9.706038e-04
11417,187.799401,13,9.210069e-04
11418,187.813304,12,9.750398e-04
11419,187.827207,13,9.282896e-04
11420,187.841109,12,9.791632e-04
11421,187.855011,13,9.348096e-04
11422,187.868912,12,9.849217e-04
11423,187.882813,13,9.486924e-04
11424,187.896713,12,9.987978e-04
11425,187.910613,13,9.715188e-04
11426,187.924512,13,9.486840e-04
11427,187.938411,13,9.326053e-04
11428,187.952309,13,9.577662e-04
11429,187.966207,13,9.734107e-04
11430,187.980104,13,9.867451e-04
11431,187.994000,13,9.999315e-04
11432,188.007896,14,9.700733e-04
11433,188.021792,12,9.886125e-04
11434,188.035687,15,9.723371e-04
11435,188.049581,11,9.445277e-04
11436,188.063475,16,9.975684e-04
11437,188.077368,10,9.573999e-04
11438,188.091261,27,9.711253e-04
11439,188.105153,12,9.162844e-04
11440,188.119045,12,9.027977e-04
11441,188.132936,13,9.580474e-04
11442,188.146826,13,9.675520e-04
11443,188.160716,13,9.987021e-04
11444,188.174605,15,9.534608e-04
11445,188.188494,12,9.528067e-04
11446,188.202383,24,9.630755e-04
11447,188.216270,11,9.555798e-04
11448,188.230158,13,9.658573e-04
11449,188.244044,15,9.541443e-04
11450,188.257930,12,9.546087e-04
11451,188.271816,31,9.678063e-04
11452,188.285701,13,9.961758e-04
11453,188.299586,12,9.025364e-04
11454,188.313469,13,9.884847e-04
11455,188.327353,15,9.762334e-04
11456,188.341236,11,9.854401e-04
11457,188.355118,20,9.969278e-04
11458,188.369000,10,8.897490e-04
11459,188.382881,12,9.645384e-04
11460,188.396762,15,9.225430e-04
11461,188.410642,29,9.529926e-04
11462,188.424522,13,9.430395e-04
11463,188.438401,13,9.747969e-04
11464,188.452280,13,9.675332e-04
11465,188.466158,14,9.504132e-04
11466,188.480036,15,9.728117e-04
11467,188.493913,19,9.813711e-04
11468,188.507790,10,8.749928e-04
11469,188.521666,13,9.312254e-04
11470,188.535542,15,9.476243e-04
11471,188.549418,12,9.777229e-04
11472,188.563292,29,9.770865e-04
11473,188.577167,14,9.304934e-04
11474,188.591041,12,9.753286e-04
11475,188.604914,14,9.838359e-04
11476,188.618787,14,9.861913e-04
11477,188.632660,16,9.607289e-04
11478,188.646532,13,9.871961e-04
11479,188.660403,22,9.884492e-04
11480,188.674275,11,8.393813e-04
11481,188.688145,13,9.271537e-04
11482,188.702016,15,9.457739e-04
11483,188.715886,17,9.752329e-04
11484,188.729755,11,9.842956e-04
11485,188.743624,18,9.950017e-04
11486,188.757493,11,8.782968e-04
11487,188.771361,17,9.674688e-04
11488,188.785229,11,9.391252e-04
11489,188.799097,16,9.652127e-04
11490,188.812964,12,9.656978e-04
11491,188.826831,16,9.735869e-04
11492,188.840698,12,9.544236e-04
11493,188.854564,16,9.672944e-04
11494,188.868430,12,9.759079e-04
11495,188.882296,16,9.899468e-04
11496,188.896161,12,9.859848e-04
11497,188.910026,17,9.735199e-04
11498,188.923891,11,9.595499e-04
11499,188.937756,17,9.809236e-04
11500,188.951620,11,9.797617e-04
11501,188.965484,18,9.832368e-04
11502,188.979348,11,8.931017e-04
11503,188.993211,16,9.802933e-04
11504,189.007075,16,9.843250e-04
11505,189.020938,12,9.862434e-04
11506,189.034801,15,9.936218e-04
11507,189.048664,15,9.632323e-04
11508,189.062526,13,9.330871e-04
11509,189.076389,14,9.995230e-04
11510,189.090251,14,9.685872e-04
11511,189.104113,13,9.750001e-04
11512,189.117976,14,9.462863e-04
11513,189.131837,13,9.407661e-04
11514,189.145699,13,9.827635e-04
11515,189.159561,13,9.864220e-04
11516,189.173423,13,9.643360e-04
11517,189.187284,13,9.675569e-04
11518,189.201145,13,9.820100e-04
11519,189.215007,14,9.476594e-04
11520,189.228868,13,9.625020e-04
11521,189.242729,15,9.831813e-04
11522,189.256591,12,9.723473e-04
11523,189.270452,27,9.879651e-04
11524,189.284313,12,9.391561e-04
11525,189.298174,12,9.310398e-04
11526,189.312035,13,9.878493e-04
11527,189.325896,14,9.199223e-04
11528,189.339757,14,9.803791e-04
11529,189.353618,19,9.848601e-04
11530,189.367479,10,9.642089e-04
11531,189.381340,27,9.204518e-04
11532,189.395201,11,9.466638e-04
11533,189.409062,14,9.242819e-04
11534,189.422923,14,9.778057e-04
11535,189.436784,13,9.655456e-04
11536,189.450645,21,9.963469e-04
11537,189.464506,11,8.727705e-04
11538,189.478367,14,9.630677e-04
11539,189.492229,28,9.437477e-04
11540,189.506090,13,8.972832e-04
11541,189.519951,14,9.898626e-04
11542,189.533813,13,9.725532e-04
11543,189.547674,13,9.849780e-04
11544,189.561536,13,9.866836e-04
11545,189.575398,14,9.843093e-04
11546,189.589260,18,9.860874e-04
11547,189.603122,10,8.814575e-04
11548,189.616984,14,9.625813e-04
11549,189.630846,28,9.970813e-04
11550,189.644708,13,8.875079e-04
11551,189.658571,23,9.686217e-04
11552,189.672433,11,8.777541e-04
11553,189.686296,17,9.910719e-04
11554,189.700159,10,9.380658e-04
11555,189.714022,17,9.884759e-04
11556,189.727885,10,8.894249e-04
11557,189.741748,16,9.978701e-04
11558,189.755611,11,9.556440e-04
11559,189.769474,29,9.719175e-04
11560,189.783338,13,9.301832e-04
11561,189.797202,13,9.553631e-04
11562,189.811065,18,9.934548e-04
11563,189.824929,10,9.396705e-04
11564,189.838794,14,9.699571e-04
11565,189.852658,15,9.907509e-04
11566,189.866522,12,9.405048e-04
11567,189.880387,26,9.598743e-04
11568,189.894251,12,9.584763e-04
11569,189.908116,13,9.947391e-04
11570,189.921981,15,9.660564e-04
11571,189.935846,18,9.653212e-04
11572,189.949711,11,9.634467e-04
11573,189.963576,27,9.726415e-04
11574,189.977442,12,9.814067e-04
11575,189.991307,14,9.226843e-04
11576,190.005173,14,9.415646e-04
11577,190.019039,15,9.429609e-04
11578,190.032905,18,9.952293e-04
11579,190.046771,11,9.376868e-04
11580,190.060637,28,9.702490e-04
11581,190.074504,13,9.345061e-04
11582,190.088370,15,9.482027e-04
11583,190.102237,13,9.630331e-04
11584,190.116103,15,9.891182e-04
11585,190.129970,18,9.691016e-04
11586,190.143837,11,9.073589e-04
11587,190.157704,28,9.921823e-04
11588,190.171571,13,9.162947e-04
11589,190.185438,16,9.510078e-04
11590,190.199305,11,9.172160e-04
11591,190.213172,15,9.269116e-04
11592,190.227040,11,9.888145e-04
11593,190.240907,16,9.787404e-04
11594,190.254775,10,9.825997e-04
11595,190.268642,25,9.739803e-04
11596,190.282510,12,8.518698e-04
11597,190.296377,13,9.725952e-04
11598,190.310245,15,9.329590e-04
11599,190.324112,11,9.355253e-04
11600,190.337980,14,9.866862e-04
11601,190.351848,13,9.533141e-04
11602,190.365715,13,9.241270e-04
11603,190.379583,13,9.734689e-04
11604,190.393451,13,9.770633e-04
11605,190.407318,13,9.917287e-04
11606,190.421186,14,9.527926e-04
11607,190.435054,12,9.901505e-04
11608,190.448921,15,9.830187e-04
11609,190.462789,11,9.622353e-04
11610,190.476657,23,9.929611e-04
11611,190.490524,11,8.516799e-04
11612,190.504392,12,8.583399e-04
11613,190.518259,13,9.572551e-04
11614,190.532126,14,9.124740e-04
11615,190.545994,13,9.459573e-04
11616,190.559861,16,9.827845e-04
11617,190.573728,10,9.899739e-04
11618,190.587595,23,9.755575e-04
11619,190.601463,11,7.888675e-04
11620,190.615330,12,8.868986e-04
11621,190.629197,14,8.773918e-04
11622,190.643063,12,9.902226e-04
11623,190.656930,16,9.807538e-04
11624,190.670797,10,9.691248e-04
11625,190.684663,24,9.710350e-04
11626,190.698530,11,8.814700e-04
11627,190.712396,12,9.462943e-04
11628,190.726263,13,9.952748e-04
11629,190.740129,13,9.778496e-04
11630,190.753995,15,9.687192e-04
11631,190.767861,20,9.473990e-04
11632,190.781727,10,9.259800e-04
11633,190.795592,13,8.528433e-04
11634,190.809458,14,9.321162e-04
11635,190.823323,13,9.883609e-04
11636,190.837188,19,9.864795e-04
11637,190.851053,10,9.204974e-04
11638,190.864918,13,8.734577e-04
11639,190.878783,14,9.721933e-04
11640,190.892648,12,9.841122e-04
11641,190.906512,15,9.694650e-04
11642,190.920376,11,9.207230e-04
11643,190.934240,14,9.811761e-04
11644,190.948104,13,9.745245e-04
11645,190.961967,13,9.313753e-04
11646,190.975831,13,9.628173e-04
11647,190.989694,13,9.414184e-04
11648,191.003557,13,9.351912e-04
11649,191.017419,13,9.295248e-04
11650,191.031282,13,9.287000e-04
11651,191.045144,13,9.286281e-04
11652,191.059006,13,9.284471e-04
11653,191.072868,13,9.281849e-04
11654,191.086729,13,9.277907e-04
11655,191.100590,13,9.264309e-04
11656,191.114451,13,9.237735e-04
11657,191.128312,13,9.200272e-04
11658,191.142172,13,9.157732e-04
11659,191.156032,13,9.118590e-04
11660,191.169892,13,9.101635e-04
11661,191.183751,13,9.148851e-04
11662,191.197610,13,9.241058e-04
11663,191.211469,13,9.380236e-04
11664,191.225327,13,9.582677e-04
11665,191.239186,13,9.853850e-04
11666,191.253043,14,9.453758e-04
11667,191.266901,13,9.732886e-04
11668,191.280758,15,9.551464e-04
11669,191.294615,12,9.922133e-04
11670,191.308471,27,9.591306e-04
11671,191.322327,12,9.157161e-04
11672,191.336183,12,9.424816e-04
11673,191.350038,14,8.778153e-04
11674,191.363893,14,9.075375e-04
11675,191.377747,14,9.995845e-04
11676,191.391601,17,9.900701e-04
11677,191.405455,11,9.834841e-04
11678,191.419308,27,9.584178e-04
11679,191.433161,12,9.766899e-04
11680,191.447013,14,9.542399e-04
11681,191.460865,15,9.274572e-04
11682,191.474716,16,9.527333e-04
11683,191.488567,23,9.651730e-04
11684,191.502418,11,9.976027e-04
11685,191.516268,14,9.508122e-04
11686,191.530117,18,9.860824e-04
11687,191.543967,13,9.928343e-04
11688,191.557815,28,9.973273e-04
11689,191.571663,13,9.679374e-04
11690,191.585511,14,9.058732e-04
11691,191.599358,14,9.895440e-04
11692,191.613205,16,9.552143e-04
11693,191.627051,19,9.476972e-04
11694,191.640897,12,9.020672e-04
11695,191.654742,28,9.470659e-04
11696,191.668587,12,9.811223e-04
11697,191.682431,14,9.638129e-04
11698,191.696275,15,9.813366e-04
11699,191.710118,16,9.866308e-04
11700,191.723961,23,9.767324e-04
11701,191.737803,12,8.477613e-04
11702,191.751645,15,8.909222e-04
11703,191.765486,18,9.761247e-04
11704,191.779327,13,9.980886e-04
11705,191.793167,31,9.767224e-04
11706,191.807007,15,9.391182e-04
11707,191.820847,13,9.768875e-04
11708,191.834685,15,9.264002e-04
11709,191.848524,15,9.739501e-04
11710,191.862362,18,9.986990e-04
11711,191.876199,12,9.939250e-04
11712,191.890036,28,9.731088e-04
11713,191.903872,13,9.372404e-04
11714,191.917709,15,9.628121e-04
11715,191.931544,15,9.559545e-04
11716,191.945379,15,9.991341e-04
11717,191.959214,27,9.714036e-04
11718,191.973048,13,9.043796e-04
11719,191.986882,14,8.932568e-04
11720,192.000716,15,9.271844e-04
11721,192.014549,16,9.900458e-04
11722,192.028381,18,9.972589e-04
11723,192.042214,12,8.978053e-04
11724,192.056046,16,9.997603e-04
11725,192.069877,20,9.961871e-04
11726,192.083708,11,9.107563e-04
11727,192.097539,14,9.128242e-04
11728,192.111370,16,9.422032e-04
11729,192.125200,12,9.664859e-04
11730,192.139030,18,9.854145e-04
11731,192.152859,11,8.791476e-04
11732,192.166688,15,9.726897e-04
11733,192.180517,16,9.779282e-04
11734,192.194346,11,9.945109e-04
11735,192.208174,15,9.819532e-04
11736,192.222002,15,9.798906e-04
11737,192.235829,12,9.610258e-04
11738,192.249657,15,9.528948e-04
11739,192.263484,12,9.942852e-04
11740,192.277310,16,9.797880e-04
11741,192.291137,11,9.109702e-04
11742,192.304963,16,9.945505e-04
11743,192.318789,11,9.379324e-04
11744,192.332615,19,9.729156e-04
11745,192.346441,10,9.351121e-04
11746,192.360266,13,9.649300e-04
11747,192.374091,16,9.794680e-04
11748,192.387916,11,9.335581e-04
11749,192.401740,24,9.764197e-04
11750,192.415565,11,9.293179e-04
11751,192.429389,12,9.122330e-04
11752,192.443213,14,8.749945e-04
11753,192.457037,16,9.377900e-04
11754,192.470860,12,9.970600e-04
11755,192.484684,24,9.705282e-04
11756,192.498507,11,9.639155e-04
11757,192.512330,12,9.840441e-04
11758,192.526153,14,9.474619e-04
11759,192.539975,18,9.852504e-04
11760,192.553798,11,9.182130e-04
11761,192.567621,25,9.947065e-04
11762,192.581443,11,9.836418e-04
11763,192.595265,13,9.834740e-04
11764,192.609087,13,9.871061e-04
11765,192.622909,14,9.948742e-04
11766,192.636731,21,9.368255e-04
11767,192.650552,11,8.404021e-04
11768,192.664374,13,9.311699e-04
11769,192.678196,27,9.729878e-04
11770,192.692017,12,8.908731e-04
11771,192.705838,12,9.152201e-04
11772,192.719660,14,9.270045e-04
11773,192.733481,14,9.772228e-04
11774,192.747302,21,9.603670e-04
11775,192.761123,11,8.107528e-04
11776,192.774944,13,9.642059e-04
11777,192.788765,29,9.557850e-04
11778,192.802586,13,9.628844e-04
11779,192.816407,16,9.818630e-04
11780,192.830228,10,8.556076e-04
11781,192.844049,16,9.673581e-04
11782,192.857870,10,9.925966e-04
11783,192.871690,24,9.391401e-04
11784,192.885511,12,8.812163e-04
11785,192.899332,23,9.965636e-04
11786,192.913153,19,9.217852e-04
11787,192.926974,11,9.664631e-04
11788,192.940794,16,9.908897e-04
11789,192.954615,10,9.508857e-04
11790,192.968436,27,9.984808e-04
11791,192.982257,14,9.621266e-04
11792,192.996078,11,9.742231e-04
11793,193.009899,15,9.513926e-04
11794,193.023720,10,9.569847e-04
11795,193.037541,15,9.366412e-04
11796,193.051362,10,9.761502e-04
11797,193.065183,25,9.822367e-04
11798,193.079004,12,9.142819e-04
11799,193.092825,12,9.266782e-04
11800,193.106647,13,9.948460e-04
11801,193.120468,14,9.763683e-04
11802,193.134289,13,9.583836e-04
11803,193.148111,14,9.868421e-04
11804,193.161933,14,9.915979e-04
11805,193.175754,13,9.898900e-04
11806,193.189576,28,9.765090e-04
11807,193.203398,12,9.815920e-04
11808,193.217220,12,9.635720e-04
11809,193.231043,14,9.727156e-04
11810,193.244865,14,9.712462e-04
11811,193.258687,13,9.794344e-04
11812,193.272510,15,9.957661e-04
11813,193.286333,12,9.787244e-04
11814,193.300155,24,9.674177e-04
11815,193.313978,11,9.401882e-04
11816,193.327802,13,8.905839e-04
11817,193.341625,15,9.039336e-04
11818,193.355448,13,9.876928e-04
11819,193.369272,21,9.884400e-04
11820,193.383096,11,8.246455e-04
11821,193.396919,13,8.981416e-04
11822,193.410743,15,9.760936e-04
11823,193.424568,18,9.831065e-04
11824,193.438392,10,9.606902e-04
11825,193.452217,14,9.540101e-04
11826,193.466041,16,9.681027e-04
11827,193.479866,11,9.170186e-04
11828,193.493691,28,9.751976e-04
11829,193.507516,12,9.749950e-04
11830,193.521342,12,9.857377e-04
11831,193.535167,14,9.245570e-04
11832,193.548993,13,9.883713e-04
11833,193.562819,14,9.977759e-04
11834,193.576645,14,9.847785e-04
11835,193.590471,14,9.625451e-04
11836,193.604297,14,9.948837e-04
11837,193.618124,15,9.538311e-04
11838,193.631951,14,9.659830e-04
11839,193.645778,16,9.807283e-04
11840,193.659605,13,9.871104e-04
11841,193.673432,31,9.597468e-04
11842,193.687260,14,8.861001e-04
11843,193.701087,13,9.649653e-04
11844,193.714915,16,9.494912e-04
11845,193.728743,19,9.909403e-04
11846,193.742572,11,8.938124e-04
11847,193.756400,16,9.511026e-04
11848,193.770229,17,9.834253e-04
11849,193.784058,11,9.711436e-04
11850,193.797887,17,9.934412e-04
11851,193.811717,29,9.839434e-04
11852,193.825546,13,9.997840e-04
11853,193.839376,15,9.118069e-04
11854,193.853206,13,9.474542e-04
11855,193.867037,15,9.539483e-04
11856,193.880867,14,9.647985e-04
11857,193.894698,15,9.412627e-04
11858,193.908529,14,9.524706e-04
11859,193.922361,14,9.637833e-04
11860,193.936192,14,9.759927e-04
11861,193.950024,14,9.674927e-04
11862,193.963856,14,9.842962e-04
11863,193.977689,14,9.979224e-04
11864,193.991521,14,9.999566e-04
11865,194.005354,14,9.885755e-04
11866,194.019187,14,9.692556e-04
11867,194.033021,14,9.467846e-04
11868,194.046854,14,9.258312e-04
11869,194.060688,13,9.986335e-04
11870,194.074523,14,9.756365e-04
11871,194.088357,14,9.301441e-04
11872,194.102192,13,9.959744e-04
11873,194.116026,15,9.160872e-04
11874,194.129862,12,9.963979e-04
11875,194.143697,15,9.855506e-04
11876,194.157533,13,9.898447e-04
11877,194.171369,15,9.668629e-04
11878,194.185205,13,9.961168e-04
11879,194.199041,15,9.725397e-04
11880,194.212878,13,9.927466e-04
11881,194.226714,15,9.672275e-04
11882,194.240551,13,9.799908e-04
11883,194.254389,15,9.457039e-04
11884,194.268226,13,9.505449e-04
11885,194.282064,14,9.792664e-04
11886,194.295902,14,9.509771e-04
11887,194.309740,13,9.613143e-04
11888,194.323578,14,9.489151e-04
11889,194.337416,13,9.640178e-04
11890,194.351255,14,9.479099e-04
11891,194.365094,13,9.839750e-04
11892,194.378933,15,9.535879e-04
11893,194.392772,12,9.631873e-04
11894,194.406611,28,9.706353e-04
11895,194.420450,13,9.025313e-04
11896,194.434290,12,9.081282e-04
11897,194.448130,13,9.770440e-04
11898,194.461970,13,9.781999e-04
11899,194.475809,14,9.858629e-04
11900,194.489650,18,9.912879e-04
11901,194.503490,10,9.795889e-04
11902,194.517330,27,9.933161e-04
11903,194.531170,13,9.293408e-04
11904,194.545011,17,9.946461e-04
11905,194.558851,10,9.498734e-04
11906,194.572691,18,9.816726e-04
11907,194.586532,11,9.940886e-04
11908,194.600373,32,9.897940e-04
11909,194.614213,22,9.700340e-04
11910,194.628054,11,9.135211e-04
11911,194.641894,17,9.741107e-04
11912,194.655735,11,9.566078e-04
11913,194.669575,22,9.782517e-04
11914,194.683416,11,9.119531e-04
11915,194.697256,29,9.754617e-04
11916,194.711097,12,8.920313e-04
11917,194.724937,16,9.736596e-04
11918,194.738777,12,9.638919e-04
11919,194.752617,16,9.873278e-04
11920,194.766457,11,9.359312e-04
11921,194.780297,24,9.921016e-04
11922,194.794137,12,9.284637e-04
11923,194.807977,29,9.326057e-04
11924,194.821817,19,9.983020e-04
11925,194.835656,11,8.583839e-04
11926,194.849495,15,9.089680e-04
11927,194.863335,11,9.288230e-04
11928,194.877174,14,9.729427e-04
11929,194.891013,12,9.685405e-04
11930,194.904851,14,9.996397e-04
11931,194.918690,26,9.931582e-04
11932,194.932528,13,9.267194e-04
11933,194.946366,12,9.955613e-04
11934,194.960204,14,9.618224e-04
11935,194.974042,14,9.938078e-04
11936,194.987879,15,9.878835e-04
11937,195.001716,12,9.812717e-04
11938,195.015553,26,9.695232e-04
11939,195.029390,12,9.915359e-04
11940,195.043226,13,9.707933e-04
11941,195.057062,13,9.302848e-04
11942,195.070898,13,9.497432e-04
11943,195.084734,14,9.972394e-04
11944,195.098569,18,9.803502e-04
11945,195.112404,10,8.388037e-04
11946,195.126239,13,9.117736e-04
11947,195.140073,17,9.914289e-04
11948,195.153907,10,8.975135e-04
11949,195.167741,25,9.646057e-04
11950,195.181574,11,9.161830e-04
11951,195.195407,12,9.216840e-04
11952,195.209240,13,9.205125e-04
11953,195.223072,13,9.767560e-04
11954,195.236904,17,9.764967e-04
11955,195.250735,10,8.958906e-04
11956,195.264566,24,9.541735e-04
11957,195.278397,10,9.986240e-04
11958,195.292228,13,9.192269e-04
11959,195.306058,14,9.114800e-04
11960,195.319887,11,9.631966e-04
11961,195.333716,22,9.973867e-04
11962,195.347545,11,8.731002e-04
11963,195.361373,12,9.852070e-04
11964,195.375201,26,9.748097e-04
11965,195.389029,11,9.668575e-04
11966,195.402856,12,9.689105e-04
11967,195.416683,14,9.512424e-04
11968,195.430509,11,9.709934e-04
11969,195.444335,17,9.610554e-04
11970,195.458160,10,9.276416e-04
11971,195.471985,26,9.403539e-04
11972,195.485810,12,9.446961e-04
11973,195.499634,16,9.680723e-04
11974,195.513458,10,9.002183e-04
11975,195.527281,15,9.034585e-04
11976,195.541104,12,9.983432e-04
11977,195.554927,23,9.792892e-04
11978,195.568749,11,9.139330e-04
11979,195.582570,12,9.623082e-04
11980,195.596391,14,9.410402e-04
11981,195.610212,16,9.791194e-04
11982,195.624032,11,9.344065e-04
11983,195.637852,29,9.849677e-04
11984,195.651672,14,9.175359e-04
11985,195.665491,11,9.923195e-04
11986,195.679310,14,9.701410e-04
11987,195.693128,13,9.802489e-04
11988,195.706946,14,9.766806e-04
11989,195.720763,15,9.734667e-04
11990,195.734580,12,9.663557e-04
11991,195.748397,23,9.911632e-04
11992,195.762213,11,8.806377e-04
11993,195.776029,13,9.038860e-04
11994,195.789844,15,9.715360e-04
11995,195.803659,31,9.423267e-04
11996,195.817474,13,9.489167e-04
11997,195.831288,13,9.649495e-04
11998,195.845102,16,9.967145e-04
11999,195.858916,11,9.158643e-04
12000,195.872729,15,9.832824e-04
12001,195.886542,11,9.636206e-04
12002,195.900354,14,9.738693e-04
12003,195.914167,13,9.642999e-04
12004,195.927978,15,9.800195e-04
12005,195.941790,29,9.642385e-04
12006,195.955601,14,9.002896e-04
12007,195.969412,18,9.831439e-04
12008,195.983223,10,9.658744e-04
12009,195.997033,16,9.989402e-04
12010,196.010843,11,9.433207e-04
12011,196.024653,16,9.651963e-04
12012,196.038462,10,9.569146e-04
12013,196.052271,26,9.672494e-04
12014,196.066080,12,9.293575e-04
12015,196.079889,13,9.969962e-04
12016,196.093697,16,9.584881e-04
12017,196.107505,11,9.496237e-04
12018,196.121313,32,9.739448e-04
12019,196.135121,14,9.242906e-04
12020,196.148928,12,9.007258e-04
12021,196.162735,15,9.305839e-04
12022,196.176542,16,9.679131e-04
12023,196.190349,11,9.793765e-04
12024,196.204156,15,9.507636e-04
12025,196.217962,13,9.836661e-04
12026,196.231768,14,9.821526e-04
12027,196.245574,15,9.882488e-04
12028,196.259380,29,9.519718e-04
12029,196.273186,13,9.401755e-04
12030,196.286992,14,9.100796e-04
12031,196.300797,15,9.353206e-04
12032,196.314602,15,9.465160e-04
12033,196.328407,15,9.645650e-04
12034,196.342212,16,9.597538e-04
12035,196.356017,14,9.772846e-04
12036,196.369822,20,9.901197e-04
12037,196.383627,11,9.472122e-04
12038,196.397432,32,9.446773e-04
12039,196.411236,13,9.226927e-04
12040,196.425041,14,8.925946e-04
12041,196.438846,15,9.897776e-04
12042,196.452650,16,9.950388e-04
12043,196.466455,15,9.750244e-04
12044,196.480259,16,9.805232e-04
12045,196.494064,14,9.917313e-04
12046,196.507868,22,9.949730e-04
12047,196.521673,11,9.719578e-04
12048,196.535478,15,9.780458e-04
12049,196.549282,32,9.499103e-04
12050,196.563087,14,8.787522e-04
12051,196.576892,29,9.875039e-04
12052,196.590697,13,8.678622e-04
12053,196.604502,16,9.813374e-04
12054,196.618307,17,9.909688e-04
12055,196.632112,12,9.731696e-04
12056,196.645918,30,9.974455e-04
12057,196.659723,13,9.663974e-04
12058,196.673529,17,9.912064e-04
12059,196.687335,12,9.748872e-04
12060,196.701141,29,9.855897e-04
12061,196.714947,13,9.552017e-04
12062,196.728753,13,9.059033e-04
12063,196.742560,16,9.701107e-04
12064,196.756366,20,9.658319e-04
12065,196.770173,11,8.343584e-04
12066,196.783980,13,9.688387e-04
12067,196.797787,15,9.396798e-04
12068,196.811595,12,9.747227e-04
12069,196.825402,17,9.808795e-04
12070,196.839210,11,8.606240e-04
12071,196.853018,26,9.778424e-04
12072,196.866826,11,9.856757e-04
12073,196.880635,12,9.527539e-04
12074,196.894443,14,9.512297e-04
12075,196.908252,15,9.520669e-04
12076,196.922061,13,9.851834e-04
12077,196.935871,25,9.762534e-04
12078,196.949680,12,9.035053e-04
12079,196.963490,12,9.868923e-04
12080,196.977300,14,9.639911e-04
12081,196.991110,18,9.972063e-04
12082,197.004921,10,9.812996e-04
12083,197.018732,26,9.427182e-04
12084,197.032543,12,9.436869e-04
12085,197.046354,15,9.777193e-04
12086,197.060165,10,9.986813e-04
12087,197.073977,19,9.738420e-04
12088,197.087789,11,8.936151e-04
12089,197.101601,26,9.671957e-04
12090,197.115414,21,9.340324e-04
12091,197.129226,11,8.617396e-04
12092,197.143039,19,9.144325e-04
12093,197.156852,10,9.205076e-04
12094,197.170666,24,9.201651e-04
12095,197.184479,11,8.676288e-04
12096,197.198293,24,9.807551e-04
12097,197.212107,12,8.993019e-04
12098,197.225921,24,9.295536e-04
12099,197.239735,12,8.896307e-04
12100,197.253550,16,9.623250e-04
12101,197.267364,10,9.927689e-04
12102,197.281179,34,9.911431e-04
12103,197.294995,13,9.619879e-04
12104,197.308810,11,9.974683e-04
12105,197.322625,13,9.572585e-04
12106,197.336441,15,9.426667e-04
12107,197.350257,11,9.171456e-04
12108,197.364073,17,9.804176e-04
12109,197.377889,10,9.233340e-04
12110,197.391705,29,9.971400e-04
12111,197.405522,21,9.092364e-04
12112,197.419338,12,9.235201e-04
12113,197.433155,16,9.734397e-04
12114,197.446972,10,9.111248e-04
12115,197.460789,17,9.859761e-04
12116,197.474606,10,9.092266e-04
12117,197.488424,30,9.734213e-04
12118,197.502241,14,9.857005e-04
12119,197.516059,11,9.851555e-04
12120,197.529877,15,9.506550e-04
12121,197.543695,10,9.427371e-04
12122,197.557513,15,9.831448e-04
12123,197.571331,10,9.711506e-04
12124,197.585149,19,9.930430e-04
12125,197.598967,10,8.398485e-04
12126,197.612786,13,9.304356e-04
12127,197.626604,29,9.897335e-04
12128,197.640423,13,9.250070e-04
12129,197.654242,24,9.492561e-04
12130,197.668060,11,9.263633e-04
12131,197.681879,21,9.430675e-04
12132,197.695698,10,8.902366e-04
12133,197.709517,13,8.866593e-04
12134,197.723336,15,9.271900e-04
12135,197.737155,10,9.954210e-04
12136,197.750974,22,9.835837e-04
12137,197.764793,11,8.046206e-04
12138,197.778612,12,8.915414e-04
12139,197.792431,13,9.766043e-04
12140,197.806250,14,9.758712e-04
12141,197.820070,13,9.723346e-04
12142,197.833889,15,9.608398e-04
12143,197.847708,11,9.496910e-04
12144,197.861527,16,9.672620e-04
12145,197.875346,10,9.342889e-04
12146,197.889165,17,9.834632e-04
12147,197.902984,10,8.886654e-04
12148,197.916803,16,9.940894e-04
12149,197.930621,11,9.447295e-04
12150,197.944440,28,9.671224e-04
12151,197.958259,12,9.932273e-04
12152,197.972077,12,9.246724e-04
12153,197.985896,13,9.883114e-04
12154,197.999714,14,9.224462e-04
12155,198.013533,13,9.527888e-04
12156,198.027351,15,9.536373e-04
12157,198.041169,12,9.557104e-04
12158,198.054987,16,9.989589e-04
12159,198.068805,10,9.775098e-04
12160,198.082623,26,9.855138e-04
12161,198.096441,12,8.921698e-04
12162,198.110258,12,9.639215e-04
12163,198.124076,14,9.387337e-04
12164,198.137893,13,9.446525e-04
12165,198.151710,14,9.472839e-04
12166,198.165527,15,9.948238e-04
12167,198.179344,13,9.922122e-04
12168,198.193160,25,9.949672e-04
12169,198.206977,12,8.564883e-04
12170,198.220793,13,9.496494e-04
12171,198.234609,14,9.433048e-04
12172,198.248425,13,9.456947e-04
12173,198.262241,14,9.633465e-04
12174,198.276056,15,9.618436e-04
12175,198.289872,13,9.805290e-04
12176,198.303687,23,9.734798e-04
12177,198.317502,11,9.021085e-04
12178,198.331317,13,8.852033e-04
12179,198.345131,14,9.784550e-04
12180,198.358945,14,9.342905e-04
12181,198.372759,14,9.338684e-04
12182,198.386573,14,9.588101e-04
12183,198.400387,14,9.571184e-04
12184,198.414200,14,9.328213e-04
12185,198.428013,13,9.763588e-04
12186,198.441826,14,9.444626e-04
12187,198.455638,13,9.641832e-04
12188,198.469450,14,9.365836e-04
12189,198.483262,13,9.843808e-04
12190,198.497074,14,9.704165e-04
12191,198.510886,14,9.632100e-04
12192,198.524697,14,9.468090e-04
12193,198.538507,14,9.908101e-04
12194,198.552318,15,9.855153e-04
12195,198.566128,14,9.796580e-04
12196,198.579938,17,9.927113e-04
12197,198.593748,11,9.328285e-04
12198,198.607557,27,9.889271e-04
12199,198.621366,12,8.780992e-04
12200,198.635175,12,9.407332e-04
12201,198.648983,14,9.253074e-04
12202,198.662791,15,9.524535e-04
12203,198.676599,18,9.782007e-04
12204,198.690407,11,8.998794e-04
12205,198.704214,22,9.938723e-04
12206,198.718021,11,7.986654e-04
12207,198.731827,13,9.575997e-04
12208,198.745633,16,9.133882e-04
12209,198.759439,11,9.884949e-04
12210,198.773244,26,9.971819e-04
12211,198.787050,12,9.281230e-04
12212,198.800854,12,9.535794e-04
12213,198.814659,14,8.689482e-04
12214,198.828463,14,9.173966e-04
12215,198.842267,14,9.888088e-04
12216,198.856070,16,9.732464e-04
12217,198.869873,11,8.987502e-04
12218,198.883676,15,9.824674e-04
12219,198.897479,12,9.975334e-04
12220,198.911281,16,9.885956e-04
12221,198.925082,10,9.540788e-04
12222,198.938884,16,9.600687e-04
12223,198.952685,10,9.574770e-04
12224,198.966485,17,9.578839e-04
12225,198.980286,10,8.618468e-04
12226,198.994086,14,9.913364e-04
12227,199.007885,15,9.903631e-04
12228,199.021684,11,9.161105e-04
12229,199.035483,15,9.866075e-04
12230,199.049282,12,9.922000e-04
12231,199.063080,16,9.815720e-04
12232,199.076877,10,9.477664e-04
12233,199.090675,16,9.529084e-04
12234,199.104471,10,9.602140e-04
12235,199.118268,16,9.929814e-04
12236,199.132064,10,9.243391e-04
12237,199.145860,16,9.673345e-04
12238,199.159655,10,9.398519e-04
12239,199.173450,16,9.482377e-04
12240,199.187245,10,9.279821e-04
12241,199.201039,15,9.822232e-04
12242,199.214833,11,9.631265e-04
12243,199.228626,15,9.931864e-04
12244,199.242419,10,9.999314e-04
12245,199.256212,15,9.942663e-04
12246,199.270004,10,9.918718e-04
12247,199.283796,15,9.963841e-04
12248,199.297587,10,9.826735e-04
12249,199.311378,15,9.801061e-04
12250,199.325169,10,9.850505e-04
12251,199.338959,15,9.660599e-04
12252,199.352749,10,9.814116e-04
12253,199.366539,15,9.432817e-04
12254,199.380328,10,9.735814e-04
12255,199.394117,14,9.921511e-04
12256,199.407905,12,9.749127e-04
12257,199.421693,13,9.749575e-04
12258,199.435481,13,9.525030e-04
12259,199.449268,12,9.988538e-04
12260,199.463055,13,9.973500e-04
12261,199.476842,13,9.517287e-04
12262,199.490628,13,9.300607e-04
12263,199.504414,13,9.588962e-04
12264,199.518200,13,9.752270e-04
12265,199.531985,13,9.905761e-04
12266,199.545770,14,9.251394e-04
12267,199.559555,13,9.273855e-04
12268,199.573340,14,9.239501e-04
12269,199.587124,13,9.698104e-04
12270,199.600908,14,9.445512e-04
12271,199.614691,13,9.806632e-04
12272,199.628475,14,9.524569e-04
12273,199.642258,13,9.885073e-04
12274,199.656040,14,9.574305e-04
12275,199.669823,13,9.926170e-04
12276,199.683605,14,9.602076e-04
12277,199.697388,13,9.940495e-04
12278,199.711170,14,9.635367e-04
12279,199.724951,13,9.971484e-04
12280,199.738733,14,9.662535e-04
12281,199.752514,13,9.960721e-04
12282,199.766295,14,9.633522e-04
12283,199.780077,13,9.875969e-04
12284,199.793857,14,9.513282e-04
12285,199.807638,13,9.694296e-04
12286,199.821419,14,9.283181e-04
12287,199.835200,13,9.410861e-04
12288,199.848980,13,9.778065e-04
12289,199.862760,13,9.874071e-04
12290,199.876541,13,9.529960e-04
12291,199.890321,13,9.352158e-04
12292,199.904101,13,9.164636e-04
12293,199.917881,13,9.010997e-04
12294,199.931661,12,9.902270e-04
12295,199.945441,13,9.517292e-04
12296,199.959222,12,9.655170e-04
12297,199.973002,13,9.227946e-04
12298,199.986782,12,9.585425e-04
12299,200.000562,13,9.223736e-04
